timestamp,elapsed_time,ball_x,ball_y,target_x,target_y,error_x,error_y,error_magnitude,controller_rx,controller_ry,tilt_magnitude,loop_time_ms
17:48:25.599,0.009,-14.087,4.982,0.000,0.000,-14.087,4.982,14.942,0.305,0.975,1.021,
17:48:25.620,0.030,-13.781,5.367,0.000,0.000,-13.781,5.367,14.789,0.440,0.926,1.025,
17:48:25.640,0.051,-13.625,4.788,0.000,0.000,-13.625,4.788,14.442,0.276,0.925,0.965,
17:48:25.661,0.071,-13.574,5.244,0.000,0.000,-13.574,5.244,14.552,0.433,0.953,1.047,
17:48:25.681,0.091,-13.589,5.600,0.000,0.000,-13.589,5.600,14.698,0.549,0.998,1.139,
17:48:25.702,0.112,-12.878,5.853,0.000,0.000,-12.878,5.853,14.146,0.626,0.821,1.032,
17:48:25.722,0.133,-12.389,6.016,0.000,0.000,-12.389,6.016,13.772,0.671,0.721,0.984,
17:48:25.742,0.153,-12.088,6.105,0.000,0.000,-12.088,6.105,13.542,0.691,0.682,0.971,
17:48:25.762,0.173,-11.932,6.142,0.000,0.000,-11.932,6.142,13.420,0.694,0.688,0.977,
17:48:25.786,0.196,-11.879,6.143,0.000,0.000,-11.879,6.143,13.373,0.686,0.723,0.996,
17:48:25.806,0.216,-11.889,6.125,0.000,0.000,-11.889,6.125,13.374,0.673,0.772,1.025,
17:48:25.827,0.237,-11.934,6.097,0.000,0.000,-11.934,6.097,13.401,0.659,0.828,1.058,
17:48:25.846,0.257,-11.231,6.068,0.000,0.000,-11.231,6.068,12.765,0.645,0.653,0.918,
17:48:25.867,0.277,-10.736,6.041,0.000,0.000,-10.736,6.041,12.319,0.633,0.552,0.840,
17:48:25.894,0.305,-11.184,6.020,0.000,0.000,-11.184,6.020,12.701,0.624,0.738,0.967,
17:48:25.908,0.318,-10.804,6.004,0.000,0.000,-10.804,6.004,12.361,0.617,0.662,0.905,
17:48:25.928,0.338,-11.307,5.994,0.000,0.000,-11.307,5.994,12.798,0.612,0.855,1.052,
17:48:25.949,0.359,-10.942,5.988,0.000,0.000,-10.942,5.988,12.473,0.609,0.773,0.984,
17:48:25.968,0.379,-11.434,5.986,0.000,0.000,-11.434,5.986,12.906,0.608,0.953,1.130,
17:48:25.989,0.399,-11.806,5.985,0.000,0.000,-11.806,5.985,13.236,0.607,1.083,1.242,
17:48:26.010,0.421,-11.300,5.986,0.000,0.000,-11.300,5.986,12.787,0.606,0.941,1.119,
17:48:26.030,0.441,-10.903,5.109,0.000,0.000,-10.903,5.109,12.040,0.342,0.841,0.908,
17:48:26.050,0.460,-10.618,4.474,0.000,0.000,-10.618,4.474,11.522,0.168,0.781,0.799,
17:48:26.070,0.481,-10.434,4.936,0.000,0.000,-10.434,4.936,11.543,0.335,0.754,0.825,
17:48:26.091,0.501,-10.330,5.335,0.000,0.000,-10.330,5.335,11.627,0.471,0.751,0.887,
17:48:26.112,0.522,-11.046,5.647,0.000,0.000,-11.046,5.647,12.406,0.570,0.994,1.146,
17:48:26.132,0.542,-10.831,5.868,0.000,0.000,-10.831,5.868,12.318,0.636,0.941,1.136,
17:48:26.152,0.562,-11.418,5.132,0.000,0.000,-11.418,5.132,12.518,0.410,1.131,1.203,
17:48:26.173,0.583,-11.842,4.573,0.000,0.000,-11.842,4.573,12.694,0.253,1.259,1.285,
17:48:26.193,0.603,-12.118,5.065,0.000,0.000,-12.118,5.065,13.134,0.421,1.335,1.400,
17:48:26.214,0.624,-12.275,5.464,0.000,0.000,-12.275,5.464,13.436,0.549,1.369,1.475,
17:48:26.235,0.645,-12.343,4.879,0.000,0.000,-12.343,4.879,13.272,0.374,1.376,1.425,
17:48:26.255,0.665,-12.352,5.318,0.000,0.000,-12.352,5.318,13.448,0.517,1.364,1.459,
17:48:26.275,0.685,-12.326,5.653,0.000,0.000,-12.326,5.653,13.560,0.619,1.343,1.479,
17:48:26.295,0.706,-12.283,5.886,0.000,0.000,-12.283,5.886,13.621,0.683,1.320,1.486,
17:48:26.316,0.726,-12.237,6.032,0.000,0.000,-12.237,6.032,13.643,0.718,1.297,1.482,
17:48:26.337,0.747,-12.194,6.109,0.000,0.000,-12.194,6.109,13.639,0.729,1.276,1.470,
17:48:26.356,0.767,-12.159,7.015,0.000,0.000,-12.159,7.015,14.038,0.989,1.260,1.602,
17:48:26.378,0.788,-12.134,6.770,0.000,0.000,-12.134,6.770,13.895,0.887,1.248,1.531,
17:48:26.399,0.809,-12.117,7.409,0.000,0.000,-12.117,7.409,14.202,1.058,1.240,1.629,
17:48:26.419,0.829,-12.868,8.719,0.000,0.000,-12.868,8.719,15.543,1.419,1.462,2.037,
17:48:26.440,0.850,-12.877,9.175,0.000,0.000,-12.877,9.175,15.811,1.501,1.447,2.085,
17:48:26.460,0.870,-13.558,8.774,0.000,0.000,-13.558,8.774,16.150,1.322,1.636,2.103,
17:48:26.480,0.891,-13.871,7.557,0.000,0.000,-13.871,7.557,15.796,0.913,1.702,1.931,
17:48:26.501,0.911,-14.022,7.684,0.000,0.000,-14.022,7.684,15.989,0.935,1.716,1.954,
17:48:26.522,0.932,-14.078,7.779,0.000,0.000,-14.078,7.779,16.084,0.947,1.701,1.947,
17:48:26.542,0.952,-14.075,7.852,0.000,0.000,-14.075,7.852,16.117,0.952,1.671,1.923,
17:48:26.562,0.973,-14.801,7.907,0.000,0.000,-14.801,7.907,16.780,0.952,1.862,2.091,
17:48:26.583,0.994,-15.305,7.946,0.000,0.000,-15.305,7.946,17.245,0.947,1.975,2.191,
17:48:26.604,1.014,-15.618,7.970,0.000,0.000,-15.618,7.970,17.534,0.939,2.025,2.232,
17:48:26.625,1.035,-15.783,7.984,0.000,0.000,-15.783,7.984,17.687,0.929,2.028,2.231,
17:48:26.646,1.056,-15.842,7.990,0.000,0.000,-15.842,7.990,17.743,0.918,2.001,2.201,
17:48:26.666,1.077,-15.834,7.991,0.000,0.000,-15.834,7.991,17.737,0.907,1.957,2.156,
17:48:26.687,1.098,-15.790,7.990,0.000,0.000,-15.790,7.990,17.696,0.895,1.906,2.106,
17:48:26.708,1.118,-15.731,7.987,0.000,0.000,-15.731,7.987,17.643,0.885,1.856,2.056,
17:48:26.728,1.138,-15.672,7.984,0.000,0.000,-15.672,7.984,17.589,0.875,1.810,2.010,
17:48:26.748,1.159,-15.622,7.982,0.000,0.000,-15.622,7.982,17.543,0.867,1.770,1.971,
17:48:26.768,1.179,-15.583,7.981,0.000,0.000,-15.583,7.981,17.508,0.860,1.738,1.939,
17:48:26.789,1.199,-15.556,7.102,0.000,0.000,-15.556,7.102,17.100,0.590,1.712,1.811,
17:48:26.809,1.220,-15.540,7.343,0.000,0.000,-15.540,7.343,17.187,0.674,1.691,1.821,
17:48:26.830,1.240,-15.533,7.563,0.000,0.000,-15.533,7.563,17.276,0.746,1.675,1.834,
17:48:26.850,1.261,-15.532,7.742,0.000,0.000,-15.532,7.742,17.354,0.801,1.663,1.846,
17:48:26.872,1.282,-15.535,7.876,0.000,0.000,-15.535,7.876,17.417,0.838,1.653,1.853,
17:48:26.891,1.302,-15.540,7.966,0.000,0.000,-15.540,7.966,17.463,0.860,1.645,1.856,
17:48:26.912,1.322,-15.546,7.141,0.000,0.000,-15.546,7.141,17.108,0.607,1.637,1.746,
17:48:26.932,1.343,-15.552,6.530,0.000,0.000,-15.552,6.530,16.868,0.434,1.631,1.688,
17:48:26.953,1.363,-15.558,6.119,0.000,0.000,-15.558,6.119,16.718,0.333,1.625,1.659,
17:48:26.973,1.383,-15.563,6.754,0.000,0.000,-15.563,6.754,16.965,0.551,1.620,1.711,
17:48:26.993,1.404,-15.566,6.394,0.000,0.000,-15.566,6.394,16.829,0.455,1.614,1.677,
17:48:27.014,1.424,-15.569,6.144,0.000,0.000,-15.569,6.144,16.738,0.399,1.609,1.658,
17:48:27.034,1.445,-15.572,6.866,0.000,0.000,-15.572,6.866,17.018,0.637,1.605,1.727,
17:48:27.055,1.465,-14.812,7.420,0.000,0.000,-14.812,7.420,16.567,0.808,1.372,1.593,
17:48:27.078,1.488,-15.023,6.929,0.000,0.000,-15.023,6.929,16.543,0.654,1.446,1.587,
17:48:27.099,1.509,-15.213,5.655,0.000,0.000,-15.213,5.655,16.230,0.276,1.509,1.534,
17:48:27.119,1.530,-15.369,5.607,0.000,0.000,-15.369,5.607,16.359,0.290,1.557,1.584,
17:48:27.139,1.550,-14.722,4.754,0.000,0.000,-14.722,4.754,15.471,0.062,1.361,1.362,
17:48:27.160,1.570,-15.009,5.061,0.000,0.000,-15.009,5.061,15.840,0.195,1.458,1.471,
17:48:27.181,1.591,-15.245,6.238,0.000,0.000,-15.245,6.238,16.472,0.579,1.533,1.639,
17:48:27.201,1.611,-14.661,6.252,0.000,0.000,-14.661,6.252,15.938,0.588,1.357,1.479,
17:48:27.222,1.632,-14.229,7.108,0.000,0.000,-14.229,7.108,15.906,0.849,1.239,1.501,
17:48:27.241,1.652,-13.940,5.948,0.000,0.000,-13.940,5.948,15.156,0.487,1.170,1.267,
17:48:27.263,1.673,-13.768,5.047,0.000,0.000,-13.768,5.047,14.664,0.227,1.141,1.163,
17:48:27.282,1.693,-13.686,5.286,0.000,0.000,-13.686,5.286,14.671,0.327,1.140,1.186,
17:48:27.303,1.713,-13.665,4.636,0.000,0.000,-13.665,4.636,14.430,0.152,1.156,1.166,
17:48:27.324,1.734,-13.681,4.193,0.000,0.000,-13.681,4.193,14.309,0.050,1.182,1.183,
17:48:27.344,1.754,-13.716,4.802,0.000,0.000,-13.716,4.802,14.532,0.270,1.211,1.241,
17:48:27.364,1.775,-13.757,4.425,0.000,0.000,-13.757,4.425,14.451,0.178,1.240,1.252,
17:48:27.385,1.795,-13.796,4.162,0.000,0.000,-13.796,4.162,14.410,0.125,1.265,1.271,
17:48:27.411,1.821,-13.828,4.878,0.000,0.000,-13.828,4.878,14.663,0.369,1.286,1.338,
17:48:27.426,1.837,-13.852,5.428,0.000,0.000,-13.852,5.428,14.878,0.546,1.303,1.413,
17:48:27.447,1.857,-13.869,5.815,0.000,0.000,-13.869,5.815,15.038,0.662,1.316,1.473,
17:48:27.467,1.877,-13.117,5.178,0.000,0.000,-13.117,5.178,14.102,0.463,1.098,1.191,
17:48:27.487,1.897,-12.569,4.670,0.000,0.000,-12.569,4.670,13.408,0.316,0.955,1.006,
17:48:27.508,1.918,-12.206,5.179,0.000,0.000,-12.206,5.179,13.260,0.484,0.876,1.001,
17:48:27.528,1.938,-11.996,6.451,0.000,0.000,-11.996,6.451,13.621,0.869,0.848,1.214,
17:48:27.548,1.959,-12.661,6.486,0.000,0.000,-12.661,6.486,14.226,0.857,1.082,1.380,
17:48:27.568,1.979,-13.193,5.563,0.000,0.000,-13.193,5.563,14.318,0.559,1.260,1.379,
17:48:27.589,1.999,-13.581,5.721,0.000,0.000,-13.581,5.721,14.737,0.606,1.383,1.510,
17:48:27.609,2.019,-13.837,4.965,0.000,0.000,-13.837,4.965,14.701,0.376,1.457,1.505,
17:48:27.632,2.042,-13.985,5.295,0.000,0.000,-13.985,5.295,14.954,0.487,1.494,1.571,
17:48:27.650,2.060,-14.052,5.571,0.000,0.000,-14.052,5.571,15.116,0.574,1.504,1.610,
17:48:27.670,2.081,-14.064,5.781,0.000,0.000,-14.064,5.781,15.205,0.635,1.498,1.627,
17:48:27.691,2.101,-14.804,5.048,0.000,0.000,-14.804,5.048,15.641,0.410,1.711,1.759,
17:48:27.711,2.121,-15.319,4.501,0.000,0.000,-15.319,4.501,15.967,0.255,1.843,1.860,
17:48:27.732,2.143,-15.640,5.009,0.000,0.000,-15.640,5.009,16.423,0.427,1.908,1.955,
17:48:27.753,2.163,-15.810,5.423,0.000,0.000,-15.810,5.423,16.714,0.559,1.924,2.004,
17:48:27.774,2.184,-15.872,5.731,0.000,0.000,-15.872,5.731,16.874,0.649,1.908,2.016,
17:48:27.794,2.204,-15.864,5.060,0.000,0.000,-15.864,5.060,16.651,0.440,1.874,1.925,
17:48:27.815,2.225,-15.057,4.546,0.000,0.000,-15.057,4.546,15.729,0.293,1.603,1.630,
17:48:27.835,2.245,-15.205,5.067,0.000,0.000,-15.205,5.067,16.027,0.465,1.638,1.703,
17:48:27.856,2.266,-15.334,5.481,0.000,0.000,-15.334,5.481,16.284,0.594,1.665,1.767,
17:48:27.876,2.286,-15.435,5.780,0.000,0.000,-15.435,5.780,16.482,0.679,1.682,1.814,
17:48:27.896,2.307,-15.508,5.977,0.000,0.000,-15.508,5.977,16.619,0.728,1.690,1.840,
17:48:27.917,2.327,-15.555,6.089,0.000,0.000,-15.555,6.089,16.705,0.748,1.690,1.849,
17:48:27.937,2.347,-15.583,6.139,0.000,0.000,-15.583,6.139,16.749,0.750,1.685,1.844,
17:48:27.957,2.368,-15.596,5.268,0.000,0.000,-15.596,5.268,16.462,0.475,1.676,1.742,
17:48:27.977,2.388,-15.599,5.493,0.000,0.000,-15.599,5.493,16.538,0.547,1.666,1.753,
17:48:27.998,2.409,-15.596,4.805,0.000,0.000,-15.596,4.805,16.320,0.341,1.654,1.689,
17:48:28.018,2.429,-15.591,5.193,0.000,0.000,-15.591,5.193,16.433,0.471,1.643,1.709,
17:48:28.039,2.449,-15.585,5.515,0.000,0.000,-15.585,5.515,16.532,0.573,1.633,1.731,
17:48:28.058,2.469,-15.580,4.880,0.000,0.000,-15.580,4.880,16.326,0.380,1.624,1.668,
17:48:28.079,2.490,-15.576,4.410,0.000,0.000,-15.576,4.410,16.188,0.250,1.616,1.635,
17:48:28.100,2.510,-15.573,4.094,0.000,0.000,-15.573,4.094,16.102,0.174,1.609,1.619,
17:48:28.120,2.531,-14.810,4.785,0.000,0.000,-14.810,4.785,15.564,0.405,1.375,1.434,
17:48:28.141,2.551,-15.019,5.332,0.000,0.000,-15.019,5.332,15.937,0.577,1.449,1.559,
17:48:28.162,2.572,-14.691,5.433,0.000,0.000,-14.691,5.433,15.663,0.602,1.356,1.483,
17:48:28.182,2.592,-14.204,5.851,0.000,0.000,-14.204,5.851,15.362,0.722,1.221,1.418,
17:48:28.202,2.613,-13.925,5.063,0.000,0.000,-13.925,5.063,14.817,0.472,1.157,1.250,
17:48:28.223,2.633,-13.756,4.551,0.000,0.000,-13.756,4.551,14.490,0.322,1.130,1.175,
17:48:28.243,2.653,-13.669,4.207,0.000,0.000,-13.669,4.207,14.302,0.232,1.128,1.152,
17:48:28.263,2.673,-13.644,4.870,0.000,0.000,-13.644,4.870,14.487,0.450,1.145,1.230,
17:48:28.284,2.694,-13.659,5.387,0.000,0.000,-13.659,5.387,14.683,0.609,1.171,1.320,
17:48:28.305,2.715,-13.698,5.758,0.000,0.000,-13.698,5.758,14.859,0.713,1.202,1.398,
17:48:28.325,2.735,-13.743,5.116,0.000,0.000,-13.743,5.116,14.665,0.507,1.233,1.333,
17:48:28.345,2.756,-13.787,5.492,0.000,0.000,-13.787,5.492,14.841,0.620,1.260,1.404,
17:48:28.366,2.776,-13.823,5.768,0.000,0.000,-13.823,5.768,14.978,0.695,1.283,1.459,
17:48:28.387,2.797,-13.851,5.071,0.000,0.000,-13.851,5.071,14.750,0.475,1.301,1.385,
17:48:28.407,2.818,-13.869,6.300,0.000,0.000,-13.869,6.300,15.233,0.847,1.315,1.564,
17:48:28.428,2.838,-13.879,6.328,0.000,0.000,-13.879,6.328,15.254,0.833,1.325,1.565,
17:48:28.448,2.858,-13.884,6.299,0.000,0.000,-13.884,6.299,15.246,0.805,1.333,1.557,
17:48:28.468,2.879,-13.884,6.242,0.000,0.000,-13.884,6.242,15.223,0.770,1.338,1.544,
17:48:28.489,2.899,-13.882,6.175,0.000,0.000,-13.882,6.175,15.193,0.735,1.343,1.531,
17:48:28.509,2.919,-13.879,6.112,0.000,0.000,-13.879,6.112,15.165,0.705,1.346,1.520,
17:48:28.529,2.940,-13.875,6.938,0.000,0.000,-13.875,6.938,15.513,0.943,1.349,1.646,
17:48:28.550,2.960,-13.871,7.536,0.000,0.000,-13.871,7.536,15.786,1.098,1.352,1.741,
17:48:28.570,2.980,-13.867,7.048,0.000,0.000,-13.867,7.048,15.556,0.917,1.354,1.636,
17:48:28.590,3.000,-13.865,5.756,0.000,0.000,-13.865,5.756,15.012,0.508,1.357,1.449,
17:48:28.611,3.021,-13.862,5.679,0.000,0.000,-13.862,5.679,14.981,0.492,1.359,1.445,
17:48:28.631,3.041,-13.861,5.675,0.000,0.000,-13.861,5.675,14.978,0.498,1.361,1.450,
17:48:28.651,3.062,-13.860,5.713,0.000,0.000,-13.860,5.713,14.991,0.517,1.363,1.458,
17:48:28.672,3.082,-13.859,5.771,0.000,0.000,-13.859,5.771,15.013,0.539,1.365,1.468,
17:48:28.693,3.103,-13.858,5.833,0.000,0.000,-13.858,5.833,15.036,0.562,1.367,1.478,
17:48:28.713,3.123,-13.858,5.889,0.000,0.000,-13.858,5.889,15.057,0.581,1.369,1.487,
17:48:28.733,3.143,-13.858,5.935,0.000,0.000,-13.858,5.935,15.075,0.595,1.371,1.494,
17:48:28.754,3.164,-13.857,5.090,0.000,0.000,-13.857,5.090,14.762,0.341,1.372,1.414,
17:48:28.775,3.185,-13.857,4.475,0.000,0.000,-13.857,4.475,14.562,0.174,1.373,1.384,
17:48:28.795,3.205,-13.857,4.070,0.000,0.000,-13.857,4.070,14.442,0.080,1.375,1.377,
17:48:28.815,3.226,-13.857,3.836,0.000,0.000,-13.857,3.836,14.378,0.042,1.376,1.376,
17:48:28.836,3.247,-14.618,3.730,0.000,0.000,-14.618,3.730,15.086,0.045,1.605,1.606,
17:48:28.857,3.267,-15.170,3.710,0.000,0.000,-15.170,3.710,15.617,0.071,1.756,1.758,
17:48:28.877,3.287,-15.532,3.741,0.000,0.000,-15.532,3.741,15.976,0.111,1.841,1.844,
17:48:28.898,3.309,-15.740,3.797,0.000,0.000,-15.740,3.797,16.191,0.154,1.875,1.881,
17:48:28.919,3.329,-15.833,3.859,0.000,0.000,-15.833,3.859,16.297,0.195,1.872,1.883,
17:48:28.940,3.350,-15.849,3.917,0.000,0.000,-15.849,3.917,16.326,0.231,1.848,1.863,
17:48:28.960,3.371,-15.820,3.964,0.000,0.000,-15.820,3.964,16.309,0.262,1.813,1.832,
17:48:28.981,3.391,-15.769,3.999,0.000,0.000,-15.769,3.999,16.268,0.286,1.775,1.798,
17:48:29.001,3.411,-15.712,4.022,0.000,0.000,-15.712,4.022,16.218,0.304,1.738,1.764,
17:48:29.023,3.433,-15.483,4.003,0.000,0.000,-15.483,4.003,15.992,0.308,1.652,1.681,
17:48:29.044,3.454,-15.582,4.031,0.000,0.000,-15.582,4.031,16.095,0.326,1.672,1.703,
17:48:29.066,3.476,-15.594,3.051,49.996,-0.628,-65.590,3.679,65.693,0.840,14.976,15.000,
17:48:29.086,3.496,-15.581,3.358,49.984,-1.257,-65.566,4.614,65.728,1.068,14.962,15.000,
17:48:29.106,3.517,-15.256,3.579,49.964,-1.885,-65.220,5.463,65.449,1.296,14.944,15.000,
17:48:29.128,3.538,-14.792,3.735,49.937,-2.512,-64.729,6.247,65.029,1.525,14.922,15.000,
17:48:29.148,3.559,-14.308,4.712,49.901,-3.140,-64.209,7.852,64.687,2.004,14.776,14.911,
17:48:29.169,3.579,-13.111,5.400,49.858,-3.766,-62.969,9.166,63.633,2.276,13.568,13.758,
17:48:29.189,3.600,-12.209,5.830,49.807,-4.393,-62.016,10.222,62.852,2.457,12.555,12.793,
17:48:29.210,3.620,-11.608,5.174,49.748,-5.018,-61.356,10.192,62.197,2.305,11.722,11.946,
17:48:29.230,3.640,-10.511,5.494,49.681,-5.643,-60.191,11.137,61.213,2.459,10.814,11.090,
17:48:29.250,3.661,-8.308,5.696,49.606,-6.267,-57.914,11.962,59.136,2.573,9.651,9.988,
17:48:29.271,3.681,-5.341,5.803,49.523,-6.890,-54.864,12.692,56.313,2.654,8.350,8.762,
17:48:29.291,3.701,-2.661,5.840,49.433,-7.511,-52.094,13.352,53.778,2.713,7.233,7.725,
17:48:29.311,3.722,0.478,4.953,49.334,-8.132,-48.857,13.085,50.579,2.496,6.059,6.553,
17:48:29.332,3.742,4.660,4.282,49.228,-8.751,-44.569,13.033,46.435,2.361,4.655,5.220,
17:48:29.354,3.764,8.779,2.938,49.114,-9.369,-40.336,12.307,42.171,2.038,3.366,3.934,
17:48:29.375,3.785,12.759,2.012,48.993,-9.985,-36.234,11.997,38.168,1.864,2.202,2.885,
17:48:29.395,3.805,16.578,1.440,48.863,-10.600,-32.286,12.041,34.458,1.811,1.160,2.150,
17:48:29.416,3.826,20.243,1.143,48.726,-11.214,-28.484,12.356,31.048,1.845,0.226,1.858,
17:48:29.436,3.846,26.064,0.158,48.582,-11.825,-22.518,11.983,25.508,1.672,-1.302,2.119,
17:48:29.460,3.870,31.163,-1.342,48.429,-12.434,-17.266,11.092,20.522,1.357,-2.522,2.864,
17:48:29.478,3.888,36.391,-2.318,48.269,-13.042,-11.878,10.725,16.003,1.222,-3.713,3.909,
17:48:29.498,3.908,40.911,-3.750,48.101,-13.648,-7.190,9.898,12.234,0.959,-4.629,4.728,
17:48:29.519,3.929,46.405,-4.632,47.926,-14.251,-1.521,9.619,9.738,0.878,-5.795,5.862,
17:48:29.539,3.949,53.380,-6.848,47.743,-14.852,5.637,8.004,9.790,0.402,-7.348,7.359,
17:48:29.559,3.970,59.106,-8.284,47.553,-15.451,11.553,7.167,13.595,0.191,-8.444,8.447,
17:48:29.579,3.990,65.347,-9.095,47.355,-16.047,17.992,6.952,19.288,0.179,-9.647,9.649,
17:48:29.599,4.010,69.669,-10.328,47.150,-16.641,22.520,6.313,23.388,0.039,-10.221,10.221,
17:48:29.620,4.030,73.330,-11.017,46.937,-17.232,26.393,6.215,27.115,0.069,-10.586,10.586,
17:48:29.640,4.051,76.586,-12.192,46.716,-17.821,29.869,5.629,30.395,-0.052,-10.834,10.834,
17:48:29.661,4.071,78.874,-12.866,46.489,-18.406,32.385,5.541,32.856,-0.017,-10.804,10.804,
17:48:29.681,4.091,82.067,-13.173,46.254,-18.989,35.813,5.816,36.282,0.123,-11.076,11.077,
17:48:29.701,4.112,84.501,-14.993,46.012,-19.569,38.490,4.576,38.761,-0.203,-11.130,11.131,
17:48:29.722,4.132,85.658,-15.308,45.762,-20.145,39.896,4.837,40.188,-0.059,-10.823,10.824,
17:48:29.742,4.152,86.711,-16.239,45.505,-20.719,41.206,4.480,41.448,-0.112,-10.533,10.533,
17:48:29.763,4.173,87.796,-17.653,45.241,-21.289,42.555,3.635,42.710,-0.309,-10.296,10.301,
17:48:29.784,4.194,88.226,-18.538,44.970,-21.856,43.256,3.318,43.383,-0.337,-9.902,9.908,
17:48:29.805,4.215,88.237,-19.890,44.692,-22.419,43.545,2.529,43.619,-0.507,-9.432,9.445,
17:48:29.825,4.235,88.019,-20.710,44.407,-22.979,43.612,2.269,43.671,-0.509,-8.944,8.958,
17:48:29.846,4.256,86.945,-22.884,44.115,-23.535,42.830,0.652,42.835,-0.921,-8.251,8.302,
17:48:29.865,4.276,85.314,-23.417,43.815,-24.088,41.499,0.671,41.504,-0.816,-7.455,7.499,
17:48:29.886,4.296,83.366,-24.459,43.509,-24.636,39.857,0.177,39.857,-0.876,-6.632,6.690,
17:48:29.906,4.316,81.278,-25.034,43.196,-25.181,38.082,0.148,38.083,-0.795,-5.835,5.889,
17:48:29.926,4.336,79.168,-26.151,42.876,-25.722,36.292,-0.429,36.295,-0.887,-5.095,5.172,
17:48:29.947,4.357,76.344,-26.809,42.550,-26.259,33.794,-0.550,33.799,-0.839,-4.199,4.282,
17:48:29.967,4.378,73.046,-28.005,42.216,-26.791,30.830,-1.214,30.854,-0.960,-3.228,3.368,
17:48:29.987,4.397,70.234,-29.608,41.876,-27.320,28.358,-2.288,28.450,-1.198,-2.472,2.747,
17:48:30.008,4.418,67.084,-29.733,41.530,-27.844,25.554,-1.890,25.624,-0.982,-1.667,1.935,
17:48:30.028,4.438,62.952,-30.514,41.177,-28.363,21.775,-2.150,21.881,-0.981,-0.622,1.162,
17:48:30.048,4.459,58.904,-31.821,40.817,-28.879,18.087,-2.943,18.324,-1.142,0.329,1.188,
17:48:30.069,4.479,55.750,-31.757,40.451,-29.389,15.299,-2.368,15.481,-0.885,0.951,1.299,
17:48:30.090,4.500,51.769,-31.554,40.078,-29.895,11.691,-1.659,11.808,-0.607,1.786,1.886,
17:48:30.111,4.521,46.416,-31.302,39.700,-30.397,6.716,-0.906,6.777,-0.337,2.983,3.002,
17:48:30.132,4.542,42.381,-31.058,39.314,-30.893,3.067,-0.165,3.071,-0.090,3.712,3.713,
17:48:30.151,4.562,38.633,-31.734,38.923,-31.385,-0.290,-0.349,0.454,-0.138,4.317,4.319,
17:48:30.172,4.583,35.090,-31.341,38.526,-31.871,-3.435,0.530,3.476,0.136,4.832,4.834,
17:48:30.193,4.603,31.680,-31.024,38.122,-32.353,-6.442,1.328,6.577,0.367,5.285,5.298,
17:48:30.213,4.623,27.582,-29.915,37.713,-32.829,-10.131,2.914,10.541,0.819,5.928,5.984,
17:48:30.233,4.644,23.721,-30.008,37.297,-33.301,-13.576,3.292,13.969,0.880,6.470,6.529,
17:48:30.254,4.664,20.051,-30.148,36.876,-33.767,-16.825,3.619,17.210,0.923,6.933,6.994,
17:48:30.274,4.684,16.517,-29.420,36.448,-34.227,-19.932,4.807,20.503,1.223,7.340,7.441,
17:48:30.295,4.705,13.072,-29.802,36.015,-34.683,-22.944,4.881,23.457,1.171,7.709,7.798,
17:48:30.315,4.725,9.677,-30.139,35.577,-35.132,-25.900,4.993,26.377,1.137,8.055,8.134,
17:48:30.338,4.748,7.064,-30.411,35.132,-35.577,-28.069,5.166,28.540,1.125,8.159,8.236,
17:48:30.359,4.769,2.720,-29.733,34.683,-36.015,-31.963,6.283,32.574,1.399,8.792,8.902,
17:48:30.380,4.790,-0.644,-29.231,34.227,-36.448,-34.871,7.217,35.610,1.602,9.105,9.245,
17:48:30.400,4.810,-2.485,-28.897,33.767,-36.876,-36.252,7.979,37.120,1.743,8.957,9.125,
17:48:30.420,4.830,-3.996,-28.701,33.301,-37.297,-37.296,8.596,38.274,1.833,8.737,8.928,
17:48:30.441,4.851,-5.352,-28.612,32.829,-37.713,-38.181,9.101,39.251,1.887,8.502,8.709,
17:48:30.462,4.872,-6.674,-30.353,32.353,-38.122,-39.027,7.770,39.793,1.390,8.287,8.403,
17:48:30.483,4.893,-7.274,-29.019,31.871,-38.526,-39.145,9.507,40.283,1.850,7.884,8.098,
17:48:30.503,4.913,-8.157,-28.873,31.385,-38.923,-39.542,10.051,40.799,1.923,7.606,7.846,
17:48:30.524,4.934,-8.555,-28.793,30.893,-39.314,-39.448,10.521,40.827,1.973,7.213,7.478,
17:48:30.543,4.954,-7.875,-27.884,30.397,-39.700,-38.272,11.816,40.054,2.269,6.533,6.916,
17:48:30.564,4.975,-7.223,-27.248,29.895,-40.078,-37.119,12.830,39.273,2.465,5.917,6.409,
17:48:30.585,4.996,-6.681,-26.851,29.389,-40.451,-36.070,13.600,38.549,2.577,5.382,5.967,
17:48:30.606,5.016,-6.279,-27.520,28.879,-40.817,-35.158,13.297,37.588,2.365,4.931,5.468,
17:48:30.625,5.035,-5.257,-28.961,28.363,-41.177,-33.620,12.216,35.771,1.937,4.328,4.741,
17:48:30.646,5.056,-4.565,-29.148,27.844,-41.530,-32.408,12.382,34.693,1.915,3.868,4.316,
17:48:30.666,5.077,-3.395,-29.228,27.320,-41.876,-30.715,12.649,33.218,1.928,3.297,3.819,
17:48:30.686,5.096,-1.895,-29.236,26.791,-42.216,-28.686,12.980,31.486,1.961,2.666,3.309,
17:48:30.707,5.117,-0.949,-30.082,26.259,-42.550,-27.207,12.468,29.928,1.741,2.242,2.839,
17:48:30.727,5.137,1.078,-30.668,25.722,-42.876,-24.644,12.209,27.503,1.614,1.521,2.218,
17:48:30.747,5.158,2.364,-31.910,25.181,-43.196,-22.817,11.286,25.456,1.298,1.067,1.680,
17:48:30.768,5.178,3.822,-32.738,24.636,-43.509,-20.814,10.772,23.436,1.126,0.588,1.271,
17:48:30.787,5.198,5.403,-33.224,24.088,-43.815,-18.685,10.591,21.477,1.067,0.098,1.072,
17:48:30.808,5.218,7.065,-34.334,23.535,-44.115,-16.470,9.780,19.155,0.823,-0.389,0.910,
17:48:30.828,5.239,8.774,-35.029,22.979,-44.407,-14.205,9.378,17.022,0.718,-0.865,1.124,
17:48:30.848,5.259,10.505,-35.398,22.419,-44.692,-11.914,9.294,15.111,0.715,-1.323,1.504,
17:48:30.871,5.281,12.241,-36.416,21.856,-44.970,-9.615,8.554,12.869,0.514,-1.762,1.835,
17:48:30.890,5.300,13.974,-37.044,21.289,-45.241,-7.315,8.197,10.987,0.441,-2.179,2.224,
17:48:30.910,5.320,15.697,-38.251,20.719,-45.505,-5.021,7.254,8.823,0.196,-2.576,2.584,
17:48:30.930,5.341,16.650,-39.005,20.145,-45.762,-3.495,6.758,7.608,0.100,-2.726,2.728,
17:48:30.951,5.361,17.803,-40.284,19.569,-46.012,-1.765,5.727,5.993,-0.151,-2.938,2.942,
17:48:30.971,5.382,18.378,-41.951,18.989,-46.254,-0.611,4.303,4.346,-0.506,-2.973,3.016,
17:48:30.991,5.402,19.313,-42.997,18.406,-46.489,0.906,3.492,3.607,-0.656,-3.125,3.193,
17:48:31.012,5.422,20.549,-42.679,17.821,-46.716,2.729,4.037,4.873,-0.392,-3.368,3.391,
17:48:31.033,5.443,21.256,-43.135,17.232,-46.937,4.023,3.802,5.535,-0.383,-3.447,3.468,
17:48:31.053,5.463,21.571,-43.347,16.641,-47.150,4.930,3.803,6.226,-0.306,-3.414,3.428,
17:48:31.073,5.483,21.625,-45.152,16.047,-47.355,5.577,2.203,5.997,-0.717,-3.316,3.393,
17:48:31.096,5.507,21.524,-46.377,15.451,-47.553,6.073,1.176,6.186,-0.932,-3.189,3.322,
17:48:31.117,5.527,22.110,-47.117,14.852,-47.743,7.258,0.626,7.285,-0.992,-3.287,3.433,
17:48:31.138,5.548,22.470,-47.489,14.251,-47.926,8.219,0.437,8.231,-0.943,-3.319,3.450,
17:48:31.158,5.568,21.894,-47.606,13.648,-48.101,8.246,0.496,8.261,-0.827,-3.077,3.186,
17:48:31.178,5.588,21.405,-47.565,13.042,-48.269,8.363,0.705,8.393,-0.677,-2.887,2.965,
17:48:31.199,5.609,21.030,-48.320,12.434,-48.429,8.595,0.109,8.596,-0.780,-2.752,2.860,
17:48:31.220,5.630,20.768,-48.805,11.825,-48.582,8.943,-0.224,8.945,-0.801,-2.667,2.784,
17:48:31.240,5.650,19.843,-49.077,11.214,-48.726,8.629,-0.351,8.637,-0.761,-2.395,2.514,
17:48:31.260,5.671,18.444,-49.195,10.600,-48.863,7.843,-0.331,7.850,-0.683,-2.006,2.119,
17:48:31.281,5.691,17.498,-49.212,9.985,-48.993,7.513,-0.219,7.516,-0.584,-1.785,1.878,
17:48:31.304,5.714,16.933,-50.050,9.369,-49.114,7.564,-0.936,7.621,-0.743,-1.697,1.852,
17:48:31.325,5.735,15.894,-49.742,8.751,-49.228,7.143,-0.514,7.161,-0.552,-1.477,1.576,
17:48:31.345,5.755,14.502,-49.453,8.132,-49.334,6.370,-0.119,6.371,-0.383,-1.169,1.230,
17:48:31.366,5.776,12.870,-50.091,7.511,-49.433,5.358,-0.659,5.399,-0.508,-0.812,0.958,
17:48:31.386,5.797,11.853,-49.670,6.890,-49.523,4.964,-0.147,4.966,-0.310,-0.666,0.735,
17:48:31.407,5.817,9.794,-49.330,6.267,-49.606,3.527,0.276,3.538,-0.154,-0.218,0.267,
17:48:31.427,5.837,8.492,-49.081,5.643,-49.681,2.850,0.600,2.912,-0.038,-0.028,0.048,
17:48:31.447,5.857,7.025,-48.917,5.018,-49.748,2.007,0.831,2.173,0.041,0.199,0.203,
17:48:31.468,5.878,5.434,-48.823,4.393,-49.807,1.041,0.983,1.432,0.091,0.449,0.458,
17:48:31.488,5.898,3.755,-47.904,3.766,-49.858,-0.011,1.954,1.954,0.383,0.709,0.806,
17:48:31.508,5.918,2.023,-48.141,3.140,-49.901,-1.117,1.760,2.084,0.306,0.970,1.017,
17:48:31.529,5.939,0.262,-47.499,2.512,-49.937,-2.250,2.438,3.317,0.496,1.224,1.321,
17:48:31.550,5.960,-1.509,-47.068,1.885,-49.964,-3.393,2.897,4.462,0.609,1.467,1.588,
17:48:31.570,5.980,-3.280,-46.812,1.257,-49.984,-4.536,3.172,5.535,0.659,1.697,1.821,
17:48:31.590,6.000,-5.805,-46.690,0.628,-49.996,-6.434,3.306,7.233,0.665,2.142,2.243,
17:48:31.611,6.021,-7.352,-45.780,0.000,-50.000,-7.352,4.220,8.477,0.906,2.268,2.442,
17:48:31.631,6.041,-8.908,-46.046,-0.628,-49.996,-8.280,3.950,9.174,0.777,2.393,2.516,
17:48:31.651,6.062,-10.493,-45.439,-1.257,-49.984,-9.236,4.545,10.294,0.917,2.523,2.685,
17:48:31.673,6.083,-12.873,-45.042,-1.885,-49.964,-10.988,4.923,12.041,0.984,2.889,3.052,
17:48:31.693,6.103,-14.317,-43.935,-2.512,-49.937,-11.804,6.002,13.243,1.259,2.955,3.212,
17:48:31.713,6.123,-15.809,-43.195,-3.140,-49.901,-12.670,6.707,14.335,1.404,3.037,3.346,
17:48:31.735,6.145,-17.360,-42.757,-3.766,-49.858,-13.594,7.101,15.337,1.449,3.137,3.456,
17:48:31.755,6.166,-18.968,-42.547,-4.393,-49.807,-14.576,7.260,16.284,1.423,3.254,3.551,
17:48:31.776,6.186,-20.625,-42.492,-5.018,-49.748,-15.607,7.255,17.211,1.352,3.384,3.644,
17:48:31.796,6.206,-22.320,-42.532,-5.643,-49.681,-16.677,7.149,18.145,1.257,3.522,3.740,
17:48:31.816,6.226,-23.280,-42.619,-6.267,-49.606,-17.014,6.987,18.392,1.154,3.438,3.627,
17:48:31.836,6.246,-24.467,-42.720,-6.890,-49.523,-17.578,6.803,18.848,1.054,3.433,3.592,
17:48:31.857,6.267,-25.853,-42.815,-7.511,-49.433,-18.342,6.618,19.499,0.961,3.495,3.625,
17:48:31.878,6.288,-27.398,-42.014,-8.132,-49.334,-19.266,7.321,20.610,1.142,3.606,3.783,
17:48:31.898,6.308,-29.058,-41.433,-8.751,-49.228,-20.307,7.795,21.752,1.243,3.751,3.951,
17:48:31.918,6.328,-30.032,-41.050,-9.369,-49.114,-20.663,8.064,22.181,1.277,3.685,3.901,
17:48:31.939,6.349,-31.258,-40.829,-9.985,-48.993,-21.273,8.164,22.785,1.260,3.706,3.915,
17:48:31.960,6.370,-31.932,-39.846,-10.600,-48.863,-21.332,9.017,23.159,1.472,3.566,3.858,
17:48:31.980,6.390,-32.972,-40.064,-11.214,-48.726,-21.759,8.663,23.420,1.309,3.551,3.785,
17:48:32.000,6.411,-34.311,-40.305,-11.825,-48.582,-22.486,8.276,23.961,1.148,3.632,3.809,
17:48:32.021,6.432,-35.109,-40.528,-12.434,-48.429,-22.674,7.901,24.011,1.004,3.550,3.689,
17:48:32.042,6.452,-35.502,-39.832,-13.042,-48.269,-22.460,8.437,23.993,1.143,3.357,3.547,
17:48:32.065,6.475,-35.621,-40.207,-13.648,-48.101,-21.973,7.894,23.348,0.950,3.100,3.243,
17:48:32.083,6.493,-35.574,-39.635,-14.251,-47.926,-21.323,8.291,22.878,1.053,2.815,3.005,
17:48:32.104,6.514,-35.444,-39.225,-14.852,-47.743,-20.592,8.518,22.284,1.099,2.527,2.756,
17:48:32.124,6.534,-35.289,-38.957,-15.451,-47.553,-19.839,8.595,21.621,1.097,2.254,2.507,
17:48:32.144,6.554,-35.146,-39.683,-16.047,-47.355,-19.098,7.672,20.582,0.797,2.005,2.158,
17:48:32.165,6.576,-35.031,-39.371,-16.641,-47.150,-18.390,7.778,19.968,0.826,1.783,1.965,
17:48:32.185,6.595,-34.953,-40.016,-17.232,-46.937,-17.721,6.921,19.025,0.564,1.588,1.685,
17:48:32.206,6.616,-34.910,-39.612,-17.821,-46.716,-17.090,7.105,18.508,0.632,1.417,1.551,
17:48:32.227,6.637,-34.897,-39.291,-18.406,-46.489,-16.491,7.198,17.993,0.667,1.267,1.432,
17:48:32.247,6.657,-34.906,-39.057,-18.989,-46.254,-15.917,7.197,17.469,0.672,1.133,1.317,
17:48:32.267,6.677,-34.930,-39.779,-19.569,-46.012,-15.361,6.232,16.578,0.388,1.012,1.084,
17:48:32.287,6.697,-34.963,-40.323,-20.145,-45.762,-14.818,5.439,15.785,0.173,0.901,0.918,
17:48:32.309,6.720,-35.000,-40.695,-20.719,-45.505,-14.282,4.810,15.070,0.022,0.798,0.799,
17:48:32.329,6.739,-35.038,-40.919,-21.289,-45.241,-13.749,4.322,14.412,-0.079,0.702,0.706,
17:48:32.349,6.759,-35.074,-41.029,-21.856,-44.970,-13.218,3.941,13.793,-0.142,0.610,0.626,
17:48:32.370,6.780,-35.868,-41.059,-22.419,-44.692,-13.449,3.633,13.931,-0.181,0.750,0.772,
17:48:32.390,6.801,-35.688,-40.160,-22.979,-44.407,-12.709,4.247,13.400,0.058,0.588,0.591,
17:48:32.411,6.821,-35.524,-39.474,-23.535,-44.115,-11.989,4.640,12.855,0.212,0.440,0.489,
17:48:32.431,6.842,-36.154,-38.998,-24.088,-43.815,-12.066,4.818,12.992,0.291,0.539,0.613,
17:48:32.452,6.862,-36.612,-38.700,-24.636,-43.509,-11.976,4.810,12.905,0.308,0.579,0.655,
17:48:32.472,6.883,-36.916,-38.541,-25.181,-43.196,-11.735,4.655,12.624,0.279,0.568,0.633,
17:48:32.493,6.903,-37.095,-38.480,-25.722,-42.876,-11.373,4.396,12.193,0.220,0.520,0.565,
17:48:32.513,6.924,-37.182,-38.482,-26.259,-42.550,-10.923,4.068,11.656,0.143,0.447,0.469,
17:48:32.533,6.943,-37.207,-37.639,-26.791,-42.216,-10.416,4.578,11.378,0.322,0.359,0.483,
17:48:32.554,6.964,-37.197,-37.050,-27.320,-41.876,-9.877,4.826,10.993,0.411,0.266,0.489,
17:48:32.575,6.985,-37.169,-36.680,-27.844,-41.530,-9.325,4.850,10.510,0.425,0.172,0.458,
17:48:32.595,7.005,-37.897,-37.360,-28.363,-41.177,-9.534,3.817,10.270,0.121,0.311,0.334,
17:48:32.615,7.025,-38.421,-37.040,-28.879,-40.817,-9.542,3.777,10.262,0.135,0.378,0.401,
17:48:32.635,7.046,-38.762,-35.941,-29.389,-40.451,-9.373,4.510,10.401,0.379,0.385,0.540,
17:48:32.656,7.066,-39.719,-35.166,-29.895,-40.078,-9.824,4.912,10.983,0.507,0.575,0.767,
17:48:32.675,7.086,-40.360,-34.673,-30.397,-39.700,-9.964,5.026,11.160,0.540,0.658,0.851,
17:48:32.697,7.107,-40.742,-34.403,-30.893,-39.314,-9.849,4.912,11.006,0.502,0.657,0.827,
17:48:32.721,7.131,-40.928,-33.412,-31.385,-38.923,-9.544,5.511,11.021,0.680,0.599,0.906,
17:48:32.737,7.147,-40.982,-32.766,-31.871,-38.526,-9.111,5.760,10.778,0.742,0.504,0.897,
17:48:32.757,7.168,-41.716,-32.396,-32.353,-38.122,-9.363,5.726,10.975,0.715,0.621,0.947,
17:48:32.778,7.188,-42.200,-31.351,-32.829,-37.713,-9.371,6.362,11.327,0.892,0.655,1.106,
17:48:32.798,7.209,-43.244,-30.681,-33.301,-37.297,-9.944,6.616,11.944,0.943,0.855,1.272,
17:48:32.819,7.229,-43.930,-30.308,-33.767,-36.876,-10.163,6.568,12.100,0.900,0.934,1.297,
17:48:32.840,7.250,-44.325,-30.150,-34.227,-36.448,-10.098,6.298,11.901,0.795,0.923,1.218,
17:48:32.860,7.270,-44.507,-30.132,-34.683,-36.015,-9.824,5.884,11.451,0.654,0.850,1.072,
17:48:32.881,7.291,-45.307,-29.314,-35.132,-35.577,-10.175,6.263,11.948,0.761,0.968,1.231,
17:48:32.901,7.311,-45.814,-28.772,-35.577,-35.132,-10.238,6.360,12.053,0.777,0.992,1.260,
17:48:32.926,7.336,-46.853,-28.454,-36.015,-34.683,-10.838,6.229,12.500,0.723,1.175,1.380,
17:48:32.946,7.356,-47.518,-27.422,-36.448,-34.227,-11.070,6.805,12.994,0.886,1.236,1.521,
17:48:32.966,7.377,-47.888,-26.743,-36.876,-33.767,-11.013,7.024,13.062,0.931,1.206,1.523,
17:48:32.987,7.398,-48.045,-26.348,-37.297,-33.301,-10.748,6.952,12.800,0.887,1.116,1.425,
17:48:33.008,7.418,-48.823,-26.164,-37.713,-32.829,-11.111,6.666,12.957,0.782,1.221,1.449,
17:48:33.030,7.440,-49.314,-26.119,-38.122,-32.353,-11.192,6.234,12.811,0.641,1.234,1.390,
17:48:33.051,7.461,-49.579,-26.157,-38.526,-31.871,-11.054,5.714,12.443,0.483,1.181,1.276,
17:48:33.071,7.482,-50.447,-25.356,-38.923,-31.385,-11.524,6.029,13.006,0.586,1.314,1.439,
17:48:33.092,7.502,-51.003,-25.684,-39.314,-30.893,-11.689,5.209,12.797,0.342,1.348,1.390,
17:48:33.112,7.523,-51.313,-25.102,-39.700,-30.397,-11.614,5.294,12.764,0.385,1.307,1.363,
17:48:33.132,7.543,-51.446,-24.703,-40.078,-29.895,-11.367,5.192,12.497,0.369,1.219,1.274,
17:48:33.153,7.564,-51.462,-24.457,-40.451,-29.389,-11.012,4.933,12.066,0.306,1.104,1.146,
17:48:33.174,7.584,-52.175,-24.326,-40.817,-28.879,-11.358,4.553,12.236,0.211,1.207,1.226,
17:48:33.194,7.604,-52.649,-25.153,-41.177,-28.363,-11.472,3.210,11.913,-0.167,1.235,1.246,
17:48:33.214,7.624,-52.929,-24.910,-41.530,-27.844,-11.399,2.934,11.771,-0.201,1.204,1.221,
17:48:33.234,7.645,-53.065,-24.714,-41.876,-27.320,-11.189,2.605,11.488,-0.250,1.134,1.162,
17:48:33.256,7.666,-53.865,-24.568,-42.216,-26.791,-11.649,2.223,11.859,-0.314,1.271,1.309,
17:48:33.276,7.686,-54.397,-23.588,-42.550,-26.259,-11.848,2.671,12.145,-0.126,1.320,1.326,
17:48:33.296,7.706,-54.711,-23.764,-42.876,-25.722,-11.835,1.958,11.996,-0.300,1.303,1.337,
17:48:33.317,7.727,-54.862,-23.064,-43.196,-25.181,-11.666,2.117,11.857,-0.203,1.240,1.257,
17:48:33.337,7.747,-54.903,-22.584,-43.509,-24.636,-11.394,2.053,11.578,-0.181,1.151,1.165,
17:48:33.357,7.767,-55.640,-22.286,-43.815,-24.088,-11.824,1.801,11.961,-0.218,1.279,1.297,
17:48:33.377,7.787,-56.135,-22.129,-44.115,-23.535,-12.020,1.406,12.102,-0.297,1.328,1.361,
17:48:33.398,7.808,-56.430,-22.070,-44.407,-22.979,-12.023,0.909,12.058,-0.402,1.316,1.376,
17:48:33.418,7.828,-57.338,-21.192,-44.692,-22.419,-12.646,1.227,12.705,-0.257,1.492,1.514,
17:48:33.438,7.849,-57.934,-20.587,-44.970,-21.856,-12.964,1.268,13.026,-0.207,1.564,1.578,
17:48:33.459,7.870,-58.283,-20.084,-45.241,-21.289,-13.042,1.205,13.098,-0.192,1.561,1.573,
17:48:33.480,7.891,-57.407,-20.029,-45.505,-20.719,-11.902,0.689,11.922,-0.316,1.193,1.234,
17:48:33.501,7.911,-57.790,-19.992,-45.762,-20.145,-12.028,0.153,12.029,-0.438,1.231,1.307,
17:48:33.521,7.931,-58.797,-19.989,-46.012,-19.569,-12.785,-0.420,12.792,-0.565,1.455,1.561,
17:48:33.542,7.952,-59.454,-20.014,-46.254,-18.989,-13.200,-1.025,13.239,-0.694,1.562,1.709,
17:48:33.562,7.973,-59.857,-20.056,-46.489,-18.406,-13.368,-1.650,13.470,-0.822,1.588,1.789,
17:48:33.582,7.992,-60.072,-19.223,-46.716,-17.821,-13.355,-1.403,13.429,-0.683,1.559,1.702,
17:48:33.603,8.013,-60.152,-18.626,-46.937,-17.232,-13.216,-1.394,13.289,-0.626,1.495,1.621,
17:48:33.623,8.033,-60.148,-18.237,-47.150,-16.641,-12.998,-1.596,13.096,-0.638,1.413,1.550,
17:48:33.643,8.053,-60.860,-18.015,-47.355,-16.047,-13.506,-1.968,13.648,-0.701,1.553,1.704,
17:48:33.664,8.074,-60.582,-17.913,-47.553,-15.451,-13.029,-2.462,13.260,-0.799,1.390,1.603,
17:48:33.683,8.094,-60.323,-17.890,-47.743,-14.852,-12.579,-3.038,12.941,-0.917,1.247,1.547,
17:48:33.704,8.114,-60.871,-17.033,-47.926,-14.251,-12.945,-2.782,13.240,-0.779,1.357,1.565,
17:48:33.724,8.135,-61.264,-15.559,-48.101,-13.648,-13.163,-1.911,13.301,-0.467,1.416,1.491,
17:48:33.744,8.155,-61.520,-14.550,-48.269,-13.042,-13.251,-1.507,13.336,-0.319,1.433,1.468,
17:48:33.765,8.175,-61.666,-13.052,-48.429,-12.434,-13.237,-0.618,13.251,-0.035,1.418,1.418,
17:48:33.787,8.197,-60.971,-12.975,-48.582,-11.825,-12.389,-1.150,12.442,-0.197,1.154,1.171,
17:48:33.807,8.217,-61.193,-13.083,-48.726,-11.214,-12.466,-1.870,12.606,-0.405,1.186,1.253,
17:48:33.828,8.238,-61.364,-12.402,-48.863,-10.600,-12.501,-1.802,12.630,-0.363,1.202,1.256,
17:48:33.848,8.258,-60.725,-11.985,-48.993,-9.985,-11.733,-1.999,11.902,-0.404,0.976,1.057,
17:48:33.868,8.278,-60.252,-10.889,-49.114,-9.369,-11.138,-1.520,11.241,-0.240,0.818,0.852,
17:48:33.889,8.299,-59.935,-10.174,-49.228,-8.751,-10.706,-1.423,10.801,-0.202,0.718,0.746,
17:48:33.909,8.319,-60.509,-9.764,-49.334,-8.132,-11.174,-1.632,11.293,-0.258,0.894,0.930,
17:48:33.930,8.340,-60.211,-8.698,-49.433,-7.511,-10.778,-1.186,10.843,-0.115,0.797,0.805,
17:48:33.950,8.361,-60.761,-8.021,-49.523,-6.890,-11.238,-1.131,11.295,-0.099,0.963,0.968,
17:48:33.971,8.381,-60.418,-6.770,-49.606,-6.267,-10.812,-0.503,10.824,0.088,0.851,0.856,
17:48:33.991,8.401,-60.916,-6.857,-49.681,-5.643,-11.236,-1.214,11.301,-0.139,1.002,1.011,
17:48:34.011,8.421,-61.285,-6.184,-49.748,-5.018,-11.538,-1.166,11.597,-0.123,1.104,1.111,
17:48:34.031,8.441,-61.533,-4.911,-49.807,-4.393,-11.727,-0.518,11.738,0.072,1.166,1.168,
17:48:34.052,8.462,-61.681,-4.963,-49.858,-3.766,-11.823,-1.197,11.883,-0.144,1.195,1.204,
17:48:34.072,8.482,-61.752,-4.253,-49.901,-3.140,-11.851,-1.113,11.903,-0.116,1.202,1.208,
17:48:34.093,8.503,-61.771,-3.824,-49.937,-2.512,-11.834,-1.312,11.906,-0.176,1.196,1.208,
17:48:34.116,8.526,-61.757,-2.729,-49.964,-1.885,-11.793,-0.845,11.823,-0.031,1.182,1.182,
17:48:34.136,8.546,-61.727,-2.020,-49.984,-1.257,-11.743,-0.764,11.768,-0.012,1.167,1.167,
17:48:34.157,8.567,-61.691,-1.618,-49.996,-0.628,-11.695,-0.990,11.737,-0.086,1.153,1.157,
17:48:34.176,8.587,-61.657,-1.439,-50.000,-0.000,-11.657,-1.439,11.746,-0.222,1.144,1.165,
17:48:34.197,8.607,-61.628,-1.406,-49.996,0.628,-11.632,-2.035,11.809,-0.393,1.138,1.204,
17:48:34.217,8.628,-61.606,-0.579,-49.984,1.257,-11.621,-1.835,11.765,-0.314,1.138,1.180,
17:48:34.238,8.648,-61.590,-0.030,-49.964,1.885,-11.625,-1.914,11.782,-0.325,1.141,1.187,
17:48:34.258,8.668,-61.580,0.293,-49.937,2.512,-11.643,-2.219,11.852,-0.403,1.149,1.217,
17:48:34.279,8.689,-61.574,1.329,-49.901,3.140,-11.672,-1.811,11.812,-0.263,1.159,1.188,
17:48:34.299,8.710,-61.571,2.011,-49.858,3.766,-11.713,-1.755,11.844,-0.238,1.172,1.196,
17:48:34.320,8.730,-61.392,2.690,-49.807,4.393,-11.586,-1.703,11.710,-0.216,1.134,1.154,
17:48:34.340,8.750,-62.520,3.772,-49.748,5.018,-12.772,-1.246,12.833,-0.074,1.492,1.494,
17:48:34.361,8.771,-63.062,3.343,-49.681,5.643,-13.382,-2.300,13.578,-0.395,1.653,1.700,
17:48:34.381,8.791,-63.359,3.944,-49.606,6.267,-13.753,-2.323,13.948,-0.386,1.733,1.776,
17:48:34.401,8.812,-63.507,4.305,-49.523,6.890,-13.984,-2.585,14.221,-0.449,1.767,1.823,
17:48:34.422,8.832,-63.558,5.374,-49.433,7.511,-14.126,-2.138,14.287,-0.296,1.773,1.797,
17:48:34.442,8.852,-63.547,6.958,-49.334,8.132,-14.213,-1.174,14.261,0.002,1.763,1.763,
17:48:34.462,8.872,-63.502,8.009,-49.228,8.751,-14.274,-0.743,14.293,0.119,1.747,1.751,
17:48:34.483,8.893,-62.681,8.623,-49.114,9.369,-13.566,-0.747,13.587,0.099,1.503,1.506,
17:48:34.503,8.914,-62.832,8.913,-48.993,9.985,-13.839,-1.073,13.880,-0.017,1.570,1.570,
17:48:34.524,8.934,-62.208,8.985,-48.863,10.600,-13.344,-1.615,13.442,-0.188,1.403,1.415,
17:48:34.548,8.958,-61.768,8.928,-48.726,11.214,-13.042,-2.286,13.241,-0.387,1.305,1.361,
17:48:34.569,8.979,-60.728,9.688,-48.582,11.825,-12.146,-2.137,12.333,-0.327,1.037,1.087,
17:48:34.588,8.999,-60.786,10.188,-48.429,12.434,-12.357,-2.246,12.559,-0.348,1.117,1.170,
17:48:34.609,9.020,-60.154,10.481,-48.269,13.042,-11.885,-2.561,12.157,-0.430,0.988,1.077,
17:48:34.629,9.040,-59.754,10.622,-48.101,13.648,-11.653,-3.026,12.039,-0.552,0.938,1.089,
17:48:34.650,9.060,-59.538,9.782,-47.926,14.251,-11.611,-4.469,12.442,-0.960,0.948,1.350,
17:48:34.670,9.080,-58.690,10.003,-47.743,14.852,-10.947,-4.849,11.973,-1.023,0.770,1.281,
17:48:34.690,9.101,-58.137,10.174,-47.553,15.451,-10.584,-5.277,11.827,-1.097,0.694,1.298,
17:48:34.711,9.121,-57.820,10.297,-47.355,16.047,-10.465,-5.751,11.941,-1.182,0.695,1.371,
17:48:34.731,9.142,-57.677,11.259,-47.150,16.641,-10.527,-5.382,11.823,-1.011,0.749,1.258,
17:48:34.754,9.164,-56.889,11.070,-46.937,17.232,-9.952,-6.162,11.705,-1.198,0.606,1.343,
17:48:34.775,9.185,-56.378,11.761,-46.716,17.821,-9.661,-6.059,11.404,-1.109,0.558,1.241,
17:48:34.796,9.206,-56.088,11.359,-46.489,18.406,-9.599,-7.047,11.908,-1.355,0.580,1.474,
17:48:34.816,9.226,-55.960,11.897,-46.254,18.989,-9.706,-7.092,12.021,-1.303,0.650,1.457,
17:48:34.836,9.246,-55.938,12.274,-46.012,19.569,-9.926,-7.295,12.318,-1.305,0.748,1.504,
17:48:34.862,9.272,-55.217,12.514,-45.762,20.145,-9.455,-7.631,12.150,-1.348,0.631,1.489,
17:48:34.882,9.292,-54.732,12.647,-45.505,20.719,-9.227,-8.072,12.259,-1.422,0.594,1.541,
17:48:34.903,9.313,-54.443,12.705,-45.241,21.289,-9.202,-8.584,12.584,-1.514,0.620,1.636,
17:48:34.923,9.333,-54.300,13.594,-44.970,21.856,-9.330,-8.262,12.462,-1.352,0.688,1.517,
17:48:34.944,9.354,-53.495,13.336,-44.692,22.419,-8.803,-9.083,12.649,-1.546,0.555,1.642,
17:48:34.964,9.375,-52.959,13.969,-44.407,22.979,-8.552,-9.010,12.423,-1.460,0.512,1.547,
17:48:34.985,9.395,-52.643,14.401,-44.115,23.535,-8.529,-9.135,12.497,-1.441,0.539,1.539,
17:48:35.005,9.415,-52.491,14.665,-43.815,24.088,-8.676,-9.423,12.809,-1.475,0.615,1.598,
17:48:35.026,9.436,-51.688,13.923,-43.509,24.636,-8.179,-10.714,13.478,-1.809,0.491,1.874,
17:48:35.046,9.456,-51.160,14.213,-43.196,25.181,-7.964,-10.968,13.554,-1.812,0.459,1.869,
17:48:35.066,9.477,-50.854,14.428,-42.876,25.722,-7.977,-11.294,13.827,-1.838,0.497,1.904,
17:48:35.087,9.497,-50.711,15.452,-42.550,26.259,-8.161,-10.807,13.542,-1.621,0.582,1.722,
17:48:35.107,9.518,-50.677,15.300,-42.216,26.791,-8.461,-11.491,14.270,-1.772,0.695,1.904,
17:48:35.128,9.538,-50.708,15.129,-41.876,27.320,-8.831,-12.190,15.053,-1.920,0.822,2.088,
17:48:35.148,9.558,-50.007,14.093,-41.530,27.844,-8.477,-13.751,16.154,-2.318,0.721,2.427,
17:48:35.169,9.579,-49.522,15.085,-41.177,28.363,-8.345,-13.279,15.683,-2.082,0.695,2.195,
17:48:35.190,9.600,-49.220,15.848,-40.817,28.879,-8.403,-13.030,15.505,-1.932,0.726,2.064,
17:48:35.211,9.621,-49.058,15.507,-40.451,29.389,-8.608,-13.882,16.334,-2.125,0.799,2.270,
17:48:35.231,9.642,-48.234,16.090,-40.078,29.895,-8.155,-13.805,16.034,-2.028,0.669,2.135,
17:48:35.252,9.662,-47.680,16.497,-39.700,30.397,-7.981,-13.899,16.027,-1.991,0.631,2.089,
17:48:35.272,9.682,-47.349,16.754,-39.314,30.893,-8.035,-14.139,16.263,-2.003,0.664,2.111,
17:48:35.293,9.703,-47.185,17.772,-38.923,31.385,-8.262,-13.612,15.923,-1.786,0.746,1.936,
17:48:35.313,9.723,-47.134,18.466,-38.526,31.871,-8.609,-13.405,15.931,-1.681,0.858,1.888,
17:48:35.334,9.744,-46.391,18.889,-38.122,32.353,-8.269,-13.464,15.801,-1.665,0.757,1.829,
17:48:35.354,9.764,-46.653,19.983,-37.713,32.829,-8.940,-12.846,15.651,-1.448,0.965,1.740,
17:48:35.374,9.784,-46.144,21.571,-37.297,33.301,-8.847,-11.730,14.692,-1.097,0.930,1.438,
17:48:35.394,9.804,-45.805,21.730,-36.876,33.767,-8.929,-12.037,14.987,-1.196,0.950,1.528,
17:48:35.419,9.830,-45.602,22.566,-36.448,34.227,-9.154,-11.662,14.825,-1.085,1.012,1.483,
17:48:35.435,9.845,-45.502,23.931,-36.015,34.683,-9.486,-10.752,14.339,-0.820,1.102,1.373,
17:48:35.455,9.866,-44.708,24.796,-35.577,35.132,-9.131,-10.337,13.792,-0.721,0.980,1.217,
17:48:35.476,9.886,-44.164,26.146,-35.132,35.577,-9.032,-9.431,13.058,-0.480,0.944,1.059,
17:48:35.496,9.907,-43.830,26.973,-34.683,36.015,-9.147,-9.042,12.862,-0.410,0.974,1.057,
17:48:35.518,9.928,-43.655,27.399,-34.227,36.448,-9.427,-9.050,13.068,-0.462,1.052,1.149,
17:48:35.537,9.947,-43.591,28.423,-33.767,36.876,-9.824,-8.453,12.960,-0.327,1.160,1.206,
17:48:35.558,9.969,-43.596,29.908,-33.301,37.297,-10.295,-7.389,12.672,-0.059,1.284,1.285,
17:48:35.579,9.989,-43.636,30.841,-32.829,37.713,-10.807,-6.872,12.807,0.028,1.412,1.412,
17:48:35.599,10.009,-43.690,33.099,-32.353,38.122,-11.337,-5.023,12.400,0.511,1.538,1.620,
17:48:35.621,10.031,-43.742,34.567,-31.871,38.526,-11.870,-3.958,12.513,0.729,1.657,1.811,
17:48:35.640,10.050,-43.022,36.280,-31.385,38.923,-11.637,-2.643,11.933,1.011,1.540,1.842,
17:48:35.660,10.070,-42.497,38.165,-30.893,39.314,-11.604,-1.150,11.661,1.331,1.493,2.000,
17:48:35.680,10.090,-42.149,39.280,-30.397,39.700,-11.752,-0.419,11.760,1.406,1.504,2.059,
17:48:35.701,10.111,-41.943,39.819,-29.895,40.078,-12.048,-0.260,12.051,1.309,1.560,2.036,
17:48:35.721,10.131,-41.843,40.842,-29.389,40.451,-12.454,0.391,12.460,1.371,1.646,2.142,
17:48:35.744,10.154,-41.813,42.264,-28.879,40.817,-12.934,1.447,13.015,1.554,1.750,2.341,
17:48:35.764,10.174,-41.825,43.105,-28.363,41.177,-13.461,1.928,13.599,1.558,1.863,2.428,
17:48:35.784,10.195,-41.856,43.512,-27.844,41.530,-14.013,1.982,14.152,1.437,1.976,2.444,
17:48:35.805,10.216,-41.893,44.502,-27.320,41.876,-14.573,2.626,14.808,1.507,2.087,2.574,
17:48:35.825,10.235,-41.925,45.952,-26.791,42.216,-15.134,3.735,15.588,1.715,2.192,2.783,
17:48:35.846,10.256,-41.949,46.852,-26.259,42.550,-15.690,4.302,16.269,1.751,2.291,2.884,
17:48:35.867,10.277,-42.723,48.206,-25.722,42.876,-17.001,5.330,17.817,1.927,2.612,3.246,
17:48:35.887,10.297,-42.518,48.142,-25.181,43.196,-17.337,4.946,18.028,1.673,2.622,3.110,
17:48:35.908,10.318,-43.085,49.669,-24.636,43.509,-18.448,6.160,19.450,1.919,2.866,3.450,
17:48:35.928,10.338,-43.472,50.652,-24.088,43.815,-19.384,6.837,20.555,1.992,3.045,3.639,
17:48:35.950,10.360,-42.944,51.203,-23.535,44.115,-19.408,7.088,20.662,1.936,2.942,3.522,
17:48:35.969,10.379,-42.505,51.441,-22.979,44.407,-19.526,7.034,20.755,1.797,2.877,3.392,
17:48:35.990,10.400,-42.172,51.475,-22.419,44.692,-19.753,6.782,20.885,1.612,2.852,3.277,
17:48:36.010,10.420,-41.940,51.391,-21.856,44.970,-20.084,6.420,21.085,1.410,2.864,3.193,
17:48:36.030,10.441,-41.032,52.133,-21.289,45.241,-19.743,6.892,20.911,1.475,2.676,3.056,
17:48:36.051,10.461,-40.399,52.625,-20.719,45.505,-19.680,7.120,20.929,1.465,2.587,2.973,
17:48:36.071,10.481,-40.002,52.037,-20.145,45.762,-19.857,6.274,20.824,1.136,2.578,2.817,
17:48:36.091,10.502,-39.788,51.540,-19.569,46.012,-20.219,5.528,20.962,0.861,2.628,2.765,
17:48:36.112,10.522,-39.704,51.162,-18.989,46.254,-20.715,4.908,21.289,0.644,2.716,2.791,
17:48:36.133,10.543,-39.703,50.903,-18.406,46.489,-21.297,4.414,21.749,0.481,2.826,2.867,
17:48:36.153,10.563,-39.747,50.748,-17.821,46.716,-21.926,4.031,22.294,0.362,2.945,2.967,
17:48:36.173,10.584,-39.047,50.674,-17.232,46.937,-21.815,3.737,22.133,0.278,2.837,2.850,
17:48:36.193,10.604,-38.557,50.657,-16.641,47.150,-21.916,3.508,22.195,0.219,2.801,2.810,
17:48:36.214,10.624,-37.485,50.677,-16.047,47.355,-21.438,3.322,21.694,0.176,2.597,2.603,
17:48:36.234,10.645,-36.762,50.717,-15.451,47.553,-21.311,3.165,21.545,0.145,2.514,2.518,
17:48:36.255,10.665,-36.328,51.644,-14.852,47.743,-21.476,3.901,21.827,0.383,2.525,2.554,
17:48:36.276,10.686,-35.350,50.571,-14.251,47.926,-21.099,2.645,21.264,0.006,2.374,2.374,
17:48:36.296,10.707,-34.731,50.635,-13.648,48.101,-21.084,2.533,21.235,-0.001,2.343,2.343,
17:48:36.317,10.727,-33.632,49.831,-13.042,48.269,-20.590,1.562,20.649,-0.267,2.171,2.188,
17:48:36.337,10.747,-32.180,50.145,-12.434,48.429,-19.746,1.716,19.820,-0.179,1.907,1.915,
17:48:36.358,10.768,-31.257,50.427,-11.825,48.582,-19.432,1.845,19.520,-0.105,1.820,1.823,
17:48:36.377,10.788,-29.989,51.533,-11.214,48.726,-18.775,2.807,18.984,0.213,1.635,1.649,
17:48:36.398,10.808,-29.228,50.582,-10.600,48.863,-18.628,1.718,18.707,-0.107,1.615,1.618,
17:48:36.419,10.829,-27.329,50.717,-9.985,48.993,-17.343,1.725,17.429,-0.077,1.254,1.257,
17:48:36.439,10.849,-26.110,49.947,-9.369,49.114,-16.741,0.833,16.762,-0.320,1.122,1.166,
17:48:36.459,10.870,-25.433,50.268,-8.751,49.228,-16.682,1.040,16.714,-0.217,1.159,1.179,
17:48:36.480,10.890,-24.385,50.541,-8.132,49.334,-16.253,1.206,16.298,-0.135,1.081,1.090,
17:48:36.500,10.910,-23.040,51.629,-7.511,49.433,-15.529,2.197,15.684,0.187,0.919,0.938,
17:48:36.520,10.930,-21.479,51.536,-6.890,49.523,-14.589,2.013,14.727,0.135,0.700,0.713,
17:48:36.540,10.951,-19.773,52.289,-6.267,49.606,-13.507,2.683,13.771,0.343,0.451,0.567,
17:48:36.561,10.971,-18.746,52.798,-5.643,49.681,-13.103,3.118,13.469,0.466,0.420,0.627,
17:48:36.581,10.992,-17.469,53.104,-5.018,49.748,-12.451,3.357,12.896,0.522,0.314,0.609,
17:48:36.603,11.014,-16.072,53.448,-4.393,49.807,-11.680,3.641,12.234,0.589,0.175,0.615,
17:48:36.624,11.035,-15.355,54.485,-3.766,49.858,-11.589,4.627,12.478,0.862,0.247,0.897,
17:48:36.645,11.056,-14.974,54.999,-3.140,49.901,-11.834,5.098,12.886,0.963,0.412,1.048,
17:48:36.666,11.076,-14.815,55.265,-2.512,49.937,-12.303,5.328,13.407,0.987,0.630,1.171,
17:48:36.686,11.097,-13.279,55.372,-1.885,49.964,-11.395,5.407,12.612,0.965,0.417,1.052,
17:48:36.707,11.117,-12.290,55.372,-1.257,49.984,-11.034,5.388,12.279,0.917,0.381,0.993,
17:48:36.728,11.138,-11.726,55.311,-0.628,49.996,-11.098,5.315,12.305,0.858,0.473,0.979,
17:48:36.748,11.158,-11.473,56.102,-0.000,50.000,-11.473,6.102,12.994,1.061,0.649,1.244,
17:48:36.768,11.178,-10.661,56.648,0.628,49.996,-11.289,6.652,13.104,1.181,0.644,1.345,
17:48:36.788,11.198,-10.177,56.985,1.257,49.984,-11.434,7.001,13.407,1.234,0.736,1.437,
17:48:36.809,11.219,-9.174,58.040,1.885,49.964,-11.059,8.075,13.693,1.503,0.664,1.643,
17:48:36.829,11.239,-8.546,57.858,2.512,49.937,-11.058,7.921,13.603,1.387,0.708,1.557,
17:48:36.849,11.260,-8.207,57.627,3.140,49.901,-11.346,7.726,13.727,1.269,0.834,1.519,
17:48:36.870,11.280,-7.310,56.519,3.766,49.858,-11.076,6.661,12.925,0.900,0.783,1.193,
17:48:36.890,11.301,-7.512,56.563,4.393,49.807,-11.905,6.756,13.688,0.905,1.064,1.397,
17:48:36.910,11.321,-7.004,56.627,5.018,49.748,-12.022,6.880,13.851,0.919,1.112,1.443,
17:48:36.930,11.341,-6.697,57.575,5.643,49.681,-12.340,7.895,14.649,1.201,1.216,1.709,
17:48:36.951,11.362,-5.778,56.518,6.267,49.606,-12.045,6.912,13.887,0.865,1.130,1.423,
17:48:36.971,11.382,-5.170,55.713,6.890,49.523,-12.060,6.190,13.556,0.631,1.142,1.304,
17:48:36.992,11.402,-4.813,56.034,7.511,49.433,-12.324,6.601,13.981,0.753,1.227,1.440,
17:48:37.012,11.422,-4.641,56.325,8.132,49.334,-12.773,6.991,14.561,0.861,1.362,1.611,
17:48:37.035,11.445,-4.592,55.684,8.751,49.228,-13.343,6.455,14.823,0.684,1.525,1.671,
17:48:37.056,11.466,-4.616,56.101,9.369,49.114,-13.985,6.987,15.633,0.839,1.699,1.895,
17:48:37.076,11.486,-4.675,56.438,9.985,48.993,-14.660,7.445,16.443,0.963,1.871,2.104,
17:48:37.097,11.507,-4.743,56.686,10.600,48.863,-15.343,7.823,17.222,1.054,2.035,2.292,
17:48:37.117,11.527,-3.280,55.972,11.214,48.726,-14.494,7.246,16.204,0.854,1.731,1.930,
17:48:37.145,11.556,-2.983,56.309,11.825,48.582,-14.808,7.728,16.703,0.986,1.797,2.049,
17:48:37.165,11.575,-2.077,56.572,12.434,48.429,-14.511,8.143,16.640,1.089,1.676,1.999,
17:48:37.186,11.596,-1.483,56.759,13.042,48.269,-14.525,8.490,16.824,1.165,1.658,2.026,
17:48:37.207,11.617,-1.139,56.877,13.648,48.101,-14.787,8.776,17.195,1.220,1.716,2.105,
17:48:37.227,11.638,-0.979,56.941,14.251,47.926,-15.230,9.015,17.698,1.257,1.825,2.216,
17:48:37.254,11.664,-0.941,56.086,14.852,47.743,-15.793,8.343,17.862,1.020,1.964,2.213,
17:48:37.269,11.679,-0.975,57.204,15.451,47.553,-16.426,9.651,19.051,1.394,2.115,2.533,
17:48:37.289,11.699,-1.042,57.164,16.047,47.355,-17.089,9.809,19.704,1.398,2.267,2.663,
17:48:37.309,11.720,-1.117,57.098,16.641,47.150,-17.758,9.948,20.355,1.398,2.412,2.788,
17:48:37.329,11.739,-1.183,57.025,17.232,46.937,-18.415,10.089,20.998,1.400,2.545,2.905,
17:48:37.350,11.760,-1.234,56.958,17.821,46.716,-19.054,10.241,21.632,1.407,2.667,3.015,
17:48:37.370,11.780,-0.505,56.022,18.406,46.489,-18.911,9.533,21.178,1.156,2.548,2.798,
17:48:37.390,11.800,0.032,55.340,18.989,46.254,-18.957,9.086,21.022,1.002,2.496,2.689,
17:48:37.411,11.821,1.155,54.889,19.569,46.012,-18.414,8.877,20.442,0.930,2.273,2.456,
17:48:37.431,11.841,1.163,54.627,20.145,45.762,-18.983,8.865,20.951,0.922,2.400,2.571,
17:48:37.452,11.862,1.082,54.505,20.719,45.505,-19.636,9.000,21.600,0.959,2.546,2.721,
17:48:37.473,11.883,1.726,53.598,21.289,45.241,-19.563,8.357,21.273,0.760,2.466,2.580,
17:48:37.493,11.903,2.156,52.989,21.856,44.970,-19.700,8.019,21.269,0.666,2.456,2.545,
17:48:37.513,11.923,2.412,52.626,22.419,44.692,-20.007,7.934,21.523,0.654,2.500,2.584,
17:48:37.533,11.944,2.539,53.328,22.979,44.407,-20.440,8.921,22.302,0.964,2.580,2.754,
17:48:37.554,11.964,2.577,53.035,23.535,44.115,-20.958,8.921,22.777,0.957,2.681,2.847,
17:48:37.575,11.985,2.563,52.842,24.088,43.815,-21.524,9.027,23.341,0.982,2.793,2.960,
17:48:37.596,12.006,4.046,52.729,24.636,43.509,-20.590,9.220,22.560,1.032,2.448,2.657,
17:48:37.616,12.026,4.342,51.795,25.181,43.196,-20.839,8.598,22.543,0.835,2.484,2.621,
17:48:37.636,12.046,5.233,51.140,25.722,42.876,-20.489,8.264,22.093,0.737,2.339,2.453,
17:48:37.656,12.066,5.805,50.727,26.259,42.550,-20.454,8.178,22.028,0.720,2.299,2.410,
17:48:37.677,12.087,6.125,50.503,26.791,42.216,-20.666,8.286,22.266,0.762,2.338,2.459,
17:48:37.697,12.108,6.263,50.413,27.320,41.876,-21.057,8.536,22.721,0.844,2.428,2.570,
17:48:37.718,12.128,7.043,50.409,27.844,41.530,-20.801,8.879,22.617,0.948,2.319,2.505,
17:48:37.738,12.148,8.307,50.453,28.363,41.177,-20.057,9.276,22.098,1.061,2.072,2.328,
17:48:37.758,12.169,9.379,50.177,28.879,40.817,-19.500,9.361,21.630,1.073,1.898,2.180,
17:48:37.779,12.189,9.575,49.332,29.389,40.451,-19.814,8.881,21.714,0.915,1.998,2.197,
17:48:37.800,12.210,10.582,49.866,29.895,40.078,-19.313,9.787,21.652,1.185,1.846,2.193,
17:48:37.820,12.230,11.976,49.291,30.397,39.700,-18.421,9.591,20.768,1.105,1.587,1.933,
17:48:37.841,12.251,12.841,48.904,30.893,39.314,-18.052,9.590,20.441,1.090,1.501,1.855,
17:48:37.861,12.272,13.318,49.540,31.385,38.923,-18.067,10.617,20.956,1.385,1.536,2.069,
17:48:37.881,12.291,13.511,49.164,31.871,38.526,-18.360,10.639,21.220,1.359,1.651,2.139,
17:48:37.905,12.315,14.282,48.890,32.353,38.122,-18.071,10.768,21.036,1.368,1.583,2.093,
17:48:37.925,12.335,14.739,49.587,32.829,37.713,-18.090,11.874,21.639,1.671,1.611,2.321,
17:48:37.945,12.356,15.726,49.234,33.301,37.297,-17.575,11.937,21.245,1.642,1.476,2.208,
17:48:37.966,12.376,16.344,48.957,33.767,36.876,-17.423,12.082,21.202,1.640,1.459,2.195,
17:48:37.986,12.397,16.676,48.758,34.227,36.448,-17.551,12.309,21.438,1.665,1.526,2.259,
17:48:38.007,12.417,16.806,48.626,34.683,36.015,-17.876,12.610,21.877,1.712,1.646,2.375,
17:48:38.028,12.438,17.569,48.547,35.132,35.577,-17.563,12.970,21.833,1.775,1.566,2.367,
17:48:38.048,12.458,18.052,47.628,35.577,35.132,-17.525,12.495,21.523,1.585,1.574,2.233,
17:48:38.068,12.479,19.078,47.854,36.015,34.683,-16.937,13.171,21.456,1.754,1.415,2.254,
17:48:38.089,12.499,19.740,48.073,36.448,34.227,-16.709,13.845,21.700,1.913,1.375,2.355,
17:48:38.109,12.519,20.112,47.378,36.876,33.767,-16.764,13.611,21.594,1.790,1.421,2.285,
17:48:38.130,12.540,20.274,46.879,37.297,33.301,-17.023,13.579,21.776,1.737,1.524,2.311,
17:48:38.150,12.560,20.298,47.434,37.713,32.829,-17.414,14.604,22.728,2.007,1.659,2.604,
17:48:38.170,12.580,20.244,47.006,38.122,32.353,-17.878,14.653,23.116,1.967,1.807,2.671,
17:48:38.191,12.601,20.155,46.702,38.526,31.871,-18.371,14.830,23.610,1.970,1.953,2.774,
17:48:38.211,12.622,20.060,46.504,38.923,31.385,-18.863,15.120,24.175,2.008,2.089,2.897,
17:48:38.232,12.642,19.976,45.512,39.314,30.893,-19.339,14.619,24.242,1.808,2.211,2.856,
17:48:38.253,12.663,19.911,44.822,39.700,30.397,-19.788,14.425,24.488,1.715,2.318,2.884,
17:48:38.273,12.683,19.869,44.390,40.078,29.895,-20.210,14.494,24.870,1.709,2.411,2.955,
17:48:38.293,12.703,19.846,44.158,40.451,29.389,-20.605,14.769,25.351,1.765,2.490,3.053,
17:48:38.314,12.724,19.839,44.068,40.817,28.879,-20.978,15.189,25.900,1.862,2.559,3.165,
17:48:38.336,12.746,19.083,42.310,41.177,28.363,-22.094,13.946,26.127,1.455,2.848,3.198,
17:48:38.356,12.767,19.305,41.962,41.530,27.844,-22.225,14.119,26.330,1.501,2.823,3.198,
17:48:38.377,12.787,18.751,41.831,41.876,27.320,-23.126,14.511,27.302,1.610,3.034,3.434,
17:48:38.397,12.807,18.372,40.079,42.216,26.791,-23.845,13.288,27.297,1.227,3.177,3.406,
17:48:38.417,12.828,18.142,39.764,42.550,26.259,-24.407,13.505,27.895,1.302,3.267,3.517,
17:48:38.438,12.848,18.029,37.918,42.876,25.722,-24.848,12.196,27.679,0.914,3.316,3.440,
17:48:38.459,12.869,18.253,36.691,43.196,25.181,-24.943,11.510,27.471,0.739,3.262,3.344,
17:48:38.479,12.890,19.070,36.139,43.509,24.636,-24.439,11.503,27.011,0.778,3.034,3.132,
17:48:38.501,12.911,19.555,35.831,43.815,24.088,-24.260,11.744,26.953,0.888,2.921,3.053,
17:48:38.521,12.931,19.883,35.698,44.115,23.535,-24.231,12.162,27.112,1.042,2.863,3.047,
17:48:38.542,12.952,20.093,34.807,44.407,22.979,-24.314,11.828,27.038,0.959,2.844,3.001,
17:48:38.562,12.972,20.205,35.139,44.692,22.419,-24.487,12.720,27.594,1.249,2.854,3.116,
17:48:38.582,12.992,20.244,34.609,44.970,21.856,-24.727,12.754,27.822,1.261,2.886,3.149,
17:48:38.603,13.013,20.997,33.404,45.241,21.289,-24.245,12.115,27.103,1.071,2.700,2.905,
17:48:38.623,13.034,21.515,32.596,45.505,20.719,-23.991,11.877,26.770,1.014,2.596,2.787,
17:48:38.643,13.054,21.833,32.114,45.762,20.145,-23.929,11.969,26.755,1.059,2.558,2.768,
17:48:38.666,13.076,22.761,31.876,46.012,19.569,-23.251,12.307,26.307,1.174,2.338,2.616,
17:48:38.686,13.097,23.371,30.044,46.254,18.989,-22.883,11.055,25.413,0.804,2.226,2.367,
17:48:38.707,13.117,23.723,29.676,46.489,18.406,-22.765,11.270,25.402,0.899,2.197,2.374,
17:48:38.727,13.137,23.885,28.676,46.716,17.821,-22.832,10.855,25.281,0.797,2.225,2.363,
17:48:38.747,13.158,24.679,27.190,46.937,17.232,-22.257,9.958,24.384,0.557,2.059,2.133,
17:48:38.768,13.178,25.950,26.245,47.150,16.641,-21.200,9.604,23.274,0.494,1.758,1.826,
17:48:38.788,13.199,26.784,25.724,47.355,16.047,-20.571,9.677,22.733,0.563,1.606,1.701,
17:48:38.809,13.219,27.265,24.630,47.553,15.451,-20.288,9.179,22.268,0.454,1.566,1.630,
17:48:38.829,13.239,27.483,23.974,47.743,14.852,-20.260,9.122,22.219,0.483,1.604,1.675,
17:48:38.850,13.260,28.288,23.648,47.926,14.251,-19.639,9.397,21.771,0.609,1.460,1.581,
17:48:38.870,13.280,29.540,22.669,48.101,13.648,-18.562,9.022,20.638,0.529,1.187,1.300,
17:48:38.890,13.300,30.343,22.069,48.269,13.042,-17.926,9.027,20.071,0.568,1.063,1.205,
17:48:38.911,13.321,30.789,21.757,48.429,12.434,-17.640,9.323,19.952,0.690,1.050,1.257,
17:48:38.931,13.342,31.738,21.645,48.582,11.825,-16.844,9.820,19.497,0.864,0.883,1.235,
17:48:38.951,13.362,32.308,20.779,48.726,11.214,-16.419,9.566,19.002,0.799,0.835,1.156,
17:48:38.972,13.382,32.590,20.219,48.863,10.600,-16.273,9.619,18.903,0.831,0.872,1.205,
17:48:38.993,13.403,33.436,19.902,48.993,9.985,-15.556,9.916,18.448,0.933,0.733,1.187,
17:48:39.013,13.424,34.713,18.880,49.114,9.369,-14.401,9.511,17.259,0.818,0.469,0.942,
17:48:39.034,13.444,35.528,18.214,49.228,8.751,-13.700,9.463,16.651,0.816,0.355,0.890,
17:48:39.054,13.464,35.977,16.953,49.334,8.132,-13.357,8.821,16.007,0.637,0.354,0.728,
17:48:39.074,13.485,36.924,16.139,49.433,7.511,-12.508,8.628,15.196,0.604,0.198,0.635,
17:48:39.097,13.507,37.490,15.682,49.523,6.890,-12.033,8.792,14.903,0.679,0.160,0.697,
17:48:39.118,13.528,37.768,15.482,49.606,6.267,-11.838,9.215,15.002,0.826,0.206,0.851,
17:48:39.138,13.549,38.610,14.571,49.681,5.643,-11.071,8.928,14.222,0.749,0.074,0.753,
17:48:39.159,13.569,39.122,13.119,49.748,5.018,-10.626,8.101,13.362,0.515,0.043,0.517,
17:48:39.179,13.589,40.144,12.170,49.807,4.393,-9.663,7.778,12.404,0.448,-0.143,0.470,
17:48:39.201,13.611,40.782,11.626,49.858,3.766,-9.076,7.859,12.006,0.505,-0.208,0.547,
17:48:39.221,13.632,41.121,10.498,49.901,3.140,-8.780,7.359,11.456,0.383,-0.186,0.426,
17:48:39.242,13.652,41.250,9.809,49.937,2.512,-8.687,7.297,11.345,0.400,-0.107,0.414,
17:48:39.263,13.673,41.243,9.453,49.964,1.885,-8.722,7.569,11.548,0.514,0.001,0.514,
17:48:39.283,13.694,41.162,8.450,49.984,1.257,-8.822,7.194,11.384,0.426,0.118,0.442,
17:48:39.305,13.716,41.051,7.833,49.996,0.628,-8.945,7.204,11.486,0.459,0.231,0.514,
17:48:39.324,13.734,40.938,7.509,50.000,0.000,-9.062,7.509,11.769,0.576,0.333,0.665,
17:48:39.344,13.755,40.842,7.391,49.996,-0.628,-9.155,8.020,12.170,0.747,0.418,0.856,
17:48:39.364,13.774,40.767,5.643,49.984,-1.257,-9.217,6.900,11.514,0.416,0.486,0.640,
17:48:39.385,13.795,40.716,5.325,49.964,-1.885,-9.248,7.209,11.726,0.537,0.539,0.761,
17:48:39.405,13.815,40.687,5.227,49.937,-2.512,-9.250,7.740,12.061,0.714,0.578,0.919,
17:48:39.425,13.835,39.913,5.265,49.901,-3.140,-9.989,8.404,13.054,0.920,0.835,1.242,
17:48:39.445,13.856,39.359,4.492,49.858,-3.766,-10.499,8.258,13.357,0.868,1.004,1.327,
17:48:39.466,13.876,39.004,3.981,49.807,-4.393,-10.803,8.373,13.668,0.898,1.100,1.420,
17:48:39.486,13.897,38.806,3.682,49.748,-5.018,-10.941,8.700,13.978,0.990,1.139,1.509,
17:48:39.506,13.917,38.725,3.537,49.681,-5.643,-10.956,9.180,14.294,1.122,1.139,1.599,
17:48:39.527,13.937,37.958,2.617,49.606,-6.267,-11.648,8.884,14.649,1.013,1.342,1.682,
17:48:39.547,13.957,37.445,1.999,49.523,-6.890,-12.078,8.888,14.996,1.002,1.454,1.766,
17:48:39.567,13.978,37.141,1.628,49.433,-7.511,-12.291,9.139,15.317,1.066,1.493,1.835,
17:48:39.588,13.998,36.996,-0.315,49.334,-8.132,-12.339,7.817,14.606,0.654,1.481,1.619,
17:48:39.608,14.018,36.958,-0.771,49.228,-8.751,-12.270,7.980,14.637,0.716,1.436,1.604,
17:48:39.629,14.040,36.224,-1.833,49.114,-9.369,-12.890,7.536,14.931,0.591,1.601,1.706,
17:48:39.649,14.060,35.733,-2.478,48.993,-9.985,-13.260,7.507,15.237,0.598,1.681,1.784,
17:48:39.670,14.080,34.680,-2.807,48.863,-10.600,-14.183,7.793,16.183,0.699,1.922,2.045,
17:48:39.690,14.101,33.987,-2.917,48.726,-11.214,-14.740,8.297,16.914,0.858,2.039,2.212,
17:48:39.711,14.122,33.585,-3.770,48.582,-11.825,-14.996,8.055,17.023,0.783,2.059,2.203,
17:48:39.739,14.149,33.400,-4.312,48.429,-12.434,-15.029,8.122,17.083,0.805,2.013,2.168,
17:48:39.759,14.169,33.361,-5.490,48.269,-13.042,-14.908,7.552,16.712,0.635,1.926,2.028,
17:48:39.779,14.190,32.647,-6.253,48.101,-13.648,-15.454,7.395,17.132,0.600,2.046,2.132,
17:48:39.800,14.210,32.184,-7.564,47.926,-14.251,-15.742,6.687,17.104,0.401,2.082,2.121,
17:48:39.820,14.230,31.921,-8.394,47.743,-14.852,-15.823,6.458,17.090,0.360,2.056,2.087,
17:48:39.842,14.252,31.803,-8.847,47.553,-15.451,-15.749,6.604,17.078,0.432,1.986,2.033,
17:48:39.863,14.273,31.783,-9.910,47.355,-16.047,-15.572,6.137,16.738,0.315,1.892,1.918,
17:48:39.883,14.293,31.818,-10.558,47.150,-16.641,-15.332,6.083,16.495,0.328,1.787,1.816,
17:48:39.903,14.314,31.116,-11.770,46.937,-17.232,-15.820,5.463,16.737,0.170,1.908,1.915,
17:48:39.924,14.334,30.629,-12.521,46.716,-17.821,-16.087,5.299,16.938,0.159,1.955,1.962,
17:48:39.943,14.354,30.324,-12.918,46.489,-18.406,-16.165,5.488,17.071,0.253,1.944,1.960,
17:48:39.964,14.374,30.160,-13.945,46.254,-18.989,-16.094,5.044,16.866,0.149,1.890,1.896,
17:48:39.985,14.395,30.096,-14.574,46.012,-19.569,-15.916,4.995,16.681,0.170,1.808,1.816,
17:48:40.005,14.415,30.094,-14.899,45.762,-20.145,-15.668,5.247,16.523,0.278,1.712,1.735,
17:48:40.026,14.436,30.126,-15.013,45.505,-20.719,-15.379,5.706,16.403,0.441,1.611,1.670,
17:48:40.046,14.457,30.172,-15.875,45.241,-21.289,-15.069,5.414,16.012,0.366,1.511,1.555,
17:48:40.066,14.477,30.218,-16.427,44.970,-21.856,-14.753,5.429,15.720,0.388,1.415,1.468,
17:48:40.087,14.497,30.255,-16.735,44.692,-22.419,-14.437,5.684,15.515,0.480,1.327,1.411,
17:48:40.107,14.517,30.282,-16.869,44.407,-22.979,-14.125,6.110,15.390,0.617,1.245,1.389,
17:48:40.128,14.538,30.297,-16.890,44.115,-23.535,-13.818,6.645,15.333,0.777,1.169,1.404,
17:48:40.148,14.559,31.063,-16.847,43.815,-24.088,-12.753,7.241,14.665,0.944,0.871,1.285,
17:48:40.168,14.578,31.611,-17.656,43.509,-24.636,-11.898,6.981,13.795,0.844,0.655,1.069,
17:48:40.188,14.599,31.964,-17.341,43.196,-25.181,-11.232,7.840,13.698,1.087,0.509,1.201,
17:48:40.209,14.619,32.159,-17.938,42.876,-25.722,-10.717,7.784,13.246,1.040,0.416,1.120,
17:48:40.229,14.640,32.238,-18.351,42.550,-26.259,-10.312,7.908,12.995,1.051,0.360,1.111,
17:48:40.250,14.660,32.238,-18.610,42.216,-26.791,-9.978,8.181,12.903,1.107,0.327,1.154,
17:48:40.270,14.681,32.193,-18.751,41.876,-27.320,-9.683,8.569,12.930,1.195,0.305,1.233,
17:48:40.292,14.702,32.127,-18.808,41.530,-27.844,-9.403,9.035,13.041,1.301,0.288,1.332,
17:48:40.312,14.723,32.817,-19.693,41.177,-28.363,-8.360,8.670,12.044,1.151,0.040,1.152,
17:48:40.334,14.744,32.542,-21.188,40.817,-28.879,-8.275,7.691,11.297,0.829,0.094,0.834,
17:48:40.355,14.765,32.297,-21.333,40.451,-29.389,-8.154,8.056,11.463,0.933,0.131,0.942,
17:48:40.375,14.785,32.098,-21.322,40.078,-29.895,-7.980,8.573,11.712,1.075,0.147,1.085,
17:48:40.395,14.805,31.952,-21.227,39.700,-30.397,-7.748,9.170,12.005,1.232,0.143,1.241,
17:48:40.416,14.826,31.852,-21.976,39.314,-30.893,-7.463,8.917,11.627,1.125,0.120,1.131,
17:48:40.436,14.846,31.790,-22.485,38.923,-31.385,-7.133,8.900,11.405,1.097,0.084,1.100,
17:48:40.457,14.867,31.758,-22.793,38.526,-31.871,-6.768,9.078,11.324,1.129,0.038,1.130,
17:48:40.477,14.887,30.983,-22.950,38.122,-32.353,-7.139,9.403,11.806,1.205,0.213,1.223,
17:48:40.497,14.907,30.429,-23.003,37.713,-32.829,-7.284,9.826,12.231,1.305,0.306,1.341,
17:48:40.517,14.928,30.070,-22.993,37.297,-33.301,-7.227,10.308,12.589,1.417,0.332,1.456,
17:48:40.538,14.948,29.867,-23.829,36.876,-33.767,-7.009,9.938,12.161,1.268,0.305,1.304,
17:48:40.559,14.969,29.016,-24.412,36.448,-34.227,-7.433,9.815,12.312,1.203,0.472,1.293,
17:48:40.579,14.989,27.687,-24.780,36.015,-34.683,-8.328,9.903,12.939,1.208,0.768,1.431,
17:48:40.600,15.010,27.037,-25.372,35.577,-35.132,-8.540,9.761,12.969,1.143,0.838,1.417,
17:48:40.620,15.031,26.457,-26.287,35.132,-35.577,-8.676,9.289,12.711,0.985,0.880,1.321,
17:48:40.641,15.051,25.320,-26.781,34.683,-36.015,-9.362,9.235,13.150,0.963,1.085,1.451,
17:48:40.661,15.072,23.884,-27.058,34.227,-36.448,-10.344,9.391,13.971,1.006,1.364,1.695,
17:48:40.681,15.092,23.011,-27.183,33.767,-36.876,-10.756,9.692,14.479,1.090,1.455,1.818,
17:48:40.702,15.112,22.540,-28.083,33.301,-37.297,-10.760,9.214,14.166,0.934,1.418,1.698,
17:48:40.722,15.133,22.355,-28.674,32.829,-37.713,-10.474,9.039,13.835,0.880,1.298,1.569,
17:48:40.743,15.153,20.831,-29.895,32.353,-38.122,-11.522,8.227,14.158,0.639,1.588,1.711,
17:48:40.763,15.173,19.827,-30.691,31.871,-38.526,-12.045,7.835,14.369,0.540,1.701,1.784,
17:48:40.784,15.194,19.245,-31.144,31.385,-38.923,-12.139,7.779,14.418,0.547,1.680,1.767,
17:48:40.804,15.214,18.976,-31.347,30.893,-39.314,-11.917,7.967,14.335,0.627,1.566,1.687,
17:48:40.825,15.235,18.153,-32.264,30.397,-39.700,-12.244,7.436,14.325,0.485,1.627,1.697,
17:48:40.846,15.256,16.901,-32.841,29.895,-40.078,-12.994,7.237,14.873,0.451,1.812,1.867,
17:48:40.865,15.276,16.108,-34.033,29.389,-40.451,-13.281,6.418,14.751,0.232,1.847,1.861,
17:48:40.886,15.296,15.673,-34.795,28.879,-40.817,-13.205,6.022,14.513,0.154,1.772,1.779,
17:48:40.906,15.317,14.734,-36.097,28.363,-41.177,-13.629,5.080,14.545,-0.083,1.854,1.856,
17:48:40.930,15.340,13.408,-36.911,27.844,-41.530,-14.436,4.619,15.157,-0.163,2.047,2.053,
17:48:40.950,15.361,12.572,-38.225,27.320,-41.876,-14.747,3.651,15.193,-0.390,2.080,2.116,
17:48:40.971,15.381,12.120,-39.029,26.791,-42.216,-14.671,3.187,15.014,-0.454,1.997,2.048,
17:48:40.991,15.401,11.940,-39.442,26.259,-42.550,-14.319,3.108,14.652,-0.401,1.838,1.881,
17:48:41.011,15.421,11.173,-40.460,25.722,-42.876,-14.549,2.416,14.749,-0.537,1.867,1.942,
17:48:41.033,15.443,10.711,-41.067,25.181,-43.196,-14.471,2.129,14.626,-0.545,1.802,1.882,
17:48:41.054,15.464,10.478,-41.364,24.636,-43.509,-14.159,2.145,14.320,-0.465,1.673,1.736,
17:48:41.074,15.484,10.401,-42.329,24.088,-43.815,-13.686,1.486,13.767,-0.594,1.505,1.618,
17:48:41.094,15.504,10.420,-43.803,23.535,-44.115,-13.115,0.312,13.119,-0.872,1.320,1.582,
17:48:41.115,15.525,10.486,-43.872,22.979,-44.407,-12.493,0.535,12.504,-0.715,1.133,1.339,
17:48:41.135,15.545,10.568,-43.765,22.419,-44.692,-11.851,0.927,11.887,-0.520,0.952,1.085,
17:48:41.158,15.568,9.883,-44.452,21.856,-44.970,-11.973,0.518,11.984,-0.582,1.012,1.167,
17:48:41.179,15.589,9.390,-44.878,21.289,-45.241,-11.899,0.363,11.904,-0.565,1.008,1.156,
17:48:41.199,15.609,9.067,-45.982,20.719,-45.505,-11.652,-0.476,11.661,-0.757,0.952,1.216,
17:48:41.220,15.630,8.879,-46.703,20.145,-45.762,-11.267,-0.941,11.306,-0.825,0.858,1.190,
17:48:41.240,15.650,8.788,-47.118,19.569,-46.012,-10.781,-1.106,10.837,-0.802,0.739,1.090,
17:48:41.260,15.671,8.761,-47.307,18.989,-46.254,-10.228,-1.053,10.282,-0.717,0.607,0.939,
17:48:41.281,15.691,8.771,-47.345,18.406,-46.489,-9.635,-0.856,9.673,-0.596,0.471,0.760,
17:48:41.301,15.711,8.037,-47.296,17.821,-46.716,-9.784,-0.579,9.801,-0.462,0.565,0.730,
17:48:41.322,15.732,7.514,-47.205,17.232,-46.937,-9.718,-0.268,9.721,-0.329,0.586,0.672,
17:48:41.342,15.752,7.177,-47.104,16.641,-47.150,-9.464,0.045,9.464,-0.204,0.549,0.585,
17:48:41.365,15.775,6.985,-46.135,16.047,-47.355,-9.062,1.220,9.144,0.169,0.468,0.497,
17:48:41.385,15.795,6.137,-46.304,15.451,-47.553,-9.314,1.249,9.397,0.173,0.587,0.612,
17:48:41.405,15.815,6.327,-45.595,14.852,-47.743,-8.525,2.149,8.792,0.438,0.385,0.583,
17:48:41.426,15.836,5.775,-45.106,14.251,-47.926,-8.476,2.820,8.933,0.617,0.417,0.745,
17:48:41.446,15.856,5.413,-44.808,13.648,-48.101,-8.234,3.294,8.869,0.726,0.388,0.823,
17:48:41.470,15.881,4.442,-44.657,13.042,-48.269,-8.600,3.612,9.328,0.782,0.541,0.951,
17:48:41.491,15.901,3.791,-44.611,12.434,-48.429,-8.644,3.819,9.450,0.802,0.586,0.993,
17:48:41.512,15.922,3.402,-43.752,11.825,-48.582,-8.423,4.830,9.709,1.063,0.547,1.196,
17:48:41.532,15.942,3.210,-43.170,11.214,-48.726,-8.003,5.557,9.743,1.223,0.451,1.304,
17:48:41.553,15.963,2.391,-42.821,10.600,-48.863,-8.210,6.043,10.194,1.302,0.548,1.413,
17:48:41.572,15.983,1.861,-43.528,9.985,-48.993,-8.125,5.465,9.792,1.059,0.550,1.193,
17:48:41.593,16.004,1.561,-43.238,9.369,-49.114,-7.808,5.876,9.772,1.131,0.481,1.229,
17:48:41.613,16.024,0.666,-43.047,8.751,-49.228,-8.085,6.181,10.177,1.168,0.594,1.311,
17:48:41.634,16.044,-0.672,-43.815,8.132,-49.334,-8.804,5.519,10.391,0.915,0.831,1.236,
17:48:41.654,16.064,-1.549,-43.523,7.511,-49.433,-9.060,5.910,10.817,0.995,0.913,1.351,
17:48:41.674,16.084,-2.054,-43.293,6.890,-49.523,-8.944,6.230,10.900,1.051,0.877,1.369,
17:48:41.697,16.107,-2.286,-43.128,6.267,-49.606,-8.553,6.477,10.729,1.083,0.762,1.324,
17:48:41.716,16.127,-3.097,-42.142,5.643,-49.681,-8.740,7.539,11.542,1.357,0.827,1.590,
17:48:41.737,16.147,-3.592,-41.443,5.018,-49.748,-8.610,8.304,11.962,1.527,0.793,1.720,
17:48:41.757,16.168,-3.847,-40.998,4.393,-49.807,-8.240,8.809,12.062,1.609,0.689,1.750,
17:48:41.778,16.188,-4.698,-41.632,3.766,-49.858,-8.464,8.226,11.803,1.361,0.770,1.563,
17:48:41.800,16.210,-5.998,-41.291,3.140,-49.901,-9.137,8.611,12.555,1.422,0.979,1.727,
17:48:41.819,16.229,-6.846,-41.945,2.512,-49.937,-9.358,7.991,12.306,1.181,1.039,1.573,
17:48:41.839,16.249,-8.093,-43.332,1.885,-49.964,-9.977,6.632,11.980,0.735,1.214,1.419,
17:48:41.860,16.270,-8.865,-43.450,1.257,-49.984,-10.121,6.535,12.048,0.698,1.236,1.419,
17:48:41.880,16.290,-10.033,-43.457,0.628,-49.996,-10.661,6.539,12.507,0.695,1.375,1.541,
17:48:41.900,16.310,-10.841,-43.851,0.000,-50.000,-10.841,6.149,12.464,0.574,1.399,1.512,
17:48:41.921,16.331,-11.031,-43.447,-0.628,-49.996,-10.403,6.549,12.292,0.698,1.236,1.419,
17:48:41.941,16.351,-11.960,-43.261,-1.257,-49.984,-10.704,6.723,12.640,0.746,1.306,1.504,
17:48:41.961,16.371,-12.469,-43.146,-1.885,-49.964,-10.584,6.819,12.591,0.767,1.247,1.464,
17:48:41.981,16.391,-12.715,-43.066,-2.512,-49.937,-10.203,6.871,12.301,0.774,1.114,1.356,
17:48:42.002,16.412,-13.549,-43.011,-3.140,-49.901,-10.410,6.891,12.484,0.772,1.166,1.399,
17:48:42.022,16.433,-14.065,-42.973,-3.766,-49.858,-10.299,6.885,12.388,0.762,1.121,1.355,
17:48:42.043,16.453,-15.101,-42.950,-4.393,-49.807,-10.709,6.857,12.716,0.746,1.234,1.442,
17:48:42.063,16.473,-15.758,-42.938,-5.018,-49.748,-10.740,6.810,12.717,0.726,1.227,1.426,
17:48:42.083,16.493,-16.118,-42.933,-5.643,-49.681,-10.476,6.748,12.461,0.703,1.133,1.333,
17:48:42.103,16.514,-16.268,-42.932,-6.267,-49.606,-10.001,6.674,12.023,0.678,0.982,1.193,
17:48:42.125,16.535,-16.281,-42.933,-6.890,-49.523,-9.392,6.590,11.473,0.652,0.801,1.033,
17:48:42.144,16.555,-16.982,-42.935,-7.511,-49.433,-9.471,6.498,11.486,0.625,0.838,1.046,
17:48:42.165,16.575,-17.442,-42.936,-8.132,-49.334,-9.310,6.398,11.297,0.597,0.801,0.999,
17:48:42.185,16.596,-17.710,-42.936,-8.751,-49.228,-8.958,6.292,10.947,0.570,0.709,0.909,
17:48:42.207,16.617,-17.837,-42.935,-9.369,-49.114,-8.468,6.180,10.483,0.542,0.580,0.794,
17:48:42.228,16.639,-17.872,-42.932,-9.985,-48.993,-7.886,6.060,9.946,0.514,0.432,0.671,
17:48:42.249,16.659,-18.614,-42.929,-10.600,-48.863,-8.014,5.935,9.972,0.485,0.506,0.701,
17:48:42.269,16.680,-18.361,-42.924,-11.214,-48.726,-7.147,5.802,9.206,0.456,0.276,0.533,
17:48:42.290,16.700,-18.122,-42.919,-11.825,-48.582,-6.297,5.662,8.468,0.427,0.065,0.432,
17:48:42.310,16.721,-18.685,-42.914,-12.434,-48.429,-6.251,5.515,8.336,0.397,0.107,0.411,
17:48:42.334,16.744,-19.092,-42.908,-13.042,-48.269,-6.050,5.361,8.084,0.366,0.099,0.379,
17:48:42.352,16.762,-19.361,-42.902,-13.648,-48.101,-5.713,5.199,7.725,0.334,0.048,0.338,
17:48:42.372,16.782,-19.518,-43.775,-14.251,-47.926,-5.267,4.151,6.706,0.038,-0.033,0.051,
17:48:42.393,16.803,-19.596,-44.407,-14.852,-47.743,-4.744,3.337,5.800,-0.168,-0.134,0.215,
17:48:42.413,16.823,-19.620,-43.940,-15.451,-47.553,-4.170,3.613,5.517,-0.035,-0.246,0.248,
17:48:42.433,16.844,-19.614,-43.536,-16.047,-47.355,-3.567,3.819,5.225,0.066,-0.360,0.366,
17:48:42.454,16.864,-19.594,-43.219,-16.641,-47.150,-2.953,3.930,4.916,0.131,-0.473,0.491,
17:48:42.474,16.885,-19.570,-42.113,-17.232,-46.937,-2.338,4.824,5.361,0.426,-0.580,0.720,
17:48:42.495,16.905,-19.551,-42.206,-17.821,-46.716,-1.730,4.510,4.831,0.337,-0.681,0.760,
17:48:42.515,16.925,-19.538,-42.340,-18.406,-46.489,-1.132,4.149,4.300,0.240,-0.775,0.812,
17:48:42.535,16.946,-19.533,-41.601,-18.989,-46.254,-0.545,4.653,4.684,0.409,-0.863,0.955,
17:48:42.557,16.967,-19.536,-41.966,-19.569,-46.012,0.033,4.045,4.045,0.232,-0.944,0.972,
17:48:42.577,16.987,-19.544,-41.405,-20.145,-45.762,0.601,4.357,4.399,0.343,-1.021,1.077,
17:48:42.598,17.008,-20.318,-41.015,-20.719,-45.505,0.401,4.490,4.508,0.392,-0.864,0.949,
17:48:42.618,17.029,-20.886,-40.773,-21.289,-45.241,0.403,4.469,4.487,0.391,-0.783,0.875,
17:48:42.639,17.049,-21.265,-40.643,-21.856,-44.970,0.591,4.327,4.367,0.354,-0.765,0.843,
17:48:42.659,17.070,-22.251,-40.594,-22.419,-44.692,0.168,4.098,4.102,0.294,-0.567,0.639,
17:48:42.680,17.090,-22.914,-39.716,-22.979,-44.407,0.065,4.691,4.691,0.483,-0.481,0.682,
17:48:42.700,17.110,-23.309,-39.106,-23.535,-44.115,0.226,5.008,5.013,0.577,-0.482,0.752,
17:48:42.720,17.131,-24.264,-38.727,-24.088,-43.815,-0.177,5.089,5.092,0.593,-0.315,0.672,
17:48:42.741,17.151,-25.635,-38.524,-24.636,-43.509,-0.998,4.985,5.084,0.554,-0.036,0.555,
17:48:42.761,17.171,-26.550,-38.233,-25.181,-43.196,-1.368,4.963,5.148,0.542,0.089,0.549,
17:48:42.782,17.192,-26.915,-37.248,-25.722,-42.876,-1.193,5.628,5.753,0.737,0.041,0.738,
17:48:42.802,17.212,-27.107,-36.759,-26.259,-42.550,-0.849,5.790,5.852,0.768,-0.054,0.770,
17:48:42.822,17.233,-27.968,-37.419,-26.791,-42.216,-1.176,4.797,4.940,0.451,0.058,0.455,
17:48:42.843,17.253,-29.250,-37.044,-27.320,-41.876,-1.931,4.832,5.203,0.464,0.290,0.548,
17:48:42.863,17.273,-30.063,-36.803,-27.844,-41.530,-2.219,4.726,5.222,0.435,0.367,0.569,
17:48:42.883,17.294,-30.513,-36.664,-28.363,-41.177,-2.150,4.513,4.999,0.374,0.332,0.500,
17:48:42.904,17.314,-31.464,-36.598,-28.879,-40.817,-2.585,4.219,4.948,0.294,0.451,0.538,
17:48:42.924,17.334,-32.797,-36.581,-29.389,-40.451,-3.408,3.870,5.156,0.202,0.678,0.708,
17:48:42.944,17.354,-33.634,-36.591,-29.895,-40.078,-3.739,3.487,5.112,0.106,0.744,0.751,
17:48:42.965,17.376,-34.846,-36.614,-30.397,-39.700,-4.450,3.086,5.415,0.009,0.920,0.920,
17:48:42.986,17.396,-36.336,-36.639,-30.893,-39.314,-5.443,2.676,6.065,-0.084,1.170,1.173,
17:48:43.006,17.416,-37.250,-36.659,-31.385,-38.923,-5.865,2.264,6.287,-0.172,1.234,1.246,
17:48:43.026,17.436,-38.484,-36.673,-31.871,-38.526,-6.612,1.853,6.867,-0.255,1.394,1.417,
17:48:43.047,17.457,-39.961,-36.679,-32.353,-38.122,-7.609,1.443,7.744,-0.334,1.620,1.654,
17:48:43.066,17.477,-40.847,-35.799,-32.829,-37.713,-8.018,1.914,8.243,-0.145,1.656,1.663,
17:48:43.091,17.502,-42.046,-36.034,-33.301,-37.297,-8.746,1.263,8.836,-0.307,1.789,1.815,
17:48:43.107,17.518,-43.491,-36.242,-33.767,-36.876,-9.724,0.634,9.745,-0.452,1.991,2.042,
17:48:43.128,17.538,-44.348,-36.407,-34.227,-36.448,-10.121,0.042,10.121,-0.578,2.009,2.090,
17:48:43.149,17.559,-44.766,-36.524,-34.683,-36.015,-10.083,-0.508,10.096,-0.685,1.897,2.017,
17:48:43.169,17.579,-45.644,-35.718,-35.132,-35.577,-10.511,-0.141,10.512,-0.512,1.937,2.003,
17:48:43.191,17.601,-46.892,-35.117,-35.577,-35.132,-11.315,0.015,11.315,-0.415,2.090,2.130,
17:48:43.211,17.622,-47.650,-34.709,-36.015,-34.683,-11.635,-0.026,11.635,-0.386,2.090,2.125,
17:48:43.231,17.642,-48.797,-34.460,-36.448,-34.227,-12.348,-0.233,12.351,-0.409,2.211,2.249,
17:48:43.252,17.663,-49.477,-34.333,-36.876,-33.767,-12.601,-0.566,12.614,-0.471,2.189,2.239,
17:48:43.273,17.683,-50.570,-33.410,-37.297,-33.301,-13.273,-0.109,13.273,-0.292,2.298,2.316,
17:48:43.296,17.706,-51.216,-32.780,-37.713,-32.829,-13.503,0.050,13.503,-0.216,2.270,2.280,
17:48:43.313,17.724,-52.290,-32.395,-38.122,-32.353,-14.168,-0.042,14.168,-0.222,2.377,2.388,
17:48:43.334,17.744,-52.929,-31.318,-38.526,-31.871,-14.404,0.553,14.414,-0.022,2.352,2.352,
17:48:43.354,17.765,-54.004,-30.613,-38.923,-31.385,-15.081,0.772,15.101,0.052,2.464,2.465,
17:48:43.375,17.785,-54.648,-30.206,-39.314,-30.893,-15.334,0.687,15.349,0.029,2.444,2.444,
17:48:43.395,17.806,-54.968,-30.021,-39.700,-30.397,-15.268,0.376,15.273,-0.060,2.334,2.334,
17:48:43.415,17.826,-55.827,-29.103,-40.078,-29.895,-15.748,0.793,15.768,0.074,2.397,2.398,
17:48:43.436,17.846,-56.341,-28.512,-40.451,-29.389,-15.891,0.877,15.915,0.100,2.357,2.360,
17:48:43.456,17.867,-56.598,-28.181,-40.817,-28.879,-15.781,0.698,15.796,0.045,2.248,2.248,
17:48:43.477,17.887,-56.678,-28.038,-41.177,-28.363,-15.501,0.326,15.504,-0.064,2.097,2.098,
17:48:43.497,17.908,-56.650,-28.016,-41.530,-27.844,-15.120,-0.173,15.121,-0.204,1.928,1.939,
17:48:43.517,17.927,-57.330,-27.186,-41.876,-27.320,-15.453,0.134,15.454,-0.093,1.986,1.988,
17:48:43.538,17.948,-57.783,-25.748,-42.216,-26.791,-15.567,1.043,15.602,0.190,1.976,1.985,
17:48:43.558,17.968,-58.053,-24.776,-42.550,-26.259,-15.503,1.483,15.574,0.314,1.915,1.941,
17:48:43.579,17.989,-58.186,-23.311,-42.876,-25.722,-15.309,2.411,15.498,0.575,1.821,1.909,
17:48:43.598,18.009,-58.227,-21.501,-43.196,-25.181,-15.031,3.680,15.475,0.923,1.708,1.941,
17:48:43.619,18.029,-58.169,-20.327,-43.509,-24.636,-14.659,4.309,15.280,1.056,1.576,1.897,
17:48:43.640,18.050,-58.171,-19.864,-43.815,-24.088,-14.355,4.224,14.964,0.968,1.474,1.763,
17:48:43.661,18.071,-58.137,-19.639,-44.115,-23.535,-14.022,3.896,14.554,0.815,1.370,1.594,
17:48:43.681,18.091,-58.093,-18.668,-44.407,-22.979,-13.687,4.311,14.350,0.897,1.273,1.557,
17:48:43.701,18.111,-58.054,-18.108,-44.692,-22.419,-13.362,4.311,14.040,0.850,1.185,1.458,
17:48:43.721,18.131,-58.026,-17.837,-44.970,-21.856,-13.056,4.019,13.660,0.721,1.108,1.322,
17:48:43.742,18.152,-58.011,-16.884,-45.241,-21.289,-12.770,4.405,13.508,0.805,1.042,1.317,
17:48:43.762,18.173,-58.008,-16.290,-45.505,-20.719,-12.503,4.429,13.264,0.776,0.985,1.254,
17:48:43.783,18.193,-58.014,-15.093,-45.762,-20.145,-12.252,5.053,13.253,0.929,0.937,1.319,
17:48:43.803,18.214,-58.025,-14.333,-46.012,-19.569,-12.013,5.236,13.105,0.942,0.894,1.299,
17:48:43.824,18.234,-58.038,-13.035,-46.254,-18.989,-11.785,5.954,13.203,1.116,0.856,1.406,
17:48:43.844,18.254,-58.053,-12.224,-46.489,-18.406,-11.564,6.183,13.113,1.132,0.822,1.399,
17:48:43.865,18.275,-58.067,-11.789,-46.716,-17.821,-11.351,6.031,12.854,1.035,0.792,1.303,
17:48:43.884,18.295,-58.081,-11.621,-46.937,-17.232,-11.144,5.611,12.477,0.866,0.764,1.155,
17:48:43.905,18.315,-58.092,-11.622,-47.150,-16.641,-10.943,5.019,12.039,0.658,0.739,0.989,
17:48:43.926,18.336,-58.102,-12.594,-47.355,-16.047,-10.747,3.453,11.289,0.173,0.716,0.736,
17:48:43.949,18.359,-58.111,-12.482,-47.553,-15.451,-10.558,2.969,10.968,0.045,0.695,0.696,
17:48:43.970,18.380,-58.118,-12.392,-47.743,-14.852,-10.375,2.460,10.663,-0.083,0.676,0.681,
17:48:43.990,18.400,-58.124,-11.444,-47.926,-14.251,-10.198,2.807,10.578,0.054,0.659,0.661,
17:48:44.010,18.421,-58.891,-10.755,-48.101,-13.648,-10.790,2.893,11.171,0.103,0.872,0.878,
17:48:44.031,18.441,-59.448,-10.297,-48.269,-13.042,-11.179,2.745,11.511,0.077,1.010,1.013,
17:48:44.051,18.461,-60.575,-10.027,-48.429,-12.434,-12.146,2.408,12.383,-0.005,1.311,1.311,
17:48:44.071,18.482,-61.339,-9.894,-48.582,-11.825,-12.757,1.931,12.903,-0.123,1.485,1.490,
17:48:44.092,18.502,-61.798,-9.854,-48.726,-11.214,-13.072,1.359,13.142,-0.263,1.558,1.580,
17:48:44.112,18.523,-62.025,-9.869,-48.863,-10.600,-13.161,0.732,13.182,-0.411,1.560,1.613,
17:48:44.132,18.543,-62.091,-9.909,-48.993,-9.985,-13.099,0.076,13.099,-0.559,1.517,1.617,
17:48:44.153,18.564,-62.820,-9.077,-49.114,-9.369,-13.706,0.292,13.709,-0.438,1.678,1.734,
17:48:44.177,18.588,-63.288,-8.481,-49.228,-8.751,-14.060,0.270,14.062,-0.398,1.754,1.798,
17:48:44.198,18.608,-63.548,-8.093,-49.334,-8.132,-14.214,0.039,14.214,-0.425,1.765,1.816,
17:48:44.218,18.629,-64.419,-7.870,-49.433,-7.511,-14.987,-0.359,14.991,-0.501,1.963,2.026,
17:48:44.239,18.649,-64.982,-7.767,-49.523,-6.890,-15.459,-0.878,15.484,-0.610,2.058,2.146,
17:48:44.259,18.669,-65.298,-6.864,-49.606,-6.267,-15.693,-0.597,15.704,-0.474,2.077,2.130,
17:48:44.279,18.690,-65.435,-6.247,-49.681,-5.643,-15.754,-0.604,15.766,-0.435,2.044,2.090,
17:48:44.300,18.710,-65.452,-5.869,-49.748,-5.018,-15.704,-0.851,15.727,-0.471,1.983,2.038,
17:48:44.320,18.731,-66.161,-4.795,-49.807,-4.393,-16.355,-0.402,16.360,-0.298,2.136,2.157,
17:48:44.341,18.751,-66.630,-4.087,-49.858,-3.766,-16.772,-0.321,16.775,-0.248,2.212,2.225,
17:48:44.361,18.771,-66.903,-3.677,-49.901,-3.140,-17.001,-0.537,17.010,-0.291,2.227,2.246,
17:48:44.384,18.794,-67.030,-3.485,-49.937,-2.512,-17.093,-0.972,17.120,-0.398,2.202,2.237,
17:48:44.403,18.813,-67.058,-2.560,-49.964,-1.885,-17.094,-0.676,17.107,-0.279,2.153,2.171,
17:48:44.423,18.834,-67.028,-1.963,-49.984,-1.257,-17.044,-0.706,17.059,-0.267,2.093,2.110,
17:48:44.444,18.854,-66.969,-1.626,-49.996,-0.628,-16.973,-0.997,17.003,-0.335,2.033,2.061,
17:48:44.464,18.874,-66.141,-0.598,-50.000,-0.000,-16.141,-0.598,16.152,-0.191,1.750,1.761,
17:48:44.484,18.895,-65.527,0.066,-49.996,0.628,-15.531,-0.563,15.541,-0.168,1.554,1.563,
17:48:44.505,18.915,-65.114,0.440,-49.984,1.257,-15.130,-0.817,15.152,-0.233,1.433,1.452,
17:48:44.525,18.936,-64.869,1.483,-49.964,1.885,-14.905,-0.401,14.910,-0.093,1.374,1.377,
17:48:44.546,18.956,-64.752,2.148,-49.937,2.512,-14.815,-0.364,14.819,-0.076,1.358,1.360,
17:48:44.566,18.977,-64.722,2.516,-49.901,3.140,-14.821,-0.624,14.834,-0.150,1.372,1.381,
17:48:44.587,18.997,-63.985,3.549,-49.858,3.766,-14.127,-0.218,14.128,-0.020,1.175,1.175,
17:48:44.607,19.017,-63.484,4.202,-49.807,4.393,-13.677,-0.190,13.679,-0.012,1.064,1.064,
17:48:44.627,19.038,-63.182,4.560,-49.748,5.018,-13.434,-0.458,13.442,-0.093,1.022,1.026,
17:48:44.648,19.058,-63.031,5.585,-49.681,5.643,-13.351,-0.058,13.351,0.032,1.029,1.029,
17:48:44.668,19.078,-62.985,6.233,-49.606,6.267,-13.380,-0.033,13.380,0.036,1.068,1.069,
17:48:44.688,19.098,-62.243,6.587,-49.523,6.890,-12.720,-0.302,12.724,-0.049,0.897,0.898,
17:48:44.709,19.119,-62.505,6.732,-49.433,7.511,-13.073,-0.779,13.096,-0.190,1.040,1.058,
17:48:44.730,19.140,-61.998,7.621,-49.334,8.132,-12.664,-0.511,12.674,-0.098,0.944,0.950,
17:48:44.750,19.161,-61.663,8.195,-49.228,8.751,-12.434,-0.557,12.447,-0.107,0.908,0.914,
17:48:44.771,19.181,-61.466,9.397,-49.114,9.369,-12.352,0.028,12.352,0.073,0.917,0.919,
17:48:44.791,19.201,-61.373,10.178,-48.993,9.985,-12.381,0.192,12.382,0.115,0.957,0.964,
17:48:44.816,19.226,-61.350,11.501,-48.863,10.600,-12.487,0.901,12.519,0.318,1.017,1.066,
17:48:44.836,19.246,-61.368,12.338,-48.726,11.214,-12.642,1.124,12.692,0.362,1.087,1.146,
17:48:44.856,19.267,-61.407,12.793,-48.582,11.825,-12.825,0.968,12.862,0.291,1.159,1.195,
17:48:44.876,19.287,-61.450,12.977,-48.429,12.434,-13.021,0.543,13.032,0.144,1.230,1.239,
17:48:44.897,19.307,-61.490,13.866,-48.269,13.042,-13.221,0.824,13.246,0.219,1.298,1.316,
17:48:44.917,19.327,-61.521,14.415,-48.101,13.648,-13.419,0.768,13.441,0.189,1.360,1.373,
17:48:44.937,19.348,-61.542,15.585,-47.926,14.251,-13.616,1.334,13.681,0.347,1.417,1.459,
17:48:44.958,19.368,-61.553,17.210,-47.743,14.852,-13.810,2.358,14.009,0.633,1.469,1.600,
17:48:44.978,19.389,-61.556,19.140,-47.553,15.451,-14.003,3.689,14.481,0.993,1.519,1.814,
17:48:44.999,19.409,-60.791,21.250,-47.355,16.047,-13.436,5.203,14.408,1.384,1.337,1.924,
17:48:45.020,19.430,-60.232,21.687,-47.150,16.641,-13.082,5.046,14.021,1.251,1.231,1.755,
17:48:45.041,19.451,-59.723,22.783,-46.937,17.232,-12.786,5.551,13.939,1.328,1.150,1.757,
17:48:45.062,19.472,-59.656,24.184,-46.716,17.821,-12.940,6.364,14.420,1.494,1.209,1.922,
17:48:45.082,19.492,-60.447,24.875,-46.489,18.406,-13.958,6.469,15.385,1.440,1.523,2.096,
17:48:45.103,19.513,-60.146,26.112,-46.254,18.989,-13.892,7.123,15.612,1.557,1.490,2.155,
17:48:45.123,19.534,-59.930,25.926,-46.012,19.569,-13.918,6.357,15.301,1.243,1.488,1.939,
17:48:45.144,19.554,-59.784,27.381,-45.762,20.145,-14.022,7.236,15.779,1.446,1.510,2.090,
17:48:45.164,19.574,-59.697,26.558,-45.505,20.719,-14.191,5.839,15.346,0.954,1.550,1.820,
17:48:45.184,19.594,-59.652,27.565,-45.241,21.289,-14.411,6.277,15.718,1.049,1.603,1.915,
17:48:45.204,19.615,-59.637,28.232,-44.970,21.856,-14.667,6.376,15.993,1.036,1.663,1.960,
17:48:45.225,19.635,-59.639,29.503,-44.692,22.419,-14.947,7.084,16.541,1.209,1.728,2.109,
17:48:45.246,19.657,-59.649,30.329,-44.407,22.979,-15.242,7.350,16.921,1.239,1.793,2.179,
17:48:45.267,19.677,-60.422,31.679,-44.115,23.535,-16.307,8.144,18.228,1.426,2.086,2.527,
17:48:45.287,19.698,-60.222,32.529,-43.815,24.088,-16.406,8.441,18.451,1.454,2.070,2.530,
17:48:45.308,19.718,-60.799,32.989,-43.509,24.636,-17.290,8.353,19.202,1.367,2.292,2.669,
17:48:45.328,19.739,-61.198,34.052,-43.196,25.181,-18.002,8.870,20.069,1.469,2.449,2.856,
17:48:45.348,19.759,-61.443,34.695,-42.876,25.722,-18.567,8.973,20.622,1.442,2.554,2.933,
17:48:45.368,19.779,-61.568,35.022,-42.550,26.259,-19.019,8.764,20.941,1.324,2.620,2.935,
17:48:45.389,19.799,-61.608,35.131,-42.216,26.791,-19.391,8.340,21.108,1.152,2.660,2.899,
17:48:45.409,19.820,-61.592,35.105,-41.876,27.320,-19.716,7.785,21.197,0.954,2.685,2.849,
17:48:45.430,19.840,-61.546,35.889,-41.530,27.844,-20.016,8.045,21.573,1.015,2.704,2.888,
17:48:45.451,19.861,-61.488,35.529,-41.177,28.363,-20.311,7.165,21.538,0.730,2.722,2.818,
17:48:45.471,19.881,-62.190,35.197,-40.817,28.879,-21.373,6.318,22.288,0.474,2.972,3.009,
17:48:45.491,19.901,-61.929,36.684,-40.451,29.389,-21.478,7.295,22.683,0.783,2.919,3.023,
17:48:45.511,19.921,-61.695,36.883,-40.078,29.895,-21.617,6.987,22.718,0.685,2.884,2.964,
17:48:45.531,19.941,-61.507,35.197,-39.700,30.397,-21.808,4.801,22.330,0.031,2.869,2.869,
17:48:45.552,19.962,-61.368,35.674,-39.314,30.893,-22.054,4.781,22.566,0.070,2.874,2.875,
17:48:45.577,19.987,-61.274,36.944,-38.923,31.385,-22.351,5.559,23.032,0.344,2.896,2.917,
17:48:45.595,20.005,-61.216,37.877,-38.526,31.871,-22.690,6.006,23.471,0.499,2.932,2.974,
17:48:45.616,20.026,-61.185,38.501,-38.122,32.353,-23.062,6.148,23.868,0.552,2.977,3.028,
17:48:45.636,20.047,-61.172,38.871,-37.713,32.829,-23.459,6.042,24.225,0.526,3.029,3.075,
17:48:45.656,20.067,-61.170,39.053,-37.297,33.301,-23.873,5.752,24.556,0.447,3.085,3.117,
17:48:45.677,20.087,-60.412,39.984,-36.876,33.767,-23.536,6.217,24.344,0.600,2.914,2.975,
17:48:45.697,20.107,-59.864,39.718,-36.448,34.227,-23.416,5.490,24.051,0.384,2.822,2.848,
17:48:45.718,20.128,-59.505,39.435,-36.015,34.683,-23.490,4.752,23.966,0.179,2.796,2.802,
17:48:45.738,20.148,-58.537,39.182,-35.577,35.132,-22.960,4.049,23.314,-0.002,2.593,2.593,
17:48:45.758,20.169,-57.889,39.859,-35.132,35.577,-22.757,4.282,23.156,0.108,2.502,2.504,
17:48:45.779,20.189,-56.744,41.231,-34.683,36.015,-22.062,5.216,22.670,0.420,2.271,2.309,
17:48:45.799,20.209,-56.006,41.317,-34.227,36.448,-21.779,4.869,22.317,0.326,2.180,2.204,
17:48:45.819,20.230,-54.831,42.170,-33.767,36.876,-21.065,5.295,21.720,0.470,1.965,2.021,
17:48:45.840,20.250,-54.101,43.602,-33.301,37.297,-20.801,6.305,21.735,0.779,1.900,2.054,
17:48:45.860,20.271,-53.716,43.675,-32.829,37.713,-20.887,5.962,21.721,0.661,1.944,2.053,
17:48:45.880,20.291,-52.812,43.595,-32.353,38.122,-20.460,5.473,21.179,0.508,1.830,1.899,
17:48:45.901,20.312,-51.740,43.920,-31.871,38.526,-19.869,5.395,20.588,0.489,1.675,1.744,
17:48:45.923,20.333,-50.940,43.427,-31.385,38.923,-19.555,4.504,20.067,0.226,1.612,1.627,
17:48:45.943,20.354,-50.487,44.158,-30.893,39.314,-19.595,4.843,20.184,0.351,1.658,1.695,
17:48:45.964,20.374,-49.453,43.681,-30.397,39.700,-19.057,3.982,19.468,0.106,1.527,1.530,
17:48:45.985,20.396,-48.830,45.098,-29.895,40.078,-18.935,5.020,19.589,0.446,1.528,1.592,
17:48:46.006,20.416,-47.746,46.098,-29.389,40.451,-18.356,5.647,19.205,0.640,1.391,1.531,
17:48:46.027,20.437,-47.085,46.748,-28.879,40.817,-18.206,5.932,19.148,0.718,1.390,1.565,
17:48:46.047,20.458,-46.748,47.120,-28.363,41.177,-18.385,5.943,19.321,0.709,1.487,1.647,
17:48:46.068,20.478,-45.873,47.285,-27.844,41.530,-18.029,5.756,18.925,0.641,1.415,1.554,
17:48:46.088,20.498,-45.345,48.196,-27.320,41.876,-18.026,6.320,19.101,0.804,1.453,1.661,
17:48:46.109,20.519,-44.317,48.785,-26.791,42.216,-17.526,6.568,18.716,0.861,1.338,1.591,
17:48:46.131,20.541,-42.917,49.117,-26.259,42.550,-16.658,6.567,17.906,0.840,1.119,1.400,
17:48:46.151,20.561,-42.025,48.383,-25.722,42.876,-16.303,5.507,17.208,0.504,1.068,1.181,
17:48:46.172,20.582,-41.534,47.769,-25.181,43.196,-16.353,4.573,16.980,0.228,1.139,1.161,
17:48:46.192,20.602,-40.569,48.182,-24.636,43.509,-15.932,4.673,16.604,0.281,1.062,1.099,
17:48:46.213,20.623,-39.998,48.499,-24.088,43.815,-15.911,4.684,16.586,0.303,1.109,1.149,
17:48:46.233,20.643,-39.722,46.966,-23.535,44.115,-16.187,2.851,16.436,-0.230,1.240,1.261,
17:48:46.253,20.664,-38.883,47.593,-22.979,44.407,-15.904,3.186,16.220,-0.078,1.193,1.196,
17:48:46.273,20.684,-38.373,48.112,-22.419,44.692,-15.954,3.420,16.317,0.032,1.248,1.248,
17:48:46.293,20.704,-38.111,48.506,-21.856,44.970,-16.256,3.536,16.636,0.098,1.373,1.376,
17:48:46.314,20.724,-38.021,48.779,-21.289,45.241,-16.732,3.537,17.102,0.124,1.541,1.546,
17:48:46.338,20.749,-38.035,48.949,-20.719,45.505,-17.316,3.443,17.655,0.118,1.730,1.734,
17:48:46.356,20.767,-38.104,49.918,-20.145,45.762,-17.959,4.156,18.433,0.355,1.922,1.955,
17:48:46.377,20.787,-38.191,50.591,-19.569,46.012,-18.622,4.579,19.177,0.488,2.109,2.165,
17:48:46.397,20.807,-38.273,49.251,-18.989,46.254,-19.284,2.998,19.516,0.010,2.283,2.283,
17:48:46.418,20.828,-38.339,49.955,-18.406,46.489,-19.933,3.466,20.232,0.180,2.442,2.449,
17:48:46.438,20.848,-38.384,49.596,-17.821,46.716,-20.563,2.879,20.764,0.020,2.586,2.586,
17:48:46.458,20.869,-38.407,49.307,-17.232,46.937,-21.175,2.370,21.307,-0.105,2.717,2.719,
17:48:46.479,20.889,-38.412,49.976,-16.641,47.150,-21.771,2.826,21.954,0.066,2.836,2.836,
17:48:46.499,20.909,-39.165,51.355,-16.047,47.355,-23.117,4.000,23.461,0.439,3.174,3.204,
17:48:46.519,20.929,-39.698,52.332,-15.451,47.553,-24.247,4.780,24.714,0.669,3.427,3.491,
17:48:46.540,20.950,-39.275,52.079,-14.852,47.743,-24.423,4.336,24.805,0.517,3.379,3.418,
17:48:46.560,20.970,-38.903,52.665,-14.251,47.926,-24.653,4.739,25.104,0.630,3.354,3.413,
17:48:46.580,20.991,-39.368,53.026,-13.648,48.101,-25.720,4.925,26.188,0.670,3.586,3.648,
17:48:46.601,21.012,-39.702,54.093,-13.042,48.269,-26.659,5.824,27.288,0.922,3.766,3.877,
17:48:46.621,21.032,-39.154,53.917,-12.434,48.429,-26.720,5.488,27.278,0.787,3.674,3.758,
17:48:46.642,21.052,-38.719,54.566,-11.825,48.582,-26.894,5.984,27.552,0.912,3.626,3.739,
17:48:46.663,21.073,-38.400,56.730,-11.214,48.726,-27.187,8.004,28.341,1.487,3.620,3.914,
17:48:46.683,21.094,-38.949,56.465,-10.600,48.863,-28.349,7.602,29.350,1.297,3.879,4.090,
17:48:46.704,21.114,-38.613,55.232,-9.985,48.993,-28.627,6.239,29.299,0.835,3.858,3.947,
17:48:46.724,21.134,-38.359,55.114,-9.369,49.114,-28.990,5.999,29.604,0.742,3.867,3.938,
17:48:46.744,21.155,-38.182,55.018,-8.751,49.228,-29.431,5.790,29.995,0.665,3.903,3.959,
17:48:46.764,21.175,-38.070,54.070,-8.132,49.334,-29.938,4.736,30.310,0.340,3.959,3.973,
17:48:46.784,21.195,-38.008,53.388,-7.511,49.433,-30.496,3.956,30.752,0.119,4.030,4.032,
17:48:46.805,21.216,-37.979,52.946,-6.890,49.523,-31.090,3.423,31.278,-0.013,4.110,4.110,
17:48:46.826,21.236,-37.972,52.699,-6.267,49.606,-31.705,3.093,31.856,-0.076,4.194,4.195,
17:48:46.846,21.256,-37.976,51.715,-5.643,49.681,-32.333,2.034,32.397,-0.355,4.280,4.295,
17:48:46.866,21.276,-37.983,51.068,-5.018,49.748,-32.965,1.320,32.992,-0.514,4.365,4.395,
17:48:46.886,21.297,-37.229,51.574,-4.393,49.807,-32.836,1.767,32.884,-0.315,4.220,4.231,
17:48:46.907,21.317,-36.680,50.286,-3.766,49.858,-32.914,0.428,32.917,-0.668,4.149,4.203,
17:48:46.928,21.338,-36.317,50.277,-3.140,49.901,-33.178,0.376,33.180,-0.612,4.143,4.188,
17:48:46.948,21.358,-36.104,50.369,-2.512,49.937,-33.592,0.432,33.595,-0.530,4.185,4.218,
17:48:46.968,21.378,-35.241,49.627,-1.885,49.964,-33.357,-0.337,33.358,-0.704,4.031,4.092,
17:48:46.989,21.399,-34.661,50.013,-1.257,49.984,-33.405,0.029,33.405,-0.527,3.976,4.011,
17:48:47.010,21.420,-33.554,49.482,-0.628,49.996,-32.925,-0.514,32.929,-0.637,3.769,3.822,
17:48:47.030,21.441,-32.830,49.127,-0.000,50.000,-32.830,-0.873,32.842,-0.686,3.693,3.756,
17:48:47.050,21.460,-30.893,48.036,0.628,49.996,-31.522,-1.960,31.583,-0.952,3.259,3.395,
17:48:47.071,21.481,-29.602,48.174,1.257,49.984,-30.858,-1.810,30.911,-0.832,3.049,3.161,
17:48:47.093,21.503,-28.840,49.243,1.885,49.964,-30.725,-0.722,30.733,-0.440,3.013,3.045,
17:48:47.114,21.524,-27.714,50.074,2.512,49.937,-30.226,0.137,30.227,-0.146,2.869,2.873,
17:48:47.134,21.544,-26.306,50.662,3.140,49.901,-29.445,0.761,29.455,0.057,2.650,2.651,
17:48:47.155,21.565,-24.698,51.036,3.766,49.858,-28.464,1.178,28.489,0.184,2.386,2.393,
17:48:47.175,21.585,-22.963,50.359,4.393,49.807,-27.355,0.553,27.361,-0.010,2.099,2.099,
17:48:47.196,21.606,-21.919,50.679,5.018,49.748,-26.937,0.931,26.953,0.110,2.037,2.040,
17:48:47.217,21.628,-19.877,51.773,5.643,49.681,-25.519,2.092,25.605,0.457,1.678,1.739,
17:48:47.238,21.648,-17.852,53.417,6.267,49.606,-24.119,3.812,24.418,0.948,1.345,1.645,
17:48:47.259,21.669,-15.877,54.534,6.890,49.523,-22.766,5.011,23.311,1.251,1.046,1.631,
17:48:47.278,21.689,-13.201,55.208,7.511,49.433,-20.712,5.775,21.502,1.405,0.553,1.510,
17:48:47.299,21.709,-10.793,56.420,8.132,49.334,-18.925,7.086,20.208,1.716,0.168,1.724,
17:48:47.319,21.729,-8.626,56.276,8.751,49.228,-17.377,7.048,18.752,1.604,-0.124,1.608,
17:48:47.340,21.750,-6.652,57.765,9.369,49.114,-16.021,8.650,18.207,1.995,-0.344,2.024,
17:48:47.360,21.770,-4.819,58.734,9.985,48.993,-14.805,9.742,17.722,2.209,-0.515,2.268,
17:48:47.381,21.791,-3.080,59.285,10.600,48.863,-13.681,10.421,17.198,2.289,-0.652,2.380,
17:48:47.401,21.811,-1.395,60.405,11.214,48.726,-12.609,11.678,17.186,2.542,-0.772,2.656,
17:48:47.421,21.832,0.466,61.019,11.825,48.582,-11.358,12.438,16.844,2.632,-0.944,2.796,
17:48:47.442,21.852,1.003,61.318,12.434,48.429,-11.431,12.889,17.228,2.629,-0.714,2.724,
17:48:47.462,21.872,2.129,61.418,13.042,48.269,-10.913,13.149,17.088,2.573,-0.684,2.662,
17:48:47.482,21.892,4.298,61.398,13.648,48.101,-9.350,13.297,16.255,2.491,-0.975,2.675,
17:48:47.503,21.913,5.600,62.192,14.251,47.926,-8.651,14.266,16.684,2.666,-0.994,2.845,
17:48:47.523,21.933,7.046,62.695,14.852,47.743,-7.806,14.952,16.867,2.748,-1.061,2.946,
17:48:47.543,21.954,8.609,62.977,15.451,47.553,-6.842,15.425,16.874,2.764,-1.166,3.000,
17:48:47.563,21.974,9.498,62.219,16.047,47.355,-6.549,14.864,16.243,2.474,-1.069,2.695,
17:48:47.584,21.994,10.659,61.597,16.641,47.150,-5.982,14.447,15.636,2.250,-1.067,2.490,
17:48:47.604,22.014,11.286,61.132,17.232,46.937,-5.946,14.196,15.391,2.094,-0.911,2.284,
17:48:47.624,22.035,12.298,59.938,17.821,46.716,-5.523,13.222,14.329,1.735,-0.887,1.948,
17:48:47.644,22.055,12.859,59.993,18.406,46.489,-5.547,13.504,14.599,1.778,-0.736,1.924,
17:48:47.665,22.075,13.098,60.121,18.989,46.254,-5.891,13.867,15.067,1.844,-0.504,1.912,
17:48:47.685,22.095,13.130,60.275,19.569,46.012,-6.439,14.263,15.649,1.917,-0.230,1.931,
17:48:47.706,22.116,13.806,59.544,20.145,45.762,-6.339,13.782,15.170,1.724,-0.173,1.732,
17:48:47.726,22.136,14.224,59.033,20.719,45.505,-6.495,13.528,15.006,1.613,-0.045,1.614,
17:48:47.747,22.157,14.445,58.712,21.289,45.241,-6.844,13.470,15.109,1.570,0.129,1.575,
17:48:47.767,22.177,15.294,56.781,21.856,44.970,-6.562,11.811,13.511,1.050,0.100,1.054,
17:48:47.788,22.198,15.851,55.440,22.419,44.692,-6.568,10.748,12.596,0.744,0.157,0.760,
17:48:47.808,22.218,16.175,55.483,22.979,44.407,-6.804,11.077,13.000,0.876,0.278,0.919,
17:48:47.829,22.239,16.329,54.801,23.535,44.115,-7.206,10.686,12.889,0.782,0.439,0.896,
17:48:47.851,22.261,16.372,54.421,24.088,43.815,-7.716,10.605,13.115,0.786,0.620,1.001,
17:48:47.871,22.282,16.349,52.501,24.636,43.509,-8.287,8.992,12.228,0.330,0.806,0.871,
17:48:47.892,22.302,16.297,52.087,25.181,43.196,-8.884,8.891,12.569,0.356,0.988,1.050,
17:48:47.912,22.323,16.238,51.074,25.722,42.876,-9.484,8.197,12.536,0.201,1.158,1.175,
17:48:47.933,22.343,16.186,49.596,26.259,42.550,-10.072,7.047,12.293,-0.082,1.313,1.316,
17:48:47.953,22.363,16.149,49.550,26.791,42.216,-10.642,7.334,12.924,0.083,1.454,1.456,
17:48:47.975,22.385,15.367,49.694,27.320,41.876,-11.953,7.817,14.282,0.293,1.808,1.831,
17:48:47.996,22.406,14.809,49.045,27.844,41.530,-13.035,7.515,15.046,0.251,2.071,2.086,
17:48:48.017,22.427,14.453,47.775,28.363,41.177,-13.911,6.599,15.396,0.026,2.257,2.257,
17:48:48.037,22.447,14.260,46.942,28.879,40.817,-14.619,6.125,15.850,-0.053,2.383,2.384,
17:48:48.058,22.468,13.426,46.460,29.389,40.451,-15.964,6.009,17.057,-0.021,2.694,2.694,
17:48:48.078,22.488,12.881,45.359,29.895,40.078,-17.015,5.281,17.815,-0.177,2.900,2.905,
17:48:48.098,22.509,12.572,44.672,30.397,39.700,-17.825,4.973,18.505,-0.199,3.023,3.030,
17:48:48.119,22.529,12.439,43.427,30.893,39.314,-18.454,4.113,18.907,-0.387,3.088,3.112,
17:48:48.138,22.549,12.473,42.531,31.385,38.923,-18.911,3.608,19.253,-0.459,3.101,3.135,
17:48:48.159,22.569,12.480,42.302,31.871,38.526,-19.391,3.777,19.755,-0.326,3.124,3.141,
17:48:48.179,22.589,12.730,41.604,32.353,38.122,-19.623,3.482,19.929,-0.344,3.075,3.094,
17:48:48.199,22.610,12.657,40.829,32.829,37.713,-20.173,3.116,20.412,-0.385,3.128,3.152,
17:48:48.220,22.630,12.713,40.450,33.301,37.297,-20.588,3.153,20.828,-0.304,3.142,3.157,
17:48:48.241,22.651,13.595,39.345,33.767,36.876,-20.171,2.469,20.322,-0.447,2.909,2.943,
17:48:48.261,22.671,14.214,39.561,34.227,36.448,-20.013,3.112,20.254,-0.185,2.772,2.778,
17:48:48.283,22.694,14.624,39.828,34.683,36.015,-20.059,3.812,20.418,0.075,2.709,2.710,
17:48:48.305,22.715,14.862,40.096,35.132,35.577,-20.270,4.519,20.768,0.317,2.702,2.720,
17:48:48.324,22.734,15.736,40.327,35.577,35.132,-19.841,5.195,20.510,0.534,2.506,2.562,
17:48:48.345,22.755,16.313,39.622,36.015,34.683,-19.702,4.939,20.312,0.455,2.412,2.454,
17:48:48.365,22.775,16.649,39.985,36.448,34.227,-19.800,5.757,20.620,0.705,2.397,2.498,
17:48:48.386,22.796,17.569,40.273,36.876,33.767,-19.307,6.507,20.374,0.917,2.207,2.390,
17:48:48.407,22.817,18.159,40.479,37.297,33.301,-19.138,7.179,20.441,1.092,2.129,2.393,
17:48:48.428,22.838,19.248,40.610,37.713,32.829,-18.465,7.780,20.037,1.235,1.905,2.271,
17:48:48.448,22.858,19.938,40.677,38.122,32.353,-18.184,8.324,19.999,1.352,1.815,2.264,
17:48:48.468,22.879,20.314,40.697,38.526,31.871,-18.211,8.826,20.237,1.451,1.824,2.331,
17:48:48.488,22.899,20.465,40.686,38.923,31.385,-18.458,9.301,20.669,1.537,1.898,2.442,
17:48:48.509,22.919,21.231,40.655,39.314,30.893,-18.083,9.762,20.550,1.614,1.780,2.403,
17:48:48.530,22.940,21.707,40.616,39.700,30.397,-17.993,10.219,20.692,1.687,1.756,2.435,
17:48:48.550,22.960,22.719,39.695,40.078,29.895,-17.360,9.799,19.934,1.495,1.570,2.168,
17:48:48.570,22.980,23.364,39.896,40.451,29.389,-17.087,10.506,20.059,1.656,1.505,2.237,
17:48:48.591,23.001,23.719,40.079,40.817,28.879,-17.098,11.200,20.440,1.803,1.529,2.364,
17:48:48.613,23.023,23.865,41.105,41.177,28.363,-17.311,12.742,21.495,2.197,1.611,2.724,
17:48:48.634,23.044,23.877,41.849,41.530,27.844,-17.653,14.005,22.534,2.484,1.725,3.024,
17:48:48.654,23.065,24.573,41.455,41.876,27.320,-17.304,14.136,22.343,2.415,1.624,2.910,
17:48:48.674,23.085,25.788,41.092,42.216,26.791,-16.428,14.301,21.781,2.364,1.372,2.734,
17:48:48.694,23.105,26.600,40.791,42.550,26.259,-15.949,14.532,21.577,2.340,1.256,2.656,
17:48:48.715,23.125,27.081,40.561,42.876,25.722,-15.795,14.839,21.673,2.344,1.243,2.653,
17:48:48.737,23.148,27.313,41.280,43.196,25.181,-15.883,16.099,22.615,2.636,1.303,2.940,
17:48:48.758,23.169,27.377,40.936,43.509,24.636,-16.133,16.300,22.933,2.593,1.407,2.950,
17:48:48.779,23.189,28.099,41.538,43.815,24.088,-15.716,17.450,23.484,2.842,1.303,3.126,
17:48:48.799,23.210,28.561,41.970,44.115,23.535,-15.554,18.435,24.120,3.028,1.281,3.288,
17:48:48.820,23.230,29.579,42.249,44.407,22.979,-14.828,19.270,24.315,3.160,1.090,3.343,
17:48:48.840,23.250,30.240,42.403,44.692,22.419,-14.452,19.984,24.662,3.251,1.017,3.406,
17:48:48.861,23.271,30.616,42.465,44.970,21.856,-14.355,20.609,25.116,3.313,1.030,3.470,
17:48:48.881,23.292,30.782,42.465,45.241,21.289,-14.459,21.176,25.642,3.358,1.102,3.534,
17:48:48.902,23.312,30.811,41.549,45.505,20.719,-14.695,20.830,25.492,3.130,1.207,3.355,
17:48:48.922,23.332,30.758,40.857,45.762,20.145,-15.004,20.712,25.575,2.990,1.326,3.271,
17:48:48.944,23.354,31.431,40.380,46.012,19.569,-14.581,20.811,25.411,2.928,1.217,3.171,
17:48:48.964,23.374,32.647,40.085,46.254,18.989,-13.606,21.096,25.103,2.929,0.949,3.078,
17:48:48.983,23.394,33.475,39.051,46.489,18.406,-13.014,20.645,24.404,2.711,0.812,2.830,
17:48:49.004,23.414,33.977,38.356,46.716,17.821,-12.739,20.536,24.166,2.614,0.779,2.727,
17:48:49.024,23.435,34.231,37.942,46.937,17.232,-12.706,20.710,24.297,2.610,0.818,2.735,
17:48:49.045,23.455,34.313,36.860,47.150,16.641,-12.837,20.219,23.950,2.409,0.903,2.573,
17:48:49.065,23.475,35.050,35.285,47.355,16.047,-12.305,19.238,22.837,2.076,0.781,2.218,
17:48:49.086,23.496,35.521,34.258,47.553,15.451,-12.031,18.807,22.326,1.931,0.744,2.070,
17:48:49.107,23.517,35.784,33.672,47.743,14.852,-11.960,18.820,22.298,1.930,0.768,2.078,
17:48:49.127,23.538,36.656,32.531,47.926,14.251,-11.270,18.280,21.475,1.763,0.604,1.864,
17:48:49.147,23.558,37.221,30.089,48.101,13.648,-10.880,16.442,19.716,1.218,0.540,1.333,
17:48:49.169,23.579,37.540,29.354,48.269,13.042,-10.729,16.312,19.524,1.222,0.549,1.340,
17:48:49.190,23.600,37.680,28.173,48.429,12.434,-10.749,15.739,19.059,1.091,0.608,1.249,
17:48:49.210,23.621,37.701,26.638,48.582,11.825,-10.880,14.813,18.379,0.861,0.694,1.106,
17:48:49.230,23.641,38.416,24.843,48.726,11.214,-10.311,13.630,17.090,0.569,0.562,0.800,
17:48:49.251,23.661,38.889,23.757,48.863,10.600,-9.974,13.157,16.510,0.506,0.508,0.717,
17:48:49.271,23.681,39.167,22.331,48.993,9.985,-9.826,12.345,15.778,0.344,0.512,0.617,
17:48:49.291,23.701,40.061,21.518,49.114,9.369,-9.054,12.149,15.152,0.374,0.328,0.497,
17:48:49.311,23.721,40.646,20.277,49.228,8.751,-8.582,11.526,14.370,0.271,0.244,0.365,
17:48:49.332,23.742,41.745,19.574,49.334,8.132,-7.589,11.443,13.731,0.334,0.008,0.334,
17:48:49.353,23.763,41.689,18.386,49.433,7.511,-7.743,10.875,13.350,0.245,0.129,0.277,
17:48:49.373,23.783,41.530,17.697,49.523,6.890,-7.993,10.808,13.442,0.309,0.268,0.409,
17:48:49.393,23.804,42.096,15.619,49.606,6.267,-7.510,9.352,11.995,-0.050,0.177,0.184,
17:48:49.414,23.824,42.457,14.269,49.681,5.643,-7.223,8.627,11.252,-0.170,0.148,0.225,
17:48:49.434,23.845,42.658,12.624,49.748,5.018,-7.090,7.606,10.398,-0.373,0.165,0.408,
17:48:49.455,23.865,42.742,11.645,49.807,4.393,-7.064,7.253,10.125,-0.365,0.212,0.422,
17:48:49.475,23.885,43.513,11.167,49.858,3.766,-6.345,7.400,9.748,-0.212,0.046,0.217,
17:48:49.495,23.905,44.031,10.150,49.901,3.140,-5.870,7.011,9.144,-0.234,-0.038,0.237,
17:48:49.515,23.926,44.340,7.824,49.937,2.512,-5.597,5.312,7.716,-0.650,-0.057,0.652,
17:48:49.536,23.946,44.492,7.183,49.964,1.885,-5.472,5.298,7.617,-0.536,-0.033,0.537,
17:48:49.557,23.967,44.536,6.069,49.984,1.257,-5.448,4.813,7.269,-0.575,0.018,0.575,
17:48:49.582,23.992,44.514,5.454,49.996,0.628,-5.482,4.826,7.303,-0.465,0.081,0.472,
17:48:49.602,24.012,44.458,5.196,50.000,0.000,-5.542,5.196,7.596,-0.260,0.145,0.297,
17:48:49.622,24.033,44.391,4.290,49.996,-0.628,-5.605,4.918,7.457,-0.265,0.205,0.335,
17:48:49.642,24.053,44.327,3.756,49.984,-1.257,-5.657,5.012,7.558,-0.161,0.256,0.303,
17:48:49.663,24.074,44.274,3.496,49.964,-1.885,-5.690,5.380,7.831,0.016,0.297,0.298,
17:48:49.685,24.095,44.996,3.421,49.937,-2.512,-4.941,5.933,7.721,0.234,0.100,0.254,
17:48:49.706,24.116,45.522,3.456,49.901,-3.140,-4.379,6.595,7.917,0.468,-0.029,0.469,
17:48:49.726,24.137,45.870,3.544,49.858,-3.766,-3.988,7.310,8.327,0.702,-0.100,0.709,
17:48:49.747,24.157,45.311,3.646,49.807,-4.393,-4.496,8.039,9.210,0.923,0.102,0.929,
17:48:49.767,24.177,44.852,3.739,49.748,-5.018,-4.895,8.757,10.033,1.127,0.257,1.156,
17:48:49.788,24.198,44.510,3.810,49.681,-5.643,-5.171,9.453,10.775,1.311,0.363,1.360,
17:48:49.809,24.219,45.039,3.856,49.606,-6.267,-4.567,10.123,11.105,1.475,0.197,1.488,
17:48:49.829,24.239,44.691,3.878,49.523,-6.890,-4.832,10.767,11.802,1.622,0.303,1.650,
17:48:49.849,24.259,44.433,3.879,49.433,-7.511,-5.000,11.391,12.440,1.755,0.371,1.793,
17:48:49.870,24.280,44.259,3.866,49.334,-8.132,-5.075,11.998,13.027,1.875,0.406,1.919,
17:48:49.891,24.301,44.155,3.842,49.228,-8.751,-5.073,12.593,13.577,1.986,0.416,2.029,
17:48:49.911,24.321,44.105,3.813,49.114,-9.369,-5.010,13.182,14.102,2.090,0.406,2.129,
17:48:49.931,24.342,43.329,3.781,48.993,-9.985,-5.664,13.766,14.886,2.188,0.612,2.272,
17:48:49.951,24.362,42.785,3.749,48.863,-10.600,-6.079,14.349,15.584,2.282,0.732,2.396,
17:48:49.972,24.382,42.441,3.719,48.726,-11.214,-6.285,14.932,16.201,2.372,0.781,2.497,
17:48:49.992,24.403,41.495,2.812,48.582,-11.825,-7.087,14.637,16.262,2.196,1.007,2.415,
17:48:50.012,24.423,41.631,3.027,48.429,-12.434,-6.798,15.462,16.890,2.370,0.890,2.532,
17:48:50.033,24.443,41.060,3.223,48.269,-13.042,-7.209,16.265,17.792,2.529,0.992,2.716,
17:48:50.053,24.463,40.703,3.381,48.101,-13.648,-7.399,17.028,18.566,2.667,1.022,2.856,
17:48:50.074,24.484,40.512,2.615,47.926,-14.251,-7.414,16.866,18.423,2.522,0.998,2.713,
17:48:50.094,24.505,39.678,2.048,47.743,-14.852,-8.065,16.900,18.726,2.449,1.168,2.713,
17:48:50.118,24.528,39.129,1.666,47.553,-15.451,-8.424,17.117,19.077,2.438,1.240,2.735,
17:48:50.139,24.549,38.810,1.435,47.355,-16.047,-8.544,17.483,19.459,2.475,1.236,2.767,
17:48:50.159,24.569,37.901,0.440,47.150,-16.641,-9.248,17.081,19.424,2.282,1.409,2.682,
17:48:50.180,24.590,37.316,-0.236,46.937,-17.232,-9.621,16.996,19.530,2.199,1.472,2.646,
17:48:50.200,24.610,36.988,-1.525,46.716,-17.821,-9.728,16.295,18.978,1.939,1.454,2.423,
17:48:50.220,24.631,36.847,-2.371,46.489,-18.406,-9.642,16.035,18.711,1.830,1.379,2.292,
17:48:50.241,24.651,36.068,-3.736,46.254,-18.989,-10.186,15.252,18.341,1.572,1.501,2.174,
17:48:50.261,24.672,35.567,-4.597,46.012,-19.569,-10.444,14.972,18.255,1.484,1.530,2.132,
17:48:50.282,24.692,35.288,-5.061,45.762,-20.145,-10.474,15.084,18.364,1.519,1.491,2.128,
17:48:50.302,24.713,35.168,-6.122,45.505,-20.719,-10.337,14.597,17.886,1.371,1.405,1.964,
17:48:50.322,24.733,34.391,-6.760,45.241,-21.289,-10.850,14.529,18.133,1.360,1.522,2.041,
17:48:50.343,24.753,33.882,-6.200,44.970,-21.856,-11.088,15.656,19.185,1.707,1.550,2.306,
17:48:50.363,24.774,33.589,-7.419,44.692,-22.419,-11.103,15.000,18.662,1.496,1.510,2.126,
17:48:50.383,24.794,33.454,-8.239,44.407,-22.979,-10.953,14.740,18.364,1.419,1.425,2.011,
17:48:50.404,24.814,32.663,-8.731,44.115,-23.535,-11.452,14.804,18.717,1.443,1.542,2.112,
17:48:50.425,24.836,32.141,-10.733,43.815,-24.088,-11.674,13.355,17.738,1.012,1.569,1.867,
17:48:50.446,24.856,31.839,-12.083,43.509,-24.636,-11.670,12.553,17.140,0.804,1.528,1.726,
17:48:50.466,24.876,30.936,-12.893,43.196,-25.181,-12.261,12.288,17.359,0.770,1.669,1.838,
17:48:50.486,24.897,30.349,-14.172,42.876,-25.722,-12.528,11.550,17.039,0.594,1.704,1.805,
17:48:50.507,24.917,30.015,-15.808,42.550,-26.259,-12.535,10.450,16.320,0.320,1.661,1.692,
17:48:50.527,24.937,29.865,-16.812,42.216,-26.791,-12.351,9.979,15.879,0.251,1.566,1.586,
17:48:50.554,24.964,29.837,-18.210,41.876,-27.320,-12.039,9.110,15.097,0.065,1.439,1.440,
17:48:50.572,24.983,29.118,-19.027,41.530,-27.844,-12.412,8.817,15.225,0.062,1.527,1.528,
17:48:50.593,25.003,28.640,-19.412,41.177,-28.363,-12.537,8.951,15.404,0.184,1.536,1.547,
17:48:50.613,25.024,28.358,-20.386,40.817,-28.879,-12.459,8.493,15.078,0.118,1.485,1.489,
17:48:50.634,25.044,27.460,-21.822,40.451,-29.389,-12.991,7.567,15.034,-0.087,1.620,1.623,
17:48:50.654,25.064,26.868,-23.592,40.078,-29.895,-13.210,6.303,14.637,-0.382,1.654,1.697,
17:48:50.675,25.085,27.285,-23.822,39.700,-30.397,-12.414,6.575,14.048,-0.199,1.382,1.396,
17:48:50.695,25.106,26.915,-24.656,39.314,-30.893,-12.399,6.237,13.880,-0.215,1.363,1.380,
17:48:50.716,25.126,26.686,-25.103,38.923,-31.385,-12.237,6.282,13.755,-0.117,1.302,1.308,
17:48:50.736,25.146,26.564,-25.276,38.526,-31.871,-11.962,6.595,13.659,0.051,1.212,1.213,
17:48:50.757,25.167,26.516,-26.154,38.122,-32.353,-11.606,6.199,13.158,-0.007,1.104,1.104,
17:48:50.777,25.187,26.513,-27.575,37.713,-32.829,-11.199,5.255,12.371,-0.227,0.987,1.013,
17:48:50.798,25.208,26.535,-29.376,37.297,-33.301,-10.762,3.925,11.456,-0.551,0.869,1.029,
17:48:50.818,25.229,26.564,-30.538,36.876,-33.767,-10.311,3.229,10.805,-0.665,0.755,1.006,
17:48:50.838,25.248,26.592,-32.069,36.448,-34.227,-9.856,2.158,10.090,-0.888,0.646,1.098,
17:48:50.859,25.269,26.614,-32.111,36.015,-34.683,-9.402,2.572,9.747,-0.653,0.544,0.850,
17:48:50.879,25.289,25.864,-31.932,35.577,-35.132,-9.712,3.201,10.226,-0.374,0.676,0.773,
17:48:50.900,25.310,25.315,-32.533,35.132,-35.577,-9.817,3.044,10.278,-0.351,0.737,0.817,
17:48:50.921,25.331,24.948,-33.755,34.683,-36.015,-9.734,2.261,9.993,-0.521,0.737,0.902,
17:48:50.941,25.351,24.730,-33.669,34.227,-36.448,-9.497,2.779,9.896,-0.291,0.689,0.748,
17:48:50.962,25.372,24.622,-34.362,33.767,-36.876,-9.145,2.513,9.484,-0.313,0.610,0.686,
17:48:50.984,25.395,24.588,-34.784,33.301,-37.297,-8.712,2.513,9.067,-0.257,0.510,0.572,
17:48:51.005,25.415,24.599,-34.123,32.829,-37.713,-8.230,3.590,8.979,0.117,0.402,0.418,
17:48:51.026,25.436,24.632,-35.319,32.353,-38.122,-7.721,2.803,8.214,-0.095,0.291,0.306,
17:48:51.047,25.457,23.909,-36.166,31.871,-38.526,-7.962,2.360,8.304,-0.190,0.412,0.453,
17:48:51.067,25.477,23.392,-35.828,31.385,-38.923,-7.993,3.095,8.571,0.073,0.459,0.465,
17:48:51.088,25.499,23.817,-35.493,30.893,-39.314,-7.076,3.822,8.042,0.314,0.218,0.383,
17:48:51.109,25.519,23.415,-36.083,30.397,-39.700,-6.981,3.617,7.863,0.260,0.239,0.353,
17:48:51.128,25.539,23.137,-35.619,29.895,-40.078,-6.758,4.459,8.096,0.523,0.218,0.566,
17:48:51.149,25.560,22.963,-36.126,29.389,-40.451,-6.426,4.325,7.746,0.475,0.164,0.502,
17:48:51.170,25.580,22.107,-36.494,28.879,-40.817,-6.771,4.323,8.034,0.470,0.315,0.566,
17:48:51.191,25.601,21.515,-36.738,28.363,-41.177,-6.848,4.439,8.161,0.501,0.375,0.626,
17:48:51.211,25.621,21.147,-36.882,27.844,-41.530,-6.697,4.648,8.152,0.558,0.360,0.664,
17:48:51.231,25.642,20.952,-36.953,27.320,-41.876,-6.368,4.923,8.049,0.631,0.293,0.696,
17:48:51.251,25.662,20.877,-36.976,26.791,-42.216,-5.914,5.241,7.902,0.713,0.191,0.738,
17:48:51.272,25.683,20.117,-36.970,26.259,-42.550,-6.141,5.580,8.298,0.795,0.299,0.850,
17:48:51.298,25.708,19.607,-36.950,25.722,-42.876,-6.115,5.926,8.515,0.876,0.323,0.933,
17:48:51.318,25.728,18.541,-36.927,25.181,-43.196,-6.640,6.269,9.132,0.950,0.509,1.078,
17:48:51.339,25.749,17.837,-36.906,24.636,-43.509,-6.799,6.603,9.477,1.018,0.572,1.168,
17:48:51.359,25.769,17.428,-36.892,24.088,-43.815,-6.660,6.924,9.607,1.079,0.541,1.207,
17:48:51.379,25.790,15.713,-37.762,23.535,-44.115,-7.822,6.352,10.077,0.868,0.902,1.253,
17:48:51.404,25.815,14.562,-38.397,22.979,-44.407,-8.417,6.009,10.342,0.742,1.069,1.301,
17:48:51.421,25.831,13.115,-38.819,22.419,-44.692,-9.304,5.873,11.003,0.687,1.312,1.481,
17:48:51.442,25.852,12.228,-39.065,21.856,-44.970,-9.628,5.905,11.295,0.687,1.371,1.534,
17:48:51.462,25.873,11.769,-39.182,21.289,-45.241,-9.520,6.059,11.285,0.723,1.298,1.486,
17:48:51.483,25.893,10.849,-39.211,20.719,-45.505,-9.869,6.295,11.706,0.782,1.368,1.576,
17:48:51.503,25.913,10.326,-40.066,20.145,-45.762,-9.819,5.696,11.352,0.587,1.315,1.440,
17:48:51.523,25.933,9.331,-39.775,19.569,-46.012,-10.237,6.236,11.987,0.748,1.407,1.593,
17:48:51.544,25.954,7.975,-40.379,18.989,-46.254,-11.014,5.875,12.483,0.627,1.602,1.720,
17:48:51.564,25.974,7.128,-40.786,18.406,-46.489,-11.278,5.703,12.638,0.571,1.631,1.728,
17:48:51.584,25.995,5.915,-41.030,17.821,-46.716,-11.906,5.686,13.194,0.566,1.769,1.857,
17:48:51.605,26.015,5.190,-41.151,17.232,-46.937,-12.042,5.785,13.360,0.596,1.752,1.851,
17:48:51.625,26.035,4.070,-42.067,16.641,-47.150,-12.571,5.082,13.560,0.384,1.856,1.895,
17:48:51.645,26.056,3.410,-42.690,16.047,-47.355,-12.637,4.665,13.471,0.271,1.816,1.836,
17:48:51.666,26.076,3.092,-43.067,15.451,-47.553,-12.358,4.486,13.147,0.237,1.677,1.694,
17:48:51.686,26.096,2.245,-43.257,14.852,-47.743,-12.607,4.486,13.381,0.258,1.708,1.727,
17:48:51.706,26.117,1.745,-44.196,14.251,-47.926,-12.506,3.730,13.050,0.050,1.632,1.633,
17:48:51.727,26.137,0.742,-44.814,13.648,-48.101,-12.906,3.288,13.318,-0.050,1.714,1.715,
17:48:51.748,26.158,-0.640,-45.170,13.042,-48.269,-13.682,3.099,14.029,-0.069,1.905,1.906,
17:48:51.768,26.178,-1.519,-45.333,12.434,-48.429,-13.954,3.096,14.293,-0.032,1.933,1.933,
17:48:51.789,26.199,-2.005,-46.245,11.825,-48.582,-13.829,2.336,14.025,-0.226,1.842,1.855,
17:48:51.809,26.219,-2.207,-46.839,11.214,-48.726,-13.421,1.887,13.553,-0.315,1.673,1.702,
17:48:51.829,26.239,-2.227,-47.177,10.600,-48.863,-12.827,1.686,12.937,-0.325,1.462,1.498,
17:48:51.850,26.260,-2.906,-47.328,9.985,-48.993,-12.891,1.665,12.998,-0.281,1.463,1.490,
17:48:51.870,26.280,-3.332,-48.232,9.369,-49.114,-12.701,0.883,12.731,-0.471,1.389,1.467,
17:48:51.890,26.301,-3.564,-47.943,8.751,-49.228,-12.315,1.286,12.382,-0.295,1.261,1.295,
17:48:51.911,26.322,-3.659,-48.521,8.132,-49.334,-11.791,0.814,11.819,-0.394,1.101,1.169,
17:48:51.932,26.342,-3.669,-48.890,7.511,-49.433,-11.181,0.542,11.194,-0.428,0.926,1.020,
17:48:51.954,26.365,-3.633,-49.095,6.890,-49.523,-10.522,0.428,10.531,-0.414,0.747,0.854,
17:48:51.975,26.385,-3.578,-50.060,6.267,-49.606,-9.845,-0.454,9.855,-0.633,0.575,0.855,
17:48:51.995,26.405,-4.286,-50.706,5.643,-49.681,-9.929,-1.026,9.981,-0.746,0.641,0.983,
17:48:52.015,26.425,-4.795,-50.211,5.018,-49.748,-9.813,-0.463,9.824,-0.512,0.641,0.821,
17:48:52.036,26.446,-5.129,-50.637,4.393,-49.807,-9.521,-0.831,9.558,-0.576,0.588,0.823,
17:48:52.056,26.466,-5.324,-50.906,3.766,-49.858,-9.090,-1.049,9.151,-0.592,0.495,0.772,
17:48:52.076,26.486,-6.179,-51.053,3.140,-49.901,-9.319,-1.151,9.390,-0.574,0.605,0.834,
17:48:52.097,26.507,-6.759,-51.111,2.512,-49.937,-9.272,-1.174,9.346,-0.535,0.623,0.822,
17:48:52.117,26.527,-7.111,-51.113,1.885,-49.964,-8.996,-1.149,9.069,-0.486,0.571,0.750,
17:48:52.138,26.548,-7.291,-51.084,1.257,-49.984,-8.548,-1.100,8.618,-0.434,0.469,0.639,
17:48:52.158,26.568,-7.353,-50.163,0.628,-49.996,-7.981,-0.166,7.983,-0.122,0.338,0.359,
17:48:52.178,26.588,-8.104,-50.360,0.000,-50.000,-8.104,-0.360,8.112,-0.169,0.421,0.454,
17:48:52.199,26.609,-8.610,-50.541,-0.628,-49.996,-7.981,-0.545,8.000,-0.211,0.423,0.473,
17:48:52.219,26.629,-8.977,-50.484,-1.257,-49.984,-7.721,-0.500,7.737,-0.182,0.382,0.423,
17:48:52.239,26.649,-9.047,-49.576,-1.885,-49.964,-7.162,0.388,7.173,0.098,0.254,0.272,
17:48:52.260,26.671,-9.311,-49.292,-2.512,-49.937,-6.799,0.645,6.829,0.169,0.191,0.255,
17:48:52.281,26.692,-10.187,-48.958,-3.140,-49.901,-7.048,0.943,7.111,0.248,0.315,0.400,
17:48:52.301,26.712,-10.586,-48.796,-3.766,-49.858,-6.820,1.062,6.902,0.268,0.285,0.391,
17:48:52.322,26.732,-11.594,-47.799,-4.393,-49.807,-7.202,2.007,7.476,0.535,0.440,0.693,
17:48:52.343,26.753,-12.226,-47.160,-5.018,-49.748,-7.208,2.587,7.658,0.676,0.469,0.823,
17:48:52.370,26.780,-12.590,-45.899,-5.643,-49.681,-6.947,3.782,7.909,0.993,0.416,1.076,
17:48:52.383,26.794,-12.758,-45.954,-6.267,-49.606,-6.491,3.652,7.448,0.892,0.307,0.944,
17:48:52.403,26.814,-12.795,-45.238,-6.890,-49.523,-5.906,4.285,7.296,1.029,0.166,1.043,
17:48:52.424,26.835,-13.522,-44.806,-7.511,-49.433,-6.011,4.626,7.585,1.072,0.240,1.098,
17:48:52.445,26.855,-14.002,-44.590,-8.132,-49.334,-5.871,4.744,7.548,1.046,0.234,1.072,
17:48:52.465,26.875,-14.284,-44.523,-8.751,-49.228,-5.533,4.706,7.264,0.977,0.168,0.992,
17:48:52.485,26.896,-15.183,-44.547,-9.369,-49.114,-5.814,4.567,7.393,0.885,0.291,0.932,
17:48:52.506,26.916,-15.774,-43.740,-9.985,-48.993,-5.788,5.253,7.817,1.048,0.312,1.094,
17:48:52.526,26.937,-16.117,-43.191,-10.600,-48.863,-5.517,5.673,7.913,1.122,0.257,1.151,
17:48:52.546,26.956,-16.278,-42.858,-11.214,-48.726,-5.065,5.869,7.752,1.125,0.151,1.135,
17:48:52.567,26.977,-16.318,-42.688,-11.825,-48.582,-4.493,5.893,7.411,1.079,0.015,1.079,
17:48:52.587,26.997,-17.048,-41.754,-12.434,-48.429,-4.614,6.675,8.115,1.264,0.095,1.268,
17:48:52.607,27.018,-18.297,-42.009,-13.042,-48.269,-5.255,6.260,8.173,1.080,0.324,1.127,
17:48:52.627,27.038,-19.139,-41.400,-13.648,-48.101,-5.491,6.701,8.664,1.167,0.415,1.239,
17:48:52.647,27.057,-19.644,-41.004,-14.251,-47.926,-5.393,6.922,8.775,1.184,0.399,1.249,
17:48:52.668,27.078,-20.657,-40.778,-14.852,-47.743,-5.805,6.965,9.067,1.147,0.536,1.267,
17:48:52.688,27.098,-22.048,-39.797,-15.451,-47.553,-6.597,7.756,10.182,1.339,0.779,1.549,
17:48:52.708,27.119,-22.935,-40.019,-16.047,-47.355,-6.888,7.336,10.063,1.157,0.854,1.438,
17:48:52.729,27.139,-23.423,-40.265,-16.641,-47.150,-6.783,6.885,9.664,0.979,0.806,1.268,
17:48:52.749,27.160,-25.149,-39.613,-17.232,-46.937,-7.917,7.324,10.785,1.082,1.133,1.567,
17:48:52.770,27.180,-26.270,-39.160,-17.821,-46.716,-8.449,7.556,11.335,1.117,1.259,1.683,
17:48:52.790,27.201,-26.907,-38.877,-18.406,-46.489,-8.501,7.612,11.411,1.097,1.233,1.651,
17:48:52.810,27.220,-27.952,-38.725,-18.989,-46.254,-8.963,7.529,11.705,1.039,1.333,1.690,
17:48:52.831,27.241,-28.553,-38.665,-19.569,-46.012,-8.984,7.347,11.606,0.956,1.296,1.610,
17:48:52.851,27.261,-29.589,-38.662,-20.145,-45.762,-9.444,7.100,11.815,0.859,1.394,1.638,
17:48:52.871,27.281,-30.961,-38.692,-20.719,-45.505,-10.242,6.814,12.302,0.759,1.589,1.761,
17:48:52.891,27.302,-31.806,-38.733,-21.289,-45.241,-10.518,6.508,12.368,0.659,1.615,1.744,
17:48:52.912,27.322,-33.009,-38.774,-21.856,-44.970,-11.153,6.196,12.759,0.565,1.749,1.838,
17:48:52.933,27.343,-33.720,-39.686,-22.419,-44.692,-11.300,5.006,12.359,0.213,1.730,1.743,
17:48:52.953,27.363,-34.824,-39.468,-22.979,-44.407,-11.845,4.939,12.833,0.222,1.833,1.847,
17:48:52.973,27.383,-35.471,-40.141,-23.535,-44.115,-11.935,3.974,12.580,-0.040,1.796,1.796,
17:48:52.994,27.404,-36.538,-40.603,-24.088,-43.815,-12.451,3.213,12.858,-0.225,1.890,1.903,
17:48:53.015,27.425,-37.930,-40.884,-24.636,-43.509,-13.293,2.625,13.550,-0.347,2.078,2.107,
17:48:53.035,27.446,-38.786,-41.026,-25.181,-43.196,-13.605,2.170,13.777,-0.422,2.097,2.139,
17:48:53.055,27.466,-39.993,-41.068,-25.722,-42.876,-14.271,1.809,14.385,-0.467,2.223,2.272,
17:48:53.076,27.486,-40.705,-41.925,-26.259,-42.550,-14.446,0.625,14.459,-0.757,2.196,2.323,
17:48:53.097,27.507,-41.046,-41.628,-26.791,-42.216,-14.255,0.589,14.267,-0.686,2.064,2.175,
17:48:53.117,27.528,-41.900,-42.218,-27.320,-41.876,-14.580,-0.342,14.584,-0.891,2.097,2.278,
17:48:53.138,27.548,-42.394,-42.608,-27.844,-41.530,-14.550,-1.078,14.590,-1.026,2.024,2.269,
17:48:53.158,27.568,-42.624,-42.832,-28.363,-41.177,-14.261,-1.656,14.356,-1.107,1.881,2.182,
17:48:53.179,27.589,-43.440,-42.933,-28.879,-40.817,-14.562,-2.116,14.714,-1.151,1.925,2.243,
17:48:53.199,27.609,-43.944,-42.950,-29.389,-40.451,-14.555,-2.499,14.768,-1.172,1.876,2.212,
17:48:53.219,27.630,-44.210,-42.915,-29.895,-40.078,-14.314,-2.837,14.593,-1.181,1.762,2.122,
17:48:53.242,27.652,-45.071,-42.856,-30.397,-39.700,-14.674,-3.156,15.010,-1.187,1.837,2.187,
17:48:53.263,27.673,-45.619,-42.788,-30.893,-39.314,-14.726,-3.474,15.130,-1.196,1.816,2.174,
17:48:53.283,27.693,-45.923,-42.725,-31.385,-38.923,-14.538,-3.802,15.027,-1.209,1.725,2.106,
17:48:53.304,27.714,-46.052,-42.670,-31.871,-38.526,-14.180,-4.145,14.774,-1.229,1.591,2.010,
17:48:53.324,27.734,-46.829,-43.506,-32.353,-38.122,-14.476,-5.384,15.445,-1.519,1.662,2.252,
17:48:53.344,27.754,-47.076,-43.556,-32.829,-37.713,-14.247,-5.843,15.398,-1.559,1.572,2.214,
17:48:53.365,27.775,-47.492,-43.129,-33.301,-37.297,-14.192,-5.832,15.343,-1.458,1.541,2.121,
17:48:53.385,27.795,-47.671,-43.867,-33.767,-36.876,-13.905,-6.991,15.563,-1.719,1.442,2.244,
17:48:53.406,27.816,-46.942,-43.385,-34.227,-36.448,-12.714,-6.937,14.484,-1.600,1.080,1.931,
17:48:53.426,27.836,-47.169,-43.019,-34.683,-36.015,-12.486,-7.003,14.316,-1.530,1.031,1.844,
17:48:53.447,27.858,-47.329,-42.750,-35.132,-35.577,-12.196,-7.173,14.149,-1.498,0.965,1.782,
17:48:53.468,27.879,-47.436,-42.568,-35.577,-35.132,-11.860,-7.436,13.998,-1.498,0.890,1.743,
17:48:53.488,27.899,-46.742,-42.458,-36.015,-34.683,-10.726,-7.776,13.248,-1.525,0.579,1.631,
17:48:53.509,27.919,-46.990,-42.403,-36.448,-34.227,-10.541,-8.176,13.340,-1.570,0.573,1.671,
17:48:53.529,27.939,-46.436,-43.265,-36.876,-33.767,-9.560,-9.498,13.477,-1.892,0.327,1.920,
17:48:53.550,27.960,-46.808,-42.145,-37.297,-33.301,-9.511,-8.845,12.988,-1.601,0.375,1.645,
17:48:53.570,27.980,-46.353,-42.181,-37.713,-32.829,-8.641,-9.352,12.733,-1.682,0.172,1.691,
17:48:53.590,28.001,-46.795,-41.359,-38.122,-32.353,-8.673,-9.006,12.503,-1.504,0.251,1.524,
17:48:53.611,28.021,-46.385,-40.782,-38.526,-31.871,-7.860,-8.911,11.882,-1.415,0.068,1.416,
17:48:53.631,28.042,-46.090,-40.418,-38.923,-31.385,-7.167,-9.033,11.531,-1.399,-0.068,1.401,
17:48:53.652,28.062,-45.900,-39.340,-39.314,-30.893,-6.585,-8.447,10.711,-1.173,-0.164,1.185,
17:48:53.672,28.083,-45.794,-38.622,-39.700,-30.397,-6.095,-8.225,10.237,-1.074,-0.229,1.098,
17:48:53.693,28.103,-45.752,-38.199,-40.078,-29.895,-5.674,-8.304,10.057,-1.072,-0.271,1.106,
17:48:53.712,28.123,-46.513,-37.996,-40.451,-29.389,-6.063,-8.607,10.528,-1.139,-0.071,1.141,
17:48:53.733,28.143,-47.091,-37.064,-40.817,-28.879,-6.274,-8.186,10.313,-0.985,0.060,0.987,
17:48:53.754,28.164,-46.729,-36.463,-41.177,-28.363,-5.553,-8.100,9.820,-0.943,-0.099,0.948,
17:48:53.776,28.187,-47.187,-36.126,-41.530,-27.844,-5.657,-8.282,10.029,-0.984,-0.003,0.984,
17:48:53.797,28.207,-47.507,-35.100,-41.876,-27.320,-5.631,-7.780,9.604,-0.818,0.046,0.819,
17:48:53.817,28.227,-47.710,-33.561,-42.216,-26.791,-5.493,-6.770,8.719,-0.511,0.057,0.514,
17:48:53.838,28.248,-48.581,-32.555,-42.550,-26.259,-6.032,-6.296,8.719,-0.385,0.268,0.469,
17:48:53.858,28.268,-49.178,-31.978,-42.876,-25.722,-6.302,-6.256,8.880,-0.398,0.382,0.552,
17:48:53.879,28.289,-49.543,-30.837,-43.196,-25.181,-6.347,-5.656,8.501,-0.240,0.420,0.484,
17:48:53.900,28.310,-50.491,-29.269,-43.509,-24.636,-6.982,-4.633,8.379,0.034,0.632,0.633,
17:48:53.920,28.330,-51.105,-28.285,-43.815,-24.088,-7.290,-4.197,8.412,0.115,0.731,0.740,
17:48:53.940,28.350,-51.452,-26.877,-44.115,-23.535,-7.338,-3.342,8.063,0.318,0.746,0.811,
17:48:53.961,28.371,-52.365,-25.155,-44.407,-22.979,-7.958,-2.176,8.251,0.603,0.931,1.109,
17:48:53.982,28.392,-52.939,-23.222,-44.692,-22.419,-8.247,-0.803,8.286,0.933,1.004,1.370,
17:48:54.003,28.413,-54.010,-22.042,-44.970,-21.856,-9.039,-0.186,9.041,1.016,1.224,1.591,
17:48:54.023,28.434,-54.682,-21.437,-45.241,-21.289,-9.440,-0.148,9.442,0.924,1.312,1.605,
17:48:54.044,28.454,-55.804,-20.355,-45.505,-20.719,-10.299,0.364,10.305,0.984,1.532,1.821,
17:48:54.064,28.474,-56.495,-19.765,-45.762,-20.145,-10.733,0.380,10.739,0.894,1.612,1.844,
17:48:54.085,28.495,-56.853,-18.647,-46.012,-19.569,-10.842,0.922,10.881,0.971,1.591,1.864,
17:48:54.106,28.517,-57.740,-17.996,-46.254,-18.989,-11.486,0.993,11.529,0.904,1.734,1.956,
17:48:54.127,28.538,-59.031,-16.811,-46.489,-18.406,-12.543,1.595,12.644,1.005,1.992,2.231,
17:48:54.147,28.558,-59.845,-16.098,-46.716,-17.821,-13.129,1.722,13.241,0.958,2.094,2.303,
17:48:54.167,28.577,-60.284,-14.862,-46.937,-17.232,-13.347,2.370,13.556,1.074,2.082,2.342,
17:48:54.188,28.598,-61.217,-14.111,-47.150,-16.641,-14.068,2.530,14.293,1.038,2.223,2.454,
17:48:54.208,28.618,-61.769,-13.728,-47.355,-16.047,-14.414,2.319,14.599,0.896,2.245,2.418,
17:48:54.228,28.639,-62.796,-12.720,-47.553,-15.451,-15.243,2.731,15.486,0.954,2.414,2.595,
17:48:54.248,28.659,-63.420,-12.109,-47.743,-14.852,-15.677,2.743,15.915,0.889,2.455,2.611,
17:48:54.269,28.679,-63.736,-11.798,-47.926,-14.251,-15.810,2.453,15.999,0.741,2.406,2.517,
17:48:54.290,28.700,-63.839,-10.815,-48.101,-13.648,-15.737,2.833,15.990,0.805,2.302,2.439,
17:48:54.314,28.724,-63.809,-9.320,-48.269,-13.042,-15.540,3.722,15.979,1.020,2.170,2.397,
17:48:54.331,28.741,-64.471,-8.350,-48.429,-12.434,-16.042,4.085,16.554,1.064,2.259,2.497,
17:48:54.352,28.762,-64.900,-7.799,-48.582,-11.825,-16.318,4.026,16.807,0.981,2.276,2.478,
17:48:54.372,28.782,-65.142,-6.673,-48.726,-11.214,-16.416,4.540,17.032,1.077,2.241,2.486,
17:48:54.392,28.802,-65.250,-5.990,-48.863,-10.600,-16.387,4.610,17.023,1.036,2.172,2.407,
17:48:54.413,28.823,-66.030,-5.641,-48.993,-9.985,-17.038,4.344,17.583,0.898,2.314,2.483,
17:48:54.433,28.843,-66.551,-4.644,-49.114,-9.369,-17.436,4.725,18.065,0.966,2.373,2.562,
17:48:54.453,28.864,-66.858,-4.910,-49.228,-8.751,-17.630,3.841,18.043,0.652,2.368,2.456,
17:48:54.474,28.884,-67.006,-4.348,-49.334,-8.132,-17.672,3.784,18.072,0.608,2.320,2.398,
17:48:54.494,28.905,-67.046,-4.011,-49.433,-7.511,-17.614,3.500,17.958,0.500,2.247,2.302,
17:48:54.515,28.925,-67.783,-3.841,-49.523,-6.890,-18.260,3.048,18.512,0.349,2.393,2.418,
17:48:54.535,28.945,-68.278,-3.785,-49.606,-6.267,-18.672,2.482,18.836,0.175,2.460,2.466,
17:48:54.555,28.965,-68.573,-2.916,-49.681,-5.643,-18.893,2.727,19.089,0.256,2.467,2.480,
17:48:54.576,28.986,-69.480,-2.322,-49.748,-5.018,-19.733,2.696,19.916,0.248,2.661,2.672,
17:48:54.596,29.007,-70.075,-1.957,-49.807,-4.393,-20.269,2.436,20.414,0.172,2.753,2.758,
17:48:54.617,29.027,-70.418,-1.764,-49.858,-3.766,-20.560,2.002,20.657,0.049,2.768,2.768,
17:48:54.639,29.049,-70.574,-1.691,-49.901,-3.140,-20.672,1.448,20.723,-0.102,2.730,2.732,
17:48:54.660,29.070,-70.605,-0.813,-49.937,-2.512,-20.668,1.699,20.738,-0.002,2.663,2.663,
17:48:54.679,29.090,-70.562,-1.094,-49.964,-1.885,-20.597,0.791,20.613,-0.257,2.582,2.595,
17:48:54.700,29.110,-70.484,-0.487,-49.984,-1.257,-20.500,0.770,20.514,-0.230,2.500,2.511,
17:48:54.721,29.131,-70.397,-0.077,-49.996,-0.628,-20.401,0.551,20.408,-0.265,2.426,2.440,
17:48:54.746,29.156,-70.317,-0.709,-50.000,-0.000,-20.317,-0.709,20.329,-0.611,2.362,2.440,
17:48:54.762,29.172,-70.252,-0.341,-49.996,0.628,-20.256,-0.969,20.279,-0.635,2.311,2.396,
17:48:54.783,29.193,-69.444,-0.077,-49.984,1.257,-19.460,-1.333,19.505,-0.690,2.043,2.157,
17:48:54.803,29.213,-68.862,0.097,-49.964,1.885,-18.897,-1.787,18.982,-0.771,1.865,2.018,
17:48:54.824,29.234,-68.483,-0.678,-49.937,2.512,-18.547,-3.190,18.819,-1.132,1.762,2.095,
17:48:54.844,29.254,-68.270,-1.262,-49.901,3.140,-18.369,-4.402,18.889,-1.415,1.718,2.225,
17:48:54.868,29.278,-68.178,-0.781,-49.858,3.766,-18.321,-4.548,18.877,-1.361,1.715,2.190,
17:48:54.888,29.298,-67.407,-1.261,-49.807,4.393,-17.600,-5.654,18.486,-1.602,1.511,2.202,
17:48:54.908,29.318,-66.891,-0.715,-49.748,5.018,-17.144,-5.733,18.077,-1.522,1.399,2.067,
17:48:54.928,29.338,-66.588,-1.162,-49.681,5.643,-16.907,-6.804,18.225,-1.749,1.359,2.215,
17:48:54.949,29.359,-66.443,-0.605,-49.606,6.267,-16.837,-6.872,18.186,-1.662,1.372,2.155,
17:48:54.969,29.380,-66.407,-0.176,-49.523,6.890,-16.884,-7.065,18.303,-1.623,1.417,2.154,
17:48:54.990,29.400,-66.437,0.128,-49.433,7.511,-17.004,-7.383,18.538,-1.626,1.480,2.199,
17:48:55.010,29.420,-65.738,1.203,-49.334,8.132,-16.404,-6.929,17.808,-1.401,1.322,1.927,
17:48:55.031,29.441,-65.259,1.951,-49.228,8.751,-16.030,-6.800,17.413,-1.292,1.242,1.792,
17:48:55.051,29.461,-64.964,2.420,-49.114,9.369,-15.849,-6.949,17.306,-1.275,1.224,1.767,
17:48:55.073,29.483,-64.050,3.550,-48.993,9.985,-15.057,-6.435,16.375,-1.063,1.022,1.475,
17:48:55.094,29.504,-63.444,3.407,-48.863,10.600,-14.581,-7.193,16.259,-1.249,0.928,1.556,
17:48:55.114,29.525,-63.091,4.067,-48.726,11.214,-14.365,-7.147,16.044,-1.182,0.916,1.495,
17:48:55.135,29.546,-62.925,5.351,-48.582,11.825,-14.343,-6.474,15.737,-0.933,0.961,1.340,
17:48:55.156,29.566,-62.124,6.200,-48.429,12.434,-13.695,-6.234,15.047,-0.833,0.814,1.165,
17:48:55.176,29.587,-61.608,7.574,-48.269,13.042,-13.339,-5.468,14.417,-0.582,0.763,0.960,
17:48:55.196,29.607,-60.558,8.443,-48.101,13.648,-12.456,-5.204,13.500,-0.499,0.555,0.747,
17:48:55.216,29.627,-60.642,9.796,-47.926,14.251,-12.716,-4.455,13.473,-0.277,0.702,0.755,
17:48:55.237,29.648,-60.815,11.503,-47.743,14.852,-13.071,-3.349,13.493,0.038,0.866,0.867,
17:48:55.258,29.668,-61.014,11.688,-47.553,15.451,-13.461,-3.763,13.977,-0.123,1.027,1.034,
17:48:55.279,29.689,-60.439,13.373,-47.355,16.047,-13.084,-2.674,13.355,0.178,0.946,0.962,
17:48:55.303,29.713,-60.041,15.319,-47.150,16.641,-12.891,-1.322,12.959,0.539,0.924,1.070,
17:48:55.323,29.734,-59.792,16.540,-46.937,17.232,-12.855,-0.693,12.874,0.661,0.950,1.157,
17:48:55.344,29.754,-59.658,18.073,-46.716,17.821,-12.941,0.252,12.944,0.871,1.009,1.333,
17:48:55.364,29.775,-59.604,19.840,-46.489,18.406,-13.115,1.434,13.194,1.141,1.090,1.578,
17:48:55.384,29.795,-58.840,20.890,-46.254,18.989,-12.587,1.901,12.729,1.182,0.953,1.518,
17:48:55.404,29.815,-58.313,21.401,-46.012,19.569,-12.301,1.832,12.437,1.062,0.898,1.391,
17:48:55.425,29.835,-57.986,23.301,-45.762,20.145,-12.224,3.156,12.625,1.371,0.908,1.644,
17:48:55.445,29.856,-57.813,24.495,-45.505,20.719,-12.307,3.776,12.874,1.451,0.965,1.743,
17:48:55.466,29.876,-57.748,26.017,-45.241,21.289,-12.506,4.728,13.370,1.630,1.051,1.939,
17:48:55.486,29.896,-57.750,26.906,-44.970,21.856,-12.780,5.050,13.741,1.611,1.153,1.981,
17:48:55.507,29.918,-57.789,28.204,-44.692,22.419,-13.097,5.785,14.318,1.721,1.261,2.133,
17:48:55.527,29.938,-57.841,29.824,-44.407,22.979,-13.435,6.845,15.078,1.924,1.367,2.360,
17:48:55.548,29.958,-57.893,30.794,-44.115,23.535,-13.778,7.259,15.574,1.925,1.468,2.420,
17:48:55.568,29.978,-57.935,32.154,-43.815,24.088,-14.120,8.067,16.262,2.047,1.561,2.574,
17:48:55.588,29.998,-57.965,32.938,-43.509,24.636,-14.456,8.301,16.670,1.993,1.647,2.586,
17:48:55.609,30.019,-57.982,33.297,-43.196,25.181,-14.786,8.116,16.867,1.822,1.726,2.509,
17:48:55.629,30.040,-57.987,33.374,-42.876,25.722,-15.111,7.652,16.938,1.581,1.799,2.395,
17:48:55.650,30.060,-57.984,34.164,-42.550,26.259,-15.434,7.906,17.341,1.576,1.867,2.443,
17:48:55.669,30.080,-57.213,34.635,-42.216,26.791,-14.996,7.844,16.924,1.479,1.703,2.256,
17:48:55.690,30.101,-57.408,35.747,-41.876,27.320,-15.532,8.427,17.671,1.584,1.843,2.431,
17:48:55.710,30.121,-57.582,36.457,-41.530,27.844,-16.052,8.613,18.217,1.566,1.971,2.517,
17:48:55.735,30.145,-57.719,36.852,-41.177,28.363,-16.543,8.488,18.594,1.458,2.081,2.541,
17:48:55.751,30.162,-57.817,37.021,-40.817,28.879,-17.000,8.142,18.850,1.293,2.176,2.531,
17:48:55.772,30.182,-57.878,37.044,-40.451,29.389,-17.427,7.655,19.034,1.099,2.256,2.510,
17:48:55.792,30.202,-57.909,37.864,-40.078,29.895,-17.830,7.969,19.530,1.160,2.326,2.599,
17:48:55.812,30.222,-57.917,39.287,-39.700,30.397,-18.217,8.890,20.270,1.400,2.388,2.768,
17:48:55.834,30.244,-57.909,39.366,-39.314,30.893,-18.594,8.473,20.434,1.224,2.444,2.733,
17:48:55.854,30.265,-57.892,39.303,-38.923,31.385,-18.969,7.918,20.555,1.020,2.498,2.698,
17:48:55.875,30.285,-57.870,39.170,-38.526,31.871,-19.344,7.299,20.676,0.811,2.551,2.676,
17:48:55.896,30.306,-57.847,39.019,-38.122,32.353,-19.725,6.666,20.821,0.613,2.603,2.674,
17:48:55.916,30.326,-57.825,38.880,-37.713,32.829,-20.112,6.051,21.002,0.434,2.656,2.691,
17:48:55.936,30.346,-57.804,38.769,-37.297,33.301,-20.507,5.468,21.224,0.276,2.710,2.724,
17:48:55.956,30.367,-58.547,39.570,-36.876,33.767,-21.672,5.803,22.435,0.404,2.994,3.021,
17:48:55.977,30.387,-58.322,40.161,-36.448,34.227,-21.874,5.934,22.664,0.461,2.972,3.007,
17:48:55.998,30.408,-58.118,39.681,-36.015,34.683,-22.103,4.999,22.661,0.193,2.962,2.968,
17:48:56.018,30.428,-57.951,39.285,-35.577,35.132,-22.374,4.153,22.756,-0.030,2.968,2.968,
17:48:56.038,30.448,-57.825,38.110,-35.132,35.577,-22.692,2.534,22.833,-0.471,2.991,3.027,
17:48:56.059,30.469,-57.737,38.153,-34.683,36.015,-23.054,2.138,23.153,-0.517,3.027,3.071,
17:48:56.079,30.489,-56.919,38.258,-34.227,36.448,-22.691,1.809,22.763,-0.543,2.846,2.897,
17:48:56.099,30.509,-57.095,38.385,-33.767,36.876,-23.329,1.509,23.377,-0.560,2.979,3.032,
17:48:56.119,30.530,-56.507,37.632,-33.301,37.297,-23.207,0.335,23.209,-0.841,2.878,2.999,
17:48:56.139,30.550,-56.103,37.985,-32.829,37.713,-23.274,0.272,23.275,-0.773,2.843,2.946,
17:48:56.160,30.571,-55.359,37.961,-32.353,38.122,-23.006,-0.161,23.007,-0.823,2.711,2.833,
17:48:56.181,30.591,-55.629,38.399,-31.871,38.526,-23.758,-0.127,23.758,-0.732,2.895,2.986,
17:48:56.201,30.612,-55.699,38.637,-31.385,38.923,-24.314,-0.286,24.316,-0.708,3.010,3.092,
17:48:56.222,30.632,-54.928,38.790,-30.893,39.314,-24.035,-0.524,24.041,-0.711,2.869,2.955,
17:48:56.242,30.653,-54.405,38.888,-30.397,39.700,-24.009,-0.812,24.023,-0.732,2.814,2.908,
17:48:56.270,30.681,-54.078,38.942,-29.895,40.078,-24.183,-1.136,24.210,-0.764,2.825,2.927,
17:48:56.285,30.695,-53.904,38.966,-29.389,40.451,-24.515,-1.485,24.560,-0.804,2.884,2.994,
17:48:56.305,30.715,-53.839,38.969,-28.879,40.817,-24.961,-1.848,25.029,-0.847,2.975,3.093,
17:48:56.325,30.736,-53.080,39.841,-28.363,41.177,-24.717,-1.335,24.753,-0.627,2.854,2.922,
17:48:56.346,30.756,-52.567,41.348,-27.844,41.530,-24.723,-0.182,24.724,-0.231,2.817,2.827,
17:48:56.366,30.777,-51.495,41.512,-27.320,41.876,-24.175,-0.364,24.178,-0.265,2.618,2.632,
17:48:56.387,30.797,-50.786,41.523,-26.791,42.216,-23.994,-0.694,24.004,-0.341,2.544,2.567,
17:48:56.406,30.817,-49.610,40.566,-26.259,42.550,-23.351,-1.984,23.435,-0.701,2.337,2.439,
17:48:56.427,30.838,-48.862,39.813,-25.722,42.876,-23.140,-3.064,23.342,-0.975,2.273,2.473,
17:48:56.448,30.858,-48.450,39.272,-25.181,43.196,-23.269,-3.924,23.598,-1.166,2.316,2.593,
17:48:56.468,30.878,-47.520,39.802,-24.636,43.509,-22.883,-3.707,23.182,-1.023,2.201,2.428,
17:48:56.490,30.901,-46.193,41.125,-24.088,43.815,-22.106,-2.691,22.269,-0.653,1.977,2.082,
17:48:56.509,30.919,-45.354,41.222,-23.535,44.115,-21.819,-2.893,22.010,-0.675,1.914,2.030,
17:48:56.530,30.940,-44.135,42.117,-22.979,44.407,-21.156,-2.290,21.280,-0.456,1.742,1.801,
17:48:56.550,30.960,-43.398,43.603,-22.419,44.692,-20.979,-1.089,21.007,-0.073,1.726,1.728,
17:48:56.570,30.980,-42.266,44.607,-21.856,44.970,-20.410,-0.364,20.413,0.141,1.593,1.599,
17:48:56.591,31.001,-41.595,44.329,-21.289,45.241,-20.306,-0.913,20.326,-0.041,1.606,1.607,
17:48:56.610,31.021,-41.269,44.866,-20.719,45.505,-20.550,-0.640,20.560,0.036,1.722,1.722,
17:48:56.631,31.041,-40.416,46.049,-20.145,45.762,-20.271,0.287,20.273,0.303,1.672,1.699,
17:48:56.651,31.061,-39.915,46.820,-19.569,46.012,-20.346,0.808,20.362,0.433,1.730,1.783,
17:48:56.671,31.082,-38.912,48.138,-18.989,46.254,-19.923,1.884,20.012,0.720,1.633,1.785,
17:48:56.692,31.102,-37.532,48.971,-18.406,46.489,-19.126,2.482,19.286,0.846,1.430,1.662,
17:48:56.712,31.122,-36.656,49.422,-17.821,46.716,-18.835,2.706,19.028,0.854,1.391,1.632,
17:48:56.733,31.143,-36.174,51.358,-17.232,46.937,-18.942,4.421,19.451,1.310,1.472,1.971,
17:48:56.754,31.164,-35.214,52.634,-16.641,47.150,-18.573,5.484,19.366,1.542,1.404,2.085,
17:48:56.773,31.183,-34.646,53.372,-16.047,47.355,-18.599,6.017,19.548,1.603,1.457,2.166,
17:48:56.794,31.204,-33.608,53.712,-15.451,47.553,-18.157,6.159,19.173,1.545,1.365,2.062,
17:48:56.815,31.226,-32.977,54.663,-14.852,47.743,-18.125,6.919,19.401,1.680,1.400,2.187,
17:48:56.835,31.246,-31.892,55.212,-14.251,47.926,-17.642,7.285,19.087,1.691,1.296,2.131,
17:48:56.856,31.266,-31.230,56.343,-13.648,48.101,-17.583,8.242,19.418,1.882,1.325,2.302,
17:48:56.876,31.286,-30.128,57.034,-13.042,48.269,-17.086,8.765,19.203,1.933,1.220,2.286,
17:48:56.897,31.307,-29.457,58.267,-12.434,48.429,-17.022,9.838,19.661,2.149,1.249,2.486,
17:48:56.917,31.327,-28.352,59.024,-11.825,48.582,-16.527,10.443,19.549,2.214,1.146,2.493,
17:48:56.936,31.347,-27.682,61.173,-11.214,48.726,-16.469,12.447,20.643,2.698,1.179,2.945,
17:48:56.957,31.367,-27.342,60.826,-10.600,48.863,-16.742,11.962,20.576,2.408,1.308,2.740,
17:48:56.977,31.387,-27.230,60.362,-9.985,48.993,-17.244,11.369,20.655,2.109,1.495,2.585,
17:48:56.998,31.408,-26.495,59.894,-9.369,49.114,-17.126,10.780,20.236,1.835,1.483,2.359,
17:48:57.018,31.429,-26.041,59.486,-8.751,49.228,-17.290,10.258,20.104,1.602,1.555,2.233,
17:48:57.038,31.449,-25.040,59.167,-8.132,49.334,-16.908,9.833,19.559,1.417,1.458,2.033,
17:48:57.059,31.469,-24.396,58.942,-7.511,49.433,-16.885,9.510,19.379,1.277,1.474,1.950,
17:48:57.079,31.489,-24.035,58.802,-6.890,49.523,-17.145,9.279,19.495,1.175,1.574,1.964,
17:48:57.099,31.510,-23.876,58.729,-6.267,49.606,-17.609,9.123,19.832,1.104,1.727,2.050,
17:48:57.119,31.530,-23.088,59.585,-5.643,49.681,-17.445,9.904,20.061,1.319,1.681,2.137,
17:48:57.140,31.550,-22.301,59.534,-5.018,49.748,-17.283,9.786,19.862,1.251,1.639,2.062,
17:48:57.160,31.571,-22.296,59.252,-4.393,49.807,-17.904,9.445,20.242,1.121,1.834,2.150,
17:48:57.181,31.592,-22.250,58.095,-3.766,49.858,-18.483,8.237,20.236,0.741,2.003,2.136,
17:48:57.201,31.612,-23.020,57.370,-3.140,49.901,-19.880,7.468,21.237,0.519,2.407,2.462,
17:48:57.221,31.632,-22.799,56.916,-2.512,49.937,-20.287,6.979,21.453,0.395,2.487,2.518,
17:48:57.242,31.652,-22.634,56.663,-1.885,49.964,-20.750,6.699,21.804,0.341,2.580,2.603,
17:48:57.262,31.672,-23.282,55.680,-1.257,49.984,-22.025,5.696,22.750,0.073,2.912,2.913,
17:48:57.283,31.693,-23.000,56.796,-0.628,49.996,-22.371,6.800,23.382,0.454,2.945,2.980,
17:48:57.303,31.713,-22.766,55.945,-0.000,50.000,-22.766,5.945,23.529,0.220,2.993,3.001,
17:48:57.324,31.734,-22.587,56.224,0.628,49.996,-23.216,6.228,24.036,0.342,3.056,3.075,
17:48:57.343,31.754,-23.222,54.718,1.257,49.984,-24.479,4.734,24.932,-0.078,3.361,3.362,
17:48:57.364,31.774,-22.927,53.650,1.885,49.964,-24.812,3.686,25.084,-0.337,3.370,3.387,
17:48:57.385,31.795,-22.684,53.847,2.512,49.937,-25.197,3.910,25.498,-0.199,3.397,3.402,
17:48:57.405,31.815,-22.500,54.108,3.140,49.901,-25.639,4.207,25.982,-0.051,3.442,3.442,
17:48:57.425,31.835,-22.369,54.372,3.766,49.858,-26.136,4.514,26.523,0.088,3.503,3.504,
17:48:57.445,31.855,-22.284,53.723,4.393,49.807,-26.677,3.916,26.963,-0.055,3.576,3.577,
17:48:57.466,31.876,-22.234,54.145,5.018,49.748,-27.252,4.397,27.604,0.134,3.658,3.660,
17:48:57.486,31.896,-22.207,56.250,5.643,49.681,-27.850,6.569,28.614,0.816,3.744,3.832,
17:48:57.507,31.917,-22.195,57.784,6.267,49.606,-28.462,8.179,29.613,1.283,3.832,4.041,
17:48:57.527,31.937,-22.191,57.917,6.890,49.523,-29.080,8.394,30.268,1.301,3.919,4.129,
17:48:57.547,31.958,-22.190,56.984,7.511,49.433,-29.701,7.551,30.646,1.002,4.004,4.127,
17:48:57.572,31.982,-22.188,56.192,8.132,49.334,-30.320,6.858,31.086,0.769,4.086,4.158,
17:48:57.592,32.003,-21.424,57.339,8.751,49.228,-30.175,8.111,31.246,1.137,3.937,4.098,
17:48:57.613,32.023,-20.104,56.426,9.369,49.114,-29.473,7.312,30.367,0.865,3.635,3.736,
17:48:57.633,32.044,-19.942,55.716,9.985,48.993,-29.928,6.723,30.674,0.675,3.702,3.763,
17:48:57.653,32.064,-19.913,55.211,10.600,48.863,-30.513,6.348,31.167,0.562,3.807,3.848,
17:48:57.674,32.084,-19.200,54.888,11.214,48.726,-30.414,6.162,31.031,0.513,3.702,3.737,
17:48:57.694,32.105,-18.732,54.709,11.825,48.582,-30.557,6.127,31.165,0.513,3.679,3.714,
17:48:57.715,32.125,-18.461,53.755,12.434,48.429,-30.896,5.326,31.352,0.283,3.718,3.729,
17:48:57.736,32.146,-17.574,53.111,13.042,48.269,-30.616,4.842,30.997,0.163,3.571,3.575,
17:48:57.756,32.166,-16.993,52.725,13.648,48.101,-30.640,4.623,30.987,0.129,3.528,3.530,
17:48:57.776,32.186,-16.657,50.776,14.251,47.926,-30.908,2.850,31.040,-0.369,3.562,3.581,
17:48:57.796,32.207,-15.742,50.324,14.852,47.743,-30.594,2.581,30.702,-0.385,3.420,3.442,
17:48:57.816,32.227,-15.155,51.908,15.451,47.553,-30.606,4.356,30.914,0.212,3.388,3.394,
17:48:57.837,32.248,-14.068,50.554,16.047,47.355,-30.115,3.199,30.284,-0.113,3.208,3.210,
17:48:57.858,32.268,-12.616,50.463,16.641,47.150,-29.257,3.314,29.444,-0.035,2.931,2.931,
17:48:57.878,32.288,-11.685,48.716,17.232,46.937,-28.917,1.779,28.971,-0.459,2.828,2.865,
17:48:57.901,32.311,-10.405,48.384,17.821,46.716,-28.226,1.668,28.275,-0.428,2.627,2.662,
17:48:57.919,32.330,-9.634,48.270,18.406,46.489,-28.040,1.782,28.097,-0.335,2.591,2.613,
17:48:57.940,32.350,-7.725,48.293,18.989,46.254,-26.714,2.039,26.792,-0.206,2.214,2.224,
17:48:57.961,32.371,-6.500,47.510,19.569,46.012,-26.069,1.498,26.112,-0.328,2.067,2.092,
17:48:57.981,32.391,-5.057,46.995,20.145,45.762,-25.202,1.233,25.232,-0.359,1.861,1.895,
17:48:58.002,32.412,-4.216,46.696,20.719,45.505,-24.935,1.191,24.964,-0.324,1.846,1.875,
17:48:58.021,32.431,-2.300,45.678,21.289,45.241,-23.589,0.437,23.593,-0.506,1.507,1.590,
17:48:58.042,32.453,-1.104,45.887,21.856,44.970,-22.959,0.917,22.978,-0.307,1.404,1.437,
17:48:58.063,32.473,0.295,46.136,22.419,44.692,-22.124,1.444,22.171,-0.109,1.242,1.247,
17:48:58.083,32.493,1.850,46.374,22.979,44.407,-21.129,1.967,21.221,0.073,1.041,1.043,
17:48:58.104,32.514,3.515,46.572,23.535,44.115,-20.021,2.457,20.171,0.233,0.815,0.848,
17:48:58.124,32.534,5.249,46.720,24.088,43.815,-18.838,2.905,19.061,0.368,0.579,0.687,
17:48:58.145,32.555,6.261,45.940,24.636,43.509,-18.375,2.430,18.535,0.218,0.571,0.611,
17:48:58.166,32.576,7.497,45.357,25.181,43.196,-17.684,2.161,17.816,0.140,0.490,0.510,
17:48:58.186,32.596,8.923,45.839,25.722,42.876,-16.799,2.963,17.058,0.388,0.352,0.524,
17:48:58.207,32.617,10.496,46.234,26.259,42.550,-15.762,3.684,16.187,0.595,0.174,0.620,
17:48:58.227,32.637,12.172,47.406,26.791,42.216,-14.619,5.189,15.513,1.024,-0.029,1.025,
17:48:58.248,32.658,13.152,47.359,27.320,41.876,-14.168,5.483,15.191,1.062,-0.015,1.062,
17:48:58.268,32.678,14.376,47.253,27.844,41.530,-13.467,5.723,14.633,1.082,-0.082,1.086,
17:48:58.288,32.698,15.804,47.124,28.363,41.177,-12.559,5.947,13.896,1.099,-0.211,1.119,
17:48:58.309,32.720,16.625,46.997,28.879,40.817,-12.254,6.180,13.724,1.118,-0.156,1.129,
17:48:58.330,32.741,17.761,46.006,29.389,40.451,-11.628,5.556,12.887,0.881,-0.206,0.905,
17:48:58.351,32.762,19.153,46.158,29.895,40.078,-10.742,6.080,12.343,1.006,-0.335,1.060,
17:48:58.371,32.781,19.972,46.310,30.397,39.700,-10.424,6.611,12.344,1.125,-0.289,1.162,
17:48:58.392,32.802,20.365,46.441,30.893,39.314,-10.528,7.127,12.713,1.234,-0.125,1.240,
17:48:58.411,32.822,20.470,45.663,31.385,38.923,-10.914,6.740,12.828,1.065,0.109,1.071,
17:48:58.432,32.842,21.165,45.974,31.871,38.526,-10.707,7.448,13.042,1.239,0.145,1.247,
17:48:58.452,32.863,21.565,45.355,32.353,38.122,-10.788,7.233,12.988,1.125,0.262,1.155,
17:48:58.473,32.883,21.752,45.792,32.829,37.713,-11.078,8.080,13.711,1.339,0.430,1.406,
17:48:58.492,32.903,21.797,45.265,33.301,37.297,-11.503,7.968,13.994,1.252,0.626,1.400,
17:48:58.513,32.923,22.523,44.885,33.767,36.876,-11.244,8.009,13.805,1.219,0.600,1.359,
17:48:58.534,32.944,23.001,43.755,34.227,36.448,-11.226,7.307,13.395,0.966,0.647,1.163,
17:48:58.554,32.965,23.282,42.093,34.683,36.015,-11.401,6.078,12.920,0.574,0.747,0.942,
17:48:58.575,32.985,23.418,41.847,35.132,35.577,-11.714,6.270,13.287,0.635,0.881,1.086,
17:48:58.595,33.005,23.458,41.807,35.577,35.132,-12.118,6.675,13.835,0.756,1.031,1.278,
17:48:58.615,33.026,23.442,41.010,36.015,34.683,-12.573,6.327,14.076,0.643,1.186,1.349,
17:48:58.636,33.046,23.399,40.510,36.448,34.227,-13.049,6.283,14.483,0.628,1.335,1.476,
17:48:58.658,33.068,23.350,40.241,36.876,33.767,-13.526,6.475,14.996,0.686,1.475,1.627,
17:48:58.678,33.088,23.306,39.258,37.297,33.301,-13.991,5.957,15.206,0.527,1.603,1.687,
17:48:58.699,33.109,23.274,38.619,37.713,32.829,-14.438,5.790,15.556,0.484,1.716,1.783,
17:48:58.719,33.130,23.256,37.378,38.122,32.353,-14.866,5.026,15.693,0.264,1.818,1.837,
17:48:58.740,33.150,23.250,36.580,38.526,31.871,-15.276,4.709,15.985,0.193,1.907,1.917,
17:48:58.768,33.178,23.254,36.133,38.923,31.385,-15.669,4.748,16.373,0.232,1.987,2.001,
17:48:58.781,33.191,23.266,35.940,39.314,30.893,-16.049,5.047,16.824,0.346,2.059,2.088,
17:48:58.802,33.212,23.282,34.157,39.700,30.397,-16.418,3.760,16.843,-0.024,2.124,2.125,
17:48:58.821,33.232,23.301,33.830,40.078,29.895,-16.778,3.935,17.233,0.068,2.184,2.185,
17:48:58.842,33.252,23.320,33.743,40.451,29.389,-17.131,4.353,17.675,0.226,2.240,2.251,
17:48:58.862,33.273,23.339,33.799,40.817,28.879,-17.478,4.921,18.158,0.418,2.291,2.329,
17:48:58.885,33.296,23.356,33.928,41.177,28.363,-17.820,5.564,18.669,0.618,2.339,2.420,
17:48:58.906,33.316,23.372,33.198,41.530,27.844,-18.157,5.354,18.930,0.549,2.385,2.447,
17:48:58.926,33.336,23.387,32.700,41.876,27.320,-18.490,5.380,19.256,0.555,2.428,2.490,
17:48:58.947,33.357,24.161,32.393,42.216,26.791,-18.055,5.602,18.905,0.620,2.239,2.324,
17:48:58.967,33.378,24.725,32.232,42.550,26.259,-17.825,5.974,18.799,0.726,2.127,2.247,
17:48:58.987,33.398,25.858,32.172,42.876,25.722,-17.018,6.450,18.199,0.856,1.850,2.039,
17:48:59.007,33.418,26.628,32.173,43.196,25.181,-16.568,6.992,17.983,0.997,1.701,1.971,
17:48:59.027,33.438,27.092,32.206,43.509,24.636,-16.417,7.570,18.078,1.141,1.651,2.007,
17:48:59.048,33.459,27.324,32.250,43.815,24.088,-16.491,8.163,18.401,1.280,1.672,2.106,
17:48:59.069,33.479,28.157,32.292,44.115,23.535,-15.958,8.757,18.202,1.412,1.510,2.067,
17:48:59.090,33.500,28.681,32.324,44.407,22.979,-15.726,9.345,18.293,1.535,1.449,2.111,
17:48:59.110,33.520,29.725,32.344,44.692,22.419,-14.967,9.925,17.959,1.649,1.234,2.059,
17:48:59.130,33.540,30.388,32.352,44.970,21.856,-14.583,10.496,17.967,1.754,1.145,2.095,
17:48:59.150,33.561,30.750,32.349,45.241,21.289,-14.492,11.060,18.230,1.853,1.149,2.180,
17:48:59.172,33.582,31.657,32.338,45.505,20.719,-13.848,11.619,18.077,1.946,0.986,2.182,
17:48:59.192,33.602,32.215,32.321,45.762,20.145,-13.547,12.176,18.214,2.035,0.935,2.239,
17:48:59.212,33.622,32.505,32.301,46.012,19.569,-13.507,12.732,18.562,2.120,0.965,2.329,
17:48:59.233,33.643,33.367,32.279,46.254,18.989,-12.887,13.290,18.512,2.203,0.818,2.350,
17:48:59.253,33.663,33.902,32.257,46.489,18.406,-12.587,13.851,18.716,2.284,0.775,2.411,
17:48:59.273,33.683,34.184,31.357,46.716,17.821,-12.533,13.536,18.447,2.099,0.807,2.249,
17:48:59.293,33.704,34.287,31.578,46.937,17.232,-12.650,14.346,19.126,2.268,0.887,2.435,
17:48:59.314,33.724,34.277,30.898,47.150,16.641,-12.872,14.257,19.209,2.158,0.991,2.375,
17:48:59.335,33.745,34.968,30.421,47.355,16.047,-12.387,14.374,18.975,2.119,0.875,2.293,
17:48:59.354,33.764,35.425,29.238,47.553,15.451,-12.128,13.788,18.363,1.875,0.834,2.052,
17:48:59.375,33.786,35.693,29.312,47.743,14.852,-12.051,14.460,18.823,2.027,0.849,2.198,
17:48:59.396,33.806,36.581,29.460,47.926,14.251,-11.345,15.209,18.974,2.194,0.673,2.295,
17:48:59.422,33.832,37.166,28.751,48.101,13.648,-10.936,15.103,18.646,2.095,0.596,2.178,
17:48:59.437,33.847,37.504,28.271,48.269,13.042,-10.765,15.229,18.649,2.074,0.594,2.158,
17:48:59.458,33.868,37.661,27.980,48.429,12.434,-10.769,15.546,18.911,2.114,0.644,2.210,
17:48:59.478,33.888,37.695,27.833,48.582,11.825,-10.887,16.008,19.359,2.197,0.723,2.313,
17:48:59.498,33.908,38.418,26.904,48.726,11.214,-10.308,15.691,18.774,2.042,0.586,2.124,
17:48:59.519,33.929,38.897,26.277,48.863,10.600,-9.966,15.677,18.576,1.991,0.527,2.059,
17:48:59.539,33.949,39.178,24.141,48.993,9.985,-9.815,14.156,17.225,1.492,0.529,1.583,
17:48:59.560,33.970,39.311,23.554,49.114,9.369,-9.804,14.185,17.244,1.493,0.571,1.599,
17:48:59.580,33.991,40.105,22.415,49.228,8.751,-9.123,13.664,16.429,1.329,0.408,1.390,
17:48:59.600,34.011,40.631,20.854,49.334,8.132,-8.704,12.722,15.414,1.050,0.332,1.102,
17:48:59.622,34.032,40.937,19.879,49.433,7.511,-8.495,12.367,15.004,0.966,0.324,1.019,
17:48:59.643,34.053,41.081,19.360,49.523,6.890,-8.442,12.470,15.059,1.024,0.360,1.086,
17:48:59.662,34.073,41.115,18.285,49.606,6.267,-8.491,12.018,14.715,0.911,0.423,1.004,
17:48:59.683,34.093,41.083,17.656,49.681,5.643,-8.597,12.014,14.773,0.939,0.498,1.062,
17:48:59.703,34.113,41.019,16.481,49.748,5.018,-8.728,11.463,14.407,0.800,0.573,0.984,
17:48:59.724,34.134,40.947,15.769,49.807,4.393,-8.860,11.377,14.420,0.808,0.643,1.033,
17:48:59.746,34.156,40.879,14.531,49.858,3.766,-8.979,10.765,14.018,0.658,0.703,0.963,
17:48:59.765,34.176,40.824,13.777,49.901,3.140,-9.077,10.637,13.984,0.661,0.752,1.001,
17:48:59.786,34.196,40.785,13.391,49.937,2.512,-9.152,10.878,14.216,0.774,0.790,1.106,
17:48:59.806,34.216,40.759,13.260,49.964,1.885,-9.205,11.375,14.633,0.954,0.818,1.257,
17:48:59.826,34.236,40.746,13.287,49.984,1.257,-9.238,12.031,15.168,1.169,0.838,1.439,
17:48:59.846,34.257,40.742,11.639,49.996,0.628,-9.254,11.011,14.383,0.867,0.852,1.215,
17:48:59.867,34.277,40.744,10.503,50.000,0.000,-9.256,10.503,13.999,0.738,0.860,1.133,
17:48:59.889,34.299,40.750,8.920,49.996,-0.628,-9.246,9.548,13.292,0.483,0.863,0.989,
17:48:59.908,34.318,40.757,8.791,49.984,-1.257,-9.227,10.047,13.641,0.680,0.864,1.099,
17:48:59.929,34.339,40.764,7.993,49.964,-1.885,-9.200,9.878,13.499,0.661,0.862,1.086,
17:48:59.949,34.360,40.771,6.664,49.937,-2.512,-9.166,9.176,12.970,0.483,0.857,0.984,
17:48:59.972,34.382,40.776,5.827,49.901,-3.140,-9.125,8.967,12.793,0.464,0.851,0.969,
17:48:59.992,34.402,40.780,4.495,49.858,-3.766,-9.078,8.261,12.275,0.296,0.843,0.893,
17:49:00.013,34.423,40.782,3.677,49.807,-4.393,-9.025,8.070,12.106,0.291,0.833,0.883,
17:49:00.032,34.443,40.783,3.252,49.748,-5.018,-8.964,8.270,12.197,0.403,0.822,0.916,
17:49:00.053,34.464,40.783,2.223,49.681,-5.643,-8.897,7.865,11.875,0.324,0.809,0.872,
17:49:00.076,34.486,41.544,0.727,49.606,-6.267,-8.062,6.993,10.673,0.109,0.567,0.577,
17:49:00.097,34.507,42.094,-0.218,49.523,-6.890,-7.429,6.672,9.985,0.071,0.401,0.407,
17:49:00.117,34.527,42.455,-0.732,49.433,-7.511,-6.978,6.779,9.729,0.163,0.300,0.341,
17:49:00.138,34.548,42.660,-0.939,49.334,-8.132,-6.674,7.193,9.812,0.339,0.248,0.420,
17:49:00.159,34.569,42.751,-1.828,49.228,-8.751,-6.477,6.923,9.481,0.296,0.231,0.375,
17:49:00.181,34.591,42.764,-1.488,49.114,-9.369,-6.350,7.881,10.121,0.623,0.235,0.666,
17:49:00.201,34.611,42.732,-2.883,48.993,-9.985,-6.261,7.103,9.468,0.406,0.248,0.476,
17:49:00.221,34.632,42.677,-3.832,48.863,-10.600,-6.187,6.768,9.170,0.336,0.264,0.427,
17:49:00.242,34.652,42.616,-3.532,48.726,-11.214,-6.110,7.682,9.815,0.644,0.276,0.701,
17:49:00.262,34.672,41.798,-4.071,48.582,-11.825,-6.783,7.754,10.302,0.678,0.512,0.849,
17:49:00.283,34.694,41.199,-4.393,48.429,-12.434,-7.230,8.041,10.814,0.774,0.662,1.019,
17:49:00.303,34.713,40.801,-3.676,48.269,-13.042,-7.468,9.366,11.979,1.175,0.740,1.388,
17:49:00.323,34.734,40.568,-3.971,48.101,-13.648,-7.534,9.677,12.264,1.244,0.760,1.458,
17:49:00.344,34.754,40.458,-4.178,47.926,-14.251,-7.468,10.073,12.539,1.335,0.740,1.526,
17:49:00.364,34.774,40.431,-4.314,47.743,-14.852,-7.312,10.539,12.827,1.442,0.694,1.600,
17:49:00.389,34.800,40.455,-4.394,47.553,-15.451,-7.097,11.057,13.139,1.559,0.633,1.682,
17:49:00.409,34.819,40.504,-4.435,47.355,-16.047,-6.851,11.612,13.482,1.680,0.567,1.773,
17:49:00.429,34.839,39.798,-4.453,47.150,-16.641,-7.351,12.188,14.233,1.801,0.729,1.943,
17:49:00.450,34.860,39.297,-4.458,46.937,-17.232,-7.639,12.775,14.885,1.919,0.816,2.085,
17:49:00.470,34.880,38.976,-4.457,46.716,-17.821,-7.740,13.363,15.443,2.031,0.841,2.198,
17:49:00.490,34.900,38.797,-4.457,46.489,-18.406,-7.692,13.950,15.930,2.138,0.820,2.289,
17:49:00.511,34.921,38.721,-4.459,46.254,-18.989,-7.533,14.530,16.367,2.237,0.767,2.365,
17:49:00.532,34.942,38.712,-5.344,46.012,-19.569,-7.299,14.225,15.989,2.067,0.696,2.181,
17:49:00.552,34.962,38.741,-5.991,45.762,-20.145,-7.021,14.155,15.800,1.982,0.615,2.075,
17:49:00.572,34.982,38.786,-7.301,45.505,-20.719,-6.719,13.418,15.006,1.704,0.533,1.786,
17:49:00.592,35.002,38.834,-7.315,45.241,-21.289,-6.407,13.974,15.373,1.835,0.454,1.890,
17:49:00.613,35.023,38.875,-8.099,44.970,-21.856,-6.095,13.757,15.046,1.726,0.379,1.767,
17:49:00.633,35.043,38.906,-7.716,44.692,-22.419,-5.786,14.703,15.801,1.975,0.309,1.999,
17:49:00.653,35.064,38.926,-7.348,44.407,-22.979,-5.481,15.631,16.564,2.203,0.245,2.216,
17:49:00.673,35.083,38.935,-8.797,44.115,-23.535,-5.180,14.738,15.622,1.871,0.185,1.880,
17:49:00.693,35.104,38.935,-8.959,43.815,-24.088,-4.880,15.129,15.896,1.948,0.128,1.953,
17:49:00.715,35.126,38.930,-8.999,43.509,-24.636,-4.580,15.637,16.294,2.057,0.074,2.059,
17:49:00.736,35.146,39.681,-8.968,43.196,-25.181,-3.515,16.213,16.590,2.181,-0.207,2.191,
17:49:00.756,35.166,40.221,-8.901,42.876,-25.722,-2.655,16.821,17.029,2.307,-0.409,2.343,
17:49:00.776,35.186,40.570,-9.705,42.550,-26.259,-1.980,16.554,16.672,2.165,-0.544,2.232,
17:49:00.797,35.207,40.764,-11.152,42.216,-26.791,-1.452,15.639,15.706,1.839,-0.628,1.944,
17:49:00.817,35.227,40.844,-11.275,41.876,-27.320,-1.033,16.044,16.078,1.933,-0.677,2.048,
17:49:00.837,35.248,40.847,-11.260,41.530,-27.844,-0.682,16.584,16.598,2.062,-0.704,2.179,
17:49:00.858,35.268,40.806,-12.049,41.177,-28.363,-0.371,16.315,16.319,1.941,-0.720,2.070,
17:49:00.879,35.289,40.743,-13.446,40.817,-28.879,-0.074,15.433,15.433,1.646,-0.734,1.802,
17:49:00.898,35.309,40.675,-14.384,40.451,-29.389,0.224,15.005,15.007,1.507,-0.749,1.683,
17:49:00.919,35.330,39.851,-14.942,40.078,-29.895,-0.228,14.953,14.955,1.491,-0.541,1.586,
17:49:00.940,35.350,39.245,-16.094,39.700,-30.397,-0.454,14.302,14.310,1.296,-0.416,1.361,
17:49:00.959,35.370,38.841,-17.688,39.314,-30.893,-0.473,13.205,13.213,0.980,-0.364,1.046,
17:49:00.980,35.390,37.841,-18.704,38.923,-31.385,-1.082,12.681,12.727,0.857,-0.141,0.868,
17:49:01.000,35.410,37.174,-20.141,38.526,-31.871,-1.352,11.731,11.808,0.613,-0.035,0.614,
17:49:01.021,35.431,36.780,-20.128,38.122,-32.353,-1.342,12.225,12.298,0.817,-0.021,0.818,
17:49:01.041,35.452,36.218,-21.120,37.713,-32.829,-1.494,11.710,11.805,0.703,0.040,0.704,
17:49:01.062,35.472,34.470,-22.302,37.297,-33.301,-2.827,10.999,11.356,0.537,0.451,0.701,
17:49:01.082,35.492,33.583,-22.924,36.876,-33.767,-3.293,10.842,11.331,0.546,0.574,0.792,
17:49:01.103,35.513,33.102,-24.164,36.448,-34.227,-3.347,10.063,10.605,0.366,0.566,0.674,
17:49:01.123,35.534,32.117,-24.905,36.015,-34.683,-3.898,9.778,10.526,0.345,0.708,0.787,
17:49:01.144,35.554,30.772,-26.165,35.577,-35.132,-4.805,8.967,10.173,0.165,0.948,0.962,
17:49:01.164,35.574,29.935,-27.809,35.132,-35.577,-5.198,7.768,9.347,-0.122,1.019,1.027,
17:49:01.184,35.595,29.491,-27.954,34.683,-36.015,-5.191,8.062,9.589,0.056,0.967,0.969,
17:49:01.205,35.615,28.564,-28.740,34.227,-36.448,-5.664,7.709,9.566,0.025,1.064,1.065,
17:49:01.225,35.635,27.259,-29.163,33.767,-36.876,-6.507,7.712,10.091,0.101,1.268,1.272,
17:49:01.245,35.656,26.451,-31.091,33.301,-37.297,-6.849,6.206,9.243,-0.284,1.308,1.339,
17:49:01.267,35.677,25.264,-31.490,32.829,-37.713,-7.565,6.223,9.796,-0.189,1.461,1.473,
17:49:01.288,35.698,24.555,-31.602,32.353,-38.122,-7.798,6.520,10.164,-0.018,1.460,1.460,
17:49:01.308,35.719,23.444,-32.419,31.871,-38.526,-8.427,6.107,10.407,-0.075,1.581,1.583,
17:49:01.329,35.739,22.789,-32.907,31.385,-38.923,-8.596,6.017,10.492,-0.034,1.558,1.558,
17:49:01.350,35.760,21.711,-33.148,30.893,-39.314,-9.182,6.167,11.061,0.075,1.664,1.665,
17:49:01.370,35.780,20.311,-34.100,30.397,-39.700,-10.085,5.600,11.536,-0.041,1.860,1.861,
17:49:01.390,35.801,19.449,-34.709,29.895,-40.078,-10.446,5.370,11.746,-0.050,1.883,1.884,
17:49:01.411,35.821,18.237,-35.048,29.389,-40.451,-11.152,5.403,12.392,0.019,2.011,2.011,
17:49:01.431,35.841,17.523,-35.193,28.879,-40.817,-11.355,5.624,12.672,0.137,1.983,1.987,
17:49:01.452,35.862,16.419,-35.212,28.363,-41.177,-11.944,5.965,13.351,0.282,2.075,2.094,
17:49:01.476,35.887,15.775,-36.038,27.844,-41.530,-12.069,5.491,13.260,0.171,2.024,2.031,
17:49:01.497,35.907,14.709,-36.593,27.320,-41.876,-12.610,5.284,13.673,0.147,2.105,2.110,
17:49:01.517,35.927,14.081,-36.924,26.791,-42.216,-12.710,5.292,13.768,0.188,2.050,2.059,
17:49:01.537,35.948,13.017,-37.088,26.259,-42.550,-13.241,5.461,14.323,0.272,2.132,2.149,
17:49:01.557,35.968,12.382,-37.139,25.722,-42.876,-13.340,5.737,14.521,0.383,2.080,2.115,
17:49:01.580,35.991,12.068,-38.000,25.181,-43.196,-13.113,5.196,14.105,0.239,1.938,1.953,
17:49:01.601,36.011,11.212,-37.707,24.636,-43.509,-13.425,5.802,14.625,0.449,1.969,2.019,
17:49:01.621,36.031,10.696,-38.304,24.088,-43.815,-13.391,5.511,14.481,0.375,1.896,1.933,
17:49:01.641,36.052,10.437,-38.705,23.535,-44.115,-13.098,5.410,14.171,0.362,1.752,1.789,
17:49:01.661,36.072,9.592,-38.066,22.979,-44.407,-13.387,6.341,14.813,0.659,1.795,1.912,
17:49:01.681,36.092,9.822,-38.427,22.419,-44.692,-12.597,6.265,14.069,0.634,1.512,1.640,
17:49:01.702,36.112,9.326,-38.684,21.856,-44.970,-12.530,6.287,14.019,0.640,1.467,1.600,
17:49:01.722,36.132,9.020,-38.850,21.289,-45.241,-12.269,6.391,13.834,0.670,1.367,1.523,
17:49:01.742,36.153,8.858,-38.946,20.719,-45.505,-11.861,6.560,13.554,0.718,1.231,1.425,
17:49:01.763,36.173,8.794,-38.990,20.145,-45.762,-11.352,6.772,13.218,0.775,1.073,1.324,
17:49:01.783,36.193,8.790,-39.001,19.569,-46.012,-10.778,7.010,12.857,0.837,0.908,1.234,
17:49:01.803,36.213,8.818,-38.994,18.989,-46.254,-10.171,7.260,12.496,0.898,0.742,1.165,
17:49:01.824,36.234,8.095,-38.099,18.406,-46.489,-10.311,8.390,13.293,1.220,0.812,1.465,
17:49:01.844,36.254,7.579,-38.323,17.821,-46.716,-10.242,8.393,13.242,1.183,0.813,1.435,
17:49:01.864,36.275,7.243,-38.527,17.232,-46.937,-9.989,8.409,13.058,1.153,0.758,1.380,
17:49:01.885,36.295,7.050,-38.695,16.641,-47.150,-9.591,8.454,12.786,1.136,0.663,1.315,
17:49:01.906,36.317,6.959,-39.701,16.047,-47.355,-9.088,7.654,11.882,0.866,0.542,1.022,
17:49:01.925,36.336,6.174,-39.547,15.451,-47.553,-9.277,8.005,12.254,0.962,0.635,1.153,
17:49:01.946,36.356,5.636,-40.262,14.852,-47.743,-9.216,7.481,11.870,0.788,0.646,1.019,
17:49:01.966,36.377,5.305,-40.752,14.251,-47.926,-8.946,7.175,11.468,0.692,0.593,0.911,
17:49:01.987,36.397,5.131,-41.050,13.648,-48.101,-8.517,7.051,11.057,0.658,0.494,0.823,
17:49:02.007,36.417,5.065,-41.203,13.042,-48.269,-7.977,7.066,10.656,0.667,0.368,0.762,
17:49:02.027,36.438,4.306,-41.254,12.434,-48.429,-8.129,7.175,10.843,0.704,0.456,0.839,
17:49:02.047,36.458,3.790,-41.241,11.825,-48.582,-8.035,7.341,10.883,0.755,0.464,0.886,
17:49:02.068,36.478,3.477,-42.073,11.214,-48.726,-7.736,6.653,10.204,0.547,0.408,0.682,
17:49:02.088,36.499,3.316,-42.651,10.600,-48.863,-7.284,6.212,9.573,0.426,0.309,0.526,
17:49:02.109,36.519,2.499,-43.011,9.985,-48.993,-7.487,5.982,9.583,0.376,0.412,0.558,
17:49:02.129,36.540,2.715,-43.202,9.369,-49.114,-6.654,5.912,8.901,0.378,0.196,0.425,
17:49:02.150,36.560,2.183,-43.272,8.751,-49.228,-6.568,5.956,8.866,0.412,0.217,0.466,
17:49:02.170,36.580,1.836,-43.266,8.132,-49.334,-6.296,6.068,8.744,0.464,0.179,0.498,
17:49:02.190,36.600,0.874,-43.218,7.511,-49.433,-6.638,6.215,9.093,0.522,0.327,0.616,
17:49:02.211,36.621,0.227,-44.032,6.890,-49.523,-6.663,5.492,8.634,0.315,0.368,0.485,
17:49:02.231,36.641,-0.160,-44.603,6.267,-49.606,-6.427,5.003,8.144,0.192,0.327,0.379,
17:49:02.251,36.662,-0.353,-44.965,5.643,-49.681,-5.996,4.716,7.628,0.137,0.229,0.267,
17:49:02.271,36.682,-1.174,-45.161,5.018,-49.748,-6.192,4.587,7.706,0.132,0.325,0.351,
17:49:02.293,36.703,-1.706,-45.238,4.393,-49.807,-6.099,4.569,7.620,0.159,0.327,0.363,
17:49:02.313,36.723,-2.770,-45.239,3.766,-49.858,-6.536,4.619,8.004,0.204,0.486,0.527,
17:49:02.333,36.743,-3.458,-45.196,3.140,-49.901,-6.597,4.705,8.103,0.255,0.521,0.580,
17:49:02.354,36.764,-4.607,-45.135,2.512,-49.937,-7.120,4.802,8.588,0.306,0.692,0.756,
17:49:02.374,36.784,-5.331,-45.072,1.885,-49.964,-7.216,4.892,8.718,0.351,0.723,0.803,
17:49:02.395,36.805,-6.484,-44.138,1.257,-49.984,-7.741,5.846,9.700,0.651,0.880,1.094,
17:49:02.415,36.826,-7.953,-44.336,0.628,-49.996,-8.581,5.660,10.280,0.588,1.122,1.267,
17:49:02.436,36.846,-8.872,-43.645,0.000,-50.000,-8.872,6.355,10.913,0.794,1.183,1.425,
17:49:02.456,36.866,-10.125,-44.045,-0.628,-49.996,-9.497,5.951,11.207,0.657,1.340,1.493,
17:49:02.477,36.887,-10.866,-45.266,-1.257,-49.984,-9.609,4.719,10.705,0.281,1.335,1.364,
17:49:02.497,36.907,-11.985,-45.288,-1.885,-49.964,-10.100,4.676,11.130,0.288,1.445,1.473,
17:49:02.517,36.928,-12.635,-46.134,-2.512,-49.937,-10.123,3.803,10.813,0.044,1.408,1.409,
17:49:02.543,36.954,-13.700,-45.832,-3.140,-49.901,-10.560,4.069,11.317,0.157,1.500,1.508,
17:49:02.564,36.974,-15.085,-45.545,-3.766,-49.858,-11.318,4.313,12.112,0.255,1.683,1.702,
17:49:02.585,36.995,-15.933,-45.302,-4.393,-49.807,-11.541,4.505,12.389,0.331,1.694,1.726,
17:49:02.604,37.014,-17.133,-45.994,-5.018,-49.748,-12.115,3.753,12.683,0.117,1.813,1.816,
17:49:02.625,37.035,-17.838,-46.502,-5.643,-49.681,-12.195,3.179,12.603,-0.029,1.777,1.777,
17:49:02.645,37.055,-18.937,-46.838,-6.267,-49.606,-12.670,2.767,12.969,-0.118,1.864,1.867,
17:49:02.665,37.075,-19.578,-46.156,-6.890,-49.523,-12.689,3.367,13.128,0.101,1.809,1.812,
17:49:02.686,37.096,-20.643,-46.488,-7.511,-49.433,-13.131,2.944,13.457,-0.002,1.888,1.888,
17:49:02.706,37.117,-22.032,-45.848,-8.132,-49.334,-13.900,3.486,14.331,0.190,2.061,2.070,
17:49:02.727,37.137,-22.888,-45.365,-8.751,-49.228,-14.137,3.863,14.655,0.319,2.065,2.090,
17:49:02.747,37.158,-23.334,-45.912,-9.369,-49.114,-13.965,3.203,14.328,0.128,1.949,1.953,
17:49:02.769,37.180,-23.495,-46.346,-9.985,-48.993,-13.510,2.647,13.767,-0.020,1.757,1.757,
17:49:02.790,37.200,-24.239,-45.781,-10.600,-48.863,-13.638,3.083,13.982,0.139,1.755,1.760,
17:49:02.810,37.220,-24.678,-46.227,-11.214,-48.726,-13.464,2.500,13.694,-0.019,1.663,1.663,
17:49:02.831,37.241,-24.892,-45.683,-11.825,-48.582,-13.067,2.899,13.384,0.128,1.512,1.518,
17:49:02.851,37.262,-25.716,-45.274,-12.434,-48.429,-13.281,3.155,13.651,0.221,1.556,1.572,
17:49:02.872,37.282,-26.241,-44.993,-13.042,-48.269,-13.198,3.276,13.599,0.267,1.509,1.532,
17:49:02.892,37.303,-25.771,-44.822,-13.648,-48.101,-12.123,3.280,12.559,0.274,1.167,1.199,
17:49:02.913,37.323,-26.105,-44.733,-14.251,-47.926,-11.854,3.193,12.277,0.253,1.091,1.120,
17:49:02.934,37.344,-26.313,-44.702,-14.852,-47.743,-11.461,3.041,11.858,0.214,0.982,1.006,
17:49:02.954,37.364,-26.427,-43.829,-15.451,-47.553,-10.976,3.724,11.591,0.428,0.853,0.955,
17:49:02.978,37.388,-26.476,-43.216,-16.047,-47.355,-10.429,4.139,11.220,0.547,0.713,0.899,
17:49:02.995,37.405,-26.485,-42.829,-16.641,-47.150,-9.844,4.320,10.750,0.588,0.571,0.820,
17:49:03.016,37.426,-26.474,-41.740,-17.232,-46.937,-9.242,5.196,10.602,0.835,0.432,0.940,
17:49:03.036,37.447,-26.456,-41.019,-17.821,-46.716,-8.635,5.697,10.345,0.954,0.299,1.000,
17:49:03.056,37.467,-26.439,-40.599,-18.406,-46.489,-8.033,5.890,9.961,0.973,0.175,0.989,
17:49:03.077,37.487,-26.428,-40.403,-18.989,-46.254,-7.439,5.851,9.465,0.923,0.060,0.925,
17:49:03.098,37.508,-26.425,-39.478,-19.569,-46.012,-6.856,6.533,9.471,1.094,-0.047,1.095,
17:49:03.118,37.528,-26.429,-38.885,-20.145,-45.762,-6.284,6.877,9.316,1.153,-0.145,1.162,
17:49:03.138,37.548,-26.440,-38.555,-20.719,-45.505,-5.721,6.950,9.002,1.129,-0.237,1.153,
17:49:03.158,37.569,-26.455,-38.415,-21.289,-45.241,-5.166,6.826,8.560,1.048,-0.323,1.097,
17:49:03.178,37.588,-26.461,-38.148,-21.856,-44.970,-4.606,6.822,8.231,1.010,-0.407,1.089,
17:49:03.199,37.609,-27.479,-37.231,-22.419,-44.692,-5.060,7.462,9.015,1.169,-0.184,1.184,
17:49:03.219,37.629,-28.857,-36.786,-22.979,-44.407,-5.878,7.621,9.624,1.175,0.131,1.182,
17:49:03.240,37.650,-29.692,-36.562,-23.535,-44.115,-6.156,7.552,9.744,1.113,0.260,1.143,
17:49:03.260,37.670,-30.190,-36.475,-24.088,-43.815,-6.103,7.340,9.546,1.014,0.279,1.051,
17:49:03.280,37.691,-31.211,-36.476,-24.636,-43.509,-6.575,7.034,9.628,0.894,0.454,1.002,
17:49:03.301,37.712,-31.852,-37.404,-25.181,-43.196,-6.671,5.792,8.835,0.502,0.503,0.711,
17:49:03.321,37.732,-32.961,-37.231,-25.722,-42.876,-7.239,5.645,9.179,0.466,0.690,0.832,
17:49:03.342,37.752,-33.649,-37.080,-26.259,-42.550,-7.390,5.469,9.194,0.423,0.739,0.851,
17:49:03.362,37.772,-34.012,-37.840,-26.791,-42.216,-7.221,4.377,8.443,0.107,0.688,0.696,
17:49:03.383,37.793,-35.671,-37.507,-27.320,-41.876,-8.352,4.370,9.426,0.138,1.031,1.040,
17:49:03.403,37.813,-36.525,-37.627,-27.844,-41.530,-8.681,3.903,9.518,0.028,1.110,1.110,
17:49:03.424,37.834,-38.189,-38.304,-28.363,-41.177,-9.825,2.873,10.237,-0.245,1.429,1.450,
17:49:03.444,37.854,-39.013,-38.647,-28.879,-40.817,-10.134,2.170,10.364,-0.402,1.477,1.531,
17:49:03.464,37.874,-40.218,-38.836,-29.389,-40.451,-10.829,1.615,10.949,-0.507,1.639,1.716,
17:49:03.485,37.895,-40.901,-38.923,-29.895,-40.078,-11.006,1.155,11.066,-0.578,1.637,1.736,
17:49:03.505,37.915,-41.982,-38.940,-30.397,-39.700,-11.585,0.760,11.610,-0.627,1.757,1.865,
17:49:03.525,37.935,-43.366,-39.790,-30.893,-39.314,-12.473,-0.476,12.482,-0.928,1.963,2.171,
17:49:03.546,37.956,-44.205,-39.496,-31.385,-38.923,-12.821,-0.573,12.833,-0.869,1.996,2.177,
17:49:03.567,37.977,-45.392,-40.096,-31.871,-38.526,-13.520,-1.571,13.611,-1.087,2.135,2.395,
17:49:03.587,37.997,-46.844,-39.616,-32.353,-38.122,-14.491,-1.494,14.568,-0.971,2.347,2.540,
17:49:03.607,38.018,-47.718,-40.094,-32.829,-37.713,-14.889,-2.381,15.078,-1.155,2.377,2.643,
17:49:03.628,38.038,-48.155,-39.542,-33.301,-37.297,-14.855,-2.245,15.024,-1.022,2.278,2.497,
17:49:03.647,38.058,-49.054,-39.985,-33.767,-36.876,-15.287,-3.110,15.600,-1.202,2.328,2.620,
17:49:03.668,38.078,-49.557,-39.427,-34.227,-36.448,-15.330,-2.979,15.617,-1.074,2.261,2.503,
17:49:03.688,38.098,-50.537,-39.878,-34.683,-36.015,-15.855,-3.862,16.318,-1.261,2.346,2.663,
17:49:03.709,38.119,-51.122,-40.215,-35.132,-35.577,-15.989,-4.638,16.648,-1.406,2.310,2.705,
17:49:03.730,38.140,-52.932,-39.564,-35.577,-35.132,-17.355,-4.431,17.912,-1.250,2.649,2.929,
17:49:03.751,38.161,-54.123,-39.941,-36.015,-34.683,-18.107,-5.258,18.855,-1.417,2.783,3.123,
17:49:03.771,38.181,-54.811,-40.224,-36.448,-34.227,-18.363,-5.997,19.317,-1.550,2.763,3.168,
17:49:03.791,38.202,-55.891,-40.417,-36.876,-33.767,-19.015,-6.650,20.145,-1.651,2.866,3.307,
17:49:03.811,38.221,-57.275,-39.653,-37.297,-33.301,-19.978,-6.353,20.963,-1.463,3.058,3.390,
17:49:03.832,38.242,-58.113,-39.071,-37.713,-32.829,-20.401,-6.242,21.334,-1.347,3.079,3.361,
17:49:03.852,38.263,-58.538,-38.665,-38.122,-32.353,-20.416,-6.312,21.369,-1.296,2.979,3.249,
17:49:03.873,38.283,-58.676,-38.410,-38.526,-31.871,-20.150,-6.539,21.185,-1.297,2.806,3.091,
17:49:03.894,38.304,-59.398,-38.273,-38.923,-31.385,-20.475,-6.889,21.603,-1.338,2.824,3.125,
17:49:03.913,38.323,-59.819,-38.219,-39.314,-30.893,-20.505,-7.326,21.774,-1.404,2.756,3.093,
17:49:03.934,38.344,-60.019,-37.339,-39.700,-30.397,-20.319,-6.943,21.472,-1.222,2.629,2.900,
17:49:03.957,38.367,-60.070,-36.729,-40.078,-29.895,-19.992,-6.834,21.127,-1.137,2.471,2.720,
17:49:03.978,38.388,-60.034,-36.349,-40.451,-29.389,-19.583,-6.959,20.783,-1.129,2.302,2.564,
17:49:03.998,38.409,-59.956,-36.147,-40.817,-28.879,-19.139,-7.268,20.473,-1.178,2.134,2.438,
17:49:04.018,38.429,-59.868,-36.070,-41.177,-28.363,-18.691,-7.707,20.218,-1.265,1.978,2.348,
17:49:04.038,38.448,-59.788,-36.073,-41.530,-27.844,-18.258,-8.229,20.027,-1.372,1.837,2.293,
17:49:04.059,38.469,-59.726,-35.239,-41.876,-27.320,-17.849,-7.920,19.528,-1.224,1.713,2.106,
17:49:04.080,38.490,-59.685,-34.664,-42.216,-26.791,-17.468,-7.872,19.160,-1.167,1.606,1.985,
17:49:04.100,38.510,-59.663,-34.307,-42.550,-26.259,-17.113,-8.048,18.911,-1.182,1.514,1.920,
17:49:04.120,38.531,-59.658,-33.238,-42.876,-25.722,-16.781,-7.516,18.388,-0.984,1.434,1.739,
17:49:04.141,38.551,-59.664,-32.529,-43.196,-25.181,-16.468,-7.348,18.033,-0.911,1.364,1.640,
17:49:04.165,38.575,-59.407,-31.732,-43.509,-24.636,-15.898,-7.096,17.410,-0.817,1.221,1.470,
17:49:04.185,38.596,-59.625,-33.013,-43.815,-24.088,-15.810,-8.925,18.156,-1.356,1.232,1.832,
17:49:04.205,38.616,-59.706,-31.659,-44.115,-23.535,-15.592,-8.124,17.581,-1.069,1.201,1.608,
17:49:04.226,38.636,-59.744,-30.816,-44.407,-22.979,-15.337,-7.837,17.223,-0.957,1.161,1.504,
17:49:04.246,38.656,-59.764,-30.293,-44.692,-22.419,-15.072,-7.874,17.005,-0.951,1.119,1.468,
17:49:04.267,38.677,-59.779,-30.005,-44.970,-21.856,-14.809,-8.149,16.903,-1.017,1.078,1.482,
17:49:04.287,38.697,-59.792,-29.007,-45.241,-21.289,-14.551,-7.718,16.471,-0.867,1.041,1.355,
17:49:04.307,38.718,-59.803,-28.360,-45.505,-20.719,-14.298,-7.641,16.212,-0.835,1.007,1.308,
17:49:04.328,38.738,-59.814,-27.993,-45.762,-20.145,-14.052,-7.848,16.095,-0.890,0.975,1.320,
17:49:04.348,38.759,-59.823,-26.950,-46.012,-19.569,-13.811,-7.381,15.660,-0.739,0.946,1.201,
17:49:04.369,38.779,-59.831,-26.283,-46.254,-18.989,-13.577,-7.294,15.412,-0.713,0.919,1.163,
17:49:04.388,38.799,-59.838,-25.913,-46.489,-18.406,-13.349,-7.506,15.315,-0.778,0.895,1.186,
17:49:04.409,38.819,-59.844,-25.755,-46.716,-17.821,-13.128,-7.934,15.339,-0.904,0.872,1.256,
17:49:04.430,38.840,-59.850,-24.856,-46.937,-17.232,-12.913,-7.624,14.996,-0.800,0.852,1.169,
17:49:04.450,38.861,-59.855,-24.277,-47.150,-16.641,-12.705,-7.636,14.823,-0.800,0.834,1.155,
17:49:04.471,38.881,-59.859,-23.951,-47.355,-16.047,-12.505,-7.903,14.793,-0.876,0.817,1.198,
17:49:04.492,38.903,-59.864,-22.928,-47.553,-15.451,-12.311,-7.477,14.404,-0.740,0.802,1.091,
17:49:04.513,38.923,-59.868,-22.266,-47.743,-14.852,-12.125,-7.414,14.212,-0.722,0.789,1.069,
17:49:04.533,38.944,-59.872,-21.891,-47.926,-14.251,-11.946,-7.640,14.180,-0.791,0.778,1.110,
17:49:04.554,38.964,-59.875,-21.724,-48.101,-13.648,-11.774,-8.076,14.277,-0.919,0.768,1.198,
17:49:04.574,38.985,-59.878,-21.693,-48.269,-13.042,-11.609,-8.651,14.478,-1.081,0.760,1.321,
17:49:04.597,39.007,-59.120,-21.741,-48.429,-12.434,-10.690,-9.306,14.174,-1.256,0.524,1.361,
17:49:04.616,39.026,-59.331,-20.066,-48.582,-11.825,-10.749,-8.241,13.545,-0.904,0.596,1.083,
17:49:04.637,39.047,-59.523,-19.758,-48.726,-11.214,-10.797,-8.545,13.769,-0.987,0.658,1.186,
17:49:04.657,39.068,-58.918,-19.637,-48.863,-10.600,-10.055,-9.036,13.519,-1.121,0.478,1.219,
17:49:04.678,39.088,-58.482,-18.754,-48.993,-9.985,-9.489,-8.769,12.920,-1.019,0.361,1.081,
17:49:04.698,39.109,-58.959,-18.178,-49.114,-9.369,-9.845,-8.809,13.210,-1.017,0.526,1.145,
17:49:04.719,39.129,-58.589,-16.967,-49.228,-8.751,-9.360,-8.216,12.455,-0.825,0.427,0.929,
17:49:04.740,39.151,-58.328,-16.176,-49.334,-8.132,-8.994,-8.044,12.067,-0.774,0.368,0.857,
17:49:04.761,39.171,-58.925,-14.844,-49.433,-7.511,-9.492,-7.333,11.995,-0.563,0.571,0.802,
17:49:04.781,39.191,-59.387,-14.000,-49.523,-6.890,-9.864,-7.110,12.160,-0.513,0.720,0.884,
17:49:04.801,39.211,-59.715,-12.659,-49.606,-6.267,-10.109,-6.393,11.961,-0.318,0.820,0.880,
17:49:04.824,39.234,-59.922,-10.955,-49.681,-5.643,-10.242,-5.312,11.537,-0.026,0.879,0.879,
17:49:04.844,39.255,-60.035,-9.888,-49.748,-5.018,-10.287,-4.870,11.382,0.056,0.907,0.909,
17:49:04.865,39.275,-60.840,-9.316,-49.807,-4.393,-11.033,-4.924,12.082,-0.014,1.143,1.143,
17:49:04.885,39.295,-60.630,-8.217,-49.858,-3.766,-10.772,-4.451,11.655,0.080,1.061,1.064,
17:49:04.906,39.316,-60.413,-7.584,-49.901,-3.140,-10.512,-4.445,11.413,0.029,0.984,0.985,
17:49:04.927,39.337,-60.221,-7.294,-49.937,-2.512,-10.284,-4.782,11.341,-0.119,0.923,0.930,
17:49:04.946,39.356,-60.828,-5.473,-49.964,-1.885,-10.864,-3.589,11.441,0.203,1.107,1.126,
17:49:04.966,39.377,-61.268,-4.269,-49.984,-1.257,-11.283,-3.013,11.679,0.319,1.231,1.272,
17:49:04.986,39.397,-61.555,-3.566,-49.996,-0.628,-11.559,-2.938,11.927,0.280,1.304,1.333,
17:49:05.007,39.418,-61.720,-3.235,-50.000,-0.000,-11.720,-3.235,12.158,0.133,1.337,1.344,
17:49:05.029,39.439,-62.554,-2.273,-49.996,0.628,-12.558,-2.902,12.889,0.188,1.572,1.583,
17:49:05.049,39.460,-63.118,-0.823,-49.984,1.257,-13.134,-2.079,13.297,0.386,1.713,1.756,
17:49:05.070,39.481,-63.456,0.095,-49.964,1.885,-13.491,-1.789,13.609,0.414,1.780,1.828,
17:49:05.090,39.500,-63.621,1.476,-49.937,2.512,-13.684,-1.036,13.723,0.581,1.795,1.887,
17:49:05.111,39.521,-63.668,3.198,-49.901,3.140,-13.766,0.058,13.766,0.841,1.777,1.966,
17:49:05.133,39.543,-64.402,4.268,-49.858,3.766,-14.544,0.501,14.552,0.890,1.970,2.162,
17:49:05.152,39.562,-64.127,5.713,-49.807,4.393,-14.321,1.320,14.381,1.052,1.852,2.130,
17:49:05.172,39.582,-64.620,7.441,-49.748,5.018,-14.873,2.423,15.069,1.291,1.975,2.360,
17:49:05.192,39.603,-64.942,8.484,-49.681,5.643,-15.262,2.841,15.524,1.311,2.043,2.428,
17:49:05.212,39.622,-65.126,9.008,-49.606,6.267,-15.520,2.741,15.760,1.179,2.069,2.381,
17:49:05.233,39.643,-65.207,10.053,-49.523,6.890,-15.684,3.163,16.000,1.215,2.067,2.397,
17:49:05.257,39.667,-65.221,11.515,-49.433,7.511,-15.788,4.004,16.288,1.377,2.048,2.468,
17:49:05.274,39.684,-65.194,12.403,-49.334,8.132,-15.859,4.272,16.424,1.360,2.022,2.437,
17:49:05.294,39.705,-65.147,11.977,-49.228,8.751,-15.919,3.226,16.242,0.953,1.997,2.212,
17:49:05.315,39.725,-65.096,12.370,-49.114,9.369,-15.981,3.001,16.261,0.822,1.975,2.139,
17:49:05.335,39.745,-65.048,13.434,-48.993,9.985,-16.055,3.448,16.422,0.904,1.959,2.158,
17:49:05.358,39.768,-65.009,14.997,-48.863,10.600,-16.146,4.397,16.734,1.133,1.951,2.256,
17:49:05.378,39.788,-64.980,16.021,-48.726,11.214,-16.253,4.808,16.950,1.187,1.950,2.283,
17:49:05.399,39.809,-64.960,16.611,-48.582,11.825,-16.378,4.786,17.063,1.110,1.955,2.248,
17:49:05.418,39.828,-64.653,17.319,-48.429,12.434,-16.224,4.885,16.943,1.076,1.877,2.163,
17:49:05.439,39.849,-63.874,18.187,-48.269,13.042,-15.605,5.145,16.431,1.095,1.666,1.994,
17:49:05.466,39.876,-63.436,19.596,-48.101,13.648,-15.335,5.949,16.449,1.279,1.574,2.028,
17:49:05.481,39.891,-63.166,20.397,-47.926,14.251,-15.240,6.146,16.433,1.269,1.542,1.997,
17:49:05.501,39.911,-63.015,20.817,-47.743,14.852,-15.272,5.965,16.396,1.150,1.549,1.929,
17:49:05.522,39.932,-62.954,20.099,-47.553,15.451,-15.402,4.649,16.088,0.699,1.586,1.733,
17:49:05.542,39.953,-62.956,20.337,-47.355,16.047,-15.601,4.290,16.180,0.568,1.641,1.737,
17:49:05.563,39.973,-62.993,21.342,-47.150,16.641,-15.844,4.701,16.526,0.678,1.706,1.836,
17:49:05.585,39.996,-62.282,22.029,-46.937,17.232,-15.345,4.797,16.078,0.686,1.544,1.690,
17:49:05.607,40.017,-61.781,21.570,-46.716,17.821,-15.065,3.749,15.524,0.351,1.459,1.501,
17:49:05.627,40.037,-61.464,22.032,-46.489,18.406,-14.975,3.626,15.407,0.316,1.437,1.471,
17:49:05.647,40.057,-61.289,22.333,-46.254,18.989,-15.035,3.344,15.403,0.236,1.461,1.480,
17:49:05.668,40.078,-61.217,23.387,-46.012,19.569,-15.206,3.818,15.678,0.388,1.517,1.565,
17:49:05.688,40.099,-61.212,24.108,-45.762,20.145,-15.450,3.963,15.950,0.431,1.590,1.648,
17:49:05.708,40.119,-61.243,24.551,-45.505,20.719,-15.738,3.832,16.198,0.388,1.672,1.717,
17:49:05.729,40.139,-61.291,24.782,-45.241,21.289,-16.049,3.493,16.425,0.286,1.756,1.779,
17:49:05.750,40.160,-61.339,25.746,-44.970,21.856,-16.369,3.890,16.825,0.412,1.837,1.882,
17:49:05.769,40.179,-61.381,26.377,-44.692,22.419,-16.689,3.957,17.152,0.429,1.913,1.960,
17:49:05.791,40.201,-61.412,26.740,-44.407,22.979,-17.005,3.761,17.416,0.367,1.983,2.017,
17:49:05.811,40.221,-60.670,26.909,-44.115,23.535,-16.556,3.374,16.896,0.252,1.820,1.837,
17:49:05.832,40.242,-60.888,27.826,-43.815,24.088,-17.073,3.739,17.477,0.370,1.959,1.993,
17:49:05.852,40.262,-60.317,28.427,-43.509,24.636,-16.808,3.791,17.230,0.386,1.854,1.894,
17:49:05.873,40.283,-60.674,28.773,-43.196,25.181,-17.478,3.592,17.843,0.326,2.038,2.064,
17:49:05.894,40.304,-60.207,28.933,-42.876,25.722,-17.331,3.211,17.626,0.215,1.965,1.976,
17:49:05.914,40.324,-59.873,29.849,-42.550,26.259,-17.324,3.590,17.692,0.339,1.939,1.969,
17:49:05.934,40.344,-59.657,30.451,-42.216,26.791,-17.441,3.660,17.821,0.362,1.954,1.987,
17:49:05.955,40.365,-60.296,32.558,-41.876,27.320,-18.419,5.238,19.150,0.836,2.226,2.378,
17:49:05.975,40.386,-60.031,33.118,-41.530,27.844,-18.501,5.274,19.238,0.816,2.212,2.358,
17:49:05.996,40.406,-59.829,33.358,-41.177,28.363,-18.652,4.994,19.309,0.703,2.221,2.330,
17:49:06.016,40.426,-59.687,34.266,-40.817,28.879,-18.870,5.387,19.624,0.800,2.251,2.389,
17:49:06.036,40.446,-59.596,34.812,-40.451,29.389,-19.145,5.422,19.898,0.785,2.297,2.428,
17:49:06.057,40.467,-58.783,35.085,-40.078,29.895,-18.704,5.190,19.411,0.691,2.127,2.236,
17:49:06.078,40.488,-58.206,36.050,-39.700,30.397,-18.506,5.653,19.351,0.813,2.042,2.198,
17:49:06.098,40.508,-57.836,36.659,-39.314,30.893,-18.521,5.766,19.398,0.822,2.027,2.187,
17:49:06.119,40.529,-57.629,36.990,-38.923,31.385,-18.706,5.605,19.528,0.749,2.065,2.197,
17:49:06.139,40.549,-56.780,38.003,-38.526,31.871,-18.254,6.132,19.256,0.888,1.910,2.106,
17:49:06.160,40.570,-56.215,38.648,-38.122,32.353,-18.093,6.295,19.157,0.910,1.853,2.064,
17:49:06.180,40.590,-55.884,39.883,-37.713,32.829,-18.172,7.054,19.493,1.109,1.872,2.176,
17:49:06.200,40.610,-54.965,40.669,-37.297,33.301,-17.668,7.369,19.143,1.163,1.716,2.073,
17:49:06.226,40.637,-54.372,41.102,-36.876,33.767,-17.496,7.336,18.972,1.111,1.669,2.005,
17:49:06.247,40.657,-54.038,42.161,-36.448,34.227,-17.590,7.934,19.296,1.252,1.705,2.116,
17:49:06.267,40.677,-53.892,42.814,-36.015,34.683,-17.877,8.131,19.639,1.266,1.797,2.198,
17:49:06.287,40.698,-53.870,43.155,-35.577,35.132,-18.294,8.023,19.975,1.188,1.921,2.259,
17:49:06.308,40.718,-53.158,44.158,-35.132,35.577,-18.025,8.581,19.963,1.317,1.831,2.256,
17:49:06.330,40.740,-52.686,44.782,-34.683,36.015,-18.003,8.766,20.024,1.327,1.822,2.254,
17:49:06.351,40.761,-52.409,45.114,-34.227,36.448,-18.181,8.665,20.141,1.251,1.873,2.253,
17:49:06.370,40.781,-52.276,44.361,-33.767,36.876,-18.509,7.485,19.965,0.859,1.966,2.145,
17:49:06.391,40.802,-51.478,44.598,-33.301,37.297,-18.177,7.301,19.589,0.792,1.855,2.017,
17:49:06.411,40.822,-50.946,45.621,-32.829,37.713,-18.117,7.908,19.768,0.968,1.833,2.073,
17:49:06.432,40.842,-50.631,46.334,-32.353,38.122,-18.279,8.212,20.039,1.042,1.879,2.149,
17:49:06.452,40.863,-50.478,47.662,-31.871,38.526,-18.607,9.136,20.729,1.297,1.973,2.361,
17:49:06.472,40.882,-50.434,48.542,-31.385,38.923,-19.049,9.619,21.340,1.403,2.094,2.521,
17:49:06.493,40.903,-49.693,49.058,-30.893,39.314,-18.800,9.743,21.175,1.397,2.001,2.440,
17:49:06.514,40.924,-49.193,48.423,-30.397,39.700,-18.796,8.724,20.722,1.049,1.987,2.247,
17:49:06.534,40.944,-48.130,48.726,-29.895,40.078,-18.235,8.648,20.182,1.008,1.808,2.070,
17:49:06.555,40.965,-47.425,48.897,-29.389,40.451,-18.036,8.447,19.916,0.933,1.750,1.983,
17:49:06.574,40.984,-47.012,49.853,-28.879,40.817,-18.133,9.036,20.260,1.101,1.785,2.097,
17:49:06.594,41.005,-46.815,50.506,-28.363,41.177,-18.451,9.330,20.676,1.170,1.883,2.217,
17:49:06.615,41.026,-46.763,50.906,-27.844,41.530,-18.920,9.377,21.116,1.160,2.020,2.329,
17:49:06.636,41.046,-46.037,51.113,-27.320,41.876,-18.717,9.237,20.872,1.096,1.946,2.234,
17:49:06.660,41.071,-45.562,51.185,-26.791,42.216,-18.771,8.969,20.803,0.998,1.955,2.195,
17:49:06.680,41.090,-44.526,51.175,-26.259,42.550,-18.267,8.625,20.201,0.885,1.796,2.002,
17:49:06.700,41.110,-43.846,51.999,-25.722,42.876,-18.124,9.122,20.290,1.032,1.756,2.037,
17:49:06.720,41.130,-43.453,52.565,-25.181,43.196,-18.272,9.369,20.534,1.094,1.806,2.112,
17:49:06.741,41.151,-43.270,52.915,-24.636,43.509,-18.634,9.406,20.873,1.089,1.917,2.205,
17:49:06.761,41.172,-42.467,53.099,-24.088,43.815,-18.379,9.284,20.591,1.038,1.835,2.108,
17:49:06.782,41.192,-41.954,53.166,-23.535,44.115,-18.419,9.052,20.523,0.957,1.847,2.081,
17:49:06.802,41.213,-41.671,53.160,-22.979,44.407,-18.692,8.754,20.640,0.863,1.928,2.113,
17:49:06.824,41.234,-40.789,53.116,-22.419,44.692,-18.370,8.424,20.209,0.765,1.826,1.980,
17:49:06.844,41.254,-40.221,53.056,-21.856,44.970,-18.366,8.086,20.067,0.671,1.826,1.945,
17:49:06.865,41.275,-39.902,52.998,-21.289,45.241,-18.613,7.757,20.165,0.586,1.901,1.990,
17:49:06.887,41.297,-39.763,52.071,-20.719,45.505,-19.044,6.565,20.144,0.248,2.026,2.042,
17:49:06.908,41.319,-39.740,52.277,-20.145,45.762,-19.595,6.515,20.649,0.273,2.179,2.196,
17:49:06.929,41.339,-39.022,53.353,-19.569,46.012,-19.453,7.341,20.792,0.559,2.115,2.188,
17:49:06.949,41.359,-37.780,53.280,-18.989,46.254,-18.791,7.026,20.062,0.482,1.900,1.960,
17:49:06.970,41.380,-36.942,53.192,-18.406,46.489,-18.536,6.703,19.711,0.407,1.821,1.866,
17:49:06.990,41.400,-36.437,52.229,-17.821,46.716,-18.617,5.512,19.416,0.076,1.848,1.850,
17:49:07.011,41.421,-36.184,51.521,-17.232,46.937,-18.952,4.585,19.499,-0.154,1.950,1.956,
17:49:07.031,41.441,-36.104,51.051,-16.641,47.150,-19.463,3.901,19.850,-0.298,2.098,2.119,
17:49:07.051,41.462,-35.367,49.897,-16.047,47.355,-19.320,2.542,19.486,-0.637,2.040,2.137,
17:49:07.072,41.482,-34.893,50.011,-15.451,47.553,-19.442,2.458,19.597,-0.573,2.066,2.144,
17:49:07.095,41.506,-34.626,51.082,-14.852,47.743,-19.774,3.339,20.054,-0.227,2.153,2.165,
17:49:07.115,41.526,-33.746,51.054,-14.251,47.926,-19.495,3.128,19.744,-0.234,2.052,2.065,
17:49:07.136,41.546,-33.172,50.153,-13.648,48.101,-19.525,2.052,19.632,-0.502,2.051,2.111,
17:49:07.156,41.567,-32.843,50.379,-13.042,48.269,-19.801,2.110,19.913,-0.414,2.124,2.164,
17:49:07.177,41.587,-32.691,49.710,-12.434,48.429,-20.257,1.281,20.297,-0.600,2.246,2.325,
17:49:07.197,41.608,-31.896,50.124,-11.825,48.582,-20.071,1.543,20.130,-0.449,2.168,2.214,
17:49:07.218,41.628,-30.617,49.594,-11.214,48.726,-19.403,0.868,19.423,-0.591,1.952,2.039,
17:49:07.238,41.649,-29.767,50.103,-10.600,48.863,-19.167,1.239,19.207,-0.412,1.880,1.924,
17:49:07.259,41.669,-29.268,50.508,-9.985,48.993,-19.283,1.515,19.342,-0.276,1.918,1.938,
17:49:07.280,41.690,-28.268,50.801,-9.369,49.114,-18.899,1.687,18.974,-0.181,1.804,1.813,
17:49:07.300,41.710,-27.653,50.994,-8.751,49.228,-18.902,1.766,18.984,-0.123,1.814,1.818,
17:49:07.320,41.730,-26.570,51.983,-8.132,49.334,-18.439,2.649,18.628,0.172,1.682,1.691,
17:49:07.340,41.751,-25.902,52.669,-7.511,49.433,-18.391,3.236,18.674,0.358,1.684,1.722,
17:49:07.360,41.771,-25.553,53.094,-6.890,49.523,-18.663,3.571,19.002,0.455,1.781,1.838,
17:49:07.381,41.791,-25.425,54.196,-6.267,49.606,-19.158,4.590,19.701,0.751,1.938,2.079,
17:49:07.401,41.811,-25.437,54.912,-5.643,49.681,-19.794,5.231,20.474,0.914,2.127,2.315,
17:49:07.423,41.834,-24.792,55.527,-5.018,49.748,-19.774,5.779,20.601,1.039,2.106,2.348,
17:49:07.444,41.854,-23.438,55.504,-4.393,49.807,-19.045,5.698,19.879,0.969,1.875,2.110,
17:49:07.464,41.874,-22.702,55.477,-3.766,49.858,-18.935,5.619,19.752,0.905,1.845,2.055,
17:49:07.484,41.895,-22.270,54.497,-3.140,49.901,-19.130,4.596,19.674,0.564,1.908,1.989,
17:49:07.505,41.915,-22.048,54.670,-2.512,49.937,-19.535,4.733,20.101,0.595,2.030,2.115,
17:49:07.529,41.940,-21.215,54.796,-1.885,49.964,-19.330,4.831,19.925,0.612,1.961,2.054,
17:49:07.550,41.960,-19.929,54.882,-1.257,49.984,-18.673,4.897,19.304,0.619,1.761,1.866,
17:49:07.571,41.981,-19.093,54.055,-0.628,49.996,-18.464,4.059,18.905,0.354,1.709,1.745,
17:49:07.591,42.001,-18.616,54.325,-0.000,50.000,-18.616,4.325,19.112,0.440,1.768,1.822,
17:49:07.611,42.021,-18.402,54.556,0.628,49.996,-19.030,4.560,19.569,0.509,1.902,1.969,
17:49:07.634,42.044,-18.360,55.614,1.257,49.984,-19.617,5.630,20.409,0.825,2.078,2.236,
17:49:07.653,42.063,-17.656,56.377,1.885,49.964,-19.541,6.413,20.566,1.033,2.043,2.290,
17:49:07.673,42.083,-17.208,55.995,2.512,49.937,-19.720,6.058,20.629,0.888,2.088,2.269,
17:49:07.693,42.103,-16.197,55.640,3.140,49.901,-19.336,5.739,20.170,0.764,1.961,2.105,
17:49:07.714,42.124,-15.537,55.347,3.766,49.858,-19.303,5.489,20.068,0.670,1.949,2.061,
17:49:07.734,42.144,-15.158,56.004,4.393,49.807,-19.550,6.197,20.509,0.870,2.021,2.200,
17:49:07.756,42.166,-14.984,56.489,5.018,49.748,-20.002,6.742,21.107,1.009,2.150,2.375,
17:49:07.776,42.186,-14.945,56.815,5.643,49.681,-20.588,7.134,21.789,1.093,2.311,2.556,
17:49:07.797,42.207,-14.224,57.008,6.267,49.606,-20.491,7.402,21.787,1.135,2.256,2.526,
17:49:07.817,42.228,-12.987,57.979,6.890,49.523,-19.876,8.456,21.600,1.412,2.051,2.490,
17:49:07.838,42.248,-12.156,59.518,7.511,49.433,-19.668,10.086,22.103,1.844,1.982,2.708,
17:49:07.858,42.268,-11.660,59.676,8.132,49.334,-19.792,10.342,22.331,1.838,2.018,2.729,
17:49:07.878,42.288,-11.414,61.414,8.751,49.228,-20.166,12.186,23.562,2.310,2.126,3.140,
17:49:07.898,42.309,-11.340,61.692,9.369,49.114,-20.709,12.578,24.229,2.319,2.278,3.251,
17:49:07.919,42.329,-10.608,62.611,9.985,48.993,-20.593,13.618,24.689,2.525,2.223,3.364,
17:49:07.939,42.350,-9.375,63.149,10.600,48.863,-19.975,14.285,24.558,2.609,2.021,3.300,
17:49:07.964,42.375,-8.557,65.158,11.214,48.726,-19.771,16.432,25.708,3.135,1.957,3.696,
17:49:07.981,42.391,-8.077,66.491,11.825,48.582,-19.902,17.909,26.774,3.429,1.999,3.969,
17:49:08.001,42.411,-7.847,66.389,12.434,48.429,-20.282,17.960,27.091,3.280,2.112,3.901,
17:49:08.021,42.432,-7.786,66.993,13.042,48.269,-20.828,18.724,28.007,3.361,2.267,4.054,
17:49:08.042,42.452,-7.065,67.292,13.648,48.101,-20.712,19.191,28.236,3.352,2.214,4.017,
17:49:08.062,42.472,-6.601,67.381,14.251,47.926,-20.852,19.455,28.518,3.288,2.242,3.980,
17:49:08.086,42.496,-5.579,67.340,14.852,47.743,-20.431,19.597,28.310,3.196,2.100,3.824,
17:49:08.107,42.517,-4.912,66.353,15.451,47.553,-20.363,18.800,27.714,2.834,2.074,3.511,
17:49:08.127,42.537,-4.529,65.583,16.047,47.355,-20.576,18.228,27.489,2.567,2.134,3.338,
17:49:08.147,42.557,-4.354,65.916,16.641,47.150,-20.995,18.767,28.160,2.654,2.252,3.481,
17:49:08.167,42.577,-3.555,67.085,17.232,46.937,-20.787,20.148,28.949,2.991,2.174,3.698,
17:49:08.188,42.598,-3.045,66.194,17.821,46.716,-20.866,19.477,28.544,2.692,2.188,3.469,
17:49:08.208,42.619,-2.762,64.624,18.406,46.489,-21.168,18.135,27.874,2.215,2.269,3.171,
17:49:08.229,42.639,-1.880,65.256,18.989,46.254,-20.869,19.002,28.224,2.435,2.164,3.257,
17:49:08.249,42.659,-1.311,64.923,19.569,46.012,-20.880,18.912,28.172,2.354,2.160,3.195,
17:49:08.270,42.680,-0.991,64.714,20.145,45.762,-21.137,18.952,28.389,2.320,2.229,3.217,
17:49:08.293,42.704,-0.851,63.722,20.719,45.505,-21.569,18.217,28.233,2.057,2.348,3.121,
17:49:08.313,42.723,-0.066,63.041,21.289,45.241,-21.355,17.800,27.800,1.908,2.264,2.961,
17:49:08.334,42.744,0.443,61.744,21.856,44.970,-21.412,16.774,27.200,1.588,2.269,2.769,
17:49:08.354,42.764,0.733,60.892,22.419,44.692,-21.686,16.200,27.069,1.424,2.338,2.738,
17:49:08.374,42.785,1.626,60.401,22.979,44.407,-21.353,15.995,26.679,1.382,2.221,2.616,
17:49:08.394,42.805,2.205,59.299,23.535,44.115,-21.331,15.185,26.183,1.161,2.206,2.493,
17:49:08.415,42.825,2.534,57.739,24.088,43.815,-21.554,13.924,25.660,0.819,2.266,2.409,
17:49:08.435,42.845,2.681,55.867,24.636,43.509,-21.955,12.358,25.194,0.406,2.375,2.409,
17:49:08.455,42.866,3.471,55.564,25.181,43.196,-21.710,12.368,24.986,0.492,2.283,2.336,
17:49:08.476,42.886,3.983,55.561,25.722,42.876,-21.739,12.685,25.169,0.662,2.281,2.375,
17:49:08.496,42.906,5.035,53.970,26.259,42.550,-21.223,11.421,24.101,0.343,2.115,2.143,
17:49:08.516,42.927,5.718,52.056,26.791,42.216,-21.073,9.839,23.257,-0.051,2.071,2.072,
17:49:08.537,42.947,6.106,51.708,27.320,41.876,-21.213,9.831,23.381,0.050,2.117,2.117,
17:49:08.557,42.967,6.280,51.664,27.844,41.530,-21.564,10.135,23.827,0.234,2.222,2.235,
17:49:08.577,42.988,6.311,50.918,28.363,41.177,-22.052,9.741,24.108,0.194,2.362,2.370,
17:49:08.597,43.007,6.261,50.493,28.879,40.817,-22.618,9.676,24.601,0.253,2.516,2.529,
17:49:08.618,43.028,6.934,49.424,29.389,40.451,-22.455,8.973,24.181,0.113,2.442,2.445,
17:49:08.639,43.049,8.153,47.871,29.895,40.078,-21.742,7.793,23.097,-0.163,2.209,2.214,
17:49:08.659,43.070,8.983,46.868,30.397,39.700,-21.413,7.169,22.581,-0.256,2.106,2.122,
17:49:08.680,43.090,9.489,45.425,30.893,39.314,-21.404,6.110,22.259,-0.476,2.107,2.160,
17:49:08.700,43.110,10.509,45.420,31.385,38.923,-20.875,6.497,21.863,-0.251,1.952,1.968,
17:49:08.721,43.131,11.149,43.844,31.871,38.526,-20.722,5.318,21.394,-0.515,1.920,1.987,
17:49:08.741,43.151,12.254,43.709,32.353,38.122,-20.099,5.587,20.861,-0.329,1.748,1.778,
17:49:08.762,43.172,12.940,43.780,32.829,37.713,-19.889,6.067,20.794,-0.097,1.711,1.714,
17:49:08.782,43.192,14.064,43.954,33.301,37.297,-19.237,6.657,20.356,0.151,1.543,1.550,
17:49:08.802,43.212,14.751,42.404,33.767,36.876,-19.016,5.528,19.803,-0.137,1.515,1.521,
17:49:08.823,43.233,15.865,42.203,34.227,36.448,-18.363,5.755,19.243,0.000,1.358,1.358,
17:49:08.843,43.253,16.537,42.164,34.683,36.015,-18.146,6.148,19.159,0.176,1.340,1.352,
17:49:08.863,43.273,17.636,41.339,35.132,35.577,-17.496,5.762,18.421,0.104,1.193,1.198,
17:49:08.883,43.294,18.295,41.677,35.577,35.132,-17.281,6.545,18.479,0.386,1.184,1.246,
17:49:08.904,43.314,19.384,41.122,36.015,34.683,-16.632,6.439,17.835,0.381,1.044,1.111,
17:49:08.925,43.335,20.036,40.756,36.448,34.227,-16.413,6.528,17.663,0.434,1.040,1.127,
17:49:08.945,43.355,20.358,40.540,36.876,33.767,-16.517,6.773,17.852,0.530,1.131,1.249,
17:49:08.965,43.376,21.216,40.434,37.297,33.301,-16.081,7.133,17.592,0.652,1.052,1.238,
17:49:08.986,43.396,21.728,40.401,37.713,32.829,-15.985,7.572,17.687,0.790,1.079,1.337,
17:49:09.007,43.417,22.741,40.411,38.122,32.353,-15.381,8.058,17.364,0.933,0.950,1.331,
17:49:09.027,43.437,23.368,40.441,38.526,31.871,-15.158,8.569,17.412,1.073,0.942,1.428,
17:49:09.048,43.458,23.698,40.475,38.923,31.385,-15.225,9.090,17.732,1.208,1.019,1.581,
17:49:09.068,43.478,24.581,41.383,39.314,30.893,-14.733,10.490,18.086,1.598,0.922,1.845,
17:49:09.088,43.498,25.885,41.161,39.700,30.397,-13.814,10.765,17.513,1.626,0.702,1.770,
17:49:09.109,43.519,26.720,41.830,40.078,29.895,-13.358,11.935,17.913,1.922,0.633,2.023,
17:49:09.129,43.539,27.184,40.531,40.451,29.389,-13.267,11.142,17.325,1.611,0.676,1.747,
17:49:09.149,43.559,27.380,40.412,40.817,28.879,-13.437,11.534,17.708,1.679,0.792,1.856,
17:49:09.170,43.580,27.401,41.228,41.177,28.363,-13.776,12.865,18.849,2.026,0.949,2.237,
17:49:09.190,43.600,28.085,41.841,41.530,27.844,-13.445,13.997,19.408,2.291,0.892,2.459,
17:49:09.210,43.621,28.516,42.256,41.876,27.320,-13.361,14.937,20.040,2.484,0.912,2.646,
17:49:09.231,43.641,28.751,43.384,42.216,26.791,-13.466,16.592,21.369,2.882,0.986,3.046,
17:49:09.252,43.662,28.847,43.261,42.550,26.259,-13.703,17.003,21.837,2.883,1.093,3.083,
17:49:09.277,43.687,28.854,43.071,42.876,25.722,-14.023,17.349,22.307,2.868,1.217,3.116,
17:49:09.293,43.703,28.812,42.864,43.196,25.181,-14.384,17.682,22.794,2.855,1.344,3.155,
17:49:09.313,43.723,28.751,42.672,43.509,24.636,-14.759,18.036,23.305,2.852,1.466,3.207,
17:49:09.334,43.744,29.449,42.513,43.815,24.088,-14.366,18.425,23.364,2.864,1.349,3.166,
17:49:09.354,43.764,29.949,42.390,44.115,23.535,-14.166,18.855,23.583,2.891,1.298,3.169,
17:49:09.375,43.786,30.273,42.303,44.407,22.979,-14.134,19.324,23.942,2.931,1.300,3.207,
17:49:09.396,43.806,30.457,41.367,44.692,22.419,-14.235,18.948,23.699,2.718,1.342,3.031,
17:49:09.416,43.826,30.540,40.695,44.970,21.856,-14.430,18.839,23.730,2.603,1.408,2.960,
17:49:09.436,43.846,30.557,40.258,45.241,21.289,-14.684,18.969,23.988,2.570,1.488,2.970,
17:49:09.456,43.867,30.536,39.130,45.505,20.719,-14.969,18.412,23.729,2.336,1.572,2.815,
17:49:09.478,43.888,30.497,38.381,45.762,20.145,-15.265,18.236,23.782,2.234,1.653,2.779,
17:49:09.498,43.909,30.455,37.063,46.012,19.569,-15.556,17.495,23.411,1.970,1.728,2.620,
17:49:09.519,43.929,31.180,35.338,46.254,18.989,-15.074,16.349,22.238,1.605,1.566,2.242,
17:49:09.539,43.950,31.704,34.230,46.489,18.406,-14.785,15.824,21.656,1.450,1.473,2.067,
17:49:09.560,43.971,32.048,32.733,46.716,17.821,-14.668,14.913,20.918,1.190,1.439,1.867,
17:49:09.581,43.991,32.247,31.834,46.937,17.232,-14.689,14.602,20.712,1.127,1.448,1.835,
17:49:09.603,44.014,32.339,30.508,47.150,16.641,-14.810,13.867,20.289,0.940,1.486,1.758,
17:49:09.624,44.034,33.121,29.736,47.355,16.047,-14.234,13.689,19.748,0.931,1.313,1.609,
17:49:09.644,44.055,33.651,29.375,47.553,15.451,-13.901,13.924,19.675,1.045,1.224,1.610,
17:49:09.666,44.076,33.972,27.532,47.743,14.852,-13.771,12.680,18.720,0.707,1.202,1.394,
17:49:09.686,44.096,34.133,26.337,47.926,14.251,-13.793,12.086,18.339,0.585,1.226,1.358,
17:49:09.707,44.117,34.183,26.539,48.101,13.648,-13.918,12.891,18.971,0.889,1.279,1.557,
17:49:09.726,44.136,34.166,25.120,48.269,13.042,-14.103,12.078,18.568,0.685,1.346,1.510,
17:49:09.747,44.157,34.113,24.213,48.429,12.434,-14.317,11.779,18.539,0.647,1.416,1.557,
17:49:09.767,44.178,34.047,22.832,48.582,11.825,-14.534,11.007,18.232,0.469,1.483,1.555,
17:49:09.788,44.198,33.984,21.983,48.726,11.214,-14.742,10.770,18.257,0.461,1.542,1.610,
17:49:09.810,44.220,33.932,20.662,48.863,10.600,-14.932,10.062,18.006,0.310,1.592,1.622,
17:49:09.831,44.241,33.892,18.988,48.993,9.985,-15.100,9.003,17.580,0.062,1.633,1.634,
17:49:09.851,44.261,33.867,17.953,49.114,9.369,-15.247,8.584,17.498,0.020,1.665,1.665,
17:49:09.871,44.282,33.853,15.651,49.228,8.751,-15.375,6.900,16.853,-0.401,1.689,1.736,
17:49:09.891,44.302,33.848,14.177,49.334,8.132,-15.486,6.046,16.624,-0.548,1.707,1.793,
17:49:09.914,44.324,34.611,13.359,49.433,7.511,-14.822,5.848,15.934,-0.492,1.492,1.571,
17:49:09.933,44.343,35.168,12.136,49.523,6.890,-14.355,5.246,15.283,-0.565,1.351,1.464,
17:49:09.953,44.364,35.538,11.463,49.606,6.267,-14.068,5.196,14.997,-0.471,1.273,1.358,
17:49:09.974,44.384,35.754,10.305,49.681,5.643,-13.927,4.662,14.687,-0.532,1.244,1.354,
17:49:09.994,44.405,35.854,9.644,49.748,5.018,-13.894,4.626,14.643,-0.443,1.249,1.326,
17:49:10.014,44.425,36.638,8.467,49.807,4.393,-13.169,4.074,13.785,-0.518,1.046,1.167,
17:49:10.035,44.445,37.166,6.892,49.858,3.766,-12.692,3.125,13.071,-0.710,0.930,1.170,
17:49:10.055,44.465,37.480,6.794,49.901,3.140,-12.421,3.655,12.947,-0.449,0.882,0.990,
17:49:10.076,44.486,37.634,6.038,49.937,2.512,-12.303,3.526,12.798,-0.406,0.883,0.972,
17:49:10.096,44.506,37.677,4.749,49.964,1.885,-12.288,2.864,12.617,-0.529,0.913,1.055,
17:49:10.117,44.527,37.651,4.824,49.984,1.257,-12.333,3.567,12.839,-0.237,0.958,0.987,
17:49:10.138,44.548,37.590,4.153,49.996,0.628,-12.406,3.525,12.897,-0.190,1.008,1.025,
17:49:10.158,44.568,38.279,3.768,50.000,0.000,-11.721,3.768,12.312,-0.063,0.825,0.828,
17:49:10.179,44.589,38.762,2.712,49.996,-0.628,-11.234,3.340,11.720,-0.147,0.714,0.729,
17:49:10.199,44.610,39.066,2.032,49.984,-1.257,-10.918,3.288,11.402,-0.115,0.660,0.670,
17:49:10.219,44.630,39.230,1.650,49.964,-1.885,-10.734,3.534,11.301,0.003,0.648,0.648,
17:49:10.241,44.651,39.631,1.058,49.937,-2.512,-10.306,3.571,10.907,0.049,0.562,0.564,
17:49:10.262,44.672,39.377,0.204,49.901,-3.140,-10.524,3.344,11.043,0.012,0.675,0.675,
17:49:10.283,44.693,39.265,-0.235,49.858,-3.766,-10.593,3.531,11.166,0.101,0.733,0.740,
17:49:10.303,44.713,39.193,-0.462,49.807,-4.393,-10.614,3.930,11.318,0.246,0.772,0.810,
17:49:10.324,44.734,39.137,-0.549,49.748,-5.018,-10.611,4.469,11.513,0.422,0.800,0.904,
17:49:10.345,44.755,39.091,-0.544,49.681,-5.643,-10.589,5.099,11.753,0.613,0.820,1.024,
17:49:10.365,44.775,39.055,-1.366,49.606,-6.267,-10.550,4.901,11.633,0.544,0.832,0.994,
17:49:10.385,44.795,39.029,-1.048,49.523,-6.890,-10.494,5.842,12.010,0.820,0.837,1.172,
17:49:10.405,44.815,39.012,-1.635,49.433,-7.511,-10.420,5.876,11.963,0.807,0.836,1.162,
17:49:10.426,44.836,39.002,-2.036,49.334,-8.132,-10.332,6.096,11.996,0.851,0.830,1.189,
17:49:10.446,44.857,38.998,-1.402,49.228,-8.751,-10.230,7.349,12.596,1.203,0.820,1.456,
17:49:10.469,44.879,38.997,-0.896,49.114,-9.369,-10.117,8.473,13.196,1.493,0.807,1.697,
17:49:10.489,44.900,38.998,-0.530,48.993,-9.985,-9.994,9.455,13.758,1.723,0.790,1.896,
17:49:10.510,44.920,39.000,-0.294,48.863,-10.600,-9.864,10.306,14.266,1.901,0.772,2.052,
17:49:10.530,44.941,39.001,-1.044,48.726,-11.214,-9.725,10.169,14.071,1.773,0.752,1.926,
17:49:10.551,44.961,39.002,-0.754,48.582,-11.825,-9.580,11.071,14.640,1.968,0.730,2.099,
17:49:10.571,44.981,39.002,-1.420,48.429,-12.434,-9.427,11.014,14.498,1.865,0.707,1.994,
17:49:10.591,45.002,39.000,-1.918,48.269,-13.042,-9.269,11.124,14.479,1.821,0.683,1.945,
17:49:10.612,45.022,38.998,-2.260,48.101,-13.648,-9.103,11.388,14.579,1.830,0.658,1.944,
17:49:10.632,45.042,38.995,-2.470,47.926,-14.251,-8.931,11.781,14.784,1.878,0.632,1.982,
17:49:10.653,45.063,38.991,-2.581,47.743,-14.852,-8.752,12.271,15.072,1.955,0.604,2.046,
17:49:10.673,45.083,38.987,-2.624,47.553,-15.451,-8.566,12.827,15.424,2.049,0.575,2.129,
17:49:10.693,45.103,38.982,-2.625,47.355,-16.047,-8.373,13.422,15.820,2.151,0.546,2.219,
17:49:10.713,45.124,38.977,-2.603,47.150,-16.641,-8.173,14.038,16.243,2.255,0.515,2.313,
17:49:10.734,45.144,38.971,-3.453,46.937,-17.232,-7.965,13.779,15.915,2.092,0.483,2.147,
17:49:10.753,45.164,38.966,-4.064,46.716,-17.821,-7.751,13.757,15.790,2.014,0.450,2.064,
17:49:10.774,45.184,38.198,-5.340,46.489,-18.406,-8.290,13.066,15.474,1.743,0.644,1.858,
17:49:10.794,45.205,37.640,-5.326,46.254,-18.989,-8.614,13.663,16.151,1.878,0.760,2.026,
17:49:10.814,45.225,37.271,-6.090,46.012,-19.569,-8.740,13.479,16.064,1.772,0.808,1.947,
17:49:10.835,45.245,37.057,-6.571,45.762,-20.145,-8.705,13.574,16.126,1.758,0.804,1.933,
17:49:10.856,45.266,36.957,-6.832,45.505,-20.719,-8.548,13.886,16.307,1.812,0.764,1.966,
17:49:10.876,45.287,36.934,-6.937,45.241,-21.289,-8.308,14.352,16.583,1.909,0.700,2.034,
17:49:10.898,45.308,36.956,-6.941,44.970,-21.856,-8.014,14.914,16.931,2.031,0.625,2.125,
17:49:10.918,45.328,37.000,-7.769,44.692,-22.419,-7.692,14.650,16.547,1.897,0.546,1.974,
17:49:10.938,45.349,37.049,-8.333,44.407,-22.979,-7.358,14.646,16.390,1.853,0.468,1.911,
17:49:10.959,45.369,36.333,-8.677,44.115,-23.535,-7.782,14.858,16.772,1.878,0.622,1.978,
17:49:10.979,45.389,35.816,-9.733,43.815,-24.088,-8.000,14.355,16.433,1.687,0.703,1.828,
17:49:10.999,45.410,34.715,-10.432,43.509,-24.636,-8.794,14.204,16.706,1.617,0.951,1.876,
17:49:11.020,45.430,33.968,-10.841,43.196,-25.181,-9.228,14.341,17.053,1.638,1.074,1.959,
17:49:11.040,45.451,33.515,-11.034,42.876,-25.722,-9.361,14.688,17.418,1.722,1.099,2.043,
17:49:11.060,45.470,33.287,-12.840,42.550,-26.259,-9.263,13.419,16.305,1.316,1.053,1.686,
17:49:11.080,45.491,33.214,-14.077,42.216,-26.791,-9.002,12.714,15.578,1.107,0.962,1.467,
17:49:11.101,45.511,32.476,-14.835,41.876,-27.320,-9.400,12.485,15.628,1.055,1.076,1.507,
17:49:11.121,45.532,31.997,-15.224,41.530,-27.844,-9.533,12.619,15.816,1.115,1.102,1.567,
17:49:11.142,45.552,31.724,-16.236,41.177,-28.363,-9.453,12.127,15.376,0.982,1.063,1.447,
17:49:11.162,45.573,31.602,-16.846,40.817,-28.879,-9.215,12.032,15.156,0.976,0.980,1.383,
17:49:11.183,45.593,30.817,-18.031,40.451,-29.389,-9.633,11.358,14.893,0.797,1.099,1.358,
17:49:11.203,45.613,30.300,-18.766,40.078,-29.895,-9.779,11.130,14.815,0.762,1.130,1.363,
17:49:11.226,45.636,29.997,-20.031,39.700,-30.397,-9.702,10.366,14.198,0.568,1.091,1.230,
17:49:11.245,45.656,29.093,-20.811,39.314,-30.893,-10.221,10.082,14.357,0.530,1.235,1.344,
17:49:11.265,45.676,28.505,-22.096,38.923,-31.385,-10.419,9.289,13.958,0.340,1.273,1.317,
17:49:11.285,45.695,28.169,-22.878,38.526,-31.871,-10.357,8.993,13.717,0.310,1.231,1.270,
17:49:11.306,45.716,27.256,-23.277,38.122,-32.353,-10.866,9.076,14.158,0.394,1.364,1.420,
17:49:11.325,45.736,26.675,-24.289,37.713,-32.829,-11.038,8.541,13.956,0.284,1.388,1.417,
17:49:11.346,45.756,26.354,-25.773,37.297,-33.301,-10.944,7.528,13.283,0.038,1.331,1.332,
17:49:11.367,45.777,26.219,-26.710,36.876,-33.767,-10.656,7.057,12.781,-0.032,1.222,1.222,
17:49:11.387,45.797,25.444,-28.098,36.448,-34.227,-11.004,6.129,12.596,-0.237,1.310,1.332,
17:49:11.407,45.818,24.946,-28.939,36.015,-34.683,-11.069,5.744,12.471,-0.267,1.309,1.336,
17:49:11.428,45.838,24.667,-29.364,35.577,-35.132,-10.910,5.768,12.341,-0.176,1.241,1.253,
17:49:11.449,45.859,23.784,-29.502,35.132,-35.577,-11.349,6.075,12.872,-0.009,1.358,1.358,
17:49:11.470,45.880,23.212,-30.341,34.683,-36.015,-11.470,5.675,12.797,-0.067,1.372,1.373,
17:49:11.490,45.901,22.888,-30.846,34.227,-36.448,-11.339,5.603,12.648,-0.025,1.310,1.310,
17:49:11.511,45.921,21.983,-31.979,33.767,-36.876,-11.784,4.897,12.761,-0.178,1.426,1.437,
17:49:11.531,45.941,21.404,-32.698,33.301,-37.297,-11.896,4.599,12.754,-0.201,1.435,1.449,
17:49:11.551,45.961,20.322,-33.093,32.829,-37.713,-12.508,4.620,13.333,-0.129,1.594,1.599,
17:49:11.571,45.981,19.633,-33.256,32.353,-38.122,-12.720,4.866,13.619,0.004,1.623,1.623,
17:49:11.592,46.002,19.254,-34.149,31.871,-38.526,-12.618,4.376,13.355,-0.094,1.557,1.560,
17:49:11.612,46.023,19.096,-34.717,31.385,-38.923,-12.289,4.206,12.988,-0.092,1.429,1.432,
17:49:11.633,46.043,19.082,-35.030,30.893,-39.314,-11.811,4.284,12.564,-0.018,1.266,1.266,
17:49:11.656,46.066,18.386,-36.041,30.397,-39.700,-12.010,3.659,12.555,-0.161,1.317,1.327,
17:49:11.674,46.084,17.934,-36.692,29.895,-40.078,-11.961,3.386,12.432,-0.190,1.291,1.305,
17:49:11.694,46.104,17.675,-37.059,29.389,-40.451,-11.715,3.392,12.196,-0.135,1.207,1.215,
17:49:11.714,46.125,17.555,-37.220,28.879,-40.817,-11.323,3.597,11.881,-0.026,1.086,1.087,
17:49:11.735,46.145,16.767,-37.246,28.363,-41.177,-11.597,3.931,12.245,0.113,1.173,1.178,
17:49:11.755,46.166,16.240,-37.194,27.844,-41.530,-11.604,4.336,12.388,0.262,1.174,1.203,
17:49:11.775,46.186,15.926,-37.108,27.320,-41.876,-11.394,4.769,12.351,0.409,1.109,1.182,
17:49:11.796,46.206,15.771,-37.015,26.791,-42.216,-11.020,5.201,12.186,0.546,1.000,1.139,
17:49:11.816,46.226,15.723,-36.934,26.259,-42.550,-10.535,5.615,11.939,0.667,0.865,1.093,
17:49:11.837,46.247,16.501,-37.751,25.722,-42.876,-9.221,5.125,10.550,0.510,0.490,0.707,
17:49:11.857,46.267,16.339,-38.347,25.181,-43.196,-8.842,4.849,10.084,0.427,0.419,0.598,
17:49:11.878,46.288,16.206,-38.744,24.636,-43.509,-8.430,4.765,9.684,0.408,0.342,0.532,
17:49:11.899,46.309,16.103,-38.978,24.088,-43.815,-7.985,4.837,9.336,0.436,0.259,0.507,
17:49:11.919,46.329,15.266,-39.091,23.535,-44.115,-8.270,5.023,9.676,0.497,0.398,0.637,
17:49:11.938,46.349,14.660,-39.123,22.979,-44.407,-8.319,5.283,9.855,0.575,0.456,0.734,
17:49:11.959,46.370,14.262,-39.107,22.419,-44.692,-8.157,5.586,9.886,0.661,0.445,0.797,
17:49:11.984,46.394,14.030,-39.066,21.856,-44.970,-7.826,5.904,9.803,0.747,0.382,0.839,
17:49:12.000,46.410,13.920,-39.018,21.289,-45.241,-7.369,6.223,9.645,0.827,0.285,0.875,
17:49:12.021,46.431,13.891,-38.975,20.719,-45.505,-6.828,6.531,9.448,0.899,0.168,0.914,
17:49:12.041,46.451,13.147,-38.940,20.145,-45.762,-6.998,6.822,9.773,0.961,0.271,0.999,
17:49:12.062,46.472,12.635,-38.917,19.569,-46.012,-6.933,7.095,9.920,1.015,0.294,1.057,
17:49:12.081,46.492,12.285,-39.035,18.989,-46.254,-6.704,7.219,9.852,1.022,0.265,1.056,
17:49:12.102,46.512,11.185,-40.082,18.406,-46.489,-7.221,6.407,9.654,0.748,0.461,0.879,
17:49:12.123,46.533,10.632,-39.646,17.821,-46.716,-7.188,7.070,10.083,0.937,0.477,1.051,
17:49:12.143,46.553,10.336,-39.367,17.232,-46.937,-6.896,7.570,10.240,1.063,0.414,1.141,
17:49:12.163,46.574,9.435,-40.059,16.641,-47.150,-7.206,7.090,10.110,0.889,0.534,1.037,
17:49:12.187,46.598,8.865,-39.676,16.047,-47.355,-7.182,7.679,10.514,1.048,0.546,1.181,
17:49:12.208,46.618,8.550,-39.368,15.451,-47.553,-6.901,8.185,10.706,1.171,0.479,1.265,
17:49:12.228,46.638,7.654,-39.141,14.852,-47.743,-7.198,8.602,11.216,1.261,0.589,1.392,
17:49:12.248,46.659,7.086,-38.990,14.251,-47.926,-7.165,8.936,11.454,1.321,0.592,1.448,
17:49:12.269,46.679,6.011,-38.022,13.648,-48.101,-7.636,10.079,12.645,1.621,0.746,1.785,
17:49:12.289,46.699,5.330,-38.226,13.042,-48.269,-7.712,10.043,12.663,1.549,0.770,1.730,
17:49:12.309,46.719,4.194,-38.439,12.434,-48.429,-8.241,9.990,12.950,1.479,0.929,1.747,
17:49:12.330,46.740,3.488,-38.631,11.825,-48.582,-8.337,9.951,12.982,1.419,0.948,1.706,
17:49:12.351,46.761,2.351,-38.787,11.214,-48.726,-8.862,9.940,13.317,1.373,1.094,1.756,
17:49:12.371,46.781,1.658,-38.902,10.600,-48.863,-8.943,9.962,13.387,1.342,1.097,1.733,
17:49:12.391,46.801,0.540,-38.979,9.985,-48.993,-9.445,10.014,13.766,1.323,1.228,1.805,
17:49:12.412,46.822,-0.134,-39.025,9.369,-49.114,-9.503,10.090,13.860,1.314,1.217,1.790,
17:49:12.432,46.843,-1.234,-39.926,8.751,-49.228,-9.985,9.302,13.647,1.047,1.335,1.696,
17:49:12.452,46.862,-2.656,-40.569,8.132,-49.334,-10.788,8.765,13.900,0.874,1.542,1.772,
17:49:12.473,46.883,-3.538,-40.104,7.511,-49.433,-11.049,9.328,14.460,1.043,1.574,1.888,
17:49:12.493,46.903,-4.002,-39.698,6.890,-49.523,-10.892,9.826,14.669,1.181,1.480,1.894,
17:49:12.516,46.926,-4.935,-40.255,6.267,-49.606,-11.202,9.351,14.592,1.019,1.534,1.842,
17:49:12.534,46.944,-5.474,-40.660,5.643,-49.681,-11.117,9.020,14.316,0.912,1.467,1.727,
17:49:12.554,46.964,-6.486,-40.928,5.018,-49.748,-11.504,8.820,14.496,0.851,1.547,1.766,
17:49:12.575,46.985,-7.856,-41.082,4.393,-49.807,-12.249,8.724,15.038,0.825,1.731,1.918,
17:49:12.595,47.005,-8.715,-41.153,3.766,-49.858,-12.482,8.705,15.217,0.824,1.750,1.935,
17:49:12.616,47.026,-9.177,-41.167,3.140,-49.901,-12.317,8.734,15.099,0.837,1.651,1.851,
17:49:12.637,47.047,-10.119,-41.147,2.512,-49.937,-12.631,8.790,15.388,0.858,1.703,1.907,
17:49:12.657,47.067,-11.434,-41.110,1.885,-49.964,-13.318,8.854,15.993,0.879,1.865,2.062,
17:49:12.677,47.087,-12.252,-41.948,1.257,-49.984,-13.508,8.036,15.718,0.634,1.869,1.974,
17:49:12.697,47.107,-12.687,-42.547,0.628,-49.996,-13.315,7.449,15.257,0.475,1.759,1.822,
17:49:12.718,47.128,-13.613,-42.934,0.000,-50.000,-13.613,7.066,15.338,0.387,1.806,1.847,
17:49:12.739,47.149,-14.160,-43.150,-0.628,-49.996,-13.531,6.846,15.165,0.353,1.737,1.772,
17:49:12.760,47.170,-15.186,-43.241,-1.257,-49.984,-13.929,6.743,15.476,0.355,1.818,1.852,
17:49:12.780,47.191,-15.813,-42.371,-1.885,-49.964,-13.928,7.594,15.864,0.642,1.775,1.888,
17:49:12.800,47.211,-16.898,-42.573,-2.512,-49.937,-14.386,7.364,16.161,0.585,1.874,1.963,
17:49:12.821,47.231,-17.564,-42.731,-3.140,-49.901,-14.424,7.170,16.108,0.542,1.842,1.920,
17:49:12.840,47.250,-18.101,-42.871,-3.766,-49.858,-14.334,6.987,15.946,0.505,1.775,1.845,
17:49:12.861,47.271,-18.053,-42.906,-4.393,-49.807,-13.660,6.901,15.304,0.498,1.539,1.617,
17:49:12.881,47.291,-18.851,-41.949,-5.018,-49.748,-13.833,7.798,15.880,0.787,1.573,1.759,
17:49:12.901,47.311,-18.498,-41.361,-5.643,-49.681,-12.855,8.320,15.313,0.942,1.261,1.574,
17:49:12.921,47.332,-18.952,-40.991,-6.267,-49.606,-12.686,8.615,15.334,1.020,1.213,1.584,
17:49:12.947,47.357,-19.233,-40.779,-6.890,-49.523,-12.343,8.744,15.127,1.043,1.115,1.527,
