timestamp,elapsed_time,ball_x,ball_y,target_x,target_y,error_x,error_y,error_magnitude,controller_rx,controller_ry,tilt_magnitude,loop_time_ms
18:11:03.851,0.001,5.200,2.600,0.000,0.000,5.200,2.600,5.814,0.209,-0.919,0.942,
18:11:03.863,0.014,5.200,2.600,0.000,0.000,5.200,2.600,5.814,0.196,-1.340,1.354,
18:11:03.870,0.021,5.200,2.600,0.000,0.000,5.200,2.600,5.814,0.192,-1.554,1.566,
18:11:03.884,0.035,5.200,2.600,0.000,0.000,5.200,2.600,5.814,0.182,-1.647,1.657,
18:11:03.891,0.042,5.200,2.600,0.000,0.000,5.200,2.600,5.814,0.181,-1.662,1.672,
18:11:03.904,0.055,2.600,2.600,0.000,0.000,2.600,2.600,3.677,0.176,-0.978,0.993,
18:11:03.912,0.063,2.600,2.600,0.000,0.000,2.600,2.600,3.677,0.177,-0.483,0.514,
18:11:03.927,0.078,2.600,2.600,0.000,0.000,2.600,2.600,3.677,0.174,-0.052,0.182,
18:11:03.942,0.092,2.600,2.600,0.000,0.000,2.600,2.600,3.677,0.175,0.272,0.323,
18:11:03.949,0.100,2.600,2.600,0.000,0.000,2.600,2.600,3.677,0.181,0.446,0.481,
18:11:03.963,0.113,0.000,2.600,0.000,0.000,0.000,2.600,2.600,0.182,1.225,1.239,
18:11:03.970,0.121,0.000,2.600,0.000,0.000,0.000,2.600,2.600,0.187,1.665,1.676,
18:11:03.985,0.135,0.000,2.600,0.000,0.000,0.000,2.600,2.600,0.188,1.930,1.939,
18:11:03.993,0.144,0.000,2.600,0.000,0.000,0.000,2.600,2.600,0.193,2.002,2.012,
18:11:04.008,0.159,0.000,2.600,0.000,0.000,0.000,2.600,2.600,0.193,1.934,1.943,
18:11:04.023,0.174,2.600,2.600,0.000,0.000,2.600,2.600,3.677,0.195,1.022,1.041,
18:11:04.031,0.182,2.600,2.600,0.000,0.000,2.600,2.600,3.677,0.200,0.398,0.445,
18:11:04.046,0.196,2.600,2.600,0.000,0.000,2.600,2.600,3.677,0.200,-0.134,0.240,
18:11:04.054,0.205,2.600,2.600,0.000,0.000,2.600,2.600,3.677,0.203,-0.483,0.524,
18:11:04.069,0.220,2.600,2.600,0.000,0.000,2.600,2.600,3.677,0.201,-0.782,0.808,
18:11:04.084,0.235,5.200,2.600,0.000,0.000,5.200,2.600,5.814,0.201,-1.677,1.689,
18:11:04.093,0.243,5.200,2.600,0.000,0.000,5.200,2.600,5.814,0.204,-2.152,2.162,
18:11:04.107,0.258,5.200,2.600,0.000,0.000,5.200,2.600,5.814,0.202,-2.418,2.427,
18:11:04.124,0.275,5.200,2.600,0.000,0.000,5.200,2.600,5.814,0.200,-2.444,2.452,
18:11:04.133,0.284,5.200,2.600,0.000,0.000,5.200,2.600,5.814,0.202,-2.343,2.352,
18:11:04.148,0.299,5.200,2.600,0.000,0.000,5.200,2.600,5.814,0.200,-2.133,2.142,
18:11:04.163,0.314,5.200,2.600,0.000,0.000,5.200,2.600,5.814,0.198,-1.819,1.830,
18:11:04.175,0.325,5.200,2.600,0.000,0.000,5.200,2.600,5.814,0.199,-1.517,1.530,
18:11:04.189,0.340,5.200,2.600,0.000,0.000,5.200,2.600,5.814,0.197,-1.187,1.203,
18:11:04.206,0.357,2.600,2.600,0.000,0.000,2.600,2.600,3.677,0.195,-0.124,0.231,
18:11:04.224,0.375,2.600,2.600,0.000,0.000,2.600,2.600,3.677,0.194,0.620,0.649,
18:11:04.233,0.384,2.600,2.600,0.000,0.000,2.600,2.600,3.677,0.198,0.973,0.993,
18:11:04.247,0.398,2.600,2.600,0.000,0.000,2.600,2.600,3.677,0.196,1.198,1.214,
18:11:04.262,0.413,2.600,2.600,0.000,0.000,2.600,2.600,3.677,0.195,1.269,1.284,
18:11:04.271,0.421,2.600,2.600,0.000,0.000,2.600,2.600,3.677,0.199,1.227,1.243,
18:11:04.287,0.438,2.600,2.600,0.000,0.000,2.600,2.600,3.677,0.196,1.120,1.137,
18:11:04.304,0.455,2.600,2.600,0.000,0.000,2.600,2.600,3.677,0.195,0.899,0.920,
18:11:04.314,0.464,2.600,2.600,0.000,0.000,2.600,2.600,3.677,0.198,0.687,0.715,
18:11:04.330,0.481,2.600,2.600,0.000,0.000,2.600,2.600,3.677,0.196,0.449,0.490,
18:11:04.339,0.490,2.600,2.600,0.000,0.000,2.600,2.600,3.677,0.199,0.259,0.326,
18:11:04.353,0.504,2.600,2.600,0.000,0.000,2.600,2.600,3.677,0.197,0.066,0.208,
18:11:04.361,0.511,2.600,2.600,0.000,0.000,2.600,2.600,3.677,0.200,-0.064,0.210,
18:11:04.374,0.525,2.600,2.600,0.000,0.000,2.600,2.600,3.677,0.199,-0.197,0.280,
18:11:04.381,0.532,2.600,2.600,0.000,0.000,2.600,2.600,3.677,0.201,-0.278,0.343,
18:11:04.397,0.548,2.600,2.600,0.000,0.000,2.600,2.600,3.677,0.198,-0.369,0.419,
18:11:04.413,0.564,2.600,2.600,0.000,0.000,2.600,2.600,3.677,0.197,-0.427,0.470,
18:11:04.422,0.573,2.600,2.600,0.000,0.000,2.600,2.600,3.677,0.200,-0.448,0.491,
18:11:04.436,0.586,2.600,2.600,0.000,0.000,2.600,2.600,3.677,0.199,-0.457,0.498,
18:11:04.452,0.603,-0.000,0.000,0.000,0.000,-0.000,0.000,0.000,-0.508,0.261,0.571,
18:11:04.461,0.612,-0.000,0.000,0.000,0.000,-0.000,0.000,0.000,-0.906,0.683,1.135,
18:11:04.475,0.626,-0.000,0.000,0.000,0.000,-0.000,0.000,0.000,-1.139,0.946,1.481,
18:11:04.484,0.635,-0.000,0.000,0.000,0.000,-0.000,0.000,0.000,-1.234,1.071,1.633,
18:11:04.498,0.648,-0.000,0.000,0.000,0.000,-0.000,0.000,0.000,-1.234,1.105,1.657,
18:11:04.513,0.663,2.600,2.600,0.000,0.000,2.600,2.600,3.677,-0.443,0.353,0.566,
18:11:04.520,0.671,2.600,2.600,0.000,0.000,2.600,2.600,3.677,0.074,-0.136,0.154,
18:11:04.535,0.685,2.600,2.600,0.000,0.000,2.600,2.600,3.677,0.483,-0.516,0.707,
18:11:04.542,0.693,2.600,2.600,0.000,0.000,2.600,2.600,3.677,0.740,-0.752,1.055,
18:11:04.557,0.707,2.600,2.600,0.000,0.000,2.600,2.600,3.677,0.932,-0.923,1.311,
18:11:04.573,0.724,2.600,2.600,0.000,0.000,2.600,2.600,3.677,1.030,-1.004,1.438,
18:11:04.581,0.732,2.600,2.600,0.000,0.000,2.600,2.600,3.677,1.042,-1.008,1.449,
18:11:04.597,0.748,2.600,2.600,0.000,0.000,2.600,2.600,3.677,1.006,-0.964,1.393,
18:11:04.614,0.765,2.600,2.600,0.000,0.000,2.600,2.600,3.677,0.897,-0.853,1.237,
18:11:04.624,0.774,2.600,2.600,0.000,0.000,2.600,2.600,3.677,0.789,-0.747,1.087,
18:11:04.638,0.789,0.000,2.600,0.000,0.000,0.000,2.600,2.600,0.660,0.058,0.662,
18:11:04.657,0.807,0.000,2.600,0.000,0.000,0.000,2.600,2.600,0.501,0.654,0.824,
18:11:04.675,0.826,0.000,2.600,0.000,0.000,0.000,2.600,2.600,0.346,0.998,1.056,
18:11:04.683,0.833,0.000,2.600,0.000,0.000,0.000,2.600,2.600,0.267,1.128,1.159,
18:11:04.698,0.848,2.600,2.600,0.000,0.000,2.600,2.600,3.677,0.179,0.497,0.528,
18:11:04.715,0.866,2.600,2.600,0.000,0.000,2.600,2.600,3.677,0.103,-0.014,0.104,
18:11:04.724,0.874,2.600,2.600,0.000,0.000,2.600,2.600,3.677,0.073,-0.334,0.342,
18:11:04.739,0.890,2.600,2.600,0.000,0.000,2.600,2.600,3.677,0.041,-0.568,0.570,
18:11:04.756,0.907,5.200,2.600,0.000,0.000,5.200,2.600,5.814,0.030,-1.441,1.442,
18:11:04.774,0.925,5.200,2.600,0.000,0.000,5.200,2.600,5.814,0.039,-1.921,1.921,
18:11:04.782,0.933,5.200,2.600,0.000,0.000,5.200,2.600,5.814,0.060,-2.109,2.110,
18:11:04.796,0.947,5.200,2.600,0.000,0.000,5.200,2.600,5.814,0.077,-2.137,2.138,
18:11:04.812,0.963,2.600,2.600,0.000,0.000,2.600,2.600,3.677,0.102,-1.301,1.305,
18:11:04.822,0.973,2.600,2.600,0.000,0.000,2.600,2.600,3.677,0.127,-0.722,0.733,
18:11:04.837,0.988,2.600,2.600,0.000,0.000,2.600,2.600,3.677,0.150,-0.246,0.288,
18:11:04.851,1.002,2.600,2.600,0.000,0.000,2.600,2.600,3.677,0.171,0.108,0.203,
18:11:04.860,1.010,2.600,2.600,0.000,0.000,2.600,2.600,3.677,0.189,0.313,0.365,
18:11:04.876,1.026,0.000,2.600,0.000,0.000,0.000,2.600,2.600,0.202,1.169,1.186,
18:11:04.883,1.034,0.000,2.600,0.000,0.000,0.000,2.600,2.600,0.214,1.621,1.635,
18:11:04.899,1.050,0.000,2.600,0.000,0.000,0.000,2.600,2.600,0.220,1.900,1.913,
18:11:04.917,1.068,0.000,2.600,0.000,0.000,0.000,2.600,2.600,0.224,1.924,1.937,
18:11:04.949,1.100,5.200,2.600,0.000,0.000,5.200,2.600,5.814,0.218,-0.157,0.269,
18:11:04.969,1.120,5.200,2.600,0.000,0.000,5.200,2.600,5.814,0.215,-1.320,1.337,
18:11:04.982,1.133,5.200,2.600,0.000,0.000,5.200,2.600,5.814,0.212,-1.874,1.886,
18:11:05.002,1.152,5.200,2.600,0.000,0.000,5.200,2.600,5.814,0.205,-2.163,2.173,
18:11:05.013,1.164,2.600,2.600,0.000,0.000,2.600,2.600,3.677,0.204,-1.510,1.523,
18:11:05.030,1.181,2.600,2.600,0.000,0.000,2.600,2.600,3.677,0.198,-0.961,0.982,
18:11:05.044,1.195,2.600,2.600,0.000,0.000,2.600,2.600,3.677,0.196,-0.540,0.574,
18:11:05.062,1.213,2.600,2.600,0.000,0.000,2.600,2.600,3.677,0.192,-0.185,0.266,
18:11:05.076,1.226,5.200,2.600,0.000,0.000,5.200,2.600,5.814,0.192,-0.671,0.698,
18:11:05.098,1.249,5.200,2.600,0.000,0.000,5.200,2.600,5.814,0.188,-0.932,0.951,
18:11:05.117,1.268,5.200,2.600,0.000,0.000,5.200,2.600,5.814,0.188,-1.022,1.039,
18:11:05.132,1.283,2.600,2.600,0.000,0.000,2.600,2.600,3.677,0.190,-0.278,0.337,
18:11:05.139,1.290,2.600,2.600,0.000,0.000,2.600,2.600,3.677,0.194,0.109,0.223,
18:11:05.152,1.303,2.600,2.600,0.000,0.000,2.600,2.600,3.677,0.194,0.389,0.435,
18:11:05.159,1.309,2.600,2.600,0.000,0.000,2.600,2.600,3.677,0.197,0.537,0.572,
18:11:05.174,1.325,2.600,2.600,0.000,0.000,2.600,2.600,3.677,0.195,0.642,0.671,
18:11:05.181,1.332,2.600,2.600,0.000,0.000,2.600,2.600,3.677,0.198,0.657,0.686,
18:11:05.196,1.346,2.600,2.600,0.000,0.000,2.600,2.600,3.677,0.197,0.631,0.661,
18:11:05.204,1.354,2.600,2.600,0.000,0.000,2.600,2.600,3.677,0.200,0.565,0.599,
18:11:05.218,1.369,2.600,2.600,0.000,0.000,2.600,2.600,3.677,0.199,0.466,0.507,
18:11:05.233,1.384,2.600,2.600,0.000,0.000,2.600,2.600,3.677,0.199,0.329,0.385,
18:11:05.241,1.391,2.600,2.600,0.000,0.000,2.600,2.600,3.677,0.202,0.217,0.296,
18:11:05.254,1.404,2.600,2.600,0.000,0.000,2.600,2.600,3.677,0.201,0.100,0.224,
18:11:05.261,1.412,2.600,2.600,0.000,0.000,2.600,2.600,3.677,0.203,0.009,0.204,
18:11:05.276,1.427,2.600,2.600,0.000,0.000,2.600,2.600,3.677,0.200,-0.094,0.221,
18:11:05.291,1.442,2.600,2.600,0.000,0.000,2.600,2.600,3.677,0.199,-0.188,0.274,
18:11:05.299,1.450,2.600,2.600,0.000,0.000,2.600,2.600,3.677,0.202,-0.246,0.318,
18:11:05.313,1.464,2.600,2.600,0.000,0.000,2.600,2.600,3.677,0.200,-0.297,0.359,
18:11:05.321,1.472,2.600,2.600,0.000,0.000,2.600,2.600,3.677,0.202,-0.326,0.383,
18:11:05.335,1.486,2.600,2.600,0.000,0.000,2.600,2.600,3.677,0.200,-0.348,0.402,
18:11:05.342,1.493,2.600,2.600,0.000,0.000,2.600,2.600,3.677,0.202,-0.356,0.409,
18:11:05.354,1.505,2.600,2.600,0.000,0.000,2.600,2.600,3.677,0.201,-0.357,0.409,
18:11:05.362,1.512,2.600,2.600,0.000,0.000,2.600,2.600,3.677,0.203,-0.352,0.406,
18:11:05.375,1.526,2.600,2.600,0.000,0.000,2.600,2.600,3.677,0.200,-0.339,0.394,
18:11:05.391,1.542,2.600,2.600,0.000,0.000,2.600,2.600,3.677,0.198,-0.318,0.375,
18:11:05.406,1.557,2.600,2.600,0.000,0.000,2.600,2.600,3.677,0.198,-0.293,0.353,
18:11:05.420,1.571,2.600,2.600,0.000,0.000,2.600,2.600,3.677,0.198,-0.267,0.332,
18:11:05.433,1.584,2.600,2.600,0.000,0.000,2.600,2.600,3.677,0.198,-0.244,0.315,
18:11:05.442,1.592,2.600,2.600,0.000,0.000,2.600,2.600,3.677,0.200,-0.230,0.305,
18:11:05.456,1.607,2.600,2.600,0.000,0.000,2.600,2.600,3.677,0.198,-0.211,0.289,
18:11:05.474,1.625,2.600,2.600,0.000,0.000,2.600,2.600,3.677,0.196,-0.192,0.274,
18:11:05.483,1.634,2.600,2.600,0.000,0.000,2.600,2.600,3.677,0.199,-0.186,0.272,
18:11:05.496,1.647,2.600,2.600,0.000,0.000,2.600,2.600,3.677,0.198,-0.178,0.266,
18:11:05.513,1.663,2.600,2.600,0.000,0.000,2.600,2.600,3.677,0.197,-0.171,0.260,
18:11:05.520,1.671,2.600,2.600,0.000,0.000,2.600,2.600,3.677,0.200,-0.173,0.265,
18:11:05.534,1.684,2.600,2.600,0.000,0.000,2.600,2.600,3.677,0.199,-0.171,0.262,
18:11:05.542,1.693,2.600,2.600,0.000,0.000,2.600,2.600,3.677,0.201,-0.175,0.266,
18:11:05.556,1.707,2.600,5.200,0.000,0.000,2.600,5.200,5.814,0.856,-0.175,0.874,
18:11:05.574,1.725,2.600,5.200,0.000,0.000,2.600,5.200,5.814,1.310,-0.177,1.322,
18:11:05.580,1.731,2.600,5.200,0.000,0.000,2.600,5.200,5.814,1.536,-0.184,1.547,
18:11:05.593,1.744,2.600,5.200,0.000,0.000,2.600,5.200,5.814,1.638,-0.187,1.648,
18:11:05.600,1.751,2.600,5.200,0.000,0.000,2.600,5.200,5.814,1.661,-0.192,1.672,
18:11:05.614,1.765,5.200,5.200,0.000,0.000,5.200,5.200,7.354,1.602,-0.837,1.808,
18:11:05.622,1.773,5.200,5.200,0.000,0.000,5.200,5.200,7.354,1.512,-1.250,1.961,
18:11:05.636,1.787,5.200,5.200,0.000,0.000,5.200,5.200,7.354,1.359,-1.517,2.037,
18:11:05.651,1.802,5.200,5.200,0.000,0.000,5.200,5.200,7.354,1.152,-1.631,1.997,
18:11:05.659,1.810,5.200,5.200,0.000,0.000,5.200,5.200,7.354,0.995,-1.653,1.930,
18:11:05.674,1.824,2.600,2.600,0.000,0.000,2.600,2.600,3.677,0.132,-0.915,0.925,
18:11:05.682,1.833,2.600,2.600,0.000,0.000,2.600,2.600,3.677,-0.408,-0.410,0.578,
18:11:05.697,1.847,2.600,2.600,0.000,0.000,2.600,2.600,3.677,-0.820,0.010,0.820,
18:11:05.713,1.864,2.600,2.600,0.000,0.000,2.600,2.600,3.677,-1.057,0.326,1.106,
18:11:05.721,1.872,2.600,2.600,0.000,0.000,2.600,2.600,3.677,-1.127,0.488,1.228,
18:11:05.736,1.887,0.000,2.600,0.000,0.000,0.000,2.600,2.600,-1.122,1.271,1.695,
18:11:05.753,1.903,0.000,2.600,0.000,0.000,0.000,2.600,2.600,-1.002,1.735,2.004,
18:11:05.762,1.913,0.000,2.600,0.000,0.000,0.000,2.600,2.600,-0.845,1.909,2.087,
18:11:05.777,1.927,0.000,2.600,0.000,0.000,0.000,2.600,2.600,-0.656,1.917,2.027,
18:11:05.793,1.944,2.600,2.600,0.000,0.000,2.600,2.600,3.677,-0.423,1.036,1.119,
18:11:05.801,1.952,2.600,2.600,0.000,0.000,2.600,2.600,3.677,-0.252,0.456,0.521,
18:11:05.817,1.967,2.600,2.600,0.000,0.000,2.600,2.600,3.677,-0.064,-0.043,0.077,
18:11:05.832,1.983,2.600,2.600,0.000,0.000,2.600,2.600,3.677,0.109,-0.440,0.453,
18:11:05.840,1.991,2.600,2.600,0.000,0.000,2.600,2.600,3.677,0.217,-0.675,0.709,
18:11:05.853,2.004,2.600,2.600,0.000,0.000,2.600,2.600,3.677,0.315,-0.853,0.909,
18:11:05.861,2.012,2.600,2.600,0.000,0.000,2.600,2.600,3.677,0.372,-0.937,1.008,
18:11:05.876,2.026,2.600,2.600,0.000,0.000,2.600,2.600,3.677,0.425,-0.985,1.073,
18:11:05.893,2.044,2.600,2.600,0.000,0.000,2.600,2.600,3.677,0.452,-0.954,1.056,
18:11:05.901,2.052,2.600,2.600,0.000,0.000,2.600,2.600,3.677,0.451,-0.887,0.995,
18:11:05.916,2.066,2.600,2.600,0.000,0.000,2.600,2.600,3.677,0.440,-0.797,0.910,
18:11:05.924,2.074,2.600,2.600,0.000,0.000,2.600,2.600,3.677,0.421,-0.708,0.824,
18:11:05.938,2.088,2.600,2.600,0.000,0.000,2.600,2.600,3.677,0.392,-0.600,0.717,
18:11:05.953,2.104,2.600,2.600,0.000,0.000,2.600,2.600,3.677,0.353,-0.475,0.592,
18:11:05.960,2.111,2.600,2.600,0.000,0.000,2.600,2.600,3.677,0.326,-0.396,0.513,
18:11:05.973,2.124,2.600,2.600,0.000,0.000,2.600,2.600,3.677,0.292,-0.308,0.424,
18:11:05.981,2.131,2.600,2.600,0.000,0.000,2.600,2.600,3.677,0.269,-0.249,0.366,
18:11:05.994,2.145,2.600,2.600,0.000,0.000,2.600,2.600,3.677,0.239,-0.183,0.301,
18:11:06.001,2.151,2.600,2.600,0.000,0.000,2.600,2.600,3.677,0.223,-0.149,0.268,
18:11:06.014,2.164,2.600,2.600,0.000,0.000,2.600,2.600,3.677,0.200,-0.108,0.228,
18:11:06.021,2.171,2.600,2.600,0.000,0.000,2.600,2.600,3.677,0.190,-0.091,0.211,
18:11:06.036,2.187,2.600,5.200,0.000,0.000,2.600,5.200,5.814,0.829,-0.067,0.832,
18:11:06.051,2.202,2.600,5.200,0.000,0.000,2.600,5.200,5.814,1.268,-0.060,1.269,
18:11:06.058,2.209,2.600,5.200,0.000,0.000,2.600,5.200,5.814,1.502,-0.070,1.504,
18:11:06.072,2.223,2.600,5.200,0.000,0.000,2.600,5.200,5.814,1.610,-0.077,1.612,
18:11:06.079,2.230,2.600,5.200,0.000,0.000,2.600,5.200,5.814,1.638,-0.091,1.641,
18:11:06.093,2.244,2.600,2.600,0.000,0.000,2.600,2.600,3.677,0.932,-0.104,0.938,
18:11:06.101,2.252,2.600,2.600,0.000,0.000,2.600,2.600,3.677,0.440,-0.122,0.456,
18:11:06.115,2.266,2.600,2.600,0.000,0.000,2.600,2.600,3.677,0.017,-0.137,0.139,
18:11:06.123,2.274,2.600,2.600,0.000,0.000,2.600,2.600,3.677,-0.249,-0.155,0.293,
18:11:06.137,2.288,2.600,2.600,0.000,0.000,2.600,2.600,3.677,-0.463,-0.169,0.493,
18:11:06.151,2.302,2.600,2.600,0.000,0.000,2.600,2.600,3.677,-0.581,-0.184,0.609,
18:11:06.159,2.310,2.600,2.600,0.000,0.000,2.600,2.600,3.677,-0.611,-0.197,0.642,
18:11:06.174,2.324,2.600,2.600,0.000,0.000,2.600,2.600,3.677,-0.606,-0.205,0.640,
18:11:06.181,2.332,2.600,2.600,0.000,0.000,2.600,2.600,3.677,-0.553,-0.214,0.593,
18:11:06.195,2.345,2.600,2.600,0.000,0.000,2.600,2.600,3.677,-0.477,-0.217,0.524,
18:11:06.202,2.353,2.600,2.600,0.000,0.000,2.600,2.600,3.677,-0.390,-0.222,0.449,
18:11:06.215,2.366,2.600,2.600,0.000,0.000,2.600,2.600,3.677,-0.287,-0.222,0.363,
18:11:06.223,2.373,2.600,2.600,0.000,0.000,2.600,2.600,3.677,-0.192,-0.224,0.295,
18:11:06.238,2.389,2.600,2.600,0.000,0.000,2.600,2.600,3.677,-0.077,-0.220,0.233,
18:11:06.252,2.403,2.600,2.600,0.000,0.000,2.600,2.600,3.677,0.039,-0.217,0.221,
18:11:06.260,2.410,2.600,2.600,0.000,0.000,2.600,2.600,3.677,0.118,-0.218,0.248,
18:11:06.273,2.424,0.000,2.600,0.000,0.000,0.000,2.600,2.600,0.194,0.435,0.476,
18:11:06.280,2.431,0.000,2.600,0.000,0.000,0.000,2.600,2.600,0.242,0.830,0.865,
18:11:06.294,2.445,0.000,2.600,0.000,0.000,0.000,2.600,2.600,0.291,1.101,1.139,
18:11:06.301,2.452,0.000,2.600,0.000,0.000,0.000,2.600,2.600,0.316,1.229,1.269,
18:11:06.314,2.465,0.000,2.600,0.000,0.000,0.000,2.600,2.600,0.336,1.270,1.314,
18:11:06.326,2.476,0.000,2.600,49.999,-0.354,-49.999,2.954,50.086,0.381,6.229,6.241,
18:11:06.344,2.494,0.000,2.600,49.992,-0.906,-49.992,3.506,50.115,0.433,6.080,6.095,
18:11:06.354,2.505,0.000,2.600,49.985,-1.231,-49.985,3.831,50.131,0.454,5.904,5.921,
18:11:06.374,2.525,0.000,2.600,49.966,-1.840,-49.966,4.440,50.163,0.491,5.651,5.672,
18:11:06.383,2.534,0.000,2.600,49.955,-2.121,-49.955,4.721,50.178,0.500,5.399,5.422,
18:11:06.401,2.552,0.000,0.000,49.928,-2.675,-49.928,2.675,50.000,-0.190,5.010,5.014,
18:11:06.410,2.560,0.000,0.000,49.914,-2.933,-49.914,2.933,50.000,-0.573,4.773,4.807,
18:11:06.427,2.578,0.000,0.000,49.879,-3.479,-49.879,3.479,50.000,-0.771,4.388,4.455,
18:11:06.446,2.597,0.000,0.000,49.835,-4.064,-49.835,4.064,50.000,-0.781,4.019,4.094,
18:11:06.466,2.617,0.000,2.600,49.782,-4.661,-49.782,7.261,50.309,0.141,3.718,3.721,
18:11:06.484,2.634,0.000,2.600,49.729,-5.203,-49.729,7.803,50.337,0.774,3.524,3.608,
18:11:06.492,2.643,0.000,2.600,49.702,-5.453,-49.702,8.053,50.350,1.110,3.510,3.681,
18:11:06.508,2.659,0.000,2.600,49.644,-5.960,-49.644,8.560,50.376,1.374,3.388,3.656,
18:11:06.525,2.675,5.200,0.000,49.582,-6.455,-44.382,6.455,44.849,0.797,1.904,2.064,
18:11:06.534,2.684,5.200,0.000,49.546,-6.722,-44.346,6.722,44.853,0.443,1.186,1.266,
18:11:06.550,2.701,5.200,0.000,49.474,-7.235,-44.274,7.235,44.861,0.220,0.728,0.760,
18:11:06.560,2.711,5.200,0.000,49.431,-7.522,-44.231,7.522,44.866,0.096,0.665,0.672,
18:11:06.576,2.727,5.200,0.000,49.353,-8.020,-44.153,8.020,44.875,0.052,0.746,0.748,
18:11:06.596,2.747,7.800,0.000,49.251,-8.623,-41.451,8.623,42.338,0.108,0.359,0.375,
18:11:06.616,2.766,7.800,0.000,49.143,-9.219,-41.343,9.219,42.358,0.241,0.505,0.559,
18:11:06.635,2.786,7.800,0.000,49.030,-9.803,-41.230,9.803,42.379,0.411,0.949,1.034,
18:11:06.643,2.794,7.800,0.000,48.979,-10.051,-41.179,10.051,42.388,0.526,1.354,1.453,
18:11:06.661,2.812,13.000,0.000,48.865,-10.592,-35.865,10.592,37.397,0.670,0.362,0.762,
18:11:06.670,2.820,13.000,0.000,48.811,-10.840,-35.811,10.840,37.416,0.768,-0.027,0.769,
18:11:06.686,2.837,13.000,0.000,48.698,-11.338,-35.698,11.338,37.455,0.884,-0.092,0.889,
18:11:06.694,2.845,13.000,0.000,48.646,-11.557,-35.646,11.557,37.473,0.956,0.040,0.957,
18:11:06.710,2.861,13.000,0.000,48.529,-12.037,-35.529,12.037,37.513,1.039,0.330,1.090,
18:11:06.718,2.869,20.800,2.600,48.468,-12.283,-27.668,14.883,31.417,1.724,-1.216,2.110,
18:11:06.735,2.886,20.800,2.600,48.339,-12.779,-27.539,15.379,31.543,2.236,-2.133,3.090,
18:11:06.744,2.894,20.800,2.600,48.271,-13.036,-27.471,15.636,31.609,2.508,-2.434,3.495,
18:11:06.759,2.910,20.800,2.600,48.145,-13.493,-27.345,16.093,31.729,2.639,-2.315,3.511,
18:11:06.775,2.926,20.800,-0.000,48.011,-13.962,-27.211,13.962,30.584,1.919,-1.817,2.643,
18:11:06.784,2.935,20.800,-0.000,47.935,-14.221,-27.135,14.221,30.636,1.457,-1.278,1.938,
18:11:06.802,2.953,20.800,-0.000,47.770,-14.765,-26.970,14.765,30.747,1.072,-0.512,1.188,
18:11:06.811,2.962,20.800,-0.000,47.693,-15.013,-26.893,15.013,30.800,0.855,0.122,0.864,
18:11:06.827,2.978,20.800,-0.000,47.543,-15.482,-26.743,15.482,30.901,0.689,0.817,1.069,
18:11:06.844,2.994,26.000,-0.000,47.380,-15.973,-21.380,15.973,26.688,0.627,0.046,0.629,
18:11:06.852,3.003,26.000,-0.000,47.300,-16.207,-21.300,16.207,26.765,0.649,-0.307,0.718,
18:11:06.868,3.019,26.000,-0.000,47.138,-16.673,-21.138,16.673,26.922,0.701,-0.366,0.791,
18:11:06.884,3.035,26.000,-0.000,46.967,-17.149,-20.967,17.149,27.087,0.816,-0.203,0.841,
18:11:06.893,3.044,26.000,-0.000,46.876,-17.397,-20.876,17.397,27.175,0.934,-0.007,0.934,
18:11:06.910,3.060,31.200,-2.600,46.694,-17.878,-15.494,15.278,21.760,0.365,-1.111,1.169,
18:11:06.926,3.077,31.200,-2.600,46.508,-18.359,-15.308,15.759,21.969,0.082,-1.612,1.614,
18:11:06.943,3.094,31.200,-2.600,46.317,-18.835,-15.117,16.235,22.183,0.031,-1.647,1.647,
18:11:06.950,3.101,31.200,-2.600,46.235,-19.034,-15.035,16.434,22.274,0.070,-1.533,1.535,
18:11:06.967,3.117,33.800,-0.000,46.040,-19.501,-12.240,19.501,23.024,0.888,-1.929,2.124,
18:11:06.984,3.135,33.800,-0.000,45.826,-20.000,-12.026,20.000,23.337,1.562,-1.884,2.447,
18:11:06.993,3.143,33.800,-0.000,45.725,-20.229,-11.925,20.229,23.483,1.971,-1.694,2.599,
18:11:07.009,3.160,33.800,-0.000,45.512,-20.704,-11.712,20.704,23.787,2.284,-1.301,2.628,
18:11:07.018,3.169,33.800,-0.000,45.401,-20.946,-11.601,20.946,23.944,2.454,-0.931,2.625,
18:11:07.035,3.186,33.800,-2.600,45.180,-21.418,-11.380,18.818,21.992,1.848,-0.442,1.900,
18:11:07.054,3.205,33.800,-2.600,44.930,-21.938,-11.130,19.338,22.312,1.397,0.106,1.401,
18:11:07.062,3.213,33.800,-2.600,44.822,-22.159,-11.022,19.559,22.451,1.164,0.446,1.247,
18:11:07.080,3.231,33.800,-2.600,44.568,-22.664,-10.768,20.064,22.771,1.004,0.806,1.288,
18:11:07.089,3.239,39.000,-5.200,44.454,-22.888,-5.454,17.688,18.510,0.326,-0.270,0.423,
18:11:07.104,3.255,39.000,-5.200,44.237,-23.304,-5.237,18.104,18.846,-0.112,-0.969,0.975,
18:11:07.112,3.263,39.000,-5.200,44.122,-23.521,-5.122,18.321,19.024,-0.284,-1.344,1.373,
18:11:07.131,3.281,39.000,-5.200,43.848,-24.028,-4.848,18.828,19.442,-0.284,-1.477,1.504,
18:11:07.139,3.290,39.000,-5.200,43.723,-24.255,-4.723,19.055,19.632,-0.151,-1.456,1.464,
18:11:07.155,3.305,39.000,-7.800,43.491,-24.668,-4.491,16.868,17.456,-0.612,-1.305,1.441,
18:11:07.163,3.314,39.000,-7.800,43.364,-24.892,-4.364,17.092,17.640,-0.774,-1.119,1.361,
18:11:07.180,3.331,39.000,-7.800,43.107,-25.334,-4.107,17.534,18.009,-0.701,-0.840,1.094,
18:11:07.197,3.347,39.000,-7.800,42.843,-25.777,-3.843,17.977,18.384,-0.407,-0.506,0.649,
18:11:07.214,3.365,41.600,-10.400,42.560,-26.243,-0.960,15.843,15.872,-0.717,-0.920,1.166,
18:11:07.223,3.374,41.600,-10.400,42.423,-26.463,-0.823,16.063,16.084,-0.767,-1.098,1.340,
18:11:07.240,3.391,41.600,-10.400,42.144,-26.906,-0.544,16.506,16.515,-0.575,-1.102,1.243,
18:11:07.257,3.408,41.600,-10.400,41.856,-27.351,-0.256,16.951,16.953,-0.209,-0.988,1.010,
18:11:07.274,3.424,39.000,-10.400,41.575,-27.776,-2.575,17.376,17.566,0.227,-0.073,0.238,
18:11:07.282,3.432,39.000,-10.400,41.439,-27.978,-2.439,17.578,17.747,0.535,0.447,0.697,
18:11:07.297,3.448,39.000,-10.400,41.173,-28.369,-2.173,17.969,18.100,0.886,0.830,1.214,
18:11:07.313,3.464,39.000,-10.400,40.883,-28.785,-1.883,18.385,18.481,1.240,1.060,1.631,
18:11:07.322,3.472,39.000,-10.400,40.741,-28.985,-1.741,18.585,18.667,1.462,1.149,1.859,
18:11:07.338,3.489,39.000,-13.000,40.445,-29.398,-1.445,16.398,16.461,0.999,1.160,1.531,
18:11:07.355,3.506,39.000,-13.000,40.129,-29.827,-1.129,16.827,16.865,0.739,1.048,1.283,
18:11:07.364,3.515,39.000,-13.000,39.970,-30.040,-0.970,17.040,17.067,0.622,0.922,1.112,
18:11:07.381,3.532,39.000,-13.000,39.649,-30.463,-0.649,17.463,17.475,0.620,0.728,0.956,
18:11:07.390,3.541,39.000,-13.000,39.493,-30.664,-0.493,17.664,17.671,0.667,0.576,0.882,
18:11:07.406,3.556,39.000,-13.000,39.197,-31.042,-0.197,18.042,18.043,0.771,0.382,0.860,
18:11:07.423,3.573,39.000,-13.000,38.869,-31.452,0.131,18.452,18.452,0.934,0.177,0.951,
18:11:07.430,3.581,39.000,-13.000,38.731,-31.621,0.269,18.621,18.623,1.067,0.064,1.069,
18:11:07.446,3.597,39.000,-13.000,38.410,-32.010,0.590,19.010,19.019,1.217,-0.083,1.219,
18:11:07.464,3.615,39.000,-13.000,38.048,-32.439,0.952,19.439,19.463,1.385,-0.217,1.402,
18:11:07.473,3.624,39.000,-13.000,37.874,-32.643,1.126,19.643,19.676,1.506,-0.275,1.531,
18:11:07.489,3.639,39.000,-13.000,37.565,-32.998,1.435,19.998,20.050,1.610,-0.339,1.645,
18:11:07.505,3.656,39.000,-13.000,37.228,-33.378,1.772,20.378,20.454,1.699,-0.380,1.741,
18:11:07.513,3.664,39.000,-13.000,37.069,-33.554,1.931,20.554,20.645,1.763,-0.386,1.805,
18:11:07.529,3.680,39.000,-15.600,36.732,-33.923,2.268,18.323,18.463,1.114,-0.404,1.185,
18:11:07.546,3.697,39.000,-15.600,36.372,-34.308,2.628,18.708,18.892,0.706,-0.407,0.815,
18:11:07.567,3.717,39.000,-15.600,35.941,-34.760,3.059,19.160,19.403,0.523,-0.403,0.660,
18:11:07.584,3.735,41.600,-13.000,35.555,-35.155,6.045,22.155,22.965,1.283,-1.154,1.726,
18:11:07.593,3.744,41.600,-13.000,35.376,-35.334,6.224,22.334,23.185,1.732,-1.516,2.302,
18:11:07.608,3.759,41.600,-13.000,35.037,-35.671,6.563,22.671,23.601,2.045,-1.713,2.668,
18:11:07.625,3.775,41.600,-13.000,34.679,-36.019,6.921,23.019,24.036,2.268,-1.758,2.870,
18:11:07.633,3.784,41.600,-13.000,34.487,-36.202,7.113,23.202,24.268,2.406,-1.730,2.963,
18:11:07.650,3.801,41.600,-18.200,34.113,-36.556,7.487,18.356,19.824,1.068,-1.629,1.947,
18:11:07.659,3.809,41.600,-18.200,33.919,-36.735,7.681,18.535,20.063,0.292,-1.509,1.537,
18:11:07.677,3.828,41.600,-18.200,33.501,-37.117,8.099,18.917,20.578,-0.216,-1.326,1.344,
18:11:07.695,3.846,41.600,-18.200,33.088,-37.486,8.512,19.286,21.081,-0.393,-1.119,1.186,
18:11:07.704,3.854,39.000,-18.200,32.890,-37.660,6.110,19.460,20.396,-0.360,-0.330,0.489,
18:11:07.720,3.870,39.000,-18.200,32.517,-37.982,6.483,19.782,20.817,-0.202,0.243,0.317,
18:11:07.735,3.886,39.000,-18.200,32.152,-38.292,6.848,20.092,21.227,0.093,0.570,0.578,
18:11:07.756,3.907,39.000,-18.200,31.662,-38.697,7.338,20.497,21.771,0.517,0.689,0.862,
18:11:07.774,3.925,36.400,-20.800,31.227,-39.049,5.173,18.249,18.968,0.190,1.371,1.384,
18:11:07.782,3.933,36.400,-20.800,31.030,-39.206,5.370,18.406,19.174,0.103,1.620,1.623,
18:11:07.800,3.951,36.400,-20.800,30.601,-39.542,5.799,18.742,19.619,0.198,1.612,1.624,
18:11:07.809,3.960,36.400,-20.800,30.390,-39.704,6.010,18.904,19.837,0.331,1.484,1.520,
18:11:07.825,3.975,36.400,-20.800,30.003,-39.998,6.397,19.198,20.236,0.545,1.213,1.330,
18:11:07.833,3.984,36.400,-20.800,29.800,-40.150,6.600,19.350,20.444,0.741,0.948,1.203,
18:11:07.850,4.000,36.400,-20.800,29.389,-40.451,7.011,19.651,20.864,0.988,0.567,1.139,
18:11:07.859,4.009,36.400,-20.800,29.164,-40.614,7.236,19.814,21.094,1.191,0.259,1.219,
18:11:07.874,4.025,36.400,-20.800,28.780,-40.886,7.620,20.086,21.483,1.401,-0.099,1.405,
18:11:07.883,4.034,36.400,-20.800,28.552,-41.046,7.848,20.246,21.714,1.556,-0.354,1.596,
18:11:07.899,4.050,39.000,-20.800,28.157,-41.318,10.843,20.518,23.207,1.702,-1.324,2.156,
18:11:07.915,4.066,39.000,-20.800,27.734,-41.603,11.266,20.803,23.658,1.821,-2.011,2.713,
18:11:07.924,4.075,39.000,-20.800,27.508,-41.753,11.492,20.953,23.898,1.895,-2.353,3.021,
18:11:07.941,4.092,39.000,-20.800,27.083,-42.030,11.917,21.230,24.346,1.935,-2.551,3.202,
18:11:07.949,4.100,39.000,-20.800,26.870,-42.166,12.130,21.366,24.569,1.962,-2.580,3.242,
18:11:07.966,4.117,39.000,-20.800,26.435,-42.440,12.565,21.640,25.023,1.953,-2.510,3.181,
18:11:07.983,4.134,39.000,-20.800,25.987,-42.716,13.013,21.916,25.489,1.928,-2.307,3.007,
18:11:07.991,4.142,39.000,-20.800,25.770,-42.847,13.230,22.047,25.712,1.926,-2.125,2.868,
18:11:08.009,4.159,39.000,-20.800,25.314,-43.118,13.686,22.318,26.181,1.881,-1.877,2.657,
18:11:08.025,4.176,36.400,-20.800,24.873,-43.375,11.527,22.575,25.347,1.844,-0.893,2.049,
18:11:08.034,4.185,36.400,-20.800,24.644,-43.505,11.756,22.705,25.568,1.844,-0.340,1.875,
18:11:08.054,4.205,36.400,-20.800,24.104,-43.807,12.296,23.007,26.086,1.794,0.082,1.796,
18:11:08.062,4.212,36.400,-20.800,23.902,-43.917,12.498,23.117,26.279,1.810,0.233,1.825,
18:11:08.079,4.230,36.400,-20.800,23.418,-44.177,12.982,23.377,26.740,1.780,0.299,1.805,
18:11:08.096,4.247,36.400,-20.800,22.959,-44.417,13.441,23.617,27.174,1.775,0.190,1.785,
18:11:08.116,4.267,36.400,-20.800,22.403,-44.700,13.997,23.900,27.697,1.773,-0.059,1.774,
18:11:08.133,4.284,36.400,-20.800,21.947,-44.926,14.453,24.126,28.124,1.795,-0.351,1.829,
18:11:08.141,4.292,36.400,-20.800,21.723,-45.035,14.677,24.235,28.333,1.838,-0.566,1.923,
18:11:08.156,4.307,36.400,-20.800,21.314,-45.230,15.086,24.430,28.712,1.844,-0.789,2.005,
18:11:08.173,4.324,36.400,-20.800,20.837,-45.451,15.563,24.651,29.153,1.854,-1.030,2.121,
18:11:08.180,4.331,36.400,-20.800,20.640,-45.541,15.760,24.741,29.334,1.901,-1.183,2.239,
18:11:08.196,4.346,36.400,-23.400,20.203,-45.737,16.197,22.337,27.591,1.221,-1.345,1.816,
18:11:08.213,4.364,36.400,-23.400,19.705,-45.953,16.695,22.553,28.060,0.786,-1.491,1.686,
18:11:08.222,4.372,36.400,-23.400,19.472,-46.053,16.928,22.653,28.279,0.619,-1.575,1.692,
18:11:08.239,4.390,36.400,-23.400,18.973,-46.260,17.427,22.860,28.745,0.549,-1.648,1.737,
18:11:08.257,4.408,33.800,-26.000,18.453,-46.470,15.347,20.470,25.584,-0.102,-0.944,0.949,
18:11:08.277,4.428,33.800,-26.000,17.884,-46.692,15.916,20.692,26.105,-0.309,-0.535,0.617,
18:11:08.295,4.446,33.800,-26.000,17.369,-46.886,16.431,20.886,26.575,-0.202,-0.376,0.426,
18:11:08.304,4.454,33.800,-26.000,17.122,-46.977,16.678,20.977,26.799,-0.024,-0.350,0.351,
18:11:08.321,4.472,36.400,-28.600,16.607,-47.162,19.793,18.562,27.135,-0.463,-1.124,1.216,
18:11:08.330,4.481,36.400,-28.600,16.363,-47.247,20.037,18.647,27.371,-0.586,-1.624,1.727,
18:11:08.349,4.500,36.400,-28.600,15.811,-47.434,20.589,18.834,27.904,-0.465,-2.022,2.075,
18:11:08.366,4.517,36.400,-28.600,15.305,-47.600,21.095,19.000,28.390,-0.147,-2.294,2.299,
18:11:08.384,4.534,31.200,-31.200,14.796,-47.761,16.404,16.561,23.310,-0.487,-0.929,1.049,
18:11:08.392,4.543,31.200,-31.200,14.540,-47.839,16.660,16.639,23.546,-0.558,-0.213,0.597,
18:11:08.409,4.560,31.200,-31.200,14.051,-47.985,17.149,16.785,23.996,-0.418,0.212,0.469,
18:11:08.426,4.576,31.200,-31.200,13.560,-48.126,17.640,16.926,24.447,-0.126,0.358,0.379,
18:11:08.445,4.595,31.200,-31.200,12.991,-48.283,18.209,17.083,24.968,0.280,0.248,0.374,
18:11:08.453,4.603,31.200,-31.200,12.760,-48.344,18.440,17.144,25.179,0.562,0.073,0.567,
18:11:08.471,4.622,31.200,-31.200,12.220,-48.484,18.980,17.284,25.670,0.893,-0.208,0.917,
18:11:08.479,4.630,31.200,-31.200,11.972,-48.546,19.228,17.346,25.896,1.119,-0.469,1.213,
18:11:08.497,4.648,31.200,-31.200,11.444,-48.673,19.756,17.473,26.375,1.359,-0.803,1.578,
18:11:08.515,4.666,31.200,-36.400,10.888,-48.800,20.312,12.400,23.798,0.053,-1.172,1.173,
18:11:08.525,4.675,31.200,-36.400,10.618,-48.859,20.582,12.459,24.059,-0.621,-1.420,1.550,
18:11:08.541,4.692,31.200,-36.400,10.108,-48.968,21.092,12.568,24.553,-0.964,-1.665,1.924,
18:11:08.550,4.701,31.200,-36.400,9.857,-49.019,21.343,12.619,24.795,-1.066,-1.821,2.110,
18:11:08.567,4.718,31.200,-36.400,9.337,-49.121,21.863,12.721,25.295,-0.992,-1.970,2.205,
18:11:08.585,4.736,26.000,-33.800,8.797,-49.220,17.203,15.420,23.102,0.038,-0.594,0.595,
18:11:08.594,4.744,26.000,-33.800,8.533,-49.266,17.467,15.466,23.330,0.711,0.133,0.723,
18:11:08.612,4.763,26.000,-33.800,7.972,-49.360,18.028,15.560,23.814,1.296,0.528,1.399,
18:11:08.621,4.771,26.000,-33.800,7.715,-49.401,18.285,15.601,24.036,1.652,0.643,1.773,
18:11:08.638,4.788,26.000,-33.800,7.197,-49.479,18.803,15.679,24.483,1.939,0.575,2.023,
18:11:08.656,4.807,23.400,-36.400,6.640,-49.557,16.760,13.157,21.308,1.343,1.013,1.682,
18:11:08.674,4.825,23.400,-36.400,6.088,-49.628,17.312,13.228,21.787,0.936,0.989,1.361,
18:11:08.682,4.833,23.400,-36.400,5.843,-49.657,17.557,13.257,22.000,0.724,0.834,1.104,
18:11:08.700,4.851,23.400,-36.400,5.301,-49.718,18.099,13.318,22.471,0.573,0.477,0.745,
18:11:08.709,4.859,23.400,-36.400,5.045,-49.745,18.355,13.345,22.693,0.522,0.149,0.543,
18:11:08.724,4.875,26.000,-36.400,4.568,-49.791,21.432,13.391,25.271,0.499,-0.965,1.087,
18:11:08.733,4.884,26.000,-36.400,4.310,-49.814,21.690,13.414,25.502,0.532,-1.706,1.787,
18:11:08.749,4.900,26.000,-36.400,3.813,-49.854,22.187,13.454,25.948,0.578,-2.354,2.424,
18:11:08.765,4.916,26.000,-36.400,3.315,-49.890,22.685,13.490,26.393,0.664,-2.818,2.895,
18:11:08.774,4.925,26.000,-36.400,3.053,-49.907,22.947,13.507,26.627,0.753,-3.042,3.134,
18:11:08.790,4.941,23.400,-39.000,2.557,-49.935,20.843,10.935,23.537,0.136,-2.469,2.472,
18:11:08.799,4.950,23.400,-39.000,2.285,-49.948,21.115,10.948,23.785,-0.189,-2.074,2.082,
18:11:08.816,4.967,23.400,-39.000,1.764,-49.969,21.636,10.969,24.258,-0.360,-1.759,1.796,
18:11:08.835,4.985,23.400,-39.000,1.188,-49.986,22.212,10.986,24.780,-0.352,-1.523,1.563,
18:11:08.843,4.993,23.400,-39.000,0.946,-49.991,22.454,10.991,24.999,-0.265,-1.424,1.449,
18:11:08.858,5.009,23.400,-39.000,0.472,-49.998,22.928,10.998,25.429,-0.126,-1.357,1.363,
18:11:08.877,5.027,23.400,-39.000,-0.107,-50.000,23.507,11.000,25.953,0.098,-1.362,1.365,
18:11:08.895,5.046,23.400,-39.000,-0.681,-49.995,24.081,10.995,26.473,0.356,-1.440,1.483,
18:11:08.904,5.054,23.400,-39.000,-0.933,-49.991,24.333,10.991,26.701,0.532,-1.538,1.628,
18:11:08.919,5.070,20.800,-39.000,-1.400,-49.980,22.200,10.980,24.768,0.696,-0.942,1.171,
18:11:08.934,5.085,20.800,-39.000,-1.877,-49.965,22.677,10.965,25.189,0.837,-0.624,1.044,
18:11:08.942,5.093,20.800,-39.000,-2.116,-49.955,22.916,10.955,25.400,0.929,-0.517,1.064,
18:11:08.959,5.110,20.800,-39.000,-2.640,-49.930,23.440,10.930,25.863,1.006,-0.533,1.138,
18:11:08.978,5.129,18.200,-44.200,-3.208,-49.897,21.408,5.697,22.153,-0.439,0.043,0.441,
18:11:08.997,5.147,18.200,-44.200,-3.788,-49.856,21.988,5.656,22.704,-1.278,0.182,1.291,
18:11:09.015,5.166,18.200,-44.200,-4.353,-49.810,22.553,5.610,23.240,-1.620,0.019,1.620,
18:11:09.034,5.184,18.200,-44.200,-4.923,-49.757,23.123,5.557,23.781,-1.630,-0.315,1.660,
18:11:09.042,5.193,18.200,-44.200,-5.178,-49.731,23.378,5.531,24.024,-1.511,-0.597,1.625,
18:11:09.059,5.209,18.200,-44.200,-5.681,-49.676,23.881,5.476,24.501,-1.276,-0.936,1.583,
18:11:09.077,5.228,18.200,-44.200,-6.235,-49.610,24.435,5.410,25.027,-0.903,-1.328,1.606,
18:11:09.099,5.249,15.600,-41.600,-6.902,-49.521,22.502,7.921,23.855,0.364,-0.951,1.018,
18:11:09.115,5.266,15.600,-41.600,-7.411,-49.448,23.011,7.848,24.312,1.154,-0.865,1.442,
18:11:09.133,5.284,15.600,-41.600,-7.959,-49.363,23.559,7.763,24.804,1.630,-0.952,1.887,
18:11:09.142,5.293,15.600,-41.600,-8.218,-49.320,23.818,7.720,25.038,1.832,-1.059,2.116,
18:11:09.160,5.310,15.600,-44.200,-8.757,-49.227,24.357,5.027,24.870,1.203,-1.236,1.725,
18:11:09.169,5.320,15.600,-44.200,-9.030,-49.178,24.630,4.978,25.128,0.772,-1.402,1.600,
18:11:09.186,5.337,15.600,-44.200,-9.538,-49.082,25.138,4.882,25.608,0.424,-1.599,1.654,
18:11:09.206,5.357,15.600,-44.200,-10.157,-48.958,25.757,4.758,26.192,0.136,-1.829,1.834,
18:11:09.225,5.376,13.000,-44.200,-10.720,-48.837,23.720,4.637,24.169,-0.042,-1.260,1.261,
18:11:09.233,5.384,13.000,-44.200,-10.956,-48.785,23.956,4.585,24.391,-0.104,-1.017,1.023,
18:11:09.249,5.400,13.000,-44.200,-11.447,-48.672,24.447,4.472,24.853,-0.146,-0.922,0.934,
18:11:09.269,5.420,13.000,-44.200,-12.046,-48.527,25.046,4.327,25.417,-0.131,-0.986,0.995,
18:11:09.289,5.439,13.000,-44.200,-12.622,-48.381,25.622,4.181,25.960,-0.066,-1.175,1.177,
18:11:09.307,5.458,13.000,-44.200,-13.180,-48.232,26.180,4.032,26.489,0.018,-1.420,1.420,
18:11:09.325,5.476,13.000,-44.200,-13.706,-48.085,26.706,3.885,26.987,0.102,-1.669,1.672,
18:11:09.333,5.484,13.000,-44.200,-13.936,-48.019,26.936,3.819,27.205,0.162,-1.847,1.854,
18:11:09.351,5.502,10.400,-44.200,-14.462,-47.863,24.862,3.663,25.131,0.212,-1.307,1.324,
18:11:09.359,5.510,10.400,-44.200,-14.704,-47.789,25.104,3.589,25.359,0.250,-1.051,1.080,
18:11:09.374,5.525,10.400,-44.200,-15.151,-47.649,25.551,3.449,25.783,0.276,-0.940,0.979,
18:11:09.383,5.534,10.400,-44.200,-15.405,-47.568,25.805,3.368,26.024,0.295,-0.943,0.988,
18:11:09.401,5.552,10.400,-44.200,-15.939,-47.391,26.339,3.191,26.532,0.297,-1.044,1.085,
18:11:09.410,5.560,5.200,-46.800,-16.172,-47.312,21.372,0.512,21.378,-0.341,0.091,0.353,
18:11:09.428,5.578,5.200,-46.800,-16.701,-47.128,21.901,0.328,21.904,-0.814,0.798,1.140,
18:11:09.447,5.598,5.200,-46.800,-17.259,-46.927,22.459,0.127,22.459,-1.059,0.966,1.433,
18:11:09.465,5.616,7.800,-44.200,-17.776,-46.733,25.576,2.533,25.702,-0.354,-0.008,0.354,
18:11:09.473,5.624,7.800,-44.200,-18.007,-46.645,25.807,2.445,25.922,0.055,-0.657,0.659,
18:11:09.490,5.641,7.800,-44.200,-18.506,-46.449,26.306,2.249,26.402,0.355,-1.283,1.331,
18:11:09.499,5.649,7.800,-44.200,-18.738,-46.356,26.538,2.156,26.626,0.535,-1.727,1.808,
18:11:09.519,5.669,2.600,-44.200,-19.308,-46.122,21.908,1.922,21.992,0.660,-0.745,0.995,
18:11:09.536,5.687,2.600,-44.200,-19.803,-45.911,22.403,1.711,22.468,0.685,-0.248,0.728,
18:11:09.555,5.705,2.600,-44.200,-20.328,-45.681,22.928,1.481,22.976,0.632,-0.132,0.646,
18:11:09.563,5.713,2.600,-44.200,-20.549,-45.582,23.149,1.382,23.191,0.576,-0.159,0.597,
18:11:09.580,5.731,2.600,-44.200,-21.043,-45.357,23.643,1.157,23.671,0.473,-0.341,0.583,
18:11:09.589,5.740,2.600,-44.200,-21.285,-45.243,23.885,1.043,23.908,0.392,-0.558,0.682,
18:11:09.605,5.756,2.600,-44.200,-21.727,-45.033,24.327,0.833,24.341,0.281,-0.852,0.897,
18:11:09.614,5.765,2.600,-44.200,-21.972,-44.914,24.572,0.714,24.582,0.203,-1.115,1.133,
18:11:09.630,5.780,2.600,-44.200,-22.403,-44.700,25.003,0.500,25.008,0.104,-1.415,1.418,
18:11:09.649,5.800,2.600,-44.200,-22.937,-44.428,25.537,0.228,25.538,-0.002,-1.754,1.754,
18:11:09.667,5.818,2.600,-44.200,-23.423,-44.174,26.023,-0.026,26.023,-0.083,-2.041,2.043,
18:11:09.684,5.835,2.600,-44.200,-23.896,-43.920,26.496,-0.280,26.497,-0.142,-2.258,2.262,
18:11:09.694,5.844,2.600,-44.200,-24.144,-43.784,26.744,-0.416,26.747,-0.165,-2.386,2.392,
18:11:09.711,5.862,0.000,-44.200,-24.614,-43.522,24.614,-0.678,24.623,-0.198,-1.760,1.771,
18:11:09.720,5.871,0.000,-44.200,-24.854,-43.385,24.854,-0.815,24.867,-0.205,-1.420,1.434,
18:11:09.738,5.889,0.000,-44.200,-25.323,-43.113,25.323,-1.087,25.347,-0.220,-1.211,1.230,
18:11:09.756,5.907,0.000,-44.200,-25.803,-42.827,25.803,-1.373,25.840,-0.226,-1.155,1.177,
18:11:09.774,5.925,-0.000,-46.800,-26.274,-42.540,26.274,-4.260,26.617,-0.985,-1.228,1.574,
18:11:09.783,5.933,-0.000,-46.800,-26.491,-42.405,26.491,-4.395,26.853,-1.360,-1.342,1.911,
18:11:09.799,5.950,-0.000,-46.800,-26.921,-42.134,26.921,-4.666,27.322,-1.567,-1.475,2.152,
18:11:09.817,5.968,-0.000,-46.800,-27.393,-41.828,27.393,-4.972,27.841,-1.603,-1.664,2.311,
18:11:09.836,5.987,-2.600,-46.800,-27.871,-41.511,25.271,-5.289,25.819,-1.496,-1.111,1.863,
18:11:09.845,5.996,-2.600,-46.800,-28.094,-41.361,25.494,-5.439,26.068,-1.377,-0.891,1.640,
18:11:09.864,6.015,-2.600,-46.800,-28.573,-41.032,25.973,-5.768,26.606,-1.188,-0.835,1.452,
18:11:09.874,6.025,-2.600,-46.800,-28.827,-40.853,26.227,-5.947,26.893,-1.031,-0.903,1.371,
18:11:09.891,6.042,-5.200,-44.200,-29.246,-40.555,24.046,-3.645,24.320,-0.137,-0.335,0.362,
18:11:09.900,6.050,-5.200,-44.200,-29.457,-40.402,24.257,-3.798,24.552,0.376,-0.113,0.393,
18:11:09.915,6.066,-5.200,-44.200,-29.851,-40.111,24.651,-4.089,24.988,0.734,-0.089,0.740,
18:11:09.923,6.074,-5.200,-44.200,-30.041,-39.970,24.841,-4.230,25.198,0.891,-0.189,0.911,
18:11:09.941,6.091,-5.200,-44.200,-30.466,-39.646,25.266,-4.554,25.673,0.946,-0.418,1.034,
18:11:09.949,6.100,-7.800,-44.200,-30.669,-39.489,22.869,-4.711,23.350,0.887,-0.039,0.888,
18:11:09.968,6.119,-7.800,-44.200,-31.122,-39.134,23.322,-5.066,23.866,0.726,0.063,0.728,
18:11:09.987,6.137,-7.800,-44.200,-31.576,-38.768,23.776,-5.432,24.388,0.450,-0.135,0.469,
18:11:10.008,6.158,-7.800,-44.200,-32.075,-38.356,24.275,-5.844,24.968,0.111,-0.533,0.544,
18:11:10.026,6.177,-7.800,-44.200,-32.514,-37.984,24.714,-6.216,25.484,-0.199,-0.980,1.000,
18:11:10.045,6.195,-7.800,-44.200,-32.942,-37.614,25.142,-6.586,25.990,-0.461,-1.408,1.482,
18:11:10.052,6.203,-7.800,-44.200,-33.112,-37.464,25.312,-6.736,26.193,-0.594,-1.672,1.775,
18:11:10.070,6.220,-10.400,-44.200,-33.508,-37.111,23.108,-7.089,24.171,-0.743,-1.239,1.444,
18:11:10.087,6.238,-10.400,-44.200,-33.910,-36.744,23.510,-7.456,24.664,-0.852,-1.041,1.345,
18:11:10.107,6.258,-10.400,-44.200,-34.358,-36.325,23.958,-7.875,25.219,-0.920,-1.036,1.386,
18:11:10.127,6.278,-10.400,-46.800,-34.798,-35.904,24.398,-10.896,26.721,-1.730,-1.154,2.079,
18:11:10.146,6.297,-10.400,-46.800,-35.218,-35.492,24.818,-11.308,27.273,-2.125,-1.336,2.510,
18:11:10.167,6.318,-10.400,-46.800,-35.684,-35.023,25.284,-11.777,27.892,-2.228,-1.557,2.718,
18:11:10.187,6.338,-13.000,-44.200,-36.110,-34.584,23.110,-9.616,25.031,-1.365,-0.987,1.685,
18:11:10.205,6.356,-13.000,-44.200,-36.489,-34.184,23.489,-10.016,25.535,-0.797,-0.775,1.112,
18:11:10.228,6.379,-13.000,-44.200,-36.964,-33.670,23.964,-10.530,26.176,-0.413,-0.806,0.906,
18:11:10.248,6.399,-13.000,-44.200,-37.382,-33.205,24.382,-10.995,26.747,-0.215,-0.975,0.999,
18:11:10.266,6.417,-13.000,-44.200,-37.745,-32.792,24.745,-11.408,27.248,-0.181,-1.204,1.218,
18:11:10.287,6.438,-13.000,-44.200,-38.170,-32.296,25.170,-11.904,27.843,-0.250,-1.469,1.490,
18:11:10.307,6.458,-18.200,-44.200,-38.567,-31.822,20.367,-12.378,23.833,-0.397,-0.146,0.423,
18:11:10.325,6.476,-18.200,-44.200,-38.918,-31.391,20.718,-12.809,24.358,-0.572,0.424,0.712,
18:11:10.335,6.485,-18.200,-44.200,-39.091,-31.175,20.891,-13.025,24.619,-0.705,0.590,0.919,
18:11:10.353,6.504,-18.200,-44.200,-39.447,-30.724,21.247,-13.476,25.160,-0.856,0.510,0.996,
18:11:10.363,6.514,-20.800,-41.600,-39.630,-30.486,18.830,-11.114,21.865,-0.303,0.965,1.011,
18:11:10.381,6.531,-20.800,-41.600,-39.957,-30.057,19.157,-11.543,22.366,0.018,1.059,1.059,
18:11:10.389,6.540,-20.800,-41.600,-40.117,-29.844,19.317,-11.756,22.613,0.149,0.944,0.956,
18:11:10.408,6.559,-20.800,-41.600,-40.453,-29.386,19.653,-12.214,23.139,0.130,0.590,0.605,
18:11:10.428,6.578,-20.800,-41.600,-40.809,-28.890,20.009,-12.710,23.704,-0.043,0.023,0.048,
18:11:10.447,6.598,-20.800,-41.600,-41.148,-28.405,20.348,-13.195,24.252,-0.301,-0.591,0.664,
18:11:10.468,6.618,-20.800,-41.600,-41.508,-27.877,20.708,-13.723,24.842,-0.600,-1.180,1.324,
18:11:10.486,6.637,-23.400,-41.600,-41.821,-27.405,18.421,-14.195,23.256,-0.871,-0.867,1.229,
18:11:10.505,6.656,-23.400,-41.600,-42.145,-26.904,18.745,-14.696,23.819,-1.110,-0.813,1.376,
18:11:10.515,6.666,-23.400,-41.600,-42.306,-26.649,18.906,-14.951,24.103,-1.251,-0.831,1.502,
18:11:10.533,6.684,-23.400,-41.600,-42.598,-26.180,19.198,-15.420,24.624,-1.385,-0.941,1.674,
18:11:10.544,6.695,-20.800,-39.000,-42.765,-25.906,21.965,-13.094,25.572,-0.792,-1.724,1.897,
18:11:10.563,6.714,-20.800,-39.000,-43.067,-25.401,22.267,-13.599,26.092,-0.415,-2.327,2.363,
18:11:10.573,6.724,-20.800,-39.000,-43.219,-25.142,22.419,-13.858,26.357,-0.242,-2.661,2.672,
18:11:10.589,6.740,-20.800,-39.000,-43.463,-24.718,22.663,-14.282,26.788,-0.197,-2.850,2.857,
18:11:10.607,6.757,-26.000,-36.400,-43.731,-24.241,17.731,-12.159,21.499,0.465,-1.400,1.475,
18:11:10.627,6.778,-26.000,-36.400,-44.031,-23.691,18.031,-12.709,22.060,0.700,-0.438,0.826,
18:11:10.644,6.795,-26.000,-36.400,-44.286,-23.211,18.286,-13.189,22.547,0.628,0.048,0.629,
18:11:10.653,6.803,-26.000,-36.400,-44.401,-22.990,18.401,-13.410,22.769,0.495,0.219,0.541,
18:11:10.668,6.819,-23.400,-39.000,-44.621,-22.560,21.221,-16.440,26.844,-0.434,-0.425,0.607,
18:11:10.687,6.838,-23.400,-39.000,-44.877,-22.046,21.477,-16.954,27.363,-1.236,-1.018,1.601,
18:11:10.706,6.856,-23.400,-39.000,-45.128,-21.529,21.728,-17.471,27.881,-1.832,-1.516,2.378,
18:11:10.723,6.874,-26.000,-36.400,-45.355,-21.046,19.355,-15.354,24.705,-1.454,-1.130,1.842,
18:11:10.732,6.883,-26.000,-36.400,-45.465,-20.807,19.465,-15.593,24.941,-1.247,-0.967,1.578,
18:11:10.751,6.902,-26.000,-36.400,-45.708,-20.268,19.708,-16.132,25.468,-1.148,-0.913,1.467,
18:11:10.760,6.911,-26.000,-36.400,-45.821,-20.012,19.821,-16.388,25.718,-1.092,-0.931,1.435,
18:11:10.778,6.929,-28.600,-39.000,-46.041,-19.500,17.441,-19.500,26.162,-1.803,-0.271,1.823,
18:11:10.796,6.947,-28.600,-39.000,-46.249,-19.001,17.649,-19.999,26.673,-2.270,0.038,2.270,
18:11:10.814,6.965,-28.600,-39.000,-46.462,-18.474,17.862,-20.526,27.209,-2.520,0.071,2.521,
18:11:10.822,6.973,-28.600,-39.000,-46.544,-18.265,17.944,-20.735,27.422,-2.631,-0.003,2.631,
18:11:10.838,6.989,-28.600,-36.400,-46.725,-17.797,18.125,-18.603,25.973,-1.947,-0.155,1.954,
18:11:10.855,7.006,-28.600,-36.400,-46.909,-17.307,18.309,-19.093,26.453,-1.435,-0.414,1.493,
18:11:10.864,7.015,-28.600,-36.400,-47.004,-17.049,18.404,-19.351,26.705,-1.156,-0.643,1.323,
18:11:10.881,7.032,-28.600,-36.400,-47.177,-16.562,18.577,-19.838,27.178,-0.957,-0.898,1.312,
18:11:10.890,7.040,-28.600,-36.400,-47.262,-16.318,18.662,-20.082,27.415,-0.893,-1.099,1.416,
18:11:10.907,7.057,-28.600,-33.800,-47.430,-15.825,18.830,-17.975,26.032,-0.170,-1.306,1.317,
18:11:10.925,7.075,-28.600,-33.800,-47.605,-15.290,19.005,-18.510,26.529,0.187,-1.497,1.509,
18:11:10.934,7.084,-28.600,-33.800,-47.686,-15.035,19.086,-18.765,26.765,0.268,-1.619,1.641,
18:11:10.949,7.099,-28.600,-33.800,-47.824,-14.590,19.224,-19.210,27.177,0.203,-1.705,1.717,
18:11:10.966,7.117,-31.200,-33.800,-47.977,-14.079,16.777,-19.721,25.892,-0.038,-1.027,1.028,
18:11:10.987,7.137,-31.200,-33.800,-48.152,-13.468,16.952,-20.332,26.472,-0.439,-0.605,0.748,
18:11:11.007,7.157,-31.200,-33.800,-48.314,-12.873,17.114,-20.927,27.034,-0.893,-0.429,0.991,
18:11:11.025,7.175,-36.400,-31.200,-48.454,-12.339,12.054,-18.861,22.384,-0.535,1.112,1.234,
18:11:11.032,7.183,-36.400,-31.200,-48.512,-12.109,12.112,-19.091,22.609,-0.413,1.783,1.830,
18:11:11.050,7.200,-36.400,-31.200,-48.638,-11.589,12.238,-19.611,23.116,-0.468,2.080,2.131,
18:11:11.060,7.211,-36.400,-31.200,-48.713,-11.272,12.313,-19.928,23.425,-0.581,2.054,2.135,
18:11:11.077,7.227,-36.400,-31.200,-48.823,-10.783,12.423,-20.417,23.900,-0.777,1.801,1.961,
18:11:11.096,7.247,-33.800,-26.000,-48.951,-10.189,15.151,-15.811,21.898,0.467,0.493,0.679,
18:11:11.115,7.266,-33.800,-26.000,-49.065,-9.624,15.265,-16.376,22.387,1.007,-0.592,1.168,
18:11:11.133,7.284,-33.800,-26.000,-49.168,-9.081,15.368,-16.919,22.857,1.054,-1.387,1.742,
18:11:11.142,7.293,-33.800,-26.000,-49.218,-8.806,15.418,-17.194,23.095,0.940,-1.824,2.052,
18:11:11.159,7.310,-33.800,-28.600,-49.306,-8.303,15.506,-20.297,25.542,-0.068,-2.158,2.159,
18:11:11.178,7.329,-33.800,-28.600,-49.399,-7.727,15.599,-20.873,26.058,-1.000,-2.325,2.531,
18:11:11.195,7.346,-33.800,-28.600,-49.478,-7.209,15.678,-21.391,26.521,-1.719,-2.325,2.891,
18:11:11.203,7.354,-33.800,-28.600,-49.513,-6.960,15.713,-21.640,26.743,-2.129,-2.268,3.111,
18:11:11.221,7.372,-33.800,-28.600,-49.586,-6.423,15.786,-22.177,27.221,-2.483,-2.130,3.272,
18:11:11.229,7.380,-33.800,-28.600,-49.618,-6.171,15.818,-22.429,27.445,-2.653,-2.010,3.328,
18:11:11.247,7.398,-33.800,-28.600,-49.682,-5.626,15.882,-22.974,27.929,-2.770,-1.812,3.310,
18:11:11.265,7.416,-33.800,-28.600,-49.741,-5.081,15.941,-23.519,28.413,-2.769,-1.598,3.197,
18:11:11.276,7.427,-36.400,-26.000,-49.773,-4.756,13.373,-21.244,25.103,-2.035,-0.780,2.179,
18:11:11.293,7.444,-36.400,-26.000,-49.821,-4.228,13.421,-21.772,25.577,-1.489,-0.181,1.500,
18:11:11.302,7.452,-36.400,-26.000,-49.842,-3.974,13.442,-22.026,25.804,-1.200,0.096,1.204,
18:11:11.320,7.471,-36.400,-26.000,-49.883,-3.412,13.483,-22.588,26.306,-0.994,0.277,1.032,
18:11:11.329,7.479,-36.400,-26.000,-49.901,-3.142,13.501,-22.858,26.548,-0.947,0.273,0.985,
18:11:11.349,7.499,-39.000,-26.000,-49.936,-2.529,10.936,-23.471,25.893,-0.960,0.927,1.334,
18:11:11.368,7.519,-39.000,-26.000,-49.963,-1.929,10.963,-24.071,26.450,-1.106,1.129,1.581,
18:11:11.387,7.538,-39.000,-26.000,-49.982,-1.358,10.982,-24.642,26.978,-1.318,1.011,1.661,
18:11:11.407,7.557,-41.600,-23.400,-49.994,-0.746,8.394,-22.654,24.159,-0.777,1.480,1.671,
18:11:11.425,7.576,-41.600,-23.400,-50.000,-0.185,8.400,-23.215,24.688,-0.608,1.487,1.606,
18:11:11.434,7.584,-41.600,-23.400,-50.000,0.080,8.400,-23.480,24.937,-0.607,1.362,1.491,
18:11:11.450,7.601,-41.600,-23.400,-49.996,0.594,8.396,-23.994,25.421,-0.715,1.080,1.295,
18:11:11.459,7.610,-41.600,-23.400,-49.993,0.863,8.393,-24.263,25.673,-0.869,0.808,1.187,
18:11:11.475,7.626,-44.200,-23.400,-49.982,1.346,5.782,-24.746,25.412,-1.080,1.145,1.574,
18:11:11.484,7.635,-44.200,-23.400,-49.974,1.621,5.774,-25.021,25.678,-1.285,1.262,1.801,
18:11:11.501,7.652,-44.200,-23.400,-49.954,2.142,5.754,-25.542,26.182,-1.530,1.154,1.916,
18:11:11.509,7.659,-44.200,-23.400,-49.944,2.369,5.744,-25.769,26.401,-1.721,1.025,2.003,
18:11:11.525,7.675,-44.200,-23.400,-49.918,2.864,5.718,-26.264,26.879,-1.918,0.769,2.067,
18:11:11.532,7.683,-41.600,-20.800,-49.905,3.082,8.305,-23.882,25.285,-1.450,-0.052,1.451,
18:11:11.548,7.699,-41.600,-20.800,-49.872,3.579,8.272,-24.379,25.744,-1.139,-0.790,1.386,
18:11:11.565,7.715,-41.600,-20.800,-49.833,4.088,8.233,-24.888,26.214,-1.019,-1.340,1.684,
18:11:11.574,7.725,-41.600,-20.800,-49.809,4.365,8.209,-25.165,26.470,-1.017,-1.636,1.926,
18:11:11.591,7.742,-41.600,-18.200,-49.760,4.896,8.160,-23.096,24.495,-0.396,-1.819,1.862,
18:11:11.600,7.750,-41.600,-18.200,-49.734,5.151,8.134,-23.351,24.728,-0.130,-1.854,1.859,
18:11:11.618,7.768,-41.600,-18.200,-49.675,5.694,8.075,-23.894,25.221,-0.081,-1.798,1.800,
18:11:11.635,7.785,-41.600,-18.200,-49.612,6.216,8.012,-24.416,25.697,-0.259,-1.628,1.648,
18:11:11.643,7.794,-41.600,-18.200,-49.578,6.479,7.978,-24.679,25.937,-0.478,-1.474,1.550,
18:11:11.661,7.812,-41.600,-20.800,-49.503,7.030,7.903,-27.830,28.931,-1.517,-1.247,1.964,
18:11:11.670,7.821,-41.600,-20.800,-49.466,7.291,7.866,-28.091,29.171,-2.197,-1.087,2.452,
18:11:11.686,7.837,-41.600,-20.800,-49.392,7.774,7.792,-28.574,29.617,-2.745,-0.887,2.885,
18:11:11.704,7.855,-41.600,-20.800,-49.302,8.324,7.702,-29.124,30.125,-3.144,-0.686,3.218,
18:11:11.712,7.863,-41.600,-20.800,-49.261,8.563,7.661,-29.363,30.346,-3.343,-0.591,3.395,
18:11:11.730,7.880,-41.600,-15.600,-49.167,9.087,7.567,-24.687,25.821,-2.022,-0.463,2.074,
18:11:11.738,7.889,-41.600,-15.600,-49.118,9.350,7.518,-24.950,26.058,-1.238,-0.414,1.306,
18:11:11.755,7.906,-41.600,-15.600,-49.018,9.860,7.418,-25.460,26.519,-0.701,-0.346,0.782,
18:11:11.774,7.924,-41.600,-15.600,-48.903,10.418,7.303,-26.018,27.024,-0.446,-0.311,0.544,
18:11:11.782,7.932,-41.600,-15.600,-48.852,10.653,7.252,-26.253,27.236,-0.424,-0.327,0.535,
18:11:11.798,7.949,-44.200,-13.000,-48.743,11.143,4.543,-24.143,24.566,0.189,0.371,0.416,
18:11:11.814,7.965,-44.200,-13.000,-48.630,11.626,4.430,-24.626,25.021,0.382,0.784,0.872,
18:11:11.824,7.975,-44.200,-13.000,-48.560,11.915,4.360,-24.915,25.293,0.335,0.960,1.017,
18:11:11.842,7.992,-44.200,-13.000,-48.429,12.434,4.229,-25.434,25.783,0.088,1.003,1.007,
18:11:11.850,8.001,-44.200,-13.000,-48.366,12.677,4.166,-25.677,26.013,-0.202,0.944,0.965,
18:11:11.867,8.018,-44.200,-10.400,-48.225,13.203,4.025,-23.603,23.944,0.092,0.804,0.810,
18:11:11.886,8.037,-44.200,-10.400,-48.074,13.743,3.874,-24.143,24.452,0.020,0.570,0.570,
18:11:11.905,8.056,-44.200,-10.400,-47.908,14.311,3.708,-24.711,24.988,-0.313,0.295,0.430,
18:11:11.913,8.064,-44.200,-10.400,-47.839,14.540,3.639,-24.940,25.204,-0.585,0.116,0.597,
18:11:11.929,8.080,-44.200,-7.800,-47.691,15.020,3.491,-22.820,23.085,-0.244,-0.066,0.252,
18:11:11.946,8.097,-44.200,-7.800,-47.529,15.523,3.329,-23.323,23.559,-0.219,-0.226,0.315,
18:11:11.964,8.115,-44.200,-7.800,-47.360,16.032,3.160,-23.832,24.040,-0.418,-0.345,0.542,
18:11:11.972,8.123,-44.200,-7.800,-47.278,16.271,3.078,-24.071,24.267,-0.615,-0.403,0.735,
18:11:11.988,8.138,-46.800,-7.800,-47.122,16.719,0.322,-24.519,24.521,-0.894,0.250,0.928,
18:11:12.007,8.157,-46.800,-7.800,-46.925,17.264,0.125,-25.064,25.065,-1.263,0.690,1.439,
18:11:12.024,8.175,-46.800,-7.800,-46.731,17.782,-0.069,-25.582,25.582,-1.631,0.911,1.868,
18:11:12.032,8.183,-46.800,-7.800,-46.644,18.009,-0.156,-25.809,25.809,-1.864,0.989,2.110,
18:11:12.048,8.199,-46.800,-2.600,-46.465,18.467,-0.335,-21.067,21.070,-0.697,0.987,1.208,
18:11:12.065,8.215,-46.800,-2.600,-46.278,18.929,-0.522,-21.529,21.536,-0.020,0.896,0.896,
18:11:12.074,8.224,-46.800,-2.600,-46.174,19.183,-0.626,-21.783,21.792,0.274,0.794,0.840,
18:11:12.091,8.242,-46.800,-2.600,-45.962,19.685,-0.838,-22.285,22.300,0.310,0.648,0.718,
18:11:12.100,8.251,-46.800,-2.600,-45.859,19.923,-0.941,-22.523,22.543,0.198,0.528,0.564,
18:11:12.117,8.268,-46.800,-2.600,-45.642,20.417,-1.158,-23.017,23.046,-0.073,0.383,0.390,
18:11:12.135,8.285,-46.800,-2.600,-45.421,20.903,-1.379,-23.503,23.544,-0.491,0.246,0.549,
18:11:12.143,8.294,-46.800,-2.600,-45.313,21.136,-1.487,-23.736,23.783,-0.824,0.166,0.841,
18:11:12.159,8.309,-46.800,-2.600,-45.109,21.568,-1.691,-24.168,24.227,-1.189,0.093,1.192,
18:11:12.177,8.327,-44.200,-2.600,-44.869,22.064,0.669,-24.664,24.673,-1.576,-0.691,1.721,
18:11:12.194,8.345,-44.200,-2.600,-44.626,22.550,0.426,-25.150,25.154,-1.918,-1.133,2.227,
18:11:12.203,8.353,-44.200,-2.600,-44.513,22.773,0.313,-25.373,25.375,-2.123,-1.316,2.498,
18:11:12.219,8.370,-44.200,-2.600,-44.279,23.225,0.079,-25.825,25.825,-2.301,-1.351,2.668,
18:11:12.236,8.387,-44.200,0.000,-44.034,23.686,-0.166,-23.686,23.687,-1.698,-1.229,2.096,
18:11:12.254,8.405,-44.200,0.000,-43.769,24.171,-0.431,-24.171,24.175,-1.340,-0.991,1.667,
18:11:12.262,8.413,-44.200,0.000,-43.649,24.387,-0.551,-24.387,24.393,-1.190,-0.805,1.437,
18:11:12.279,8.429,-44.200,0.000,-43.404,24.821,-0.796,-24.821,24.834,-1.126,-0.559,1.257,
18:11:12.295,8.446,-46.800,-0.000,-43.145,25.269,-3.655,-25.269,25.532,-1.176,0.434,1.253,
18:11:12.305,8.455,-46.800,-0.000,-43.008,25.502,-3.792,-25.502,25.782,-1.278,0.999,1.622,
18:11:12.321,8.472,-46.800,-0.000,-42.749,25.934,-4.051,-25.934,26.248,-1.408,1.414,1.996,
18:11:12.329,8.480,-46.800,-0.000,-42.615,26.152,-4.185,-26.152,26.485,-1.551,1.605,2.232,
18:11:12.345,8.496,-46.800,-0.000,-42.364,26.557,-4.436,-26.557,26.925,-1.699,1.708,2.409,
18:11:12.363,8.513,-46.800,2.600,-42.071,27.020,-4.729,-24.420,24.874,-1.141,1.671,2.023,
18:11:12.372,8.522,-46.800,2.600,-41.928,27.241,-4.872,-24.641,25.118,-0.891,1.562,1.798,
18:11:12.388,8.539,-46.800,2.600,-41.652,27.661,-5.148,-25.061,25.585,-0.791,1.399,1.607,
18:11:12.405,8.556,-46.800,2.600,-41.360,28.096,-5.440,-25.496,26.070,-0.853,1.179,1.455,
18:11:12.414,8.564,-46.800,2.600,-41.214,28.309,-5.586,-25.709,26.309,-0.977,1.013,1.407,
18:11:12.431,8.581,-44.200,2.600,-40.917,28.737,-3.283,-26.137,26.342,-1.157,0.119,1.164,
18:11:12.439,8.590,-44.200,2.600,-40.770,28.945,-3.430,-26.345,26.567,-1.344,-0.402,1.403,
18:11:12.455,8.605,-44.200,2.600,-40.489,29.336,-3.711,-26.736,26.993,-1.551,-0.769,1.731,
18:11:12.462,8.612,-44.200,2.600,-40.363,29.510,-3.837,-26.910,27.182,-1.727,-0.933,1.963,
18:11:12.478,8.629,-44.200,2.600,-40.068,29.909,-4.132,-27.309,27.620,-1.908,-1.003,2.155,
18:11:12.495,8.646,-44.200,5.200,-39.750,30.330,-4.450,-25.130,25.521,-1.371,-0.918,1.650,
18:11:12.504,8.654,-44.200,5.200,-39.594,30.534,-4.606,-25.334,25.749,-1.116,-0.787,1.365,
18:11:12.523,8.673,-44.200,5.200,-39.235,30.993,-4.965,-25.793,26.267,-1.008,-0.563,1.154,
18:11:12.531,8.681,-44.200,5.200,-39.082,31.186,-5.118,-25.986,26.486,-1.023,-0.370,1.088,
18:11:12.547,8.698,-44.200,5.200,-38.771,31.573,-5.429,-26.373,26.926,-1.102,-0.130,1.109,
18:11:12.564,8.715,-44.200,7.800,-38.439,31.976,-5.761,-24.176,24.853,-0.551,0.127,0.566,
18:11:12.573,8.724,-44.200,7.800,-38.261,32.188,-5.939,-24.388,25.101,-0.335,0.299,0.449,
18:11:12.591,8.742,-44.200,7.800,-37.902,32.610,-6.298,-24.810,25.597,-0.318,0.495,0.588,
18:11:12.599,8.750,-44.200,7.800,-37.748,32.789,-6.452,-24.989,25.808,-0.419,0.601,0.732,
18:11:12.615,8.766,-44.200,7.800,-37.414,33.169,-6.786,-25.369,26.261,-0.614,0.719,0.946,
18:11:12.624,8.775,-44.200,7.800,-37.236,33.369,-6.964,-25.569,26.500,-0.841,0.779,1.147,
18:11:12.641,8.791,-44.200,7.800,-36.893,33.748,-7.307,-25.948,26.957,-1.130,0.840,1.408,
18:11:12.649,8.800,-44.200,7.800,-36.721,33.935,-7.479,-26.135,27.184,-1.382,0.861,1.628,
18:11:12.665,8.815,-44.200,7.800,-36.395,34.284,-7.805,-26.484,27.611,-1.648,0.878,1.868,
18:11:12.673,8.824,-44.200,7.800,-36.214,34.476,-7.986,-26.676,27.846,-1.863,0.877,2.059,
18:11:12.690,8.840,-44.200,13.000,-35.864,34.840,-8.336,-21.840,23.377,-0.690,0.873,1.112,
18:11:12.707,8.857,-44.200,13.000,-35.501,35.209,-8.699,-22.209,23.852,0.002,0.858,0.858,
18:11:12.727,8.878,-44.200,13.000,-35.053,35.656,-9.147,-22.656,24.433,0.249,0.839,0.875,
18:11:12.744,8.895,-41.600,13.000,-34.680,36.018,-6.920,-23.018,24.036,0.184,0.073,0.198,
18:11:12.752,8.903,-41.600,13.000,-34.496,36.194,-7.104,-23.194,24.258,0.025,-0.306,0.307,
18:11:12.769,8.919,-41.600,13.000,-34.130,36.540,-7.470,-23.540,24.697,-0.241,-0.511,0.565,
18:11:12.786,8.937,-41.600,13.000,-33.742,36.898,-7.858,-23.898,25.157,-0.628,-0.543,0.830,
18:11:12.795,8.945,-41.600,13.000,-33.542,37.080,-8.058,-24.080,25.392,-0.948,-0.485,1.065,
18:11:12.812,8.963,-44.200,18.200,-33.142,37.438,-11.058,-19.238,22.189,0.116,0.382,0.399,
18:11:12.821,8.971,-44.200,18.200,-32.949,37.608,-11.251,-19.408,22.434,0.641,0.937,1.135,
18:11:12.837,8.987,-44.200,18.200,-32.578,37.930,-11.622,-19.730,22.898,0.832,1.381,1.612,
18:11:12.855,9.006,-44.200,18.200,-32.143,38.299,-12.057,-20.099,23.438,0.691,1.699,1.834,
18:11:12.874,9.025,-46.800,18.200,-31.693,38.672,-15.107,-20.472,25.443,0.295,2.624,2.640,
18:11:12.882,9.033,-46.800,18.200,-31.505,38.825,-15.295,-20.625,25.677,-0.034,3.040,3.041,
18:11:12.902,9.053,-46.800,18.200,-31.028,39.208,-15.772,-21.008,26.270,-0.502,3.206,3.245,
18:11:12.910,9.061,-46.800,18.200,-30.834,39.361,-15.966,-21.161,26.509,-0.844,3.199,3.309,
18:11:12.929,9.080,-44.200,20.800,-30.368,39.722,-13.832,-18.922,23.439,-0.537,2.296,2.358,
18:11:12.947,9.098,-44.200,20.800,-29.925,40.056,-14.275,-19.256,23.970,-0.484,1.543,1.617,
18:11:12.966,9.117,-44.200,20.800,-29.457,40.401,-14.743,-19.601,24.527,-0.609,0.980,1.154,
18:11:12.985,9.136,-44.200,20.800,-28.989,40.739,-15.211,-19.939,25.078,-0.820,0.611,1.022,
18:11:12.992,9.143,-44.200,20.800,-28.810,40.865,-15.390,-20.065,25.287,-0.974,0.482,1.086,
18:11:13.010,9.161,-44.200,20.800,-28.355,41.182,-15.845,-20.382,25.817,-1.170,0.377,1.230,
18:11:13.019,9.169,-44.200,20.800,-28.141,41.329,-16.059,-20.529,26.064,-1.325,0.404,1.385,
18:11:13.035,9.186,-44.200,20.800,-27.717,41.614,-16.483,-20.814,26.550,-1.490,0.464,1.561,
18:11:13.044,9.195,-41.600,20.800,-27.490,41.765,-14.110,-20.965,25.271,-1.615,-0.066,1.617,
18:11:13.062,9.213,-41.600,20.800,-27.033,42.062,-14.567,-21.262,25.773,-1.734,-0.371,1.773,
18:11:13.071,9.222,-41.600,20.800,-26.804,42.208,-14.796,-21.408,26.023,-1.818,-0.443,1.872,
18:11:13.089,9.240,-41.600,20.800,-26.334,42.503,-15.266,-21.703,26.534,-1.878,-0.348,1.910,
18:11:13.106,9.257,-39.000,23.400,-25.889,42.776,-13.111,-19.376,23.395,-1.175,-0.831,1.439,
18:11:13.123,9.274,-39.000,23.400,-25.432,43.049,-13.568,-19.649,23.878,-0.766,-0.912,1.191,
18:11:13.132,9.282,-39.000,23.400,-25.209,43.180,-13.791,-19.780,24.113,-0.598,-0.838,1.029,
18:11:13.151,9.302,-39.000,23.400,-24.700,43.473,-14.300,-20.073,24.646,-0.528,-0.552,0.764,
18:11:13.159,9.310,-39.000,23.400,-24.478,43.599,-14.522,-20.199,24.877,-0.578,-0.283,0.644,
18:11:13.175,9.326,-39.000,23.400,-24.054,43.834,-14.946,-20.434,25.316,-0.672,0.076,0.676,
18:11:13.183,9.334,-39.000,23.400,-23.833,43.955,-15.167,-20.555,25.545,-0.805,0.361,0.882,
18:11:13.200,9.351,-39.000,23.400,-23.382,44.196,-15.618,-20.796,26.007,-0.967,0.718,1.205,
18:11:13.209,9.360,-39.000,23.400,-23.141,44.322,-15.859,-20.922,26.253,-1.133,0.976,1.496,
18:11:13.224,9.375,-36.400,26.000,-22.724,44.538,-13.676,-18.538,23.037,-0.614,0.564,0.834,
18:11:13.233,9.384,-36.400,26.000,-22.487,44.658,-13.913,-18.658,23.274,-0.355,0.337,0.489,
18:11:13.252,9.403,-36.400,26.000,-21.960,44.920,-14.440,-18.920,23.801,-0.260,0.300,0.397,
18:11:13.261,9.411,-36.400,26.000,-21.730,45.031,-14.670,-19.031,24.029,-0.290,0.313,0.427,
18:11:13.278,9.429,-36.400,28.600,-21.252,45.259,-15.148,-16.659,22.516,0.298,0.428,0.522,
18:11:13.296,9.447,-36.400,28.600,-20.745,45.493,-15.655,-16.893,23.031,0.510,0.625,0.807,
18:11:13.314,9.465,-36.400,28.600,-20.230,45.725,-16.170,-17.125,23.552,0.422,0.856,0.955,
18:11:13.323,9.474,-36.400,28.600,-19.983,45.833,-16.417,-17.233,23.801,0.259,1.018,1.051,
18:11:13.341,9.491,-36.400,28.600,-19.491,46.044,-16.909,-17.444,24.294,-0.013,1.198,1.198,
18:11:13.349,9.500,-36.400,28.600,-19.257,46.143,-17.143,-17.543,24.528,-0.265,1.320,1.346,
18:11:13.366,9.517,-36.400,28.600,-18.767,46.344,-17.633,-17.744,25.016,-0.584,1.451,1.564,
18:11:13.385,9.535,-36.400,28.600,-18.237,46.556,-18.163,-17.956,25.540,-0.940,1.565,1.826,
18:11:13.393,9.544,-36.400,28.600,-18.003,46.646,-18.397,-18.046,25.771,-1.176,1.633,2.013,
18:11:13.411,9.562,-33.800,28.600,-17.484,46.843,-16.316,-18.243,24.475,-1.412,0.968,1.712,
18:11:13.420,9.571,-33.800,28.600,-17.233,46.936,-16.567,-18.336,24.712,-1.563,0.607,1.677,
18:11:13.437,9.588,-33.800,28.600,-16.726,47.119,-17.074,-18.519,25.189,-1.694,0.402,1.741,
18:11:13.455,9.605,-33.800,28.600,-16.223,47.295,-17.577,-18.695,25.661,-1.775,0.365,1.813,
18:11:13.464,9.614,-33.800,28.600,-15.964,47.383,-17.836,-18.783,25.902,-1.816,0.421,1.864,
18:11:13.481,9.631,-33.800,28.600,-15.469,47.547,-18.331,-18.947,26.363,-1.814,0.550,1.895,
18:11:13.490,9.640,-33.800,28.600,-15.211,47.630,-18.589,-19.030,26.603,-1.810,0.700,1.941,
18:11:13.507,9.658,-33.800,28.600,-14.689,47.794,-19.111,-19.194,27.086,-1.761,0.903,1.979,
18:11:13.526,9.677,-33.800,28.600,-14.127,47.963,-19.673,-19.363,27.603,-1.696,1.154,2.051,
18:11:13.545,9.696,-33.800,31.200,-13.569,48.124,-20.231,-16.924,26.377,-0.862,1.400,1.644,
18:11:13.553,9.704,-33.800,31.200,-13.331,48.190,-20.469,-16.990,26.602,-0.473,1.556,1.627,
18:11:13.569,9.720,-33.800,31.200,-12.868,48.316,-20.932,-17.116,27.039,-0.223,1.697,1.711,
18:11:13.587,9.737,-33.800,31.200,-12.355,48.450,-21.445,-17.250,27.522,-0.143,1.818,1.824,
18:11:13.605,9.756,-31.200,33.800,-11.810,48.585,-19.390,-14.785,24.384,0.533,1.158,1.275,
18:11:13.614,9.764,-31.200,33.800,-11.551,48.647,-19.649,-14.847,24.628,0.782,0.832,1.142,
18:11:13.631,9.782,-31.200,33.800,-11.015,48.771,-20.185,-14.971,25.131,0.811,0.661,1.047,
18:11:13.640,9.791,-31.200,33.800,-10.764,48.828,-20.436,-15.028,25.367,0.698,0.627,0.938,
18:11:13.657,9.808,-31.200,33.800,-10.246,48.939,-20.954,-15.139,25.851,0.461,0.673,0.816,
18:11:13.677,9.827,-31.200,36.400,-9.658,49.058,-21.542,-12.658,24.985,0.823,0.847,1.181,
18:11:13.696,9.847,-31.200,36.400,-9.058,49.173,-22.142,-12.773,25.562,0.786,1.100,1.352,
18:11:13.715,9.866,-31.200,36.400,-8.486,49.275,-22.714,-12.875,26.109,0.517,1.368,1.462,
18:11:13.723,9.874,-31.200,36.400,-8.255,49.314,-22.945,-12.914,26.329,0.299,1.548,1.576,
18:11:13.739,9.889,-28.600,33.800,-7.785,49.390,-20.815,-15.590,26.006,-0.673,1.028,1.229,
18:11:13.756,9.907,-28.600,33.800,-7.257,49.471,-21.343,-15.671,26.478,-1.449,0.756,1.635,
18:11:13.774,9.924,-28.600,33.800,-6.712,49.547,-21.888,-15.747,26.964,-1.990,0.705,2.111,
18:11:13.782,9.933,-28.600,33.800,-6.461,49.581,-22.139,-15.781,27.187,-2.257,0.744,2.376,
18:11:13.802,9.953,-26.000,36.400,-5.861,49.655,-20.139,-13.255,24.110,-1.676,0.149,1.683,
18:11:13.812,9.962,-26.000,36.400,-5.568,49.689,-20.432,-13.289,24.374,-1.294,-0.080,1.297,
18:11:13.835,9.986,-26.000,36.400,-4.845,49.765,-21.155,-13.365,25.023,-0.973,-0.018,0.973,
18:11:13.846,9.996,-26.000,36.400,-4.532,49.794,-21.468,-13.394,25.304,-0.795,0.159,0.811,
18:11:13.867,10.017,-26.000,39.000,-3.892,49.848,-22.108,-10.848,24.626,0.108,0.493,0.505,
18:11:13.888,10.039,-26.000,39.000,-3.234,49.895,-22.766,-10.895,25.239,0.576,0.943,1.105,
18:11:13.909,10.059,-26.000,39.000,-2.595,49.933,-23.405,-10.933,25.833,0.677,1.385,1.542,
18:11:13.920,10.071,-23.400,39.000,-2.246,49.950,-21.154,-10.950,23.820,0.597,0.970,1.139,
18:11:13.941,10.091,-23.400,39.000,-1.613,49.974,-21.787,-10.974,24.395,0.391,0.826,0.914,
18:11:13.951,10.102,-23.400,39.000,-1.300,49.983,-22.100,-10.983,24.678,0.170,0.821,0.838,
18:11:13.969,10.120,-23.400,39.000,-0.753,49.994,-22.647,-10.994,25.175,-0.098,0.931,0.936,
18:11:13.979,10.130,-23.400,41.600,-0.437,49.998,-22.963,-8.398,24.451,0.351,1.069,1.125,
18:11:13.997,10.148,-23.400,41.600,0.108,50.000,-23.508,-8.400,24.964,0.552,1.267,1.382,
18:11:14.017,10.168,-23.400,41.600,0.729,49.995,-24.129,-8.395,25.547,0.521,1.517,1.604,
18:11:14.034,10.185,-20.800,39.000,1.245,49.985,-22.045,-10.985,24.630,-0.383,0.989,1.060,
18:11:14.042,10.193,-20.800,39.000,1.481,49.978,-22.281,-10.978,24.839,-0.893,0.763,1.174,
18:11:14.060,10.211,-20.800,39.000,2.040,49.958,-22.840,-10.958,25.333,-1.294,0.703,1.473,
18:11:14.069,10.219,-20.800,39.000,2.296,49.947,-23.096,-10.947,25.559,-1.519,0.742,1.691,
18:11:14.086,10.236,-20.800,39.000,2.814,49.921,-23.614,-10.921,26.017,-1.668,0.867,1.880,
18:11:14.104,10.254,-18.200,41.600,3.363,49.887,-21.563,-8.287,23.101,-0.951,0.352,1.014,
18:11:14.112,10.263,-18.200,41.600,3.617,49.869,-21.817,-8.269,23.332,-0.530,0.159,0.554,
18:11:14.128,10.279,-18.200,41.600,4.112,49.831,-22.312,-8.231,23.781,-0.219,0.160,0.271,
18:11:14.145,10.296,-18.200,41.600,4.629,49.785,-22.829,-8.185,24.252,-0.023,0.344,0.345,
18:11:14.153,10.304,-18.200,41.600,4.881,49.761,-23.081,-8.161,24.481,0.047,0.548,0.550,
18:11:14.170,10.320,-18.200,41.600,5.377,49.710,-23.577,-8.110,24.932,0.075,0.828,0.831,
18:11:14.186,10.337,-18.200,41.600,5.885,49.652,-24.085,-8.052,25.396,0.025,1.168,1.168,
18:11:14.205,10.356,-18.200,41.600,6.463,49.581,-24.663,-7.981,25.922,-0.082,1.531,1.533,
18:11:14.213,10.364,-18.200,41.600,6.703,49.549,-24.903,-7.949,26.140,-0.184,1.767,1.776,
18:11:14.230,10.381,-15.600,44.200,7.227,49.475,-22.827,-5.275,23.428,0.418,1.293,1.359,
18:11:14.239,10.389,-15.600,44.200,7.482,49.437,-23.082,-5.237,23.668,0.721,1.053,1.277,
18:11:14.254,10.405,-15.600,44.200,7.962,49.362,-23.562,-5.162,24.121,0.865,0.961,1.293,
18:11:14.263,10.414,-15.600,44.200,8.214,49.321,-23.814,-5.121,24.358,0.886,0.960,1.307,
18:11:14.279,10.430,-15.600,44.200,8.716,49.234,-24.316,-5.034,24.832,0.810,1.042,1.320,
18:11:14.297,10.448,-15.600,44.200,9.247,49.137,-24.847,-4.937,25.333,0.625,1.216,1.367,
18:11:14.316,10.467,-15.600,44.200,9.827,49.025,-25.427,-4.825,25.881,0.366,1.453,1.499,
18:11:14.335,10.486,-15.600,44.200,10.391,48.908,-25.991,-4.708,26.414,0.098,1.701,1.704,
18:11:14.343,10.494,-15.600,44.200,10.635,48.856,-26.235,-4.656,26.645,-0.071,1.875,1.876,
18:11:14.361,10.511,-13.000,44.200,11.168,48.737,-24.168,-4.537,24.590,-0.245,1.324,1.347,
18:11:14.370,10.521,-13.000,44.200,11.438,48.674,-24.438,-4.474,24.844,-0.354,1.056,1.114,
18:11:14.387,10.537,-13.000,44.200,11.938,48.554,-24.938,-4.354,25.316,-0.455,0.940,1.045,
18:11:14.406,10.556,-13.000,44.200,12.505,48.411,-25.505,-4.211,25.850,-0.521,0.988,1.117,
18:11:14.424,10.575,-13.000,44.200,13.054,48.266,-26.054,-4.066,26.369,-0.542,1.161,1.281,
18:11:14.432,10.583,-13.000,44.200,13.291,48.201,-26.291,-4.001,26.593,-0.541,1.328,1.435,
18:11:14.449,10.600,-13.000,44.200,13.784,48.062,-26.784,-3.862,27.061,-0.516,1.518,1.603,
18:11:14.467,10.617,-13.000,44.200,14.312,47.908,-27.312,-3.708,27.562,-0.468,1.746,1.808,
18:11:14.484,10.635,-10.400,46.800,14.813,47.755,-25.213,-0.955,25.231,0.336,1.223,1.269,
18:11:14.491,10.642,-10.400,46.800,15.024,47.689,-25.424,-0.889,25.440,0.747,1.001,1.248,
18:11:14.511,10.661,-10.400,46.800,15.593,47.506,-25.993,-0.706,26.003,1.021,0.931,1.381,
18:11:14.519,10.670,-10.400,46.800,15.841,47.424,-26.241,-0.624,26.249,1.115,0.978,1.483,
18:11:14.536,10.687,-10.400,46.800,16.342,47.254,-26.742,-0.454,26.746,1.123,1.102,1.573,
18:11:14.555,10.705,-7.800,44.200,16.867,47.069,-24.667,-2.869,24.833,0.256,0.583,0.637,
18:11:14.563,10.714,-7.800,44.200,17.118,46.979,-24.918,-2.779,25.072,-0.269,0.399,0.481,
18:11:14.581,10.731,-7.800,44.200,17.621,46.792,-25.421,-2.592,25.553,-0.658,0.411,0.776,
18:11:14.589,10.740,-7.800,44.200,17.866,46.699,-25.666,-2.499,25.787,-0.873,0.528,1.020,
18:11:14.608,10.759,-5.200,44.200,18.414,46.486,-23.614,-2.286,23.724,-1.006,0.047,1.008,
18:11:14.626,10.777,-5.200,44.200,18.922,46.281,-24.122,-2.081,24.211,-1.002,-0.029,1.003,
18:11:14.644,10.795,-5.200,44.200,19.426,46.072,-24.626,-1.872,24.697,-0.900,0.168,0.916,
18:11:14.652,10.803,-5.200,44.200,19.652,45.976,-24.852,-1.776,24.915,-0.803,0.384,0.890,
18:11:14.670,10.820,-2.600,46.800,20.147,45.761,-22.747,1.039,22.771,0.060,0.002,0.060,
18:11:14.678,10.829,-2.600,46.800,20.384,45.656,-22.984,1.144,23.012,0.571,-0.103,0.580,
18:11:14.696,10.847,-2.600,46.800,20.880,45.431,-23.480,1.369,23.520,0.964,0.031,0.965,
18:11:14.713,10.864,-2.600,46.800,21.368,45.204,-23.968,1.596,24.021,1.177,0.355,1.229,
18:11:14.722,10.872,-2.600,46.800,21.592,45.098,-24.192,1.702,24.251,1.233,0.635,1.387,
18:11:14.738,10.889,-5.200,46.800,22.056,44.872,-27.256,1.928,27.324,1.218,1.700,2.091,
18:11:14.756,10.907,-5.200,46.800,22.538,44.632,-27.738,2.168,27.823,1.098,2.537,2.765,
18:11:14.775,10.926,-5.200,46.800,23.057,44.367,-28.257,2.433,28.361,0.909,3.114,3.244,
18:11:14.783,10.933,-5.200,46.800,23.268,44.256,-28.468,2.544,28.581,0.769,3.395,3.481,
18:11:14.801,10.951,-0.000,46.800,23.752,43.998,-23.752,2.802,23.917,0.602,2.128,2.212,
18:11:14.809,10.960,-0.000,46.800,23.975,43.877,-23.975,2.923,24.153,0.487,1.381,1.465,
18:11:14.828,10.978,-0.000,46.800,24.484,43.595,-24.484,3.205,24.693,0.351,0.854,0.924,
18:11:14.845,10.995,-0.000,46.800,24.934,43.340,-24.934,3.460,25.173,0.249,0.596,0.646,
18:11:14.852,11.003,-0.000,46.800,25.140,43.220,-25.140,3.580,25.394,0.202,0.546,0.582,
18:11:14.869,11.019,0.000,44.200,25.565,42.970,-25.565,1.230,25.595,-0.532,0.590,0.795,
18:11:14.887,11.038,0.000,44.200,26.043,42.682,-26.043,1.518,26.087,-0.987,0.783,1.259,
18:11:14.905,11.056,0.000,44.200,26.527,42.383,-26.527,1.817,26.589,-1.160,1.086,1.589,
18:11:14.924,11.074,2.600,44.200,27.002,42.082,-24.402,2.118,24.494,-1.124,0.664,1.306,
18:11:14.932,11.082,2.600,44.200,27.208,41.949,-24.608,2.251,24.711,-1.032,0.536,1.163,
18:11:14.948,11.099,2.600,44.200,27.626,41.675,-25.026,2.525,25.153,-0.852,0.569,1.025,
18:11:14.966,11.117,2.600,44.200,28.096,41.360,-25.496,2.840,25.653,-0.579,0.769,0.962,
18:11:14.985,11.136,2.600,44.200,28.584,41.024,-25.984,3.176,26.178,-0.263,1.085,1.116,
18:11:15.005,11.156,2.600,44.200,29.081,40.673,-26.481,3.527,26.714,0.044,1.444,1.445,
18:11:15.013,11.164,2.600,44.200,29.274,40.534,-26.674,3.666,26.925,0.205,1.686,1.699,
18:11:15.028,11.179,2.600,44.200,29.652,40.259,-27.052,3.941,27.338,0.377,1.910,1.947,
18:11:15.045,11.196,5.200,46.800,30.072,39.946,-24.872,6.854,25.800,1.248,1.397,1.874,
18:11:15.054,11.205,5.200,46.800,30.295,39.777,-25.095,7.023,26.059,1.717,1.154,2.069,
18:11:15.072,11.222,5.200,46.800,30.716,39.453,-25.516,7.347,26.552,2.011,1.061,2.273,
18:11:15.080,11.231,5.200,46.800,30.917,39.296,-25.717,7.504,26.789,2.106,1.072,2.363,
18:11:15.097,11.247,5.200,46.800,31.317,38.977,-26.117,7.823,27.263,2.096,1.153,2.392,
18:11:15.115,11.266,7.800,44.200,31.760,38.617,-23.960,5.583,24.602,1.180,0.588,1.319,
18:11:15.124,11.274,7.800,44.200,31.955,38.456,-24.155,5.744,24.829,0.624,0.374,0.727,
18:11:15.140,11.291,7.800,44.200,32.349,38.125,-24.549,6.075,25.290,0.186,0.344,0.391,
18:11:15.149,11.300,7.800,44.200,32.549,37.955,-24.749,6.245,25.525,-0.063,0.433,0.438,
18:11:15.167,11.318,7.800,44.200,32.966,37.593,-25.166,6.607,26.019,-0.249,0.637,0.684,
18:11:15.185,11.336,7.800,44.200,33.379,37.227,-25.579,6.973,26.512,-0.291,0.964,1.007,
18:11:15.193,11.344,7.800,44.200,33.568,37.057,-25.768,7.143,26.739,-0.251,1.232,1.257,
18:11:15.209,11.360,7.800,44.200,33.932,36.723,-26.132,7.477,27.181,-0.162,1.512,1.521,
18:11:15.226,11.376,7.800,44.200,34.301,36.379,-26.501,7.821,27.631,-0.010,1.795,1.795,
18:11:15.245,11.395,13.000,46.800,34.720,35.979,-21.720,10.821,24.266,0.945,0.554,1.095,
18:11:15.253,11.404,13.000,46.800,34.900,35.805,-21.900,10.995,24.506,1.469,-0.039,1.470,
18:11:15.269,11.420,13.000,46.800,35.264,35.447,-22.264,11.353,24.992,1.835,-0.317,1.862,
18:11:15.286,11.436,13.000,46.800,35.616,35.092,-22.616,11.708,25.467,2.028,-0.307,2.051,
18:11:15.304,11.455,13.000,44.200,36.009,34.690,-23.009,9.510,24.897,1.314,-0.055,1.315,
18:11:15.312,11.463,13.000,44.200,36.188,34.503,-23.188,9.697,25.134,0.892,0.215,0.917,
18:11:15.330,11.481,13.000,44.200,36.558,34.110,-23.558,10.090,25.628,0.573,0.580,0.815,
18:11:15.339,11.490,13.000,44.200,36.746,33.908,-23.746,10.292,25.880,0.395,0.898,0.981,
18:11:15.356,11.507,13.000,44.200,37.101,33.519,-24.101,10.681,26.362,0.272,1.265,1.294,
18:11:15.374,11.525,18.200,41.600,37.468,33.108,-19.268,8.492,21.057,-0.490,0.148,0.512,
18:11:15.382,11.533,18.200,41.600,37.630,32.923,-19.430,8.677,21.280,-0.837,-0.390,0.923,
18:11:15.400,11.550,18.200,41.600,37.979,32.521,-19.779,9.079,21.763,-0.972,-0.597,1.141,
18:11:15.408,11.559,18.200,41.600,38.149,32.321,-19.949,9.279,22.001,-0.950,-0.600,1.123,
18:11:15.425,11.576,18.200,41.600,38.480,31.926,-20.280,9.674,22.470,-0.792,-0.420,0.896,
18:11:15.434,11.585,15.600,44.200,38.655,31.714,-23.055,12.486,26.219,0.054,0.473,0.476,
18:11:15.451,11.602,15.600,44.200,38.993,31.298,-23.393,12.902,26.715,0.813,1.301,1.534,
18:11:15.460,11.611,15.600,44.200,39.152,31.099,-23.552,13.101,26.950,1.294,1.852,2.260,
18:11:15.477,11.628,15.600,44.200,39.484,30.675,-23.884,13.525,27.448,1.705,2.335,2.891,
18:11:15.494,11.645,15.600,41.600,39.803,30.260,-24.203,11.340,26.728,1.228,2.665,2.934,
18:11:15.503,11.654,15.600,41.600,39.965,30.046,-24.365,11.554,26.966,0.938,2.826,2.977,
18:11:15.519,11.670,15.600,41.600,40.264,29.645,-24.664,11.955,27.409,0.754,2.894,2.990,
18:11:15.537,11.687,15.600,41.600,40.573,29.220,-24.973,12.380,27.873,0.648,2.857,2.930,
18:11:15.555,11.705,20.800,39.000,40.897,28.765,-20.097,10.235,22.553,-0.129,1.237,1.243,
18:11:15.563,11.714,20.800,39.000,41.043,28.556,-20.243,10.444,22.779,-0.494,0.387,0.628,
18:11:15.580,11.731,20.800,39.000,41.339,28.127,-20.539,10.873,23.239,-0.648,-0.180,0.673,
18:11:15.589,11.740,20.800,39.000,41.495,27.895,-20.695,11.105,23.486,-0.648,-0.407,0.765,
18:11:15.608,11.758,20.800,41.600,41.812,27.419,-21.012,14.181,25.350,0.218,-0.468,0.517,
18:11:15.625,11.775,20.800,41.600,42.095,26.981,-21.295,14.619,25.830,0.928,-0.263,0.964,
18:11:15.633,11.784,20.800,41.600,42.238,26.757,-21.438,14.843,26.075,1.363,-0.004,1.363,
18:11:15.650,11.801,20.800,41.600,42.514,26.316,-21.714,15.284,26.554,1.717,0.327,1.748,
18:11:15.659,11.810,20.800,41.600,42.651,26.095,-21.851,15.505,26.793,1.911,0.632,2.012,
18:11:15.677,11.827,23.400,39.000,42.930,25.632,-19.530,13.368,23.668,1.344,0.281,1.373,
18:11:15.695,11.846,23.400,39.000,43.220,25.139,-19.820,13.861,24.186,0.939,0.222,0.965,
18:11:15.714,11.864,23.400,39.000,43.504,24.646,-20.104,14.354,24.702,0.703,0.370,0.794,
18:11:15.722,11.873,23.400,39.000,43.630,24.422,-20.230,14.578,24.935,0.602,0.525,0.799,
18:11:15.738,11.889,26.000,41.600,43.864,23.999,-17.864,17.601,25.079,1.260,0.044,1.261,
18:11:15.755,11.905,26.000,41.600,44.111,23.542,-18.111,18.058,25.576,1.740,-0.124,1.744,
18:11:15.762,11.913,26.000,41.600,44.216,23.343,-18.216,18.257,25.790,2.018,-0.134,2.023,
18:11:15.779,11.929,26.000,41.600,44.452,22.892,-18.452,18.708,26.277,2.195,0.001,2.195,
18:11:15.796,11.947,26.000,39.000,44.694,22.415,-18.694,16.585,24.990,1.550,0.265,1.572,
18:11:15.814,11.965,26.000,39.000,44.939,21.919,-18.939,17.081,25.504,1.114,0.606,1.268,
18:11:15.822,11.973,26.000,39.000,45.049,21.694,-19.049,17.306,25.737,0.899,0.857,1.242,
18:11:15.840,11.990,26.000,39.000,45.277,21.213,-19.277,17.787,26.230,0.762,1.129,1.362,
18:11:15.855,12.006,28.600,36.400,45.474,20.788,-16.874,15.612,22.988,0.024,0.659,0.659,
18:11:15.863,12.013,28.600,36.400,45.572,20.571,-16.972,15.829,23.208,-0.329,0.432,0.543,
18:11:15.878,12.029,28.600,36.400,45.769,20.130,-17.169,16.270,23.654,-0.492,0.354,0.606,
18:11:15.895,12.046,28.600,36.400,45.972,19.661,-17.372,16.739,24.125,-0.428,0.409,0.592,
18:11:15.904,12.054,28.600,36.400,46.074,19.420,-17.474,16.980,24.365,-0.280,0.500,0.573,
18:11:15.920,12.071,28.600,33.800,46.266,18.959,-17.666,14.841,23.073,-0.733,0.642,0.975,
18:11:15.929,12.080,28.600,33.800,46.369,18.707,-17.769,15.093,23.313,-0.881,0.789,1.182,
18:11:15.945,12.096,28.600,33.800,46.557,18.232,-17.957,15.568,23.766,-0.792,0.963,1.247,
18:11:15.955,12.105,28.600,33.800,46.658,17.974,-18.058,15.826,24.011,-0.610,1.113,1.269,
18:11:15.970,12.121,28.600,33.800,46.831,17.518,-18.231,16.282,24.443,-0.293,1.263,1.296,
18:11:15.979,12.130,31.200,31.200,46.919,17.279,-15.719,13.921,20.997,-0.632,0.748,0.979,
18:11:15.996,12.147,31.200,31.200,47.101,16.778,-15.901,14.422,21.467,-0.683,0.401,0.792,
18:11:16.014,12.165,31.200,31.200,47.285,16.252,-16.085,14.948,21.959,-0.470,0.257,0.536,
18:11:16.022,12.173,31.200,31.200,47.363,16.022,-16.163,15.178,22.173,-0.267,0.240,0.359,
18:11:16.038,12.189,33.800,33.800,47.520,15.550,-13.720,18.250,22.832,0.751,-0.396,0.849,
18:11:16.055,12.206,33.800,33.800,47.677,15.064,-13.877,18.736,23.315,1.574,-0.680,1.715,
18:11:16.064,12.214,33.800,33.800,47.754,14.817,-13.954,18.983,23.560,2.060,-0.738,2.188,
18:11:16.079,12.230,33.800,33.800,47.892,14.366,-14.092,19.434,24.006,2.445,-0.647,2.529,
18:11:16.094,12.245,33.800,31.200,48.024,13.919,-14.224,17.281,22.382,1.982,-0.422,2.027,
18:11:16.103,12.254,33.800,31.200,48.099,13.655,-14.299,17.545,22.634,1.680,-0.188,1.691,
18:11:16.120,12.271,33.800,31.200,48.237,13.160,-14.437,18.040,23.105,1.479,0.117,1.483,
18:11:16.137,12.288,33.800,31.200,48.374,12.646,-14.574,18.554,23.593,1.344,0.472,1.425,
18:11:16.156,12.306,33.800,31.200,48.516,12.091,-14.716,19.109,24.118,1.278,0.821,1.519,
18:11:16.175,12.325,33.800,31.200,48.654,11.525,-14.854,19.675,24.652,1.274,1.118,1.695,
18:11:16.182,12.333,33.800,31.200,48.703,11.313,-14.903,19.887,24.852,1.304,1.279,1.827,
18:11:16.198,12.349,33.800,31.200,48.814,10.827,-15.014,20.373,25.307,1.342,1.415,1.950,
18:11:16.217,12.368,33.800,31.200,48.935,10.264,-15.135,20.936,25.834,1.417,1.505,2.067,
18:11:16.238,12.388,33.800,31.200,49.063,9.633,-15.263,21.567,26.422,1.521,1.536,2.162,
18:11:16.256,12.407,33.800,31.200,49.169,9.078,-15.369,22.122,26.937,1.630,1.519,2.228,
18:11:16.276,12.426,33.800,28.600,49.275,8.482,-15.475,20.118,25.382,0.954,1.468,1.751,
18:11:16.295,12.445,33.800,28.600,49.369,7.915,-15.569,20.685,25.889,0.650,1.402,1.545,
18:11:16.304,12.454,33.800,28.600,49.413,7.642,-15.613,20.958,26.134,0.564,1.372,1.483,
18:11:16.320,12.470,33.800,28.600,49.485,7.156,-15.685,21.444,26.568,0.585,1.311,1.436,
18:11:16.337,12.487,36.400,28.600,49.558,6.635,-13.158,21.965,25.604,0.729,0.520,0.896,
18:11:16.355,12.506,36.400,28.600,49.629,6.076,-13.229,22.524,26.122,0.966,0.045,0.968,
18:11:16.363,12.514,36.400,28.600,49.660,5.824,-13.260,22.776,26.354,1.165,-0.140,1.174,
18:11:16.380,12.531,36.400,28.600,49.716,5.318,-13.316,23.282,26.821,1.382,-0.221,1.399,
18:11:16.389,12.539,36.400,28.600,49.744,5.053,-13.344,23.547,27.065,1.559,-0.179,1.569,
18:11:16.406,12.557,36.400,26.000,49.795,4.524,-13.395,21.476,25.311,1.040,-0.069,1.042,
18:11:16.425,12.575,36.400,26.000,49.844,3.950,-13.444,22.050,25.825,0.785,0.150,0.799,
18:11:16.433,12.584,36.400,26.000,49.863,3.705,-13.463,22.295,26.045,0.712,0.344,0.791,
18:11:16.451,12.602,36.400,26.000,49.901,3.151,-13.501,22.849,26.539,0.758,0.556,0.940,
18:11:16.459,12.610,36.400,26.000,49.916,2.902,-13.516,23.098,26.762,0.864,0.724,1.127,
18:11:16.476,12.627,39.000,26.000,49.943,2.381,-10.943,23.619,26.031,1.035,0.189,1.052,
18:11:16.494,12.645,39.000,26.000,49.967,1.828,-10.967,24.172,26.543,1.280,-0.097,1.283,
18:11:16.503,12.654,39.000,26.000,49.975,1.568,-10.975,24.432,26.784,1.478,-0.199,1.491,
18:11:16.518,12.669,39.000,26.000,49.988,1.104,-10.988,24.896,27.213,1.673,-0.200,1.685,
18:11:16.535,12.686,39.000,23.400,49.997,0.569,-10.997,22.831,25.341,1.146,-0.088,1.150,
18:11:16.544,12.695,39.000,23.400,49.999,0.305,-10.999,23.095,25.580,0.898,0.043,0.899,
18:11:16.560,12.711,39.000,23.400,50.000,-0.183,-11.000,23.583,26.022,0.802,0.208,0.828,
18:11:16.577,12.728,39.000,23.400,49.995,-0.712,-10.995,24.112,26.501,0.856,0.407,0.948,
18:11:16.594,12.745,39.000,23.400,49.985,-1.230,-10.985,24.630,26.969,1.021,0.601,1.185,
18:11:16.603,12.754,39.000,23.400,49.977,-1.515,-10.977,24.915,27.226,1.192,0.735,1.401,
18:11:16.620,12.771,39.000,23.400,49.959,-2.029,-10.959,25.429,27.690,1.398,0.854,1.639,
18:11:16.629,12.780,39.000,23.400,49.947,-2.294,-10.947,25.694,27.929,1.580,0.933,1.835,
18:11:16.647,12.797,39.000,23.400,49.919,-2.839,-10.919,26.239,28.421,1.783,0.992,2.041,
18:11:16.665,12.816,41.600,20.800,49.884,-3.403,-8.284,24.203,25.581,1.246,0.276,1.276,
18:11:16.674,12.824,41.600,20.800,49.866,-3.662,-8.266,24.462,25.821,1.005,-0.096,1.010,
18:11:16.690,12.841,41.600,20.800,49.827,-4.162,-8.227,24.962,26.282,0.916,-0.322,0.970,
18:11:16.707,12.858,41.600,20.800,49.779,-4.695,-8.179,25.495,26.775,0.976,-0.394,1.052,
18:11:16.727,12.877,41.600,18.200,49.720,-5.287,-8.120,23.487,24.851,0.398,-0.329,0.516,
18:11:16.746,12.897,41.600,18.200,49.651,-5.895,-8.051,24.095,25.405,0.249,-0.165,0.298,
18:11:16.764,12.915,41.600,18.200,49.582,-6.449,-7.982,24.649,25.910,0.376,0.034,0.377,
18:11:16.772,12.923,41.600,18.200,49.551,-6.685,-7.951,24.885,26.124,0.540,0.178,0.568,
18:11:16.788,12.939,41.600,15.600,49.484,-7.164,-7.884,22.764,24.090,0.089,0.320,0.332,
18:11:16.805,12.956,41.600,15.600,49.406,-7.687,-7.806,23.287,24.560,-0.014,0.462,0.463,
18:11:16.814,12.964,41.600,15.600,49.366,-7.938,-7.766,23.538,24.786,0.048,0.560,0.562,
18:11:16.829,12.980,41.600,15.600,49.287,-8.412,-7.687,24.012,25.212,0.259,0.642,0.692,
18:11:16.846,12.997,44.200,13.000,49.200,-8.907,-5.000,21.907,22.470,-0.121,-0.024,0.123,
18:11:16.865,13.016,44.200,13.000,49.091,-9.492,-4.891,22.492,23.018,-0.111,-0.427,0.441,
18:11:16.873,13.024,44.200,13.000,49.043,-9.733,-4.843,22.733,23.244,0.011,-0.599,0.599,
18:11:16.889,13.039,44.200,13.000,48.950,-10.191,-4.750,23.191,23.673,0.268,-0.666,0.718,
18:11:16.904,13.055,44.200,13.000,48.849,-10.667,-4.649,23.667,24.119,0.630,-0.621,0.885,
18:11:16.913,13.064,44.200,13.000,48.791,-10.927,-4.591,23.927,24.364,0.930,-0.539,1.075,
18:11:16.932,13.083,44.200,13.000,48.658,-11.508,-4.458,24.508,24.910,1.327,-0.395,1.385,
18:11:16.941,13.092,44.200,13.000,48.598,-11.757,-4.398,24.757,25.145,1.604,-0.257,1.625,
18:11:16.957,13.108,44.200,13.000,48.477,-12.246,-4.277,25.246,25.605,1.894,-0.099,1.897,
18:11:16.976,13.127,41.600,10.400,48.331,-12.809,-6.731,23.209,24.166,1.412,0.824,1.635,
18:11:16.995,13.146,41.600,10.400,48.178,-13.376,-6.578,23.776,24.669,1.189,1.400,1.837,
18:11:17.004,13.155,41.600,10.400,48.106,-13.632,-6.506,24.032,24.897,1.121,1.664,2.006,
18:11:17.021,13.171,41.600,10.400,47.963,-14.127,-6.363,24.527,25.339,1.147,1.773,2.111,
18:11:17.029,13.180,41.600,10.400,47.891,-14.369,-6.291,24.769,25.556,1.223,1.770,2.151,
18:11:17.045,13.196,44.200,7.800,47.746,-14.842,-3.546,22.642,22.918,0.653,0.976,1.174,
18:11:17.054,13.204,44.200,7.800,47.669,-15.090,-3.469,22.890,23.151,0.385,0.447,0.589,
18:11:17.071,13.221,44.200,7.800,47.508,-15.588,-3.308,23.388,23.621,0.305,-0.014,0.306,
18:11:17.080,13.231,44.200,7.800,47.420,-15.854,-3.220,23.654,23.872,0.365,-0.285,0.463,
18:11:17.096,13.247,44.200,7.800,47.261,-16.322,-3.061,24.122,24.316,0.536,-0.501,0.733,
18:11:17.113,13.264,46.800,7.800,47.084,-16.826,-0.284,24.626,24.628,0.831,-1.333,1.571,
18:11:17.122,13.272,46.800,7.800,46.998,-17.065,-0.198,24.865,24.865,1.086,-1.721,2.035,
18:11:17.139,13.289,46.800,7.800,46.816,-17.558,-0.016,25.358,25.358,1.380,-1.903,2.350,
18:11:17.156,13.307,46.800,7.800,46.628,-18.051,0.172,25.851,25.851,1.687,-1.843,2.499,
18:11:17.176,13.327,46.800,7.800,46.401,-18.627,0.399,26.427,26.430,1.984,-1.579,2.536,
18:11:17.195,13.346,46.800,7.800,46.177,-19.175,0.623,26.975,26.982,2.221,-1.209,2.529,
18:11:17.203,13.354,46.800,7.800,46.080,-19.406,0.720,27.206,27.216,2.359,-0.952,2.544,
18:11:17.219,13.370,46.800,7.800,45.887,-19.860,0.913,27.660,27.675,2.456,-0.665,2.544,
18:11:17.236,13.387,46.800,2.600,45.680,-20.331,1.120,22.931,22.959,1.067,-0.386,1.135,
18:11:17.256,13.406,46.800,2.600,45.431,-20.881,1.369,23.481,23.521,0.227,-0.133,0.264,
18:11:17.263,13.414,46.800,2.600,45.333,-21.094,1.467,23.694,23.739,-0.111,-0.013,0.112,
18:11:17.279,13.430,46.800,2.600,45.127,-21.531,1.673,24.131,24.188,-0.237,0.097,0.256,
18:11:17.296,13.446,46.800,2.600,44.911,-21.978,1.889,24.578,24.651,-0.111,0.157,0.192,
18:11:17.315,13.466,46.800,2.600,44.646,-22.511,2.154,25.111,25.203,0.219,0.171,0.278,
18:11:17.323,13.473,46.800,2.600,44.537,-22.726,2.263,25.326,25.427,0.533,0.148,0.553,
18:11:17.340,13.491,46.800,2.600,44.291,-23.201,2.509,25.801,25.923,0.909,0.106,0.915,
18:11:17.349,13.499,46.800,2.600,44.171,-23.428,2.629,26.028,26.161,1.223,0.057,1.224,
18:11:17.365,13.516,46.800,2.600,43.936,-23.867,2.864,26.467,26.622,1.565,-0.010,1.565,
18:11:17.373,13.524,46.800,2.600,43.820,-24.080,2.980,26.680,26.846,1.818,-0.065,1.819,
18:11:17.388,13.539,46.800,2.600,43.592,-24.490,3.208,27.090,27.279,2.070,-0.134,2.074,
18:11:17.404,13.555,46.800,2.600,43.344,-24.925,3.456,27.525,27.742,2.297,-0.209,2.307,
18:11:17.413,13.564,46.800,2.600,43.212,-25.154,3.588,27.754,27.984,2.446,-0.260,2.460,
18:11:17.430,13.581,44.200,-0.000,42.942,-25.612,1.258,25.612,25.643,1.857,0.386,1.897,
18:11:17.439,13.590,44.200,-0.000,42.801,-25.848,1.399,25.848,25.886,1.527,0.750,1.701,
18:11:17.457,13.608,44.200,-0.000,42.512,-26.320,1.688,26.320,26.374,1.326,0.932,1.621,
18:11:17.476,13.627,44.200,-0.000,42.208,-26.805,1.992,26.805,26.879,1.275,0.936,1.582,
18:11:17.494,13.644,46.800,-2.600,41.912,-27.264,4.888,24.664,25.144,0.592,0.051,0.595,
18:11:17.502,13.653,46.800,-2.600,41.773,-27.477,5.027,24.877,25.380,0.325,-0.454,0.558,
18:11:17.519,13.670,46.800,-2.600,41.487,-27.907,5.313,25.307,25.859,0.249,-0.854,0.889,
18:11:17.535,13.686,46.800,-2.600,41.204,-28.324,5.596,25.724,26.326,0.383,-1.122,1.185,
18:11:17.554,13.705,44.200,-5.200,40.876,-28.794,3.324,23.594,23.827,-0.074,-0.509,0.514,
18:11:17.562,13.713,44.200,-5.200,40.735,-28.994,3.465,23.794,24.045,-0.186,-0.156,0.243,
18:11:17.579,13.730,44.200,-5.200,40.427,-29.421,3.773,24.221,24.513,-0.081,0.066,0.104,
18:11:17.597,13.748,44.200,-5.200,40.104,-29.861,4.096,24.661,24.999,0.237,0.186,0.302,
18:11:17.616,13.766,44.200,-5.200,39.757,-30.322,4.443,25.122,25.512,0.688,0.202,0.717,
18:11:17.624,13.774,44.200,-5.200,39.609,-30.515,4.591,25.315,25.728,1.020,0.178,1.035,
18:11:17.639,13.790,44.200,-5.200,39.316,-30.890,4.884,25.690,26.150,1.371,0.108,1.375,
18:11:17.655,13.806,44.200,-5.200,39.014,-31.272,5.186,26.072,26.582,1.717,-0.002,1.717,
18:11:17.663,13.814,44.200,-5.200,38.861,-31.462,5.339,26.262,26.799,1.955,-0.091,1.957,
18:11:17.680,13.831,44.200,-5.200,38.529,-31.867,5.671,26.667,27.263,2.196,-0.213,2.206,
18:11:17.689,13.839,44.200,-5.200,38.359,-32.071,5.841,26.871,27.498,2.355,-0.304,2.374,
18:11:17.705,13.856,44.200,-5.200,38.036,-32.454,6.164,27.254,27.943,2.489,-0.415,2.523,
18:11:17.725,13.876,44.200,-5.200,37.643,-32.909,6.557,27.709,28.474,2.573,-0.530,2.627,
18:11:17.734,13.885,44.200,-10.400,37.465,-33.111,6.735,22.711,23.689,1.291,-0.594,1.421,
18:11:17.750,13.901,44.200,-10.400,37.130,-33.487,7.070,23.087,24.146,0.414,-0.660,0.779,
18:11:17.759,13.910,44.200,-10.400,36.955,-33.679,7.245,23.279,24.381,-0.020,-0.696,0.697,
18:11:17.775,13.926,44.200,-10.400,36.612,-34.053,7.588,23.653,24.840,-0.233,-0.736,0.771,
18:11:17.793,13.944,44.200,-13.000,36.232,-34.456,7.968,21.456,22.888,-0.893,-0.764,1.175,
18:11:17.802,13.953,44.200,-13.000,36.048,-34.648,8.152,21.648,23.132,-1.089,-0.777,1.337,
18:11:17.820,13.970,44.200,-13.000,35.675,-35.033,8.525,22.033,23.624,-0.993,-0.789,1.268,
18:11:17.836,13.986,44.200,-13.000,35.329,-35.382,8.871,22.382,24.075,-0.634,-0.796,1.018,
18:11:17.855,14.006,44.200,-13.000,34.897,-35.808,9.303,22.808,24.632,-0.058,-0.803,0.806,
18:11:17.874,14.024,44.200,-13.000,34.492,-36.198,9.708,23.198,25.147,0.576,-0.812,0.996,
18:11:17.882,14.032,44.200,-13.000,34.316,-36.365,9.884,23.365,25.370,0.993,-0.823,1.290,
18:11:17.898,14.048,44.200,-13.000,33.958,-36.700,10.242,23.700,25.819,1.423,-0.833,1.649,
18:11:17.914,14.065,44.200,-15.600,33.581,-37.045,10.619,21.445,23.930,1.093,-0.848,1.384,
18:11:17.923,14.074,44.200,-15.600,33.378,-37.228,10.822,21.628,24.185,0.950,-0.867,1.287,
18:11:17.940,14.091,44.200,-15.600,32.998,-37.565,11.202,21.965,24.656,0.958,-0.886,1.305,
18:11:17.950,14.100,44.200,-15.600,32.780,-37.755,11.420,22.155,24.925,1.010,-0.908,1.358,
18:11:17.967,14.117,44.200,-15.600,32.391,-38.090,11.809,22.490,25.402,1.134,-0.931,1.467,
18:11:17.983,14.133,44.200,-18.200,32.011,-38.410,12.189,20.210,23.601,0.579,-0.960,1.121,
18:11:17.992,14.142,44.200,-18.200,31.811,-38.575,12.389,20.375,23.846,0.327,-0.989,1.041,
18:11:18.008,14.159,44.200,-18.200,31.413,-38.900,12.787,20.700,24.331,0.256,-1.013,1.045,
18:11:18.027,14.177,44.200,-18.200,30.971,-39.253,13.229,21.053,24.865,0.371,-1.045,1.109,
18:11:18.043,14.194,44.200,-18.200,30.569,-39.567,13.631,21.367,25.345,0.598,-1.080,1.234,
18:11:18.051,14.201,44.200,-18.200,30.390,-39.704,13.810,21.504,25.557,0.793,-1.111,1.365,
18:11:18.067,14.218,44.200,-18.200,29.989,-40.008,14.211,21.808,26.029,1.025,-1.134,1.528,
18:11:18.086,14.237,44.200,-18.200,29.524,-40.353,14.676,22.153,26.573,1.307,-1.164,1.750,
18:11:18.103,14.254,41.600,-20.800,29.098,-40.661,12.502,19.861,23.468,0.819,-0.451,0.935,
18:11:18.110,14.261,41.600,-20.800,28.917,-40.789,12.683,19.989,23.673,0.607,-0.107,0.616,
18:11:18.126,14.277,41.600,-20.800,28.509,-41.076,13.091,20.276,24.135,0.538,0.084,0.544,
18:11:18.145,14.296,41.600,-20.800,28.038,-41.399,13.562,20.599,24.662,0.622,0.095,0.630,
18:11:18.153,14.304,41.600,-20.800,27.831,-41.538,13.769,20.738,24.893,0.743,0.019,0.743,
18:11:18.169,14.320,41.600,-18.200,27.416,-41.813,14.184,23.613,27.546,1.608,-0.132,1.613,
18:11:18.178,14.329,41.600,-18.200,27.188,-41.962,14.412,23.762,27.791,2.173,-0.297,2.193,
18:11:18.195,14.346,41.600,-18.200,26.757,-42.238,14.843,24.038,28.251,2.596,-0.518,2.647,
18:11:18.214,14.365,41.600,-18.200,26.266,-42.545,15.334,24.345,28.772,2.859,-0.787,2.965,
18:11:18.222,14.373,41.600,-18.200,26.055,-42.675,15.545,24.475,28.994,2.973,-0.972,3.128,
18:11:18.239,14.389,39.000,-20.800,25.620,-42.937,13.380,22.137,25.866,2.273,-0.462,2.319,
18:11:18.255,14.405,39.000,-20.800,25.193,-43.189,13.807,22.389,26.305,1.749,-0.200,1.760,
18:11:18.263,14.414,39.000,-20.800,24.963,-43.322,14.037,22.522,26.538,1.461,-0.103,1.465,
18:11:18.282,14.433,39.000,-20.800,24.468,-43.604,14.532,22.804,27.041,1.220,-0.148,1.228,
18:11:18.290,14.441,39.000,-20.800,24.241,-43.731,14.759,22.931,27.270,1.144,-0.240,1.168,
18:11:18.307,14.457,39.000,-20.800,23.809,-43.968,15.191,23.168,27.704,1.092,-0.402,1.164,
18:11:18.325,14.476,39.000,-20.800,23.308,-44.235,15.692,23.435,28.204,1.133,-0.641,1.302,
18:11:18.333,14.484,39.000,-20.800,23.092,-44.348,15.908,23.548,28.418,1.235,-0.818,1.481,
18:11:18.350,14.500,39.000,-20.800,22.641,-44.580,16.359,23.780,28.863,1.330,-1.019,1.676,
18:11:18.368,14.518,39.000,-26.000,22.152,-44.825,16.848,18.825,25.264,-0.006,-1.224,1.224,
18:11:18.385,14.535,39.000,-26.000,21.685,-45.053,17.315,19.053,25.746,-0.698,-1.397,1.562,
18:11:18.393,14.544,39.000,-26.000,21.451,-45.165,17.549,19.165,25.985,-0.948,-1.503,1.777,
18:11:18.410,14.561,39.000,-26.000,20.974,-45.388,18.026,19.388,26.474,-0.956,-1.598,1.862,
18:11:18.419,14.570,39.000,-26.000,20.728,-45.501,18.272,19.501,26.724,-0.793,-1.657,1.837,
18:11:18.437,14.588,39.000,-26.000,20.230,-45.725,18.770,19.725,27.228,-0.465,-1.702,1.764,
18:11:18.454,14.604,39.000,-26.000,19.758,-45.931,19.242,19.931,27.704,0.007,-1.728,1.728,
18:11:18.463,14.614,39.000,-26.000,19.483,-46.048,19.517,20.048,27.979,0.404,-1.746,1.792,
18:11:18.482,14.632,39.000,-26.000,18.969,-46.262,20.031,20.262,28.492,0.855,-1.742,1.940,
18:11:18.490,14.641,33.800,-28.600,18.730,-46.359,15.070,17.759,23.292,0.528,-0.462,0.702,
18:11:18.506,14.657,33.800,-28.600,18.276,-46.540,15.524,17.940,23.724,0.407,0.425,0.589,
18:11:18.525,14.676,33.800,-28.600,17.725,-46.753,16.075,18.153,24.247,0.470,0.883,1.000,
18:11:18.533,14.684,33.800,-28.600,17.496,-46.839,16.304,18.239,24.464,0.557,1.005,1.149,
18:11:18.550,14.701,36.400,-28.600,17.005,-47.019,19.395,18.419,26.747,0.716,0.220,0.749,
18:11:18.559,14.709,36.400,-28.600,16.766,-47.105,19.634,18.505,26.980,0.863,-0.372,0.940,
18:11:18.578,14.728,36.400,-28.600,16.211,-47.299,20.189,18.699,27.518,1.059,-0.973,1.438,
18:11:18.595,14.746,36.400,-28.600,15.699,-47.472,20.701,18.872,28.012,1.261,-1.516,1.972,
18:11:18.604,14.755,31.200,-31.200,15.435,-47.558,15.765,16.358,22.719,0.741,-0.527,0.910,
18:11:18.623,14.774,31.200,-31.200,14.886,-47.733,16.314,16.533,23.226,0.424,0.067,0.430,
18:11:18.631,14.782,31.200,-31.200,14.646,-47.807,16.554,16.607,23.449,0.303,0.334,0.451,
18:11:18.648,14.799,31.200,-31.200,14.155,-47.954,17.045,16.754,23.900,0.288,0.373,0.471,
18:11:18.664,14.815,31.200,-33.800,13.687,-48.090,17.513,14.290,22.603,-0.333,0.215,0.397,
18:11:18.671,14.822,31.200,-33.800,13.482,-48.148,17.718,14.348,22.799,-0.607,0.048,0.609,
18:11:18.688,14.838,31.200,-33.800,12.985,-48.284,18.215,14.484,23.272,-0.690,-0.227,0.727,
18:11:18.705,14.855,31.200,-33.800,12.481,-48.417,18.719,14.617,23.750,-0.554,-0.587,0.807,
18:11:18.713,14.864,31.200,-33.800,12.225,-48.482,18.975,14.682,23.992,-0.370,-0.862,0.939,
18:11:18.730,14.881,28.600,-36.400,11.715,-48.608,16.885,12.208,20.837,-0.801,-0.469,0.929,
18:11:18.739,14.890,28.600,-36.400,11.445,-48.672,17.155,12.272,21.093,-0.942,-0.292,0.986,
18:11:18.755,14.905,28.600,-36.400,10.988,-48.778,17.612,12.378,21.526,-0.880,-0.285,0.925,
18:11:18.763,14.914,28.600,-36.400,10.730,-48.835,17.870,12.435,21.771,-0.738,-0.342,0.813,
18:11:18.781,14.932,28.600,-36.400,10.187,-48.951,18.413,12.551,22.284,-0.444,-0.519,0.683,
18:11:18.790,14.941,28.600,-36.400,9.935,-49.003,18.665,12.603,22.521,-0.177,-0.689,0.712,
18:11:18.805,14.956,28.600,-36.400,9.468,-49.095,19.132,12.695,22.961,0.146,-0.910,0.921,
18:11:18.813,14.964,28.600,-36.400,9.245,-49.138,19.355,12.738,23.170,0.388,-1.083,1.150,
18:11:18.831,14.981,28.600,-36.400,8.704,-49.237,19.896,12.837,23.678,0.687,-1.306,1.476,
18:11:18.839,14.990,28.600,-36.400,8.457,-49.280,20.143,12.880,23.909,0.889,-1.468,1.716,
18:11:18.855,15.006,28.600,-36.400,7.960,-49.362,20.640,12.962,24.373,1.096,-1.640,1.972,
18:11:18.864,15.015,28.600,-36.400,7.700,-49.404,20.900,13.004,24.615,1.220,-1.757,2.140,
18:11:18.881,15.032,28.600,-36.400,7.188,-49.481,21.412,13.081,25.091,1.329,-1.869,2.293,
18:11:18.889,15.040,28.600,-36.400,6.940,-49.516,21.660,13.116,25.322,1.381,-1.941,2.382,
18:11:18.906,15.057,28.600,-36.400,6.419,-49.586,22.181,13.186,25.805,1.404,-1.995,2.440,
18:11:18.925,15.076,26.000,-36.400,5.842,-49.657,20.158,13.257,24.127,1.382,-1.280,1.884,
18:11:18.943,15.093,26.000,-36.400,5.305,-49.718,20.695,13.318,24.610,1.330,-0.873,1.591,
18:11:18.951,15.102,26.000,-36.400,5.057,-49.744,20.943,13.344,24.833,1.299,-0.709,1.480,
18:11:18.969,15.119,26.000,-36.400,4.518,-49.795,21.482,13.395,25.316,1.227,-0.650,1.389,
18:11:18.987,15.138,26.000,-36.400,3.959,-49.843,22.041,13.443,25.817,1.152,-0.741,1.370,
18:11:19.005,15.156,26.000,-36.400,3.392,-49.885,22.608,13.485,26.324,1.084,-0.938,1.433,
18:11:19.013,15.164,26.000,-36.400,3.147,-49.901,22.853,13.501,26.543,1.066,-1.115,1.543,
18:11:19.030,15.181,26.000,-36.400,2.630,-49.931,23.370,13.531,27.005,1.015,-1.313,1.660,
18:11:19.039,15.190,26.000,-36.400,2.354,-49.945,23.646,13.545,27.250,1.007,-1.488,1.797,
18:11:19.056,15.206,23.400,-36.400,1.853,-49.966,21.547,13.566,25.462,0.976,-0.974,1.379,
18:11:19.072,15.223,23.400,-36.400,1.338,-49.982,22.062,13.582,25.907,0.961,-0.719,1.200,
18:11:19.080,15.231,23.400,-36.400,1.096,-49.988,22.304,13.588,26.117,0.979,-0.641,1.170,
18:11:19.096,15.247,23.400,-36.400,0.600,-49.996,22.800,13.596,26.546,0.969,-0.677,1.182,
18:11:19.115,15.266,23.400,-39.000,0.015,-50.000,23.385,11.000,25.843,0.217,-0.845,0.872,
18:11:19.124,15.274,23.400,-39.000,-0.230,-49.999,23.630,10.999,26.065,-0.141,-1.021,1.030,
18:11:19.138,15.289,23.400,-39.000,-0.683,-49.995,24.083,10.995,26.474,-0.354,-1.220,1.270,
18:11:19.157,15.308,23.400,-39.000,-1.274,-49.984,24.674,10.984,27.008,-0.398,-1.478,1.531,
18:11:19.176,15.327,23.400,-39.000,-1.854,-49.966,25.254,10.966,27.532,-0.276,-1.744,1.765,
18:11:19.195,15.346,23.400,-39.000,-2.445,-49.940,25.845,10.940,28.065,-0.058,-1.979,1.980,
18:11:19.213,15.364,23.400,-39.000,-2.995,-49.910,26.395,10.910,28.561,0.191,-2.161,2.170,
18:11:19.221,15.372,23.400,-39.000,-3.240,-49.895,26.640,10.895,28.781,0.370,-2.274,2.304,
18:11:19.237,15.388,20.800,-41.600,-3.730,-49.861,24.530,8.261,25.884,-0.147,-1.660,1.666,
18:11:19.254,15.405,20.800,-41.600,-4.246,-49.819,25.046,8.219,26.360,-0.411,-1.283,1.347,
18:11:19.263,15.414,20.800,-41.600,-4.511,-49.796,25.311,8.196,26.605,-0.500,-1.123,1.229,
18:11:19.284,15.435,20.800,-41.600,-5.152,-49.734,25.952,8.134,27.197,-0.442,-1.076,1.163,
18:11:19.293,15.444,20.800,-44.200,-5.429,-49.704,26.229,5.504,26.800,-0.999,-1.145,1.520,
18:11:19.309,15.460,20.800,-44.200,-5.918,-49.649,26.718,5.449,27.268,-1.275,-1.261,1.793,
18:11:19.327,15.478,20.800,-44.200,-6.467,-49.580,27.267,5.380,27.792,-1.276,-1.456,1.936,
18:11:19.344,15.495,20.800,-44.200,-6.992,-49.509,27.792,5.309,28.295,-1.092,-1.688,2.011,
18:11:19.353,15.504,18.200,-44.200,-7.256,-49.471,25.456,5.271,25.996,-0.902,-1.215,1.513,
18:11:19.369,15.519,18.200,-44.200,-7.733,-49.398,25.933,5.198,26.449,-0.643,-0.953,1.149,
18:11:19.385,15.536,18.200,-44.200,-8.241,-49.316,26.441,5.116,26.931,-0.335,-0.900,0.960,
18:11:19.403,15.554,18.200,-44.200,-8.784,-49.222,26.984,5.022,27.448,-0.021,-1.007,1.007,
18:11:19.411,15.562,13.000,-44.200,-9.014,-49.181,22.014,4.981,22.570,0.167,0.138,0.217,
18:11:19.428,15.579,13.000,-44.200,-9.528,-49.084,22.528,4.884,23.051,0.365,0.823,0.901,
18:11:19.444,15.595,13.000,-44.200,-10.004,-48.989,23.004,4.789,23.497,0.513,1.019,1.141,
18:11:19.453,15.604,13.000,-44.200,-10.271,-48.934,23.271,4.734,23.747,0.593,0.966,1.133,
18:11:19.470,15.620,13.000,-44.200,-10.772,-48.826,23.772,4.626,24.218,0.654,0.678,0.942,
18:11:19.486,15.637,13.000,-44.200,-11.276,-48.712,24.276,4.512,24.691,0.669,0.172,0.691,
18:11:19.505,15.656,13.000,-44.200,-11.844,-48.577,24.844,4.377,25.226,0.641,-0.475,0.798,
18:11:19.514,15.664,13.000,-44.200,-12.090,-48.516,25.090,4.316,25.458,0.609,-0.928,1.110,
18:11:19.530,15.681,10.400,-44.200,-12.588,-48.390,22.988,4.190,23.367,0.552,-0.716,0.903,
18:11:19.539,15.690,10.400,-44.200,-12.841,-48.323,23.241,4.123,23.604,0.508,-0.661,0.833,
18:11:19.555,15.706,10.400,-44.200,-13.311,-48.196,23.711,3.996,24.046,0.443,-0.779,0.896,
18:11:19.563,15.714,10.400,-44.200,-13.547,-48.130,23.947,3.930,24.267,0.403,-0.907,0.992,
18:11:19.579,15.730,10.400,-44.200,-14.030,-47.991,24.430,3.791,24.722,0.340,-1.133,1.182,
18:11:19.588,15.739,7.800,-44.200,-14.290,-47.914,22.090,3.714,22.400,0.305,-0.692,0.756,
18:11:19.604,15.755,7.800,-44.200,-14.767,-47.769,22.567,3.569,22.848,0.254,-0.486,0.549,
18:11:19.614,15.765,7.800,-44.200,-15.058,-47.679,22.858,3.479,23.121,0.228,-0.449,0.504,
18:11:19.631,15.782,7.800,-44.200,-15.551,-47.520,23.351,3.320,23.586,0.190,-0.570,0.601,
18:11:19.639,15.790,7.800,-44.200,-15.777,-47.446,23.577,3.246,23.799,0.181,-0.720,0.742,
18:11:19.655,15.806,7.800,-44.200,-16.248,-47.286,24.048,3.086,24.245,0.157,-0.951,0.964,
18:11:19.663,15.814,7.800,-44.200,-16.471,-47.209,24.271,3.009,24.456,0.155,-1.157,1.167,
18:11:19.679,15.830,7.800,-44.200,-16.938,-47.044,24.738,2.844,24.900,0.138,-1.408,1.415,
18:11:19.695,15.846,7.800,-44.200,-17.392,-46.878,25.192,2.678,25.334,0.129,-1.674,1.679,
18:11:19.704,15.854,7.800,-44.200,-17.634,-46.787,25.434,2.587,25.565,0.133,-1.870,1.874,
18:11:19.719,15.870,7.800,-44.200,-18.081,-46.616,25.881,2.416,25.993,0.124,-2.057,2.061,
18:11:19.735,15.886,7.800,-44.200,-18.542,-46.435,26.342,2.235,26.437,0.117,-2.221,2.224,
18:11:19.744,15.895,7.800,-44.200,-18.788,-46.336,26.588,2.136,26.673,0.121,-2.331,2.334,
18:11:19.760,15.911,7.800,-44.200,-19.255,-46.144,27.055,1.944,27.125,0.110,-2.413,2.416,
18:11:19.769,15.920,7.800,-44.200,-19.495,-46.043,27.295,1.843,27.357,0.110,-2.468,2.470,
18:11:19.786,15.937,2.600,-46.800,-19.981,-45.834,22.581,-0.966,22.601,-0.604,-1.087,1.244,
18:11:19.804,15.955,2.600,-46.800,-20.489,-45.609,23.089,-1.191,23.119,-1.060,-0.204,1.079,
18:11:19.812,15.963,2.600,-46.800,-20.708,-45.510,23.308,-1.290,23.344,-1.263,0.185,1.277,
18:11:19.827,15.978,2.600,-46.800,-21.137,-45.313,23.737,-1.487,23.784,-1.350,0.354,1.395,
18:11:19.845,15.996,2.600,-46.800,-21.637,-45.076,24.237,-1.724,24.298,-1.294,0.238,1.315,
18:11:19.864,16.014,2.600,-46.800,-22.138,-44.832,24.738,-1.968,24.816,-1.127,-0.109,1.132,
18:11:19.872,16.022,2.600,-46.800,-22.358,-44.723,24.958,-2.077,25.045,-0.982,-0.429,1.072,
18:11:19.889,16.040,2.600,-46.800,-22.828,-44.485,25.428,-2.315,25.533,-0.794,-0.820,1.141,
18:11:19.905,16.055,0.000,-46.800,-23.257,-44.262,23.257,-2.538,23.396,-0.601,-0.524,0.797,
18:11:19.914,16.064,0.000,-46.800,-23.503,-44.132,23.503,-2.668,23.654,-0.467,-0.448,0.647,
18:11:19.929,16.080,0.000,-46.800,-23.912,-43.912,23.912,-2.888,24.085,-0.331,-0.538,0.631,
18:11:19.945,16.095,0.000,-46.800,-24.341,-43.675,24.341,-3.125,24.541,-0.217,-0.761,0.792,
18:11:19.954,16.104,0.000,-46.800,-24.574,-43.544,24.574,-3.256,24.789,-0.157,-0.969,0.982,
18:11:19.969,16.120,-0.000,-44.200,-24.986,-43.310,24.986,-0.890,25.002,0.584,-1.229,1.360,
18:11:19.986,16.137,-0.000,-44.200,-25.451,-43.038,25.451,-1.162,25.477,1.048,-1.533,1.857,
18:11:20.005,16.155,-0.000,-44.200,-25.930,-42.751,25.930,-1.449,25.970,1.233,-1.831,2.207,
18:11:20.013,16.164,-0.000,-44.200,-26.145,-42.620,26.145,-1.580,26.193,1.259,-2.023,2.383,
18:11:20.030,16.181,-2.600,-46.800,-26.592,-42.342,23.992,-4.458,24.403,0.456,-1.491,1.559,
18:11:20.039,16.190,-2.600,-46.800,-26.826,-42.195,24.226,-4.605,24.659,-0.083,-1.212,1.215,
18:11:20.057,16.208,-2.600,-46.800,-27.287,-41.898,24.687,-4.902,25.169,-0.552,-1.078,1.211,
18:11:20.077,16.228,-2.600,-46.800,-27.808,-41.554,25.208,-5.246,25.748,-0.919,-1.099,1.433,
18:11:20.094,16.245,-2.600,-44.200,-28.246,-41.257,25.646,-2.943,25.814,-0.364,-1.230,1.283,
18:11:20.103,16.253,-2.600,-44.200,-28.456,-41.112,25.856,-3.088,26.040,-0.057,-1.367,1.368,
18:11:20.120,16.271,-2.600,-44.200,-28.898,-40.803,26.298,-3.397,26.516,0.114,-1.525,1.529,
18:11:20.128,16.279,-2.600,-44.200,-29.099,-40.660,26.499,-3.540,26.735,0.208,-1.676,1.689,
18:11:20.146,16.296,-2.600,-44.200,-29.533,-40.346,26.933,-3.854,27.207,0.229,-1.834,1.848,
18:11:20.163,16.314,-5.200,-41.600,-29.959,-40.031,24.759,-1.569,24.809,0.914,-1.265,1.560,
18:11:20.170,16.321,-5.200,-41.600,-30.139,-39.896,24.939,-1.704,24.997,1.244,-1.007,1.600,
18:11:20.186,16.337,-5.200,-41.600,-30.525,-39.600,25.325,-2.000,25.404,1.369,-0.882,1.628,
18:11:20.204,16.354,-5.200,-41.600,-30.953,-39.267,25.753,-2.333,25.859,1.289,-0.919,1.583,
18:11:20.211,16.362,-5.200,-41.600,-31.121,-39.134,25.921,-2.466,26.038,1.182,-1.018,1.560,
18:11:20.229,16.379,-7.800,-44.200,-31.548,-38.791,23.748,-5.409,24.356,0.245,-0.457,0.518,
18:11:20.251,16.401,-7.800,-44.200,-32.075,-38.356,24.275,-5.844,24.969,-0.584,-0.273,0.645,
18:11:20.260,16.411,-7.800,-44.200,-32.292,-38.174,24.492,-6.026,25.222,-1.022,-0.314,1.070,
18:11:20.283,16.433,-7.800,-44.200,-32.810,-37.729,25.010,-6.471,25.834,-1.386,-0.535,1.486,
18:11:20.294,16.445,-7.800,-44.200,-33.070,-37.502,25.270,-6.698,26.142,-1.523,-0.805,1.722,
18:11:20.315,16.466,-7.800,-44.200,-33.553,-37.070,25.753,-7.130,26.722,-1.569,-1.167,1.955,
18:11:20.326,16.476,-7.800,-44.200,-33.788,-36.856,25.988,-7.344,27.006,-1.515,-1.460,2.104,
18:11:20.347,16.497,-10.400,-44.200,-34.258,-36.419,23.858,-7.781,25.095,-1.396,-1.024,1.731,
18:11:20.366,16.517,-10.400,-44.200,-34.696,-36.003,24.296,-8.197,25.641,-1.219,-0.899,1.515,
18:11:20.388,16.538,-10.400,-44.200,-35.170,-35.540,24.770,-8.660,26.240,-1.025,-0.990,1.425,
18:11:20.409,16.560,-10.400,-44.200,-35.630,-35.079,25.230,-9.121,26.828,-0.859,-1.205,1.480,
18:11:20.430,16.580,-10.400,-44.200,-36.073,-34.623,25.673,-9.577,27.401,-0.742,-1.465,1.643,
18:11:20.441,16.592,-10.400,-44.200,-36.309,-34.375,25.909,-9.825,27.710,-0.695,-1.664,1.803,
18:11:20.459,16.610,-10.400,-44.200,-36.696,-33.962,26.296,-10.238,28.218,-0.661,-1.855,1.969,
18:11:20.480,16.631,-15.600,-46.800,-37.123,-33.494,21.523,-13.306,25.304,-1.445,-0.480,1.523,
18:11:20.490,16.640,-15.600,-46.800,-37.321,-33.273,21.721,-13.527,25.589,-1.853,0.148,1.859,
18:11:20.512,16.663,-15.600,-46.800,-37.780,-32.751,22.180,-14.049,26.255,-2.065,0.393,2.103,
18:11:20.528,16.679,-15.600,-46.800,-38.096,-32.384,22.496,-14.416,26.718,-2.125,0.317,2.149,
18:11:20.554,16.705,-15.600,-44.200,-38.606,-31.774,23.006,-12.426,26.147,-1.202,-0.068,1.204,
18:11:20.572,16.722,-15.600,-44.200,-38.942,-31.361,23.342,-12.839,26.641,-0.677,-0.539,0.865,
18:11:20.601,16.752,-15.600,-44.200,-39.500,-30.656,23.900,-13.544,27.471,-0.353,-1.159,1.212,
18:11:20.613,16.763,-18.200,-44.200,-39.714,-30.377,21.514,-13.823,25.572,-0.293,-0.814,0.865,
18:11:20.629,16.780,-18.200,-44.200,-40.022,-29.970,21.822,-14.230,26.052,-0.310,-0.724,0.788,
18:11:20.641,16.792,-18.200,-44.200,-40.235,-29.684,22.035,-14.516,26.387,-0.392,-0.761,0.856,
18:11:20.665,16.815,-18.200,-44.200,-40.663,-29.096,22.463,-15.104,27.069,-0.554,-0.973,1.119,
18:11:20.678,16.828,-20.800,-41.600,-40.891,-28.774,20.091,-12.826,23.836,-0.005,-0.451,0.451,
18:11:20.700,16.851,-20.800,-41.600,-41.280,-28.213,20.480,-13.387,24.467,0.213,-0.276,0.349,
18:11:20.713,16.863,-20.800,-41.600,-41.497,-27.893,20.697,-13.707,24.824,0.209,-0.310,0.374,
18:11:20.733,16.884,-23.400,-39.000,-41.846,-27.367,18.446,-11.633,21.808,0.807,0.270,0.851,
18:11:20.743,16.894,-23.400,-39.000,-42.010,-27.114,18.610,-11.886,22.082,1.002,0.451,1.099,
18:11:20.761,16.912,-23.400,-39.000,-42.304,-26.653,18.904,-12.347,22.579,0.931,0.384,1.007,
18:11:20.773,16.923,-23.400,-39.000,-42.486,-26.362,19.086,-12.638,22.891,0.743,0.198,0.769,
18:11:20.792,16.943,-23.400,-39.000,-42.803,-25.843,19.403,-13.157,23.443,0.378,-0.142,0.403,
18:11:20.804,16.955,-23.400,-39.000,-42.987,-25.537,19.587,-13.463,23.768,0.031,-0.477,0.478,
18:11:20.824,16.975,-23.400,-39.000,-43.300,-25.002,19.900,-13.998,24.330,-0.412,-0.884,0.975,
18:11:20.835,16.986,-23.400,-39.000,-43.466,-24.713,20.066,-14.287,24.632,-0.730,-1.187,1.393,
18:11:20.856,17.007,-23.400,-39.000,-43.779,-24.153,20.379,-14.847,25.214,-1.092,-1.506,1.860,
18:11:20.875,17.026,-23.400,-39.000,-44.055,-23.646,20.655,-15.354,25.737,-1.376,-1.757,2.231,
18:11:20.886,17.037,-23.400,-39.000,-44.220,-23.337,20.820,-15.663,26.054,-1.535,-1.903,2.445,
18:11:20.911,17.061,-26.000,-36.400,-44.562,-22.678,18.562,-13.722,23.083,-0.899,-1.220,1.515,
18:11:20.924,17.075,-26.000,-36.400,-44.746,-22.312,18.746,-14.088,23.449,-0.570,-0.877,1.046,
18:11:20.949,17.100,-26.000,-36.400,-45.081,-21.625,19.081,-14.775,24.133,-0.449,-0.715,0.844,
18:11:20.961,17.112,-26.000,-36.400,-45.237,-21.299,19.237,-15.101,24.456,-0.443,-0.704,0.832,
18:11:20.981,17.132,-28.600,-36.400,-45.501,-20.729,16.901,-15.671,23.048,-0.532,0.001,0.532,
18:11:20.992,17.143,-28.600,-36.400,-45.637,-20.427,17.037,-15.973,23.354,-0.652,0.272,0.707,
18:11:21.011,17.162,-28.600,-36.400,-45.868,-19.902,17.268,-16.498,23.883,-0.818,0.313,0.876,
18:11:21.022,17.173,-28.600,-36.400,-46.002,-19.591,17.402,-16.809,24.195,-0.970,0.203,0.992,
18:11:21.045,17.196,-26.000,-36.400,-46.270,-18.951,20.270,-17.449,26.746,-1.167,-0.840,1.438,
18:11:21.057,17.207,-26.000,-36.400,-46.405,-18.615,20.405,-17.785,27.068,-1.315,-1.523,2.013,
18:11:21.080,17.231,-26.000,-36.400,-46.666,-17.951,20.666,-18.449,27.703,-1.472,-2.063,2.535,
18:11:21.094,17.244,-26.000,-36.400,-46.814,-17.563,20.814,-18.837,28.072,-1.580,-2.370,2.848,
18:11:21.116,17.267,-28.600,-33.800,-47.050,-16.919,18.450,-16.881,25.008,-0.884,-1.741,1.953,
18:11:21.137,17.287,-28.600,-33.800,-47.262,-16.318,18.662,-17.482,25.572,-0.551,-1.341,1.450,
18:11:21.160,17.310,-28.600,-33.800,-47.489,-15.646,18.889,-18.154,26.199,-0.479,-1.096,1.196,
18:11:21.172,17.323,-28.600,-33.800,-47.605,-15.289,19.005,-18.511,26.530,-0.542,-1.015,1.151,
18:11:21.194,17.344,-28.600,-33.800,-47.805,-14.650,19.205,-19.150,27.121,-0.710,-0.980,1.210,
18:11:21.205,17.356,-28.600,-33.800,-47.907,-14.314,19.307,-19.486,27.431,-0.889,-1.026,1.358,
18:11:21.227,17.378,-28.600,-31.200,-48.096,-13.668,19.496,-17.532,26.219,-0.352,-1.088,1.144,
18:11:21.247,17.397,-28.600,-31.200,-48.257,-13.087,19.657,-18.113,26.730,-0.195,-1.199,1.215,
18:11:21.267,17.418,-28.600,-31.200,-48.419,-12.472,19.819,-18.728,27.268,-0.288,-1.316,1.347,
18:11:21.285,17.436,-31.200,-33.800,-48.554,-11.937,17.354,-21.863,27.913,-1.268,-0.652,1.425,
18:11:21.298,17.449,-31.200,-33.800,-48.644,-11.565,17.444,-22.235,28.261,-1.868,-0.352,1.901,
18:11:21.320,17.471,-31.200,-33.800,-48.795,-10.909,17.595,-22.891,28.872,-2.327,-0.249,2.341,
18:11:21.331,17.482,-31.200,-33.800,-48.869,-10.575,17.669,-23.225,29.182,-2.576,-0.292,2.592,
18:11:21.359,17.510,-33.800,-31.200,-49.041,-9.746,15.241,-21.454,26.317,-1.900,0.354,1.933,
18:11:21.373,17.524,-33.800,-31.200,-49.123,-9.326,15.323,-21.874,26.707,-1.539,0.506,1.619,
18:11:21.395,17.546,-33.800,-31.200,-49.246,-8.648,15.446,-22.552,27.335,-1.324,0.384,1.378,
18:11:21.407,17.557,-33.800,-31.200,-49.305,-8.305,15.505,-22.895,27.651,-1.254,0.182,1.267,
18:11:21.426,17.576,-36.400,-28.600,-49.399,-7.727,12.999,-20.873,24.590,-0.493,0.640,0.808,
18:11:21.445,17.595,-36.400,-28.600,-49.486,-7.152,13.086,-21.448,25.125,-0.159,0.702,0.720,
18:11:21.454,17.605,-36.400,-28.600,-49.527,-6.859,13.127,-21.741,25.397,-0.098,0.615,0.623,
18:11:21.473,17.624,-36.400,-28.600,-49.604,-6.281,13.204,-22.319,25.932,-0.201,0.366,0.417,
18:11:21.483,17.634,-36.400,-26.000,-49.640,-5.989,13.240,-20.011,23.995,0.276,0.121,0.301,
18:11:21.502,17.653,-36.400,-26.000,-49.707,-5.408,13.307,-20.592,24.518,0.430,-0.214,0.480,
18:11:21.511,17.662,-36.400,-26.000,-49.736,-5.130,13.336,-20.870,24.767,0.367,-0.468,0.595,
18:11:21.529,17.680,-36.400,-26.000,-49.789,-4.587,13.389,-21.413,25.254,0.111,-0.751,0.759,
18:11:21.547,17.698,-39.000,-26.000,-49.838,-4.021,10.838,-21.979,24.506,-0.317,-0.254,0.407,
18:11:21.568,17.719,-39.000,-26.000,-49.884,-3.397,10.884,-22.603,25.088,-0.841,-0.036,0.841,
18:11:21.580,17.731,-39.000,-26.000,-49.908,-3.027,10.908,-22.973,25.431,-1.234,0.018,1.235,
18:11:21.598,17.748,-39.000,-26.000,-49.938,-2.481,10.938,-23.519,25.938,-1.620,-0.034,1.620,
18:11:21.616,17.767,-41.600,-20.800,-49.963,-1.919,8.363,-18.881,20.650,-0.446,0.586,0.736,
18:11:21.636,17.786,-41.600,-20.800,-49.983,-1.317,8.383,-19.483,21.210,0.120,0.816,0.825,
18:11:21.645,17.796,-41.600,-20.800,-49.990,-1.020,8.390,-19.780,21.486,0.315,0.840,0.898,
18:11:21.663,17.814,-41.600,-20.800,-49.998,-0.463,8.398,-20.337,22.003,0.259,0.715,0.761,
18:11:21.673,17.824,-41.600,-20.800,-50.000,-0.175,8.400,-20.625,22.269,0.099,0.550,0.558,
18:11:21.690,17.841,-41.600,-20.800,-49.999,0.347,8.399,-21.147,22.754,-0.193,0.308,0.364,
18:11:21.699,17.850,-41.600,-20.800,-49.996,0.630,8.396,-21.430,23.016,-0.480,0.096,0.489,
18:11:21.719,17.870,-41.600,-20.800,-49.985,1.230,8.385,-22.030,23.571,-0.881,-0.180,0.899,
18:11:21.730,17.881,-41.600,-20.800,-49.975,1.573,8.375,-22.373,23.889,-1.212,-0.389,1.273,
18:11:21.749,17.899,-41.600,-20.800,-49.955,2.132,8.355,-22.932,24.406,-1.567,-0.599,1.677,
18:11:21.767,17.918,-41.600,-20.800,-49.926,2.711,8.326,-23.511,24.942,-1.883,-0.766,2.033,
18:11:21.787,17.938,-41.600,-18.200,-49.890,3.316,8.290,-21.516,23.057,-1.355,-0.873,1.612,
18:11:21.807,17.957,-41.600,-18.200,-49.846,3.916,8.246,-22.116,23.603,-1.118,-0.921,1.449,
18:11:21.826,17.976,-41.600,-18.200,-49.797,4.501,8.197,-22.701,24.135,-1.074,-0.920,1.414,
18:11:21.845,17.996,-44.200,-18.200,-49.738,5.110,5.538,-23.310,23.959,-1.145,-0.104,1.150,
18:11:21.863,18.014,-44.200,-18.200,-49.679,5.661,5.479,-23.861,24.481,-1.286,0.343,1.331,
18:11:21.871,18.022,-44.200,-18.200,-49.652,5.892,5.452,-24.092,24.701,-1.410,0.531,1.507,
18:11:21.886,18.037,-44.200,-18.200,-49.594,6.362,5.394,-24.562,25.147,-1.542,0.625,1.664,
18:11:21.905,18.055,-41.600,-15.600,-49.520,6.913,7.920,-22.513,23.865,-0.966,-0.148,0.977,
18:11:21.917,18.068,-41.600,-15.600,-49.466,7.291,7.866,-22.891,24.205,-0.704,-0.667,0.970,
18:11:21.944,18.095,-41.600,-15.600,-49.339,8.102,7.739,-23.702,24.933,-0.696,-1.056,1.265,
18:11:21.956,18.107,-41.600,-15.600,-49.279,8.460,7.679,-24.060,25.255,-0.814,-1.249,1.491,
18:11:21.977,18.128,-46.800,-15.600,-49.165,9.097,2.365,-24.697,24.810,-1.031,0.222,1.054,
18:11:22.000,18.151,-46.800,-15.600,-49.031,9.797,2.231,-25.397,25.494,-1.351,1.095,1.739,
18:11:22.012,18.162,-46.800,-15.600,-48.961,10.141,2.161,-25.741,25.831,-1.598,1.462,2.166,
18:11:22.034,18.184,-44.200,-13.000,-48.819,10.802,4.619,-23.802,24.246,-1.080,0.799,1.344,
18:11:22.044,18.195,-44.200,-13.000,-48.748,11.121,4.548,-24.121,24.546,-0.887,0.348,0.952,
18:11:22.066,18.216,-44.200,-13.000,-48.597,11.761,4.397,-24.761,25.149,-0.892,-0.050,0.893,
18:11:22.087,18.238,-44.200,-10.400,-48.438,12.401,4.238,-22.801,23.191,-0.265,-0.387,0.469,
18:11:22.109,18.260,-44.200,-10.400,-48.264,13.062,4.064,-23.462,23.811,-0.150,-0.597,0.615,
18:11:22.120,18.271,-44.200,-10.400,-48.177,13.378,3.977,-23.778,24.108,-0.236,-0.681,0.721,
18:11:22.138,18.289,-44.200,-10.400,-48.026,13.909,3.826,-24.309,24.609,-0.465,-0.709,0.848,
18:11:22.157,18.308,-44.200,-10.400,-47.860,14.471,3.660,-24.871,25.139,-0.828,-0.677,1.069,
18:11:22.176,18.327,-44.200,-10.400,-47.686,15.034,3.486,-25.434,25.672,-1.242,-0.600,1.379,
18:11:22.195,18.346,-44.200,-10.400,-47.506,15.594,3.306,-25.994,26.204,-1.640,-0.500,1.715,
18:11:22.215,18.366,-44.200,-7.800,-47.309,16.182,3.109,-23.982,24.182,-1.207,-0.388,1.268,
18:11:22.226,18.377,-44.200,-7.800,-47.206,16.480,3.006,-24.280,24.465,-1.050,-0.321,1.098,
18:11:22.248,18.399,-44.200,-7.800,-46.978,17.119,2.778,-24.919,25.073,-1.085,-0.220,1.108,
18:11:22.268,18.419,-44.200,-7.800,-46.760,17.705,2.560,-25.505,25.633,-1.244,-0.141,1.252,
18:11:22.287,18.438,-44.200,-7.800,-46.550,18.250,2.350,-26.050,26.156,-1.464,-0.087,1.467,
18:11:22.306,18.457,-44.200,-7.800,-46.329,18.805,2.129,-26.605,26.690,-1.701,-0.048,1.702,
18:11:22.325,18.476,-44.200,-7.800,-46.106,19.346,1.906,-27.146,27.213,-1.925,-0.023,1.925,
18:11:22.334,18.484,-44.200,-7.800,-46.007,19.578,1.807,-27.378,27.438,-2.076,-0.025,2.076,
18:11:22.349,18.500,-46.800,-5.200,-45.817,20.020,-0.983,-25.220,25.239,-1.504,0.683,1.652,
18:11:22.368,18.518,-46.800,-5.200,-45.590,20.532,-1.210,-25.732,25.761,-1.180,1.127,1.631,
18:11:22.385,18.536,-46.800,-5.200,-45.363,21.029,-1.437,-26.229,26.268,-1.079,1.316,1.702,
18:11:22.406,18.557,-46.800,-5.200,-45.089,21.610,-1.711,-26.810,26.864,-1.143,1.313,1.741,
18:11:22.429,18.580,-46.800,-5.200,-44.781,22.241,-2.019,-27.441,27.515,-1.341,1.150,1.767,
18:11:22.444,18.595,-46.800,-5.200,-44.577,22.647,-2.223,-27.847,27.935,-1.562,0.957,1.832,
18:11:22.469,18.620,-46.800,-2.600,-44.232,23.313,-2.568,-25.913,26.040,-1.017,0.697,1.233,
18:11:22.483,18.633,-46.800,-2.600,-44.037,23.680,-2.763,-26.280,26.425,-0.862,0.510,1.002,
18:11:22.506,18.657,-46.800,-2.600,-43.692,24.311,-3.108,-26.911,27.089,-0.938,0.312,0.989,
18:11:22.535,18.686,-46.800,-0.000,-43.249,25.090,-3.551,-25.090,25.340,-0.380,0.147,0.407,
18:11:22.549,18.699,-46.800,-0.000,-43.048,25.434,-3.752,-25.434,25.709,-0.310,0.099,0.326,
18:11:22.568,18.719,-46.800,-0.000,-42.742,25.944,-4.058,-25.944,26.260,-0.468,0.084,0.475,
18:11:22.587,18.738,-46.800,-0.000,-42.428,26.455,-4.372,-26.455,26.814,-0.785,0.109,0.793,
18:11:22.607,18.758,-44.200,0.000,-42.101,26.972,-2.099,-26.972,27.053,-1.186,-0.624,1.340,
18:11:22.626,18.777,-44.200,0.000,-41.780,27.466,-2.420,-27.466,27.573,-1.588,-0.947,1.849,
18:11:22.645,18.795,-44.200,0.000,-41.469,27.934,-2.731,-27.934,28.067,-1.940,-1.000,2.183,
18:11:22.654,18.805,-44.200,0.000,-41.311,28.168,-2.889,-28.168,28.316,-2.165,-0.958,2.367,
18:11:22.675,18.826,-44.200,5.200,-40.941,28.702,-3.259,-23.502,23.727,-0.866,-0.773,1.161,
18:11:22.685,18.836,-44.200,5.200,-40.767,28.949,-3.433,-23.749,23.995,-0.225,-0.592,0.633,
18:11:22.704,18.854,-44.200,5.200,-40.431,29.417,-3.769,-24.217,24.509,0.064,-0.331,0.338,
18:11:22.714,18.864,-44.200,5.200,-40.258,29.653,-3.942,-24.453,24.769,0.100,-0.138,0.171,
18:11:22.734,18.885,-44.200,5.200,-39.878,30.162,-4.322,-24.962,25.334,-0.068,0.125,0.142,
18:11:22.743,18.894,-44.200,5.200,-39.711,30.381,-4.489,-25.181,25.578,-0.323,0.278,0.427,
18:11:22.761,18.912,-44.200,5.200,-39.374,30.817,-4.826,-25.617,26.067,-0.675,0.456,0.814,
18:11:22.770,18.921,-44.200,5.200,-39.209,31.026,-4.991,-25.826,26.304,-0.989,0.548,1.131,
18:11:22.788,18.938,-44.200,7.800,-38.874,31.446,-5.326,-23.646,24.238,-0.640,0.652,0.914,
18:11:22.805,18.956,-44.200,7.800,-38.524,31.873,-5.676,-24.073,24.733,-0.582,0.719,0.925,
18:11:22.814,18.965,-44.200,7.800,-38.353,32.079,-5.847,-24.279,24.973,-0.640,0.738,0.977,
18:11:22.833,18.983,-44.200,7.800,-37.990,32.507,-6.210,-24.707,25.476,-0.830,0.756,1.122,
18:11:22.841,18.992,-44.200,10.400,-37.817,32.709,-6.383,-22.309,23.204,-0.376,0.749,0.839,
18:11:22.858,19.009,-44.200,10.400,-37.472,33.103,-6.728,-22.703,23.679,-0.185,0.741,0.764,
18:11:22.877,19.028,-44.200,10.400,-37.090,33.531,-7.110,-23.131,24.199,-0.266,0.723,0.770,
18:11:22.897,19.047,-44.200,13.000,-36.685,33.974,-7.515,-20.974,22.280,0.237,0.702,0.741,
18:11:22.917,19.068,-44.200,13.000,-36.254,34.434,-7.946,-21.434,22.859,0.267,0.685,0.736,
18:11:22.938,19.088,-44.200,13.000,-35.816,34.888,-8.384,-21.888,23.439,-0.008,0.679,0.679,
18:11:22.955,19.106,-44.200,13.000,-35.431,35.279,-8.769,-22.279,23.943,-0.403,0.684,0.794,
18:11:22.974,19.124,-44.200,13.000,-35.032,35.676,-9.168,-22.676,24.459,-0.839,0.699,1.092,
18:11:22.982,19.133,-44.200,13.000,-34.849,35.855,-9.351,-22.855,24.694,-1.136,0.718,1.344,
18:11:22.998,19.148,-44.200,13.000,-34.503,36.187,-9.697,-23.187,25.133,-1.445,0.737,1.622,
18:11:23.014,19.165,-44.200,13.000,-34.134,36.536,-10.066,-23.536,25.598,-1.737,0.766,1.899,
18:11:23.022,19.173,-44.200,13.000,-33.963,36.695,-10.237,-23.695,25.812,-1.925,0.794,2.082,
18:11:23.038,19.189,-44.200,13.000,-33.595,37.032,-10.605,-24.032,26.268,-2.102,0.822,2.258,
18:11:23.056,19.207,-44.200,13.000,-33.192,37.394,-11.008,-24.394,26.763,-2.242,0.859,2.401,
18:11:23.074,19.225,-44.200,13.000,-32.763,37.770,-11.437,-24.770,27.283,-2.320,0.900,2.488,
18:11:23.084,19.235,-44.200,13.000,-32.536,37.966,-11.664,-24.966,27.556,-2.357,0.934,2.535,
18:11:23.103,19.254,-44.200,13.000,-32.103,38.333,-12.097,-25.333,28.073,-2.343,0.967,2.535,
18:11:23.112,19.263,-44.200,13.000,-31.881,38.518,-12.319,-25.518,28.336,-2.336,0.997,2.540,
18:11:23.131,19.281,-44.200,15.600,-31.446,38.873,-12.754,-23.273,26.539,-1.558,1.026,1.866,
18:11:23.140,19.290,-44.200,15.600,-31.233,39.045,-12.967,-23.445,26.792,-1.145,1.055,1.557,
18:11:23.156,19.307,-44.200,15.600,-30.834,39.361,-13.366,-23.761,27.263,-0.866,1.080,1.384,
18:11:23.175,19.326,-44.200,15.600,-30.377,39.714,-13.823,-24.114,27.795,-0.766,1.109,1.348,
18:11:23.184,19.335,-44.200,18.200,-30.153,39.885,-14.047,-21.685,25.837,-0.148,1.139,1.149,
18:11:23.203,19.354,-44.200,18.200,-29.686,40.234,-14.514,-22.034,26.385,0.188,1.162,1.177,
18:11:23.213,19.363,-44.200,18.200,-29.455,40.403,-14.745,-22.203,26.653,0.230,1.191,1.213,
18:11:23.230,19.381,-44.200,18.200,-29.026,40.712,-15.174,-22.512,27.148,0.106,1.213,1.217,
18:11:23.239,19.390,-41.600,20.800,-28.804,40.870,-12.796,-20.070,23.802,0.540,0.595,0.803,
18:11:23.256,19.407,-41.600,20.800,-28.360,41.179,-13.240,-20.379,24.302,0.673,0.168,0.693,
18:11:23.276,19.426,-41.600,20.800,-27.865,41.515,-13.735,-20.715,24.855,0.458,-0.020,0.458,
18:11:23.294,19.444,-41.600,20.800,-27.410,41.818,-14.190,-21.018,25.359,0.057,-0.012,0.058,
18:11:23.302,19.452,-41.600,20.800,-27.205,41.951,-14.395,-21.151,25.585,-0.265,0.068,0.273,
18:11:23.317,19.468,-41.600,20.800,-26.801,42.210,-14.799,-21.410,26.027,-0.639,0.209,0.672,
18:11:23.335,19.486,-41.600,20.800,-26.340,42.499,-15.260,-21.699,26.528,-1.061,0.436,1.147,
18:11:23.343,19.494,-41.600,20.800,-26.132,42.627,-15.468,-21.827,26.752,-1.346,0.622,1.483,
18:11:23.358,19.509,-36.400,23.400,-25.726,42.874,-10.674,-19.474,22.208,-0.938,-0.546,1.085,
18:11:23.374,19.525,-36.400,23.400,-25.299,43.127,-11.101,-19.727,22.636,-0.741,-1.203,1.413,
18:11:23.383,19.534,-36.400,23.400,-25.067,43.262,-11.333,-19.862,22.868,-0.680,-1.473,1.622,
18:11:23.399,19.550,-36.400,23.400,-24.652,43.500,-11.748,-20.100,23.282,-0.724,-1.471,1.640,
18:11:23.416,19.567,-36.400,26.000,-24.186,43.761,-12.214,-17.761,21.555,-0.122,-1.220,1.227,
18:11:23.436,19.586,-36.400,26.000,-23.661,44.047,-12.739,-18.047,22.090,0.110,-0.742,0.750,
18:11:23.453,19.604,-36.400,26.000,-23.183,44.300,-13.217,-18.300,22.574,0.068,-0.200,0.211,
18:11:23.461,19.612,-36.400,26.000,-22.968,44.413,-13.432,-18.413,22.791,-0.042,0.160,0.166,
18:11:23.478,19.628,-36.400,26.000,-22.514,44.644,-13.886,-18.644,23.247,-0.242,0.577,0.626,
18:11:23.495,19.646,-36.400,26.000,-22.035,44.883,-14.365,-18.883,23.726,-0.537,0.977,1.115,
18:11:23.514,19.665,-36.400,26.000,-21.506,45.138,-14.894,-19.138,24.251,-0.881,1.323,1.590,
18:11:23.524,19.674,-36.400,26.000,-21.251,45.259,-15.149,-19.259,24.503,-1.126,1.504,1.878,
18:11:23.541,19.691,-36.400,28.600,-20.774,45.480,-15.626,-16.880,23.002,-0.649,1.667,1.789,
18:11:23.549,19.700,-36.400,28.600,-20.538,45.587,-15.862,-16.987,23.241,-0.420,1.739,1.788,
18:11:23.566,19.717,-36.400,28.600,-20.061,45.799,-16.339,-17.199,23.723,-0.346,1.795,1.828,
18:11:23.585,19.736,-36.400,28.600,-19.532,46.027,-16.868,-17.427,24.254,-0.417,1.799,1.847,
18:11:23.593,19.744,-36.400,28.600,-19.307,46.122,-17.093,-17.522,24.478,-0.521,1.783,1.857,
18:11:23.610,19.761,-33.800,28.600,-18.824,46.321,-14.976,-17.721,23.202,-0.678,1.035,1.237,
18:11:23.619,19.770,-33.800,28.600,-18.565,46.426,-15.235,-17.826,23.449,-0.832,0.603,1.027,
18:11:23.637,19.788,-33.800,28.600,-18.049,46.629,-15.751,-18.029,23.940,-1.017,0.321,1.066,
18:11:23.655,19.806,-33.800,28.600,-17.521,46.830,-16.279,-18.230,24.441,-1.215,0.228,1.236,
18:11:23.674,19.824,-36.400,28.600,-16.996,47.023,-19.404,-18.423,26.757,-1.388,1.057,1.745,
18:11:23.682,19.833,-36.400,28.600,-16.759,47.108,-19.641,-18.508,26.987,-1.499,1.550,2.157,
18:11:23.699,19.850,-36.400,28.600,-16.259,47.283,-20.141,-18.683,27.472,-1.581,1.918,2.486,
18:11:23.717,19.868,-36.400,28.600,-15.729,47.461,-20.671,-18.861,27.983,-1.638,2.182,2.728,
18:11:23.735,19.885,-33.800,28.600,-15.225,47.626,-18.575,-19.026,26.589,-1.666,1.576,2.293,
18:11:23.744,19.895,-33.800,28.600,-14.953,47.712,-18.847,-19.112,26.841,-1.687,1.248,2.098,
18:11:23.762,19.913,-33.800,28.600,-14.431,47.872,-19.369,-19.272,27.324,-1.668,1.037,1.964,
18:11:23.770,19.921,-33.800,28.600,-14.185,47.946,-19.615,-19.346,27.550,-1.671,0.952,1.924,
18:11:23.787,19.938,-33.800,28.600,-13.685,48.091,-20.115,-19.491,28.009,-1.635,0.920,1.876,
18:11:23.805,19.955,-31.200,28.600,-13.168,48.235,-18.032,-19.635,26.659,-1.600,0.246,1.619,
18:11:23.813,19.964,-31.200,28.600,-12.910,48.305,-18.290,-19.705,26.885,-1.601,-0.049,1.601,
18:11:23.830,19.981,-31.200,28.600,-12.411,48.435,-18.789,-19.835,27.321,-1.564,-0.143,1.570,
18:11:23.839,19.990,-31.200,28.600,-12.144,48.503,-19.056,-19.903,27.554,-1.567,-0.089,1.569,
18:11:23.857,20.008,-31.200,28.600,-11.626,48.630,-19.574,-20.030,28.006,-1.534,0.090,1.537,
18:11:23.876,20.027,-33.800,31.200,-11.052,48.763,-22.748,-17.563,28.739,-0.758,1.181,1.403,
18:11:23.897,20.048,-33.800,31.200,-10.414,48.904,-23.386,-17.704,29.332,-0.323,2.033,2.059,
18:11:23.914,20.065,-33.800,31.200,-9.908,49.009,-23.892,-17.809,29.799,-0.184,2.562,2.569,
18:11:23.922,20.072,-33.800,31.200,-9.688,49.052,-24.112,-17.852,30.001,-0.188,2.826,2.832,
18:11:23.938,20.089,-28.600,33.800,-9.194,49.148,-19.406,-15.348,24.742,0.450,1.614,1.676,
18:11:23.956,20.106,-28.600,33.800,-8.660,49.244,-19.940,-15.444,25.222,0.724,0.802,1.080,
18:11:23.975,20.126,-28.600,33.800,-8.073,49.344,-20.527,-15.544,25.749,0.671,0.352,0.758,
18:11:23.983,20.134,-28.600,33.800,-7.828,49.383,-20.772,-15.583,25.968,0.518,0.184,0.549,
18:11:24.001,20.152,-28.600,36.400,-7.286,49.466,-21.314,-13.066,25.000,0.974,0.166,0.988,
18:11:24.009,20.160,-28.600,36.400,-7.034,49.503,-21.566,-13.103,25.234,1.107,0.269,1.140,
18:11:24.026,20.177,-28.600,36.400,-6.517,49.574,-22.083,-13.174,25.714,1.011,0.463,1.112,
18:11:24.046,20.197,-28.600,36.400,-5.919,49.648,-22.681,-13.248,26.267,0.673,0.795,1.042,
18:11:24.065,20.215,-28.600,41.600,-5.339,49.714,-23.261,-8.114,24.636,1.758,1.174,2.114,
18:11:24.073,20.224,-28.600,41.600,-5.094,49.740,-23.506,-8.140,24.875,2.189,1.431,2.615,
18:11:24.090,20.240,-28.600,41.600,-4.578,49.790,-24.022,-8.190,25.379,2.225,1.688,2.793,
18:11:24.108,20.258,-28.600,41.600,-4.028,49.837,-24.572,-8.237,25.916,1.925,1.929,2.725,
18:11:24.126,20.277,-26.000,39.000,-3.460,49.880,-22.540,-10.880,25.029,0.636,1.365,1.506,
18:11:24.144,20.294,-26.000,39.000,-2.918,49.915,-23.082,-10.915,25.532,-0.373,1.094,1.155,
18:11:24.152,20.303,-26.000,39.000,-2.665,49.929,-23.335,-10.929,25.767,-0.947,1.001,1.378,
18:11:24.168,20.318,-26.000,39.000,-2.183,49.952,-23.817,-10.952,26.215,-1.434,1.000,1.748,
18:11:24.185,20.336,-23.400,41.600,-1.655,49.973,-21.745,-8.373,23.301,-1.036,0.377,1.102,
18:11:24.194,20.345,-23.400,41.600,-1.379,49.981,-22.021,-8.381,23.562,-0.773,0.116,0.782,
18:11:24.210,20.361,-23.400,41.600,-0.876,49.992,-22.524,-8.392,24.037,-0.608,0.065,0.612,
18:11:24.219,20.370,-23.400,41.600,-0.616,49.996,-22.784,-8.396,24.282,-0.497,0.145,0.518,
18:11:24.235,20.386,-23.400,41.600,-0.122,50.000,-23.278,-8.400,24.748,-0.426,0.342,0.546,
18:11:24.243,20.394,-20.800,41.600,0.132,50.000,-20.932,-8.400,22.554,-0.397,-0.064,0.402,
18:11:24.260,20.411,-20.800,41.600,0.655,49.996,-21.455,-8.396,23.039,-0.388,-0.205,0.439,
18:11:24.269,20.420,-20.800,41.600,0.924,49.991,-21.724,-8.391,23.288,-0.407,-0.165,0.439,
18:11:24.285,20.436,-20.800,41.600,1.414,49.980,-22.214,-8.380,23.742,-0.432,0.046,0.434,
18:11:24.294,20.444,-20.800,41.600,1.677,49.972,-22.477,-8.372,23.986,-0.470,0.286,0.550,
18:11:24.309,20.460,-20.800,41.600,2.147,49.954,-22.947,-8.354,24.421,-0.504,0.617,0.797,
18:11:24.327,20.477,-20.800,41.600,2.682,49.928,-23.482,-8.328,24.915,-0.547,1.029,1.165,
18:11:24.343,20.494,-20.800,41.600,3.193,49.898,-23.993,-8.298,25.388,-0.588,1.433,1.549,
18:11:24.351,20.501,-20.800,41.600,3.421,49.883,-24.221,-8.283,25.598,-0.623,1.691,1.803,
18:11:24.367,20.518,-20.800,41.600,3.923,49.846,-24.723,-8.246,26.062,-0.640,1.954,2.056,
18:11:24.385,20.535,-20.800,41.600,4.463,49.800,-25.263,-8.200,26.561,-0.652,2.189,2.284,
18:11:24.393,20.544,-20.800,41.600,4.725,49.776,-25.525,-8.176,26.802,-0.669,2.325,2.420,
18:11:24.410,20.561,-20.800,41.600,5.238,49.725,-26.038,-8.125,27.276,-0.664,2.431,2.520,
18:11:24.427,20.578,-15.600,41.600,5.764,49.667,-21.364,-8.067,22.836,-0.655,1.024,1.216,
18:11:24.445,20.596,-15.600,41.600,6.304,49.601,-21.904,-8.001,23.320,-0.642,0.190,0.670,
18:11:24.454,20.605,-15.600,41.600,6.573,49.566,-22.173,-7.966,23.560,-0.644,-0.174,0.667,
18:11:24.471,20.621,-15.600,41.600,7.086,49.495,-22.686,-7.895,24.020,-0.623,-0.303,0.693,
18:11:24.479,20.630,-15.600,41.600,7.337,49.459,-22.937,-7.859,24.246,-0.622,-0.241,0.667,
18:11:24.495,20.646,-15.600,44.200,7.824,49.384,-23.424,-5.184,23.991,0.090,-0.047,0.101,
18:11:24.504,20.654,-15.600,44.200,8.076,49.343,-23.676,-5.143,24.229,0.492,0.206,0.533,
18:11:24.519,20.670,-15.600,44.200,8.560,49.262,-24.160,-5.062,24.684,0.754,0.549,0.933,
18:11:24.536,20.687,-15.600,44.200,9.076,49.169,-24.676,-4.969,25.171,0.842,0.980,1.292,
18:11:24.554,20.705,-15.600,41.600,9.614,49.067,-25.214,-7.467,26.297,0.025,1.427,1.427,
18:11:24.562,20.713,-15.600,41.600,9.856,49.019,-25.456,-7.419,26.515,-0.470,1.722,1.785,
18:11:24.579,20.730,-15.600,41.600,10.356,48.916,-25.956,-7.316,26.967,-0.839,2.009,2.177,
18:11:24.589,20.739,-15.600,41.600,10.639,48.855,-26.239,-7.255,27.224,-1.068,2.205,2.451,
18:11:24.606,20.757,-15.600,41.600,11.167,48.737,-26.767,-7.137,27.702,-1.221,2.387,2.681,
18:11:24.625,20.775,-13.000,41.600,11.728,48.605,-24.728,-7.005,25.701,-1.258,1.764,2.166,
18:11:24.635,20.786,-13.000,41.600,12.032,48.531,-25.032,-6.931,25.973,-1.232,1.438,1.894,
18:11:24.653,20.803,-13.000,41.600,12.558,48.397,-25.558,-6.797,26.446,-1.139,1.260,1.699,
18:11:24.661,20.812,-13.000,41.600,12.803,48.333,-25.803,-6.733,26.667,-1.057,1.216,1.612,
18:11:24.679,20.829,-10.400,44.200,13.330,48.190,-23.730,-3.990,24.063,-0.207,0.522,0.562,
18:11:24.696,20.846,-10.400,44.200,13.836,48.048,-24.236,-3.848,24.539,0.378,0.213,0.434,
18:11:24.716,20.867,-10.400,44.200,14.444,47.868,-24.844,-3.668,25.114,0.728,0.230,0.764,
18:11:24.734,20.884,-10.400,44.200,14.952,47.712,-25.352,-3.512,25.594,0.855,0.450,0.966,
18:11:24.743,20.893,-10.400,44.200,15.204,47.632,-25.604,-3.432,25.833,0.853,0.678,1.090,
18:11:24.761,20.912,-10.400,44.200,15.741,47.457,-26.141,-3.257,26.344,0.788,0.986,1.262,
18:11:24.770,20.920,-10.400,44.200,15.990,47.374,-26.390,-3.174,26.580,0.673,1.257,1.426,
18:11:24.787,20.938,-10.400,44.200,16.492,47.202,-26.892,-3.002,27.059,0.518,1.567,1.650,
18:11:24.805,20.956,-7.800,46.800,17.028,47.011,-24.828,-0.211,24.829,1.066,1.142,1.562,
18:11:24.813,20.964,-7.800,46.800,17.259,46.927,-25.059,-0.127,25.059,1.306,0.971,1.627,
18:11:24.829,20.980,-7.800,46.800,17.712,46.758,-25.512,0.042,25.512,1.373,0.948,1.668,
18:11:24.845,20.996,-7.800,46.800,18.162,46.585,-25.962,0.215,25.963,1.296,1.048,1.667,
18:11:24.855,21.005,-7.800,46.800,18.438,46.476,-26.238,0.324,26.240,1.181,1.183,1.672,
18:11:24.873,21.024,-5.200,46.800,18.960,46.266,-24.160,0.534,24.166,0.973,0.660,1.176,
18:11:24.882,21.033,-5.200,46.800,19.209,46.163,-24.409,0.637,24.418,0.797,0.453,0.916,
18:11:24.900,21.050,-5.200,46.800,19.719,45.948,-24.919,0.852,24.933,0.568,0.446,0.722,
18:11:24.918,21.068,-5.200,46.800,20.221,45.729,-25.421,1.071,25.443,0.343,0.630,0.717,
18:11:24.934,21.085,-2.600,46.800,20.695,45.516,-23.295,1.284,23.330,0.161,0.176,0.238,
18:11:24.943,21.094,-2.600,46.800,20.937,45.405,-23.537,1.395,23.578,0.062,0.039,0.073,
18:11:24.958,21.109,-2.600,46.800,21.364,45.206,-23.964,1.594,24.017,-0.024,0.099,0.102,
18:11:24.976,21.127,-2.600,46.800,21.857,44.970,-24.457,1.830,24.525,-0.075,0.356,0.364,
18:11:24.995,21.145,-2.600,46.800,22.368,44.718,-24.968,2.082,25.054,-0.082,0.749,0.754,
18:11:25.003,21.154,-2.600,46.800,22.587,44.608,-25.187,2.192,25.282,-0.065,1.048,1.050,
18:11:25.019,21.169,-2.600,46.800,23.023,44.384,-25.623,2.416,25.737,-0.033,1.377,1.378,
18:11:25.035,21.185,-2.600,46.800,23.455,44.157,-26.055,2.643,26.189,0.020,1.705,1.705,
18:11:25.042,21.193,-2.600,46.800,23.661,44.047,-26.261,2.753,26.405,0.063,1.930,1.931,
18:11:25.058,21.209,2.600,46.800,24.093,43.813,-21.493,2.987,21.699,0.120,0.777,0.786,
18:11:25.075,21.225,2.600,46.800,24.534,43.567,-21.934,3.233,22.171,0.185,0.091,0.206,
18:11:25.084,21.235,2.600,46.800,24.774,43.431,-22.174,3.369,22.428,0.230,-0.213,0.314,
18:11:25.101,21.251,2.600,46.800,25.225,43.171,-22.625,3.629,22.914,0.285,-0.266,0.390,
18:11:25.117,21.267,2.600,46.800,25.640,42.925,-23.040,3.875,23.364,0.334,-0.088,0.345,
18:11:25.135,21.286,2.600,46.800,26.124,42.633,-23.524,4.167,23.890,0.379,0.273,0.467,
18:11:25.143,21.294,2.600,46.800,26.334,42.503,-23.734,4.297,24.120,0.402,0.580,0.705,
18:11:25.159,21.310,2.600,46.800,26.749,42.244,-24.149,4.556,24.575,0.429,0.939,1.032,
18:11:25.175,21.325,2.600,46.800,27.150,41.987,-24.550,4.813,25.017,0.450,1.316,1.391,
18:11:25.183,21.334,2.600,46.800,27.367,41.845,-24.767,4.955,25.258,0.463,1.592,1.658,
18:11:25.200,21.351,2.600,46.800,27.802,41.558,-25.202,5.242,25.742,0.480,1.885,1.945,
18:11:25.209,21.359,2.600,46.800,28.014,41.415,-25.414,5.385,25.978,0.489,2.080,2.137,
18:11:25.225,21.376,2.600,46.800,28.436,41.127,-25.836,5.673,26.451,0.502,2.264,2.319,
18:11:25.244,21.394,2.600,44.200,28.895,40.806,-26.295,3.394,26.513,-0.225,2.401,2.411,
18:11:25.252,21.403,2.600,44.200,29.101,40.659,-26.501,3.541,26.736,-0.606,2.477,2.550,
18:11:25.268,21.419,2.600,44.200,29.504,40.367,-26.904,3.833,27.175,-0.809,2.508,2.635,
18:11:25.284,21.435,2.600,44.200,29.911,40.067,-27.311,4.133,27.622,-0.842,2.506,2.644,
18:11:25.294,21.444,2.600,44.200,30.128,39.904,-27.528,4.296,27.861,-0.799,2.509,2.633,
18:11:25.312,21.463,7.800,46.800,30.570,39.566,-22.770,7.234,23.892,0.064,1.029,1.031,
18:11:25.321,21.472,7.800,46.800,30.782,39.401,-22.982,7.399,24.143,0.617,0.225,0.657,
18:11:25.337,21.488,7.800,46.800,31.175,39.092,-23.375,7.708,24.613,1.058,-0.278,1.094,
18:11:25.354,21.505,7.800,46.800,31.582,38.763,-23.782,8.037,25.103,1.363,-0.434,1.430,
18:11:25.363,21.513,7.800,46.800,31.785,38.597,-23.985,8.203,25.349,1.502,-0.364,1.545,
18:11:25.380,21.530,7.800,44.200,32.185,38.264,-24.385,5.936,25.097,0.868,-0.145,0.879,
18:11:25.397,21.548,7.800,44.200,32.593,37.917,-24.793,6.283,25.577,0.401,0.262,0.479,
18:11:25.416,21.567,7.800,44.200,33.035,37.533,-25.235,6.667,26.101,0.102,0.777,0.783,
18:11:25.434,21.585,10.400,46.800,33.454,37.160,-23.054,9.640,24.988,0.713,0.529,0.888,
18:11:25.442,21.593,10.400,46.800,33.638,36.993,-23.238,9.807,25.222,1.045,0.488,1.153,
18:11:25.459,21.610,10.400,46.800,34.021,36.641,-23.621,10.159,25.713,1.261,0.615,1.402,
18:11:25.475,21.626,10.400,46.800,34.375,36.309,-23.975,10.491,26.170,1.387,0.844,1.624,
18:11:25.484,21.635,10.400,46.800,34.575,36.119,-24.175,10.681,26.429,1.449,1.050,1.789,
18:11:25.502,21.652,10.400,44.200,34.955,35.751,-24.555,8.449,25.968,0.747,1.311,1.509,
18:11:25.510,21.661,10.400,44.200,35.139,35.570,-24.739,8.630,26.201,0.328,1.521,1.556,
18:11:25.526,21.676,10.400,44.200,35.478,35.232,-25.078,8.968,26.634,0.043,1.739,1.740,
18:11:25.544,21.694,10.400,44.200,35.866,34.837,-25.466,9.363,27.132,-0.100,1.955,1.957,
18:11:25.552,21.703,10.400,44.200,36.042,34.656,-25.642,9.544,27.360,-0.123,2.099,2.103,
18:11:25.569,21.719,13.000,44.200,36.396,34.283,-23.396,9.917,25.411,-0.072,1.511,1.512,
18:11:25.585,21.735,13.000,44.200,36.734,33.921,-23.734,10.279,25.864,0.064,1.162,1.164,
18:11:25.594,21.744,13.000,44.200,36.915,33.723,-23.915,10.477,26.109,0.197,1.012,1.031,
18:11:25.611,21.762,13.000,44.200,37.274,33.327,-24.274,10.873,26.597,0.374,0.958,1.029,
18:11:25.619,21.770,13.000,44.200,37.437,33.143,-24.437,11.057,26.822,0.515,1.005,1.129,
18:11:25.635,21.786,13.000,44.200,37.768,32.766,-24.768,11.434,27.280,0.679,1.096,1.290,
18:11:25.655,21.806,13.000,44.200,38.172,32.294,-25.172,11.906,27.845,0.862,1.285,1.548,
18:11:25.664,21.815,13.000,44.200,38.330,32.107,-25.330,12.093,28.069,0.971,1.464,1.757,
18:11:25.680,21.831,13.000,44.200,38.650,31.720,-25.650,12.480,28.526,1.076,1.634,1.957,
18:11:25.689,21.839,15.600,41.600,38.815,31.519,-23.215,10.081,25.309,0.508,1.150,1.257,
18:11:25.705,21.855,15.600,41.600,39.119,31.140,-23.519,10.460,25.740,0.126,0.845,0.854,
18:11:25.713,21.864,15.600,41.600,39.277,30.940,-23.677,10.660,25.966,-0.070,0.730,0.734,
18:11:25.730,21.880,15.600,41.600,39.594,30.533,-23.994,11.067,26.424,-0.137,0.729,0.742,
18:11:25.738,21.889,15.600,41.600,39.756,30.322,-24.156,11.278,26.659,-0.120,0.813,0.822,
18:11:25.756,21.906,18.200,41.600,40.077,29.897,-21.877,11.703,24.811,-0.014,0.256,0.256,
18:11:25.774,21.924,18.200,41.600,40.404,29.454,-22.204,12.146,25.308,0.190,0.052,0.197,
18:11:25.781,21.932,18.200,41.600,40.543,29.262,-22.343,12.338,25.523,0.355,0.052,0.359,
18:11:25.797,21.948,18.200,41.600,40.818,28.877,-22.618,12.723,25.951,0.549,0.174,0.576,
18:11:25.815,21.966,20.800,41.600,41.145,28.409,-20.345,13.191,24.248,0.775,-0.275,0.822,
18:11:25.823,21.974,20.800,41.600,41.282,28.210,-20.482,13.390,24.471,0.922,-0.402,1.006,
18:11:25.842,21.992,20.800,41.600,41.595,27.747,-20.795,13.853,24.987,1.086,-0.297,1.126,
18:11:25.850,22.001,20.800,41.600,41.734,27.537,-20.934,14.063,25.219,1.188,-0.113,1.194,
18:11:25.867,22.018,20.800,41.600,42.022,27.095,-21.222,14.505,25.705,1.292,0.197,1.307,
18:11:25.884,22.035,20.800,39.000,42.309,26.645,-21.509,12.355,24.804,0.636,0.611,0.882,
18:11:25.893,22.044,20.800,39.000,42.450,26.419,-21.650,12.581,25.040,0.286,0.928,0.971,
18:11:25.910,22.061,20.800,39.000,42.723,25.977,-21.923,13.023,25.499,0.100,1.270,1.274,
18:11:25.920,22.071,20.800,39.000,42.881,25.713,-22.081,13.287,25.771,0.047,1.528,1.529,
18:11:25.936,22.087,20.800,39.000,43.137,25.282,-22.337,13.718,26.213,0.090,1.776,1.778,
18:11:25.957,22.107,23.400,36.400,43.449,24.743,-20.049,11.657,23.192,-0.496,1.229,1.325,
18:11:25.974,22.125,23.400,36.400,43.717,24.265,-20.317,12.135,23.666,-0.671,0.950,1.163,
18:11:25.983,22.134,23.400,36.400,43.844,24.035,-20.444,12.365,23.893,-0.665,0.846,1.076,
18:11:25.999,22.150,23.400,36.400,44.082,23.596,-20.682,12.804,24.325,-0.508,0.826,0.970,
18:11:26.016,22.167,23.400,39.000,44.318,23.150,-20.918,15.850,26.244,0.501,0.899,1.030,
18:11:26.034,22.185,23.400,39.000,44.577,22.647,-21.177,16.353,26.756,1.310,1.043,1.675,
18:11:26.042,22.193,23.400,39.000,44.688,22.427,-21.288,16.573,26.979,1.762,1.180,2.121,
18:11:26.059,22.210,23.400,39.000,44.920,21.960,-21.520,17.040,27.449,2.126,1.319,2.502,
18:11:26.076,22.227,26.000,39.000,45.148,21.486,-19.148,17.514,25.950,2.338,0.739,2.452,
18:11:26.094,22.245,26.000,39.000,45.381,20.990,-19.381,18.010,26.458,2.406,0.459,2.450,
18:11:26.103,22.253,26.000,39.000,45.489,20.755,-19.489,18.245,26.696,2.395,0.380,2.425,
18:11:26.120,22.270,26.000,39.000,45.704,20.277,-19.704,18.723,27.181,2.321,0.406,2.357,
18:11:26.131,22.282,28.600,36.400,45.839,19.969,-17.239,16.431,23.815,1.559,-0.149,1.566,
18:11:26.147,22.298,28.600,36.400,46.036,19.511,-17.436,16.889,24.274,0.987,-0.417,1.071,
18:11:26.164,22.314,28.600,36.400,46.230,19.047,-17.630,17.353,24.738,0.627,-0.409,0.749,
18:11:26.172,22.323,28.600,36.400,46.331,18.801,-17.731,17.599,24.982,0.472,-0.293,0.555,
18:11:26.191,22.342,28.600,33.800,46.543,18.270,-17.943,15.530,23.730,-0.318,-0.039,0.321,
18:11:26.200,22.351,28.600,33.800,46.646,18.005,-18.046,15.795,23.981,-0.662,0.224,0.699,
18:11:26.217,22.368,28.600,33.800,46.831,17.517,-18.231,16.283,24.444,-0.769,0.549,0.945,
18:11:26.236,22.387,28.600,33.800,47.030,16.977,-18.430,16.823,24.953,-0.598,0.916,1.094,
18:11:26.254,22.404,31.200,36.400,47.213,16.460,-16.013,19.940,25.573,0.514,0.489,0.710,
18:11:26.262,22.412,31.200,36.400,47.293,16.230,-16.093,20.170,25.803,1.189,0.311,1.229,
18:11:26.279,22.430,31.200,36.400,47.463,15.725,-16.263,20.675,26.305,1.768,0.288,1.791,
18:11:26.296,22.447,31.200,36.400,47.621,15.239,-16.421,21.161,26.785,2.207,0.380,2.240,
18:11:26.316,22.466,31.200,33.800,47.804,14.655,-16.604,19.145,25.342,1.735,0.570,1.826,
18:11:26.336,22.486,31.200,33.800,47.982,14.061,-16.782,19.739,25.909,1.455,0.808,1.664,
18:11:26.353,22.504,31.200,33.800,48.128,13.553,-16.928,20.247,26.391,1.319,1.025,1.670,
18:11:26.361,22.512,31.200,33.800,48.194,13.316,-16.994,20.484,26.616,1.267,1.168,1.723,
18:11:26.377,22.528,31.200,33.800,48.325,12.833,-17.125,20.967,27.072,1.254,1.297,1.804,
18:11:26.397,22.548,31.200,33.800,48.478,12.243,-17.278,21.557,27.627,1.307,1.414,1.926,
18:11:26.417,22.567,31.200,33.800,48.623,11.655,-17.423,22.145,28.177,1.414,1.496,2.058,
18:11:26.435,22.586,33.800,31.200,48.752,11.101,-14.952,20.099,25.051,0.768,0.768,1.086,
18:11:26.453,22.603,33.800,31.200,48.870,10.571,-15.070,20.629,25.547,0.495,0.382,0.625,
18:11:26.461,22.611,33.800,31.200,48.920,10.335,-15.120,20.865,25.768,0.427,0.233,0.486,
18:11:26.476,22.627,33.800,31.200,49.017,9.867,-15.217,21.333,26.204,0.465,0.169,0.495,
18:11:26.494,22.645,33.800,31.200,49.123,9.324,-15.323,21.876,26.709,0.643,0.230,0.683,
18:11:26.502,22.653,33.800,31.200,49.168,9.083,-15.368,22.117,26.933,0.827,0.341,0.895,
18:11:26.519,22.670,33.800,31.200,49.258,8.581,-15.458,22.619,27.397,1.058,0.483,1.163,
18:11:26.535,22.686,33.800,31.200,49.342,8.086,-15.542,23.114,27.854,1.324,0.670,1.484,
18:11:26.553,22.704,36.400,26.000,49.427,7.550,-13.027,18.450,22.585,0.094,0.120,0.153,
18:11:26.560,22.711,36.400,26.000,49.459,7.337,-13.059,18.663,22.778,-0.489,-0.118,0.503,
18:11:26.575,22.726,36.400,26.000,49.524,6.881,-13.124,19.119,23.191,-0.761,-0.212,0.790,
18:11:26.582,22.733,36.400,26.000,49.555,6.656,-13.155,19.344,23.393,-0.815,-0.204,0.840,
18:11:26.598,22.749,36.400,26.000,49.616,6.187,-13.216,19.813,23.817,-0.685,-0.114,0.694,
18:11:26.616,22.766,36.400,23.400,49.680,5.646,-13.280,17.754,22.171,-1.056,0.084,1.059,
18:11:26.634,22.784,36.400,23.400,49.740,5.088,-13.340,18.312,22.656,-0.983,0.344,1.042,
18:11:26.642,22.793,36.400,23.400,49.765,4.845,-13.365,18.555,22.867,-0.798,0.538,0.963,
18:11:26.659,22.810,36.400,23.400,49.814,4.313,-13.414,19.087,23.329,-0.412,0.741,0.848,
18:11:26.676,22.826,39.000,23.400,49.855,3.808,-10.855,19.592,22.398,0.093,0.202,0.222,
18:11:26.694,22.844,39.000,23.400,49.894,3.252,-10.894,20.148,22.905,0.655,-0.067,0.659,
18:11:26.702,22.853,39.000,23.400,49.910,2.991,-10.910,20.409,23.143,1.027,-0.160,1.039,
18:11:26.718,22.868,39.000,23.400,49.937,2.518,-10.937,20.882,23.572,1.410,-0.152,1.418,
18:11:26.735,22.886,39.000,20.800,49.961,1.971,-10.961,18.829,21.787,1.035,-0.036,1.035,
18:11:26.744,22.895,39.000,20.800,49.971,1.708,-10.971,19.092,22.020,0.847,0.093,0.852,
18:11:26.761,22.912,39.000,20.800,49.986,1.197,-10.986,19.603,22.472,0.816,0.259,0.856,
18:11:26.769,22.920,39.000,20.800,49.991,0.945,-10.991,19.855,22.694,0.835,0.401,0.926,
18:11:26.786,22.936,39.000,20.800,49.998,0.432,-10.998,20.368,23.148,0.937,0.560,1.092,
18:11:26.794,22.944,41.600,23.400,50.000,0.198,-8.400,23.202,24.676,1.669,0.054,1.670,
18:11:26.810,22.961,41.600,23.400,49.999,-0.306,-8.399,23.706,25.150,2.274,-0.276,2.291,
18:11:26.829,22.979,41.600,23.400,49.992,-0.883,-8.392,24.283,25.692,2.711,-0.403,2.741,
18:11:26.845,22.996,41.600,23.400,49.980,-1.402,-8.380,24.802,26.180,2.952,-0.378,2.976,
18:11:26.865,23.015,41.600,23.400,49.960,-1.995,-8.360,25.395,26.735,3.027,-0.238,3.036,
18:11:26.873,23.023,41.600,23.400,49.950,-2.238,-8.350,25.638,26.964,3.030,-0.107,3.032,
18:11:26.890,23.041,41.600,23.400,49.923,-2.769,-8.323,26.169,27.461,2.943,0.061,2.943,
18:11:26.906,23.057,41.600,23.400,49.893,-3.272,-8.293,26.672,27.931,2.804,0.248,2.815,
18:11:26.925,23.076,41.600,20.800,49.852,-3.849,-8.252,24.649,25.993,1.869,0.436,1.920,
18:11:26.934,23.085,41.600,20.800,49.830,-4.117,-8.230,24.917,26.241,1.391,0.557,1.499,
18:11:26.952,23.102,41.600,20.800,49.783,-4.655,-8.183,25.455,26.738,1.044,0.666,1.238,
18:11:26.959,23.110,41.600,20.800,49.761,-4.887,-8.161,25.687,26.952,0.929,0.732,1.182,
18:11:26.975,23.126,41.600,20.800,49.711,-5.367,-8.111,26.167,27.396,0.867,0.780,1.167,
18:11:26.984,23.134,41.600,20.800,49.683,-5.624,-8.083,26.424,27.633,0.928,0.808,1.231,
18:11:27.000,23.151,41.600,20.800,49.624,-6.121,-8.024,26.921,28.092,1.035,0.815,1.317,
18:11:27.017,23.168,41.600,20.800,49.557,-6.644,-7.957,27.444,28.574,1.246,0.801,1.481,
18:11:27.034,23.185,41.600,20.800,49.484,-7.167,-7.884,27.967,29.057,1.512,0.769,1.697,
18:11:27.043,23.193,44.200,15.600,49.446,-7.421,-5.246,23.021,23.611,0.427,0.098,0.438,
18:11:27.060,23.210,44.200,15.600,49.366,-7.937,-5.166,23.537,24.098,-0.239,-0.386,0.454,
18:11:27.075,23.226,44.200,15.600,49.287,-8.416,-5.087,24.016,24.549,-0.469,-0.648,0.800,
18:11:27.083,23.234,44.200,15.600,49.244,-8.659,-5.044,24.259,24.778,-0.470,-0.743,0.879,
18:11:27.099,23.250,41.600,15.600,49.159,-9.134,-7.559,24.734,25.863,-0.301,-0.076,0.310,
18:11:27.117,23.267,41.600,15.600,49.058,-9.661,-7.458,25.261,26.339,0.076,0.457,0.463,
18:11:27.135,23.286,41.600,15.600,48.945,-10.215,-7.345,25.815,26.840,0.597,0.842,1.032,
18:11:27.143,23.294,41.600,15.600,48.894,-10.458,-7.294,26.058,27.060,0.986,1.056,1.445,
18:11:27.160,23.311,41.600,15.600,48.784,-10.961,-7.184,26.561,27.515,1.410,1.181,1.839,
18:11:27.169,23.320,41.600,15.600,48.722,-11.234,-7.122,26.834,27.763,1.729,1.226,2.119,
18:11:27.185,23.336,41.600,15.600,48.611,-11.705,-7.011,27.305,28.190,2.050,1.208,2.379,
18:11:27.194,23.344,41.600,15.600,48.548,-11.963,-6.948,27.563,28.425,2.270,1.163,2.551,
18:11:27.213,23.364,41.600,15.600,48.402,-12.540,-6.802,28.140,28.951,2.493,1.045,2.704,
18:11:27.222,23.372,44.200,10.400,48.335,-12.796,-4.135,23.196,23.561,1.322,0.304,1.357,
18:11:27.238,23.389,44.200,10.400,48.203,-13.285,-4.003,23.685,24.020,0.527,-0.273,0.593,
18:11:27.256,23.406,44.200,10.400,48.057,-13.803,-3.857,24.203,24.508,0.121,-0.641,0.652,
18:11:27.266,23.417,44.200,10.400,47.970,-14.103,-3.770,24.503,24.792,0.002,-0.798,0.798,
18:11:27.285,23.436,44.200,7.800,47.800,-14.668,-3.600,22.468,22.755,-0.639,-0.852,1.065,
18:11:27.304,23.455,44.200,7.800,47.631,-15.207,-3.431,23.007,23.261,-0.750,-0.762,1.069,
18:11:27.313,23.463,44.200,7.800,47.550,-15.460,-3.350,23.260,23.500,-0.639,-0.641,0.905,
18:11:27.330,23.481,44.200,7.800,47.378,-15.980,-3.178,23.780,23.991,-0.317,-0.481,0.576,
18:11:27.339,23.489,44.200,7.800,47.299,-16.211,-3.099,24.011,24.210,0.012,-0.340,0.340,
18:11:27.356,23.506,46.800,5.200,47.126,-16.707,-0.326,21.907,21.909,-0.234,-0.878,0.908,
18:11:27.374,23.525,46.800,5.200,46.930,-17.249,-0.130,22.449,22.450,-0.118,-1.146,1.152,
18:11:27.381,23.532,46.800,5.200,46.855,-17.453,-0.055,22.653,22.653,0.045,-1.240,1.241,
18:11:27.398,23.549,46.800,5.200,46.674,-17.931,0.126,23.131,23.131,0.365,-1.208,1.262,
18:11:27.416,23.567,46.800,2.600,46.477,-18.437,0.323,21.037,21.039,0.062,-1.055,1.056,
18:11:27.425,23.575,46.800,2.600,46.379,-18.682,0.421,21.282,21.286,-0.010,-0.910,0.910,
18:11:27.441,23.591,46.800,2.600,46.192,-19.139,0.608,21.739,21.748,0.128,-0.717,0.728,
18:11:27.450,23.600,46.800,2.600,46.088,-19.387,0.712,21.987,21.999,0.305,-0.564,0.641,
18:11:27.465,23.616,46.800,2.600,45.903,-19.823,0.897,22.423,22.440,0.588,-0.389,0.705,
18:11:27.473,23.623,46.800,2.600,45.812,-20.032,0.988,22.632,22.654,0.827,-0.273,0.871,
18:11:27.490,23.640,46.800,2.600,45.598,-20.515,1.202,23.115,23.146,1.152,-0.135,1.160,
18:11:27.505,23.656,46.800,2.600,45.400,-20.949,1.400,23.549,23.591,1.483,-0.031,1.483,
18:11:27.513,23.664,46.800,2.600,45.299,-21.165,1.501,23.765,23.813,1.708,0.019,1.708,
18:11:27.530,23.681,46.800,2.600,45.083,-21.623,1.717,24.223,24.284,1.944,0.065,1.945,
18:11:27.539,23.690,46.800,2.600,44.962,-21.873,1.838,24.473,24.542,2.104,0.074,2.106,
18:11:27.555,23.706,46.800,2.600,44.739,-22.326,2.061,24.926,25.011,2.251,0.069,2.252,
18:11:27.564,23.715,46.800,2.600,44.620,-22.562,2.180,25.162,25.256,2.338,0.046,2.338,
18:11:27.581,23.732,46.800,2.600,44.385,-23.020,2.415,25.620,25.734,2.396,0.007,2.396,
18:11:27.590,23.740,44.200,0.000,44.265,-23.250,-0.065,23.250,23.251,1.794,0.602,1.892,
18:11:27.608,23.759,44.200,0.000,43.994,-23.760,0.206,23.760,23.761,1.329,0.998,1.662,
18:11:27.627,23.777,44.200,0.000,43.724,-24.253,0.476,24.253,24.258,1.079,1.149,1.576,
18:11:27.644,23.794,46.800,-0.000,43.466,-24.713,3.334,24.713,24.937,1.005,0.371,1.072,
18:11:27.654,23.804,46.800,-0.000,43.317,-24.972,3.483,24.972,25.214,1.042,-0.107,1.047,
18:11:27.671,23.822,46.800,-0.000,43.048,-25.433,3.752,25.433,25.708,1.133,-0.495,1.237,
18:11:27.679,23.830,46.800,-0.000,42.916,-25.655,3.884,25.655,25.948,1.269,-0.719,1.458,
18:11:27.697,23.847,46.800,-0.000,42.641,-26.110,4.159,26.110,26.439,1.429,-0.910,1.694,
18:11:27.716,23.867,44.200,-2.600,42.326,-26.617,1.874,24.017,24.090,0.891,-0.250,0.925,
18:11:27.734,23.884,44.200,-2.600,42.033,-27.078,2.167,24.478,24.574,0.695,0.166,0.715,
18:11:27.742,23.893,44.200,-2.600,41.900,-27.284,2.300,24.684,24.791,0.677,0.380,0.777,
18:11:27.759,23.910,44.200,-2.600,41.603,-27.735,2.597,25.135,25.268,0.769,0.479,0.906,
18:11:27.775,23.926,44.200,-5.200,41.334,-28.134,2.866,22.934,23.112,0.251,0.478,0.540,
18:11:27.784,23.935,44.200,-5.200,41.179,-28.360,3.021,23.160,23.356,0.056,0.435,0.439,
18:11:27.800,23.951,44.200,-5.200,40.897,-28.765,3.303,23.565,23.795,0.067,0.332,0.339,
18:11:27.809,23.960,44.200,-5.200,40.735,-28.994,3.465,23.794,24.044,0.194,0.232,0.302,
18:11:27.827,23.977,44.200,-5.200,40.428,-29.421,3.772,24.221,24.513,0.450,0.084,0.457,
18:11:27.845,23.995,44.200,-5.200,40.098,-29.869,4.102,24.669,25.008,0.832,-0.087,0.837,
18:11:27.853,24.004,44.200,-5.200,39.946,-30.072,4.254,24.872,25.233,1.131,-0.195,1.148,
18:11:27.870,24.021,44.200,-5.200,39.627,-30.491,4.573,25.291,25.701,1.461,-0.324,1.496,
18:11:27.886,24.037,44.200,-5.200,39.324,-30.881,4.876,25.681,26.140,1.774,-0.433,1.827,
18:11:27.907,24.058,44.200,-7.800,38.927,-31.380,5.273,23.580,24.163,1.299,-0.534,1.404,
18:11:27.925,24.076,44.200,-7.800,38.568,-31.820,5.632,24.020,24.671,1.111,-0.601,1.263,
18:11:27.934,24.084,44.200,-7.800,38.405,-32.017,5.795,24.217,24.901,1.069,-0.627,1.239,
18:11:27.951,24.101,44.200,-7.800,38.069,-32.415,6.131,24.615,25.367,1.113,-0.656,1.292,
18:11:27.959,24.110,44.200,-7.800,37.904,-32.608,6.296,24.808,25.595,1.204,-0.664,1.375,
18:11:27.976,24.127,44.200,-7.800,37.563,-33.001,6.637,25.201,26.060,1.339,-0.674,1.499,
18:11:27.993,24.144,44.200,-7.800,37.209,-33.399,6.991,25.599,26.537,1.528,-0.677,1.671,
18:11:28.002,24.152,44.200,-7.800,37.036,-33.590,7.164,25.790,26.767,1.689,-0.676,1.819,
18:11:28.017,24.167,44.200,-7.800,36.725,-33.930,7.475,26.130,27.178,1.837,-0.675,1.957,
18:11:28.034,24.185,46.800,-10.400,36.364,-34.317,10.436,23.917,26.094,1.261,-1.406,1.888,
18:11:28.042,24.192,46.800,-10.400,36.202,-34.488,10.598,24.088,26.316,0.990,-1.801,2.055,
18:11:28.058,24.208,46.800,-10.400,35.865,-34.838,10.935,24.438,26.773,0.855,-2.032,2.205,
18:11:28.075,24.226,46.800,-10.400,35.478,-35.232,11.322,24.832,27.291,0.880,-2.098,2.275,
18:11:28.094,24.245,44.200,-10.400,35.065,-35.644,9.135,25.244,26.846,1.040,-1.251,1.627,
18:11:28.104,24.254,44.200,-10.400,34.866,-35.838,9.334,25.438,27.097,1.212,-0.764,1.433,
18:11:28.123,24.274,44.200,-10.400,34.440,-36.248,9.760,25.848,27.629,1.419,-0.383,1.470,
18:11:28.131,24.282,44.200,-10.400,34.250,-36.427,9.950,26.027,27.864,1.605,-0.195,1.616,
18:11:28.149,24.300,44.200,-13.000,33.855,-36.795,10.345,23.795,25.946,1.081,-0.063,1.083,
18:11:28.167,24.318,44.200,-13.000,33.440,-37.172,10.760,24.172,26.458,0.837,-0.059,0.840,
18:11:28.186,24.336,44.200,-13.000,33.014,-37.551,11.186,24.551,26.979,0.819,-0.159,0.834,
18:11:28.207,24.358,44.200,-15.600,32.518,-37.981,11.682,22.381,25.246,0.171,-0.337,0.378,
18:11:28.224,24.375,44.200,-15.600,32.110,-38.327,12.090,22.727,25.742,-0.003,-0.532,0.532,
18:11:28.233,24.383,44.200,-15.600,31.913,-38.491,12.287,22.891,25.981,0.021,-0.670,0.670,
18:11:28.248,24.399,44.200,-15.600,31.545,-38.793,12.655,23.193,26.420,0.168,-0.812,0.829,
18:11:28.266,24.416,44.200,-15.600,31.133,-39.124,13.067,23.524,26.910,0.465,-0.956,1.064,
18:11:28.275,24.426,44.200,-15.600,30.910,-39.301,13.290,23.701,27.173,0.748,-1.056,1.294,
18:11:28.291,24.442,44.200,-15.600,30.522,-39.603,13.678,24.003,27.627,1.070,-1.149,1.570,
18:11:28.300,24.451,44.200,-15.600,30.311,-39.765,13.889,24.165,27.872,1.332,-1.212,1.800,
18:11:28.315,24.466,44.200,-15.600,29.937,-40.047,14.263,24.447,28.304,1.601,-1.267,2.041,
18:11:28.323,24.473,44.200,-18.200,29.751,-40.186,14.449,21.986,26.309,1.179,-1.304,1.758,
18:11:28.340,24.491,44.200,-18.200,29.315,-40.505,14.885,22.305,26.815,0.926,-1.333,1.623,
18:11:28.349,24.500,44.200,-18.200,29.100,-40.659,15.100,22.459,27.064,0.832,-1.355,1.590,
18:11:28.368,24.518,44.200,-18.200,28.629,-40.993,15.571,22.793,27.604,0.863,-1.364,1.614,
18:11:28.386,24.536,41.600,-20.800,28.178,-41.304,13.422,20.504,24.506,0.260,-0.624,0.676,
18:11:28.394,24.545,41.600,-20.800,27.971,-41.444,13.629,20.644,24.737,0.017,-0.251,0.252,
18:11:28.410,24.561,41.600,-20.800,27.554,-41.722,14.046,20.922,25.200,-0.029,-0.039,0.048,
18:11:28.427,24.578,41.600,-20.800,27.124,-42.003,14.476,21.203,25.673,0.118,0.002,0.118,
18:11:28.445,24.595,39.000,-20.800,26.661,-42.299,12.339,21.499,24.788,0.407,0.641,0.759,
18:11:28.454,24.604,39.000,-20.800,26.432,-42.442,12.568,21.642,25.027,0.664,0.887,1.108,
18:11:28.472,24.622,39.000,-20.800,25.961,-42.732,13.039,21.932,25.515,0.975,0.885,1.317,
18:11:28.481,24.631,39.000,-20.800,25.726,-42.874,13.274,22.074,25.758,1.223,0.761,1.441,
18:11:28.497,24.648,39.000,-20.800,25.283,-43.137,13.717,22.337,26.212,1.484,0.498,1.565,
18:11:28.516,24.667,39.000,-23.400,24.783,-43.426,14.217,20.026,24.559,0.985,0.086,0.989,
18:11:28.537,24.688,39.000,-23.400,24.211,-43.747,14.789,20.347,25.154,0.767,-0.416,0.872,
18:11:28.555,24.705,39.000,-23.400,23.749,-44.000,15.251,20.600,25.631,0.745,-0.841,1.124,
18:11:28.564,24.715,39.000,-23.400,23.504,-44.131,15.496,20.731,25.883,0.792,-1.102,1.357,
18:11:28.580,24.731,39.000,-28.600,23.053,-44.368,15.947,15.768,22.426,-0.518,-1.361,1.456,
18:11:28.589,24.740,39.000,-28.600,22.817,-44.490,16.183,15.890,22.680,-1.182,-1.512,1.919,
18:11:28.607,24.758,39.000,-28.600,22.322,-44.741,16.678,16.141,23.209,-1.479,-1.668,2.229,
18:11:28.625,24.775,39.000,-28.600,21.842,-44.977,17.158,16.377,23.719,-1.387,-1.763,2.243,
18:11:28.634,24.784,36.400,-28.600,21.592,-45.098,14.808,16.498,22.169,-1.159,-1.137,1.623,
18:11:28.650,24.801,36.400,-28.600,21.138,-45.312,15.262,16.712,22.632,-0.772,-0.711,1.050,
18:11:28.668,24.818,36.400,-28.600,20.648,-45.538,15.752,16.938,23.131,-0.238,-0.478,0.534,
18:11:28.685,24.836,36.400,-28.600,20.162,-45.755,16.238,17.155,23.621,0.328,-0.407,0.522,
18:11:28.693,24.844,36.400,-28.600,19.929,-45.857,16.471,17.257,23.855,0.705,-0.429,0.826,
18:11:28.709,24.860,36.400,-28.600,19.483,-46.048,16.917,17.448,24.302,1.090,-0.511,1.204,
18:11:28.718,24.869,36.400,-28.600,19.223,-46.157,17.177,17.557,24.562,1.352,-0.628,1.491,
18:11:28.735,24.885,36.400,-28.600,18.757,-46.349,17.643,17.749,25.026,1.610,-0.790,1.793,
18:11:28.744,24.894,36.400,-28.600,18.509,-46.448,17.891,17.848,25.272,1.758,-0.942,1.994,
18:11:28.760,24.911,33.800,-28.600,18.028,-46.637,15.772,18.037,23.960,1.881,-0.419,1.927,
18:11:28.770,24.920,33.800,-28.600,17.763,-46.738,16.037,18.138,24.211,1.935,-0.160,1.942,
18:11:28.786,24.937,33.800,-28.600,17.284,-46.917,16.516,18.317,24.664,1.949,-0.081,1.950,
18:11:28.806,24.957,33.800,-28.600,16.703,-47.128,17.097,18.528,25.211,1.903,-0.191,1.913,
18:11:28.825,24.976,33.800,-31.200,16.163,-47.316,17.637,16.116,23.891,1.057,-0.428,1.140,
18:11:28.833,24.984,33.800,-31.200,15.922,-47.397,17.878,16.197,24.124,0.637,-0.622,0.890,
18:11:28.849,25.000,33.800,-31.200,15.451,-47.553,18.349,16.353,24.579,0.355,-0.854,0.925,
18:11:28.859,25.009,33.800,-31.200,15.186,-47.638,18.614,16.438,24.833,0.248,-1.044,1.073,
18:11:28.875,25.025,33.800,-31.200,14.711,-47.787,19.089,16.587,25.289,0.209,-1.260,1.277,
18:11:28.884,25.035,31.200,-33.800,14.440,-47.869,16.760,14.069,21.882,-0.369,-0.778,0.861,
18:11:28.901,25.052,31.200,-33.800,13.942,-48.017,17.258,14.217,22.359,-0.704,-0.499,0.863,
18:11:28.910,25.061,31.200,-33.800,13.675,-48.094,17.525,14.294,22.615,-0.780,-0.385,0.870,
18:11:28.927,25.078,31.200,-33.800,13.173,-48.233,18.027,14.433,23.093,-0.689,-0.406,0.800,
18:11:28.945,25.095,31.200,-33.800,12.650,-48.373,18.550,14.573,23.590,-0.412,-0.553,0.690,
18:11:28.954,25.104,31.200,-33.800,12.388,-48.441,18.812,14.641,23.838,-0.144,-0.705,0.720,
18:11:28.970,25.121,31.200,-33.800,11.895,-48.565,19.305,14.765,24.304,0.181,-0.907,0.925,
18:11:28.979,25.130,31.200,-33.800,11.633,-48.628,19.567,14.828,24.551,0.447,-1.080,1.169,
18:11:28.996,25.146,31.200,-33.800,11.141,-48.743,20.059,14.943,25.013,0.742,-1.281,1.480,
18:11:29.004,25.155,28.600,-33.800,10.891,-48.799,17.709,14.999,23.207,0.953,-0.802,1.246,
18:11:29.022,25.173,28.600,-33.800,10.346,-48.918,18.254,15.118,23.701,1.180,-0.518,1.289,
18:11:29.030,25.181,28.600,-33.800,10.102,-48.969,18.498,15.169,23.922,1.320,-0.409,1.381,
18:11:29.047,25.198,28.600,-33.800,9.605,-49.069,18.995,15.269,24.371,1.440,-0.428,1.502,
18:11:29.065,25.216,28.600,-36.400,9.040,-49.176,19.560,12.776,23.363,0.770,-0.588,0.969,
18:11:29.074,25.224,28.600,-36.400,8.800,-49.219,19.800,12.819,23.588,0.417,-0.746,0.855,
18:11:29.090,25.241,28.600,-36.400,8.299,-49.306,20.301,12.906,24.056,0.197,-0.954,0.974,
18:11:29.099,25.249,28.600,-36.400,8.041,-49.349,20.559,12.949,24.297,0.113,-1.133,1.138,
18:11:29.116,25.266,28.600,-36.400,7.528,-49.430,21.072,13.030,24.775,0.098,-1.344,1.347,
18:11:29.125,25.276,28.600,-33.800,7.249,-49.472,21.351,15.672,26.485,0.807,-1.510,1.712,
18:11:29.141,25.292,28.600,-33.800,6.762,-49.541,21.838,15.741,26.920,1.357,-1.679,2.159,
18:11:29.150,25.300,28.600,-33.800,6.500,-49.576,22.100,15.776,27.153,1.713,-1.801,2.485,
18:11:29.166,25.317,28.600,-33.800,5.982,-49.641,22.618,15.841,27.614,1.952,-1.916,2.736,
18:11:29.184,25.335,28.600,-36.400,5.450,-49.702,23.150,13.302,26.700,1.328,-2.009,2.408,
18:11:29.192,25.343,28.600,-36.400,5.192,-49.730,23.408,13.330,26.937,0.968,-2.070,2.285,
18:11:29.209,25.359,28.600,-36.400,4.691,-49.779,23.909,13.379,27.398,0.692,-2.103,2.214,
18:11:29.226,25.377,28.600,-36.400,4.152,-49.827,24.448,13.427,27.893,0.516,-2.120,2.182,
18:11:29.245,25.396,26.000,-39.000,3.575,-49.872,22.425,10.872,24.921,-0.312,-1.367,1.402,
18:11:29.254,25.405,26.000,-39.000,3.310,-49.890,22.690,10.890,25.168,-0.676,-1.005,1.211,
18:11:29.270,25.420,26.000,-39.000,2.822,-49.920,23.178,10.920,25.622,-0.846,-0.794,1.160,
18:11:29.279,25.429,26.000,-39.000,2.556,-49.935,23.444,10.935,25.868,-0.845,-0.740,1.123,
18:11:29.294,25.445,26.000,-39.000,2.079,-49.957,23.921,10.957,26.311,-0.741,-0.761,1.062,
18:11:29.303,25.453,26.000,-39.000,1.824,-49.967,24.176,10.967,26.547,-0.575,-0.861,1.035,
18:11:29.320,25.470,26.000,-39.000,1.294,-49.983,24.706,10.983,27.038,-0.327,-1.016,1.067,
18:11:29.337,25.488,26.000,-39.000,0.755,-49.994,25.245,10.994,27.535,0.001,-1.259,1.259,
18:11:29.355,25.506,26.000,-39.000,0.206,-50.000,25.794,11.000,28.041,0.338,-1.532,1.569,
18:11:29.364,25.514,23.400,-39.000,-0.057,-50.000,23.457,11.000,25.909,0.563,-1.082,1.220,
18:11:29.384,25.534,23.400,-39.000,-0.672,-49.995,24.072,10.995,26.464,0.798,-0.846,1.163,
18:11:29.392,25.543,23.400,-39.000,-0.927,-49.991,24.327,10.991,26.695,0.938,-0.796,1.230,
18:11:29.408,25.559,23.400,-39.000,-1.418,-49.980,24.818,10.980,27.138,1.056,-0.857,1.360,
18:11:29.424,25.575,20.800,-39.000,-1.923,-49.963,22.723,10.963,25.229,1.130,-0.308,1.171,
18:11:29.434,25.584,20.800,-39.000,-2.200,-49.952,23.000,10.952,25.475,1.165,-0.089,1.169,
18:11:29.450,25.601,20.800,-39.000,-2.700,-49.927,23.500,10.927,25.916,1.167,-0.083,1.170,
18:11:29.458,25.609,20.800,-39.000,-2.960,-49.912,23.760,10.912,26.146,1.158,-0.193,1.174,
18:11:29.476,25.627,20.800,-39.000,-3.503,-49.877,24.303,10.877,26.626,1.111,-0.440,1.195,
18:11:29.495,25.646,18.200,-41.600,-4.077,-49.833,22.277,8.233,23.750,0.291,-0.080,0.302,
18:11:29.504,25.655,18.200,-41.600,-4.351,-49.810,22.551,8.210,23.999,-0.137,-0.003,0.137,
18:11:29.520,25.671,18.200,-41.600,-4.838,-49.765,23.038,8.165,24.442,-0.409,-0.124,0.427,
18:11:29.536,25.687,18.200,-41.600,-5.342,-49.714,23.542,8.114,24.901,-0.514,-0.405,0.655,
18:11:29.557,25.708,18.200,-41.600,-5.968,-49.643,24.168,8.043,25.471,-0.464,-0.833,0.953,
18:11:29.576,25.726,18.200,-41.600,-6.541,-49.570,24.741,7.970,25.993,-0.297,-1.280,1.315,
18:11:29.584,25.735,18.200,-41.600,-6.795,-49.536,24.995,7.936,26.225,-0.144,-1.569,1.576,
18:11:29.599,25.750,18.200,-41.600,-7.260,-49.470,25.460,7.870,26.649,0.019,-1.849,1.849,
18:11:29.617,25.767,15.600,-41.600,-7.782,-49.391,23.382,7.791,24.646,0.205,-1.379,1.394,
18:11:29.636,25.787,15.600,-41.600,-8.371,-49.294,23.971,7.694,25.175,0.399,-1.170,1.237,
18:11:29.654,25.804,15.600,-41.600,-8.907,-49.200,24.507,7.600,25.658,0.554,-1.146,1.273,
18:11:29.663,25.814,15.600,-41.600,-9.178,-49.150,24.778,7.550,25.903,0.645,-1.188,1.352,
18:11:29.680,25.831,13.000,-44.200,-9.690,-49.052,22.690,4.852,23.203,0.002,-0.584,0.584,
18:11:29.689,25.839,13.000,-44.200,-9.946,-49.001,22.946,4.801,23.442,-0.354,-0.315,0.474,
18:11:29.707,25.858,13.000,-44.200,-10.499,-48.885,23.499,4.685,23.961,-0.567,-0.255,0.622,
18:11:29.723,25.874,13.000,-44.200,-10.992,-48.777,23.992,4.577,24.425,-0.628,-0.399,0.744,
18:11:29.732,25.883,13.000,-44.200,-11.257,-48.716,24.257,4.516,24.674,-0.604,-0.588,0.843,
18:11:29.749,25.899,13.000,-44.200,-11.746,-48.601,24.746,4.401,25.134,-0.518,-0.854,0.999,
18:11:29.765,25.915,13.000,-44.200,-12.227,-48.482,25.227,4.282,25.588,-0.369,-1.181,1.237,
18:11:29.774,25.924,13.000,-44.200,-12.486,-48.416,25.486,4.216,25.832,-0.237,-1.439,1.458,
18:11:29.789,25.940,13.000,-44.200,-12.943,-48.296,25.943,4.096,26.264,-0.091,-1.702,1.705,
18:11:29.805,25.956,10.400,-44.200,-13.433,-48.162,23.833,3.962,24.160,0.063,-1.243,1.244,
18:11:29.813,25.964,10.400,-44.200,-13.661,-48.098,24.061,3.898,24.374,0.166,-1.028,1.042,
18:11:29.829,25.980,10.400,-44.200,-14.121,-47.965,24.521,3.765,24.808,0.267,-0.960,0.997,
18:11:29.846,25.996,10.400,-44.200,-14.606,-47.819,25.006,3.619,25.266,0.349,-1.028,1.085,
18:11:29.854,26.005,10.400,-44.200,-14.866,-47.739,25.266,3.539,25.513,0.394,-1.134,1.200,
18:11:29.872,26.023,7.800,-44.200,-15.386,-47.574,23.186,3.374,23.430,0.423,-0.591,0.727,
18:11:29.881,26.031,7.800,-44.200,-15.633,-47.493,23.433,3.293,23.663,0.430,-0.363,0.563,
18:11:29.897,26.047,7.800,-44.200,-16.093,-47.339,23.893,3.139,24.098,0.418,-0.321,0.527,
18:11:29.915,26.066,7.800,-44.200,-16.634,-47.152,24.434,2.952,24.612,0.383,-0.483,0.617,
18:11:29.923,26.074,7.800,-44.200,-16.860,-47.072,24.660,2.872,24.826,0.359,-0.676,0.766,
18:11:29.939,26.090,5.200,-46.800,-17.326,-46.902,22.526,0.102,22.526,-0.379,-0.243,0.451,
18:11:29.956,26.106,5.200,-46.800,-17.801,-46.724,23.001,-0.076,23.001,-0.865,-0.131,0.874,
18:11:29.974,26.124,5.200,-46.800,-18.318,-46.524,23.518,-0.276,23.520,-1.120,-0.278,1.154,
18:11:29.982,26.132,5.200,-46.800,-18.539,-46.436,23.739,-0.364,23.741,-1.203,-0.452,1.285,
18:11:30.000,26.150,5.200,-46.800,-19.053,-46.227,24.253,-0.573,24.260,-1.193,-0.743,1.405,
18:11:30.008,26.159,5.200,-46.800,-19.297,-46.126,24.497,-0.674,24.507,-1.112,-1.004,1.498,
18:11:30.026,26.177,5.200,-46.800,-19.795,-45.915,24.995,-0.885,25.011,-0.966,-1.329,1.643,
18:11:30.045,26.196,5.200,-46.800,-20.332,-45.679,25.532,-1.121,25.557,-0.749,-1.683,1.843,
18:11:30.053,26.204,5.200,-46.800,-20.559,-45.578,25.759,-1.222,25.788,-0.593,-1.912,2.002,
18:11:30.069,26.220,5.200,-46.800,-21.012,-45.371,26.212,-1.429,26.251,-0.424,-2.123,2.165,
18:11:30.085,26.236,5.200,-46.800,-21.459,-45.161,26.659,-1.639,26.709,-0.270,-2.294,2.309,
18:11:30.094,26.245,5.200,-46.800,-21.699,-45.046,26.899,-1.754,26.957,-0.174,-2.404,2.411,
18:11:30.115,26.266,2.600,-44.200,-22.288,-44.758,24.888,0.558,24.894,0.677,-1.738,1.865,
18:11:30.134,26.284,2.600,-44.200,-22.792,-44.503,25.392,0.303,25.394,1.153,-1.353,1.778,
18:11:30.142,26.292,2.600,-44.200,-23.009,-44.391,25.609,0.191,25.609,1.345,-1.202,1.803,
18:11:30.158,26.308,2.600,-44.200,-23.447,-44.161,26.047,-0.039,26.047,1.391,-1.135,1.795,
18:11:30.176,26.327,2.600,-46.800,-23.942,-43.895,26.542,-2.905,26.700,0.523,-1.195,1.305,
18:11:30.197,26.348,2.600,-46.800,-24.509,-43.581,27.109,-3.219,27.299,-0.187,-1.371,1.384,
18:11:30.215,26.366,2.600,-46.800,-24.986,-43.309,27.586,-3.491,27.806,-0.658,-1.594,1.724,
18:11:30.232,26.383,-0.000,-44.200,-25.447,-43.040,25.447,-1.160,25.473,-0.198,-1.060,1.079,
18:11:30.240,26.391,-0.000,-44.200,-25.658,-42.914,25.658,-1.286,25.690,0.054,-0.854,0.855,
18:11:30.257,26.408,-0.000,-44.200,-26.090,-42.653,26.090,-1.547,26.136,0.176,-0.797,0.816,
18:11:30.274,26.425,-0.000,-44.200,-26.540,-42.375,26.540,-1.825,26.603,0.227,-0.901,0.929,
18:11:30.282,26.433,-0.000,-44.200,-26.756,-42.239,26.756,-1.961,26.828,0.244,-1.052,1.080,
18:11:30.298,26.449,0.000,-44.200,-27.152,-41.985,27.152,-2.215,27.242,0.206,-1.247,1.264,
18:11:30.315,26.465,0.000,-44.200,-27.583,-41.703,27.583,-2.497,27.696,0.127,-1.501,1.506,
18:11:30.322,26.473,0.000,-44.200,-27.782,-41.571,27.782,-2.629,27.906,0.068,-1.710,1.711,
18:11:30.339,26.490,0.000,-44.200,-28.208,-41.283,28.208,-2.917,28.359,-0.027,-1.924,1.924,
18:11:30.355,26.505,-2.600,-44.200,-28.598,-41.014,25.998,-3.186,26.193,-0.125,-1.412,1.418,
18:11:30.362,26.513,-2.600,-44.200,-28.793,-40.878,26.193,-3.322,26.403,-0.188,-1.170,1.185,
18:11:30.380,26.530,-2.600,-44.200,-29.224,-40.570,26.624,-3.630,26.870,-0.275,-1.066,1.101,
18:11:30.396,26.546,-2.600,-44.200,-29.625,-40.279,27.025,-3.921,27.308,-0.352,-1.114,1.168,
18:11:30.413,26.563,-5.200,-44.200,-30.041,-39.969,24.841,-4.231,25.198,-0.416,-0.528,0.672,
18:11:30.420,26.571,-5.200,-44.200,-30.216,-39.837,25.016,-4.363,25.394,-0.445,-0.299,0.536,
18:11:30.436,26.587,-5.200,-44.200,-30.620,-39.527,25.420,-4.673,25.846,-0.485,-0.253,0.547,
18:11:30.455,26.606,-5.200,-44.200,-31.076,-39.170,25.876,-5.030,26.361,-0.519,-0.437,0.678,
18:11:30.473,26.624,-7.800,-46.800,-31.507,-38.824,23.707,-7.976,25.013,-1.295,-0.014,1.295,
18:11:30.482,26.633,-7.800,-46.800,-31.719,-38.651,23.919,-8.149,25.270,-1.686,0.085,1.688,
18:11:30.500,26.651,-7.800,-46.800,-32.149,-38.294,24.349,-8.506,25.792,-1.896,-0.049,1.897,
18:11:30.509,26.660,-7.800,-46.800,-32.349,-38.125,24.549,-8.675,26.037,-1.960,-0.251,1.976,
18:11:30.525,26.675,-7.800,-46.800,-32.715,-37.812,24.915,-8.988,26.486,-1.930,-0.551,2.007,
18:11:30.533,26.684,-10.400,-44.200,-32.916,-37.637,22.516,-6.563,23.453,-1.212,-0.201,1.228,
18:11:30.551,26.702,-10.400,-44.200,-33.326,-37.275,22.926,-6.925,23.949,-0.592,-0.114,0.603,
18:11:30.560,26.710,-10.400,-44.200,-33.516,-37.104,23.116,-7.096,24.181,-0.219,-0.171,0.278,
18:11:30.578,26.729,-10.400,-44.200,-33.937,-36.719,23.537,-7.481,24.697,0.073,-0.412,0.418,
18:11:30.595,26.745,-10.400,-44.200,-34.307,-36.373,23.907,-7.827,25.156,0.204,-0.757,0.784,
18:11:30.603,26.754,-10.400,-44.200,-34.502,-36.188,24.102,-8.012,25.399,0.221,-1.036,1.059,
18:11:30.622,26.772,-10.400,-44.200,-34.906,-35.799,24.506,-8.401,25.906,0.168,-1.372,1.382,
18:11:30.631,26.782,-10.400,-44.200,-35.111,-35.598,24.711,-8.602,26.165,0.067,-1.625,1.626,
18:11:30.648,26.799,-13.000,-41.600,-35.487,-35.223,22.487,-6.377,23.374,0.627,-1.175,1.332,
18:11:30.665,26.816,-13.000,-41.600,-35.847,-34.857,22.847,-6.743,23.821,0.868,-0.963,1.296,
18:11:30.674,26.825,-13.000,-41.600,-36.041,-34.656,23.041,-6.944,24.065,0.921,-0.899,1.287,
18:11:30.691,26.841,-13.000,-41.600,-36.391,-34.288,23.391,-7.312,24.508,0.818,-0.939,1.245,
18:11:30.699,26.850,-13.000,-41.600,-36.572,-34.095,23.572,-7.505,24.738,0.673,-1.029,1.230,
18:11:30.715,26.866,-13.000,-44.200,-36.905,-33.735,23.905,-10.465,26.096,-0.258,-1.168,1.197,
18:11:30.724,26.875,-13.000,-44.200,-37.079,-33.543,24.079,-10.657,26.332,-0.870,-1.315,1.577,
18:11:30.741,26.892,-13.000,-44.200,-37.436,-33.145,24.436,-11.055,26.820,-1.403,-1.490,2.046,
18:11:30.749,26.900,-13.000,-44.200,-37.589,-32.971,24.589,-11.229,27.032,-1.696,-1.641,2.360,
18:11:30.765,26.915,-13.000,-44.200,-37.903,-32.609,24.903,-11.591,27.468,-1.924,-1.787,2.625,
18:11:30.774,26.924,-15.600,-44.200,-38.078,-32.405,22.478,-11.795,25.384,-2.017,-1.280,2.388,
18:11:30.790,26.941,-15.600,-44.200,-38.404,-32.017,22.804,-12.183,25.854,-2.048,-0.939,2.253,
18:11:30.800,26.951,-15.600,-44.200,-38.597,-31.785,22.997,-12.415,26.134,-2.001,-0.795,2.153,
18:11:30.816,26.967,-15.600,-44.200,-38.916,-31.394,23.316,-12.806,26.601,-1.900,-0.769,2.050,
18:11:30.834,26.985,-18.200,-44.200,-39.254,-30.969,21.054,-13.231,24.866,-1.739,-0.139,1.744,
18:11:30.842,26.993,-18.200,-44.200,-39.406,-30.776,21.206,-13.424,25.098,-1.618,0.110,1.622,
18:11:30.859,27.010,-18.200,-44.200,-39.725,-30.364,21.525,-13.836,25.588,-1.466,0.155,1.474,
18:11:30.876,27.027,-18.200,-44.200,-40.047,-29.938,21.847,-14.262,26.090,-1.319,-0.022,1.319,
18:11:30.894,27.044,-18.200,-41.600,-40.366,-29.505,22.166,-12.095,25.252,-0.456,-0.345,0.572,
18:11:30.903,27.054,-18.200,-41.600,-40.537,-29.270,22.337,-12.330,25.514,-0.015,-0.635,0.636,
18:11:30.919,27.070,-18.200,-41.600,-40.823,-28.870,22.623,-12.730,25.959,0.243,-0.959,0.990,
18:11:30.936,27.086,-18.200,-41.600,-41.112,-28.458,22.912,-13.142,26.413,0.305,-1.297,1.332,
18:11:30.956,27.107,-20.800,-44.200,-41.463,-27.944,20.663,-16.256,26.291,-0.587,-0.870,1.049,
18:11:30.973,27.124,-20.800,-44.200,-41.756,-27.504,20.956,-16.696,26.794,-1.233,-0.727,1.431,
18:11:30.981,27.132,-20.800,-44.200,-41.892,-27.296,21.092,-16.904,27.030,-1.605,-0.709,1.755,
18:11:31.001,27.152,-20.800,-44.200,-42.230,-26.769,21.430,-17.431,27.624,-1.905,-0.808,2.069,
18:11:31.009,27.160,-20.800,-41.600,-42.356,-26.570,21.556,-15.030,26.279,-1.416,-0.930,1.694,
18:11:31.025,27.176,-20.800,-41.600,-42.615,-26.152,21.815,-15.448,26.731,-1.071,-1.087,1.526,
18:11:31.044,27.194,-20.800,-41.600,-42.910,-25.667,22.110,-15.933,27.253,-0.856,-1.295,1.552,
18:11:31.052,27.203,-20.800,-41.600,-43.039,-25.449,22.239,-16.151,27.485,-0.761,-1.458,1.644,
18:11:31.068,27.218,-20.800,-39.000,-43.279,-25.038,22.479,-13.962,26.462,-0.033,-1.608,1.608,
18:11:31.085,27.235,-20.800,-39.000,-43.540,-24.583,22.740,-14.417,26.925,0.359,-1.750,1.786,
18:11:31.092,27.242,-20.800,-39.000,-43.645,-24.395,22.845,-14.605,27.115,0.494,-1.854,1.919,
18:11:31.108,27.259,-20.800,-39.000,-43.892,-23.948,23.092,-15.052,27.565,0.477,-1.929,1.987,
18:11:31.126,27.277,-23.400,-39.000,-44.157,-23.456,20.757,-15.544,25.931,0.274,-1.248,1.278,
18:11:31.144,27.295,-23.400,-39.000,-44.407,-22.978,21.007,-16.022,26.420,-0.055,-0.858,0.860,
18:11:31.153,27.304,-23.400,-39.000,-44.532,-22.736,21.132,-16.264,26.666,-0.327,-0.703,0.775,
18:11:31.171,27.322,-23.400,-39.000,-44.783,-22.236,21.383,-16.764,27.171,-0.660,-0.645,0.923,
18:11:31.180,27.331,-26.000,-39.000,-44.901,-21.999,18.901,-17.001,25.422,-0.906,-0.054,0.908,
18:11:31.196,27.347,-26.000,-39.000,-45.114,-21.557,19.114,-17.443,25.877,-1.171,0.288,1.206,
18:11:31.215,27.366,-26.000,-39.000,-45.369,-21.015,19.369,-17.985,26.432,-1.435,0.322,1.471,
18:11:31.233,27.384,-26.000,-39.000,-45.596,-20.518,19.596,-18.482,26.937,-1.636,0.125,1.641,
18:11:31.242,27.392,-26.000,-39.000,-45.702,-20.280,19.702,-18.720,27.178,-1.746,-0.098,1.748,
18:11:31.260,27.411,-26.000,-39.000,-45.926,-19.768,19.926,-19.232,27.693,-1.836,-0.402,1.879,
18:11:31.269,27.420,-26.000,-39.000,-46.032,-19.520,20.032,-19.480,27.942,-1.881,-0.674,1.998,
18:11:31.285,27.436,-26.000,-39.000,-46.226,-19.057,20.226,-19.943,28.404,-1.903,-0.976,2.138,
18:11:31.294,27.445,-31.200,-36.400,-46.329,-18.804,15.129,-17.596,23.206,-1.270,0.071,1.272,
18:11:31.310,27.461,-31.200,-36.400,-46.512,-18.347,15.312,-18.053,23.672,-0.812,0.721,1.086,
18:11:31.319,27.470,-31.200,-36.400,-46.610,-18.097,15.410,-18.303,23.927,-0.574,1.014,1.165,
18:11:31.336,27.487,-31.200,-36.400,-46.801,-17.597,15.601,-18.803,24.433,-0.453,1.036,1.131,
18:11:31.354,27.505,-31.200,-33.800,-46.992,-17.079,15.792,-16.721,23.000,0.250,0.784,0.823,
18:11:31.363,27.514,-31.200,-33.800,-47.080,-16.837,15.880,-16.963,23.236,0.536,0.516,0.743,
18:11:31.380,27.531,-31.200,-33.800,-47.253,-16.344,16.053,-17.456,23.716,0.589,0.133,0.604,
18:11:31.389,27.539,-31.200,-33.800,-47.339,-16.093,16.139,-17.707,23.959,0.494,-0.188,0.529,
18:11:31.405,27.556,-31.200,-33.800,-47.501,-15.610,16.301,-18.190,24.425,0.260,-0.569,0.626,
18:11:31.416,27.566,-31.200,-33.800,-47.598,-15.312,16.398,-18.488,24.712,-0.020,-0.868,0.868,
18:11:31.434,27.584,-31.200,-33.800,-47.763,-14.790,16.563,-19.010,25.213,-0.408,-1.189,1.257,
18:11:31.442,27.593,-31.200,-33.800,-47.837,-14.546,16.637,-19.254,25.447,-0.714,-1.385,1.558,
18:11:31.460,27.610,-31.200,-33.800,-47.993,-14.023,16.793,-19.777,25.945,-1.078,-1.575,1.909,
18:11:31.469,27.620,-33.800,-31.200,-48.071,-13.754,14.271,-17.446,22.539,-0.692,-1.031,1.242,
18:11:31.485,27.636,-33.800,-31.200,-48.208,-13.266,14.408,-17.934,23.005,-0.520,-0.659,0.839,
18:11:31.494,27.645,-33.800,-31.200,-48.279,-13.005,14.479,-18.195,23.253,-0.470,-0.460,0.657,
18:11:31.512,27.663,-33.800,-31.200,-48.419,-12.473,14.619,-18.727,23.758,-0.561,-0.364,0.669,
18:11:31.521,27.671,-33.800,-31.200,-48.483,-12.224,14.683,-18.976,23.993,-0.673,-0.362,0.764,
18:11:31.536,27.687,-33.800,-28.600,-48.598,-11.758,14.798,-16.842,22.419,-0.162,-0.409,0.440,
18:11:31.553,27.703,-33.800,-28.600,-48.711,-11.278,14.911,-17.322,22.856,0.056,-0.524,0.527,
18:11:31.560,27.711,-33.800,-28.600,-48.763,-11.053,14.963,-17.547,23.060,0.104,-0.638,0.647,
18:11:31.577,27.727,-33.800,-28.600,-48.871,-10.567,15.071,-18.033,23.502,-0.002,-0.764,0.764,
18:11:31.595,27.745,-36.400,-28.600,-48.984,-10.026,12.584,-18.574,22.436,-0.254,-0.181,0.312,
18:11:31.603,27.754,-36.400,-28.600,-49.036,-9.772,12.636,-18.828,22.675,-0.482,0.093,0.491,
18:11:31.618,27.769,-36.400,-28.600,-49.125,-9.315,12.725,-19.285,23.105,-0.758,0.212,0.787,
18:11:31.635,27.785,-36.400,-28.600,-49.215,-8.823,12.815,-19.777,23.566,-1.063,0.182,1.079,
18:11:31.642,27.793,-36.400,-28.600,-49.254,-8.606,12.854,-19.994,23.769,-1.274,0.100,1.278,
18:11:31.659,27.809,-36.400,-28.600,-49.339,-8.102,12.939,-20.498,24.240,-1.511,-0.040,1.512,
18:11:31.676,27.827,-36.400,-28.600,-49.423,-7.575,13.023,-21.025,24.731,-1.734,-0.258,1.753,
18:11:31.694,27.845,-36.400,-28.600,-49.505,-7.017,13.105,-21.583,25.251,-1.912,-0.511,1.979,
18:11:31.702,27.853,-36.400,-28.600,-49.539,-6.773,13.139,-21.827,25.476,-2.008,-0.690,2.123,
18:11:31.719,27.870,-36.400,-28.600,-49.607,-6.255,13.207,-22.345,25.957,-2.080,-0.865,2.252,
18:11:31.736,27.886,-36.400,-28.600,-49.667,-5.760,13.267,-22.840,26.414,-2.118,-1.017,2.350,
18:11:31.745,27.896,-36.400,-28.600,-49.699,-5.483,13.299,-23.117,26.670,-2.139,-1.117,2.413,
18:11:31.762,27.913,-36.400,-28.600,-49.754,-4.959,13.354,-23.641,27.152,-2.129,-1.193,2.440,
18:11:31.771,27.921,-36.400,-28.600,-49.778,-4.707,13.378,-23.893,27.383,-2.132,-1.240,2.466,
18:11:31.789,27.940,-36.400,-26.000,-49.829,-4.134,13.429,-21.866,25.660,-1.380,-1.256,1.867,
18:11:31.806,27.957,-36.400,-26.000,-49.868,-3.632,13.468,-22.368,26.109,-0.929,-1.252,1.559,
18:11:31.825,27.976,-36.400,-26.000,-49.908,-3.032,13.508,-22.968,26.646,-0.720,-1.220,1.417,
18:11:31.844,27.994,-36.400,-26.000,-49.939,-2.466,13.539,-23.534,27.151,-0.715,-1.178,1.378,
18:11:31.852,28.003,-36.400,-26.000,-49.951,-2.206,13.551,-23.794,27.382,-0.804,-1.165,1.415,
18:11:31.870,28.021,-36.400,-26.000,-49.973,-1.654,13.573,-24.346,27.874,-0.949,-1.114,1.463,
18:11:31.879,28.030,-36.400,-26.000,-49.981,-1.387,13.581,-24.613,28.112,-1.125,-1.101,1.574,
18:11:31.898,28.049,-39.000,-26.000,-49.993,-0.808,10.993,-25.192,27.486,-1.346,-0.328,1.385,
18:11:31.916,28.066,-39.000,-26.000,-49.999,-0.260,10.999,-25.740,27.992,-1.606,0.136,1.612,
18:11:31.933,28.084,-39.000,-26.000,-49.999,0.282,10.999,-26.282,28.491,-1.854,0.337,1.884,
18:11:31.940,28.091,-39.000,-26.000,-49.998,0.497,10.998,-26.497,28.688,-2.019,0.370,2.052,
18:11:31.958,28.109,-41.600,-23.400,-49.989,1.039,8.389,-24.439,25.839,-1.458,1.042,1.792,
18:11:31.976,28.127,-41.600,-23.400,-49.974,1.607,8.374,-25.007,26.372,-1.152,1.309,1.744,
18:11:31.996,28.147,-41.600,-23.400,-49.951,2.205,8.351,-25.605,26.932,-1.069,1.241,1.638,
18:11:32.014,28.165,-41.600,-18.200,-49.923,2.771,8.323,-20.971,22.562,0.399,0.976,1.054,
18:11:32.022,28.173,-41.600,-18.200,-49.909,3.014,8.309,-21.214,22.783,1.030,0.740,1.269,
18:11:32.040,28.190,-41.600,-18.200,-49.874,3.549,8.274,-21.749,23.269,1.271,0.427,1.341,
18:11:32.049,28.200,-41.600,-18.200,-49.852,3.840,8.252,-22.040,23.535,1.219,0.162,1.230,
18:11:32.070,28.220,-44.200,-20.800,-49.801,4.452,5.601,-25.252,25.866,0.142,0.564,0.581,
18:11:32.086,28.236,-44.200,-20.800,-49.755,4.941,5.555,-25.741,26.334,-0.826,0.701,1.083,
18:11:32.104,28.255,-44.200,-20.800,-49.695,5.512,5.495,-26.312,26.879,-1.669,0.641,1.788,
18:11:32.112,28.263,-44.200,-20.800,-49.667,5.757,5.467,-26.557,27.114,-2.173,0.560,2.244,
18:11:32.128,28.279,-41.600,-15.600,-49.609,6.238,8.009,-21.838,23.261,-1.215,-0.288,1.249,
18:11:32.145,28.296,-41.600,-15.600,-49.544,6.741,7.944,-22.341,23.711,-0.655,-0.925,1.133,
18:11:32.154,28.305,-41.600,-15.600,-49.506,7.012,7.906,-22.612,23.954,-0.400,-1.288,1.349,
18:11:32.172,28.322,-41.600,-15.600,-49.426,7.551,7.826,-23.151,24.438,-0.365,-1.538,1.581,
18:11:32.183,28.334,-44.200,-15.600,-49.373,7.896,5.173,-23.496,24.059,-0.459,-0.954,1.059,
18:11:32.200,28.350,-44.200,-15.600,-49.290,8.399,5.090,-23.999,24.533,-0.670,-0.510,0.842,
18:11:32.209,28.359,-44.200,-15.600,-49.243,8.666,5.043,-24.266,24.784,-0.885,-0.233,0.915,
18:11:32.228,28.379,-44.200,-15.600,-49.136,9.257,4.936,-24.857,25.342,-1.194,-0.014,1.194,
18:11:32.247,28.397,-44.200,-13.000,-49.027,9.815,4.827,-22.815,23.320,-0.783,0.108,0.790,
18:11:32.265,28.416,-44.200,-13.000,-48.915,10.362,4.715,-23.362,23.833,-0.683,0.143,0.698,
18:11:32.273,28.424,-44.200,-13.000,-48.864,10.597,4.664,-23.597,24.054,-0.705,0.126,0.716,
18:11:32.290,28.440,-44.200,-13.000,-48.752,11.100,4.552,-24.100,24.526,-0.837,0.095,0.843,
18:11:32.306,28.457,-41.600,-13.000,-48.635,11.603,7.035,-24.603,25.589,-1.067,-0.701,1.277,
18:11:32.325,28.475,-41.600,-13.000,-48.501,12.152,6.901,-25.152,26.082,-1.356,-1.214,1.821,
18:11:32.332,28.483,-41.600,-13.000,-48.444,12.375,6.844,-25.375,26.282,-1.564,-1.469,2.145,
18:11:32.349,28.500,-41.600,-13.000,-48.315,12.871,6.715,-25.871,26.728,-1.781,-1.584,2.384,
18:11:32.366,28.516,-44.200,-10.400,-48.181,13.363,3.981,-23.763,24.094,-1.265,-0.832,1.514,
18:11:32.384,28.535,-44.200,-10.400,-48.024,13.916,3.824,-24.316,24.615,-1.027,-0.267,1.061,
18:11:32.392,28.543,-44.200,-10.400,-47.956,14.151,3.756,-24.551,24.836,-0.961,0.038,0.962,
18:11:32.413,28.564,-44.200,-10.400,-47.768,14.771,3.568,-25.171,25.423,-1.023,0.298,1.065,
18:11:32.422,28.573,-41.600,-10.400,-47.689,15.026,6.089,-25.426,26.145,-1.143,-0.262,1.173,
18:11:32.440,28.591,-41.600,-10.400,-47.515,15.566,5.915,-25.966,26.631,-1.321,-0.644,1.470,
18:11:32.450,28.601,-41.600,-10.400,-47.423,15.845,5.823,-26.245,26.883,-1.502,-0.880,1.741,
18:11:32.466,28.617,-41.600,-10.400,-47.264,16.313,5.664,-26.713,27.307,-1.697,-0.999,1.969,
18:11:32.485,28.636,-44.200,-5.200,-47.070,16.865,2.870,-22.065,22.251,-0.409,-0.262,0.486,
18:11:32.503,28.654,-44.200,-5.200,-46.882,17.380,2.682,-22.580,22.739,0.230,0.218,0.317,
18:11:32.512,28.663,-44.200,-5.200,-46.786,17.637,2.586,-22.837,22.983,0.449,0.455,0.639,
18:11:32.530,28.681,-44.200,-5.200,-46.592,18.143,2.392,-23.343,23.466,0.415,0.612,0.740,
18:11:32.539,28.690,-46.800,-7.800,-46.489,18.407,-0.311,-26.207,26.209,-0.414,1.301,1.365,
18:11:32.557,28.708,-46.800,-7.800,-46.286,18.910,-0.514,-26.710,26.715,-1.193,1.736,2.106,
18:11:32.575,28.725,-46.800,-7.800,-46.076,19.417,-0.724,-27.217,27.227,-1.886,1.859,2.648,
18:11:32.584,28.735,-46.800,-7.800,-45.963,19.683,-0.837,-27.483,27.495,-2.332,1.819,2.958,
18:11:32.602,28.753,-46.800,-2.600,-45.747,20.179,-1.053,-22.779,22.803,-1.262,1.641,2.071,
18:11:32.611,28.761,-46.800,-2.600,-45.638,20.424,-1.162,-23.024,23.053,-0.679,1.441,1.593,
18:11:32.632,28.782,-46.800,-2.600,-45.372,21.010,-1.428,-23.610,23.653,-0.391,1.114,1.180,
18:11:32.641,28.791,-46.800,-2.600,-45.256,21.258,-1.544,-23.858,23.908,-0.316,0.867,0.922,
18:11:32.659,28.809,-46.800,-2.600,-45.017,21.759,-1.783,-24.359,24.424,-0.393,0.573,0.695,
18:11:32.676,28.826,-46.800,-2.600,-44.786,22.232,-2.014,-24.832,24.913,-0.635,0.315,0.709,
18:11:32.696,28.847,-46.800,-2.600,-44.502,22.795,-2.298,-25.395,25.499,-0.999,0.094,1.004,
18:11:32.714,28.865,-46.800,0.000,-44.241,23.297,-2.559,-23.297,23.437,-0.615,-0.039,0.616,
18:11:32.723,28.874,-46.800,0.000,-44.121,23.523,-2.679,-23.523,23.675,-0.504,-0.085,0.511,
18:11:32.740,28.891,-46.800,0.000,-43.872,23.985,-2.928,-23.985,24.163,-0.569,-0.114,0.581,
18:11:32.749,28.900,-46.800,0.000,-43.732,24.239,-3.068,-24.239,24.433,-0.701,-0.099,0.708,
18:11:32.766,28.917,-46.800,0.000,-43.479,24.690,-3.321,-24.690,24.913,-0.925,-0.064,0.927,
18:11:32.786,28.937,-46.800,0.000,-43.178,25.213,-3.622,-25.213,25.472,-1.248,0.012,1.248,
18:11:32.805,28.956,-46.800,0.000,-42.877,25.721,-3.923,-25.721,26.019,-1.590,0.111,1.594,
18:11:32.814,28.965,-46.800,0.000,-42.732,25.961,-4.068,-25.961,26.278,-1.821,0.181,1.830,
18:11:32.831,28.982,-46.800,0.000,-42.463,26.399,-4.337,-26.399,26.753,-2.033,0.260,2.049,
18:11:32.840,28.991,-41.600,2.600,-42.320,26.628,0.720,-24.028,24.038,-1.538,-0.970,1.818,
18:11:32.856,29.007,-41.600,2.600,-42.050,27.052,0.450,-24.452,24.456,-1.224,-1.788,2.167,
18:11:32.875,29.025,-41.600,2.600,-41.741,27.526,0.141,-24.926,24.927,-1.096,-2.174,2.434,
18:11:32.884,29.034,-41.600,2.600,-41.590,27.754,-0.010,-25.154,25.154,-1.090,-2.279,2.526,
18:11:32.900,29.051,-44.200,2.600,-41.307,28.173,-2.893,-25.573,25.736,-1.154,-1.449,1.853,
18:11:32.909,29.060,-44.200,2.600,-41.157,28.392,-3.043,-25.792,25.971,-1.267,-0.852,1.527,
18:11:32.928,29.078,-44.200,2.600,-40.824,28.868,-3.376,-26.268,26.484,-1.426,-0.227,1.444,
18:11:32.945,29.095,-44.200,2.600,-40.518,29.297,-3.682,-26.697,26.950,-1.635,0.302,1.662,
18:11:32.953,29.103,-44.200,2.600,-40.378,29.489,-3.822,-26.889,27.160,-1.802,0.588,1.896,
18:11:32.970,29.120,-44.200,5.200,-40.070,29.906,-4.130,-24.706,25.049,-1.256,0.862,1.523,
18:11:32.979,29.129,-44.200,5.200,-39.907,30.124,-4.293,-24.924,25.291,-0.989,0.985,1.396,
18:11:32.996,29.146,-44.200,5.200,-39.585,30.545,-4.615,-25.345,25.762,-0.872,1.089,1.395,
18:11:33.014,29.165,-44.200,5.200,-39.230,31.001,-4.970,-25.801,26.275,-0.928,1.101,1.440,
18:11:33.023,29.174,-44.200,5.200,-39.071,31.200,-5.129,-26.000,26.501,-1.051,1.056,1.490,
18:11:33.042,29.192,-44.200,5.200,-38.706,31.652,-5.494,-26.452,27.016,-1.233,0.989,1.580,
18:11:33.050,29.201,-44.200,5.200,-38.540,31.854,-5.660,-26.654,27.249,-1.422,0.912,1.690,
18:11:33.068,29.218,-44.200,5.200,-38.197,32.264,-6.003,-27.064,27.722,-1.631,0.822,1.827,
18:11:33.087,29.238,-46.800,7.800,-37.802,32.726,-8.998,-24.926,26.500,-1.114,1.478,1.850,
18:11:33.108,29.259,-46.800,7.800,-37.385,33.201,-9.415,-25.401,27.090,-0.925,1.802,2.026,
18:11:33.126,29.277,-46.800,7.800,-37.009,33.620,-9.791,-25.820,27.615,-0.959,1.884,2.114,
18:11:33.146,29.297,-44.200,10.400,-36.595,34.070,-7.605,-23.670,24.862,-0.342,1.041,1.096,
18:11:33.166,29.317,-44.200,10.400,-36.175,34.517,-8.025,-24.117,25.417,-0.184,0.482,0.516,
18:11:33.184,29.334,-44.200,10.400,-35.804,34.901,-8.396,-24.501,25.899,-0.299,0.162,0.340,
18:11:33.192,29.342,-44.200,10.400,-35.635,35.074,-8.565,-24.674,26.118,-0.460,0.024,0.461,
18:11:33.209,29.359,-46.800,13.000,-35.266,35.444,-11.534,-22.444,25.235,-0.001,0.650,0.650,
18:11:33.228,29.378,-46.800,13.000,-34.849,35.854,-11.951,-22.854,25.790,0.075,1.123,1.126,
18:11:33.245,29.395,-46.800,13.000,-34.471,36.218,-12.329,-23.218,26.288,-0.112,1.427,1.431,
18:11:33.253,29.404,-46.800,13.000,-34.285,36.394,-12.515,-23.394,26.531,-0.322,1.590,1.622,
18:11:33.270,29.421,-46.800,15.600,-33.898,36.755,-12.902,-21.155,24.779,0.080,1.674,1.676,
18:11:33.279,29.430,-46.800,15.600,-33.702,36.935,-13.098,-21.335,25.035,0.199,1.698,1.709,
18:11:33.295,29.446,-46.800,15.600,-33.332,37.269,-13.468,-21.669,25.514,0.101,1.671,1.674,
18:11:33.304,29.454,-46.800,15.600,-33.141,37.439,-13.659,-21.839,25.758,-0.064,1.633,1.634,
18:11:33.320,29.471,-46.800,15.600,-32.765,37.769,-14.035,-22.169,26.238,-0.354,1.555,1.595,
18:11:33.329,29.479,-44.200,15.600,-32.566,37.940,-11.634,-22.340,25.188,-0.625,0.858,1.062,
18:11:33.345,29.496,-44.200,15.600,-32.183,38.265,-12.017,-22.665,25.654,-0.965,0.322,1.018,
18:11:33.363,29.514,-44.200,15.600,-31.753,38.623,-12.447,-23.023,26.172,-1.344,0.000,1.344,
18:11:33.371,29.521,-44.200,15.600,-31.583,38.762,-12.617,-23.162,26.376,-1.589,-0.113,1.593,
18:11:33.389,29.540,-41.600,15.600,-31.133,39.125,-10.467,-23.525,25.749,-1.846,-0.845,2.030,
18:11:33.406,29.557,-41.600,15.600,-30.724,39.446,-10.876,-23.846,26.209,-2.050,-1.142,2.347,
18:11:33.425,29.576,-41.600,15.600,-30.253,39.809,-11.347,-24.209,26.737,-2.194,-1.091,2.450,
18:11:33.433,29.584,-41.600,15.600,-30.059,39.956,-11.541,-24.356,26.952,-2.273,-0.945,2.461,
18:11:33.450,29.600,-41.600,20.800,-29.658,40.254,-11.942,-19.454,22.827,-0.910,-0.672,1.131,
18:11:33.466,29.617,-41.600,20.800,-29.250,40.551,-12.350,-19.751,23.294,-0.048,-0.288,0.292,
18:11:33.484,29.635,-41.600,20.800,-28.802,40.871,-12.798,-20.071,23.804,0.377,0.158,0.409,
18:11:33.494,29.645,-41.600,20.800,-28.545,41.051,-13.055,-20.251,24.094,0.490,0.484,0.689,
18:11:33.510,29.661,-41.600,20.800,-28.135,41.333,-13.465,-20.533,24.554,0.419,0.819,0.920,
18:11:33.519,29.670,-41.600,20.800,-27.921,41.478,-13.679,-20.678,24.793,0.239,1.033,1.061,
18:11:33.536,29.686,-41.600,20.800,-27.491,41.764,-14.109,-20.964,25.270,-0.046,1.267,1.267,
18:11:33.554,29.704,-41.600,20.800,-27.026,42.066,-14.574,-21.266,25.781,-0.461,1.452,1.523,
18:11:33.562,29.713,-41.600,20.800,-26.819,42.199,-14.781,-21.399,26.008,-0.785,1.538,1.726,
18:11:33.579,29.730,-39.000,23.400,-26.363,42.485,-12.637,-19.085,22.890,-0.430,0.900,0.997,
18:11:33.596,29.747,-39.000,23.400,-25.925,42.754,-13.075,-19.354,23.356,-0.338,0.495,0.599,
18:11:33.616,29.767,-39.000,23.400,-25.391,43.073,-13.609,-19.673,23.921,-0.456,0.297,0.544,
18:11:33.636,29.786,-39.000,26.000,-24.877,43.372,-14.123,-17.372,22.388,0.091,0.269,0.284,
18:11:33.655,29.805,-39.000,26.000,-24.370,43.659,-14.630,-17.659,22.932,0.219,0.362,0.423,
18:11:33.662,29.813,-39.000,26.000,-24.161,43.775,-14.839,-17.775,23.155,0.189,0.468,0.505,
18:11:33.678,29.829,-39.000,26.000,-23.737,44.006,-15.263,-18.006,23.605,0.036,0.606,0.607,
18:11:33.696,29.847,-39.000,28.600,-23.241,44.270,-15.759,-15.670,22.223,0.480,0.798,0.931,
18:11:33.715,29.866,-39.000,28.600,-22.737,44.531,-16.263,-15.931,22.766,0.538,1.008,1.142,
18:11:33.723,29.874,-39.000,28.600,-22.510,44.646,-16.490,-16.046,23.009,0.461,1.150,1.239,
18:11:33.741,29.891,-39.000,28.600,-22.028,44.886,-16.972,-16.286,23.522,0.223,1.296,1.315,
18:11:33.750,29.901,-36.400,28.600,-21.777,45.009,-14.623,-16.409,21.979,-0.020,0.748,0.749,
18:11:33.767,29.918,-36.400,28.600,-21.301,45.236,-15.099,-16.636,22.466,-0.352,0.403,0.535,
18:11:33.786,29.936,-36.400,28.600,-20.784,45.475,-15.616,-16.875,22.992,-0.736,0.268,0.783,
18:11:33.803,29.954,-36.400,28.600,-20.286,45.700,-16.114,-17.100,23.496,-1.086,0.296,1.126,
18:11:33.812,29.962,-36.400,28.600,-20.060,45.800,-16.340,-17.200,23.724,-1.296,0.377,1.350,
18:11:33.828,29.979,-36.400,28.600,-19.585,46.005,-16.815,-17.405,24.201,-1.495,0.523,1.584,
18:11:33.846,29.997,-36.400,28.600,-19.076,46.218,-17.324,-17.618,24.709,-1.645,0.743,1.805,
18:11:33.866,30.016,-33.800,28.600,-18.532,46.439,-15.268,-17.839,23.481,-1.734,0.233,1.749,
18:11:33.883,30.034,-33.800,28.600,-18.024,46.638,-15.776,-18.038,23.964,-1.765,0.063,1.766,
18:11:33.891,30.042,-33.800,28.600,-17.797,46.725,-16.003,-18.125,24.179,-1.776,0.044,1.776,
18:11:33.907,30.058,-33.800,28.600,-17.340,46.897,-16.460,-18.297,24.611,-1.747,0.144,1.753,
18:11:33.926,30.077,-33.800,28.600,-16.790,47.097,-17.010,-18.497,25.129,-1.689,0.381,1.732,
18:11:33.945,30.095,-33.800,28.600,-16.254,47.284,-17.546,-18.684,25.631,-1.625,0.684,1.763,
18:11:33.953,30.103,-33.800,28.600,-16.023,47.363,-17.777,-18.763,25.847,-1.605,0.896,1.838,
18:11:33.968,30.119,-33.800,28.600,-15.579,47.511,-18.221,-18.911,26.261,-1.551,1.122,1.914,
18:11:33.985,30.136,-33.800,28.600,-15.071,47.675,-18.729,-19.075,26.733,-1.499,1.353,2.020,
18:11:33.993,30.143,-33.800,28.600,-14.861,47.740,-18.939,-19.140,26.927,-1.500,1.499,2.121,
18:11:34.009,30.160,-33.800,28.600,-14.361,47.893,-19.439,-19.293,27.388,-1.458,1.653,2.204,
18:11:34.027,30.178,-33.800,28.600,-13.848,48.044,-19.952,-19.444,27.860,-1.437,1.778,2.286,
18:11:34.043,30.194,-33.800,31.200,-13.360,48.182,-20.440,-16.982,26.574,-0.695,1.861,1.987,
18:11:34.053,30.203,-33.800,31.200,-13.092,48.256,-20.708,-17.056,26.828,-0.329,1.909,1.937,
18:11:34.068,30.219,-33.800,31.200,-12.627,48.379,-21.173,-17.179,27.266,-0.116,1.933,1.936,
18:11:34.084,30.235,-33.800,31.200,-12.157,48.500,-21.643,-17.300,27.707,-0.075,1.940,1.942,
18:11:34.093,30.243,-33.800,31.200,-11.897,48.564,-21.903,-17.364,27.951,-0.134,1.950,1.954,
18:11:34.110,30.260,-31.200,33.800,-11.391,48.685,-19.809,-14.885,24.778,0.455,1.232,1.314,
18:11:34.119,30.270,-31.200,33.800,-11.120,48.748,-20.080,-14.948,25.033,0.691,0.834,1.083,
18:11:34.136,30.287,-31.200,33.800,-10.602,48.863,-20.598,-15.063,25.518,0.720,0.585,0.927,
18:11:34.155,30.305,-31.200,33.800,-10.038,48.982,-21.162,-15.182,26.045,0.513,0.527,0.736,
18:11:34.163,30.314,-28.600,36.400,-9.787,49.033,-18.813,-12.633,22.661,0.936,-0.066,0.938,
18:11:34.179,30.330,-28.600,36.400,-9.303,49.127,-19.297,-12.727,23.116,1.072,-0.378,1.137,
18:11:34.196,30.347,-28.600,36.400,-8.794,49.221,-19.806,-12.821,23.593,0.935,-0.385,1.011,
18:11:34.214,30.365,-28.600,36.400,-8.240,49.316,-20.360,-12.916,24.111,0.606,-0.154,0.625,
18:11:34.223,30.374,-28.600,39.000,-7.987,49.358,-20.613,-10.358,23.069,0.980,0.093,0.984,
18:11:34.240,30.391,-28.600,39.000,-7.460,49.440,-21.140,-10.440,23.577,1.053,0.439,1.141,
18:11:34.249,30.400,-28.600,39.000,-7.200,49.479,-21.400,-10.479,23.828,0.990,0.734,1.233,
18:11:34.265,30.416,-28.600,39.000,-6.704,49.548,-21.896,-10.548,24.304,0.756,1.082,1.320,
18:11:34.272,30.423,-28.600,39.000,-6.488,49.577,-22.112,-10.577,24.512,0.545,1.330,1.437,
18:11:34.289,30.440,-26.000,36.400,-5.984,49.641,-20.016,-13.241,23.999,-0.467,0.923,1.035,
18:11:34.306,30.457,-26.000,36.400,-5.450,49.702,-20.550,-13.302,24.479,-1.295,0.747,1.495,
18:11:34.324,30.475,-26.000,36.400,-4.914,49.758,-21.086,-13.358,24.961,-1.860,0.754,2.007,
18:11:34.332,30.483,-26.000,36.400,-4.658,49.783,-21.342,-13.383,25.191,-2.136,0.814,2.286,
18:11:34.349,30.500,-26.000,39.000,-4.148,49.828,-21.852,-10.828,24.387,-1.597,0.952,1.859,
18:11:34.367,30.518,-26.000,39.000,-3.591,49.871,-22.409,-10.871,24.907,-1.155,1.167,1.641,
18:11:34.389,30.540,-26.000,39.000,-2.918,49.915,-23.082,-10.915,25.533,-0.803,1.438,1.647,
18:11:34.407,30.558,-23.400,39.000,-2.370,49.944,-21.030,-10.944,23.707,-0.575,0.913,1.079,
18:11:34.424,30.575,-23.400,39.000,-1.844,49.966,-21.556,-10.966,24.185,-0.446,0.713,0.841,
18:11:34.432,30.583,-23.400,39.000,-1.600,49.974,-21.800,-10.974,24.407,-0.412,0.670,0.787,
18:11:34.449,30.600,-23.400,39.000,-1.075,49.988,-22.325,-10.988,24.882,-0.385,0.738,0.833,
18:11:34.468,30.619,-23.400,39.000,-0.481,49.998,-22.919,-10.998,25.421,-0.416,0.936,1.024,
18:11:34.487,30.638,-23.400,39.000,0.085,50.000,-23.485,-11.000,25.934,-0.491,1.200,1.297,
18:11:34.506,30.656,-23.400,39.000,0.666,49.996,-24.066,-10.996,26.459,-0.582,1.480,1.590,
18:11:34.525,30.675,-20.800,39.000,1.250,49.984,-22.050,-10.984,24.634,-0.673,0.969,1.180,
18:11:34.532,30.683,-20.800,39.000,1.484,49.978,-22.284,-10.978,24.841,-0.745,0.767,1.069,
18:11:34.548,30.699,-20.800,39.000,1.963,49.961,-22.763,-10.961,25.264,-0.794,0.717,1.069,
18:11:34.564,30.715,-20.800,39.000,2.462,49.939,-23.262,-10.939,25.706,-0.837,0.801,1.158,
18:11:34.573,30.724,-20.800,39.000,2.724,49.926,-23.524,-10.926,25.937,-0.875,0.920,1.270,
18:11:34.589,30.740,-20.800,41.600,3.212,49.897,-24.012,-8.297,25.405,-0.195,1.092,1.109,
18:11:34.607,30.757,-20.800,41.600,3.760,49.858,-24.560,-8.258,25.912,0.241,1.333,1.354,
18:11:34.624,30.775,-20.800,41.600,4.308,49.814,-25.108,-8.214,26.417,0.439,1.594,1.653,
18:11:34.632,30.783,-20.800,41.600,4.528,49.795,-25.328,-8.195,26.621,0.483,1.774,1.839,
18:11:34.648,30.799,-18.200,44.200,5.036,49.746,-23.236,-5.546,23.889,1.152,1.249,1.699,
18:11:34.667,30.817,-18.200,44.200,5.595,49.686,-23.795,-5.486,24.420,1.446,0.975,1.745,
18:11:34.684,30.835,-18.200,44.200,6.137,49.622,-24.337,-5.422,24.933,1.428,0.918,1.697,
18:11:34.694,30.844,-18.200,44.200,6.414,49.587,-24.614,-5.387,25.196,1.306,0.959,1.620,
18:11:34.712,30.862,-18.200,41.600,6.956,49.514,-25.156,-7.914,26.372,0.335,1.079,1.130,
18:11:34.721,30.872,-18.200,41.600,7.250,49.472,-25.450,-7.872,26.639,-0.315,1.236,1.275,
18:11:34.738,30.889,-18.200,41.600,7.758,49.395,-25.958,-7.795,27.103,-0.850,1.430,1.664,
18:11:34.755,30.905,-18.200,41.600,8.265,49.312,-26.465,-7.712,27.566,-1.230,1.657,2.064,
18:11:34.763,30.914,-18.200,41.600,8.529,49.267,-26.729,-7.667,27.807,-1.417,1.837,2.320,
18:11:34.780,30.931,-15.600,44.200,9.028,49.178,-24.628,-4.978,25.126,-0.815,1.306,1.539,
18:11:34.789,30.940,-15.600,44.200,9.298,49.128,-24.898,-4.928,25.381,-0.419,1.042,1.123,
18:11:34.806,30.956,-15.600,44.200,9.798,49.031,-25.398,-4.831,25.854,-0.122,0.931,0.939,
18:11:34.815,30.965,-15.600,44.200,10.065,48.976,-25.665,-4.776,26.106,0.055,0.941,0.942,
18:11:34.831,30.982,-15.600,44.200,10.573,48.869,-26.173,-4.669,26.587,0.183,1.036,1.052,
18:11:34.839,30.989,-15.600,44.200,10.788,48.822,-26.388,-4.622,26.789,0.220,1.173,1.193,
18:11:34.855,31.006,-15.600,44.200,11.281,48.711,-26.881,-4.511,27.257,0.232,1.352,1.372,
18:11:34.865,31.016,-15.600,44.200,11.572,48.642,-27.172,-4.442,27.533,0.196,1.544,1.556,
18:11:34.881,31.032,-15.600,44.200,12.056,48.525,-27.656,-4.325,27.992,0.138,1.755,1.761,
18:11:34.890,31.040,-15.600,44.200,12.301,48.463,-27.901,-4.263,28.225,0.067,1.933,1.934,
18:11:34.906,31.057,-10.400,46.800,12.805,48.333,-23.205,-1.533,23.255,0.686,0.713,0.990,
18:11:34.924,31.074,-10.400,46.800,13.318,48.194,-23.718,-1.394,23.759,1.034,0.003,1.034,
18:11:34.932,31.083,-10.400,46.800,13.560,48.126,-23.960,-1.326,23.996,1.171,-0.288,1.206,
18:11:34.948,31.098,-10.400,46.800,14.020,47.994,-24.420,-1.194,24.450,1.186,-0.347,1.235,
18:11:34.964,31.115,-10.400,46.800,14.512,47.848,-24.912,-1.048,24.934,1.071,-0.148,1.081,
18:11:34.973,31.124,-10.400,46.800,14.761,47.772,-25.161,-0.972,25.180,0.942,0.104,0.947,
18:11:34.990,31.141,-10.400,46.800,15.262,47.614,-25.662,-0.814,25.675,0.751,0.468,0.885,
18:11:34.999,31.150,-10.400,46.800,15.520,47.530,-25.920,-0.730,25.930,0.586,0.810,1.000,
18:11:35.017,31.167,-10.400,46.800,16.037,47.358,-26.437,-0.558,26.443,0.380,1.228,1.286,
18:11:35.034,31.185,-5.200,44.200,16.556,47.180,-21.756,-2.980,21.959,-0.565,0.182,0.594,
18:11:35.042,31.192,-5.200,44.200,16.763,47.106,-21.963,-2.906,22.154,-1.062,-0.305,1.105,
18:11:35.058,31.209,-5.200,44.200,17.243,46.933,-22.443,-2.733,22.609,-1.396,-0.470,1.473,
18:11:35.078,31.228,-5.200,44.200,17.800,46.724,-23.000,-2.524,23.138,-1.521,-0.309,1.552,
18:11:35.096,31.247,-5.200,44.200,18.336,46.517,-23.536,-2.317,23.650,-1.445,0.083,1.447,
18:11:35.115,31.266,-5.200,44.200,18.868,46.303,-24.068,-2.103,24.160,-1.237,0.583,1.368,
18:11:35.123,31.274,-5.200,44.200,19.106,46.205,-24.306,-2.005,24.389,-1.066,0.939,1.420,
18:11:35.140,31.291,-5.200,44.200,19.587,46.004,-24.787,-1.804,24.852,-0.828,1.338,1.573,
18:11:35.149,31.300,-5.200,44.200,19.834,45.898,-25.034,-1.698,25.092,-0.651,1.625,1.751,
18:11:35.165,31.316,-2.600,46.800,20.288,45.699,-22.888,1.101,22.915,0.268,1.232,1.261,
18:11:35.174,31.325,-2.600,46.800,20.531,45.590,-23.131,1.210,23.163,0.817,1.032,1.316,
18:11:35.192,31.343,-2.600,46.800,21.032,45.361,-23.632,1.439,23.676,1.243,0.996,1.593,
18:11:35.201,31.351,-2.600,46.800,21.271,45.250,-23.871,1.550,23.922,1.426,1.029,1.758,
18:11:35.218,31.369,-2.600,46.800,21.757,45.018,-24.357,1.782,24.422,1.515,1.147,1.900,
18:11:35.235,31.386,-2.600,46.800,22.233,44.785,-24.833,2.015,24.915,1.440,1.339,1.966,
18:11:35.244,31.395,-2.600,46.800,22.475,44.664,-25.075,2.136,25.165,1.313,1.506,1.998,
18:11:35.263,31.414,-2.600,46.800,22.982,44.405,-25.582,2.395,25.694,1.120,1.695,2.032,
18:11:35.271,31.422,-2.600,46.800,23.210,44.287,-25.810,2.513,25.932,0.950,1.848,2.078,
18:11:35.290,31.440,0.000,46.800,23.707,44.022,-23.707,2.778,23.869,0.734,1.285,1.480,
18:11:35.299,31.449,0.000,46.800,23.947,43.893,-23.947,2.907,24.122,0.579,1.006,1.161,
18:11:35.315,31.465,0.000,46.800,24.379,43.654,-24.379,3.146,24.581,0.415,0.878,0.971,
18:11:35.323,31.474,0.000,46.800,24.602,43.529,-24.602,3.271,24.818,0.314,0.872,0.926,
18:11:35.342,31.493,0.000,46.800,25.104,43.241,-25.104,3.559,25.355,0.202,0.956,0.977,
18:11:35.351,31.501,2.600,46.800,25.327,43.111,-22.727,3.689,23.025,0.154,0.454,0.479,
18:11:35.367,31.518,2.600,46.800,25.772,42.846,-23.172,3.954,23.507,0.115,0.193,0.224,
18:11:35.385,31.535,2.600,46.800,26.228,42.569,-23.628,4.231,24.004,0.112,0.206,0.235,
18:11:35.393,31.543,2.600,46.800,26.434,42.441,-23.834,4.359,24.230,0.132,0.321,0.347,
18:11:35.410,31.561,2.600,46.800,26.882,42.158,-24.282,4.642,24.722,0.166,0.546,0.571,
18:11:35.419,31.570,2.600,46.800,27.117,42.008,-24.517,4.792,24.981,0.206,0.791,0.817,
18:11:35.437,31.587,2.600,46.800,27.563,41.717,-24.963,5.083,25.475,0.261,1.104,1.135,
18:11:35.455,31.606,2.600,46.800,28.042,41.396,-25.442,5.404,26.010,0.331,1.469,1.506,
18:11:35.464,31.614,2.600,44.200,28.254,41.252,-25.654,2.948,25.823,-0.275,1.724,1.746,
18:11:35.480,31.631,2.600,44.200,28.662,40.970,-26.062,3.230,26.261,-0.655,1.963,2.069,
18:11:35.497,31.648,2.600,44.200,29.084,40.671,-26.484,3.529,26.718,-0.819,2.171,2.321,
18:11:35.516,31.666,2.600,44.200,29.552,40.332,-26.952,3.868,27.228,-0.802,2.333,2.467,
18:11:35.533,31.683,2.600,44.200,29.974,40.020,-27.374,4.180,27.691,-0.661,2.436,2.524,
18:11:35.541,31.692,2.600,44.200,30.175,39.868,-27.575,4.332,27.913,-0.528,2.498,2.553,
18:11:35.559,31.710,2.600,44.200,30.610,39.535,-28.010,4.665,28.396,-0.316,2.509,2.529,
18:11:35.578,31.729,2.600,44.200,31.077,39.169,-28.477,5.031,28.918,-0.052,2.494,2.494,
18:11:35.596,31.747,7.800,46.800,31.502,38.828,-23.702,7.972,25.007,0.954,0.951,1.347,
18:11:35.616,31.766,7.800,46.800,31.963,38.450,-24.163,8.350,25.565,1.592,0.087,1.594,
18:11:35.633,31.783,7.800,46.800,32.366,38.111,-24.566,8.689,26.057,1.911,-0.245,1.926,
18:11:35.641,31.791,7.800,46.800,32.552,37.952,-24.752,8.848,26.286,2.022,-0.292,2.044,
18:11:35.659,31.809,7.800,44.200,32.971,37.589,-25.171,6.611,26.024,1.323,-0.181,1.336,
18:11:35.678,31.829,7.800,44.200,33.411,37.198,-25.611,7.002,26.550,0.755,0.183,0.777,
18:11:35.696,31.846,7.800,44.200,33.815,36.831,-26.015,7.369,27.038,0.365,0.663,0.756,
18:11:35.714,31.865,10.400,44.200,34.224,36.452,-23.824,7.748,25.052,0.125,0.400,0.419,
18:11:35.723,31.873,10.400,44.200,34.417,36.270,-24.017,7.930,25.292,0.031,0.370,0.371,
18:11:35.738,31.889,10.400,44.200,34.768,35.933,-24.368,8.267,25.732,-0.007,0.504,0.504,
18:11:35.755,31.906,10.400,44.200,35.141,35.568,-24.741,8.632,26.204,0.039,0.770,0.771,
18:11:35.774,31.924,13.000,44.200,35.535,35.175,-22.535,9.025,24.275,0.155,0.362,0.393,
18:11:35.782,31.933,13.000,44.200,35.717,34.990,-22.717,9.210,24.513,0.263,0.234,0.353,
18:11:35.798,31.949,13.000,44.200,36.062,34.635,-23.062,9.565,24.967,0.393,0.297,0.493,
18:11:35.814,31.965,13.000,44.200,36.403,34.276,-23.403,9.924,25.420,0.538,0.508,0.740,
18:11:35.823,31.974,13.000,44.200,36.583,34.083,-23.583,10.117,25.661,0.646,0.717,0.965,
18:11:35.839,31.990,15.600,44.200,36.916,33.723,-21.316,10.477,23.751,0.763,0.289,0.816,
18:11:35.855,32.006,15.600,44.200,37.251,33.352,-21.651,10.848,24.217,0.874,0.163,0.889,
18:11:35.865,32.015,15.600,44.200,37.442,33.138,-21.842,11.062,24.484,0.948,0.196,0.968,
18:11:35.882,32.033,15.600,44.200,37.797,32.732,-22.197,11.468,24.985,1.022,0.382,1.091,
18:11:35.895,32.046,18.200,41.600,38.060,32.426,-19.860,9.174,21.877,0.376,-0.060,0.381,
18:11:35.914,32.065,18.200,41.600,38.428,31.988,-20.228,9.612,22.396,-0.021,-0.165,0.166,
18:11:35.925,32.076,18.200,41.600,38.649,31.721,-20.449,9.879,22.711,-0.196,-0.082,0.212,
18:11:35.943,32.094,18.200,41.600,38.990,31.301,-20.790,10.299,23.201,-0.224,0.164,0.278,
18:11:35.951,32.102,18.200,44.200,39.143,31.109,-20.943,13.091,24.698,0.463,0.396,0.609,
18:11:35.966,32.117,18.200,44.200,39.438,30.736,-21.238,13.464,25.146,1.016,0.693,1.229,
18:11:35.985,32.135,18.200,44.200,39.779,30.292,-21.579,13.908,25.672,1.454,1.055,1.797,
18:11:35.993,32.143,18.200,44.200,39.926,30.099,-21.726,14.101,25.901,1.701,1.308,2.146,
18:11:36.008,32.159,18.200,41.600,40.213,29.713,-22.013,11.887,25.018,1.182,1.561,1.958,
18:11:36.025,32.176,18.200,41.600,40.524,29.288,-22.324,12.312,25.495,0.816,1.791,1.968,
18:11:36.034,32.185,18.200,41.600,40.675,29.078,-22.475,12.522,25.728,0.619,1.939,2.036,
18:11:36.050,32.201,18.200,41.600,40.966,28.667,-22.766,12.933,26.183,0.509,2.059,2.121,
18:11:36.068,32.218,20.800,41.600,41.266,28.233,-20.466,13.367,24.445,0.492,1.404,1.487,
18:11:36.085,32.236,20.800,41.600,41.573,27.780,-20.773,13.820,24.950,0.556,1.007,1.150,
18:11:36.094,32.244,20.800,41.600,41.715,27.566,-20.915,14.034,25.187,0.634,0.836,1.050,
18:11:36.113,32.263,20.800,41.600,42.034,27.077,-21.234,14.523,25.726,0.751,0.758,1.067,
18:11:36.120,32.271,20.800,41.600,42.158,26.884,-21.358,14.716,25.937,0.854,0.791,1.164,
18:11:36.136,32.287,23.400,41.600,42.417,26.473,-19.017,15.127,24.299,0.970,0.174,0.985,
18:11:36.154,32.305,23.400,41.600,42.706,26.004,-19.306,15.596,24.818,1.102,-0.116,1.108,
18:11:36.162,32.313,23.400,41.600,42.835,25.790,-19.435,15.810,25.054,1.198,-0.168,1.209,
18:11:36.179,32.329,23.400,41.600,43.092,25.358,-19.692,16.242,25.526,1.290,-0.082,1.292,
18:11:36.195,32.346,26.000,39.000,43.349,24.916,-17.349,14.084,22.346,0.647,-0.565,0.859,
18:11:36.214,32.364,26.000,39.000,43.629,24.423,-17.629,14.577,22.875,0.287,-0.645,0.706,
18:11:36.222,32.372,26.000,39.000,43.747,24.212,-17.747,14.788,23.101,0.148,-0.564,0.583,
18:11:36.238,32.389,26.000,39.000,43.985,23.777,-17.985,15.223,23.562,0.124,-0.334,0.356,
18:11:36.254,32.405,26.000,39.000,44.225,23.327,-18.225,15.673,24.037,0.230,0.031,0.232,
18:11:36.264,32.415,26.000,39.000,44.356,23.076,-18.356,15.924,24.301,0.363,0.343,0.500,
18:11:36.281,32.432,26.000,39.000,44.601,22.599,-18.601,16.401,24.799,0.559,0.720,0.911,
18:11:36.290,32.440,26.000,39.000,44.715,22.373,-18.715,16.627,25.035,0.733,0.993,1.235,
18:11:36.306,32.456,26.000,39.000,44.933,21.933,-18.933,17.067,25.490,0.936,1.283,1.588,
18:11:36.324,32.475,26.000,36.400,45.174,21.431,-19.174,14.969,24.325,0.422,1.550,1.607,
18:11:36.332,32.483,26.000,36.400,45.281,21.204,-19.281,15.196,24.550,0.183,1.707,1.717,
18:11:36.348,32.498,26.000,36.400,45.481,20.772,-19.481,15.628,24.975,0.109,1.831,1.834,
18:11:36.365,32.516,26.000,36.400,45.701,20.284,-19.701,16.116,25.452,0.188,1.907,1.916,
18:11:36.373,32.524,26.000,36.400,45.805,20.048,-19.805,16.352,25.683,0.305,1.944,1.967,
18:11:36.390,32.541,28.600,36.400,46.011,19.570,-17.411,16.830,24.216,0.501,1.232,1.330,
18:11:36.399,32.550,28.600,36.400,46.112,19.332,-17.512,17.068,24.453,0.679,0.828,1.071,
18:11:36.416,32.567,28.600,36.400,46.315,18.839,-17.715,17.561,24.944,0.909,0.543,1.059,
18:11:36.435,32.585,28.600,36.400,46.528,18.308,-17.928,18.092,25.470,1.166,0.425,1.241,
18:11:36.442,32.593,28.600,36.400,46.606,18.107,-18.006,18.293,25.668,1.327,0.438,1.397,
18:11:36.459,32.610,31.200,33.800,46.792,17.622,-15.592,16.178,22.468,0.795,-0.203,0.821,
18:11:36.475,32.626,31.200,33.800,46.963,17.160,-15.763,16.640,22.921,0.504,-0.490,0.703,
18:11:36.484,32.634,31.200,33.800,47.056,16.904,-15.856,16.896,23.170,0.388,-0.548,0.671,
18:11:36.500,32.651,31.200,33.800,47.225,16.425,-16.025,17.375,23.636,0.394,-0.454,0.601,
18:11:36.509,32.660,31.200,33.800,47.310,16.178,-16.110,17.622,23.877,0.464,-0.282,0.543,
18:11:36.526,32.677,31.200,33.800,47.481,15.669,-16.281,18.131,24.368,0.614,-0.009,0.615,
18:11:36.546,32.697,31.200,33.800,47.667,15.095,-16.467,18.705,24.921,0.856,0.378,0.936,
18:11:36.564,32.715,31.200,33.800,47.833,14.560,-16.633,19.240,25.433,1.117,0.767,1.355,
18:11:36.572,32.723,31.200,33.800,47.904,14.325,-16.704,19.475,25.657,1.293,1.014,1.643,
18:11:36.590,32.740,33.800,31.200,48.054,13.813,-14.254,17.387,22.483,0.768,0.550,0.944,
18:11:36.607,32.757,33.800,31.200,48.197,13.307,-14.397,17.893,22.966,0.505,0.320,0.598,
18:11:36.626,32.776,33.800,31.200,48.350,12.740,-14.550,18.460,23.504,0.460,0.277,0.537,
18:11:36.634,32.785,33.800,31.200,48.412,12.500,-14.612,18.700,23.732,0.498,0.304,0.584,
18:11:36.651,32.802,33.800,31.200,48.540,11.995,-14.740,19.205,24.209,0.620,0.396,0.736,
18:11:36.659,32.810,33.800,31.200,48.600,11.751,-14.800,19.449,24.440,0.758,0.505,0.911,
18:11:36.677,32.828,33.800,31.200,48.728,11.207,-14.928,19.993,24.951,0.960,0.656,1.162,
18:11:36.693,32.844,33.800,31.200,48.836,10.724,-15.036,20.476,25.404,1.191,0.828,1.451,
18:11:36.701,32.851,33.800,31.200,48.883,10.510,-15.083,20.690,25.604,1.356,0.954,1.658,
18:11:36.718,32.869,31.200,31.200,48.991,9.995,-17.791,21.205,27.680,1.534,1.777,2.348,
18:11:36.734,32.885,31.200,31.200,49.087,9.511,-17.887,21.689,28.113,1.703,2.325,2.882,
18:11:36.742,32.892,31.200,31.200,49.132,9.277,-17.932,21.923,28.323,1.818,2.613,3.183,
18:11:36.757,32.908,31.200,31.200,49.217,8.814,-18.017,22.386,28.736,1.917,2.746,3.349,
18:11:36.775,32.925,33.800,31.200,49.308,8.292,-15.508,22.908,27.663,2.000,2.005,2.832,
18:11:36.784,32.935,33.800,31.200,49.357,7.993,-15.557,23.207,27.939,2.058,1.527,2.563,
18:11:36.802,32.952,33.800,31.200,49.439,7.471,-15.639,23.729,28.419,2.090,1.126,2.374,
18:11:36.810,32.961,33.800,31.200,49.477,7.213,-15.677,23.987,28.655,2.118,0.903,2.303,
18:11:36.828,32.979,33.800,28.600,49.553,6.667,-15.753,21.933,27.004,1.406,0.695,1.568,
18:11:36.846,32.997,33.800,28.600,49.624,6.118,-15.824,22.482,27.493,0.966,0.601,1.138,
18:11:36.866,33.016,33.800,28.600,49.693,5.530,-15.893,23.070,28.015,0.777,0.602,0.982,
18:11:36.874,33.024,33.800,28.600,49.720,5.288,-15.920,23.312,28.229,0.756,0.668,1.009,
18:11:36.894,33.045,33.800,28.600,49.784,4.647,-15.984,23.953,28.796,0.822,0.731,1.100,
18:11:36.903,33.053,33.800,28.600,49.806,4.395,-16.006,24.205,29.019,0.964,0.834,1.274,
18:11:36.920,33.070,33.800,28.600,49.850,3.874,-16.050,24.726,29.478,1.144,0.924,1.471,
18:11:36.937,33.088,33.800,28.600,49.889,3.336,-16.089,25.264,29.952,1.388,1.031,1.729,
18:11:36.955,33.105,36.400,26.000,49.922,2.799,-13.522,23.201,26.854,0.894,0.381,0.972,
18:11:36.963,33.113,36.400,26.000,49.934,2.559,-13.534,23.441,27.068,0.698,0.081,0.703,
18:11:36.978,33.129,36.400,26.000,49.957,2.078,-13.557,23.922,27.497,0.655,-0.080,0.660,
18:11:36.996,33.146,36.400,26.000,49.976,1.546,-13.576,24.454,27.970,0.769,-0.086,0.774,
18:11:37.003,33.154,36.400,26.000,49.983,1.317,-13.583,24.683,28.174,0.909,-0.019,0.910,
18:11:37.020,33.171,41.600,26.000,49.994,0.794,-8.394,25.206,26.566,1.108,-1.307,1.713,
18:11:37.029,33.180,41.600,26.000,49.997,0.536,-8.397,25.464,26.813,1.305,-1.960,2.355,
18:11:37.046,33.197,41.600,26.000,50.000,0.005,-8.400,25.995,27.318,1.540,-2.251,2.728,
18:11:37.064,33.215,41.600,26.000,49.997,-0.546,-8.397,26.546,27.842,1.800,-2.145,2.800,
18:11:37.072,33.223,41.600,26.000,49.994,-0.790,-8.394,26.790,28.074,1.984,-1.922,2.763,
18:11:37.089,33.240,41.600,20.800,49.983,-1.318,-8.383,22.118,23.653,0.741,-1.518,1.689,
18:11:37.106,33.257,41.600,20.800,49.966,-1.839,-8.366,22.639,24.136,0.023,-0.976,0.976,
18:11:37.124,33.275,41.600,20.800,49.943,-2.397,-8.343,23.197,24.651,-0.248,-0.386,0.459,
18:11:37.133,33.284,41.600,20.800,49.928,-2.678,-8.328,23.478,24.912,-0.266,0.009,0.267,
18:11:37.151,33.302,41.600,18.200,49.897,-3.211,-8.297,21.411,22.962,-0.812,0.425,0.916,
18:11:37.160,33.311,41.600,18.200,49.878,-3.488,-8.278,21.688,23.214,-0.960,0.679,1.176,
18:11:37.178,33.329,41.600,18.200,49.837,-4.035,-8.237,22.235,23.712,-0.812,0.939,1.241,
18:11:37.196,33.347,41.600,18.200,49.789,-4.591,-8.189,22.791,24.217,-0.381,1.108,1.171,
18:11:37.214,33.365,41.600,18.200,49.735,-5.145,-8.135,23.345,24.722,0.197,1.179,1.195,
18:11:37.222,33.373,41.600,18.200,49.709,-5.387,-8.109,23.587,24.942,0.612,1.184,1.333,
18:11:37.239,33.390,41.600,18.200,49.650,-5.905,-8.050,24.105,25.413,1.094,1.151,1.588,
18:11:37.257,33.408,41.600,18.200,49.583,-6.446,-7.983,24.646,25.907,1.578,1.067,1.905,
18:11:37.276,33.427,44.200,15.600,49.503,-7.035,-5.303,22.635,23.247,1.243,0.181,1.256,
18:11:37.296,33.447,44.200,15.600,49.411,-7.653,-5.211,23.253,23.830,1.168,-0.366,1.224,
18:11:37.314,33.465,44.200,15.600,49.323,-8.202,-5.123,23.802,24.347,1.235,-0.625,1.384,
18:11:37.323,33.473,44.200,15.600,49.281,-8.448,-5.081,24.048,24.579,1.309,-0.702,1.486,
18:11:37.339,33.489,44.200,15.600,49.195,-8.935,-4.995,24.535,25.038,1.431,-0.710,1.598,
18:11:37.357,33.508,44.200,15.600,49.091,-9.491,-4.891,25.091,25.563,1.604,-0.600,1.713,
18:11:37.375,33.526,44.200,15.600,48.982,-10.040,-4.782,25.640,26.082,1.791,-0.410,1.837,
18:11:37.394,33.545,44.200,13.000,48.860,-10.616,-4.660,23.616,24.071,1.196,-0.186,1.210,
18:11:37.402,33.553,44.200,13.000,48.807,-10.856,-4.607,23.856,24.297,0.944,-0.032,0.945,
18:11:37.418,33.568,44.200,13.000,48.704,-11.312,-4.504,24.312,24.726,0.842,0.117,0.850,
18:11:37.436,33.587,44.200,13.000,48.571,-11.868,-4.371,24.868,25.249,0.895,0.262,0.933,
18:11:37.454,33.605,44.200,7.800,48.436,-12.407,-4.236,20.207,20.646,-0.442,0.374,0.579,
18:11:37.462,33.613,44.200,7.800,48.375,-12.645,-4.175,20.445,20.867,-1.029,0.432,1.116,
18:11:37.478,33.628,44.200,7.800,48.253,-13.100,-4.053,20.900,21.290,-1.250,0.471,1.336,
18:11:37.496,33.646,44.200,7.800,48.106,-13.631,-3.906,21.431,21.784,-1.094,0.482,1.196,
18:11:37.514,33.665,46.800,7.800,47.948,-14.175,-1.148,21.975,22.005,-0.635,-0.294,0.700,
18:11:37.522,33.673,46.800,7.800,47.878,-14.411,-1.078,22.211,22.237,-0.235,-0.690,0.729,
18:11:37.539,33.690,46.800,7.800,47.724,-14.914,-0.924,22.714,22.733,0.284,-0.934,0.976,
18:11:37.556,33.707,46.800,7.800,47.568,-15.404,-0.768,23.204,23.216,0.852,-1.018,1.328,
18:11:37.574,33.725,44.200,5.200,47.395,-15.927,-3.195,21.127,21.367,0.653,-0.217,0.688,
18:11:37.582,33.733,44.200,5.200,47.312,-16.174,-3.112,21.374,21.600,0.610,0.257,0.662,
18:11:37.599,33.750,44.200,5.200,47.142,-16.663,-2.942,21.863,22.060,0.739,0.602,0.953,
18:11:37.616,33.767,44.200,5.200,46.966,-17.153,-2.766,22.353,22.523,0.961,0.821,1.264,
18:11:37.635,33.785,44.200,7.800,46.768,-17.685,-2.568,25.485,25.614,1.997,0.909,2.194,
18:11:37.643,33.794,44.200,7.800,46.675,-17.929,-2.475,25.729,25.847,2.576,0.916,2.733,
18:11:37.661,33.811,44.200,7.800,46.481,-18.427,-2.281,26.227,26.326,2.998,0.854,3.118,
18:11:37.670,33.821,44.200,7.800,46.373,-18.696,-2.173,26.496,26.585,3.221,0.773,3.312,
18:11:37.689,33.840,44.200,5.200,46.155,-19.227,-1.955,24.427,24.505,2.607,0.631,2.682,
18:11:37.708,33.858,44.200,5.200,45.927,-19.767,-1.727,24.967,25.026,2.129,0.455,2.177,
18:11:37.727,33.878,44.200,5.200,45.688,-20.313,-1.488,25.513,25.556,1.803,0.277,1.824,
18:11:37.745,33.896,46.800,5.200,45.464,-20.810,1.336,26.010,26.045,1.616,-0.631,1.735,
18:11:37.754,33.905,46.800,5.200,45.348,-21.060,1.452,26.260,26.300,1.563,-1.084,1.902,
18:11:37.772,33.923,46.800,5.200,45.109,-21.568,1.691,26.768,26.821,1.527,-1.372,2.053,
18:11:37.781,33.932,46.800,5.200,44.994,-21.807,1.806,27.007,27.068,1.581,-1.465,2.155,
18:11:37.796,33.947,46.800,5.200,44.787,-22.229,2.013,27.429,27.503,1.638,-1.473,2.203,
18:11:37.815,33.966,44.200,2.600,44.522,-22.755,-0.322,25.355,25.357,0.998,-0.592,1.161,
18:11:37.825,33.975,44.200,2.600,44.393,-23.006,-0.193,25.606,25.607,0.735,-0.041,0.736,
18:11:37.844,33.994,44.200,2.600,44.124,-23.517,0.076,26.117,26.117,0.647,0.380,0.750,
18:11:37.852,34.003,44.200,2.600,44.002,-23.746,0.198,26.346,26.346,0.708,0.608,0.933,
18:11:37.868,34.019,44.200,2.600,43.763,-24.183,0.437,26.783,26.787,0.844,0.756,1.133,
18:11:37.885,34.036,46.800,2.600,43.508,-24.639,3.292,27.239,27.437,1.094,0.051,1.096,
18:11:37.906,34.057,46.800,2.600,43.187,-25.196,3.613,27.796,28.030,1.435,-0.478,1.513,
18:11:37.923,34.074,46.800,2.600,42.914,-25.659,3.886,28.259,28.525,1.767,-0.800,1.939,
18:11:37.933,34.083,46.800,2.600,42.771,-25.897,4.029,28.497,28.780,1.999,-0.958,2.216,
18:11:37.948,34.099,46.800,-2.600,42.518,-26.310,4.282,23.710,24.093,0.808,-1.049,1.323,
18:11:37.968,34.119,46.800,-2.600,42.200,-26.817,4.600,24.217,24.650,0.118,-1.051,1.058,
18:11:37.989,34.139,46.800,-2.600,41.855,-27.352,4.945,24.752,25.241,-0.087,-0.973,0.977,
18:11:38.007,34.158,46.800,-2.600,41.546,-27.820,5.254,25.220,25.762,0.023,-0.861,0.862,
18:11:38.027,34.177,46.800,-2.600,41.206,-28.321,5.594,25.721,26.322,0.342,-0.738,0.814,
18:11:38.048,34.199,46.800,-2.600,40.824,-28.868,5.976,26.268,26.939,0.812,-0.618,1.020,
18:11:38.068,34.219,44.200,-5.200,40.465,-29.369,3.735,24.169,24.456,0.515,0.256,0.575,
18:11:38.087,34.238,44.200,-5.200,40.117,-29.843,4.083,24.643,24.979,0.559,0.695,0.892,
18:11:38.105,34.256,44.200,-5.200,39.791,-30.277,4.409,25.077,25.462,0.778,0.846,1.149,
18:11:38.114,34.265,44.200,-5.200,39.620,-30.500,4.580,25.300,25.711,0.979,0.857,1.301,
18:11:38.130,34.281,44.200,-5.200,39.314,-30.894,4.886,25.694,26.154,1.233,0.767,1.452,
18:11:38.139,34.290,44.200,-5.200,39.148,-31.104,5.052,25.904,26.392,1.449,0.638,1.583,
18:11:38.156,34.307,44.200,-5.200,38.816,-31.517,5.384,26.317,26.862,1.701,0.428,1.755,
18:11:38.175,34.326,44.200,-5.200,38.447,-31.966,5.753,26.766,27.378,1.963,0.146,1.968,
18:11:38.185,34.335,44.200,-7.800,38.268,-32.180,5.932,24.380,25.091,1.468,-0.053,1.469,
18:11:38.201,34.351,44.200,-7.800,37.946,-32.559,6.254,24.759,25.537,1.176,-0.272,1.207,
18:11:38.209,34.360,44.200,-7.800,37.780,-32.751,6.420,24.951,25.764,1.059,-0.414,1.137,
18:11:38.229,34.380,44.200,-7.800,37.369,-33.220,6.831,25.420,26.322,1.059,-0.600,1.218,
18:11:38.246,34.397,44.200,-10.400,37.015,-33.614,7.185,23.214,24.301,0.439,-0.735,0.856,
18:11:38.264,34.415,44.200,-10.400,36.645,-34.017,7.555,23.617,24.796,0.213,-0.829,0.856,
18:11:38.273,34.423,44.200,-10.400,36.470,-34.204,7.730,23.804,25.028,0.202,-0.867,0.890,
18:11:38.289,34.440,44.200,-10.400,36.119,-34.575,8.081,24.175,25.490,0.326,-0.901,0.959,
18:11:38.307,34.458,44.200,-13.000,35.740,-34.967,8.460,21.967,23.540,-0.130,-0.913,0.922,
18:11:38.328,34.479,44.200,-13.000,35.287,-35.423,8.913,22.423,24.130,-0.155,-0.905,0.919,
18:11:38.346,34.497,44.200,-13.000,34.883,-35.821,9.317,22.821,24.650,0.093,-0.888,0.893,
18:11:38.367,34.517,41.600,-13.000,34.429,-36.258,7.171,23.258,24.338,0.497,-0.088,0.504,
18:11:38.388,34.538,41.600,-13.000,33.959,-36.698,7.641,23.698,24.900,0.971,0.319,1.022,
18:11:38.406,34.557,41.600,-13.000,33.530,-37.091,8.070,24.091,25.406,1.400,0.442,1.468,
18:11:38.426,34.576,41.600,-15.600,33.091,-37.483,8.509,21.883,23.479,0.995,0.393,1.070,
18:11:38.434,34.585,41.600,-15.600,32.898,-37.652,8.702,22.052,23.707,0.844,0.296,0.895,
18:11:38.451,34.601,41.600,-15.600,32.512,-37.987,9.088,22.387,24.161,0.844,0.134,0.854,
18:11:38.459,34.610,41.600,-15.600,32.311,-38.157,9.289,22.557,24.395,0.900,-0.022,0.901,
18:11:38.476,34.627,41.600,-15.600,31.920,-38.485,9.680,22.885,24.848,1.028,-0.229,1.054,
18:11:38.497,34.648,41.600,-18.200,31.418,-38.896,10.182,20.696,23.065,0.475,-0.494,0.686,
18:11:38.514,34.665,41.600,-18.200,31.000,-39.230,10.600,21.030,23.551,0.298,-0.722,0.781,
18:11:38.522,34.673,41.600,-18.200,30.806,-39.383,10.794,21.183,23.775,0.290,-0.854,0.902,
18:11:38.540,34.690,41.600,-18.200,30.388,-39.706,11.212,21.506,24.253,0.404,-0.992,1.071,
18:11:38.550,34.700,41.600,-18.200,30.147,-39.889,11.453,21.689,24.527,0.574,-1.075,1.219,
18:11:38.565,34.716,44.200,-20.800,29.770,-40.172,14.430,19.372,24.156,0.106,-1.844,1.847,
18:11:38.574,34.725,44.200,-20.800,29.548,-40.335,14.652,19.535,24.419,-0.086,-2.288,2.290,
18:11:38.591,34.742,44.200,-20.800,29.126,-40.641,15.074,19.841,24.917,-0.074,-2.559,2.560,
18:11:38.600,34.751,44.200,-20.800,28.897,-40.804,15.303,20.004,25.186,0.042,-2.659,2.659,
18:11:38.617,34.767,44.200,-20.800,28.484,-41.093,15.716,20.293,25.667,0.270,-2.638,2.652,
18:11:38.635,34.786,44.200,-23.400,28.016,-41.414,16.184,18.014,24.216,-0.130,-2.474,2.478,
18:11:38.644,34.794,44.200,-23.400,27.803,-41.557,16.397,18.157,24.466,-0.250,-2.327,2.340,
18:11:38.660,34.811,44.200,-23.400,27.380,-41.837,16.820,18.437,24.956,-0.172,-2.111,2.118,
18:11:38.669,34.820,44.200,-23.400,27.160,-41.980,17.040,18.580,25.211,-0.029,-1.955,1.955,
18:11:38.687,34.837,44.200,-23.400,26.698,-42.275,17.502,18.875,25.741,0.242,-1.737,1.754,
18:11:38.705,34.856,41.600,-20.800,26.220,-42.574,15.380,21.774,26.658,1.357,-0.792,1.571,
18:11:38.712,34.863,41.600,-20.800,26.028,-42.691,15.572,21.891,26.865,1.999,-0.329,2.025,
18:11:38.729,34.880,41.600,-20.800,25.578,-42.963,16.022,22.163,27.348,2.502,-0.003,2.502,
18:11:38.746,34.896,41.600,-20.800,25.149,-43.215,16.451,22.415,27.804,2.816,0.101,2.818,
18:11:38.765,34.916,39.000,-26.000,24.634,-43.510,14.366,17.510,22.649,1.452,0.794,1.655,
18:11:38.773,34.924,39.000,-26.000,24.419,-43.632,14.581,17.632,22.880,0.715,1.025,1.250,
18:11:38.790,34.940,39.000,-26.000,23.972,-43.879,15.028,17.879,23.356,0.234,1.027,1.053,
18:11:38.798,34.949,39.000,-26.000,23.736,-44.007,15.264,18.007,23.606,0.007,0.885,0.885,
18:11:38.815,34.965,39.000,-26.000,23.294,-44.243,15.706,18.243,24.072,-0.093,0.600,0.607,
18:11:38.824,34.975,39.000,-26.000,23.052,-44.369,15.948,18.369,24.326,-0.042,0.297,0.300,
18:11:38.841,34.992,39.000,-26.000,22.584,-44.609,16.416,18.609,24.815,0.102,-0.115,0.153,
18:11:38.850,35.001,39.000,-26.000,22.330,-44.737,16.670,18.737,25.079,0.303,-0.456,0.547,
18:11:38.867,35.017,39.000,-26.000,21.876,-44.961,17.124,18.961,25.549,0.554,-0.843,1.009,
18:11:38.885,35.035,36.400,-26.000,21.381,-45.198,15.019,19.198,24.375,0.861,-0.484,0.988,
18:11:38.893,35.044,36.400,-26.000,21.142,-45.310,15.258,19.310,24.611,1.094,-0.323,1.140,
18:11:38.911,35.062,36.400,-26.000,20.655,-45.534,15.745,19.534,25.090,1.324,-0.337,1.366,
18:11:38.920,35.071,36.400,-26.000,20.403,-45.648,15.997,19.648,25.336,1.491,-0.395,1.543,
18:11:38.938,35.088,36.400,-26.000,19.900,-45.869,16.500,19.869,25.827,1.645,-0.554,1.736,
18:11:38.955,35.106,36.400,-28.600,19.414,-46.077,16.986,17.477,24.371,1.024,-0.772,1.283,
18:11:38.965,35.115,36.400,-28.600,19.139,-46.192,17.261,17.592,24.646,0.699,-0.947,1.177,
18:11:38.981,35.132,36.400,-28.600,18.673,-46.382,17.727,17.782,25.109,0.520,-1.143,1.256,
18:11:38.990,35.140,36.400,-28.600,18.434,-46.478,17.966,17.878,25.345,0.470,-1.285,1.368,
18:11:39.006,35.157,36.400,-28.600,17.965,-46.661,18.435,18.061,25.808,0.484,-1.437,1.517,
18:11:39.024,35.175,33.800,-31.200,17.436,-46.861,16.364,15.661,22.651,-0.134,-0.838,0.849,
18:11:39.033,35.183,33.800,-31.200,17.201,-46.948,16.599,15.748,22.881,-0.383,-0.536,0.659,
18:11:39.049,35.199,33.800,-31.200,16.739,-47.115,17.061,15.915,23.332,-0.446,-0.391,0.593,
18:11:39.065,35.215,33.800,-31.200,16.268,-47.279,17.532,16.079,23.789,-0.319,-0.391,0.505,
18:11:39.074,35.224,33.800,-31.200,16.010,-47.368,17.790,16.168,24.039,-0.146,-0.454,0.477,
18:11:39.090,35.241,33.800,-28.600,15.529,-47.527,18.271,18.927,26.307,0.806,-0.587,0.997,
18:11:39.099,35.249,33.800,-28.600,15.280,-47.608,18.520,19.008,26.539,1.442,-0.735,1.619,
18:11:39.115,35.266,33.800,-28.600,14.797,-47.760,19.003,19.160,26.986,1.957,-0.926,2.165,
18:11:39.134,35.285,33.800,-28.600,14.247,-47.927,19.553,19.327,27.493,2.322,-1.162,2.597,
18:11:39.142,35.293,33.800,-28.600,14.016,-47.995,19.784,19.395,27.705,2.495,-1.332,2.828,
18:11:39.158,35.309,28.600,-31.200,13.530,-48.135,15.070,16.935,22.669,1.864,-0.106,1.867,
18:11:39.176,35.327,28.600,-31.200,13.003,-48.280,15.597,17.080,23.129,1.373,0.607,1.501,
18:11:39.196,35.347,28.600,-31.200,12.405,-48.437,16.195,17.237,23.651,1.023,0.843,1.325,
18:11:39.215,35.365,28.600,-33.800,11.845,-48.577,16.755,14.777,22.340,0.051,0.738,0.740,
18:11:39.223,35.374,28.600,-33.800,11.606,-48.634,16.994,14.834,22.558,-0.373,0.558,0.671,
18:11:39.240,35.390,28.600,-33.800,11.100,-48.752,17.500,14.952,23.018,-0.605,0.247,0.654,
18:11:39.249,35.399,28.600,-33.800,10.837,-48.811,17.763,15.011,23.257,-0.624,-0.051,0.626,
18:11:39.266,35.417,28.600,-33.800,10.311,-48.925,18.289,15.125,23.734,-0.525,-0.453,0.693,
18:11:39.285,35.435,28.600,-33.800,9.748,-49.041,18.852,15.241,24.242,-0.241,-0.907,0.938,
18:11:39.293,35.444,28.600,-33.800,9.506,-49.088,19.094,15.288,24.460,0.024,-1.196,1.196,
18:11:39.312,35.462,28.600,-33.800,8.940,-49.194,19.660,15.394,24.970,0.345,-1.518,1.557,
18:11:39.321,35.471,28.600,-33.800,8.666,-49.243,19.934,15.443,25.216,0.607,-1.716,1.820,
18:11:39.339,35.490,28.600,-36.400,8.114,-49.337,20.486,12.937,24.229,0.170,-1.913,1.920,
18:11:39.357,35.508,28.600,-36.400,7.557,-49.426,21.043,13.026,24.748,-0.002,-2.047,2.047,
18:11:39.375,35.526,28.600,-36.400,7.012,-49.506,21.588,13.106,25.255,0.018,-2.117,2.117,
18:11:39.384,35.534,28.600,-36.400,6.757,-49.541,21.843,13.141,25.491,0.087,-2.145,2.147,
18:11:39.402,35.553,26.000,-36.400,6.199,-49.614,19.801,13.214,23.805,0.233,-1.418,1.437,
18:11:39.413,35.563,26.000,-36.400,5.870,-49.654,20.130,13.254,24.101,0.390,-1.004,1.077,
18:11:39.430,35.580,26.000,-36.400,5.351,-49.713,20.649,13.313,24.569,0.578,-0.755,0.950,
18:11:39.447,35.597,26.000,-36.400,4.831,-49.766,21.169,13.366,25.036,0.771,-0.676,1.025,
18:11:39.465,35.615,26.000,-39.000,4.277,-49.817,21.723,10.817,24.267,0.192,-0.741,0.766,
18:11:39.473,35.624,26.000,-39.000,4.031,-49.837,21.969,10.837,24.496,-0.078,-0.856,0.860,
18:11:39.489,35.640,26.000,-39.000,3.535,-49.875,22.465,10.875,24.959,-0.196,-1.006,1.025,
18:11:39.506,35.656,26.000,-39.000,3.033,-49.908,22.967,10.908,25.425,-0.178,-1.213,1.226,
18:11:39.516,35.666,26.000,-39.000,2.725,-49.926,23.275,10.926,25.712,-0.102,-1.399,1.403,
18:11:39.532,35.683,26.000,-41.600,2.224,-49.951,23.776,8.351,25.200,-0.675,-1.591,1.728,
18:11:39.541,35.691,26.000,-41.600,1.967,-49.961,24.033,8.361,25.446,-0.933,-1.743,1.977,
18:11:39.558,35.709,26.000,-41.600,1.435,-49.979,24.565,8.379,25.955,-0.992,-1.893,2.138,
18:11:39.575,35.725,26.000,-41.600,0.923,-49.991,25.077,8.391,26.444,-0.861,-2.030,2.205,
18:11:39.584,35.734,26.000,-41.600,0.650,-49.996,25.350,8.396,26.704,-0.690,-2.128,2.237,
18:11:39.600,35.751,23.400,-41.600,0.144,-50.000,23.256,8.400,24.727,-0.436,-1.496,1.558,
18:11:39.609,35.759,23.400,-41.600,-0.116,-50.000,23.516,8.400,24.971,-0.216,-1.155,1.175,
18:11:39.625,35.776,23.400,-41.600,-0.629,-49.996,24.029,8.396,25.453,0.056,-0.949,0.951,
18:11:39.634,35.785,23.400,-41.600,-0.893,-49.992,24.293,8.392,25.702,0.259,-0.895,0.931,
18:11:39.650,35.801,23.400,-41.600,-1.399,-49.980,24.799,8.380,26.177,0.481,-0.918,1.037,
18:11:39.659,35.810,20.800,-41.600,-1.658,-49.973,22.458,8.373,23.968,0.627,-0.386,0.736,
18:11:39.675,35.826,20.800,-41.600,-2.154,-49.954,22.954,8.354,24.427,0.768,-0.089,0.774,
18:11:39.693,35.844,20.800,-41.600,-2.707,-49.927,23.507,8.327,24.938,0.872,-0.084,0.876,
18:11:39.701,35.852,20.800,-41.600,-2.949,-49.913,23.749,8.313,25.162,0.919,-0.198,0.940,
18:11:39.718,35.869,20.800,-41.600,-3.474,-49.879,24.274,8.279,25.647,0.938,-0.433,1.033,
18:11:39.737,35.887,20.800,-41.600,-4.037,-49.837,24.837,8.237,26.167,0.920,-0.805,1.223,
18:11:39.754,35.905,20.800,-41.600,-4.580,-49.790,25.380,8.190,26.669,0.875,-1.220,1.501,
18:11:39.763,35.913,20.800,-41.600,-4.829,-49.766,25.629,8.166,26.899,0.845,-1.508,1.729,
18:11:39.779,35.929,15.600,-44.200,-5.318,-49.716,20.918,5.516,21.633,0.096,-0.412,0.423,
18:11:39.795,35.946,15.600,-44.200,-5.824,-49.660,21.424,5.460,22.109,-0.398,0.184,0.438,
18:11:39.804,35.955,15.600,-44.200,-6.086,-49.628,21.686,5.428,22.355,-0.636,0.417,0.760,
18:11:39.823,35.973,15.600,-44.200,-6.655,-49.555,22.255,5.355,22.890,-0.759,0.373,0.845,
18:11:39.832,35.983,15.600,-41.600,-6.939,-49.516,22.539,7.916,23.889,-0.089,0.198,0.217,
18:11:39.850,36.001,15.600,-41.600,-7.484,-49.437,23.084,7.837,24.378,0.449,-0.143,0.471,
18:11:39.861,36.012,15.600,-41.600,-7.823,-49.384,23.423,7.784,24.683,0.813,-0.503,0.956,
18:11:39.878,36.029,15.600,-41.600,-8.326,-49.302,23.926,7.702,25.135,1.064,-0.929,1.413,
18:11:39.895,36.046,13.000,-41.600,-8.854,-49.210,21.854,7.610,23.141,1.201,-0.635,1.359,
18:11:39.905,36.056,13.000,-41.600,-9.130,-49.159,22.130,7.559,23.386,1.250,-0.548,1.364,
18:11:39.922,36.073,13.000,-41.600,-9.663,-49.057,22.663,7.457,23.858,1.222,-0.647,1.383,
18:11:39.932,36.082,13.000,-41.600,-9.933,-49.003,22.933,7.403,24.098,1.173,-0.778,1.408,
18:11:39.951,36.102,13.000,-41.600,-10.516,-48.882,23.516,7.282,24.617,1.053,-1.025,1.470,
18:11:39.961,36.112,13.000,-41.600,-10.807,-48.818,23.807,7.218,24.878,0.958,-1.244,1.570,
18:11:39.976,36.127,13.000,-41.600,-11.265,-48.714,24.265,7.114,25.287,0.834,-1.484,1.702,
18:11:39.994,36.144,13.000,-41.600,-11.782,-48.592,24.782,6.992,25.750,0.698,-1.735,1.870,
18:11:40.003,36.154,13.000,-41.600,-12.059,-48.524,25.059,6.924,25.998,0.620,-1.913,2.011,
18:11:40.020,36.170,13.000,-44.200,-12.559,-48.397,25.559,4.197,25.901,-0.189,-2.079,2.087,
18:11:40.029,36.180,13.000,-44.200,-12.827,-48.327,25.827,4.127,26.154,-0.637,-2.194,2.284,
18:11:40.046,36.197,13.000,-44.200,-13.343,-48.187,26.343,3.987,26.643,-0.935,-2.289,2.472,
18:11:40.065,36.216,13.000,-44.200,-13.899,-48.029,26.899,3.829,27.170,-1.029,-2.355,2.570,
18:11:40.074,36.225,10.400,-46.800,-14.164,-47.952,24.564,1.152,24.591,-1.650,-1.740,2.398,
18:11:40.094,36.245,10.400,-46.800,-14.752,-47.774,25.152,0.974,25.171,-1.961,-1.296,2.350,
18:11:40.103,36.254,10.400,-46.800,-15.008,-47.694,25.408,0.894,25.424,-2.003,-1.112,2.291,
18:11:40.124,36.274,10.400,-46.800,-15.623,-47.496,26.023,0.696,26.033,-1.819,-1.034,2.092,
18:11:40.133,36.284,10.400,-46.800,-15.892,-47.407,26.292,0.607,26.299,-1.586,-1.094,1.927,
18:11:40.151,36.302,10.400,-46.800,-16.415,-47.229,26.815,0.429,26.818,-1.241,-1.208,1.732,
