timestamp,elapsed_time,ball_x,ball_y,target_x,target_y,error_x,error_y,error_magnitude,controller_rx,controller_ry,tilt_magnitude,loop_time_ms
18:14:09.837,0.002,-4.000,4.000,0.000,0.000,-4.000,4.000,5.657,0.294,0.652,0.715,
18:14:09.852,0.017,-4.000,4.000,0.000,0.000,-4.000,4.000,5.657,0.384,0.696,0.795,
18:14:09.859,0.024,-2.000,6.000,0.000,0.000,-2.000,6.000,6.325,0.914,0.234,0.943,
18:14:09.873,0.038,-2.000,6.000,0.000,0.000,-2.000,6.000,6.325,1.289,-0.125,1.295,
18:14:09.881,0.046,-2.000,6.000,0.000,0.000,-2.000,6.000,6.325,1.494,-0.336,1.531,
18:14:09.894,0.059,-2.000,6.000,0.000,0.000,-2.000,6.000,6.325,1.598,-0.483,1.669,
18:14:09.902,0.067,-2.000,6.000,0.000,0.000,-2.000,6.000,6.325,1.621,-0.551,1.711,
18:14:09.918,0.083,-4.000,4.000,0.000,0.000,-4.000,4.000,5.657,1.046,-0.060,1.048,
18:14:09.934,0.099,-4.000,4.000,0.000,0.000,-4.000,4.000,5.657,0.547,0.336,0.642,
18:14:09.941,0.106,-4.000,4.000,0.000,0.000,-4.000,4.000,5.657,0.243,0.580,0.629,
18:14:09.956,0.121,-4.000,4.000,0.000,0.000,-4.000,4.000,5.657,-0.010,0.747,0.747,
18:14:09.971,0.136,-4.000,4.000,0.000,0.000,-4.000,4.000,5.657,-0.187,0.845,0.866,
18:14:09.978,0.143,-4.000,4.000,0.000,0.000,-4.000,4.000,5.657,-0.258,0.884,0.921,
18:14:09.992,0.157,-4.000,4.000,0.000,0.000,-4.000,4.000,5.657,-0.311,0.886,0.939,
18:14:09.999,0.165,-4.000,4.000,0.000,0.000,-4.000,4.000,5.657,-0.306,0.862,0.915,
18:14:10.014,0.179,-4.000,4.000,0.000,0.000,-4.000,4.000,5.657,-0.282,0.805,0.853,
18:14:10.022,0.187,-4.000,4.000,0.000,0.000,-4.000,4.000,5.657,-0.225,0.746,0.780,
18:14:10.038,0.203,-4.000,4.000,0.000,0.000,-4.000,4.000,5.657,-0.151,0.655,0.673,
18:14:10.052,0.217,-4.000,4.000,0.000,0.000,-4.000,4.000,5.657,-0.050,0.555,0.557,
18:14:10.061,0.226,-4.000,4.000,0.000,0.000,-4.000,4.000,5.657,0.037,0.486,0.488,
18:14:10.075,0.240,-4.000,4.000,0.000,0.000,-4.000,4.000,5.657,0.124,0.404,0.423,
18:14:10.089,0.254,-4.000,4.000,0.000,0.000,-4.000,4.000,5.657,0.207,0.334,0.393,
18:14:10.104,0.269,-4.000,4.000,0.000,0.000,-4.000,4.000,5.657,0.282,0.275,0.393,
18:14:10.110,0.275,-4.000,4.000,0.000,0.000,-4.000,4.000,5.657,0.328,0.251,0.413,
18:14:10.125,0.290,-4.000,4.000,0.000,0.000,-4.000,4.000,5.657,0.369,0.217,0.428,
18:14:10.140,0.305,-4.000,4.000,0.000,0.000,-4.000,4.000,5.657,0.398,0.197,0.444,
18:14:10.147,0.312,-4.000,4.000,0.000,0.000,-4.000,4.000,5.657,0.414,0.200,0.460,
18:14:10.160,0.325,-4.000,4.000,0.000,0.000,-4.000,4.000,5.657,0.421,0.196,0.465,
18:14:10.173,0.338,-4.000,4.000,0.000,0.000,-4.000,4.000,5.657,0.421,0.201,0.466,
18:14:10.180,0.345,-4.000,4.000,0.000,0.000,-4.000,4.000,5.657,0.419,0.214,0.471,
18:14:10.193,0.358,-4.000,4.000,0.000,0.000,-4.000,4.000,5.657,0.408,0.223,0.465,
18:14:10.199,0.365,-4.000,4.000,0.000,0.000,-4.000,4.000,5.657,0.401,0.238,0.467,
18:14:10.212,0.377,-4.000,4.000,0.000,0.000,-4.000,4.000,5.657,0.386,0.249,0.459,
18:14:10.219,0.384,-0.000,4.000,0.000,0.000,-0.000,4.000,4.000,0.378,-0.628,0.732,
18:14:10.232,0.397,-0.000,4.000,0.000,0.000,-0.000,4.000,4.000,0.360,-1.298,1.348,
18:14:10.239,0.404,-0.000,4.000,0.000,0.000,-0.000,4.000,4.000,0.352,-1.693,1.729,
18:14:10.254,0.419,-0.000,4.000,0.000,0.000,-0.000,4.000,4.000,0.333,-1.916,1.944,
18:14:10.262,0.427,-0.000,4.000,0.000,0.000,-0.000,4.000,4.000,0.327,-1.976,2.002,
18:14:10.278,0.443,-4.000,4.000,0.000,0.000,-4.000,4.000,5.657,0.310,-0.858,0.913,
18:14:10.295,0.460,-4.000,4.000,0.000,0.000,-4.000,4.000,5.657,0.297,0.100,0.313,
18:14:10.312,0.478,-4.000,4.000,0.000,0.000,-4.000,4.000,5.657,0.288,0.802,0.852,
18:14:10.321,0.486,-4.000,4.000,0.000,0.000,-4.000,4.000,5.657,0.289,1.188,1.223,
18:14:10.335,0.500,-2.000,4.000,0.000,0.000,-2.000,4.000,4.472,0.286,0.926,0.969,
18:14:10.351,0.516,-2.000,4.000,0.000,0.000,-2.000,4.000,4.472,0.282,0.709,0.763,
18:14:10.359,0.524,-2.000,4.000,0.000,0.000,-2.000,4.000,4.472,0.288,0.542,0.614,
18:14:10.375,0.540,-2.000,4.000,0.000,0.000,-2.000,4.000,4.472,0.286,0.411,0.500,
18:14:10.392,0.557,-2.000,2.000,0.000,0.000,-2.000,2.000,2.828,-0.268,0.279,0.387,
18:14:10.401,0.566,-2.000,2.000,0.000,0.000,-2.000,2.000,2.828,-0.566,0.187,0.596,
18:14:10.414,0.579,-2.000,2.000,0.000,0.000,-2.000,2.000,2.828,-0.738,0.114,0.746,
18:14:10.421,0.586,-2.000,2.000,0.000,0.000,-2.000,2.000,2.828,-0.806,0.071,0.809,
18:14:10.438,0.603,-2.000,2.000,0.000,0.000,-2.000,2.000,2.828,-0.801,0.029,0.801,
18:14:10.454,0.619,-2.000,4.000,0.000,0.000,-2.000,4.000,4.472,-0.159,0.009,0.159,
18:14:10.463,0.628,-2.000,4.000,0.000,0.000,-2.000,4.000,4.472,0.260,0.008,0.260,
18:14:10.477,0.642,-2.000,4.000,0.000,0.000,-2.000,4.000,4.472,0.575,0.011,0.575,
18:14:10.492,0.657,-2.000,4.000,0.000,0.000,-2.000,4.000,4.472,0.795,0.025,0.795,
18:14:10.501,0.666,-2.000,4.000,0.000,0.000,-2.000,4.000,4.472,0.914,0.044,0.915,
18:14:10.515,0.680,-0.000,4.000,0.000,0.000,-0.000,4.000,4.000,0.981,-0.449,1.078,
18:14:10.524,0.689,-0.000,4.000,0.000,0.000,-0.000,4.000,4.000,0.990,-0.743,1.238,
18:14:10.540,0.705,-0.000,4.000,0.000,0.000,-0.000,4.000,4.000,0.955,-0.916,1.323,
18:14:10.549,0.714,-0.000,4.000,0.000,0.000,-0.000,4.000,4.000,0.895,-0.977,1.325,
18:14:10.564,0.729,-0.000,4.000,0.000,0.000,-0.000,4.000,4.000,0.801,-0.955,1.246,
18:14:10.582,0.747,-2.000,4.000,0.000,0.000,-2.000,4.000,4.472,0.673,-0.279,0.729,
18:14:10.591,0.756,-2.000,4.000,0.000,0.000,-2.000,4.000,4.472,0.582,0.145,0.599,
18:14:10.605,0.770,-2.000,4.000,0.000,0.000,-2.000,4.000,4.472,0.483,0.460,0.667,
18:14:10.623,0.789,-2.000,4.000,0.000,0.000,-2.000,4.000,4.472,0.373,0.690,0.784,
18:14:10.632,0.797,-2.000,4.000,0.000,0.000,-2.000,4.000,4.472,0.319,0.788,0.850,
18:14:10.646,0.812,-2.000,6.000,0.000,0.000,-2.000,6.000,6.325,0.778,0.836,1.142,
18:14:10.665,0.830,-2.000,6.000,0.000,0.000,-2.000,6.000,6.325,1.069,0.806,1.339,
18:14:10.683,0.848,-2.000,6.000,0.000,0.000,-2.000,6.000,6.325,1.198,0.710,1.393,
18:14:10.691,0.856,-2.000,6.000,0.000,0.000,-2.000,6.000,6.325,1.245,0.627,1.394,
18:14:10.706,0.871,-2.000,4.000,0.000,0.000,-2.000,4.000,4.472,0.693,0.525,0.870,
18:14:10.722,0.887,-2.000,4.000,0.000,0.000,-2.000,4.000,4.472,0.264,0.408,0.486,
18:14:10.731,0.896,-2.000,4.000,0.000,0.000,-2.000,4.000,4.472,0.015,0.326,0.327,
18:14:10.745,0.910,-2.000,4.000,0.000,0.000,-2.000,4.000,4.472,-0.168,0.239,0.292,
18:14:10.752,0.917,-2.000,4.000,0.000,0.000,-2.000,4.000,4.472,-0.258,0.185,0.317,
18:14:10.766,0.931,-4.000,6.000,0.000,0.000,-4.000,6.000,7.211,0.189,0.631,0.659,
18:14:10.781,0.947,-4.000,6.000,0.000,0.000,-4.000,6.000,7.211,0.533,0.924,1.067,
18:14:10.790,0.955,-4.000,6.000,0.000,0.000,-4.000,6.000,7.211,0.755,1.082,1.320,
18:14:10.805,0.970,-4.000,6.000,0.000,0.000,-4.000,6.000,7.211,0.894,1.138,1.447,
18:14:10.813,0.978,-4.000,6.000,0.000,0.000,-4.000,6.000,7.211,0.976,1.144,1.504,
18:14:10.827,0.992,-4.000,4.000,0.000,0.000,-4.000,4.000,5.657,0.499,1.087,1.196,
18:14:10.844,1.009,-4.000,4.000,0.000,0.000,-4.000,4.000,5.657,0.123,0.961,0.968,
18:14:10.853,1.018,-4.000,4.000,0.000,0.000,-4.000,4.000,5.657,-0.088,0.855,0.859,
18:14:10.866,1.031,-4.000,4.000,0.000,0.000,-4.000,4.000,5.657,-0.227,0.723,0.758,
18:14:10.884,1.049,-2.000,4.000,0.000,0.000,-2.000,4.000,4.472,-0.297,0.010,0.297,
18:14:10.891,1.056,-2.000,4.000,0.000,0.000,-2.000,4.000,4.472,-0.298,-0.374,0.478,
18:14:10.906,1.071,-2.000,4.000,0.000,0.000,-2.000,4.000,4.472,-0.277,-0.664,0.719,
18:14:10.923,1.088,-2.000,4.000,0.000,0.000,-2.000,4.000,4.472,-0.205,-0.819,0.844,
18:14:10.931,1.096,-2.000,4.000,0.000,0.000,-2.000,4.000,4.472,-0.125,-0.854,0.863,
18:14:10.947,1.112,-4.000,4.000,0.000,0.000,-4.000,4.000,5.657,-0.035,-0.309,0.311,
18:14:10.962,1.127,-4.000,4.000,0.000,0.000,-4.000,4.000,5.657,0.066,0.123,0.139,
18:14:10.971,1.136,-4.000,4.000,0.000,0.000,-4.000,4.000,5.657,0.147,0.410,0.435,
18:14:10.985,1.150,-4.000,4.000,0.000,0.000,-4.000,4.000,5.657,0.225,0.618,0.658,
18:14:11.002,1.167,-2.000,2.000,0.000,0.000,-2.000,2.000,2.828,-0.250,0.214,0.329,
18:14:11.010,1.175,-2.000,2.000,0.000,0.000,-2.000,2.000,2.828,-0.509,-0.025,0.510,
18:14:11.024,1.189,-2.000,2.000,0.000,0.000,-2.000,2.000,2.828,-0.648,-0.176,0.672,
18:14:11.034,1.199,-2.000,2.000,0.000,0.000,-2.000,2.000,2.828,-0.697,-0.259,0.744,
18:14:11.049,1.214,-2.000,2.000,0.000,0.000,-2.000,2.000,2.828,-0.673,-0.295,0.734,
18:14:11.065,1.230,-2.000,4.000,0.000,0.000,-2.000,4.000,4.472,-0.037,-0.284,0.286,
18:14:11.073,1.238,-2.000,4.000,0.000,0.000,-2.000,4.000,4.472,0.367,-0.252,0.446,
18:14:11.089,1.254,-2.000,4.000,0.000,0.000,-2.000,4.000,4.472,0.678,-0.198,0.706,
18:14:11.098,1.263,-2.000,4.000,0.000,0.000,-2.000,4.000,4.472,0.863,-0.141,0.874,
18:14:11.112,1.277,-2.000,4.000,0.000,0.000,-2.000,4.000,4.472,0.981,-0.075,0.984,
18:14:11.120,1.285,-2.000,6.000,0.000,0.000,-2.000,6.000,6.325,1.498,-0.021,1.498,
18:14:11.136,1.301,-2.000,6.000,0.000,0.000,-2.000,6.000,6.325,1.844,0.045,1.845,
18:14:11.154,1.319,-2.000,6.000,0.000,0.000,-2.000,6.000,6.325,1.961,0.112,1.964,
18:14:11.162,1.327,-2.000,6.000,0.000,0.000,-2.000,6.000,6.325,1.951,0.153,1.957,
18:14:11.177,1.342,-0.000,4.000,0.000,0.000,-0.000,4.000,4.000,1.300,-0.336,1.343,
18:14:11.192,1.357,-0.000,4.000,0.000,0.000,-0.000,4.000,4.000,0.751,-0.643,0.989,
18:14:11.201,1.367,-0.000,4.000,0.000,0.000,-0.000,4.000,4.000,0.393,-0.796,0.888,
18:14:11.216,1.382,-0.000,4.000,0.000,0.000,-0.000,4.000,4.000,0.084,-0.853,0.857,
18:14:11.234,1.399,-2.000,4.000,0.000,0.000,-2.000,4.000,4.472,-0.162,-0.256,0.303,
18:14:11.250,1.415,-2.000,4.000,0.000,0.000,-2.000,4.000,4.472,-0.286,0.179,0.337,
18:14:11.258,1.423,-2.000,4.000,0.000,0.000,-2.000,4.000,4.472,-0.313,0.430,0.532,
18:14:11.273,1.438,-2.000,4.000,0.000,0.000,-2.000,4.000,4.472,-0.318,0.610,0.688,
18:14:11.281,1.446,-2.000,4.000,0.000,0.000,-2.000,4.000,4.472,-0.280,0.707,0.761,
18:14:11.298,1.463,-2.000,4.000,0.000,0.000,-2.000,4.000,4.472,-0.221,0.765,0.796,
18:14:11.315,1.480,-2.000,4.000,0.000,0.000,-2.000,4.000,4.472,-0.121,0.753,0.762,
18:14:11.324,1.489,-2.000,4.000,0.000,0.000,-2.000,4.000,4.472,-0.027,0.706,0.707,
18:14:11.341,1.506,-2.000,4.000,0.000,0.000,-2.000,4.000,4.472,0.072,0.627,0.631,
18:14:11.349,1.514,-2.000,4.000,0.000,0.000,-2.000,4.000,4.472,0.151,0.552,0.572,
18:14:11.363,1.528,-2.000,4.000,0.000,0.000,-2.000,4.000,4.472,0.225,0.463,0.514,
18:14:11.373,1.538,-2.000,4.000,0.000,0.000,-2.000,4.000,4.472,0.282,0.386,0.478,
18:14:11.388,1.553,-2.000,4.000,0.000,0.000,-2.000,4.000,4.472,0.336,0.295,0.447,
18:14:11.403,1.568,-2.000,4.000,0.000,0.000,-2.000,4.000,4.472,0.377,0.214,0.433,
18:14:11.411,1.576,-2.000,4.000,0.000,0.000,-2.000,4.000,4.472,0.400,0.166,0.433,
18:14:11.425,1.590,-2.000,4.000,0.000,0.000,-2.000,4.000,4.472,0.415,0.113,0.430,
18:14:11.440,1.605,-2.000,4.000,0.000,0.000,-2.000,4.000,4.472,0.419,0.074,0.426,
18:14:11.447,1.612,-2.000,4.000,0.000,0.000,-2.000,4.000,4.472,0.420,0.060,0.424,
18:14:11.460,1.626,-2.000,4.000,0.000,0.000,-2.000,4.000,4.472,0.412,0.043,0.414,
18:14:11.467,1.632,-2.000,4.000,0.000,0.000,-2.000,4.000,4.472,0.406,0.043,0.408,
18:14:11.480,1.645,-4.000,4.000,0.000,0.000,-4.000,4.000,5.657,0.392,0.525,0.655,
18:14:11.487,1.652,-4.000,4.000,0.000,0.000,-4.000,4.000,5.657,0.383,0.844,0.926,
18:14:11.501,1.666,-4.000,4.000,0.000,0.000,-4.000,4.000,5.657,0.365,1.061,1.122,
18:14:11.509,1.674,-4.000,4.000,0.000,0.000,-4.000,4.000,5.657,0.356,1.179,1.232,
18:14:11.522,1.687,-4.000,4.000,0.000,0.000,-4.000,4.000,5.657,0.339,1.220,1.266,
18:14:11.529,1.695,-4.000,4.000,0.000,0.000,-4.000,4.000,5.657,0.332,1.213,1.257,
18:14:11.542,1.707,-2.000,4.000,0.000,0.000,-2.000,4.000,4.472,0.319,0.667,0.739,
18:14:11.550,1.715,-2.000,4.000,0.000,0.000,-2.000,4.000,4.472,0.314,0.276,0.418,
18:14:11.564,1.729,-2.000,4.000,0.000,0.000,-2.000,4.000,4.472,0.302,-0.056,0.307,
18:14:11.581,1.746,-2.000,4.000,0.000,0.000,-2.000,4.000,4.472,0.291,-0.313,0.427,
18:14:11.589,1.754,-2.000,4.000,0.000,0.000,-2.000,4.000,4.472,0.294,-0.437,0.527,
18:14:11.603,1.768,-2.000,4.000,0.000,0.000,-2.000,4.000,4.472,0.289,-0.522,0.597,
18:14:11.610,1.775,-2.000,4.000,0.000,0.000,-2.000,4.000,4.472,0.292,-0.538,0.613,
18:14:11.624,1.790,-2.000,4.000,0.000,0.000,-2.000,4.000,4.472,0.288,-0.527,0.601,
18:14:11.633,1.798,-2.000,4.000,0.000,0.000,-2.000,4.000,4.472,0.293,-0.477,0.559,
18:14:11.647,1.812,-2.000,4.000,0.000,0.000,-2.000,4.000,4.472,0.291,-0.403,0.497,
18:14:11.661,1.826,-2.000,6.000,0.000,0.000,-2.000,6.000,6.325,0.818,-0.299,0.871,
18:14:11.669,1.834,-2.000,6.000,0.000,0.000,-2.000,6.000,6.325,1.133,-0.208,1.152,
18:14:11.682,1.847,-2.000,6.000,0.000,0.000,-2.000,6.000,6.325,1.324,-0.112,1.329,
18:14:11.689,1.854,-2.000,6.000,0.000,0.000,-2.000,6.000,6.325,1.420,-0.038,1.421,
18:14:11.703,1.868,-2.000,6.000,0.000,0.000,-2.000,6.000,6.325,1.437,0.043,1.437,
18:14:11.711,1.876,-2.000,6.000,0.000,0.000,-2.000,6.000,6.325,1.407,0.103,1.411,
18:14:11.726,1.891,-2.000,6.000,0.000,0.000,-2.000,6.000,6.325,1.309,0.165,1.320,
18:14:11.741,1.906,-2.000,6.000,0.000,0.000,-2.000,6.000,6.325,1.156,0.216,1.176,
18:14:11.750,1.915,-2.000,6.000,0.000,0.000,-2.000,6.000,6.325,1.031,0.244,1.059,
18:14:11.763,1.928,-2.000,6.000,0.000,0.000,-2.000,6.000,6.325,0.881,0.266,0.921,
18:14:11.771,1.936,-2.000,6.000,0.000,0.000,-2.000,6.000,6.325,0.774,0.274,0.821,
18:14:11.785,1.950,-4.000,4.000,0.000,0.000,-4.000,4.000,5.657,0.146,0.774,0.788,
18:14:11.799,1.964,-4.000,4.000,0.000,0.000,-4.000,4.000,5.657,-0.317,1.107,1.152,
18:14:11.814,1.979,-4.000,4.000,0.000,0.000,-4.000,4.000,5.657,-0.603,1.279,1.414,
18:14:11.822,1.988,-4.000,4.000,0.000,0.000,-4.000,4.000,5.657,-0.726,1.342,1.526,
18:14:11.839,2.004,-2.000,4.000,0.000,0.000,-2.000,4.000,4.472,-0.782,0.790,1.111,
18:14:11.853,2.018,-2.000,4.000,0.000,0.000,-2.000,4.000,4.472,-0.730,0.353,0.811,
18:14:11.862,2.027,-2.000,4.000,0.000,0.000,-2.000,4.000,4.472,-0.636,0.075,0.640,
18:14:11.877,2.042,-2.000,4.000,0.000,0.000,-2.000,4.000,4.472,-0.504,-0.148,0.526,
18:14:11.893,2.058,-2.000,4.000,0.000,0.000,-2.000,4.000,4.472,-0.327,-0.302,0.445,
18:14:11.901,2.066,-2.000,4.000,0.000,0.000,-2.000,4.000,4.472,-0.180,-0.368,0.409,
18:14:11.916,2.081,-2.000,4.000,0.000,0.000,-2.000,4.000,4.472,-0.025,-0.405,0.405,
18:14:11.932,2.097,-2.000,4.000,0.000,0.000,-2.000,4.000,4.472,0.134,-0.389,0.412,
18:14:11.939,2.104,-2.000,4.000,0.000,0.000,-2.000,4.000,4.472,0.236,-0.345,0.417,
18:14:11.952,2.117,-2.000,4.000,0.000,0.000,-2.000,4.000,4.472,0.333,-0.290,0.441,
18:14:11.960,2.125,-2.000,4.000,0.000,0.000,-2.000,4.000,4.472,0.394,-0.230,0.456,
18:14:11.974,2.139,-2.000,4.000,0.000,0.000,-2.000,4.000,4.472,0.452,-0.158,0.479,
18:14:11.982,2.147,-2.000,4.000,0.000,0.000,-2.000,4.000,4.472,0.483,-0.090,0.491,
18:14:11.995,2.160,-2.000,4.000,0.000,0.000,-2.000,4.000,4.472,0.503,-0.021,0.503,
18:14:12.002,2.167,-2.000,4.000,0.000,0.000,-2.000,4.000,4.472,0.509,0.034,0.510,
18:14:12.015,2.181,-2.000,4.000,0.000,0.000,-2.000,4.000,4.472,0.505,0.092,0.513,
18:14:12.031,2.197,-2.000,4.000,0.000,0.000,-2.000,4.000,4.472,0.485,0.148,0.507,
18:14:12.039,2.204,-2.000,4.000,0.000,0.000,-2.000,4.000,4.472,0.468,0.183,0.502,
18:14:12.052,2.217,-2.000,4.000,0.000,0.000,-2.000,4.000,4.472,0.441,0.213,0.490,
18:14:12.059,2.224,-2.000,4.000,0.000,0.000,-2.000,4.000,4.472,0.423,0.229,0.481,
18:14:12.072,2.237,-2.000,2.000,0.000,0.000,-2.000,2.000,2.828,-0.094,0.242,0.260,
18:14:12.079,2.244,-2.000,2.000,0.000,0.000,-2.000,2.000,2.828,-0.418,0.248,0.486,
18:14:12.092,2.257,-2.000,2.000,0.000,0.000,-2.000,2.000,2.828,-0.651,0.249,0.697,
18:14:12.099,2.264,-2.000,2.000,0.000,0.000,-2.000,2.000,2.828,-0.773,0.247,0.811,
18:14:12.113,2.278,-2.000,2.000,0.000,0.000,-2.000,2.000,2.828,-0.829,0.240,0.863,
18:14:12.119,2.284,-2.000,2.000,0.000,0.000,-2.000,2.000,2.828,-0.824,0.233,0.856,
18:14:12.133,2.298,-2.000,2.000,0.000,0.000,-2.000,2.000,2.828,-0.774,0.221,0.805,
18:14:12.141,2.306,-2.000,2.000,0.000,0.000,-2.000,2.000,2.828,-0.691,0.212,0.723,
18:14:12.155,2.320,-2.000,2.000,0.000,0.000,-2.000,2.000,2.828,-0.573,0.198,0.607,
18:14:12.170,2.335,-2.000,2.000,0.000,0.000,-2.000,2.000,2.828,-0.413,0.183,0.451,
18:14:12.177,2.342,-2.000,2.000,0.000,0.000,-2.000,2.000,2.828,-0.286,0.175,0.335,
18:14:12.190,2.355,-2.000,4.000,0.000,0.000,-2.000,4.000,4.472,0.343,0.164,0.380,
18:14:12.197,2.362,-2.000,4.000,0.000,0.000,-2.000,4.000,4.472,0.743,0.160,0.760,
18:14:12.210,2.375,-2.000,4.000,0.000,0.000,-2.000,4.000,4.472,1.054,0.151,1.065,
18:14:12.217,2.382,-2.000,4.000,0.000,0.000,-2.000,4.000,4.472,1.230,0.149,1.239,
18:14:12.230,2.395,-2.000,4.000,0.000,0.000,-2.000,4.000,4.472,1.343,0.143,1.350,
18:14:12.238,2.403,-2.000,4.000,0.000,0.000,-2.000,4.000,4.472,1.376,0.142,1.383,
18:14:12.252,2.417,-4.000,4.000,0.000,0.000,-4.000,4.000,5.657,1.351,0.640,1.495,
18:14:12.260,2.425,-4.000,4.000,0.000,0.000,-4.000,4.000,5.657,1.280,0.956,1.598,
18:14:12.275,2.440,-4.000,4.000,0.000,0.000,-4.000,4.000,5.657,1.158,1.159,1.639,
18:14:12.292,2.457,-4.000,4.000,0.000,0.000,-4.000,4.000,5.657,0.975,1.238,1.576,
18:14:12.328,2.493,-2.000,4.000,0.000,0.000,-2.000,4.000,4.472,0.620,0.438,0.759,
18:14:12.347,2.512,-2.000,4.000,0.000,0.000,-2.000,4.000,4.472,0.392,-0.021,0.393,
18:14:12.367,2.532,-2.000,4.000,0.000,0.000,-2.000,4.000,4.472,0.228,-0.289,0.368,
18:14:12.391,2.556,-2.000,6.000,0.000,0.000,-2.000,6.000,6.325,0.728,-0.438,0.849,
18:14:12.402,2.567,-2.000,6.000,0.000,0.000,-2.000,6.000,6.325,0.973,-0.451,1.072,
18:14:12.422,2.587,-2.000,6.000,0.000,0.000,-2.000,6.000,6.325,1.059,-0.415,1.138,
18:14:12.434,2.599,-2.000,6.000,0.000,0.000,-2.000,6.000,6.325,1.082,-0.344,1.135,
18:14:12.452,2.617,-2.000,6.000,0.000,0.000,-2.000,6.000,6.325,1.024,-0.245,1.053,
18:14:12.465,2.630,-2.000,6.000,0.000,0.000,-2.000,6.000,6.325,0.945,-0.146,0.956,
18:14:12.485,2.650,-2.000,6.000,0.000,0.000,-2.000,6.000,6.325,0.807,-0.027,0.807,
18:14:12.506,2.671,-2.000,2.000,0.000,0.000,-2.000,2.000,2.828,-0.568,0.086,0.574,
18:14:12.523,2.688,-2.000,2.000,0.000,0.000,-2.000,2.000,2.828,-1.276,0.162,1.286,
18:14:12.529,2.694,-2.000,2.000,0.000,0.000,-2.000,2.000,2.828,-1.573,0.201,1.586,
18:14:12.543,2.708,-2.000,2.000,0.000,0.000,-2.000,2.000,2.828,-1.718,0.233,1.734,
18:14:12.550,2.715,-2.000,2.000,0.000,0.000,-2.000,2.000,2.828,-1.730,0.251,1.748,
18:14:12.564,2.729,-2.000,4.000,0.000,0.000,-2.000,4.000,4.472,-1.140,0.265,1.170,
18:14:12.572,2.737,-2.000,4.000,0.000,0.000,-2.000,4.000,4.472,-0.673,0.268,0.725,
18:14:12.587,2.752,-2.000,4.000,0.000,0.000,-2.000,4.000,4.472,-0.219,0.265,0.344,
18:14:12.603,2.768,-2.000,4.000,0.000,0.000,-2.000,4.000,4.472,0.190,0.253,0.317,
18:14:12.612,2.777,-2.000,4.000,0.000,0.000,-2.000,4.000,4.472,0.451,0.242,0.512,
18:14:12.626,2.792,-0.000,6.000,0.000,0.000,-0.000,6.000,6.000,1.196,-0.297,1.232,
18:14:12.641,2.806,-0.000,6.000,0.000,0.000,-0.000,6.000,6.000,1.675,-0.649,1.797,
18:14:12.651,2.816,-0.000,6.000,0.000,0.000,-0.000,6.000,6.000,1.916,-0.837,2.091,
18:14:12.667,2.832,-0.000,6.000,0.000,0.000,-0.000,6.000,6.000,2.005,-0.917,2.204,
18:14:12.683,2.848,-2.000,4.000,0.000,0.000,-2.000,4.000,4.472,1.394,-0.352,1.437,
18:14:12.691,2.856,-2.000,4.000,0.000,0.000,-2.000,4.000,4.472,0.973,0.011,0.973,
18:14:12.707,2.872,-2.000,4.000,0.000,0.000,-2.000,4.000,4.472,0.595,0.300,0.667,
18:14:12.724,2.889,-2.000,4.000,0.000,0.000,-2.000,4.000,4.472,0.276,0.508,0.578,
18:14:12.735,2.900,-2.000,4.000,0.000,0.000,-2.000,4.000,4.472,0.076,0.617,0.622,
18:14:12.751,2.916,-4.000,2.000,0.000,0.000,-4.000,2.000,4.472,-0.609,1.206,1.352,
18:14:12.759,2.924,-4.000,2.000,0.000,0.000,-4.000,2.000,4.472,-0.971,1.512,1.797,
18:14:12.773,2.938,-4.000,2.000,0.000,0.000,-4.000,2.000,4.472,-1.191,1.665,2.047,
18:14:12.782,2.947,-4.000,2.000,0.000,0.000,-4.000,2.000,4.472,-1.261,1.699,2.115,
18:14:12.796,2.962,-4.000,2.000,0.000,0.000,-4.000,2.000,4.472,-1.237,1.629,2.045,
18:14:12.811,2.976,-2.000,6.000,0.000,0.000,-2.000,6.000,6.325,-0.027,0.927,0.928,
18:14:12.820,2.986,-2.000,6.000,0.000,0.000,-2.000,6.000,6.325,0.759,0.449,0.882,
18:14:12.836,3.001,-2.000,6.000,0.000,0.000,-2.000,6.000,6.325,1.340,0.038,1.341,
18:14:12.853,3.018,-2.000,6.000,0.000,0.000,-2.000,6.000,6.325,1.701,-0.268,1.722,
18:14:12.860,3.025,-2.000,6.000,0.000,0.000,-2.000,6.000,6.325,1.850,-0.413,1.896,
18:14:12.874,3.039,-2.000,4.000,0.000,0.000,-2.000,4.000,4.472,1.391,-0.519,1.485,
18:14:12.883,3.048,-2.000,4.000,0.000,0.000,-2.000,4.000,4.472,1.041,-0.551,1.177,
18:14:12.898,3.063,-2.000,4.000,0.000,0.000,-2.000,4.000,4.472,0.720,-0.549,0.905,
18:14:12.914,3.079,-2.000,4.000,0.000,0.000,-2.000,4.000,4.472,0.430,-0.484,0.647,
18:14:12.922,3.087,-2.000,4.000,0.000,0.000,-2.000,4.000,4.472,0.245,-0.401,0.470,
18:14:12.937,3.102,-2.000,4.000,0.000,0.000,-2.000,4.000,4.472,0.082,-0.303,0.314,
18:14:12.955,3.120,-2.000,4.000,0.000,0.000,-2.000,4.000,4.472,-0.039,-0.177,0.181,
18:14:12.973,3.138,-2.000,4.000,0.000,0.000,-2.000,4.000,4.472,-0.091,-0.045,0.101,
18:14:12.982,3.147,-2.000,4.000,0.000,0.000,-2.000,4.000,4.472,-0.085,0.044,0.095,
18:14:12.995,3.160,-4.000,2.000,0.000,0.000,-4.000,2.000,4.472,-0.580,0.633,0.858,
18:14:13.011,3.176,-4.000,2.000,0.000,0.000,-4.000,2.000,4.472,-0.873,1.034,1.354,
18:14:13.018,3.183,-4.000,2.000,0.000,0.000,-4.000,2.000,4.472,-0.993,1.239,1.588,
18:14:13.031,3.196,-4.000,2.000,0.000,0.000,-4.000,2.000,4.472,-1.022,1.350,1.694,
18:14:13.039,3.204,-4.000,2.000,0.000,0.000,-4.000,2.000,4.472,-0.988,1.380,1.697,
18:14:13.053,3.218,-2.000,2.000,0.000,0.000,-2.000,2.000,2.828,-0.887,0.832,1.216,
18:14:13.062,3.227,-2.000,2.000,0.000,0.000,-2.000,2.000,2.828,-0.763,0.439,0.880,
18:14:13.077,3.242,-2.000,2.000,0.000,0.000,-2.000,2.000,2.828,-0.592,0.104,0.601,
18:14:13.091,3.256,-2.000,2.000,0.000,0.000,-2.000,2.000,2.828,-0.393,-0.148,0.420,
18:14:13.099,3.264,-2.000,2.000,0.000,0.000,-2.000,2.000,2.828,-0.245,-0.290,0.379,
18:14:13.112,3.277,-2.000,2.000,0.000,0.000,-2.000,2.000,2.828,-0.088,-0.394,0.403,
18:14:13.120,3.285,-2.000,2.000,0.000,0.000,-2.000,2.000,2.828,0.022,-0.430,0.431,
18:14:13.133,3.298,-2.000,2.000,0.000,0.000,-2.000,2.000,2.828,0.137,-0.443,0.464,
18:14:13.140,3.305,-2.000,2.000,0.000,0.000,-2.000,2.000,2.828,0.210,-0.417,0.467,
18:14:13.154,3.319,-2.000,2.000,0.000,0.000,-2.000,2.000,2.828,0.285,-0.371,0.468,
18:14:13.171,3.336,-2.000,4.000,0.000,0.000,-2.000,4.000,4.472,0.882,-0.285,0.927,
18:14:13.180,3.345,-2.000,4.000,0.000,0.000,-2.000,4.000,4.472,1.212,-0.202,1.229,
18:14:13.194,3.359,-2.000,4.000,0.000,0.000,-2.000,4.000,4.472,1.409,-0.114,1.413,
18:14:13.201,3.366,-2.000,4.000,0.000,0.000,-2.000,4.000,4.472,1.485,-0.042,1.485,
18:14:13.216,3.381,-2.000,4.000,0.000,0.000,-2.000,4.000,4.472,1.477,0.035,1.477,
18:14:13.232,3.397,-4.000,4.000,0.000,0.000,-4.000,4.000,5.657,1.363,0.654,1.512,
18:14:13.244,3.409,-4.000,4.000,49.999,-0.343,-53.999,4.343,54.173,1.252,6.028,6.157,
18:14:13.263,3.428,-4.000,4.000,49.992,-0.916,-53.992,4.916,54.215,1.090,6.247,6.341,
18:14:13.272,3.437,-4.000,4.000,49.986,-1.194,-53.986,5.194,54.235,0.952,6.323,6.395,
18:14:13.297,3.462,-4.000,4.000,49.961,-1.983,-53.961,5.983,54.291,0.760,6.268,6.314,
18:14:13.317,3.482,-4.000,4.000,49.933,-2.584,-53.933,6.584,54.334,0.606,5.921,5.952,
18:14:13.336,3.501,-4.000,4.000,49.898,-3.193,-53.898,7.193,54.376,0.507,5.453,5.476,
18:14:13.355,3.520,0.000,4.000,49.858,-3.765,-49.858,7.765,50.459,0.461,3.795,3.823,
18:14:13.374,3.539,0.000,4.000,49.811,-4.340,-49.811,8.340,50.505,0.460,2.739,2.777,
18:14:13.382,3.547,0.000,4.000,49.788,-4.597,-49.788,8.597,50.525,0.482,2.317,2.367,
18:14:13.398,3.563,0.000,4.000,49.742,-5.070,-49.742,9.070,50.562,0.520,1.978,2.045,
18:14:13.416,3.581,0.000,4.000,49.682,-5.629,-49.682,9.629,50.607,0.587,1.883,1.972,
18:14:13.434,3.599,0.000,4.000,49.616,-6.183,-49.616,10.183,50.650,0.672,2.040,2.147,
18:14:13.442,3.607,0.000,4.000,49.585,-6.425,-49.585,10.425,50.670,0.734,2.310,2.424,
18:14:13.458,3.623,0.000,4.000,49.519,-6.915,-49.519,10.915,50.708,0.805,2.534,2.658,
18:14:13.467,3.632,0.000,4.000,49.480,-7.192,-49.480,11.192,50.730,0.861,2.815,2.943,
18:14:13.485,3.650,2.000,2.000,49.401,-7.716,-47.401,9.716,48.387,0.382,2.518,2.547,
18:14:13.494,3.659,2.000,2.000,49.358,-7.984,-47.358,9.984,48.399,0.122,2.477,2.480,
18:14:13.511,3.676,2.000,2.000,49.273,-8.498,-47.273,10.498,48.424,-0.001,2.498,2.498,
18:14:13.518,3.683,2.000,2.000,49.234,-8.720,-47.234,10.720,48.435,-0.029,2.636,2.637,
18:14:13.533,3.698,2.000,2.000,49.150,-9.181,-47.150,11.181,48.457,0.021,2.754,2.755,
18:14:13.541,3.706,8.000,0.000,49.107,-9.408,-41.107,9.408,42.170,-0.372,1.513,1.559,
18:14:13.557,3.722,8.000,0.000,49.010,-9.901,-41.010,9.901,42.188,-0.575,0.608,0.837,
18:14:13.574,3.739,8.000,0.000,48.902,-10.422,-40.902,10.422,42.209,-0.558,0.223,0.601,
18:14:13.583,3.748,8.000,0.000,48.844,-10.688,-40.844,10.688,42.220,-0.462,0.209,0.507,
18:14:13.600,3.765,10.000,2.000,48.735,-11.176,-38.735,13.176,40.915,0.283,-0.159,0.325,
18:14:13.608,3.773,10.000,2.000,48.678,-11.422,-38.678,13.422,40.941,0.782,-0.156,0.798,
18:14:13.625,3.790,10.000,2.000,48.556,-11.931,-38.556,13.931,40.995,1.241,0.069,1.243,
18:14:13.644,3.810,10.000,2.000,48.409,-12.512,-38.409,14.512,41.059,1.616,0.608,1.726,
18:14:13.653,3.818,10.000,2.000,48.346,-12.756,-38.346,14.756,41.087,1.797,1.098,2.106,
18:14:13.670,3.835,16.000,0.000,48.210,-13.258,-32.210,13.258,34.832,1.386,-0.005,1.386,
18:14:13.678,3.843,16.000,0.000,48.142,-13.503,-32.142,13.503,34.863,1.124,-0.488,1.226,
18:14:13.695,3.860,16.000,0.000,48.002,-13.992,-32.002,13.992,34.927,0.949,-0.598,1.121,
18:14:13.713,3.878,16.000,0.000,47.848,-14.513,-31.848,14.513,34.998,0.846,-0.339,0.911,
18:14:13.721,3.886,16.000,0.000,47.776,-14.746,-31.776,14.746,35.031,0.812,-0.011,0.812,
18:14:13.739,3.904,24.000,-2.000,47.611,-15.270,-23.611,13.270,27.085,0.272,-1.723,1.744,
18:14:13.748,3.913,24.000,-2.000,47.528,-15.527,-23.528,13.527,27.139,0.010,-2.509,2.509,
18:14:13.765,3.930,24.000,-2.000,47.363,-16.024,-23.363,14.024,27.249,-0.094,-2.709,2.711,
18:14:13.773,3.938,24.000,-2.000,47.284,-16.254,-23.284,14.254,27.301,-0.081,-2.588,2.589,
18:14:13.789,3.954,24.000,-2.000,47.116,-16.735,-23.116,14.735,27.413,0.028,-2.138,2.139,
18:14:13.798,3.963,26.000,-4.000,47.028,-16.981,-21.028,12.981,24.712,-0.312,-2.105,2.128,
18:14:13.815,3.980,26.000,-4.000,46.848,-17.472,-20.848,13.472,24.822,-0.437,-1.707,1.762,
18:14:13.832,3.997,26.000,-4.000,46.656,-17.979,-20.656,13.979,24.941,-0.334,-1.005,1.059,
18:14:13.840,4.005,26.000,-4.000,46.567,-18.207,-20.567,14.207,24.997,-0.192,-0.465,0.503,
18:14:13.857,4.022,30.000,-4.000,46.381,-18.675,-16.381,14.675,21.994,0.052,-0.888,0.890,
18:14:13.874,4.039,30.000,-4.000,46.181,-19.165,-16.181,15.165,22.177,0.377,-0.900,0.976,
18:14:13.883,4.048,30.000,-4.000,46.075,-19.418,-16.075,15.418,22.274,0.623,-0.788,1.005,
18:14:13.899,4.064,30.000,-4.000,45.878,-19.881,-15.878,15.881,22.457,0.902,-0.483,1.024,
18:14:13.915,4.080,34.000,-6.000,45.688,-20.312,-11.688,14.312,18.478,0.609,-1.189,1.336,
18:14:13.933,4.098,34.000,-6.000,45.467,-20.802,-11.467,14.802,18.724,0.511,-1.413,1.502,
18:14:13.941,4.106,34.000,-6.000,45.362,-21.030,-11.362,15.030,18.842,0.492,-1.420,1.503,
18:14:13.957,4.122,34.000,-6.000,45.150,-21.482,-11.150,15.482,19.079,0.566,-1.210,1.336,
18:14:13.973,4.138,34.000,-6.000,44.935,-21.929,-10.935,15.929,19.321,0.702,-0.844,1.098,
18:14:13.982,4.147,34.000,-6.000,44.826,-22.149,-10.826,16.149,19.442,0.818,-0.545,0.983,
18:14:13.997,4.162,34.000,-6.000,44.612,-22.578,-10.612,16.578,19.683,0.964,-0.177,0.981,
18:14:14.014,4.179,34.000,-6.000,44.370,-23.049,-10.370,17.049,19.956,1.135,0.226,1.157,
18:14:14.032,4.197,38.000,-8.000,44.114,-23.535,-6.114,15.535,16.695,0.728,-0.554,0.915,
18:14:14.040,4.205,38.000,-8.000,43.997,-23.754,-5.997,15.754,16.857,0.541,-0.933,1.079,
18:14:14.057,4.222,38.000,-8.000,43.755,-24.196,-5.755,16.196,17.188,0.481,-1.068,1.171,
18:14:14.073,4.239,38.000,-8.000,43.504,-24.646,-5.504,16.646,17.532,0.532,-1.016,1.147,
18:14:14.081,4.246,38.000,-8.000,43.387,-24.850,-5.387,16.850,17.691,0.612,-0.918,1.103,
18:14:14.097,4.262,38.000,-10.000,43.145,-25.269,-5.145,15.269,16.112,0.211,-0.734,0.764,
18:14:14.115,4.280,38.000,-10.000,42.868,-25.735,-4.868,15.735,16.471,0.052,-0.471,0.474,
18:14:14.133,4.298,38.000,-10.000,42.581,-26.207,-4.581,16.207,16.842,0.101,-0.186,0.212,
18:14:14.140,4.305,38.000,-10.000,42.471,-26.387,-4.471,16.387,16.985,0.193,-0.009,0.193,
18:14:14.156,4.321,40.000,-10.000,42.206,-26.807,-2.206,16.807,16.951,0.362,-0.358,0.509,
18:14:14.174,4.339,40.000,-10.000,41.901,-27.281,-1.901,17.281,17.386,0.622,-0.537,0.822,
18:14:14.183,4.348,40.000,-10.000,41.755,-27.505,-1.755,17.505,17.592,0.829,-0.607,1.028,
18:14:14.199,4.364,40.000,-10.000,41.480,-27.917,-1.480,17.917,17.978,1.056,-0.598,1.214,
18:14:14.215,4.380,40.000,-10.000,41.199,-28.332,-1.199,18.332,18.371,1.279,-0.525,1.383,
18:14:14.233,4.398,40.000,-10.000,40.889,-28.776,-0.889,18.776,18.797,1.479,-0.412,1.535,
18:14:14.241,4.406,40.000,-10.000,40.747,-28.977,-0.747,18.977,18.992,1.601,-0.324,1.634,
18:14:14.256,4.421,40.000,-10.000,40.472,-29.361,-0.472,19.361,19.366,1.704,-0.229,1.719,
18:14:14.274,4.439,40.000,-12.000,40.143,-29.808,-0.143,17.808,17.809,1.217,-0.132,1.224,
18:14:14.283,4.448,40.000,-12.000,39.992,-30.011,0.008,18.011,18.011,0.963,-0.071,0.966,
18:14:14.298,4.463,40.000,-12.000,39.699,-30.397,0.301,18.397,18.400,0.815,-0.021,0.815,
18:14:14.316,4.481,40.000,-12.000,39.366,-30.827,0.634,18.827,18.838,0.779,0.010,0.779,
18:14:14.335,4.500,38.000,-14.000,39.005,-31.282,-1.005,17.282,17.312,0.263,0.600,0.655,
18:14:14.352,4.517,38.000,-14.000,38.669,-31.697,-0.669,17.697,17.710,0.081,0.899,0.902,
18:14:14.360,4.525,38.000,-14.000,38.514,-31.885,-0.514,17.885,17.892,0.068,1.017,1.019,
18:14:14.377,4.542,38.000,-14.000,38.193,-32.269,-0.193,18.269,18.270,0.162,1.016,1.028,
18:14:14.396,4.561,40.000,-14.000,37.802,-32.726,2.198,18.726,18.855,0.404,0.301,0.504,
18:14:14.416,4.581,40.000,-14.000,37.398,-33.187,2.602,19.187,19.363,0.736,-0.253,0.778,
18:14:14.436,4.601,40.000,-14.000,36.991,-33.640,3.009,19.640,19.869,1.079,-0.633,1.251,
18:14:14.455,4.620,38.000,-16.000,36.582,-34.085,1.418,18.085,18.140,0.789,-0.268,0.833,
18:14:14.476,4.641,38.000,-16.000,36.150,-34.542,1.850,18.542,18.634,0.742,-0.078,0.746,
18:14:14.497,4.662,38.000,-16.000,35.684,-35.024,2.316,19.024,19.164,0.848,-0.002,0.848,
18:14:14.514,4.679,38.000,-14.000,35.317,-35.393,2.683,21.393,21.561,1.585,0.012,1.585,
18:14:14.523,4.688,38.000,-14.000,35.127,-35.583,2.873,21.583,21.773,1.991,0.010,1.991,
18:14:14.541,4.706,38.000,-14.000,34.741,-35.959,3.259,21.959,22.199,2.281,-0.040,2.281,
18:14:14.549,4.714,38.000,-14.000,34.562,-36.131,3.438,22.131,22.396,2.442,-0.079,2.443,
18:14:14.565,4.730,38.000,-14.000,34.215,-36.460,3.785,22.460,22.777,2.531,-0.147,2.535,
18:14:14.573,4.738,40.000,-16.000,34.029,-36.633,5.971,20.633,21.480,2.072,-0.686,2.183,
18:14:14.590,4.755,40.000,-16.000,33.656,-36.977,6.344,20.977,21.915,1.685,-1.111,2.019,
18:14:14.598,4.763,40.000,-16.000,33.458,-37.156,6.542,21.156,22.144,1.460,-1.345,1.985,
18:14:14.616,4.781,40.000,-16.000,33.054,-37.516,6.946,21.516,22.609,1.280,-1.488,1.963,
18:14:14.634,4.799,40.000,-14.000,32.644,-37.873,7.356,23.873,24.981,1.775,-1.504,2.326,
18:14:14.642,4.807,40.000,-14.000,32.457,-38.033,7.543,24.033,25.189,2.086,-1.464,2.549,
18:14:14.659,4.824,40.000,-14.000,32.052,-38.375,7.948,24.375,25.638,2.273,-1.372,2.655,
18:14:14.668,4.833,40.000,-14.000,31.843,-38.549,8.157,24.549,25.869,2.403,-1.277,2.721,
18:14:14.685,4.850,40.000,-14.000,31.429,-38.887,8.571,24.887,26.321,2.452,-1.146,2.706,
18:14:14.704,4.869,40.000,-14.000,30.989,-39.239,9.011,25.239,26.800,2.441,-1.001,2.638,
18:14:14.712,4.877,40.000,-14.000,30.793,-39.393,9.207,25.393,27.010,2.441,-0.916,2.607,
18:14:14.728,4.893,40.000,-14.000,30.407,-39.691,9.593,25.691,27.424,2.376,-0.826,2.516,
18:14:14.744,4.909,40.000,-14.000,30.017,-39.987,9.983,25.987,27.838,2.301,-0.761,2.424,
18:14:14.753,4.918,40.000,-14.000,29.802,-40.148,10.198,26.148,28.066,2.269,-0.735,2.385,
18:14:14.770,4.935,42.000,-16.000,29.380,-40.457,12.620,24.457,27.521,1.643,-1.253,2.066,
18:14:14.787,4.952,42.000,-16.000,28.943,-40.772,13.057,24.772,28.002,1.239,-1.596,2.020,
18:14:14.805,4.970,42.000,-16.000,28.491,-41.088,13.509,25.088,28.494,1.044,-1.776,2.060,
18:14:14.822,4.987,42.000,-16.000,28.056,-41.387,13.944,25.387,28.964,1.008,-1.838,2.097,
18:14:14.831,4.996,40.000,-18.000,27.836,-41.535,12.164,23.535,26.493,0.570,-1.343,1.459,
18:14:14.847,5.012,40.000,-18.000,27.431,-41.804,12.569,23.804,26.918,0.326,-0.962,1.016,
18:14:14.863,5.028,40.000,-18.000,27.007,-42.079,12.993,24.079,27.361,0.316,-0.703,0.770,
18:14:14.872,5.037,40.000,-18.000,26.786,-42.220,13.214,24.220,27.590,0.423,-0.578,0.716,
18:14:14.889,5.054,36.000,-22.000,26.345,-42.496,9.655,20.496,22.657,-0.477,0.584,0.754,
18:14:14.905,5.070,36.000,-22.000,25.932,-42.750,10.068,20.750,23.063,-0.859,1.235,1.504,
18:14:14.923,5.088,36.000,-22.000,25.451,-43.038,10.549,21.038,23.535,-0.833,1.457,1.678,
18:14:14.931,5.096,36.000,-22.000,25.236,-43.164,10.764,21.164,23.744,-0.666,1.446,1.592,
18:14:14.947,5.112,36.000,-22.000,24.813,-43.409,11.187,21.409,24.155,-0.356,1.259,1.309,
18:14:14.964,5.129,36.000,-22.000,24.353,-43.669,11.647,21.669,24.601,0.110,0.876,0.883,
18:14:14.973,5.138,36.000,-22.000,24.120,-43.797,11.880,21.797,24.824,0.490,0.537,0.727,
18:14:14.991,5.156,36.000,-22.000,23.626,-44.066,12.374,22.066,25.299,0.946,0.078,0.949,
18:14:15.001,5.166,34.000,-24.000,23.374,-44.200,10.626,20.200,22.825,0.780,0.234,0.814,
18:14:15.019,5.184,34.000,-24.000,22.884,-44.456,11.116,20.456,23.281,0.793,0.165,0.810,
18:14:15.039,5.204,34.000,-24.000,22.328,-44.738,11.672,20.738,23.797,0.946,-0.073,0.949,
18:14:15.058,5.223,32.000,-26.000,21.795,-45.000,10.205,19.000,21.567,0.553,0.229,0.598,
18:14:15.075,5.241,32.000,-26.000,21.309,-45.232,10.691,19.232,22.004,0.446,0.254,0.513,
18:14:15.094,5.259,32.000,-26.000,20.785,-45.475,11.215,19.475,22.474,0.520,0.098,0.529,
18:14:15.103,5.269,32.000,-26.000,20.528,-45.592,11.472,19.592,22.703,0.630,-0.041,0.631,
18:14:15.121,5.286,34.000,-30.000,20.034,-45.811,13.966,15.811,21.096,-0.305,-0.824,0.879,
18:14:15.130,5.295,34.000,-30.000,19.789,-45.917,14.211,15.917,21.338,-0.745,-1.301,1.500,
18:14:15.148,5.313,34.000,-30.000,19.291,-46.129,14.709,16.129,21.828,-0.894,-1.708,1.928,
18:14:15.164,5.329,34.000,-30.000,18.823,-46.321,15.177,16.321,22.287,-0.770,-1.970,2.115,
18:14:15.173,5.338,34.000,-30.000,18.577,-46.421,15.423,16.421,22.528,-0.570,-2.083,2.160,
18:14:15.191,5.356,34.000,-30.000,18.061,-46.624,15.939,16.624,23.031,-0.227,-2.134,2.146,
18:14:15.200,5.365,34.000,-30.000,17.814,-46.719,16.186,16.719,23.270,0.082,-2.116,2.118,
18:14:15.216,5.381,34.000,-30.000,17.355,-46.891,16.645,16.891,23.714,0.447,-2.053,2.101,
18:14:15.234,5.399,34.000,-30.000,16.830,-47.083,17.170,17.083,24.220,0.848,-1.935,2.113,
18:14:15.242,5.407,34.000,-30.000,16.588,-47.168,17.412,17.168,24.452,1.110,-1.851,2.158,
18:14:15.258,5.423,34.000,-30.000,16.137,-47.324,17.863,17.324,24.884,1.357,-1.740,2.207,
18:14:15.274,5.439,34.000,-30.000,15.653,-47.487,18.347,17.487,25.345,1.559,-1.633,2.258,
18:14:15.293,5.458,34.000,-30.000,15.111,-47.662,18.889,17.662,25.860,1.710,-1.537,2.299,
18:14:15.302,5.467,34.000,-30.000,14.862,-47.740,19.138,17.740,26.096,1.782,-1.506,2.333,
18:14:15.319,5.484,32.000,-32.000,14.336,-47.901,17.664,15.901,23.767,1.261,-0.908,1.554,
18:14:15.328,5.493,32.000,-32.000,14.091,-47.973,17.909,15.973,23.998,0.966,-0.613,1.144,
18:14:15.345,5.510,32.000,-32.000,13.570,-48.123,18.430,16.123,24.487,0.756,-0.434,0.872,
18:14:15.366,5.531,32.000,-32.000,12.969,-48.289,19.031,16.289,25.050,0.656,-0.436,0.787,
18:14:15.385,5.550,30.000,-34.000,12.402,-48.437,17.598,14.437,22.762,0.073,0.007,0.073,
18:14:15.405,5.570,30.000,-34.000,11.805,-48.586,18.195,14.586,23.320,-0.156,0.080,0.175,
18:14:15.417,5.582,30.000,-34.000,11.439,-48.674,18.561,14.674,23.661,-0.167,-0.022,0.169,
18:14:15.433,5.598,30.000,-34.000,10.965,-48.783,19.035,14.783,24.101,-0.073,-0.228,0.239,
18:14:15.441,5.606,30.000,-34.000,10.708,-48.840,19.292,14.840,24.340,0.065,-0.434,0.438,
18:14:15.458,5.623,30.000,-34.000,10.218,-48.945,19.782,14.945,24.792,0.252,-0.704,0.748,
18:14:15.476,5.642,30.000,-34.000,9.648,-49.060,20.352,15.060,25.318,0.514,-1.046,1.165,
18:14:15.494,5.659,30.000,-34.000,9.128,-49.160,20.872,15.160,25.797,0.778,-1.367,1.573,
18:14:15.502,5.667,28.000,-36.000,8.889,-49.203,19.111,13.203,23.228,0.457,-1.069,1.162,
18:14:15.519,5.684,28.000,-36.000,8.369,-49.295,19.631,13.295,23.709,0.287,-0.933,0.976,
18:14:15.537,5.702,28.000,-36.000,7.821,-49.385,20.179,13.385,24.215,0.267,-0.937,0.974,
18:14:15.553,5.718,28.000,-36.000,7.338,-49.459,20.662,13.459,24.659,0.335,-1.020,1.073,
18:14:15.561,5.726,26.000,-38.000,7.101,-49.493,18.899,11.493,22.119,-0.075,-0.617,0.621,
18:14:15.577,5.742,26.000,-38.000,6.615,-49.561,19.385,11.561,22.571,-0.299,-0.406,0.504,
18:14:15.594,5.760,26.000,-38.000,6.073,-49.630,19.927,11.630,23.073,-0.323,-0.399,0.513,
18:14:15.614,5.779,26.000,-36.000,5.470,-49.700,20.530,13.700,24.682,0.408,-0.559,0.693,
18:14:15.623,5.788,26.000,-36.000,5.209,-49.728,20.791,13.728,24.914,0.852,-0.727,1.120,
18:14:15.641,5.806,26.000,-36.000,4.665,-49.782,21.335,13.782,25.399,1.206,-0.954,1.538,
18:14:15.650,5.815,26.000,-36.000,4.382,-49.808,21.618,13.808,25.651,1.428,-1.154,1.836,
18:14:15.666,5.831,26.000,-36.000,3.894,-49.848,22.106,13.848,26.085,1.589,-1.376,2.102,
18:14:15.684,5.849,26.000,-36.000,3.346,-49.888,22.654,13.888,26.572,1.664,-1.609,2.315,
18:14:15.693,5.858,26.000,-36.000,3.070,-49.906,22.930,13.906,26.817,1.680,-1.772,2.442,
18:14:15.711,5.876,26.000,-36.000,2.499,-49.938,23.501,13.938,27.323,1.629,-1.928,2.524,
18:14:15.721,5.886,26.000,-36.000,2.217,-49.951,23.783,13.951,27.573,1.578,-2.034,2.575,
18:14:15.739,5.904,20.000,-38.000,1.665,-49.972,18.335,11.972,21.898,0.917,-0.462,1.027,
18:14:15.757,5.922,20.000,-38.000,1.113,-49.988,18.887,11.988,22.370,0.461,0.474,0.661,
18:14:15.775,5.940,20.000,-38.000,0.546,-49.997,19.454,11.997,22.855,0.200,0.855,0.878,
18:14:15.793,5.958,22.000,-38.000,-0.016,-50.000,22.016,12.000,25.074,0.093,0.253,0.269,
18:14:15.801,5.966,22.000,-38.000,-0.261,-49.999,22.261,11.999,25.289,0.102,-0.194,0.219,
18:14:15.819,5.984,22.000,-38.000,-0.801,-49.994,22.801,11.994,25.763,0.138,-0.663,0.677,
18:14:15.827,5.992,22.000,-38.000,-1.056,-49.989,23.056,11.989,25.987,0.229,-1.038,1.063,
18:14:15.845,6.010,22.000,-38.000,-1.613,-49.974,23.613,11.974,26.475,0.340,-1.455,1.494,
18:14:15.864,6.029,20.000,-40.000,-2.195,-49.952,22.195,9.952,24.324,-0.083,-1.268,1.271,
18:14:15.873,6.038,20.000,-40.000,-2.443,-49.940,22.443,9.940,24.546,-0.249,-1.205,1.231,
18:14:15.890,6.055,20.000,-40.000,-2.985,-49.911,22.985,9.911,25.031,-0.290,-1.253,1.286,
18:14:15.899,6.064,20.000,-40.000,-3.242,-49.895,23.242,9.895,25.260,-0.247,-1.320,1.343,
18:14:15.915,6.080,20.000,-40.000,-3.736,-49.860,23.736,9.860,25.702,-0.143,-1.432,1.439,
18:14:15.933,6.098,18.000,-42.000,-4.282,-49.816,22.282,7.816,23.614,-0.529,-1.020,1.149,
18:14:15.941,6.106,18.000,-42.000,-4.537,-49.794,22.537,7.794,23.846,-0.674,-0.845,1.081,
18:14:15.957,6.122,18.000,-42.000,-5.032,-49.746,23.032,7.746,24.300,-0.674,-0.804,1.049,
18:14:15.973,6.138,18.000,-42.000,-5.519,-49.695,23.519,7.695,24.745,-0.548,-0.888,1.044,
18:14:15.981,6.146,18.000,-42.000,-5.760,-49.667,23.760,7.667,24.967,-0.414,-1.002,1.084,
18:14:15.997,6.162,16.000,-42.000,-6.258,-49.607,22.258,7.607,23.522,-0.225,-0.630,0.669,
18:14:16.014,6.179,16.000,-42.000,-6.765,-49.540,22.765,7.540,23.981,0.006,-0.511,0.511,
18:14:16.023,6.188,16.000,-42.000,-7.032,-49.503,23.032,7.503,24.223,0.181,-0.534,0.564,
18:14:16.038,6.203,16.000,-42.000,-7.506,-49.433,23.506,7.433,24.654,0.360,-0.663,0.754,
18:14:16.055,6.220,16.000,-44.000,-8.016,-49.353,24.016,5.353,24.606,-0.035,-0.900,0.901,
18:14:16.073,6.238,16.000,-44.000,-8.558,-49.262,24.558,5.262,25.116,-0.238,-1.204,1.228,
18:14:16.082,6.247,16.000,-44.000,-8.818,-49.216,24.818,5.216,25.360,-0.317,-1.437,1.472,
18:14:16.097,6.262,16.000,-44.000,-9.285,-49.130,25.285,5.130,25.800,-0.318,-1.672,1.702,
18:14:16.113,6.278,16.000,-44.000,-9.757,-49.039,25.757,5.039,26.245,-0.252,-1.896,1.913,
18:14:16.121,6.286,16.000,-44.000,-9.998,-48.990,25.998,4.990,26.472,-0.180,-2.055,2.063,
18:14:16.138,6.304,16.000,-44.000,-10.522,-48.880,26.522,4.880,26.967,-0.074,-2.207,2.209,
18:14:16.149,6.314,16.000,-44.000,-10.832,-48.813,26.832,4.813,27.260,0.028,-2.316,2.316,
18:14:16.167,6.332,14.000,-44.000,-11.360,-48.692,25.360,4.692,25.790,0.143,-1.846,1.851,
18:14:16.186,6.351,14.000,-44.000,-11.932,-48.555,25.932,4.555,26.329,0.256,-1.562,1.583,
18:14:16.205,6.370,14.000,-44.000,-12.505,-48.411,26.505,4.411,26.870,0.346,-1.450,1.490,
18:14:16.213,6.378,14.000,-44.000,-12.755,-48.346,26.755,4.346,27.105,0.396,-1.449,1.502,
18:14:16.229,6.394,10.000,-44.000,-13.227,-48.219,23.227,4.219,23.607,0.426,-0.412,0.592,
18:14:16.248,6.413,10.000,-44.000,-13.781,-48.063,23.781,4.063,24.126,0.435,0.147,0.459,
18:14:16.264,6.429,10.000,-44.000,-14.255,-47.925,24.255,3.925,24.570,0.426,0.282,0.511,
18:14:16.272,6.437,10.000,-44.000,-14.478,-47.858,24.478,3.858,24.781,0.418,0.231,0.478,
18:14:16.288,6.453,10.000,-44.000,-14.955,-47.711,24.955,3.711,25.229,0.389,0.035,0.391,
18:14:16.304,6.469,10.000,-44.000,-15.430,-47.560,25.430,3.560,25.678,0.353,-0.321,0.477,
18:14:16.313,6.478,10.000,-44.000,-15.700,-47.471,25.700,3.471,25.933,0.330,-0.661,0.738,
18:14:16.329,6.494,10.000,-44.000,-16.161,-47.316,26.161,3.316,26.370,0.291,-1.049,1.089,
18:14:16.347,6.512,8.000,-44.000,-16.676,-47.137,24.676,3.137,24.875,0.249,-0.915,0.948,
18:14:16.363,6.528,8.000,-44.000,-17.134,-46.973,25.134,2.973,25.309,0.215,-0.973,0.997,
18:14:16.371,6.536,8.000,-44.000,-17.358,-46.890,25.358,2.890,25.523,0.202,-1.071,1.090,
18:14:16.386,6.551,8.000,-44.000,-17.799,-46.725,25.799,2.725,25.943,0.173,-1.241,1.253,
18:14:16.404,6.569,4.000,-44.000,-18.320,-46.523,22.320,2.523,22.463,0.144,-0.356,0.384,
18:14:16.414,6.579,4.000,-44.000,-18.599,-46.412,22.599,2.412,22.727,0.135,0.056,0.146,
18:14:16.430,6.595,4.000,-44.000,-19.050,-46.229,23.050,2.229,23.158,0.116,0.180,0.214,
18:14:16.438,6.603,4.000,-44.000,-19.281,-46.133,23.281,2.133,23.378,0.113,0.142,0.181,
18:14:16.455,6.621,4.000,-44.000,-19.770,-45.925,23.770,1.925,23.848,0.093,-0.063,0.112,
18:14:16.473,6.638,2.000,-44.000,-20.263,-45.710,22.263,1.710,22.329,0.078,0.125,0.148,
18:14:16.481,6.646,2.000,-44.000,-20.495,-45.607,22.495,1.607,22.552,0.078,0.107,0.133,
18:14:16.498,6.663,2.000,-44.000,-20.973,-45.389,22.973,1.389,23.015,0.062,-0.106,0.123,
18:14:16.515,6.680,2.000,-44.000,-21.445,-45.168,23.445,1.168,23.474,0.048,-0.467,0.469,
18:14:16.533,6.698,2.000,-48.000,-21.946,-44.926,23.946,-3.074,24.142,-1.123,-0.907,1.443,
18:14:16.541,6.706,2.000,-48.000,-22.151,-44.826,24.151,-3.174,24.359,-1.705,-1.207,2.089,
18:14:16.556,6.721,2.000,-48.000,-22.576,-44.613,24.576,-3.387,24.808,-2.045,-1.527,2.552,
18:14:16.574,6.739,2.000,-48.000,-23.056,-44.367,25.056,-3.633,25.318,-2.134,-1.846,2.821,
18:14:16.583,6.748,2.000,-48.000,-23.298,-44.240,25.298,-3.760,25.575,-2.090,-2.057,2.933,
18:14:16.599,6.764,0.000,-46.000,-23.743,-44.003,23.743,-1.997,23.827,-1.386,-1.710,2.201,
18:14:16.608,6.773,0.000,-46.000,-23.970,-43.880,23.970,-2.120,24.064,-0.887,-1.521,1.761,
18:14:16.625,6.790,0.000,-46.000,-24.432,-43.624,24.432,-2.376,24.548,-0.425,-1.433,1.495,
18:14:16.642,6.807,0.000,-46.000,-24.894,-43.363,24.894,-2.637,25.033,-0.050,-1.436,1.437,
18:14:16.650,6.815,0.000,-46.000,-25.106,-43.240,25.106,-2.760,25.257,0.147,-1.485,1.492,
18:14:16.666,6.831,-4.000,-46.000,-25.524,-42.995,21.524,-3.005,21.733,0.297,-0.495,0.577,
18:14:16.685,6.850,-4.000,-46.000,-26.014,-42.700,22.014,-3.300,22.260,0.356,0.064,0.361,
18:14:16.703,6.868,-4.000,-46.000,-26.507,-42.396,22.507,-3.604,22.793,0.317,0.210,0.380,
18:14:16.711,6.876,-4.000,-46.000,-26.709,-42.269,22.709,-3.731,23.013,0.253,0.165,0.302,
18:14:16.727,6.892,-2.000,-46.000,-27.121,-42.005,25.121,-3.995,25.437,0.160,-0.542,0.565,
18:14:16.744,6.909,-2.000,-46.000,-27.542,-41.731,25.542,-4.269,25.896,0.033,-1.200,1.200,
18:14:16.753,6.918,-2.000,-46.000,-27.772,-41.578,25.772,-4.422,26.148,-0.069,-1.663,1.664,
18:14:16.769,6.934,-2.000,-46.000,-28.175,-41.306,26.175,-4.694,26.593,-0.188,-2.068,2.076,
18:14:16.785,6.950,-4.000,-46.000,-28.598,-41.014,24.598,-4.986,25.098,-0.309,-1.836,1.862,
18:14:16.804,6.969,-4.000,-46.000,-29.077,-40.676,25.077,-5.324,25.636,-0.425,-1.732,1.784,
18:14:16.813,6.978,-4.000,-46.000,-29.298,-40.517,25.298,-5.483,25.885,-0.490,-1.706,1.775,
18:14:16.832,6.997,-4.000,-46.000,-29.755,-40.182,25.755,-5.818,26.404,-0.562,-1.719,1.809,
18:14:16.840,7.005,-4.000,-44.000,-29.958,-40.032,25.958,-3.968,26.259,-0.103,-1.767,1.770,
18:14:16.856,7.021,-4.000,-44.000,-30.360,-39.727,26.360,-4.273,26.704,0.198,-1.819,1.830,
18:14:16.873,7.039,-4.000,-44.000,-30.776,-39.406,26.776,-4.594,27.168,0.345,-1.900,1.931,
18:14:16.883,7.048,-4.000,-44.000,-30.992,-39.236,26.992,-4.764,27.409,0.393,-1.986,2.024,
18:14:16.900,7.065,-6.000,-46.000,-31.396,-38.914,25.396,-7.086,26.367,-0.192,-1.509,1.521,
18:14:16.908,7.073,-6.000,-46.000,-31.597,-38.751,25.597,-7.249,26.604,-0.569,-1.279,1.400,
18:14:16.925,7.090,-6.000,-46.000,-32.000,-38.419,26.000,-7.581,27.082,-0.879,-1.151,1.448,
18:14:16.944,7.109,-6.000,-46.000,-32.441,-38.047,26.441,-7.953,27.612,-1.105,-1.166,1.607,
18:14:16.952,7.117,-6.000,-46.000,-32.626,-37.888,26.626,-8.112,27.835,-1.206,-1.260,1.745,
18:14:16.968,7.133,-10.000,-46.000,-33.011,-37.553,23.011,-8.447,24.512,-1.264,-0.302,1.300,
18:14:16.985,7.150,-10.000,-46.000,-33.397,-37.211,23.397,-8.789,24.993,-1.258,0.183,1.271,
18:14:17.005,7.170,-10.000,-46.000,-33.851,-36.798,23.851,-9.202,25.565,-1.197,0.258,1.225,
18:14:17.025,7.190,-12.000,-46.000,-34.294,-36.385,22.294,-9.615,24.279,-1.107,0.630,1.274,
18:14:17.033,7.198,-12.000,-46.000,-34.478,-36.212,22.478,-9.788,24.516,-1.049,0.659,1.239,
18:14:17.050,7.215,-12.000,-46.000,-34.852,-35.852,22.852,-10.148,25.004,-0.977,0.469,1.084,
18:14:17.058,7.223,-12.000,-46.000,-35.033,-35.674,23.033,-10.326,25.242,-0.937,0.214,0.961,
18:14:17.075,7.240,-12.000,-46.000,-35.400,-35.310,23.400,-10.690,25.727,-0.886,-0.176,0.903,
18:14:17.093,7.258,-14.000,-46.000,-35.793,-34.912,21.793,-11.088,24.452,-0.851,-0.119,0.860,
18:14:17.102,7.267,-14.000,-46.000,-35.975,-34.725,21.975,-11.275,24.699,-0.849,-0.196,0.871,
18:14:17.118,7.283,-14.000,-46.000,-36.310,-34.374,22.310,-11.626,25.158,-0.844,-0.420,0.943,
18:14:17.133,7.298,-14.000,-46.000,-36.636,-34.026,22.636,-11.974,25.608,-0.858,-0.730,1.126,
18:14:17.141,7.306,-14.000,-46.000,-36.796,-33.853,22.796,-12.147,25.830,-0.883,-0.971,1.312,
18:14:17.159,7.324,-16.000,-44.000,-37.164,-33.449,21.164,-10.551,23.649,-0.363,-0.738,0.822,
18:14:17.174,7.339,-16.000,-44.000,-37.481,-33.093,21.481,-10.907,24.092,-0.071,-0.702,0.705,
18:14:17.183,7.348,-16.000,-44.000,-37.664,-32.885,21.664,-11.115,24.349,0.050,-0.747,0.748,
18:14:17.201,7.366,-16.000,-44.000,-38.019,-32.474,22.019,-11.526,24.854,0.061,-0.896,0.898,
18:14:17.210,7.375,-16.000,-44.000,-38.189,-32.274,22.189,-11.726,25.097,-0.002,-1.045,1.045,
18:14:17.227,7.392,-18.000,-44.000,-38.522,-31.875,20.522,-12.125,23.836,-0.134,-0.701,0.714,
18:14:17.243,7.408,-18.000,-44.000,-38.845,-31.481,20.845,-12.519,24.315,-0.332,-0.584,0.671,
18:14:17.253,7.418,-18.000,-44.000,-39.024,-31.259,21.024,-12.741,24.583,-0.501,-0.590,0.774,
18:14:17.268,7.433,-18.000,-44.000,-39.325,-30.880,21.325,-13.120,25.038,-0.690,-0.690,0.976,
18:14:17.286,7.451,-18.000,-40.000,-39.659,-30.450,21.659,-9.550,23.671,0.239,-0.887,0.919,
18:14:17.304,7.469,-18.000,-40.000,-39.996,-30.006,21.996,-9.994,24.160,0.709,-1.136,1.339,
18:14:17.313,7.478,-18.000,-40.000,-40.153,-29.795,22.153,-10.205,24.391,0.882,-1.326,1.592,
18:14:17.329,7.494,-18.000,-40.000,-40.440,-29.404,22.440,-10.596,24.816,0.861,-1.511,1.739,
18:14:17.346,7.511,-22.000,-38.000,-40.745,-28.980,18.745,-9.020,20.802,1.213,-0.574,1.342,
18:14:17.363,7.529,-22.000,-38.000,-41.058,-28.535,19.058,-9.465,21.279,1.204,-0.072,1.206,
18:14:17.372,7.537,-22.000,-38.000,-41.211,-28.313,19.211,-9.687,21.516,1.081,0.116,1.088,
18:14:17.389,7.554,-22.000,-38.000,-41.494,-27.897,19.494,-10.103,21.956,0.795,0.129,0.806,
18:14:17.406,7.571,-24.000,-40.000,-41.784,-27.462,17.784,-12.538,21.759,-0.171,0.517,0.545,
18:14:17.423,7.588,-24.000,-40.000,-42.070,-27.021,18.070,-12.979,22.248,-0.938,0.548,1.087,
18:14:17.432,7.597,-24.000,-40.000,-42.214,-26.795,18.214,-13.205,22.497,-1.382,0.437,1.450,
18:14:17.449,7.614,-24.000,-40.000,-42.500,-26.339,18.500,-13.661,22.997,-1.769,0.172,1.777,
18:14:17.458,7.623,-24.000,-40.000,-42.639,-26.113,18.639,-13.887,23.244,-1.955,-0.096,1.957,
18:14:17.476,7.641,-22.000,-38.000,-42.919,-25.651,20.919,-12.349,24.292,-1.550,-1.006,1.847,
18:14:17.495,7.660,-22.000,-38.000,-43.227,-25.128,21.227,-12.872,24.825,-1.224,-1.778,2.158,
18:14:17.514,7.679,-22.000,-38.000,-43.512,-24.631,21.512,-13.369,25.328,-0.999,-2.306,2.513,
18:14:17.522,7.687,-22.000,-38.000,-43.632,-24.419,21.632,-13.581,25.542,-0.884,-2.567,2.715,
18:14:17.539,7.704,-24.000,-38.000,-43.880,-23.969,19.880,-14.031,24.333,-0.812,-2.188,2.334,
18:14:17.556,7.721,-24.000,-38.000,-44.134,-23.500,20.134,-14.500,24.812,-0.801,-1.884,2.047,
18:14:17.575,7.740,-24.000,-38.000,-44.400,-22.991,20.400,-15.009,25.327,-0.846,-1.649,1.854,
18:14:17.593,7.758,-24.000,-40.000,-44.656,-22.491,20.656,-17.509,27.078,-1.517,-1.484,2.122,
18:14:17.601,7.766,-24.000,-40.000,-44.768,-22.267,20.768,-17.733,27.309,-1.883,-1.424,2.361,
18:14:17.617,7.782,-24.000,-40.000,-44.978,-21.839,20.978,-18.161,27.747,-2.116,-1.362,2.516,
18:14:17.633,7.798,-24.000,-40.000,-45.201,-21.374,21.201,-18.626,28.221,-2.239,-1.346,2.612,
18:14:17.640,7.806,-24.000,-40.000,-45.293,-21.180,21.293,-18.820,28.418,-2.295,-1.383,2.679,
18:14:17.656,7.821,-26.000,-38.000,-45.487,-20.758,19.487,-17.242,26.020,-1.769,-0.875,1.974,
18:14:17.674,7.839,-26.000,-38.000,-45.723,-20.235,19.723,-17.765,26.544,-1.351,-0.570,1.467,
18:14:17.682,7.848,-26.000,-38.000,-45.823,-20.007,19.823,-17.993,26.771,-1.131,-0.483,1.230,
18:14:17.699,7.864,-26.000,-38.000,-46.022,-19.544,20.022,-18.456,27.230,-0.973,-0.473,1.082,
18:14:17.715,7.880,-26.000,-38.000,-46.219,-19.074,20.219,-18.926,27.695,-0.915,-0.584,1.086,
18:14:17.734,7.899,-26.000,-38.000,-46.430,-18.553,20.430,-19.447,28.206,-0.947,-0.782,1.228,
18:14:17.742,7.907,-26.000,-38.000,-46.522,-18.322,20.522,-19.678,28.432,-1.022,-0.962,1.403,
18:14:17.758,7.923,-26.000,-38.000,-46.699,-17.866,20.699,-20.134,28.876,-1.111,-1.140,1.592,
18:14:17.776,7.941,-28.000,-34.000,-46.896,-17.343,18.896,-16.657,25.189,-0.112,-0.772,0.781,
18:14:17.794,7.959,-28.000,-34.000,-47.089,-16.812,19.089,-17.188,25.687,0.381,-0.634,0.740,
18:14:17.801,7.966,-28.000,-34.000,-47.161,-16.608,19.161,-17.392,25.877,0.541,-0.621,0.824,
18:14:17.817,7.982,-28.000,-34.000,-47.314,-16.167,19.314,-17.833,26.288,0.527,-0.666,0.849,
18:14:17.833,7.998,-30.000,-34.000,-47.471,-15.699,17.471,-18.301,25.301,0.333,-0.234,0.407,
18:14:17.841,8.006,-30.000,-34.000,-47.549,-15.463,17.549,-18.537,25.526,0.108,-0.057,0.122,
18:14:17.857,8.022,-30.000,-34.000,-47.698,-14.998,17.698,-19.002,25.967,-0.203,-0.020,0.203,
18:14:17.873,8.038,-30.000,-34.000,-47.843,-14.529,17.843,-19.471,26.410,-0.585,-0.134,0.600,
18:14:17.882,8.047,-30.000,-34.000,-47.924,-14.258,17.924,-19.742,26.665,-0.890,-0.288,0.936,
18:14:17.898,8.063,-34.000,-34.000,-48.061,-13.790,14.061,-20.210,24.620,-1.215,0.578,1.346,
18:14:17.914,8.079,-34.000,-34.000,-48.196,-13.311,14.196,-20.689,25.091,-1.518,0.993,1.814,
18:14:17.923,8.088,-34.000,-34.000,-48.266,-13.052,14.266,-20.948,25.345,-1.714,1.111,2.043,
18:14:17.940,8.105,-34.000,-34.000,-48.400,-12.547,14.400,-21.453,25.838,-1.904,1.006,2.153,
18:14:17.949,8.114,-34.000,-34.000,-48.465,-12.296,14.465,-21.704,26.083,-2.016,0.811,2.173,
18:14:17.966,8.131,-34.000,-30.000,-48.595,-11.768,14.595,-18.232,23.354,-1.024,0.469,1.126,
18:14:17.984,8.149,-34.000,-30.000,-48.720,-11.241,14.720,-18.759,23.845,-0.403,0.017,0.404,
18:14:17.993,8.158,-34.000,-30.000,-48.779,-10.981,14.779,-19.019,24.087,-0.119,-0.319,0.340,
18:14:18.009,8.174,-34.000,-30.000,-48.888,-10.484,14.888,-19.516,24.547,-0.016,-0.681,0.681,
18:14:18.018,8.183,-34.000,-30.000,-48.943,-10.227,14.943,-19.773,24.784,-0.055,-0.933,0.934,
18:14:18.034,8.199,-36.000,-30.000,-49.040,-9.752,13.040,-20.248,24.083,-0.198,-0.657,0.686,
18:14:18.043,8.208,-36.000,-30.000,-49.092,-9.483,13.092,-20.517,24.338,-0.388,-0.511,0.642,
18:14:18.060,8.225,-36.000,-30.000,-49.191,-8.958,13.191,-21.042,24.835,-0.662,-0.481,0.818,
18:14:18.070,8.235,-36.000,-30.000,-49.241,-8.680,13.241,-21.320,25.097,-0.915,-0.491,1.039,
18:14:18.088,8.253,-36.000,-28.000,-49.336,-8.124,13.336,-19.876,23.935,-0.668,-0.562,0.873,
18:14:18.105,8.270,-36.000,-28.000,-49.420,-7.594,13.420,-20.406,24.423,-0.640,-0.675,0.930,
18:14:18.122,8.288,-36.000,-28.000,-49.498,-7.069,13.498,-20.931,24.906,-0.757,-0.799,1.101,
18:14:18.130,8.295,-36.000,-28.000,-49.529,-6.845,13.529,-21.155,25.111,-0.873,-0.890,1.247,
18:14:18.146,8.311,-36.000,-28.000,-49.592,-6.372,13.592,-21.628,25.545,-1.042,-0.971,1.424,
18:14:18.164,8.329,-36.000,-28.000,-49.663,-5.798,13.663,-22.202,26.069,-1.275,-1.052,1.653,
18:14:18.172,8.337,-36.000,-28.000,-49.690,-5.557,13.690,-22.443,26.289,-1.448,-1.111,1.825,
18:14:18.188,8.353,-36.000,-28.000,-49.742,-5.068,13.742,-22.932,26.734,-1.628,-1.147,1.991,
18:14:18.207,8.372,-38.000,-26.000,-49.799,-4.483,11.799,-21.517,24.539,-1.239,-0.592,1.373,
18:14:18.225,8.390,-38.000,-26.000,-49.844,-3.949,11.844,-22.051,25.030,-1.071,-0.277,1.106,
18:14:18.245,8.410,-38.000,-26.000,-49.888,-3.340,11.888,-22.660,25.590,-1.067,-0.141,1.076,
18:14:18.263,8.428,-38.000,-26.000,-49.923,-2.782,11.923,-23.218,26.100,-1.161,-0.136,1.169,
18:14:18.271,8.436,-38.000,-26.000,-49.936,-2.534,11.936,-23.466,26.327,-1.267,-0.192,1.281,
18:14:18.287,8.452,-38.000,-26.000,-49.958,-2.048,11.958,-23.952,26.771,-1.392,-0.270,1.418,
18:14:18.305,8.470,-38.000,-26.000,-49.977,-1.503,11.977,-24.497,27.268,-1.560,-0.401,1.611,
18:14:18.325,8.490,-40.000,-24.000,-49.992,-0.877,9.992,-23.123,25.190,-1.155,0.030,1.156,
18:14:18.342,8.507,-40.000,-24.000,-49.999,-0.349,9.999,-23.651,25.677,-1.017,0.185,1.034,
18:14:18.349,8.514,-40.000,-24.000,-50.000,-0.128,10.000,-23.872,25.881,-1.004,0.211,1.026,
18:14:18.365,8.530,-40.000,-24.000,-49.999,0.354,9.999,-24.354,26.327,-1.060,0.164,1.073,
18:14:18.383,8.548,-42.000,-22.000,-49.992,0.884,7.992,-22.884,24.239,-0.641,0.595,0.875,
18:14:18.390,8.555,-42.000,-22.000,-49.988,1.103,7.988,-23.103,24.445,-0.487,0.768,0.910,
18:14:18.406,8.571,-42.000,-22.000,-49.975,1.586,7.975,-23.586,24.898,-0.473,0.796,0.926,
18:14:18.423,8.588,-42.000,-22.000,-49.955,2.118,7.955,-24.118,25.396,-0.627,0.665,0.914,
18:14:18.430,8.595,-42.000,-22.000,-49.945,2.345,7.945,-24.345,25.608,-0.800,0.521,0.955,
18:14:18.447,8.612,-42.000,-18.000,-49.918,2.854,7.918,-20.854,22.307,0.043,0.314,0.317,
18:14:18.464,8.629,-42.000,-18.000,-49.886,3.372,7.886,-21.372,22.781,0.422,0.054,0.425,
18:14:18.472,8.637,-42.000,-18.000,-49.869,3.610,7.869,-21.610,22.998,0.513,-0.136,0.531,
18:14:18.488,8.653,-42.000,-18.000,-49.832,4.100,7.832,-22.100,23.446,0.395,-0.339,0.520,
18:14:18.504,8.669,-42.000,-20.000,-49.787,4.606,7.787,-24.606,25.809,-0.471,-0.529,0.709,
18:14:18.513,8.678,-42.000,-20.000,-49.762,4.874,7.762,-24.874,26.057,-1.083,-0.650,1.263,
18:14:18.530,8.695,-42.000,-20.000,-49.709,5.384,7.709,-25.384,26.529,-1.655,-0.757,1.820,
18:14:18.538,8.703,-42.000,-20.000,-49.680,5.647,7.680,-25.647,26.773,-2.048,-0.814,2.204,
18:14:18.555,8.720,-42.000,-20.000,-49.620,6.155,7.620,-26.155,27.243,-2.409,-0.850,2.555,
18:14:18.574,8.739,-42.000,-16.000,-49.545,6.729,7.545,-22.729,23.949,-1.531,-0.848,1.751,
18:14:18.582,8.747,-42.000,-16.000,-49.511,6.979,7.511,-22.979,24.175,-1.065,-0.837,1.355,
18:14:18.599,8.764,-42.000,-16.000,-49.436,7.488,7.436,-23.488,24.637,-0.806,-0.797,1.133,
18:14:18.617,8.782,-42.000,-16.000,-49.352,8.026,7.352,-24.026,25.126,-0.739,-0.739,1.045,
18:14:18.634,8.799,-44.000,-14.000,-49.260,8.568,5.260,-22.568,23.173,-0.258,-0.097,0.275,
18:14:18.645,8.810,-44.000,-14.000,-49.204,8.887,5.204,-22.887,23.471,-0.109,0.244,0.267,
18:14:18.663,8.828,-44.000,-14.000,-49.103,9.429,5.103,-23.429,23.978,-0.173,0.453,0.485,
18:14:18.672,8.837,-44.000,-14.000,-49.055,9.676,5.055,-23.676,24.210,-0.323,0.519,0.611,
18:14:18.690,8.855,-44.000,-12.000,-48.943,10.229,4.943,-22.229,22.772,-0.040,0.528,0.530,
18:14:18.700,8.865,-44.000,-12.000,-48.876,10.542,4.876,-22.542,23.064,-0.013,0.457,0.457,
18:14:18.718,8.884,-44.000,-12.000,-48.755,11.087,4.755,-23.087,23.572,-0.199,0.339,0.394,
18:14:18.729,8.894,-44.000,-12.000,-48.685,11.394,4.685,-23.394,23.858,-0.438,0.210,0.485,
18:14:18.745,8.910,-44.000,-12.000,-48.570,11.872,4.570,-23.872,24.306,-0.758,0.069,0.761,
18:14:18.755,8.920,-44.000,-12.000,-48.496,12.172,4.496,-24.172,24.587,-1.050,-0.052,1.051,
18:14:18.772,8.937,-44.000,-12.000,-48.365,12.682,4.365,-24.682,25.065,-1.391,-0.175,1.402,
18:14:18.780,8.945,-44.000,-12.000,-48.305,12.908,4.305,-24.908,25.278,-1.634,-0.258,1.654,
18:14:18.796,8.961,-44.000,-12.000,-48.179,13.372,4.179,-25.372,25.714,-1.886,-0.333,1.915,
18:14:18.816,8.981,-44.000,-8.000,-48.004,13.985,4.004,-21.985,22.347,-0.980,-0.395,1.057,
18:14:18.839,9.004,-44.000,-8.000,-47.805,14.653,3.805,-22.653,22.970,-0.535,-0.423,0.682,
18:14:18.849,9.014,-44.000,-8.000,-47.712,14.951,3.712,-22.951,23.249,-0.399,-0.429,0.586,
18:14:18.868,9.033,-44.000,-8.000,-47.533,15.512,3.533,-23.512,23.775,-0.445,-0.408,0.603,
18:14:18.888,9.053,-46.000,-8.000,-47.337,16.101,1.337,-24.101,24.138,-0.677,0.227,0.714,
18:14:18.899,9.064,-46.000,-8.000,-47.232,16.405,1.232,-24.405,24.436,-0.917,0.547,1.068,
18:14:18.915,9.081,-46.000,-8.000,-47.063,16.884,1.063,-24.884,24.907,-1.192,0.731,1.399,
18:14:18.935,9.100,-46.000,-8.000,-46.861,17.436,0.861,-25.436,25.451,-1.513,0.789,1.706,
18:14:18.955,9.120,-46.000,-6.000,-46.641,18.018,0.641,-24.018,24.026,-1.229,0.729,1.429,
18:14:18.974,9.139,-46.000,-6.000,-46.422,18.575,0.422,-24.575,24.578,-1.185,0.600,1.328,
18:14:18.984,9.149,-46.000,-6.000,-46.310,18.852,0.310,-24.852,24.854,-1.228,0.487,1.321,
18:14:19.001,9.166,-46.000,-6.000,-46.115,19.325,0.115,-25.325,25.325,-1.335,0.363,1.383,
18:14:19.009,9.174,-46.000,-4.000,-46.014,19.564,0.014,-23.564,23.564,-0.960,0.270,0.998,
18:14:19.025,9.190,-46.000,-4.000,-45.819,20.015,-0.181,-24.015,24.016,-0.767,0.171,0.786,
18:14:19.043,9.208,-46.000,-4.000,-45.601,20.507,-0.399,-24.507,24.510,-0.771,0.081,0.776,
18:14:19.050,9.215,-46.000,-4.000,-45.509,20.710,-0.491,-24.710,24.715,-0.851,0.032,0.852,
18:14:19.068,9.233,-46.000,-2.000,-45.282,21.203,-0.718,-23.203,23.214,-0.461,-0.012,0.462,
18:14:19.087,9.252,-46.000,-2.000,-45.029,21.734,-0.971,-23.734,23.754,-0.384,-0.031,0.385,
18:14:19.106,9.271,-46.000,-2.000,-44.773,22.257,-1.227,-24.257,24.288,-0.543,-0.024,0.543,
18:14:19.122,9.288,-46.000,0.000,-44.539,22.722,-1.461,-22.722,22.768,-0.229,0.000,0.229,
18:14:19.131,9.296,-46.000,0.000,-44.416,22.961,-1.584,-22.961,23.015,-0.167,0.023,0.169,
18:14:19.148,9.313,-46.000,0.000,-44.173,23.426,-1.827,-23.426,23.497,-0.286,0.060,0.293,
18:14:19.164,9.329,-46.000,0.000,-43.945,23.851,-2.055,-23.851,23.940,-0.542,0.102,0.551,
18:14:19.173,9.338,-46.000,0.000,-43.819,24.081,-2.181,-24.081,24.179,-0.780,0.132,0.792,
18:14:19.189,9.354,-48.000,0.000,-43.580,24.510,-4.420,-24.510,24.905,-1.078,0.707,1.289,
18:14:19.199,9.364,-48.000,0.000,-43.427,24.780,-4.573,-24.780,25.199,-1.345,1.052,1.707,
18:14:19.216,9.381,-48.000,0.000,-43.163,25.237,-4.837,-25.237,25.696,-1.644,1.269,2.077,
18:14:19.234,9.399,-48.000,0.000,-42.889,25.701,-5.111,-25.701,26.204,-1.927,1.345,2.350,
18:14:19.242,9.407,-48.000,0.000,-42.761,25.913,-5.239,-25.913,26.437,-2.108,1.339,2.497,
18:14:19.259,9.424,-44.000,2.000,-42.491,26.354,-1.509,-24.354,24.401,-1.724,0.188,1.734,
18:14:19.268,9.433,-44.000,2.000,-42.339,26.597,-1.661,-24.597,24.653,-1.518,-0.522,1.605,
18:14:19.285,9.450,-44.000,2.000,-42.061,27.035,-1.939,-25.035,25.110,-1.414,-1.009,1.737,
18:14:19.303,9.468,-44.000,2.000,-41.748,27.515,-2.252,-25.515,25.614,-1.412,-1.246,1.884,
18:14:19.313,9.478,-48.000,2.000,-41.592,27.751,-6.408,-25.751,26.536,-1.472,-0.266,1.496,
18:14:19.330,9.495,-48.000,2.000,-41.288,28.201,-6.712,-26.201,27.047,-1.559,0.507,1.640,
18:14:19.339,9.504,-48.000,2.000,-41.140,28.416,-6.860,-26.416,27.292,-1.669,0.981,1.936,
18:14:19.357,9.523,-48.000,2.000,-40.814,28.883,-7.186,-26.883,27.827,-1.786,1.343,2.235,
18:14:19.374,9.539,-46.000,2.000,-40.521,29.292,-5.479,-27.292,27.837,-1.926,0.973,2.158,
18:14:19.383,9.548,-46.000,2.000,-40.362,29.512,-5.638,-27.512,28.084,-2.045,0.733,2.172,
18:14:19.403,9.568,-46.000,2.000,-40.000,30.000,-6.000,-28.000,28.636,-2.142,0.548,2.211,
18:14:19.413,9.578,-46.000,2.000,-39.817,30.243,-6.183,-28.243,28.912,-2.237,0.425,2.277,
18:14:19.429,9.594,-44.000,6.000,-39.511,30.642,-4.489,-24.642,25.047,-1.214,-0.206,1.231,
18:14:19.445,9.611,-44.000,6.000,-39.210,31.025,-4.790,-25.025,25.480,-0.610,-0.573,0.837,
18:14:19.463,9.629,-44.000,6.000,-38.863,31.459,-5.137,-25.459,25.972,-0.347,-0.718,0.798,
18:14:19.472,9.637,-44.000,6.000,-38.707,31.651,-5.293,-25.651,26.191,-0.314,-0.734,0.798,
18:14:19.489,9.654,-44.000,8.000,-38.375,32.053,-5.625,-24.053,24.702,0.142,-0.647,0.663,
18:14:19.506,9.671,-44.000,8.000,-38.037,32.453,-5.963,-24.453,25.169,0.220,-0.454,0.505,
18:14:19.526,9.691,-44.000,8.000,-37.635,32.918,-6.365,-24.918,25.718,-0.014,-0.176,0.177,
18:14:19.543,9.708,-44.000,8.000,-37.279,33.321,-6.721,-25.321,26.198,-0.404,0.101,0.417,
18:14:19.551,9.716,-44.000,8.000,-37.119,33.499,-6.881,-25.499,26.411,-0.717,0.272,0.767,
18:14:19.567,9.732,-44.000,8.000,-36.789,33.861,-7.211,-25.861,26.847,-1.071,0.462,1.166,
18:14:19.585,9.751,-44.000,8.000,-36.398,34.281,-7.602,-26.281,27.358,-1.482,0.647,1.617,
18:14:19.603,9.768,-44.000,12.000,-36.029,34.669,-7.971,-22.669,24.029,-0.700,0.785,1.052,
18:14:19.611,9.776,-44.000,12.000,-35.855,34.849,-8.145,-22.849,24.257,-0.347,0.852,0.920,
18:14:19.628,9.793,-44.000,12.000,-35.483,35.227,-8.517,-23.227,24.740,-0.241,0.920,0.951,
18:14:19.645,9.810,-44.000,12.000,-35.128,35.581,-8.872,-23.581,25.194,-0.337,0.956,1.013,
18:14:19.653,9.819,-44.000,12.000,-34.939,35.766,-9.061,-23.766,25.435,-0.493,0.966,1.084,
18:14:19.669,9.834,-44.000,14.000,-34.590,36.105,-9.410,-22.105,24.024,-0.197,0.969,0.989,
18:14:19.678,9.843,-44.000,14.000,-34.408,36.278,-9.592,-22.278,24.255,-0.117,0.965,0.972,
18:14:19.693,9.858,-44.000,14.000,-34.069,36.597,-9.931,-22.597,24.683,-0.198,0.956,0.976,
18:14:19.700,9.865,-44.000,14.000,-33.907,36.747,-10.093,-22.747,24.886,-0.336,0.949,1.007,
18:14:19.715,9.880,-44.000,14.000,-33.563,37.061,-10.437,-23.061,25.312,-0.567,0.938,1.096,
18:14:19.733,9.898,-44.000,18.000,-33.176,37.408,-10.824,-19.408,22.222,0.212,0.928,0.952,
18:14:19.741,9.906,-44.000,18.000,-32.986,37.575,-11.014,-19.575,22.461,0.561,0.929,1.085,
18:14:19.757,9.922,-44.000,18.000,-32.622,37.892,-11.378,-19.892,22.916,0.630,0.926,1.121,
18:14:19.772,9.937,-44.000,18.000,-32.254,38.206,-11.746,-20.206,23.372,0.455,0.932,1.037,
18:14:19.780,9.945,-44.000,18.000,-32.078,38.353,-11.922,-20.353,23.588,0.250,0.947,0.980,
18:14:19.795,9.960,-42.000,18.000,-31.721,38.649,-10.279,-20.649,23.066,-0.058,0.440,0.444,
18:14:19.813,9.978,-42.000,18.000,-31.295,38.995,-10.705,-20.995,23.567,-0.491,0.118,0.505,
18:14:19.821,9.986,-42.000,18.000,-31.103,39.149,-10.897,-21.149,23.791,-0.821,-0.018,0.821,
18:14:19.837,10.002,-42.000,18.000,-30.720,39.450,-11.280,-21.450,24.235,-1.178,-0.056,1.179,
18:14:19.855,10.020,-44.000,18.000,-30.274,39.793,-13.726,-21.793,25.756,-1.539,0.600,1.651,
18:14:19.873,10.038,-44.000,18.000,-29.827,40.129,-14.173,-22.129,26.279,-1.836,1.108,2.145,
18:14:19.882,10.047,-44.000,18.000,-29.620,40.282,-14.380,-22.282,26.520,-2.005,1.404,2.447,
18:14:19.900,10.065,-44.000,18.000,-29.170,40.609,-14.830,-22.609,27.039,-2.139,1.633,2.691,
18:14:19.909,10.074,-44.000,20.000,-28.951,40.766,-15.049,-20.766,25.646,-1.715,1.753,2.452,
18:14:19.927,10.092,-44.000,20.000,-28.483,41.094,-15.517,-21.094,26.186,-1.398,1.827,2.301,
18:14:19.945,10.110,-44.000,20.000,-28.041,41.397,-15.959,-21.397,26.693,-1.220,1.828,2.198,
18:14:19.965,10.130,-42.000,22.000,-27.535,41.735,-14.465,-19.735,24.469,-0.555,1.180,1.304,
18:14:19.973,10.138,-42.000,22.000,-27.321,41.876,-14.679,-19.876,24.709,-0.286,0.848,0.895,
18:14:19.990,10.155,-42.000,22.000,-26.889,42.154,-15.111,-20.154,25.190,-0.172,0.626,0.649,
18:14:19.998,10.163,-42.000,22.000,-26.667,42.295,-15.333,-20.295,25.436,-0.203,0.535,0.573,
18:14:20.014,10.179,-42.000,22.000,-26.264,42.546,-15.736,-20.546,25.880,-0.311,0.499,0.588,
18:14:20.022,10.187,-40.000,22.000,-26.048,42.679,-13.952,-20.679,24.946,-0.471,0.049,0.473,
18:14:20.041,10.206,-40.000,22.000,-25.556,42.975,-14.444,-20.975,25.467,-0.700,-0.224,0.735,
18:14:20.050,10.215,-40.000,22.000,-25.325,43.112,-14.675,-21.112,25.711,-0.927,-0.282,0.969,
18:14:20.066,10.231,-40.000,22.000,-24.890,43.364,-15.110,-21.364,26.167,-1.169,-0.208,1.188,
18:14:20.083,10.248,-38.000,22.000,-24.432,43.624,-13.568,-21.624,25.528,-1.420,-0.552,1.523,
18:14:20.092,10.257,-38.000,22.000,-24.192,43.758,-13.808,-21.758,25.770,-1.601,-0.640,1.724,
18:14:20.109,10.274,-38.000,22.000,-23.749,44.000,-14.251,-22.000,26.212,-1.756,-0.535,1.836,
18:14:20.117,10.283,-38.000,22.000,-23.516,44.125,-14.484,-22.125,26.445,-1.866,-0.371,1.903,
18:14:20.133,10.298,-38.000,22.000,-23.083,44.353,-14.917,-22.353,26.873,-1.947,-0.096,1.949,
18:14:20.142,10.307,-38.000,24.000,-22.846,44.475,-15.154,-20.475,25.473,-1.518,0.156,1.526,
18:14:20.160,10.325,-38.000,24.000,-22.347,44.728,-15.653,-20.728,25.975,-1.186,0.508,1.290,
18:14:20.169,10.334,-38.000,24.000,-22.111,44.846,-15.889,-20.846,26.211,-1.033,0.768,1.287,
18:14:20.186,10.351,-38.000,24.000,-21.654,45.068,-16.346,-21.068,26.665,-0.945,1.062,1.421,
18:14:20.203,10.368,-36.000,30.000,-21.169,45.298,-14.831,-15.298,21.307,0.734,0.770,1.064,
18:14:20.212,10.377,-36.000,30.000,-20.923,45.412,-15.077,-15.412,21.560,1.567,0.630,1.689,
18:14:20.229,10.394,-36.000,30.000,-20.448,45.628,-15.552,-15.628,22.048,1.971,0.617,2.066,
18:14:20.245,10.411,-36.000,30.000,-19.984,45.833,-16.016,-15.833,22.521,1.940,0.685,2.057,
18:14:20.265,10.430,-36.000,28.000,-19.425,46.072,-16.575,-18.072,24.522,0.940,0.829,1.253,
18:14:20.286,10.451,-36.000,28.000,-18.834,46.317,-17.166,-18.317,25.104,-0.057,1.018,1.020,
18:14:20.305,10.470,-36.000,28.000,-18.299,46.531,-17.701,-18.531,25.627,-0.883,1.202,1.491,
18:14:20.327,10.492,-34.000,30.000,-17.670,46.774,-16.330,-16.774,23.410,-0.972,0.772,1.241,
18:14:20.344,10.509,-34.000,30.000,-17.161,46.963,-16.839,-16.963,23.902,-1.125,0.618,1.283,
18:14:20.364,10.529,-34.000,30.000,-16.601,47.164,-17.399,-17.164,24.440,-1.300,0.630,1.445,
18:14:20.372,10.537,-34.000,30.000,-16.356,47.249,-17.644,-17.249,24.674,-1.387,0.687,1.548,
18:14:20.391,10.556,-36.000,30.000,-15.821,47.431,-20.179,-17.431,26.665,-1.487,1.366,2.019,
18:14:20.399,10.564,-36.000,30.000,-15.566,47.515,-20.434,-17.515,26.914,-1.542,1.793,2.365,
18:14:20.417,10.582,-36.000,30.000,-15.046,47.682,-20.954,-17.682,27.418,-1.585,2.123,2.649,
18:14:20.436,10.601,-36.000,30.000,-14.494,47.853,-21.506,-17.853,27.951,-1.601,2.340,2.835,
18:14:20.456,10.621,-32.000,34.000,-13.892,48.031,-18.108,-14.031,22.908,-0.379,1.223,1.280,
18:14:20.474,10.639,-32.000,34.000,-13.353,48.184,-18.647,-14.184,23.428,0.258,0.607,0.659,
18:14:20.482,10.647,-32.000,34.000,-13.119,48.248,-18.881,-14.248,23.654,0.505,0.344,0.611,
18:14:20.499,10.664,-32.000,34.000,-12.638,48.376,-19.362,-14.376,24.116,0.593,0.225,0.634,
18:14:20.518,10.683,-32.000,34.000,-12.046,48.527,-19.954,-14.527,24.682,0.456,0.300,0.546,
18:14:20.528,10.693,-32.000,34.000,-11.753,48.599,-20.247,-14.599,24.961,0.247,0.456,0.518,
18:14:20.546,10.711,-32.000,34.000,-11.230,48.722,-20.770,-14.722,25.458,-0.035,0.682,0.683,
18:14:20.565,10.730,-32.000,34.000,-10.645,48.854,-21.355,-14.854,26.013,-0.396,0.992,1.068,
18:14:20.585,10.750,-30.000,34.000,-10.052,48.979,-19.948,-14.979,24.946,-0.758,0.722,1.047,
18:14:20.604,10.769,-30.000,34.000,-9.491,49.091,-20.509,-15.091,25.463,-1.059,0.704,1.272,
18:14:20.613,10.778,-30.000,34.000,-9.216,49.143,-20.784,-15.143,25.715,-1.237,0.764,1.454,
18:14:20.634,10.799,-30.000,34.000,-8.568,49.260,-21.432,-15.260,26.310,-1.399,0.944,1.688,
18:14:20.647,10.812,-30.000,36.000,-8.195,49.324,-21.805,-13.324,25.554,-0.947,1.132,1.476,
18:14:20.672,10.837,-30.000,36.000,-7.429,49.445,-22.571,-13.445,26.272,-0.645,1.409,1.549,
18:14:20.687,10.852,-30.000,36.000,-6.976,49.511,-23.024,-13.511,26.696,-0.521,1.632,1.713,
18:14:20.710,10.875,-26.000,36.000,-6.294,49.602,-19.706,-13.602,23.945,-0.489,0.627,0.796,
18:14:20.722,10.887,-26.000,36.000,-5.932,49.647,-20.068,-13.647,24.268,-0.531,0.190,0.564,
18:14:20.743,10.908,-26.000,36.000,-5.309,49.717,-20.691,-13.717,24.825,-0.603,0.068,0.607,
18:14:20.752,10.917,-26.000,36.000,-5.018,49.748,-20.982,-13.748,25.085,-0.694,0.109,0.703,
18:14:20.772,10.937,-26.000,38.000,-4.411,49.805,-21.589,-11.805,24.606,-0.214,0.310,0.377,
18:14:20.783,10.948,-26.000,38.000,-4.071,49.834,-21.929,-11.834,24.918,-0.003,0.561,0.561,
18:14:20.802,10.967,-26.000,38.000,-3.491,49.878,-22.509,-11.878,25.451,0.060,0.895,0.897,
18:14:20.812,10.977,-26.000,38.000,-3.204,49.897,-22.796,-11.897,25.714,0.024,1.166,1.166,
18:14:20.830,10.995,-26.000,38.000,-2.642,49.930,-23.358,-11.930,26.228,-0.076,1.473,1.475,
18:14:20.839,11.004,-26.000,38.000,-2.380,49.943,-23.620,-11.943,26.468,-0.202,1.690,1.702,
18:14:20.856,11.021,-26.000,38.000,-1.857,49.965,-24.143,-11.965,26.945,-0.357,1.909,1.943,
18:14:20.876,11.041,-26.000,38.000,-1.238,49.985,-24.762,-11.985,27.510,-0.556,2.109,2.181,
18:14:20.898,11.063,-24.000,40.000,-0.553,49.997,-23.447,-9.997,25.489,-0.144,1.641,1.647,
18:14:20.918,11.083,-24.000,40.000,0.054,50.000,-24.054,-10.000,26.050,0.001,1.418,1.418,
18:14:20.939,11.104,-24.000,40.000,0.703,49.995,-24.703,-9.995,26.649,-0.015,1.356,1.356,
18:14:20.956,11.121,-22.000,40.000,1.229,49.985,-23.229,-9.985,25.284,-0.105,0.809,0.816,
18:14:20.973,11.138,-22.000,40.000,1.754,49.969,-23.754,-9.969,25.761,-0.232,0.597,0.641,
18:14:20.981,11.146,-22.000,40.000,2.008,49.960,-24.008,-9.960,25.992,-0.340,0.573,0.667,
18:14:20.998,11.163,-22.000,40.000,2.523,49.936,-24.523,-9.936,26.460,-0.456,0.654,0.798,
18:14:21.015,11.180,-20.000,42.000,3.051,49.907,-23.051,-7.907,24.369,-0.012,0.302,0.302,
18:14:21.035,11.200,-20.000,42.000,3.657,49.866,-23.657,-7.866,24.930,0.202,0.286,0.350,
18:14:21.057,11.222,-20.000,42.000,4.323,49.813,-24.323,-7.813,25.547,0.224,0.536,0.581,
18:14:21.078,11.243,-20.000,42.000,4.968,49.753,-24.968,-7.753,26.144,0.117,0.923,0.930,
18:14:21.095,11.261,-20.000,42.000,5.514,49.695,-25.514,-7.695,26.649,-0.035,1.305,1.306,
18:14:21.114,11.279,-20.000,42.000,6.094,49.627,-26.094,-7.627,27.186,-0.203,1.670,1.683,
18:14:21.123,11.288,-20.000,42.000,6.341,49.596,-26.341,-7.596,27.415,-0.318,1.899,1.926,
18:14:21.140,11.305,-16.000,44.000,6.874,49.525,-22.874,-5.525,23.532,0.115,1.026,1.033,
18:14:21.150,11.315,-16.000,44.000,7.158,49.485,-23.158,-5.485,23.798,0.335,0.569,0.660,
18:14:21.165,11.330,-16.000,44.000,7.632,49.414,-23.632,-5.414,24.244,0.431,0.359,0.561,
18:14:21.186,11.351,-16.000,44.000,8.273,49.311,-24.273,-5.311,24.847,0.399,0.408,0.570,
18:14:21.205,11.370,-16.000,44.000,8.842,49.212,-24.842,-5.212,25.382,0.275,0.651,0.707,
18:14:21.224,11.389,-16.000,44.000,9.419,49.105,-25.419,-5.105,25.927,0.112,0.991,0.997,
18:14:21.233,11.398,-16.000,44.000,9.681,49.054,-25.681,-5.054,26.174,-0.008,1.252,1.252,
18:14:21.250,11.415,-16.000,44.000,10.211,48.946,-26.211,-4.946,26.673,-0.138,1.541,1.547,
18:14:21.261,11.426,-12.000,44.000,10.530,48.879,-22.530,-4.879,23.052,-0.238,0.751,0.788,
18:14:21.281,11.446,-12.000,44.000,11.112,48.749,-23.112,-4.749,23.595,-0.341,0.320,0.467,
18:14:21.291,11.456,-12.000,44.000,11.407,48.681,-23.407,-4.681,23.871,-0.404,0.181,0.442,
18:14:21.307,11.472,-12.000,44.000,11.889,48.566,-23.889,-4.566,24.322,-0.450,0.237,0.509,
18:14:21.324,11.489,-12.000,44.000,12.402,48.438,-24.402,-4.438,24.802,-0.474,0.471,0.668,
18:14:21.333,11.498,-12.000,44.000,12.662,48.370,-24.662,-4.370,25.046,-0.482,0.710,0.858,
18:14:21.351,11.516,-12.000,44.000,13.208,48.224,-25.208,-4.224,25.560,-0.466,1.041,1.140,
18:14:21.360,11.525,-12.000,44.000,13.465,48.153,-25.465,-4.153,25.801,-0.453,1.313,1.389,
18:14:21.377,11.542,-12.000,44.000,13.949,48.015,-25.949,-4.015,26.258,-0.419,1.613,1.667,
18:14:21.395,11.560,-10.000,46.000,14.485,47.856,-24.485,-1.856,24.555,0.196,1.348,1.362,
18:14:21.404,11.569,-10.000,46.000,14.764,47.771,-24.764,-1.771,24.827,0.526,1.250,1.356,
18:14:21.423,11.588,-10.000,46.000,15.315,47.597,-25.315,-1.597,25.365,0.732,1.280,1.474,
18:14:21.432,11.597,-10.000,46.000,15.570,47.514,-25.570,-1.514,25.614,0.799,1.353,1.571,
18:14:21.448,11.613,-8.000,44.000,16.045,47.356,-24.045,-3.356,24.278,0.265,0.933,0.970,
18:14:21.458,11.623,-8.000,44.000,16.337,47.256,-24.337,-3.256,24.554,-0.108,0.754,0.761,
18:14:21.478,11.643,-8.000,44.000,16.909,47.054,-24.909,-3.054,25.095,-0.400,0.751,0.851,
18:14:21.497,11.662,-8.000,44.000,17.457,46.854,-25.457,-2.854,25.616,-0.595,0.919,1.094,
18:14:21.514,11.679,-8.000,44.000,17.957,46.664,-25.957,-2.664,26.093,-0.682,1.169,1.353,
18:14:21.535,11.700,-8.000,44.000,18.541,46.435,-26.541,-2.435,26.652,-0.679,1.473,1.622,
18:14:21.544,11.709,-8.000,44.000,18.790,46.335,-26.790,-2.335,26.892,-0.649,1.696,1.816,
18:14:21.560,11.725,-8.000,44.000,19.257,46.143,-27.257,-2.143,27.342,-0.576,1.909,1.994,
18:14:21.569,11.734,-6.000,44.000,19.516,46.034,-25.516,-2.034,25.597,-0.509,1.578,1.658,
18:14:21.587,11.752,-6.000,44.000,20.026,45.815,-26.026,-1.815,26.089,-0.399,1.393,1.449,
18:14:21.607,11.772,-6.000,44.000,20.572,45.572,-26.572,-1.572,26.618,-0.272,1.369,1.396,
18:14:21.627,11.792,-4.000,44.000,21.136,45.313,-25.136,-1.313,25.171,-0.147,0.858,0.871,
18:14:21.647,11.812,-4.000,44.000,21.688,45.051,-25.688,-1.051,25.710,-0.042,0.712,0.713,
18:14:21.664,11.829,-4.000,44.000,22.179,44.812,-26.179,-0.812,26.192,0.033,0.791,0.792,
18:14:21.673,11.838,-4.000,44.000,22.404,44.699,-26.404,-0.699,26.414,0.062,0.921,0.923,
18:14:21.690,11.855,-2.000,44.000,22.872,44.462,-24.872,-0.462,24.876,0.105,0.568,0.577,
18:14:21.701,11.866,-2.000,44.000,23.165,44.310,-25.165,-0.310,25.167,0.120,0.473,0.488,
18:14:21.718,11.883,-2.000,44.000,23.636,44.061,-25.636,-0.061,25.636,0.140,0.561,0.578,
18:14:21.735,11.900,-2.000,44.000,24.108,43.804,-26.108,0.196,26.108,0.149,0.805,0.818,
18:14:21.755,11.920,0.000,46.000,24.642,43.506,-24.642,2.494,24.768,0.749,0.561,0.936,
18:14:21.774,11.939,0.000,46.000,25.140,43.220,-25.140,2.780,25.293,1.060,0.621,1.228,
18:14:21.782,11.947,0.000,46.000,25.339,43.104,-25.339,2.896,25.504,1.177,0.740,1.390,
18:14:21.798,11.963,0.000,46.000,25.768,42.849,-25.768,3.151,25.960,1.210,0.947,1.536,
18:14:21.819,11.984,2.000,46.000,26.317,42.514,-24.317,3.486,24.565,1.125,0.690,1.320,
18:14:21.829,11.995,2.000,46.000,26.592,42.342,-24.592,3.658,24.863,1.015,0.659,1.210,
18:14:21.848,12.013,2.000,46.000,27.067,42.040,-25.067,3.960,25.378,0.863,0.796,1.174,
18:14:21.865,12.030,2.000,46.000,27.508,41.753,-25.508,4.247,25.859,0.701,1.037,1.252,
18:14:21.883,12.048,2.000,46.000,27.985,41.435,-25.985,4.565,26.383,0.548,1.340,1.447,
18:14:21.892,12.057,2.000,46.000,28.188,41.297,-26.188,4.703,26.607,0.464,1.560,1.628,
18:14:21.909,12.074,2.000,46.000,28.622,40.998,-26.622,5.002,27.088,0.378,1.792,1.831,
18:14:21.918,12.083,2.000,46.000,28.853,40.835,-26.853,5.165,27.346,0.336,1.971,2.000,
18:14:21.938,12.103,2.000,46.000,29.339,40.487,-27.339,5.513,27.889,0.299,2.156,2.177,
18:14:21.956,12.122,2.000,46.000,29.803,40.147,-27.803,5.853,28.412,0.298,2.312,2.331,
18:14:21.975,12.140,2.000,46.000,30.261,39.803,-28.261,6.197,28.933,0.326,2.421,2.442,
18:14:21.995,12.160,4.000,46.000,30.760,39.419,-26.760,6.581,27.557,0.376,1.879,1.917,
18:14:22.013,12.178,4.000,46.000,31.190,39.079,-27.190,6.921,28.057,0.436,1.606,1.664,
18:14:22.022,12.187,4.000,46.000,31.391,38.918,-27.391,7.082,28.292,0.481,1.513,1.588,
18:14:22.039,12.204,4.000,46.000,31.793,38.590,-27.793,7.410,28.764,0.532,1.470,1.563,
18:14:22.055,12.220,8.000,44.000,32.177,38.271,-24.177,5.729,24.847,0.026,0.407,0.408,
18:14:22.063,12.229,8.000,44.000,32.375,38.103,-24.375,5.897,25.078,-0.237,-0.097,0.256,
18:14:22.081,12.246,8.000,44.000,32.780,37.755,-24.780,6.245,25.555,-0.362,-0.327,0.488,
18:14:22.089,12.254,8.000,44.000,32.976,37.584,-24.976,6.416,25.787,-0.389,-0.310,0.498,
18:14:22.106,12.271,8.000,44.000,33.367,37.238,-25.367,6.762,26.252,-0.328,-0.132,0.354,
18:14:22.126,12.291,8.000,42.000,33.806,36.839,-25.806,5.161,26.317,-0.744,0.282,0.795,
18:14:22.147,12.312,8.000,42.000,34.290,36.389,-26.290,5.611,26.882,-0.826,0.848,1.184,
18:14:22.165,12.330,8.000,42.000,34.694,36.005,-26.694,5.995,27.359,-0.702,1.380,1.548,
18:14:22.185,12.350,12.000,44.000,35.138,35.571,-23.138,8.429,24.626,0.147,0.662,0.678,
18:14:22.205,12.370,12.000,44.000,35.564,35.146,-23.564,8.854,25.172,0.758,0.438,0.875,
18:14:22.217,12.382,12.000,44.000,35.828,34.877,-23.828,9.123,25.514,1.108,0.443,1.194,
18:14:22.236,12.401,12.000,44.000,36.218,34.471,-24.218,9.529,26.025,1.369,0.612,1.500,
18:14:22.253,12.419,16.000,44.000,36.594,34.072,-20.594,9.928,22.862,1.505,-0.268,1.529,
18:14:22.263,12.428,16.000,44.000,36.788,33.862,-20.788,10.138,23.128,1.538,-0.620,1.658,
18:14:22.282,12.447,16.000,44.000,37.175,33.437,-21.175,10.563,23.664,1.527,-0.634,1.653,
18:14:22.291,12.456,16.000,44.000,37.352,33.239,-21.352,10.761,23.911,1.478,-0.498,1.560,
18:14:22.308,12.473,16.000,42.000,37.709,32.833,-21.709,9.167,23.566,0.847,-0.187,0.867,
18:14:22.325,12.490,16.000,42.000,38.041,32.448,-22.041,9.552,24.022,0.413,0.258,0.487,
18:14:22.345,12.510,16.000,42.000,38.453,31.958,-22.453,10.042,24.597,0.155,0.811,0.825,
18:14:22.363,12.529,18.000,42.000,38.808,31.527,-20.808,10.473,23.295,0.066,0.721,0.724,
18:14:22.372,12.537,18.000,42.000,38.964,31.334,-20.964,10.666,23.521,0.073,0.736,0.740,
18:14:22.388,12.553,18.000,42.000,39.281,30.935,-21.281,11.065,23.986,0.132,0.874,0.884,
18:14:22.405,12.570,18.000,42.000,39.605,30.519,-21.605,11.481,24.467,0.268,1.079,1.112,
18:14:22.424,12.589,20.000,42.000,39.954,30.062,-19.954,11.938,23.252,0.455,0.736,0.865,
18:14:22.433,12.598,20.000,42.000,40.121,29.838,-20.121,12.162,23.511,0.602,0.611,0.858,
18:14:22.450,12.615,20.000,42.000,40.431,29.417,-20.431,12.583,23.995,0.764,0.629,0.990,
18:14:22.459,12.624,20.000,42.000,40.581,29.209,-20.581,12.791,24.232,0.882,0.702,1.127,
18:14:22.475,12.640,20.000,42.000,40.864,28.812,-20.864,13.188,24.683,1.007,0.837,1.309,
18:14:22.482,12.647,22.000,40.000,40.999,28.620,-18.999,11.380,22.146,0.612,0.497,0.788,
18:14:22.500,12.665,22.000,40.000,41.308,28.172,-19.308,11.828,22.643,0.353,0.330,0.483,
18:14:22.509,12.674,22.000,40.000,41.460,27.947,-19.460,12.053,22.890,0.232,0.314,0.390,
18:14:22.526,12.691,22.000,40.000,41.745,27.520,-19.745,12.480,23.359,0.215,0.414,0.466,
18:14:22.544,12.709,24.000,42.000,42.043,27.063,-18.043,14.937,23.424,0.872,0.061,0.874,
18:14:22.552,12.717,24.000,42.000,42.184,26.842,-18.184,15.158,23.674,1.275,-0.046,1.276,
18:14:22.568,12.733,24.000,42.000,42.441,26.434,-18.441,15.566,24.132,1.583,0.006,1.583,
18:14:22.587,12.752,24.000,42.000,42.739,25.949,-18.739,16.051,24.674,1.804,0.222,1.818,
18:14:22.604,12.769,24.000,40.000,43.012,25.495,-19.012,14.505,23.913,1.344,0.524,1.443,
18:14:22.613,12.778,24.000,40.000,43.157,25.248,-19.157,14.752,24.178,1.085,0.769,1.330,
18:14:22.631,12.796,24.000,40.000,43.424,24.787,-19.424,15.213,24.672,0.916,1.042,1.388,
18:14:22.639,12.804,24.000,40.000,43.550,24.564,-19.550,15.436,24.910,0.838,1.244,1.500,
18:14:22.656,12.821,24.000,40.000,43.811,24.096,-19.811,15.904,25.405,0.801,1.457,1.663,
18:14:22.675,12.840,24.000,40.000,44.079,23.602,-20.079,16.398,25.924,0.840,1.647,1.849,
18:14:22.695,12.860,24.000,40.000,44.368,23.054,-20.368,16.946,26.496,0.940,1.789,2.021,
18:14:22.715,12.880,24.000,40.000,44.645,22.513,-20.645,17.487,27.056,1.075,1.873,2.159,
18:14:22.723,12.888,24.000,40.000,44.765,22.273,-20.765,17.727,27.302,1.182,1.918,2.253,
18:14:22.741,12.906,24.000,38.000,45.004,21.787,-21.004,16.213,26.533,0.737,1.918,2.055,
18:14:22.750,12.915,24.000,38.000,45.117,21.550,-21.117,16.450,26.768,0.527,1.923,1.994,
18:14:22.767,12.932,24.000,38.000,45.342,21.074,-21.342,16.926,27.239,0.444,1.887,1.939,
18:14:22.785,12.950,24.000,38.000,45.570,20.576,-21.570,17.424,27.729,0.497,1.842,1.908,
18:14:22.795,12.960,26.000,38.000,45.694,20.299,-19.694,17.701,26.480,0.601,1.310,1.441,
18:14:22.811,12.976,26.000,38.000,45.894,19.843,-19.894,18.157,26.935,0.756,0.930,1.199,
18:14:22.819,12.984,26.000,38.000,45.994,19.610,-19.994,18.390,27.165,0.901,0.761,1.180,
18:14:22.838,13.003,26.000,38.000,46.221,19.069,-20.221,18.931,27.700,1.094,0.655,1.275,
18:14:22.856,13.021,28.000,36.000,46.419,18.581,-18.419,17.419,25.351,0.729,0.125,0.739,
18:14:22.875,13.040,28.000,36.000,46.643,18.012,-18.643,17.988,25.906,0.601,-0.066,0.605,
18:14:22.893,13.058,28.000,36.000,46.841,17.491,-18.841,18.509,26.412,0.642,0.002,0.642,
18:14:22.902,13.067,28.000,36.000,46.930,17.250,-18.930,18.750,26.644,0.718,0.138,0.731,
18:14:22.920,13.085,28.000,36.000,47.123,16.717,-19.123,19.283,27.158,0.861,0.352,0.930,
18:14:22.929,13.094,28.000,36.000,47.209,16.472,-19.209,19.528,27.392,1.001,0.569,1.151,
18:14:22.946,13.111,28.000,36.000,47.380,15.973,-19.380,20.027,27.868,1.175,0.825,1.435,
18:14:22.965,13.130,28.000,36.000,47.559,15.431,-19.559,20.569,28.384,1.377,1.115,1.772,
18:14:22.985,13.150,32.000,32.000,47.754,14.819,-15.754,17.181,23.310,0.373,0.187,0.417,
18:14:23.003,13.168,32.000,32.000,47.909,14.308,-15.909,17.692,23.793,-0.078,-0.216,0.229,
18:14:23.011,13.176,32.000,32.000,47.978,14.074,-15.978,17.926,24.014,-0.229,-0.344,0.413,
18:14:23.026,13.191,32.000,32.000,48.108,13.624,-16.108,18.376,24.437,-0.213,-0.323,0.387,
18:14:23.043,13.208,32.000,32.000,48.244,13.134,-16.244,18.866,24.895,-0.040,-0.161,0.166,
18:14:23.050,13.216,32.000,32.000,48.307,12.903,-16.307,19.097,25.112,0.156,0.023,0.158,
18:14:23.069,13.234,32.000,32.000,48.449,12.358,-16.449,19.642,25.619,0.452,0.283,0.533,
18:14:23.086,13.251,32.000,32.000,48.577,11.843,-16.577,20.157,26.098,0.817,0.601,1.014,
18:14:23.104,13.269,32.000,32.000,48.709,11.291,-16.709,20.709,26.609,1.192,0.919,1.505,
18:14:23.113,13.278,32.000,32.000,48.765,11.046,-16.765,20.954,26.835,1.434,1.126,1.823,
18:14:23.129,13.294,32.000,32.000,48.871,10.566,-16.871,21.434,27.277,1.667,1.311,2.121,
18:14:23.138,13.303,32.000,32.000,48.928,10.298,-16.928,21.702,27.524,1.825,1.436,2.322,
18:14:23.154,13.319,32.000,32.000,49.030,9.801,-17.030,22.199,27.979,1.974,1.539,2.503,
18:14:23.176,13.341,36.000,30.000,49.153,9.163,-13.153,20.837,24.641,1.501,0.419,1.558,
18:14:23.194,13.359,36.000,30.000,49.256,8.596,-13.256,21.404,25.176,1.247,-0.199,1.263,
18:14:23.203,13.368,36.000,30.000,49.299,8.343,-13.299,21.657,25.414,1.152,-0.449,1.236,
18:14:23.219,13.385,36.000,30.000,49.383,7.833,-13.383,22.167,25.893,1.125,-0.536,1.246,
18:14:23.229,13.394,36.000,28.000,49.428,7.541,-13.428,20.459,24.472,0.666,-0.478,0.820,
18:14:23.247,13.412,36.000,28.000,49.506,7.010,-13.506,20.990,24.960,0.408,-0.315,0.515,
18:14:23.265,13.430,36.000,28.000,49.580,6.465,-13.580,21.535,25.460,0.387,-0.031,0.388,
18:14:23.274,13.439,36.000,28.000,49.615,6.189,-13.615,21.811,25.712,0.472,0.214,0.518,
18:14:23.295,13.460,40.000,26.000,49.691,5.549,-9.691,20.451,22.631,0.105,-0.635,0.644,
18:14:23.313,13.478,40.000,26.000,49.751,4.988,-9.751,21.012,23.164,0.089,-0.986,0.990,
18:14:23.321,13.486,40.000,26.000,49.775,4.741,-9.775,21.259,23.398,0.185,-1.078,1.093,
18:14:23.338,13.503,40.000,26.000,49.820,4.237,-9.820,21.763,23.876,0.397,-0.986,1.063,
18:14:23.356,13.521,40.000,26.000,49.865,3.678,-9.865,22.322,24.405,0.731,-0.711,1.020,
18:14:23.374,13.539,40.000,26.000,49.902,3.124,-9.902,22.876,24.927,1.110,-0.337,1.160,
18:14:23.383,13.548,40.000,26.000,49.919,2.851,-9.919,23.149,25.184,1.377,-0.060,1.379,
18:14:23.398,13.564,40.000,26.000,49.944,2.375,-9.944,23.625,25.633,1.642,0.239,1.660,
18:14:23.416,13.581,40.000,22.000,49.967,1.828,-9.967,20.172,22.500,0.763,0.540,0.934,
18:14:23.433,13.599,40.000,22.000,49.983,1.298,-9.983,20.702,22.984,0.315,0.787,0.848,
18:14:23.442,13.607,40.000,22.000,49.989,1.041,-9.989,20.959,23.217,0.147,0.925,0.937,
18:14:23.459,13.624,40.000,22.000,49.997,0.518,-9.997,21.482,23.694,0.162,1.044,1.056,
18:14:23.468,13.633,40.000,22.000,49.999,0.254,-9.999,21.746,23.935,0.272,1.101,1.134,
18:14:23.486,13.651,40.000,22.000,49.999,-0.304,-9.999,22.304,24.442,0.507,1.131,1.240,
18:14:23.503,13.668,40.000,22.000,49.993,-0.843,-9.993,22.843,24.933,0.846,1.117,1.401,
18:14:23.513,13.678,40.000,22.000,49.987,-1.129,-9.987,23.129,25.193,1.121,1.093,1.566,
18:14:23.530,13.695,40.000,22.000,49.972,-1.665,-9.972,23.665,25.680,1.425,1.036,1.762,
18:14:23.539,13.704,42.000,20.000,49.962,-1.945,-7.962,21.945,23.345,1.152,0.495,1.254,
18:14:23.556,13.721,42.000,20.000,49.940,-2.455,-7.940,22.455,23.817,1.043,0.086,1.047,
18:14:23.573,13.738,42.000,20.000,49.911,-2.976,-7.911,22.976,24.299,1.072,-0.154,1.084,
18:14:23.581,13.746,42.000,20.000,49.896,-3.222,-7.896,23.222,24.528,1.138,-0.242,1.164,
18:14:23.596,13.761,40.000,20.000,49.864,-3.687,-9.864,23.687,25.659,1.254,0.254,1.280,
18:14:23.613,13.778,40.000,20.000,49.824,-4.193,-9.824,24.193,26.111,1.421,0.644,1.560,
18:14:23.621,13.786,40.000,20.000,49.803,-4.438,-9.803,24.438,26.331,1.564,0.896,1.802,
18:14:23.638,13.803,40.000,20.000,49.753,-4.968,-9.753,24.968,26.805,1.723,1.066,2.027,
18:14:23.654,13.819,40.000,18.000,49.700,-5.466,-9.700,23.466,25.392,1.329,1.165,1.767,
18:14:23.664,13.829,40.000,18.000,49.670,-5.738,-9.670,23.738,25.632,1.148,1.209,1.667,
18:14:23.681,13.846,40.000,18.000,49.605,-6.269,-9.605,24.269,26.100,1.086,1.190,1.611,
18:14:23.689,13.854,40.000,18.000,49.574,-6.513,-9.574,24.513,26.316,1.113,1.167,1.612,
18:14:23.705,13.870,40.000,18.000,49.506,-7.008,-9.506,25.008,26.754,1.194,1.094,1.620,
18:14:23.723,13.888,44.000,16.000,49.427,-7.548,-5.427,23.548,24.165,0.795,-0.136,0.807,
18:14:23.732,13.897,44.000,16.000,49.388,-7.800,-5.388,23.800,24.402,0.653,-0.796,1.030,
18:14:23.748,13.913,44.000,16.000,49.306,-8.302,-5.306,24.302,24.874,0.654,-1.227,1.390,
18:14:23.768,13.933,44.000,16.000,49.201,-8.906,-5.201,24.906,25.443,0.828,-1.381,1.610,
18:14:23.787,13.952,44.000,14.000,49.091,-9.493,-5.091,23.493,24.038,0.522,-1.270,1.373,
18:14:23.804,13.969,44.000,14.000,48.991,-9.996,-4.991,23.996,24.510,0.515,-1.024,1.146,
18:14:23.813,13.978,44.000,14.000,48.935,-10.265,-4.935,24.265,24.761,0.608,-0.801,1.005,
18:14:23.830,13.995,44.000,14.000,48.825,-10.776,-4.825,24.776,25.242,0.807,-0.524,0.962,
18:14:23.838,14.003,44.000,14.000,48.770,-11.022,-4.770,25.022,25.472,1.007,-0.307,1.053,
18:14:23.858,14.023,42.000,12.000,48.632,-11.617,-6.632,23.617,24.530,0.738,0.534,0.911,
18:14:23.875,14.040,42.000,12.000,48.511,-12.111,-6.511,24.111,24.975,0.721,1.103,1.317,
18:14:23.896,14.061,42.000,12.000,48.350,-12.739,-6.350,24.739,25.541,0.903,1.443,1.703,
18:14:23.914,14.079,46.000,10.000,48.200,-13.293,-2.200,23.293,23.397,0.575,0.369,0.683,
18:14:23.922,14.087,46.000,10.000,48.135,-13.530,-2.135,23.530,23.627,0.493,-0.197,0.531,
18:14:23.940,14.105,46.000,10.000,47.984,-14.055,-1.984,24.055,24.137,0.580,-0.578,0.819,
18:14:23.949,14.114,46.000,10.000,47.911,-14.303,-1.911,24.303,24.378,0.719,-0.774,1.057,
18:14:23.966,14.131,46.000,10.000,47.757,-14.808,-1.757,24.808,24.870,0.949,-0.885,1.298,
18:14:23.985,14.150,46.000,8.000,47.577,-15.375,-1.577,23.375,23.428,0.693,-0.855,1.100,
18:14:24.005,14.170,46.000,8.000,47.381,-15.971,-1.381,23.971,24.011,0.725,-0.711,1.016,
18:14:24.023,14.188,46.000,8.000,47.205,-16.483,-1.205,24.483,24.513,0.910,-0.528,1.053,
18:14:24.031,14.196,46.000,8.000,47.122,-16.718,-1.122,24.718,24.744,1.075,-0.396,1.146,
18:14:24.047,14.212,46.000,8.000,46.956,-17.181,-0.956,25.181,25.199,1.286,-0.254,1.310,
18:14:24.064,14.229,46.000,8.000,46.778,-17.659,-0.778,25.659,25.671,1.534,-0.116,1.539,
18:14:24.072,14.237,46.000,8.000,46.693,-17.883,-0.693,25.883,25.892,1.723,-0.029,1.723,
18:14:24.090,14.255,46.000,8.000,46.492,-18.398,-0.492,26.398,26.402,1.928,0.063,1.929,
18:14:24.100,14.265,46.000,8.000,46.377,-18.686,-0.377,26.686,26.689,2.087,0.113,2.090,
18:14:24.115,14.280,44.000,6.000,46.195,-19.131,-2.195,25.131,25.226,1.688,0.688,1.822,
18:14:24.134,14.299,44.000,6.000,45.974,-19.658,-1.974,25.658,25.734,1.464,1.037,1.794,
18:14:24.143,14.308,44.000,6.000,45.862,-19.918,-1.862,25.918,25.985,1.390,1.183,1.825,
18:14:24.160,14.325,44.000,6.000,45.659,-20.379,-1.659,26.379,26.431,1.388,1.201,1.835,
18:14:24.170,14.335,44.000,4.000,45.537,-20.648,-1.537,24.648,24.696,0.949,1.147,1.489,
18:14:24.188,14.353,44.000,4.000,45.304,-21.155,-1.304,25.155,25.189,0.707,0.994,1.220,
18:14:24.205,14.370,44.000,4.000,45.077,-21.635,-1.077,25.635,25.658,0.702,0.774,1.045,
18:14:24.224,14.389,46.000,0.000,44.817,-22.169,1.183,22.169,22.201,-0.310,-0.075,0.319,
18:14:24.232,14.397,46.000,0.000,44.709,-22.385,1.291,22.385,22.422,-0.704,-0.518,0.874,
18:14:24.248,14.413,46.000,0.000,44.494,-22.810,1.506,22.810,22.860,-0.803,-0.852,1.170,
18:14:24.265,14.430,46.000,0.000,44.249,-23.281,1.751,23.281,23.347,-0.595,-1.052,1.208,
18:14:24.285,14.450,48.000,2.000,43.962,-23.819,4.038,25.819,26.133,0.448,-1.720,1.778,
18:14:24.302,14.467,48.000,2.000,43.702,-24.292,4.298,26.292,26.641,1.317,-1.985,2.383,
18:14:24.311,14.476,48.000,2.000,43.581,-24.509,4.419,26.509,26.875,1.848,-2.035,2.749,
18:14:24.328,14.493,48.000,2.000,43.307,-24.989,4.693,26.989,27.394,2.332,-1.947,3.038,
18:14:24.346,14.511,44.000,-0.000,43.036,-25.454,0.964,25.454,25.473,2.122,-0.572,2.198,
18:14:24.368,14.533,44.000,-0.000,42.690,-26.030,1.310,26.030,26.063,2.025,0.441,2.072,
18:14:24.386,14.551,44.000,-0.000,42.388,-26.519,1.612,26.519,26.568,1.994,1.011,2.236,
18:14:24.404,14.569,46.000,-2.000,42.103,-26.969,3.897,24.969,25.271,1.413,0.686,1.571,
18:14:24.413,14.578,46.000,-2.000,41.948,-27.210,4.052,25.210,25.534,1.150,0.448,1.234,
18:14:24.430,14.595,46.000,-2.000,41.664,-27.642,4.336,25.642,26.006,1.022,0.236,1.049,
18:14:24.438,14.603,46.000,-2.000,41.523,-27.854,4.477,25.854,26.239,1.024,0.058,1.025,
18:14:24.455,14.620,46.000,-2.000,41.239,-28.273,4.761,26.273,26.701,1.085,-0.127,1.092,
18:14:24.474,14.639,44.000,-2.000,40.901,-28.760,3.099,26.760,26.939,1.263,0.265,1.291,
18:14:24.482,14.647,44.000,-2.000,40.752,-28.971,3.248,26.971,27.166,1.449,0.451,1.518,
18:14:24.499,14.664,44.000,-2.000,40.457,-29.381,3.543,27.381,27.610,1.639,0.502,1.714,
18:14:24.517,14.682,44.000,-2.000,40.128,-29.828,3.872,27.828,28.096,1.855,0.442,1.907,
18:14:24.538,14.703,44.000,-6.000,39.741,-30.342,4.259,24.342,24.712,0.873,0.279,0.916,
18:14:24.557,14.722,44.000,-6.000,39.378,-30.812,4.622,24.812,25.238,0.439,0.077,0.446,
18:14:24.574,14.739,44.000,-6.000,39.054,-31.222,4.946,25.222,25.702,0.357,-0.115,0.375,
18:14:24.582,14.747,44.000,-6.000,38.900,-31.414,5.100,25.414,25.920,0.411,-0.231,0.471,
18:14:24.599,14.764,46.000,-6.000,38.569,-31.818,7.431,25.818,26.866,0.569,-0.915,1.077,
18:14:24.608,14.773,46.000,-6.000,38.401,-32.022,7.599,26.022,27.109,0.777,-1.304,1.518,
18:14:24.624,14.789,46.000,-6.000,38.086,-32.395,7.914,26.395,27.556,1.044,-1.580,1.894,
18:14:24.632,14.797,46.000,-6.000,37.923,-32.586,8.077,26.586,27.786,1.290,-1.702,2.135,
18:14:24.648,14.813,46.000,-6.000,37.592,-32.968,8.408,26.968,28.248,1.568,-1.749,2.349,
18:14:24.666,14.831,46.000,-10.000,37.223,-33.383,8.777,23.383,24.976,0.727,-1.685,1.835,
18:14:24.684,14.849,46.000,-10.000,36.855,-33.789,9.145,23.789,25.487,0.337,-1.537,1.574,
18:14:24.693,14.858,46.000,-10.000,36.672,-33.987,9.328,23.987,25.737,0.224,-1.412,1.430,
18:14:24.710,14.875,46.000,-10.000,36.310,-34.374,9.690,24.374,26.230,0.288,-1.253,1.285,
18:14:24.719,14.884,46.000,-10.000,36.134,-34.559,9.866,24.559,26.466,0.436,-1.142,1.223,
18:14:24.736,14.901,46.000,-14.000,35.770,-34.935,10.230,20.935,23.301,-0.395,-1.006,1.080,
18:14:24.753,14.918,46.000,-14.000,35.397,-35.314,10.603,21.314,23.806,-0.723,-0.889,1.145,
18:14:24.762,14.927,46.000,-14.000,35.208,-35.502,10.792,21.502,24.059,-0.759,-0.834,1.128,
18:14:24.778,14.943,46.000,-14.000,34.847,-35.857,11.153,21.857,24.538,-0.568,-0.778,0.963,
18:14:24.795,14.960,46.000,-14.000,34.478,-36.212,11.522,22.212,25.022,-0.173,-0.755,0.774,
18:14:24.816,14.981,46.000,-14.000,34.013,-36.649,11.987,22.649,25.626,0.401,-0.762,0.861,
18:14:24.834,14.999,46.000,-14.000,33.597,-37.030,12.403,23.030,26.157,0.973,-0.801,1.261,
18:14:24.843,15.008,46.000,-14.000,33.399,-37.209,12.601,23.209,26.409,1.340,-0.847,1.586,
18:14:24.860,15.025,44.000,-18.000,33.008,-37.556,10.992,19.556,22.433,0.621,-0.348,0.712,
18:14:24.870,15.035,44.000,-18.000,32.778,-37.757,11.222,19.757,22.722,0.256,-0.092,0.272,
18:14:24.887,15.052,44.000,-18.000,32.374,-38.104,11.626,20.104,23.224,0.152,0.022,0.153,
18:14:24.905,15.070,44.000,-18.000,31.963,-38.449,12.037,20.449,23.729,0.245,-0.007,0.245,
18:14:24.914,15.079,42.000,-18.000,31.756,-38.621,10.244,20.621,23.025,0.386,0.416,0.567,
18:14:24.930,15.095,42.000,-18.000,31.354,-38.947,10.646,20.947,23.497,0.620,0.606,0.867,
18:14:24.939,15.104,42.000,-18.000,31.157,-39.106,10.843,21.106,23.728,0.830,0.631,1.043,
18:14:24.955,15.120,42.000,-18.000,30.754,-39.423,11.246,21.423,24.196,1.090,0.509,1.203,
18:14:24.974,15.139,40.000,-20.000,30.304,-39.770,9.696,19.770,22.020,0.807,0.807,1.142,
18:14:24.983,15.148,40.000,-20.000,30.074,-39.944,9.926,19.944,22.278,0.707,0.870,1.121,
18:14:24.998,15.163,40.000,-20.000,29.703,-40.221,10.297,20.221,22.691,0.723,0.752,1.043,
18:14:25.017,15.182,40.000,-20.000,29.234,-40.563,10.766,20.563,23.211,0.849,0.454,0.963,
18:14:25.036,15.201,42.000,-20.000,28.760,-40.901,13.240,20.901,24.742,1.046,-0.528,1.172,
18:14:25.055,15.220,42.000,-20.000,28.291,-41.226,13.709,21.226,25.268,1.263,-1.249,1.777,
18:14:25.072,15.237,42.000,-20.000,27.859,-41.520,14.141,21.520,25.750,1.461,-1.720,2.257,
18:14:25.079,15.244,42.000,-20.000,27.675,-41.643,14.325,21.643,25.954,1.594,-1.943,2.513,
18:14:25.097,15.262,40.000,-22.000,27.200,-41.954,12.800,19.954,23.706,1.167,-1.574,1.959,
18:14:25.115,15.280,40.000,-22.000,26.748,-42.244,13.252,20.244,24.196,0.942,-1.284,1.593,
18:14:25.134,15.299,40.000,-22.000,26.241,-42.561,13.759,20.561,24.739,0.880,-1.079,1.392,
18:14:25.142,15.307,40.000,-22.000,26.031,-42.690,13.969,20.690,24.964,0.904,-0.970,1.326,
18:14:25.158,15.323,38.000,-22.000,25.608,-42.944,12.392,20.944,24.335,0.965,-0.362,1.031,
18:14:25.175,15.340,38.000,-22.000,25.180,-43.197,12.820,21.197,24.772,1.087,-0.014,1.087,
18:14:25.183,15.348,38.000,-22.000,24.952,-43.329,13.048,21.329,25.004,1.210,0.126,1.217,
18:14:25.201,15.366,38.000,-22.000,24.486,-43.594,13.514,21.594,25.474,1.341,0.140,1.349,
18:14:25.210,15.376,38.000,-22.000,24.228,-43.738,13.772,21.738,25.733,1.468,0.056,1.469,
18:14:25.228,15.393,38.000,-26.000,23.761,-43.993,14.239,17.993,22.945,0.487,-0.117,0.501,
18:14:25.245,15.410,38.000,-26.000,23.299,-44.240,14.701,18.240,23.427,-0.065,-0.370,0.376,
18:14:25.264,15.429,38.000,-26.000,22.786,-44.506,15.214,18.506,23.957,-0.259,-0.666,0.715,
18:14:25.272,15.437,38.000,-26.000,22.568,-44.617,15.432,18.617,24.181,-0.258,-0.866,0.903,
18:14:25.287,15.453,38.000,-26.000,22.131,-44.835,15.869,18.835,24.629,-0.142,-1.073,1.083,
18:14:25.304,15.470,38.000,-26.000,21.661,-45.064,16.339,19.064,25.108,0.122,-1.270,1.275,
18:14:25.323,15.488,38.000,-26.000,21.142,-45.310,16.858,19.310,25.633,0.482,-1.446,1.524,
18:14:25.331,15.496,38.000,-26.000,20.919,-45.414,17.081,19.414,25.858,0.756,-1.542,1.717,
18:14:25.349,15.514,36.000,-28.000,20.424,-45.638,15.576,17.638,23.531,0.505,-1.079,1.192,
18:14:25.367,15.532,36.000,-28.000,19.914,-45.863,16.086,17.863,24.038,0.467,-0.802,0.928,
18:14:25.386,15.551,36.000,-28.000,19.362,-46.099,16.638,18.099,24.585,0.584,-0.690,0.904,
18:14:25.404,15.569,36.000,-26.000,18.856,-46.308,17.144,20.308,26.577,1.349,-0.698,1.519,
18:14:25.414,15.579,36.000,-26.000,18.591,-46.415,17.409,20.415,26.830,1.791,-0.756,1.944,
18:14:25.432,15.597,36.000,-26.000,18.064,-46.623,17.936,20.623,27.331,2.113,-0.861,2.282,
18:14:25.440,15.605,36.000,-26.000,17.837,-46.710,18.163,20.710,27.546,2.292,-0.972,2.489,
18:14:25.456,15.622,36.000,-26.000,17.365,-46.888,18.635,20.888,27.992,2.393,-1.104,2.636,
18:14:25.474,15.639,34.000,-30.000,16.861,-47.071,17.139,17.071,24.190,1.264,-0.696,1.443,
18:14:25.483,15.648,34.000,-30.000,16.593,-47.167,17.407,17.167,24.448,0.625,-0.516,0.811,
18:14:25.500,15.665,34.000,-30.000,16.108,-47.334,17.892,17.334,24.912,0.197,-0.473,0.513,
18:14:25.508,15.673,34.000,-30.000,15.866,-47.416,18.134,17.416,25.142,0.015,-0.510,0.510,
18:14:25.524,15.689,34.000,-30.000,15.399,-47.570,18.601,17.570,25.586,-0.066,-0.616,0.620,
18:14:25.533,15.698,34.000,-30.000,15.150,-47.649,18.850,17.649,25.823,-0.009,-0.747,0.747,
18:14:25.549,15.714,34.000,-30.000,14.668,-47.800,19.332,17.800,26.279,0.119,-0.926,0.934,
18:14:25.558,15.723,34.000,-30.000,14.424,-47.874,19.576,17.874,26.509,0.298,-1.087,1.127,
18:14:25.576,15.741,34.000,-30.000,13.893,-48.031,20.107,18.031,27.008,0.530,-1.282,1.388,
18:14:25.594,15.759,32.000,-34.000,13.358,-48.183,18.642,14.183,23.424,-0.326,-0.914,0.970,
18:14:25.603,15.768,32.000,-34.000,13.098,-48.254,18.902,14.254,23.674,-0.707,-0.754,1.034,
18:14:25.620,15.785,32.000,-34.000,12.602,-48.386,19.398,14.386,24.150,-0.825,-0.719,1.094,
18:14:25.628,15.793,32.000,-34.000,12.344,-48.452,19.656,14.452,24.397,-0.782,-0.754,1.086,
18:14:25.646,15.811,32.000,-34.000,11.807,-48.586,20.193,14.586,24.910,-0.580,-0.862,1.039,
18:14:25.664,15.829,30.000,-34.000,11.286,-48.710,18.714,14.710,23.803,-0.226,-0.477,0.528,
18:14:25.673,15.838,30.000,-34.000,11.025,-48.769,18.975,14.769,24.046,0.070,-0.333,0.340,
18:14:25.689,15.854,30.000,-34.000,10.527,-48.879,19.473,14.879,24.507,0.410,-0.342,0.534,
18:14:25.704,15.869,30.000,-34.000,10.080,-48.973,19.920,14.973,24.920,0.734,-0.473,0.873,
18:14:25.712,15.877,30.000,-34.000,9.845,-49.021,20.155,15.021,25.137,0.956,-0.615,1.137,
18:14:25.728,15.893,32.000,-34.000,9.363,-49.115,22.637,15.115,27.220,1.182,-1.344,1.789,
18:14:25.745,15.910,32.000,-34.000,8.840,-49.212,23.160,15.212,27.709,1.376,-1.946,2.384,
18:14:25.764,15.929,32.000,-34.000,8.281,-49.309,23.719,15.309,28.231,1.508,-2.385,2.821,
18:14:25.772,15.937,32.000,-34.000,8.044,-49.349,23.956,15.349,28.451,1.569,-2.618,3.052,
18:14:25.789,15.954,30.000,-34.000,7.516,-49.432,22.484,15.432,27.270,1.590,-2.220,2.730,
18:14:25.805,15.970,30.000,-34.000,7.030,-49.503,22.970,15.503,27.713,1.572,-1.933,2.492,
18:14:25.823,15.988,30.000,-34.000,6.486,-49.578,23.514,15.578,28.206,1.520,-1.738,2.309,
18:14:25.831,15.996,30.000,-34.000,6.241,-49.609,23.759,15.609,28.427,1.491,-1.652,2.226,
18:14:25.846,16.012,26.000,-36.000,5.765,-49.667,20.235,13.667,24.418,0.894,-0.528,1.039,
18:14:25.868,16.033,26.000,-36.000,5.115,-49.738,20.885,13.738,24.998,0.458,0.166,0.487,
18:14:25.883,16.048,26.000,-36.000,4.637,-49.785,21.363,13.785,25.424,0.257,0.387,0.465,
18:14:25.891,16.056,26.000,-36.000,4.405,-49.806,21.595,13.806,25.631,0.200,0.394,0.442,
18:14:25.907,16.073,26.000,-36.000,3.907,-49.847,22.093,13.847,26.074,0.183,0.255,0.314,
18:14:25.924,16.089,26.000,-36.000,3.412,-49.883,22.588,13.883,26.514,0.254,-0.053,0.260,
18:14:25.932,16.097,26.000,-36.000,3.153,-49.900,22.847,13.900,26.743,0.361,-0.354,0.506,
18:14:25.949,16.114,26.000,-36.000,2.644,-49.930,23.356,13.930,27.195,0.481,-0.726,0.871,
18:14:25.967,16.132,26.000,-38.000,2.074,-49.957,23.926,11.957,26.748,0.070,-1.170,1.172,
18:14:25.985,16.150,26.000,-38.000,1.528,-49.977,24.472,11.977,27.245,-0.084,-1.587,1.589,
18:14:26.002,16.167,26.000,-38.000,0.999,-49.990,25.001,11.990,27.727,-0.068,-1.932,1.933,
18:14:26.010,16.175,26.000,-38.000,0.755,-49.994,25.245,11.994,27.950,0.002,-2.136,2.136,
18:14:26.026,16.191,22.000,-40.000,0.263,-49.999,21.737,9.999,23.927,-0.413,-1.248,1.315,
18:14:26.044,16.209,22.000,-40.000,-0.275,-49.999,22.275,9.999,24.417,-0.568,-0.706,0.907,
18:14:26.052,16.217,22.000,-40.000,-0.520,-49.997,22.520,9.997,24.640,-0.575,-0.463,0.738,
18:14:26.069,16.234,22.000,-40.000,-1.047,-49.989,23.047,9.989,25.119,-0.465,-0.389,0.606,
18:14:26.085,16.251,20.000,-40.000,-1.556,-49.976,21.556,9.976,23.753,-0.249,0.061,0.257,
18:14:26.103,16.268,20.000,-40.000,-2.106,-49.956,22.106,9.956,24.244,0.025,0.143,0.145,
18:14:26.111,16.276,20.000,-40.000,-2.346,-49.945,22.346,9.945,24.459,0.223,0.068,0.233,
18:14:26.128,16.293,20.000,-40.000,-2.864,-49.918,22.864,9.918,24.922,0.438,-0.155,0.465,
18:14:26.144,16.309,20.000,-42.000,-3.356,-49.887,23.356,7.887,24.651,0.080,-0.505,0.511,
18:14:26.153,16.318,20.000,-42.000,-3.625,-49.868,23.625,7.868,24.901,-0.093,-0.804,0.809,
18:14:26.170,16.335,20.000,-42.000,-4.149,-49.828,24.149,7.828,25.386,-0.145,-1.165,1.174,
18:14:26.179,16.344,20.000,-42.000,-4.407,-49.805,24.407,7.805,25.625,-0.137,-1.440,1.447,
18:14:26.194,16.359,20.000,-42.000,-4.880,-49.761,24.880,7.761,26.062,-0.075,-1.729,1.731,
18:14:26.202,16.368,16.000,-44.000,-5.134,-49.736,21.134,5.736,21.898,-0.478,-0.968,1.080,
18:14:26.218,16.383,16.000,-44.000,-5.606,-49.685,21.606,5.685,22.341,-0.709,-0.484,0.859,
18:14:26.235,16.400,16.000,-44.000,-6.139,-49.622,22.139,5.622,22.842,-0.754,-0.289,0.807,
18:14:26.253,16.418,16.000,-44.000,-6.678,-49.552,22.678,5.552,23.347,-0.654,-0.326,0.731,
18:14:26.260,16.425,16.000,-44.000,-6.901,-49.522,22.901,5.522,23.557,-0.542,-0.434,0.694,
18:14:26.278,16.443,16.000,-44.000,-7.423,-49.446,23.423,5.446,24.048,-0.367,-0.645,0.742,
18:14:26.295,16.460,16.000,-44.000,-7.943,-49.365,23.943,5.365,24.537,-0.148,-0.954,0.965,
18:14:26.304,16.469,16.000,-44.000,-8.218,-49.320,24.218,5.320,24.796,0.016,-1.209,1.209,
18:14:26.322,16.487,16.000,-44.000,-8.765,-49.226,24.765,5.226,25.310,0.198,-1.505,1.517,
18:14:26.330,16.495,16.000,-44.000,-8.993,-49.185,24.993,5.185,25.525,0.312,-1.716,1.744,
18:14:26.345,16.510,16.000,-44.000,-9.455,-49.098,25.455,5.098,25.960,0.423,-1.926,1.972,
18:14:26.362,16.527,16.000,-44.000,-9.971,-48.996,25.971,4.996,26.447,0.513,-2.126,2.187,
18:14:26.370,16.535,16.000,-44.000,-10.207,-48.947,26.207,4.947,26.670,0.558,-2.257,2.325,
18:14:26.387,16.552,12.000,-44.000,-10.696,-48.843,22.696,4.843,23.207,0.587,-1.296,1.423,
18:14:26.405,16.570,12.000,-44.000,-11.247,-48.719,23.247,4.719,23.721,0.585,-0.690,0.904,
18:14:26.423,16.588,12.000,-44.000,-11.799,-48.588,23.799,4.588,24.237,0.554,-0.431,0.702,
18:14:26.431,16.596,12.000,-44.000,-12.037,-48.529,24.037,4.529,24.460,0.530,-0.383,0.654,
18:14:26.447,16.612,12.000,-44.000,-12.495,-48.414,24.495,4.414,24.889,0.486,-0.446,0.659,
18:14:26.464,16.629,12.000,-44.000,-13.006,-48.279,25.006,4.279,25.370,0.431,-0.660,0.788,
18:14:26.472,16.637,12.000,-44.000,-13.257,-48.211,25.257,4.211,25.605,0.400,-0.884,0.971,
18:14:26.489,16.654,12.000,-44.000,-13.750,-48.072,25.750,4.072,26.070,0.348,-1.157,1.208,
18:14:26.498,16.663,12.000,-44.000,-14.001,-48.000,26.001,4.000,26.307,0.323,-1.398,1.435,
18:14:26.514,16.679,10.000,-44.000,-14.469,-47.861,24.469,3.861,24.772,0.281,-1.126,1.161,
18:14:26.521,16.686,10.000,-44.000,-14.685,-47.795,24.685,3.795,24.975,0.267,-1.020,1.054,
18:14:26.537,16.702,10.000,-44.000,-15.161,-47.646,25.161,3.646,25.423,0.233,-1.033,1.059,
18:14:26.547,16.712,10.000,-44.000,-15.451,-47.553,25.451,3.553,25.698,0.220,-1.119,1.140,
18:14:26.565,16.730,10.000,-44.000,-15.982,-47.377,25.982,3.377,26.200,0.193,-1.289,1.303,
18:14:26.582,16.747,6.000,-46.000,-16.477,-47.207,22.477,1.207,22.509,-0.391,-0.380,0.545,
18:14:26.589,16.755,6.000,-46.000,-16.680,-47.136,22.680,1.136,22.708,-0.681,0.033,0.682,
18:14:26.605,16.770,6.000,-46.000,-17.139,-46.971,23.139,0.971,23.159,-0.865,0.197,0.887,
18:14:26.624,16.789,6.000,-46.000,-17.668,-46.774,23.668,0.774,23.681,-0.916,0.079,0.919,
18:14:26.632,16.797,6.000,-46.000,-17.898,-46.687,23.898,0.687,23.908,-0.884,-0.116,0.892,
18:14:26.649,16.814,4.000,-48.000,-18.382,-46.498,22.382,-1.502,22.432,-1.335,0.108,1.340,
18:14:26.667,16.832,4.000,-48.000,-18.895,-46.292,22.895,-1.708,22.959,-1.515,0.012,1.515,
18:14:26.686,16.851,4.000,-48.000,-19.447,-46.063,23.447,-1.937,23.527,-1.467,-0.322,1.502,
18:14:26.707,16.872,6.000,-46.000,-20.034,-45.811,26.034,-0.189,26.035,-0.661,-1.389,1.539,
18:14:26.724,16.889,6.000,-46.000,-20.529,-45.591,26.529,-0.409,26.532,-0.112,-2.135,2.138,
18:14:26.744,16.909,6.000,-46.000,-21.074,-45.342,27.074,-0.658,27.082,0.265,-2.660,2.673,
18:14:26.752,16.917,6.000,-46.000,-21.312,-45.231,27.312,-0.769,27.323,0.443,-2.925,2.958,
18:14:26.769,16.935,2.000,-46.000,-21.787,-45.004,23.787,-0.996,23.808,0.564,-2.009,2.087,
18:14:26.780,16.945,2.000,-46.000,-22.059,-44.871,24.059,-1.129,24.086,0.587,-1.460,1.574,
18:14:26.796,16.961,2.000,-46.000,-22.513,-44.645,24.513,-1.355,24.551,0.561,-1.113,1.246,
18:14:26.814,16.979,2.000,-46.000,-23.008,-44.392,25.008,-1.608,25.060,0.460,-0.953,1.058,
18:14:26.823,16.988,-0.000,-44.000,-23.253,-44.264,23.253,0.264,23.255,0.871,-0.432,0.972,
18:14:26.840,17.005,-0.000,-44.000,-23.720,-44.016,23.720,0.016,23.720,1.075,-0.163,1.088,
18:14:26.849,17.014,-0.000,-44.000,-23.945,-43.894,23.945,-0.106,23.945,1.138,-0.127,1.145,
18:14:26.865,17.030,-0.000,-44.000,-24.372,-43.658,24.372,-0.342,24.374,1.076,-0.227,1.099,
18:14:26.882,17.048,-2.000,-46.000,-24.852,-43.386,22.852,-2.614,23.001,0.324,0.061,0.329,
18:14:26.891,17.056,-2.000,-46.000,-25.065,-43.264,23.065,-2.736,23.226,-0.127,0.094,0.158,
18:14:26.909,17.074,-2.000,-46.000,-25.551,-42.978,23.551,-3.022,23.744,-0.534,-0.077,0.540,
18:14:26.919,17.084,-2.000,-46.000,-25.798,-42.830,23.798,-3.170,24.009,-0.762,-0.312,0.823,
18:14:26.935,17.100,-2.000,-46.000,-26.238,-42.562,24.238,-3.438,24.481,-0.947,-0.648,1.148,
18:14:26.955,17.120,-2.000,-46.000,-26.745,-42.246,24.745,-3.754,25.028,-1.031,-1.088,1.498,
18:14:26.964,17.129,-2.000,-46.000,-26.983,-42.094,24.983,-3.906,25.287,-1.021,-1.408,1.739,
18:14:26.980,17.145,-2.000,-46.000,-27.408,-41.819,25.408,-4.181,25.750,-0.981,-1.728,1.987,
18:14:26.989,17.154,-2.000,-46.000,-27.627,-41.674,25.627,-4.326,25.989,-0.917,-1.951,2.156,
18:14:27.006,17.171,-2.000,-46.000,-28.065,-41.381,26.065,-4.619,26.471,-0.831,-2.171,2.324,
18:14:27.024,17.189,-4.000,-46.000,-28.523,-41.066,24.523,-4.934,25.015,-0.720,-1.775,1.916,
18:14:27.034,17.199,-4.000,-46.000,-28.753,-40.905,24.753,-5.095,25.272,-0.640,-1.575,1.700,
18:14:27.050,17.215,-4.000,-46.000,-29.159,-40.617,25.159,-5.383,25.729,-0.559,-1.471,1.574,
18:14:27.060,17.225,-4.000,-46.000,-29.397,-40.445,25.397,-5.555,25.998,-0.507,-1.451,1.537,
18:14:27.078,17.243,-4.000,-46.000,-29.860,-40.105,25.860,-5.895,26.523,-0.454,-1.478,1.546,
18:14:27.095,17.260,-4.000,-46.000,-30.271,-39.795,26.271,-6.205,26.994,-0.426,-1.576,1.632,
18:14:27.113,17.278,-4.000,-46.000,-30.715,-39.454,26.715,-6.546,27.506,-0.421,-1.709,1.761,
18:14:27.120,17.285,-4.000,-46.000,-30.888,-39.318,26.888,-6.682,27.706,-0.432,-1.831,1.882,
18:14:27.137,17.302,-6.000,-46.000,-31.290,-38.999,25.290,-7.001,26.242,-0.449,-1.398,1.468,
18:14:27.154,17.319,-6.000,-46.000,-31.697,-38.670,25.697,-7.330,26.722,-0.483,-1.179,1.274,
18:14:27.162,17.327,-6.000,-46.000,-31.876,-38.522,25.876,-7.478,26.935,-0.514,-1.125,1.237,
18:14:27.177,17.342,-6.000,-46.000,-32.234,-38.222,26.234,-7.778,27.363,-0.550,-1.137,1.263,
18:14:27.193,17.359,-8.000,-46.000,-32.621,-37.892,24.621,-8.108,25.922,-0.595,-0.688,0.910,
18:14:27.201,17.366,-8.000,-46.000,-32.796,-37.742,24.796,-8.258,26.135,-0.631,-0.520,0.817,
18:14:27.218,17.384,-8.000,-46.000,-33.199,-37.388,25.199,-8.612,26.630,-0.672,-0.495,0.834,
18:14:27.235,17.400,-8.000,-46.000,-33.582,-37.044,25.582,-8.956,27.105,-0.715,-0.650,0.966,
18:14:27.253,17.418,-10.000,-46.000,-33.992,-36.668,23.992,-9.332,25.743,-0.757,-0.349,0.833,
18:14:27.262,17.427,-10.000,-46.000,-34.176,-36.497,24.176,-9.503,25.976,-0.787,-0.296,0.841,
18:14:27.279,17.444,-10.000,-46.000,-34.570,-36.123,24.570,-9.877,26.481,-0.816,-0.409,0.913,
18:14:27.287,17.452,-10.000,-46.000,-34.748,-35.952,24.748,-10.048,26.710,-0.840,-0.579,1.020,
18:14:27.303,17.468,-10.000,-46.000,-35.084,-35.624,25.084,-10.376,27.146,-0.862,-0.819,1.189,
18:14:27.311,17.476,-10.000,-46.000,-35.266,-35.444,25.266,-10.556,27.383,-0.882,-1.052,1.373,
18:14:27.327,17.492,-10.000,-46.000,-35.609,-35.100,25.609,-10.900,27.832,-0.901,-1.328,1.605,
18:14:27.345,17.510,-10.000,-46.000,-35.997,-34.702,25.997,-11.298,28.346,-0.924,-1.647,1.888,
18:14:27.364,17.529,-10.000,-46.000,-36.392,-34.288,26.392,-11.712,28.874,-0.949,-1.945,2.164,
18:14:27.372,17.537,-16.000,-46.000,-36.568,-34.100,20.568,-11.900,23.762,-0.973,-0.616,1.152,
18:14:27.388,17.553,-16.000,-46.000,-36.906,-33.734,20.906,-12.266,24.239,-0.991,0.228,1.017,
18:14:27.399,17.565,-16.000,-46.000,-37.133,-33.484,21.133,-12.516,24.561,-1.012,0.627,1.191,
18:14:27.416,17.581,-16.000,-46.000,-37.468,-33.108,21.468,-12.892,25.042,-1.033,0.724,1.261,
18:14:27.434,17.599,-16.000,-42.000,-37.836,-32.686,21.836,-9.314,23.740,0.087,0.516,0.523,
18:14:27.443,17.608,-16.000,-42.000,-38.005,-32.491,22.005,-9.509,23.972,0.656,0.248,0.701,
18:14:27.460,17.625,-16.000,-42.000,-38.347,-32.085,22.347,-9.915,24.448,0.960,-0.144,0.971,
18:14:27.468,17.633,-16.000,-42.000,-38.508,-31.893,22.508,-10.107,24.673,1.042,-0.487,1.150,
18:14:27.486,17.651,-16.000,-42.000,-38.855,-31.468,22.855,-10.532,25.165,0.959,-0.917,1.327,
18:14:27.504,17.669,-16.000,-42.000,-39.194,-31.046,23.194,-10.954,25.651,0.679,-1.360,1.520,
18:14:27.513,17.678,-16.000,-42.000,-39.371,-30.821,23.371,-11.179,25.907,0.407,-1.659,1.708,
18:14:27.530,17.695,-16.000,-42.000,-39.692,-30.406,23.692,-11.594,26.377,0.055,-1.940,1.941,
18:14:27.539,17.704,-16.000,-42.000,-39.849,-30.200,23.849,-11.800,26.609,-0.216,-2.114,2.125,
18:14:27.555,17.720,-16.000,-42.000,-40.153,-29.796,24.153,-12.204,27.061,-0.536,-2.260,2.323,
18:14:27.574,17.739,-18.000,-40.000,-40.492,-29.332,22.492,-10.668,24.894,-0.290,-1.776,1.799,
18:14:27.582,17.747,-18.000,-40.000,-40.637,-29.131,22.637,-10.869,25.111,-0.179,-1.520,1.531,
18:14:27.598,17.763,-18.000,-40.000,-40.922,-28.730,22.922,-11.270,25.542,-0.200,-1.348,1.363,
18:14:27.616,17.781,-18.000,-40.000,-41.240,-28.271,23.240,-11.729,26.032,-0.315,-1.271,1.309,
18:14:27.637,17.802,-20.000,-42.000,-41.599,-27.740,21.599,-14.260,25.882,-1.107,-0.690,1.305,
18:14:27.653,17.818,-20.000,-42.000,-41.871,-27.328,21.871,-14.672,26.337,-1.597,-0.471,1.665,
18:14:27.661,17.826,-20.000,-42.000,-41.998,-27.133,21.998,-14.867,26.551,-1.847,-0.433,1.897,
18:14:27.676,17.841,-20.000,-42.000,-42.247,-26.743,22.247,-15.257,26.976,-2.017,-0.475,2.072,
18:14:27.693,17.858,-22.000,-38.000,-42.532,-26.287,20.532,-11.713,23.638,-0.984,-0.076,0.987,
18:14:27.701,17.866,-22.000,-38.000,-42.662,-26.077,20.662,-11.923,23.855,-0.391,0.041,0.393,
18:14:27.718,17.883,-22.000,-38.000,-42.931,-25.631,20.931,-12.369,24.312,-0.009,-0.000,0.009,
18:14:27.735,17.900,-22.000,-38.000,-43.195,-25.183,21.195,-12.817,24.770,0.166,-0.218,0.274,
18:14:27.754,17.919,-22.000,-40.000,-43.484,-24.681,21.484,-15.319,26.386,-0.441,-0.557,0.711,
18:14:27.762,17.927,-22.000,-40.000,-43.609,-24.460,21.609,-15.540,26.616,-0.829,-0.828,1.172,
18:14:27.779,17.944,-22.000,-40.000,-43.847,-24.030,21.847,-15.970,27.061,-1.152,-1.113,1.601,
18:14:27.788,17.953,-22.000,-40.000,-43.979,-23.788,21.979,-16.212,27.311,-1.377,-1.340,1.921,
18:14:27.807,17.972,-22.000,-40.000,-44.261,-23.259,22.261,-16.741,27.853,-1.590,-1.594,2.251,
18:14:27.824,17.989,-26.000,-38.000,-44.500,-22.798,18.500,-15.202,23.945,-1.159,-0.667,1.337,
18:14:27.833,17.998,-26.000,-38.000,-44.620,-22.561,18.620,-15.439,24.188,-0.928,-0.202,0.950,
18:14:27.850,18.015,-26.000,-38.000,-44.861,-22.079,18.861,-15.921,24.683,-0.800,0.025,0.800,
18:14:27.858,18.023,-26.000,-38.000,-44.970,-21.857,18.970,-16.143,24.909,-0.756,0.070,0.759,
18:14:27.875,18.040,-26.000,-38.000,-45.193,-21.392,19.193,-16.608,25.380,-0.762,-0.004,0.762,
18:14:27.893,18.058,-28.000,-36.000,-45.432,-20.880,17.432,-15.120,23.075,-0.274,0.327,0.426,
18:14:27.901,18.066,-28.000,-36.000,-45.531,-20.662,17.531,-15.338,23.293,-0.069,0.397,0.403,
18:14:27.919,18.084,-28.000,-36.000,-45.753,-20.166,17.753,-15.834,23.789,-0.021,0.284,0.284,
18:14:27.928,18.093,-28.000,-36.000,-45.860,-19.920,17.860,-16.080,24.032,-0.076,0.104,0.129,
18:14:27.944,18.109,-28.000,-36.000,-46.051,-19.475,18.051,-16.525,24.473,-0.216,-0.163,0.271,
18:14:27.952,18.117,-30.000,-36.000,-46.151,-19.237,16.151,-16.763,23.278,-0.379,0.075,0.387,
18:14:27.969,18.134,-30.000,-36.000,-46.349,-18.755,16.349,-17.245,23.764,-0.609,0.112,0.619,
18:14:27.978,18.143,-30.000,-36.000,-46.451,-18.501,16.451,-17.499,24.018,-0.812,0.043,0.813,
18:14:27.994,18.159,-30.000,-36.000,-46.634,-18.035,16.634,-17.965,24.483,-1.046,-0.146,1.056,
18:14:28.002,18.167,-30.000,-36.000,-46.720,-17.812,16.720,-18.188,24.706,-1.218,-0.328,1.261,
18:14:28.018,18.183,-30.000,-36.000,-46.892,-17.354,16.892,-18.646,25.159,-1.402,-0.572,1.514,
18:14:28.037,18.202,-30.000,-36.000,-47.091,-16.806,17.091,-19.194,25.700,-1.586,-0.875,1.811,
18:14:28.055,18.220,-30.000,-36.000,-47.275,-16.280,17.275,-19.720,26.217,-1.727,-1.156,2.079,
18:14:28.074,18.239,-32.000,-34.000,-47.460,-15.733,15.460,-18.267,23.931,-1.239,-0.802,1.476,
18:14:28.082,18.247,-32.000,-34.000,-47.539,-15.494,15.539,-18.506,24.165,-1.006,-0.647,1.196,
18:14:28.101,18.266,-32.000,-34.000,-47.713,-14.948,15.713,-19.052,24.696,-0.884,-0.604,1.071,
18:14:28.109,18.274,-32.000,-34.000,-47.788,-14.708,15.788,-19.292,24.929,-0.862,-0.619,1.061,
18:14:28.127,18.292,-32.000,-34.000,-47.947,-14.181,15.947,-19.819,25.438,-0.895,-0.682,1.125,
18:14:28.144,18.309,-32.000,-32.000,-48.093,-13.677,16.093,-18.323,24.387,-0.443,-0.800,0.915,
18:14:28.153,18.318,-32.000,-32.000,-48.165,-13.421,16.165,-18.579,24.627,-0.263,-0.909,0.946,
18:14:28.171,18.336,-32.000,-32.000,-48.311,-12.887,16.311,-19.113,25.126,-0.245,-1.024,1.053,
18:14:28.179,18.344,-32.000,-32.000,-48.373,-12.650,16.373,-19.350,25.348,-0.320,-1.123,1.168,
18:14:28.196,18.361,-32.000,-32.000,-48.501,-12.150,16.501,-19.850,25.813,-0.483,-1.212,1.305,
18:14:28.215,18.380,-32.000,-32.000,-48.641,-11.578,16.641,-20.422,26.344,-0.761,-1.297,1.504,
18:14:28.235,18.400,-32.000,-32.000,-48.783,-10.965,16.783,-21.035,26.910,-1.100,-1.363,1.752,
18:14:28.253,18.418,-32.000,-32.000,-48.901,-10.425,16.901,-21.575,27.406,-1.409,-1.406,1.990,
18:14:28.260,18.425,-32.000,-32.000,-48.947,-10.207,16.947,-21.793,27.607,-1.597,-1.442,2.152,
18:14:28.276,18.441,-36.000,-30.000,-49.040,-9.749,13.040,-20.251,24.086,-1.248,-0.395,1.309,
18:14:28.294,18.459,-36.000,-30.000,-49.150,-9.180,13.150,-20.820,24.626,-1.078,0.298,1.119,
18:14:28.313,18.478,-36.000,-30.000,-49.252,-8.616,13.252,-21.384,25.158,-1.057,0.609,1.220,
18:14:28.321,18.486,-36.000,-30.000,-49.293,-8.378,13.293,-21.622,25.382,-1.090,0.676,1.282,
18:14:28.338,18.503,-36.000,-28.000,-49.376,-7.874,13.376,-20.126,24.165,-0.631,0.621,0.885,
18:14:28.354,18.519,-36.000,-28.000,-49.455,-7.361,13.455,-20.639,24.638,-0.438,0.401,0.594,
18:14:28.374,18.539,-36.000,-28.000,-49.542,-6.753,13.542,-21.247,25.196,-0.476,0.055,0.479,
18:14:28.394,18.559,-36.000,-28.000,-49.619,-6.157,13.619,-21.843,25.741,-0.669,-0.334,0.748,
18:14:28.402,18.567,-36.000,-28.000,-49.650,-5.909,13.650,-22.091,25.967,-0.849,-0.589,1.034,
18:14:28.417,18.582,-36.000,-28.000,-49.702,-5.448,13.702,-22.552,26.388,-1.057,-0.828,1.342,
18:14:28.435,18.600,-36.000,-28.000,-49.758,-4.914,13.758,-23.086,26.874,-1.313,-1.048,1.680,
18:14:28.452,18.617,-38.000,-26.000,-49.807,-4.386,11.807,-21.614,24.629,-1.003,-0.652,1.196,
18:14:28.460,18.625,-38.000,-26.000,-49.829,-4.135,11.829,-21.865,24.859,-0.886,-0.452,0.994,
18:14:28.476,18.641,-38.000,-26.000,-49.867,-3.647,11.867,-22.353,25.308,-0.891,-0.353,0.958,
18:14:28.494,18.659,-38.000,-26.000,-49.904,-3.090,11.904,-22.910,25.818,-1.012,-0.344,1.069,
18:14:28.503,18.668,-38.000,-26.000,-49.920,-2.824,11.920,-23.176,26.062,-1.146,-0.381,1.207,
18:14:28.519,18.684,-40.000,-24.000,-49.945,-2.335,9.945,-21.665,23.839,-0.778,0.090,0.783,
18:14:28.536,18.701,-40.000,-24.000,-49.968,-1.798,9.968,-22.202,24.337,-0.650,0.321,0.725,
18:14:28.554,18.719,-40.000,-24.000,-49.984,-1.260,9.984,-22.740,24.835,-0.711,0.352,0.793,
18:14:28.561,18.726,-40.000,-24.000,-49.989,-1.032,9.989,-22.968,25.046,-0.813,0.304,0.868,
18:14:28.578,18.743,-40.000,-20.000,-49.997,-0.528,9.997,-19.472,21.888,0.086,0.190,0.209,
18:14:28.594,18.759,-40.000,-20.000,-50.000,-0.018,10.000,-19.982,22.344,0.517,0.001,0.517,
18:14:28.602,18.767,-40.000,-20.000,-50.000,0.216,10.000,-20.216,22.554,0.646,-0.157,0.664,
18:14:28.618,18.783,-40.000,-20.000,-49.995,0.704,9.995,-20.704,22.990,0.557,-0.334,0.650,
18:14:28.633,18.798,-40.000,-22.000,-49.986,1.171,9.986,-23.171,25.231,-0.260,-0.515,0.577,
18:14:28.643,18.808,-40.000,-22.000,-49.978,1.474,9.978,-23.474,25.506,-0.876,-0.652,1.092,
18:14:28.660,18.825,-40.000,-22.000,-49.960,1.994,9.960,-23.994,25.979,-1.462,-0.780,1.657,
18:14:28.668,18.834,-40.000,-22.000,-49.949,2.247,9.949,-24.247,26.209,-1.860,-0.861,2.050,
18:14:28.685,18.850,-40.000,-22.000,-49.924,2.755,9.924,-24.755,26.670,-2.233,-0.924,2.417,
18:14:28.703,18.868,-42.000,-20.000,-49.890,3.312,7.890,-23.312,24.611,-1.949,-0.390,1.987,
18:14:28.712,18.877,-42.000,-20.000,-49.872,3.570,7.872,-23.570,24.850,-1.791,-0.106,1.794,
18:14:28.729,18.894,-42.000,-20.000,-49.832,4.090,7.832,-24.090,25.332,-1.710,0.074,1.712,
18:14:28.745,18.910,-42.000,-20.000,-49.788,4.595,7.788,-24.595,25.799,-1.686,0.139,1.692,
18:14:28.763,18.928,-42.000,-20.000,-49.733,5.156,7.733,-25.156,26.318,-1.712,0.108,1.715,
18:14:28.771,18.936,-42.000,-20.000,-49.707,5.401,7.707,-25.401,26.545,-1.764,0.040,1.765,
18:14:28.787,18.952,-42.000,-20.000,-49.653,5.885,7.653,-25.885,26.992,-1.816,-0.048,1.816,
18:14:28.804,18.969,-42.000,-20.000,-49.591,6.381,7.591,-26.381,27.451,-1.892,-0.168,1.899,
18:14:28.815,18.980,-42.000,-20.000,-49.546,6.721,7.546,-26.721,27.766,-1.975,-0.280,1.995,
18:14:28.831,18.996,-42.000,-14.000,-49.477,7.210,7.477,-21.210,22.490,-0.413,-0.388,0.567,
18:14:28.838,19.003,-42.000,-14.000,-49.445,7.427,7.445,-21.427,22.684,0.408,-0.468,0.621,
18:14:28.854,19.019,-42.000,-14.000,-49.372,7.902,7.372,-21.902,23.110,0.898,-0.538,1.047,
18:14:28.862,19.027,-42.000,-14.000,-49.335,8.125,7.335,-22.125,23.310,1.058,-0.590,1.212,
18:14:28.878,19.043,-42.000,-14.000,-49.253,8.611,7.253,-22.611,23.746,1.004,-0.629,1.185,
18:14:28.895,19.060,-44.000,-16.000,-49.160,9.128,5.160,-25.128,25.653,0.106,-0.095,0.142,
18:14:28.913,19.078,-44.000,-16.000,-49.055,9.673,5.055,-25.673,26.166,-0.769,0.233,0.803,
18:14:28.921,19.086,-44.000,-16.000,-49.008,9.911,5.008,-25.911,26.391,-1.351,0.376,1.402,
18:14:28.937,19.102,-44.000,-16.000,-48.906,10.401,4.906,-26.401,26.853,-1.887,0.441,1.938,
18:14:28.954,19.119,-42.000,-12.000,-48.798,10.895,6.798,-22.895,23.883,-1.226,-0.143,1.234,
18:14:28.961,19.126,-42.000,-12.000,-48.748,11.118,6.748,-23.118,24.083,-0.895,-0.503,1.027,
18:14:28.978,19.143,-42.000,-12.000,-48.631,11.620,6.631,-23.620,24.533,-0.779,-0.768,1.094,
18:14:28.995,19.160,-42.000,-12.000,-48.510,12.115,6.510,-24.115,24.978,-0.830,-0.943,1.256,
18:14:29.014,19.179,-44.000,-10.000,-48.363,12.689,4.363,-22.689,23.105,-0.421,-0.447,0.614,
18:14:29.022,19.187,-44.000,-10.000,-48.301,12.923,4.301,-22.923,23.323,-0.294,-0.177,0.343,
18:14:29.042,19.207,-44.000,-10.000,-48.139,13.514,4.139,-23.514,23.876,-0.375,0.025,0.375,
18:14:29.050,19.215,-44.000,-10.000,-48.071,13.754,4.071,-23.754,24.101,-0.522,0.120,0.536,
18:14:29.067,19.232,-42.000,-10.000,-47.921,14.267,5.921,-24.267,24.979,-0.769,-0.359,0.848,
18:14:29.084,19.249,-42.000,-10.000,-47.768,14.773,5.768,-24.773,25.435,-1.099,-0.692,1.299,
18:14:29.094,19.259,-42.000,-10.000,-47.685,15.036,5.685,-25.036,25.674,-1.361,-0.882,1.622,
18:14:29.110,19.275,-42.000,-10.000,-47.534,15.509,5.534,-25.509,26.103,-1.636,-0.976,1.905,
18:14:29.118,19.283,-42.000,-10.000,-47.457,15.742,5.457,-25.742,26.314,-1.838,-1.013,2.099,
18:14:29.135,19.300,-46.000,-6.000,-47.287,16.248,1.287,-22.248,22.285,-0.968,0.102,0.974,
18:14:29.154,19.319,-46.000,-6.000,-47.095,16.796,1.095,-22.796,22.822,-0.476,0.886,1.006,
18:14:29.163,19.328,-46.000,-6.000,-47.001,17.057,1.001,-23.057,23.079,-0.290,1.272,1.305,
18:14:29.182,19.347,-46.000,-6.000,-46.803,17.593,0.803,-23.593,23.607,-0.300,1.480,1.510,
18:14:29.190,19.355,-46.000,-8.000,-46.712,17.832,0.712,-25.832,25.842,-0.912,1.503,1.758,
18:14:29.206,19.371,-46.000,-8.000,-46.541,18.274,0.541,-26.274,26.279,-1.447,1.433,2.037,
18:14:29.225,19.390,-46.000,-8.000,-46.320,18.826,0.320,-26.826,26.828,-1.952,1.215,2.299,
18:14:29.244,19.409,-44.000,-6.000,-46.094,19.374,2.094,-25.374,25.461,-1.770,0.314,1.798,
18:14:29.264,19.429,-44.000,-6.000,-45.857,19.928,1.857,-25.928,25.995,-1.736,-0.326,1.767,
18:14:29.273,19.438,-44.000,-6.000,-45.750,20.172,1.750,-26.172,26.230,-1.755,-0.652,1.872,
18:14:29.290,19.455,-44.000,-6.000,-45.533,20.657,1.533,-26.657,26.701,-1.807,-0.879,2.009,
18:14:29.299,19.464,-46.000,-4.000,-45.424,20.896,-0.576,-24.896,24.903,-1.381,-0.471,1.460,
18:14:29.316,19.481,-46.000,-4.000,-45.203,21.371,-0.797,-25.371,25.383,-1.115,-0.147,1.125,
18:14:29.335,19.500,-46.000,-4.000,-44.941,21.916,-1.059,-25.916,25.938,-1.048,0.122,1.055,
18:14:29.356,19.521,-46.000,-2.000,-44.657,22.489,-1.343,-24.489,24.525,-0.541,0.324,0.630,
18:14:29.376,19.541,-46.000,-2.000,-44.370,23.051,-1.630,-25.051,25.104,-0.438,0.447,0.626,
18:14:29.396,19.561,-46.000,-2.000,-44.081,23.598,-1.919,-25.598,25.670,-0.596,0.495,0.775,
18:14:29.416,19.581,-48.000,0.000,-43.794,24.126,-4.206,-24.126,24.490,-0.285,1.096,1.133,
18:14:29.435,19.600,-48.000,0.000,-43.508,24.639,-4.492,-24.639,25.045,-0.331,1.372,1.412,
18:14:29.455,19.621,-48.000,0.000,-43.191,25.190,-4.809,-25.190,25.645,-0.606,1.427,1.550,
18:14:29.476,19.641,-46.000,2.000,-42.872,25.729,-3.128,-23.729,23.934,-0.380,0.736,0.828,
18:14:29.497,19.662,-46.000,2.000,-42.536,26.281,-3.464,-24.281,24.527,-0.497,0.256,0.559,
18:14:29.514,19.679,-46.000,2.000,-42.252,26.736,-3.748,-24.736,25.018,-0.754,-0.028,0.754,
18:14:29.523,19.688,-46.000,2.000,-42.112,26.955,-3.888,-24.955,25.257,-0.969,-0.159,0.982,
18:14:29.539,19.704,-46.000,2.000,-41.834,27.384,-4.166,-25.384,25.724,-1.236,-0.238,1.259,
18:14:29.549,19.714,-46.000,2.000,-41.681,27.618,-4.319,-25.618,25.979,-1.463,-0.242,1.482,
18:14:29.565,19.730,-46.000,2.000,-41.404,28.031,-4.596,-26.031,26.433,-1.713,-0.205,1.725,
18:14:29.583,19.748,-46.000,2.000,-41.083,28.498,-4.917,-26.498,26.951,-1.969,-0.103,1.971,
18:14:29.591,19.756,-46.000,2.000,-40.943,28.700,-5.057,-26.700,27.175,-2.136,-0.009,2.136,
18:14:29.609,19.774,-44.000,6.000,-40.632,29.138,-3.368,-23.138,23.381,-1.179,-0.437,1.258,
18:14:29.626,19.791,-44.000,6.000,-40.327,29.559,-3.673,-23.559,23.844,-0.624,-0.635,0.890,
18:14:29.644,19.809,-44.000,6.000,-39.987,30.018,-4.013,-24.018,24.351,-0.403,-0.643,0.758,
18:14:29.653,19.818,-44.000,6.000,-39.832,30.222,-4.168,-24.222,24.578,-0.380,-0.597,0.707,
18:14:29.669,19.834,-44.000,4.000,-39.532,30.614,-4.468,-26.614,26.986,-1.004,-0.467,1.108,
18:14:29.678,19.843,-44.000,4.000,-39.360,30.835,-4.640,-26.835,27.234,-1.476,-0.337,1.514,
18:14:29.696,19.861,-44.000,4.000,-39.003,31.285,-4.997,-27.285,27.739,-1.910,-0.128,1.914,
18:14:29.715,19.881,-44.000,4.000,-38.632,31.742,-5.368,-27.742,28.256,-2.292,0.112,2.294,
18:14:29.734,19.899,-44.000,8.000,-38.261,32.188,-5.739,-24.188,24.860,-1.380,0.336,1.420,
18:14:29.744,19.909,-44.000,8.000,-38.079,32.403,-5.921,-24.403,25.111,-0.947,0.464,1.055,
18:14:29.760,19.925,-44.000,8.000,-37.745,32.792,-6.255,-24.792,25.569,-0.729,0.598,0.942,
18:14:29.769,19.934,-44.000,8.000,-37.573,32.989,-6.427,-24.989,25.802,-0.678,0.668,0.952,
18:14:29.789,19.954,-44.000,10.000,-37.163,33.450,-6.837,-23.450,24.426,-0.176,0.757,0.777,
18:14:29.808,19.973,-44.000,10.000,-36.774,33.877,-7.226,-23.877,24.946,-0.070,0.807,0.810,
18:14:29.826,19.991,-44.000,10.000,-36.387,34.293,-7.613,-24.293,25.458,-0.236,0.828,0.860,
18:14:29.847,20.012,-42.000,10.000,-35.947,34.753,-6.053,-24.753,25.482,-0.577,0.227,0.620,
18:14:29.867,20.032,-42.000,10.000,-35.516,35.194,-6.484,-25.194,26.014,-0.999,-0.085,1.002,
18:14:29.886,20.051,-42.000,10.000,-35.092,35.617,-6.908,-25.617,26.532,-1.417,-0.191,1.430,
18:14:29.906,20.071,-44.000,12.000,-34.663,36.035,-9.337,-24.035,25.784,-1.194,0.431,1.269,
18:14:29.925,20.091,-44.000,12.000,-34.216,36.459,-9.784,-24.459,26.344,-1.198,0.857,1.473,
18:14:29.945,20.110,-44.000,12.000,-33.767,36.876,-10.233,-24.876,26.898,-1.327,1.133,1.745,
18:14:29.964,20.130,-44.000,14.000,-33.328,37.272,-10.672,-23.272,25.602,-0.901,1.300,1.582,
18:14:29.983,20.148,-44.000,14.000,-32.897,37.653,-11.103,-23.653,26.129,-0.782,1.376,1.583,
18:14:29.991,20.156,-44.000,14.000,-32.710,37.816,-11.290,-23.816,26.357,-0.798,1.393,1.605,
18:14:30.007,20.172,-44.000,14.000,-32.335,38.137,-11.665,-24.137,26.808,-0.892,1.383,1.646,
18:14:30.026,20.191,-44.000,18.000,-31.896,38.505,-12.104,-20.505,23.811,0.062,1.336,1.337,
18:14:30.046,20.211,-44.000,18.000,-31.421,38.894,-12.579,-20.894,24.388,0.447,1.265,1.342,
18:14:30.065,20.230,-44.000,18.000,-30.954,39.267,-13.046,-21.267,24.950,0.405,1.194,1.261,
18:14:30.083,20.248,-42.000,18.000,-30.512,39.611,-11.488,-21.611,24.475,0.135,0.547,0.563,
18:14:30.093,20.258,-42.000,18.000,-30.277,39.790,-11.723,-21.790,24.744,-0.144,0.237,0.277,
18:14:30.112,20.277,-42.000,18.000,-29.820,40.135,-12.180,-22.135,25.265,-0.524,0.068,0.529,
18:14:30.121,20.286,-42.000,18.000,-29.586,40.307,-12.414,-22.307,25.529,-0.846,0.037,0.847,
18:14:30.139,20.304,-42.000,20.000,-29.158,40.618,-12.842,-20.618,24.290,-0.657,0.083,0.662,
18:14:30.156,20.321,-42.000,20.000,-28.726,40.924,-13.274,-20.924,24.780,-0.672,0.232,0.711,
18:14:30.173,20.338,-42.000,20.000,-28.279,41.235,-13.721,-21.235,25.282,-0.822,0.442,0.933,
18:14:30.182,20.347,-42.000,20.000,-28.070,41.377,-13.930,-21.377,25.515,-0.958,0.607,1.134,
18:14:30.199,20.364,-40.000,22.000,-27.632,41.671,-12.368,-19.671,23.236,-0.598,0.249,0.648,
18:14:30.210,20.375,-40.000,22.000,-27.359,41.850,-12.641,-19.850,23.534,-0.457,0.093,0.466,
18:14:30.225,20.390,-40.000,22.000,-26.958,42.110,-13.042,-20.110,23.969,-0.465,0.080,0.472,
18:14:30.243,20.408,-40.000,22.000,-26.489,42.407,-13.511,-20.407,24.474,-0.606,0.193,0.636,
18:14:30.251,20.416,-40.000,22.000,-26.290,42.530,-13.710,-20.530,24.687,-0.754,0.309,0.814,
18:14:30.267,20.432,-40.000,24.000,-25.865,42.790,-14.135,-18.790,23.513,-0.409,0.483,0.633,
18:14:30.283,20.448,-40.000,24.000,-25.441,43.044,-14.559,-19.044,23.971,-0.299,0.693,0.754,
18:14:30.291,20.456,-40.000,24.000,-25.237,43.163,-14.763,-19.163,24.190,-0.309,0.846,0.901,
18:14:30.307,20.472,-40.000,24.000,-24.807,43.412,-15.193,-19.412,24.651,-0.423,1.023,1.107,
18:14:30.326,20.491,-38.000,24.000,-24.302,43.697,-13.698,-19.697,23.991,-0.647,0.638,0.909,
18:14:30.344,20.509,-38.000,24.000,-23.829,43.957,-14.171,-19.957,24.477,-0.920,0.466,1.031,
18:14:30.352,20.517,-38.000,24.000,-23.595,44.082,-14.405,-20.082,24.714,-1.124,0.414,1.198,
18:14:30.368,20.533,-38.000,24.000,-23.177,44.304,-14.823,-20.304,25.139,-1.322,0.447,1.396,
18:14:30.385,20.550,-40.000,26.000,-22.721,44.540,-17.279,-18.540,25.343,-0.957,1.117,1.471,
18:14:30.392,20.558,-40.000,26.000,-22.506,44.649,-17.494,-18.649,25.570,-0.790,1.525,1.717,
18:14:30.409,20.574,-40.000,26.000,-22.062,44.869,-17.938,-18.869,26.035,-0.729,1.843,1.982,
18:14:30.417,20.582,-40.000,26.000,-21.821,44.987,-18.179,-18.987,26.287,-0.745,2.036,2.168,
18:14:30.434,20.599,-40.000,26.000,-21.351,45.212,-18.649,-19.212,26.774,-0.819,2.169,2.319,
18:14:30.443,20.608,-36.000,26.000,-21.106,45.327,-14.894,-19.327,24.400,-0.924,1.234,1.541,
18:14:30.460,20.625,-36.000,26.000,-20.628,45.547,-15.372,-19.547,24.867,-1.058,0.537,1.186,
18:14:30.469,20.634,-36.000,26.000,-20.402,45.648,-15.598,-19.648,25.087,-1.185,0.160,1.195,
18:14:30.486,20.652,-36.000,26.000,-19.896,45.871,-16.104,-19.871,25.577,-1.319,-0.054,1.320,
18:14:30.503,20.669,-38.000,28.000,-19.416,46.076,-18.584,-18.076,25.926,-0.892,0.511,1.028,
18:14:30.512,20.677,-38.000,28.000,-19.179,46.175,-18.821,-18.175,26.164,-0.696,0.905,1.141,
18:14:30.531,20.696,-38.000,28.000,-18.634,46.398,-19.366,-18.398,26.712,-0.609,1.272,1.410,
18:14:30.539,20.704,-38.000,28.000,-18.403,46.490,-19.597,-18.490,26.943,-0.624,1.528,1.651,
18:14:30.556,20.721,-38.000,28.000,-17.920,46.679,-20.080,-18.679,27.425,-0.686,1.758,1.887,
18:14:30.573,20.738,-36.000,28.000,-17.431,46.863,-18.569,-18.863,26.470,-0.824,1.369,1.598,
18:14:30.582,20.747,-36.000,28.000,-17.183,46.955,-18.817,-18.955,26.708,-0.962,1.164,1.510,
18:14:30.598,20.763,-36.000,28.000,-16.720,47.122,-19.280,-19.122,27.154,-1.103,1.054,1.526,
18:14:30.616,20.781,-36.000,28.000,-16.185,47.308,-19.815,-19.308,27.667,-1.265,1.037,1.636,
18:14:30.637,20.802,-32.000,32.000,-15.580,47.511,-16.420,-15.511,22.587,-0.226,-0.088,0.243,
18:14:30.653,20.818,-32.000,32.000,-15.111,47.662,-16.889,-15.662,23.033,0.261,-0.582,0.638,
18:14:30.662,20.827,-32.000,32.000,-14.868,47.738,-17.132,-15.738,23.264,0.440,-0.740,0.862,
18:14:30.678,20.843,-32.000,32.000,-14.403,47.881,-17.597,-15.881,23.703,0.459,-0.699,0.837,
18:14:30.694,20.859,-32.000,32.000,-13.911,48.026,-18.089,-16.026,24.167,0.316,-0.462,0.560,
18:14:30.703,20.868,-32.000,32.000,-13.664,48.097,-18.336,-16.097,24.399,0.130,-0.202,0.240,
18:14:30.720,20.885,-32.000,32.000,-13.149,48.240,-18.851,-16.240,24.882,-0.129,0.164,0.209,
18:14:30.728,20.893,-32.000,32.000,-12.907,48.305,-19.093,-16.305,25.108,-0.370,0.476,0.602,
18:14:30.745,20.910,-32.000,32.000,-12.410,48.435,-19.590,-16.435,25.571,-0.646,0.850,1.068,
18:14:30.753,20.918,-30.000,36.000,-12.167,48.497,-17.833,-12.497,21.776,0.111,0.639,0.648,
18:14:30.769,20.934,-30.000,36.000,-11.688,48.615,-18.312,-12.615,22.237,0.574,0.596,0.827,
18:14:30.780,20.945,-30.000,36.000,-11.378,48.688,-18.622,-12.688,22.534,0.767,0.634,0.995,
18:14:30.797,20.962,-30.000,36.000,-10.861,48.806,-19.139,-12.806,23.028,0.741,0.784,1.079,
18:14:30.815,20.980,-30.000,36.000,-10.313,48.925,-19.687,-12.925,23.551,0.514,1.004,1.128,
18:14:30.834,20.999,-30.000,36.000,-9.740,49.042,-20.260,-13.042,24.095,0.158,1.252,1.262,
18:14:30.855,21.020,-30.000,36.000,-9.120,49.161,-20.880,-13.161,24.682,-0.258,1.498,1.520,
18:14:30.875,21.040,-28.000,36.000,-8.521,49.269,-19.479,-13.269,23.569,-0.649,1.107,1.283,
18:14:30.885,21.050,-28.000,36.000,-8.210,49.321,-19.790,-13.321,23.856,-0.893,0.948,1.302,
18:14:30.904,21.069,-28.000,36.000,-7.649,49.411,-20.351,-13.411,24.373,-1.123,0.923,1.453,
18:14:30.913,21.078,-28.000,36.000,-7.380,49.452,-20.620,-13.452,24.620,-1.252,0.958,1.577,
18:14:30.929,21.094,-28.000,36.000,-6.885,49.524,-21.115,-13.524,25.075,-1.360,1.046,1.716,
18:14:30.938,21.104,-28.000,36.000,-6.596,49.563,-21.404,-13.563,25.340,-1.413,1.157,1.827,
18:14:30.956,21.121,-28.000,36.000,-6.054,49.632,-21.946,-13.632,25.835,-1.435,1.307,1.941,
18:14:30.973,21.138,-28.000,36.000,-5.528,49.693,-22.472,-13.693,26.315,-1.415,1.485,2.051,
18:14:30.982,21.147,-28.000,38.000,-5.260,49.723,-22.740,-11.723,25.584,-0.885,1.623,1.849,
18:14:30.999,21.164,-28.000,38.000,-4.743,49.775,-23.257,-11.775,26.068,-0.488,1.756,1.822,
18:14:31.010,21.175,-28.000,38.000,-4.429,49.803,-23.571,-11.803,26.361,-0.277,1.864,1.884,
18:14:31.027,21.192,-28.000,38.000,-3.897,49.848,-24.103,-11.848,26.857,-0.151,1.961,1.967,
18:14:31.043,21.208,-24.000,38.000,-3.400,49.884,-20.600,-11.884,23.782,-0.141,0.922,0.933,
18:14:31.053,21.218,-24.000,38.000,-3.119,49.903,-20.881,-11.903,24.035,-0.194,0.377,0.424,
18:14:31.072,21.237,-24.000,38.000,-2.533,49.936,-21.467,-11.936,24.562,-0.285,0.084,0.297,
18:14:31.080,21.245,-24.000,38.000,-2.277,49.948,-21.723,-11.948,24.793,-0.398,0.023,0.398,
18:14:31.097,21.262,-26.000,38.000,-1.769,49.969,-24.231,-11.969,27.026,-0.518,0.631,0.816,
18:14:31.116,21.281,-26.000,38.000,-1.182,49.986,-24.818,-11.986,27.561,-0.663,1.238,1.404,
18:14:31.134,21.299,-26.000,38.000,-0.609,49.996,-25.391,-11.996,28.082,-0.802,1.763,1.937,
18:14:31.143,21.308,-26.000,38.000,-0.337,49.999,-25.663,-11.999,28.330,-0.897,2.094,2.278,
18:14:31.159,21.324,-22.000,40.000,0.136,50.000,-22.136,-10.000,24.290,-0.433,1.289,1.360,
18:14:31.168,21.333,-22.000,40.000,0.415,49.998,-22.415,-9.998,24.544,-0.177,0.840,0.859,
18:14:31.184,21.349,-22.000,40.000,0.913,49.992,-22.913,-9.992,24.996,-0.026,0.604,0.604,
18:14:31.193,21.358,-22.000,40.000,1.184,49.986,-23.184,-9.986,25.243,0.018,0.534,0.534,
18:14:31.210,21.375,-22.000,40.000,1.715,49.971,-23.715,-9.971,25.726,0.003,0.593,0.593,
18:14:31.219,21.384,-20.000,42.000,1.970,49.961,-21.970,-7.961,23.368,0.426,0.233,0.485,
18:14:31.235,21.400,-20.000,42.000,2.472,49.939,-22.472,-7.939,23.833,0.670,0.093,0.677,
18:14:31.243,21.408,-20.000,42.000,2.731,49.925,-22.731,-7.925,24.073,0.740,0.121,0.750,
18:14:31.259,21.424,-20.000,42.000,3.195,49.898,-23.195,-7.898,24.502,0.699,0.281,0.753,
18:14:31.276,21.441,-20.000,42.000,3.724,49.861,-23.724,-7.861,24.993,0.537,0.582,0.792,
18:14:31.294,21.460,-20.000,42.000,4.297,49.815,-24.297,-7.815,25.523,0.285,0.977,1.018,
18:14:31.304,21.469,-20.000,42.000,4.591,49.789,-24.591,-7.789,25.795,0.076,1.282,1.284,
18:14:31.321,21.486,-20.000,42.000,5.098,49.739,-25.098,-7.739,26.264,-0.147,1.596,1.603,
18:14:31.329,21.494,-20.000,42.000,5.330,49.715,-25.330,-7.715,26.479,-0.305,1.814,1.839,
18:14:31.344,21.509,-18.000,44.000,5.800,49.662,-23.800,-5.662,24.465,0.055,1.510,1.511,
18:14:31.353,21.518,-18.000,44.000,6.066,49.631,-24.066,-5.631,24.716,0.251,1.356,1.379,
18:14:31.370,21.535,-18.000,44.000,6.598,49.563,-24.598,-5.563,25.220,0.327,1.317,1.357,
18:14:31.379,21.544,-18.000,44.000,6.848,49.529,-24.848,-5.529,25.455,0.337,1.338,1.380,
18:14:31.396,21.561,-18.000,44.000,7.367,49.454,-25.367,-5.454,25.947,0.279,1.417,1.444,
18:14:31.412,21.578,-18.000,42.000,7.878,49.376,-25.878,-7.376,26.908,-0.402,1.558,1.609,
18:14:31.420,21.585,-18.000,42.000,8.107,49.338,-26.107,-7.338,27.119,-0.802,1.685,1.866,
18:14:31.439,21.604,-18.000,42.000,8.671,49.242,-26.671,-7.242,27.636,-1.104,1.826,2.134,
18:14:31.455,21.620,-18.000,42.000,9.155,49.155,-27.155,-7.155,28.082,-1.271,1.979,2.352,
18:14:31.474,21.639,-16.000,40.000,9.731,49.044,-25.731,-9.044,27.274,-1.894,1.542,2.442,
18:14:31.484,21.649,-16.000,40.000,10.020,48.986,-26.020,-8.986,27.528,-2.168,1.357,2.558,
18:14:31.502,21.667,-16.000,40.000,10.569,48.870,-26.569,-8.870,28.011,-2.218,1.290,2.566,
18:14:31.512,21.677,-16.000,40.000,10.885,48.801,-26.885,-8.801,28.288,-2.155,1.324,2.529,
18:14:31.530,21.695,-14.000,44.000,11.423,48.678,-25.423,-4.678,25.850,-0.836,0.859,1.199,
18:14:31.542,21.707,-14.000,44.000,11.750,48.600,-25.750,-4.600,26.158,-0.001,0.687,0.687,
18:14:31.560,21.725,-14.000,44.000,12.296,48.465,-26.296,-4.465,26.672,0.629,0.695,0.938,
18:14:31.568,21.733,-14.000,44.000,12.549,48.400,-26.549,-4.400,26.911,0.932,0.806,1.232,
18:14:31.585,21.750,-12.000,44.000,13.040,48.270,-25.040,-4.270,25.401,1.135,0.450,1.221,
18:14:31.604,21.769,-12.000,44.000,13.616,48.110,-25.616,-4.110,25.944,1.139,0.411,1.211,
18:14:31.613,21.778,-12.000,44.000,13.857,48.041,-25.857,-4.041,26.171,1.028,0.508,1.147,
18:14:31.629,21.794,-12.000,44.000,14.345,47.898,-26.345,-3.898,26.632,0.865,0.717,1.124,
18:14:31.637,21.802,-12.000,44.000,14.584,47.826,-26.584,-3.826,26.858,0.690,0.939,1.165,
18:14:31.656,21.821,-8.000,44.000,15.148,47.650,-23.148,-3.650,23.434,0.455,0.147,0.478,
18:14:31.675,21.840,-8.000,44.000,15.702,47.471,-23.702,-3.471,23.954,0.186,-0.148,0.238,
18:14:31.694,21.859,-8.000,44.000,16.238,47.290,-24.238,-3.290,24.460,-0.054,-0.069,0.087,
18:14:31.701,21.866,-8.000,44.000,16.451,47.216,-24.451,-3.216,24.662,-0.189,0.082,0.206,
18:14:31.717,21.882,-6.000,46.000,16.895,47.059,-22.895,-1.059,22.920,0.218,-0.181,0.283,
18:14:31.734,21.899,-6.000,46.000,17.403,46.874,-23.403,-0.874,23.419,0.468,-0.118,0.483,
18:14:31.744,21.909,-6.000,46.000,17.672,46.773,-23.672,-0.773,23.684,0.587,0.058,0.589,
18:14:31.760,21.925,-6.000,46.000,18.137,46.595,-24.137,-0.595,24.144,0.621,0.377,0.726,
18:14:31.768,21.933,-6.000,46.000,18.374,46.502,-24.374,-0.502,24.379,0.610,0.665,0.902,
18:14:31.783,21.949,-4.000,46.000,18.812,46.326,-22.812,-0.326,22.815,0.555,0.497,0.745,
18:14:31.792,21.957,-4.000,46.000,19.052,46.228,-23.052,-0.228,23.053,0.492,0.477,0.685,
18:14:31.808,21.973,-4.000,46.000,19.499,46.041,-23.499,-0.041,23.500,0.402,0.617,0.737,
18:14:31.824,21.989,-4.000,46.000,19.949,45.848,-23.949,0.152,23.950,0.297,0.871,0.920,
18:14:31.833,21.998,-4.000,46.000,20.193,45.741,-24.193,0.259,24.194,0.220,1.089,1.111,
18:14:31.850,22.015,-2.000,46.000,20.683,45.522,-22.683,0.478,22.688,0.136,0.828,0.839,
18:14:31.859,22.024,-2.000,46.000,20.929,45.409,-22.929,0.591,22.937,0.083,0.740,0.745,
18:14:31.878,22.043,-2.000,46.000,21.440,45.170,-23.440,0.830,23.454,0.033,0.816,0.817,
18:14:31.894,22.059,-2.000,46.000,21.896,44.951,-23.896,1.049,23.919,0.006,0.996,0.996,
18:14:31.902,22.067,-2.000,46.000,22.109,44.846,-24.109,1.154,24.136,-0.002,1.157,1.157,
18:14:31.918,22.083,-0.000,44.000,22.553,44.625,-22.553,-0.625,22.562,-0.528,0.830,0.984,
18:14:31.934,22.099,-0.000,44.000,22.992,44.400,-22.992,-0.400,22.995,-0.842,0.726,1.112,
18:14:31.942,22.107,-0.000,44.000,23.205,44.289,-23.205,-0.289,23.207,-0.986,0.736,1.230,
18:14:31.957,22.122,-0.000,44.000,23.614,44.072,-23.614,-0.072,23.614,-1.019,0.841,1.321,
18:14:31.975,22.140,-0.000,44.000,24.092,43.813,-24.092,0.187,24.093,-0.939,1.045,1.405,
18:14:31.994,22.159,-0.000,44.000,24.596,43.532,-24.596,0.468,24.601,-0.762,1.314,1.519,
18:14:32.002,22.167,-0.000,44.000,24.809,43.411,-24.809,0.589,24.816,-0.621,1.517,1.639,
18:14:32.018,22.183,-0.000,44.000,25.247,43.158,-25.247,0.842,25.261,-0.430,1.720,1.773,
18:14:32.036,22.201,2.000,46.000,25.728,42.873,-23.728,3.127,23.933,0.357,1.357,1.404,
18:14:32.053,22.218,2.000,46.000,26.172,42.603,-24.172,3.397,24.410,0.876,1.207,1.492,
18:14:32.062,22.227,2.000,46.000,26.392,42.467,-24.392,3.533,24.646,1.131,1.178,1.634,
18:14:32.078,22.243,2.000,46.000,26.822,42.197,-24.822,3.803,25.111,1.300,1.219,1.782,
18:14:32.097,22.262,2.000,44.000,27.310,41.883,-25.310,2.117,25.399,0.757,1.351,1.549,
18:14:32.115,22.280,2.000,44.000,27.754,41.590,-25.754,2.410,25.866,0.356,1.531,1.572,
18:14:32.133,22.298,2.000,44.000,28.217,41.277,-26.217,2.723,26.358,0.084,1.724,1.726,
18:14:32.141,22.306,2.000,44.000,28.421,41.137,-26.421,2.863,26.576,-0.062,1.872,1.873,
18:14:32.157,22.322,4.000,46.000,28.818,40.860,-24.818,5.140,25.345,0.381,1.466,1.514,
18:14:32.175,22.340,4.000,46.000,29.265,40.541,-25.265,5.459,25.848,0.697,1.254,1.434,
18:14:32.183,22.349,4.000,46.000,29.483,40.383,-25.483,5.617,26.095,0.875,1.197,1.482,
18:14:32.201,22.366,4.000,46.000,29.922,40.058,-25.922,5.942,26.594,0.983,1.218,1.565,
18:14:32.211,22.376,4.000,44.000,30.147,39.889,-26.147,4.111,26.468,0.522,1.308,1.408,
18:14:32.226,22.391,4.000,44.000,30.536,39.593,-26.536,4.407,26.899,0.185,1.429,1.441,
18:14:32.244,22.409,4.000,44.000,30.953,39.267,-26.953,4.733,27.365,-0.031,1.604,1.604,
18:14:32.252,22.417,4.000,44.000,31.156,39.106,-27.156,4.894,27.594,-0.135,1.763,1.768,
18:14:32.269,22.434,8.000,46.000,31.568,38.775,-23.568,7.225,24.650,0.375,0.825,0.906,
18:14:32.285,22.450,8.000,46.000,31.943,38.466,-23.943,7.534,25.101,0.746,0.318,0.811,
18:14:32.305,22.470,8.000,46.000,32.411,38.073,-24.411,7.927,25.666,1.006,0.162,1.019,
18:14:32.323,22.488,8.000,46.000,32.837,37.705,-24.837,8.295,26.186,1.156,0.269,1.187,
18:14:32.332,22.497,8.000,46.000,33.025,37.541,-25.025,8.459,26.416,1.215,0.444,1.293,
18:14:32.350,22.515,8.000,46.000,33.452,37.161,-25.452,8.839,26.943,1.231,0.712,1.422,
18:14:32.360,22.525,8.000,46.000,33.668,36.966,-25.668,9.034,27.211,1.211,0.986,1.562,
18:14:32.376,22.541,8.000,46.000,34.042,36.622,-26.042,9.378,27.679,1.164,1.298,1.743,
18:14:32.394,22.559,10.000,44.000,34.434,36.253,-24.434,7.747,25.633,0.524,1.065,1.187,
18:14:32.402,22.567,10.000,44.000,34.615,36.080,-24.615,7.920,25.858,0.175,1.001,1.017,
18:14:32.419,22.584,10.000,44.000,34.991,35.716,-24.991,8.284,26.329,-0.056,1.057,1.058,
18:14:32.428,22.593,10.000,44.000,35.188,35.522,-25.188,8.478,26.577,-0.149,1.158,1.168,
18:14:32.444,22.609,10.000,44.000,35.530,35.180,-25.530,8.820,27.011,-0.169,1.309,1.320,
18:14:32.453,22.618,12.000,44.000,35.720,34.987,-23.720,9.013,25.375,-0.118,0.973,0.980,
18:14:32.469,22.634,12.000,44.000,36.073,34.622,-24.073,9.378,25.835,-0.010,0.806,0.806,
18:14:32.478,22.643,12.000,44.000,36.257,34.430,-24.257,9.570,26.076,0.114,0.784,0.792,
18:14:32.494,22.659,12.000,44.000,36.585,34.082,-24.585,9.918,26.510,0.272,0.859,0.901,
18:14:32.502,22.667,12.000,44.000,36.758,33.894,-24.758,10.106,26.741,0.408,0.981,1.062,
18:14:32.519,22.684,16.000,46.000,37.103,33.516,-21.103,12.484,24.519,1.107,0.090,1.111,
18:14:32.528,22.693,16.000,46.000,37.289,33.309,-21.289,12.691,24.785,1.548,-0.351,1.587,
18:14:32.545,22.710,16.000,46.000,37.635,32.919,-21.635,13.081,25.282,1.873,-0.509,1.941,
18:14:32.563,22.728,16.000,46.000,37.993,32.504,-21.993,13.496,25.803,2.046,-0.370,2.079,
18:14:32.571,22.736,16.000,46.000,38.152,32.317,-22.152,13.683,26.037,2.096,-0.157,2.102,
18:14:32.588,22.753,20.000,44.000,38.500,31.902,-18.500,12.098,22.105,1.521,-0.900,1.768,
18:14:32.606,22.771,20.000,44.000,38.836,31.492,-18.836,12.508,22.611,1.076,-1.115,1.550,
18:14:32.625,22.790,20.000,44.000,39.216,31.018,-19.216,12.982,23.191,0.759,-0.904,1.180,
18:14:32.645,22.810,18.000,42.000,39.583,30.548,-21.583,11.452,24.433,-0.016,0.150,0.151,
18:14:32.662,22.827,18.000,42.000,39.903,30.129,-21.903,11.871,24.913,-0.380,0.985,1.056,
18:14:32.670,22.835,18.000,42.000,40.049,29.935,-22.049,12.065,25.134,-0.491,1.482,1.561,
18:14:32.687,22.852,18.000,42.000,40.363,29.510,-22.363,12.490,25.614,-0.476,1.947,2.004,
18:14:32.704,22.870,20.000,40.000,40.672,29.082,-20.672,10.918,23.378,-0.860,1.731,1.932,
18:14:32.715,22.880,20.000,40.000,40.850,28.832,-20.850,11.168,23.653,-0.955,1.609,1.871,
18:14:32.732,22.897,20.000,40.000,41.154,28.396,-21.154,11.604,24.128,-0.835,1.559,1.769,
18:14:32.740,22.905,20.000,40.000,41.301,28.182,-21.301,11.818,24.360,-0.658,1.539,1.674,
18:14:32.757,22.922,20.000,40.000,41.588,27.757,-21.588,12.243,24.818,-0.360,1.538,1.580,
18:14:32.774,22.939,22.000,40.000,41.880,27.314,-19.880,12.686,23.583,0.031,1.000,1.001,
18:14:32.783,22.948,22.000,40.000,42.025,27.090,-20.025,12.910,23.826,0.318,0.742,0.807,
18:14:32.799,22.964,22.000,40.000,42.281,26.689,-20.281,13.311,24.259,0.635,0.608,0.879,
18:14:32.814,22.979,22.000,40.000,42.536,26.281,-20.536,13.719,24.696,0.930,0.608,1.111,
18:14:32.822,22.987,22.000,40.000,42.659,26.081,-20.659,13.919,24.911,1.115,0.674,1.303,
18:14:32.839,23.004,22.000,38.000,42.929,25.635,-20.929,12.365,24.309,0.784,0.781,1.107,
18:14:32.849,23.014,22.000,38.000,43.078,25.383,-21.078,12.617,24.566,0.593,0.928,1.101,
18:14:32.865,23.030,22.000,38.000,43.336,24.940,-21.336,13.060,25.016,0.528,1.099,1.220,
18:14:32.885,23.050,22.000,38.000,43.636,24.410,-21.636,13.590,25.550,0.563,1.314,1.430,
18:14:32.902,23.068,26.000,38.000,43.896,23.940,-17.896,14.060,22.759,0.659,0.358,0.750,
18:14:32.911,23.076,26.000,38.000,44.023,23.707,-18.023,14.293,23.003,0.745,-0.084,0.750,
18:14:32.927,23.092,26.000,38.000,44.254,23.272,-18.254,14.728,23.455,0.860,-0.284,0.906,
18:14:32.946,23.111,26.000,38.000,44.514,22.770,-18.514,15.230,23.973,1.002,-0.241,1.030,
18:14:32.966,23.131,26.000,38.000,44.796,22.211,-18.796,15.789,24.547,1.153,0.018,1.153,
18:14:32.985,23.150,26.000,38.000,45.061,21.668,-19.061,16.332,25.101,1.288,0.391,1.346,
18:14:33.004,23.169,26.000,38.000,45.304,21.155,-19.304,16.845,25.620,1.394,0.778,1.597,
18:14:33.012,23.178,26.000,38.000,45.414,20.917,-19.414,17.083,25.860,1.460,1.039,1.792,
18:14:33.028,23.193,26.000,36.000,45.616,20.474,-19.616,15.526,25.017,0.975,1.292,1.619,
18:14:33.045,23.210,26.000,36.000,45.827,19.998,-19.827,16.002,25.478,0.685,1.523,1.670,
18:14:33.064,23.229,26.000,36.000,46.053,19.472,-20.053,16.528,25.986,0.567,1.711,1.802,
18:14:33.072,23.237,26.000,36.000,46.149,19.242,-20.149,16.758,26.207,0.555,1.818,1.901,
18:14:33.088,23.253,28.000,36.000,46.341,18.775,-18.341,17.225,25.161,0.606,1.345,1.476,
18:14:33.107,23.272,28.000,36.000,46.554,18.242,-18.554,17.758,25.682,0.748,1.036,1.278,
18:14:33.124,23.289,28.000,36.000,46.745,17.745,-18.745,18.255,26.166,0.937,0.887,1.290,
18:14:33.133,23.298,28.000,36.000,46.837,17.500,-18.837,18.500,26.402,1.086,0.849,1.379,
18:14:33.149,23.314,28.000,34.000,47.005,17.044,-19.005,16.956,25.470,0.706,0.848,1.103,
18:14:33.165,23.330,28.000,34.000,47.172,16.578,-19.172,17.422,25.905,0.532,0.915,1.058,
18:14:33.173,23.338,28.000,34.000,47.250,16.354,-19.250,17.646,26.114,0.487,1.005,1.117,
18:14:33.190,23.355,28.000,34.000,47.416,15.865,-19.416,18.135,26.568,0.543,1.097,1.224,
18:14:33.197,23.362,28.000,34.000,47.490,15.644,-19.490,18.356,26.773,0.631,1.201,1.357,
18:14:33.214,23.379,32.000,32.000,47.648,15.156,-15.648,16.844,22.991,0.246,0.228,0.336,
18:14:33.222,23.387,32.000,32.000,47.722,14.921,-15.722,17.079,23.213,0.085,-0.293,0.305,
18:14:33.240,23.405,32.000,32.000,47.879,14.409,-15.879,17.591,23.697,0.088,-0.587,0.594,
18:14:33.257,23.422,32.000,32.000,48.028,13.905,-16.028,18.095,24.173,0.249,-0.606,0.655,
18:14:33.274,23.439,32.000,34.000,48.168,13.412,-16.168,20.588,26.177,1.073,-0.421,1.152,
18:14:33.284,23.449,32.000,34.000,48.245,13.132,-16.245,20.868,26.446,1.595,-0.197,1.607,
18:14:33.302,23.467,32.000,34.000,48.395,12.568,-16.395,21.432,26.984,2.035,0.127,2.039,
18:14:33.311,23.476,32.000,34.000,48.461,12.309,-16.461,21.691,27.230,2.289,0.404,2.325,
18:14:33.327,23.492,32.000,32.000,48.580,11.831,-16.580,20.169,26.109,1.944,0.706,2.068,
18:14:33.346,23.511,32.000,32.000,48.711,11.282,-16.711,20.718,26.618,1.694,1.021,1.978,
18:14:33.365,23.530,32.000,32.000,48.842,10.699,-16.842,21.301,27.154,1.538,1.298,2.013,
18:14:33.383,23.548,34.000,30.000,48.959,10.148,-14.959,19.852,24.857,0.873,0.910,1.261,
18:14:33.392,23.557,34.000,30.000,49.011,9.897,-15.011,20.103,25.089,0.578,0.730,0.931,
18:14:33.408,23.574,34.000,30.000,49.111,9.388,-15.111,20.612,25.558,0.434,0.647,0.779,
18:14:33.426,23.592,34.000,30.000,49.212,8.842,-15.212,21.158,26.059,0.470,0.647,0.800,
18:14:33.444,23.609,36.000,28.000,49.303,8.320,-13.303,19.680,23.755,0.065,0.134,0.149,
18:14:33.453,23.618,36.000,28.000,49.348,8.047,-13.348,19.953,24.006,-0.050,-0.085,0.099,
18:14:33.470,23.635,36.000,28.000,49.428,7.544,-13.428,20.456,24.469,0.013,-0.158,0.159,
18:14:33.478,23.643,36.000,28.000,49.466,7.288,-13.466,20.712,24.705,0.156,-0.125,0.200,
18:14:33.493,23.658,36.000,28.000,49.532,6.822,-13.532,21.178,25.133,0.389,-0.023,0.390,
18:14:33.502,23.667,38.000,28.000,49.567,6.566,-11.567,21.434,24.356,0.622,-0.373,0.725,
18:14:33.520,23.685,38.000,28.000,49.635,6.028,-11.635,21.972,24.863,0.937,-0.533,1.078,
18:14:33.528,23.693,38.000,28.000,49.666,5.771,-11.666,22.229,25.104,1.192,-0.535,1.306,
18:14:33.546,23.711,38.000,28.000,49.727,5.215,-11.727,22.785,25.626,1.490,-0.397,1.542,
18:14:33.566,23.731,38.000,26.000,49.786,4.618,-11.786,21.382,24.415,1.200,-0.119,1.206,
18:14:33.584,23.749,38.000,26.000,49.836,4.044,-11.836,21.956,24.943,1.115,0.207,1.134,
18:14:33.605,23.770,38.000,26.000,49.883,3.414,-11.883,22.586,25.521,1.175,0.538,1.292,
18:14:33.624,23.789,38.000,28.000,49.920,2.834,-11.920,25.166,27.846,1.896,0.812,2.062,
18:14:33.633,23.798,38.000,28.000,49.935,2.555,-11.935,25.445,28.105,2.295,0.970,2.492,
18:14:33.650,23.815,38.000,28.000,49.959,2.025,-11.959,25.975,28.596,2.571,1.105,2.799,
18:14:33.660,23.825,38.000,28.000,49.970,1.719,-11.970,26.281,28.878,2.734,1.181,2.978,
18:14:33.676,23.841,38.000,28.000,49.985,1.235,-11.985,26.765,29.325,2.823,1.229,3.079,
18:14:33.695,23.860,38.000,22.000,49.996,0.645,-11.996,21.355,24.493,1.083,1.236,1.643,
18:14:33.715,23.880,38.000,22.000,50.000,0.046,-12.000,21.954,25.020,0.041,1.203,1.204,
18:14:33.724,23.889,38.000,22.000,49.999,-0.228,-11.999,22.228,25.260,-0.398,1.180,1.245,
18:14:33.741,23.906,38.000,22.000,49.994,-0.747,-11.994,22.747,25.715,-0.570,1.123,1.259,
18:14:33.749,23.914,42.000,22.000,49.990,-1.015,-7.990,23.015,24.362,-0.511,0.102,0.521,
18:14:33.766,23.931,42.000,22.000,49.977,-1.532,-7.977,23.532,24.847,-0.296,-0.643,0.708,
18:14:33.783,23.948,42.000,22.000,49.958,-2.060,-7.958,24.060,25.342,0.119,-1.046,1.053,
18:14:33.792,23.957,42.000,22.000,49.946,-2.320,-7.946,24.320,25.585,0.487,-1.179,1.276,
18:14:33.810,23.975,42.000,18.000,49.918,-2.865,-7.918,20.865,22.316,-0.168,-1.159,1.171,
18:14:33.819,23.984,42.000,18.000,49.901,-3.139,-7.901,21.139,22.567,-0.429,-1.022,1.108,
18:14:33.836,24.001,42.000,18.000,49.866,-3.660,-7.866,21.660,23.044,-0.392,-0.788,0.880,
18:14:33.855,24.020,42.000,18.000,49.819,-4.250,-7.819,22.250,23.584,-0.083,-0.434,0.442,
18:14:33.875,24.040,42.000,18.000,49.763,-4.865,-7.763,22.865,24.147,0.405,-0.039,0.407,
18:14:33.893,24.058,42.000,18.000,49.705,-5.425,-7.705,23.425,24.659,0.920,0.305,0.969,
18:14:33.903,24.068,42.000,18.000,49.674,-5.704,-7.674,23.704,24.915,1.266,0.511,1.365,
18:14:33.920,24.085,42.000,18.000,49.611,-6.222,-7.611,24.222,25.389,1.632,0.698,1.775,
18:14:33.929,24.094,44.000,14.000,49.576,-6.501,-5.576,20.501,21.246,0.884,0.306,0.936,
18:14:33.944,24.109,44.000,14.000,49.513,-6.964,-5.513,20.964,21.676,0.452,0.054,0.456,
18:14:33.966,24.131,44.000,14.000,49.416,-7.617,-5.416,21.617,22.285,0.329,-0.081,0.339,
18:14:33.983,24.148,42.000,16.000,49.334,-8.133,-7.334,24.133,25.223,0.995,0.462,1.098,
18:14:33.990,24.155,42.000,16.000,49.298,-8.351,-7.298,24.351,25.421,1.404,0.758,1.595,
18:14:34.006,24.171,42.000,16.000,49.215,-8.827,-7.215,24.827,25.854,1.761,0.954,2.003,
18:14:34.023,24.188,42.000,16.000,49.120,-9.338,-7.120,25.338,26.320,2.077,1.061,2.332,
18:14:34.031,24.196,42.000,16.000,49.071,-9.594,-7.071,25.594,26.552,2.284,1.109,2.539,
18:14:34.049,24.214,44.000,14.000,48.961,-10.138,-4.961,24.138,24.642,1.903,0.540,1.979,
18:14:34.059,24.225,44.000,14.000,48.898,-10.440,-4.898,24.440,24.925,1.689,0.185,1.699,
18:14:34.076,24.241,44.000,14.000,48.792,-10.923,-4.792,24.923,25.379,1.571,-0.074,1.573,
18:14:34.094,24.259,44.000,14.000,48.667,-11.470,-4.667,25.470,25.894,1.540,-0.231,1.557,
18:14:34.102,24.267,44.000,14.000,48.606,-11.726,-4.606,25.726,26.135,1.572,-0.277,1.597,
18:14:34.118,24.283,44.000,10.000,48.493,-12.185,-4.493,22.185,22.635,0.562,-0.287,0.631,
18:14:34.137,24.302,44.000,10.000,48.346,-12.754,-4.346,22.754,23.165,-0.015,-0.232,0.232,
18:14:34.154,24.319,44.000,10.000,48.211,-13.254,-4.211,23.254,23.632,-0.177,-0.133,0.222,
18:14:34.163,24.329,44.000,10.000,48.132,-13.540,-4.132,23.540,23.900,-0.135,-0.043,0.142,
18:14:34.181,24.346,44.000,10.000,47.984,-14.053,-3.984,24.053,24.381,0.069,0.050,0.085,
18:14:34.191,24.356,44.000,10.000,47.901,-14.335,-3.901,24.335,24.646,0.335,0.128,0.359,
18:14:34.209,24.374,44.000,10.000,47.739,-14.865,-3.739,24.865,25.144,0.708,0.202,0.736,
18:14:34.218,24.383,44.000,10.000,47.651,-15.145,-3.651,25.145,25.409,1.040,0.256,1.071,
18:14:34.234,24.399,46.000,10.000,47.501,-15.608,-1.501,25.608,25.652,1.398,-0.241,1.419,
18:14:34.243,24.408,46.000,10.000,47.418,-15.861,-1.418,25.861,25.900,1.671,-0.524,1.752,
18:14:34.261,24.426,46.000,10.000,47.237,-16.392,-1.237,26.392,26.421,1.971,-0.695,2.090,
18:14:34.270,24.435,46.000,10.000,47.149,-16.642,-1.149,26.642,26.667,2.173,-0.755,2.300,
18:14:34.287,24.452,46.000,10.000,46.975,-17.129,-0.975,27.129,27.146,2.357,-0.748,2.473,
18:14:34.304,24.469,46.000,8.000,46.793,-17.618,-0.793,25.618,25.631,1.930,-0.660,2.040,
18:14:34.313,24.478,46.000,8.000,46.695,-17.876,-0.695,25.876,25.885,1.706,-0.563,1.796,
18:14:34.330,24.495,46.000,8.000,46.502,-18.372,-0.502,26.372,26.377,1.574,-0.436,1.633,
18:14:34.338,24.503,46.000,8.000,46.408,-18.608,-0.408,26.608,26.612,1.542,-0.334,1.578,
18:14:34.357,24.522,46.000,8.000,46.198,-19.124,-0.198,27.124,27.125,1.549,-0.211,1.563,
18:14:34.373,24.539,46.000,6.000,45.996,-19.605,0.004,25.605,25.605,1.073,-0.100,1.078,
18:14:34.381,24.546,46.000,6.000,45.910,-19.805,0.090,25.805,25.806,0.885,-0.037,0.886,
18:14:34.398,24.563,46.000,6.000,45.698,-20.289,0.302,26.289,26.291,0.818,0.022,0.818,
18:14:34.415,24.580,46.000,6.000,45.483,-20.767,0.517,26.767,26.772,0.918,0.056,0.920,
18:14:34.433,24.598,44.000,4.000,45.256,-21.258,-1.256,25.258,25.289,0.559,0.640,0.850,
18:14:34.442,24.607,44.000,4.000,45.136,-21.512,-1.136,25.512,25.537,0.471,0.933,1.045,
18:14:34.458,24.623,44.000,4.000,44.919,-21.961,-0.919,25.961,25.978,0.542,1.070,1.200,
18:14:34.475,24.640,44.000,4.000,44.689,-22.425,-0.689,26.425,26.434,0.764,1.065,1.311,
18:14:34.493,24.658,42.000,0.000,44.435,-22.925,-2.435,22.925,23.054,-0.064,1.516,1.517,
18:14:34.501,24.666,42.000,0.000,44.319,-23.148,-2.319,23.148,23.264,-0.389,1.690,1.735,
18:14:34.518,24.683,42.000,0.000,44.074,-23.612,-2.074,23.612,23.703,-0.419,1.660,1.712,
18:14:34.528,24.693,42.000,0.000,43.941,-23.857,-1.941,23.857,23.936,-0.292,1.562,1.589,
18:14:34.544,24.709,42.000,0.000,43.692,-24.311,-1.692,24.311,24.370,0.004,1.333,1.333,
18:14:34.562,24.727,46.000,-2.000,43.425,-24.785,2.575,22.785,22.930,-0.106,-0.129,0.166,
18:14:34.570,24.735,46.000,-2.000,43.303,-24.997,2.697,22.997,23.154,-0.045,-0.946,0.947,
18:14:34.588,24.753,46.000,-2.000,43.031,-25.462,2.969,23.462,23.649,0.213,-1.576,1.590,
18:14:34.605,24.770,46.000,-2.000,42.755,-25.922,3.245,23.922,24.141,0.608,-1.919,2.013,
18:14:34.625,24.790,46.000,-4.000,42.434,-26.445,3.566,22.445,22.726,0.496,-1.993,2.054,
18:14:34.642,24.807,46.000,-4.000,42.151,-26.893,3.849,22.893,23.215,0.618,-1.863,1.963,
18:14:34.650,24.815,46.000,-4.000,42.021,-27.097,3.979,23.097,23.438,0.753,-1.705,1.864,
18:14:34.667,24.832,46.000,-4.000,41.735,-27.535,4.265,23.535,23.919,0.989,-1.480,1.780,
18:14:34.684,24.849,48.000,-2.000,41.449,-27.964,6.551,25.964,26.778,1.836,-1.758,2.542,
18:14:34.693,24.858,48.000,-2.000,41.294,-28.192,6.706,26.192,27.037,2.355,-1.851,2.995,
18:14:34.709,24.874,48.000,-2.000,41.008,-28.607,6.992,26.607,27.510,2.752,-1.786,3.281,
18:14:34.718,24.883,48.000,-2.000,40.855,-28.824,7.145,26.824,27.760,2.978,-1.693,3.426,
18:14:34.734,24.900,48.000,-2.000,40.566,-29.230,7.434,27.230,28.226,3.118,-1.509,3.464,
18:14:34.743,24.908,46.000,-4.000,40.413,-29.442,5.587,25.442,26.048,2.675,-0.868,2.812,
18:14:34.760,24.925,46.000,-4.000,40.098,-29.869,5.902,25.869,26.534,2.288,-0.300,2.308,
18:14:34.769,24.934,46.000,-4.000,39.945,-30.073,6.055,26.073,26.767,2.057,0.019,2.057,
18:14:34.787,24.952,46.000,-4.000,39.609,-30.515,6.391,26.515,27.274,1.848,0.273,1.868,
18:14:34.806,24.971,44.000,-6.000,39.248,-30.977,4.752,24.977,25.425,1.147,0.949,1.488,
18:14:34.827,24.992,44.000,-6.000,38.841,-31.486,5.159,25.486,26.003,0.790,1.215,1.449,
18:14:34.844,25.009,44.000,-6.000,38.506,-31.894,5.494,25.894,26.471,0.722,1.183,1.386,
18:14:34.854,25.019,44.000,-6.000,38.324,-32.113,5.676,26.113,26.723,0.782,1.065,1.322,
18:14:34.871,25.036,46.000,-8.000,37.981,-32.518,8.019,24.518,25.796,0.361,0.286,0.461,
18:14:34.880,25.045,46.000,-8.000,37.803,-32.726,8.197,24.726,26.049,0.239,-0.239,0.339,
18:14:34.897,25.062,46.000,-8.000,37.450,-33.128,8.550,25.128,26.543,0.289,-0.720,0.776,
18:14:34.918,25.083,46.000,-8.000,37.029,-33.599,8.971,25.599,27.125,0.561,-1.121,1.254,
18:14:34.937,25.102,44.000,-10.000,36.630,-34.033,7.370,24.033,25.138,0.354,-0.768,0.845,
18:14:34.957,25.122,44.000,-10.000,36.214,-34.475,7.786,24.475,25.684,0.463,-0.572,0.735,
18:14:34.975,25.140,44.000,-10.000,35.824,-34.880,8.176,24.880,26.189,0.734,-0.479,0.876,
18:14:34.993,25.158,44.000,-12.000,35.438,-35.272,8.562,23.272,24.797,0.480,-0.447,0.656,
18:14:35.002,25.167,44.000,-12.000,35.257,-35.454,8.743,23.454,25.031,0.440,-0.445,0.625,
18:14:35.018,25.183,44.000,-12.000,34.891,-35.813,9.109,23.813,25.496,0.555,-0.475,0.731,
18:14:35.035,25.200,44.000,-12.000,34.518,-36.173,9.482,24.173,25.966,0.795,-0.536,0.959,
18:14:35.054,25.219,44.000,-14.000,34.089,-36.578,9.911,22.578,24.657,0.534,-0.620,0.819,
18:14:35.062,25.227,44.000,-14.000,33.926,-36.729,10.074,22.729,24.861,0.479,-0.681,0.832,
18:14:35.076,25.241,44.000,-14.000,33.589,-37.038,10.411,23.038,25.281,0.554,-0.746,0.929,
18:14:35.093,25.258,44.000,-14.000,33.215,-37.373,10.785,23.373,25.741,0.750,-0.816,1.108,
18:14:35.100,25.265,44.000,-14.000,33.056,-37.514,10.944,23.514,25.936,0.927,-0.866,1.268,
18:14:35.116,25.281,44.000,-14.000,32.670,-37.850,11.330,23.850,26.405,1.156,-0.920,1.478,
18:14:35.135,25.300,44.000,-14.000,32.248,-38.211,11.752,24.211,26.913,1.437,-0.976,1.737,
18:14:35.142,25.307,44.000,-14.000,32.074,-38.357,11.926,24.357,27.120,1.637,-1.012,1.925,
18:14:35.160,25.325,44.000,-14.000,31.655,-38.704,12.345,24.704,27.617,1.836,-1.046,2.113,
18:14:35.168,25.333,44.000,-14.000,31.460,-38.862,12.540,24.862,27.845,1.980,-1.073,2.252,
18:14:35.184,25.350,42.000,-18.000,31.064,-39.180,10.936,21.180,23.837,1.032,-0.559,1.174,
18:14:35.193,25.358,42.000,-18.000,30.858,-39.342,11.142,21.342,24.075,0.502,-0.271,0.571,
18:14:35.209,25.374,42.000,-18.000,30.465,-39.647,11.535,21.647,24.529,0.192,-0.103,0.218,
18:14:35.218,25.383,42.000,-18.000,30.263,-39.802,11.737,21.802,24.760,0.093,-0.050,0.106,
18:14:35.236,25.401,42.000,-18.000,29.821,-40.133,12.179,22.133,25.263,0.132,-0.082,0.156,
18:14:35.255,25.420,44.000,-20.000,29.337,-40.489,14.663,20.489,25.195,-0.205,-0.815,0.841,
18:14:35.276,25.441,44.000,-20.000,28.822,-40.857,15.178,20.857,25.796,-0.153,-1.367,1.376,
18:14:35.294,25.459,44.000,-20.000,28.351,-41.185,15.649,21.185,26.338,0.122,-1.716,1.721,
18:14:35.303,25.468,44.000,-20.000,28.139,-41.330,15.861,21.330,26.581,0.367,-1.889,1.924,
18:14:35.322,25.487,42.000,-22.000,27.660,-41.652,14.340,19.652,24.328,0.144,-1.439,1.447,
18:14:35.331,25.496,42.000,-22.000,27.419,-41.812,14.581,19.812,24.599,0.121,-1.165,1.171,
18:14:35.350,25.515,42.000,-22.000,26.935,-42.125,15.065,20.125,25.139,0.287,-0.974,1.016,
18:14:35.359,25.524,42.000,-22.000,26.698,-42.275,15.302,20.275,25.401,0.472,-0.880,0.998,
18:14:35.380,25.545,40.000,-24.000,26.163,-42.609,13.837,18.609,23.189,0.200,-0.254,0.324,
18:14:35.388,25.553,40.000,-24.000,25.962,-42.731,14.038,18.731,23.408,0.133,0.024,0.135,
18:14:35.403,25.568,40.000,-24.000,25.554,-42.976,14.446,18.976,23.849,0.212,0.152,0.261,
18:14:35.411,25.576,40.000,-24.000,25.355,-43.095,14.645,19.095,24.064,0.329,0.153,0.363,
18:14:35.427,25.592,40.000,-24.000,24.928,-43.343,15.072,19.343,24.522,0.533,0.061,0.537,
18:14:35.444,25.609,38.000,-24.000,24.473,-43.601,13.527,19.601,23.816,0.810,0.407,0.906,
18:14:35.453,25.618,38.000,-24.000,24.240,-43.731,13.760,19.731,24.055,1.030,0.508,1.148,
18:14:35.470,25.635,38.000,-24.000,23.767,-43.990,14.233,19.990,24.540,1.272,0.420,1.339,
18:14:35.479,25.644,38.000,-24.000,23.531,-44.117,14.469,20.117,24.780,1.448,0.268,1.472,
18:14:35.495,25.660,38.000,-24.000,23.099,-44.344,14.901,20.344,25.218,1.614,0.016,1.614,
18:14:35.513,25.678,36.000,-26.000,22.607,-44.597,13.393,18.597,22.918,1.189,0.233,1.211,
18:14:35.522,25.687,36.000,-26.000,22.372,-44.716,13.628,18.716,23.152,0.974,0.274,1.012,
18:14:35.538,25.704,36.000,-26.000,21.912,-44.943,14.088,18.943,23.608,0.859,0.142,0.871,
18:14:35.547,25.712,36.000,-26.000,21.669,-45.060,14.331,19.060,23.847,0.836,-0.010,0.836,
18:14:35.565,25.730,36.000,-26.000,21.168,-45.298,14.832,19.298,24.339,0.862,-0.280,0.906,
18:14:35.583,25.748,36.000,-26.000,20.675,-45.525,15.325,19.525,24.821,0.965,-0.603,1.138,
18:14:35.591,25.756,36.000,-26.000,20.460,-45.622,15.540,19.622,25.030,1.076,-0.818,1.352,
18:14:35.607,25.772,36.000,-26.000,19.996,-45.827,16.004,19.827,25.480,1.187,-1.064,1.594,
18:14:35.624,25.789,36.000,-26.000,19.520,-46.032,16.480,20.032,25.940,1.318,-1.292,1.846,
18:14:35.634,25.799,36.000,-26.000,19.265,-46.140,16.735,20.140,26.185,1.430,-1.434,2.025,
18:14:35.652,25.817,36.000,-26.000,18.754,-46.350,17.246,20.350,26.674,1.524,-1.573,2.190,
18:14:35.660,25.825,36.000,-26.000,18.507,-46.449,17.493,20.449,26.911,1.607,-1.650,2.303,
18:14:35.675,25.840,36.000,-26.000,18.079,-46.617,17.921,20.617,27.317,1.663,-1.711,2.386,
18:14:35.694,25.860,36.000,-26.000,17.526,-46.828,18.474,20.828,27.840,1.704,-1.746,2.440,
18:14:35.703,25.868,36.000,-26.000,17.298,-46.913,18.702,20.913,28.055,1.750,-1.763,2.484,
18:14:35.721,25.886,34.000,-32.000,16.761,-47.107,17.239,15.107,22.922,0.088,-1.200,1.204,
18:14:35.729,25.894,34.000,-32.000,16.523,-47.191,17.477,15.191,23.157,-0.794,-0.899,1.199,
18:14:35.748,25.913,34.000,-32.000,15.992,-47.373,18.008,15.373,23.677,-1.328,-0.704,1.503,
18:14:35.764,25.929,34.000,-32.000,15.500,-47.537,18.500,15.537,24.159,-1.447,-0.652,1.587,
18:14:35.775,25.940,34.000,-30.000,15.212,-47.630,18.788,17.630,25.764,-0.820,-0.690,1.071,
18:14:35.793,25.958,34.000,-30.000,14.679,-47.797,19.321,17.797,26.269,-0.164,-0.791,0.807,
18:14:35.801,25.966,34.000,-30.000,14.435,-47.871,19.565,17.871,26.498,0.336,-0.916,0.976,
18:14:35.818,25.983,34.000,-30.000,13.934,-48.019,20.066,18.019,26.969,0.834,-1.070,1.357,
18:14:35.834,25.999,32.000,-32.000,13.456,-48.155,18.544,16.155,24.594,0.719,-0.697,1.001,
18:14:35.842,26.008,32.000,-32.000,13.214,-48.222,18.786,16.222,24.821,0.692,-0.541,0.878,
18:14:35.859,26.024,32.000,-32.000,12.722,-48.354,19.278,16.354,25.281,0.755,-0.514,0.914,
18:14:35.868,26.033,32.000,-32.000,12.472,-48.420,19.528,16.420,25.514,0.824,-0.566,1.000,
18:14:35.884,26.049,32.000,-32.000,11.970,-48.546,20.030,16.546,25.980,0.933,-0.697,1.165,
18:14:35.902,26.068,32.000,-34.000,11.427,-48.677,20.573,14.677,25.271,0.498,-0.919,1.045,
18:14:35.911,26.076,32.000,-34.000,11.187,-48.732,20.813,14.732,25.500,0.300,-1.102,1.142,
18:14:35.927,26.092,32.000,-34.000,10.700,-48.842,21.300,14.842,25.961,0.224,-1.303,1.322,
18:14:35.944,26.109,32.000,-34.000,10.185,-48.952,21.815,14.952,26.447,0.270,-1.516,1.540,
18:14:35.952,26.117,32.000,-34.000,9.950,-49.000,22.050,15.000,26.669,0.357,-1.664,1.702,
18:14:35.969,26.134,30.000,-34.000,9.444,-49.100,20.556,15.100,25.506,0.488,-1.269,1.359,
18:14:35.978,26.143,30.000,-34.000,9.173,-49.151,20.827,15.151,25.755,0.624,-1.063,1.233,
18:14:35.994,26.159,30.000,-34.000,8.694,-49.238,21.306,15.238,26.194,0.778,-0.971,1.244,
18:14:36.002,26.167,30.000,-34.000,8.432,-49.284,21.568,15.284,26.435,0.911,-0.965,1.327,
18:14:36.019,26.184,30.000,-34.000,7.928,-49.367,22.072,15.367,26.895,1.044,-1.022,1.462,
18:14:36.035,26.200,28.000,-38.000,7.430,-49.445,20.570,11.445,23.539,0.055,-0.601,0.603,
18:14:36.054,26.219,28.000,-38.000,6.853,-49.528,21.147,11.528,24.085,-0.512,-0.457,0.686,
18:14:36.072,26.237,28.000,-38.000,6.307,-49.601,21.693,11.601,24.600,-0.713,-0.526,0.886,
18:14:36.080,26.245,28.000,-38.000,6.065,-49.631,21.935,11.631,24.828,-0.732,-0.642,0.974,
18:14:36.098,26.263,26.000,-38.000,5.530,-49.693,20.470,11.693,23.574,-0.624,-0.290,0.688,
18:14:36.115,26.280,26.000,-38.000,5.004,-49.749,20.996,11.749,24.060,-0.372,-0.225,0.434,
18:14:36.135,26.300,26.000,-38.000,4.389,-49.807,21.611,11.807,24.626,-0.017,-0.394,0.394,
18:14:36.152,26.317,24.000,-38.000,3.856,-49.851,20.144,11.851,23.372,0.332,-0.087,0.343,
18:14:36.160,26.325,24.000,-38.000,3.614,-49.869,20.386,11.869,23.590,0.556,-0.019,0.557,
18:14:36.176,26.341,24.000,-38.000,3.131,-49.902,20.869,11.902,24.024,0.776,-0.121,0.785,
18:14:36.194,26.359,24.000,-38.000,2.589,-49.933,21.411,11.933,24.512,0.972,-0.386,1.046,
18:14:36.202,26.367,24.000,-38.000,2.342,-49.945,21.658,11.945,24.734,1.085,-0.622,1.250,
18:14:36.219,26.384,22.000,-40.000,1.823,-49.967,20.177,9.967,22.504,0.632,-0.390,0.742,
18:14:36.228,26.393,22.000,-40.000,1.545,-49.976,20.455,9.976,22.758,0.368,-0.335,0.498,
18:14:36.245,26.410,22.000,-40.000,1.038,-49.989,20.962,9.989,23.220,0.207,-0.447,0.493,
18:14:36.253,26.418,22.000,-40.000,0.779,-49.994,21.221,9.994,23.457,0.142,-0.589,0.606,
18:14:36.269,26.434,22.000,-40.000,0.287,-49.999,21.713,9.999,23.905,0.128,-0.817,0.827,
18:14:36.286,26.451,20.000,-40.000,-0.246,-49.999,20.246,9.999,22.581,0.187,-0.550,0.581,
18:14:36.303,26.468,20.000,-40.000,-0.766,-49.994,20.766,9.994,23.046,0.294,-0.523,0.600,
18:14:36.311,26.476,20.000,-40.000,-1.013,-49.990,21.013,9.990,23.267,0.390,-0.577,0.697,
18:14:36.328,26.493,20.000,-40.000,-1.525,-49.977,21.525,9.977,23.725,0.489,-0.738,0.885,
18:14:36.345,26.510,20.000,-40.000,-2.035,-49.959,22.035,9.959,24.180,0.596,-0.977,1.144,
18:14:36.353,26.518,20.000,-40.000,-2.296,-49.947,22.296,9.947,24.414,0.677,-1.173,1.354,
18:14:36.370,26.535,20.000,-40.000,-2.809,-49.921,22.809,9.921,24.873,0.744,-1.403,1.589,
18:14:36.378,26.543,20.000,-40.000,-3.045,-49.907,23.045,9.907,25.085,0.796,-1.576,1.765,
18:14:36.394,26.559,20.000,-40.000,-3.539,-49.875,23.539,9.875,25.526,0.829,-1.760,1.946,
18:14:36.402,26.567,20.000,-42.000,-3.779,-49.857,23.779,7.857,25.043,0.378,-1.895,1.933,
18:14:36.418,26.583,20.000,-42.000,-4.273,-49.817,24.273,7.817,25.500,0.038,-2.027,2.028,
18:14:36.437,26.602,20.000,-42.000,-4.844,-49.765,24.844,7.765,26.029,-0.154,-2.145,2.150,
18:14:36.454,26.619,20.000,-42.000,-5.374,-49.710,25.374,7.710,26.520,-0.207,-2.225,2.235,
18:14:36.463,26.628,18.000,-42.000,-5.637,-49.681,23.637,7.681,24.854,-0.183,-1.773,1.782,
18:14:36.482,26.647,18.000,-42.000,-6.242,-49.609,24.242,7.609,25.408,-0.108,-1.444,1.448,
18:14:36.491,26.656,18.000,-42.000,-6.502,-49.575,24.502,7.575,25.646,-0.007,-1.309,1.309,
18:14:36.508,26.673,18.000,-42.000,-7.020,-49.505,25.020,7.505,26.122,0.113,-1.246,1.251,
18:14:36.524,26.689,16.000,-44.000,-7.516,-49.432,23.516,5.432,24.135,-0.307,-0.731,0.792,
18:14:36.533,26.698,16.000,-44.000,-7.772,-49.392,23.772,5.392,24.376,-0.503,-0.520,0.723,
18:14:36.548,26.713,16.000,-44.000,-8.243,-49.316,24.243,5.316,24.819,-0.578,-0.459,0.738,
18:14:36.565,26.730,16.000,-44.000,-8.751,-49.228,24.751,5.228,25.297,-0.533,-0.573,0.783,
18:14:36.583,26.748,16.000,-42.000,-9.284,-49.131,25.284,7.131,26.270,0.167,-0.812,0.829,
18:14:36.591,26.756,16.000,-42.000,-9.535,-49.082,25.535,7.082,26.499,0.585,-1.040,1.193,
18:14:36.608,26.773,16.000,-42.000,-10.058,-48.978,26.058,6.978,26.976,0.901,-1.307,1.587,
18:14:36.624,26.789,16.000,-42.000,-10.536,-48.877,26.536,6.877,27.413,1.098,-1.597,1.938,
18:14:36.643,26.808,14.000,-44.000,-11.091,-48.754,25.091,4.754,25.538,0.604,-1.309,1.442,
18:14:36.651,26.816,14.000,-44.000,-11.339,-48.697,25.339,4.697,25.771,0.322,-1.211,1.253,
18:14:36.669,26.834,14.000,-44.000,-11.863,-48.572,25.863,4.572,26.264,0.109,-1.228,1.233,
18:14:36.678,26.843,14.000,-44.000,-12.130,-48.506,26.130,4.506,26.515,-0.007,-1.303,1.303,
18:14:36.695,26.860,14.000,-44.000,-12.652,-48.373,26.652,4.373,27.008,-0.094,-1.436,1.439,
18:14:36.713,26.878,12.000,-44.000,-13.191,-48.228,25.191,4.228,25.544,-0.116,-1.058,1.065,
18:14:36.721,26.886,12.000,-44.000,-13.402,-48.170,25.402,4.170,25.742,-0.093,-0.924,0.929,
18:14:36.737,26.902,12.000,-44.000,-13.902,-48.029,25.902,4.029,26.213,-0.063,-0.916,0.919,
18:14:36.754,26.919,12.000,-44.000,-14.384,-47.886,26.384,3.886,26.669,-0.005,-1.043,1.043,
18:14:36.762,26.927,12.000,-44.000,-14.630,-47.812,26.630,3.812,26.901,0.051,-1.192,1.193,
18:14:36.779,26.944,10.000,-44.000,-15.106,-47.664,25.106,3.664,25.371,0.104,-0.847,0.853,
18:14:36.788,26.953,10.000,-44.000,-15.365,-47.580,25.365,3.580,25.617,0.152,-0.725,0.741,
18:14:36.804,26.969,10.000,-44.000,-15.828,-47.429,25.828,3.429,26.054,0.193,-0.748,0.772,
18:14:36.811,26.976,10.000,-44.000,-16.056,-47.352,26.056,3.352,26.270,0.226,-0.847,0.876,
18:14:36.827,26.992,10.000,-44.000,-16.509,-47.196,26.509,3.196,26.701,0.247,-1.021,1.050,
18:14:36.843,27.008,8.000,-46.000,-16.983,-47.027,24.983,1.027,25.004,-0.292,-0.727,0.784,
18:14:36.851,27.016,8.000,-46.000,-17.203,-46.947,25.203,0.947,25.221,-0.585,-0.643,0.869,
18:14:36.869,27.034,8.000,-46.000,-17.709,-46.759,25.709,0.759,25.721,-0.771,-0.712,1.049,
18:14:36.884,27.049,8.000,-46.000,-18.161,-46.585,26.161,0.585,26.167,-0.830,-0.912,1.233,
18:14:36.894,27.059,8.000,-46.000,-18.418,-46.484,26.418,0.484,26.423,-0.816,-1.116,1.383,
18:14:36.909,27.074,6.000,-46.000,-18.854,-46.309,24.854,0.309,24.856,-0.750,-0.832,1.120,
18:14:36.926,27.091,6.000,-46.000,-19.341,-46.108,25.341,0.108,25.341,-0.629,-0.782,1.003,
18:14:36.944,27.109,6.000,-46.000,-19.846,-45.893,25.846,-0.107,25.846,-0.474,-0.913,1.029,
18:14:36.952,27.117,6.000,-46.000,-20.075,-45.793,26.075,-0.207,26.076,-0.362,-1.063,1.123,
18:14:36.969,27.134,2.000,-46.000,-20.567,-45.574,22.567,-0.426,22.571,-0.240,-0.192,0.307,
18:14:36.985,27.150,2.000,-46.000,-20.995,-45.378,22.995,-0.622,23.004,-0.136,0.205,0.246,
18:14:37.002,27.167,2.000,-46.000,-21.458,-45.162,23.458,-0.838,23.472,-0.055,0.252,0.258,
18:14:37.009,27.174,2.000,-46.000,-21.657,-45.066,23.657,-0.934,23.676,-0.015,0.166,0.167,
18:14:37.024,27.189,0.000,-46.000,-22.084,-44.859,22.084,-1.141,22.113,0.017,0.473,0.473,
18:14:37.042,27.207,0.000,-46.000,-22.579,-44.611,22.579,-1.389,22.622,0.027,0.428,0.429,
18:14:37.050,27.215,0.000,-46.000,-22.789,-44.505,22.789,-1.495,22.838,0.022,0.266,0.267,
18:14:37.065,27.230,0.000,-46.000,-23.208,-44.287,23.208,-1.713,23.271,0.004,-0.036,0.037,
18:14:37.082,27.247,0.000,-46.000,-23.669,-44.043,23.669,-1.957,23.749,-0.031,-0.478,0.479,
18:14:37.091,27.256,0.000,-46.000,-23.901,-43.917,23.901,-2.083,23.992,-0.062,-0.833,0.835,
18:14:37.106,27.271,0.000,-46.000,-24.302,-43.697,24.302,-2.303,24.411,-0.102,-1.217,1.221,
18:14:37.126,27.291,0.000,-46.000,-24.828,-43.400,24.828,-2.600,24.963,-0.157,-1.653,1.660,
18:14:37.143,27.308,-2.000,-48.000,-25.294,-43.130,23.294,-4.870,23.797,-0.788,-1.432,1.635,
18:14:37.152,27.317,-2.000,-48.000,-25.518,-42.998,23.518,-5.002,24.044,-1.113,-1.347,1.747,
18:14:37.169,27.334,-2.000,-48.000,-25.985,-42.717,23.985,-5.283,24.560,-1.311,-1.372,1.898,
18:14:37.178,27.343,-2.000,-48.000,-26.211,-42.579,24.211,-5.421,24.811,-1.383,-1.424,1.985,
18:14:37.194,27.359,-2.000,-48.000,-26.639,-42.313,24.639,-5.687,25.287,-1.384,-1.517,2.053,
18:14:37.213,27.378,-4.000,-48.000,-27.121,-42.006,23.121,-5.994,23.885,-1.288,-1.083,1.682,
18:14:37.221,27.386,-4.000,-48.000,-27.328,-41.871,23.328,-6.129,24.120,-1.189,-0.903,1.493,
18:14:37.238,27.403,-4.000,-48.000,-27.758,-41.587,23.758,-6.413,24.609,-1.053,-0.851,1.354,
18:14:37.256,27.421,-4.000,-48.000,-28.214,-41.279,24.214,-6.721,25.130,-0.893,-0.939,1.296,
18:14:37.274,27.439,-6.000,-46.000,-28.672,-40.962,22.672,-5.038,23.225,-0.162,-0.545,0.569,
18:14:37.283,27.448,-6.000,-46.000,-28.885,-40.812,22.885,-5.188,23.466,0.214,-0.425,0.476,
18:14:37.300,27.465,-6.000,-46.000,-29.313,-40.506,23.313,-5.494,23.951,0.457,-0.461,0.649,
18:14:37.308,27.473,-6.000,-46.000,-29.512,-40.361,23.512,-5.639,24.179,0.545,-0.575,0.792,
18:14:37.324,27.489,-6.000,-46.000,-29.906,-40.070,23.906,-5.930,24.631,0.557,-0.765,0.946,
18:14:37.333,27.498,-6.000,-48.000,-30.122,-39.908,24.122,-8.092,25.443,0.003,-0.971,0.971,
18:14:37.350,27.515,-6.000,-48.000,-30.538,-39.591,24.538,-8.409,25.938,-0.478,-1.230,1.320,
18:14:37.358,27.523,-6.000,-48.000,-30.744,-39.431,24.744,-8.569,26.186,-0.800,-1.452,1.658,
18:14:37.378,27.543,-6.000,-48.000,-31.210,-39.064,25.210,-8.936,26.747,-1.074,-1.707,2.017,
18:14:37.393,27.558,-8.000,-44.000,-31.585,-38.761,23.585,-5.239,24.159,-0.121,-1.375,1.380,
18:14:37.402,27.567,-8.000,-44.000,-31.793,-38.590,23.793,-5.410,24.400,0.408,-1.227,1.294,
18:14:37.421,27.586,-8.000,-44.000,-32.237,-38.220,24.237,-5.780,24.917,0.711,-1.192,1.388,
18:14:37.430,27.595,-8.000,-44.000,-32.436,-38.051,24.436,-5.949,25.150,0.829,-1.230,1.483,
18:14:37.446,27.611,-8.000,-44.000,-32.820,-37.720,24.820,-6.280,25.602,0.818,-1.311,1.546,
18:14:37.462,27.627,-10.000,-42.000,-33.193,-37.393,23.193,-4.607,23.647,1.222,-0.896,1.515,
18:14:37.471,27.636,-10.000,-42.000,-33.391,-37.216,23.391,-4.784,23.875,1.363,-0.727,1.545,
18:14:37.488,27.653,-10.000,-42.000,-33.767,-36.875,23.767,-5.125,24.314,1.298,-0.692,1.471,
18:14:37.504,27.669,-10.000,-42.000,-34.129,-36.541,24.129,-5.459,24.739,1.068,-0.796,1.332,
18:14:37.512,27.678,-10.000,-42.000,-34.324,-36.358,24.324,-5.642,24.969,0.847,-0.940,1.265,
18:14:37.529,27.694,-12.000,-42.000,-34.697,-36.001,22.697,-5.999,23.477,0.519,-0.595,0.789,
18:14:37.538,27.703,-12.000,-42.000,-34.888,-35.817,22.888,-6.183,23.708,0.265,-0.477,0.546,
18:14:37.554,27.719,-12.000,-42.000,-35.229,-35.481,23.229,-6.519,24.127,-0.043,-0.502,0.504,
18:14:37.562,27.727,-12.000,-42.000,-35.401,-35.309,23.401,-6.691,24.339,-0.250,-0.602,0.651,
18:14:37.577,27.742,-12.000,-42.000,-35.744,-34.963,23.744,-7.037,24.765,-0.497,-0.779,0.924,
18:14:37.595,27.760,-14.000,-42.000,-36.113,-34.581,22.113,-7.419,23.325,-0.723,-0.489,0.873,
18:14:37.604,27.769,-14.000,-42.000,-36.298,-34.387,22.298,-7.613,23.562,-0.840,-0.413,0.936,
18:14:37.620,27.785,-14.000,-42.000,-36.637,-34.025,22.637,-7.975,24.001,-0.956,-0.482,1.071,
18:14:37.628,27.793,-14.000,-42.000,-36.811,-33.837,22.811,-8.163,24.227,-1.004,-0.608,1.174,
18:14:37.644,27.809,-14.000,-42.000,-37.138,-33.478,23.138,-8.522,24.657,-1.049,-0.808,1.324,
18:14:37.652,27.817,-16.000,-42.000,-37.308,-33.288,21.308,-8.712,23.020,-1.056,-0.524,1.179,
18:14:37.669,27.834,-16.000,-42.000,-37.649,-32.902,21.649,-9.098,23.483,-1.057,-0.422,1.138,
18:14:37.678,27.843,-16.000,-42.000,-37.824,-32.701,21.824,-9.299,23.722,-1.040,-0.449,1.133,
18:14:37.694,27.859,-16.000,-42.000,-38.140,-32.331,22.140,-9.669,24.160,-1.017,-0.587,1.174,
18:14:37.702,27.867,-16.000,-42.000,-38.303,-32.138,22.303,-9.862,24.386,-0.995,-0.750,1.245,
18:14:37.717,27.882,-14.000,-42.000,-38.602,-31.779,24.602,-10.221,26.641,-0.968,-1.488,1.775,
18:14:37.734,27.899,-14.000,-42.000,-38.923,-31.385,24.923,-10.615,27.089,-0.941,-2.094,2.296,
18:14:37.743,27.908,-14.000,-42.000,-39.100,-31.164,25.100,-10.836,27.339,-0.929,-2.476,2.644,
18:14:37.759,27.924,-14.000,-42.000,-39.396,-30.789,25.396,-11.211,27.760,-0.916,-2.745,2.894,
18:14:37.768,27.933,-14.000,-42.000,-39.559,-30.579,25.559,-11.421,27.995,-0.918,-2.890,3.032,
18:14:37.785,27.950,-18.000,-42.000,-39.878,-30.162,21.878,-11.838,24.875,-0.919,-1.873,2.086,
18:14:37.803,27.968,-18.000,-42.000,-40.214,-29.712,22.214,-12.288,25.387,-0.934,-1.146,1.478,
18:14:37.811,27.976,-18.000,-42.000,-40.362,-29.511,22.362,-12.489,25.613,-0.959,-0.785,1.239,
18:14:37.828,27.993,-18.000,-42.000,-40.657,-29.104,22.657,-12.896,26.070,-0.981,-0.556,1.128,
18:14:37.844,28.010,-16.000,-42.000,-40.957,-28.679,24.957,-13.321,28.290,-1.014,-1.074,1.477,
18:14:37.853,28.018,-16.000,-42.000,-41.100,-28.474,25.100,-13.526,28.512,-1.049,-1.451,1.790,
18:14:37.870,28.035,-16.000,-42.000,-41.393,-28.047,25.393,-13.953,28.974,-1.080,-1.754,2.060,
18:14:37.878,28.043,-16.000,-42.000,-41.542,-27.825,25.542,-14.175,29.212,-1.115,-1.992,2.283,
18:14:37.895,28.060,-16.000,-42.000,-41.833,-27.387,25.833,-14.613,29.680,-1.147,-2.181,2.464,
18:14:37.915,28.080,-20.000,-40.000,-42.168,-26.867,22.168,-13.133,25.766,-0.602,-1.149,1.297,
18:14:37.933,28.098,-20.000,-40.000,-42.449,-26.421,22.449,-13.579,26.236,-0.328,-0.593,0.678,
18:14:37.941,28.106,-20.000,-40.000,-42.585,-26.202,22.585,-13.798,26.466,-0.231,-0.371,0.437,
18:14:37.957,28.122,-20.000,-40.000,-42.845,-25.774,22.845,-14.226,26.913,-0.224,-0.290,0.367,
18:14:37.973,28.139,-22.000,-42.000,-43.098,-25.349,21.098,-16.651,26.877,-0.874,0.167,0.890,
18:14:37.981,28.146,-22.000,-42.000,-43.217,-25.145,21.217,-16.855,27.098,-1.284,0.316,1.322,
18:14:37.999,28.164,-22.000,-42.000,-43.494,-24.663,21.494,-17.337,27.615,-1.619,0.279,1.643,
18:14:38.009,28.175,-22.000,-42.000,-43.644,-24.396,21.644,-17.604,27.899,-1.837,0.099,1.839,
18:14:38.025,28.190,-22.000,-42.000,-43.876,-23.977,21.876,-18.023,28.344,-1.990,-0.178,1.998,
18:14:38.044,28.209,-24.000,-40.000,-44.155,-23.459,20.155,-16.541,26.074,-1.486,-0.010,1.486,
18:14:38.052,28.217,-24.000,-40.000,-44.270,-23.242,20.270,-16.758,26.300,-1.208,-0.028,1.209,
18:14:38.068,28.233,-24.000,-40.000,-44.499,-22.801,20.499,-17.199,26.758,-1.017,-0.192,1.035,
18:14:38.085,28.250,-24.000,-40.000,-44.723,-22.357,20.723,-17.643,27.217,-0.919,-0.467,1.031,
18:14:38.093,28.258,-24.000,-40.000,-44.842,-22.119,20.842,-17.881,27.461,-0.898,-0.706,1.142,
18:14:38.109,28.275,-28.000,-38.000,-45.059,-21.673,17.059,-16.327,23.613,-0.377,0.084,0.386,
18:14:38.118,28.283,-28.000,-38.000,-45.172,-21.435,17.172,-16.565,23.859,-0.129,0.476,0.493,
18:14:38.134,28.299,-28.000,-38.000,-45.382,-20.987,17.382,-17.013,24.323,-0.029,0.602,0.603,
18:14:38.143,28.308,-28.000,-38.000,-45.490,-20.752,17.490,-17.248,24.564,-0.055,0.570,0.573,
18:14:38.158,28.323,-28.000,-38.000,-45.684,-20.321,17.684,-17.679,25.006,-0.169,0.390,0.425,
18:14:38.175,28.340,-28.000,-34.000,-45.895,-19.842,17.895,-14.158,22.818,0.718,0.058,0.721,
18:14:38.194,28.359,-28.000,-34.000,-46.115,-19.323,18.115,-14.677,23.314,1.082,-0.366,1.143,
18:14:38.202,28.367,-28.000,-34.000,-46.210,-19.096,18.210,-14.904,23.531,1.149,-0.671,1.330,
18:14:38.220,28.385,-28.000,-34.000,-46.419,-18.583,18.419,-15.417,24.020,0.969,-1.012,1.402,
18:14:38.231,28.396,-32.000,-34.000,-46.542,-18.272,14.542,-15.728,21.420,0.688,-0.242,0.729,
18:14:38.247,28.412,-32.000,-34.000,-46.722,-17.806,14.722,-16.194,21.886,0.282,0.189,0.339,
