timestamp,elapsed_time,ball_x,ball_y,target_x,target_y,error_x,error_y,error_magnitude,controller_rx,controller_ry,tilt_magnitude,loop_time_ms
18:18:34.360,0.001,4.400,0.000,0.000,0.000,4.400,0.000,4.400,-0.801,-0.316,0.861,
18:18:34.373,0.015,4.400,0.000,0.000,0.000,4.400,0.000,4.400,-0.597,-0.147,0.614,
18:18:34.386,0.028,4.400,0.000,0.000,0.000,4.400,0.000,4.400,-0.445,-0.044,0.447,
18:18:34.401,0.042,6.600,0.000,0.000,0.000,6.600,0.000,6.600,-0.337,-0.284,0.441,
18:18:34.408,0.049,6.600,0.000,0.000,0.000,6.600,0.000,6.600,-0.256,-0.609,0.660,
18:18:34.422,0.063,6.600,0.000,0.000,0.000,6.600,0.000,6.600,-0.200,-0.744,0.771,
18:18:34.429,0.070,6.600,0.000,0.000,0.000,6.600,0.000,6.600,-0.182,-0.909,0.928,
18:18:34.442,0.084,6.600,0.000,0.000,0.000,6.600,0.000,6.600,-0.158,-0.984,0.997,
18:18:34.451,0.092,6.600,0.000,0.000,0.000,6.600,0.000,6.600,-0.168,-1.054,1.067,
18:18:34.464,0.106,4.400,-2.200,0.000,0.000,4.400,-2.200,4.919,-0.437,-0.819,0.928,
18:18:34.480,0.122,4.400,-2.200,0.000,0.000,4.400,-2.200,4.919,-0.654,-0.630,0.908,
18:18:34.487,0.129,4.400,-2.200,0.000,0.000,4.400,-2.200,4.919,-0.920,-0.413,1.009,
18:18:34.501,0.143,4.400,-2.200,0.000,0.000,4.400,-2.200,4.919,-1.031,-0.312,1.077,
18:18:34.508,0.150,4.400,-2.200,0.000,0.000,4.400,-2.200,4.919,-1.127,-0.235,1.151,
18:18:34.523,0.165,4.400,-0.000,0.000,0.000,4.400,-0.000,4.400,-0.910,-0.192,0.930,
18:18:34.539,0.181,4.400,-0.000,0.000,0.000,4.400,-0.000,4.400,-0.708,-0.181,0.731,
18:18:34.547,0.188,4.400,-0.000,0.000,0.000,4.400,-0.000,4.400,-0.469,-0.218,0.517,
18:18:34.560,0.202,4.400,-0.000,0.000,0.000,4.400,-0.000,4.400,-0.343,-0.233,0.415,
18:18:34.568,0.210,4.400,-0.000,0.000,0.000,4.400,-0.000,4.400,-0.232,-0.283,0.366,
18:18:34.581,0.223,4.400,0.000,0.000,0.000,4.400,0.000,4.400,-0.165,-0.309,0.351,
18:18:34.588,0.229,4.400,0.000,0.000,0.000,4.400,0.000,4.400,-0.127,-0.370,0.391,
18:18:34.604,0.245,4.400,0.000,0.000,0.000,4.400,0.000,4.400,-0.095,-0.394,0.405,
18:18:34.619,0.261,4.400,0.000,0.000,0.000,4.400,0.000,4.400,-0.089,-0.429,0.438,
18:18:34.626,0.268,4.400,0.000,0.000,0.000,4.400,0.000,4.400,-0.125,-0.485,0.501,
18:18:34.640,0.282,4.400,-2.200,0.000,0.000,4.400,-2.200,4.919,-0.408,-0.514,0.656,
18:18:34.648,0.290,4.400,-2.200,0.000,0.000,4.400,-2.200,4.919,-0.732,-0.550,0.915,
18:18:34.662,0.304,4.400,-2.200,0.000,0.000,4.400,-2.200,4.919,-0.893,-0.572,1.060,
18:18:34.670,0.311,4.400,-2.200,0.000,0.000,4.400,-2.200,4.919,-1.053,-0.599,1.212,
18:18:34.684,0.326,4.400,-2.200,0.000,0.000,4.400,-2.200,4.919,-1.128,-0.614,1.284,
18:18:34.701,0.342,4.400,0.000,0.000,0.000,4.400,0.000,4.400,-0.897,-0.628,1.095,
18:18:34.708,0.350,4.400,0.000,0.000,0.000,4.400,0.000,4.400,-0.579,-0.644,0.866,
18:18:34.722,0.364,4.400,0.000,0.000,0.000,4.400,0.000,4.400,-0.427,-0.652,0.779,
18:18:34.730,0.371,4.400,0.000,0.000,0.000,4.400,0.000,4.400,-0.269,-0.661,0.713,
18:18:34.743,0.385,4.400,0.000,0.000,0.000,4.400,0.000,4.400,-0.183,-0.666,0.691,
18:18:34.750,0.392,4.400,0.000,0.000,0.000,4.400,0.000,4.400,-0.116,-0.672,0.681,
18:18:34.764,0.405,4.400,-0.000,0.000,0.000,4.400,-0.000,4.400,-0.075,-0.675,0.679,
18:18:34.778,0.419,4.400,-0.000,0.000,0.000,4.400,-0.000,4.400,-0.058,-0.678,0.680,
18:18:34.786,0.428,4.400,-0.000,0.000,0.000,4.400,-0.000,4.400,-0.071,-0.682,0.686,
18:18:34.800,0.442,4.400,-0.000,0.000,0.000,4.400,-0.000,4.400,-0.077,-0.684,0.688,
18:18:34.809,0.450,4.400,-0.000,0.000,0.000,4.400,-0.000,4.400,-0.109,-0.688,0.697,
18:18:34.823,0.464,4.400,-2.200,0.000,0.000,4.400,-2.200,4.919,-0.397,-0.690,0.796,
18:18:34.829,0.471,4.400,-2.200,0.000,0.000,4.400,-2.200,4.919,-0.769,-0.697,1.037,
18:18:34.843,0.485,4.400,-2.200,0.000,0.000,4.400,-2.200,4.919,-0.933,-0.698,1.165,
18:18:34.850,0.492,4.400,-2.200,0.000,0.000,4.400,-2.200,4.919,-1.101,-0.704,1.307,
18:18:34.863,0.505,4.400,-2.200,0.000,0.000,4.400,-2.200,4.919,-1.179,-0.705,1.374,
18:18:34.877,0.519,6.600,-2.200,0.000,0.000,6.600,-2.200,6.957,-1.218,-0.985,1.566,
18:18:34.891,0.533,6.600,-2.200,0.000,0.000,6.600,-2.200,6.957,-1.222,-1.207,1.718,
18:18:34.900,0.541,6.600,-2.200,0.000,0.000,6.600,-2.200,6.957,-1.187,-1.405,1.839,
18:18:34.915,0.556,6.600,-2.200,0.000,0.000,6.600,-2.200,6.957,-1.162,-1.505,1.902,
18:18:34.931,0.573,4.400,-0.000,0.000,0.000,4.400,-0.000,4.400,-0.850,-1.288,1.543,
18:18:34.939,0.581,4.400,-0.000,0.000,0.000,4.400,-0.000,4.400,-0.477,-0.993,1.102,
18:18:34.954,0.595,4.400,-0.000,0.000,0.000,4.400,-0.000,4.400,-0.288,-0.850,0.898,
18:18:34.969,0.611,4.400,-0.000,0.000,0.000,4.400,-0.000,4.400,-0.152,-0.740,0.756,
18:18:34.978,0.620,4.400,-0.000,0.000,0.000,4.400,-0.000,4.400,-0.058,-0.641,0.644,
18:18:34.992,0.634,4.400,0.000,0.000,0.000,4.400,0.000,4.400,0.001,-0.585,0.585,
18:18:35.002,0.643,4.400,0.000,0.000,0.000,4.400,0.000,4.400,0.015,-0.555,0.555,
18:18:35.016,0.658,4.400,0.000,0.000,0.000,4.400,0.000,4.400,0.025,-0.537,0.537,
18:18:35.033,0.674,4.400,0.000,0.000,0.000,4.400,0.000,4.400,0.011,-0.537,0.537,
18:18:35.041,0.683,4.400,0.000,0.000,0.000,4.400,0.000,4.400,-0.057,-0.575,0.577,
18:18:35.056,0.698,6.600,0.000,0.000,0.000,6.600,0.000,6.600,-0.085,-0.861,0.865,
18:18:35.074,0.715,6.600,0.000,0.000,0.000,6.600,0.000,6.600,-0.119,-1.084,1.090,
18:18:35.090,0.732,6.600,0.000,0.000,0.000,6.600,0.000,6.600,-0.163,-1.255,1.266,
18:18:35.099,0.741,6.600,0.000,0.000,0.000,6.600,0.000,6.600,-0.228,-1.395,1.413,
18:18:35.114,0.756,2.200,0.000,0.000,0.000,2.200,0.000,2.200,-0.261,-0.897,0.935,
18:18:35.130,0.772,2.200,0.000,0.000,0.000,2.200,0.000,2.200,-0.290,-0.518,0.594,
18:18:35.140,0.782,2.200,0.000,0.000,0.000,2.200,0.000,2.200,-0.322,-0.183,0.371,
18:18:35.154,0.796,2.200,0.000,0.000,0.000,2.200,0.000,2.200,-0.342,0.007,0.342,
18:18:35.171,0.813,4.400,-0.000,0.000,0.000,4.400,-0.000,4.400,-0.357,-0.150,0.387,
18:18:35.180,0.822,4.400,-0.000,0.000,0.000,4.400,-0.000,4.400,-0.372,-0.409,0.553,
18:18:35.195,0.837,4.400,-0.000,0.000,0.000,4.400,-0.000,4.400,-0.380,-0.539,0.660,
18:18:35.213,0.855,4.400,-0.000,0.000,0.000,4.400,-0.000,4.400,-0.385,-0.645,0.751,
18:18:35.230,0.871,4.400,-0.000,0.000,0.000,4.400,-0.000,4.400,-0.388,-0.743,0.838,
18:18:35.237,0.879,4.400,-0.000,0.000,0.000,4.400,-0.000,4.400,-0.390,-0.854,0.939,
18:18:35.251,0.893,4.400,-0.000,0.000,0.000,4.400,-0.000,4.400,-0.389,-0.906,0.986,
18:18:35.259,0.901,4.400,-0.000,0.000,0.000,4.400,-0.000,4.400,-0.389,-0.955,1.031,
18:18:35.274,0.916,4.400,-0.000,0.000,0.000,4.400,-0.000,4.400,-0.387,-0.980,1.054,
18:18:35.289,0.931,4.400,-0.000,0.000,0.000,4.400,-0.000,4.400,-0.386,-0.996,1.068,
18:18:35.298,0.939,4.400,-0.000,0.000,0.000,4.400,-0.000,4.400,-0.386,-1.002,1.074,
18:18:35.311,0.953,4.400,-0.000,0.000,0.000,4.400,-0.000,4.400,-0.384,-1.004,1.075,
18:18:35.319,0.961,4.400,-0.000,0.000,0.000,4.400,-0.000,4.400,-0.385,-1.000,1.071,
18:18:35.332,0.974,4.400,-0.000,0.000,0.000,4.400,-0.000,4.400,-0.382,-0.996,1.067,
18:18:35.340,0.981,4.400,-0.000,0.000,0.000,4.400,-0.000,4.400,-0.384,-0.988,1.060,
18:18:35.354,0.995,2.200,0.000,0.000,0.000,2.200,0.000,2.200,-0.382,-0.715,0.810,
18:18:35.373,1.015,2.200,0.000,0.000,0.000,2.200,0.000,2.200,-0.379,-0.515,0.640,
18:18:35.381,1.023,2.200,0.000,0.000,0.000,2.200,0.000,2.200,-0.384,-0.316,0.497,
18:18:35.395,1.037,2.200,0.000,0.000,0.000,2.200,0.000,2.200,-0.383,-0.215,0.439,
18:18:35.410,1.052,4.400,0.000,0.000,0.000,4.400,0.000,4.400,-0.382,-0.450,0.590,
18:18:35.418,1.060,4.400,0.000,0.000,0.000,4.400,0.000,4.400,-0.387,-0.746,0.840,
18:18:35.434,1.076,4.400,0.000,0.000,0.000,4.400,0.000,4.400,-0.385,-0.880,0.960,
18:18:35.451,1.093,4.400,0.000,0.000,0.000,4.400,0.000,4.400,-0.384,-0.991,1.062,
18:18:35.458,1.100,4.400,0.000,0.000,0.000,4.400,0.000,4.400,-0.391,-1.123,1.189,
18:18:35.471,1.113,4.400,0.000,0.000,0.000,4.400,0.000,4.400,-0.389,-1.178,1.241,
18:18:35.478,1.120,4.400,0.000,0.000,0.000,4.400,0.000,4.400,-0.393,-1.224,1.286,
18:18:35.492,1.134,4.400,0.000,0.000,0.000,4.400,0.000,4.400,-0.391,-1.244,1.304,
18:18:35.499,1.141,4.400,0.000,0.000,0.000,4.400,0.000,4.400,-0.394,-1.248,1.309,
18:18:35.514,1.155,4.400,0.000,0.000,0.000,4.400,0.000,4.400,-0.392,-1.247,1.307,
18:18:35.528,1.170,2.200,0.000,0.000,0.000,2.200,0.000,2.200,-0.390,-0.956,1.033,
18:18:35.535,1.177,2.200,0.000,0.000,0.000,2.200,0.000,2.200,-0.394,-0.630,0.743,
18:18:35.549,1.190,2.200,0.000,0.000,0.000,2.200,0.000,2.200,-0.393,-0.463,0.607,
18:18:35.557,1.198,2.200,0.000,0.000,0.000,2.200,0.000,2.200,-0.395,-0.323,0.510,
18:18:35.571,1.213,2.200,0.000,0.000,0.000,2.200,0.000,2.200,-0.393,-0.246,0.463,
18:18:35.578,1.220,2.200,0.000,0.000,0.000,2.200,0.000,2.200,-0.396,-0.220,0.453,
18:18:35.592,1.233,4.400,2.200,0.000,0.000,4.400,2.200,4.919,-0.125,-0.468,0.485,
18:18:35.600,1.241,4.400,2.200,0.000,0.000,4.400,2.200,4.919,0.157,-0.784,0.800,
18:18:35.614,1.256,4.400,2.200,0.000,0.000,4.400,2.200,4.919,0.309,-0.947,0.997,
18:18:35.630,1.272,4.400,2.200,0.000,0.000,4.400,2.200,4.919,0.407,-1.079,1.153,
18:18:35.638,1.280,4.400,2.200,0.000,0.000,4.400,2.200,4.919,0.450,-1.215,1.296,
18:18:35.652,1.294,4.400,-0.000,0.000,0.000,4.400,-0.000,4.400,0.199,-1.283,1.298,
18:18:35.661,1.302,4.400,-0.000,0.000,0.000,4.400,-0.000,4.400,-0.113,-1.330,1.335,
18:18:35.676,1.317,4.400,-0.000,0.000,0.000,4.400,-0.000,4.400,-0.272,-1.353,1.380,
18:18:35.692,1.334,4.400,-0.000,0.000,0.000,4.400,-0.000,4.400,-0.398,-1.358,1.415,
18:18:35.701,1.343,4.400,-0.000,0.000,0.000,4.400,-0.000,4.400,-0.520,-1.335,1.433,
18:18:35.715,1.356,4.400,-2.200,0.000,0.000,4.400,-2.200,4.919,-0.870,-1.318,1.579,
18:18:35.730,1.372,4.400,-2.200,0.000,0.000,4.400,-2.200,4.919,-1.115,-1.295,1.708,
18:18:35.740,1.381,4.400,-2.200,0.000,0.000,4.400,-2.200,4.919,-1.303,-1.260,1.812,
18:18:35.755,1.397,4.400,-2.200,0.000,0.000,4.400,-2.200,4.919,-1.401,-1.235,1.867,
18:18:35.773,1.415,2.200,0.000,0.000,0.000,2.200,0.000,2.200,-1.172,-0.946,1.506,
18:18:35.792,1.434,2.200,0.000,0.000,0.000,2.200,0.000,2.200,-0.948,-0.723,1.192,
18:18:35.801,1.443,2.200,0.000,0.000,0.000,2.200,0.000,2.200,-0.679,-0.543,0.869,
18:18:35.817,1.458,2.200,0.000,0.000,0.000,2.200,0.000,2.200,-0.536,-0.442,0.694,
18:18:35.834,1.475,4.400,0.000,0.000,0.000,4.400,0.000,4.400,-0.428,-0.666,0.792,
18:18:35.852,1.493,4.400,0.000,0.000,0.000,4.400,0.000,4.400,-0.352,-0.862,0.931,
18:18:35.861,1.502,4.400,0.000,0.000,0.000,4.400,0.000,4.400,-0.308,-1.091,1.134,
18:18:35.875,1.517,4.400,0.000,0.000,0.000,4.400,0.000,4.400,-0.274,-1.202,1.233,
18:18:35.893,1.535,2.200,2.200,0.000,0.000,2.200,2.200,3.111,0.012,-1.009,1.010,
18:18:35.913,1.555,2.200,2.200,0.000,0.000,2.200,2.200,3.111,0.212,-0.859,0.885,
18:18:35.921,1.563,2.200,2.200,0.000,0.000,2.200,2.200,3.111,0.340,-0.719,0.795,
18:18:35.935,1.577,2.200,2.200,0.000,0.000,2.200,2.200,3.111,0.413,-0.645,0.766,
18:18:35.951,1.592,4.400,2.200,0.000,0.000,4.400,2.200,4.919,0.439,-0.889,0.991,
18:18:35.959,1.601,4.400,2.200,0.000,0.000,4.400,2.200,4.919,0.394,-1.169,1.234,
18:18:35.973,1.614,4.400,2.200,0.000,0.000,4.400,2.200,4.919,0.376,-1.305,1.358,
18:18:35.981,1.623,4.400,2.200,0.000,0.000,4.400,2.200,4.919,0.304,-1.438,1.470,
18:18:35.995,1.636,4.400,2.200,0.000,0.000,4.400,2.200,4.919,0.270,-1.500,1.524,
18:18:36.010,1.651,4.400,2.200,0.000,0.000,4.400,2.200,4.919,0.225,-1.535,1.551,
18:18:36.018,1.660,4.400,2.200,0.000,0.000,4.400,2.200,4.919,0.145,-1.546,1.553,
18:18:36.032,1.674,4.400,2.200,0.000,0.000,4.400,2.200,4.919,0.100,-1.544,1.547,
18:18:36.040,1.681,4.400,2.200,0.000,0.000,4.400,2.200,4.919,0.037,-1.521,1.521,
18:18:36.055,1.697,4.400,2.200,0.000,0.000,4.400,2.200,4.919,0.006,-1.502,1.502,
18:18:36.073,1.714,2.200,2.200,0.000,0.000,2.200,2.200,3.111,-0.023,-1.212,1.212,
18:18:36.082,1.724,2.200,2.200,0.000,0.000,2.200,2.200,3.111,-0.057,-0.901,0.903,
18:18:36.097,1.738,2.200,2.200,0.000,0.000,2.200,2.200,3.111,-0.077,-0.725,0.729,
18:18:36.113,1.755,2.200,2.200,0.000,0.000,2.200,2.200,3.111,-0.091,-0.609,0.616,
18:18:36.134,1.775,4.400,2.200,0.000,0.000,4.400,2.200,4.919,-0.100,-0.807,0.813,
18:18:36.150,1.792,4.400,2.200,0.000,0.000,4.400,2.200,4.919,-0.103,-1.006,1.012,
18:18:36.159,1.800,4.400,2.200,0.000,0.000,4.400,2.200,4.919,-0.101,-1.231,1.235,
18:18:36.172,1.814,4.400,2.200,0.000,0.000,4.400,2.200,4.919,-0.101,-1.328,1.332,
18:18:36.181,1.822,4.400,2.200,0.000,0.000,4.400,2.200,4.919,-0.098,-1.420,1.423,
18:18:36.194,1.836,4.400,-0.000,0.000,0.000,4.400,-0.000,4.400,-0.371,-1.460,1.507,
18:18:36.209,1.851,4.400,-0.000,0.000,0.000,4.400,-0.000,4.400,-0.577,-1.482,1.591,
18:18:36.217,1.859,4.400,-0.000,0.000,0.000,4.400,-0.000,4.400,-0.768,-1.492,1.678,
18:18:36.233,1.874,4.400,-0.000,0.000,0.000,4.400,-0.000,4.400,-0.861,-1.490,1.721,
18:18:36.241,1.883,4.400,-0.000,0.000,0.000,4.400,-0.000,4.400,-0.904,-1.476,1.731,
18:18:36.256,1.898,2.200,-0.000,0.000,0.000,2.200,-0.000,2.200,-0.923,-1.190,1.506,
18:18:36.272,1.914,2.200,-0.000,0.000,0.000,2.200,-0.000,2.200,-0.909,-0.964,1.325,
18:18:36.281,1.923,2.200,-0.000,0.000,0.000,2.200,-0.000,2.200,-0.844,-0.760,1.136,
18:18:36.295,1.937,2.200,-0.000,0.000,0.000,2.200,-0.000,2.200,-0.801,-0.643,1.027,
18:18:36.338,1.980,0.000,2.200,0.000,0.000,0.000,2.200,2.200,-0.531,-0.342,0.631,
18:18:36.353,1.995,0.000,2.200,0.000,0.000,0.000,2.200,2.200,-0.238,-0.186,0.302,
18:18:36.371,2.012,0.000,2.200,0.000,0.000,0.000,2.200,2.200,-0.065,-0.116,0.133,
18:18:36.381,2.023,0.000,2.200,0.000,0.000,0.000,2.200,2.200,0.045,-0.132,0.139,
18:18:36.399,2.040,-0.000,0.000,0.000,0.000,-0.000,0.000,0.000,-0.159,-0.136,0.209,
18:18:36.411,2.052,-0.000,0.000,0.000,0.000,-0.000,0.000,0.000,-0.376,-0.206,0.428,
18:18:36.428,2.069,-0.000,0.000,0.000,0.000,-0.000,0.000,0.000,-0.494,-0.255,0.556,
18:18:36.440,2.081,-0.000,0.000,0.000,0.000,-0.000,0.000,0.000,-0.595,-0.345,0.688,
18:18:36.457,2.099,-0.000,2.200,0.000,0.000,-0.000,2.200,2.200,-0.372,-0.405,0.550,
18:18:36.475,2.117,-0.000,2.200,0.000,0.000,-0.000,2.200,2.200,-0.189,-0.471,0.508,
18:18:36.495,2.137,-0.000,2.200,0.000,0.000,-0.000,2.200,2.200,-0.060,-0.530,0.533,
18:18:36.516,2.157,-2.200,0.000,0.000,0.000,-2.200,0.000,2.200,-0.260,-0.301,0.398,
18:18:36.534,2.176,-2.200,0.000,0.000,0.000,-2.200,0.000,2.200,-0.412,-0.149,0.438,
18:18:36.551,2.193,-2.200,0.000,0.000,0.000,-2.200,0.000,2.200,-0.513,-0.065,0.517,
18:18:36.559,2.201,-2.200,0.000,0.000,0.000,-2.200,0.000,2.200,-0.598,-0.034,0.598,
18:18:36.574,2.216,-0.000,2.200,0.000,0.000,-0.000,2.200,2.200,-0.348,-0.297,0.458,
18:18:36.593,2.235,-0.000,2.200,0.000,0.000,-0.000,2.200,2.200,-0.161,-0.498,0.523,
18:18:36.612,2.253,-0.000,2.200,0.000,0.000,-0.000,2.200,2.200,-0.016,-0.665,0.665,
18:18:36.622,2.263,-0.000,2.200,0.000,0.000,-0.000,2.200,2.200,0.095,-0.816,0.821,
18:18:36.636,2.278,-2.200,2.200,0.000,0.000,-2.200,2.200,3.111,0.160,-0.607,0.628,
18:18:36.652,2.294,-2.200,2.200,0.000,0.000,-2.200,2.200,3.111,0.195,-0.448,0.488,
18:18:36.661,2.302,-2.200,2.200,0.000,0.000,-2.200,2.200,3.111,0.190,-0.291,0.347,
18:18:36.677,2.318,-2.200,2.200,0.000,0.000,-2.200,2.200,3.111,0.197,-0.216,0.292,
18:18:36.692,2.334,-2.200,2.200,0.000,0.000,-2.200,2.200,3.111,0.185,-0.171,0.252,
18:18:36.700,2.342,-2.200,2.200,0.000,0.000,-2.200,2.200,3.111,0.143,-0.158,0.213,
18:18:36.715,2.357,-2.200,2.200,0.000,0.000,-2.200,2.200,3.111,0.127,-0.150,0.196,
18:18:36.730,2.371,-2.200,2.200,0.000,0.000,-2.200,2.200,3.111,0.105,-0.160,0.191,
18:18:36.738,2.379,-2.200,2.200,0.000,0.000,-2.200,2.200,3.111,0.065,-0.202,0.213,
18:18:36.752,2.394,-2.200,2.200,0.000,0.000,-2.200,2.200,3.111,0.048,-0.220,0.226,
18:18:36.760,2.402,-2.200,2.200,0.000,0.000,-2.200,2.200,3.111,0.022,-0.265,0.266,
18:18:36.773,2.415,-2.200,2.200,0.000,0.000,-2.200,2.200,3.111,0.009,-0.287,0.288,
18:18:36.781,2.423,-2.200,2.200,0.000,0.000,-2.200,2.200,3.111,-0.007,-0.326,0.326,
18:18:36.794,2.436,-2.200,2.200,0.000,0.000,-2.200,2.200,3.111,-0.015,-0.347,0.348,
18:18:36.808,2.450,-2.200,2.200,0.000,0.000,-2.200,2.200,3.111,-0.021,-0.369,0.370,
18:18:36.815,2.457,-2.200,2.200,0.000,0.000,-2.200,2.200,3.111,-0.027,-0.404,0.405,
18:18:36.828,2.470,-2.200,2.200,0.000,0.000,-2.200,2.200,3.111,-0.030,-0.420,0.421,
18:18:36.836,2.478,-2.200,2.200,0.000,0.000,-2.200,2.200,3.111,-0.031,-0.441,0.442,
18:18:36.850,2.492,-2.200,2.200,0.000,0.000,-2.200,2.200,3.111,-0.030,-0.451,0.452,
18:18:36.857,2.499,-2.200,2.200,0.000,0.000,-2.200,2.200,3.111,-0.028,-0.467,0.468,
18:18:36.872,2.513,-2.200,4.400,0.000,0.000,-2.200,4.400,4.919,0.231,-0.472,0.525,
18:18:36.878,2.520,-2.200,4.400,0.000,0.000,-2.200,4.400,4.919,0.562,-0.482,0.741,
18:18:36.893,2.535,-2.200,4.400,0.000,0.000,-2.200,4.400,4.919,0.710,-0.483,0.859,
18:18:36.908,2.549,-2.200,4.400,0.000,0.000,-2.200,4.400,4.919,0.809,-0.483,0.943,
18:18:36.915,2.557,-2.200,4.400,0.000,0.000,-2.200,4.400,4.919,0.863,-0.487,0.991,
18:18:36.929,2.571,-2.200,2.200,0.000,0.000,-2.200,2.200,3.111,0.614,-0.485,0.782,
18:18:36.938,2.579,-2.200,2.200,0.000,0.000,-2.200,2.200,3.111,0.321,-0.485,0.582,
18:18:36.952,2.594,-2.200,2.200,0.000,0.000,-2.200,2.200,3.111,0.160,-0.481,0.507,
18:18:36.960,2.602,-2.200,2.200,0.000,0.000,-2.200,2.200,3.111,-0.023,-0.481,0.482,
18:18:36.973,2.615,-2.200,2.200,0.000,0.000,-2.200,2.200,3.111,-0.120,-0.477,0.492,
18:18:36.987,2.629,-2.200,0.000,0.000,0.000,-2.200,0.000,2.200,-0.465,-0.472,0.663,
18:18:37.002,2.644,-2.200,0.000,0.000,0.000,-2.200,0.000,2.200,-0.717,-0.468,0.856,
18:18:37.009,2.651,-2.200,0.000,0.000,0.000,-2.200,0.000,2.200,-0.927,-0.471,1.040,
18:18:37.023,2.665,-2.200,0.000,0.000,0.000,-2.200,0.000,2.200,-1.032,-0.466,1.132,
18:18:37.030,2.672,-2.200,0.000,0.000,0.000,-2.200,0.000,2.200,-1.058,-0.468,1.157,
18:18:37.044,2.686,-4.400,2.200,0.000,0.000,-4.400,2.200,4.919,-0.808,-0.194,0.831,
18:18:37.060,2.701,-4.400,2.200,0.000,0.000,-4.400,2.200,4.919,-0.579,0.018,0.580,
18:18:37.069,2.710,-4.400,2.200,0.000,0.000,-4.400,2.200,4.919,-0.292,0.203,0.355,
18:18:37.083,2.725,-4.400,2.200,0.000,0.000,-4.400,2.200,4.919,-0.132,0.306,0.334,
18:18:37.100,2.742,-2.200,2.200,0.000,0.000,-2.200,2.200,3.111,-0.005,0.089,0.089,
18:18:37.108,2.749,-2.200,2.200,0.000,0.000,-2.200,2.200,3.111,0.117,-0.234,0.262,
18:18:37.122,2.764,-2.200,2.200,0.000,0.000,-2.200,2.200,3.111,0.186,-0.372,0.416,
18:18:37.130,2.771,-2.200,2.200,0.000,0.000,-2.200,2.200,3.111,0.228,-0.538,0.584,
18:18:37.144,2.785,-2.200,2.200,0.000,0.000,-2.200,2.200,3.111,0.260,-0.612,0.665,
18:18:37.159,2.801,-2.200,2.200,0.000,0.000,-2.200,2.200,3.111,0.274,-0.660,0.715,
18:18:37.168,2.810,-2.200,2.200,0.000,0.000,-2.200,2.200,3.111,0.254,-0.694,0.739,
18:18:37.182,2.823,-2.200,2.200,0.000,0.000,-2.200,2.200,3.111,0.247,-0.706,0.748,
18:18:37.189,2.831,-2.200,2.200,0.000,0.000,-2.200,2.200,3.111,0.212,-0.701,0.732,
18:18:37.204,2.846,-2.200,2.200,0.000,0.000,-2.200,2.200,3.111,0.204,-0.694,0.723,
18:18:37.221,2.863,-2.200,0.000,0.000,0.000,-2.200,0.000,2.200,-0.071,-0.674,0.678,
18:18:37.228,2.870,-2.200,0.000,0.000,0.000,-2.200,0.000,2.200,-0.433,-0.633,0.767,
18:18:37.242,2.884,-2.200,0.000,0.000,0.000,-2.200,0.000,2.200,-0.591,-0.606,0.847,
18:18:37.250,2.891,-2.200,0.000,0.000,0.000,-2.200,0.000,2.200,-0.724,-0.572,0.922,
18:18:37.264,2.906,-2.200,0.000,0.000,0.000,-2.200,0.000,2.200,-0.788,-0.546,0.959,
18:18:37.284,2.926,-2.200,2.200,49.996,-0.618,-52.196,2.818,52.272,0.332,14.996,15.000,
18:18:37.308,2.949,-2.200,2.200,49.982,-1.350,-52.182,3.550,52.302,0.696,14.984,15.000,
18:18:37.317,2.959,-2.200,2.200,49.973,-1.631,-52.173,3.831,52.314,1.026,14.096,14.134,
18:18:37.335,2.977,-2.200,2.200,49.952,-2.190,-52.152,4.390,52.336,1.258,13.333,13.392,
18:18:37.353,2.995,-0.000,2.200,49.925,-2.739,-49.925,4.939,50.169,1.448,12.367,12.451,
18:18:37.372,3.014,-0.000,2.200,49.889,-3.329,-49.889,5.529,50.195,1.604,11.536,11.647,
18:18:37.381,3.023,-0.000,2.200,49.870,-3.607,-49.870,5.807,50.207,1.679,10.732,10.862,
18:18:37.399,3.041,-0.000,2.200,49.827,-4.154,-49.827,6.354,50.231,1.786,10.092,10.249,
18:18:37.408,3.049,-0.000,0.000,49.805,-4.411,-49.805,4.411,50.000,1.407,9.541,9.644,
18:18:37.425,3.067,-0.000,0.000,49.754,-4.950,-49.754,4.950,50.000,1.305,9.042,9.135,
18:18:37.443,3.085,-0.000,0.000,49.697,-5.497,-49.697,5.497,50.000,1.249,8.635,8.725,
18:18:37.461,3.103,2.200,0.000,49.632,-6.059,-47.432,6.059,47.817,1.248,8.032,8.128,
18:18:37.470,3.112,2.200,0.000,49.599,-6.316,-47.399,6.316,47.818,1.260,7.600,7.704,
18:18:37.487,3.129,2.200,0.000,49.531,-6.831,-47.331,6.831,47.822,1.315,7.202,7.321,
18:18:37.506,3.147,2.200,0.000,49.449,-7.406,-47.249,7.406,47.825,1.406,6.930,7.071,
18:18:37.525,3.166,8.800,0.000,49.359,-7.982,-40.559,7.982,41.337,1.524,5.937,6.130,
18:18:37.543,3.185,8.800,0.000,49.266,-8.537,-40.466,8.537,41.357,1.655,5.269,5.523,
18:18:37.561,3.203,8.800,0.000,49.167,-9.091,-40.367,9.091,41.378,1.790,4.878,5.196,
18:18:37.570,3.211,8.800,0.000,49.120,-9.339,-40.320,9.339,41.387,1.923,4.841,5.209,
18:18:37.590,3.232,22.000,2.200,48.997,-9.963,-26.997,12.163,29.611,2.294,3.136,3.885,
18:18:37.599,3.241,22.000,2.200,48.946,-10.213,-26.946,12.413,29.668,2.691,1.630,3.146,
18:18:37.616,3.258,22.000,2.200,48.833,-10.738,-26.833,12.938,29.790,2.921,0.816,3.033,
18:18:37.633,3.274,22.000,2.200,48.723,-11.230,-26.723,13.430,29.907,3.093,0.464,3.127,
18:18:37.641,3.283,22.000,2.200,48.662,-11.490,-26.662,13.690,29.971,3.193,0.631,3.255,
18:18:37.663,3.305,37.400,-4.400,48.505,-12.133,-11.105,7.733,13.533,2.569,-1.136,2.809,
18:18:37.682,3.324,37.400,-4.400,48.362,-12.695,-10.962,8.295,13.746,2.023,-2.238,3.016,
18:18:37.690,3.332,37.400,-4.400,48.298,-12.934,-10.898,8.534,13.842,1.496,-2.646,3.039,
18:18:37.708,3.350,37.400,-4.400,48.149,-13.478,-10.749,9.078,14.070,1.289,-2.938,3.208,
18:18:37.717,3.359,52.800,-4.400,48.078,-13.729,4.722,9.329,10.456,1.212,-5.386,5.520,
18:18:37.734,3.376,52.800,-4.400,47.928,-14.245,4.872,9.845,10.984,1.192,-6.524,6.632,
18:18:37.753,3.395,52.800,-4.400,47.762,-14.792,5.038,10.392,11.549,1.279,-6.999,7.115,
18:18:37.763,3.405,52.800,-4.400,47.673,-15.075,5.127,10.675,11.842,1.493,-6.704,6.869,
18:18:37.784,3.425,66.000,-8.800,47.480,-15.672,18.520,6.872,19.754,1.128,-8.068,8.146,
18:18:37.803,3.444,66.000,-8.800,47.294,-16.227,18.706,7.427,20.127,0.930,-8.679,8.728,
18:18:37.822,3.464,66.000,-8.800,47.094,-16.797,18.906,7.997,20.527,0.893,-8.685,8.730,
18:18:37.830,3.472,66.000,-8.800,47.011,-17.030,18.989,8.230,20.696,1.016,-7.895,7.960,
18:18:37.847,3.489,81.400,-13.200,46.831,-17.517,34.569,4.317,34.837,0.552,-9.407,9.423,
18:18:37.856,3.498,81.400,-13.200,46.734,-17.774,34.666,4.574,34.966,0.201,-10.448,10.449,
18:18:37.873,3.515,81.400,-13.200,46.545,-18.264,34.855,5.064,35.221,0.068,-10.868,10.869,
18:18:37.893,3.535,81.400,-13.200,46.315,-18.839,35.085,5.639,35.535,0.095,-10.826,10.826,
18:18:37.911,3.553,90.200,-17.600,46.105,-19.347,44.095,1.747,44.130,-0.312,-11.480,11.484,
18:18:37.920,3.562,90.200,-17.600,46.005,-19.584,44.195,1.984,44.239,-0.562,-11.615,11.629,
18:18:37.937,3.579,90.200,-17.600,45.793,-20.076,44.407,2.476,44.476,-0.624,-11.552,11.569,
18:18:37.954,3.596,90.200,-17.600,45.577,-20.560,44.623,2.960,44.721,-0.528,-11.167,11.179,
18:18:37.973,3.615,96.800,-22.000,45.339,-21.079,51.461,-0.921,51.469,-0.882,-11.446,11.480,
18:18:37.991,3.633,96.800,-22.000,45.101,-21.585,51.699,-0.415,51.701,-1.006,-11.380,11.424,
18:18:38.001,3.642,96.800,-22.000,44.978,-21.839,51.822,-0.161,51.822,-0.942,-10.994,11.035,
18:18:38.019,3.661,96.800,-22.000,44.723,-22.358,52.077,0.358,52.079,-0.847,-10.666,10.699,
18:18:38.028,3.670,103.400,-24.200,44.606,-22.589,58.794,-1.611,58.816,-0.978,-11.328,11.370,
18:18:38.046,3.688,103.400,-24.200,44.352,-23.085,59.048,-1.115,59.059,-0.963,-11.457,11.498,
18:18:38.063,3.705,103.400,-24.200,44.104,-23.556,59.296,-0.644,59.300,-0.824,-11.383,11.413,
18:18:38.084,3.725,101.200,-26.400,43.806,-24.105,57.394,-2.295,57.440,-0.878,-10.904,10.939,
18:18:38.103,3.744,101.200,-26.400,43.521,-24.616,57.679,-1.784,57.707,-0.800,-10.381,10.412,
18:18:38.111,3.752,101.200,-26.400,43.399,-24.830,57.801,-1.570,57.822,-0.612,-9.779,9.798,
18:18:38.128,3.770,101.200,-26.400,43.127,-25.300,58.073,-1.100,58.084,-0.453,-9.357,9.368,
18:18:38.137,3.779,99.000,-30.800,42.993,-25.526,56.007,-5.274,56.254,-1.028,-8.563,8.625,
18:18:38.154,3.795,99.000,-30.800,42.734,-25.958,56.266,-4.842,56.474,-1.215,-8.053,8.144,
18:18:38.174,3.815,99.000,-30.800,42.410,-26.483,56.590,-4.317,56.754,-1.253,-7.698,7.800,
18:18:38.192,3.834,96.800,-35.200,42.105,-26.966,54.695,-8.234,55.311,-1.727,-7.209,7.413,
18:18:38.201,3.843,96.800,-35.200,41.951,-27.204,54.849,-7.996,55.428,-2.063,-6.913,7.215,
18:18:38.218,3.860,96.800,-35.200,41.665,-27.641,55.135,-7.559,55.651,-2.144,-6.679,7.015,
18:18:38.227,3.868,96.800,-35.200,41.527,-27.849,55.273,-7.351,55.760,-2.049,-6.689,6.996,
18:18:38.244,3.886,96.800,-35.200,41.231,-28.285,55.569,-6.915,55.998,-1.941,-6.603,6.882,
18:18:38.263,3.905,83.600,-39.600,40.892,-28.772,42.708,-10.828,44.059,-2.261,-5.054,5.536,
18:18:38.271,3.913,83.600,-39.600,40.752,-28.971,42.848,-10.629,44.147,-2.470,-3.579,4.348,
18:18:38.288,3.929,83.600,-39.600,40.458,-29.379,43.142,-10.221,44.336,-2.489,-2.858,3.790,
18:18:38.297,3.938,83.600,-39.600,40.298,-29.599,43.302,-10.001,44.442,-2.350,-2.555,3.472,
18:18:38.314,3.955,83.600,-39.600,39.988,-30.016,43.612,-9.584,44.653,-2.206,-2.380,3.245,
18:18:38.332,3.974,70.400,-39.600,39.649,-30.463,30.751,-9.137,32.080,-1.977,-0.886,2.166,
18:18:38.342,3.984,70.400,-39.600,39.462,-30.704,30.938,-8.896,32.191,-1.645,0.144,1.651,
18:18:38.360,4.001,70.400,-39.600,39.126,-31.131,31.274,-8.469,32.400,-1.390,0.628,1.525,
18:18:38.369,4.010,70.400,-39.600,38.956,-31.344,31.444,-8.256,32.510,-1.084,0.500,1.194,
18:18:38.386,4.028,57.200,-41.800,38.616,-31.761,18.584,-10.039,21.122,-1.115,1.983,2.275,
18:18:38.406,4.047,57.200,-41.800,38.230,-32.225,18.970,-9.575,21.249,-1.089,2.779,2.985,
18:18:38.426,4.068,57.200,-41.800,37.817,-32.709,19.383,-9.091,21.409,-1.013,2.931,3.102,
18:18:38.445,4.086,44.000,-41.800,37.442,-33.137,6.558,-8.663,10.865,-0.905,4.319,4.413,
18:18:38.462,4.104,44.000,-41.800,37.081,-33.541,6.919,-8.259,10.774,-0.781,4.894,4.956,
18:18:38.471,4.113,44.000,-41.800,36.903,-33.737,7.097,-8.063,10.742,-0.662,4.789,4.834,
18:18:38.489,4.130,44.000,-41.800,36.535,-34.134,7.465,-7.666,10.700,-0.538,4.667,4.698,
18:18:38.497,4.139,44.000,-41.800,36.365,-34.316,7.635,-7.484,10.691,-0.431,3.871,3.895,
18:18:38.517,4.159,26.400,-39.600,35.936,-34.765,-9.536,-4.835,10.691,-0.067,5.424,5.425,
18:18:38.535,4.177,26.400,-39.600,35.547,-35.163,-9.147,-4.437,10.166,0.244,6.320,6.324,
18:18:38.554,4.196,26.400,-39.600,35.138,-35.571,-8.738,-4.029,9.622,0.472,6.561,6.578,
18:18:38.573,4.215,15.400,-39.600,34.716,-35.984,-19.316,-3.616,19.651,0.627,7.730,7.755,
18:18:38.594,4.236,15.400,-39.600,34.246,-36.431,-18.846,-3.169,19.111,0.729,8.128,8.160,
18:18:38.612,4.254,15.400,-39.600,33.836,-36.812,-18.436,-2.788,18.646,0.776,7.914,7.952,
18:18:38.621,4.262,15.400,-39.600,33.653,-36.979,-18.253,-2.621,18.440,0.739,7.112,7.150,
18:18:38.638,4.280,4.400,-39.600,33.247,-37.345,-28.847,-2.255,28.935,0.774,7.972,8.009,
18:18:38.647,4.288,4.400,-39.600,33.058,-37.512,-28.658,-2.088,28.734,0.740,8.475,8.508,
18:18:38.664,4.306,4.400,-39.600,32.647,-37.870,-28.247,-1.730,28.300,0.763,8.554,8.588,
18:18:38.682,4.323,4.400,-39.600,32.239,-38.218,-27.839,-1.382,27.874,0.773,8.249,8.285,
18:18:38.690,4.332,4.400,-39.600,32.038,-38.387,-27.638,-1.213,27.665,0.747,7.515,7.552,
18:18:38.708,4.349,-6.600,-37.400,31.629,-38.724,-38.229,1.324,38.252,1.027,8.321,8.384,
18:18:38.717,4.359,-6.600,-37.400,31.414,-38.900,-38.014,1.500,38.043,1.292,8.883,8.976,
18:18:38.734,4.376,-6.600,-37.400,31.007,-39.225,-37.607,1.825,37.651,1.446,8.984,9.100,
18:18:38.752,4.393,-6.600,-37.400,30.571,-39.566,-37.171,2.166,37.234,1.548,8.773,8.908,
18:18:38.760,4.402,-6.600,-37.400,30.375,-39.716,-36.975,2.316,37.047,1.578,8.190,8.341,
18:18:38.779,4.421,-11.000,-37.400,29.904,-40.072,-40.904,2.672,40.991,1.621,8.273,8.431,
18:18:38.788,4.429,-11.000,-37.400,29.699,-40.224,-40.699,2.824,40.797,1.587,8.130,8.283,
18:18:38.804,4.446,-11.000,-37.400,29.282,-40.529,-40.282,3.129,40.403,1.588,7.882,8.040,
18:18:38.822,4.464,-11.000,-37.400,28.842,-40.843,-39.842,3.443,39.990,1.574,7.497,7.660,
18:18:38.831,4.472,-11.000,-37.400,28.627,-40.994,-39.627,3.594,39.789,1.521,6.956,7.121,
18:18:38.847,4.489,-11.000,-37.400,28.212,-41.281,-39.212,3.881,39.403,1.503,6.519,6.690,
18:18:38.865,4.506,-11.000,-37.400,27.770,-41.579,-38.770,4.179,38.994,1.487,6.069,6.249,
18:18:38.883,4.525,-11.000,-37.400,27.302,-41.888,-38.302,4.488,38.564,1.477,5.638,5.828,
18:18:38.891,4.533,-11.000,-37.400,27.083,-42.030,-38.083,4.630,38.364,1.458,5.247,5.445,
18:18:38.910,4.552,-8.800,-41.800,26.597,-42.339,-35.397,0.539,35.401,0.938,4.628,4.722,
18:18:38.919,4.560,-8.800,-41.800,26.376,-42.477,-35.176,0.677,35.182,0.369,4.088,4.104,
18:18:38.936,4.578,-8.800,-41.800,25.919,-42.757,-34.719,0.957,34.732,0.104,3.671,3.672,
18:18:38.956,4.597,-8.800,-41.800,25.401,-43.067,-34.201,1.267,34.224,-0.035,3.367,3.367,
18:18:38.977,4.619,-6.600,-39.600,24.829,-43.400,-31.429,3.800,31.657,0.211,2.899,2.907,
18:18:38.987,4.628,-6.600,-39.600,24.584,-43.539,-31.184,3.939,31.431,0.599,2.651,2.718,
18:18:39.004,4.645,-6.600,-39.600,24.125,-43.795,-30.725,4.195,31.010,0.783,2.409,2.533,
18:18:39.023,4.665,-6.600,-39.600,23.604,-44.078,-30.204,4.478,30.534,0.949,2.269,2.459,
18:18:39.041,4.682,0.000,-41.800,23.121,-44.333,-23.121,2.533,23.260,0.806,1.367,1.587,
18:18:39.050,4.692,0.000,-41.800,22.868,-44.464,-22.868,2.664,23.023,0.674,0.690,0.965,
18:18:39.069,4.711,0.000,-41.800,22.348,-44.728,-22.348,2.928,22.539,0.636,0.282,0.695,
18:18:39.078,4.719,0.000,-41.800,22.114,-44.844,-22.114,3.044,22.323,0.622,0.189,0.650,
18:18:39.095,4.737,8.800,-41.800,21.637,-45.076,-12.837,3.276,13.249,0.633,-0.997,1.181,
18:18:39.113,4.755,8.800,-41.800,21.137,-45.312,-12.337,3.512,12.828,0.670,-1.793,1.914,
18:18:39.133,4.774,8.800,-41.800,20.581,-45.568,-11.781,3.768,12.369,0.727,-2.216,2.332,
18:18:39.141,4.783,8.800,-41.800,20.355,-45.669,-11.555,3.869,12.185,0.811,-2.152,2.300,
18:18:39.158,4.800,15.400,-44.000,19.881,-45.878,-4.481,1.878,4.858,0.592,-3.022,3.080,
18:18:39.168,4.809,15.400,-44.000,19.617,-45.991,-4.217,1.991,4.663,0.389,-3.542,3.564,
18:18:39.189,4.830,15.400,-44.000,19.020,-46.241,-3.620,2.241,4.258,0.310,-3.855,3.868,
18:18:39.198,4.840,15.400,-44.000,18.749,-46.352,-3.349,2.352,4.092,0.286,-3.664,3.675,
18:18:39.218,4.859,19.800,-46.200,18.191,-46.573,1.609,0.373,1.652,0.032,-4.114,4.114,
18:18:39.228,4.869,19.800,-46.200,17.912,-46.682,1.888,0.482,1.949,-0.167,-4.204,4.207,
18:18:39.245,4.886,19.800,-46.200,17.423,-46.866,2.377,0.666,2.469,-0.253,-4.235,4.243,
18:18:39.264,4.906,19.800,-46.200,16.866,-47.070,2.934,0.870,3.060,-0.259,-4.110,4.118,
18:18:39.283,4.925,30.800,-46.200,16.311,-47.265,14.489,1.065,14.528,-0.198,-5.254,5.257,
18:18:39.293,4.935,30.800,-46.200,16.011,-47.367,14.789,1.167,14.835,-0.065,-6.074,6.075,
18:18:39.311,4.953,30.800,-46.200,15.499,-47.537,15.301,1.337,15.359,0.023,-6.446,6.446,
18:18:39.320,4.962,30.800,-46.200,15.239,-47.621,15.561,1.421,15.626,0.163,-6.458,6.460,
18:18:39.341,4.982,35.200,-50.600,14.630,-47.812,20.570,-2.788,20.759,-0.250,-6.972,6.977,
18:18:39.350,4.992,35.200,-50.600,14.365,-47.892,20.835,-2.708,21.010,-0.679,-7.124,7.156,
18:18:39.369,5.011,35.200,-50.600,13.794,-48.060,21.406,-2.540,21.556,-0.863,-7.184,7.235,
18:18:39.379,5.021,35.200,-50.600,13.509,-48.140,21.691,-2.460,21.830,-0.937,-6.883,6.946,
18:18:39.399,5.041,37.400,-50.600,12.918,-48.302,24.482,-2.298,24.589,-0.959,-6.966,7.031,
18:18:39.409,5.051,37.400,-50.600,12.629,-48.379,24.771,-2.221,24.870,-0.857,-6.781,6.835,
18:18:39.430,5.072,37.400,-50.600,12.015,-48.535,25.385,-2.065,25.469,-0.791,-6.661,6.707,
18:18:39.440,5.082,37.400,-50.600,11.710,-48.610,25.690,-1.990,25.767,-0.629,-6.331,6.362,
18:18:39.460,5.102,39.600,-52.800,11.121,-48.747,28.479,-4.053,28.765,-0.784,-6.381,6.429,
18:18:39.470,5.112,39.600,-52.800,10.823,-48.815,28.777,-3.985,29.052,-0.888,-6.327,6.389,
18:18:39.489,5.131,39.600,-52.800,10.251,-48.938,29.349,-3.862,29.602,-0.917,-6.256,6.323,
18:18:39.498,5.140,39.600,-52.800,9.985,-48.993,29.615,-3.807,29.858,-0.873,-6.106,6.168,
18:18:39.516,5.157,37.400,-55.000,9.465,-49.096,27.935,-5.904,28.552,-1.098,-5.722,5.826,
18:18:39.533,5.175,37.400,-55.000,8.937,-49.195,28.463,-5.805,29.049,-1.229,-5.400,5.538,
18:18:39.542,5.183,37.400,-55.000,8.685,-49.240,28.715,-5.760,29.287,-1.287,-5.095,5.255,
18:18:39.560,5.202,37.400,-55.000,8.128,-49.335,29.272,-5.665,29.816,-1.299,-4.912,5.081,
18:18:39.570,5.212,37.400,-52.800,7.821,-49.385,29.579,-3.415,29.776,-0.865,-4.802,4.879,
18:18:39.588,5.230,37.400,-52.800,7.279,-49.467,30.121,-3.333,30.305,-0.618,-4.726,4.766,
18:18:39.597,5.239,37.400,-52.800,7.013,-49.506,30.387,-3.294,30.565,-0.326,-4.748,4.760,
18:18:39.615,5.257,37.400,-52.800,6.465,-49.580,30.935,-3.220,31.102,-0.167,-4.738,4.741,
18:18:39.635,5.276,33.000,-55.000,5.868,-49.655,27.132,-5.345,27.654,-0.315,-4.256,4.268,
18:18:39.655,5.297,33.000,-55.000,5.244,-49.724,27.756,-5.276,28.253,-0.435,-3.964,3.988,
18:18:39.676,5.318,33.000,-55.000,4.594,-49.789,28.406,-5.211,28.880,-0.517,-3.851,3.885,
18:18:39.695,5.337,26.400,-52.800,4.002,-49.840,22.398,-2.960,22.592,-0.275,-3.001,3.013,
18:18:39.714,5.356,26.400,-52.800,3.432,-49.882,22.968,-2.918,23.152,-0.103,-2.522,2.524,
18:18:39.732,5.374,26.400,-52.800,2.895,-49.916,23.505,-2.884,23.682,0.008,-2.327,2.327,
18:18:39.741,5.383,26.400,-52.800,2.623,-49.931,23.777,-2.869,23.950,0.078,-2.390,2.391,
18:18:39.760,5.401,15.400,-55.000,2.043,-49.958,13.357,-5.042,14.277,-0.143,-1.106,1.115,
18:18:39.769,5.410,15.400,-55.000,1.774,-49.969,13.626,-5.031,14.526,-0.428,-0.014,0.429,
18:18:39.786,5.428,15.400,-55.000,1.246,-49.984,14.154,-5.016,15.017,-0.562,0.496,0.750,
18:18:39.803,5.445,15.400,-55.000,0.709,-49.995,14.691,-5.005,15.520,-0.660,0.630,0.913,
18:18:39.822,5.463,8.800,-55.000,0.143,-50.000,8.657,-5.000,9.997,-0.722,1.315,1.500,
18:18:39.831,5.473,8.800,-55.000,-0.136,-50.000,8.936,-5.000,10.240,-0.750,1.589,1.757,
18:18:39.852,5.494,8.800,-55.000,-0.779,-49.994,9.579,-5.006,10.808,-0.772,1.671,1.841,
18:18:39.861,5.502,8.800,-55.000,-1.042,-49.989,9.842,-5.011,11.044,-0.752,1.225,1.437,
18:18:39.880,5.522,0.000,-55.000,-1.641,-49.973,1.641,-5.027,5.288,-0.751,1.999,2.135,
18:18:39.891,5.532,0.000,-55.000,-1.959,-49.962,1.959,-5.038,5.406,-0.723,2.435,2.541,
18:18:39.910,5.552,0.000,-55.000,-2.553,-49.935,2.553,-5.065,5.672,-0.714,2.558,2.656,
18:18:39.919,5.561,0.000,-55.000,-2.835,-49.920,2.835,-5.080,5.818,-0.686,2.254,2.356,
18:18:39.937,5.579,-8.800,-55.000,-3.390,-49.885,-5.410,-5.115,7.445,-0.677,3.064,3.138,
18:18:39.948,5.590,-8.800,-55.000,-3.724,-49.861,-5.076,-5.139,7.223,-0.663,3.537,3.599,
18:18:39.968,5.610,-8.800,-55.000,-4.326,-49.813,-4.474,-5.187,6.850,-0.661,3.665,3.724,
18:18:39.978,5.619,-8.800,-55.000,-4.618,-49.786,-4.182,-5.214,6.683,-0.659,3.367,3.431,
18:18:39.993,5.635,-15.400,-52.800,-5.091,-49.740,-10.309,-3.060,10.753,-0.381,3.931,3.949,
18:18:40.012,5.654,-15.400,-52.800,-5.662,-49.678,-9.738,-3.122,10.226,-0.193,4.126,4.130,
18:18:40.020,5.662,-15.400,-52.800,-5.909,-49.650,-9.491,-3.150,10.000,-0.029,3.951,3.951,
18:18:40.037,5.679,-15.400,-52.800,-6.422,-49.586,-8.978,-3.214,9.536,0.043,3.769,3.769,
18:18:40.048,5.690,-22.000,-50.600,-6.749,-49.542,-15.251,-1.058,15.287,0.404,4.373,4.391,
18:18:40.067,5.709,-22.000,-50.600,-7.329,-49.460,-14.671,-1.140,14.715,0.587,4.560,4.597,
18:18:40.087,5.729,-22.000,-50.600,-7.951,-49.364,-14.049,-1.236,14.103,0.666,4.454,4.504,
18:18:40.097,5.739,-22.000,-50.600,-8.240,-49.316,-13.760,-1.284,13.820,0.631,4.039,4.088,
18:18:40.117,5.759,-28.600,-52.800,-8.850,-49.211,-19.750,-3.589,20.073,0.343,4.481,4.494,
18:18:40.138,5.780,-28.600,-52.800,-9.491,-49.091,-19.109,-3.709,19.466,0.060,4.611,4.611,
18:18:40.149,5.791,-28.600,-52.800,-9.816,-49.027,-18.784,-3.773,19.159,-0.243,4.472,4.478,
18:18:40.167,5.809,-28.600,-52.800,-10.368,-48.913,-18.232,-3.887,18.642,-0.428,4.254,4.276,
18:18:40.177,5.818,-30.800,-48.400,-10.636,-48.856,-20.164,0.456,20.169,0.223,4.245,4.251,
18:18:40.195,5.836,-30.800,-48.400,-11.178,-48.735,-19.622,0.335,19.625,0.478,4.100,4.127,
18:18:40.216,5.858,-30.800,-48.400,-11.822,-48.582,-18.978,0.182,18.979,0.632,3.834,3.885,
18:18:40.235,5.877,-33.000,-50.600,-12.401,-48.438,-20.599,-2.162,20.712,0.409,3.755,3.778,
18:18:40.256,5.898,-33.000,-50.600,-13.011,-48.277,-19.989,-2.323,20.124,0.201,3.563,3.568,
18:18:40.275,5.917,-33.000,-50.600,-13.584,-48.119,-19.416,-2.481,19.573,0.012,3.298,3.298,
18:18:40.295,5.936,-35.200,-48.400,-14.152,-47.955,-21.048,-0.445,21.053,0.141,3.291,3.294,
18:18:40.314,5.956,-35.200,-48.400,-14.721,-47.784,-20.479,-0.616,20.488,0.201,3.183,3.189,
18:18:40.333,5.975,-35.200,-48.400,-15.293,-47.604,-19.907,-0.796,19.922,0.204,3.008,3.015,
18:18:40.353,5.994,-33.000,-48.400,-15.862,-47.417,-17.138,-0.983,17.166,0.166,2.507,2.512,
18:18:40.361,6.003,-33.000,-48.400,-16.096,-47.339,-16.904,-1.061,16.938,0.102,2.009,2.012,
18:18:40.378,6.020,-33.000,-48.400,-16.603,-47.163,-16.397,-1.237,16.443,0.038,1.668,1.668,
18:18:40.387,6.029,-33.000,-48.400,-16.840,-47.079,-16.160,-1.321,16.214,-0.045,1.402,1.403,
18:18:40.405,6.046,-33.000,-48.400,-17.355,-46.892,-15.645,-1.508,15.718,-0.120,1.161,1.168,
18:18:40.424,6.066,-30.800,-48.400,-17.912,-46.682,-12.888,-1.718,13.002,-0.204,0.708,0.737,
18:18:40.444,6.086,-30.800,-48.400,-18.485,-46.458,-12.315,-1.942,12.467,-0.293,0.378,0.478,
18:18:40.462,6.104,-30.800,-48.400,-18.998,-46.250,-11.802,-2.150,11.996,-0.379,0.169,0.415,
18:18:40.470,6.112,-30.800,-48.400,-19.221,-46.158,-11.579,-2.242,11.794,-0.453,0.125,0.470,
18:18:40.486,6.128,-26.400,-48.400,-19.686,-45.961,-6.714,-2.439,7.143,-0.522,-0.539,0.751,
18:18:40.507,6.148,-26.400,-48.400,-20.251,-45.715,-6.149,-2.685,6.709,-0.593,-1.006,1.168,
18:18:40.526,6.168,-26.400,-48.400,-20.798,-45.469,-5.602,-2.931,6.322,-0.660,-1.283,1.443,
18:18:40.544,6.186,-26.400,-48.400,-21.302,-45.235,-5.098,-3.165,6.001,-0.720,-1.401,1.575,
18:18:40.565,6.207,-26.400,-48.400,-21.889,-44.954,-4.511,-3.446,5.677,-0.782,-1.442,1.641,
18:18:40.585,6.226,-26.400,-48.400,-22.424,-44.689,-3.976,-3.711,5.438,-0.840,-1.396,1.629,
18:18:40.603,6.245,-24.200,-48.400,-22.930,-44.432,-1.270,-3.968,4.166,-0.894,-1.608,1.839,
18:18:40.622,6.264,-24.200,-48.400,-23.448,-44.161,-0.752,-4.239,4.305,-0.948,-1.719,1.963,
18:18:40.631,6.272,-24.200,-48.400,-23.676,-44.039,-0.524,-4.361,4.392,-0.986,-1.701,1.966,
18:18:40.649,6.291,-24.200,-48.400,-24.183,-43.763,-0.017,-4.637,4.637,-1.037,-1.731,2.018,
18:18:40.659,6.300,-22.000,-48.400,-24.426,-43.628,2.426,-4.772,5.353,-1.074,-2.051,2.315,
18:18:40.675,6.317,-22.000,-48.400,-24.868,-43.377,2.868,-5.023,5.784,-1.121,-2.219,2.486,
18:18:40.695,6.336,-22.000,-48.400,-25.391,-43.073,3.391,-5.327,6.315,-1.174,-2.317,2.597,
18:18:40.713,6.355,-17.600,-48.400,-25.885,-42.778,8.285,-5.622,10.013,-1.229,-2.906,3.155,
18:18:40.733,6.375,-17.600,-48.400,-26.406,-42.459,8.806,-5.941,10.622,-1.286,-3.278,3.521,
18:18:40.753,6.395,-17.600,-48.400,-26.933,-42.126,9.333,-6.274,11.245,-1.346,-3.470,3.722,
18:18:40.773,6.415,-19.800,-46.200,-27.447,-41.793,7.647,-4.407,8.826,-1.121,-3.238,3.427,
18:18:40.794,6.435,-19.800,-46.200,-27.973,-41.443,8.173,-4.757,9.457,-0.993,-3.019,3.178,
18:18:40.814,6.455,-19.800,-46.200,-28.477,-41.098,8.677,-5.102,10.066,-0.943,-2.821,2.975,
18:18:40.833,6.474,-19.800,-44.000,-28.956,-40.762,9.156,-3.238,9.711,-0.662,-2.660,2.741,
18:18:40.841,6.483,-19.800,-44.000,-29.163,-40.614,9.363,-3.386,9.956,-0.439,-2.483,2.521,
18:18:40.859,6.500,-19.800,-44.000,-29.598,-40.299,9.798,-3.701,10.474,-0.364,-2.390,2.418,
18:18:40.867,6.508,-19.800,-44.000,-29.788,-40.158,9.988,-3.842,10.702,-0.382,-2.317,2.348,
18:18:40.883,6.525,-19.800,-44.000,-30.200,-39.849,10.400,-4.151,11.198,-0.408,-2.269,2.305,
18:18:40.902,6.543,-22.000,-44.000,-30.644,-39.509,8.644,-4.491,9.741,-0.495,-1.986,2.047,
18:18:40.910,6.552,-22.000,-44.000,-30.842,-39.355,8.842,-4.645,9.988,-0.672,-1.724,1.850,
18:18:40.929,6.571,-22.000,-44.000,-31.304,-38.988,9.304,-5.012,10.568,-0.783,-1.603,1.784,
18:18:40.939,6.581,-22.000,-44.000,-31.540,-38.798,9.540,-5.202,10.866,-0.945,-1.566,1.829,
18:18:40.959,6.601,-22.000,-44.000,-32.023,-38.400,10.023,-5.600,11.481,-1.071,-1.558,1.891,
18:18:40.969,6.610,-22.000,-44.000,-32.243,-38.215,10.243,-5.785,11.763,-1.222,-1.646,2.050,
18:18:40.986,6.628,-22.000,-44.000,-32.647,-37.871,10.647,-6.129,12.285,-1.338,-1.699,2.162,
18:18:41.006,6.648,-22.000,-44.000,-33.123,-37.455,11.123,-6.545,12.906,-1.456,-1.788,2.306,
18:18:41.026,6.668,-24.200,-41.800,-33.569,-37.055,9.369,-4.745,10.502,-1.287,-1.624,2.073,
18:18:41.044,6.686,-24.200,-41.800,-33.974,-36.685,9.774,-5.115,11.031,-1.187,-1.546,1.949,
18:18:41.065,6.706,-24.200,-41.800,-34.442,-36.246,10.242,-5.554,11.651,-1.166,-1.544,1.935,
18:18:41.084,6.726,-28.600,-41.800,-34.870,-35.834,6.270,-5.966,8.655,-1.198,-1.022,1.575,
18:18:41.102,6.743,-28.600,-41.800,-35.257,-35.453,6.657,-6.347,9.198,-1.266,-0.711,1.452,
18:18:41.109,6.751,-28.600,-41.800,-35.419,-35.291,6.819,-6.509,9.427,-1.367,-0.523,1.464,
18:18:41.126,6.768,-28.600,-41.800,-35.781,-34.924,7.181,-6.876,9.942,-1.441,-0.446,1.508,
18:18:41.146,6.788,-28.600,-39.600,-36.204,-34.486,7.604,-5.114,9.164,-1.274,-0.479,1.361,
18:18:41.165,6.806,-28.600,-39.600,-36.594,-34.072,7.994,-5.528,9.719,-1.184,-0.612,1.332,
18:18:41.184,6.825,-28.600,-39.600,-36.990,-33.642,8.390,-5.958,10.290,-1.174,-0.790,1.415,
18:18:41.203,6.845,-33.000,-39.600,-37.392,-33.194,4.392,-6.406,7.768,-1.227,-0.421,1.297,
18:18:41.223,6.865,-33.000,-39.600,-37.798,-32.731,4.798,-6.869,8.378,-1.324,-0.236,1.345,
18:18:41.232,6.873,-33.000,-39.600,-37.963,-32.539,4.963,-7.061,8.631,-1.471,-0.167,1.480,
18:18:41.248,6.890,-33.000,-39.600,-38.293,-32.150,5.293,-7.450,9.139,-1.569,-0.167,1.578,
18:18:41.256,6.898,-33.000,-39.600,-38.449,-31.964,5.449,-7.636,9.381,-1.700,-0.283,1.723,
18:18:41.276,6.918,-37.400,-37.400,-38.831,-31.498,1.431,-5.902,6.073,-1.552,0.132,1.558,
18:18:41.297,6.939,-37.400,-37.400,-39.243,-30.983,1.843,-6.417,6.676,-1.478,0.373,1.524,
18:18:41.307,6.949,-37.400,-37.400,-39.424,-30.752,2.024,-6.648,6.949,-1.444,0.453,1.513,
18:18:41.325,6.966,-37.400,-37.400,-39.760,-30.317,2.360,-7.083,7.465,-1.465,0.456,1.535,
18:18:41.344,6.986,-39.600,-30.800,-40.115,-29.846,0.515,-0.954,1.084,-0.716,0.628,0.952,
18:18:41.363,7.005,-39.600,-30.800,-40.470,-29.362,0.870,-1.438,1.681,-0.237,0.648,0.690,
18:18:41.382,7.024,-39.600,-30.800,-40.809,-28.891,1.209,-1.909,2.260,-0.004,0.555,0.555,
18:18:41.391,7.032,-39.600,-30.800,-40.954,-28.683,1.354,-2.117,2.513,0.029,0.331,0.333,
18:18:41.409,7.051,-44.000,-30.800,-41.281,-28.212,-2.719,-2.588,3.754,0.031,0.722,0.723,
18:18:41.419,7.060,-44.000,-30.800,-41.442,-27.974,-2.558,-2.826,3.812,-0.157,1.036,1.048,
18:18:41.437,7.079,-44.000,-30.800,-41.761,-27.496,-2.239,-3.304,3.991,-0.286,1.145,1.180,
18:18:41.449,7.090,-44.000,-30.800,-41.945,-27.214,-2.055,-3.586,4.133,-0.542,1.113,1.238,
18:18:41.466,7.107,-46.200,-28.600,-42.232,-26.767,-3.968,-1.833,4.371,-0.472,1.309,1.392,
18:18:41.484,7.126,-46.200,-28.600,-42.532,-26.287,-3.668,-2.313,4.336,-0.498,1.362,1.450,
18:18:41.506,7.147,-46.200,-28.600,-42.878,-25.719,-3.322,-2.881,4.397,-0.605,1.297,1.431,
18:18:41.528,7.169,-48.400,-26.400,-43.222,-25.137,-5.178,-1.263,5.330,-0.498,1.414,1.499,
18:18:41.538,7.179,-48.400,-26.400,-43.373,-24.875,-5.027,-1.525,5.253,-0.458,1.409,1.481,
18:18:41.556,7.198,-48.400,-26.400,-43.654,-24.379,-4.746,-2.021,5.159,-0.503,1.351,1.441,
18:18:41.576,7.217,-48.400,-26.400,-43.945,-23.851,-4.455,-2.549,5.133,-0.617,1.222,1.370,
18:18:41.596,7.238,-48.400,-19.800,-44.238,-23.303,-4.162,3.503,5.440,0.058,1.049,1.051,
18:18:41.616,7.258,-48.400,-19.800,-44.521,-22.756,-3.879,2.956,4.877,0.452,0.857,0.969,
18:18:41.635,7.276,-48.400,-19.800,-44.779,-22.244,-3.621,2.444,4.368,0.607,0.667,0.901,
18:18:41.657,7.298,-50.600,-17.600,-45.077,-21.635,-5.523,4.035,6.840,0.859,0.768,1.152,
18:18:41.667,7.309,-50.600,-17.600,-45.215,-21.344,-5.385,3.744,6.559,0.907,0.861,1.250,
18:18:41.686,7.328,-50.600,-17.600,-45.462,-20.813,-5.138,3.213,6.060,0.869,0.848,1.214,
18:18:41.708,7.350,-50.600,-17.600,-45.741,-20.193,-4.859,2.593,5.507,0.705,0.794,1.062,
18:18:41.718,7.360,-50.600,-13.200,-45.861,-19.919,-4.739,6.719,8.223,1.195,0.715,1.392,
18:18:41.738,7.379,-50.600,-13.200,-46.095,-19.370,-4.505,6.170,7.640,1.333,0.631,1.475,
18:18:41.749,7.390,-50.600,-13.200,-46.224,-19.063,-4.376,5.863,7.316,1.317,0.537,1.423,
18:18:41.768,7.410,-50.600,-13.200,-46.447,-18.510,-4.153,5.310,6.741,1.224,0.448,1.304,
18:18:41.780,7.421,-50.600,-15.400,-46.576,-18.183,-4.024,2.783,4.893,0.647,0.361,0.741,
18:18:41.798,7.439,-50.600,-15.400,-46.774,-17.668,-3.826,2.268,4.448,0.241,0.281,0.370,
18:18:41.808,7.449,-50.600,-15.400,-46.881,-17.384,-3.719,1.984,4.216,-0.208,0.212,0.297,
18:18:41.824,7.466,-50.600,-15.400,-47.058,-16.898,-3.542,1.498,3.845,-0.520,0.147,0.540,
18:18:41.842,7.484,-52.800,-11.000,-47.238,-16.389,-5.562,5.389,7.745,-0.239,0.368,0.439,
18:18:41.853,7.495,-52.800,-11.000,-47.345,-16.076,-5.455,5.076,7.451,0.032,0.576,0.577,
18:18:41.872,7.514,-52.800,-11.000,-47.531,-15.517,-5.269,4.517,6.940,0.097,0.661,0.668,
18:18:41.882,7.523,-52.800,-11.000,-47.616,-15.257,-5.184,4.257,6.708,0.137,0.719,0.732,
18:18:41.899,7.540,-50.600,-13.200,-47.771,-14.764,-2.829,1.564,3.233,-0.181,0.459,0.494,
18:18:41.907,7.548,-50.600,-13.200,-47.840,-14.536,-2.760,1.336,3.066,-0.571,0.132,0.586,
18:18:41.923,7.565,-50.600,-13.200,-47.989,-14.037,-2.611,0.837,2.742,-0.812,-0.032,0.812,
18:18:41.943,7.584,-50.600,-13.200,-48.153,-13.464,-2.447,0.264,2.461,-1.036,-0.161,1.048,
18:18:41.950,7.592,-50.600,-13.200,-48.213,-13.249,-2.387,0.049,2.388,-1.240,-0.268,1.268,
18:18:41.965,7.607,-48.400,-13.200,-48.331,-12.812,-0.069,-0.388,0.394,-1.391,-0.613,1.520,
18:18:41.983,7.625,-48.400,-13.200,-48.469,-12.279,0.069,-0.921,0.924,-1.526,-0.854,1.748,
18:18:41.992,7.633,-48.400,-13.200,-48.533,-12.024,0.133,-1.176,1.183,-1.604,-1.025,1.904,
18:18:42.009,7.651,-48.400,-13.200,-48.658,-11.506,0.258,-1.694,1.714,-1.701,-1.124,2.039,
18:18:42.017,7.659,-48.400,-13.200,-48.715,-11.264,0.315,-1.936,1.961,-1.742,-1.122,2.073,
18:18:42.035,7.677,-50.600,-11.000,-48.835,-10.731,-1.765,-0.269,1.785,-1.564,-0.883,1.796,
18:18:42.052,7.693,-50.600,-11.000,-48.943,-10.227,-1.657,-0.773,1.829,-1.418,-0.637,1.554,
18:18:42.060,7.702,-50.600,-11.000,-48.996,-9.969,-1.604,-1.031,1.907,-1.264,-0.351,1.312,
18:18:42.080,7.722,-50.600,-11.000,-49.113,-9.378,-1.487,-1.622,2.201,-1.242,-0.216,1.260,
18:18:42.089,7.730,-50.600,-11.000,-49.162,-9.116,-1.438,-1.884,2.370,-1.244,-0.082,1.247,
18:18:42.107,7.749,-50.600,-11.000,-49.261,-8.564,-1.339,-2.436,2.780,-1.285,-0.009,1.285,
18:18:42.126,7.767,-50.600,-11.000,-49.356,-8.000,-1.244,-3.000,3.248,-1.367,0.031,1.367,
18:18:42.143,7.785,-50.600,-11.000,-49.439,-7.469,-1.161,-3.531,3.717,-1.474,0.043,1.475,
18:18:42.153,7.794,-50.600,-11.000,-49.480,-7.193,-1.120,-3.807,3.968,-1.601,0.020,1.602,
18:18:42.171,7.813,-50.600,-11.000,-49.559,-6.630,-1.041,-4.370,4.493,-1.705,0.018,1.706,
18:18:42.180,7.822,-50.600,-11.000,-49.595,-6.350,-1.005,-4.650,4.758,-1.821,-0.016,1.821,
18:18:42.196,7.838,-50.600,-11.000,-49.655,-5.861,-0.945,-5.139,5.225,-1.919,-0.029,1.919,
18:18:42.215,7.857,-48.400,-11.000,-49.720,-5.283,1.320,-5.717,5.867,-2.025,-0.311,2.049,
18:18:42.235,7.877,-48.400,-11.000,-49.781,-4.677,1.381,-6.323,6.472,-2.137,-0.529,2.202,
18:18:42.256,7.897,-48.400,-11.000,-49.836,-4.045,1.436,-6.955,7.102,-2.249,-0.670,2.347,
18:18:42.275,7.917,-50.600,-11.000,-49.880,-3.458,-0.720,-7.542,7.577,-2.352,-0.453,2.396,
18:18:42.294,7.936,-50.600,-11.000,-49.918,-2.870,-0.682,-8.130,8.158,-2.450,-0.281,2.466,
18:18:42.311,7.953,-50.600,-11.000,-49.946,-2.334,-0.654,-8.666,8.691,-2.537,-0.149,2.541,
18:18:42.320,7.961,-50.600,-11.000,-49.956,-2.088,-0.644,-8.912,8.935,-2.606,-0.024,2.607,
18:18:42.335,7.977,-50.600,-8.800,-49.974,-1.604,-0.626,-7.196,7.224,-2.394,0.040,2.395,
18:18:42.352,7.994,-50.600,-8.800,-49.988,-1.097,-0.612,-7.703,7.727,-2.258,0.081,2.259,
18:18:42.360,8.001,-50.600,-8.800,-49.993,-0.861,-0.607,-7.939,7.962,-2.132,0.096,2.134,
18:18:42.376,8.017,-50.600,-8.800,-49.999,-0.375,-0.601,-8.425,8.447,-2.103,0.114,2.106,
18:18:42.392,8.034,-50.600,-8.800,-50.000,0.141,-0.600,-8.941,8.961,-2.129,0.120,2.133,
18:18:42.401,8.042,-50.600,-8.800,-49.998,0.392,-0.602,-9.192,9.212,-2.209,0.099,2.211,
18:18:42.423,8.064,-50.600,-8.800,-49.989,1.067,-0.611,-9.867,9.886,-2.288,0.103,2.290,
18:18:42.432,8.074,-50.600,-8.800,-49.982,1.353,-0.618,-10.153,10.172,-2.422,0.080,2.423,
18:18:42.448,8.090,-50.600,-6.600,-49.966,1.856,-0.634,-8.456,8.480,-2.248,0.076,2.250,
18:18:42.457,8.098,-50.600,-6.600,-49.956,2.099,-0.644,-8.699,8.723,-2.092,0.058,2.093,
18:18:42.477,8.119,-50.600,-6.600,-49.925,2.742,-0.675,-9.342,9.367,-2.068,0.061,2.069,
18:18:42.498,8.139,-50.600,-6.600,-49.886,3.368,-0.714,-9.968,9.993,-2.124,0.062,2.125,
18:18:42.521,8.163,-52.800,-4.400,-49.833,4.083,-2.967,-8.483,8.987,-1.977,0.337,2.005,
18:18:42.530,8.172,-52.800,-4.400,-49.809,4.367,-2.991,-8.767,9.263,-1.892,0.606,1.986,
18:18:42.548,8.190,-52.800,-4.400,-49.758,4.910,-3.042,-9.310,9.794,-1.893,0.738,2.032,
18:18:42.556,8.198,-52.800,-4.400,-49.733,5.156,-3.067,-9.556,10.036,-1.985,0.817,2.147,
18:18:42.576,8.217,-52.800,0.000,-49.669,5.746,-3.131,-5.746,6.544,-1.557,0.871,1.784,
18:18:42.593,8.235,-52.800,0.000,-49.605,6.273,-3.195,-6.273,7.040,-1.283,0.881,1.556,
18:18:42.615,8.256,-52.800,0.000,-49.517,6.930,-3.283,-6.930,7.668,-1.193,0.874,1.479,
18:18:42.634,8.276,-50.600,2.200,-49.430,7.527,-1.170,-5.327,5.454,-0.970,0.556,1.118,
18:18:42.653,8.295,-50.600,2.200,-49.337,8.114,-1.263,-5.914,6.047,-0.931,0.327,0.986,
18:18:42.671,8.313,-50.600,2.200,-49.244,8.664,-1.356,-6.464,6.605,-1.022,0.177,1.037,
18:18:42.681,8.322,-50.600,2.200,-49.198,8.922,-1.402,-6.722,6.867,-1.253,0.071,1.255,
18:18:42.698,8.340,-52.800,6.600,-49.098,9.455,-3.702,-2.855,4.675,-0.859,0.288,0.906,
18:18:42.707,8.348,-52.800,6.600,-49.049,9.704,-3.751,-3.104,4.868,-0.547,0.578,0.796,
18:18:42.724,8.365,-52.800,6.600,-48.945,10.218,-3.855,-3.618,5.287,-0.446,0.712,0.840,
18:18:42.741,8.383,-52.800,6.600,-48.830,10.751,-3.970,-4.151,5.744,-0.490,0.822,0.957,
18:18:42.750,8.392,-52.800,6.600,-48.775,11.000,-4.025,-4.400,5.964,-0.702,0.920,1.157,
18:18:42.768,8.409,-50.600,8.800,-48.652,11.530,-1.948,-2.730,3.353,-0.584,0.714,0.922,
18:18:42.777,8.418,-50.600,8.800,-48.588,11.801,-2.012,-3.001,3.613,-0.582,0.469,0.748,
18:18:42.793,8.435,-50.600,8.800,-48.466,12.289,-2.134,-3.489,4.089,-0.637,0.355,0.729,
18:18:42.817,8.459,-50.600,8.800,-48.277,13.013,-2.323,-4.213,4.811,-0.785,0.296,0.839,
18:18:42.840,8.482,-50.600,15.400,-48.089,13.691,-2.511,1.709,3.038,-0.207,0.285,0.352,
18:18:42.849,8.491,-50.600,15.400,-48.012,13.958,-2.588,1.442,2.963,0.277,0.315,0.419,
18:18:42.869,8.511,-50.600,15.400,-47.838,14.545,-2.762,0.855,2.892,0.415,0.339,0.536,
18:18:42.878,8.520,-50.600,15.400,-47.758,14.803,-2.842,0.597,2.904,0.357,0.399,0.535,
18:18:42.900,8.541,-50.600,17.600,-47.560,15.430,-3.040,2.170,3.736,0.525,0.442,0.686,
18:18:42.909,8.551,-50.600,17.600,-47.468,15.709,-3.132,1.891,3.658,0.507,0.510,0.719,
18:18:42.931,8.572,-50.600,17.600,-47.255,16.339,-3.345,1.261,3.575,0.431,0.564,0.710,
18:18:42.940,8.581,-50.600,17.600,-47.169,16.586,-3.431,1.014,3.578,0.139,0.632,0.647,
18:18:42.957,8.598,-50.600,22.000,-46.991,17.084,-3.609,4.916,6.099,0.482,0.683,0.836,
18:18:42.966,8.608,-50.600,22.000,-46.893,17.352,-3.707,4.648,5.946,0.716,0.734,1.026,
18:18:42.982,8.624,-50.600,22.000,-46.720,17.811,-3.880,4.189,5.710,0.770,0.779,1.095,
18:18:42.990,8.632,-50.600,22.000,-46.634,18.035,-3.966,3.965,5.608,0.673,0.821,1.062,
18:18:43.006,8.648,-50.600,22.000,-46.454,18.494,-4.146,3.506,5.430,0.572,0.861,1.033,
18:18:43.025,8.667,-48.400,24.200,-46.237,19.030,-2.163,5.170,5.604,0.648,0.641,0.911,
18:18:43.045,8.687,-48.400,24.200,-45.997,19.603,-2.403,4.597,5.187,0.590,0.489,0.767,
18:18:43.065,8.707,-48.400,24.200,-45.750,20.172,-2.650,4.028,4.821,0.427,0.410,0.592,
18:18:43.082,8.723,-46.200,26.400,-45.544,20.633,-0.656,5.767,5.804,0.506,0.082,0.513,
18:18:43.089,8.731,-46.200,26.400,-45.454,20.831,-0.746,5.569,5.619,0.516,-0.201,0.554,
18:18:43.105,8.747,-46.200,26.400,-45.242,21.288,-0.958,5.112,5.201,0.447,-0.303,0.540,
18:18:43.122,8.764,-46.200,26.400,-45.018,21.757,-1.182,4.643,4.791,0.310,-0.318,0.444,
18:18:43.130,8.771,-46.200,26.400,-44.922,21.955,-1.278,4.445,4.625,0.089,-0.231,0.247,
18:18:43.144,8.786,-46.200,28.600,-44.722,22.359,-1.478,6.241,6.414,0.202,-0.177,0.269,
18:18:43.161,8.803,-46.200,28.600,-44.488,22.822,-1.712,5.778,6.026,0.223,-0.087,0.240,
18:18:43.170,8.812,-46.200,28.600,-44.366,23.058,-1.834,5.542,5.838,0.190,0.071,0.203,
18:18:43.192,8.834,-46.200,28.600,-44.050,23.655,-2.150,4.945,5.392,0.104,0.178,0.206,
18:18:43.201,8.843,-46.200,30.800,-43.921,23.895,-2.279,6.905,7.271,0.351,0.344,0.491,
18:18:43.217,8.859,-46.200,30.800,-43.686,24.321,-2.514,6.479,6.949,0.403,0.459,0.610,
18:18:43.242,8.884,-46.200,30.800,-43.304,24.996,-2.896,5.804,6.487,0.354,0.580,0.680,
18:18:43.251,8.893,-46.200,30.800,-43.167,25.232,-3.033,5.568,6.341,0.212,0.702,0.734,
18:18:43.267,8.909,-44.000,30.800,-42.921,25.648,-1.079,5.152,5.264,0.085,0.511,0.518,
18:18:43.285,8.927,-44.000,30.800,-42.635,26.120,-1.365,4.680,4.875,-0.068,0.399,0.405,
18:18:43.303,8.945,-44.000,30.800,-42.340,26.596,-1.660,4.204,4.520,-0.240,0.349,0.424,
18:18:43.321,8.963,-44.000,33.000,-42.040,27.067,-1.960,5.933,6.248,-0.130,0.352,0.375,
18:18:43.328,8.970,-44.000,33.000,-41.925,27.245,-2.075,5.755,6.118,0.002,0.391,0.391,
18:18:43.344,8.986,-44.000,33.000,-41.656,27.655,-2.344,5.345,5.837,-0.010,0.434,0.435,
18:18:43.362,9.003,-44.000,33.000,-41.360,28.095,-2.640,4.905,5.570,-0.071,0.505,0.510,
18:18:43.369,9.011,-44.000,33.000,-41.230,28.286,-2.770,4.714,5.468,-0.170,0.607,0.630,
18:18:43.387,9.029,-41.800,35.200,-40.919,28.735,-0.881,6.465,6.525,-0.009,0.428,0.428,
18:18:43.404,9.046,-41.800,35.200,-40.620,29.155,-1.180,6.045,6.159,0.077,0.312,0.322,
18:18:43.421,9.063,-41.800,35.200,-40.311,29.580,-1.489,5.620,5.814,0.084,0.270,0.283,
18:18:43.429,9.070,-41.800,35.200,-40.182,29.756,-1.618,5.444,5.679,0.029,0.278,0.280,
18:18:43.445,9.087,-41.800,33.000,-39.873,30.169,-1.927,2.831,3.425,-0.297,0.309,0.428,
18:18:43.466,9.107,-41.800,33.000,-39.492,30.666,-2.308,2.334,3.283,-0.597,0.383,0.709,
18:18:43.483,9.125,-41.800,33.000,-39.158,31.090,-2.642,1.910,3.259,-0.869,0.494,1.000,
18:18:43.501,9.142,-41.800,33.000,-38.824,31.508,-2.976,1.492,3.330,-1.084,0.616,1.247,
18:18:43.509,9.150,-41.800,33.000,-38.670,31.696,-3.130,1.304,3.391,-1.256,0.757,1.467,
18:18:43.526,9.168,-41.800,33.000,-38.328,32.109,-3.472,0.891,3.585,-1.387,0.860,1.632,
18:18:43.544,9.186,-41.800,33.000,-37.978,32.522,-3.822,0.478,3.852,-1.483,0.966,1.770,
18:18:43.564,9.206,-41.800,33.000,-37.575,32.987,-4.225,0.013,4.225,-1.558,1.075,1.893,
18:18:43.582,9.224,-41.800,33.000,-37.209,33.399,-4.591,-0.399,4.608,-1.603,1.175,1.988,
18:18:43.590,9.232,-41.800,33.000,-37.046,33.580,-4.754,-0.580,4.789,-1.598,1.256,2.033,
18:18:43.608,9.250,-41.800,33.000,-36.671,33.988,-5.129,-0.988,5.223,-1.635,1.337,2.112,
18:18:43.617,9.258,-41.800,33.000,-36.491,34.182,-5.309,-1.182,5.438,-1.634,1.397,2.150,
18:18:43.633,9.275,-41.800,35.200,-36.140,34.553,-5.660,0.647,5.697,-1.395,1.465,2.023,
18:18:43.652,9.293,-41.800,35.200,-35.754,34.952,-6.046,0.248,6.051,-1.220,1.534,1.961,
18:18:43.660,9.302,-41.800,35.200,-35.580,35.129,-6.220,0.071,6.221,-1.049,1.581,1.897,
18:18:43.677,9.319,-41.800,35.200,-35.204,35.506,-6.596,-0.306,6.603,-0.987,1.642,1.916,
18:18:43.693,9.335,-41.800,33.000,-34.858,35.846,-6.942,-2.846,7.503,-1.267,1.699,2.119,
18:18:43.712,9.354,-41.800,33.000,-34.432,36.255,-7.368,-3.255,8.055,-1.497,1.764,2.314,
18:18:43.720,9.362,-41.800,33.000,-34.253,36.424,-7.547,-3.424,8.287,-1.767,1.810,2.530,
18:18:43.737,9.379,-41.800,33.000,-33.876,36.775,-7.924,-3.775,8.777,-1.904,1.865,2.665,
18:18:43.754,9.396,-39.600,35.200,-33.495,37.123,-6.105,-1.923,6.401,-1.733,1.643,2.388,
18:18:43.773,9.414,-39.600,35.200,-33.062,37.509,-6.538,-2.309,6.933,-1.619,1.510,2.214,
18:18:43.782,9.424,-39.600,35.200,-32.851,37.693,-6.749,-2.493,7.194,-1.507,1.401,2.058,
18:18:43.799,9.440,-39.600,35.200,-32.466,38.026,-7.134,-2.826,7.674,-1.467,1.377,2.012,
18:18:43.807,9.449,-39.600,35.200,-32.265,38.197,-7.335,-2.997,7.924,-1.454,1.401,2.019,
18:18:43.824,9.465,-39.600,35.200,-31.881,38.517,-7.719,-3.317,8.401,-1.459,1.439,2.049,
18:18:43.844,9.485,-39.600,35.200,-31.406,38.906,-8.194,-3.706,8.993,-1.494,1.521,2.132,
18:18:43.861,9.502,-41.800,35.200,-30.998,39.232,-10.802,-4.032,11.530,-1.554,1.928,2.476,
18:18:43.868,9.510,-41.800,35.200,-30.825,39.368,-10.975,-4.168,11.740,-1.648,2.398,2.910,
18:18:43.884,9.526,-41.800,35.200,-30.438,39.668,-11.362,-4.468,12.209,-1.694,2.621,3.121,
18:18:43.901,9.543,-41.800,35.200,-30.017,39.987,-11.783,-4.787,12.718,-1.750,2.799,3.301,
18:18:43.909,9.550,-41.800,35.200,-29.837,40.122,-11.963,-4.922,12.936,-1.829,2.939,3.462,
18:18:43.930,9.571,-35.200,37.400,-29.317,40.503,-5.883,-3.103,6.651,-1.635,2.324,2.841,
18:18:43.938,9.580,-35.200,37.400,-29.103,40.657,-6.097,-3.257,6.912,-1.413,1.514,2.071,
18:18:43.961,9.603,-35.200,37.400,-28.526,41.064,-6.674,-3.664,7.614,-1.333,1.201,1.794,
18:18:43.970,9.612,-35.200,37.400,-28.306,41.216,-6.894,-3.816,7.880,-1.310,0.970,1.631,
18:18:43.993,9.635,-35.200,37.400,-27.709,41.620,-7.491,-4.220,8.598,-1.313,0.899,1.591,
18:18:44.015,9.657,-35.200,37.400,-27.150,41.987,-8.050,-4.587,9.265,-1.371,0.974,1.682,
18:18:44.041,9.682,-35.200,37.400,-26.483,42.411,-8.717,-5.011,10.055,-1.460,1.142,1.854,
18:18:44.049,9.691,-33.000,44.000,-26.255,42.552,-6.745,1.448,6.899,-0.214,0.995,1.018,
18:18:44.067,9.708,-33.000,44.000,-25.803,42.828,-7.197,1.172,7.292,0.256,0.986,1.019,
18:18:44.083,9.725,-33.000,44.000,-25.363,43.090,-7.637,0.910,7.691,0.523,1.058,1.180,
18:18:44.103,9.744,-33.000,44.000,-24.846,43.390,-8.154,0.610,8.177,0.617,1.189,1.340,
18:18:44.111,9.753,-33.000,44.000,-24.634,43.510,-8.366,0.490,8.380,0.512,1.410,1.500,
18:18:44.127,9.769,-33.000,44.000,-24.192,43.758,-8.808,0.242,8.812,0.455,1.555,1.621,
18:18:44.136,9.777,-33.000,44.000,-23.968,43.881,-9.032,0.119,9.033,0.245,1.748,1.766,
18:18:44.154,9.795,-33.000,44.000,-23.483,44.142,-9.517,-0.142,9.518,0.127,1.895,1.899,
18:18:44.172,9.814,-28.600,46.200,-22.985,44.404,-5.615,1.796,5.896,0.221,1.514,1.530,
18:18:44.181,9.822,-28.600,46.200,-22.755,44.522,-5.845,1.678,6.081,0.227,1.116,1.139,
18:18:44.197,9.839,-28.600,46.200,-22.296,44.754,-6.304,1.446,6.468,0.198,0.986,1.006,
18:18:44.206,9.848,-28.600,46.200,-22.063,44.869,-6.537,1.331,6.672,0.081,0.939,0.943,
18:18:44.223,9.865,-28.600,46.200,-21.589,45.099,-7.011,1.101,7.097,-0.007,0.964,0.964,
18:18:44.242,9.884,-24.200,46.200,-21.052,45.352,-3.148,0.848,3.260,-0.130,0.546,0.561,
18:18:44.251,9.892,-24.200,46.200,-20.821,45.459,-3.379,0.741,3.460,-0.319,0.194,0.373,
18:18:44.266,9.908,-24.200,46.200,-20.380,45.658,-3.820,0.542,3.859,-0.440,0.078,0.447,
18:18:44.285,9.926,-24.200,46.200,-19.862,45.886,-4.338,0.314,4.349,-0.560,0.107,0.570,
18:18:44.302,9.944,-24.200,50.600,-19.373,46.094,-4.827,4.506,6.603,-0.103,0.261,0.281,
18:18:44.311,9.953,-24.200,50.600,-19.128,46.197,-5.072,4.403,6.717,0.341,0.551,0.648,
18:18:44.329,9.971,-24.200,50.600,-18.613,46.406,-5.587,4.194,6.986,0.512,0.744,0.903,
18:18:44.338,9.979,-24.200,50.600,-18.375,46.501,-5.825,4.099,7.122,0.605,1.051,1.213,
18:18:44.354,9.996,-24.200,50.600,-17.906,46.684,-6.294,3.916,7.413,0.628,1.258,1.406,
18:18:44.372,10.014,-17.600,55.000,-17.388,46.879,-0.212,8.121,8.124,1.120,0.674,1.307,
18:18:44.381,10.023,-17.600,55.000,-17.130,46.974,-0.470,8.026,8.040,1.524,0.103,1.527,
18:18:44.397,10.039,-17.600,55.000,-16.666,47.141,-0.934,7.859,7.915,1.698,-0.114,1.702,
18:18:44.406,10.048,-17.600,55.000,-16.405,47.232,-1.195,7.768,7.859,1.718,-0.199,1.729,
18:18:44.424,10.066,-17.600,55.000,-15.891,47.407,-1.709,7.593,7.782,1.706,-0.181,1.716,
18:18:44.446,10.088,-13.200,55.000,-15.244,47.620,2.044,7.380,7.658,1.603,-0.550,1.694,
18:18:44.464,10.106,-13.200,55.000,-14.705,47.789,1.505,7.211,7.366,1.397,-0.696,1.561,
18:18:44.483,10.124,-13.200,55.000,-14.161,47.953,0.961,7.047,7.113,1.177,-0.656,1.348,
18:18:44.491,10.133,-13.200,55.000,-13.922,48.023,0.722,6.977,7.015,0.887,-0.428,0.984,
18:18:44.507,10.149,-13.200,55.000,-13.447,48.158,0.247,6.842,6.847,0.717,-0.270,0.766,
18:18:44.524,10.165,-13.200,55.000,-12.952,48.293,-0.248,6.707,6.711,0.560,-0.043,0.561,
18:18:44.544,10.185,-13.200,55.000,-12.359,48.449,-0.841,6.551,6.605,0.423,0.223,0.478,
18:18:44.561,10.203,-13.200,55.000,-11.841,48.578,-1.359,6.422,6.565,0.306,0.522,0.605,
18:18:44.569,10.211,-13.200,55.000,-11.604,48.635,-1.596,6.365,6.562,0.216,0.858,0.885,
18:18:44.585,10.227,-13.200,55.000,-11.131,48.745,-2.069,6.255,6.588,0.137,1.087,1.096,
18:18:44.603,10.244,-13.200,55.000,-10.600,48.864,-2.600,6.136,6.665,0.076,1.306,1.308,
18:18:44.611,10.252,-13.200,55.000,-10.357,48.916,-2.843,6.084,6.716,0.054,1.506,1.507,
18:18:44.628,10.270,-6.600,57.200,-9.832,49.024,3.232,8.176,8.792,0.276,0.893,0.935,
18:18:44.638,10.279,-6.600,57.200,-9.551,49.079,2.951,8.121,8.640,0.535,0.226,0.581,
18:18:44.656,10.298,-6.600,57.200,-8.992,49.185,2.392,8.015,8.364,0.648,-0.040,0.650,
18:18:44.673,10.315,-6.600,57.200,-8.468,49.278,1.868,7.922,8.140,0.718,-0.154,0.735,
18:18:44.693,10.335,-6.600,57.200,-7.872,49.376,1.272,7.824,7.926,0.744,-0.128,0.755,
18:18:44.701,10.343,-6.600,57.200,-7.626,49.415,1.026,7.785,7.852,0.722,0.051,0.724,
18:18:44.717,10.359,-6.600,57.200,-7.149,49.486,0.549,7.714,7.733,0.705,0.181,0.728,
18:18:44.726,10.367,-6.600,57.200,-6.887,49.523,0.287,7.677,7.682,0.655,0.406,0.770,
18:18:44.742,10.384,-6.600,57.200,-6.397,49.589,-0.203,7.611,7.614,0.623,0.573,0.846,
18:18:44.750,10.392,-4.400,57.200,-6.151,49.620,1.751,7.580,7.779,0.563,0.415,0.699,
18:18:44.768,10.409,-4.400,57.200,-5.616,49.684,1.216,7.516,7.614,0.529,0.406,0.667,
18:18:44.776,10.417,-4.400,57.200,-5.379,49.710,0.979,7.490,7.554,0.474,0.452,0.655,
18:18:44.792,10.433,-4.400,57.200,-4.893,49.760,0.493,7.440,7.456,0.442,0.533,0.693,
18:18:44.800,10.441,-4.400,57.200,-4.651,49.783,0.251,7.417,7.421,0.404,0.674,0.786,
18:18:44.816,10.458,-2.200,55.000,-4.154,49.827,1.954,5.173,5.530,0.121,0.540,0.554,
18:18:44.832,10.474,-2.200,55.000,-3.657,49.866,1.457,5.134,5.337,-0.105,0.489,0.500,
18:18:44.840,10.482,-2.200,55.000,-3.421,49.883,1.221,5.117,5.261,-0.310,0.490,0.580,
18:18:44.856,10.497,-2.200,55.000,-2.942,49.913,0.742,5.087,5.140,-0.412,0.544,0.682,
18:18:44.877,10.518,-2.200,55.000,-2.296,49.947,0.096,5.053,5.054,-0.459,0.659,0.803,
18:18:44.887,10.528,-2.200,55.000,-1.989,49.960,-0.211,5.040,5.044,-0.428,0.839,0.941,
18:18:44.905,10.547,-2.200,55.000,-1.416,49.980,-0.784,5.020,5.081,-0.408,0.993,1.073,
18:18:44.923,10.565,-2.200,55.000,-0.864,49.993,-1.336,5.007,5.183,-0.354,1.166,1.219,
18:18:44.942,10.584,-0.000,52.800,-0.295,49.999,0.295,2.801,2.816,-0.566,1.060,1.202,
18:18:44.951,10.593,-0.000,52.800,-0.011,50.000,0.011,2.800,2.800,-0.734,0.964,1.212,
18:18:44.969,10.611,-0.000,52.800,0.547,49.997,-0.547,2.803,2.856,-0.798,0.983,1.266,
18:18:44.978,10.620,-0.000,52.800,0.807,49.993,-0.807,2.807,2.920,-0.797,1.034,1.306,
18:18:44.995,10.636,-0.000,52.800,1.311,49.983,-1.311,2.817,3.107,-0.782,1.112,1.359,
18:18:45.015,10.657,2.200,55.000,1.932,49.963,0.268,5.037,5.044,-0.472,0.968,1.077,
18:18:45.032,10.674,2.200,55.000,2.468,49.939,-0.268,5.061,5.068,-0.180,0.905,0.923,
18:18:45.040,10.681,2.200,55.000,2.687,49.928,-0.487,5.072,5.096,0.133,0.893,0.903,
18:18:45.056,10.698,2.200,55.000,3.200,49.897,-1.000,5.103,5.200,0.291,0.932,0.976,
18:18:45.074,10.715,2.200,52.800,3.731,49.861,-1.531,2.939,3.314,0.131,1.027,1.035,
18:18:45.095,10.736,2.200,52.800,4.374,49.808,-2.174,2.992,3.698,0.016,1.166,1.166,
18:18:45.114,10.756,2.200,52.800,4.971,49.752,-2.771,3.048,4.119,-0.068,1.335,1.337,
18:18:45.133,10.775,2.200,52.800,5.550,49.691,-3.350,3.109,4.570,-0.113,1.511,1.515,
18:18:45.156,10.798,2.200,52.800,6.268,49.606,-4.068,3.194,5.172,-0.119,1.689,1.694,
18:18:45.175,10.817,2.200,52.800,6.849,49.529,-4.649,3.271,5.685,-0.101,1.856,1.859,
18:18:45.194,10.835,2.200,52.800,7.395,49.450,-5.195,3.350,6.181,-0.067,2.004,2.005,
18:18:45.212,10.854,2.200,52.800,7.971,49.361,-5.771,3.439,6.718,-0.022,2.139,2.139,
18:18:45.221,10.863,2.200,52.800,8.234,49.317,-6.034,3.483,6.967,0.030,2.246,2.246,
18:18:45.240,10.881,2.200,52.800,8.790,49.221,-6.590,3.579,7.499,0.076,2.350,2.352,
18:18:45.248,10.890,6.600,52.800,9.046,49.175,-2.446,3.625,4.373,0.125,1.600,1.605,
18:18:45.269,10.911,6.600,52.800,9.684,49.053,-3.084,3.747,4.853,0.174,1.347,1.358,
18:18:45.278,10.920,6.600,52.800,9.954,48.999,-3.354,3.801,5.069,0.218,1.094,1.115,
18:18:45.297,10.939,6.600,52.800,10.513,48.882,-3.913,3.918,5.537,0.264,1.025,1.058,
18:18:45.317,10.959,4.400,52.800,11.114,48.749,-6.714,4.051,7.841,0.310,1.332,1.368,
18:18:45.326,10.968,4.400,52.800,11.382,48.687,-6.982,4.113,8.103,0.345,1.755,1.789,
18:18:45.343,10.984,4.400,52.800,11.875,48.569,-7.475,4.231,8.590,0.384,1.998,2.035,
18:18:45.362,11.003,4.400,52.800,12.439,48.428,-8.039,4.372,9.151,0.424,2.226,2.266,
18:18:45.369,11.011,4.400,52.800,12.651,48.373,-8.251,4.427,9.364,0.449,2.485,2.526,
18:18:45.385,11.026,8.800,55.000,13.118,48.249,-4.318,6.751,8.014,0.756,2.096,2.228,
18:18:45.402,11.044,8.800,55.000,13.641,48.103,-4.841,6.897,8.426,0.993,1.835,2.087,
18:18:45.411,11.053,8.800,55.000,13.894,48.031,-5.094,6.969,8.633,1.194,1.597,1.994,
18:18:45.427,11.069,8.800,55.000,14.370,47.891,-5.570,7.109,9.031,1.315,1.519,2.009,
18:18:45.436,11.078,8.800,55.000,14.626,47.813,-5.826,7.187,9.251,1.374,1.519,2.048,
18:18:45.453,11.094,11.000,55.000,15.108,47.663,-4.108,7.337,8.409,1.426,1.292,1.924,
18:18:45.462,11.104,11.000,55.000,15.378,47.577,-4.378,7.423,8.618,1.416,1.142,1.819,
18:18:45.478,11.120,11.000,55.000,15.845,47.423,-4.845,7.577,8.994,1.427,1.102,1.803,
18:18:45.487,11.128,11.000,55.000,16.084,47.343,-5.084,7.657,9.191,1.383,1.176,1.815,
18:18:45.504,11.146,11.000,55.000,16.585,47.169,-5.585,7.831,9.619,1.383,1.246,1.861,
18:18:45.522,11.164,13.200,52.800,17.105,46.983,-3.905,5.817,7.006,1.104,1.120,1.573,
18:18:45.531,11.173,13.200,52.800,17.365,46.888,-4.165,5.912,7.232,0.790,1.083,1.340,
18:18:45.547,11.189,13.200,52.800,17.831,46.712,-4.631,6.088,7.649,0.648,1.109,1.284,
18:18:45.563,11.205,13.200,52.800,18.295,46.533,-5.095,6.267,8.077,0.568,1.211,1.337,
18:18:45.582,11.223,15.400,52.800,18.813,46.326,-3.413,6.474,7.319,0.546,1.087,1.216,
18:18:45.591,11.233,15.400,52.800,19.071,46.220,-3.671,6.580,7.535,0.580,1.041,1.192,
18:18:45.608,11.250,15.400,52.800,19.555,46.017,-4.155,6.783,7.954,0.611,1.069,1.232,
18:18:45.620,11.262,15.400,52.800,19.888,45.875,-4.488,6.925,8.252,0.681,1.177,1.360,
18:18:45.642,11.284,15.400,55.000,20.512,45.599,-5.112,9.401,10.701,1.002,1.306,1.646,
18:18:45.656,11.298,15.400,55.000,20.888,45.428,-5.488,9.572,11.034,1.331,1.503,2.008,
18:18:45.676,11.318,15.400,55.000,21.453,45.164,-6.053,9.836,11.549,1.552,1.685,2.291,
18:18:45.696,11.337,19.800,52.800,21.988,44.906,-2.188,7.894,8.192,1.434,1.316,1.946,
18:18:45.716,11.357,19.800,52.800,22.535,44.634,-2.735,8.166,8.612,1.354,1.119,1.756,
18:18:45.735,11.377,19.800,52.800,23.064,44.363,-3.264,8.437,9.047,1.311,1.062,1.688,
18:18:45.755,11.397,24.200,50.600,23.609,44.075,0.591,6.525,6.552,1.023,0.544,1.158,
18:18:45.775,11.417,24.200,50.600,24.149,43.781,0.051,6.819,6.819,0.854,0.283,0.899,
18:18:45.794,11.435,24.200,50.600,24.650,43.501,-0.450,7.099,7.113,0.782,0.221,0.813,
18:18:45.813,11.454,26.400,50.600,25.157,43.210,1.243,7.390,7.493,0.786,0.006,0.786,
18:18:45.821,11.463,26.400,50.600,25.385,43.077,1.015,7.523,7.591,0.860,-0.035,0.860,
18:18:45.839,11.481,26.400,50.600,25.863,42.791,0.537,7.809,7.827,0.912,-0.019,0.912,
18:18:45.848,11.490,26.400,50.600,26.089,42.654,0.311,7.946,7.952,1.027,0.175,1.041,
18:18:45.865,11.507,26.400,50.600,26.526,42.384,-0.126,8.216,8.217,1.105,0.307,1.147,
18:18:45.883,11.525,28.600,44.000,26.988,42.091,1.612,1.909,2.499,0.385,0.231,0.449,
18:18:45.903,11.545,28.600,44.000,27.518,41.747,1.082,2.253,2.500,-0.087,0.269,0.282,
18:18:45.911,11.553,28.600,44.000,27.700,41.626,0.900,2.374,2.539,-0.478,0.441,0.651,
18:18:45.929,11.570,28.600,44.000,28.151,41.322,0.449,2.678,2.715,-0.626,0.553,0.835,
18:18:45.938,11.579,30.800,46.200,28.380,41.165,2.420,5.035,5.586,-0.207,0.355,0.411,
18:18:45.953,11.595,30.800,46.200,28.777,40.888,2.023,5.312,5.684,0.030,0.309,0.311,
18:18:45.975,11.617,30.800,46.200,29.326,40.496,1.474,5.704,5.891,0.280,0.353,0.450,
18:18:45.993,11.635,33.000,44.000,29.771,40.171,3.229,3.829,5.009,0.282,0.185,0.338,
18:18:46.013,11.655,33.000,44.000,30.267,39.798,2.733,4.202,5.012,0.349,0.150,0.380,
18:18:46.031,11.673,33.000,44.000,30.707,39.460,2.293,4.540,5.086,0.459,0.212,0.506,
18:18:46.040,11.681,33.000,44.000,30.901,39.308,2.099,4.692,5.140,0.604,0.361,0.704,
18:18:46.060,11.702,37.400,41.800,31.404,38.907,5.996,2.893,6.657,0.472,-0.032,0.474,
18:18:46.069,11.711,37.400,41.800,31.606,38.743,5.794,3.057,6.551,0.332,-0.403,0.522,
18:18:46.087,11.728,37.400,41.800,32.021,38.401,5.379,3.399,6.363,0.320,-0.528,0.617,
18:18:46.103,11.745,37.400,41.800,32.406,38.077,4.994,3.723,6.229,0.367,-0.521,0.638,
18:18:46.122,11.763,39.600,39.600,32.838,37.705,6.762,1.895,7.023,0.183,-0.699,0.723,
18:18:46.130,11.772,39.600,39.600,33.030,37.536,6.570,2.064,6.886,0.038,-0.750,0.751,
18:18:46.151,11.792,39.600,39.600,33.503,37.116,6.097,2.484,6.584,0.029,-0.730,0.731,
18:18:46.159,11.801,39.600,39.600,33.686,36.949,5.914,2.651,6.481,0.108,-0.539,0.549,
18:18:46.176,11.817,41.800,37.400,34.063,36.602,7.737,0.798,7.778,-0.078,-0.678,0.683,
18:18:46.194,11.836,41.800,37.400,34.473,36.216,7.327,1.184,7.422,-0.151,-0.702,0.718,
18:18:46.215,11.856,41.800,37.400,34.933,35.773,6.867,1.627,7.057,-0.119,-0.626,0.637,
18:18:46.232,11.874,41.800,37.400,35.314,35.397,6.486,2.003,6.789,-0.003,-0.470,0.470,
18:18:46.239,11.881,41.800,37.400,35.467,35.243,6.333,2.157,6.690,0.198,-0.223,0.298,
18:18:46.259,11.901,41.800,37.400,35.892,34.810,5.908,2.590,6.451,0.326,-0.080,0.335,
18:18:46.266,11.908,41.800,37.400,36.051,34.646,5.749,2.754,6.375,0.529,0.136,0.546,
18:18:46.282,11.924,41.800,37.400,36.381,34.300,5.419,3.100,6.244,0.667,0.278,0.723,
18:18:46.290,11.932,44.000,35.200,36.540,34.130,7.460,1.070,7.537,0.413,0.020,0.413,
18:18:46.306,11.948,44.000,35.200,36.880,33.762,7.120,1.438,7.264,0.355,-0.045,0.358,
18:18:46.324,11.966,44.000,35.200,37.258,33.345,6.742,1.855,6.993,0.361,-0.057,0.365,
18:18:46.345,11.986,46.200,35.200,37.668,32.881,8.532,2.319,8.842,0.426,-0.289,0.515,
18:18:46.361,12.003,46.200,35.200,38.008,32.486,8.192,2.714,8.629,0.533,-0.420,0.678,
18:18:46.369,12.010,46.200,35.200,38.149,32.322,8.051,2.878,8.550,0.674,-0.490,0.833,
18:18:46.386,12.027,46.200,35.200,38.487,31.918,7.713,3.282,8.382,0.785,-0.487,0.924,
18:18:46.403,12.044,48.400,35.200,38.817,31.516,9.583,3.684,10.267,0.911,-0.701,1.150,
18:18:46.411,12.053,48.400,35.200,38.968,31.329,9.432,3.871,10.196,1.051,-0.857,1.356,
18:18:46.428,12.069,48.400,35.200,39.289,30.925,9.111,4.275,10.064,1.167,-0.896,1.471,
18:18:46.437,12.078,48.400,35.200,39.457,30.711,8.943,4.489,10.007,1.280,-0.840,1.531,
18:18:46.454,12.096,48.400,35.200,39.792,30.275,8.608,4.925,9.917,1.389,-0.780,1.593,
18:18:46.473,12.114,46.200,30.800,40.125,29.832,6.075,0.968,6.151,0.952,-0.388,1.028,
18:18:46.482,12.123,46.200,30.800,40.286,29.615,5.914,1.185,6.032,0.486,0.081,0.493,
18:18:46.498,12.140,46.200,30.800,40.590,29.197,5.610,1.603,5.835,0.312,0.343,0.463,
18:18:46.507,12.149,46.200,30.800,40.735,28.994,5.465,1.806,5.756,0.204,0.602,0.635,
18:18:46.525,12.166,46.200,30.800,41.046,28.552,5.154,2.248,5.623,0.193,0.764,0.788,
18:18:46.544,12.186,46.200,33.000,41.391,28.049,4.809,4.951,6.902,0.535,0.885,1.034,
18:18:46.564,12.206,46.200,33.000,41.734,27.537,4.466,5.463,7.056,0.884,0.962,1.307,
18:18:46.586,12.228,46.200,33.000,42.096,26.980,4.104,6.020,7.286,1.198,1.007,1.565,
18:18:46.605,12.247,46.200,30.800,42.414,26.477,3.786,4.323,5.746,1.176,1.020,1.556,
18:18:46.623,12.264,46.200,30.800,42.697,26.018,3.503,4.782,5.928,1.192,1.016,1.566,
18:18:46.645,12.286,46.200,30.800,43.048,25.434,3.152,5.366,6.223,1.263,1.018,1.622,
18:18:46.665,12.307,48.400,30.800,43.365,24.889,5.035,5.911,7.765,1.359,0.725,1.540,
18:18:46.685,12.326,48.400,30.800,43.659,24.370,4.741,6.430,7.989,1.471,0.524,1.562,
18:18:46.704,12.346,48.400,30.800,43.945,23.850,4.455,6.950,8.255,1.593,0.407,1.644,
18:18:46.721,12.363,48.400,30.800,44.201,23.372,4.199,7.428,8.532,1.716,0.353,1.752,
18:18:46.731,12.373,48.400,30.800,44.342,23.104,4.058,7.696,8.700,1.828,0.351,1.861,
18:18:46.749,12.391,48.400,30.800,44.587,22.628,3.813,8.172,9.018,1.936,0.351,1.968,
18:18:46.759,12.400,48.400,30.800,44.720,22.363,3.680,8.437,9.204,2.034,0.398,2.072,
18:18:46.776,12.418,46.200,28.600,44.954,21.890,1.246,6.710,6.825,1.866,0.694,1.991,
18:18:46.794,12.436,46.200,28.600,45.200,21.377,1.000,7.223,7.292,1.770,0.941,2.005,
18:18:46.816,12.457,46.200,28.600,45.475,20.784,0.725,7.816,7.849,1.754,1.126,2.085,
18:18:46.833,12.475,48.400,28.600,45.698,20.289,2.702,8.311,8.739,1.793,0.953,2.030,
18:18:46.856,12.497,48.400,28.600,45.976,19.652,2.424,8.948,9.270,1.883,0.842,2.063,
18:18:46.876,12.518,48.400,28.600,46.221,19.068,2.179,9.532,9.778,2.008,0.761,2.147,
18:18:46.895,12.537,50.600,28.600,46.437,18.536,4.163,10.064,10.891,2.145,0.415,2.185,
18:18:46.913,12.555,50.600,28.600,46.640,18.020,3.960,10.580,11.297,2.284,0.195,2.293,
18:18:46.921,12.563,50.600,28.600,46.728,17.791,3.872,10.809,11.482,2.434,0.037,2.435,
18:18:46.939,12.581,50.600,28.600,46.923,17.268,3.677,11.332,11.913,2.545,-0.041,2.546,
18:18:46.949,12.591,48.400,26.400,47.024,16.992,1.376,9.408,9.508,2.276,0.342,2.302,
18:18:46.965,12.607,48.400,26.400,47.187,16.534,1.213,9.866,9.940,2.179,0.541,2.245,
18:18:46.982,12.624,48.400,26.400,47.358,16.037,1.042,10.363,10.415,2.151,0.710,2.265,
18:18:46.991,12.633,48.400,26.400,47.444,15.783,0.956,10.617,10.660,2.162,0.894,2.340,
18:18:47.008,12.650,50.600,24.200,47.604,15.291,2.996,8.909,9.399,1.942,0.719,2.071,
18:18:47.016,12.658,50.600,24.200,47.680,15.053,2.920,9.147,9.602,1.751,0.510,1.824,
18:18:47.031,12.673,50.600,24.200,47.820,14.603,2.780,9.597,9.992,1.695,0.411,1.744,
18:18:47.040,12.681,50.600,24.200,47.890,14.371,2.710,9.829,10.196,1.720,0.325,1.751,
18:18:47.056,12.697,50.600,24.200,48.029,13.900,2.571,10.300,10.616,1.768,0.283,1.790,
18:18:47.073,12.715,50.600,19.800,48.177,13.380,2.423,6.420,6.863,1.347,0.269,1.374,
18:18:47.095,12.737,50.600,19.800,48.353,12.726,2.247,7.074,7.422,1.129,0.277,1.162,
18:18:47.113,12.755,50.600,19.800,48.491,12.193,2.109,7.607,7.894,1.083,0.307,1.126,
18:18:47.132,12.773,50.600,17.600,48.624,11.651,1.976,5.949,6.269,0.868,0.343,0.933,
18:18:47.140,12.781,50.600,17.600,48.680,11.412,1.920,6.188,6.479,0.799,0.400,0.894,
18:18:47.155,12.797,50.600,17.600,48.788,10.943,1.812,6.657,6.899,0.804,0.425,0.910,
18:18:47.174,12.815,50.600,17.600,48.907,10.397,1.693,7.203,7.399,0.912,0.450,1.017,
18:18:47.192,12.834,52.800,17.600,49.022,9.843,3.778,7.757,8.628,1.112,0.196,1.129,
18:18:47.200,12.842,52.800,17.600,49.070,9.598,3.730,8.002,8.828,1.443,-0.063,1.444,
18:18:47.217,12.859,52.800,17.600,49.166,9.095,3.634,8.505,9.249,1.643,-0.178,1.653,
18:18:47.235,12.876,52.800,17.600,49.263,8.554,3.537,9.046,9.713,1.869,-0.238,1.884,
18:18:47.255,12.897,52.800,13.200,49.367,7.929,3.433,5.271,6.290,1.566,-0.253,1.586,
18:18:47.274,12.915,52.800,13.200,49.453,7.375,3.347,5.825,6.718,1.395,-0.226,1.414,
18:18:47.293,12.934,52.800,13.200,49.535,6.802,3.265,6.398,7.183,1.363,-0.183,1.375,
18:18:47.301,12.943,52.800,13.200,49.570,6.543,3.230,6.657,7.399,1.422,-0.098,1.426,
18:18:47.316,12.958,55.000,8.800,49.629,6.081,5.371,2.719,6.020,0.929,-0.341,0.990,
18:18:47.333,12.974,55.000,8.800,49.687,5.584,5.313,3.216,6.210,0.648,-0.504,0.821,
18:18:47.340,12.982,55.000,8.800,49.712,5.354,5.288,3.446,6.311,0.486,-0.628,0.794,
18:18:47.356,12.998,55.000,8.800,49.763,4.864,5.237,3.936,6.551,0.453,-0.687,0.822,
18:18:47.374,13.015,52.800,6.600,49.812,4.330,2.988,2.270,3.752,0.273,-0.428,0.508,
18:18:47.394,13.035,52.800,6.600,49.861,3.729,2.939,2.871,4.109,0.264,-0.209,0.337,
18:18:47.411,13.053,52.800,6.600,49.899,3.180,2.901,3.420,4.485,0.399,-0.027,0.400,
18:18:47.419,13.061,52.800,6.600,49.913,2.945,2.887,3.655,4.658,0.695,0.150,0.711,
18:18:47.438,13.080,57.200,0.000,49.944,2.359,7.256,-2.359,7.629,0.100,-0.279,0.297,
18:18:47.447,13.089,57.200,0.000,49.956,2.100,7.244,-2.100,7.542,-0.446,-0.796,0.912,
18:18:47.463,13.104,57.200,0.000,49.974,1.610,7.226,-1.610,7.403,-0.649,-1.037,1.223,
18:18:47.471,13.113,57.200,0.000,49.982,1.351,7.218,-1.351,7.344,-0.665,-1.229,1.398,
18:18:47.489,13.130,57.200,0.000,49.993,0.821,7.207,-0.821,7.253,-0.618,-1.325,1.462,
18:18:47.498,13.139,57.200,-2.200,49.997,0.546,7.203,-2.746,7.709,-0.751,-1.337,1.534,
18:18:47.514,13.156,57.200,-2.200,50.000,0.032,7.200,-2.232,7.538,-0.746,-1.342,1.536,
18:18:47.533,13.175,57.200,-2.200,49.997,-0.541,7.203,-1.659,7.392,-0.605,-1.306,1.439,
18:18:47.553,13.195,55.000,-4.400,49.986,-1.168,5.014,-3.232,5.965,-0.626,-0.970,1.154,
18:18:47.575,13.216,55.000,-4.400,49.967,-1.824,5.033,-2.576,5.654,-0.501,-0.697,0.858,
18:18:47.595,13.236,55.000,-4.400,49.941,-2.438,5.059,-1.962,5.427,-0.273,-0.496,0.566,
18:18:47.614,13.256,57.200,-8.800,49.908,-3.038,7.292,-5.762,9.294,-0.576,-0.656,0.872,
18:18:47.634,13.276,57.200,-8.800,49.867,-3.649,7.333,-5.151,8.961,-0.668,-0.777,1.025,
18:18:47.653,13.295,57.200,-8.800,49.820,-4.239,7.380,-4.561,8.676,-0.607,-0.865,1.057,
18:18:47.672,13.314,55.000,-8.800,49.769,-4.806,5.231,-3.994,6.582,-0.444,-0.632,0.772,
18:18:47.681,13.322,55.000,-8.800,49.742,-5.070,5.258,-3.730,6.446,-0.186,-0.403,0.443,
18:18:47.697,13.339,55.000,-8.800,49.687,-5.583,5.313,-3.217,6.211,0.013,-0.299,0.299,
18:18:47.716,13.357,55.000,-8.800,49.622,-6.139,5.378,-2.661,6.001,0.241,-0.243,0.342,
18:18:47.735,13.377,55.000,-11.000,49.545,-6.733,5.455,-4.267,6.926,0.208,-0.229,0.310,
18:18:47.753,13.394,55.000,-11.000,49.469,-7.267,5.531,-3.733,6.673,0.246,-0.250,0.351,
18:18:47.775,13.417,55.000,-11.000,49.363,-7.958,5.637,-3.042,6.406,0.357,-0.289,0.460,
18:18:47.793,13.435,57.200,-13.200,49.274,-8.492,7.926,-4.708,9.219,0.204,-0.654,0.685,
18:18:47.813,13.454,57.200,-13.200,49.167,-9.090,8.033,-4.110,9.024,0.182,-0.906,0.924,
18:18:47.832,13.474,57.200,-13.200,49.057,-9.665,8.143,-3.535,8.877,0.245,-1.085,1.112,
18:18:47.841,13.483,57.200,-13.200,49.001,-9.945,8.199,-3.255,8.822,0.361,-1.209,1.262,
18:18:47.857,13.499,55.000,-15.400,48.900,-10.431,6.100,-4.969,7.868,0.200,-1.008,1.028,
18:18:47.874,13.516,55.000,-15.400,48.790,-10.935,6.210,-4.465,7.649,0.144,-0.851,0.863,
18:18:47.893,13.535,55.000,-15.400,48.658,-11.507,6.342,-3.893,7.442,0.181,-0.746,0.768,
18:18:47.914,13.555,55.000,-15.400,48.510,-12.117,6.490,-3.283,7.273,0.291,-0.687,0.746,
18:18:47.931,13.573,55.000,-15.400,48.379,-12.629,6.621,-2.771,7.178,0.449,-0.663,0.800,
18:18:47.939,13.580,55.000,-15.400,48.323,-12.842,6.677,-2.558,7.150,0.658,-0.664,0.935,
18:18:47.955,13.597,55.000,-15.400,48.191,-13.326,6.809,-2.074,7.117,0.799,-0.672,1.045,
18:18:47.972,13.614,55.000,-13.200,48.046,-13.841,6.954,0.641,6.984,1.228,-0.703,1.415,
18:18:47.981,13.622,55.000,-13.200,47.975,-14.084,7.025,0.884,7.080,1.685,-0.761,1.849,
18:18:47.996,13.638,55.000,-13.200,47.840,-14.536,7.160,1.336,7.283,1.954,-0.803,2.112,
18:18:48.014,13.656,55.000,-13.200,47.673,-15.075,7.327,1.875,7.563,2.166,-0.856,2.329,
18:18:48.032,13.674,52.800,-13.200,47.509,-15.585,5.291,2.385,5.804,2.318,-0.632,2.403,
18:18:48.041,13.683,52.800,-13.200,47.423,-15.844,5.377,2.644,5.992,2.391,-0.426,2.428,
18:18:48.057,13.699,52.800,-13.200,47.261,-16.322,5.539,3.122,6.359,2.472,-0.348,2.497,
18:18:48.066,13.708,52.800,-13.200,47.174,-16.571,5.626,3.371,6.559,2.484,-0.317,2.504,
18:18:48.083,13.725,52.800,-13.200,47.001,-17.057,5.799,3.857,6.965,2.531,-0.321,2.552,
18:18:48.092,13.733,50.600,-15.400,46.908,-17.309,3.692,1.909,4.156,2.132,0.008,2.132,
18:18:48.110,13.751,50.600,-15.400,46.717,-17.820,3.883,2.420,4.576,1.979,0.141,1.984,
18:18:48.118,13.760,50.600,-15.400,46.624,-18.061,3.976,2.661,4.784,1.789,0.209,1.802,
18:18:48.134,13.776,50.600,-15.400,46.444,-18.519,4.156,3.119,5.196,1.726,0.217,1.739,
18:18:48.153,13.794,50.600,-17.600,46.230,-19.046,4.370,1.446,4.603,1.454,0.160,1.463,
18:18:48.161,13.803,50.600,-17.600,46.133,-19.280,4.467,1.680,4.772,1.204,0.011,1.204,
18:18:48.176,13.818,50.600,-17.600,45.949,-19.714,4.651,2.114,5.109,1.108,-0.090,1.112,
18:18:48.192,13.834,50.600,-17.600,45.753,-20.167,4.847,2.567,5.485,1.100,-0.214,1.121,
18:18:48.201,13.843,50.600,-17.600,45.645,-20.409,4.955,2.809,5.695,1.186,-0.375,1.243,
18:18:48.217,13.859,50.600,-19.800,45.445,-20.851,5.155,1.051,5.261,0.984,-0.492,1.100,
18:18:48.226,13.867,50.600,-19.800,45.334,-21.091,5.266,1.291,5.422,0.858,-0.626,1.062,
18:18:48.243,13.884,50.600,-19.800,45.110,-21.566,5.490,1.766,5.767,0.824,-0.732,1.102,
18:18:48.252,13.893,50.600,-19.800,44.995,-21.806,5.605,2.006,5.953,0.901,-0.839,1.231,
18:18:48.267,13.909,50.600,-19.800,44.784,-22.235,5.816,2.435,6.305,0.972,-0.930,1.345,
18:18:48.284,13.925,48.400,-19.800,44.558,-22.685,3.842,2.885,4.804,1.098,-0.740,1.324,
18:18:48.303,13.945,48.400,-19.800,44.284,-23.215,4.116,3.415,5.349,1.258,-0.627,1.406,
18:18:48.322,13.964,48.400,-19.800,44.001,-23.747,4.399,3.947,5.910,1.446,-0.576,1.556,
18:18:48.331,13.973,48.400,-19.800,43.880,-23.970,4.520,4.170,6.150,1.681,-0.553,1.770,
18:18:48.348,13.989,48.400,-24.200,43.630,-24.421,4.770,0.221,4.775,1.284,-0.573,1.406,
18:18:48.364,14.006,48.400,-24.200,43.379,-24.866,5.021,0.666,5.065,1.018,-0.628,1.195,
18:18:48.386,14.027,48.400,-24.200,43.049,-25.433,5.351,1.233,5.492,0.901,-0.711,1.147,
18:18:48.403,14.045,48.400,-26.400,42.766,-25.905,5.634,-0.495,5.656,0.603,-0.815,1.014,
18:18:48.423,14.064,48.400,-26.400,42.457,-26.408,5.943,0.008,5.943,0.481,-0.924,1.042,
18:18:48.430,14.072,48.400,-26.400,42.336,-26.601,6.064,0.201,6.067,0.497,-1.047,1.159,
18:18:48.446,14.087,48.400,-26.400,42.079,-27.007,6.321,0.607,6.350,0.521,-1.134,1.248,
18:18:48.463,14.104,48.400,-28.600,41.801,-27.435,6.599,-1.165,6.701,0.341,-1.221,1.268,
18:18:48.472,14.113,48.400,-28.600,41.651,-27.663,6.749,-0.937,6.814,0.266,-1.303,1.330,
18:18:48.488,14.130,48.400,-28.600,41.372,-28.078,7.028,-0.522,7.048,0.266,-1.378,1.403,
18:18:48.497,14.138,48.400,-28.600,41.223,-28.296,7.177,-0.304,7.183,0.385,-1.443,1.494,
18:18:48.512,14.154,48.400,-28.600,40.951,-28.689,7.449,0.089,7.450,0.481,-1.508,1.583,
18:18:48.521,14.162,46.200,-28.600,40.802,-28.900,5.398,0.300,5.406,0.674,-1.169,1.350,
18:18:48.538,14.179,46.200,-28.600,40.500,-29.322,5.700,0.722,5.746,0.808,-1.042,1.318,
18:18:48.548,14.190,46.200,-28.600,40.314,-29.577,5.886,0.977,5.966,1.001,-0.931,1.367,
18:18:48.564,14.206,46.200,-28.600,40.021,-29.972,6.179,1.372,6.330,1.156,-0.901,1.466,
18:18:48.583,14.225,46.200,-33.000,39.668,-30.437,6.532,-2.563,7.017,0.788,-0.926,1.216,
18:18:48.603,14.245,46.200,-33.000,39.286,-30.929,6.914,-2.071,7.217,0.558,-1.001,1.146,
18:18:48.621,14.263,46.200,-33.000,38.937,-31.367,7.263,-1.633,7.444,0.457,-1.108,1.199,
18:18:48.630,14.271,46.200,-33.000,38.778,-31.564,7.422,-1.436,7.560,0.453,-1.248,1.328,
18:18:48.646,14.287,44.000,-33.000,38.468,-31.941,5.532,-1.059,5.632,0.478,-1.069,1.171,
18:18:48.663,14.305,44.000,-33.000,38.132,-32.342,5.868,-0.658,5.905,0.563,-0.973,1.124,
18:18:48.681,14.322,44.000,-33.000,37.776,-32.756,6.224,-0.244,6.228,0.691,-0.953,1.177,
18:18:48.689,14.331,44.000,-33.000,37.613,-32.943,6.387,-0.057,6.387,0.893,-0.987,1.331,
18:18:48.705,14.347,44.000,-35.200,37.282,-33.318,6.718,-1.882,6.977,0.748,-1.035,1.276,
18:18:48.722,14.364,44.000,-35.200,36.927,-33.710,7.073,-1.490,7.228,0.681,-1.123,1.313,
18:18:48.730,14.372,44.000,-35.200,36.767,-33.885,7.233,-1.315,7.352,0.664,-1.264,1.428,
18:18:48.746,14.387,44.000,-35.200,36.447,-34.229,7.553,-0.971,7.615,0.686,-1.361,1.524,
18:18:48.762,14.403,41.800,-35.200,36.108,-34.586,5.692,-0.614,5.725,0.753,-1.195,1.412,
18:18:48.770,14.411,41.800,-35.200,35.942,-34.759,5.858,-0.441,5.875,0.875,-1.036,1.357,
18:18:48.787,14.428,41.800,-35.200,35.575,-35.135,6.225,-0.065,6.226,0.962,-1.005,1.391,
18:18:48.805,14.446,41.800,-35.200,35.185,-35.524,6.615,0.324,6.623,1.072,-1.037,1.491,
18:18:48.822,14.464,39.600,-37.400,34.798,-35.904,4.802,-1.496,5.030,0.909,-0.837,1.236,
18:18:48.830,14.472,39.600,-37.400,34.632,-36.064,4.968,-1.336,5.144,0.748,-0.674,1.007,
18:18:48.846,14.488,39.600,-37.400,34.267,-36.411,5.333,-0.989,5.424,0.712,-0.643,0.959,
18:18:48.864,14.506,39.600,-37.400,33.870,-36.781,5.730,-0.619,5.764,0.731,-0.691,1.006,
18:18:48.881,14.523,37.400,-41.800,33.476,-37.140,3.924,-4.660,6.092,0.227,-0.519,0.566,
18:18:48.889,14.531,37.400,-41.800,33.292,-37.305,4.108,-4.495,6.090,-0.241,-0.416,0.480,
18:18:48.905,14.546,37.400,-41.800,32.943,-37.613,4.457,-4.187,6.115,-0.428,-0.410,0.593,
18:18:48.921,14.563,37.400,-41.800,32.559,-37.947,4.841,-3.853,6.188,-0.487,-0.481,0.685,
18:18:48.928,14.570,37.400,-41.800,32.395,-38.086,5.005,-3.714,6.232,-0.395,-0.659,0.768,
18:18:48.944,14.586,35.200,-41.800,32.030,-38.394,3.170,-3.406,4.653,-0.342,-0.507,0.612,
18:18:48.962,14.604,35.200,-41.800,31.590,-38.757,3.610,-3.043,4.722,-0.226,-0.461,0.513,
18:18:48.970,14.612,35.200,-41.800,31.401,-38.910,3.799,-2.890,4.774,0.031,-0.500,0.501,
18:18:48.986,14.628,35.200,-41.800,31.020,-39.214,4.180,-2.586,4.915,0.178,-0.563,0.590,
18:18:49.003,14.645,33.000,-46.200,30.611,-39.534,2.389,-6.666,7.081,-0.207,-0.408,0.457,
18:18:49.020,14.662,33.000,-46.200,30.203,-39.847,2.797,-6.353,6.941,-0.447,-0.363,0.576,
18:18:49.028,14.670,33.000,-46.200,30.009,-39.994,2.991,-6.206,6.890,-0.602,-0.400,0.723,
18:18:49.044,14.686,33.000,-46.200,29.609,-40.291,3.391,-5.909,6.813,-0.644,-0.465,0.795,
18:18:49.063,14.704,33.000,-48.400,29.154,-40.620,3.846,-7.780,8.678,-0.868,-0.589,1.049,
18:18:49.080,14.722,33.000,-48.400,28.715,-40.932,4.285,-7.468,8.610,-0.954,-0.761,1.220,
18:18:49.088,14.730,33.000,-48.400,28.514,-41.072,4.486,-7.328,8.592,-0.913,-0.990,1.347,
18:18:49.105,14.747,33.000,-48.400,28.094,-41.361,4.906,-7.039,8.580,-0.869,-1.147,1.439,
18:18:49.122,14.763,28.600,-48.400,27.665,-41.649,0.935,-6.751,6.815,-0.755,-0.758,1.070,
18:18:49.131,14.772,28.600,-48.400,27.440,-41.797,1.160,-6.603,6.704,-0.550,-0.381,0.669,
18:18:49.149,14.791,28.600,-48.400,26.970,-42.103,1.630,-6.297,6.505,-0.417,-0.262,0.493,
18:18:49.157,14.799,28.600,-48.400,26.758,-42.237,1.842,-6.163,6.432,-0.208,-0.223,0.305,
18:18:49.175,14.816,28.600,-48.400,26.301,-42.523,2.299,-5.877,6.310,-0.074,-0.256,0.267,
18:18:49.191,14.832,26.400,-48.400,25.883,-42.780,0.517,-5.620,5.644,0.066,-0.086,0.108,
18:18:49.198,14.840,26.400,-48.400,25.694,-42.893,0.706,-5.507,5.552,0.220,0.013,0.220,
18:18:49.214,14.855,26.400,-48.400,25.282,-43.137,1.118,-5.263,5.380,0.325,0.008,0.325,
18:18:49.230,14.872,26.400,-48.400,24.834,-43.396,1.566,-5.004,5.243,0.418,-0.085,0.427,
18:18:49.238,14.880,26.400,-48.400,24.627,-43.515,1.773,-4.885,5.197,0.493,-0.289,0.571,
18:18:49.256,14.897,24.200,-48.400,24.160,-43.776,0.040,-4.624,4.624,0.562,-0.176,0.589,
18:18:49.272,14.914,24.200,-48.400,23.718,-44.016,0.482,-4.384,4.410,0.615,-0.161,0.636,
18:18:49.281,14.923,24.200,-48.400,23.480,-44.144,0.720,-4.256,4.316,0.644,-0.226,0.683,
18:18:49.297,14.938,24.200,-48.400,23.051,-44.370,1.149,-4.030,4.191,0.681,-0.316,0.751,
18:18:49.313,14.955,24.200,-50.600,22.607,-44.597,1.593,-6.003,6.211,0.429,-0.459,0.628,
18:18:49.334,14.976,24.200,-50.600,22.021,-44.890,2.179,-5.710,6.112,0.264,-0.638,0.690,
18:18:49.353,14.994,24.200,-50.600,21.507,-45.138,2.693,-5.462,6.090,0.154,-0.847,0.861,
18:18:49.370,15.011,22.000,-50.600,21.040,-45.357,0.960,-5.243,5.330,0.102,-0.753,0.760,
18:18:49.377,15.019,22.000,-50.600,20.837,-45.451,1.163,-5.149,5.278,0.096,-0.659,0.666,
18:18:49.393,15.034,22.000,-50.600,20.402,-45.648,1.598,-4.952,5.203,0.095,-0.689,0.695,
18:18:49.401,15.043,22.000,-50.600,20.176,-45.749,1.824,-4.851,5.183,0.137,-0.748,0.760,
18:18:49.417,15.059,22.000,-50.600,19.709,-45.951,2.291,-4.649,5.182,0.161,-0.837,0.852,
18:18:49.426,15.068,22.000,-50.600,19.475,-46.051,2.525,-4.549,5.203,0.226,-0.962,0.988,
18:18:49.442,15.084,22.000,-50.600,19.017,-46.242,2.983,-4.358,5.281,0.264,-1.082,1.114,
18:18:49.450,15.092,22.000,-50.600,18.798,-46.332,3.202,-4.268,5.336,0.334,-1.230,1.275,
18:18:49.466,15.108,22.000,-50.600,18.349,-46.511,3.651,-4.089,5.481,0.374,-1.356,1.406,
18:18:49.482,15.124,22.000,-48.400,17.888,-46.691,4.112,-1.709,4.453,0.693,-1.492,1.645,
18:18:49.490,15.132,22.000,-48.400,17.666,-46.775,4.334,-1.625,4.629,1.044,-1.632,1.938,
18:18:49.507,15.149,22.000,-48.400,17.157,-46.964,4.843,-1.436,5.052,1.210,-1.756,2.132,
18:18:49.517,15.158,22.000,-48.400,16.899,-47.058,5.101,-1.342,5.275,1.334,-1.869,2.297,
18:18:49.532,15.174,22.000,-48.400,16.441,-47.220,5.559,-1.180,5.683,1.402,-1.976,2.423,
18:18:49.541,15.183,19.800,-52.800,16.189,-47.307,3.611,-5.493,6.574,0.640,-1.681,1.799,
18:18:49.558,15.199,19.800,-52.800,15.712,-47.467,4.088,-5.333,6.720,0.269,-1.586,1.608,
18:18:49.566,15.208,19.800,-52.800,15.464,-47.549,4.336,-5.251,6.810,-0.134,-1.484,1.491,
18:18:49.584,15.226,19.800,-52.800,14.937,-47.717,4.863,-5.083,7.035,-0.327,-1.487,1.523,
18:18:49.602,15.244,19.800,-52.800,14.398,-47.882,5.402,-4.918,7.305,-0.439,-1.541,1.602,
18:18:49.611,15.253,19.800,-52.800,14.151,-47.956,5.649,-4.844,7.442,-0.463,-1.635,1.700,
18:18:49.628,15.269,19.800,-52.800,13.665,-48.097,6.135,-4.703,7.731,-0.477,-1.723,1.788,
18:18:49.637,15.278,19.800,-52.800,13.404,-48.170,6.396,-4.630,7.896,-0.409,-1.843,1.888,
18:18:49.653,15.295,19.800,-52.800,12.917,-48.303,6.883,-4.497,8.222,-0.373,-1.947,1.983,
18:18:49.662,15.304,17.600,-55.000,12.645,-48.375,4.955,-6.625,8.273,-0.646,-1.698,1.817,
18:18:49.679,15.321,17.600,-55.000,12.139,-48.504,5.461,-6.496,8.486,-0.777,-1.618,1.795,
18:18:49.690,15.331,17.600,-55.000,11.840,-48.578,5.760,-6.422,8.627,-0.839,-1.575,1.785,
18:18:49.707,15.348,17.600,-55.000,11.326,-48.700,6.274,-6.300,8.891,-0.858,-1.601,1.816,
18:18:49.723,15.365,15.400,-55.000,10.833,-48.812,4.567,-6.188,7.691,-0.822,-1.397,1.621,
18:18:49.742,15.384,15.400,-55.000,10.264,-48.935,5.136,-6.065,7.947,-0.757,-1.318,1.520,
18:18:49.749,15.391,15.400,-55.000,10.047,-48.980,5.353,-6.020,8.056,-0.611,-1.316,1.451,
18:18:49.765,15.407,15.400,-55.000,9.581,-49.073,5.819,-5.927,8.306,-0.540,-1.349,1.453,
18:18:49.782,15.424,13.200,-55.000,9.064,-49.172,4.136,-5.828,7.147,-0.465,-1.171,1.260,
18:18:49.789,15.431,13.200,-55.000,8.849,-49.211,4.351,-5.789,7.242,-0.357,-1.050,1.109,
18:18:49.808,15.449,13.200,-55.000,8.295,-49.307,4.905,-5.693,7.514,-0.299,-1.041,1.083,
18:18:49.824,15.465,13.200,-55.000,7.805,-49.387,5.395,-5.613,7.785,-0.243,-1.126,1.152,
18:18:49.843,15.485,11.000,-55.000,7.218,-49.476,3.782,-5.524,6.694,-0.197,-1.000,1.019,
18:18:49.863,15.504,11.000,-55.000,6.625,-49.559,4.375,-5.441,6.982,-0.162,-0.996,1.010,
18:18:49.870,15.511,11.000,-55.000,6.411,-49.587,4.589,-5.413,7.096,-0.142,-1.106,1.115,
18:18:49.886,15.528,11.000,-55.000,5.900,-49.651,5.100,-5.349,7.391,-0.121,-1.191,1.197,
18:18:49.904,15.545,11.000,-55.000,5.387,-49.709,5.613,-5.291,7.714,-0.109,-1.334,1.339,
18:18:49.912,15.554,11.000,-55.000,5.138,-49.735,5.862,-5.265,7.879,-0.111,-1.552,1.556,
18:18:49.929,15.570,11.000,-55.000,4.624,-49.786,6.376,-5.214,8.237,-0.107,-1.705,1.709,
18:18:49.936,15.578,11.000,-55.000,4.403,-49.806,6.597,-5.194,8.396,-0.118,-1.921,1.925,
18:18:49.953,15.595,11.000,-55.000,3.885,-49.849,7.115,-5.151,8.784,-0.119,-2.067,2.071,
18:18:49.971,15.613,6.600,-52.800,3.332,-49.889,3.268,-2.911,4.376,0.143,-1.692,1.698,
18:18:49.980,15.622,6.600,-52.800,3.078,-49.905,3.522,-2.895,4.559,0.416,-1.286,1.352,
18:18:49.995,15.637,6.600,-52.800,2.599,-49.932,4.001,-2.868,4.923,0.543,-1.144,1.266,
18:18:50.013,15.654,6.600,-52.800,2.067,-49.957,4.533,-2.843,5.351,0.611,-1.114,1.271,
18:18:50.021,15.663,6.600,-52.800,1.811,-49.967,4.789,-2.833,5.564,0.619,-1.184,1.336,
18:18:50.038,15.680,6.600,-50.600,1.290,-49.983,5.310,-0.617,5.345,0.883,-1.261,1.540,
18:18:50.047,15.688,6.600,-50.600,1.036,-49.989,5.564,-0.611,5.598,1.109,-1.437,1.816,
18:18:50.063,15.704,6.600,-50.600,0.545,-49.997,6.055,-0.603,6.085,1.212,-1.568,1.982,
18:18:50.080,15.722,6.600,-50.600,0.001,-50.000,6.599,-0.600,6.627,1.240,-1.736,2.134,
18:18:50.089,15.731,6.600,-50.600,-0.266,-49.999,6.866,-0.601,6.892,1.173,-1.962,2.286,
18:18:50.106,15.748,2.200,-52.800,-0.789,-49.994,2.989,-2.806,4.100,0.863,-1.594,1.812,
18:18:50.126,15.767,2.200,-52.800,-1.389,-49.981,3.589,-2.819,4.564,0.584,-1.372,1.491,
18:18:50.145,15.786,2.200,-52.800,-1.959,-49.962,4.159,-2.838,5.035,0.341,-1.283,1.327,
18:18:50.163,15.804,-0.000,-52.800,-2.515,-49.937,2.515,-2.863,3.811,0.155,-1.017,1.029,
18:18:50.170,15.812,-0.000,-52.800,-2.751,-49.924,2.751,-2.876,3.980,0.005,-0.851,0.851,
18:18:50.187,15.829,-0.000,-52.800,-3.259,-49.894,3.259,-2.906,4.366,-0.099,-0.815,0.821,
18:18:50.196,15.838,-0.000,-52.800,-3.531,-49.875,3.531,-2.925,4.585,-0.153,-0.906,0.919,
18:18:50.212,15.853,-0.000,-52.800,-4.004,-49.839,4.004,-2.961,4.980,-0.208,-0.997,1.018,
18:18:50.220,15.862,-2.200,-52.800,-4.272,-49.817,2.072,-2.983,3.632,-0.214,-0.812,0.839,
18:18:50.239,15.881,-2.200,-52.800,-4.844,-49.765,2.644,-3.035,4.025,-0.247,-0.775,0.814,
18:18:50.248,15.889,-2.200,-52.800,-5.107,-49.739,2.907,-3.061,4.222,-0.223,-0.856,0.885,
18:18:50.263,15.905,-2.200,-52.800,-5.573,-49.688,3.373,-3.112,4.589,-0.233,-0.947,0.975,
18:18:50.281,15.922,-8.800,-57.200,-6.112,-49.625,-2.688,-7.575,8.038,-0.776,-0.291,0.829,
18:18:50.289,15.931,-8.800,-57.200,-6.356,-49.594,-2.444,-7.606,7.989,-1.333,0.336,1.374,
18:18:50.304,15.946,-8.800,-57.200,-6.828,-49.532,-1.972,-7.668,7.918,-1.612,0.577,1.713,
18:18:50.326,15.967,-8.800,-57.200,-7.482,-49.437,-1.318,-7.763,7.874,-1.785,0.623,1.891,
18:18:50.344,15.986,-8.800,-57.200,-8.036,-49.350,-0.764,-7.850,7.887,-1.834,0.471,1.894,
18:18:50.362,16.003,-8.800,-57.200,-8.574,-49.259,-0.226,-7.941,7.944,-1.813,0.220,1.826,
18:18:50.370,16.012,-8.800,-57.200,-8.819,-49.216,0.019,-7.984,7.984,-1.677,-0.184,1.687,
18:18:50.387,16.029,-8.800,-57.200,-9.336,-49.121,0.536,-8.079,8.097,-1.636,-0.424,1.689,
18:18:50.404,16.046,-11.000,-55.000,-9.850,-49.020,-1.150,-5.980,6.089,-1.288,-0.418,1.354,
18:18:50.423,16.064,-11.000,-55.000,-10.404,-48.906,-0.596,-6.094,6.123,-1.017,-0.495,1.131,
18:18:50.431,16.073,-11.000,-55.000,-10.663,-48.850,-0.337,-6.150,6.159,-0.738,-0.634,0.972,
18:18:50.447,16.089,-11.000,-55.000,-11.136,-48.744,0.136,-6.256,6.257,-0.601,-0.770,0.976,
18:18:50.465,16.107,-13.200,-55.000,-11.679,-48.617,-1.521,-6.383,6.562,-0.525,-0.667,0.848,
18:18:50.486,16.128,-13.200,-55.000,-12.305,-48.462,-0.895,-6.538,6.599,-0.504,-0.665,0.834,
18:18:50.505,16.146,-13.200,-55.000,-12.849,-48.321,-0.351,-6.679,6.688,-0.532,-0.739,0.911,
18:18:50.524,16.165,-17.600,-55.000,-13.413,-48.167,-4.187,-6.833,8.013,-0.585,-0.292,0.654,
18:18:50.542,16.184,-17.600,-55.000,-13.960,-48.012,-3.640,-6.988,7.880,-0.656,-0.057,0.658,
18:18:50.552,16.193,-17.600,-55.000,-14.237,-47.930,-3.363,-7.070,7.829,-0.754,0.054,0.756,
18:18:50.568,16.210,-17.600,-55.000,-14.721,-47.784,-2.879,-7.216,7.769,-0.815,0.052,0.817,
18:18:50.586,16.228,-19.800,-55.000,-15.243,-47.620,-4.557,-7.380,8.674,-0.882,0.229,0.912,
18:18:50.603,16.245,-19.800,-55.000,-15.753,-47.453,-4.047,-7.547,8.563,-0.952,0.257,0.987,
18:18:50.622,16.264,-19.800,-55.000,-16.308,-47.266,-3.492,-7.734,8.486,-1.021,0.172,1.036,
18:18:50.633,16.275,-19.800,-55.000,-16.618,-47.158,-3.182,-7.842,8.463,-1.085,-0.026,1.085,
18:18:50.650,16.292,-22.000,-50.600,-17.099,-46.985,-4.901,-3.615,6.090,-0.579,0.084,0.586,
18:18:50.660,16.301,-22.000,-50.600,-17.368,-46.886,-4.632,-3.714,5.937,-0.096,0.110,0.146,
18:18:50.675,16.317,-22.000,-50.600,-17.807,-46.722,-4.193,-3.878,5.712,0.134,0.064,0.149,
18:18:50.692,16.334,-22.000,-50.600,-18.294,-46.533,-3.706,-4.067,5.502,0.248,-0.050,0.253,
18:18:50.700,16.341,-22.000,-50.600,-18.515,-46.446,-3.485,-4.154,5.423,0.258,-0.256,0.364,
18:18:50.716,16.358,-26.400,-50.600,-18.979,-46.258,-7.421,-4.342,8.598,0.249,0.127,0.279,
18:18:50.733,16.375,-26.400,-50.600,-19.456,-46.059,-6.944,-4.541,8.297,0.171,0.362,0.400,
18:18:50.753,16.395,-26.400,-50.600,-20.036,-45.810,-6.364,-4.790,7.965,0.049,0.439,0.442,
18:18:50.770,16.412,-24.200,-50.600,-20.512,-45.599,-3.688,-5.001,6.214,-0.118,0.088,0.147,
18:18:50.779,16.421,-24.200,-50.600,-20.756,-45.488,-3.444,-5.112,6.164,-0.324,-0.345,0.473,
18:18:50.797,16.438,-24.200,-50.600,-21.238,-45.265,-2.962,-5.335,6.102,-0.458,-0.594,0.750,
18:18:50.812,16.454,-24.200,-50.600,-21.676,-45.057,-2.524,-5.543,6.090,-0.597,-0.839,1.029,
18:18:50.820,16.462,-24.200,-50.600,-21.882,-44.957,-2.318,-5.643,6.100,-0.744,-1.100,1.328,
18:18:50.836,16.478,-26.400,-48.400,-22.332,-44.736,-4.068,-3.664,5.475,-0.587,-1.006,1.165,
18:18:50.854,16.496,-26.400,-48.400,-22.807,-44.495,-3.593,-3.905,5.306,-0.486,-0.955,1.071,
18:18:50.873,16.515,-26.400,-48.400,-23.331,-44.223,-3.069,-4.177,5.183,-0.448,-0.952,1.052,
18:18:50.883,16.525,-26.400,-48.400,-23.594,-44.083,-2.806,-4.317,5.149,-0.442,-0.960,1.056,
18:18:50.901,16.543,-28.600,-46.200,-24.067,-43.827,-4.533,-2.373,5.117,-0.205,-0.738,0.766,
18:18:50.909,16.551,-28.600,-46.200,-24.287,-43.705,-4.313,-2.495,4.983,0.014,-0.512,0.513,
18:18:50.925,16.567,-28.600,-46.200,-24.708,-43.469,-3.892,-2.731,4.755,0.085,-0.444,0.452,
18:18:50.942,16.583,-28.600,-46.200,-25.150,-43.214,-3.450,-2.986,4.562,0.079,-0.445,0.452,
18:18:50.949,16.591,-28.600,-46.200,-25.344,-43.101,-3.256,-3.099,4.495,-0.008,-0.515,0.515,
18:18:50.965,16.607,-28.600,-46.200,-25.763,-42.851,-2.837,-3.349,4.389,-0.075,-0.575,0.580,
18:18:50.982,16.623,-28.600,-46.200,-26.200,-42.586,-2.400,-3.614,4.338,-0.183,-0.674,0.698,
18:18:50.990,16.632,-28.600,-46.200,-26.423,-42.448,-2.177,-3.752,4.338,-0.344,-0.822,0.891,
18:18:51.010,16.652,-28.600,-46.200,-26.931,-42.128,-1.669,-4.072,4.401,-0.463,-0.931,1.040,
18:18:51.017,16.659,-28.600,-46.200,-27.122,-42.005,-1.478,-4.195,4.448,-0.632,-1.090,1.260,
18:18:51.034,16.676,-28.600,-46.200,-27.556,-41.722,-1.044,-4.478,4.599,-0.747,-1.195,1.409,
18:18:51.052,16.694,-28.600,-46.200,-28.022,-41.410,-0.578,-4.790,4.825,-0.867,-1.305,1.567,
18:18:51.061,16.703,-28.600,-46.200,-28.237,-41.263,-0.363,-4.937,4.950,-0.985,-1.418,1.727,
18:18:51.077,16.718,-28.600,-46.200,-28.625,-40.995,0.025,-5.205,5.205,-1.083,-1.505,1.854,
18:18:51.094,16.736,-30.800,-46.200,-29.059,-40.689,-1.741,-5.511,5.780,-1.176,-1.316,1.765,
18:18:51.113,16.755,-30.800,-46.200,-29.540,-40.341,-1.260,-5.859,5.993,-1.267,-1.199,1.744,
18:18:51.132,16.773,-30.800,-46.200,-29.993,-40.005,-0.807,-6.195,6.247,-1.349,-1.143,1.768,
18:18:51.140,16.781,-30.800,-46.200,-30.188,-39.858,-0.612,-6.342,6.371,-1.404,-1.121,1.796,
18:18:51.155,16.797,-33.000,-46.200,-30.563,-39.572,-2.437,-6.628,7.062,-1.466,-0.850,1.695,
18:18:51.172,16.814,-33.000,-46.200,-30.984,-39.243,-2.016,-6.957,7.243,-1.529,-0.693,1.679,
18:18:51.180,16.822,-33.000,-46.200,-31.170,-39.095,-1.830,-7.105,7.337,-1.571,-0.599,1.681,
18:18:51.197,16.839,-33.000,-46.200,-31.567,-38.775,-1.433,-7.425,7.562,-1.627,-0.572,1.724,
18:18:51.214,16.855,-33.000,-44.000,-31.963,-38.450,-1.037,-5.550,5.646,-1.405,-0.614,1.533,
18:18:51.232,16.873,-33.000,-44.000,-32.391,-38.090,-0.609,-5.910,5.941,-1.264,-0.705,1.447,
18:18:51.240,16.882,-33.000,-44.000,-32.579,-37.929,-0.421,-6.071,6.085,-1.134,-0.876,1.433,
18:18:51.256,16.898,-33.000,-44.000,-32.948,-37.609,-0.052,-6.391,6.391,-1.101,-0.976,1.472,
18:18:51.273,16.915,-33.000,-44.000,-33.342,-37.260,0.342,-6.740,6.749,-1.122,-1.092,1.566,
18:18:51.290,16.932,-33.000,-44.000,-33.732,-36.908,0.732,-7.092,7.130,-1.186,-1.216,1.698,
18:18:51.297,16.939,-33.000,-44.000,-33.895,-36.758,0.895,-7.242,7.298,-1.305,-1.367,1.889,
18:18:51.313,16.954,-33.000,-44.000,-34.240,-36.437,1.240,-7.563,7.664,-1.380,-1.458,2.007,
18:18:51.320,16.962,-33.000,-44.000,-34.397,-36.289,1.397,-7.711,7.837,-1.499,-1.558,2.162,
18:18:51.338,16.979,-35.200,-41.800,-34.785,-35.916,-0.415,-5.884,5.898,-1.331,-1.383,1.919,
18:18:51.353,16.995,-35.200,-41.800,-35.132,-35.577,-0.068,-6.223,6.223,-1.219,-1.240,1.739,
18:18:51.371,17.013,-35.200,-41.800,-35.527,-35.183,0.327,-6.617,6.625,-1.186,-1.167,1.664,
18:18:51.380,17.021,-35.200,-41.800,-35.704,-35.004,0.504,-6.796,6.815,-1.211,-1.129,1.655,
18:18:51.395,17.037,-35.200,-41.800,-36.031,-34.666,0.831,-7.134,7.182,-1.249,-1.127,1.682,
18:18:51.413,17.055,-35.200,-41.800,-36.410,-34.268,1.210,-7.532,7.628,-1.328,-1.161,1.764,
18:18:51.420,17.062,-35.200,-41.800,-36.558,-34.110,1.358,-7.690,7.809,-1.473,-1.253,1.934,
18:18:51.437,17.078,-35.200,-41.800,-36.903,-33.737,1.703,-8.063,8.241,-1.563,-1.304,2.035,
18:18:51.452,17.094,-35.200,-39.600,-37.216,-33.391,2.016,-6.209,6.528,-1.386,-1.376,1.953,
18:18:51.462,17.103,-35.200,-39.600,-37.406,-33.178,2.206,-6.422,6.790,-1.245,-1.466,1.924,
18:18:51.477,17.119,-35.200,-39.600,-37.720,-32.820,2.520,-6.780,7.233,-1.208,-1.533,1.951,
18:18:51.494,17.136,-35.200,-39.600,-38.058,-32.428,2.858,-7.172,7.721,-1.232,-1.605,2.023,
18:18:51.512,17.153,-37.400,-37.400,-38.407,-32.015,1.007,-5.385,5.479,-1.030,-1.399,1.737,
18:18:51.520,17.162,-37.400,-37.400,-38.562,-31.827,1.162,-5.573,5.693,-0.871,-1.185,1.470,
18:18:51.536,17.177,-37.400,-37.400,-38.869,-31.451,1.469,-5.949,6.127,-0.835,-1.105,1.385,
18:18:51.555,17.196,-37.400,-37.400,-39.235,-30.993,1.835,-6.407,6.664,-0.880,-1.084,1.396,
18:18:51.572,17.214,-39.600,-35.200,-39.566,-30.570,-0.034,-4.630,4.630,-0.711,-0.828,1.092,
18:18:51.582,17.223,-39.600,-35.200,-39.741,-30.342,0.141,-4.858,4.860,-0.626,-0.639,0.894,
18:18:51.598,17.240,-39.600,-35.200,-40.052,-29.930,0.452,-5.270,5.289,-0.631,-0.564,0.847,
18:18:51.614,17.256,-39.600,-35.200,-40.346,-29.534,0.746,-5.666,5.715,-0.717,-0.568,0.915,
18:18:51.632,17.273,-41.800,-35.200,-40.658,-29.102,-1.142,-6.098,6.204,-0.855,-0.345,0.922,
18:18:51.640,17.282,-41.800,-35.200,-40.804,-28.897,-0.996,-6.303,6.382,-1.071,-0.204,1.090,
18:18:51.657,17.299,-41.800,-35.200,-41.106,-28.466,-0.694,-6.734,6.770,-1.218,-0.155,1.228,
18:18:51.674,17.316,-41.800,-35.200,-41.396,-28.042,-0.404,-7.158,7.169,-1.390,-0.192,1.403,
18:18:51.691,17.333,-44.000,-33.000,-41.691,-27.603,-2.309,-5.397,5.871,-1.284,-0.003,1.284,
18:18:51.700,17.341,-44.000,-33.000,-41.828,-27.394,-2.172,-5.606,6.012,-1.188,0.099,1.192,
18:18:51.716,17.357,-44.000,-33.000,-42.097,-26.978,-1.903,-6.022,6.315,-1.198,0.123,1.205,
18:18:51.732,17.374,-44.000,-33.000,-42.367,-26.552,-1.633,-6.448,6.651,-1.261,0.071,1.263,
18:18:51.741,17.383,-44.000,-33.000,-42.508,-26.326,-1.492,-6.674,6.838,-1.364,-0.074,1.366,
18:18:51.758,17.400,-46.200,-28.600,-42.779,-25.883,-3.421,-2.717,4.368,-0.938,0.093,0.943,
18:18:51.767,17.408,-46.200,-28.600,-42.917,-25.655,-3.283,-2.945,4.411,-0.521,0.198,0.557,
18:18:51.783,17.425,-46.200,-28.600,-43.175,-25.218,-3.025,-3.382,4.538,-0.363,0.222,0.425,
18:18:51.801,17.443,-46.200,-28.600,-43.450,-24.741,-2.750,-3.859,4.739,-0.335,0.175,0.378,
18:18:51.808,17.450,-46.200,-28.600,-43.553,-24.558,-2.647,-4.042,4.831,-0.453,0.019,0.454,
18:18:51.825,17.466,-48.400,-26.400,-43.799,-24.117,-4.601,-2.283,5.136,-0.272,0.198,0.336,
18:18:51.843,17.485,-48.400,-26.400,-44.074,-23.611,-4.326,-2.789,5.147,-0.228,0.284,0.364,
18:18:51.861,17.503,-48.400,-26.400,-44.335,-23.118,-4.065,-3.282,5.225,-0.305,0.285,0.417,
18:18:51.868,17.510,-48.400,-26.400,-44.431,-22.932,-3.969,-3.468,5.270,-0.534,0.191,0.567,
18:18:51.884,17.526,-50.600,-24.200,-44.646,-22.510,-5.954,-1.690,6.189,-0.393,0.408,0.566,
18:18:51.901,17.543,-50.600,-24.200,-44.887,-22.027,-5.713,-2.173,6.113,-0.368,0.521,0.638,
18:18:51.909,17.550,-50.600,-24.200,-44.983,-21.830,-5.617,-2.370,6.097,-0.449,0.556,0.715,
18:18:51.925,17.566,-50.600,-24.200,-45.193,-21.392,-5.407,-2.808,6.093,-0.531,0.554,0.767,
18:18:51.941,17.583,-52.800,-22.000,-45.411,-20.925,-7.389,-1.075,7.467,-0.401,0.768,0.866,
18:18:51.949,17.590,-52.800,-22.000,-45.504,-20.721,-7.296,-1.279,7.407,-0.329,0.925,0.982,
18:18:51.965,17.606,-52.800,-22.000,-45.703,-20.278,-7.097,-1.722,7.302,-0.351,0.974,1.036,
18:18:51.982,17.624,-52.800,-22.000,-45.922,-19.779,-6.878,-2.221,7.228,-0.451,0.948,1.050,
18:18:51.989,17.631,-52.800,-22.000,-46.006,-19.581,-6.794,-2.419,7.211,-0.659,0.802,1.038,
18:18:52.005,17.647,-52.800,-19.800,-46.192,-19.138,-6.608,-0.662,6.641,-0.533,0.721,0.896,
18:18:52.022,17.664,-52.800,-19.800,-46.387,-18.661,-6.413,-1.139,6.513,-0.501,0.609,0.789,
18:18:52.030,17.672,-52.800,-19.800,-46.477,-18.437,-6.323,-1.363,6.469,-0.538,0.432,0.690,
18:18:52.046,17.688,-52.800,-19.800,-46.657,-17.976,-6.143,-1.824,6.408,-0.610,0.324,0.691,
18:18:52.062,17.703,-55.000,-19.800,-46.827,-17.528,-8.173,-2.272,8.483,-0.739,0.493,0.888,
18:18:52.070,17.711,-55.000,-19.800,-46.910,-17.305,-8.090,-2.495,8.466,-0.928,0.659,1.138,
18:18:52.086,17.727,-55.000,-19.800,-47.078,-16.842,-7.922,-2.958,8.456,-1.071,0.707,1.283,
18:18:52.103,17.744,-55.000,-19.800,-47.253,-16.344,-7.747,-3.456,8.483,-1.237,0.708,1.425,
18:18:52.120,17.762,-57.200,-15.400,-47.425,-15.839,-9.775,0.439,9.785,-0.851,0.952,1.277,
18:18:52.128,17.769,-57.200,-15.400,-47.495,-15.629,-9.705,0.229,9.708,-0.423,1.178,1.252,
18:18:52.145,17.787,-57.200,-15.400,-47.663,-15.108,-9.537,-0.292,9.542,-0.312,1.250,1.289,
18:18:52.162,17.804,-57.200,-15.400,-47.818,-14.611,-9.382,-0.789,9.416,-0.310,1.250,1.288,
18:18:52.170,17.812,-57.200,-15.400,-47.886,-14.387,-9.314,-1.013,9.369,-0.406,1.169,1.237,
18:18:52.187,17.828,-57.200,-13.200,-48.030,-13.895,-9.170,0.695,9.196,-0.235,1.116,1.140,
18:18:52.204,17.846,-57.200,-13.200,-48.179,-13.371,-9.021,0.171,9.023,-0.186,1.032,1.049,
18:18:52.222,17.864,-57.200,-13.200,-48.321,-12.849,-8.879,-0.351,8.886,-0.246,0.929,0.961,
18:18:52.230,17.872,-57.200,-13.200,-48.381,-12.621,-8.819,-0.579,8.838,-0.417,0.786,0.890,
18:18:52.246,17.888,-55.000,-13.200,-48.507,-12.128,-6.493,-1.072,6.581,-0.543,0.432,0.694,
18:18:52.263,17.905,-55.000,-13.200,-48.627,-11.635,-6.373,-1.565,6.562,-0.717,0.143,0.731,
18:18:52.271,17.913,-55.000,-13.200,-48.683,-11.401,-6.317,-1.799,6.568,-0.959,-0.125,0.967,
18:18:52.288,17.930,-55.000,-13.200,-48.799,-10.891,-6.201,-2.309,6.617,-1.127,-0.274,1.160,
18:18:52.297,17.939,-55.000,-13.200,-48.858,-10.626,-6.142,-2.574,6.660,-1.328,-0.357,1.375,
18:18:52.314,17.955,-55.000,-8.800,-48.965,-10.120,-6.035,1.320,6.177,-0.965,-0.418,1.052,
18:18:52.334,17.975,-55.000,-8.800,-49.086,-9.518,-5.914,0.718,5.958,-0.739,-0.434,0.857,
18:18:52.353,17.994,-55.000,-8.800,-49.194,-8.944,-5.806,0.144,5.808,-0.636,-0.405,0.754,
18:18:52.362,18.004,-55.000,-8.800,-49.244,-8.660,-5.756,-0.140,5.757,-0.623,-0.318,0.699,
18:18:52.381,18.023,-55.000,-8.800,-49.342,-8.082,-5.658,-0.718,5.703,-0.668,-0.281,0.725,
18:18:52.391,18.032,-55.000,-8.800,-49.388,-7.798,-5.612,-1.002,5.701,-0.805,-0.204,0.830,
18:18:52.407,18.049,-55.000,-8.800,-49.464,-7.305,-5.536,-1.495,5.735,-0.923,-0.161,0.937,
18:18:52.426,18.067,-55.000,-8.800,-49.545,-6.732,-5.455,-2.068,5.834,-1.078,-0.118,1.085,
18:18:52.444,18.086,-55.000,-8.800,-49.617,-6.179,-5.383,-2.621,5.987,-1.261,-0.074,1.263,
18:18:52.462,18.104,-55.000,-8.800,-49.682,-5.626,-5.318,-3.174,6.193,-1.448,-0.034,1.448,
18:18:52.469,18.111,-55.000,-8.800,-49.707,-5.409,-5.293,-3.391,6.287,-1.657,0.004,1.657,
18:18:52.485,18.127,-55.000,-8.800,-49.756,-4.935,-5.244,-3.865,6.514,-1.797,0.032,1.797,
18:18:52.502,18.143,-52.800,-6.600,-49.804,-4.422,-2.996,-2.178,3.704,-1.658,-0.219,1.672,
18:18:52.509,18.151,-52.800,-6.600,-49.823,-4.201,-2.977,-2.399,3.823,-1.474,-0.516,1.561,
18:18:52.525,18.166,-52.800,-6.600,-49.861,-3.725,-2.939,-2.875,4.111,-1.445,-0.632,1.577,
18:18:52.542,18.184,-52.800,-6.600,-49.898,-3.196,-2.902,-3.404,4.473,-1.471,-0.695,1.627,
18:18:52.550,18.192,-52.800,-6.600,-49.913,-2.941,-2.887,-3.659,4.660,-1.529,-0.711,1.686,
18:18:52.566,18.208,-55.000,-4.400,-49.939,-2.461,-5.061,-1.939,5.420,-1.329,-0.437,1.399,
18:18:52.586,18.228,-55.000,-4.400,-49.966,-1.851,-5.034,-2.549,5.643,-1.241,-0.209,1.258,
18:18:52.603,18.244,-55.000,-4.400,-49.982,-1.339,-5.018,-3.061,5.878,-1.235,-0.008,1.235,
18:18:52.612,18.253,-55.000,-4.400,-49.989,-1.068,-5.011,-3.332,6.018,-1.295,0.167,1.305,
18:18:52.628,18.270,-52.800,-2.200,-49.997,-0.567,-2.803,-1.633,3.244,-1.092,0.002,1.092,
18:18:52.636,18.278,-52.800,-2.200,-49.999,-0.327,-2.801,-1.873,3.369,-0.937,-0.223,0.963,
18:18:52.653,18.294,-52.800,-2.200,-50.000,0.188,-2.800,-2.388,3.681,-0.904,-0.299,0.953,
18:18:52.661,18.303,-52.800,-2.200,-49.998,0.447,-2.802,-2.647,3.855,-0.965,-0.384,1.039,
18:18:52.678,18.319,-52.800,-2.200,-49.991,0.949,-2.809,-3.149,4.220,-1.037,-0.406,1.114,
18:18:52.695,18.337,-55.000,-2.200,-49.978,1.499,-5.022,-3.699,6.237,-1.170,-0.135,1.177,
18:18:52.714,18.355,-55.000,-2.200,-49.958,2.057,-5.042,-4.257,6.599,-1.346,0.094,1.349,
18:18:52.731,18.373,-55.000,-2.200,-49.933,2.591,-5.067,-4.791,6.973,-1.542,0.269,1.565,
18:18:52.738,18.380,-55.000,-2.200,-49.921,2.809,-5.079,-5.009,7.133,-1.785,0.413,1.832,
18:18:52.758,18.399,-55.000,2.200,-49.884,3.399,-5.116,-1.199,5.254,-1.434,0.506,1.521,
18:18:52.766,18.408,-55.000,2.200,-49.866,3.659,-5.134,-1.459,5.337,-1.037,0.544,1.171,
18:18:52.782,18.424,-55.000,2.200,-49.827,4.150,-5.173,-1.950,5.528,-0.894,0.587,1.069,
18:18:52.790,18.432,-55.000,2.200,-49.806,4.400,-5.194,-2.200,5.641,-0.827,0.582,1.011,
18:18:52.808,18.449,-55.000,2.200,-49.757,4.928,-5.243,-2.728,5.911,-0.839,0.603,1.033,
18:18:52.816,18.458,-55.000,2.200,-49.731,5.184,-5.269,-2.984,6.056,-0.957,0.580,1.119,
18:18:52.834,18.476,-55.000,2.200,-49.671,5.723,-5.329,-3.523,6.388,-1.060,0.589,1.212,
18:18:52.851,18.493,-55.000,2.200,-49.606,6.263,-5.394,-4.063,6.753,-1.223,0.589,1.358,
18:18:52.860,18.501,-55.000,2.200,-49.575,6.505,-5.425,-4.305,6.925,-1.467,0.563,1.572,
18:18:52.875,18.517,-55.000,6.600,-49.510,6.983,-5.490,-0.383,5.503,-1.082,0.566,1.221,
18:18:52.891,18.533,-55.000,6.600,-49.439,7.467,-5.561,-0.867,5.628,-0.837,0.571,1.013,
18:18:52.899,18.541,-55.000,6.600,-49.404,7.699,-5.596,-1.099,5.703,-0.657,0.567,0.868,
18:18:52.916,18.558,-55.000,6.600,-49.321,8.210,-5.679,-1.610,5.902,-0.618,0.580,0.847,
18:18:52.933,18.574,-55.000,6.600,-49.235,8.715,-5.765,-2.115,6.141,-0.681,0.597,0.905,
18:18:52.951,18.593,-55.000,6.600,-49.131,9.279,-5.869,-2.679,6.451,-0.817,0.620,1.026,
18:18:52.960,18.601,-55.000,6.600,-49.085,9.522,-5.915,-2.922,6.597,-1.065,0.642,1.243,
18:18:52.976,18.617,-55.000,6.600,-48.988,10.009,-6.012,-3.409,6.911,-1.223,0.666,1.392,
18:18:52.992,18.633,-55.000,8.800,-48.889,10.482,-6.111,-1.682,6.338,-1.122,0.693,1.319,
18:18:53.000,18.641,-55.000,8.800,-48.839,10.714,-6.161,-1.914,6.452,-1.055,0.720,1.277,
18:18:53.016,18.658,-55.000,8.800,-48.727,11.211,-6.273,-2.411,6.721,-1.077,0.748,1.312,
18:18:53.034,18.676,-55.000,8.800,-48.600,11.747,-6.400,-2.947,7.046,-1.163,0.781,1.401,
18:18:53.051,18.693,-52.800,11.000,-48.476,12.249,-4.324,-1.249,4.500,-1.008,0.528,1.138,
18:18:53.058,18.700,-52.800,11.000,-48.422,12.462,-4.378,-1.462,4.616,-0.884,0.249,0.919,
18:18:53.074,18.716,-52.800,11.000,-48.301,12.925,-4.499,-1.925,4.894,-0.882,0.148,0.894,
18:18:53.091,18.733,-52.800,11.000,-48.163,13.428,-4.637,-2.428,5.234,-0.950,0.107,0.956,
18:18:53.099,18.741,-52.800,11.000,-48.100,13.653,-4.700,-2.653,5.397,-1.100,0.119,1.106,
18:18:53.115,18.757,-52.800,13.200,-47.961,14.134,-4.839,-0.934,4.929,-0.950,0.139,0.960,
18:18:53.133,18.775,-52.800,13.200,-47.800,14.668,-5.000,-1.468,5.211,-0.900,0.194,0.921,
18:18:53.153,18.795,-52.800,13.200,-47.617,15.252,-5.183,-2.052,5.575,-0.943,0.279,0.984,
18:18:53.161,18.803,-52.800,13.200,-47.539,15.492,-5.261,-2.292,5.738,-1.077,0.410,1.152,
18:18:53.177,18.818,-52.800,13.200,-47.393,15.935,-5.407,-2.735,6.059,-1.182,0.494,1.281,
18:18:53.194,18.835,-52.800,13.200,-47.224,16.429,-5.576,-3.229,6.444,-1.319,0.581,1.441,
18:18:53.211,18.853,-52.800,13.200,-47.049,16.924,-5.751,-3.724,6.852,-1.480,0.670,1.625,
18:18:53.218,18.860,-52.800,13.200,-46.974,17.129,-5.826,-3.929,7.027,-1.691,0.766,1.856,
18:18:53.236,18.877,-52.800,17.600,-46.786,17.638,-6.014,-0.038,6.014,-1.312,0.838,1.557,
18:18:53.253,18.894,-52.800,17.600,-46.603,18.116,-6.197,-0.516,6.219,-1.041,0.908,1.381,
18:18:53.262,18.903,-52.800,17.600,-46.501,18.375,-6.299,-0.775,6.346,-0.842,0.967,1.282,
18:18:53.278,18.920,-52.800,17.600,-46.316,18.837,-6.484,-1.237,6.601,-0.783,1.024,1.289,
18:18:53.294,18.936,-52.800,19.800,-46.130,19.287,-6.670,0.513,6.689,-0.533,1.077,1.202,
18:18:53.313,18.954,-52.800,19.800,-45.906,19.815,-6.894,-0.015,6.894,-0.437,1.132,1.213,
18:18:53.321,18.963,-52.800,19.800,-45.808,20.042,-6.992,-0.242,6.997,-0.474,1.169,1.262,
18:18:53.338,18.979,-52.800,19.800,-45.601,20.508,-7.199,-0.708,7.234,-0.524,1.214,1.322,
18:18:53.347,18.989,-52.800,19.800,-45.485,20.763,-7.315,-0.963,7.378,-0.687,1.247,1.424,
18:18:53.364,19.005,-48.400,22.000,-45.267,21.235,-3.133,0.765,3.225,-0.551,0.765,0.943,
18:18:53.383,19.025,-48.400,22.000,-45.009,21.776,-3.391,0.224,3.398,-0.528,0.417,0.673,
18:18:53.401,19.043,-48.400,22.000,-44.771,22.261,-3.629,-0.261,3.638,-0.605,0.196,0.636,
18:18:53.408,19.050,-48.400,22.000,-44.675,22.454,-3.725,-0.454,3.753,-0.792,0.062,0.794,
18:18:53.423,19.065,-50.600,24.200,-44.462,22.873,-6.138,1.327,6.280,-0.629,0.285,0.691,
18:18:53.441,19.082,-50.600,24.200,-44.219,23.339,-6.381,0.861,6.439,-0.572,0.512,0.768,
18:18:53.449,19.090,-50.600,24.200,-44.102,23.558,-6.498,0.642,6.529,-0.597,0.831,1.023,
18:18:53.464,19.106,-50.600,24.200,-43.876,23.977,-6.724,0.223,6.728,-0.649,1.003,1.195,
18:18:53.484,19.126,-46.200,26.400,-43.578,24.515,-2.622,1.885,3.230,-0.500,0.647,0.817,
18:18:53.502,19.144,-46.200,26.400,-43.306,24.992,-2.894,1.408,3.218,-0.458,0.385,0.599,
18:18:53.509,19.151,-46.200,26.400,-43.197,25.180,-3.003,1.220,3.241,-0.508,0.161,0.533,
18:18:53.526,19.167,-46.200,26.400,-42.943,25.611,-3.257,0.789,3.351,-0.564,0.089,0.571,
18:18:53.542,19.183,-46.200,28.600,-42.688,26.034,-3.512,2.566,4.350,-0.395,0.099,0.407,
18:18:53.549,19.191,-46.200,28.600,-42.566,26.232,-3.634,2.368,4.337,-0.284,0.200,0.347,
18:18:53.566,19.208,-46.200,28.600,-42.297,26.663,-3.903,1.937,4.357,-0.275,0.268,0.384,
18:18:53.583,19.225,-46.200,28.600,-42.007,27.119,-4.193,1.481,4.447,-0.345,0.381,0.514,
18:18:53.601,19.243,-46.200,28.600,-41.705,27.580,-4.495,1.020,4.609,-0.477,0.522,0.707,
18:18:53.609,19.250,-46.200,28.600,-41.583,27.764,-4.617,0.836,4.692,-0.703,0.722,1.008,
18:18:53.628,19.270,-46.200,28.600,-41.249,28.258,-4.951,0.342,4.963,-0.839,0.843,1.189,
18:18:53.639,19.280,-46.200,28.600,-41.067,28.522,-5.133,0.078,5.134,-1.018,0.979,1.412,
18:18:53.657,19.298,-44.000,33.000,-40.751,28.972,-3.249,4.028,5.175,-0.635,0.829,1.044,
18:18:53.675,19.317,-44.000,33.000,-40.420,29.432,-3.580,3.568,5.055,-0.382,0.740,0.833,
18:18:53.694,19.336,-44.000,33.000,-40.079,29.895,-3.921,3.105,5.002,-0.266,0.716,0.764,
18:18:53.714,19.355,-44.000,35.200,-39.716,30.375,-4.284,4.825,6.452,0.018,0.747,0.747,
18:18:53.732,19.373,-44.000,35.200,-39.380,30.810,-4.620,4.390,6.374,0.137,0.816,0.827,
18:18:53.740,19.382,-44.000,35.200,-39.217,31.017,-4.783,4.183,6.354,0.128,0.914,0.923,
18:18:53.756,19.398,-44.000,35.200,-38.913,31.397,-5.087,3.803,6.351,0.095,0.994,0.999,
18:18:53.766,19.408,-44.000,35.200,-38.728,31.625,-5.272,3.575,6.370,-0.038,1.091,1.092,
18:18:53.784,19.426,-39.600,37.400,-38.368,32.061,-1.232,5.339,5.479,0.112,0.669,0.678,
18:18:53.805,19.446,-39.600,37.400,-37.964,32.539,-1.636,4.861,5.129,0.148,0.379,0.407,
18:18:53.823,19.465,-39.600,37.400,-37.588,32.972,-2.012,4.428,4.864,0.083,0.227,0.242,
18:18:53.841,19.482,-41.800,37.400,-37.236,33.369,-4.564,4.031,6.089,-0.043,0.495,0.497,
18:18:53.848,19.489,-41.800,37.400,-37.089,33.532,-4.711,3.868,6.095,-0.255,0.890,0.926,
18:18:53.864,19.506,-41.800,37.400,-36.745,33.908,-5.055,3.492,6.143,-0.375,1.064,1.129,
18:18:53.881,19.523,-41.800,37.400,-36.386,34.293,-5.414,3.107,6.242,-0.515,1.241,1.344,
18:18:53.890,19.531,-41.800,37.400,-36.217,34.472,-5.583,2.928,6.304,-0.692,1.447,1.604,
18:18:53.907,19.549,-37.400,37.400,-35.840,34.864,-1.560,2.536,2.977,-0.813,1.060,1.336,
18:18:53.916,19.558,-37.400,37.400,-35.660,35.048,-1.740,2.352,2.926,-0.946,0.618,1.130,
18:18:53.933,19.574,-37.400,37.400,-35.295,35.416,-2.105,1.984,2.893,-1.048,0.442,1.138,
18:18:53.941,19.583,-37.400,37.400,-35.116,35.593,-2.284,1.807,2.912,-1.144,0.327,1.190,
18:18:53.958,19.600,-37.400,37.400,-34.743,35.957,-2.657,1.443,3.023,-1.226,0.303,1.263,
18:18:53.966,19.608,-37.400,41.800,-34.561,36.132,-2.839,5.668,6.339,-0.483,0.372,0.610,
18:18:53.983,19.625,-37.400,41.800,-34.191,36.482,-3.209,5.318,6.211,-0.171,0.439,0.471,
18:18:53.992,19.633,-37.400,41.800,-34.010,36.652,-3.390,5.148,6.164,0.145,0.594,0.611,
18:18:54.008,19.650,-37.400,41.800,-33.639,36.992,-3.761,4.808,6.104,0.266,0.705,0.753,
18:18:54.016,19.658,-37.400,41.800,-33.465,37.150,-3.935,4.650,6.092,0.308,0.886,0.938,
18:18:54.033,19.675,-35.200,41.800,-33.064,37.507,-2.136,4.293,4.795,0.303,0.757,0.816,
18:18:54.052,19.694,-35.200,41.800,-32.629,37.886,-2.571,3.914,4.683,0.222,0.702,0.736,
18:18:54.061,19.702,-35.200,41.800,-32.432,38.055,-2.768,3.745,4.657,0.033,0.691,0.692,
18:18:54.077,19.719,-35.200,41.800,-32.051,38.377,-3.149,3.423,4.652,-0.087,0.726,0.731,
18:18:54.086,19.728,-35.200,41.800,-31.842,38.550,-3.358,3.250,4.673,-0.266,0.811,0.854,
18:18:54.103,19.745,-33.000,41.800,-31.426,38.889,-1.574,2.911,3.309,-0.389,0.639,0.748,
18:18:54.120,19.762,-33.000,41.800,-31.018,39.216,-1.982,2.584,3.257,-0.526,0.551,0.762,
18:18:54.128,19.770,-33.000,41.800,-30.840,39.356,-2.160,2.444,3.262,-0.690,0.519,0.863,
18:18:54.144,19.786,-33.000,41.800,-30.437,39.669,-2.563,2.131,3.334,-0.796,0.542,0.963,
18:18:54.162,19.803,-30.800,44.000,-30.019,39.986,-0.781,4.014,4.090,-0.622,0.351,0.714,
18:18:54.170,19.811,-30.800,44.000,-29.823,40.132,-0.977,3.868,3.989,-0.421,0.211,0.470,
18:18:54.187,19.829,-30.800,44.000,-29.390,40.450,-1.410,3.550,3.820,-0.363,0.190,0.410,
18:18:54.205,19.847,-30.800,44.000,-28.948,40.768,-1.852,3.232,3.725,-0.353,0.256,0.436,
18:18:54.224,19.865,-30.800,44.000,-28.475,41.100,-2.325,2.900,3.717,-0.383,0.385,0.544,
18:18:54.241,19.882,-30.800,44.000,-28.047,41.393,-2.753,2.607,3.792,-0.444,0.558,0.713,
18:18:54.248,19.889,-30.800,44.000,-27.868,41.514,-2.932,2.486,3.844,-0.542,0.793,0.961,
18:18:54.265,19.907,-30.800,44.000,-27.414,41.815,-3.386,2.185,4.030,-0.603,0.939,1.116,
18:18:54.284,19.926,-30.800,46.200,-26.938,42.123,-3.862,4.077,5.616,-0.407,1.102,1.175,
18:18:54.301,19.943,-30.800,46.200,-26.482,42.411,-4.318,3.789,5.745,-0.283,1.266,1.297,
18:18:54.310,19.952,-30.800,46.200,-26.267,42.545,-4.533,3.655,5.823,-0.203,1.425,1.439,
18:18:54.327,19.969,-30.800,46.200,-25.807,42.825,-4.993,3.375,6.026,-0.184,1.555,1.566,
18:18:54.345,19.987,-28.600,44.000,-25.342,43.102,-3.258,0.898,3.379,-0.491,1.402,1.486,
18:18:54.364,20.005,-28.600,44.000,-24.845,43.390,-3.755,0.610,3.804,-0.754,1.320,1.520,
18:18:54.383,20.025,-28.600,44.000,-24.321,43.686,-4.279,0.314,4.290,-0.964,1.305,1.623,
18:18:54.393,20.034,-28.600,44.000,-24.070,43.825,-4.530,0.175,4.534,-1.147,1.316,1.746,
18:18:54.409,20.051,-26.400,46.200,-23.628,44.065,-2.772,2.135,3.499,-0.981,1.085,1.463,
18:18:54.417,20.059,-26.400,46.200,-23.419,44.176,-2.981,2.024,3.603,-0.759,0.868,1.153,
18:18:54.435,20.076,-26.400,46.200,-22.936,44.429,-3.464,1.771,3.890,-0.688,0.815,1.067,
18:18:54.454,20.096,-26.400,46.200,-22.402,44.701,-3.998,1.499,4.270,-0.650,0.848,1.069,
18:18:54.474,20.116,-28.600,48.400,-21.852,44.972,-6.748,3.428,7.568,-0.367,1.231,1.284,
18:18:54.492,20.133,-28.600,48.400,-21.363,45.207,-7.237,3.193,7.911,-0.183,1.585,1.596,
18:18:54.499,20.141,-28.600,48.400,-21.165,45.300,-7.435,3.100,8.056,-0.056,1.974,1.975,
18:18:54.514,20.156,-28.600,48.400,-20.731,45.500,-7.869,2.900,8.387,-0.004,2.181,2.181,
18:18:54.531,20.172,-26.400,48.400,-20.277,45.704,-6.123,2.696,6.690,-0.009,2.076,2.076,
18:18:54.539,20.181,-26.400,48.400,-20.050,45.804,-6.350,2.596,6.861,-0.090,1.925,1.927,
18:18:54.555,20.197,-26.400,48.400,-19.594,46.001,-6.806,2.399,7.216,-0.134,1.905,1.910,
18:18:54.576,20.217,-26.400,48.400,-19.009,46.246,-7.391,2.154,7.699,-0.203,1.937,1.947,
18:18:54.594,20.236,-26.400,48.400,-18.484,46.458,-7.916,1.942,8.151,-0.301,1.996,2.018,
18:18:54.613,20.255,-26.400,48.400,-17.941,46.671,-8.459,1.729,8.634,-0.398,2.081,2.119,
18:18:54.632,20.274,-26.400,48.400,-17.385,46.880,-9.015,1.520,9.142,-0.490,2.184,2.238,
18:18:54.640,20.282,-26.400,48.400,-17.168,46.960,-9.232,1.440,9.344,-0.597,2.297,2.373,
18:18:54.656,20.297,-22.000,50.600,-16.718,47.122,-5.282,3.478,6.324,-0.378,1.825,1.864,
18:18:54.673,20.315,-22.000,50.600,-16.207,47.300,-5.793,3.300,6.667,-0.231,1.522,1.539,
18:18:54.690,20.332,-22.000,50.600,-15.721,47.464,-6.279,3.136,7.019,-0.139,1.354,1.361,
18:18:54.699,20.340,-22.000,50.600,-15.478,47.544,-6.522,3.056,7.203,-0.089,1.284,1.287,
18:18:54.718,20.360,-19.800,50.600,-14.905,47.727,-4.895,2.873,5.676,-0.072,1.032,1.035,
18:18:54.728,20.370,-19.800,50.600,-14.625,47.813,-5.175,2.787,5.877,-0.107,0.889,0.896,
18:18:54.745,20.387,-19.800,50.600,-14.122,47.964,-5.678,2.636,6.260,-0.135,0.858,0.868,
18:18:54.765,20.407,-19.800,50.600,-13.536,48.133,-6.264,2.467,6.732,-0.180,0.939,0.956,
18:18:54.786,20.427,-17.600,52.800,-12.927,48.300,-4.673,4.500,6.488,0.035,0.839,0.840,
18:18:54.803,20.445,-17.600,52.800,-12.403,48.437,-5.197,4.363,6.786,0.171,0.870,0.886,
18:18:54.822,20.464,-17.600,52.800,-11.846,48.577,-5.754,4.223,7.138,0.233,0.985,1.012,
18:18:54.831,20.472,-17.600,52.800,-11.592,48.638,-6.008,4.162,7.309,0.231,1.204,1.226,
18:18:54.848,20.489,-13.200,55.000,-11.081,48.757,-2.119,6.243,6.593,0.499,0.812,0.953,
18:18:54.864,20.506,-13.200,55.000,-10.586,48.867,-2.614,6.133,6.667,0.670,0.586,0.890,
18:18:54.882,20.524,-13.200,55.000,-10.052,48.979,-3.148,6.021,6.794,0.751,0.520,0.914,
18:18:54.889,20.531,-13.200,55.000,-9.839,49.022,-3.361,5.978,6.858,0.735,0.596,0.946,
18:18:54.905,20.546,-11.000,52.800,-9.369,49.114,-1.631,3.686,4.030,0.461,0.391,0.605,
18:18:54.922,20.564,-11.000,52.800,-8.834,49.213,-2.166,3.587,4.190,0.221,0.333,0.400,
18:18:54.931,20.573,-11.000,52.800,-8.572,49.260,-2.428,3.540,4.293,-0.068,0.412,0.418,
18:18:54.947,20.588,-11.000,52.800,-8.111,49.338,-2.889,3.462,4.509,-0.221,0.503,0.549,
18:18:54.965,20.607,-8.800,52.800,-7.550,49.427,-1.250,3.373,3.597,-0.332,0.396,0.517,
18:18:54.983,20.625,-8.800,52.800,-6.999,49.508,-1.801,3.292,3.753,-0.405,0.416,0.580,
18:18:55.001,20.643,-8.800,52.800,-6.439,49.584,-2.361,3.216,3.990,-0.444,0.533,0.694,
18:18:55.009,20.650,-8.800,52.800,-6.220,49.612,-2.580,3.188,4.101,-0.438,0.771,0.887,
18:18:55.024,20.666,-8.800,55.000,-5.750,49.668,-3.050,5.332,6.142,-0.170,0.922,0.938,
18:18:55.042,20.684,-8.800,55.000,-5.206,49.728,-3.594,5.272,6.380,0.036,1.106,1.106,
18:18:55.049,20.691,-8.800,55.000,-4.992,49.750,-3.808,5.250,6.485,0.278,1.367,1.395,
18:18:55.065,20.707,-8.800,55.000,-4.501,49.797,-4.299,5.203,6.749,0.382,1.536,1.583,
18:18:55.084,20.726,-4.400,55.000,-3.916,49.846,-0.484,5.154,5.176,0.446,1.193,1.274,
18:18:55.104,20.745,-4.400,55.000,-3.325,49.889,-1.075,5.111,5.223,0.470,0.979,1.086,
18:18:55.124,20.765,-4.400,55.000,-2.714,49.926,-1.686,5.074,5.347,0.466,0.903,1.016,
18:18:55.141,20.783,-2.200,55.000,-2.162,49.953,-0.038,5.047,5.047,0.440,0.640,0.777,
18:18:55.150,20.792,-2.200,55.000,-1.890,49.964,-0.310,5.036,5.045,0.381,0.482,0.615,
18:18:55.169,20.811,-2.200,55.000,-1.305,49.983,-0.895,5.017,5.096,0.361,0.463,0.587,
18:18:55.177,20.819,-2.200,55.000,-1.083,49.988,-1.117,5.012,5.135,0.305,0.587,0.662,
18:18:55.195,20.837,-2.200,55.000,-0.536,49.997,-1.664,5.003,5.272,0.288,0.676,0.735,
18:18:55.212,20.853,2.200,55.000,-0.020,50.000,2.220,5.000,5.471,0.269,0.280,0.388,
18:18:55.220,20.862,2.200,55.000,0.239,49.999,1.961,5.001,5.371,0.242,-0.036,0.245,
18:18:55.237,20.879,2.200,55.000,0.753,49.994,1.447,5.006,5.211,0.233,-0.133,0.268,
18:18:55.253,20.895,2.200,55.000,1.246,49.984,0.954,5.016,5.105,0.228,-0.094,0.247,
18:18:55.262,20.904,2.200,55.000,1.515,49.977,0.685,5.023,5.069,0.225,0.075,0.237,
18:18:55.280,20.922,4.400,55.000,2.069,49.957,2.331,5.043,5.556,0.229,-0.046,0.233,
18:18:55.288,20.930,4.400,55.000,2.319,49.946,2.081,5.054,5.466,0.235,-0.062,0.243,
18:18:55.305,20.946,4.400,55.000,2.820,49.920,1.580,5.080,5.320,0.245,-0.014,0.245,
18:18:55.322,20.964,4.400,55.000,3.355,49.887,1.045,5.113,5.218,0.259,0.122,0.287,
18:18:55.329,20.971,4.400,55.000,3.567,49.873,0.833,5.127,5.195,0.277,0.394,0.481,
18:18:55.345,20.986,6.600,57.200,4.040,49.837,2.560,7.363,7.796,0.561,0.292,0.633,
18:18:55.363,21.004,6.600,57.200,4.595,49.788,2.005,7.412,7.678,0.781,0.289,0.833,
18:18:55.371,21.012,6.600,57.200,4.830,49.766,1.770,7.434,7.642,0.989,0.364,1.054,
18:18:55.386,21.028,6.600,57.200,5.298,49.718,1.302,7.482,7.594,1.099,0.455,1.189,
18:18:55.402,21.043,8.800,55.000,5.781,49.665,3.019,5.335,6.130,0.882,0.314,0.936,
18:18:55.410,21.051,8.800,55.000,6.020,49.636,2.780,5.364,6.041,0.591,0.216,0.629,
18:18:55.426,21.068,8.800,55.000,6.526,49.572,2.274,5.428,5.885,0.474,0.230,0.527,
18:18:55.443,21.085,8.800,55.000,7.044,49.501,1.756,5.499,5.772,0.387,0.320,0.502,
18:18:55.461,21.103,8.800,55.000,7.588,49.421,1.212,5.579,5.709,0.335,0.465,0.573,
18:18:55.468,21.110,8.800,55.000,7.797,49.388,1.003,5.612,5.701,0.299,0.692,0.754,
18:18:55.486,21.127,8.800,55.000,8.319,49.303,0.481,5.697,5.717,0.292,0.841,0.890,
18:18:55.501,21.143,8.800,55.000,8.789,49.221,0.011,5.779,5.779,0.308,1.012,1.058,
18:18:55.509,21.151,8.800,55.000,9.021,49.179,-0.221,5.821,5.825,0.351,1.203,1.253,
18:18:55.525,21.167,11.000,55.000,9.517,49.086,1.483,5.914,6.097,0.381,1.086,1.151,
18:18:55.544,21.186,11.000,55.000,10.078,48.974,0.922,6.026,6.096,0.426,1.036,1.120,
18:18:55.562,21.204,11.000,55.000,10.620,48.859,0.380,6.141,6.153,0.482,1.044,1.150,
18:18:55.570,21.212,11.000,55.000,10.862,48.806,0.138,6.194,6.196,0.549,1.081,1.212,
18:18:55.586,21.228,8.800,55.000,11.328,48.700,-2.528,6.300,6.789,0.597,1.420,1.541,
18:18:55.602,21.244,8.800,55.000,11.808,48.586,-3.008,6.414,7.085,0.646,1.720,1.837,
18:18:55.610,21.252,8.800,55.000,12.039,48.529,-3.239,6.471,7.236,0.695,2.027,2.143,
18:18:55.628,21.270,8.800,55.000,12.581,48.391,-3.781,6.609,7.614,0.740,2.218,2.338,
18:18:55.637,21.279,8.800,55.000,12.837,48.324,-4.037,6.676,7.802,0.779,2.371,2.496,
18:18:55.654,21.296,11.000,52.800,13.359,48.182,-2.359,4.618,5.185,0.562,2.237,2.306,
18:18:55.673,21.315,11.000,52.800,13.911,48.026,-2.911,4.774,5.592,0.404,2.133,2.171,
18:18:55.691,21.333,11.000,52.800,14.454,47.865,-3.454,4.935,6.024,0.313,2.070,2.094,
18:18:55.700,21.341,11.000,52.800,14.691,47.793,-3.691,5.007,6.220,0.264,2.004,2.021,
18:18:55.717,21.359,13.200,52.800,15.197,47.634,-1.997,5.166,5.538,0.256,1.739,1.758,
18:18:55.735,21.376,13.200,52.800,15.718,47.465,-2.518,5.335,5.899,0.291,1.573,1.599,
18:18:55.752,21.393,13.200,52.800,16.215,47.298,-3.015,5.502,6.274,0.357,1.501,1.542,
18:18:55.759,21.401,13.200,52.800,16.432,47.223,-3.232,5.577,6.446,0.465,1.505,1.576,
18:18:55.775,21.416,15.400,52.800,16.870,47.068,-1.470,5.732,5.918,0.532,1.244,1.353,
18:18:55.791,21.433,15.400,52.800,17.352,46.893,-1.952,5.907,6.221,0.608,1.106,1.262,
18:18:55.799,21.441,15.400,52.800,17.579,46.808,-2.179,5.992,6.376,0.704,1.065,1.277,
18:18:55.815,21.456,15.400,52.800,18.022,46.639,-2.622,6.161,6.695,0.773,1.064,1.315,
18:18:55.833,21.475,17.600,55.000,18.542,46.435,-0.942,8.565,8.617,1.111,0.870,1.412,
18:18:55.843,21.485,17.600,55.000,18.824,46.321,-1.224,8.679,8.765,1.442,0.778,1.638,
18:18:55.859,21.501,17.600,55.000,19.286,46.131,-1.686,8.869,9.028,1.642,0.767,1.812,
18:18:55.866,21.508,17.600,55.000,19.484,46.048,-1.884,8.952,9.149,1.797,0.885,2.003,
18:18:55.883,21.525,17.600,55.000,19.951,45.847,-2.351,9.153,9.450,1.900,0.954,2.127,
18:18:55.902,21.543,19.800,50.600,20.481,45.613,-0.681,4.987,5.034,1.440,0.824,1.659,
18:18:55.910,21.552,19.800,50.600,20.711,45.509,-0.911,5.091,5.172,0.840,0.772,1.141,
18:18:55.927,21.568,19.800,50.600,21.171,45.297,-1.371,5.303,5.477,0.589,0.784,0.981,
18:18:55.944,21.585,19.800,50.600,21.646,45.071,-1.846,5.529,5.829,0.435,0.869,0.972,
18:18:55.961,21.603,22.000,48.400,22.128,44.837,-0.128,3.563,3.565,0.090,0.725,0.731,
18:18:55.969,21.611,22.000,48.400,22.348,44.728,-0.348,3.672,3.689,-0.182,0.648,0.673,
18:18:55.985,21.626,22.000,48.400,22.772,44.514,-0.772,3.886,3.962,-0.292,0.653,0.716,
18:18:56.002,21.644,22.000,48.400,23.243,44.269,-1.243,4.131,4.313,-0.299,0.728,0.788,
18:18:56.011,21.653,22.000,48.400,23.486,44.141,-1.486,4.259,4.511,-0.181,0.886,0.904,
18:18:56.031,21.672,24.200,48.400,24.014,43.856,0.186,4.544,4.548,-0.099,0.757,0.763,
18:18:56.039,21.681,24.200,48.400,24.241,43.731,-0.041,4.669,4.670,0.113,0.673,0.683,
18:18:56.056,21.698,24.200,48.400,24.693,43.477,-0.493,4.923,4.947,0.243,0.678,0.720,
18:18:56.073,21.714,24.200,48.400,25.137,43.222,-0.937,5.178,5.262,0.403,0.753,0.854,
18:18:56.090,21.732,26.400,46.200,25.596,42.952,0.804,3.248,3.346,0.286,0.595,0.660,
18:18:56.098,21.740,26.400,46.200,25.793,42.834,0.607,3.366,3.421,0.181,0.487,0.519,
18:18:56.115,21.756,26.400,46.200,26.230,42.567,0.170,3.633,3.637,0.180,0.483,0.515,
18:18:56.131,21.773,26.400,46.200,26.657,42.301,-0.257,3.899,3.907,0.231,0.554,0.600,
18:18:56.138,21.780,26.400,46.200,26.841,42.185,-0.441,4.015,4.039,0.329,0.718,0.790,
18:18:56.155,21.797,33.000,48.400,27.272,41.907,5.728,6.493,8.658,0.672,0.044,0.673,
18:18:56.171,21.813,33.000,48.400,27.696,41.628,5.304,6.772,8.601,0.988,-0.434,1.079,
18:18:56.180,21.821,33.000,48.400,27.901,41.492,5.099,6.908,8.587,1.309,-0.792,1.530,
18:18:56.195,21.837,33.000,48.400,28.290,41.227,4.710,7.173,8.581,1.506,-0.931,1.771,
18:18:56.212,21.854,33.000,46.200,28.723,40.927,4.277,5.273,6.790,1.391,-0.919,1.667,
18:18:56.222,21.863,33.000,46.200,28.953,40.764,4.047,5.436,6.777,1.220,-0.725,1.419,
18:18:56.240,21.881,33.000,46.200,29.401,40.443,3.599,5.757,6.790,1.182,-0.585,1.319,
18:18:56.250,21.891,33.000,46.200,29.641,40.267,3.359,5.933,6.818,1.130,-0.298,1.169,
18:18:56.268,21.910,33.000,44.000,30.092,39.931,2.908,4.069,5.001,0.886,-0.097,0.891,
18:18:56.278,21.920,33.000,44.000,30.335,39.747,2.665,4.253,5.019,0.647,0.194,0.675,
18:18:56.296,21.937,33.000,44.000,30.762,39.417,2.238,4.583,5.100,0.559,0.403,0.689,
18:18:56.312,21.953,33.000,44.000,31.150,39.111,1.850,4.889,5.227,0.545,0.620,0.826,
18:18:56.320,21.962,33.000,44.000,31.358,38.945,1.642,5.055,5.315,0.596,0.842,1.032,
18:18:56.341,21.982,35.200,41.800,31.843,38.549,3.357,3.251,4.673,0.407,0.759,0.862,
18:18:56.350,21.991,35.200,41.800,32.049,38.378,3.151,3.422,4.652,0.266,0.628,0.681,
18:18:56.367,22.008,35.200,41.800,32.449,38.041,2.751,3.759,4.659,0.233,0.617,0.659,
18:18:56.376,22.018,35.200,41.800,32.660,37.859,2.540,3.941,4.688,0.289,0.620,0.685,
18:18:56.392,22.034,35.200,41.800,33.031,37.536,2.169,4.264,4.784,0.356,0.664,0.754,
18:18:56.401,22.043,37.400,41.800,33.232,37.358,4.168,4.442,6.091,0.500,0.343,0.606,
18:18:56.419,22.060,37.400,41.800,33.640,36.991,3.760,4.809,6.104,0.612,0.231,0.654,
18:18:56.426,22.068,37.400,41.800,33.811,36.835,3.589,4.965,6.126,0.803,0.143,0.816,
18:18:56.443,22.085,37.400,41.800,34.187,36.486,3.213,5.314,6.210,0.930,0.141,0.940,
18:18:56.462,22.104,37.400,39.600,34.606,36.089,2.794,3.511,4.487,0.810,0.199,0.834,
18:18:56.470,22.111,37.400,39.600,34.771,35.930,2.629,3.670,4.514,0.676,0.337,0.755,
18:18:56.487,22.128,37.400,39.600,35.150,35.560,2.250,4.040,4.625,0.667,0.430,0.793,
18:18:56.497,22.138,37.400,39.600,35.360,35.351,2.040,4.249,4.713,0.700,0.568,0.901,
18:18:56.514,22.156,37.400,39.600,35.739,34.968,1.661,4.632,4.921,0.765,0.678,1.022,
18:18:56.534,22.176,39.600,37.400,36.169,34.522,3.431,2.878,4.478,0.607,0.540,0.813,
18:18:56.552,22.193,39.600,37.400,36.534,34.137,3.066,3.263,4.478,0.536,0.462,0.708,
18:18:56.560,22.202,39.600,37.400,36.708,33.949,2.892,3.451,4.503,0.525,0.423,0.675,
18:18:56.578,22.220,39.600,37.400,37.085,33.537,2.515,3.863,4.610,0.564,0.439,0.715,
18:18:56.587,22.229,39.600,37.400,37.257,33.345,2.343,4.055,4.683,0.675,0.505,0.843,
18:18:56.603,22.245,41.800,37.400,37.588,32.972,4.212,4.428,6.111,0.769,0.298,0.825,
18:18:56.622,22.264,41.800,37.400,37.975,32.526,3.825,4.874,6.196,0.898,0.186,0.917,
18:18:56.630,22.272,41.800,37.400,38.122,32.353,3.678,5.047,6.245,1.086,0.129,1.093,
18:18:56.646,22.287,41.800,37.400,38.434,31.982,3.366,5.418,6.379,1.211,0.126,1.217,
18:18:56.661,22.303,41.800,35.200,38.740,31.611,3.060,3.589,4.717,1.059,0.177,1.074,
18:18:56.669,22.311,41.800,35.200,38.890,31.426,2.910,3.774,4.766,0.904,0.295,0.951,
18:18:56.686,22.328,41.800,35.200,39.216,31.018,2.584,4.182,4.916,0.884,0.371,0.958,
18:18:56.703,22.345,41.800,35.200,39.541,30.602,2.259,4.598,5.123,0.919,0.476,1.035,
18:18:56.722,22.364,44.000,35.200,39.886,30.151,4.114,5.049,6.513,1.002,0.316,1.051,
18:18:56.729,22.371,44.000,35.200,40.023,29.969,3.977,5.231,6.571,1.133,0.160,1.144,
18:18:56.746,22.388,44.000,35.200,40.328,29.558,3.672,5.642,6.732,1.232,0.123,1.239,
18:18:56.763,22.404,44.000,35.200,40.624,29.149,3.376,6.051,6.929,1.353,0.140,1.360,
18:18:56.770,22.412,44.000,35.200,40.761,28.958,3.239,6.242,7.033,1.495,0.212,1.510,
18:18:56.786,22.428,44.000,35.200,41.043,28.556,2.957,6.644,7.272,1.604,0.268,1.627,
18:18:56.802,22.444,44.000,35.200,41.315,28.162,2.685,7.038,7.533,1.719,0.350,1.754,
18:18:56.810,22.452,44.000,35.200,41.451,27.961,2.549,7.239,7.675,1.834,0.468,1.893,
18:18:56.826,22.468,44.000,35.200,41.722,27.556,2.278,7.644,7.977,1.933,0.547,2.009,
18:18:56.844,22.485,44.000,33.000,42.019,27.100,1.981,5.900,6.223,1.767,0.634,1.877,
18:18:56.862,22.503,44.000,33.000,42.319,26.629,1.681,6.371,6.589,1.666,0.724,1.817,
18:18:56.870,22.512,44.000,33.000,42.450,26.420,1.550,6.580,6.760,1.574,0.819,1.774,
18:18:56.887,22.528,44.000,33.000,42.722,25.978,1.278,7.022,7.138,1.572,0.887,1.805,
18:18:56.903,22.544,44.000,30.800,42.971,25.563,1.029,5.237,5.337,1.329,0.948,1.632,
18:18:56.921,22.563,44.000,30.800,43.261,25.070,0.739,5.730,5.778,1.213,1.004,1.575,
18:18:56.929,22.571,44.000,30.800,43.384,24.856,0.616,5.944,5.975,1.166,1.048,1.568,
18:18:56.945,22.587,44.000,30.800,43.619,24.442,0.381,6.358,6.370,1.175,1.086,1.600,
18:18:56.962,22.603,44.000,28.600,43.868,23.991,0.132,4.609,4.611,0.972,1.120,1.483,
18:18:56.970,22.612,44.000,28.600,43.994,23.759,0.006,4.841,4.841,0.843,1.143,1.421,
18:18:56.987,22.629,44.000,28.600,44.236,23.306,-0.236,5.294,5.299,0.820,1.169,1.428,
18:18:56.996,22.638,44.000,28.600,44.363,23.063,-0.363,5.537,5.548,0.899,1.185,1.488,
18:18:57.012,22.654,44.000,28.600,44.590,22.621,-0.590,5.979,6.008,0.981,1.205,1.554,
18:18:57.021,22.663,48.400,26.400,44.711,22.380,3.689,4.020,5.455,0.768,0.448,0.889,
18:18:57.038,22.680,48.400,26.400,44.942,21.914,3.458,4.486,5.664,0.712,0.087,0.717,
18:18:57.046,22.688,48.400,26.400,45.050,21.692,3.350,4.708,5.779,0.743,-0.261,0.787,
18:18:57.063,22.705,48.400,26.400,45.267,21.234,3.133,5.166,6.042,0.804,-0.418,0.906,
18:18:57.073,22.714,48.400,26.400,45.394,20.962,3.006,5.438,6.214,0.949,-0.474,1.060,
18:18:57.091,22.732,48.400,26.400,45.622,20.460,2.778,5.940,6.558,1.084,-0.486,1.188,
18:18:57.100,22.741,48.400,26.400,45.731,20.215,2.669,6.185,6.736,1.297,-0.371,1.349,
18:18:57.117,22.759,48.400,26.400,45.947,19.720,2.453,6.680,7.117,1.458,-0.303,1.489,
18:18:57.136,22.777,48.400,26.400,46.169,19.194,2.231,7.206,7.544,1.641,-0.187,1.651,
18:18:57.153,22.795,50.600,22.000,46.370,18.703,4.230,3.297,5.363,1.252,-0.329,1.294,
18:18:57.174,22.816,50.600,22.000,46.614,18.088,3.986,3.912,5.585,1.055,-0.379,1.121,
18:18:57.192,22.834,50.600,22.000,46.807,17.581,3.793,4.419,5.823,0.981,-0.357,1.044,
18:18:57.201,22.843,50.600,22.000,46.902,17.326,3.698,4.674,5.960,0.995,-0.274,1.032,
18:18:57.218,22.859,50.600,22.000,47.077,16.844,3.523,5.156,6.244,1.048,-0.214,1.069,
18:18:57.235,22.877,50.600,22.000,47.254,16.342,3.346,5.658,6.573,1.165,-0.131,1.172,
18:18:57.254,22.895,50.600,22.000,47.438,15.799,3.162,6.201,6.961,1.328,-0.038,1.328,
18:18:57.271,22.913,50.600,17.600,47.608,15.279,2.992,2.321,3.786,0.940,0.060,0.942,
18:18:57.279,22.921,50.600,17.600,47.677,15.064,2.923,2.536,3.870,0.568,0.175,0.595,
18:18:57.295,22.936,50.600,17.600,47.821,14.600,2.779,3.000,4.089,0.467,0.247,0.528,
18:18:57.312,22.953,50.600,17.600,47.971,14.098,2.629,3.502,4.379,0.482,0.312,0.574,
18:18:57.319,22.960,50.600,17.600,48.030,13.898,2.570,3.702,4.507,0.631,0.374,0.733,
18:18:57.334,22.976,50.600,15.400,48.161,13.437,2.439,1.963,3.131,0.466,0.420,0.628,
18:18:57.355,22.996,50.600,15.400,48.324,12.835,2.276,2.565,3.429,0.435,0.460,0.633,
18:18:57.371,23.013,50.600,15.400,48.454,12.339,2.146,3.061,3.739,0.523,0.490,0.716,
18:18:57.380,23.021,50.600,15.400,48.515,12.094,2.085,3.306,3.908,0.715,0.506,0.876,
18:18:57.397,23.038,50.600,15.400,48.639,11.585,1.961,3.815,4.290,0.856,0.525,1.004,
18:18:57.416,23.058,50.600,15.400,48.775,11.000,1.825,4.400,4.763,1.047,0.540,1.178,
18:18:57.434,23.075,50.600,15.400,48.891,10.472,1.709,4.928,5.216,1.271,0.549,1.385,
18:18:57.453,23.095,50.600,11.000,49.014,9.878,1.586,1.122,1.942,0.940,0.555,1.092,
18:18:57.470,23.112,50.600,11.000,49.114,9.369,1.486,1.631,2.206,0.749,0.558,0.934,
18:18:57.479,23.120,50.600,11.000,49.161,9.119,1.439,1.881,2.368,0.637,0.557,0.846,
18:18:57.495,23.136,50.600,11.000,49.249,8.634,1.351,2.366,2.725,0.642,0.557,0.850,
18:18:57.512,23.153,50.600,8.800,49.336,8.124,1.264,0.676,1.434,0.451,0.557,0.717,
18:18:57.519,23.161,50.600,8.800,49.371,7.909,1.229,0.891,1.518,0.328,0.559,0.648,
18:18:57.535,23.177,50.600,8.800,49.446,7.420,1.154,1.380,1.799,0.326,0.556,0.645,
18:18:57.551,23.193,50.600,8.800,49.518,6.925,1.082,1.875,2.165,0.420,0.555,0.696,
18:18:57.559,23.201,50.600,8.800,49.548,6.707,1.052,2.093,2.343,0.635,0.558,0.845,
18:18:57.575,23.217,52.800,8.800,49.612,6.220,3.188,2.580,4.101,0.778,0.289,0.830,
18:18:57.594,23.236,52.800,8.800,49.681,5.638,3.119,3.162,4.441,0.967,0.087,0.971,
18:18:57.611,23.253,52.800,8.800,49.738,5.109,3.062,3.691,4.796,1.192,-0.053,1.193,
18:18:57.618,23.260,52.800,8.800,49.760,4.894,3.040,3.906,4.950,1.470,-0.138,1.476,
18:18:57.634,23.275,52.800,6.600,49.804,4.425,2.996,2.175,3.702,1.373,-0.193,1.386,
18:18:57.652,23.294,52.800,6.600,49.852,3.850,2.948,2.750,4.032,1.354,-0.212,1.370,
18:18:57.670,23.312,52.800,6.600,49.890,3.319,2.910,3.281,4.385,1.389,-0.192,1.403,
18:18:57.678,23.320,52.800,6.600,49.906,3.065,2.894,3.535,4.568,1.455,-0.117,1.460,
18:18:57.694,23.336,55.000,4.400,49.933,2.586,5.067,1.814,5.382,1.264,-0.365,1.315,
18:18:57.713,23.355,55.000,4.400,49.960,1.992,5.040,2.408,5.585,1.185,-0.531,1.299,
18:18:57.730,23.372,55.000,4.400,49.978,1.471,5.022,2.929,5.814,1.190,-0.624,1.344,
18:18:57.738,23.379,55.000,4.400,49.984,1.254,5.016,3.146,5.921,1.264,-0.643,1.418,
18:18:57.753,23.395,55.000,-0.000,49.994,0.772,5.006,-0.772,5.065,0.792,-0.666,1.035,
18:18:57.773,23.414,55.000,-0.000,50.000,0.173,5.000,-0.173,5.003,0.519,-0.661,0.840,
18:18:57.781,23.423,55.000,-0.000,50.000,-0.077,5.000,0.077,5.001,0.349,-0.577,0.675,
18:18:57.797,23.438,55.000,-0.000,49.997,-0.552,5.003,0.552,5.033,0.307,-0.544,0.624,
18:18:57.815,23.456,57.200,-0.000,49.988,-1.101,7.212,1.101,7.296,0.375,-0.775,0.860,
18:18:57.833,23.474,57.200,-0.000,49.973,-1.655,7.227,1.655,7.415,0.537,-0.933,1.076,
18:18:57.842,23.484,57.200,-0.000,49.963,-1.927,7.237,1.927,7.489,0.814,-1.034,1.316,
18:18:57.860,23.502,57.200,-0.000,49.938,-2.491,7.262,2.491,7.678,0.998,-1.088,1.476,
18:18:57.869,23.510,59.400,-4.400,49.925,-2.747,9.475,-1.653,9.619,0.437,-1.487,1.550,
18:18:57.885,23.527,59.400,-4.400,49.894,-3.249,9.506,-1.151,9.575,0.244,-1.673,1.691,
18:18:57.901,23.543,59.400,-4.400,49.859,-3.754,9.541,-0.646,9.563,0.177,-1.774,1.783,
18:18:57.911,23.553,59.400,-4.400,49.836,-4.046,9.564,-0.354,9.571,0.213,-1.790,1.802,
18:18:57.928,23.570,57.200,-6.600,49.790,-4.572,7.410,-2.028,7.682,0.029,-1.530,1.530,
18:18:57.937,23.579,57.200,-6.600,49.766,-4.831,7.434,-1.769,7.642,-0.063,-1.163,1.165,
18:18:57.954,23.596,57.200,-6.600,49.713,-5.349,7.487,-1.251,7.591,-0.049,-0.987,0.988,
18:18:57.973,23.615,57.200,-6.600,49.647,-5.932,7.553,-0.668,7.583,0.069,-0.847,0.850,
18:18:57.981,23.623,57.200,-6.600,49.616,-6.184,7.584,-0.416,7.595,0.321,-0.708,0.777,
18:18:57.997,23.639,55.000,-6.600,49.555,-6.656,5.445,0.056,5.445,0.498,-0.358,0.613,
18:18:58.013,23.655,55.000,-6.600,49.485,-7.160,5.515,0.560,5.544,0.706,-0.113,0.715,
18:18:58.031,23.673,55.000,-6.600,49.403,-7.706,5.597,1.106,5.706,0.929,0.030,0.930,
18:18:58.040,23.682,55.000,-6.600,49.363,-7.958,5.637,1.358,5.799,1.189,0.081,1.192,
18:18:58.056,23.698,55.000,-8.800,49.282,-8.442,5.718,-0.358,5.729,1.102,0.111,1.108,
18:18:58.073,23.715,55.000,-8.800,49.191,-8.960,5.809,0.160,5.812,1.080,0.086,1.083,
18:18:58.093,23.735,55.000,-8.800,49.077,-9.565,5.923,0.765,5.973,1.121,0.020,1.122,
18:18:58.101,23.743,55.000,-8.800,49.030,-9.800,5.970,1.000,6.053,1.187,-0.141,1.195,
18:18:58.118,23.760,55.000,-11.000,48.925,-10.312,6.075,-0.688,6.114,1.005,-0.218,1.028,
18:18:58.136,23.778,55.000,-11.000,48.806,-10.862,6.194,-0.138,6.196,0.920,-0.309,0.971,
18:18:58.153,23.794,55.000,-11.000,48.694,-11.355,6.306,0.355,6.316,0.917,-0.408,1.004,
18:18:58.161,23.803,55.000,-11.000,48.637,-11.594,6.363,0.594,6.390,0.974,-0.520,1.104,
18:18:58.177,23.818,55.000,-11.000,48.523,-12.065,6.477,1.065,6.564,1.043,-0.593,1.200,
18:18:58.192,23.834,55.000,-11.000,48.408,-12.516,6.592,1.516,6.764,1.155,-0.662,1.331,
18:18:58.200,23.842,55.000,-11.000,48.348,-12.747,6.652,1.747,6.878,1.315,-0.725,1.502,
18:18:58.218,23.859,55.000,-11.000,48.205,-13.275,6.795,2.275,7.165,1.434,-0.781,1.633,
18:18:58.233,23.875,50.600,-13.200,48.075,-13.740,2.525,0.540,2.582,1.289,-0.257,1.315,
18:18:58.251,23.893,50.600,-13.200,47.920,-14.272,2.680,1.072,2.886,1.235,0.096,1.239,
18:18:58.259,23.901,50.600,-13.200,47.856,-14.486,2.744,1.286,3.031,1.215,0.437,1.291,
18:18:58.275,23.917,50.600,-13.200,47.707,-14.968,2.893,1.768,3.390,1.247,0.566,1.370,
18:18:58.294,23.936,55.000,-13.200,47.531,-15.517,7.469,2.317,7.820,1.330,0.067,1.331,
18:18:58.312,23.954,55.000,-13.200,47.358,-16.039,7.642,2.839,8.153,1.451,-0.394,1.503,
18:18:58.321,23.962,55.000,-13.200,47.275,-16.280,7.725,3.080,8.316,1.611,-0.888,1.840,
18:18:58.337,23.978,55.000,-13.200,47.113,-16.744,7.887,3.544,8.646,1.726,-1.149,2.073,
18:18:58.353,23.994,50.600,-15.400,46.948,-17.201,3.652,1.801,4.072,1.565,-0.774,1.746,
18:18:58.361,24.002,50.600,-15.400,46.862,-17.435,3.738,2.035,4.256,1.413,-0.331,1.451,
18:18:58.377,24.018,50.600,-15.400,46.690,-17.890,3.910,2.490,4.636,1.382,-0.161,1.391,
18:18:58.393,24.034,50.600,-15.400,46.510,-18.352,4.090,2.952,5.044,1.408,-0.061,1.409,
18:18:58.401,24.043,50.600,-15.400,46.414,-18.595,4.186,3.195,5.266,1.483,0.002,1.483,
18:18:58.418,24.059,48.400,-17.600,46.224,-19.061,2.176,1.461,2.621,1.292,0.268,1.319,
18:18:58.426,24.068,48.400,-17.600,46.125,-19.300,2.275,1.700,2.840,1.131,0.498,1.236,
18:18:58.445,24.087,48.400,-17.600,45.899,-19.831,2.501,2.231,3.351,1.096,0.577,1.238,
18:18:58.462,24.103,48.400,-17.600,45.694,-20.300,2.706,2.700,3.823,1.141,0.561,1.271,
18:18:58.471,24.112,48.400,-17.600,45.584,-20.545,2.816,2.945,4.075,1.261,0.454,1.340,
18:18:58.488,24.130,50.600,-22.000,45.361,-21.034,5.239,-0.966,5.328,0.831,0.105,0.838,
18:18:58.497,24.138,50.600,-22.000,45.250,-21.271,5.350,-0.729,5.400,0.435,-0.344,0.554,
18:18:58.513,24.155,50.600,-22.000,45.037,-21.718,5.563,-0.282,5.570,0.277,-0.602,0.663,
18:18:58.520,24.162,50.600,-22.000,44.939,-21.920,5.661,-0.080,5.662,0.244,-0.886,0.919,
18:18:58.537,24.179,50.600,-22.000,44.709,-22.386,5.891,0.386,5.904,0.254,-1.057,1.087,
18:18:58.546,24.188,50.600,-22.000,44.590,-22.622,6.010,0.622,6.042,0.409,-1.196,1.264,
18:18:58.563,24.204,50.600,-22.000,44.355,-23.078,6.245,1.078,6.337,0.526,-1.307,1.409,
18:18:58.582,24.223,50.600,-22.000,44.085,-23.591,6.515,1.591,6.707,0.705,-1.393,1.561,
18:18:58.590,24.231,50.600,-22.000,43.968,-23.807,6.632,1.807,6.873,1.003,-1.410,1.730,
18:18:58.606,24.248,50.600,-24.200,43.724,-24.253,6.876,0.053,6.876,0.915,-1.458,1.721,
18:18:58.623,24.265,50.600,-24.200,43.470,-24.705,7.130,0.505,7.147,0.900,-1.490,1.741,
18:18:58.643,24.284,50.600,-24.200,43.176,-25.216,7.424,1.016,7.493,0.955,-1.519,1.794,
18:18:58.662,24.304,48.400,-28.600,42.874,-25.726,5.526,-2.874,6.229,0.502,-1.263,1.358,
18:18:58.670,24.312,48.400,-28.600,42.744,-25.941,5.656,-2.659,6.250,0.086,-0.962,0.966,
18:18:58.689,24.330,48.400,-28.600,42.448,-26.423,5.952,-2.177,6.338,-0.045,-0.866,0.867,
18:18:58.697,24.339,48.400,-28.600,42.314,-26.637,6.086,-1.963,6.395,-0.046,-0.795,0.797,
18:18:58.713,24.355,48.400,-28.600,42.046,-27.059,6.354,-1.541,6.539,-0.010,-0.784,0.784,
18:18:58.733,24.374,50.600,-28.600,41.721,-27.556,8.879,-1.044,8.940,0.110,-1.085,1.091,
18:18:58.743,24.384,50.600,-28.600,41.551,-27.812,9.049,-0.788,9.083,0.346,-1.433,1.475,
18:18:58.763,24.405,50.600,-28.600,41.197,-28.334,9.403,-0.266,9.407,0.520,-1.642,1.723,
18:18:58.784,24.425,50.600,-28.600,40.833,-28.857,9.767,0.257,9.771,0.734,-1.820,1.963,
18:18:58.802,24.443,48.400,-30.800,40.517,-29.298,7.883,-1.502,8.025,0.659,-1.657,1.783,
18:18:58.811,24.452,48.400,-30.800,40.359,-29.515,8.041,-1.285,8.143,0.612,-1.471,1.593,
18:18:58.827,24.469,48.400,-30.800,40.061,-29.919,8.339,-0.881,8.386,0.647,-1.421,1.561,
18:18:58.846,24.487,48.400,-30.800,39.711,-30.382,8.689,-0.418,8.699,0.728,-1.417,1.593,
18:18:58.863,24.505,44.000,-35.200,39.387,-30.801,4.613,-4.399,6.375,0.263,-0.866,0.905,
18:18:58.884,24.526,44.000,-35.200,38.983,-31.310,5.017,-3.890,6.348,0.015,-0.546,0.546,
18:18:58.903,24.545,44.000,-35.200,38.615,-31.763,5.385,-3.437,6.388,-0.079,-0.392,0.399,
18:18:58.910,24.552,44.000,-35.200,38.477,-31.930,5.523,-3.270,6.418,-0.045,-0.375,0.377,
18:18:58.927,24.568,41.800,-37.400,38.152,-32.318,3.648,-5.082,6.256,-0.279,-0.101,0.297,
18:18:58.944,24.586,41.800,-37.400,37.796,-32.734,4.004,-4.666,6.149,-0.373,0.019,0.374,
18:18:58.963,24.604,41.800,-37.400,37.427,-33.155,4.373,-4.245,6.095,-0.347,0.005,0.347,
18:18:58.982,24.624,39.600,-37.400,37.023,-33.605,2.577,-3.795,4.587,-0.233,0.172,0.290,
18:18:58.990,24.632,39.600,-37.400,36.860,-33.783,2.740,-3.617,4.537,0.015,0.205,0.206,
18:18:59.007,24.648,39.600,-37.400,36.517,-34.154,3.083,-3.246,4.477,0.158,0.187,0.245,
18:18:59.023,24.664,39.600,-37.400,36.181,-34.509,3.419,-2.891,4.477,0.327,0.078,0.337,
18:18:59.040,24.682,41.800,-37.400,35.809,-34.895,5.991,-2.505,6.493,0.500,-0.365,0.619,
18:18:59.048,24.689,41.800,-37.400,35.653,-35.055,6.147,-2.345,6.579,0.716,-0.953,1.192,
18:18:59.064,24.706,41.800,-37.400,35.289,-35.422,6.511,-1.978,6.805,0.852,-1.245,1.509,
18:18:59.084,24.726,41.800,-37.400,34.855,-35.849,6.945,-1.551,7.116,0.986,-1.505,1.799,
18:18:59.103,24.745,37.400,-39.600,34.435,-36.253,2.965,-3.347,4.472,0.828,-1.161,1.426,
18:18:59.112,24.753,37.400,-39.600,34.246,-36.431,3.154,-3.169,4.471,0.644,-0.757,0.994,
18:18:59.130,24.772,37.400,-39.600,33.829,-36.818,3.571,-2.782,4.526,0.608,-0.646,0.887,
18:18:59.138,24.780,37.400,-39.600,33.642,-36.989,3.758,-2.611,4.576,0.591,-0.560,0.814,
18:18:59.154,24.796,37.400,-39.600,33.287,-37.309,4.113,-2.291,4.708,0.614,-0.566,0.835,
18:18:59.172,24.814,37.400,-41.800,32.865,-37.681,4.535,-4.119,6.126,0.402,-0.631,0.749,
18:18:59.179,24.821,37.400,-41.800,32.704,-37.822,4.696,-3.978,6.155,0.179,-0.772,0.793,
18:18:59.194,24.836,37.400,-41.800,32.356,-38.119,5.044,-3.681,6.244,0.110,-0.872,0.879,
18:18:59.211,24.853,37.400,-41.800,31.969,-38.445,5.431,-3.355,6.384,0.109,-0.999,1.004,
18:18:59.218,24.860,37.400,-41.800,31.793,-38.590,5.607,-3.210,6.461,0.187,-1.169,1.184,
18:18:59.234,24.876,33.000,-41.800,31.424,-38.891,1.576,-2.909,3.308,0.244,-0.756,0.794,
18:18:59.251,24.893,33.000,-41.800,31.008,-39.224,1.992,-2.576,3.257,0.336,-0.482,0.588,
18:18:59.260,24.901,33.000,-41.800,30.808,-39.381,2.192,-2.419,3.264,0.489,-0.260,0.553,
18:18:59.277,24.918,33.000,-41.800,30.400,-39.697,2.600,-2.103,3.344,0.588,-0.196,0.620,
18:18:59.293,24.935,35.200,-44.000,30.002,-39.998,5.198,-4.002,6.560,0.419,-0.515,0.664,
18:18:59.301,24.942,35.200,-44.000,29.813,-40.140,5.387,-3.860,6.628,0.258,-0.957,0.991,
18:18:59.319,24.960,35.200,-44.000,29.368,-40.466,5.832,-3.534,6.819,0.217,-1.192,1.211,
18:18:59.327,24.969,35.200,-44.000,29.152,-40.622,6.048,-3.378,6.927,0.225,-1.478,1.495,
18:18:59.343,24.985,35.200,-44.000,28.765,-40.897,6.435,-3.103,7.144,0.256,-1.668,1.688,
18:18:59.351,24.993,33.000,-46.200,28.554,-41.045,4.446,-5.155,6.808,-0.059,-1.463,1.464,
18:18:59.368,25.010,33.000,-46.200,28.121,-41.343,4.879,-4.857,6.885,-0.182,-1.420,1.431,
18:18:59.377,25.019,33.000,-46.200,27.908,-41.486,5.092,-4.714,6.939,-0.250,-1.359,1.382,
18:18:59.393,25.035,33.000,-46.200,27.488,-41.766,5.512,-4.434,7.074,-0.258,-1.378,1.401,
18:18:59.412,25.054,30.800,-46.200,27.014,-42.075,3.786,-4.125,5.600,-0.205,-1.169,1.187,
18:18:59.420,25.062,30.800,-46.200,26.804,-42.208,3.996,-3.992,5.648,-0.064,-0.954,0.956,
18:18:59.437,25.078,30.800,-46.200,26.381,-42.474,4.419,-3.726,5.780,0.026,-0.899,0.900,
18:18:59.452,25.094,30.800,-46.200,25.986,-42.717,4.814,-3.483,5.942,0.142,-0.917,0.928,
18:18:59.460,25.102,30.800,-46.200,25.776,-42.844,5.024,-3.356,6.042,0.292,-0.999,1.041,
18:18:59.476,25.118,30.800,-48.400,25.343,-43.101,5.457,-5.299,7.606,0.128,-1.078,1.085,
18:18:59.493,25.134,30.800,-48.400,24.911,-43.353,5.889,-5.047,7.756,0.023,-1.200,1.201,
18:18:59.510,25.152,30.800,-48.400,24.439,-43.621,6.361,-4.779,7.957,-0.018,-1.349,1.350,
18:18:59.518,25.160,30.800,-48.400,24.223,-43.741,6.577,-4.659,8.060,-0.011,-1.543,1.543,
18:18:59.538,25.179,28.600,-46.200,23.707,-44.022,4.893,-2.178,5.355,0.267,-1.427,1.452,
18:18:59.546,25.188,28.600,-46.200,23.476,-44.146,5.124,-2.054,5.521,0.628,-1.306,1.449,
18:18:59.563,25.205,28.600,-46.200,23.021,-44.385,5.579,-1.815,5.867,0.822,-1.296,1.535,
18:18:59.572,25.214,28.600,-46.200,22.778,-44.510,5.822,-1.690,6.062,1.006,-1.330,1.668,
18:18:59.590,25.232,28.600,-46.200,22.280,-44.762,6.320,-1.438,6.481,1.121,-1.397,1.791,
18:18:59.598,25.240,24.200,-50.600,22.066,-44.868,2.134,-5.732,6.117,0.344,-0.666,0.750,
18:18:59.616,25.258,24.200,-50.600,21.570,-45.108,2.630,-5.492,6.089,0.042,-0.406,0.408,
18:18:59.632,25.274,24.200,-50.600,21.113,-45.324,3.087,-5.276,6.113,-0.190,-0.278,0.337,
18:18:59.641,25.283,24.200,-50.600,20.874,-45.434,3.326,-5.166,6.144,-0.373,-0.263,0.457,
18:18:59.660,25.302,24.200,-48.400,20.340,-45.676,3.860,-2.724,4.725,-0.190,-0.308,0.362,
18:18:59.668,25.310,24.200,-48.400,20.110,-45.778,4.090,-2.622,4.859,0.119,-0.501,0.515,
18:18:59.685,25.327,24.200,-48.400,19.646,-45.979,4.554,-2.421,5.158,0.276,-0.641,0.697,
18:18:59.702,25.344,24.200,-48.400,19.149,-46.188,5.051,-2.212,5.514,0.421,-0.833,0.934,
18:18:59.711,25.353,24.200,-48.400,18.903,-46.289,5.297,-2.111,5.702,0.582,-1.105,1.249,
18:18:59.727,25.368,19.800,-50.600,18.462,-46.467,1.338,-4.133,4.344,0.402,-0.745,0.847,
18:18:59.743,25.385,19.800,-50.600,17.998,-46.648,1.802,-3.952,4.343,0.273,-0.530,0.596,
18:18:59.751,25.393,19.800,-50.600,17.775,-46.734,2.025,-3.866,4.364,0.148,-0.379,0.407,
18:18:59.767,25.409,19.800,-50.600,17.311,-46.908,2.489,-3.692,4.453,0.104,-0.361,0.376,
18:18:59.783,25.425,19.800,-48.400,16.845,-47.077,2.955,-1.323,3.237,0.373,-0.438,0.575,
18:18:59.800,25.442,19.800,-48.400,16.344,-47.253,3.456,-1.147,3.641,0.595,-0.584,0.833,
18:18:59.809,25.450,19.800,-48.400,16.110,-47.334,3.690,-1.066,3.841,0.828,-0.822,1.167,
18:18:59.824,25.466,19.800,-48.400,15.654,-47.486,4.146,-0.914,4.246,0.948,-0.988,1.369,
18:18:59.843,25.484,17.600,-50.600,15.122,-47.659,2.478,-2.941,3.846,0.764,-0.911,1.189,
18:18:59.861,25.503,17.600,-50.600,14.569,-47.830,3.031,-2.770,4.106,0.612,-0.919,1.104,
18:18:59.869,25.511,17.600,-50.600,14.337,-47.900,3.263,-2.700,4.235,0.441,-0.976,1.071,
18:18:59.886,25.528,17.600,-50.600,13.840,-48.046,3.760,-2.554,4.545,0.371,-1.061,1.124,
18:18:59.902,25.544,13.200,-52.800,13.364,-48.181,-0.164,-4.619,4.622,0.047,-0.618,0.620,
18:18:59.910,25.552,13.200,-52.800,13.133,-48.244,0.067,-4.556,4.556,-0.258,-0.197,0.325,
18:18:59.926,25.568,13.200,-52.800,12.671,-48.368,0.529,-4.432,4.464,-0.399,-0.060,0.404,
18:18:59.943,25.585,13.200,-52.800,12.150,-48.501,1.050,-4.299,4.425,-0.467,-0.052,0.470,
18:18:59.962,25.603,15.400,-52.800,11.622,-48.630,3.778,-4.170,5.626,-0.468,-0.436,0.640,
18:18:59.970,25.612,15.400,-52.800,11.372,-48.690,4.028,-4.110,5.755,-0.382,-0.946,1.020,
18:18:59.987,25.629,15.400,-52.800,10.863,-48.806,4.537,-3.994,6.045,-0.344,-1.237,1.284,
18:19:00.003,25.645,15.400,-52.800,10.372,-48.912,5.028,-3.888,6.355,-0.274,-1.520,1.544,
18:19:00.023,25.664,15.400,-50.600,9.791,-49.032,5.609,-1.568,5.824,0.073,-1.773,1.774,
18:19:00.031,25.673,15.400,-50.600,9.550,-49.079,5.850,-1.521,6.044,0.496,-2.012,2.072,
18:19:00.050,25.691,15.400,-50.600,8.986,-49.186,6.414,-1.414,6.568,0.685,-2.192,2.297,
18:19:00.058,25.700,15.400,-50.600,8.722,-49.233,6.678,-1.367,6.817,0.847,-2.327,2.477,
18:19:00.077,25.719,8.800,-50.600,8.157,-49.330,0.643,-1.270,1.423,0.936,-1.693,1.934,
18:19:00.096,25.737,8.800,-50.600,7.590,-49.421,1.210,-1.179,1.690,0.975,-1.201,1.547,
18:19:00.115,25.757,8.800,-50.600,6.994,-49.508,1.806,-1.092,2.110,0.975,-0.910,1.334,
18:19:00.133,25.775,11.000,-52.800,6.453,-49.582,4.547,-3.218,5.571,0.649,-1.085,1.264,
18:19:00.152,25.793,11.000,-52.800,5.887,-49.652,5.113,-3.148,6.004,0.407,-1.295,1.357,
18:19:00.160,25.802,11.000,-52.800,5.638,-49.681,5.362,-3.119,6.203,0.168,-1.610,1.619,
18:19:00.176,25.818,11.000,-52.800,5.134,-49.736,5.866,-3.064,6.618,0.051,-1.780,1.781,
18:19:00.194,25.835,8.800,-52.800,4.610,-49.787,4.190,-3.013,5.161,-0.023,-1.684,1.684,
18:19:00.213,25.855,8.800,-52.800,4.013,-49.839,4.787,-2.961,5.629,-0.060,-1.672,1.673,
18:19:00.234,25.875,8.800,-52.800,3.374,-49.886,5.426,-2.914,6.159,-0.066,-1.730,1.731,
18:19:00.253,25.895,6.600,-55.000,2.774,-49.923,3.826,-5.077,6.357,-0.336,-1.549,1.585,
18:19:00.274,25.916,6.600,-55.000,2.133,-49.954,4.467,-5.046,6.739,-0.502,-1.495,1.577,
18:19:00.292,25.934,6.600,-55.000,1.570,-49.975,5.030,-5.025,7.110,-0.583,-1.530,1.638,
18:19:00.300,25.942,6.600,-55.000,1.338,-49.982,5.262,-5.018,7.271,-0.581,-1.643,1.743,
18:19:00.317,25.958,4.400,-55.000,0.834,-49.993,3.566,-5.007,6.147,-0.600,-1.449,1.568,
18:19:00.326,25.968,4.400,-55.000,0.538,-49.997,3.862,-5.003,6.320,-0.561,-1.320,1.434,
18:19:00.345,25.986,4.400,-55.000,-0.028,-50.000,4.428,-5.000,6.679,-0.548,-1.302,1.412,
18:19:00.363,26.004,4.400,-55.000,-0.579,-49.997,4.979,-5.003,7.059,-0.511,-1.372,1.464,
18:19:00.372,26.013,2.200,-55.000,-0.844,-49.993,3.044,-5.007,5.860,-0.430,-1.113,1.193,
18:19:00.388,26.029,2.200,-55.000,-1.337,-49.982,3.537,-5.018,6.139,-0.396,-1.040,1.112,
18:19:00.403,26.045,2.200,-55.000,-1.825,-49.967,4.025,-5.033,6.445,-0.362,-1.061,1.121,
18:19:00.420,26.062,2.200,-55.000,-2.343,-49.945,4.543,-5.055,6.797,-0.335,-1.157,1.205,
18:19:00.428,26.070,-2.200,-55.000,-2.570,-49.934,0.370,-5.066,5.080,-0.297,-0.439,0.530,
18:19:00.443,26.085,-2.200,-55.000,-3.045,-49.907,0.845,-5.093,5.163,-0.284,-0.192,0.343,
18:19:00.461,26.103,-2.200,-55.000,-3.595,-49.871,1.395,-5.129,5.316,-0.279,-0.106,0.299,
18:19:00.469,26.110,-2.200,-55.000,-3.807,-49.855,1.607,-5.145,5.390,-0.277,-0.170,0.325,
18:19:00.485,26.127,-4.400,-57.200,-4.307,-49.814,-0.093,-7.386,7.386,-0.544,0.023,0.544,
18:19:00.504,26.146,-4.400,-57.200,-4.894,-49.760,0.494,-7.440,7.457,-0.754,0.060,0.756,
18:19:00.522,26.163,-4.400,-57.200,-5.439,-49.703,1.039,-7.497,7.568,-0.907,-0.047,0.908,
18:19:00.530,26.172,-4.400,-57.200,-5.685,-49.676,1.285,-7.524,7.633,-1.013,-0.306,1.058,
18:19:00.548,26.190,-6.600,-55.000,-6.249,-49.608,-0.351,-5.392,5.403,-0.820,-0.217,0.848,
18:19:00.557,26.199,-6.600,-55.000,-6.508,-49.575,-0.092,-5.425,5.426,-0.541,-0.229,0.588,
18:19:00.573,26.214,-6.600,-55.000,-6.986,-49.510,0.386,-5.490,5.504,-0.419,-0.296,0.513,
18:19:00.581,26.223,-6.600,-55.000,-7.238,-49.473,0.638,-5.527,5.563,-0.290,-0.464,0.547,
18:19:00.600,26.241,-6.600,-55.000,-7.797,-49.388,1.197,-5.612,5.738,-0.241,-0.608,0.654,
18:19:00.607,26.249,-11.000,-55.000,-8.015,-49.353,-2.985,-5.647,6.387,-0.207,0.028,0.209,
18:19:00.623,26.265,-11.000,-55.000,-8.507,-49.271,-2.493,-5.729,6.248,-0.200,0.222,0.299,
18:19:00.643,26.284,-11.000,-55.000,-9.093,-49.166,-1.907,-5.834,6.138,-0.221,0.272,0.350,
18:19:00.651,26.292,-11.000,-55.000,-9.331,-49.122,-1.669,-5.878,6.111,-0.277,0.196,0.340,
18:19:00.667,26.309,-11.000,-55.000,-9.821,-49.026,-1.179,-5.974,6.089,-0.316,0.097,0.330,
18:19:00.683,26.325,-11.000,-55.000,-10.313,-48.925,-0.687,-6.075,6.114,-0.367,-0.078,0.376,
18:19:00.691,26.333,-11.000,-55.000,-10.539,-48.877,-0.461,-6.123,6.141,-0.438,-0.359,0.566,
18:19:00.707,26.349,-11.000,-55.000,-11.032,-48.768,0.032,-6.232,6.232,-0.486,-0.548,0.732,
18:19:00.726,26.367,-13.200,-55.000,-11.580,-48.640,-1.620,-6.360,6.563,-0.542,-0.500,0.737,
18:19:00.742,26.383,-13.200,-55.000,-12.057,-48.524,-1.143,-6.476,6.576,-0.598,-0.523,0.794,
18:19:00.750,26.392,-13.200,-55.000,-12.311,-48.461,-0.889,-6.539,6.599,-0.652,-0.593,0.881,
18:19:00.767,26.409,-13.200,-55.000,-12.812,-48.331,-0.388,-6.669,6.681,-0.699,-0.692,0.984,
18:19:00.777,26.418,-13.200,-55.000,-13.088,-48.257,-0.112,-6.743,6.744,-0.740,-0.836,1.116,
18:19:00.792,26.434,-15.400,-55.000,-13.552,-48.128,-1.848,-6.872,7.116,-0.782,-0.700,1.049,
18:19:00.801,26.443,-15.400,-55.000,-13.808,-48.055,-1.592,-6.945,7.125,-0.815,-0.588,1.005,
18:19:00.818,26.460,-15.400,-55.000,-14.313,-47.908,-1.087,-7.092,7.175,-0.855,-0.592,1.040,
18:19:00.827,26.469,-15.400,-55.000,-14.562,-47.832,-0.838,-7.168,7.216,-0.884,-0.651,1.098,
18:19:00.843,26.484,-15.400,-55.000,-15.023,-47.690,-0.377,-7.310,7.320,-0.919,-0.734,1.176,
18:19:00.850,26.492,-17.600,-57.200,-15.239,-47.621,-2.361,-9.579,9.866,-1.373,-0.450,1.445,
18:19:00.866,26.508,-17.600,-57.200,-15.710,-47.468,-1.890,-9.732,9.914,-1.592,-0.380,1.636,
18:19:00.883,26.525,-17.600,-57.200,-16.187,-47.307,-1.413,-9.893,9.993,-1.760,-0.391,1.803,
18:19:00.901,26.542,-17.600,-57.200,-16.699,-47.129,-0.901,-10.071,10.111,-1.873,-0.475,1.933,
18:19:00.910,26.552,-19.800,-55.000,-16.964,-47.034,-2.836,-7.966,8.456,-1.524,-0.229,1.541,
18:19:00.927,26.569,-19.800,-55.000,-17.462,-46.852,-2.338,-8.148,8.477,-1.380,-0.173,1.391,
18:19:00.936,26.578,-19.800,-55.000,-17.709,-46.759,-2.091,-8.241,8.502,-1.193,-0.193,1.208,
18:19:00.952,26.594,-19.800,-55.000,-18.165,-46.584,-1.635,-8.416,8.574,-1.118,-0.257,1.148,
18:19:00.961,26.603,-19.800,-55.000,-18.420,-46.484,-1.380,-8.516,8.628,-1.051,-0.398,1.124,
18:19:00.977,26.619,-19.800,-55.000,-18.876,-46.300,-0.924,-8.700,8.749,-1.032,-0.525,1.158,
18:19:00.993,26.634,-19.800,-55.000,-19.319,-46.117,-0.481,-8.883,8.896,-1.042,-0.691,1.250,
18:19:01.001,26.642,-19.800,-55.000,-19.537,-46.025,-0.263,-8.975,8.979,-1.080,-0.908,1.411,
18:19:01.017,26.659,-19.800,-55.000,-20.000,-45.826,0.200,-9.174,9.176,-1.114,-1.061,1.538,
18:19:01.032,26.674,-19.800,-52.800,-20.428,-45.636,0.628,-7.164,7.191,-0.882,-1.225,1.509,
18:19:01.040,26.682,-19.800,-52.800,-20.647,-45.538,0.847,-7.262,7.311,-0.666,-1.397,1.548,
18:19:01.058,26.699,-19.800,-52.800,-21.130,-45.316,1.330,-7.484,7.602,-0.588,-1.532,1.641,
18:19:01.066,26.708,-19.800,-52.800,-21.374,-45.201,1.574,-7.599,7.760,-0.570,-1.660,1.755,
18:19:01.086,26.727,-19.800,-52.800,-21.896,-44.951,2.096,-7.849,8.124,-0.586,-1.778,1.872,
18:19:01.103,26.745,-26.400,-50.600,-22.383,-44.710,-4.017,-5.890,7.129,-0.382,-1.055,1.123,
18:19:01.112,26.754,-26.400,-50.600,-22.623,-44.589,-3.777,-6.011,7.099,-0.239,-0.304,0.387,
18:19:01.128,26.770,-26.400,-50.600,-23.072,-44.358,-3.328,-6.242,7.073,-0.199,0.012,0.199,
18:19:01.137,26.779,-26.400,-50.600,-23.312,-44.233,-3.088,-6.367,7.076,-0.243,0.216,0.325,
18:19:01.155,26.797,-26.400,-50.600,-23.786,-43.980,-2.614,-6.620,7.118,-0.296,0.281,0.408,
18:19:01.175,26.817,-24.200,-48.400,-24.329,-43.682,0.129,-4.718,4.720,-0.143,-0.042,0.149,
18:19:01.194,26.835,-24.200,-48.400,-24.827,-43.401,0.627,-4.999,5.039,-0.094,-0.417,0.427,
18:19:01.213,26.854,-24.200,-48.400,-25.334,-43.107,1.134,-5.293,5.413,-0.135,-0.764,0.776,
18:19:01.221,26.863,-24.200,-48.400,-25.550,-42.979,1.350,-5.421,5.586,-0.264,-1.159,1.189,
18:19:01.238,26.879,-26.400,-50.600,-25.990,-42.715,-0.410,-7.885,7.896,-0.629,-1.118,1.283,
18:19:01.246,26.888,-26.400,-50.600,-26.201,-42.585,-0.199,-8.015,8.017,-1.075,-1.055,1.506,
18:19:01.262,26.903,-26.400,-50.600,-26.611,-42.330,0.211,-8.270,8.273,-1.323,-1.079,1.707,
18:19:01.275,26.917,-26.400,-50.600,-26.951,-42.115,0.551,-8.485,8.503,-1.542,-1.125,1.909,
18:19:01.293,26.935,-28.600,-46.200,-27.418,-41.812,-1.182,-4.388,4.544,-1.182,-0.936,1.508,
18:19:01.302,26.943,-28.600,-46.200,-27.632,-41.671,-0.968,-4.529,4.631,-0.737,-0.740,1.044,
18:19:01.322,26.963,-28.600,-46.200,-28.145,-41.327,-0.455,-4.873,4.895,-0.589,-0.704,0.918,
18:19:01.330,26.972,-28.600,-46.200,-28.354,-41.183,-0.246,-5.017,5.023,-0.465,-0.724,0.861,
18:19:01.346,26.987,-28.600,-46.200,-28.748,-40.909,0.148,-5.291,5.293,-0.441,-0.772,0.889,
18:19:01.362,27.004,-26.400,-44.000,-29.165,-40.613,2.765,-3.387,4.372,-0.203,-1.140,1.158,
18:19:01.370,27.012,-26.400,-44.000,-29.357,-40.474,2.957,-3.526,4.602,-0.015,-1.586,1.586,
18:19:01.386,27.028,-26.400,-44.000,-29.755,-40.183,3.355,-3.817,5.082,0.037,-1.825,1.825,
18:19:01.402,27.044,-26.400,-44.000,-30.155,-39.883,3.755,-4.117,5.572,-0.000,-2.027,2.027,
18:19:01.420,27.062,-30.800,-41.800,-30.593,-39.548,-0.207,-2.252,2.261,0.171,-1.638,1.647,
18:19:01.429,27.070,-30.800,-41.800,-30.794,-39.392,-0.006,-2.408,2.408,0.255,-1.180,1.208,
18:19:01.445,27.086,-30.800,-41.800,-31.177,-39.090,0.377,-2.710,2.737,0.253,-1.005,1.036,
18:19:01.462,27.104,-30.800,-41.800,-31.593,-38.754,0.793,-3.046,3.147,0.169,-0.921,0.937,
18:19:01.471,27.112,-30.800,-41.800,-31.794,-38.590,0.994,-3.210,3.360,-0.018,-0.902,0.902,
18:19:01.487,27.129,-30.800,-44.000,-32.190,-38.260,1.390,-5.740,5.906,-0.418,-0.920,1.010,
18:19:01.496,27.138,-30.800,-44.000,-32.390,-38.090,1.590,-5.910,6.120,-0.906,-1.011,1.358,
18:19:01.512,27.154,-30.800,-44.000,-32.770,-37.764,1.970,-6.236,6.540,-1.197,-1.083,1.615,
18:19:01.521,27.163,-30.800,-44.000,-32.964,-37.595,2.164,-6.405,6.760,-1.490,-1.221,1.926,
18:19:01.539,27.181,-30.800,-44.000,-33.381,-37.225,2.581,-6.775,7.249,-1.690,-1.316,2.142,
18:19:01.548,27.189,-33.000,-39.600,-33.575,-37.051,0.575,-2.549,2.613,-1.042,-1.065,1.490,
18:19:01.564,27.206,-33.000,-39.600,-33.949,-36.708,0.949,-2.892,3.044,-0.790,-0.978,1.257,
18:19:01.581,27.223,-33.000,-39.600,-34.334,-36.348,1.334,-3.252,3.515,-0.621,-0.958,1.141,
18:19:01.591,27.233,-33.000,-39.600,-34.540,-36.152,1.540,-3.448,3.776,-0.484,-0.994,1.106,
18:19:01.609,27.250,-35.200,-39.600,-34.931,-35.775,-0.269,-3.825,3.834,-0.464,-0.782,0.910,
18:19:01.616,27.258,-35.200,-39.600,-35.095,-35.613,-0.105,-3.987,3.988,-0.506,-0.598,0.784,
18:19:01.635,27.276,-35.200,-39.600,-35.493,-35.218,0.293,-4.382,4.392,-0.566,-0.545,0.786,
18:19:01.652,27.293,-35.200,-39.600,-35.857,-34.847,0.657,-4.753,4.799,-0.679,-0.577,0.891,
18:19:01.660,27.302,-35.200,-39.600,-36.045,-34.652,0.845,-4.948,5.019,-0.843,-0.694,1.092,
18:19:01.676,27.318,-37.400,-39.600,-36.381,-34.299,-1.019,-5.301,5.398,-0.968,-0.509,1.094,
18:19:01.692,27.334,-37.400,-39.600,-36.718,-33.938,-0.682,-5.662,5.703,-1.109,-0.423,1.187,
18:19:01.700,27.342,-37.400,-39.600,-36.878,-33.764,-0.522,-5.836,5.859,-1.273,-0.420,1.341,
18:19:01.717,27.359,-37.400,-39.600,-37.225,-33.381,-0.175,-6.219,6.221,-1.396,-0.442,1.464,
18:19:01.734,27.376,-39.600,-37.400,-37.576,-32.985,-2.024,-4.415,4.856,-1.249,-0.255,1.274,
18:19:01.752,27.394,-39.600,-37.400,-37.941,-32.564,-1.659,-4.836,5.112,-1.172,-0.181,1.186,
18:19:01.761,27.403,-39.600,-37.400,-38.116,-32.360,-1.484,-5.040,5.254,-1.115,-0.207,1.134,
18:19:01.777,27.419,-39.600,-37.400,-38.432,-31.984,-1.168,-5.416,5.541,-1.130,-0.249,1.157,
18:19:01.786,27.428,-39.600,-37.400,-38.606,-31.774,-0.994,-5.626,5.713,-1.180,-0.374,1.238,
18:19:01.802,27.444,-41.800,-37.400,-38.919,-31.390,-2.881,-6.010,6.665,-1.246,-0.202,1.262,
18:19:01.810,27.452,-41.800,-37.400,-39.069,-31.203,-2.731,-6.197,6.772,-1.351,-0.081,1.353,
18:19:01.826,27.468,-41.800,-37.400,-39.369,-30.823,-2.431,-6.577,7.012,-1.439,-0.052,1.440,
18:19:01.843,27.485,-41.800,-37.400,-39.684,-30.417,-2.116,-6.983,7.297,-1.548,-0.094,1.551,
18:19:01.861,27.503,-44.000,-35.200,-40.017,-29.978,-3.983,-5.222,6.568,-1.395,0.084,1.398,
18:19:01.869,27.511,-44.000,-35.200,-40.165,-29.778,-3.835,-5.422,6.641,-1.239,0.195,1.254,
18:19:01.886,27.528,-44.000,-35.200,-40.479,-29.351,-3.521,-5.849,6.827,-1.214,0.213,1.233,
18:19:01.902,27.544,-44.000,-35.200,-40.761,-28.958,-3.239,-6.242,7.033,-1.246,0.153,1.255,
18:19:01.910,27.552,-44.000,-35.200,-40.904,-28.755,-3.096,-6.445,7.150,-1.325,0.010,1.325,
18:19:01.927,27.569,-44.000,-33.000,-41.205,-28.323,-2.795,-4.677,5.449,-1.141,-0.086,1.144,
18:19:01.945,27.587,-44.000,-33.000,-41.517,-27.862,-2.483,-5.138,5.706,-1.052,-0.217,1.075,
18:19:01.962,27.603,-44.000,-33.000,-41.793,-27.447,-2.207,-5.553,5.976,-1.050,-0.369,1.113,
18:19:01.969,27.611,-44.000,-33.000,-41.920,-27.253,-2.080,-5.747,6.112,-1.122,-0.554,1.251,
18:19:01.986,27.628,-44.000,-30.800,-42.194,-26.827,-1.806,-3.973,4.364,-0.922,-0.670,1.139,
18:19:02.002,27.643,-44.000,-30.800,-42.453,-26.415,-1.547,-4.385,4.650,-0.826,-0.783,1.138,
18:19:02.010,27.652,-44.000,-30.800,-42.582,-26.207,-1.418,-4.593,4.807,-0.814,-0.895,1.210,
18:19:02.026,27.668,-44.000,-30.800,-42.836,-25.788,-1.164,-5.012,5.145,-0.844,-0.980,1.293,
18:19:02.042,27.684,-46.200,-30.800,-43.095,-25.355,-3.105,-5.445,6.269,-0.943,-0.779,1.223,
18:19:02.050,27.692,-46.200,-30.800,-43.218,-25.143,-2.982,-5.657,6.395,-1.129,-0.546,1.254,
18:19:02.066,27.708,-46.200,-30.800,-43.460,-24.722,-2.740,-6.078,6.667,-1.257,-0.464,1.340,
18:19:02.083,27.725,-46.200,-30.800,-43.719,-24.261,-2.481,-6.539,6.993,-1.415,-0.431,1.479,
18:19:02.101,27.743,-46.200,-28.600,-43.978,-23.789,-2.222,-4.811,5.299,-1.309,-0.442,1.381,
18:19:02.108,27.750,-46.200,-28.600,-44.084,-23.591,-2.116,-5.009,5.437,-1.210,-0.498,1.308,
18:19:02.124,27.765,-46.200,-28.600,-44.301,-23.183,-1.899,-5.417,5.740,-1.215,-0.537,1.329,
18:19:02.143,27.784,-46.200,-28.600,-44.571,-22.659,-1.629,-5.941,6.160,-1.282,-0.594,1.412,
18:19:02.162,27.804,-48.400,-22.000,-44.840,-22.122,-3.560,0.122,3.562,-0.579,-0.395,0.701,
18:19:02.169,27.811,-48.400,-22.000,-44.937,-21.925,-3.463,-0.075,3.464,0.188,-0.192,0.269,
18:19:02.187,27.829,-48.400,-22.000,-45.173,-21.433,-3.227,-0.567,3.276,0.441,-0.128,0.459,
18:19:02.202,27.844,-48.400,-22.000,-45.372,-21.009,-3.028,-0.991,3.186,0.509,-0.123,0.524,
18:19:02.211,27.852,-48.400,-22.000,-45.476,-20.783,-2.924,-1.217,3.167,0.408,-0.174,0.443,
18:19:02.228,27.869,-50.600,-22.000,-45.691,-20.307,-4.909,-1.693,5.193,0.319,0.052,0.323,
18:19:02.236,27.878,-50.600,-22.000,-45.794,-20.072,-4.806,-1.928,5.178,0.050,0.241,0.246,
18:19:02.253,27.895,-50.600,-22.000,-45.998,-19.599,-4.602,-2.401,5.190,-0.132,0.319,0.345,
18:19:02.261,27.903,-50.600,-22.000,-46.096,-19.368,-4.504,-2.632,5.216,-0.453,0.314,0.551,
18:19:02.278,27.919,-50.600,-22.000,-46.288,-18.904,-4.312,-3.096,5.308,-0.666,0.299,0.730,
18:19:02.286,27.928,-50.600,-22.000,-46.389,-18.656,-4.211,-3.344,5.377,-0.954,0.203,0.975,
18:19:02.304,27.946,-50.600,-22.000,-46.591,-18.146,-4.009,-3.854,5.561,-1.162,0.141,1.171,
18:19:02.323,27.965,-50.600,-22.000,-46.799,-17.604,-3.801,-4.396,5.812,-1.383,0.045,1.384,
18:19:02.342,27.984,-50.600,-17.600,-47.003,-17.050,-3.597,-0.550,3.639,-1.040,-0.068,1.043,
18:19:02.351,27.993,-50.600,-17.600,-47.090,-16.809,-3.510,-0.791,3.598,-0.662,-0.219,0.697,
18:19:02.368,28.010,-50.600,-17.600,-47.268,-16.301,-3.332,-1.299,3.576,-0.566,-0.306,0.644,
18:19:02.378,28.020,-50.600,-17.600,-47.366,-16.014,-3.234,-1.586,3.602,-0.538,-0.399,0.670,
18:19:02.396,28.038,-52.800,-15.400,-47.536,-15.502,-5.264,0.102,5.265,-0.322,-0.204,0.381,
18:19:02.416,28.057,-52.800,-15.400,-47.720,-14.926,-5.080,-0.474,5.102,-0.244,-0.065,0.252,
18:19:02.432,28.074,-52.800,-15.400,-47.872,-14.431,-4.928,-0.969,5.022,-0.285,0.020,0.285,
18:19:02.454,28.096,-52.800,-15.400,-48.064,-13.778,-4.736,-1.622,5.006,-0.409,0.051,0.412,
18:19:02.474,28.116,-52.800,-15.400,-48.228,-13.193,-4.572,-2.207,5.077,-0.607,0.039,0.608,
18:19:02.495,28.137,-52.800,-15.400,-48.392,-12.578,-4.408,-2.822,5.234,-0.832,0.003,0.832,
18:19:02.514,28.156,-55.000,-13.200,-48.539,-12.000,-6.461,-1.200,6.572,-0.776,0.242,0.813,
18:19:02.532,28.174,-55.000,-13.200,-48.666,-11.472,-6.334,-1.728,6.565,-0.802,0.384,0.889,
18:19:02.541,28.183,-55.000,-13.200,-48.726,-11.213,-6.274,-1.987,6.581,-0.870,0.463,0.985,
18:19:02.561,28.203,-55.000,-13.200,-48.864,-10.598,-6.136,-2.602,6.665,-0.975,0.498,1.095,
18:19:02.571,28.212,-55.000,-13.200,-48.922,-10.325,-6.078,-2.875,6.723,-1.125,0.455,1.213,
18:19:02.587,28.228,-55.000,-13.200,-49.022,-9.841,-5.978,-3.359,6.857,-1.259,0.428,1.330,
18:19:02.605,28.247,-55.000,-13.200,-49.130,-9.288,-5.870,-3.912,7.054,-1.414,0.382,1.464,
18:19:02.624,28.266,-55.000,-11.000,-49.237,-8.701,-5.763,-2.299,6.205,-1.304,0.320,1.343,
18:19:02.644,28.285,-55.000,-11.000,-49.337,-8.114,-5.663,-2.886,6.356,-1.275,0.253,1.300,
18:19:02.661,28.303,-55.000,-11.000,-49.421,-7.589,-5.579,-3.411,6.539,-1.309,0.187,1.322,
18:19:02.668,28.310,-55.000,-11.000,-49.453,-7.376,-5.547,-3.624,6.626,-1.379,0.108,1.384,
18:19:02.684,28.325,-55.000,-8.800,-49.520,-6.911,-5.480,-1.889,5.796,-1.179,0.066,1.181,
18:19:02.701,28.343,-55.000,-8.800,-49.593,-6.363,-5.407,-2.437,5.930,-1.090,0.033,1.090,
18:19:02.709,28.351,-55.000,-8.800,-49.622,-6.140,-5.378,-2.660,6.000,-1.051,0.002,1.051,
18:19:02.725,28.367,-55.000,-8.800,-49.679,-5.654,-5.321,-3.146,6.181,-1.076,-0.018,1.076,
18:19:02.742,28.384,-55.000,-8.800,-49.736,-5.130,-5.264,-3.670,6.417,-1.166,-0.030,1.166,
18:19:02.750,28.391,-55.000,-8.800,-49.758,-4.912,-5.242,-3.888,6.526,-1.340,-0.033,1.340,
18:19:02.766,28.407,-55.000,-8.800,-49.805,-4.416,-5.195,-4.384,6.798,-1.456,-0.037,1.457,
18:19:02.784,28.426,-55.000,-8.800,-49.852,-3.843,-5.148,-4.957,7.146,-1.606,-0.035,1.606,
18:19:02.802,28.443,-55.000,-6.600,-49.890,-3.315,-5.110,-3.285,6.075,-1.489,-0.028,1.489,
18:19:02.810,28.451,-55.000,-6.600,-49.905,-3.073,-5.095,-3.527,6.196,-1.387,-0.015,1.387,
18:19:02.827,28.469,-55.000,-6.600,-49.935,-2.542,-5.065,-4.058,6.490,-1.396,-0.006,1.396,
18:19:02.842,28.484,-55.000,-6.600,-49.957,-2.079,-5.043,-4.521,6.773,-1.459,0.006,1.459,
18:19:02.850,28.491,-55.000,-6.600,-49.966,-1.849,-5.034,-4.751,6.922,-1.570,0.019,1.570,
18:19:02.867,28.508,-57.200,-2.200,-49.982,-1.330,-7.218,-0.870,7.270,-1.148,0.290,1.184,
18:19:02.883,28.524,-57.200,-2.200,-49.993,-0.832,-7.207,-1.368,7.336,-0.857,0.513,0.999,
18:19:02.900,28.542,-57.200,-2.200,-49.999,-0.301,-7.201,-1.899,7.447,-0.724,0.667,0.984,
18:19:02.908,28.550,-57.200,-2.200,-50.000,-0.065,-7.200,-2.135,7.510,-0.712,0.771,1.050,
18:19:02.927,28.569,-57.200,-2.200,-49.997,0.521,-7.203,-2.721,7.700,-0.740,0.838,1.118,
18:19:02.936,28.578,-57.200,-2.200,-49.994,0.794,-7.206,-2.994,7.804,-0.908,0.834,1.233,
18:19:02.953,28.594,-57.200,-2.200,-49.983,1.302,-7.217,-3.502,8.022,-1.036,0.844,1.336,
18:19:02.962,28.603,-57.200,-2.200,-49.975,1.570,-7.225,-3.770,8.149,-1.258,0.800,1.490,
18:19:02.977,28.619,-57.200,-2.200,-49.958,2.054,-7.242,-4.254,8.399,-1.417,0.785,1.620,
18:19:02.993,28.634,-55.000,0.000,-49.936,2.526,-5.064,-2.526,5.659,-1.317,0.473,1.400,
18:19:03.001,28.642,-55.000,0.000,-49.923,2.767,-5.077,-2.767,5.782,-1.250,0.122,1.256,
18:19:03.020,28.661,-55.000,0.000,-49.888,3.352,-5.112,-3.352,6.113,-1.277,-0.025,1.277,
18:19:03.029,28.671,-55.000,0.000,-49.868,3.626,-5.132,-3.626,6.284,-1.365,-0.151,1.373,
18:19:03.045,28.686,-55.000,0.000,-49.831,4.108,-5.169,-4.108,6.602,-1.459,-0.208,1.474,
18:19:03.064,28.705,-57.200,2.200,-49.779,4.693,-7.421,-2.493,7.828,-1.327,0.044,1.328,
18:19:03.081,28.723,-57.200,2.200,-49.725,5.238,-7.475,-3.038,8.069,-1.283,0.281,1.313,
18:19:03.090,28.732,-57.200,2.200,-49.698,5.490,-7.502,-3.290,8.192,-1.298,0.537,1.405,
18:19:03.105,28.747,-57.200,2.200,-49.643,5.964,-7.557,-3.764,8.443,-1.350,0.671,1.507,
18:19:03.124,28.766,-55.000,4.400,-49.571,6.539,-5.429,-2.139,5.836,-1.188,0.508,1.292,
18:19:03.143,28.784,-55.000,4.400,-49.494,7.098,-5.506,-2.698,6.132,-1.133,0.377,1.194,
18:19:03.151,28.792,-55.000,4.400,-49.459,7.337,-5.541,-2.937,6.272,-1.161,0.233,1.184,
18:19:03.166,28.807,-55.000,4.400,-49.389,7.792,-5.611,-3.392,6.557,-1.211,0.184,1.225,
18:19:03.183,28.825,-55.000,6.600,-49.301,8.330,-5.699,-1.730,5.955,-1.047,0.171,1.061,
18:19:03.200,28.841,-55.000,6.600,-49.216,8.820,-5.784,-2.220,6.195,-0.990,0.187,1.008,
18:19:03.208,28.850,-55.000,6.600,-49.172,9.060,-5.828,-2.460,6.326,-1.020,0.229,1.046,
18:19:03.225,28.867,-55.000,6.600,-49.075,9.572,-5.925,-2.972,6.628,-1.075,0.264,1.107,
18:19:03.243,28.884,-52.800,11.000,-48.969,10.101,-3.831,0.899,3.935,-0.648,0.041,0.650,
18:19:03.250,28.892,-52.800,11.000,-48.923,10.320,-3.877,0.680,3.936,-0.247,-0.196,0.315,
18:19:03.267,28.909,-52.800,11.000,-48.811,10.839,-3.989,0.161,3.992,-0.122,-0.275,0.300,
18:19:03.284,28.926,-52.800,11.000,-48.697,11.339,-4.103,-0.339,4.117,-0.137,-0.291,0.322,
18:19:03.302,28.944,-55.000,11.000,-48.565,11.892,-6.435,-0.892,6.496,-0.257,0.019,0.258,
18:19:03.311,28.953,-55.000,11.000,-48.504,12.140,-6.496,-1.140,6.596,-0.526,0.401,0.661,
18:19:03.328,28.970,-55.000,11.000,-48.372,12.655,-6.628,-1.655,6.832,-0.697,0.599,0.919,
18:19:03.337,28.979,-55.000,11.000,-48.305,12.908,-6.695,-1.908,6.962,-0.968,0.794,1.252,
18:19:03.354,28.996,-55.000,11.000,-48.166,13.417,-6.834,-2.417,7.248,-1.154,0.918,1.474,
18:19:03.373,29.015,-52.800,15.400,-48.005,13.982,-4.795,1.418,5.000,-0.831,0.748,1.118,
18:19:03.392,29.034,-52.800,15.400,-47.836,14.551,-4.964,0.849,5.036,-0.648,0.617,0.894,
18:19:03.401,29.042,-52.800,15.400,-47.764,14.785,-5.036,0.615,5.073,-0.535,0.460,0.706,
18:19:03.418,29.059,-52.800,15.400,-47.607,15.284,-5.193,0.116,5.195,-0.535,0.418,0.679,
18:19:03.426,29.068,-52.800,15.400,-47.528,15.527,-5.272,-0.127,5.273,-0.633,0.392,0.745,
18:19:03.443,29.084,-52.800,17.600,-47.367,16.012,-5.433,1.588,5.661,-0.464,0.401,0.613,
18:19:03.450,29.091,-52.800,17.600,-47.297,16.216,-5.503,1.384,5.674,-0.347,0.438,0.559,
18:19:03.466,29.108,-52.800,17.600,-47.135,16.683,-5.665,0.917,5.739,-0.338,0.474,0.582,
18:19:03.482,29.123,-52.800,17.600,-46.972,17.135,-5.828,0.465,5.846,-0.417,0.529,0.674,
18:19:03.489,29.131,-52.800,17.600,-46.891,17.355,-5.909,0.245,5.914,-0.597,0.606,0.851,
18:19:03.505,29.147,-50.600,19.800,-46.721,17.810,-3.879,1.990,4.360,-0.459,0.400,0.609,
18:19:03.522,29.164,-50.600,19.800,-46.533,18.293,-4.067,1.507,4.337,-0.421,0.262,0.496,
18:19:03.530,29.171,-50.600,19.800,-46.452,18.499,-4.148,1.301,4.347,-0.468,0.143,0.489,
18:19:03.546,29.188,-50.600,19.800,-46.260,18.974,-4.340,0.826,4.418,-0.532,0.112,0.543,
18:19:03.563,29.205,-50.600,24.200,-46.056,19.463,-4.544,4.737,6.564,-0.113,0.136,0.177,
18:19:03.582,29.224,-50.600,24.200,-45.828,19.996,-4.772,4.204,6.360,0.120,0.202,0.235,
18:19:03.589,29.231,-50.600,24.200,-45.743,20.189,-4.857,4.011,6.299,0.249,0.335,0.417,
18:19:03.606,29.248,-50.600,24.200,-45.532,20.661,-5.068,3.539,6.182,0.266,0.412,0.491,
18:19:03.624,29.265,-50.600,26.400,-45.310,21.142,-5.290,5.258,7.458,0.450,0.508,0.679,
18:19:03.644,29.285,-50.600,26.400,-45.043,21.705,-5.557,4.695,7.275,0.480,0.615,0.780,
18:19:03.661,29.303,-50.600,26.400,-44.808,22.186,-5.792,4.214,7.162,0.377,0.724,0.816,
18:19:03.669,29.311,-50.600,26.400,-44.699,22.406,-5.901,3.994,7.126,0.147,0.832,0.845,
18:19:03.685,29.327,-48.400,24.200,-44.476,22.846,-3.924,1.354,4.152,-0.275,0.642,0.698,
18:19:03.703,29.345,-48.400,24.200,-44.217,23.343,-4.183,0.857,4.270,-0.662,0.526,0.845,
18:19:03.722,29.364,-48.400,24.200,-43.942,23.855,-4.458,0.345,4.471,-1.009,0.474,1.115,
18:19:03.730,29.372,-48.400,24.200,-43.826,24.069,-4.574,0.131,4.576,-1.358,0.453,1.432,
18:19:03.746,29.388,-48.400,26.400,-43.591,24.492,-4.809,1.908,5.174,-1.301,0.472,1.384,
18:19:03.763,29.405,-48.400,26.400,-43.338,24.937,-5.062,1.463,5.269,-1.272,0.526,1.376,
18:19:03.781,29.423,-48.400,26.400,-43.054,25.424,-5.346,0.976,5.435,-1.275,0.608,1.412,
18:19:03.790,29.432,-48.400,26.400,-42.916,25.655,-5.484,0.745,5.534,-1.257,0.720,1.448,
18:19:03.807,29.449,-48.400,26.400,-42.654,26.089,-5.746,0.311,5.754,-1.296,0.807,1.527,
18:19:03.824,29.466,-48.400,26.400,-42.382,26.528,-6.018,-0.128,6.019,-1.352,0.903,1.626,
18:19:03.842,29.484,-48.400,26.400,-42.077,27.009,-6.323,-0.609,6.352,-1.424,1.004,1.742,
18:19:03.851,29.492,-48.400,26.400,-41.944,27.216,-6.456,-0.816,6.507,-1.495,1.107,1.860,
18:19:03.867,29.508,-48.400,28.600,-41.674,27.628,-6.726,0.972,6.796,-1.291,1.190,1.755,
18:19:03.883,29.524,-48.400,28.600,-41.400,28.036,-7.000,0.564,7.023,-1.157,1.270,1.718,
18:19:03.891,29.532,-48.400,28.600,-41.263,28.237,-7.137,0.363,7.146,-1.047,1.340,1.701,
18:19:03.908,29.550,-48.400,28.600,-40.952,28.686,-7.448,-0.086,7.448,-1.028,1.411,1.746,
18:19:03.917,29.559,-48.400,28.600,-40.806,28.894,-7.594,-0.294,7.600,-1.064,1.467,1.812,
18:19:03.932,29.574,-46.200,30.800,-40.528,29.283,-5.672,1.517,5.871,-0.838,1.258,1.511,
18:19:03.940,29.582,-46.200,30.800,-40.393,29.468,-5.807,1.332,5.958,-0.637,1.002,1.188,
18:19:03.959,29.600,-46.200,30.800,-40.057,29.924,-6.143,0.876,6.205,-0.574,0.927,1.090,
18:19:03.966,29.608,-46.200,30.800,-39.917,30.110,-6.283,0.690,6.321,-0.602,0.867,1.056,
18:19:03.982,29.624,-46.200,30.800,-39.623,30.496,-6.577,0.304,6.584,-0.638,0.868,1.077,
18:19:03.991,29.633,-46.200,30.800,-39.453,30.716,-6.747,0.084,6.748,-0.752,0.912,1.182,
18:19:04.009,29.651,-46.200,30.800,-39.114,31.146,-7.086,-0.346,7.094,-0.843,0.969,1.284,
18:19:04.018,29.659,-46.200,30.800,-38.956,31.344,-7.244,-0.544,7.264,-1.015,1.078,1.481,
18:19:04.034,29.676,-46.200,30.800,-38.628,31.747,-7.572,-0.947,7.631,-1.128,1.164,1.621,
18:19:04.053,29.694,-46.200,30.800,-38.273,32.175,-7.927,-1.375,8.046,-1.260,1.273,1.791,
18:19:04.060,29.702,-46.200,30.800,-38.128,32.346,-8.072,-1.546,8.219,-1.433,1.415,2.014,
18:19:04.075,29.717,-46.200,30.800,-37.824,32.701,-8.376,-1.901,8.589,-1.540,1.510,2.157,
18:19:04.092,29.734,-46.200,30.800,-37.487,33.086,-8.713,-2.286,9.008,-1.644,1.611,2.301,
18:19:04.099,29.741,-46.200,30.800,-37.338,33.254,-8.862,-2.454,9.195,-1.751,1.718,2.453,
18:19:04.116,29.758,-44.000,35.200,-36.997,33.633,-7.003,1.567,7.176,-1.310,1.543,2.024,
18:19:04.134,29.776,-44.000,35.200,-36.624,34.039,-7.376,1.161,7.467,-0.982,1.429,1.734,
18:19:04.152,29.794,-44.000,35.200,-36.235,34.453,-7.765,0.747,7.801,-0.782,1.382,1.588,
18:19:04.161,29.803,-44.000,35.200,-36.056,34.641,-7.944,0.559,7.964,-0.667,1.371,1.525,
18:19:04.177,29.819,-39.600,33.000,-35.707,35.001,-3.893,-2.001,4.377,-0.900,0.851,1.238,
18:19:04.195,29.836,-39.600,33.000,-35.327,35.383,-4.273,-2.383,4.892,-1.137,0.512,1.246,
18:19:04.212,29.854,-39.600,33.000,-34.951,35.756,-4.649,-2.756,5.405,-1.365,0.337,1.406,
18:19:04.220,29.862,-39.600,33.000,-34.767,35.935,-4.833,-2.935,5.655,-1.626,0.298,1.653,
18:19:04.238,29.880,-39.600,37.400,-34.372,36.312,-5.228,1.088,5.340,-1.249,0.302,1.284,
18:19:04.247,29.889,-39.600,37.400,-34.182,36.491,-5.418,0.909,5.494,-0.833,0.453,0.948,
18:19:04.263,29.905,-39.600,37.400,-33.811,36.835,-5.789,0.565,5.816,-0.658,0.556,0.861,
18:19:04.282,29.924,-39.600,37.400,-33.385,37.222,-6.215,0.178,6.218,-0.583,0.715,0.923,
18:19:04.291,29.933,-39.600,37.400,-33.188,37.397,-6.412,0.003,6.412,-0.602,0.976,1.146,
18:19:04.307,29.949,-37.400,39.600,-32.811,37.728,-4.589,1.872,4.956,-0.359,0.872,0.943,
18:19:04.324,29.966,-37.400,39.600,-32.416,38.068,-4.984,1.532,5.214,-0.236,0.846,0.878,
18:19:04.344,29.986,-37.400,39.600,-31.952,38.459,-5.448,1.141,5.566,-0.219,0.893,0.919,
18:19:04.363,30.005,-35.200,41.800,-31.502,38.828,-3.698,2.972,4.744,-0.008,0.712,0.712,
18:19:04.371,30.013,-35.200,41.800,-31.308,38.985,-3.892,2.815,4.803,0.096,0.577,0.585,
18:19:04.387,30.029,-35.200,41.800,-30.918,39.295,-4.282,2.505,4.961,0.120,0.565,0.578,
18:19:04.396,30.037,-35.200,41.800,-30.718,39.451,-4.482,2.349,5.060,0.031,0.627,0.628,
18:19:04.411,30.053,-35.200,41.800,-30.337,39.745,-4.863,2.055,5.280,-0.036,0.701,0.702,
18:19:04.420,30.062,-35.200,44.000,-30.134,39.899,-5.066,4.101,6.518,0.194,0.845,0.867,
18:19:04.438,30.080,-35.200,44.000,-29.686,40.234,-5.514,3.766,6.678,0.272,0.963,1.001,
18:19:04.447,30.089,-35.200,44.000,-29.476,40.388,-5.724,3.612,6.768,0.253,1.146,1.174,
18:19:04.463,30.105,-35.200,44.000,-29.075,40.677,-6.125,3.323,6.968,0.211,1.285,1.302,
18:19:04.482,30.124,-33.000,44.000,-28.588,41.021,-4.412,2.979,5.324,0.113,1.179,1.184,
18:19:04.491,30.132,-33.000,44.000,-28.384,41.163,-4.616,2.837,5.418,-0.088,1.062,1.066,
18:19:04.506,30.148,-33.000,44.000,-27.984,41.436,-5.016,2.564,5.634,-0.214,1.059,1.080,
18:19:04.524,30.165,-33.000,44.000,-27.544,41.729,-5.456,2.271,5.910,-0.352,1.111,1.166,
18:19:04.541,30.183,-30.800,48.400,-27.099,42.019,-3.701,6.381,7.376,0.070,0.925,0.927,
18:19:04.548,30.190,-30.800,48.400,-26.916,42.137,-3.884,6.263,7.370,0.529,0.754,0.921,
18:19:04.566,30.208,-30.800,48.400,-26.448,42.433,-4.352,5.967,7.386,0.674,0.735,0.998,
18:19:04.584,30.225,-30.800,48.400,-25.991,42.714,-4.809,5.686,7.447,0.714,0.796,1.069,
18:19:04.602,30.244,-28.600,46.200,-25.503,43.007,-3.097,3.193,4.448,0.390,0.638,0.748,
18:19:04.610,30.252,-28.600,46.200,-25.290,43.132,-3.310,3.068,4.513,-0.058,0.539,0.543,
18:19:04.626,30.268,-28.600,46.200,-24.877,43.372,-3.723,2.828,4.675,-0.289,0.543,0.615,
18:19:04.643,30.285,-28.600,46.200,-24.413,43.635,-4.187,2.565,4.910,-0.490,0.623,0.793,
18:19:04.661,30.302,-26.400,48.400,-23.944,43.894,-2.456,4.506,5.132,-0.379,0.483,0.614,
18:19:04.669,30.311,-26.400,48.400,-23.720,44.016,-2.680,4.384,5.139,-0.246,0.413,0.481,
18:19:04.686,30.327,-26.400,48.400,-23.279,44.250,-3.121,4.150,5.192,-0.220,0.434,0.487,
18:19:04.702,30.343,-26.400,48.400,-22.839,44.479,-3.561,3.921,5.297,-0.224,0.533,0.578,
18:19:04.710,30.351,-26.400,48.400,-22.623,44.589,-3.777,3.811,5.365,-0.244,0.716,0.757,
18:19:04.726,30.368,-22.000,50.600,-22.166,44.818,0.166,5.782,5.784,-0.017,0.327,0.328,
18:19:04.742,30.384,-22.000,50.600,-21.734,45.029,-0.266,5.571,5.577,0.143,0.080,0.164,
18:19:04.750,30.391,-22.000,50.600,-21.526,45.129,-0.474,5.471,5.492,0.266,-0.079,0.277,
18:19:04.765,30.407,-22.000,50.600,-21.089,45.335,-0.911,5.265,5.343,0.305,-0.106,0.323,
18:19:04.785,30.427,-22.000,50.600,-20.528,45.592,-1.472,5.008,5.220,0.291,-0.024,0.292,
18:19:04.804,30.445,-22.000,50.600,-20.014,45.820,-1.986,4.780,5.176,0.223,0.161,0.275,
18:19:04.821,30.463,-22.000,50.600,-19.519,46.033,-2.481,4.567,5.198,0.129,0.393,0.414,
18:19:04.829,30.470,-22.000,50.600,-19.316,46.118,-2.684,4.482,5.224,-0.020,0.716,0.717,
18:19:04.844,30.486,-19.800,52.800,-18.874,46.301,-0.926,6.499,6.565,0.174,0.637,0.660,
18:19:04.862,30.504,-19.800,52.800,-18.355,46.509,-1.445,6.291,6.455,0.292,0.640,0.704,
18:19:04.870,30.511,-19.800,52.800,-18.152,46.589,-1.648,6.211,6.426,0.377,0.683,0.780,
18:19:04.887,30.528,-19.800,52.800,-17.666,46.775,-2.134,6.025,6.392,0.399,0.764,0.862,
18:19:04.905,30.546,-19.800,52.800,-17.143,46.969,-2.657,5.831,6.408,0.375,0.891,0.967,
18:19:04.922,30.564,-19.800,52.800,-16.645,47.148,-3.155,5.652,6.473,0.315,1.049,1.095,
18:19:04.930,30.571,-19.800,52.800,-16.431,47.223,-3.369,5.577,6.515,0.202,1.236,1.252,
18:19:04.945,30.587,-19.800,52.800,-15.987,47.375,-3.813,5.425,6.631,0.139,1.376,1.383,
18:19:04.962,30.604,-15.400,52.800,-15.478,47.544,0.078,5.256,5.256,0.070,0.983,0.986,
18:19:04.970,30.611,-15.400,52.800,-15.264,47.613,-0.136,5.187,5.189,-0.026,0.515,0.515,
18:19:04.985,30.626,-15.400,52.800,-14.831,47.750,-0.569,5.050,5.082,-0.085,0.363,0.373,
18:19:05.002,30.644,-15.400,52.800,-14.305,47.910,-1.095,4.890,5.011,-0.140,0.327,0.356,
18:19:05.010,30.652,-15.400,52.800,-14.075,47.978,-1.325,4.822,5.001,-0.197,0.390,0.437,
18:19:05.026,30.668,-15.400,52.800,-13.603,48.114,-1.797,4.686,5.019,-0.238,0.467,0.524,
18:19:05.042,30.684,-15.400,52.800,-13.136,48.244,-2.264,4.556,5.088,-0.271,0.607,0.665,
18:19:05.051,30.693,-15.400,52.800,-12.882,48.312,-2.518,4.488,5.146,-0.296,0.817,0.869,
18:19:05.067,30.709,-15.400,52.800,-12.402,48.437,-2.998,4.363,5.293,-0.317,0.975,1.025,
18:19:05.076,30.718,-15.400,52.800,-12.127,48.507,-3.273,4.293,5.398,-0.329,1.177,1.222,
18:19:05.093,30.735,-15.400,55.000,-11.635,48.627,-3.765,6.373,7.402,-0.078,1.341,1.343,
18:19:05.114,30.756,-15.400,55.000,-10.995,48.776,-4.405,6.224,7.625,0.107,1.521,1.525,
18:19:05.133,30.775,-15.400,55.000,-10.417,48.903,-4.983,6.097,7.875,0.235,1.704,1.721,
18:19:05.153,30.795,-13.200,55.000,-9.827,49.025,-3.373,5.975,6.862,0.303,1.592,1.620,
18:19:05.170,30.812,-13.200,55.000,-9.298,49.128,-3.902,5.872,7.050,0.323,1.541,1.575,
18:19:05.179,30.820,-13.200,55.000,-9.056,49.173,-4.144,5.827,7.150,0.290,1.501,1.529,
18:19:05.195,30.836,-13.200,55.000,-8.569,49.260,-4.631,5.740,7.375,0.284,1.536,1.562,
18:19:05.212,30.854,-13.200,52.800,-8.033,49.350,-5.167,3.450,6.213,-0.011,1.612,1.612,
18:19:05.220,30.862,-13.200,52.800,-7.798,49.388,-5.402,3.412,6.389,-0.375,1.720,1.760,
18:19:05.236,30.878,-13.200,52.800,-7.317,49.462,-5.883,3.338,6.764,-0.535,1.814,1.891,
18:19:05.253,30.894,-13.200,52.800,-6.827,49.532,-6.373,3.268,7.162,-0.643,1.927,2.031,
18:19:05.260,30.902,-13.200,52.800,-6.589,49.564,-6.611,3.236,7.361,-0.713,2.059,2.179,
18:19:05.276,30.918,-8.800,55.000,-6.107,49.626,-2.693,5.374,6.011,-0.479,1.630,1.699,
18:19:05.296,30.938,-8.800,55.000,-5.510,49.695,-3.290,5.305,6.242,-0.284,1.357,1.387,
18:19:05.314,30.956,-8.800,55.000,-4.939,49.755,-3.861,5.245,6.512,-0.116,1.216,1.221,
18:19:05.333,30.975,-8.800,55.000,-4.358,49.810,-4.442,5.190,6.832,0.007,1.199,1.199,
18:19:05.351,30.993,-8.800,55.000,-3.811,49.855,-4.989,5.145,7.167,0.090,1.274,1.277,
18:19:05.359,31.001,-8.800,55.000,-3.585,49.871,-5.215,5.129,7.314,0.138,1.458,1.465,
18:19:05.375,31.016,-8.800,55.000,-3.096,49.904,-5.704,5.096,7.649,0.180,1.561,1.572,
18:19:05.392,31.034,-6.600,55.000,-2.563,49.934,-4.037,5.066,6.477,0.203,1.430,1.444,
18:19:05.400,31.041,-6.600,55.000,-2.335,49.945,-4.265,5.055,6.613,0.186,1.344,1.357,
18:19:05.416,31.058,-6.600,55.000,-1.842,49.966,-4.758,5.034,6.927,0.196,1.345,1.359,
18:19:05.432,31.074,-6.600,55.000,-1.352,49.982,-5.248,5.018,7.261,0.196,1.415,1.428,
18:19:05.440,31.082,-6.600,55.000,-1.109,49.988,-5.491,5.012,7.435,0.173,1.561,1.570,
18:19:05.456,31.098,-4.400,57.200,-0.609,49.996,-3.791,7.204,8.140,0.440,1.405,1.472,
18:19:05.473,31.115,-4.400,57.200,-0.091,50.000,-4.309,7.200,8.391,0.647,1.343,1.491,
18:19:05.492,31.134,-4.400,57.200,0.488,49.998,-4.888,7.202,8.704,0.786,1.372,1.581,
18:19:05.499,31.141,-4.400,57.200,0.702,49.995,-5.102,7.205,8.828,0.864,1.497,1.728,
18:19:05.515,31.157,-4.400,55.000,1.192,49.986,-5.592,5.014,7.511,0.649,1.583,1.710,
18:19:05.534,31.175,-4.400,55.000,1.766,49.969,-6.166,5.031,7.958,0.473,1.712,1.776,
18:19:05.553,31.194,-4.400,55.000,2.351,49.945,-6.751,5.055,8.434,0.331,1.877,1.906,
18:19:05.561,31.203,-4.400,55.000,2.603,49.932,-7.003,5.068,8.644,0.182,2.087,2.094,
18:19:05.577,31.219,2.200,55.000,3.090,49.904,-0.890,5.096,5.173,0.118,1.399,1.404,
18:19:05.593,31.235,2.200,55.000,3.588,49.871,-1.388,5.129,5.313,0.088,0.924,0.928,
18:19:05.611,31.253,2.200,55.000,4.136,49.829,-1.936,5.171,5.522,0.086,0.663,0.668,
18:19:05.619,31.261,2.200,55.000,4.381,49.808,-2.181,5.192,5.632,0.118,0.546,0.558,
18:19:05.637,31.279,2.200,55.000,4.923,49.757,-2.723,5.243,5.908,0.139,0.521,0.540,
18:19:05.646,31.287,2.200,55.000,5.186,49.730,-2.986,5.270,6.057,0.188,0.667,0.693,
18:19:05.663,31.305,2.200,55.000,5.714,49.672,-3.514,5.328,6.382,0.223,0.775,0.806,
18:19:05.672,31.314,2.200,55.000,5.976,49.642,-3.776,5.358,6.555,0.277,1.028,1.065,
18:19:05.689,31.331,2.200,55.000,6.498,49.576,-4.298,5.424,6.921,0.317,1.197,1.238,
18:19:05.697,31.339,6.600,55.000,6.744,49.543,-0.144,5.457,5.459,0.370,0.651,0.748,
18:19:05.714,31.355,6.600,55.000,7.250,49.472,-0.650,5.528,5.567,0.409,0.456,0.613,
18:19:05.732,31.374,6.600,55.000,7.799,49.388,-1.199,5.612,5.739,0.452,0.396,0.601,
18:19:05.739,31.381,6.600,55.000,8.013,49.354,-1.413,5.646,5.821,0.495,0.461,0.677,
18:19:05.755,31.396,8.800,55.000,8.480,49.276,0.320,5.724,5.733,0.530,0.262,0.591,
18:19:05.772,31.414,8.800,55.000,9.003,49.183,-0.203,5.817,5.821,0.566,0.202,0.601,
18:19:05.780,31.422,8.800,55.000,9.244,49.138,-0.444,5.862,5.879,0.595,0.272,0.654,
18:19:05.797,31.439,8.800,55.000,9.764,49.037,-0.964,5.963,6.040,0.627,0.354,0.720,
18:19:05.806,31.448,8.800,55.000,10.033,48.983,-1.233,6.017,6.142,0.651,0.559,0.858,
18:19:05.822,31.464,13.200,57.200,10.509,48.883,2.691,8.317,8.741,0.948,0.184,0.966,
18:19:05.830,31.472,13.200,57.200,10.751,48.830,2.449,8.370,8.720,1.258,-0.139,1.265,
18:19:05.847,31.489,13.200,57.200,11.258,48.716,1.942,8.484,8.703,1.424,-0.237,1.444,
18:19:05.863,31.505,13.200,57.200,11.715,48.608,1.485,8.592,8.719,1.536,-0.201,1.549,
18:19:05.871,31.512,13.200,57.200,11.946,48.552,1.254,8.648,8.738,1.590,-0.031,1.590,
18:19:05.890,31.532,15.400,55.000,12.525,48.406,2.875,6.594,7.194,1.397,-0.150,1.405,
18:19:05.899,31.540,15.400,55.000,12.774,48.341,2.626,6.659,7.158,1.085,-0.158,1.096,
18:19:05.915,31.556,15.400,55.000,13.244,48.214,2.156,6.786,7.120,0.948,-0.105,0.954,
18:19:05.933,31.574,15.400,55.000,13.784,48.062,1.616,6.938,7.123,0.858,0.033,0.858,
18:19:05.950,31.592,17.600,52.800,14.306,47.910,3.294,4.890,5.896,0.524,-0.042,0.526,
18:19:05.958,31.600,17.600,52.800,14.523,47.844,3.077,4.956,5.833,0.193,-0.042,0.198,
18:19:05.973,31.615,17.600,52.800,14.974,47.705,2.626,5.095,5.732,0.057,0.020,0.060,
18:19:05.991,31.633,17.600,52.800,15.498,47.538,2.102,5.262,5.667,0.005,0.148,0.148,
18:19:05.998,31.640,17.600,52.800,15.696,47.472,1.904,5.328,5.658,0.058,0.382,0.386,
18:19:06.014,31.655,17.600,52.800,16.148,47.321,1.452,5.479,5.668,0.082,0.537,0.543,
18:19:06.034,31.675,17.600,52.800,16.724,47.120,0.876,5.680,5.747,0.150,0.719,0.734,
18:19:06.052,31.694,17.600,52.800,17.272,46.922,0.328,5.878,5.887,0.265,0.922,0.960,
18:19:06.061,31.702,17.600,52.800,17.507,46.835,0.093,5.965,5.966,0.446,1.141,1.225,
18:19:06.077,31.719,19.800,50.600,17.973,46.658,1.827,3.942,4.345,0.277,1.030,1.067,
18:19:06.086,31.728,19.800,50.600,18.233,46.557,1.567,4.043,4.336,0.137,0.912,0.922,
18:19:06.103,31.745,19.800,50.600,18.723,46.362,1.077,4.238,4.373,0.096,0.911,0.916,
18:19:06.121,31.763,19.800,50.600,19.232,46.153,0.568,4.447,4.483,0.115,0.958,0.965,
18:19:06.129,31.771,19.800,50.600,19.457,46.059,0.343,4.541,4.554,0.194,1.032,1.050,
18:19:06.146,31.787,22.000,50.600,19.923,45.859,2.077,4.741,5.176,0.258,0.849,0.887,
18:19:06.162,31.804,22.000,50.600,20.392,45.653,1.608,4.947,5.202,0.351,0.750,0.829,
18:19:06.170,31.812,22.000,50.600,20.605,45.557,1.395,5.043,5.232,0.484,0.694,0.846,
18:19:06.186,31.828,22.000,50.600,21.050,45.353,0.950,5.247,5.332,0.575,0.709,0.913,
18:19:06.202,31.844,26.400,48.400,21.494,45.144,4.906,3.256,5.888,0.396,0.222,0.454,
18:19:06.210,31.852,26.400,48.400,21.710,45.041,4.690,3.359,5.769,0.212,-0.233,0.315,
18:19:06.225,31.867,26.400,48.400,22.131,44.835,4.269,3.565,5.561,0.160,-0.407,0.437,
18:19:06.241,31.883,26.400,48.400,22.566,44.618,3.834,3.782,5.385,0.163,-0.446,0.474,
18:19:06.249,31.890,26.400,48.400,22.767,44.516,3.633,3.884,5.318,0.212,-0.334,0.396,
18:19:06.266,31.907,24.200,48.400,23.233,44.274,0.967,4.126,4.237,0.266,0.001,0.266,
18:19:06.282,31.924,24.200,48.400,23.678,44.038,0.522,4.362,4.393,0.355,0.376,0.517,
18:19:06.291,31.933,24.200,48.400,23.912,43.911,0.288,4.489,4.498,0.477,0.824,0.952,
18:19:06.308,31.949,24.200,48.400,24.358,43.666,-0.158,4.734,4.737,0.574,1.095,1.237,
18:19:06.323,31.965,26.400,46.200,24.771,43.432,1.629,2.768,3.211,0.395,1.056,1.127,
18:19:06.341,31.982,26.400,46.200,25.238,43.163,1.162,3.037,3.252,0.303,1.061,1.103,
18:19:06.349,31.990,26.400,46.200,25.450,43.038,0.950,3.162,3.301,0.239,1.057,1.083,
18:19:06.366,32.008,26.400,46.200,25.908,42.764,0.492,3.436,3.471,0.247,1.110,1.137,
18:19:06.384,32.026,26.400,46.200,26.382,42.474,0.018,3.726,3.727,0.305,1.185,1.224,
18:19:06.403,32.045,26.400,46.200,26.869,42.167,-0.469,4.033,4.060,0.401,1.277,1.339,
18:19:06.423,32.065,26.400,46.200,27.394,41.828,-0.994,4.372,4.483,0.521,1.381,1.476,
18:19:06.442,32.084,28.600,46.200,27.881,41.505,0.719,4.695,4.750,0.653,1.197,1.364,
18:19:06.450,32.092,28.600,46.200,28.073,41.375,0.527,4.825,4.853,0.802,0.995,1.278,
18:19:06.468,32.110,28.600,46.200,28.529,41.062,0.071,5.138,5.138,0.910,0.958,1.322,
18:19:06.476,32.118,28.600,46.200,28.741,40.914,-0.141,5.286,5.288,1.018,0.960,1.399,
18:19:06.494,32.135,28.600,46.200,29.176,40.605,-0.576,5.595,5.624,1.113,0.997,1.494,
18:19:06.512,32.154,28.600,46.200,29.637,40.270,-1.037,5.930,6.020,1.209,1.076,1.619,
18:19:06.521,32.163,28.600,46.200,29.848,40.113,-1.248,6.087,6.213,1.287,1.203,1.762,
18:19:06.539,32.181,28.600,46.200,30.289,39.782,-1.689,6.418,6.637,1.368,1.298,1.886,
18:19:06.548,32.190,28.600,46.200,30.496,39.623,-1.896,6.577,6.845,1.429,1.426,2.018,
18:19:06.565,32.207,28.600,46.200,30.916,39.297,-2.316,6.903,7.281,1.498,1.521,2.135,
18:19:06.583,32.225,33.000,41.800,31.342,38.957,1.658,2.843,3.291,1.017,1.077,1.482,
18:19:06.603,32.245,33.000,41.800,31.835,38.556,1.165,3.244,3.447,0.700,0.795,1.060,
18:19:06.622,32.263,33.000,41.800,32.268,38.194,0.732,3.606,3.680,0.517,0.648,0.829,
18:19:06.630,32.272,33.000,41.800,32.454,38.036,0.546,3.764,3.804,0.427,0.604,0.739,
18:19:06.647,32.289,33.000,41.800,32.859,37.687,0.141,4.113,4.116,0.405,0.597,0.722,
18:19:06.664,32.305,33.000,41.800,33.239,37.352,-0.239,4.448,4.454,0.464,0.666,0.812,
18:19:06.683,32.325,33.000,41.800,33.678,36.956,-0.678,4.844,4.891,0.574,0.778,0.967,
18:19:06.700,32.342,33.000,41.800,34.066,36.599,-1.066,5.201,5.309,0.729,0.930,1.182,
18:19:06.708,32.350,35.200,41.800,34.246,36.431,0.954,5.369,5.453,0.942,0.693,1.169,
18:19:06.725,32.366,35.200,41.800,34.610,36.085,0.590,5.715,5.745,1.072,0.628,1.243,
18:19:06.742,32.384,35.200,41.800,34.992,35.715,0.208,6.085,6.088,1.212,0.631,1.367,
18:19:06.749,32.391,35.200,41.800,35.147,35.562,0.053,6.238,6.238,1.381,0.701,1.548,
18:19:06.765,32.407,35.200,41.800,35.490,35.220,-0.290,6.580,6.586,1.493,0.758,1.675,
18:19:06.782,32.424,35.200,41.800,35.857,34.847,-0.657,6.953,6.984,1.605,0.850,1.817,
18:19:06.791,32.433,35.200,41.800,36.048,34.649,-0.848,7.151,7.201,1.707,0.989,1.973,
18:19:06.808,32.450,35.200,41.800,36.404,34.274,-1.204,7.526,7.622,1.799,1.091,2.104,
18:19:06.817,32.458,35.200,41.800,36.581,34.086,-1.381,7.714,7.837,1.874,1.225,2.238,
18:19:06.834,32.476,37.400,41.800,36.945,33.691,0.455,8.109,8.122,1.953,1.065,2.224,
18:19:06.851,32.493,37.400,41.800,37.295,33.303,0.105,8.497,8.498,2.027,0.961,2.243,
18:19:06.860,32.502,37.400,41.800,37.473,33.103,-0.073,8.697,8.697,2.079,0.892,2.262,
18:19:06.876,32.517,37.400,41.800,37.789,32.741,-0.389,9.059,9.068,2.139,0.883,2.314,
18:19:06.893,32.535,39.600,39.600,38.138,32.334,1.462,7.266,7.411,1.930,0.647,2.036,
18:19:06.914,32.555,39.600,39.600,38.544,31.849,1.056,7.751,7.823,1.808,0.526,1.883,
18:19:06.932,32.574,39.600,39.600,38.902,31.411,0.698,8.189,8.219,1.749,0.502,1.820,
18:19:06.941,32.583,39.600,39.600,39.070,31.202,0.530,8.398,8.415,1.732,0.564,1.821,
18:19:06.957,32.599,39.600,37.400,39.374,30.817,0.226,6.583,6.587,1.470,0.612,1.592,
18:19:06.966,32.608,39.600,37.400,39.537,30.608,0.063,6.792,6.792,1.256,0.728,1.452,
18:19:06.983,32.624,39.600,37.400,39.848,30.202,-0.248,7.198,7.202,1.179,0.806,1.428,
18:19:06.994,32.636,39.600,37.400,40.058,29.922,-0.458,7.478,7.492,1.187,0.924,1.504,
18:19:07.012,32.653,41.800,35.200,40.375,29.494,1.425,5.706,5.881,0.971,0.758,1.232,
18:19:07.020,32.661,41.800,35.200,40.519,29.295,1.281,5.905,6.043,0.829,0.606,1.027,
18:19:07.036,32.678,41.800,35.200,40.814,28.882,0.986,6.318,6.394,0.793,0.559,0.970,
18:19:07.053,32.695,41.800,35.200,41.113,28.456,0.687,6.744,6.779,0.852,0.569,1.024,
18:19:07.061,32.703,41.800,35.200,41.251,28.255,0.549,6.945,6.967,1.029,0.643,1.213,
18:19:07.077,32.718,44.000,33.000,41.518,27.861,2.482,5.139,5.707,0.873,0.425,0.971,
18:19:07.093,32.735,44.000,33.000,41.797,27.442,2.203,5.558,5.979,0.824,0.298,0.876,
18:19:07.111,32.752,44.000,33.000,42.089,26.991,1.911,6.009,6.306,0.868,0.256,0.905,
18:19:07.118,32.759,44.000,33.000,42.204,26.811,1.796,6.189,6.445,1.025,0.304,1.069,
18:19:07.136,32.778,46.200,28.600,42.503,26.334,3.697,2.266,4.336,0.617,0.078,0.622,
18:19:07.154,32.796,46.200,28.600,42.792,25.862,3.408,2.738,4.372,0.368,-0.043,0.371,
18:19:07.174,32.816,46.200,28.600,43.106,25.336,3.094,3.264,4.498,0.290,-0.066,0.298,
18:19:07.192,32.834,48.400,26.400,43.383,24.857,5.017,1.543,5.248,0.061,-0.298,0.305,
18:19:07.200,32.842,48.400,26.400,43.507,24.641,4.893,1.759,5.200,-0.029,-0.436,0.437,
18:19:07.218,32.860,48.400,26.400,43.779,24.154,4.621,2.246,5.138,-0.026,-0.479,0.480,
18:19:07.226,32.868,48.400,26.400,43.895,23.942,4.505,2.458,5.132,0.145,-0.399,0.424,
18:19:07.242,32.884,48.400,26.400,44.123,23.519,4.277,2.881,5.157,0.265,-0.345,0.435,
18:19:07.250,32.892,50.600,24.200,44.238,23.302,6.362,0.898,6.425,0.102,-0.603,0.612,
18:19:07.268,32.910,50.600,24.200,44.497,22.804,6.103,1.396,6.261,0.085,-0.697,0.702,
18:19:07.277,32.919,50.600,24.200,44.614,22.573,5.986,1.627,6.203,0.178,-0.698,0.721,
18:19:07.293,32.935,50.600,24.200,44.842,22.117,5.758,2.083,6.123,0.282,-0.673,0.730,
18:19:07.313,32.955,50.600,22.000,45.107,21.573,5.493,0.427,5.510,0.189,-0.591,0.620,
18:19:07.332,32.973,50.600,22.000,45.351,21.054,5.249,0.946,5.333,0.207,-0.458,0.503,
18:19:07.339,32.981,50.600,22.000,45.443,20.855,5.157,1.145,5.283,0.318,-0.242,0.400,
18:19:07.355,32.997,50.600,22.000,45.643,20.413,4.957,1.587,5.205,0.421,-0.125,0.439,
18:19:07.374,33.016,52.800,19.800,45.879,19.877,6.921,-0.077,6.921,0.311,-0.271,0.412,
18:19:07.391,33.033,52.800,19.800,46.085,19.396,6.715,0.404,6.728,0.299,-0.359,0.468,
18:19:07.399,33.041,52.800,19.800,46.177,19.176,6.623,0.624,6.653,0.360,-0.414,0.549,
18:19:07.416,33.058,52.800,19.800,46.377,18.686,6.423,1.114,6.519,0.448,-0.413,0.609,
18:19:07.433,33.074,55.000,17.600,46.564,18.216,8.436,-0.616,8.459,0.308,-0.655,0.724,
18:19:07.441,33.082,55.000,17.600,46.653,17.987,8.347,-0.387,8.356,0.219,-0.864,0.891,
18:19:07.457,33.099,55.000,17.600,46.832,17.514,8.168,0.086,8.168,0.239,-0.938,0.968,
18:19:07.473,33.115,55.000,17.600,47.003,17.052,7.997,0.548,8.016,0.333,-0.942,0.999,
18:19:07.491,33.133,55.000,15.400,47.188,16.531,7.812,-1.131,7.893,0.203,-0.895,0.918,
18:19:07.499,33.141,55.000,15.400,47.269,16.299,7.731,-0.899,7.783,0.127,-0.769,0.780,
18:19:07.517,33.158,55.000,15.400,47.440,15.794,7.560,-0.394,7.570,0.156,-0.695,0.712,
18:19:07.534,33.175,55.000,15.400,47.602,15.299,7.398,0.101,7.399,0.264,-0.597,0.653,
18:19:07.552,33.193,55.000,13.200,47.768,14.772,7.232,-1.572,7.401,0.144,-0.495,0.515,
18:19:07.559,33.201,55.000,13.200,47.833,14.560,7.167,-1.360,7.295,0.071,-0.361,0.368,
18:19:07.574,33.215,55.000,13.200,47.962,14.128,7.038,-0.928,7.099,0.099,-0.280,0.297,
18:19:07.591,33.233,55.000,13.200,48.114,13.602,6.886,-0.402,6.898,0.197,-0.208,0.286,
18:19:07.598,33.240,55.000,13.200,48.171,13.400,6.829,-0.200,6.832,0.393,-0.136,0.416,
18:19:07.616,33.257,57.200,13.200,48.310,12.891,8.890,0.309,8.896,0.533,-0.341,0.632,
18:19:07.633,33.274,57.200,13.200,48.441,12.388,8.759,0.812,8.797,0.710,-0.505,0.871,
18:19:07.641,33.282,57.200,13.200,48.501,12.152,8.699,1.048,8.762,0.930,-0.664,1.143,
18:19:07.657,33.299,57.200,13.200,48.622,11.657,8.578,1.543,8.715,1.094,-0.726,1.313,
18:19:07.666,33.308,57.200,13.200,48.682,11.403,8.518,1.797,8.705,1.272,-0.751,1.477,
18:19:07.682,33.324,55.000,8.800,48.795,10.913,6.205,-2.113,6.555,0.894,-0.493,1.021,
18:19:07.692,33.333,55.000,8.800,48.856,10.634,6.144,-1.834,6.412,0.501,-0.191,0.537,
18:19:07.709,33.351,55.000,8.800,48.969,10.104,6.031,-1.304,6.171,0.356,-0.026,0.357,
18:19:07.717,33.359,55.000,8.800,49.018,9.860,5.982,-1.060,6.075,0.267,0.141,0.302,
18:19:07.737,33.379,57.200,8.800,49.134,9.267,8.066,-0.467,8.080,0.281,-0.019,0.281,
18:19:07.756,33.397,57.200,8.800,49.235,8.712,7.965,0.088,7.965,0.386,-0.174,0.424,
18:19:07.773,33.414,57.200,8.800,49.324,8.196,7.876,0.604,7.899,0.550,-0.296,0.625,
18:19:07.782,33.424,57.200,8.800,49.369,7.919,7.831,0.881,7.880,0.767,-0.402,0.866,
18:19:07.802,33.443,57.200,6.600,49.459,7.334,7.741,-0.734,7.775,0.674,-0.454,0.813,
18:19:07.810,33.452,57.200,6.600,49.497,7.076,7.703,-0.476,7.718,0.603,-0.482,0.772,
18:19:07.826,33.468,57.200,6.600,49.563,6.595,7.637,0.005,7.637,0.624,-0.500,0.800,
18:19:07.846,33.488,57.200,6.600,49.641,5.979,7.559,0.621,7.584,0.712,-0.506,0.873,
18:19:07.862,33.504,55.000,8.800,49.698,5.484,5.302,3.316,6.253,1.149,-0.196,1.166,
18:19:07.871,33.513,55.000,8.800,49.726,5.223,5.274,3.577,6.372,1.600,0.110,1.604,
18:19:07.889,33.530,55.000,8.800,49.781,4.678,5.219,4.122,6.650,1.866,0.245,1.882,
18:19:07.897,33.539,55.000,8.800,49.803,4.437,5.197,4.363,6.786,2.119,0.352,2.148,
18:19:07.914,33.556,55.000,8.800,49.848,3.900,5.152,4.900,7.110,2.296,0.401,2.330,
18:19:07.933,33.575,55.000,4.400,49.889,3.331,5.111,1.069,5.222,1.902,0.405,1.944,
18:19:07.943,33.585,55.000,4.400,49.908,3.034,5.092,1.366,5.272,1.454,0.356,1.497,
18:19:07.960,33.602,55.000,4.400,49.937,2.504,5.063,1.896,5.406,1.276,0.321,1.316,
18:19:07.969,33.611,55.000,4.400,49.951,2.222,5.049,2.178,5.499,1.140,0.246,1.166,
18:19:07.987,33.628,55.000,4.400,49.971,1.698,5.029,2.702,5.709,1.113,0.196,1.130,
18:19:08.003,33.645,55.000,4.400,49.986,1.188,5.014,3.212,5.955,1.159,0.134,1.166,
18:19:08.024,33.665,55.000,4.400,49.997,0.556,5.003,3.844,6.309,1.262,0.071,1.264,
18:19:08.040,33.682,55.000,2.200,50.000,0.040,5.000,2.160,5.447,1.113,0.006,1.113,
18:19:08.048,33.689,55.000,2.200,50.000,-0.179,5.000,2.379,5.537,1.011,-0.061,1.013,
18:19:08.063,33.705,55.000,2.200,49.996,-0.664,5.004,2.864,5.766,1.009,-0.109,1.015,
18:19:08.081,33.722,55.000,2.200,49.986,-1.189,5.014,3.389,6.052,1.076,-0.154,1.086,
18:19:08.088,33.730,55.000,2.200,49.980,-1.408,5.020,3.608,6.182,1.232,-0.189,1.246,
18:19:08.105,33.746,52.800,0.000,49.963,-1.919,2.837,1.919,3.425,1.076,0.036,1.076,
18:19:08.122,33.764,52.800,0.000,49.939,-2.459,2.861,2.459,3.772,1.016,0.206,1.037,
18:19:08.130,33.772,52.800,0.000,49.927,-2.695,2.873,2.695,3.939,1.029,0.375,1.095,
18:19:08.147,33.788,52.800,0.000,49.897,-3.210,2.903,3.210,4.328,1.076,0.435,1.160,
18:19:08.163,33.804,55.000,0.000,49.864,-3.687,5.136,3.687,6.322,1.184,0.162,1.195,
18:19:08.171,33.813,55.000,0.000,49.844,-3.941,5.156,3.941,6.489,1.353,-0.154,1.362,
18:19:08.188,33.830,55.000,0.000,49.801,-4.461,5.199,4.461,6.851,1.480,-0.318,1.513,
18:19:08.196,33.838,55.000,0.000,49.777,-4.717,5.223,4.717,7.037,1.657,-0.486,1.727,
18:19:08.216,33.858,52.800,-0.000,49.716,-5.324,3.084,5.324,6.153,1.796,-0.340,1.828,
18:19:08.234,33.876,52.800,-0.000,49.655,-5.865,3.145,5.865,6.655,1.952,-0.206,1.963,
18:19:08.255,33.896,52.800,-0.000,49.575,-6.503,3.225,6.503,7.258,2.112,-0.124,2.116,
18:19:08.273,33.914,55.000,-2.200,49.500,-7.050,5.500,4.850,7.333,1.966,-0.376,2.002,
18:19:08.283,33.925,55.000,-2.200,49.456,-7.357,5.544,5.157,7.572,1.839,-0.613,1.938,
18:19:08.300,33.942,55.000,-2.200,49.377,-7.870,5.623,5.670,7.986,1.823,-0.745,1.970,
18:19:08.309,33.951,55.000,-2.200,49.333,-8.138,5.667,5.938,8.208,1.837,-0.851,2.024,
18:19:08.326,33.968,57.200,-2.200,49.242,-8.671,7.958,6.471,10.256,1.889,-1.180,2.227,
18:19:08.347,33.988,57.200,-2.200,49.131,-9.282,8.069,7.082,10.736,1.985,-1.423,2.442,
18:19:08.365,34.006,57.200,-2.200,49.025,-9.828,8.175,7.628,11.181,2.110,-1.573,2.632,
18:19:08.383,34.025,55.000,-4.400,48.911,-10.378,6.089,5.978,8.533,1.957,-1.360,2.383,
18:19:08.394,34.036,55.000,-4.400,48.839,-10.711,6.161,6.311,8.819,1.854,-1.114,2.163,
18:19:08.412,34.054,55.000,-4.400,48.717,-11.255,6.283,6.855,9.299,1.848,-0.997,2.100,
18:19:08.421,34.063,55.000,-4.400,48.655,-11.521,6.345,7.121,9.538,1.898,-0.857,2.083,
18:19:08.437,34.079,55.000,-6.600,48.540,-11.996,6.460,5.396,8.418,1.687,-0.799,1.866,
18:19:08.455,34.097,55.000,-6.600,48.406,-12.523,6.594,5.923,8.863,1.588,-0.769,1.764,
18:19:08.472,34.114,55.000,-6.600,48.271,-13.035,6.729,6.435,9.310,1.585,-0.766,1.760,
18:19:08.480,34.122,55.000,-6.600,48.212,-13.253,6.788,6.653,9.505,1.678,-0.788,1.853,
18:19:08.496,34.138,55.000,-8.800,48.078,-13.731,6.922,4.931,8.499,1.475,-0.805,1.680,
18:19:08.515,34.157,55.000,-8.800,47.914,-14.291,7.086,5.491,8.964,1.396,-0.840,1.629,
18:19:08.534,34.175,55.000,-8.800,47.747,-14.839,7.253,6.039,9.438,1.425,-0.891,1.681,
18:19:08.553,34.194,52.800,-11.000,47.572,-15.390,5.228,4.390,6.827,1.249,-0.667,1.416,
18:19:08.560,34.202,52.800,-11.000,47.504,-15.601,5.296,4.601,7.015,1.161,-0.431,1.238,
18:19:08.576,34.218,52.800,-11.000,47.346,-16.074,5.454,5.074,7.449,1.155,-0.353,1.207,
18:19:08.592,34.234,52.800,-11.000,47.185,-16.541,5.615,5.541,7.888,1.235,-0.333,1.280,
18:19:08.600,34.242,52.800,-11.000,47.103,-16.772,5.697,5.772,8.110,1.420,-0.371,1.468,
18:19:08.619,34.261,52.800,-13.200,46.904,-17.322,5.896,4.122,7.194,1.292,-0.405,1.354,
18:19:08.628,34.270,52.800,-13.200,46.809,-17.575,5.991,4.375,7.418,1.234,-0.502,1.332,
18:19:08.645,34.286,52.800,-13.200,46.632,-18.039,6.168,4.839,7.839,1.248,-0.573,1.374,
18:19:08.663,34.305,52.800,-13.200,46.426,-18.565,6.374,5.365,8.332,1.339,-0.663,1.494,
18:19:08.671,34.312,52.800,-13.200,46.337,-18.786,6.463,5.586,8.543,1.535,-0.792,1.727,
18:19:08.688,34.330,48.400,-17.600,46.138,-19.270,2.262,1.670,2.812,1.134,-0.348,1.186,
18:19:08.705,34.347,48.400,-17.600,45.930,-19.760,2.470,2.160,3.282,0.887,-0.029,0.888,
18:19:08.724,34.365,48.400,-17.600,45.705,-20.275,2.695,2.675,3.797,0.796,0.150,0.810,
18:19:08.741,34.383,48.400,-22.000,45.483,-20.767,2.917,-1.233,3.167,0.252,0.209,0.328,
18:19:08.749,34.391,48.400,-22.000,45.383,-20.985,3.017,-1.015,3.183,-0.170,0.157,0.231,
18:19:08.766,34.407,48.400,-22.000,45.167,-21.446,3.233,-0.554,3.280,-0.320,0.120,0.341,
18:19:08.783,34.425,48.400,-22.000,44.935,-21.928,3.465,-0.072,3.466,-0.302,0.025,0.303,
18:19:08.801,34.443,46.200,-24.200,44.688,-22.427,1.512,-1.773,2.330,-0.432,0.170,0.464,
18:19:08.810,34.451,46.200,-24.200,44.571,-22.658,1.629,-1.542,2.243,-0.382,0.255,0.459,
18:19:08.827,34.469,46.200,-24.200,44.328,-23.130,1.872,-1.070,2.156,-0.311,0.258,0.404,
18:19:08.844,34.486,46.200,-24.200,44.082,-23.597,2.118,-0.603,2.203,-0.132,0.193,0.234,
18:19:08.866,34.507,46.200,-26.400,43.767,-24.175,2.433,-2.225,3.297,-0.159,0.083,0.180,
18:19:08.884,34.526,46.200,-26.400,43.491,-24.669,2.709,-1.731,3.215,-0.063,-0.067,0.092,
18:19:08.904,34.546,46.200,-26.400,43.176,-25.215,3.024,-1.185,3.248,0.105,-0.224,0.248,
18:19:08.925,34.567,46.200,-33.000,42.847,-25.771,3.353,-7.229,7.969,-0.518,-0.384,0.645,
18:19:08.944,34.586,46.200,-33.000,42.542,-26.271,3.658,-6.729,7.659,-0.862,-0.536,1.015,
18:19:08.963,34.605,46.200,-33.000,42.241,-26.752,3.959,-6.248,7.397,-0.972,-0.674,1.183,
18:19:08.972,34.614,46.200,-33.000,42.094,-26.983,4.106,-6.017,7.284,-0.907,-0.789,1.202,
18:19:08.988,34.630,44.000,-33.000,41.821,-27.404,2.179,-5.596,6.005,-0.823,-0.616,1.028,
18:19:08.997,34.639,44.000,-33.000,41.678,-27.621,2.322,-5.379,5.859,-0.595,-0.416,0.726,
18:19:09.015,34.657,44.000,-33.000,41.365,-28.088,2.635,-4.912,5.574,-0.436,-0.375,0.575,
18:19:09.035,34.677,44.000,-33.000,41.014,-28.598,2.986,-4.402,5.319,-0.211,-0.386,0.440,
18:19:09.054,34.696,41.800,-37.400,40.672,-29.082,1.128,-8.318,8.394,-0.516,-0.160,0.540,
18:19:09.073,34.714,41.800,-37.400,40.342,-29.539,1.458,-7.861,7.995,-0.658,-0.050,0.660,
18:19:09.080,34.722,41.800,-37.400,40.213,-29.715,1.587,-7.685,7.848,-0.719,0.001,0.719,
18:19:09.096,34.737,41.800,-37.400,39.927,-30.097,1.873,-7.303,7.540,-0.689,-0.011,0.689,
18:19:09.112,34.754,41.800,-37.400,39.622,-30.497,2.178,-6.903,7.238,-0.587,-0.080,0.592,
18:19:09.119,34.761,41.800,-37.400,39.485,-30.674,2.315,-6.726,7.113,-0.387,-0.225,0.448,
18:19:09.136,34.778,41.800,-37.400,39.170,-31.076,2.630,-6.324,6.849,-0.250,-0.323,0.408,
18:19:09.153,34.794,41.800,-37.400,38.850,-31.476,2.950,-5.924,6.618,-0.078,-0.452,0.459,
18:19:09.171,34.813,39.600,-39.600,38.490,-31.915,1.110,-7.685,7.765,-0.170,-0.321,0.363,
18:19:09.178,34.820,39.600,-39.600,38.352,-32.080,1.248,-7.520,7.623,-0.266,-0.182,0.322,
18:19:09.196,34.838,39.600,-39.600,37.998,-32.499,1.602,-7.101,7.280,-0.242,-0.176,0.299,
18:19:09.213,34.854,39.600,-39.600,37.665,-32.883,1.935,-6.717,6.990,-0.169,-0.227,0.283,
18:19:09.231,34.872,41.800,-39.600,37.303,-33.294,4.497,-6.306,7.745,-0.062,-0.599,0.603,
18:19:09.238,34.880,41.800,-39.600,37.154,-33.460,4.646,-6.140,7.700,0.086,-1.053,1.057,
18:19:09.254,34.895,41.800,-39.600,36.830,-33.816,4.970,-5.784,7.626,0.198,-1.288,1.303,
18:19:09.273,34.914,41.800,-39.600,36.431,-34.246,5.369,-5.354,7.582,0.319,-1.485,1.519,
18:19:09.280,34.922,41.800,-39.600,36.281,-34.405,5.519,-5.195,7.580,0.459,-1.647,1.710,
18:19:09.298,34.939,39.600,-41.800,35.908,-34.794,3.692,-7.006,7.919,0.307,-1.512,1.543,
18:19:09.306,34.948,39.600,-41.800,35.728,-34.979,3.872,-6.821,7.844,0.126,-1.294,1.300,
18:19:09.322,34.964,39.600,-41.800,35.388,-35.323,4.212,-6.477,7.726,0.076,-1.228,1.231,
18:19:09.330,34.972,39.600,-41.800,35.211,-35.499,4.389,-6.301,7.679,0.052,-1.149,1.150,
18:19:09.348,34.989,39.600,-41.800,34.827,-35.876,4.773,-5.924,7.608,0.076,-1.152,1.155,
18:19:09.364,35.005,39.600,-41.800,34.474,-36.215,5.126,-5.585,7.581,0.138,-1.182,1.190,
18:19:09.382,35.024,39.600,-41.800,34.052,-36.612,5.548,-5.188,7.596,0.224,-1.244,1.264,
18:19:09.390,35.032,39.600,-41.800,33.886,-36.766,5.714,-5.034,7.615,0.350,-1.329,1.374,
18:19:09.406,35.047,39.600,-41.800,33.529,-37.092,6.071,-4.708,7.683,0.436,-1.398,1.465,
18:19:09.422,35.064,39.600,-41.800,33.162,-37.420,6.438,-4.380,7.787,0.527,-1.481,1.572,
18:19:09.430,35.072,39.600,-41.800,32.979,-37.582,6.621,-4.218,7.851,0.628,-1.577,1.697,
18:19:09.448,35.090,39.600,-41.800,32.556,-37.949,7.044,-3.851,8.028,0.707,-1.660,1.804,
18:19:09.457,35.098,39.600,-41.800,32.362,-38.115,7.238,-3.685,8.123,0.785,-1.749,1.917,
18:19:09.474,35.116,39.600,-41.800,31.951,-38.460,7.649,-3.340,8.347,0.852,-1.830,2.018,
18:19:09.495,35.137,37.400,-41.800,31.451,-38.869,5.949,-2.931,6.632,0.920,-1.665,1.903,
18:19:09.512,35.154,37.400,-41.800,31.042,-39.197,6.358,-2.603,6.870,0.976,-1.547,1.830,
18:19:09.520,35.162,37.400,-41.800,30.862,-39.339,6.538,-2.461,6.986,1.016,-1.452,1.772,
18:19:09.536,35.178,37.400,-41.800,30.463,-39.648,6.937,-2.152,7.263,1.058,-1.440,1.787,
18:19:09.553,35.195,37.400,-41.800,30.055,-39.959,7.345,-1.841,7.573,1.095,-1.478,1.839,
18:19:09.570,35.212,37.400,-41.800,29.629,-40.276,7.771,-1.524,7.919,1.130,-1.555,1.922,
18:19:09.578,35.219,37.400,-41.800,29.451,-40.406,7.949,-1.394,8.071,1.150,-1.685,2.040,
18:19:09.593,35.234,37.400,-41.800,29.078,-40.675,8.322,-1.125,8.398,1.175,-1.767,2.122,
18:19:09.600,35.242,37.400,-41.800,28.897,-40.804,8.503,-0.996,8.561,1.191,-1.886,2.231,
18:19:09.618,35.259,37.400,-39.600,28.457,-41.112,8.943,1.512,9.069,1.465,-1.973,2.457,
18:19:09.626,35.268,37.400,-39.600,28.250,-41.254,9.150,1.654,9.298,1.769,-2.086,2.735,
18:19:09.641,35.283,37.400,-39.600,27.859,-41.519,9.541,1.919,9.732,1.931,-2.174,2.908,
18:19:09.649,35.291,37.400,-39.600,27.662,-41.651,9.738,2.051,9.952,2.056,-2.275,3.066,
18:19:09.666,35.307,37.400,-39.600,27.241,-41.928,10.159,2.328,10.423,2.130,-2.358,3.178,
18:19:09.682,35.324,35.200,-44.000,26.813,-42.203,8.387,-1.797,8.578,1.613,-2.173,2.706,
18:19:09.691,35.333,35.200,-44.000,26.580,-42.350,8.620,-1.650,8.777,1.040,-1.983,2.239,
18:19:09.708,35.350,35.200,-44.000,26.146,-42.619,9.054,-1.381,9.158,0.758,-1.923,2.067,
18:19:09.717,35.358,35.200,-44.000,25.922,-42.756,9.278,-1.244,9.361,0.516,-1.898,1.967,
18:19:09.732,35.374,35.200,-44.000,25.504,-43.006,9.696,-0.994,9.747,0.394,-1.917,1.957,
18:19:09.742,35.384,33.000,-44.000,25.251,-43.155,7.749,-0.845,7.795,0.354,-1.618,1.656,
18:19:09.758,35.400,33.000,-44.000,24.828,-43.400,8.172,-0.600,8.194,0.340,-1.493,1.531,
18:19:09.768,35.409,33.000,-44.000,24.577,-43.543,8.423,-0.457,8.436,0.409,-1.434,1.492,
18:19:09.784,35.426,33.000,-44.000,24.138,-43.788,8.862,-0.212,8.865,0.456,-1.443,1.514,
18:19:09.804,35.445,30.800,-44.000,23.604,-44.078,7.196,0.078,7.196,0.537,-1.266,1.375,
18:19:09.823,35.464,30.800,-44.000,23.087,-44.351,7.713,0.351,7.721,0.648,-1.213,1.376,
18:19:09.831,35.473,30.800,-44.000,22.867,-44.464,7.933,0.464,7.946,0.815,-1.271,1.510,
18:19:09.853,35.495,30.800,-44.000,22.259,-44.772,8.541,0.772,8.576,0.899,-1.338,1.612,
18:19:09.862,35.503,28.600,-44.000,22.024,-44.888,6.576,0.888,6.635,1.017,-1.110,1.505,
18:19:09.878,35.520,28.600,-44.000,21.568,-45.109,7.032,1.109,7.119,1.085,-1.056,1.514,
18:19:09.896,35.538,28.600,-44.000,21.074,-45.342,7.526,1.342,7.645,1.149,-1.100,1.591,
18:19:09.917,35.558,26.400,-46.200,20.488,-45.610,5.912,-0.590,5.942,0.939,-0.959,1.342,
18:19:09.934,35.576,26.400,-46.200,19.993,-45.829,6.407,-0.371,6.418,0.782,-0.946,1.228,
18:19:09.952,35.593,26.400,-46.200,19.504,-46.039,6.896,-0.161,6.898,0.695,-1.029,1.242,
18:19:09.960,35.602,26.400,-46.200,19.263,-46.141,7.137,-0.059,7.138,0.653,-1.204,1.370,
18:19:09.977,35.619,24.200,-48.400,18.783,-46.338,5.417,-2.062,5.796,0.366,-1.066,1.128,
18:19:09.997,35.639,24.200,-48.400,18.208,-46.567,5.992,-1.833,6.266,0.189,-1.049,1.066,
18:19:10.015,35.657,24.200,-48.400,17.698,-46.763,6.502,-1.637,6.705,0.107,-1.131,1.136,
18:19:10.035,35.676,22.000,-50.600,17.134,-46.973,4.866,-3.627,6.069,-0.182,-0.997,1.013,
18:19:10.054,35.696,22.000,-50.600,16.566,-47.176,5.434,-3.424,6.423,-0.330,-0.993,1.046,
18:19:10.073,35.715,22.000,-50.600,16.014,-47.366,5.986,-3.234,6.803,-0.368,-1.086,1.146,
18:19:10.090,35.732,17.600,-52.800,15.518,-47.531,2.082,-5.269,5.665,-0.627,-0.638,0.895,
18:19:10.098,35.740,17.600,-52.800,15.282,-47.607,2.318,-5.193,5.687,-0.777,-0.283,0.827,
18:19:10.115,35.757,17.600,-52.800,14.797,-47.760,2.803,-5.040,5.767,-0.842,-0.186,0.862,
18:19:10.132,35.774,17.600,-52.800,14.295,-47.913,3.305,-4.887,5.900,-0.822,-0.226,0.852,
18:19:10.140,35.782,17.600,-52.800,14.051,-47.985,3.549,-4.815,5.981,-0.685,-0.411,0.799,
18:19:10.158,35.800,13.200,-55.000,13.531,-48.134,-0.331,-6.866,6.874,-0.876,-0.030,0.877,
18:19:10.167,35.808,13.200,-55.000,13.281,-48.204,-0.081,-6.796,6.797,-0.994,0.265,1.029,
18:19:10.184,35.826,13.200,-55.000,12.764,-48.343,0.436,-6.657,6.671,-1.038,0.345,1.094,
18:19:10.203,35.844,13.200,-55.000,12.207,-48.487,0.993,-6.513,6.588,-1.009,0.271,1.045,
18:19:10.211,35.853,13.200,-55.000,11.965,-48.547,1.235,-6.453,6.570,-0.874,0.007,0.874,
18:19:10.228,35.869,8.800,-52.800,11.465,-48.668,-2.665,-4.132,4.917,-0.530,0.364,0.643,
18:19:10.236,35.878,8.800,-52.800,11.220,-48.725,-2.420,-4.075,4.740,-0.100,0.628,0.635,
18:19:10.254,35.895,8.800,-52.800,10.691,-48.844,-1.891,-3.956,4.385,0.118,0.686,0.696,
18:19:10.273,35.915,8.800,-52.800,10.119,-48.965,-1.319,-3.835,4.055,0.291,0.591,0.659,
18:19:10.281,35.923,8.800,-52.800,9.881,-49.014,-1.081,-3.786,3.937,0.432,0.308,0.531,
18:19:10.298,35.939,6.600,-57.200,9.377,-49.113,-2.777,-8.087,8.551,-0.015,0.382,0.383,
18:19:10.307,35.949,6.600,-57.200,9.085,-49.168,-2.485,-8.032,8.408,-0.500,0.350,0.611,
18:19:10.324,35.966,6.600,-57.200,8.578,-49.259,-1.978,-7.941,8.184,-0.747,0.256,0.790,
18:19:10.343,35.985,6.600,-57.200,8.008,-49.354,-1.408,-7.846,7.971,-0.908,0.079,0.911,
18:19:10.366,36.008,4.400,-59.400,7.304,-49.464,-2.904,-9.936,10.352,-1.250,0.101,1.254,
18:19:10.388,36.029,4.400,-59.400,6.636,-49.558,-2.236,-9.842,10.093,-1.446,0.011,1.446,
18:19:10.396,36.038,4.400,-59.400,6.375,-49.592,-1.975,-9.808,10.005,-1.505,-0.159,1.513,
18:19:10.415,36.057,4.400,-59.400,5.801,-49.662,-1.401,-9.738,9.838,-1.540,-0.315,1.572,
18:19:10.438,36.080,4.400,-59.400,5.092,-49.740,-0.692,-9.660,9.685,-1.514,-0.517,1.600,
18:19:10.448,36.089,4.400,-59.400,4.816,-49.768,-0.416,-9.632,9.641,-1.357,-0.758,1.555,
18:19:10.464,36.106,4.400,-59.400,4.307,-49.814,0.093,-9.586,9.586,-1.278,-0.948,1.592,
18:19:10.488,36.129,4.400,-59.400,3.586,-49.871,0.814,-9.529,9.563,-1.203,-1.148,1.663,
18:19:10.497,36.138,2.200,-59.400,3.318,-49.890,-1.118,-9.510,9.576,-1.066,-0.894,1.391,
18:19:10.516,36.157,2.200,-59.400,2.731,-49.925,-0.531,-9.475,9.490,-0.995,-0.879,1.328,
18:19:10.535,36.176,2.200,-59.400,2.146,-49.954,0.054,-9.446,9.446,-0.933,-0.917,1.308,
18:19:10.553,36.195,0.000,-57.200,1.579,-49.975,-1.579,-7.225,7.396,-0.596,-0.713,0.930,
18:19:10.573,36.215,0.000,-57.200,0.957,-49.991,-0.957,-7.209,7.272,-0.371,-0.641,0.740,
18:19:10.591,36.233,0.000,-57.200,0.408,-49.998,-0.408,-7.202,7.213,-0.234,-0.662,0.702,
18:19:10.599,36.240,0.000,-57.200,0.192,-50.000,-0.192,-7.200,7.203,-0.174,-0.752,0.772,
18:19:10.617,36.259,-0.000,-57.200,-0.385,-49.999,0.385,-7.201,7.212,-0.124,-0.840,0.849,
18:19:10.635,36.277,-0.000,-57.200,-0.931,-49.991,0.931,-7.209,7.269,-0.130,-0.979,0.988,
18:19:10.653,36.295,-0.000,-57.200,-1.500,-49.978,1.500,-7.222,7.377,-0.171,-1.146,1.159,
18:19:10.673,36.315,-2.200,-57.200,-2.106,-49.956,-0.094,-7.244,7.245,-0.234,-1.047,1.072,
18:19:10.692,36.334,-2.200,-57.200,-2.686,-49.928,0.486,-7.272,7.288,-0.310,-1.031,1.077,
18:19:10.700,36.341,-2.200,-57.200,-2.911,-49.915,0.711,-7.285,7.319,-0.428,-1.052,1.136,
18:19:10.718,36.360,-2.200,-57.200,-3.477,-49.879,1.277,-7.321,7.432,-0.483,-1.117,1.217,
18:19:10.734,36.376,-2.200,-55.000,-3.968,-49.842,1.768,-5.158,5.452,-0.252,-1.225,1.250,
18:19:10.752,36.394,-2.200,-55.000,-4.525,-49.795,2.325,-5.205,5.701,-0.108,-1.357,1.362,
18:19:10.760,36.401,-2.200,-55.000,-4.746,-49.774,2.546,-5.226,5.813,0.014,-1.531,1.531,
18:19:10.775,36.417,-2.200,-55.000,-5.227,-49.726,3.027,-5.274,6.081,0.056,-1.652,1.653,
18:19:10.792,36.434,-4.400,-55.000,-5.733,-49.670,1.333,-5.330,5.494,0.053,-1.504,1.505,
18:19:10.800,36.441,-4.400,-55.000,-5.969,-49.642,1.569,-5.358,5.583,-0.004,-1.346,1.346,
18:19:10.817,36.458,-4.400,-55.000,-6.482,-49.578,2.082,-5.422,5.808,-0.043,-1.324,1.325,
18:19:10.833,36.475,-4.400,-55.000,-6.991,-49.509,2.591,-5.491,6.072,-0.107,-1.360,1.364,
18:19:10.852,36.494,-4.400,-52.800,-7.567,-49.424,3.167,-3.376,4.629,0.088,-1.446,1.448,
18:19:10.860,36.501,-4.400,-52.800,-7.790,-49.389,3.390,-3.411,4.809,0.285,-1.585,1.611,
18:19:10.876,36.517,-4.400,-52.800,-8.271,-49.311,3.871,-3.489,5.211,0.346,-1.685,1.720,
18:19:10.892,36.534,-4.400,-52.800,-8.772,-49.225,4.372,-3.575,5.647,0.350,-1.804,1.837,
18:19:10.900,36.542,-4.400,-52.800,-9.005,-49.182,4.605,-3.618,5.856,0.292,-1.951,1.973,
18:19:10.916,36.558,-8.800,-55.000,-9.497,-49.090,0.697,-5.910,5.951,-0.019,-1.531,1.531,
18:19:10.936,36.578,-8.800,-55.000,-10.088,-48.972,1.288,-6.028,6.164,-0.292,-1.259,1.293,
18:19:10.955,36.597,-8.800,-55.000,-10.673,-48.848,1.873,-6.152,6.431,-0.528,-1.122,1.240,
18:19:10.973,36.615,-8.800,-52.800,-11.206,-48.728,2.406,-4.072,4.729,-0.416,-1.104,1.180,
18:19:10.993,36.634,-8.800,-52.800,-11.787,-48.591,2.987,-4.209,5.161,-0.355,-1.172,1.225,
18:19:11.001,36.642,-8.800,-52.800,-12.024,-48.533,3.224,-4.267,5.349,-0.268,-1.352,1.378,
18:19:11.018,36.660,-8.800,-52.800,-12.553,-48.399,3.753,-4.401,5.784,-0.270,-1.456,1.481,
18:19:11.027,36.669,-11.000,-52.800,-12.800,-48.334,1.800,-4.466,4.816,-0.274,-1.229,1.259,
18:19:11.044,36.686,-11.000,-52.800,-13.317,-48.194,2.317,-4.606,5.156,-0.308,-1.168,1.207,
18:19:11.062,36.704,-11.000,-52.800,-13.845,-48.045,2.845,-4.755,5.541,-0.358,-1.190,1.242,
18:19:11.070,36.711,-11.000,-52.800,-14.056,-47.984,3.056,-4.816,5.704,-0.420,-1.300,1.366,
18:19:11.086,36.728,-13.200,-52.800,-14.542,-47.839,1.342,-4.961,5.140,-0.476,-1.115,1.213,
18:19:11.105,36.747,-13.200,-52.800,-15.102,-47.665,1.902,-5.135,5.476,-0.542,-1.042,1.175,
18:19:11.123,36.765,-13.200,-52.800,-15.631,-47.494,2.431,-5.306,5.837,-0.613,-1.068,1.231,
18:19:11.142,36.784,-15.400,-52.800,-16.178,-47.311,0.778,-5.489,5.544,-0.684,-0.881,1.116,
18:19:11.149,36.791,-15.400,-52.800,-16.386,-47.239,0.986,-5.561,5.648,-0.751,-0.765,1.072,
18:19:11.166,36.808,-15.400,-52.800,-16.874,-47.067,1.474,-5.733,5.920,-0.811,-0.754,1.107,
18:19:11.184,36.826,-15.400,-52.800,-17.387,-46.880,1.987,-5.920,6.245,-0.870,-0.830,1.202,
18:19:11.202,36.844,-17.600,-52.800,-17.915,-46.680,0.315,-6.120,6.128,-0.930,-0.692,1.159,
18:19:11.211,36.852,-17.600,-52.800,-18.152,-46.589,0.552,-6.211,6.236,-0.977,-0.636,1.166,
18:19:11.227,36.869,-17.600,-52.800,-18.629,-46.400,1.029,-6.400,6.482,-1.027,-0.656,1.219,
18:19:11.247,36.888,-17.600,-52.800,-19.180,-46.175,1.580,-6.625,6.811,-1.081,-0.755,1.319,
18:19:11.266,36.908,-22.000,-50.600,-19.741,-45.938,-2.259,-4.662,5.181,-0.860,-0.366,0.934,
18:19:11.285,36.927,-22.000,-50.600,-20.264,-45.710,-1.736,-4.890,5.189,-0.714,-0.167,0.733,
18:19:11.303,36.945,-22.000,-50.600,-20.778,-45.478,-1.222,-5.122,5.265,-0.645,-0.130,0.658,
18:19:11.323,36.964,-22.000,-50.600,-21.319,-45.227,-0.681,-5.373,5.416,-0.639,-0.209,0.673,
18:19:11.340,36.982,-22.000,-50.600,-21.803,-44.996,-0.197,-5.604,5.607,-0.679,-0.371,0.774,
18:19:11.358,36.999,-22.000,-50.600,-22.286,-44.759,0.286,-5.841,5.848,-0.746,-0.568,0.938,
18:19:11.378,37.019,-24.200,-50.600,-22.836,-44.481,-1.364,-6.119,6.270,-0.832,-0.502,0.972,
18:19:11.399,37.041,-24.200,-50.600,-23.429,-44.171,-0.771,-6.429,6.475,-0.934,-0.538,1.078,
18:19:11.409,37.051,-24.200,-50.600,-23.674,-44.040,-0.526,-6.560,6.581,-1.058,-0.646,1.239,
18:19:11.429,37.071,-24.200,-50.600,-24.232,-43.736,0.032,-6.864,6.864,-1.148,-0.754,1.374,
18:19:11.437,37.079,-26.400,-48.400,-24.431,-43.625,-1.969,-4.775,5.165,-0.782,-0.468,0.911,
18:19:11.458,37.100,-26.400,-48.400,-24.992,-43.306,-1.408,-5.094,5.285,-0.693,-0.430,0.816,
18:19:11.466,37.108,-26.400,-48.400,-25.211,-43.179,-1.189,-5.221,5.355,-0.609,-0.446,0.755,
18:19:11.482,37.124,-26.400,-48.400,-25.625,-42.934,-0.775,-5.466,5.520,-0.603,-0.506,0.787,
18:19:11.490,37.132,-26.400,-48.400,-25.831,-42.811,-0.569,-5.589,5.618,-0.640,-0.628,0.897,
18:19:11.506,37.148,-30.800,-48.400,-26.247,-42.557,-4.553,-5.843,7.408,-0.688,-0.204,0.718,
18:19:11.524,37.165,-30.800,-48.400,-26.714,-42.266,-4.086,-6.134,7.371,-0.772,0.062,0.774,
18:19:11.543,37.185,-30.800,-48.400,-27.214,-41.945,-3.586,-6.455,7.384,-0.883,0.172,0.900,
18:19:11.550,37.192,-30.800,-48.400,-27.399,-41.825,-3.401,-6.575,7.403,-1.039,0.143,1.049,
18:19:11.566,37.207,-28.600,-46.200,-27.789,-41.566,-0.811,-4.634,4.704,-0.861,-0.177,0.879,
18:19:11.583,37.224,-28.600,-46.200,-28.225,-41.271,-0.375,-4.929,4.943,-0.764,-0.491,0.908,
18:19:11.592,37.234,-28.600,-46.200,-28.452,-41.116,-0.148,-5.084,5.086,-0.702,-0.880,1.126,
18:19:11.609,37.251,-28.600,-46.200,-28.882,-40.815,0.282,-5.385,5.393,-0.708,-1.120,1.325,
18:19:11.626,37.268,-30.800,-41.800,-29.314,-40.505,-1.486,-1.295,1.971,-0.211,-1.064,1.085,
18:19:11.643,37.285,-30.800,-41.800,-29.736,-40.196,-1.064,-1.604,1.924,0.105,-1.049,1.054,
18:19:11.652,37.294,-30.800,-41.800,-29.946,-40.041,-0.854,-1.759,1.956,0.310,-1.038,1.083,
18:19:11.670,37.312,-30.800,-41.800,-30.385,-39.709,-0.415,-2.091,2.132,0.374,-1.082,1.145,
18:19:11.678,37.320,-30.800,-41.800,-30.588,-39.552,-0.212,-2.248,2.258,0.290,-1.139,1.175,
18:19:11.696,37.338,-30.800,-41.800,-31.013,-39.220,0.213,-2.580,2.589,0.220,-1.208,1.228,
18:19:11.715,37.356,-30.800,-41.800,-31.463,-38.859,0.663,-2.941,3.014,0.070,-1.296,1.298,
18:19:11.731,37.373,-30.800,-41.800,-31.863,-38.533,1.063,-3.267,3.436,-0.137,-1.391,1.398,
18:19:11.741,37.382,-30.800,-41.800,-32.073,-38.358,1.273,-3.442,3.670,-0.400,-1.488,1.541,
18:19:11.758,37.399,-33.000,-41.800,-32.475,-38.018,-0.525,-3.782,3.818,-0.578,-1.302,1.424,
18:19:11.776,37.418,-33.000,-41.800,-32.908,-37.644,-0.092,-4.156,4.157,-0.762,-1.188,1.411,
18:19:11.798,37.440,-33.000,-41.800,-33.413,-37.197,0.413,-4.603,4.622,-0.946,-1.150,1.490,
18:19:11.808,37.450,-33.000,-41.800,-33.631,-37.000,0.631,-4.800,4.842,-1.118,-1.160,1.612,
18:19:11.826,37.468,-35.200,-39.600,-34.042,-36.622,-1.158,-2.978,3.196,-0.990,-0.922,1.352,
18:19:11.845,37.487,-35.200,-39.600,-34.470,-36.219,-0.730,-3.381,3.459,-0.921,-0.793,1.215,
18:19:11.865,37.507,-35.200,-39.600,-34.915,-35.790,-0.285,-3.810,3.821,-0.914,-0.762,1.190,
18:19:11.887,37.528,-37.400,-39.600,-35.377,-35.333,-2.023,-4.267,4.722,-0.959,-0.531,1.097,
18:19:11.905,37.547,-37.400,-39.600,-35.782,-34.924,-1.618,-4.676,4.948,-1.039,-0.435,1.126,
18:19:11.924,37.566,-37.400,-39.600,-36.186,-34.504,-1.214,-5.096,5.238,-1.140,-0.442,1.222,
18:19:11.946,37.587,-39.600,-39.600,-36.640,-34.022,-2.960,-5.578,6.315,-1.258,-0.241,1.281,
18:19:11.964,37.605,-39.600,-39.600,-37.019,-33.609,-2.581,-5.991,6.523,-1.382,-0.175,1.393,
18:19:11.983,37.625,-39.600,-39.600,-37.423,-33.159,-2.177,-6.441,6.799,-1.505,-0.204,1.519,
18:19:12.006,37.648,-41.800,-39.600,-37.889,-32.626,-3.911,-6.974,7.996,-1.635,-0.028,1.635,
18:19:12.024,37.666,-41.800,-39.600,-38.249,-32.203,-3.551,-7.397,8.205,-1.752,0.016,1.752,
18:19:12.047,37.688,-41.800,-39.600,-38.687,-31.675,-3.113,-7.925,8.514,-1.871,-0.026,1.871,
18:19:12.065,37.707,-44.000,-35.200,-39.054,-31.222,-4.946,-3.978,6.348,-1.384,0.154,1.393,
18:19:12.084,37.726,-44.000,-35.200,-39.415,-30.764,-4.585,-4.436,6.379,-1.097,0.205,1.116,
18:19:12.107,37.749,-44.000,-35.200,-39.846,-30.204,-4.154,-4.996,6.497,-0.980,0.166,0.994,
18:19:12.126,37.768,-46.200,-33.000,-40.195,-29.738,-6.005,-3.262,6.834,-0.685,0.349,0.768,
18:19:12.147,37.788,-46.200,-33.000,-40.570,-29.225,-5.630,-3.775,6.779,-0.576,0.400,0.701,
18:19:12.166,37.807,-46.200,-33.000,-40.909,-28.749,-5.291,-4.251,6.788,-0.602,0.357,0.700,
18:19:12.184,37.825,-44.000,-33.000,-41.226,-28.292,-2.774,-4.708,5.465,-0.714,-0.039,0.715,
18:19:12.203,37.844,-44.000,-33.000,-41.549,-27.814,-2.451,-5.186,5.735,-0.874,-0.361,0.946,
18:19:12.212,37.854,-44.000,-33.000,-41.701,-27.586,-2.299,-5.414,5.882,-1.113,-0.688,1.309,
18:19:12.229,37.870,-44.000,-33.000,-41.982,-27.157,-2.018,-5.843,6.182,-1.269,-0.879,1.544,
18:19:12.237,37.878,-44.000,-33.000,-42.114,-26.953,-1.886,-6.047,6.335,-1.480,-1.044,1.811,
18:19:12.253,37.895,-48.400,-26.400,-42.386,-26.522,-6.014,0.122,6.015,-0.832,-0.633,1.045,
18:19:12.272,37.913,-48.400,-26.400,-42.686,-26.037,-5.714,-0.363,5.726,-0.383,-0.315,0.496,
18:19:12.280,37.922,-48.400,-26.400,-42.815,-25.824,-5.585,-0.576,5.615,-0.006,0.020,0.021,
18:19:12.297,37.938,-48.400,-26.400,-43.077,-25.384,-5.323,-1.016,5.419,0.131,0.152,0.201,
18:19:12.313,37.955,-48.400,-28.600,-43.333,-24.946,-5.067,-3.654,6.248,-0.160,0.204,0.259,
18:19:12.322,37.964,-48.400,-28.600,-43.464,-24.717,-4.936,-3.883,6.281,-0.603,0.178,0.629,
18:19:12.339,37.981,-48.400,-28.600,-43.720,-24.261,-4.680,-4.339,6.382,-0.855,0.151,0.869,
18:19:12.348,37.990,-48.400,-28.600,-43.855,-24.016,-4.545,-4.584,6.456,-1.190,0.051,1.191,
18:19:12.365,38.007,-48.400,-28.600,-44.103,-23.557,-4.297,-5.043,6.625,-1.412,-0.020,1.412,
18:19:12.383,38.025,-48.400,-24.200,-44.353,-23.082,-4.047,-1.118,4.198,-1.083,-0.116,1.089,
18:19:12.393,38.035,-48.400,-24.200,-44.500,-22.798,-3.900,-1.402,4.144,-0.787,-0.243,0.824,
18:19:12.431,38.073,-48.400,-24.200,-45.021,-21.751,-3.379,-2.449,4.173,-0.759,-0.343,0.833,
18:19:12.451,38.092,-50.600,-22.000,-45.280,-21.207,-5.320,-0.793,5.379,-0.531,-0.144,0.550,
18:19:12.460,38.102,-50.600,-22.000,-45.399,-20.951,-5.201,-1.049,5.306,-0.409,0.018,0.410,
18:19:12.475,38.117,-50.600,-22.000,-45.589,-20.535,-5.011,-1.465,5.221,-0.404,0.070,0.411,
18:19:12.494,38.136,-50.600,-22.000,-45.828,-19.995,-4.772,-2.005,5.176,-0.480,0.075,0.486,
18:19:12.513,38.154,-52.800,-22.000,-46.056,-19.463,-6.744,-2.537,7.205,-0.632,0.325,0.711,
18:19:12.522,38.164,-52.800,-22.000,-46.163,-19.208,-6.637,-2.792,7.200,-0.862,0.525,1.009,
18:19:12.539,38.180,-52.800,-22.000,-46.357,-18.736,-6.443,-3.264,7.223,-1.026,0.602,1.190,
18:19:12.548,38.190,-52.800,-22.000,-46.462,-18.474,-6.338,-3.526,7.253,-1.229,0.604,1.369,
18:19:12.566,38.208,-52.800,-22.000,-46.664,-17.958,-6.136,-4.042,7.348,-1.390,0.590,1.510,
18:19:12.586,38.228,-52.800,-19.800,-46.884,-17.374,-5.916,-2.426,6.394,-1.300,0.528,1.403,
18:19:12.606,38.248,-52.800,-19.800,-47.092,-16.803,-5.708,-2.997,6.447,-1.276,0.429,1.346,
18:19:12.626,38.268,-52.800,-19.800,-47.299,-16.212,-5.501,-3.588,6.568,-1.319,0.319,1.357,
18:19:12.647,38.289,-52.800,-19.800,-47.505,-15.598,-5.295,-4.202,6.760,-1.413,0.211,1.429,
18:19:12.667,38.308,-52.800,-19.800,-47.688,-15.027,-5.112,-4.773,6.993,-1.538,0.110,1.542,
18:19:12.686,38.327,-52.800,-19.800,-47.859,-14.475,-4.941,-5.325,7.264,-1.676,0.024,1.676,
18:19:12.705,38.347,-52.800,-15.400,-48.031,-13.893,-4.769,-1.507,5.001,-1.251,-0.047,1.252,
18:19:12.724,38.365,-52.800,-15.400,-48.186,-13.345,-4.614,-2.055,5.051,-1.003,-0.104,1.008,
18:19:12.743,38.384,-52.800,-15.400,-48.339,-12.780,-4.461,-2.620,5.173,-0.911,-0.148,0.923,
18:19:12.752,38.394,-52.800,-15.400,-48.409,-12.512,-4.391,-2.888,5.256,-0.922,-0.173,0.938,
18:19:12.767,38.409,-52.800,-11.000,-48.524,-12.059,-4.276,1.059,4.405,-0.393,-0.200,0.441,
18:19:12.777,38.418,-52.800,-11.000,-48.590,-11.792,-4.210,0.792,4.284,0.020,-0.214,0.215,
18:19:12.792,38.434,-52.800,-11.000,-48.699,-11.334,-4.101,0.334,4.115,0.189,-0.232,0.299,
18:19:12.801,38.442,-52.800,-11.000,-48.757,-11.080,-4.043,0.080,4.044,0.204,-0.236,0.312,
18:19:12.816,38.458,-52.800,-11.000,-48.861,-10.610,-3.939,-0.390,3.958,0.169,-0.247,0.299,
18:19:12.832,38.474,-50.600,-11.000,-48.964,-10.128,-1.636,-0.872,1.854,0.023,-0.531,0.532,
18:19:12.841,38.483,-50.600,-11.000,-49.017,-9.864,-1.583,-1.136,1.948,-0.261,-0.805,0.847,
18:19:12.858,38.499,-50.600,-11.000,-49.115,-9.368,-1.485,-1.632,2.207,-0.456,-0.946,1.050,
18:19:12.866,38.508,-50.600,-11.000,-49.161,-9.123,-1.439,-1.877,2.365,-0.763,-1.039,1.289,
18:19:12.882,38.524,-50.600,-11.000,-49.249,-8.636,-1.351,-2.364,2.723,-0.967,-1.088,1.456,
18:19:12.889,38.531,-50.600,-8.800,-49.286,-8.419,-1.314,-0.381,1.368,-0.812,-1.073,1.345,
18:19:12.905,38.547,-50.600,-8.800,-49.366,-7.939,-1.234,-0.861,1.505,-0.809,-1.070,1.342,
18:19:12.921,38.562,-50.600,-8.800,-49.439,-7.472,-1.161,-1.328,1.764,-0.862,-1.036,1.347,
18:19:12.929,38.571,-50.600,-8.800,-49.478,-7.209,-1.122,-1.591,1.947,-0.953,-0.959,1.353,
18:19:12.947,38.589,-52.800,-6.600,-49.554,-6.662,-3.246,0.062,3.246,-0.809,-0.662,1.045,
18:19:12.957,38.598,-52.800,-6.600,-49.591,-6.382,-3.209,-0.218,3.216,-0.686,-0.314,0.754,
18:19:12.973,38.615,-52.800,-6.600,-49.653,-5.878,-3.147,-0.722,3.228,-0.681,-0.124,0.693,
18:19:12.993,38.635,-52.800,-6.600,-49.722,-5.267,-3.078,-1.333,3.354,-0.756,0.009,0.756,
18:19:13.016,38.658,-52.800,-4.400,-49.792,-4.559,-3.008,0.159,3.012,-0.638,0.086,0.644,
18:19:13.035,38.677,-52.800,-4.400,-49.841,-3.979,-2.959,-0.421,2.988,-0.628,0.108,0.638,
18:19:13.054,38.696,-52.800,-4.400,-49.883,-3.411,-2.917,-0.989,3.079,-0.706,0.103,0.713,
18:19:13.076,38.717,-55.000,-4.400,-49.924,-2.747,-5.076,-1.653,5.338,-0.843,0.362,0.918,
18:19:13.094,38.736,-55.000,-4.400,-49.952,-2.183,-5.048,-2.217,5.513,-1.024,0.525,1.150,
18:19:13.114,38.756,-55.000,-4.400,-49.976,-1.558,-5.024,-2.842,5.772,-1.215,0.609,1.360,
18:19:13.134,38.776,-52.800,-2.200,-49.991,-0.937,-2.809,-1.263,3.080,-1.129,0.349,1.181,
18:19:13.155,38.797,-52.800,-2.200,-49.999,-0.291,-2.801,-1.909,3.390,-1.133,0.147,1.143,
18:19:13.173,38.815,-52.800,-2.200,-49.999,0.269,-2.801,-2.469,3.733,-1.199,-0.007,1.199,
18:19:13.195,38.837,-55.000,-0.000,-49.991,0.940,-5.009,-0.940,5.096,-1.038,0.176,1.053,
18:19:13.217,38.858,-55.000,-0.000,-49.974,1.599,-5.026,-1.599,5.274,-0.998,0.315,1.046,
18:19:13.233,38.875,-55.000,-0.000,-49.955,2.113,-5.045,-2.113,5.469,-1.042,0.412,1.120,
18:19:13.252,38.894,-55.000,-0.000,-49.927,2.695,-5.073,-2.695,5.744,-1.141,0.472,1.235,
18:19:13.262,38.904,-55.000,-0.000,-49.910,2.991,-5.090,-2.991,5.903,-1.294,0.500,1.388,
18:19:13.279,38.921,-55.000,-0.000,-49.877,3.499,-5.123,-3.499,6.204,-1.420,0.522,1.513,
18:19:13.289,38.931,-55.000,-0.000,-49.854,3.817,-5.146,-3.817,6.407,-1.575,0.521,1.659,
18:19:13.308,38.950,-52.800,2.200,-49.807,4.386,-2.993,-2.186,3.706,-1.453,0.268,1.477,
18:19:13.319,38.960,-52.800,2.200,-49.778,4.709,-3.022,-2.509,3.928,-1.356,0.002,1.356,
18:19:13.336,38.978,-52.800,2.200,-49.725,5.235,-3.075,-3.035,4.320,-1.355,-0.135,1.362,
18:19:13.355,38.996,-52.800,2.200,-49.661,5.814,-3.139,-3.614,4.787,-1.418,-0.212,1.434,
18:19:13.391,39.032,-57.200,4.400,-49.520,6.915,-7.680,-2.515,8.082,-1.330,0.266,1.357,
18:19:13.413,39.055,-57.200,4.400,-49.418,7.607,-7.782,-3.207,8.417,-1.339,0.678,1.501,
18:19:13.434,39.076,-57.200,4.400,-49.316,8.245,-7.884,-3.845,8.772,-1.423,0.936,1.703,
18:19:13.451,39.093,-57.200,2.200,-49.229,8.746,-7.971,-6.546,10.314,-1.866,1.086,2.159,
18:19:13.460,39.102,-57.200,2.200,-49.182,9.005,-8.018,-6.805,10.516,-2.300,1.150,2.571,
18:19:13.477,39.119,-57.200,2.200,-49.083,9.533,-8.117,-7.333,10.939,-2.534,1.219,2.812,
18:19:13.487,39.128,-57.200,2.200,-49.028,9.812,-8.172,-7.612,11.168,-2.753,1.207,3.006,
18:19:13.504,39.146,-57.200,2.200,-48.920,10.334,-8.280,-8.134,11.607,-2.908,1.227,3.156,
18:19:13.523,39.164,-55.000,6.600,-48.799,10.894,-6.201,-4.294,7.543,-2.490,0.952,2.666,
18:19:13.531,39.173,-55.000,6.600,-48.743,11.140,-6.257,-4.540,7.730,-1.986,0.597,2.074,
18:19:13.550,39.192,-55.000,6.600,-48.606,11.722,-6.394,-5.122,8.192,-1.816,0.468,1.875,
18:19:13.559,39.201,-55.000,6.600,-48.546,11.972,-6.454,-5.372,8.397,-1.687,0.345,1.722,
18:19:13.575,39.217,-55.000,6.600,-48.425,12.452,-6.575,-5.852,8.802,-1.656,0.302,1.683,
18:19:13.593,39.234,-55.000,11.000,-48.288,12.972,-6.712,-1.972,6.996,-1.152,0.304,1.191,
18:19:13.602,39.243,-55.000,11.000,-48.216,13.238,-6.784,-2.238,7.144,-0.732,0.354,0.813,
18:19:13.618,39.260,-55.000,11.000,-48.078,13.728,-6.922,-2.728,7.440,-0.558,0.397,0.685,
18:19:13.628,39.270,-55.000,11.000,-48.001,13.998,-6.999,-2.998,7.614,-0.543,0.479,0.724,
18:19:13.646,39.288,-55.000,11.000,-47.844,14.526,-7.156,-3.526,7.978,-0.571,0.542,0.788,
18:19:13.666,39.307,-52.800,13.200,-47.663,15.109,-5.137,-1.909,5.481,-0.450,0.360,0.577,
18:19:13.683,39.325,-52.800,13.200,-47.496,15.624,-5.304,-2.424,5.832,-0.482,0.249,0.542,
18:19:13.705,39.346,-52.800,13.200,-47.287,16.245,-5.513,-3.045,6.298,-0.613,0.218,0.651,
18:19:13.722,39.364,-52.800,15.400,-47.107,16.761,-5.693,-1.361,5.854,-0.534,0.249,0.589,
18:19:13.732,39.374,-52.800,15.400,-47.006,17.042,-5.794,-1.642,6.022,-0.563,0.324,0.650,
18:19:13.750,39.392,-52.800,15.400,-46.816,17.558,-5.984,-2.158,6.361,-0.639,0.388,0.747,
18:19:13.760,39.401,-52.800,15.400,-46.717,17.819,-6.083,-2.419,6.546,-0.817,0.491,0.953,
18:19:13.776,39.418,-52.800,17.600,-46.536,18.286,-6.264,-0.686,6.301,-0.692,0.570,0.897,
18:19:13.796,39.437,-52.800,17.600,-46.308,18.856,-6.492,-1.256,6.612,-0.681,0.663,0.951,
18:19:13.816,39.457,-52.800,17.600,-46.073,19.423,-6.727,-1.823,6.969,-0.768,0.766,1.085,
18:19:13.835,39.476,-52.800,22.000,-45.844,19.958,-6.956,2.042,7.249,-0.346,0.867,0.933,
18:19:13.854,39.496,-52.800,22.000,-45.602,20.505,-7.198,1.495,7.351,-0.144,0.962,0.972,
18:19:13.871,39.513,-52.800,22.000,-45.383,20.986,-7.417,1.014,7.486,-0.108,1.047,1.052,
18:19:13.880,39.521,-52.800,22.000,-45.277,21.213,-7.523,0.787,7.564,-0.205,1.116,1.134,
18:19:13.896,39.538,-50.600,24.200,-45.056,21.680,-5.544,2.520,6.091,-0.020,0.913,0.913,
18:19:13.916,39.557,-50.600,24.200,-44.795,22.212,-5.805,1.988,6.136,0.021,0.783,0.784,
18:19:13.933,39.575,-50.600,24.200,-44.555,22.690,-6.045,1.510,6.230,-0.064,0.713,0.716,
18:19:13.951,39.593,-48.400,26.400,-44.309,23.167,-4.091,3.233,5.214,0.067,0.411,0.417,
18:19:13.960,39.602,-48.400,26.400,-44.179,23.414,-4.221,2.986,5.170,0.089,0.172,0.194,
18:19:13.977,39.619,-48.400,26.400,-43.935,23.868,-4.465,2.532,5.133,0.043,0.085,0.095,
18:19:13.994,39.635,-48.400,26.400,-43.693,24.309,-4.707,2.091,5.151,-0.085,0.085,0.121,
18:19:14.013,39.655,-48.400,30.800,-43.395,24.836,-5.005,5.964,7.785,0.280,0.150,0.318,
18:19:14.031,39.673,-48.400,30.800,-43.117,25.317,-5.283,5.483,7.614,0.466,0.274,0.541,
18:19:14.039,39.681,-48.400,30.800,-42.994,25.526,-5.406,5.274,7.553,0.526,0.471,0.706,
18:19:14.055,39.696,-48.400,30.800,-42.752,25.928,-5.648,4.872,7.459,0.505,0.590,0.777,
18:19:14.072,39.714,-46.200,30.800,-42.476,26.377,-3.724,4.423,5.782,0.398,0.446,0.598,
18:19:14.080,39.722,-46.200,30.800,-42.350,26.580,-3.850,4.220,5.712,0.158,0.313,0.350,
18:19:14.095,39.737,-46.200,30.800,-42.099,26.976,-4.101,3.824,5.607,-0.000,0.289,0.289,
18:19:14.113,39.755,-46.200,30.800,-41.800,27.437,-4.400,3.363,5.538,-0.189,0.325,0.375,
18:19:14.131,39.773,-46.200,33.000,-41.488,27.906,-4.712,5.094,6.939,-0.124,0.410,0.428,
18:19:14.139,39.780,-46.200,33.000,-41.367,28.085,-4.833,4.915,6.893,-0.076,0.554,0.560,
18:19:14.154,39.796,-46.200,33.000,-41.101,28.473,-5.099,4.527,6.819,-0.114,0.652,0.662,
18:19:14.172,39.814,-46.200,33.000,-40.775,28.938,-5.425,4.062,6.777,-0.202,0.768,0.794,
18:19:14.179,39.821,-46.200,33.000,-40.653,29.109,-5.547,3.891,6.776,-0.349,0.918,0.982,
18:19:14.195,39.837,-46.200,35.200,-40.366,29.506,-5.834,5.694,8.152,-0.195,1.023,1.041,
18:19:14.213,39.855,-46.200,35.200,-40.037,29.950,-6.163,5.250,8.096,-0.125,1.134,1.140,
18:19:14.235,39.876,-46.200,35.200,-39.641,30.473,-6.559,4.727,8.085,-0.138,1.250,1.258,
18:19:14.254,39.895,-41.800,35.200,-39.278,30.940,-2.522,4.260,4.951,-0.218,0.787,0.817,
18:19:14.274,39.916,-41.800,35.200,-38.890,31.426,-2.910,3.774,4.766,-0.337,0.506,0.608,
18:19:14.292,39.934,-41.800,35.200,-38.529,31.867,-3.271,3.333,4.670,-0.477,0.366,0.602,
18:19:14.302,39.943,-41.800,35.200,-38.354,32.077,-3.446,3.123,4.650,-0.638,0.319,0.713,
18:19:14.319,39.961,-41.800,37.400,-38.010,32.484,-3.790,4.916,6.207,-0.487,0.327,0.587,
18:19:14.329,39.970,-41.800,37.400,-37.816,32.710,-3.984,4.690,6.154,-0.352,0.421,0.549,
18:19:14.344,39.986,-41.800,37.400,-37.502,33.069,-4.298,4.331,6.101,-0.320,0.508,0.600,
18:19:14.363,40.004,-41.800,37.400,-37.125,33.492,-4.675,3.908,6.093,-0.344,0.632,0.719,
18:19:14.372,40.014,-39.600,37.400,-36.926,33.711,-2.674,3.689,4.556,-0.414,0.426,0.594,
18:19:14.388,40.029,-39.600,37.400,-36.606,34.059,-2.994,3.341,4.486,-0.488,0.364,0.609,
18:19:14.408,40.049,-39.600,37.400,-36.192,34.498,-3.408,2.902,4.476,-0.583,0.382,0.697,
18:19:14.428,40.069,-39.600,39.600,-35.764,34.942,-3.836,4.658,6.034,-0.424,0.468,0.632,
18:19:14.446,40.087,-39.600,39.600,-35.373,35.338,-4.227,4.262,6.003,-0.345,0.599,0.691,
18:19:14.463,40.105,-39.600,39.600,-34.987,35.720,-4.613,3.880,6.028,-0.337,0.748,0.821,
18:19:14.483,40.124,-41.800,39.600,-34.561,36.133,-7.239,3.467,8.027,-0.382,1.187,1.247,
18:19:14.502,40.144,-41.800,39.600,-34.123,36.546,-7.677,3.054,8.262,-0.464,1.542,1.610,
18:19:14.511,40.152,-41.800,39.600,-33.936,36.720,-7.864,2.880,8.375,-0.591,1.860,1.951,
18:19:14.527,40.169,-41.800,39.600,-33.564,37.060,-8.236,2.540,8.619,-0.676,2.060,2.168,
18:19:14.536,40.178,-37.400,41.800,-33.362,37.242,-4.038,4.558,6.089,-0.390,1.409,1.462,
18:19:14.555,40.196,-37.400,41.800,-32.942,37.614,-4.458,4.186,6.115,-0.289,1.167,1.203,
18:19:14.574,40.216,-37.400,41.800,-32.483,38.012,-4.917,3.788,6.208,-0.255,1.008,1.040,
18:19:14.593,40.234,-37.400,41.800,-32.050,38.377,-5.350,3.423,6.351,-0.280,0.936,0.977,
18:19:14.601,40.243,-37.400,41.800,-31.861,38.534,-5.539,3.266,6.430,-0.361,0.915,0.983,
18:19:14.616,40.258,-37.400,41.800,-31.491,38.837,-5.909,2.963,6.610,-0.421,0.942,1.032,
18:19:14.633,40.275,-37.400,41.800,-31.088,39.160,-6.312,2.640,6.842,-0.502,1.021,1.137,
18:19:14.651,40.293,-37.400,41.800,-30.658,39.498,-6.742,2.302,7.124,-0.597,1.140,1.287,
18:19:14.658,40.300,-37.400,41.800,-30.487,39.630,-6.913,2.170,7.246,-0.729,1.328,1.514,
18:19:14.674,40.316,-37.400,41.800,-30.099,39.926,-7.301,1.874,7.538,-0.808,1.444,1.655,
18:19:14.691,40.333,-37.400,41.800,-29.681,40.237,-7.719,1.563,7.875,-0.890,1.576,1.810,
18:19:14.698,40.340,-37.400,41.800,-29.506,40.366,-7.894,1.434,8.023,-0.980,1.743,1.999,
18:19:14.714,40.355,-35.200,39.600,-29.121,40.644,-6.079,-1.044,6.168,-1.311,1.588,2.059,
18:19:14.731,40.373,-35.200,39.600,-28.678,40.958,-6.522,-1.358,6.662,-1.574,1.506,2.179,
18:19:14.740,40.382,-35.200,39.600,-28.468,41.105,-6.732,-1.505,6.899,-1.808,1.443,2.313,
18:19:14.756,40.398,-35.200,39.600,-28.064,41.381,-7.136,-1.781,7.355,-1.943,1.453,2.426,
18:19:14.772,40.414,-33.000,41.800,-27.648,41.660,-5.352,0.140,5.354,-1.746,1.231,2.136,
18:19:14.781,40.423,-33.000,41.800,-27.417,41.813,-5.583,-0.013,5.583,-1.489,1.057,1.826,
18:19:14.801,40.442,-33.000,41.800,-26.914,42.139,-6.086,-0.339,6.096,-1.389,1.020,1.723,
18:19:14.809,40.451,-33.000,41.800,-26.691,42.280,-6.309,-0.480,6.327,-1.257,1.071,1.651,
18:19:14.829,40.471,-33.000,46.200,-26.175,42.601,-6.825,3.599,7.716,-0.708,1.140,1.342,
18:19:14.839,40.480,-33.000,46.200,-25.940,42.745,-7.060,3.455,7.860,-0.122,1.299,1.304,
18:19:14.859,40.500,-33.000,46.200,-25.404,43.065,-7.596,3.135,8.217,0.147,1.424,1.432,
18:19:14.867,40.508,-33.000,46.200,-25.204,43.183,-7.796,3.017,8.359,0.292,1.636,1.661,
18:19:14.883,40.525,-30.800,44.000,-24.766,43.436,-6.034,0.564,6.061,0.100,1.504,1.507,
18:19:14.892,40.533,-30.800,44.000,-24.541,43.563,-6.259,0.437,6.274,-0.252,1.389,1.412,
18:19:14.909,40.550,-30.800,44.000,-24.082,43.818,-6.718,0.182,6.720,-0.425,1.380,1.444,
18:19:14.917,40.559,-30.800,44.000,-23.858,43.941,-6.942,0.059,6.942,-0.699,1.424,1.586,
18:19:14.936,40.577,-30.800,44.000,-23.356,44.210,-7.444,-0.210,7.447,-0.839,1.494,1.713,
18:19:14.954,40.595,-30.800,46.200,-22.869,44.464,-7.931,1.736,8.119,-0.706,1.613,1.761,
18:19:14.971,40.613,-30.800,46.200,-22.383,44.710,-8.417,1.490,8.548,-0.627,1.760,1.869,
18:19:14.978,40.620,-30.800,46.200,-22.188,44.807,-8.612,1.393,8.724,-0.568,1.953,2.034,
18:19:14.995,40.636,-30.800,46.200,-21.743,45.025,-9.057,1.175,9.133,-0.555,2.077,2.150,
18:19:15.011,40.653,-26.400,46.200,-21.289,45.241,-5.111,0.959,5.200,-0.574,1.653,1.749,
18:19:15.018,40.660,-26.400,46.200,-21.092,45.334,-5.308,0.866,5.378,-0.633,1.173,1.333,
18:19:15.034,40.676,-26.400,46.200,-20.651,45.536,-5.749,0.664,5.787,-0.667,1.014,1.214,
18:19:15.051,40.693,-26.400,46.200,-20.170,45.751,-6.230,0.449,6.246,-0.716,0.970,1.206,
18:19:15.060,40.701,-26.400,46.200,-19.943,45.851,-6.457,0.349,6.466,-0.792,1.030,1.299,
18:19:15.075,40.717,-26.400,48.400,-19.505,46.039,-6.895,2.361,7.288,-0.568,1.099,1.237,
18:19:15.095,40.736,-26.400,48.400,-18.952,46.269,-7.448,2.131,7.747,-0.422,1.232,1.303,
18:19:15.114,40.756,-26.400,48.400,-18.400,46.491,-8.000,1.909,8.225,-0.342,1.426,1.466,
18:19:15.133,40.775,-22.000,50.600,-17.859,46.702,-4.141,3.898,5.687,-0.036,1.075,1.076,
18:19:15.141,40.782,-22.000,50.600,-17.646,46.783,-4.354,3.817,5.791,0.223,0.743,0.776,
18:19:15.158,40.800,-22.000,50.600,-17.134,46.972,-4.866,3.628,6.069,0.329,0.669,0.746,
18:19:15.177,40.818,-22.000,50.600,-16.607,47.161,-5.393,3.439,6.396,0.350,0.714,0.795,
18:19:15.195,40.837,-19.800,52.800,-16.069,47.348,-3.731,5.452,6.607,0.586,0.570,0.818,
18:19:15.212,40.854,-19.800,52.800,-15.580,47.511,-4.220,5.289,6.767,0.699,0.564,0.899,
18:19:15.221,40.863,-19.800,52.800,-15.314,47.597,-4.486,5.203,6.870,0.708,0.666,0.973,
18:19:15.237,40.879,-19.800,52.800,-14.848,47.745,-4.952,5.055,7.077,0.701,0.776,1.046,
18:19:15.247,40.889,-19.800,52.800,-14.573,47.829,-5.227,4.971,7.213,0.607,0.973,1.146,
18:19:15.265,40.906,-17.600,52.800,-14.051,47.985,-3.549,4.815,5.981,0.545,0.878,1.034,
18:19:15.285,40.927,-17.600,52.800,-13.451,48.157,-4.149,4.643,6.227,0.448,0.893,0.999,
18:19:15.303,40.945,-17.600,52.800,-12.910,48.305,-4.690,4.495,6.497,0.323,0.999,1.050,
18:19:15.313,40.955,-17.600,52.800,-12.625,48.380,-4.975,4.420,6.655,0.170,1.174,1.187,
18:19:15.330,40.972,-15.400,52.800,-12.127,48.507,-3.273,4.293,5.398,0.074,1.049,1.052,
18:19:15.338,40.980,-15.400,52.800,-11.893,48.565,-3.507,4.235,5.498,-0.035,0.963,0.964,
18:19:15.356,40.997,-15.400,52.800,-11.361,48.692,-4.039,4.108,5.761,-0.104,0.987,0.993,
18:19:15.374,41.015,-15.400,52.800,-10.825,48.814,-4.575,3.986,6.068,-0.164,1.089,1.101,
18:19:15.394,41.035,-11.000,55.000,-10.222,48.944,-0.778,6.056,6.106,0.061,0.705,0.707,
18:19:15.412,41.053,-11.000,55.000,-9.674,49.055,-1.326,5.945,6.091,0.228,0.499,0.549,
18:19:15.419,41.061,-11.000,55.000,-9.462,49.097,-1.538,5.903,6.101,0.389,0.399,0.558,
18:19:15.435,41.077,-11.000,55.000,-8.976,49.188,-2.024,5.812,6.155,0.447,0.403,0.602,
18:19:15.451,41.093,-8.800,55.000,-8.492,49.274,-0.308,5.726,5.735,0.467,0.224,0.518,
18:19:15.458,41.100,-8.800,55.000,-8.280,49.310,-0.520,5.690,5.714,0.440,0.149,0.465,
18:19:15.475,41.117,-8.800,55.000,-7.765,49.393,-1.035,5.607,5.701,0.429,0.163,0.459,
18:19:15.492,41.134,-8.800,55.000,-7.244,49.472,-1.556,5.528,5.742,0.397,0.288,0.490,
18:19:15.501,41.142,-8.800,55.000,-6.995,49.508,-1.805,5.492,5.781,0.328,0.545,0.636,
18:19:15.517,41.159,-6.600,55.000,-6.490,49.577,-0.110,5.423,5.424,0.292,0.457,0.542,
18:19:15.526,41.168,-6.600,55.000,-6.221,49.611,-0.379,5.389,5.402,0.235,0.446,0.504,
18:19:15.542,41.184,-6.600,55.000,-5.738,49.670,-0.862,5.330,5.400,0.201,0.502,0.540,
18:19:15.550,41.192,-6.600,55.000,-5.498,49.697,-1.102,5.303,5.416,0.155,0.649,0.667,
18:19:15.567,41.209,-6.600,55.000,-4.991,49.750,-1.609,5.250,5.491,0.131,0.778,0.788,
18:19:15.585,41.227,-2.200,57.200,-4.439,49.803,2.239,7.397,7.729,0.377,0.423,0.566,
18:19:15.601,41.243,-2.200,57.200,-3.944,49.844,1.744,7.356,7.560,0.571,0.213,0.609,
18:19:15.609,41.251,-2.200,57.200,-3.718,49.862,1.518,7.338,7.494,0.743,0.093,0.748,
18:19:15.625,41.266,-2.200,57.200,-3.243,49.895,1.043,7.305,7.379,0.822,0.092,0.827,
18:19:15.641,41.283,0.000,57.200,-2.750,49.924,2.750,7.276,7.778,0.859,-0.092,0.864,
18:19:15.648,41.290,0.000,57.200,-2.523,49.936,2.523,7.264,7.689,0.840,-0.179,0.859,
18:19:15.666,41.308,0.000,57.200,-1.969,49.961,1.969,7.239,7.502,0.843,-0.164,0.859,
18:19:15.682,41.324,0.000,57.200,-1.487,49.978,1.487,7.222,7.374,0.814,-0.034,0.815,
18:19:15.691,41.333,0.000,57.200,-1.218,49.985,1.218,7.215,7.317,0.752,0.199,0.778,
18:19:15.707,41.349,2.200,55.000,-0.722,49.995,2.922,5.005,5.796,0.453,0.109,0.466,
18:19:15.723,41.364,2.200,55.000,-0.252,49.999,2.452,5.001,5.569,0.205,0.116,0.236,
18:19:15.731,41.373,2.200,55.000,-0.009,50.000,2.209,5.000,5.466,-0.033,0.207,0.210,
18:19:15.748,41.389,2.200,55.000,0.512,49.997,1.688,5.003,5.280,-0.147,0.310,0.343,
18:19:15.756,41.397,2.200,55.000,0.747,49.994,1.453,5.006,5.212,-0.216,0.504,0.549,
18:19:15.771,41.413,4.400,55.000,1.217,49.985,3.183,5.015,5.940,-0.252,0.387,0.462,
18:19:15.779,41.421,4.400,55.000,1.459,49.979,2.941,5.021,5.819,-0.231,0.303,0.381,
18:19:15.794,41.436,4.400,55.000,1.920,49.963,2.480,5.037,5.614,-0.220,0.319,0.387,
18:19:15.812,41.453,4.400,55.000,2.454,49.940,1.946,5.060,5.422,-0.182,0.403,0.443,
18:19:15.820,41.461,4.400,55.000,2.697,49.927,1.703,5.073,5.351,-0.089,0.563,0.570,
18:19:15.836,41.477,6.600,55.000,3.188,49.898,3.412,5.102,6.138,-0.037,0.430,0.431,
18:19:15.854,41.495,6.600,55.000,3.738,49.860,2.862,5.140,5.883,0.025,0.392,0.392,
18:19:15.872,41.514,6.600,55.000,4.312,49.814,2.288,5.186,5.669,0.094,0.440,0.450,
18:19:15.883,41.525,6.600,55.000,4.649,49.783,1.951,5.217,5.569,0.169,0.553,0.578,
18:19:15.903,41.544,8.800,55.000,5.231,49.726,3.569,5.274,6.368,0.228,0.413,0.472,
18:19:15.910,41.552,8.800,55.000,5.468,49.700,3.332,5.300,6.260,0.288,0.304,0.419,
18:19:15.928,41.570,8.800,55.000,6.007,49.638,2.793,5.362,6.046,0.336,0.314,0.460,
18:19:15.947,41.589,8.800,55.000,6.591,49.564,2.209,5.436,5.868,0.382,0.402,0.554,
18:19:15.966,41.607,8.800,55.000,7.158,49.485,1.642,5.515,5.754,0.423,0.550,0.694,
18:19:15.983,41.624,8.800,55.000,7.663,49.409,1.137,5.591,5.705,0.459,0.728,0.860,
18:19:15.992,41.633,8.800,55.000,7.930,49.367,0.870,5.633,5.700,0.483,0.934,1.051,
18:19:16.008,41.650,8.800,55.000,8.430,49.284,0.370,5.716,5.728,0.514,1.089,1.204,
18:19:16.018,41.660,8.800,55.000,8.727,49.232,0.073,5.768,5.768,0.536,1.253,1.363,
18:19:16.035,41.677,8.800,52.800,9.240,49.139,-0.440,3.661,3.687,0.301,1.396,1.428,
18:19:16.056,41.698,8.800,52.800,9.877,49.015,-1.077,3.785,3.935,0.141,1.546,1.552,
18:19:16.077,41.718,8.800,52.800,10.499,48.885,-1.699,3.915,4.267,0.048,1.690,1.691,
18:19:16.094,41.736,11.000,57.200,11.024,48.769,-0.024,8.431,8.431,0.618,1.515,1.636,
18:19:16.113,41.754,11.000,57.200,11.581,48.640,-0.581,8.560,8.580,1.024,1.433,1.761,
18:19:16.122,41.763,11.000,57.200,11.841,48.578,-0.841,8.622,8.663,1.392,1.362,1.948,
18:19:16.139,41.781,11.000,57.200,12.366,48.447,-1.366,8.753,8.859,1.583,1.377,2.098,
18:19:16.151,41.792,11.000,52.800,12.697,48.361,-1.697,4.439,4.753,1.003,1.424,1.742,
18:19:16.168,41.809,11.000,52.800,13.206,48.224,-2.206,4.576,5.080,0.688,1.494,1.645,
18:19:16.176,41.818,11.000,52.800,13.460,48.154,-2.460,4.646,5.257,0.335,1.598,1.632,
18:19:16.195,41.836,11.000,52.800,13.999,48.000,-2.999,4.800,5.659,0.191,1.689,1.700,
18:19:16.212,41.853,13.200,55.000,14.497,47.852,-1.297,7.148,7.264,0.396,1.518,1.569,
18:19:16.220,41.862,13.200,55.000,14.737,47.779,-1.537,7.221,7.383,0.664,1.357,1.511,
18:19:16.237,41.879,13.200,55.000,15.238,47.622,-2.038,7.378,7.655,0.801,1.323,1.547,
18:19:16.254,41.896,13.200,55.000,15.744,47.457,-2.544,7.543,7.961,0.928,1.353,1.641,
18:19:16.274,41.916,13.200,55.000,16.327,47.259,-3.127,7.741,8.348,1.039,1.435,1.772,
18:19:16.292,41.934,13.200,55.000,16.842,47.078,-3.642,7.922,8.719,1.131,1.557,1.924,
18:19:16.301,41.942,13.200,55.000,17.080,46.992,-3.880,8.008,8.898,1.201,1.718,2.096,
18:19:16.316,41.958,13.200,55.000,17.523,46.829,-4.323,8.171,9.245,1.258,1.825,2.217,
18:19:16.334,41.975,15.400,52.800,18.027,46.637,-2.627,6.163,6.699,1.036,1.672,1.967,
18:19:16.354,41.996,15.400,52.800,18.619,46.404,-3.219,6.396,7.160,0.891,1.607,1.838,
18:19:16.374,42.016,15.400,52.800,19.187,46.172,-3.787,6.628,7.633,0.809,1.616,1.807,
18:19:16.395,42.037,15.400,52.800,19.784,45.919,-4.384,6.881,8.159,0.790,1.683,1.859,
18:19:16.414,42.055,15.400,52.800,20.305,45.692,-4.905,7.108,8.636,0.818,1.787,1.966,
18:19:16.432,42.074,15.400,52.800,20.827,45.456,-5.427,7.344,9.131,0.874,1.908,2.098,
18:19:16.440,42.081,15.400,52.800,21.028,45.363,-5.628,7.437,9.326,0.975,2.069,2.287,
18:19:16.455,42.097,17.600,50.600,21.456,45.162,-3.856,5.438,6.666,0.753,1.884,2.029,
18:19:16.472,42.114,17.600,50.600,21.929,44.934,-4.329,5.666,7.130,0.622,1.784,1.889,
18:19:16.479,42.121,17.600,50.600,22.124,44.839,-4.524,5.761,7.325,0.527,1.715,1.795,
18:19:16.494,42.136,17.600,50.600,22.540,44.631,-4.940,5.969,7.748,0.502,1.709,1.781,
18:19:16.512,42.153,17.600,50.600,23.007,44.392,-5.407,6.208,8.233,0.532,1.756,1.835,
18:19:16.519,42.161,17.600,50.600,23.205,44.289,-5.605,6.311,8.440,0.636,1.872,1.978,
18:19:16.536,42.178,17.600,50.600,23.670,44.043,-6.070,6.557,8.935,0.702,1.948,2.071,
18:19:16.554,42.196,17.600,50.600,24.161,43.775,-6.561,6.825,9.467,0.800,2.057,2.207,
18:19:16.572,42.214,24.200,48.400,24.639,43.508,-0.439,4.892,4.912,0.635,1.334,1.478,
18:19:16.579,42.221,24.200,48.400,24.834,43.397,-0.634,5.003,5.043,0.478,0.568,0.742,
18:19:16.596,42.238,24.200,48.400,25.283,43.137,-1.083,5.263,5.374,0.447,0.284,0.529,
18:19:16.614,42.256,24.200,48.400,25.759,42.854,-1.559,5.546,5.761,0.477,0.175,0.508,
18:19:16.634,42.276,24.200,48.400,26.280,42.537,-2.080,5.863,6.221,0.557,0.216,0.597,
18:19:16.652,42.294,24.200,48.400,26.748,42.244,-2.548,6.156,6.663,0.673,0.379,0.773,
18:19:16.661,42.302,24.200,48.400,26.964,42.106,-2.764,6.294,6.874,0.827,0.690,1.077,
18:19:16.677,42.318,24.200,48.400,27.378,41.838,-3.178,6.562,7.291,0.934,0.866,1.274,
18:19:16.693,42.334,28.600,46.200,27.786,41.569,0.814,4.631,4.702,0.765,0.506,0.917,
18:19:16.702,42.343,28.600,46.200,28.008,41.419,0.592,4.781,4.817,0.612,0.224,0.652,
18:19:16.717,42.359,28.600,46.200,28.398,41.153,0.202,5.047,5.051,0.575,0.131,0.590,
18:19:16.734,42.376,28.600,46.200,28.833,40.849,-0.233,5.351,5.356,0.596,0.153,0.616,
18:19:16.755,42.397,28.600,46.200,29.358,40.473,-0.758,5.727,5.777,0.671,0.271,0.723,
18:19:16.774,42.416,28.600,46.200,29.829,40.128,-1.229,6.072,6.196,0.786,0.471,0.916,
18:19:16.793,42.434,28.600,46.200,30.284,39.785,-1.684,6.415,6.632,0.919,0.698,1.154,
18:19:16.813,42.454,33.000,44.000,30.768,39.413,2.232,4.587,5.102,0.776,0.363,0.856,
18:19:16.821,42.462,33.000,44.000,30.954,39.266,2.046,4.734,5.157,0.633,0.042,0.635,
18:19:16.838,42.480,33.000,44.000,31.383,38.925,1.617,5.075,5.327,0.625,-0.026,0.626,
18:19:16.847,42.489,33.000,44.000,31.593,38.754,1.407,5.246,5.432,0.663,0.005,0.663,
18:19:16.863,42.505,33.000,44.000,31.969,38.444,1.031,5.556,5.651,0.725,0.074,0.728,
18:19:16.883,42.525,35.200,41.800,32.434,38.053,2.766,3.747,4.657,0.564,-0.056,0.567,
18:19:16.903,42.544,35.200,41.800,32.892,37.658,2.308,4.142,4.742,0.499,-0.065,0.504,
18:19:16.911,42.553,35.200,41.800,33.078,37.494,2.122,4.306,4.800,0.501,0.039,0.503,
18:19:16.930,42.571,35.200,41.800,33.506,37.113,1.694,4.687,4.984,0.545,0.132,0.561,
18:19:16.939,42.580,37.400,39.600,33.705,36.932,3.695,2.668,4.558,0.257,-0.084,0.270,
18:19:16.957,42.599,37.400,39.600,34.124,36.546,3.276,3.054,4.479,0.175,-0.126,0.216,
18:19:16.975,42.617,37.400,39.600,34.530,36.162,2.870,3.438,4.479,0.189,-0.076,0.204,
18:19:16.997,42.639,41.800,37.400,35.012,35.695,6.788,1.705,6.999,0.017,-0.492,0.492,
18:19:17.014,42.656,41.800,37.400,35.395,35.316,6.405,2.084,6.736,-0.027,-0.722,0.723,
18:19:17.036,42.678,41.800,37.400,35.862,34.841,5.938,2.559,6.466,0.033,-0.775,0.775,
18:19:17.052,42.694,41.800,37.400,36.212,34.478,5.588,2.922,6.306,0.176,-0.686,0.708,
18:19:17.062,42.704,41.800,37.400,36.402,34.277,5.398,3.123,6.236,0.374,-0.496,0.621,
18:19:17.081,42.722,41.800,37.400,36.794,33.856,5.006,3.544,6.134,0.521,-0.366,0.637,
18:19:17.089,42.731,41.800,37.400,36.969,33.665,4.831,3.735,6.107,0.728,-0.124,0.738,
18:19:17.105,42.747,41.800,37.400,37.298,33.299,4.502,4.101,6.089,0.879,0.035,0.880,
18:19:17.121,42.763,46.200,35.200,37.627,32.928,8.573,2.272,8.869,0.756,-0.353,0.835,
18:19:17.129,42.771,46.200,35.200,37.778,32.754,8.422,2.446,8.770,0.624,-0.743,0.970,
18:19:17.145,42.787,46.200,35.200,38.098,32.381,8.102,2.819,8.578,0.621,-0.871,1.069,
18:19:17.162,42.803,46.200,35.200,38.428,31.989,7.772,3.211,8.409,0.670,-0.892,1.115,
18:19:17.171,42.812,46.200,35.200,38.605,31.775,7.595,3.425,8.332,0.756,-0.811,1.109,
18:19:17.189,42.830,44.000,33.000,38.954,31.346,5.046,1.654,5.310,0.595,-0.469,0.757,
18:19:17.198,42.839,44.000,33.000,39.122,31.136,4.878,1.864,5.222,0.448,-0.008,0.448,
18:19:17.213,42.855,44.000,33.000,39.413,30.767,4.587,2.233,5.101,0.422,0.267,0.499,
18:19:17.221,42.863,44.000,33.000,39.557,30.582,4.443,2.418,5.059,0.455,0.568,0.727,
18:19:17.236,42.878,44.000,33.000,39.845,30.206,4.155,2.794,5.007,0.514,0.753,0.911,
18:19:17.255,42.897,46.200,30.800,40.187,29.749,6.013,1.051,6.104,0.363,0.646,0.741,
18:19:17.273,42.915,46.200,30.800,40.523,29.289,5.677,1.511,5.874,0.313,0.561,0.642,
18:19:17.282,42.924,46.200,30.800,40.680,29.072,5.520,1.728,5.785,0.340,0.455,0.568,
18:19:17.300,42.941,46.200,30.800,40.989,28.634,5.211,2.166,5.643,0.403,0.439,0.596,
18:19:17.308,42.950,46.200,30.800,41.133,28.426,5.067,2.374,5.595,0.545,0.427,0.693,
18:19:17.325,42.967,46.200,30.800,41.433,27.987,4.767,2.813,5.535,0.660,0.449,0.798,
18:19:17.342,42.984,46.200,30.800,41.724,27.551,4.476,3.249,5.530,0.813,0.487,0.948,
18:19:17.352,42.993,46.200,30.800,41.876,27.320,4.324,3.480,5.550,1.003,0.539,1.138,
18:19:17.367,43.009,46.200,30.800,42.137,26.917,4.063,3.883,5.621,1.149,0.586,1.290,
18:19:17.383,43.025,46.200,28.600,42.399,26.502,3.801,2.098,4.342,1.017,0.639,1.201,
18:19:17.391,43.033,46.200,28.600,42.525,26.299,3.675,2.301,4.336,0.876,0.700,1.121,
18:19:17.408,43.050,46.200,28.600,42.798,25.852,3.402,2.748,4.373,0.869,0.746,1.146,
18:19:17.417,43.058,46.200,28.600,42.929,25.634,3.271,2.966,4.415,0.892,0.797,1.196,
18:19:17.433,43.074,46.200,28.600,43.179,25.211,3.021,3.389,4.540,0.951,0.838,1.268,
18:19:17.450,43.092,48.400,28.600,43.444,24.752,4.956,3.848,6.275,1.050,0.608,1.213,
18:19:17.457,43.099,48.400,28.600,43.554,24.557,4.846,4.043,6.311,1.190,0.337,1.237,
18:19:17.474,43.116,48.400,28.600,43.802,24.113,4.598,4.487,6.425,1.300,0.234,1.321,
18:19:17.491,43.133,48.400,28.600,44.051,23.654,4.349,4.946,6.586,1.427,0.186,1.439,
18:19:17.499,43.141,48.400,28.600,44.167,23.437,4.233,5.163,6.677,1.569,0.189,1.580,
18:19:17.515,43.157,48.400,28.600,44.391,23.009,4.009,5.591,6.879,1.683,0.198,1.694,
18:19:17.534,43.176,48.400,28.600,44.653,22.497,3.747,6.103,7.162,1.805,0.237,1.820,
18:19:17.554,43.195,48.400,28.600,44.924,21.952,3.476,6.648,7.502,1.930,0.302,1.954,
18:19:17.576,43.218,48.400,28.600,45.223,21.328,3.177,7.272,7.936,2.059,0.382,2.094,
18:19:17.594,43.236,48.400,28.600,45.461,20.815,2.939,7.785,8.321,2.172,0.469,2.222,
18:19:17.617,43.258,48.400,28.600,45.743,20.189,2.657,8.411,8.821,2.287,0.547,2.352,
18:19:17.636,43.277,48.400,26.400,45.976,19.652,2.424,6.748,7.170,2.093,0.618,2.182,
18:19:17.654,43.296,48.400,26.400,46.192,19.138,2.208,7.262,7.590,1.989,0.677,2.101,
18:19:17.672,43.314,48.400,26.400,46.402,18.624,1.998,7.776,8.028,1.961,0.726,2.092,
18:19:17.681,43.323,48.400,26.400,46.501,18.375,1.899,8.025,8.247,1.971,0.766,2.114,
18:19:17.697,43.339,48.400,24.200,46.680,17.915,1.720,6.285,6.516,1.730,0.796,1.904,
18:19:17.712,43.354,48.400,24.200,46.846,17.476,1.554,6.724,6.901,1.592,0.821,1.792,
18:19:17.720,43.362,48.400,24.200,46.929,17.252,1.471,6.948,7.102,1.523,0.839,1.739,
18:19:17.735,43.377,48.400,24.200,47.089,16.811,1.311,7.389,7.504,1.518,0.855,1.742,
18:19:17.751,43.393,50.600,22.000,47.247,16.363,3.353,5.637,6.559,1.299,0.587,1.425,
18:19:17.759,43.400,50.600,22.000,47.322,16.143,3.278,5.857,6.712,1.149,0.295,1.186,
18:19:17.775,43.416,50.600,22.000,47.478,15.680,3.122,6.320,7.049,1.111,0.167,1.123,
18:19:17.790,43.432,50.600,22.000,47.628,15.216,2.972,6.784,7.406,1.166,0.093,1.170,
18:19:17.798,43.439,50.600,22.000,47.693,15.011,2.907,6.989,7.569,1.345,0.073,1.347,
18:19:17.814,43.456,50.600,22.000,47.846,14.516,2.754,7.484,7.974,1.451,0.059,1.452,
18:19:17.831,43.473,50.600,22.000,47.995,14.018,2.605,7.982,8.396,1.612,0.084,1.615,
18:19:17.841,43.482,50.600,22.000,48.072,13.751,2.528,8.249,8.628,1.838,0.159,1.845,
18:19:17.857,43.499,50.600,22.000,48.211,13.255,2.389,8.745,9.065,2.000,0.202,2.011,
18:19:17.876,43.518,52.800,19.800,48.364,12.687,4.436,7.113,8.383,1.913,-0.009,1.913,
18:19:17.897,43.538,52.800,19.800,48.518,12.084,4.282,7.716,8.825,1.904,-0.142,1.909,
18:19:17.913,43.555,52.800,19.800,48.639,11.585,4.161,8.215,9.209,1.951,-0.203,1.961,
18:19:17.932,43.573,52.800,15.400,48.767,11.036,4.033,4.364,5.942,1.470,-0.214,1.486,
18:19:17.941,43.582,52.800,15.400,48.824,10.779,3.976,4.621,6.096,1.042,-0.160,1.054,
18:19:17.958,43.600,52.800,15.400,48.936,10.259,3.864,5.141,6.431,0.897,-0.136,0.907,
18:19:17.967,43.609,52.800,15.400,48.994,9.981,3.806,5.419,6.622,0.876,-0.065,0.879,
18:19:17.982,43.624,52.800,15.400,49.085,9.523,3.715,5.877,6.953,0.913,-0.021,0.913,
18:19:18.002,43.643,52.800,13.200,49.193,8.944,3.607,4.256,5.578,0.771,0.026,0.771,
18:19:18.011,43.653,52.800,13.200,49.243,8.667,3.557,4.533,5.762,0.752,0.102,0.759,
18:19:18.027,43.669,52.800,13.200,49.326,8.179,3.474,5.021,6.105,0.796,0.146,0.809,
18:19:18.045,43.687,52.800,13.200,49.413,7.638,3.387,5.562,6.512,0.928,0.185,0.946,
18:19:18.062,43.703,57.200,11.000,49.489,7.128,7.711,3.872,8.628,0.841,-0.360,0.914,
18:19:18.070,43.711,57.200,11.000,49.523,6.887,7.677,4.113,8.709,0.843,-0.912,1.242,
18:19:18.086,43.727,57.200,11.000,49.588,6.402,7.612,4.598,8.893,0.899,-1.154,1.463,
18:19:18.104,43.745,57.200,11.000,49.656,5.858,7.544,5.142,9.130,1.031,-1.290,1.651,
18:19:18.122,43.763,55.000,6.600,49.717,5.309,5.283,1.291,5.438,0.661,-1.051,1.241,
18:19:18.130,43.772,55.000,6.600,49.744,5.056,5.256,1.544,5.478,0.353,-0.687,0.772,
18:19:18.146,43.788,55.000,6.600,49.792,4.551,5.208,2.049,5.596,0.275,-0.523,0.592,
18:19:18.164,43.805,55.000,6.600,49.838,4.027,5.162,2.573,5.768,0.326,-0.377,0.499,
18:19:18.181,43.823,55.000,2.200,49.879,3.482,5.121,-1.282,5.279,-0.086,-0.257,0.271,
18:19:18.190,43.831,55.000,2.200,49.896,3.229,5.104,-1.029,5.207,-0.384,-0.137,0.408,
18:19:18.205,43.847,55.000,2.200,49.924,2.758,5.076,-0.558,5.107,-0.461,-0.071,0.467,
18:19:18.221,43.863,55.000,2.200,49.949,2.261,5.051,-0.061,5.052,-0.395,-0.028,0.396,
18:19:18.230,43.872,55.000,2.200,49.960,2.001,5.040,0.199,5.044,-0.166,-0.010,0.166,
18:19:18.246,43.888,57.200,0.000,49.978,1.498,7.222,-1.498,7.376,-0.257,-0.261,0.366,
18:19:18.264,43.905,57.200,0.000,49.991,0.963,7.209,-0.963,7.273,-0.216,-0.467,0.514,
18:19:18.282,43.924,57.200,0.000,49.998,0.390,7.202,-0.390,7.212,-0.065,-0.617,0.621,
18:19:18.292,43.933,57.200,0.000,50.000,0.122,7.200,-0.122,7.201,0.214,-0.736,0.766,
18:19:18.308,43.950,55.000,-0.000,49.998,-0.388,5.002,0.388,5.017,0.418,-0.528,0.673,
18:19:18.318,43.960,55.000,-0.000,49.995,-0.687,5.005,0.687,5.052,0.686,-0.289,0.744,
18:19:18.334,43.976,55.000,-0.000,49.986,-1.185,5.014,1.185,5.152,0.902,-0.167,0.917,
18:19:18.354,43.996,55.000,-0.000,49.968,-1.799,5.032,1.799,5.344,1.132,-0.086,1.135,
18:19:18.372,44.014,52.800,-6.600,49.945,-2.347,2.855,-4.253,5.122,0.501,0.247,0.559,
18:19:18.380,44.022,52.800,-6.600,49.933,-2.592,2.867,-4.008,4.928,-0.153,0.559,0.579,
18:19:18.397,44.039,52.800,-6.600,49.902,-3.121,2.898,-3.479,4.527,-0.356,0.690,0.777,
18:19:18.406,44.048,52.800,-6.600,49.886,-3.377,2.914,-3.223,4.345,-0.452,0.747,0.873,
18:19:18.423,44.065,52.800,-6.600,49.848,-3.897,2.952,-2.703,4.002,-0.435,0.769,0.883,
18:19:18.441,44.082,55.000,-6.600,49.802,-4.441,5.198,-2.159,5.628,-0.305,0.461,0.553,
18:19:18.449,44.090,55.000,-6.600,49.780,-4.681,5.220,-1.919,5.561,-0.027,0.041,0.049,
18:19:18.465,44.107,55.000,-6.600,49.731,-5.182,5.269,-1.418,5.457,0.160,-0.159,0.226,
18:19:18.481,44.123,55.000,-6.600,49.676,-5.682,5.324,-0.918,5.402,0.391,-0.328,0.510,
18:19:18.491,44.133,55.000,-6.600,49.642,-5.973,5.358,-0.627,5.395,0.673,-0.471,0.821,
18:19:18.507,44.149,55.000,-8.800,49.583,-6.447,5.417,-2.353,5.906,0.614,-0.566,0.835,
18:19:18.526,44.168,55.000,-8.800,49.503,-7.032,5.497,-1.768,5.774,0.635,-0.636,0.898,
18:19:18.543,44.184,55.000,-8.800,49.428,-7.542,5.572,-1.258,5.712,0.711,-0.672,0.978,
18:19:18.553,44.195,55.000,-8.800,49.380,-7.847,5.620,-0.953,5.700,0.820,-0.672,1.060,
18:19:18.572,44.213,52.800,-13.200,49.288,-8.406,3.512,-4.794,5.943,0.416,-0.429,0.598,
18:19:18.581,44.222,52.800,-13.200,49.243,-8.668,3.557,-4.532,5.761,0.010,-0.128,0.128,
18:19:18.597,44.238,52.800,-13.200,49.155,-9.154,3.645,-4.046,5.446,-0.128,-0.000,0.128,
18:19:18.616,44.257,52.800,-13.200,49.044,-9.730,3.756,-3.470,5.114,-0.138,0.069,0.154,
18:19:18.634,44.275,55.000,-13.200,48.936,-10.261,6.064,-2.939,6.739,-0.037,-0.196,0.199,
18:19:18.654,44.296,55.000,-13.200,48.800,-10.887,6.200,-2.313,6.617,0.131,-0.409,0.429,
18:19:18.674,44.315,55.000,-13.200,48.666,-11.472,6.334,-1.728,6.565,0.352,-0.582,0.680,
18:19:18.698,44.340,55.000,-13.200,48.486,-12.211,6.514,-0.989,6.589,0.591,-0.715,0.928,
18:19:18.715,44.356,55.000,-13.200,48.362,-12.694,6.638,-0.506,6.657,0.840,-0.803,1.162,
18:19:18.732,44.374,55.000,-13.200,48.223,-13.211,6.777,0.011,6.777,1.056,-0.868,1.367,
18:19:18.740,44.381,55.000,-13.200,48.163,-13.430,6.837,0.230,6.841,1.265,-0.892,1.548,
18:19:18.756,44.397,55.000,-15.400,48.027,-13.906,6.973,-1.494,7.131,1.151,-0.933,1.481,
18:19:18.772,44.414,55.000,-15.400,47.883,-14.394,7.117,-1.006,7.187,1.090,-0.964,1.455,
18:19:18.782,44.423,55.000,-15.400,47.800,-14.668,7.200,-0.732,7.237,1.039,-0.970,1.421,
18:19:18.801,44.443,55.000,-15.400,47.620,-15.242,7.380,-0.158,7.381,1.076,-1.001,1.469,
18:19:18.810,44.452,52.800,-17.600,47.537,-15.500,5.263,-2.100,5.667,0.729,-0.599,0.944,
18:19:18.827,44.469,52.800,-17.600,47.370,-16.002,5.430,-1.598,5.660,0.622,-0.437,0.761,
18:19:18.843,44.485,52.800,-17.600,47.214,-16.457,5.586,-1.143,5.702,0.595,-0.330,0.681,
18:19:18.861,44.502,52.800,-17.600,47.034,-16.966,5.766,-0.634,5.801,0.642,-0.289,0.704,
18:19:18.870,44.512,55.000,-15.400,46.938,-17.228,8.062,1.828,8.266,1.158,-0.699,1.353,
18:19:18.888,44.529,55.000,-15.400,46.746,-17.744,8.254,2.344,8.581,1.447,-0.911,1.710,
18:19:18.904,44.546,55.000,-15.400,46.568,-18.205,8.432,2.805,8.886,1.718,-1.104,2.042,
18:19:18.922,44.564,55.000,-15.400,46.356,-18.739,8.644,3.339,9.267,1.943,-1.257,2.314,
18:19:18.940,44.581,52.800,-15.400,46.156,-19.225,6.644,3.825,7.666,2.126,-1.084,2.386,
18:19:18.948,44.590,52.800,-15.400,46.059,-19.457,6.741,4.057,7.868,2.264,-0.883,2.430,
18:19:18.965,44.607,52.800,-15.400,45.847,-19.951,6.953,4.551,8.310,2.379,-0.827,2.519,
18:19:18.983,44.625,52.800,-15.400,45.627,-20.449,7.173,5.049,8.772,2.470,-0.810,2.599,
18:19:18.992,44.633,52.800,-15.400,45.523,-20.680,7.277,5.280,8.991,2.509,-0.812,2.637,
18:19:19.008,44.650,52.800,-17.600,45.307,-21.148,7.493,3.548,8.290,2.301,-0.839,2.449,
18:19:19.017,44.658,52.800,-17.600,45.201,-21.375,7.599,3.775,8.486,2.034,-0.892,2.221,
18:19:19.033,44.675,52.800,-17.600,44.981,-21.833,7.819,4.233,8.891,1.941,-0.943,2.158,
18:19:19.050,44.692,52.800,-17.600,44.751,-22.301,8.049,4.701,9.321,1.900,-1.012,2.153,
18:19:19.058,44.699,52.800,-17.600,44.653,-22.497,8.147,4.897,9.506,1.892,-1.106,2.192,
18:19:19.073,44.715,50.600,-17.600,44.438,-22.918,6.162,5.318,8.140,1.908,-0.902,2.111,
18:19:19.090,44.731,50.600,-17.600,44.200,-23.374,6.400,5.774,8.620,1.962,-0.772,2.108,
18:19:19.097,44.739,50.600,-17.600,44.100,-23.563,6.500,5.963,8.821,2.074,-0.656,2.175,
18:19:19.114,44.756,50.600,-17.600,43.852,-24.022,6.748,6.422,9.316,2.141,-0.631,2.232,
18:19:19.131,44.772,50.600,-17.600,43.604,-24.467,6.996,6.867,9.803,2.233,-0.660,2.328,
18:19:19.139,44.781,50.600,-17.600,43.479,-24.690,7.121,7.090,10.049,2.355,-0.743,2.469,
18:19:19.155,44.796,50.600,-17.600,43.240,-25.106,7.360,7.506,10.512,2.438,-0.810,2.569,
18:19:19.171,44.813,50.600,-17.600,42.986,-25.539,7.614,7.939,11.000,2.528,-0.903,2.685,
18:19:19.178,44.820,50.600,-17.600,42.875,-25.723,7.725,8.123,11.210,2.641,-1.042,2.839,
18:19:19.195,44.837,50.600,-22.000,42.604,-26.171,7.996,4.171,9.019,2.200,-1.131,2.474,
18:19:19.212,44.853,50.600,-22.000,42.341,-26.594,8.259,4.594,9.451,1.859,-1.233,2.231,
18:19:19.219,44.861,50.600,-22.000,42.213,-26.797,8.387,4.797,9.662,1.564,-1.349,2.065,
18:19:19.236,44.878,50.600,-22.000,41.932,-27.234,8.668,5.234,10.125,1.443,-1.436,2.036,
18:19:19.253,44.895,50.600,-24.200,41.651,-27.662,8.949,3.462,9.595,1.149,-1.526,1.910,
18:19:19.271,44.913,50.600,-24.200,41.343,-28.120,9.257,3.920,10.053,1.012,-1.615,1.906,
18:19:19.279,44.921,50.600,-24.200,41.207,-28.320,9.393,4.120,10.257,1.023,-1.692,1.977,
18:19:19.295,44.937,50.600,-24.200,40.929,-28.719,9.671,4.519,10.675,1.039,-1.761,2.044,
18:19:19.312,44.954,48.400,-26.400,40.625,-29.148,7.775,2.748,8.246,0.861,-1.555,1.778,
18:19:19.321,44.963,48.400,-26.400,40.465,-29.370,7.935,2.970,8.473,0.805,-1.336,1.559,
18:19:19.337,44.979,48.400,-26.400,40.165,-29.779,8.235,3.379,8.902,0.807,-1.259,1.496,
18:19:19.346,44.988,48.400,-26.400,40.011,-29.985,8.389,3.585,9.123,0.941,-1.213,1.536,
18:19:19.363,45.004,48.400,-26.400,39.703,-30.391,8.697,3.991,9.569,1.035,-1.220,1.600,
18:19:19.380,45.022,46.200,-30.800,39.373,-30.818,6.827,0.018,6.827,0.647,-1.002,1.193,
18:19:19.389,45.030,46.200,-30.800,39.214,-31.020,6.986,0.220,6.989,0.328,-0.821,0.884,
18:19:19.405,45.047,46.200,-30.800,38.900,-31.413,7.300,0.613,7.326,0.214,-0.765,0.795,
18:19:19.422,45.063,46.200,-30.800,38.574,-31.813,7.626,1.013,7.693,0.227,-0.790,0.822,
18:19:19.430,45.072,46.200,-30.800,38.419,-32.000,7.781,1.200,7.873,0.391,-0.903,0.984,
18:19:19.448,45.090,44.000,-35.200,38.059,-32.427,5.941,-2.773,6.556,-0.017,-0.729,0.729,
18:19:19.456,45.098,44.000,-35.200,37.893,-32.621,6.107,-2.579,6.629,-0.343,-0.609,0.699,
18:19:19.472,45.114,44.000,-35.200,37.570,-32.992,6.430,-2.208,6.798,-0.464,-0.586,0.747,
18:19:19.480,45.122,44.000,-35.200,37.421,-33.161,6.579,-2.039,6.888,-0.416,-0.657,0.778,
18:19:19.495,45.137,44.000,-35.200,37.103,-33.516,6.897,-1.684,7.099,-0.367,-0.719,0.807,
18:19:19.512,45.154,41.800,-37.400,36.759,-33.893,5.041,-3.507,6.140,-0.493,-0.565,0.750,
18:19:19.521,45.163,41.800,-37.400,36.575,-34.092,5.225,-3.308,6.184,-0.487,-0.476,0.681,
18:19:19.536,45.178,41.800,-37.400,36.254,-34.433,5.546,-2.967,6.290,-0.434,-0.473,0.643,
18:19:19.553,45.194,41.800,-37.400,35.912,-34.790,5.888,-2.610,6.441,-0.300,-0.543,0.620,
18:19:19.561,45.203,41.800,-37.400,35.739,-34.968,6.061,-2.432,6.531,-0.044,-0.698,0.699,
18:19:19.576,45.218,37.400,-44.000,35.405,-35.306,1.995,-8.694,8.920,-0.683,-0.275,0.736,
18:19:19.593,45.235,37.400,-44.000,35.040,-35.668,2.360,-8.332,8.660,-1.100,-0.014,1.101,
18:19:19.601,45.243,37.400,-44.000,34.873,-35.831,2.527,-8.169,8.551,-1.403,0.158,1.412,
18:19:19.617,45.259,37.400,-44.000,34.510,-36.181,2.890,-7.819,8.336,-1.503,0.198,1.516,
18:19:19.633,45.274,35.200,-44.000,34.169,-36.503,1.031,-7.497,7.567,-1.449,0.411,1.506,
18:19:19.653,45.295,35.200,-44.000,33.711,-36.927,1.489,-7.073,7.228,-1.308,0.465,1.388,
18:19:19.671,45.313,35.200,-44.000,33.291,-37.305,1.909,-6.695,6.962,-1.062,0.377,1.127,
18:19:19.679,45.321,35.200,-44.000,33.109,-37.467,2.091,-6.533,6.859,-0.678,0.143,0.693,
18:19:19.695,45.337,35.200,-44.000,32.740,-37.790,2.460,-6.210,6.679,-0.454,-0.009,0.454,
18:19:19.711,45.353,35.200,-44.000,32.363,-38.113,2.837,-5.887,6.535,-0.223,-0.206,0.303,
18:19:19.721,45.362,35.200,-44.000,32.149,-38.294,3.051,-5.706,6.470,0.032,-0.462,0.463,
18:19:19.736,45.378,35.200,-44.000,31.782,-38.599,3.418,-5.401,6.391,0.220,-0.654,0.690,
18:19:19.754,45.395,30.800,-46.200,31.370,-38.935,-0.570,-7.265,7.287,0.119,-0.307,0.329,
18:19:19.772,45.414,30.800,-46.200,30.927,-39.288,-0.127,-6.912,6.913,0.070,-0.102,0.124,
18:19:19.780,45.422,30.800,-46.200,30.736,-39.437,0.064,-6.763,6.763,0.012,0.053,0.055,
18:19:19.797,45.439,30.800,-46.200,30.325,-39.754,0.475,-6.446,6.463,0.038,0.065,0.076,
18:19:19.806,45.447,30.800,-46.200,30.116,-39.913,0.684,-6.287,6.324,0.081,-0.011,0.082,
18:19:19.822,45.463,28.600,-48.400,29.716,-40.211,-1.116,-8.189,8.264,-0.123,0.163,0.205,
18:19:19.830,45.471,28.600,-48.400,29.526,-40.351,-0.926,-8.049,8.102,-0.340,0.282,0.441,
18:19:19.847,45.489,28.600,-48.400,29.085,-40.670,-0.485,-7.730,7.745,-0.401,0.283,0.491,
18:19:19.863,45.504,28.600,-48.400,28.702,-40.941,-0.102,-7.459,7.459,-0.400,0.190,0.442,
18:19:19.871,45.512,28.600,-48.400,28.505,-41.079,0.095,-7.321,7.322,-0.340,0.007,0.340,
18:19:19.886,45.528,28.600,-50.600,28.113,-41.348,0.487,-9.252,9.265,-0.551,-0.131,0.567,
18:19:19.902,45.544,28.600,-50.600,27.710,-41.619,0.890,-8.981,9.025,-0.671,-0.307,0.738,
18:19:19.911,45.552,28.600,-50.600,27.490,-41.765,1.110,-8.835,8.905,-0.720,-0.528,0.892,
18:19:19.926,45.568,28.600,-50.600,27.085,-42.028,1.515,-8.572,8.704,-0.716,-0.697,0.999,
18:19:19.943,45.584,26.400,-50.600,26.665,-42.296,-0.265,-8.304,8.308,-0.654,-0.594,0.884,
18:19:19.952,45.594,26.400,-50.600,26.430,-42.443,-0.030,-8.157,8.157,-0.524,-0.501,0.725,
18:19:19.970,45.611,26.400,-50.600,25.973,-42.725,0.427,-7.875,7.887,-0.430,-0.518,0.673,
18:19:19.978,45.620,26.400,-50.600,25.757,-42.856,0.643,-7.744,7.771,-0.274,-0.562,0.625,
18:19:19.993,45.635,26.400,-50.600,25.347,-43.099,1.053,-7.501,7.574,-0.169,-0.637,0.659,
18:19:20.011,45.653,26.400,-50.600,24.892,-43.364,1.508,-7.236,7.392,-0.061,-0.746,0.748,
18:19:20.020,45.662,26.400,-50.600,24.652,-43.501,1.748,-7.099,7.312,0.062,-0.880,0.883,
18:19:20.036,45.677,26.400,-50.600,24.235,-43.734,2.165,-6.866,7.199,0.153,-1.001,1.013,
18:19:20.054,45.695,26.400,-50.600,23.748,-44.000,2.652,-6.600,7.113,0.235,-1.134,1.159,
18:19:20.072,45.713,26.400,-52.800,23.260,-44.260,3.140,-8.540,9.099,0.027,-1.274,1.274,
18:19:20.080,45.721,26.400,-52.800,23.039,-44.376,3.361,-8.424,9.070,-0.208,-1.408,1.423,
18:19:20.095,45.737,26.400,-52.800,22.616,-44.593,3.784,-8.207,9.038,-0.291,-1.521,1.549,
18:19:20.112,45.754,26.400,-52.800,22.143,-44.829,4.257,-7.971,9.036,-0.326,-1.634,1.666,
18:19:20.121,45.762,26.400,-52.800,21.922,-44.938,4.478,-7.862,9.048,-0.324,-1.728,1.758,
18:19:20.136,45.778,24.200,-50.600,21.503,-45.140,2.697,-5.460,6.090,-0.033,-1.545,1.545,
18:19:20.154,45.796,24.200,-50.600,21.001,-45.376,3.199,-5.224,6.126,0.206,-1.440,1.454,
18:19:20.171,45.813,24.200,-50.600,20.513,-45.599,3.687,-5.001,6.214,0.403,-1.393,1.450,
18:19:20.179,45.821,24.200,-50.600,20.292,-45.697,3.908,-4.903,6.270,0.582,-1.370,1.488,
18:19:20.195,45.836,24.200,-52.800,19.861,-45.886,4.339,-6.914,8.163,0.408,-1.395,1.453,
18:19:20.212,45.853,24.200,-52.800,19.378,-46.092,4.822,-6.708,8.261,0.273,-1.460,1.486,
18:19:20.220,45.862,24.200,-52.800,19.145,-46.189,5.055,-6.611,8.322,0.111,-1.565,1.569,
18:19:20.237,45.879,24.200,-52.800,18.668,-46.384,5.532,-6.416,8.471,0.049,-1.653,1.654,
18:19:20.246,45.887,24.200,-52.800,18.420,-46.483,5.780,-6.317,8.562,-0.003,-1.770,1.770,
18:19:20.261,45.903,22.000,-50.600,17.974,-46.657,4.026,-3.943,5.635,0.249,-1.598,1.617,
18:19:20.269,45.911,22.000,-50.600,17.746,-46.745,4.254,-3.855,5.741,0.542,-1.425,1.524,
18:19:20.285,45.927,22.000,-50.600,17.294,-46.914,4.706,-3.686,5.978,0.692,-1.378,1.542,
18:19:20.302,45.944,22.000,-50.600,16.796,-47.095,5.204,-3.505,6.275,0.801,-1.396,1.609,
18:19:20.310,45.952,22.000,-50.600,16.585,-47.169,5.415,-3.431,6.410,0.879,-1.476,1.718,
18:19:20.326,45.968,22.000,-50.600,16.102,-47.336,5.898,-3.264,6.741,0.924,-1.546,1.801,
18:19:20.343,45.985,22.000,-50.600,15.615,-47.499,6.385,-3.101,7.098,0.939,-1.655,1.902,
18:19:20.361,46.003,22.000,-50.600,15.096,-47.667,6.904,-2.933,7.501,0.931,-1.788,2.016,
18:19:20.369,46.011,22.000,-50.600,14.849,-47.744,7.151,-2.856,7.700,0.882,-1.953,2.143,
18:19:20.384,46.026,22.000,-52.800,14.421,-47.875,7.579,-4.925,9.038,0.574,-2.071,2.149,
18:19:20.401,46.042,22.000,-52.800,13.939,-48.018,8.061,-4.782,9.373,0.341,-2.194,2.220,
18:19:20.408,46.050,22.000,-52.800,13.718,-48.081,8.282,-4.719,9.532,0.100,-2.328,2.330,
18:19:20.425,46.067,22.000,-52.800,13.221,-48.220,8.779,-4.580,9.902,-0.016,-2.432,2.432,
18:19:20.442,46.083,19.800,-52.800,12.730,-48.352,7.070,-4.448,8.353,-0.082,-2.261,2.263,
18:19:20.451,46.093,19.800,-52.800,12.460,-48.422,7.340,-4.378,8.546,-0.096,-2.086,2.088,
18:19:20.468,46.110,19.800,-52.800,11.951,-48.551,7.849,-4.249,8.925,-0.109,-2.043,2.046,
18:19:20.477,46.118,19.800,-52.800,11.699,-48.612,8.101,-4.188,9.120,-0.065,-2.029,2.030,
18:19:20.493,46.135,19.800,-52.800,11.200,-48.729,8.600,-4.071,9.515,-0.050,-2.061,2.061,
18:19:20.510,46.152,19.800,-52.800,10.694,-48.843,9.106,-3.957,9.929,-0.015,-2.137,2.137,
18:19:20.517,46.159,19.800,-52.800,10.479,-48.890,9.321,-3.910,10.108,0.068,-2.267,2.268,
18:19:20.534,46.176,19.800,-52.800,9.973,-48.995,9.827,-3.805,10.538,0.097,-2.357,2.358,
18:19:20.552,46.193,19.800,-52.800,9.448,-49.099,10.352,-3.701,10.994,0.131,-2.473,2.476,
18:19:20.559,46.201,19.800,-52.800,9.233,-49.140,10.567,-3.660,11.183,0.189,-2.628,2.635,
18:19:20.575,46.217,17.600,-50.600,8.741,-49.230,8.859,-1.370,8.964,0.475,-2.466,2.512,
18:19:20.593,46.235,17.600,-50.600,8.191,-49.325,9.409,-1.275,9.495,0.695,-2.382,2.481,
18:19:20.614,46.256,17.600,-50.600,7.565,-49.424,10.035,-1.176,10.103,0.843,-2.377,2.522,
18:19:20.633,46.275,15.400,-55.000,6.986,-49.510,8.414,-5.490,10.047,0.349,-2.149,2.177,
18:19:20.652,46.293,15.400,-55.000,6.423,-49.586,8.977,-5.414,10.483,-0.023,-2.050,2.050,
18:19:20.661,46.303,15.400,-55.000,6.152,-49.620,9.248,-5.380,10.699,-0.361,-2.037,2.069,
18:19:20.680,46.321,15.400,-55.000,5.587,-49.687,9.813,-5.313,11.159,-0.525,-2.065,2.131,
18:19:20.688,46.330,8.800,-55.000,5.334,-49.715,3.466,-5.285,6.320,-0.619,-0.933,1.120,
18:19:20.704,46.346,8.800,-55.000,4.833,-49.766,3.967,-5.234,6.568,-0.677,-0.462,0.820,
18:19:20.721,46.363,8.800,-55.000,4.314,-49.814,4.486,-5.186,6.857,-0.686,-0.215,0.719,
18:19:20.730,46.372,8.800,-55.000,4.047,-49.836,4.753,-5.164,7.018,-0.622,-0.164,0.643,
18:19:20.749,46.391,8.800,-57.200,3.465,-49.880,5.335,-7.320,9.058,-0.858,-0.184,0.877,
18:19:20.760,46.402,8.800,-57.200,3.150,-49.901,5.650,-7.299,9.231,-1.036,-0.415,1.116,
18:19:20.777,46.419,8.800,-57.200,2.616,-49.932,6.184,-7.268,9.543,-1.130,-0.608,1.283,
18:19:20.795,46.436,8.800,-57.200,2.075,-49.957,6.725,-7.243,9.884,-1.158,-0.882,1.456,
18:19:20.813,46.455,2.200,-55.000,1.504,-49.977,0.696,-5.023,5.071,-0.860,-0.352,0.930,
18:19:20.832,46.474,2.200,-55.000,0.921,-49.992,1.279,-5.008,5.169,-0.613,-0.078,0.618,
18:19:20.840,46.482,2.200,-55.000,0.693,-49.995,1.507,-5.005,5.227,-0.319,0.048,0.323,
18:19:20.857,46.499,2.200,-55.000,0.168,-50.000,2.032,-5.000,5.397,-0.193,0.045,0.199,
18:19:20.875,46.517,-2.200,-57.200,-0.379,-49.999,-1.821,-7.201,7.428,-0.385,0.459,0.599,
18:19:20.896,46.538,-2.200,-57.200,-1.035,-49.989,-1.165,-7.211,7.304,-0.537,0.615,0.816,
18:19:20.914,46.555,-2.200,-57.200,-1.571,-49.975,-0.629,-7.225,7.252,-0.659,0.554,0.861,
18:19:20.933,46.575,-4.400,-52.800,-2.167,-49.953,-2.233,-2.847,3.618,-0.174,0.655,0.678,
18:19:20.954,46.596,-4.400,-52.800,-2.815,-49.921,-1.585,-2.879,3.287,0.155,0.574,0.595,
18:19:20.973,46.615,-4.400,-52.800,-3.396,-49.885,-1.004,-2.915,3.084,0.357,0.359,0.506,
18:19:20.992,46.634,-8.800,-55.000,-3.989,-49.841,-4.811,-5.159,7.054,0.164,0.657,0.677,
18:19:21.002,46.644,-8.800,-55.000,-4.291,-49.816,-4.509,-5.184,6.871,-0.093,0.813,0.818,
18:19:21.021,46.663,-8.800,-55.000,-4.870,-49.762,-3.930,-5.238,6.548,-0.216,0.793,0.822,
18:19:21.031,46.673,-8.800,-55.000,-5.164,-49.733,-3.636,-5.267,6.400,-0.368,0.625,0.725,
18:19:21.049,46.691,-8.800,-52.800,-5.710,-49.673,-3.090,-3.127,4.396,-0.188,0.455,0.493,
18:19:21.058,46.700,-8.800,-52.800,-5.975,-49.642,-2.825,-3.158,4.238,0.002,0.162,0.162,
18:19:21.076,46.718,-8.800,-52.800,-6.527,-49.572,-2.273,-3.228,3.948,0.078,-0.059,0.098,
18:19:21.093,46.735,-8.800,-52.800,-7.052,-49.500,-1.748,-3.300,3.734,0.109,-0.321,0.339,
18:19:21.111,46.752,-13.200,-55.000,-7.582,-49.422,-5.618,-5.578,7.917,-0.185,-0.015,0.185,
18:19:21.119,46.761,-13.200,-55.000,-7.835,-49.382,-5.365,-5.618,7.768,-0.515,0.276,0.585,
18:19:21.138,46.780,-13.200,-55.000,-8.407,-49.288,-4.793,-5.712,7.457,-0.677,0.314,0.746,
18:19:21.148,46.789,-13.200,-55.000,-8.693,-49.239,-4.507,-5.761,7.315,-0.820,0.271,0.864,
18:19:21.164,46.806,-13.200,-52.800,-9.188,-49.149,-4.012,-3.651,5.425,-0.640,0.173,0.663,
18:19:21.183,46.825,-13.200,-52.800,-9.773,-49.036,-3.427,-3.764,5.091,-0.505,0.014,0.505,
18:19:21.205,46.846,-13.200,-52.800,-10.422,-48.902,-2.778,-3.898,4.787,-0.414,-0.198,0.459,
18:19:21.226,46.868,-15.400,-52.800,-11.056,-48.762,-4.344,-4.038,5.931,-0.367,-0.157,0.399,
18:19:21.247,46.888,-15.400,-52.800,-11.673,-48.618,-3.727,-4.182,5.601,-0.357,-0.206,0.412,
18:19:21.258,46.899,-15.400,-52.800,-11.997,-48.540,-3.403,-4.260,5.453,-0.372,-0.300,0.478,
18:19:21.274,46.915,-15.400,-52.800,-12.468,-48.421,-2.932,-4.379,5.270,-0.394,-0.418,0.575,
18:19:21.293,46.935,-15.400,-52.800,-13.052,-48.267,-2.348,-4.533,5.106,-0.432,-0.567,0.713,
18:19:21.311,46.953,-15.400,-52.800,-13.582,-48.120,-1.818,-4.680,5.021,-0.484,-0.737,0.881,
18:19:21.320,46.962,-15.400,-52.800,-13.853,-48.043,-1.547,-4.757,5.003,-0.545,-0.915,1.065,
18:19:21.337,46.979,-15.400,-52.800,-14.350,-47.897,-1.050,-4.903,5.015,-0.593,-1.065,1.219,
18:19:21.347,46.989,-17.600,-50.600,-14.635,-47.810,-2.965,-2.790,4.071,-0.270,-0.836,0.879,
18:19:21.364,47.006,-17.600,-50.600,-15.140,-47.653,-2.460,-2.947,3.839,-0.127,-0.780,0.790,
18:19:21.383,47.025,-17.600,-50.600,-15.700,-47.471,-1.900,-3.129,3.661,-0.050,-0.786,0.787,
18:19:21.394,47.035,-17.600,-50.600,-15.987,-47.375,-1.613,-3.225,3.606,-0.021,-0.820,0.820,
18:19:21.411,47.053,-19.800,-52.800,-16.496,-47.200,-3.304,-5.600,6.502,-0.301,-0.623,0.691,
18:19:21.426,47.067,-19.800,-52.800,-16.908,-47.054,-2.892,-5.746,6.432,-0.570,-0.506,0.762,
18:19:21.446,47.087,-19.800,-52.800,-17.491,-46.841,-2.309,-5.959,6.391,-0.770,-0.496,0.916,
18:19:21.466,47.107,-17.600,-50.600,-18.060,-46.624,0.460,-3.976,4.002,-0.655,-0.846,1.070,
18:19:21.484,47.126,-17.600,-50.600,-18.585,-46.418,0.985,-4.182,4.297,-0.579,-1.170,1.305,
18:19:21.504,47.145,-17.600,-50.600,-19.135,-46.194,1.535,-4.406,4.666,-0.551,-1.441,1.543,
18:19:21.524,47.165,-19.800,-50.600,-19.705,-45.954,-0.095,-4.646,4.647,-0.562,-1.383,1.493,
18:19:21.545,47.187,-19.800,-50.600,-20.305,-45.691,0.505,-4.909,4.935,-0.603,-1.379,1.505,
18:19:21.563,47.205,-19.800,-50.600,-20.810,-45.464,1.010,-5.136,5.235,-0.661,-1.406,1.553,
18:19:21.584,47.226,-19.800,-50.600,-21.400,-45.189,1.600,-5.411,5.643,-0.732,-1.471,1.643,
18:19:21.605,47.247,-19.800,-50.600,-21.984,-44.908,2.184,-5.692,6.097,-0.812,-1.560,1.759,
18:19:21.623,47.265,-19.800,-50.600,-22.492,-44.655,2.692,-5.945,6.526,-0.894,-1.658,1.883,
18:19:21.646,47.287,-22.000,-48.400,-23.103,-44.342,1.103,-4.058,4.205,-0.704,-1.493,1.650,
18:19:21.666,47.308,-22.000,-48.400,-23.663,-44.046,1.663,-4.354,4.660,-0.596,-1.413,1.533,
18:19:21.677,47.318,-22.000,-48.400,-23.936,-43.898,1.936,-4.502,4.900,-0.531,-1.380,1.479,
18:19:21.694,47.335,-22.000,-48.400,-24.390,-43.648,2.390,-4.752,5.319,-0.529,-1.398,1.495,
18:19:21.713,47.355,-19.800,-50.600,-24.921,-43.347,5.121,-7.253,8.879,-0.844,-1.734,1.929,
18:19:21.732,47.374,-19.800,-50.600,-25.422,-43.055,5.622,-7.545,9.410,-1.125,-2.037,2.327,
18:19:21.740,47.382,-19.800,-50.600,-25.633,-42.930,5.833,-7.670,9.636,-1.411,-2.349,2.740,
18:19:21.758,47.400,-19.800,-50.600,-26.099,-42.648,6.299,-7.952,10.145,-1.571,-2.521,2.970,
18:19:21.769,47.410,-22.000,-50.600,-26.369,-42.481,4.369,-8.119,9.220,-1.692,-2.292,2.848,
18:19:21.787,47.428,-22.000,-50.600,-26.839,-42.186,4.839,-8.414,9.706,-1.790,-2.207,2.842,
18:19:21.798,47.439,-22.000,-50.600,-27.116,-42.009,5.116,-8.591,9.999,-1.842,-2.115,2.805,
18:19:21.815,47.457,-22.000,-50.600,-27.569,-41.713,5.569,-8.887,10.488,-1.900,-2.097,2.829,
18:19:21.836,47.477,-22.000,-50.600,-28.088,-41.365,6.088,-9.235,11.061,-1.949,-2.120,2.879,
18:19:21.847,47.489,-22.000,-50.600,-28.376,-41.168,6.376,-9.432,11.385,-1.958,-2.163,2.917,
18:19:21.865,47.506,-22.000,-50.600,-28.812,-40.864,6.812,-9.736,11.882,-1.986,-2.216,2.976,
18:19:21.882,47.523,-22.000,-50.600,-29.235,-40.563,7.235,-10.037,12.373,-2.012,-2.286,3.046,
18:19:21.891,47.532,-26.400,-48.400,-29.452,-40.406,3.052,-7.994,8.557,-1.608,-1.551,2.234,
18:19:21.908,47.549,-26.400,-48.400,-29.872,-40.096,3.472,-8.304,9.001,-1.451,-1.245,1.912,
18:19:21.924,47.566,-26.400,-48.400,-30.279,-39.789,3.879,-8.611,9.444,-1.357,-1.067,1.726,
18:19:21.944,47.585,-24.200,-48.400,-30.752,-39.425,6.552,-8.975,11.112,-1.335,-1.288,1.855,
18:19:21.962,47.603,-24.200,-48.400,-31.192,-39.078,6.992,-9.322,11.653,-1.370,-1.544,2.064,
18:19:21.973,47.615,-24.200,-48.400,-31.455,-38.867,7.255,-9.533,11.980,-1.449,-1.835,2.338,
18:19:21.990,47.632,-24.200,-48.400,-31.857,-38.537,7.657,-9.863,12.486,-1.523,-2.029,2.538,
18:19:21.999,47.640,-28.600,-44.000,-32.062,-38.367,3.462,-5.633,6.611,-0.828,-1.439,1.660,
18:19:22.016,47.657,-28.600,-44.000,-32.457,-38.034,3.857,-5.966,7.104,-0.539,-1.206,1.321,
18:19:22.036,47.678,-28.600,-44.000,-32.932,-37.623,4.332,-6.377,7.709,-0.399,-1.097,1.168,
18:19:22.055,47.697,-30.800,-44.000,-33.371,-37.234,2.571,-6.766,7.238,-0.395,-0.814,0.905,
18:19:22.075,47.717,-30.800,-44.000,-33.834,-36.814,3.034,-7.186,7.800,-0.490,-0.701,0.856,
18:19:22.096,47.738,-30.800,-44.000,-34.305,-36.375,3.505,-7.625,8.392,-0.655,-0.724,0.976,
18:19:22.107,47.749,-30.800,-44.000,-34.553,-36.140,3.753,-7.860,8.710,-0.891,-0.868,1.244,
18:19:22.125,47.767,-35.200,-39.600,-34.939,-35.767,-0.261,-3.833,3.842,-0.509,-0.429,0.666,
18:19:22.146,47.787,-35.200,-39.600,-35.396,-35.315,0.196,-4.285,4.290,-0.316,-0.205,0.377,
18:19:22.164,47.806,-35.200,-39.600,-35.794,-34.911,0.594,-4.689,4.726,-0.268,-0.158,0.311,
18:19:22.183,47.825,-39.600,-37.400,-36.204,-34.486,-3.396,-2.914,4.475,-0.044,0.341,0.344,
18:19:22.203,47.845,-39.600,-37.400,-36.629,-34.034,-2.971,-3.366,4.490,0.008,0.572,0.572,
18:19:22.223,47.864,-39.600,-37.400,-37.030,-33.597,-2.570,-3.803,4.590,-0.067,0.596,0.600,
18:19:22.234,47.876,-39.600,-37.400,-37.257,-33.345,-2.343,-4.055,4.683,-0.244,0.445,0.507,
18:19:22.254,47.895,-41.800,-37.400,-37.660,-32.890,-4.140,-4.510,6.122,-0.397,0.585,0.708,
18:19:22.275,47.917,-41.800,-37.400,-38.092,-32.388,-3.708,-5.012,6.234,-0.603,0.570,0.830,
18:19:22.295,47.937,-41.800,-37.400,-38.490,-31.915,-3.310,-5.485,6.407,-0.835,0.430,0.939,
18:19:22.317,47.958,-46.200,-35.200,-38.909,-31.402,-7.291,-3.798,8.221,-0.784,0.790,1.113,
18:19:22.329,47.970,-46.200,-35.200,-39.127,-31.130,-7.073,-4.070,8.160,-0.762,0.992,1.251,
18:19:22.347,47.989,-46.200,-35.200,-39.485,-30.674,-6.715,-4.526,8.097,-0.822,1.032,1.320,
18:19:22.357,47.999,-46.200,-35.200,-39.663,-30.444,-6.537,-4.756,8.084,-0.915,0.923,1.300,
18:19:22.374,48.016,-48.400,-30.800,-39.982,-30.024,-8.418,-0.776,8.454,-0.480,1.091,1.192,
18:19:22.396,48.037,-48.400,-30.800,-40.374,-29.494,-8.026,-1.306,8.131,-0.234,1.123,1.147,
18:19:22.417,48.058,-48.400,-30.800,-40.756,-28.965,-7.644,-1.835,7.861,-0.148,1.030,1.040,
18:19:22.435,48.076,-50.600,-30.800,-41.072,-28.514,-9.528,-2.286,9.798,-0.194,1.153,1.169,
18:19:22.455,48.097,-50.600,-30.800,-41.429,-27.994,-9.171,-2.806,9.591,-0.318,1.149,1.193,
18:19:22.475,48.117,-50.600,-30.800,-41.772,-27.479,-8.828,-3.321,9.432,-0.504,1.053,1.168,
18:19:22.496,48.137,-50.600,-26.400,-42.114,-26.952,-8.486,0.552,8.504,-0.150,0.902,0.915,
18:19:22.515,48.156,-50.600,-26.400,-42.424,-26.461,-8.176,0.061,8.176,0.016,0.722,0.723,
18:19:22.533,48.175,-50.600,-26.400,-42.718,-25.983,-7.882,-0.417,7.893,0.032,0.540,0.541,
18:19:22.542,48.184,-50.600,-26.400,-42.863,-25.744,-7.737,-0.656,7.764,-0.062,0.344,0.350,
18:19:22.559,48.200,-50.600,-24.200,-43.121,-25.309,-7.479,1.109,7.560,0.116,0.198,0.230,
18:19:22.568,48.210,-50.600,-24.200,-43.268,-25.058,-7.332,0.858,7.382,0.197,0.059,0.206,
18:19:22.584,48.226,-50.600,-24.200,-43.510,-24.634,-7.090,0.434,7.103,0.181,-0.057,0.190,
18:19:22.601,48.243,-50.600,-24.200,-43.764,-24.180,-6.836,-0.020,6.836,0.077,-0.159,0.176,
18:19:22.610,48.252,-50.600,-24.200,-43.898,-23.937,-6.702,-0.263,6.707,-0.123,-0.236,0.266,
18:19:22.627,48.269,-55.000,-22.000,-44.146,-23.477,-10.854,1.477,10.954,-0.017,0.221,0.221,
18:19:22.639,48.280,-55.000,-22.000,-44.305,-23.175,-10.695,1.175,10.760,0.014,0.656,0.657,
18:19:22.655,48.297,-55.000,-22.000,-44.535,-22.730,-10.465,0.730,10.491,-0.034,0.883,0.884,
18:19:22.674,48.316,-55.000,-22.000,-44.801,-22.201,-10.199,0.201,10.201,-0.152,0.998,1.010,
18:19:22.693,48.335,-52.800,-22.000,-45.054,-21.682,-7.746,-0.318,7.752,-0.325,0.736,0.805,
18:19:22.702,48.344,-52.800,-22.000,-45.173,-21.434,-7.627,-0.566,7.648,-0.549,0.384,0.670,
18:19:22.717,48.359,-52.800,-22.000,-45.369,-21.015,-7.431,-0.985,7.496,-0.720,0.193,0.745,
18:19:22.727,48.369,-52.800,-22.000,-45.498,-20.734,-7.302,-1.266,7.411,-0.899,0.000,0.899,
18:19:22.744,48.386,-52.800,-22.000,-45.712,-20.259,-7.088,-1.741,7.299,-1.058,-0.126,1.066,
18:19:22.763,48.405,-55.000,-19.800,-45.941,-19.734,-9.059,-0.066,9.059,-0.953,0.037,0.953,
18:19:22.784,48.426,-55.000,-19.800,-46.192,-19.139,-8.808,-0.661,8.833,-0.921,0.151,0.933,
18:19:22.804,48.446,-55.000,-19.800,-46.426,-18.563,-8.574,-1.237,8.662,-0.949,0.219,0.974,
18:19:22.821,48.463,-50.600,-22.000,-46.619,-18.073,-3.981,-3.927,5.592,-1.323,-0.361,1.372,
18:19:22.830,48.472,-50.600,-22.000,-46.712,-17.833,-3.888,-4.167,5.699,-1.697,-0.923,1.932,
18:19:22.846,48.488,-50.600,-22.000,-46.889,-17.362,-3.711,-4.638,5.940,-1.915,-1.181,2.250,
18:19:22.863,48.504,-50.600,-22.000,-47.060,-16.892,-3.540,-5.108,6.215,-2.096,-1.344,2.489,
18:19:22.872,48.514,-50.600,-22.000,-47.159,-16.613,-3.441,-5.387,6.392,-2.233,-1.419,2.646,
18:19:22.890,48.532,-52.800,-19.800,-47.339,-16.093,-5.461,-3.707,6.600,-2.092,-1.200,2.412,
18:19:22.900,48.541,-52.800,-19.800,-47.429,-15.828,-5.371,-3.972,6.680,-1.887,-0.875,2.080,
18:19:22.925,48.566,-52.800,-19.800,-47.670,-15.087,-5.130,-4.713,6.967,-1.868,-0.735,2.007,
18:19:22.950,48.592,-55.000,-17.600,-47.900,-14.339,-7.100,-3.261,7.813,-1.629,-0.336,1.663,
18:19:22.959,48.601,-55.000,-17.600,-47.981,-14.066,-7.019,-3.534,7.859,-1.394,0.067,1.396,
18:19:22.982,48.624,-55.000,-17.600,-48.171,-13.399,-6.829,-4.201,8.018,-1.345,0.255,1.369,
18:19:22.990,48.632,-55.000,-17.600,-48.238,-13.156,-6.762,-4.444,8.091,-1.382,0.347,1.425,
18:19:23.014,48.656,-52.800,-17.600,-48.426,-12.448,-4.374,-5.152,6.758,-1.439,0.172,1.449,
18:19:23.034,48.675,-52.800,-17.600,-48.573,-11.858,-4.227,-5.742,7.130,-1.569,-0.038,1.569,
18:19:23.063,48.705,-52.800,-17.600,-48.781,-10.974,-4.019,-6.626,7.750,-1.746,-0.187,1.756,
18:19:23.081,48.723,-55.000,-15.400,-48.901,-10.424,-6.099,-4.976,7.871,-1.626,0.003,1.626,
18:19:23.089,48.731,-55.000,-15.400,-48.948,-10.204,-6.052,-5.196,7.977,-1.534,0.196,1.547,
18:19:23.106,48.747,-55.000,-15.400,-49.050,-9.699,-5.950,-5.701,8.240,-1.545,0.263,1.567,
18:19:23.124,48.766,-55.000,-15.400,-49.157,-9.143,-5.843,-6.257,8.561,-1.614,0.298,1.641,
18:19:23.142,48.784,-57.200,-13.200,-49.255,-8.596,-7.945,-4.604,9.182,-1.443,0.592,1.560,
18:19:23.151,48.793,-57.200,-13.200,-49.299,-8.343,-7.901,-4.857,9.274,-1.317,0.854,1.570,
18:19:23.168,48.810,-57.200,-13.200,-49.384,-7.824,-7.816,-5.376,9.486,-1.308,0.972,1.629,
18:19:23.187,48.828,-57.200,-13.200,-49.471,-7.251,-7.729,-5.949,9.753,-1.377,1.022,1.715,
18:19:23.206,48.848,-55.000,-11.000,-49.553,-6.670,-5.447,-4.330,6.958,-1.228,0.733,1.430,
18:19:23.227,48.869,-55.000,-11.000,-49.636,-6.024,-5.364,-4.976,7.317,-1.207,0.498,1.306,
18:19:23.237,48.879,-55.000,-11.000,-49.671,-5.724,-5.329,-5.276,7.499,-1.278,0.247,1.302,
18:19:23.254,48.896,-55.000,-11.000,-49.728,-5.208,-5.272,-5.792,7.832,-1.363,0.116,1.368,
18:19:23.274,48.915,-55.000,-11.000,-49.788,-4.604,-5.212,-6.396,8.251,-1.501,0.029,1.502,
18:19:23.295,48.937,-55.000,-11.000,-49.845,-3.929,-5.155,-7.071,8.750,-1.686,-0.019,1.686,
18:19:23.314,48.956,-55.000,-11.000,-49.888,-3.345,-5.112,-7.655,9.205,-1.891,-0.032,1.892,
18:19:23.333,48.975,-55.000,-8.800,-49.924,-2.763,-5.076,-6.037,7.887,-1.799,-0.024,1.799,
18:19:23.352,48.994,-55.000,-8.800,-49.952,-2.194,-5.048,-6.606,8.314,-1.789,-0.001,1.789,
18:19:23.360,49.002,-55.000,-8.800,-49.963,-1.935,-5.037,-6.865,8.515,-1.813,0.048,1.814,
18:19:23.377,49.019,-55.000,-8.800,-49.980,-1.423,-5.020,-7.377,8.923,-1.877,0.071,1.878,
18:19:23.395,49.036,-55.000,-6.600,-49.992,-0.889,-5.008,-5.711,7.596,-1.703,0.099,1.705,
18:19:23.412,49.054,-55.000,-6.600,-49.999,-0.353,-5.001,-6.247,8.002,-1.632,0.130,1.637,
18:19:23.419,49.061,-55.000,-6.600,-50.000,-0.133,-5.000,-6.467,8.174,-1.622,0.171,1.631,
18:19:23.436,49.078,-55.000,-6.600,-49.999,0.384,-5.001,-6.984,8.590,-1.659,0.196,1.671,
18:19:23.452,49.094,-55.000,-2.200,-49.992,0.886,-5.008,-3.086,5.882,-1.194,0.221,1.215,
18:19:23.460,49.102,-55.000,-2.200,-49.987,1.124,-5.013,-3.324,6.014,-0.771,0.245,0.809,
18:19:23.477,49.119,-55.000,-2.200,-49.973,1.642,-5.027,-3.842,6.327,-0.626,0.266,0.681,
18:19:23.493,49.135,-55.000,-2.200,-49.955,2.126,-5.045,-4.326,6.646,-0.623,0.287,0.686,
18:19:23.502,49.143,-55.000,-2.200,-49.943,2.383,-5.057,-4.583,6.824,-0.759,0.302,0.817,
18:19:23.520,49.161,-55.000,-0.000,-49.914,2.935,-5.086,-2.935,5.872,-0.612,0.322,0.691,
18:19:23.528,49.170,-55.000,-0.000,-49.898,3.188,-5.102,-3.188,6.016,-0.585,0.336,0.674,
18:19:23.546,49.187,-55.000,-0.000,-49.861,3.729,-5.139,-3.729,6.350,-0.621,0.355,0.715,
18:19:23.563,49.204,-55.000,-0.000,-49.819,4.250,-5.181,-4.250,6.701,-0.765,0.374,0.852,
18:19:23.572,49.213,-55.000,-0.000,-49.795,4.527,-5.205,-4.527,6.898,-1.021,0.388,1.092,
18:19:23.588,49.229,-52.800,4.400,-49.749,5.009,-3.051,-0.609,3.112,-0.659,0.133,0.672,
18:19:23.604,49.246,-52.800,4.400,-49.694,5.525,-3.106,-1.125,3.304,-0.467,-0.051,0.470,
18:19:23.622,49.264,-52.800,4.400,-49.629,6.077,-3.171,-1.677,3.587,-0.428,-0.163,0.458,
18:19:23.629,49.271,-52.800,4.400,-49.603,6.286,-3.197,-1.886,3.711,-0.537,-0.236,0.587,
18:19:23.647,49.288,-52.800,6.600,-49.534,6.810,-3.266,-0.210,3.273,-0.361,-0.262,0.446,
18:19:23.666,49.308,-52.800,6.600,-49.449,7.405,-3.351,-0.805,3.447,-0.331,-0.243,0.411,
18:19:23.684,49.326,-52.800,6.600,-49.365,7.941,-3.435,-1.341,3.687,-0.429,-0.186,0.467,
18:19:23.703,49.344,-55.000,11.000,-49.271,8.508,-5.729,2.492,6.248,-0.036,0.173,0.176,
18:19:23.711,49.352,-55.000,11.000,-49.231,8.738,-5.769,2.262,6.197,0.270,0.588,0.647,
18:19:23.727,49.369,-55.000,11.000,-49.140,9.231,-5.860,1.769,6.121,0.343,0.782,0.854,
18:19:23.743,49.385,-55.000,11.000,-49.044,9.728,-5.956,1.272,6.090,0.278,0.925,0.966,
18:19:23.752,49.394,-55.000,11.000,-48.994,9.979,-6.006,1.021,6.092,0.064,1.020,1.022,
18:19:23.769,49.411,-52.800,11.000,-48.885,10.500,-3.915,0.500,3.947,-0.095,0.831,0.836,
18:19:23.778,49.420,-52.800,11.000,-48.827,10.766,-3.973,0.234,3.980,-0.378,0.568,0.683,
18:19:23.795,49.436,-52.800,11.000,-48.717,11.255,-4.083,-0.255,4.091,-0.586,0.456,0.742,
18:19:23.813,49.455,-52.800,11.000,-48.587,11.802,-4.213,-0.802,4.289,-0.822,0.383,0.907,
18:19:23.835,49.477,-55.000,15.400,-48.421,12.467,-6.579,2.933,7.203,-0.548,0.616,0.825,
18:19:23.852,49.494,-55.000,15.400,-48.285,12.983,-6.715,2.417,7.137,-0.388,0.822,0.910,
18:19:23.862,49.504,-55.000,15.400,-48.210,13.260,-6.790,2.140,7.120,-0.316,0.997,1.046,
18:19:23.879,49.521,-55.000,15.400,-48.066,13.772,-6.934,1.628,7.123,-0.346,1.101,1.154,
18:19:23.888,49.530,-55.000,15.400,-47.990,14.033,-7.010,1.367,7.142,-0.460,1.171,1.258,
18:19:23.904,49.546,-52.800,17.600,-47.849,14.509,-4.951,3.091,5.837,-0.304,0.957,1.004,
18:19:23.922,49.563,-52.800,17.600,-47.691,15.019,-5.109,2.581,5.724,-0.259,0.791,0.832,
18:19:23.931,49.573,-52.800,17.600,-47.607,15.282,-5.193,2.318,5.687,-0.301,0.619,0.689,
18:19:23.947,49.588,-52.800,17.600,-47.457,15.744,-5.343,1.856,5.657,-0.376,0.549,0.666,
18:19:23.963,49.604,-52.800,22.000,-47.299,16.210,-5.501,5.790,7.986,0.056,0.521,0.524,
18:19:23.982,49.623,-52.800,22.000,-47.109,16.756,-5.691,5.244,7.739,0.284,0.533,0.604,
18:19:23.993,49.635,-52.800,22.000,-46.993,17.077,-5.807,4.923,7.613,0.373,0.579,0.689,
18:19:24.009,49.651,-52.800,22.000,-46.819,17.550,-5.981,4.450,7.455,0.357,0.627,0.721,
18:19:24.018,49.660,-52.800,22.000,-46.726,17.794,-6.074,4.206,7.388,0.210,0.704,0.734,
18:19:24.034,49.676,-52.800,22.000,-46.545,18.263,-6.255,3.737,7.286,0.091,0.760,0.766,
18:19:24.054,49.695,-52.800,22.000,-46.325,18.814,-6.475,3.186,7.216,-0.087,0.831,0.835,
18:19:24.075,49.716,-48.400,24.200,-46.077,19.414,-2.323,4.786,5.320,-0.045,0.374,0.377,
18:19:24.092,49.734,-48.400,24.200,-45.864,19.913,-2.536,4.287,4.981,-0.092,0.051,0.105,
18:19:24.100,49.741,-48.400,24.200,-45.779,20.107,-2.621,4.093,4.860,-0.208,-0.214,0.298,
18:19:24.116,49.757,-48.400,24.200,-45.579,20.555,-2.821,3.645,4.609,-0.309,-0.309,0.437,
18:19:24.135,49.777,-48.400,24.200,-45.325,21.109,-3.075,3.091,4.359,-0.448,-0.313,0.546,
18:19:24.154,49.796,-48.400,24.200,-45.078,21.633,-3.322,2.567,4.198,-0.618,-0.228,0.659,
18:19:24.175,49.817,-48.400,24.200,-44.791,22.222,-3.609,1.978,4.116,-0.797,-0.095,0.803,
18:19:24.193,49.835,-48.400,28.600,-44.543,22.714,-3.857,5.886,7.037,-0.374,0.075,0.382,
18:19:24.211,49.853,-48.400,28.600,-44.293,23.197,-4.107,5.403,6.787,-0.135,0.245,0.279,
18:19:24.220,49.861,-48.400,28.600,-44.175,23.421,-4.225,5.179,6.683,0.041,0.438,0.440,
18:19:24.235,49.877,-48.400,28.600,-43.947,23.846,-4.453,4.754,6.513,0.073,0.568,0.573,
18:19:24.252,49.894,-46.200,28.600,-43.698,24.300,-2.502,4.300,4.975,0.024,0.415,0.416,
18:19:24.259,49.901,-46.200,28.600,-43.594,24.487,-2.606,4.113,4.870,-0.125,0.220,0.253,
18:19:24.278,49.920,-46.200,28.600,-43.309,24.986,-2.891,3.614,4.628,-0.225,0.193,0.297,
18:19:24.286,49.928,-46.200,28.600,-43.185,25.201,-3.015,3.399,4.544,-0.415,0.188,0.455,
18:19:24.303,49.944,-46.200,28.600,-42.927,25.637,-3.273,2.963,4.415,-0.547,0.227,0.592,
18:19:24.310,49.952,-46.200,28.600,-42.814,25.826,-3.386,2.774,4.377,-0.738,0.302,0.798,
18:19:24.326,49.968,-46.200,28.600,-42.557,26.247,-3.643,2.353,4.337,-0.865,0.374,0.943,
18:19:24.342,49.984,-46.200,28.600,-42.290,26.675,-3.910,1.925,4.358,-1.001,0.469,1.105,
18:19:24.351,49.992,-46.200,28.600,-42.163,26.875,-4.037,1.725,4.390,-1.146,0.590,1.289,
18:19:24.366,50.008,-46.200,30.800,-41.900,27.283,-4.300,3.517,5.555,-0.989,0.686,1.203,
18:19:24.384,50.026,-46.200,30.800,-41.607,27.729,-4.593,3.071,5.525,-0.892,0.789,1.191,
18:19:24.403,50.044,-46.200,30.800,-41.283,28.209,-4.917,2.591,5.558,-0.855,0.897,1.239,
18:19:24.411,50.052,-46.200,30.800,-41.145,28.410,-5.055,2.390,5.592,-0.843,0.999,1.307,
18:19:24.427,50.069,-44.000,28.600,-40.853,28.828,-3.147,-0.228,3.155,-1.139,0.819,1.403,
18:19:24.436,50.078,-44.000,28.600,-40.698,29.046,-3.302,-0.446,3.332,-1.474,0.619,1.599,
18:19:24.453,50.094,-44.000,28.600,-40.399,29.460,-3.601,-0.860,3.702,-1.672,0.560,1.763,
18:19:24.472,50.114,-44.000,28.600,-40.041,29.945,-3.959,-1.345,4.181,-1.838,0.559,1.921,
18:19:24.482,50.124,-44.000,28.600,-39.873,30.168,-4.127,-1.568,4.415,-1.967,0.598,2.056,
18:19:24.498,50.140,-44.000,28.600,-39.569,30.566,-4.431,-1.966,4.848,-2.060,0.654,2.161,
18:19:24.507,50.148,-44.000,28.600,-39.414,30.766,-4.586,-2.166,5.072,-2.109,0.746,2.237,
18:19:24.523,50.165,-44.000,28.600,-39.103,31.160,-4.897,-2.560,5.525,-2.161,0.826,2.314,
18:19:24.543,50.185,-46.200,30.800,-38.706,31.651,-7.494,-0.851,7.542,-1.950,1.188,2.283,
18:19:24.562,50.203,-46.200,30.800,-38.351,32.081,-7.849,-1.281,7.953,-1.770,1.511,2.327,
18:19:24.570,50.212,-46.200,30.800,-38.190,32.273,-8.010,-1.473,8.145,-1.591,1.806,2.407,
18:19:24.586,50.228,-46.200,30.800,-37.870,32.648,-8.330,-1.848,8.533,-1.521,1.985,2.501,
18:19:24.604,50.246,-44.000,33.000,-37.501,33.070,-6.499,-0.070,6.499,-1.233,1.850,2.224,
18:19:24.623,50.265,-44.000,33.000,-37.116,33.502,-6.884,-0.502,6.902,-1.060,1.745,2.042,
18:19:24.641,50.282,-44.000,33.000,-36.749,33.905,-7.251,-0.905,7.307,-0.989,1.675,1.945,
18:19:24.649,50.291,-44.000,33.000,-36.583,34.084,-7.417,-1.084,7.496,-1.017,1.594,1.891,
18:19:24.667,50.309,-46.200,33.000,-36.203,34.487,-9.997,-1.487,10.107,-1.029,1.856,2.122,
18:19:24.685,50.326,-46.200,33.000,-35.827,34.878,-10.373,-1.878,10.542,-1.102,2.089,2.362,
18:19:24.704,50.346,-46.200,33.000,-35.401,35.310,-10.799,-2.310,11.044,-1.208,2.278,2.579,
18:19:24.722,50.364,-44.000,33.000,-35.008,35.700,-8.992,-2.700,9.389,-1.340,2.131,2.517,
18:19:24.730,50.372,-44.000,33.000,-34.842,35.861,-9.158,-2.861,9.594,-1.522,1.929,2.457,
18:19:24.746,50.388,-44.000,33.000,-34.491,36.199,-9.509,-3.199,10.032,-1.615,1.881,2.480,
18:19:24.764,50.406,-44.000,33.000,-34.089,36.578,-9.911,-3.578,10.538,-1.711,1.879,2.541,
18:19:24.784,50.426,-44.000,35.200,-33.631,37.000,-10.369,-1.800,10.524,-1.538,1.918,2.458,
18:19:24.802,50.444,-44.000,35.200,-33.219,37.370,-10.781,-2.170,10.997,-1.425,1.985,2.444,
18:19:24.810,50.451,-44.000,35.200,-33.049,37.520,-10.951,-2.320,11.194,-1.341,2.081,2.475,
18:19:24.826,50.468,-44.000,35.200,-32.661,37.859,-11.339,-2.659,11.647,-1.319,2.148,2.521,
18:19:24.845,50.487,-39.600,35.200,-32.221,38.234,-7.379,-3.034,7.979,-1.343,1.700,2.166,
18:19:24.865,50.507,-39.600,35.200,-31.755,38.621,-7.845,-3.421,8.559,-1.405,1.409,1.990,
18:19:24.882,50.524,-39.600,35.200,-31.340,38.959,-8.260,-3.759,9.076,-1.491,1.264,1.955,
18:19:24.890,50.531,-39.600,35.200,-31.170,39.095,-8.430,-3.895,9.286,-1.620,1.233,2.036,
18:19:24.907,50.549,-39.600,37.400,-30.747,39.428,-8.853,-2.028,9.082,-1.422,1.229,1.879,
18:19:24.924,50.566,-39.600,37.400,-30.330,39.750,-9.270,-2.350,9.563,-1.293,1.313,1.843,
18:19:24.944,50.586,-39.600,37.400,-29.845,40.116,-9.755,-2.716,10.126,-1.240,1.454,1.911,
18:19:24.963,50.605,-37.400,39.600,-29.374,40.462,-8.026,-0.862,8.072,-0.966,1.354,1.664,
18:19:24.981,50.622,-37.400,39.600,-28.933,40.778,-8.467,-1.178,8.548,-0.818,1.352,1.581,
18:19:24.988,50.630,-37.400,39.600,-28.754,40.905,-8.646,-1.305,8.744,-0.765,1.431,1.623,
18:19:25.006,50.648,-37.400,39.600,-28.284,41.231,-9.116,-1.631,9.261,-0.740,1.499,1.672,
18:19:25.025,50.667,-33.000,41.800,-27.804,41.557,-5.196,0.243,5.202,-0.519,1.081,1.199,
18:19:25.045,50.686,-33.000,41.800,-27.307,41.885,-5.693,-0.085,5.694,-0.424,0.848,0.948,
18:19:25.063,50.705,-33.000,41.800,-26.828,42.193,-6.172,-0.393,6.184,-0.431,0.778,0.889,
18:19:25.083,50.725,-28.600,46.200,-26.312,42.517,-2.288,3.683,4.336,0.061,0.268,0.275,
18:19:25.091,50.732,-28.600,46.200,-26.110,42.641,-2.490,3.559,4.343,0.468,-0.124,0.484,
18:19:25.107,50.749,-28.600,46.200,-25.674,42.905,-2.926,3.295,4.407,0.626,-0.254,0.676,
18:19:25.125,50.766,-28.600,46.200,-25.212,43.178,-3.388,3.022,4.540,0.649,-0.221,0.685,
18:19:25.145,50.786,-28.600,50.600,-24.678,43.485,-3.922,7.115,8.124,1.112,-0.064,1.114,
18:19:25.163,50.805,-28.600,50.600,-24.193,43.757,-4.407,6.843,8.139,1.345,0.197,1.360,
18:19:25.172,50.814,-28.600,50.600,-23.947,43.892,-4.653,6.708,8.163,1.382,0.566,1.493,
18:19:25.192,50.833,-28.600,50.600,-23.417,44.177,-5.183,6.423,8.253,1.380,0.804,1.598,
18:19:25.202,50.844,-22.000,52.800,-23.140,44.323,1.140,8.477,8.553,1.562,-0.015,1.562,
18:19:25.220,50.862,-22.000,52.800,-22.634,44.584,0.634,8.216,8.241,1.613,-0.346,1.650,
18:19:25.229,50.871,-22.000,52.800,-22.403,44.700,0.403,8.100,8.110,1.489,-0.595,1.604,
18:19:25.245,50.887,-22.000,52.800,-21.957,44.921,-0.043,7.879,7.879,1.397,-0.643,1.538,
18:19:25.264,50.906,-19.800,52.800,-21.436,45.172,1.636,7.628,7.801,1.244,-0.824,1.492,
18:19:25.284,50.925,-19.800,52.800,-20.890,45.427,1.090,7.373,7.453,1.043,-0.822,1.328,
18:19:25.302,50.943,-19.800,52.800,-20.384,45.656,0.584,7.144,7.167,0.822,-0.675,1.063,
18:19:25.310,50.952,-19.800,52.800,-20.160,45.756,0.360,7.044,7.053,0.557,-0.376,0.672,
18:19:25.327,50.969,-17.600,57.200,-19.673,45.967,2.073,11.233,11.423,0.927,-0.443,1.028,
18:19:25.346,50.988,-17.600,57.200,-19.122,46.199,1.522,11.001,11.106,1.170,-0.389,1.233,
18:19:25.364,51.006,-17.600,57.200,-18.612,46.407,1.012,10.793,10.840,1.301,-0.236,1.322,
18:19:25.383,51.025,-15.400,57.200,-18.070,46.621,2.670,10.579,10.911,1.331,-0.309,1.366,
18:19:25.402,51.044,-15.400,57.200,-17.533,46.825,2.133,10.375,10.592,1.286,-0.263,1.313,
18:19:25.409,51.051,-15.400,57.200,-17.331,46.900,1.931,10.300,10.479,1.153,-0.136,1.161,
18:19:25.426,51.068,-15.400,57.200,-16.851,47.075,1.451,10.125,10.228,1.074,-0.008,1.074,
18:19:25.444,51.086,-11.000,55.000,-16.330,47.258,5.330,7.742,9.399,0.701,-0.375,0.795,
18:19:25.462,51.104,-11.000,55.000,-15.799,47.438,4.799,7.562,8.956,0.387,-0.569,0.688,
18:19:25.469,51.111,-11.000,55.000,-15.588,47.508,4.588,7.492,8.785,0.059,-0.680,0.682,
18:19:25.486,51.128,-11.000,55.000,-15.107,47.663,4.107,7.337,8.408,-0.116,-0.661,0.671,
18:19:25.504,51.146,-11.000,59.400,-14.569,47.830,3.569,11.570,12.108,0.304,-0.543,0.622,
18:19:25.523,51.165,-11.000,59.400,-14.009,47.997,3.009,11.403,11.793,0.637,-0.346,0.725,
18:19:25.543,51.184,-11.000,59.400,-13.430,48.163,2.430,11.237,11.497,0.864,-0.104,0.870,
18:19:25.551,51.193,-11.000,59.400,-13.192,48.228,2.192,11.172,11.385,1.052,0.207,1.072,
18:19:25.567,51.208,-11.000,57.200,-12.728,48.353,1.728,8.847,9.014,0.849,0.420,0.947,
18:19:25.583,51.225,-11.000,57.200,-12.231,48.481,1.231,8.719,8.806,0.668,0.632,0.919,
18:19:25.591,51.233,-11.000,57.200,-11.995,48.540,0.995,8.660,8.717,0.442,0.844,0.953,
18:19:25.610,51.251,-11.000,57.200,-11.446,48.672,0.446,8.528,8.539,0.335,1.022,1.075,
18:19:25.618,51.260,-11.000,57.200,-11.193,48.731,0.193,8.469,8.471,0.222,1.176,1.197,
18:19:25.635,51.276,-8.800,57.200,-10.708,48.840,1.908,8.360,8.575,0.159,1.052,1.064,
18:19:25.654,51.296,-8.800,57.200,-10.115,48.966,1.315,8.234,8.338,0.119,0.995,1.002,
18:19:25.673,51.315,-8.800,57.200,-9.549,49.080,0.749,8.120,8.155,0.102,0.984,0.989,
18:19:25.682,51.323,-8.800,57.200,-9.291,49.129,0.491,8.071,8.086,0.114,0.979,0.986,
18:19:25.699,51.340,-8.800,57.200,-8.779,49.223,-0.021,7.977,7.977,0.114,1.032,1.038,
18:19:25.707,51.349,-8.800,57.200,-8.527,49.267,-0.273,7.933,7.937,0.139,1.104,1.113,
18:19:25.723,51.365,-8.800,57.200,-8.030,49.351,-0.770,7.849,7.887,0.149,1.188,1.198,
18:19:25.743,51.384,-8.800,57.200,-7.443,49.443,-1.357,7.757,7.875,0.167,1.298,1.309,
18:19:25.760,51.401,-8.800,57.200,-6.937,49.516,-1.863,7.684,7.906,0.193,1.420,1.434,
18:19:25.767,51.409,-8.800,57.200,-6.713,49.547,-2.087,7.653,7.932,0.231,1.550,1.567,
18:19:25.783,51.425,-8.800,57.200,-6.229,49.610,-2.571,7.590,8.013,0.251,1.652,1.671,
18:19:25.801,51.443,-8.800,57.200,-5.677,49.677,-3.123,7.523,8.146,0.272,1.762,1.783,
18:19:25.813,51.455,-8.800,55.000,-5.319,49.716,-3.481,5.284,6.327,-0.047,1.862,1.863,
18:19:25.829,51.470,-8.800,55.000,-4.832,49.766,-3.968,5.234,6.568,-0.228,1.959,1.972,
18:19:25.836,51.478,-8.800,55.000,-4.609,49.787,-4.191,5.213,6.689,-0.394,2.043,2.081,
18:19:25.853,51.495,-8.800,55.000,-4.101,49.832,-4.699,5.168,6.986,-0.461,2.125,2.175,
18:19:25.870,51.512,-6.600,59.400,-3.562,49.873,-3.038,9.527,10.000,0.062,1.940,1.941,
18:19:25.879,51.521,-6.600,59.400,-3.301,49.891,-3.299,9.509,10.065,0.668,1.724,1.849,
18:19:25.897,51.539,-6.600,59.400,-2.752,49.924,-3.848,9.476,10.227,0.962,1.667,1.925,
18:19:25.916,51.557,-6.600,59.400,-2.181,49.952,-4.419,9.448,10.430,1.170,1.671,2.040,
18:19:25.933,51.575,-6.600,57.200,-1.653,49.973,-4.947,7.227,8.758,1.002,1.724,1.994,
18:19:25.955,51.596,-6.600,57.200,-0.980,49.990,-5.620,7.210,9.141,0.875,1.819,2.019,
18:19:25.973,51.614,-6.600,57.200,-0.425,49.998,-6.175,7.202,9.487,0.750,1.943,2.083,
18:19:25.982,51.623,-6.600,57.200,-0.160,50.000,-6.440,7.200,9.660,0.609,2.090,2.176,
18:19:25.997,51.639,-6.600,57.200,0.328,49.999,-6.928,7.201,9.993,0.551,2.192,2.260,
18:19:26.015,51.657,-6.600,57.200,0.872,49.992,-7.472,7.208,10.382,0.516,2.305,2.362,
18:19:26.034,51.675,-6.600,57.200,1.439,49.979,-8.039,7.221,10.806,0.502,2.425,2.476,
18:19:26.052,51.694,-6.600,55.000,1.996,49.960,-8.596,5.040,9.964,0.220,2.545,2.554,
18:19:26.060,51.702,-6.600,55.000,2.245,49.950,-8.845,5.050,10.186,-0.046,2.659,2.660,
18:19:26.078,51.720,-6.600,55.000,2.788,49.922,-9.388,5.078,10.674,-0.156,2.752,2.756,
18:19:26.088,51.729,-6.600,55.000,3.089,49.904,-9.689,5.096,10.947,-0.199,2.834,2.841,
18:19:26.104,51.746,-6.600,55.000,3.600,49.870,-10.200,5.130,11.417,-0.210,2.913,2.920,
18:19:26.125,51.767,-2.200,57.200,4.232,49.821,-6.432,7.379,9.789,0.085,2.483,2.484,
18:19:26.148,51.790,-2.200,57.200,4.946,49.755,-7.146,7.445,10.320,0.354,2.204,2.233,
18:19:26.157,51.798,-2.200,57.200,5.203,49.729,-7.403,7.471,10.518,0.659,1.976,2.083,
18:19:26.177,51.818,-2.200,57.200,5.817,49.660,-8.017,7.540,11.005,0.814,1.905,2.072,
18:19:26.195,51.837,-2.200,57.200,6.380,49.591,-8.580,7.609,11.468,0.928,1.941,2.151,
18:19:26.217,51.858,-2.200,57.200,7.032,49.503,-9.232,7.697,12.019,1.009,2.049,2.284,
18:19:26.236,51.878,-2.200,57.200,7.628,49.415,-9.828,7.785,12.538,1.058,2.213,2.453,
18:19:26.255,51.897,0.000,57.200,8.217,49.320,-8.217,7.880,11.385,1.087,2.107,2.371,
18:19:26.275,51.917,0.000,57.200,8.807,49.218,-8.807,7.982,11.886,1.106,2.101,2.375,
18:19:26.296,51.938,0.000,57.200,9.459,49.097,-9.459,8.103,12.455,1.124,2.174,2.448,
18:19:26.316,51.958,4.400,55.000,10.062,48.977,-5.662,6.023,8.266,0.848,1.724,1.921,
18:19:26.336,51.978,4.400,55.000,10.659,48.851,-6.259,6.149,8.775,0.672,1.496,1.640,
18:19:26.357,51.999,4.400,55.000,11.294,48.708,-6.894,6.292,9.334,0.584,1.444,1.557,
18:19:26.375,52.017,6.600,55.000,11.842,48.577,-5.242,6.423,8.290,0.559,1.220,1.342,
18:19:26.395,52.036,6.600,55.000,12.416,48.434,-5.816,6.566,8.771,0.579,1.171,1.307,
18:19:26.415,52.057,6.600,55.000,13.027,48.273,-6.427,6.727,9.304,0.633,1.249,1.401,
18:19:26.438,52.080,11.000,52.800,13.702,48.086,-2.702,4.714,5.434,0.435,0.869,0.972,
18:19:26.449,52.090,11.000,52.800,14.009,47.997,-3.009,4.803,5.668,0.295,0.650,0.714,
18:19:26.467,52.109,11.000,52.800,14.557,47.834,-3.557,4.966,6.108,0.251,0.601,0.651,
18:19:26.484,52.126,11.000,52.800,15.059,47.678,-4.059,5.122,6.535,0.272,0.694,0.745,
18:19:26.507,52.149,15.400,52.800,15.729,47.461,-0.329,5.339,5.349,0.335,0.337,0.475,
18:19:26.517,52.159,15.400,52.800,16.017,47.365,-0.617,5.435,5.470,0.465,0.141,0.486,
18:19:26.536,52.178,15.400,52.800,16.565,47.176,-1.165,5.624,5.743,0.555,0.108,0.565,
18:19:26.556,52.198,15.400,52.800,17.153,46.966,-1.753,5.834,6.092,0.661,0.223,0.697,
18:19:26.577,52.219,19.800,48.400,17.768,46.737,2.032,1.663,2.626,0.221,-0.110,0.247,
18:19:26.589,52.231,19.800,48.400,18.109,46.605,1.691,1.795,2.466,-0.134,-0.259,0.291,
18:19:26.608,52.249,19.800,48.400,18.627,46.401,1.173,1.999,2.318,-0.285,-0.256,0.383,
18:19:26.625,52.267,19.800,48.400,19.137,46.193,0.663,2.207,2.305,-0.321,-0.122,0.343,
18:19:26.643,52.284,26.400,48.400,19.629,45.986,6.771,2.414,7.189,-0.273,-0.780,0.826,
18:19:26.653,52.294,26.400,48.400,19.899,45.870,6.501,2.530,6.976,-0.140,-1.253,1.261,
18:19:26.672,52.314,26.400,48.400,20.448,45.628,5.952,2.772,6.566,-0.044,-1.407,1.408,
18:19:26.682,52.324,26.400,48.400,20.730,45.500,5.670,2.900,6.369,0.126,-1.330,1.336,
18:19:26.700,52.342,30.800,46.200,21.239,45.265,9.561,0.935,9.606,-0.012,-1.745,1.745,
18:19:26.710,52.352,30.800,46.200,21.513,45.135,9.287,1.065,9.348,-0.109,-1.961,1.964,
18:19:26.729,52.371,30.800,46.200,22.029,44.885,8.771,1.315,8.869,-0.118,-1.996,2.000,
18:19:26.741,52.382,30.800,46.200,22.347,44.728,8.453,1.472,8.580,-0.065,-1.809,1.811,
18:19:26.758,52.399,33.000,44.000,22.814,44.492,10.186,-0.492,10.198,-0.264,-1.877,1.896,
18:19:26.767,52.409,33.000,44.000,23.060,44.365,9.940,-0.365,9.946,-0.414,-1.772,1.820,
18:19:26.785,52.427,33.000,44.000,23.550,44.107,9.450,-0.107,9.451,-0.447,-1.646,1.705,
18:19:26.805,52.447,33.000,44.000,24.101,43.808,8.899,0.192,8.901,-0.400,-1.414,1.469,
18:19:26.824,52.466,37.400,44.000,24.611,43.524,12.789,0.476,12.798,-0.288,-1.673,1.697,
18:19:26.846,52.487,37.400,44.000,25.183,43.195,12.217,0.805,12.244,-0.142,-1.734,1.740,
18:19:26.864,52.505,37.400,44.000,25.664,42.911,11.736,1.089,11.786,0.025,-1.648,1.649,
18:19:26.882,52.524,39.600,44.000,26.143,42.621,13.457,1.379,13.528,0.188,-1.769,1.779,
18:19:26.891,52.532,39.600,44.000,26.368,42.482,13.232,1.518,13.319,0.355,-1.787,1.822,
18:19:26.909,52.551,39.600,44.000,26.853,42.177,12.747,1.823,12.876,0.486,-1.710,1.778,
18:19:26.919,52.560,39.600,44.000,27.085,42.029,12.515,1.971,12.669,0.608,-1.526,1.643,
18:19:26.935,52.577,39.600,44.000,27.512,41.751,12.088,2.249,12.296,0.716,-1.359,1.536,
18:19:26.954,52.596,39.600,44.000,27.994,41.428,11.606,2.572,11.887,0.820,-1.153,1.415,
18:19:26.973,52.614,39.600,44.000,28.468,41.104,11.132,2.896,11.502,0.915,-0.923,1.300,
18:19:26.981,52.623,39.600,44.000,28.681,40.956,10.919,3.044,11.335,0.977,-0.669,1.184,
18:19:26.998,52.640,39.600,44.000,29.111,40.652,10.489,3.348,11.011,1.053,-0.473,1.155,
18:19:27.007,52.649,39.600,41.800,29.330,40.494,10.270,1.306,10.353,0.705,-0.288,0.762,
18:19:27.025,52.667,39.600,41.800,29.771,40.171,9.829,1.629,9.963,0.588,-0.126,0.601,
18:19:27.043,52.685,39.600,41.800,30.220,39.834,9.380,1.966,9.583,0.525,0.019,0.525,
18:19:27.063,52.704,39.600,44.000,30.693,39.471,8.907,4.529,9.993,0.799,0.146,0.812,
18:19:27.083,52.724,39.600,44.000,31.179,39.088,8.421,4.912,9.749,1.042,0.254,1.072,
18:19:27.091,52.733,39.600,44.000,31.380,38.927,8.220,5.073,9.660,1.288,0.305,1.323,
18:19:27.109,52.750,39.600,44.000,31.793,38.590,7.807,5.410,9.498,1.439,0.389,1.490,
18:19:27.118,52.760,39.600,41.800,32.009,38.412,7.591,3.388,8.313,1.170,0.431,1.246,
18:19:27.135,52.776,39.600,41.800,32.398,38.084,7.202,3.716,8.104,1.080,0.496,1.188,
18:19:27.153,52.794,39.600,41.800,32.823,37.718,6.777,4.082,7.911,1.038,0.554,1.176,
18:19:27.162,52.804,39.600,41.800,33.031,37.536,6.569,4.264,7.832,1.002,0.576,1.156,
18:19:27.181,52.823,37.400,41.800,33.476,37.140,3.924,4.660,6.092,1.028,0.885,1.357,
18:19:27.191,52.833,37.400,41.800,33.688,36.947,3.712,4.853,6.110,1.079,1.176,1.596,
18:19:27.209,52.850,37.400,41.800,34.089,36.578,3.311,5.222,6.183,1.143,1.353,1.771,
18:19:27.219,52.861,37.400,41.800,34.320,36.361,3.080,5.439,6.250,1.227,1.461,1.908,
18:19:27.236,52.878,39.600,39.600,34.694,36.005,4.906,3.595,6.082,1.041,1.271,1.643,
18:19:27.257,52.898,39.600,39.600,35.150,35.560,4.450,4.040,6.011,0.948,1.125,1.471,
18:19:27.278,52.919,39.600,39.600,35.608,35.101,3.992,4.499,6.015,0.936,1.010,1.376,
18:19:27.287,52.929,39.600,39.600,35.813,34.892,3.787,4.708,6.042,0.981,0.887,1.323,
18:19:27.304,52.946,41.800,39.600,36.172,34.519,5.628,5.081,7.582,1.038,0.562,1.181,
18:19:27.323,52.965,41.800,39.600,36.582,34.085,5.218,5.515,7.593,1.133,0.354,1.187,
18:19:27.342,52.984,41.800,39.600,36.971,33.662,4.829,5.938,7.654,1.256,0.242,1.279,
18:19:27.351,52.993,41.800,39.600,37.153,33.462,4.647,6.138,7.699,1.407,0.212,1.423,
18:19:27.369,53.011,39.600,39.600,37.521,33.049,2.079,6.551,6.874,1.518,0.467,1.588,
18:19:27.379,53.020,39.600,39.600,37.707,32.835,1.893,6.765,7.024,1.641,0.803,1.827,
18:19:27.396,53.038,39.600,39.600,38.056,32.430,1.544,7.170,7.334,1.744,0.981,2.001,
18:19:27.415,53.057,39.600,39.600,38.433,31.982,1.167,7.618,7.706,1.853,1.134,2.173,
18:19:27.436,53.078,41.800,39.600,38.839,31.489,2.961,8.111,8.635,1.965,0.984,2.198,
18:19:27.455,53.096,41.800,39.600,39.202,31.036,2.598,8.564,8.950,2.069,0.873,2.246,
18:19:27.473,53.115,41.800,39.600,39.552,30.589,2.248,9.011,9.288,2.165,0.811,2.312,
18:19:27.494,53.135,39.600,39.600,39.937,30.084,-0.337,9.516,9.521,2.260,1.071,2.501,
18:19:27.514,53.155,39.600,39.600,40.302,29.593,-0.702,10.007,10.032,2.351,1.275,2.675,
18:19:27.535,53.176,39.600,39.600,40.679,29.072,-1.079,10.528,10.583,2.441,1.421,2.825,
18:19:27.557,53.199,41.800,39.600,41.075,28.511,0.725,11.089,11.113,2.535,1.242,2.823,
18:19:27.567,53.208,41.800,39.600,41.242,28.269,0.558,11.331,11.345,2.605,1.028,2.800,
18:19:27.583,53.225,41.800,39.600,41.528,27.846,0.272,11.754,11.757,2.671,0.942,2.832,
18:19:27.602,53.244,41.800,39.600,41.851,27.359,-0.051,12.241,12.242,2.746,0.900,2.890,
18:19:27.612,53.254,41.800,35.200,42.015,27.107,-0.215,8.093,8.096,2.027,0.884,2.212,
18:19:27.629,53.270,41.800,35.200,42.288,26.678,-0.488,8.522,8.536,1.708,0.886,1.924,
18:19:27.638,53.280,41.800,35.200,42.439,26.437,-0.639,8.763,8.787,1.450,0.915,1.715,
18:19:27.654,53.296,41.800,35.200,42.699,26.015,-0.899,9.185,9.229,1.354,0.939,1.648,
18:19:27.672,53.314,41.800,33.000,42.986,25.537,-1.186,7.463,7.556,1.094,0.979,1.468,
18:19:27.682,53.323,41.800,33.000,43.123,25.306,-1.323,7.694,7.807,0.947,1.043,1.409,
18:19:27.698,53.340,41.800,33.000,43.382,24.860,-1.582,8.140,8.292,0.913,1.083,1.416,
18:19:27.707,53.348,41.800,33.000,43.502,24.648,-1.702,8.352,8.524,1.030,1.140,1.536,
18:19:27.723,53.365,41.800,33.000,43.749,24.209,-1.949,8.791,9.005,1.115,1.175,1.620,
18:19:27.731,53.373,44.000,33.000,43.868,23.992,0.132,9.008,9.009,1.340,0.814,1.568,
18:19:27.748,53.390,44.000,33.000,44.110,23.544,-0.110,9.456,9.457,1.486,0.657,1.625,
18:19:27.756,53.398,44.000,33.000,44.228,23.321,-0.228,9.679,9.681,1.740,0.514,1.814,
18:19:27.772,53.414,44.000,33.000,44.459,22.877,-0.459,10.123,10.133,1.909,0.454,1.962,
18:19:27.780,53.421,44.000,33.000,44.558,22.684,-0.558,10.316,10.332,2.161,0.447,2.207,
18:19:27.797,53.438,46.200,26.400,44.792,22.218,1.408,4.182,4.413,1.560,0.195,1.572,
18:19:27.814,53.455,46.200,26.400,45.019,21.755,1.181,4.645,4.793,1.108,0.031,1.109,
18:19:27.835,53.476,46.200,26.400,45.299,21.166,0.901,5.234,5.311,0.876,-0.038,0.877,
18:19:27.852,53.494,48.400,26.400,45.522,20.682,2.878,5.718,6.402,0.824,-0.312,0.881,
18:19:27.860,53.502,48.400,26.400,45.627,20.449,2.773,5.951,6.566,0.925,-0.488,1.046,
18:19:27.878,53.520,48.400,26.400,45.852,19.941,2.548,6.459,6.944,1.001,-0.559,1.146,
18:19:27.887,53.529,48.400,26.400,45.957,19.696,2.443,6.704,7.135,1.224,-0.508,1.325,
18:19:27.905,53.546,48.400,26.400,46.164,19.207,2.236,7.193,7.533,1.373,-0.471,1.452,
18:19:27.924,53.566,48.400,22.000,46.390,18.655,2.010,3.345,3.903,1.044,-0.380,1.110,
18:19:27.943,53.585,48.400,22.000,46.609,18.101,1.791,3.899,4.291,0.880,-0.245,0.914,
18:19:27.963,53.605,48.400,22.000,46.829,17.524,1.571,4.476,4.744,0.870,-0.099,0.876,
18:19:27.982,53.624,52.800,17.600,47.026,16.987,5.774,0.613,5.806,0.390,-0.538,0.664,
18:19:27.989,53.631,52.800,17.600,47.100,16.781,5.700,0.819,5.759,0.003,-0.991,0.991,
18:19:28.008,53.650,52.800,17.600,47.291,16.235,5.509,1.365,5.676,-0.102,-1.131,1.136,
18:19:28.016,53.658,52.800,17.600,47.373,15.992,5.427,1.608,5.660,-0.015,-1.180,1.180,
18:19:28.033,53.675,52.800,17.600,47.533,15.513,5.267,2.087,5.666,0.074,-1.179,1.182,
18:19:28.052,53.694,50.600,15.400,47.712,14.951,2.888,0.449,2.922,-0.005,-0.851,0.851,
18:19:28.060,53.702,50.600,15.400,47.787,14.712,2.813,0.688,2.896,0.064,-0.385,0.391,
18:19:28.077,53.719,50.600,15.400,47.937,14.213,2.663,1.187,2.915,0.155,-0.149,0.215,
18:19:28.096,53.738,50.600,15.400,48.099,13.657,2.501,1.743,3.049,0.334,0.049,0.337,
18:19:28.114,53.756,52.800,11.000,48.249,13.116,4.551,-2.116,5.019,0.011,-0.078,0.079,
18:19:28.134,53.776,52.800,11.000,48.408,12.516,4.392,-1.516,4.646,-0.109,-0.159,0.193,
18:19:28.153,53.794,52.800,11.000,48.545,11.974,4.255,-0.974,4.365,-0.074,-0.208,0.221,
18:19:28.175,53.816,55.000,8.800,48.704,11.309,6.296,-2.509,6.777,-0.205,-0.492,0.533,
18:19:28.193,53.835,55.000,8.800,48.827,10.766,6.173,-1.966,6.478,-0.176,-0.682,0.705,
18:19:28.202,53.843,55.000,8.800,48.883,10.512,6.117,-1.712,6.353,-0.026,-0.812,0.813,
18:19:28.218,53.860,55.000,8.800,48.988,10.007,6.012,-1.207,6.132,0.107,-0.862,0.868,
18:19:28.227,53.868,55.000,8.800,49.037,9.765,5.963,-0.965,6.040,0.345,-0.844,0.912,
18:19:28.243,53.885,55.000,4.400,49.133,9.269,5.867,-4.869,7.624,-0.008,-0.830,0.830,
18:19:28.252,53.893,55.000,4.400,49.181,9.011,5.819,-4.611,7.424,-0.322,-0.756,0.822,
18:19:28.268,53.910,55.000,4.400,49.268,8.522,5.732,-4.122,7.060,-0.415,-0.709,0.822,
18:19:28.277,53.918,55.000,4.400,49.313,8.262,5.687,-3.862,6.875,-0.392,-0.618,0.732,
18:19:28.294,53.935,55.000,4.400,49.397,7.745,5.603,-3.345,6.526,-0.318,-0.563,0.647,
18:19:28.313,53.954,55.000,2.200,49.484,7.165,5.516,-4.965,7.421,-0.417,-0.502,0.653,
18:19:28.320,53.962,55.000,2.200,49.516,6.941,5.484,-4.741,7.249,-0.417,-0.416,0.589,
18:19:28.337,53.979,55.000,2.200,49.585,6.427,5.415,-4.227,6.869,-0.353,-0.368,0.509,
18:19:28.354,53.996,55.000,2.200,49.649,5.916,5.351,-3.716,6.515,-0.203,-0.326,0.383,
18:19:28.372,54.014,50.600,-0.000,49.712,5.359,0.888,-5.359,5.432,-0.276,0.261,0.379,
18:19:28.380,54.021,50.600,-0.000,49.735,5.144,0.865,-5.144,5.216,-0.287,0.918,0.962,
18:19:28.396,54.037,50.600,-0.000,49.783,4.650,0.817,-4.650,4.721,-0.221,1.196,1.217,
18:19:28.413,54.054,50.600,-0.000,49.829,4.127,0.771,-4.127,4.198,-0.087,1.355,1.358,
18:19:28.421,54.062,50.600,-0.000,49.849,3.887,0.751,-3.887,3.959,0.127,1.385,1.391,
18:19:28.438,54.079,52.800,-0.000,49.886,3.368,2.914,-3.368,4.454,0.293,1.149,1.186,
18:19:28.448,54.090,52.800,-0.000,49.907,3.045,2.893,-3.045,4.200,0.497,0.818,0.957,
18:19:28.466,54.108,52.800,-0.000,49.937,2.503,2.863,-2.503,3.803,0.680,0.617,0.918,
18:19:28.485,54.127,52.800,-0.000,49.964,1.906,2.836,-1.906,3.418,0.873,0.433,0.974,
18:19:28.504,54.146,55.000,-4.400,49.982,1.339,5.018,-5.739,7.623,0.493,-0.012,0.493,
18:19:28.526,54.168,55.000,-4.400,49.996,0.642,5.004,-5.042,7.104,0.299,-0.322,0.440,
18:19:28.544,54.186,55.000,-4.400,50.000,0.096,5.000,-4.496,6.724,0.222,-0.528,0.572,
18:19:28.563,54.204,55.000,-4.400,49.998,-0.470,5.002,-3.930,6.361,0.248,-0.647,0.693,
18:19:28.571,54.213,55.000,-4.400,49.995,-0.726,5.005,-3.674,6.209,0.351,-0.667,0.753,
18:19:28.589,54.230,55.000,-4.400,49.984,-1.270,5.016,-3.130,5.913,0.447,-0.714,0.843,
18:19:28.597,54.239,55.000,-4.400,49.977,-1.524,5.023,-2.876,5.788,0.612,-0.670,0.908,
18:19:28.615,54.256,55.000,-4.400,49.958,-2.059,5.042,-2.341,5.560,0.740,-0.678,1.004,
18:19:28.634,54.275,52.800,-4.400,49.930,-2.638,2.870,-1.762,3.368,0.897,-0.393,0.979,
18:19:28.653,54.295,52.800,-4.400,49.895,-3.237,2.905,-1.163,3.129,1.068,-0.164,1.081,
18:19:28.670,54.311,52.800,-4.400,49.860,-3.745,2.940,-0.655,3.013,1.235,0.004,1.235,
18:19:28.677,54.319,52.800,-4.400,49.843,-3.961,2.957,-0.439,2.990,1.399,0.149,1.407,
18:19:28.694,54.335,52.800,-4.400,49.800,-4.469,3.000,0.069,3.001,1.523,0.206,1.537,
18:19:28.712,54.353,52.800,-4.400,49.747,-5.028,3.053,0.628,3.117,1.644,0.218,1.658,
18:19:28.720,54.362,52.800,-4.400,49.720,-5.283,3.080,0.883,3.204,1.740,0.175,1.749,
18:19:28.738,54.380,52.800,-4.400,49.659,-5.833,3.141,1.433,3.453,1.839,0.149,1.845,
18:19:28.747,54.389,55.000,-4.400,49.627,-6.092,5.373,1.692,5.633,1.909,-0.332,1.938,
18:19:28.766,54.408,55.000,-4.400,49.551,-6.683,5.449,2.283,5.907,1.996,-0.559,2.073,
18:19:28.787,54.428,55.000,-4.400,49.464,-7.302,5.536,2.902,6.250,2.082,-0.748,2.212,
18:19:28.805,54.447,55.000,-6.600,49.377,-7.866,5.623,1.266,5.763,1.870,-0.882,2.068,
18:19:28.824,54.466,55.000,-6.600,49.281,-8.450,5.719,1.850,6.011,1.749,-0.968,1.999,
18:19:28.845,54.487,55.000,-6.600,49.170,-9.074,5.830,2.474,6.334,1.709,-1.016,1.989,
18:19:28.866,54.507,52.800,-6.600,49.052,-9.690,3.748,3.090,4.858,1.731,-0.752,1.887,
18:19:28.884,54.525,52.800,-6.600,48.940,-10.240,3.860,3.640,5.305,1.793,-0.553,1.877,
18:19:28.905,54.547,52.800,-6.600,48.802,-10.880,3.998,4.280,5.857,1.886,-0.439,1.936,
18:19:28.927,54.568,55.000,-8.800,48.652,-11.532,6.348,2.732,6.911,1.724,-0.664,1.847,
18:19:28.946,54.588,55.000,-8.800,48.513,-12.105,6.487,3.305,7.281,1.654,-0.849,1.859,
18:19:28.965,54.607,55.000,-8.800,48.363,-12.688,6.637,3.888,7.692,1.665,-0.984,1.934,
18:19:28.983,54.625,52.800,-6.600,48.220,-13.224,4.580,6.624,8.053,2.028,-0.784,2.174,
18:19:29.002,54.644,52.800,-6.600,48.061,-13.790,4.739,7.190,8.611,2.321,-0.659,2.412,
18:19:29.021,54.662,52.800,-6.600,47.903,-14.330,4.897,7.730,9.151,2.560,-0.589,2.627,
18:19:29.029,54.670,52.800,-6.600,47.833,-14.561,4.967,7.961,9.383,2.785,-0.543,2.837,
18:19:29.048,54.690,52.800,-8.800,47.657,-15.127,5.143,6.327,8.154,2.666,-0.539,2.720,
18:19:29.057,54.698,52.800,-8.800,47.579,-15.371,5.221,6.571,8.393,2.481,-0.570,2.546,
18:19:29.073,54.715,52.800,-8.800,47.421,-15.850,5.379,7.050,8.867,2.429,-0.600,2.502,
18:19:29.092,54.734,52.800,-8.800,47.231,-16.409,5.569,7.609,9.429,2.427,-0.651,2.513,
18:19:29.101,54.743,52.800,-8.800,47.145,-16.653,5.655,7.853,9.677,2.445,-0.731,2.552,
18:19:29.117,54.758,52.800,-11.000,46.983,-17.105,5.817,6.105,8.433,2.201,-0.787,2.337,
18:19:29.133,54.775,52.800,-11.000,46.811,-17.570,5.989,6.570,8.890,2.053,-0.850,2.222,
18:19:29.155,54.797,52.800,-11.000,46.568,-18.205,6.232,7.205,9.526,2.012,-0.921,2.212,
18:19:29.174,54.815,50.600,-15.400,46.357,-18.735,4.243,3.335,5.396,1.471,-0.702,1.630,
18:19:29.194,54.836,50.600,-15.400,46.119,-19.315,4.481,3.915,5.951,1.180,-0.581,1.315,
18:19:29.213,54.855,50.600,-15.400,45.890,-19.851,4.710,4.451,6.480,1.078,-0.531,1.202,
18:19:29.221,54.863,50.600,-15.400,45.793,-20.074,4.807,4.674,6.705,1.150,-0.529,1.266,
18:19:29.239,54.880,50.600,-17.600,45.572,-20.571,5.028,2.971,5.840,0.918,-0.546,1.069,
18:19:29.247,54.889,50.600,-17.600,45.466,-20.805,5.134,3.205,6.052,0.828,-0.612,1.030,
18:19:29.264,54.906,50.600,-17.600,45.250,-21.271,5.350,3.671,6.489,0.805,-0.665,1.044,
18:19:29.284,54.925,50.600,-17.600,44.988,-21.820,5.612,4.220,7.021,0.894,-0.743,1.162,
18:19:29.306,54.948,50.600,-19.800,44.680,-22.444,5.920,2.644,6.484,0.811,-0.844,1.171,
18:19:29.325,54.967,50.600,-19.800,44.411,-22.970,6.189,3.170,6.954,0.863,-0.952,1.285,
18:19:29.344,54.986,50.600,-19.800,44.147,-23.475,6.453,3.675,7.426,0.994,-1.055,1.449,
18:19:29.363,55.005,48.400,-24.200,43.870,-23.988,4.530,-0.212,4.535,0.592,-0.862,1.046,
18:19:29.383,55.025,48.400,-24.200,43.565,-24.538,4.835,0.338,4.847,0.409,-0.762,0.865,
18:19:29.403,55.045,48.400,-24.200,43.266,-25.060,5.134,0.860,5.205,0.392,-0.733,0.831,
18:19:29.411,55.052,48.400,-24.200,43.152,-25.257,5.248,1.057,5.353,0.534,-0.744,0.915,
18:19:29.427,55.068,46.200,-28.600,42.901,-25.681,3.299,-2.919,4.405,0.067,-0.495,0.500,
18:19:29.447,55.088,46.200,-28.600,42.581,-26.208,3.619,-2.392,4.338,-0.174,-0.365,0.405,
18:19:29.466,55.108,46.200,-28.600,42.260,-26.723,3.940,-1.877,4.365,-0.225,-0.332,0.401,
18:19:29.484,55.126,44.000,-33.000,41.963,-27.186,2.037,-5.814,6.160,-0.716,-0.083,0.721,
18:19:29.503,55.145,44.000,-33.000,41.639,-27.680,2.361,-5.320,5.821,-0.930,0.020,0.930,
18:19:29.527,55.168,44.000,-33.000,41.236,-28.278,2.764,-4.722,5.472,-0.934,0.007,0.934,
18:19:29.537,55.178,44.000,-33.000,41.066,-28.523,2.934,-4.477,5.352,-0.695,-0.126,0.706,
18:19:29.554,55.195,44.000,-35.200,40.764,-28.953,3.236,-6.247,7.035,-0.810,-0.225,0.841,
18:19:29.575,55.216,44.000,-35.200,40.389,-29.475,3.611,-5.725,6.769,-0.782,-0.359,0.861,
18:19:29.596,55.238,44.000,-35.200,39.995,-30.007,4.005,-5.193,6.558,-0.630,-0.527,0.821,
18:19:29.614,55.256,41.800,-39.600,39.662,-30.446,2.138,-9.154,9.401,-0.997,-0.403,1.075,
18:19:29.635,55.276,41.800,-39.600,39.268,-30.952,2.532,-8.648,9.011,-1.133,-0.378,1.195,
18:19:29.652,55.294,41.800,-39.600,38.937,-31.367,2.863,-8.233,8.716,-1.109,-0.413,1.184,
18:19:29.661,55.303,41.800,-39.600,38.762,-31.583,3.038,-8.017,8.573,-0.966,-0.486,1.081,
18:19:29.677,55.319,39.600,-41.800,38.445,-31.968,1.155,-9.832,9.900,-1.116,-0.288,1.153,
18:19:29.698,55.339,39.600,-41.800,38.045,-32.443,1.555,-9.357,9.485,-1.135,-0.202,1.153,
18:19:29.709,55.350,39.600,-41.800,37.836,-32.687,1.764,-9.113,9.282,-1.032,-0.181,1.047,
18:19:29.725,55.366,39.600,-41.800,37.507,-33.064,2.093,-8.736,8.984,-0.912,-0.216,0.937,
18:19:29.745,55.387,39.600,-44.000,37.092,-33.529,2.508,-10.471,10.767,-1.013,-0.306,1.058,
18:19:29.766,55.408,39.600,-44.000,36.645,-34.017,2.955,-9.983,10.411,-1.002,-0.444,1.096,
18:19:29.783,55.424,39.600,-44.000,36.307,-34.377,3.293,-9.623,10.171,-0.902,-0.608,1.088,
18:19:29.791,55.432,39.600,-44.000,36.141,-34.552,3.459,-9.448,10.061,-0.742,-0.788,1.082,
18:19:29.808,55.450,39.600,-46.200,35.768,-34.937,3.832,-11.263,11.897,-0.883,-0.917,1.273,
18:19:29.817,55.459,39.600,-46.200,35.578,-35.131,4.022,-11.069,11.777,-0.985,-1.052,1.441,
18:19:29.835,55.476,39.600,-46.200,35.194,-35.516,4.406,-10.684,11.557,-0.981,-1.170,1.527,
18:19:29.855,55.496,39.600,-46.200,34.755,-35.945,4.845,-10.255,11.342,-0.909,-1.291,1.579,
18:19:29.873,55.515,37.400,-46.200,34.335,-36.347,3.065,-9.853,10.318,-0.783,-1.122,1.368,
18:19:29.895,55.537,37.400,-46.200,33.851,-36.798,3.549,-9.402,10.049,-0.633,-1.043,1.220,
18:19:29.916,55.558,37.400,-46.200,33.373,-37.232,4.027,-8.968,9.830,-0.469,-1.032,1.134,
18:19:29.936,55.578,33.000,-46.200,32.909,-37.643,0.091,-8.557,8.558,-0.311,-0.499,0.588,
18:19:29.956,55.598,33.000,-46.200,32.444,-38.045,0.556,-8.155,8.174,-0.166,-0.198,0.258,
18:19:29.974,55.615,33.000,-46.200,32.023,-38.400,0.977,-7.800,7.861,-0.040,-0.073,0.083,
18:19:29.995,55.637,33.000,-44.000,31.520,-38.814,1.480,-5.186,5.393,0.350,-0.080,0.359,
18:19:30.017,55.658,33.000,-44.000,30.996,-39.233,2.004,-4.767,5.171,0.636,-0.190,0.664,
18:19:30.036,55.677,33.000,-44.000,30.538,-39.591,2.462,-4.409,5.050,0.826,-0.368,0.904,
18:19:30.055,55.697,33.000,-44.000,30.062,-39.954,2.938,-4.046,5.001,0.945,-0.565,1.101,
18:19:30.077,55.719,33.000,-44.000,29.511,-40.362,3.489,-3.638,5.041,1.020,-0.771,1.278,
18:19:30.088,55.730,33.000,-44.000,29.247,-40.554,3.753,-3.446,5.095,1.005,-0.996,1.415,
18:19:30.108,55.749,33.000,-44.000,28.750,-40.907,4.250,-3.093,5.256,1.034,-1.168,1.560,
18:19:30.119,55.761,33.000,-46.200,28.472,-41.101,4.528,-5.099,6.819,0.641,-1.330,1.476,
18:19:30.137,55.779,33.000,-46.200,28.005,-41.421,4.995,-4.779,6.913,0.458,-1.472,1.541,
18:19:30.148,55.790,33.000,-46.200,27.728,-41.607,5.272,-4.593,6.992,0.286,-1.591,1.616,
18:19:30.168,55.809,33.000,-46.200,27.228,-41.936,5.772,-4.264,7.176,0.216,-1.711,1.724,
18:19:30.178,55.820,30.800,-46.200,26.972,-42.101,3.828,-4.099,5.608,0.185,-1.415,1.427,
18:19:30.197,55.839,30.800,-46.200,26.473,-42.417,4.327,-3.783,5.748,0.185,-1.331,1.343,
18:19:30.208,55.850,30.800,-46.200,26.183,-42.596,4.617,-3.604,5.857,0.231,-1.254,1.275,
18:19:30.227,55.869,30.800,-46.200,25.683,-42.900,5.117,-3.300,6.089,0.275,-1.266,1.295,
18:19:30.238,55.880,30.800,-46.200,25.407,-43.063,5.393,-3.137,6.238,0.354,-1.308,1.355,
18:19:30.256,55.898,30.800,-46.200,24.928,-43.343,5.872,-2.857,6.531,0.413,-1.379,1.440,
18:19:30.275,55.917,30.800,-46.200,24.414,-43.634,6.386,-2.566,6.882,0.482,-1.485,1.561,
18:19:30.294,55.936,30.800,-44.000,23.907,-43.914,6.893,-0.086,6.894,0.836,-1.612,1.816,
18:19:30.314,55.955,30.800,-44.000,23.374,-44.200,7.426,0.200,7.428,1.098,-1.751,2.067,
18:19:30.334,55.975,30.800,-44.000,22.825,-44.486,7.975,0.486,7.990,1.276,-1.893,2.283,
18:19:30.353,55.995,30.800,-44.000,22.292,-44.756,8.508,0.756,8.541,1.383,-2.032,2.458,
18:19:30.363,56.005,30.800,-44.000,22.024,-44.888,8.776,0.888,8.820,1.420,-2.157,2.582,
18:19:30.382,56.024,30.800,-44.000,21.505,-45.139,9.295,1.139,9.364,1.458,-2.269,2.697,
18:19:30.391,56.033,30.800,-44.000,21.250,-45.259,9.550,1.259,9.632,1.434,-2.366,2.766,
18:19:30.409,56.050,28.600,-46.200,20.766,-45.484,7.834,-0.716,7.866,1.169,-2.194,2.486,
18:19:30.419,56.060,28.600,-46.200,20.490,-45.609,8.110,-0.591,8.132,0.872,-2.015,2.195,
18:19:30.435,56.077,28.600,-46.200,20.024,-45.815,8.576,-0.385,8.584,0.718,-1.960,2.087,
18:19:30.455,56.096,28.600,-46.200,19.467,-46.054,9.133,-0.146,9.134,0.623,-1.974,2.070,
18:19:30.475,56.117,26.400,-46.200,18.885,-46.297,7.515,0.097,7.516,0.581,-1.771,1.864,
18:19:30.496,56.138,26.400,-46.200,18.287,-46.536,8.113,0.336,8.120,0.582,-1.691,1.789,
18:19:30.516,56.158,26.400,-46.200,17.721,-46.754,8.679,0.554,8.697,0.615,-1.713,1.820,
18:19:30.534,56.175,24.200,-48.400,17.203,-46.947,6.997,-1.453,7.146,0.366,-1.505,1.549,
18:19:30.555,56.197,24.200,-48.400,16.575,-47.173,7.625,-1.227,7.723,0.231,-1.451,1.469,
18:19:30.574,56.216,24.200,-48.400,16.030,-47.361,8.170,-1.039,8.236,0.177,-1.506,1.516,
18:19:30.594,56.236,22.000,-48.400,15.442,-47.556,6.558,-0.844,6.612,0.178,-1.345,1.356,
18:19:30.616,56.258,22.000,-48.400,14.790,-47.762,7.210,-0.638,7.238,0.218,-1.330,1.348,
18:19:30.633,56.275,22.000,-48.400,14.296,-47.913,7.704,-0.487,7.720,0.292,-1.420,1.450,
18:19:30.651,56.293,22.000,-48.400,13.765,-48.068,8.235,-0.332,8.242,0.363,-1.557,1.599,
18:19:30.660,56.301,22.000,-48.400,13.526,-48.136,8.474,-0.264,8.478,0.466,-1.778,1.839,
18:19:30.677,56.319,22.000,-48.400,12.996,-48.281,9.004,-0.119,9.004,0.516,-1.919,1.987,
18:19:30.695,56.337,22.000,-48.400,12.458,-48.423,9.542,0.023,9.542,0.569,-2.091,2.167,
18:19:30.712,56.354,17.600,-50.600,11.970,-48.546,5.630,-2.054,5.993,0.323,-1.683,1.714,
18:19:30.721,56.362,17.600,-50.600,11.717,-48.608,5.883,-1.992,6.211,0.092,-1.319,1.322,
18:19:30.741,56.382,17.600,-50.600,11.110,-48.750,6.490,-1.850,6.748,-0.001,-1.221,1.221,
18:19:30.749,56.391,17.600,-50.600,10.858,-48.807,6.742,-1.793,6.976,-0.049,-1.223,1.224,
18:19:30.765,56.407,15.400,-50.600,10.382,-48.910,5.018,-1.690,5.295,-0.067,-0.998,1.000,
18:19:30.784,56.426,15.400,-50.600,9.817,-49.027,5.583,-1.573,5.800,-0.054,-0.921,0.922,
18:19:30.803,56.445,15.400,-50.600,9.243,-49.138,6.157,-1.462,6.328,-0.011,-0.974,0.974,
18:19:30.823,56.465,8.800,-52.800,8.646,-49.247,0.154,-3.553,3.557,-0.233,-0.283,0.367,
18:19:30.842,56.483,8.800,-52.800,8.083,-49.342,0.717,-3.458,3.531,-0.365,0.097,0.377,
18:19:30.851,56.493,8.800,-52.800,7.801,-49.388,0.999,-3.412,3.556,-0.429,0.259,0.502,
18:19:30.868,56.509,8.800,-52.800,7.299,-49.464,1.501,-3.336,3.658,-0.455,0.286,0.538,
18:19:30.878,56.519,6.600,-50.600,7.004,-49.507,-0.404,-1.093,1.165,-0.049,0.495,0.497,
18:19:30.895,56.537,6.600,-50.600,6.459,-49.581,0.141,-1.019,1.029,0.161,0.537,0.560,
18:19:30.915,56.557,6.600,-50.600,5.864,-49.655,0.736,-0.945,1.198,0.338,0.412,0.533,
18:19:30.933,56.575,4.400,-55.000,5.306,-49.718,-0.906,-5.282,5.359,-0.101,0.443,0.454,
18:19:30.942,56.584,4.400,-55.000,5.042,-49.745,-0.642,-5.255,5.294,-0.551,0.318,0.636,
18:19:30.959,56.601,4.400,-55.000,4.522,-49.795,-0.122,-5.205,5.206,-0.747,0.187,0.771,
18:19:30.969,56.610,4.400,-55.000,4.236,-49.820,0.164,-5.180,5.182,-0.882,-0.068,0.885,
18:19:30.986,56.627,4.400,-55.000,3.717,-49.862,0.683,-5.138,5.184,-0.947,-0.275,0.986,
18:19:31.005,56.647,-0.000,-55.000,3.123,-49.902,-3.123,-5.098,5.978,-0.955,0.003,0.955,
18:19:31.024,56.666,-0.000,-55.000,2.535,-49.936,-2.535,-5.064,5.663,-0.913,0.120,0.921,
18:19:31.043,56.685,-0.000,-55.000,1.948,-49.962,-1.948,-5.038,5.401,-0.843,0.092,0.848,
18:19:31.066,56.707,-2.200,-57.200,1.257,-49.984,-3.457,-7.216,8.001,-1.040,0.227,1.064,
18:19:31.083,56.725,-2.200,-57.200,0.718,-49.995,-2.918,-7.205,7.774,-1.151,0.210,1.170,
18:19:31.103,56.745,-2.200,-57.200,0.106,-50.000,-2.306,-7.200,7.560,-1.194,0.092,1.198,
18:19:31.121,56.763,-4.400,-55.000,-0.462,-49.998,-3.938,-5.002,6.367,-0.892,0.190,0.912,
18:19:31.129,56.770,-4.400,-55.000,-0.681,-49.995,-3.719,-5.005,6.235,-0.506,0.211,0.548,
18:19:31.145,56.787,-4.400,-55.000,-1.183,-49.986,-3.217,-5.014,5.957,-0.351,0.148,0.381,
18:19:31.165,56.806,-4.400,-55.000,-1.787,-49.968,-2.613,-5.032,5.670,-0.243,0.007,0.244,
18:19:31.184,56.825,-6.600,-55.000,-2.370,-49.944,-4.230,-5.056,6.593,-0.177,0.083,0.195,
18:19:31.203,56.845,-6.600,-55.000,-2.978,-49.911,-3.622,-5.089,6.246,-0.149,0.044,0.155,
18:19:31.224,56.866,-6.600,-55.000,-3.610,-49.869,-2.990,-5.131,5.938,-0.152,-0.081,0.172,
18:19:31.244,56.885,-6.600,-55.000,-4.216,-49.822,-2.384,-5.178,5.700,-0.178,-0.263,0.317,
18:19:31.263,56.904,-6.600,-55.000,-4.799,-49.769,-1.801,-5.231,5.532,-0.218,-0.470,0.518,
18:19:31.272,56.913,-6.600,-55.000,-5.061,-49.743,-1.539,-5.257,5.477,-0.282,-0.703,0.757,
18:19:31.293,56.934,-6.600,-55.000,-5.710,-49.673,-0.890,-5.327,5.401,-0.317,-0.889,0.944,
18:19:31.303,56.945,-6.600,-55.000,-6.018,-49.637,-0.582,-5.363,5.395,-0.368,-1.078,1.139,
18:19:31.323,56.964,-6.600,-55.000,-6.625,-49.559,0.025,-5.441,5.441,-0.406,-1.248,1.313,
18:19:31.343,56.985,-6.600,-55.000,-7.249,-49.472,0.649,-5.528,5.566,-0.449,-1.414,1.484,
18:19:31.365,57.006,-11.000,-55.000,-7.896,-49.373,-3.104,-5.627,6.427,-0.493,-1.015,1.128,
18:19:31.384,57.026,-11.000,-55.000,-8.496,-49.273,-2.504,-5.727,6.250,-0.535,-0.765,0.933,
18:19:31.403,57.045,-11.000,-55.000,-9.073,-49.170,-1.927,-5.830,6.140,-0.573,-0.658,0.873,
18:19:31.425,57.067,-8.800,-55.000,-9.721,-49.046,0.921,-5.954,6.025,-0.612,-0.945,1.126,
18:19:31.444,57.086,-8.800,-55.000,-10.309,-48.926,1.509,-6.074,6.259,-0.648,-1.228,1.388,
18:19:31.465,57.107,-8.800,-55.000,-10.927,-48.791,2.127,-6.209,6.563,-0.685,-1.477,1.628,
18:19:31.487,57.128,-8.800,-55.000,-11.584,-48.640,2.784,-6.360,6.943,-0.724,-1.697,1.845,
18:19:31.506,57.148,-8.800,-55.000,-12.168,-48.497,3.368,-6.503,7.324,-0.761,-1.883,2.031,
18:19:31.518,57.160,-8.800,-55.000,-12.528,-48.405,3.728,-6.595,7.575,-0.791,-2.028,2.177,
18:19:31.535,57.177,-8.800,-55.000,-13.018,-48.276,4.218,-6.724,7.938,-0.824,-2.149,2.302,
18:19:31.555,57.197,-11.000,-52.800,-13.624,-48.108,2.624,-4.692,5.376,-0.593,-1.995,2.082,
18:19:31.574,57.216,-11.000,-52.800,-14.187,-47.945,3.187,-4.855,5.808,-0.434,-1.893,1.942,
18:19:31.599,57.241,-11.000,-52.800,-14.931,-47.719,3.931,-5.081,6.424,-0.367,-1.882,1.918,
18:19:31.608,57.249,-11.000,-52.800,-15.171,-47.643,4.171,-5.157,6.632,-0.359,-1.889,1.923,
18:19:31.624,57.266,-13.200,-52.800,-15.642,-47.490,2.442,-5.310,5.844,-0.367,-1.636,1.677,
18:19:31.644,57.286,-13.200,-52.800,-16.236,-47.290,3.036,-5.510,6.291,-0.409,-1.515,1.569,
18:19:31.662,57.303,-13.200,-52.800,-16.739,-47.115,3.539,-5.685,6.697,-0.484,-1.485,1.562,
18:19:31.670,57.311,-13.200,-52.800,-16.966,-47.033,3.766,-5.767,6.888,-0.594,-1.535,1.646,
18:19:31.689,57.330,-13.200,-55.000,-17.520,-46.830,4.320,-8.170,9.242,-0.921,-1.581,1.830,
18:19:31.698,57.339,-13.200,-55.000,-17.765,-46.738,4.565,-8.262,9.439,-1.298,-1.714,2.150,
18:19:31.714,57.356,-13.200,-55.000,-18.234,-46.557,5.034,-8.443,9.830,-1.502,-1.805,2.349,
18:19:31.735,57.376,-13.200,-55.000,-18.830,-46.319,5.630,-8.681,10.347,-1.657,-1.930,2.544,
18:19:31.753,57.395,-15.400,-52.800,-19.355,-46.102,3.955,-6.698,7.779,-1.466,-1.794,2.317,
18:19:31.774,57.416,-15.400,-52.800,-19.949,-45.848,4.549,-6.952,8.308,-1.337,-1.754,2.205,
18:19:31.795,57.437,-15.400,-52.800,-20.533,-45.589,5.133,-7.211,8.851,-1.253,-1.787,2.182,
18:19:31.817,57.458,-15.400,-50.600,-21.131,-45.315,5.731,-5.285,7.795,-0.934,-1.873,2.093,
18:19:31.836,57.478,-15.400,-50.600,-21.679,-45.056,6.279,-5.544,8.376,-0.740,-1.992,2.125,
18:19:31.856,57.498,-15.400,-50.600,-22.243,-44.780,6.843,-5.820,8.983,-0.656,-2.125,2.224,
18:19:31.876,57.518,-22.000,-48.400,-22.778,-44.510,0.778,-3.890,3.967,-0.364,-1.393,1.440,
18:19:31.896,57.538,-22.000,-48.400,-23.335,-44.221,1.335,-4.179,4.387,-0.227,-0.958,0.985,
18:19:31.915,57.557,-22.000,-48.400,-23.846,-43.947,1.846,-4.453,4.820,-0.206,-0.749,0.777,
18:19:31.935,57.576,-22.000,-48.400,-24.370,-43.659,2.370,-4.741,5.300,-0.261,-0.711,0.757,
18:19:31.956,57.597,-22.000,-48.400,-24.934,-43.339,2.934,-5.061,5.850,-0.369,-0.793,0.875,
18:19:31.975,57.617,-22.000,-48.400,-25.448,-43.039,3.448,-5.361,6.374,-0.515,-0.965,1.094,
18:19:31.994,57.635,-26.400,-48.400,-25.941,-42.744,-0.459,-5.656,5.675,-0.670,-0.588,0.891,
18:19:32.013,57.654,-26.400,-48.400,-26.433,-42.442,0.033,-5.958,5.958,-0.821,-0.416,0.921,
18:19:32.021,57.662,-26.400,-48.400,-26.643,-42.310,0.243,-6.090,6.095,-0.991,-0.388,1.064,
18:19:32.040,57.682,-26.400,-48.400,-27.139,-41.994,0.739,-6.406,6.449,-1.107,-0.405,1.178,
18:19:32.049,57.691,-28.600,-46.200,-27.375,-41.840,-1.225,-4.360,4.529,-0.823,-0.175,0.841,
18:19:32.066,57.708,-28.600,-46.200,-27.808,-41.554,-0.792,-4.646,4.713,-0.729,-0.109,0.737,
18:19:32.085,57.726,-28.600,-46.200,-28.276,-41.237,-0.324,-4.963,4.974,-0.696,-0.159,0.713,
18:19:32.104,57.745,-33.000,-44.000,-28.758,-40.902,-4.242,-3.098,5.253,-0.438,0.257,0.508,
18:19:32.124,57.766,-33.000,-44.000,-29.268,-40.538,-3.732,-3.462,5.090,-0.310,0.447,0.544,
18:19:32.144,57.786,-33.000,-44.000,-29.777,-40.166,-3.223,-3.834,5.008,-0.292,0.453,0.539,
18:19:32.163,57.804,-30.800,-41.800,-30.225,-39.830,-0.575,-1.970,2.052,-0.056,0.029,0.063,
18:19:32.170,57.812,-30.800,-41.800,-30.414,-39.686,-0.386,-2.114,2.149,0.098,-0.543,0.552,
18:19:32.190,57.832,-30.800,-41.800,-30.899,-39.310,0.099,-2.490,2.492,0.124,-0.813,0.823,
18:19:32.200,57.841,-30.800,-41.800,-31.120,-39.135,0.320,-2.665,2.685,0.035,-1.147,1.148,
18:19:32.217,57.858,-37.400,-41.800,-31.521,-38.813,-5.879,-2.987,6.594,-0.051,-0.554,0.556,
18:19:32.237,57.879,-37.400,-41.800,-32.021,-38.401,-5.379,-3.399,6.363,-0.189,-0.166,0.251,
18:19:32.247,57.888,-37.400,-41.800,-32.230,-38.226,-5.170,-3.574,6.285,-0.415,0.166,0.447,
18:19:32.266,57.908,-37.400,-41.800,-32.685,-37.838,-4.715,-3.962,6.159,-0.570,0.275,0.633,
18:19:32.285,57.927,-39.600,-39.600,-33.120,-37.458,-6.480,-2.142,6.825,-0.464,0.533,0.707,
18:19:32.305,57.947,-39.600,-39.600,-33.583,-37.043,-6.017,-2.557,6.538,-0.441,0.615,0.757,
18:19:32.325,57.966,-39.600,-39.600,-34.028,-36.634,-5.572,-2.966,6.312,-0.484,0.560,0.740,
18:19:32.344,57.986,-41.800,-37.400,-34.468,-36.221,-7.332,-1.179,7.427,-0.287,0.704,0.760,
18:19:32.363,58.005,-41.800,-37.400,-34.893,-35.812,-6.907,-1.588,7.088,-0.211,0.705,0.736,
18:19:32.382,58.024,-41.800,-37.400,-35.303,-35.408,-6.497,-1.992,6.796,-0.229,0.608,0.649,
18:19:32.390,58.032,-41.800,-37.400,-35.482,-35.228,-6.318,-2.172,6.681,-0.316,0.397,0.507,
18:19:32.408,58.050,-46.200,-37.400,-35.862,-34.841,-10.338,-2.559,10.650,-0.399,0.799,0.893,
18:19:32.417,58.058,-46.200,-37.400,-36.042,-34.655,-10.158,-2.745,10.522,-0.541,1.151,1.272,
18:19:32.433,58.075,-46.200,-37.400,-36.394,-34.285,-9.806,-3.115,10.289,-0.655,1.275,1.433,
18:19:32.453,58.094,-46.200,-37.400,-36.802,-33.847,-9.398,-3.553,10.047,-0.793,1.273,1.500,
18:19:32.461,58.103,-46.200,-37.400,-36.973,-33.660,-9.227,-3.740,9.956,-0.963,1.113,1.472,
18:19:32.479,58.121,-46.200,-33.000,-37.335,-33.258,-8.865,0.258,8.869,-0.562,1.001,1.148,
18:19:32.487,58.129,-46.200,-33.000,-37.505,-33.066,-8.695,0.066,8.695,-0.125,0.774,0.784,
18:19:32.505,58.147,-46.200,-33.000,-37.860,-32.659,-8.340,-0.341,8.347,0.030,0.623,0.624,
18:19:32.522,58.164,-46.200,-33.000,-38.203,-32.257,-7.997,-0.743,8.031,0.074,0.442,0.448,
18:19:32.530,58.172,-46.200,-33.000,-38.352,-32.080,-7.848,-0.920,7.902,0.020,0.209,0.209,
18:19:32.546,58.187,-48.400,-35.200,-38.660,-31.708,-9.740,-3.492,10.347,-0.312,0.327,0.452,
18:19:32.563,58.205,-48.400,-35.200,-39.002,-31.287,-9.398,-3.913,10.180,-0.634,0.385,0.742,
18:19:32.582,58.224,-48.400,-35.200,-39.360,-30.835,-9.040,-4.365,10.039,-0.936,0.388,1.013,
18:19:32.590,58.232,-48.400,-35.200,-39.512,-30.640,-8.888,-4.560,9.990,-1.258,0.361,1.309,
18:19:32.608,58.250,-46.200,-30.800,-39.844,-30.207,-6.356,-0.593,6.384,-0.936,0.046,0.937,
18:19:32.617,58.259,-46.200,-30.800,-40.006,-29.992,-6.194,-0.808,6.246,-0.555,-0.312,0.637,
18:19:32.648,58.290,-46.200,-30.800,-40.574,-29.218,-5.626,-1.582,5.844,-0.481,-0.524,0.711,
18:19:32.657,58.299,-46.200,-30.800,-40.738,-28.989,-5.462,-1.811,5.754,-0.447,-0.695,0.827,
18:19:32.674,58.316,-50.600,-30.800,-41.032,-28.572,-9.568,-2.228,9.824,-0.483,-0.243,0.541,
18:19:32.706,58.347,-50.600,-30.800,-41.590,-27.754,-9.010,-3.046,9.511,-0.601,0.018,0.602,
18:19:32.728,58.369,-46.200,-30.800,-41.960,-27.191,-4.240,-3.609,5.568,-0.780,-0.389,0.871,
18:19:32.745,58.387,-46.200,-30.800,-42.254,-26.732,-3.946,-4.068,5.667,-0.961,-0.697,1.188,
18:19:32.764,58.405,-46.200,-30.800,-42.552,-26.254,-3.648,-4.546,5.828,-1.132,-0.902,1.447,
18:19:32.784,58.426,-48.400,-28.600,-42.875,-25.725,-5.525,-2.875,6.229,-1.015,-0.753,1.264,
18:19:32.803,58.445,-48.400,-28.600,-43.173,-25.221,-5.227,-3.379,6.224,-0.975,-0.635,1.164,
18:19:32.822,58.464,-48.400,-28.600,-43.470,-24.706,-4.930,-3.894,6.283,-1.005,-0.559,1.150,
18:19:32.830,58.472,-48.400,-28.600,-43.591,-24.492,-4.809,-4.108,6.325,-1.066,-0.481,1.170,
18:19:32.847,58.488,-48.400,-28.600,-43.834,-24.053,-4.566,-4.547,6.444,-1.142,-0.456,1.230,
18:19:32.865,58.506,-48.400,-28.600,-44.095,-23.571,-4.305,-5.029,6.620,-1.249,-0.452,1.328,
18:19:32.883,58.524,-48.400,-28.600,-44.353,-23.083,-4.047,-5.517,6.842,-1.376,-0.466,1.453,
18:19:32.890,58.532,-48.400,-28.600,-44.454,-22.887,-3.946,-5.713,6.943,-1.528,-0.501,1.608,
18:19:32.908,58.550,-46.200,-28.600,-44.712,-22.380,-1.488,-6.220,6.395,-1.644,-0.778,1.818,
18:19:32.917,58.559,-46.200,-28.600,-44.825,-22.153,-1.375,-6.447,6.592,-1.766,-1.102,2.082,
18:19:32.935,58.577,-46.200,-28.600,-45.068,-21.653,-1.132,-6.947,7.038,-1.876,-1.259,2.260,
18:19:32.952,58.594,-46.200,-28.600,-45.294,-21.177,-0.906,-7.423,7.478,-1.988,-1.365,2.412,
18:19:32.960,58.602,-46.200,-28.600,-45.399,-20.951,-0.801,-7.649,7.691,-2.089,-1.421,2.526,
18:19:32.978,58.620,-48.400,-28.600,-45.622,-20.461,-2.778,-8.139,8.600,-2.184,-1.196,2.490,
18:19:32.987,58.628,-48.400,-28.600,-45.730,-20.219,-2.670,-8.381,8.797,-2.264,-0.896,2.435,
18:19:33.004,58.646,-48.400,-28.600,-45.942,-19.731,-2.458,-8.869,9.203,-2.348,-0.755,2.467,
18:19:33.026,58.667,-48.400,-28.600,-46.202,-19.115,-2.198,-9.485,9.736,-2.447,-0.658,2.534,
18:19:33.045,58.687,-50.600,-26.400,-46.433,-18.547,-4.167,-7.853,8.890,-2.260,-0.318,2.283,
18:19:33.066,58.708,-50.600,-26.400,-46.665,-17.954,-3.935,-8.446,9.318,-2.163,-0.102,2.165,
18:19:33.088,58.730,-50.600,-26.400,-46.903,-17.323,-3.697,-9.077,9.801,-2.148,0.007,2.148,
18:19:33.099,58.741,-50.600,-24.200,-47.023,-16.996,-3.577,-7.204,8.043,-1.792,0.020,1.792,
18:19:33.118,58.760,-50.600,-24.200,-47.217,-16.449,-3.383,-7.751,8.457,-1.661,0.027,1.661,
18:19:33.131,58.773,-50.600,-24.200,-47.341,-16.087,-3.259,-8.113,8.743,-1.618,-0.029,1.619,
18:19:33.150,58.792,-50.600,-24.200,-47.526,-15.532,-3.074,-8.668,9.197,-1.648,-0.072,1.650,
18:19:33.160,58.802,-50.600,-24.200,-47.620,-15.242,-2.980,-8.958,9.441,-1.766,-0.169,1.774,
18:19:33.178,58.820,-50.600,-24.200,-47.786,-14.714,-2.814,-9.486,9.895,-1.869,-0.222,1.882,
18:19:33.187,58.829,-50.600,-24.200,-47.868,-14.444,-2.732,-9.756,10.132,-2.043,-0.308,2.066,
18:19:33.211,58.852,-50.600,-24.200,-48.073,-13.747,-2.527,-10.453,10.754,-2.183,-0.353,2.212,
18:19:33.219,58.861,-50.600,-22.000,-48.143,-13.501,-2.457,-8.499,8.847,-1.956,-0.425,2.002,
18:19:33.237,58.878,-50.600,-22.000,-48.284,-12.989,-2.316,-9.011,9.304,-1.911,-0.461,1.965,
18:19:33.274,58.915,-52.800,-22.000,-48.569,-11.876,-4.231,-10.124,10.972,-2.007,-0.258,2.023,
18:19:33.294,58.936,-52.800,-22.000,-48.715,-11.261,-4.085,-10.739,11.490,-2.157,-0.094,2.160,
18:19:33.312,58.953,-52.800,-22.000,-48.835,-10.730,-3.965,-11.270,11.947,-2.316,-0.005,2.316,
18:19:33.319,58.961,-52.800,-22.000,-48.882,-10.513,-3.918,-11.487,12.137,-2.506,0.034,2.507,
18:19:33.337,58.979,-52.800,-17.600,-48.997,-9.964,-3.803,-7.636,8.530,-2.101,0.065,2.102,
18:19:33.348,58.990,-52.800,-17.600,-49.062,-9.641,-3.738,-7.959,8.793,-1.741,0.052,1.741,
18:19:33.366,59.008,-52.800,-17.600,-49.165,-9.099,-3.635,-8.501,9.246,-1.598,0.045,1.599,
18:19:33.385,59.027,-52.800,-17.600,-49.270,-8.514,-3.530,-9.086,9.748,-1.586,0.020,1.586,
18:19:33.404,59.046,-52.800,-13.200,-49.364,-7.947,-3.436,-5.253,6.277,-1.107,-0.016,1.107,
18:19:33.426,59.068,-52.800,-13.200,-49.467,-7.279,-3.333,-5.921,6.794,-0.889,-0.049,0.891,
18:19:33.445,59.087,-52.800,-13.200,-49.549,-6.704,-3.251,-6.496,7.265,-0.873,-0.083,0.877,
18:19:33.466,59.107,-55.000,-8.800,-49.631,-6.067,-5.369,-2.733,6.025,-0.423,0.173,0.457,
18:19:33.487,59.129,-55.000,-8.800,-49.706,-5.415,-5.294,-3.385,6.284,-0.255,0.343,0.427,
18:19:33.507,59.148,-55.000,-8.800,-49.768,-4.809,-5.232,-3.991,6.580,-0.298,0.442,0.533,
18:19:33.527,59.169,-55.000,-6.600,-49.825,-4.185,-5.175,-2.415,5.711,-0.188,0.488,0.523,
18:19:33.538,59.179,-55.000,-6.600,-49.851,-3.861,-5.149,-2.739,5.832,-0.261,0.480,0.546,
18:19:33.557,59.198,-55.000,-6.600,-49.892,-3.284,-5.108,-3.316,6.090,-0.367,0.481,0.605,
18:19:33.576,59.218,-55.000,-6.600,-49.928,-2.687,-5.072,-3.913,6.406,-0.577,0.463,0.740,
18:19:33.596,59.238,-55.000,-0.000,-49.957,-2.065,-5.043,2.065,5.449,-0.009,0.435,0.435,
18:19:33.617,59.259,-55.000,-0.000,-49.980,-1.421,-5.020,1.421,5.218,0.269,0.404,0.486,
18:19:33.633,59.275,-55.000,-0.000,-49.991,-0.925,-5.009,0.925,5.093,0.323,0.371,0.492,
18:19:33.655,59.297,-57.200,2.200,-49.999,-0.250,-7.201,2.450,7.606,0.505,0.623,0.802,
18:19:33.677,59.319,-57.200,2.200,-49.998,0.431,-7.202,1.769,7.416,0.473,0.800,0.929,
18:19:33.697,59.338,-57.200,2.200,-49.989,1.030,-7.211,1.170,7.305,0.288,0.905,0.950,
18:19:33.716,59.357,-55.000,6.600,-49.974,1.618,-5.026,4.982,7.077,0.615,0.665,0.906,
18:19:33.739,59.381,-55.000,6.600,-49.945,2.346,-5.055,4.254,6.607,0.694,0.503,0.857,
18:19:33.749,59.390,-55.000,6.600,-49.931,2.625,-5.069,3.975,6.442,0.587,0.325,0.671,
18:19:33.767,59.408,-55.000,6.600,-49.899,3.182,-5.101,3.418,6.141,0.464,0.251,0.528,
18:19:33.787,59.429,-57.200,8.800,-49.854,3.820,-7.346,4.980,8.875,0.524,0.486,0.714,
18:19:33.798,59.440,-57.200,8.800,-49.830,4.123,-7.370,4.677,8.729,0.464,0.746,0.878,
18:19:33.817,59.458,-57.200,8.800,-49.779,4.697,-7.421,4.103,8.480,0.350,0.878,0.945,
18:19:33.835,59.477,-57.200,8.800,-49.721,5.274,-7.479,3.526,8.268,0.156,0.972,0.985,
18:19:33.854,59.496,-55.000,13.200,-49.657,5.845,-5.343,7.355,9.090,0.489,0.746,0.892,
18:19:33.875,59.517,-55.000,13.200,-49.577,6.487,-5.423,6.713,8.630,0.618,0.590,0.855,
18:19:33.893,59.534,-55.000,13.200,-49.504,7.025,-5.496,6.175,8.266,0.599,0.484,0.770,
18:19:33.914,59.555,-55.000,13.200,-49.411,7.654,-5.589,5.546,7.874,0.477,0.434,0.645,
18:19:33.932,59.573,-55.000,13.200,-49.323,8.201,-5.677,4.999,7.564,0.279,0.423,0.507,
18:19:33.939,59.580,-55.000,13.200,-49.288,8.410,-5.712,4.790,7.455,-0.010,0.452,0.452,
18:19:33.957,59.599,-55.000,13.200,-49.190,8.965,-5.810,4.235,7.190,-0.194,0.464,0.503,
18:19:33.978,59.619,-55.000,15.400,-49.072,9.589,-5.928,5.811,8.301,-0.140,0.501,0.520,
18:19:33.988,59.630,-55.000,15.400,-49.012,9.893,-5.988,5.507,8.136,-0.110,0.565,0.576,
18:19:34.007,59.648,-55.000,15.400,-48.896,10.449,-6.104,4.951,7.859,-0.170,0.612,0.635,
18:19:34.027,59.669,-55.000,15.400,-48.759,11.071,-6.241,4.329,7.595,-0.286,0.669,0.727,
18:19:34.046,59.688,-52.800,15.400,-48.628,11.634,-4.172,3.766,5.621,-0.436,0.440,0.620,
18:19:34.064,59.706,-52.800,15.400,-48.495,12.173,-4.305,3.227,5.380,-0.600,0.299,0.671,
18:19:34.083,59.725,-52.800,15.400,-48.351,12.734,-4.449,2.666,5.186,-0.766,0.236,0.802,
18:19:34.101,59.743,-52.800,17.600,-48.210,13.259,-4.590,4.341,6.318,-0.632,0.230,0.672,
18:19:34.110,59.751,-52.800,17.600,-48.143,13.499,-4.657,4.101,6.205,-0.491,0.275,0.562,
18:19:34.127,59.768,-52.800,17.600,-48.000,14.000,-4.800,3.600,6.000,-0.495,0.308,0.583,
18:19:34.135,59.777,-52.800,17.600,-47.926,14.252,-4.874,3.348,5.913,-0.524,0.386,0.651,
18:19:34.152,59.793,-52.800,17.600,-47.780,14.732,-5.020,2.868,5.781,-0.593,0.442,0.739,
18:19:34.160,59.802,-52.800,17.600,-47.704,14.978,-5.096,2.622,5.731,-0.693,0.530,0.873,
18:19:34.177,59.819,-52.800,17.600,-47.547,15.468,-5.253,2.132,5.669,-0.794,0.595,0.992,
18:19:34.193,59.834,-52.800,17.600,-47.395,15.927,-5.405,1.673,5.658,-0.915,0.669,1.134,
18:19:34.201,59.843,-52.800,17.600,-47.315,16.166,-5.485,1.434,5.670,-1.053,0.752,1.294,
18:19:34.217,59.859,-52.800,17.600,-47.150,16.639,-5.650,0.961,5.731,-1.168,0.816,1.424,
18:19:34.234,59.876,-52.800,17.600,-46.978,17.119,-5.822,0.481,5.842,-1.287,0.880,1.559,
18:19:34.254,59.896,-52.800,17.600,-46.763,17.699,-6.037,-0.099,6.038,-1.410,0.947,1.699,
18:19:34.272,59.914,-52.800,17.600,-46.567,18.209,-6.233,-0.609,6.263,-1.526,1.007,1.829,
18:19:34.280,59.922,-52.800,17.600,-46.472,18.449,-6.328,-0.849,6.385,-1.622,1.055,1.935,
18:19:34.299,59.941,-52.800,17.600,-46.252,18.994,-6.548,-1.394,6.695,-1.717,1.108,2.043,
18:19:34.309,59.950,-52.800,17.600,-46.144,19.254,-6.656,-1.654,6.858,-1.788,1.146,2.124,
18:19:34.326,59.968,-55.000,17.600,-45.933,19.753,-9.067,-2.153,9.319,-1.866,1.454,2.365,
18:19:34.346,59.987,-55.000,17.600,-45.696,20.295,-9.304,-2.695,9.687,-1.944,1.701,2.582,
18:19:34.365,60.006,-55.000,17.600,-45.452,20.835,-9.548,-3.235,10.081,-2.018,1.879,2.758,
18:19:34.383,60.024,-50.600,19.800,-45.223,21.328,-5.377,-1.528,5.590,-1.792,1.405,2.277,
18:19:34.404,60.045,-50.600,19.800,-44.939,21.920,-5.661,-2.120,6.045,-1.676,1.103,2.006,
18:19:34.423,60.065,-50.600,19.800,-44.675,22.453,-5.925,-2.653,6.492,-1.628,0.907,1.863,
18:19:34.442,60.084,-50.600,22.000,-44.415,22.964,-6.185,-0.964,6.260,-1.346,0.814,1.573,
18:19:34.451,60.092,-50.600,22.000,-44.293,23.197,-6.307,-1.197,6.419,-1.123,0.793,1.375,
18:19:34.466,60.108,-50.600,22.000,-44.066,23.627,-6.534,-1.627,6.734,-1.042,0.793,1.309,
18:19:34.486,60.128,-50.600,22.000,-43.780,24.151,-6.820,-2.151,7.151,-1.046,0.840,1.342,
18:19:34.506,60.148,-48.400,22.000,-43.477,24.694,-4.923,-2.694,5.612,-1.129,0.658,1.307,
18:19:34.524,60.166,-48.400,22.000,-43.198,25.178,-5.202,-3.178,6.096,-1.264,0.577,1.389,
18:19:34.544,60.185,-48.400,22.000,-42.892,25.695,-5.508,-3.695,6.632,-1.415,0.581,1.530,
18:19:34.564,60.206,-48.400,24.200,-42.567,26.230,-5.833,-2.030,6.176,-1.295,0.650,1.449,
18:19:34.584,60.226,-48.400,24.200,-42.237,26.758,-6.163,-2.558,6.673,-1.264,0.761,1.475,
18:19:34.603,60.244,-48.400,24.200,-41.930,27.237,-6.470,-3.037,7.147,-1.300,0.895,1.578,
18:19:34.610,60.252,-48.400,24.200,-41.807,27.426,-6.593,-3.226,7.340,-1.396,1.076,1.762,
18:19:34.629,60.271,-46.200,24.200,-41.477,27.922,-4.723,-3.722,6.013,-1.464,0.926,1.732,
18:19:34.638,60.280,-46.200,24.200,-41.335,28.132,-4.865,-3.932,6.255,-1.589,0.770,1.766,
18:19:34.659,60.300,-46.200,24.200,-40.973,28.657,-5.227,-4.457,6.870,-1.683,0.743,1.840,
18:19:34.668,60.310,-46.200,24.200,-40.800,28.903,-5.400,-4.703,7.161,-1.811,0.770,1.968,
18:19:34.686,60.328,-46.200,26.400,-40.483,29.345,-5.717,-2.945,6.431,-1.644,0.822,1.838,
18:19:34.705,60.347,-46.200,26.400,-40.131,29.824,-6.069,-3.424,6.968,-1.555,0.915,1.804,
18:19:34.727,60.368,-46.200,26.400,-39.741,30.343,-6.459,-3.943,7.568,-1.541,1.038,1.858,
18:19:34.737,60.379,-46.200,26.400,-39.549,30.592,-6.651,-4.192,7.862,-1.579,1.184,1.973,
18:19:34.755,60.396,-44.000,30.800,-39.218,31.016,-4.782,-0.216,4.787,-1.075,1.024,1.484,
18:19:34.774,60.415,-44.000,30.800,-38.850,31.475,-5.150,-0.675,5.194,-0.763,0.947,1.216,
18:19:34.794,60.435,-44.000,30.800,-38.457,31.954,-5.543,-1.154,5.662,-0.621,0.945,1.130,
18:19:34.811,60.453,-41.800,33.000,-38.106,32.372,-3.694,0.628,3.747,-0.320,0.701,0.770,
18:19:34.820,60.462,-41.800,33.000,-37.938,32.568,-3.862,0.432,3.886,-0.166,0.515,0.541,
18:19:34.838,60.480,-41.800,33.000,-37.571,32.991,-4.229,0.009,4.229,-0.112,0.473,0.486,
18:19:34.847,60.488,-41.800,33.000,-37.405,33.180,-4.395,-0.180,4.399,-0.233,0.518,0.568,
18:19:34.863,60.504,-41.800,33.000,-37.074,33.548,-4.726,-0.548,4.757,-0.308,0.574,0.651,
18:19:34.871,60.513,-41.800,35.200,-36.898,33.742,-4.902,1.458,5.114,-0.119,0.707,0.717,
18:19:34.892,60.533,-41.800,35.200,-36.476,34.198,-5.324,1.002,5.418,-0.065,0.813,0.815,
18:19:34.900,60.542,-41.800,35.200,-36.293,34.392,-5.507,0.808,5.566,-0.149,0.999,1.010,
18:19:34.916,60.558,-41.800,35.200,-35.956,34.744,-5.844,0.456,5.862,-0.227,1.132,1.154,
18:19:34.934,60.575,-37.400,39.600,-35.583,35.126,-1.817,4.474,4.829,0.188,0.729,0.753,
18:19:34.954,60.596,-37.400,39.600,-35.131,35.578,-2.269,4.022,4.618,0.408,0.492,0.639,
18:19:34.973,60.615,-37.400,39.600,-34.718,35.981,-2.682,3.619,4.504,0.460,0.390,0.603,
18:19:34.996,60.638,-37.400,37.400,-34.198,36.476,-3.202,0.924,3.333,0.126,0.409,0.428,
18:19:35.021,60.662,-37.400,37.400,-33.643,36.988,-3.757,0.412,3.779,-0.223,0.527,0.572,
18:19:35.031,60.673,-37.400,37.400,-33.434,37.177,-3.966,0.223,3.972,-0.608,0.717,0.940,
18:19:35.049,60.690,-37.400,37.400,-33.086,37.488,-4.314,-0.088,4.315,-0.839,0.850,1.194,
18:19:35.058,60.700,-33.000,41.800,-32.917,37.636,-0.083,4.164,4.165,-0.261,0.227,0.346,
18:19:35.078,60.720,-33.000,41.800,-32.564,37.942,-0.436,3.858,3.883,-0.043,-0.019,0.047,
18:19:35.087,60.729,-33.000,41.800,-32.398,38.084,-0.602,3.716,3.765,0.162,-0.188,0.248,
18:19:35.103,60.745,-33.000,41.800,-32.110,38.327,-0.890,3.473,3.586,0.226,-0.233,0.324,
18:19:35.128,60.770,-35.200,41.800,-31.655,38.703,-3.545,3.097,4.707,0.210,0.068,0.221,
18:19:35.136,60.778,-35.200,41.800,-31.508,38.823,-3.692,2.977,4.743,0.083,0.589,0.595,
18:19:35.153,60.794,-35.200,41.800,-31.206,39.067,-3.994,2.733,4.840,-0.004,0.851,0.851,
18:19:35.171,60.813,-35.200,41.800,-30.868,39.334,-4.332,2.466,4.985,-0.117,1.083,1.089,
18:19:35.178,60.820,-35.200,41.800,-30.737,39.436,-4.463,2.364,5.050,-0.294,1.332,1.364,
18:19:35.195,60.837,-30.800,46.200,-30.423,39.679,-0.377,6.521,6.531,0.129,0.960,0.968,
18:19:35.213,60.855,-30.800,46.200,-30.087,39.934,-0.713,6.266,6.306,0.423,0.686,0.806,
18:19:35.221,60.863,-30.800,46.200,-29.928,40.054,-0.872,6.146,6.208,0.651,0.422,0.776,
18:19:35.239,60.880,-30.800,46.200,-29.602,40.295,-1.198,5.905,6.025,0.733,0.337,0.807,
18:19:35.247,60.889,-30.800,46.200,-29.445,40.410,-1.355,5.790,5.946,0.704,0.319,0.773,
18:19:35.266,60.908,-30.800,48.400,-29.081,40.673,-1.719,7.727,7.916,0.923,0.345,0.985,
18:19:35.284,60.926,-30.800,48.400,-28.723,40.927,-2.077,7.473,7.757,1.019,0.438,1.109,
18:19:35.306,60.948,-30.800,48.400,-28.301,41.219,-2.499,7.181,7.603,1.006,0.572,1.157,
18:19:35.324,60.966,-28.600,48.400,-27.952,41.457,-0.648,6.943,6.973,0.896,0.439,0.997,
18:19:35.345,60.987,-28.600,48.400,-27.531,41.738,-1.069,6.662,6.748,0.760,0.412,0.864,
18:19:35.363,61.005,-28.600,48.400,-27.178,41.968,-1.422,6.432,6.587,0.589,0.456,0.745,
18:19:35.382,61.024,-28.600,48.400,-26.807,42.206,-1.793,6.194,6.448,0.426,0.545,0.692,
18:19:35.390,61.031,-28.600,48.400,-26.658,42.301,-1.942,6.099,6.401,0.231,0.690,0.728,
18:19:35.407,61.049,-28.600,48.400,-26.304,42.522,-2.296,5.878,6.311,0.109,0.790,0.797,
18:19:35.425,61.067,-28.600,48.400,-25.944,42.742,-2.656,5.658,6.250,-0.004,0.911,0.911,
18:19:35.445,61.087,-24.200,48.400,-25.531,42.990,1.331,5.410,5.571,-0.103,0.499,0.510,
18:19:35.464,61.105,-24.200,48.400,-25.158,43.210,0.958,5.190,5.278,-0.186,0.231,0.296,
18:19:35.484,61.126,-24.200,48.400,-24.738,43.451,0.538,4.949,4.978,-0.254,0.120,0.281,
18:19:35.504,61.146,-26.400,48.400,-24.329,43.682,-2.071,4.718,5.153,-0.308,0.414,0.516,
18:19:35.522,61.164,-26.400,48.400,-23.946,43.893,-2.454,4.507,5.132,-0.349,0.697,0.780,
18:19:35.533,61.175,-26.400,48.400,-23.716,44.017,-2.684,4.383,5.139,-0.372,0.984,1.052,
18:19:35.554,61.196,-26.400,48.400,-23.285,44.247,-3.115,4.153,5.191,-0.406,1.177,1.245,
18:19:35.571,61.213,-22.000,50.600,-22.938,44.428,0.938,6.172,6.243,-0.130,0.755,0.766,
18:19:35.580,61.222,-22.000,50.600,-22.750,44.524,0.750,6.076,6.122,0.133,0.363,0.387,
18:19:35.598,61.239,-22.000,50.600,-22.387,44.708,0.387,5.892,5.904,0.239,0.226,0.329,
18:19:35.608,61.250,-22.000,50.600,-22.170,44.816,0.170,5.784,5.786,0.304,0.161,0.344,
18:19:35.625,61.267,-22.000,48.400,-21.802,44.996,-0.198,3.404,3.409,0.058,0.171,0.180,
18:19:35.646,61.288,-22.000,48.400,-21.364,45.206,-0.636,3.194,3.257,-0.157,0.251,0.296,
18:19:35.663,61.305,-22.000,48.400,-20.989,45.381,-1.011,3.019,3.183,-0.345,0.392,0.522,
18:19:35.683,61.325,-22.000,50.600,-20.562,45.576,-1.438,5.024,5.225,-0.200,0.552,0.587,
18:19:35.701,61.343,-22.000,50.600,-20.177,45.748,-1.823,4.852,5.183,-0.094,0.726,0.732,
18:19:35.710,61.352,-22.000,50.600,-20.001,45.825,-1.999,4.775,5.176,0.009,0.923,0.923,
18:19:35.726,61.368,-22.000,50.600,-19.648,45.978,-2.352,4.622,5.186,0.038,1.058,1.059,
18:19:35.746,61.388,-19.800,50.600,-19.216,46.160,-0.584,4.440,4.478,0.041,0.930,0.931,
18:19:35.766,61.408,-19.800,50.600,-18.772,46.343,-1.028,4.257,4.380,0.020,0.867,0.867,
18:19:35.786,61.427,-19.800,50.600,-18.343,46.514,-1.457,4.086,4.338,-0.017,0.866,0.866,
18:19:35.805,61.447,-22.000,50.600,-17.908,46.683,-4.092,3.917,5.665,-0.061,1.202,1.204,
18:19:35.823,61.465,-22.000,50.600,-17.508,46.835,-4.492,3.765,5.862,-0.108,1.483,1.487,
18:19:35.843,61.485,-22.000,50.600,-17.074,46.994,-4.926,3.606,6.104,-0.152,1.702,1.709,
18:19:35.852,61.494,-22.000,50.600,-16.874,47.066,-5.126,3.534,6.225,-0.199,1.881,1.892,
18:19:35.870,61.512,-19.800,48.400,-16.465,47.211,-3.335,1.189,3.541,-0.498,1.745,1.815,
18:19:35.880,61.522,-19.800,48.400,-16.252,47.285,-3.548,1.115,3.719,-0.794,1.564,1.754,
18:19:35.897,61.538,-19.800,48.400,-15.888,47.409,-3.912,0.991,4.036,-0.954,1.507,1.784,
18:19:35.915,61.556,-19.800,48.400,-15.479,47.544,-4.321,0.856,4.405,-1.053,1.495,1.829,
18:19:35.934,61.576,-22.000,50.600,-15.033,47.687,-6.967,2.913,7.552,-0.825,1.799,1.979,
18:19:35.955,61.597,-22.000,50.600,-14.568,47.831,-7.432,2.769,7.931,-0.633,2.056,2.152,
18:19:35.977,61.619,-22.000,50.600,-14.069,47.980,-7.931,2.620,8.352,-0.492,2.261,2.314,
18:19:35.986,61.628,-22.000,50.600,-13.870,48.038,-8.130,2.562,8.524,-0.359,2.419,2.445,
18:19:36.002,61.643,-19.800,48.400,-13.515,48.139,-6.285,0.261,6.290,-0.577,2.236,2.310,
18:19:36.010,61.651,-19.800,48.400,-13.331,48.190,-6.469,0.210,6.473,-0.823,2.018,2.179,
18:19:36.026,61.668,-19.800,48.400,-12.958,48.292,-6.842,0.108,6.843,-0.928,1.950,2.159,
18:19:36.045,61.687,-19.800,48.400,-12.530,48.405,-7.270,-0.005,7.270,-0.999,1.929,2.172,
18:19:36.076,61.717,-19.800,50.600,-11.814,48.584,-7.986,2.016,8.236,-0.793,1.984,2.137,
18:19:36.110,61.751,-19.800,50.600,-11.023,48.770,-8.777,1.830,8.966,-0.622,2.101,2.191,
18:19:36.120,61.762,-19.800,50.600,-10.792,48.822,-9.008,1.778,9.182,-0.479,2.232,2.283,
18:19:36.139,61.781,-17.600,50.600,-10.344,48.918,-7.256,1.682,7.449,-0.399,2.036,2.075,
18:19:36.149,61.790,-17.600,50.600,-10.128,48.964,-7.472,1.636,7.649,-0.363,1.871,1.906,
18:19:36.166,61.808,-17.600,50.600,-9.733,49.043,-7.867,1.557,8.019,-0.329,1.821,1.851,
18:19:36.184,61.825,-17.600,50.600,-9.321,49.124,-8.279,1.476,8.410,-0.318,1.839,1.866,
18:19:36.203,61.845,-15.400,50.600,-8.858,49.209,-6.542,1.391,6.688,-0.321,1.635,1.666,
18:19:36.223,61.865,-15.400,50.600,-8.402,49.289,-6.998,1.311,7.120,-0.338,1.551,1.587,
18:19:36.240,61.882,-15.400,50.600,-8.001,49.356,-7.399,1.244,7.503,-0.360,1.563,1.604,
18:19:36.248,61.890,-15.400,50.600,-7.826,49.384,-7.574,1.216,7.671,-0.404,1.668,1.716,
18:19:36.264,61.905,-13.200,50.600,-7.457,49.441,-5.743,1.159,5.859,-0.411,1.452,1.509,
18:19:36.282,61.924,-13.200,50.600,-7.032,49.503,-6.168,1.097,6.265,-0.418,1.355,1.419,
18:19:36.290,61.932,-13.200,50.600,-6.855,49.528,-6.345,1.072,6.435,-0.439,1.362,1.431,
18:19:36.307,61.948,-13.200,50.600,-6.457,49.581,-6.743,1.019,6.819,-0.441,1.384,1.452,
18:19:36.324,61.965,-11.000,52.800,-6.061,49.631,-4.939,3.169,5.868,-0.163,1.200,1.211,
18:19:36.342,61.983,-11.000,52.800,-5.635,49.681,-5.365,3.119,6.206,0.039,1.138,1.139,
18:19:36.350,61.991,-11.000,52.800,-5.452,49.702,-5.548,3.098,6.354,0.212,1.189,1.207,
18:19:36.365,62.007,-11.000,52.800,-5.090,49.740,-5.910,3.060,6.655,0.301,1.236,1.272,
18:19:36.384,62.026,-8.800,52.800,-4.636,49.785,-4.164,3.015,5.141,0.345,1.079,1.133,
18:19:36.402,62.044,-8.800,52.800,-4.224,49.821,-4.576,2.979,5.460,0.343,1.038,1.093,
18:19:36.411,62.053,-8.800,52.800,-4.019,49.838,-4.781,2.962,5.624,0.286,1.098,1.134,
18:19:36.428,62.070,-8.800,52.800,-3.622,49.869,-5.178,2.931,5.950,0.265,1.162,1.191,
18:19:36.436,62.078,-8.800,52.800,-3.428,49.882,-5.372,2.918,6.113,0.199,1.323,1.338,
18:19:36.454,62.095,-6.600,52.800,-3.023,49.909,-3.577,2.891,4.600,0.173,1.176,1.189,
18:19:36.473,62.115,-6.600,52.800,-2.560,49.934,-4.040,2.866,4.953,0.140,1.131,1.140,
18:19:36.492,62.134,-6.600,52.800,-2.121,49.955,-4.479,2.845,5.306,0.104,1.178,1.183,
18:19:36.500,62.142,-6.600,52.800,-1.935,49.963,-4.665,2.837,5.460,0.052,1.319,1.320,
18:19:36.517,62.159,-0.000,52.800,-1.529,49.977,1.529,2.823,3.211,0.030,0.613,0.614,
18:19:36.535,62.177,-0.000,52.800,-1.097,49.988,1.097,2.812,3.019,0.013,0.147,0.147,
18:19:36.554,62.195,-0.000,52.800,-0.659,49.996,0.659,2.804,2.881,0.003,-0.088,0.088,
18:19:36.572,62.214,0.000,55.000,-0.236,49.999,0.236,5.001,5.006,0.287,-0.128,0.315,
18:19:36.581,62.223,0.000,55.000,-0.027,50.000,0.027,5.000,5.000,0.561,0.020,0.561,
18:19:36.598,62.240,0.000,55.000,0.378,49.999,-0.378,5.001,5.016,0.689,0.118,0.699,
18:19:36.606,62.248,0.000,55.000,0.570,49.997,-0.570,5.003,5.036,0.776,0.387,0.867,
18:19:36.624,62.265,0.000,55.000,0.982,49.990,-0.982,5.010,5.105,0.824,0.543,0.987,
18:19:36.642,62.284,4.400,55.000,1.421,49.980,2.979,5.020,5.838,0.833,0.215,0.861,
18:19:36.658,62.300,4.400,55.000,1.795,49.968,2.605,5.032,5.666,0.807,0.036,0.808,
18:19:36.675,62.317,4.400,55.000,2.199,49.952,2.201,5.048,5.507,0.771,-0.003,0.771,
18:19:36.692,62.334,4.400,55.000,2.599,49.932,1.801,5.068,5.378,0.726,0.065,0.729,
18:19:36.700,62.342,8.800,55.000,2.783,49.923,6.017,5.077,7.873,0.653,-0.644,0.917,
18:19:36.716,62.358,8.800,55.000,3.166,49.900,5.634,5.100,7.600,0.620,-0.892,1.086,
18:19:36.734,62.375,8.800,55.000,3.574,49.872,5.226,5.128,7.322,0.588,-0.973,1.137,
18:19:43.942,69.584,8.800,55.000,3.650,49.867,5.150,5.133,7.272,0.522,-0.833,0.983,
18:19:43.962,69.604,8.800,55.000,4.128,49.829,4.672,5.171,6.969,0.507,-0.796,0.943,
18:19:43.979,69.621,8.800,55.000,4.526,49.795,4.274,5.205,6.735,0.494,-0.620,0.793,
18:19:43.988,69.629,8.800,55.000,4.725,49.776,4.075,5.224,6.625,0.485,-0.314,0.578,
18:19:44.004,69.646,8.800,55.000,5.117,49.737,3.683,5.263,6.423,0.481,-0.113,0.494,
18:19:44.014,69.656,8.800,55.000,5.342,49.714,3.458,5.286,6.317,0.482,0.157,0.508,
18:19:44.030,69.672,13.200,57.200,5.721,49.672,7.479,7.528,10.612,0.755,-0.177,0.776,
18:19:44.039,69.680,13.200,57.200,5.920,49.648,7.280,7.552,10.489,1.046,-0.498,1.159,
18:19:44.059,69.701,13.200,57.200,6.395,49.589,6.805,7.611,10.209,1.191,-0.586,1.327,
18:19:44.068,69.709,13.200,57.200,6.597,49.563,6.603,7.637,10.096,1.298,-0.579,1.421,
18:19:44.086,69.727,13.200,57.200,7.020,49.505,6.180,7.695,9.870,1.357,-0.520,1.453,
18:19:44.095,69.737,13.200,57.200,7.232,49.474,5.968,7.726,9.763,1.359,-0.362,1.407,
18:19:44.111,69.752,13.200,57.200,7.600,49.419,5.600,7.781,9.587,1.363,-0.227,1.382,
18:19:44.130,69.771,13.200,57.200,8.041,49.349,5.159,7.851,9.394,1.350,-0.061,1.352,
18:19:44.138,69.780,13.200,57.200,8.232,49.318,4.968,7.882,9.317,1.285,0.173,1.297,
18:19:44.154,69.795,17.600,55.000,8.599,49.255,9.001,5.745,10.679,0.983,-0.210,1.005,
18:19:44.172,69.813,17.600,55.000,9.013,49.181,8.587,5.819,10.373,0.753,-0.448,0.876,
18:19:44.193,69.834,17.600,55.000,9.507,49.088,8.093,5.912,10.023,0.599,-0.547,0.811,
18:19:44.212,69.854,15.400,55.000,9.964,48.997,5.436,6.003,8.098,0.511,-0.245,0.566,
18:19:44.231,69.873,15.400,55.000,10.408,48.905,4.992,6.095,7.879,0.479,0.049,0.482,
18:19:44.250,69.892,15.400,55.000,10.835,48.812,4.565,6.188,7.690,0.489,0.313,0.581,
18:19:44.258,69.900,15.400,55.000,11.016,48.771,4.384,6.229,7.617,0.559,0.588,0.811,
18:19:44.273,69.915,17.600,50.600,11.368,48.691,6.232,1.909,6.518,0.021,0.481,0.481,
18:19:44.291,69.932,17.600,50.600,11.765,48.596,5.835,2.004,6.169,-0.340,0.429,0.548,
18:19:44.310,69.952,17.600,50.600,12.222,48.483,5.378,2.117,5.780,-0.549,0.427,0.695,
18:19:44.329,69.970,15.400,50.600,12.641,48.376,2.759,2.224,3.544,-0.621,0.749,0.973,
18:19:44.337,69.979,15.400,50.600,12.825,48.327,2.575,2.273,3.435,-0.554,1.086,1.219,
18:19:44.353,69.995,15.400,50.600,13.200,48.226,2.200,2.374,3.237,-0.527,1.275,1.379,
18:19:44.370,70.012,15.400,50.600,13.584,48.119,1.816,2.481,3.074,-0.444,1.422,1.489,
18:19:44.379,70.021,15.400,50.600,13.777,48.065,1.623,2.535,3.011,-0.270,1.522,1.546,
18:19:44.396,70.038,17.600,50.600,14.167,47.951,3.433,2.649,4.336,-0.173,1.345,1.356,
18:19:44.405,70.046,17.600,50.600,14.358,47.894,3.242,2.706,4.223,-0.011,1.095,1.095,
18:19:44.422,70.064,17.600,50.600,14.751,47.775,2.849,2.825,4.012,0.087,1.010,1.014,
18:19:44.440,70.082,17.600,50.600,15.166,47.644,2.434,2.956,3.829,0.193,0.966,0.985,
18:19:44.459,70.101,17.600,50.600,15.585,47.509,2.015,3.091,3.690,0.296,0.961,1.006,
18:19:44.466,70.108,17.600,50.600,15.747,47.456,1.853,3.144,3.650,0.403,0.984,1.063,
18:19:44.484,70.126,17.600,50.600,16.140,47.324,1.460,3.276,3.587,0.477,1.013,1.120,
18:19:44.503,70.145,17.600,50.600,16.579,47.171,1.021,3.429,3.577,0.544,1.070,1.200,
18:19:44.521,70.162,17.600,50.600,16.961,47.035,0.639,3.565,3.622,0.599,1.145,1.292,
18:19:44.541,70.183,17.600,50.600,17.412,46.870,0.188,3.730,3.735,0.649,1.227,1.388,
18:19:44.559,70.201,17.600,50.600,17.816,46.718,-0.216,3.882,3.888,0.688,1.314,1.484,
18:19:44.567,70.209,17.600,50.600,17.990,46.651,-0.390,3.949,3.968,0.706,1.408,1.575,
18:19:44.583,70.224,17.600,50.600,18.335,46.517,-0.735,4.083,4.149,0.737,1.471,1.645,
18:19:44.599,70.241,17.600,50.600,18.702,46.371,-1.102,4.229,4.370,0.768,1.534,1.716,
18:19:44.608,70.250,17.600,50.600,18.875,46.300,-1.275,4.300,4.485,0.784,1.597,1.779,
18:19:44.627,70.268,17.600,50.600,19.288,46.130,-1.688,4.470,4.778,0.815,1.652,1.842,
18:19:44.635,70.277,17.600,50.600,19.459,46.058,-1.859,4.542,4.908,0.833,1.703,1.895,
18:19:44.653,70.294,17.600,50.600,19.845,45.893,-2.245,4.707,5.215,0.862,1.750,1.951,
18:19:44.672,70.313,17.600,50.600,20.258,45.712,-2.658,4.888,5.564,0.895,1.800,2.010,
18:19:44.690,70.331,17.600,50.600,20.651,45.536,-3.051,5.064,5.912,0.928,1.849,2.069,
18:19:44.698,70.339,17.600,50.600,20.814,45.462,-3.214,5.138,6.061,0.955,1.891,2.119,
18:19:44.713,70.355,22.000,50.600,21.146,45.309,0.854,5.291,5.360,0.982,1.371,1.686,
18:19:44.731,70.373,22.000,50.600,21.539,45.123,0.461,5.477,5.496,1.015,1.014,1.435,
18:19:44.750,70.392,22.000,50.600,21.944,44.927,0.056,5.673,5.673,1.052,0.794,1.318,
18:19:44.759,70.400,22.000,50.600,22.119,44.841,-0.119,5.759,5.760,1.084,0.674,1.277,
18:19:44.776,70.418,22.000,50.600,22.493,44.655,-0.493,5.945,5.966,1.116,0.623,1.278,
18:19:44.786,70.427,22.000,50.600,22.681,44.560,-0.681,6.040,6.079,1.146,0.688,1.336,
18:19:44.802,70.444,22.000,50.600,23.026,44.382,-1.026,6.218,6.302,1.176,0.733,1.386,
18:19:44.821,70.462,22.000,50.600,23.418,44.177,-1.418,6.423,6.578,1.212,0.829,1.469,
18:19:44.830,70.472,24.200,50.600,23.608,44.075,0.592,6.525,6.551,1.245,0.614,1.388,
18:19:44.846,70.488,24.200,50.600,23.940,43.896,0.260,6.704,6.709,1.276,0.536,1.384,
18:19:44.854,70.496,24.200,50.600,24.103,43.807,0.097,6.793,6.794,1.307,0.529,1.410,
18:19:44.871,70.513,24.200,50.600,24.454,43.612,-0.254,6.988,6.993,1.337,0.549,1.446,
18:19:44.889,70.531,22.000,48.400,24.837,43.395,-2.837,5.005,5.754,1.108,0.893,1.423,
18:19:44.897,70.539,22.000,48.400,24.998,43.303,-2.998,5.097,5.914,0.846,1.358,1.600,
18:19:44.913,70.555,22.000,48.400,25.311,43.120,-3.311,5.280,6.232,0.740,1.595,1.758,
18:19:44.929,70.571,22.000,48.400,25.636,42.928,-3.636,5.472,6.570,0.694,1.792,1.921,
18:19:44.937,70.579,22.000,48.400,25.795,42.832,-3.795,5.568,6.738,0.703,1.970,2.092,
18:19:44.954,70.595,26.400,46.200,26.135,42.626,0.265,3.574,3.584,0.458,1.567,1.632,
18:19:44.971,70.613,26.400,46.200,26.491,42.406,-0.091,3.794,3.795,0.310,1.249,1.287,
18:19:44.989,70.631,26.400,46.200,26.843,42.183,-0.443,4.017,4.041,0.258,1.036,1.067,
18:19:44.999,70.641,26.400,46.200,27.035,42.061,-0.635,4.139,4.188,0.294,0.889,0.936,
18:19:45.018,70.660,26.400,46.200,27.418,41.812,-1.018,4.388,4.504,0.333,0.836,0.900,
18:19:45.028,70.669,26.400,46.200,27.605,41.689,-1.205,4.511,4.669,0.460,0.870,0.984,
18:19:45.045,70.687,26.400,46.200,27.944,41.463,-1.544,4.737,4.983,0.550,0.905,1.059,
18:19:45.063,70.704,26.400,46.200,28.290,41.227,-1.890,4.973,5.320,0.666,0.987,1.190,
18:19:45.081,70.722,26.400,46.200,28.642,40.983,-2.242,5.217,5.678,0.794,1.096,1.354,
18:19:45.089,70.731,26.400,46.200,28.798,40.874,-2.398,5.326,5.841,0.953,1.263,1.582,
18:19:45.105,70.747,26.400,46.200,29.102,40.658,-2.702,5.542,6.166,1.054,1.357,1.718,
