timestamp,elapsed_time,ball_x,ball_y,target_x,target_y,error_x,error_y,error_magnitude,controller_rx,controller_ry,tilt_magnitude,loop_time_ms
18:16:16.508,0.003,4.000,4.000,0.000,0.000,4.000,4.000,5.657,0.889,-0.462,1.002,
18:16:16.523,0.018,4.000,4.000,0.000,0.000,4.000,4.000,5.657,0.903,-0.530,1.047,
18:16:16.531,0.026,4.000,4.000,0.000,0.000,4.000,4.000,5.657,0.867,-0.574,1.040,
18:16:16.544,0.040,4.000,4.000,0.000,0.000,4.000,4.000,5.657,0.847,-0.600,1.038,
18:16:16.552,0.047,4.000,4.000,0.000,0.000,4.000,4.000,5.657,0.789,-0.600,0.991,
18:16:16.565,0.060,2.000,2.000,0.000,0.000,2.000,2.000,2.828,0.506,-0.353,0.617,
18:16:16.572,0.067,2.000,2.000,0.000,0.000,2.000,2.000,2.828,0.161,-0.049,0.169,
18:16:16.586,0.081,2.000,2.000,0.000,0.000,2.000,2.000,2.828,-0.005,0.091,0.091,
18:16:16.592,0.088,2.000,2.000,0.000,0.000,2.000,2.000,2.828,-0.180,0.240,0.300,
18:16:16.605,0.101,2.000,2.000,0.000,0.000,2.000,2.000,2.828,-0.269,0.310,0.410,
18:16:16.612,0.107,2.000,2.000,0.000,0.000,2.000,2.000,2.828,-0.327,0.353,0.481,
18:16:16.626,0.121,2.000,2.000,0.000,0.000,2.000,2.000,2.828,-0.360,0.373,0.519,
18:16:16.633,0.129,2.000,2.000,0.000,0.000,2.000,2.000,2.828,-0.348,0.356,0.498,
18:16:16.648,0.143,2.000,2.000,0.000,0.000,2.000,2.000,2.828,-0.344,0.343,0.486,
18:16:16.664,0.160,2.000,2.000,0.000,0.000,2.000,2.000,2.828,-0.317,0.312,0.445,
18:16:16.673,0.168,2.000,2.000,0.000,0.000,2.000,2.000,2.828,-0.240,0.239,0.338,
18:16:16.688,0.183,2.000,4.000,0.000,0.000,2.000,4.000,4.472,0.047,0.196,0.202,
18:16:16.704,0.199,2.000,4.000,0.000,0.000,2.000,4.000,4.472,0.281,0.148,0.318,
18:16:16.712,0.208,2.000,4.000,0.000,0.000,2.000,4.000,4.472,0.526,0.078,0.532,
18:16:16.726,0.221,2.000,4.000,0.000,0.000,2.000,4.000,4.472,0.653,0.036,0.654,
18:16:16.736,0.231,2.000,4.000,0.000,0.000,2.000,4.000,4.472,0.742,-0.010,0.742,
18:16:16.749,0.244,4.000,4.000,0.000,0.000,4.000,4.000,5.657,0.792,-0.299,0.847,
18:16:16.766,0.261,4.000,4.000,0.000,0.000,4.000,4.000,5.657,0.812,-0.509,0.959,
18:16:16.774,0.270,4.000,4.000,0.000,0.000,4.000,4.000,5.657,0.783,-0.706,1.054,
18:16:16.790,0.285,4.000,4.000,0.000,0.000,4.000,4.000,5.657,0.769,-0.808,1.115,
18:16:16.806,0.301,4.000,4.000,0.000,0.000,4.000,4.000,5.657,0.737,-0.861,1.133,
18:16:16.815,0.310,4.000,4.000,0.000,0.000,4.000,4.000,5.657,0.675,-0.858,1.092,
18:16:16.830,0.325,4.000,4.000,0.000,0.000,4.000,4.000,5.657,0.639,-0.858,1.070,
18:16:16.848,0.344,4.000,4.000,0.000,0.000,4.000,4.000,5.657,0.601,-0.837,1.030,
18:16:16.865,0.361,4.000,4.000,0.000,0.000,4.000,4.000,5.657,0.560,-0.789,0.968,
18:16:16.875,0.370,4.000,4.000,0.000,0.000,4.000,4.000,5.657,0.518,-0.713,0.882,
18:16:16.889,0.384,4.000,4.000,0.000,0.000,4.000,4.000,5.657,0.488,-0.664,0.824,
18:16:16.904,0.399,4.000,4.000,0.000,0.000,4.000,4.000,5.657,0.462,-0.617,0.771,
18:16:16.911,0.407,4.000,4.000,0.000,0.000,4.000,4.000,5.657,0.445,-0.560,0.715,
18:16:16.926,0.422,2.000,2.000,0.000,0.000,2.000,2.000,2.828,0.183,-0.281,0.335,
18:16:16.934,0.430,2.000,2.000,0.000,0.000,2.000,2.000,2.828,-0.087,0.018,0.089,
18:16:16.948,0.444,2.000,2.000,0.000,0.000,2.000,2.000,2.828,-0.230,0.176,0.290,
18:16:16.965,0.460,2.000,2.000,0.000,0.000,2.000,2.000,2.828,-0.318,0.279,0.423,
18:16:16.971,0.467,2.000,2.000,0.000,0.000,2.000,2.000,2.828,-0.346,0.326,0.475,
18:16:16.985,0.480,4.000,4.000,0.000,0.000,4.000,4.000,5.657,-0.114,0.103,0.154,
18:16:16.994,0.489,4.000,4.000,0.000,0.000,4.000,4.000,5.657,0.145,-0.146,0.206,
18:16:17.008,0.503,4.000,4.000,0.000,0.000,4.000,4.000,5.657,0.297,-0.293,0.417,
18:16:17.023,0.518,4.000,4.000,0.000,0.000,4.000,4.000,5.657,0.418,-0.410,0.586,
18:16:17.031,0.526,4.000,4.000,0.000,0.000,4.000,4.000,5.657,0.547,-0.538,0.768,
18:16:17.045,0.540,4.000,0.000,0.000,0.000,4.000,0.000,4.000,0.120,-0.597,0.609,
18:16:17.052,0.547,4.000,0.000,0.000,0.000,4.000,0.000,4.000,-0.406,-0.647,0.764,
18:16:17.066,0.562,4.000,0.000,0.000,0.000,4.000,0.000,4.000,-0.640,-0.669,0.925,
18:16:17.074,0.569,4.000,0.000,0.000,0.000,4.000,0.000,4.000,-0.848,-0.671,1.081,
18:16:17.088,0.583,4.000,0.000,0.000,0.000,4.000,0.000,4.000,-0.949,-0.669,1.161,
18:16:17.104,0.600,2.000,2.000,0.000,0.000,2.000,2.000,2.828,-0.750,-0.417,0.858,
18:16:17.112,0.608,2.000,2.000,0.000,0.000,2.000,2.000,2.828,-0.440,-0.118,0.455,
18:16:17.126,0.621,2.000,2.000,0.000,0.000,2.000,2.000,2.828,-0.275,0.037,0.277,
18:16:17.135,0.630,2.000,2.000,0.000,0.000,2.000,2.000,2.828,-0.094,0.163,0.188,
18:16:17.148,0.643,2.000,2.000,0.000,0.000,2.000,2.000,2.828,0.018,0.234,0.235,
18:16:17.163,0.659,4.000,2.000,0.000,0.000,4.000,2.000,4.472,0.104,0.028,0.108,
18:16:17.170,0.665,4.000,2.000,0.000,0.000,4.000,2.000,4.472,0.196,-0.295,0.354,
18:16:17.183,0.679,4.000,2.000,0.000,0.000,4.000,2.000,4.472,0.246,-0.425,0.491,
18:16:17.191,0.686,4.000,2.000,0.000,0.000,4.000,2.000,4.472,0.281,-0.574,0.639,
18:16:17.204,0.700,4.000,2.000,0.000,0.000,4.000,2.000,4.472,0.306,-0.641,0.711,
18:16:17.212,0.707,4.000,2.000,0.000,0.000,4.000,2.000,4.472,0.310,-0.703,0.769,
18:16:17.225,0.721,4.000,2.000,0.000,0.000,4.000,2.000,4.472,0.318,-0.730,0.797,
18:16:17.236,0.731,4.000,2.000,0.000,0.000,4.000,2.000,4.472,0.311,-0.739,0.801,
18:16:17.250,0.746,4.000,2.000,0.000,0.000,4.000,2.000,4.472,0.306,-0.736,0.797,
18:16:17.265,0.760,4.000,2.000,0.000,0.000,4.000,2.000,4.472,0.293,-0.718,0.775,
18:16:17.273,0.769,4.000,2.000,0.000,0.000,4.000,2.000,4.472,0.268,-0.682,0.733,
18:16:17.291,0.786,4.000,4.000,0.000,0.000,4.000,4.000,5.657,0.485,-0.658,0.818,
18:16:17.306,0.801,4.000,4.000,0.000,0.000,4.000,4.000,5.657,0.665,-0.625,0.913,
18:16:17.314,0.809,4.000,4.000,0.000,0.000,4.000,4.000,5.657,0.815,-0.584,1.002,
18:16:17.328,0.824,4.000,4.000,0.000,0.000,4.000,4.000,5.657,0.887,-0.555,1.046,
18:16:17.344,0.839,4.000,4.000,0.000,0.000,4.000,4.000,5.657,0.917,-0.527,1.057,
18:16:17.351,0.847,4.000,2.000,0.000,0.000,4.000,2.000,4.472,0.501,-0.501,0.708,
18:16:17.365,0.860,4.000,2.000,0.000,0.000,4.000,2.000,4.472,0.313,-0.479,0.572,
18:16:17.374,0.869,4.000,2.000,0.000,0.000,4.000,2.000,4.472,0.105,-0.462,0.473,
18:16:17.388,0.883,4.000,2.000,0.000,0.000,4.000,2.000,4.472,-0.005,-0.445,0.445,
18:16:17.403,0.899,4.000,2.000,0.000,0.000,4.000,2.000,4.472,-0.083,-0.432,0.439,
18:16:17.410,0.906,2.000,2.000,0.000,0.000,2.000,2.000,2.828,-0.142,-0.021,0.144,
18:16:17.424,0.919,2.000,2.000,0.000,0.000,2.000,2.000,2.828,-0.173,0.165,0.239,
18:16:17.431,0.927,2.000,2.000,0.000,0.000,2.000,2.000,2.828,-0.173,0.334,0.376,
18:16:17.445,0.940,2.000,2.000,0.000,0.000,2.000,2.000,2.828,-0.174,0.420,0.455,
18:16:17.451,0.946,2.000,2.000,0.000,0.000,2.000,2.000,2.828,-0.138,0.464,0.484,
18:16:17.465,0.960,4.000,2.000,0.000,0.000,4.000,2.000,4.472,-0.126,0.252,0.282,
18:16:17.472,0.968,4.000,2.000,0.000,0.000,4.000,2.000,4.472,-0.083,-0.044,0.094,
18:16:17.489,0.984,4.000,2.000,0.000,0.000,4.000,2.000,4.472,-0.064,-0.187,0.197,
18:16:17.506,1.002,4.000,2.000,0.000,0.000,4.000,2.000,4.472,-0.035,-0.311,0.313,
18:16:17.514,1.010,4.000,2.000,0.000,0.000,4.000,2.000,4.472,0.019,-0.447,0.447,
18:16:17.527,1.023,4.000,2.000,0.000,0.000,4.000,2.000,4.472,0.050,-0.519,0.521,
18:16:17.543,1.038,4.000,2.000,0.000,0.000,4.000,2.000,4.472,0.075,-0.563,0.568,
18:16:17.550,1.045,4.000,2.000,0.000,0.000,4.000,2.000,4.472,0.112,-0.585,0.596,
18:16:17.564,1.060,4.000,2.000,0.000,0.000,4.000,2.000,4.472,0.130,-0.600,0.614,
18:16:17.571,1.066,4.000,2.000,0.000,0.000,4.000,2.000,4.472,0.152,-0.588,0.607,
18:16:17.585,1.080,4.000,2.000,0.000,0.000,4.000,2.000,4.472,0.165,-0.585,0.608,
18:16:17.593,1.088,4.000,2.000,0.000,0.000,4.000,2.000,4.472,0.176,-0.564,0.591,
18:16:17.607,1.102,4.000,2.000,0.000,0.000,4.000,2.000,4.472,0.184,-0.551,0.581,
18:16:17.615,1.111,4.000,2.000,0.000,0.000,4.000,2.000,4.472,0.190,-0.525,0.558,
18:16:17.628,1.123,4.000,2.000,0.000,0.000,4.000,2.000,4.472,0.194,-0.506,0.542,
18:16:17.661,1.156,4.000,4.000,0.000,0.000,4.000,4.000,5.657,0.398,-0.490,0.632,
18:16:17.682,1.177,4.000,4.000,0.000,0.000,4.000,4.000,5.657,0.571,-0.467,0.738,
18:16:17.694,1.190,4.000,4.000,0.000,0.000,4.000,4.000,5.657,0.681,-0.447,0.814,
18:16:17.711,1.207,4.000,4.000,0.000,0.000,4.000,4.000,5.657,0.735,-0.431,0.852,
18:16:17.727,1.223,4.000,2.000,0.000,0.000,4.000,2.000,4.472,0.482,-0.419,0.639,
18:16:17.748,1.244,4.000,2.000,0.000,0.000,4.000,2.000,4.472,0.304,-0.409,0.510,
18:16:17.770,1.265,4.000,2.000,0.000,0.000,4.000,2.000,4.472,0.168,-0.403,0.436,
18:16:17.786,1.281,4.000,4.000,0.000,0.000,4.000,4.000,5.657,0.356,-0.401,0.537,
18:16:17.795,1.291,4.000,4.000,0.000,0.000,4.000,4.000,5.657,0.539,-0.406,0.675,
18:16:17.814,1.309,4.000,4.000,0.000,0.000,4.000,4.000,5.657,0.610,-0.402,0.730,
18:16:17.825,1.321,4.000,4.000,0.000,0.000,4.000,4.000,5.657,0.666,-0.403,0.779,
18:16:17.841,1.336,2.000,4.000,0.000,0.000,2.000,4.000,4.472,0.690,-0.145,0.705,
18:16:17.856,1.351,2.000,4.000,0.000,0.000,2.000,4.000,4.472,0.696,0.050,0.697,
18:16:17.863,1.358,2.000,4.000,0.000,0.000,2.000,4.000,4.472,0.685,0.220,0.719,
18:16:17.878,1.374,2.000,4.000,0.000,0.000,2.000,4.000,4.472,0.674,0.301,0.738,
18:16:17.893,1.389,2.000,4.000,0.000,0.000,2.000,4.000,4.472,0.652,0.335,0.733,
18:16:17.901,1.397,2.000,2.000,0.000,0.000,2.000,2.000,2.828,0.224,0.313,0.385,
18:16:17.916,1.411,2.000,2.000,0.000,0.000,2.000,2.000,2.828,0.024,0.306,0.307,
18:16:17.924,1.419,2.000,2.000,0.000,0.000,2.000,2.000,2.828,-0.171,0.252,0.304,
18:16:17.940,1.436,2.000,2.000,0.000,0.000,2.000,2.000,2.828,-0.268,0.229,0.353,
18:16:17.955,1.450,2.000,2.000,0.000,0.000,2.000,2.000,2.828,-0.321,0.180,0.368,
18:16:17.964,1.460,2.000,2.000,0.000,0.000,2.000,2.000,2.828,-0.330,0.112,0.348,
18:16:17.979,1.474,2.000,2.000,0.000,0.000,2.000,2.000,2.828,-0.331,0.069,0.338,
18:16:17.995,1.491,2.000,2.000,0.000,0.000,2.000,2.000,2.828,-0.309,0.026,0.311,
18:16:18.003,1.499,2.000,2.000,0.000,0.000,2.000,2.000,2.828,-0.235,-0.032,0.237,
18:16:18.017,1.512,2.000,2.000,0.000,0.000,2.000,2.000,2.828,-0.197,-0.065,0.208,
18:16:18.033,1.528,2.000,2.000,0.000,0.000,2.000,2.000,2.828,-0.154,-0.094,0.180,
18:16:18.042,1.537,2.000,2.000,0.000,0.000,2.000,2.000,2.828,-0.085,-0.122,0.149,
18:16:18.055,1.550,2.000,2.000,0.000,0.000,2.000,2.000,2.828,-0.042,-0.142,0.148,
18:16:18.062,1.557,2.000,2.000,0.000,0.000,2.000,2.000,2.828,0.016,-0.158,0.159,
18:16:18.075,1.571,2.000,2.000,0.000,0.000,2.000,2.000,2.828,0.047,-0.171,0.177,
18:16:18.082,1.577,2.000,2.000,0.000,0.000,2.000,2.000,2.828,0.090,-0.178,0.199,
18:16:18.095,1.591,4.000,4.000,0.000,0.000,4.000,4.000,5.657,0.357,-0.428,0.558,
18:16:18.102,1.598,4.000,4.000,0.000,0.000,4.000,4.000,5.657,0.664,-0.710,0.972,
18:16:18.116,1.611,4.000,4.000,0.000,0.000,4.000,4.000,5.657,0.814,-0.848,1.175,
18:16:18.123,1.618,4.000,4.000,0.000,0.000,4.000,4.000,5.657,0.948,-0.964,1.352,
18:16:18.135,1.631,4.000,4.000,0.000,0.000,4.000,4.000,5.657,1.015,-1.022,1.440,
18:16:18.143,1.638,4.000,4.000,0.000,0.000,4.000,4.000,5.657,1.038,-1.036,1.467,
18:16:18.158,1.654,2.000,2.000,0.000,0.000,2.000,2.000,2.828,0.828,-0.819,1.165,
18:16:18.173,1.669,2.000,2.000,0.000,0.000,2.000,2.000,2.828,0.610,-0.597,0.854,
18:16:18.181,1.676,2.000,2.000,0.000,0.000,2.000,2.000,2.828,0.349,-0.335,0.484,
18:16:18.194,1.690,2.000,2.000,0.000,0.000,2.000,2.000,2.828,0.212,-0.197,0.289,
18:16:18.202,1.697,2.000,2.000,0.000,0.000,2.000,2.000,2.828,0.081,-0.067,0.105,
18:16:18.215,1.710,4.000,4.000,0.000,0.000,4.000,4.000,5.657,0.258,-0.243,0.354,
18:16:18.222,1.717,4.000,4.000,0.000,0.000,4.000,4.000,5.657,0.484,-0.472,0.676,
18:16:18.235,1.730,4.000,4.000,0.000,0.000,4.000,4.000,5.657,0.583,-0.572,0.817,
18:16:18.243,1.739,4.000,4.000,0.000,0.000,4.000,4.000,5.657,0.686,-0.678,0.965,
18:16:18.256,1.752,4.000,4.000,0.000,0.000,4.000,4.000,5.657,0.734,-0.727,1.034,
18:16:18.265,1.760,4.000,4.000,0.000,0.000,4.000,4.000,5.657,0.770,-0.766,1.086,
18:16:18.280,1.775,2.000,2.000,0.000,0.000,2.000,2.000,2.828,0.547,-0.544,0.771,
18:16:18.294,1.789,2.000,2.000,0.000,0.000,2.000,2.000,2.828,0.344,-0.342,0.485,
18:16:18.301,1.796,2.000,2.000,0.000,0.000,2.000,2.000,2.828,0.126,-0.126,0.178,
18:16:18.316,1.811,2.000,2.000,0.000,0.000,2.000,2.000,2.828,0.017,-0.018,0.024,
18:16:18.325,1.820,2.000,2.000,0.000,0.000,2.000,2.000,2.828,-0.064,0.061,0.088,
18:16:18.339,1.834,4.000,4.000,0.000,0.000,4.000,4.000,5.657,0.136,-0.139,0.194,
18:16:18.356,1.851,4.000,4.000,0.000,0.000,4.000,4.000,5.657,0.295,-0.298,0.419,
18:16:18.364,1.860,4.000,4.000,0.000,0.000,4.000,4.000,5.657,0.486,-0.489,0.689,
18:16:18.380,1.875,4.000,4.000,0.000,0.000,4.000,4.000,5.657,0.575,-0.578,0.816,
18:16:18.395,1.891,4.000,2.000,0.000,0.000,4.000,2.000,4.472,0.380,-0.639,0.743,
18:16:18.403,1.898,4.000,2.000,0.000,0.000,4.000,2.000,4.472,0.142,-0.685,0.700,
18:16:18.416,1.912,4.000,2.000,0.000,0.000,4.000,2.000,4.472,0.035,-0.703,0.703,
18:16:18.424,1.919,4.000,2.000,0.000,0.000,4.000,2.000,4.472,-0.068,-0.699,0.703,
18:16:18.439,1.935,4.000,2.000,0.000,0.000,4.000,2.000,4.472,-0.118,-0.695,0.705,
18:16:18.456,1.951,2.000,2.000,0.000,0.000,2.000,2.000,2.828,-0.142,-0.434,0.457,
18:16:18.464,1.959,2.000,2.000,0.000,0.000,2.000,2.000,2.828,-0.132,-0.131,0.186,
18:16:18.478,1.973,2.000,2.000,0.000,0.000,2.000,2.000,2.828,-0.126,0.025,0.129,
18:16:18.495,1.990,2.000,2.000,0.000,0.000,2.000,2.000,2.828,-0.112,0.128,0.170,
18:16:18.502,1.997,2.000,2.000,0.000,0.000,2.000,2.000,2.828,-0.056,0.192,0.200,
18:16:18.516,2.011,4.000,2.000,0.000,0.000,4.000,2.000,4.472,-0.034,-0.020,0.039,
18:16:18.523,2.019,4.000,2.000,0.000,0.000,4.000,2.000,4.472,0.007,-0.290,0.290,
18:16:18.537,2.032,4.000,2.000,0.000,0.000,4.000,2.000,4.472,0.030,-0.423,0.424,
18:16:18.545,2.041,4.000,2.000,0.000,0.000,4.000,2.000,4.472,0.062,-0.558,0.561,
18:16:18.559,2.055,4.000,2.000,0.000,0.000,4.000,2.000,4.472,0.083,-0.628,0.633,
18:16:18.573,2.069,4.000,4.000,0.000,0.000,4.000,4.000,5.657,0.362,-0.675,0.766,
18:16:18.580,2.075,4.000,4.000,0.000,0.000,4.000,4.000,5.657,0.682,-0.709,0.984,
18:16:18.597,2.092,4.000,4.000,0.000,0.000,4.000,4.000,5.657,0.817,-0.721,1.090,
18:16:18.603,2.099,4.000,4.000,0.000,0.000,4.000,4.000,5.657,0.939,-0.707,1.175,
18:16:18.617,2.112,4.000,4.000,0.000,0.000,4.000,4.000,5.657,0.994,-0.697,1.214,
18:16:18.631,2.127,2.000,0.000,0.000,0.000,2.000,0.000,2.000,0.508,-0.425,0.662,
18:16:18.640,2.135,2.000,0.000,0.000,0.000,2.000,0.000,2.000,-0.020,-0.140,0.142,
18:16:18.656,2.151,2.000,0.000,0.000,0.000,2.000,0.000,2.000,-0.294,0.012,0.295,
18:16:18.664,2.159,2.000,0.000,0.000,0.000,2.000,0.000,2.000,-0.555,0.145,0.574,
18:16:18.678,2.173,2.000,0.000,0.000,0.000,2.000,0.000,2.000,-0.692,0.217,0.725,
18:16:18.693,2.188,4.000,4.000,0.000,0.000,4.000,4.000,5.657,-0.261,0.002,0.261,
18:16:18.701,2.196,4.000,4.000,0.000,0.000,4.000,4.000,5.657,0.285,-0.284,0.402,
18:16:18.716,2.212,4.000,4.000,0.000,0.000,4.000,4.000,5.657,0.529,-0.408,0.668,
18:16:18.725,2.220,4.000,4.000,0.000,0.000,4.000,4.000,5.657,0.782,-0.546,0.953,
18:16:18.738,2.234,4.000,4.000,0.000,0.000,4.000,4.000,5.657,0.913,-0.616,1.101,
18:16:18.753,2.248,4.000,4.000,0.000,0.000,4.000,4.000,5.657,0.991,-0.660,1.191,
18:16:18.761,2.256,4.000,4.000,0.000,0.000,4.000,4.000,5.657,1.023,-0.688,1.232,
18:16:18.774,2.269,4.000,4.000,0.000,0.000,4.000,4.000,5.657,1.034,-0.698,1.247,
18:16:18.782,2.278,4.000,4.000,0.000,0.000,4.000,4.000,5.657,1.001,-0.689,1.215,
18:16:18.798,2.293,4.000,4.000,0.000,0.000,4.000,4.000,5.657,0.979,-0.680,1.192,
18:16:18.820,2.315,2.000,4.000,49.995,-0.687,-47.995,4.687,48.224,1.447,13.191,13.270,
18:16:18.843,2.339,2.000,4.000,49.980,-1.411,-47.980,5.411,48.284,1.535,12.526,12.620,
18:16:18.853,2.348,2.000,4.000,49.971,-1.701,-47.971,5.701,48.309,1.536,11.925,12.023,
18:16:18.874,2.369,4.000,2.000,49.945,-2.348,-45.945,4.348,46.150,1.373,11.078,11.163,
18:16:18.883,2.379,4.000,2.000,49.931,-2.628,-45.931,4.628,46.163,1.146,10.232,10.296,
18:16:18.902,2.397,4.000,2.000,49.897,-3.206,-45.897,5.206,46.191,1.096,9.559,9.621,
18:16:18.912,2.408,4.000,2.000,49.876,-3.516,-45.876,5.516,46.207,1.065,8.912,8.975,
18:16:18.931,2.426,2.000,2.000,49.834,-4.075,-47.834,6.075,48.218,1.094,8.582,8.651,
18:16:18.949,2.444,2.000,2.000,49.784,-4.645,-47.784,6.645,48.244,1.166,8.244,8.326,
18:16:18.967,2.462,2.000,2.000,49.731,-5.177,-47.731,7.177,48.268,1.266,7.903,8.004,
18:16:18.987,2.482,6.000,2.000,49.661,-5.808,-43.661,7.808,44.354,1.384,7.054,7.189,
18:16:19.005,2.500,6.000,2.000,49.595,-6.349,-43.595,8.349,44.388,1.512,6.366,6.543,
18:16:19.013,2.508,6.000,2.000,49.563,-6.598,-43.563,8.598,44.403,1.648,5.869,6.096,
18:16:19.030,2.525,6.000,2.000,49.492,-7.108,-43.492,9.108,44.436,1.746,5.416,5.690,
18:16:19.049,2.544,14.000,2.000,49.406,-7.687,-35.406,9.687,36.707,1.849,4.108,4.505,
18:16:19.069,2.564,14.000,2.000,49.307,-8.297,-35.307,10.297,36.778,1.954,3.183,3.735,
18:16:19.086,2.581,14.000,2.000,49.218,-8.808,-35.218,10.808,36.839,2.048,2.633,3.336,
18:16:19.095,2.590,14.000,2.000,49.168,-9.085,-35.168,11.085,36.873,2.128,2.450,3.245,
18:16:19.114,2.609,20.000,0.000,49.060,-9.648,-29.060,9.648,30.620,1.964,1.477,2.458,
18:16:19.122,2.618,20.000,0.000,49.009,-9.904,-29.009,9.904,30.653,1.770,0.883,1.978,
18:16:19.140,2.636,20.000,0.000,48.897,-10.444,-28.897,10.444,30.726,1.713,0.459,1.774,
18:16:19.158,2.653,20.000,0.000,48.783,-10.966,-28.783,10.966,30.801,1.709,0.340,1.742,
18:16:19.176,2.671,32.000,-2.000,48.655,-11.519,-16.655,9.519,19.183,1.497,-1.108,1.862,
18:16:19.185,2.680,32.000,-2.000,48.596,-11.764,-16.596,9.764,19.255,1.323,-2.199,2.566,
18:16:19.201,2.696,32.000,-2.000,48.473,-12.261,-16.473,10.261,19.408,1.270,-2.759,3.037,
18:16:19.210,2.705,32.000,-2.000,48.409,-12.512,-16.409,10.512,19.487,1.296,-2.818,3.102,
18:16:19.227,2.723,32.000,-2.000,48.272,-13.033,-16.272,11.033,19.659,1.333,-2.904,3.195,
18:16:19.246,2.742,48.000,-4.000,48.115,-13.600,-0.115,9.600,9.601,1.189,-4.647,4.796,
18:16:19.255,2.750,48.000,-4.000,48.043,-13.853,-0.043,9.853,9.853,1.111,-6.018,6.119,
18:16:19.272,2.767,48.000,-4.000,47.896,-14.352,0.104,10.352,10.353,1.106,-6.644,6.735,
18:16:19.280,2.776,48.000,-4.000,47.823,-14.593,0.177,10.593,10.595,1.191,-6.657,6.763,
18:16:19.298,2.793,48.000,-4.000,47.664,-15.103,0.336,11.103,11.108,1.260,-6.662,6.780,
18:16:19.315,2.811,56.000,-10.000,47.499,-15.617,8.501,5.617,10.190,0.637,-7.305,7.333,
18:16:19.326,2.821,56.000,-10.000,47.398,-15.919,8.602,5.919,10.442,0.122,-7.458,7.459,
18:16:19.344,2.839,56.000,-10.000,47.216,-16.452,8.784,6.452,10.899,-0.098,-7.425,7.426,
18:16:19.353,2.848,56.000,-10.000,47.130,-16.697,8.870,6.697,11.114,-0.148,-6.867,6.868,
18:16:19.370,2.865,66.000,-12.000,46.951,-17.192,19.049,5.192,19.743,-0.377,-7.708,7.717,
18:16:19.389,2.884,66.000,-12.000,46.747,-17.741,19.253,5.741,20.091,-0.429,-8.105,8.116,
18:16:19.408,2.903,66.000,-12.000,46.539,-18.280,19.461,6.280,20.449,-0.326,-8.096,8.102,
18:16:19.426,2.921,74.000,-14.000,46.336,-18.787,27.664,4.787,28.075,-0.386,-8.847,8.855,
18:16:19.434,2.929,74.000,-14.000,46.241,-19.019,27.759,5.019,28.209,-0.307,-9.262,9.267,
18:16:19.451,2.947,74.000,-14.000,46.034,-19.516,27.966,5.516,28.505,-0.219,-9.305,9.307,
18:16:19.460,2.955,74.000,-14.000,45.933,-19.752,28.067,5.752,28.650,0.002,-8.974,8.974,
18:16:19.477,2.972,74.000,-14.000,45.723,-20.233,28.277,6.233,28.955,0.162,-8.683,8.684,
18:16:19.495,2.990,78.000,-20.000,45.497,-20.738,32.503,0.738,32.512,-0.365,-8.721,8.729,
18:16:19.503,2.999,78.000,-20.000,45.393,-20.964,32.607,0.964,32.621,-0.873,-8.547,8.592,
18:16:19.519,3.015,78.000,-20.000,45.184,-21.411,32.816,1.411,32.847,-1.040,-8.305,8.370,
18:16:19.538,3.033,78.000,-20.000,44.937,-21.925,33.063,1.925,33.119,-1.046,-7.961,8.029,
18:16:19.556,3.051,80.000,-22.000,44.690,-22.424,35.310,0.424,35.313,-1.169,-7.794,7.881,
18:16:19.565,3.060,80.000,-22.000,44.574,-22.654,35.426,0.654,35.432,-1.149,-7.558,7.645,
18:16:19.582,3.077,80.000,-22.000,44.328,-23.131,35.672,1.131,35.690,-1.071,-7.280,7.358,
18:16:19.591,3.086,80.000,-22.000,44.207,-23.360,35.793,1.360,35.818,-0.848,-6.975,7.027,
18:16:19.608,3.103,80.000,-22.000,43.960,-23.822,36.040,1.822,36.086,-0.673,-6.677,6.711,
18:16:19.626,3.121,78.000,-28.000,43.689,-24.317,34.311,-3.683,34.509,-1.171,-6.145,6.255,
18:16:19.634,3.130,78.000,-28.000,43.567,-24.534,34.433,-3.466,34.607,-1.641,-5.650,5.884,
18:16:19.652,3.147,78.000,-28.000,43.300,-25.003,34.700,-2.997,34.830,-1.769,-5.280,5.569,
18:16:19.660,3.156,78.000,-28.000,43.170,-25.226,34.830,-2.774,34.941,-1.748,-5.040,5.335,
18:16:19.678,3.173,78.000,-28.000,42.899,-25.684,35.101,-2.316,35.177,-1.664,-4.799,5.080,
18:16:19.697,3.192,72.000,-28.000,42.595,-26.185,29.405,-1.815,29.461,-1.471,-3.921,4.188,
18:16:19.705,3.201,72.000,-28.000,42.460,-26.404,29.540,-1.596,29.583,-1.129,-3.178,3.372,
18:16:19.723,3.218,72.000,-28.000,42.174,-26.858,29.826,-1.142,29.848,-0.893,-2.734,2.876,
18:16:19.732,3.227,72.000,-28.000,42.031,-27.081,29.969,-0.919,29.983,-0.580,-2.567,2.632,
18:16:19.751,3.246,66.000,-30.000,41.701,-27.586,24.299,-2.414,24.418,-0.573,-1.719,1.812,
18:16:19.760,3.256,66.000,-30.000,41.547,-27.818,24.453,-2.182,24.550,-0.558,-1.131,1.261,
18:16:19.779,3.274,66.000,-30.000,41.231,-28.284,24.769,-1.716,24.828,-0.467,-0.790,0.918,
18:16:19.796,3.291,66.000,-30.000,40.925,-28.725,25.075,-1.275,25.107,-0.339,-0.731,0.806,
18:16:19.805,3.300,58.000,-30.000,40.772,-28.943,17.228,-1.057,17.261,-0.195,0.484,0.522,
18:16:19.822,3.317,58.000,-30.000,40.469,-29.364,17.531,-0.636,17.543,-0.054,1.049,1.051,
18:16:19.830,3.326,58.000,-30.000,40.316,-29.573,17.684,-0.427,17.689,0.088,1.262,1.265,
18:16:19.848,3.343,58.000,-30.000,40.000,-29.999,18.000,-0.001,18.000,0.224,1.361,1.379,
18:16:19.865,3.360,50.000,-32.000,39.681,-30.421,10.319,-1.579,10.440,0.109,2.196,2.198,
18:16:19.875,3.370,50.000,-32.000,39.498,-30.658,10.502,-1.342,10.587,-0.014,2.669,2.669,
18:16:19.892,3.387,50.000,-32.000,39.170,-31.076,10.830,-0.924,10.869,-0.018,2.843,2.843,
18:16:19.900,3.396,50.000,-32.000,39.015,-31.270,10.985,-0.730,11.009,-0.014,2.583,2.583,
18:16:19.917,3.412,50.000,-32.000,38.689,-31.672,11.311,-0.328,11.315,0.042,2.418,2.419,
18:16:19.936,3.431,40.000,-32.000,38.327,-32.110,1.673,0.110,1.676,0.129,3.276,3.279,
18:16:19.945,3.440,40.000,-32.000,38.152,-32.317,1.848,0.317,1.875,0.235,3.861,3.868,
18:16:19.961,3.457,40.000,-32.000,37.817,-32.709,2.183,0.709,2.296,0.334,4.043,4.057,
18:16:19.970,3.465,40.000,-32.000,37.649,-32.903,2.351,0.903,2.519,0.442,3.854,3.879,
18:16:19.986,3.482,40.000,-32.000,37.314,-33.282,2.686,1.282,2.977,0.539,3.670,3.710,
18:16:19.995,3.490,30.000,-32.000,37.143,-33.473,-7.143,1.473,7.293,0.634,4.961,5.002,
18:16:20.012,3.508,30.000,-32.000,36.778,-33.873,-6.778,1.873,7.032,0.724,5.441,5.489,
18:16:20.022,3.517,30.000,-32.000,36.597,-34.068,-6.597,2.068,6.914,0.803,5.608,5.665,
18:16:20.041,3.537,30.000,-32.000,36.175,-34.516,-6.175,2.516,6.668,0.886,5.557,5.627,
18:16:20.052,3.548,26.000,-32.000,35.949,-34.751,-9.949,2.751,10.323,0.950,5.761,5.839,
18:16:20.075,3.570,26.000,-32.000,35.461,-35.249,-9.461,3.249,10.004,1.026,5.687,5.779,
18:16:20.084,3.579,26.000,-32.000,35.273,-35.438,-9.273,3.438,9.890,1.071,5.203,5.312,
18:16:20.102,3.597,26.000,-32.000,34.881,-35.823,-8.881,3.823,9.669,1.125,4.815,4.944,
18:16:20.111,3.607,20.000,-34.000,34.676,-36.022,-14.676,2.022,14.815,0.808,5.262,5.324,
18:16:20.131,3.626,20.000,-34.000,34.237,-36.439,-14.237,2.439,14.445,0.694,5.282,5.328,
18:16:20.140,3.635,20.000,-34.000,34.035,-36.628,-14.035,2.628,14.279,0.575,5.113,5.146,
18:16:20.156,3.651,20.000,-34.000,33.674,-36.960,-13.674,2.960,13.991,0.540,4.850,4.880,
18:16:20.164,3.659,20.000,-34.000,33.496,-37.122,-13.496,3.122,13.852,0.539,4.435,4.467,
18:16:20.181,3.676,18.000,-36.000,33.118,-37.459,-15.118,1.459,15.188,0.324,4.306,4.319,
18:16:20.200,3.695,18.000,-36.000,32.678,-37.843,-14.678,1.843,14.794,0.201,4.062,4.067,
18:16:20.218,3.714,18.000,-36.000,32.242,-38.216,-14.242,2.216,14.413,0.163,3.727,3.731,
18:16:20.241,3.736,16.000,-36.000,31.708,-38.660,-15.708,2.660,15.932,0.198,3.585,3.590,
18:16:20.251,3.746,16.000,-36.000,31.481,-38.846,-15.481,2.846,15.740,0.314,3.426,3.441,
18:16:20.268,3.763,16.000,-36.000,31.071,-39.174,-15.071,3.174,15.402,0.393,3.177,3.201,
18:16:20.286,3.781,16.000,-36.000,30.623,-39.525,-14.623,3.525,15.042,0.493,2.894,2.936,
18:16:20.295,3.790,18.000,-40.000,30.411,-39.688,-12.411,-0.312,12.415,-0.127,2.250,2.254,
18:16:20.316,3.811,18.000,-40.000,29.902,-40.073,-11.902,0.073,11.902,-0.349,1.802,1.836,
18:16:20.325,3.820,18.000,-40.000,29.681,-40.237,-11.681,0.237,11.683,-0.519,1.422,1.514,
18:16:20.342,3.837,18.000,-40.000,29.253,-40.550,-11.253,0.550,11.266,-0.564,1.102,1.237,
18:16:20.352,3.848,20.000,-38.000,29.004,-40.728,-9.004,2.728,9.408,-0.183,0.553,0.583,
18:16:20.373,3.868,20.000,-38.000,28.496,-41.085,-8.496,3.085,9.039,0.046,0.155,0.162,
18:16:20.383,3.878,20.000,-38.000,28.241,-41.260,-8.241,3.260,8.863,0.345,-0.079,0.354,
18:16:20.403,3.898,20.000,-38.000,27.724,-41.610,-7.724,3.610,8.526,0.534,-0.306,0.615,
18:16:20.413,3.909,22.000,-38.000,27.466,-41.780,-5.466,3.780,6.646,0.727,-0.693,1.004,
18:16:20.433,3.928,22.000,-38.000,26.975,-42.099,-4.975,4.099,6.446,0.861,-0.969,1.297,
18:16:20.443,3.939,22.000,-38.000,26.702,-42.273,-4.702,4.273,6.353,0.966,-1.075,1.446,
18:16:20.463,3.958,22.000,-38.000,26.197,-42.588,-4.197,4.588,6.218,1.053,-1.196,1.594,
18:16:20.472,3.968,24.000,-40.000,25.951,-42.738,-1.951,2.738,3.362,0.742,-1.496,1.671,
18:16:20.491,3.987,24.000,-40.000,25.452,-43.037,-1.452,3.037,3.366,0.631,-1.701,1.814,
18:16:20.500,3.995,24.000,-40.000,25.219,-43.174,-1.219,3.174,3.400,0.494,-1.742,1.811,
18:16:20.521,4.016,24.000,-40.000,24.667,-43.492,-0.667,3.492,3.555,0.463,-1.826,1.884,
18:16:20.532,4.027,24.000,-40.000,24.387,-43.649,-0.387,3.649,3.670,0.453,-1.757,1.815,
18:16:20.550,4.045,24.000,-40.000,23.895,-43.921,0.105,3.921,3.922,0.471,-1.750,1.812,
18:16:20.569,4.064,24.000,-40.000,23.373,-44.201,0.627,4.201,4.247,0.516,-1.715,1.791,
18:16:20.590,4.085,30.000,-42.000,22.796,-44.501,7.204,2.501,7.626,0.332,-2.416,2.439,
18:16:20.601,4.096,30.000,-42.000,22.501,-44.651,7.499,2.651,7.954,0.189,-2.994,3.000,
18:16:20.618,4.114,30.000,-42.000,22.031,-44.885,7.969,2.885,8.475,0.138,-3.295,3.298,
18:16:20.637,4.132,30.000,-42.000,21.510,-45.137,8.490,3.137,9.051,0.144,-3.450,3.453,
18:16:20.657,4.152,30.000,-42.000,20.966,-45.392,9.034,3.392,9.650,0.192,-3.488,3.493,
18:16:20.669,4.164,30.000,-42.000,20.637,-45.542,9.363,3.542,10.011,0.280,-3.391,3.403,
18:16:20.690,4.186,30.000,-42.000,20.022,-45.816,9.978,3.816,10.683,0.352,-3.348,3.366,
18:16:20.701,4.196,30.000,-42.000,19.742,-45.937,10.258,3.937,10.987,0.460,-3.175,3.209,
18:16:20.720,4.216,30.000,-42.000,19.187,-46.172,10.813,4.172,11.590,0.532,-3.095,3.140,
18:16:20.731,4.226,30.000,-42.000,18.896,-46.292,11.104,4.292,11.905,0.617,-2.960,3.023,
18:16:20.749,4.245,30.000,-42.000,18.360,-46.507,11.640,4.507,12.483,0.679,-2.886,2.965,
18:16:20.767,4.262,30.000,-42.000,17.856,-46.703,12.144,4.703,13.023,0.738,-2.821,2.916,
18:16:20.776,4.271,32.000,-44.000,17.608,-46.797,14.392,2.797,14.662,0.411,-3.142,3.168,
18:16:20.795,4.290,32.000,-44.000,17.065,-46.998,14.935,2.998,15.233,0.291,-3.267,3.280,
18:16:20.802,4.297,32.000,-44.000,16.858,-47.072,15.142,3.072,15.450,0.161,-3.423,3.426,
18:16:20.820,4.315,32.000,-44.000,16.337,-47.256,15.663,3.256,15.998,0.123,-3.470,3.472,
18:16:20.842,4.338,30.000,-44.000,15.689,-47.475,14.311,3.475,14.727,0.129,-3.273,3.275,
18:16:20.855,4.350,30.000,-44.000,15.336,-47.590,14.664,3.590,15.098,0.180,-3.058,3.064,
18:16:20.877,4.372,30.000,-44.000,14.694,-47.792,15.306,3.792,15.769,0.228,-2.949,2.957,
18:16:20.898,4.393,26.000,-46.000,14.063,-47.982,11.937,1.982,12.100,0.047,-2.393,2.394,
18:16:20.917,4.413,26.000,-46.000,13.491,-48.145,12.509,2.145,12.691,-0.052,-2.030,2.031,
18:16:20.936,4.431,26.000,-46.000,12.937,-48.297,13.063,2.297,13.263,-0.084,-1.842,1.844,
18:16:20.945,4.441,26.000,-46.000,12.669,-48.368,13.331,2.368,13.540,-0.059,-1.804,1.805,
18:16:20.964,4.459,24.000,-46.000,12.119,-48.509,11.881,2.509,12.143,-0.038,-1.529,1.529,
18:16:20.973,4.468,24.000,-46.000,11.860,-48.573,12.140,2.573,12.410,0.036,-1.396,1.397,
18:16:20.992,4.487,24.000,-46.000,11.291,-48.709,12.709,2.709,12.995,0.081,-1.330,1.332,
18:16:21.001,4.496,24.000,-46.000,11.017,-48.771,12.983,2.771,13.276,0.165,-1.436,1.445,
18:16:21.021,4.516,20.000,-46.000,10.435,-48.899,9.565,2.899,9.995,0.217,-1.035,1.058,
18:16:21.032,4.527,20.000,-46.000,10.096,-48.970,9.904,2.970,10.339,0.286,-0.775,0.826,
18:16:21.051,4.547,20.000,-46.000,9.511,-49.087,10.489,3.087,10.934,0.336,-0.674,0.753,
18:16:21.061,4.556,20.000,-46.000,9.221,-49.142,10.779,3.142,11.228,0.392,-0.758,0.853,
18:16:21.079,4.574,18.000,-46.000,8.695,-49.238,9.305,3.238,9.852,0.430,-0.587,0.727,
18:16:21.098,4.593,18.000,-46.000,8.103,-49.339,9.897,3.339,10.445,0.462,-0.565,0.729,
18:16:21.119,4.614,18.000,-46.000,7.468,-49.439,10.532,3.439,11.080,0.487,-0.667,0.826,
18:16:21.137,4.632,14.000,-46.000,6.916,-49.519,7.084,3.519,7.910,0.505,-0.326,0.601,
18:16:21.157,4.652,14.000,-46.000,6.308,-49.601,7.692,3.601,8.493,0.517,-0.200,0.554,
18:16:21.176,4.672,14.000,-46.000,5.711,-49.673,8.289,3.673,9.066,0.524,-0.231,0.572,
18:16:21.184,4.679,14.000,-46.000,5.492,-49.697,8.508,3.697,9.277,0.525,-0.431,0.679,
18:16:21.200,4.696,6.000,-48.000,4.986,-49.751,1.014,1.751,2.023,0.279,0.439,0.520,
18:16:21.219,4.714,6.000,-48.000,4.424,-49.804,1.576,1.804,2.395,0.099,0.980,0.985,
18:16:21.236,4.731,6.000,-48.000,3.900,-49.848,2.100,1.848,2.797,-0.023,1.235,1.235,
18:16:21.244,4.739,6.000,-48.000,3.650,-49.867,2.350,1.867,3.001,-0.099,1.249,1.253,
18:16:21.265,4.760,4.000,-48.000,3.003,-49.910,0.997,1.910,2.154,-0.143,1.440,1.447,
18:16:21.275,4.770,4.000,-48.000,2.715,-49.926,1.285,1.926,2.316,-0.122,1.374,1.379,
18:16:21.293,4.788,4.000,-48.000,2.152,-49.954,1.848,1.954,2.689,-0.116,1.274,1.279,
18:16:21.302,4.797,4.000,-48.000,1.888,-49.964,2.112,1.964,2.885,-0.059,0.950,0.951,
18:16:21.321,4.816,2.000,-48.000,1.312,-49.983,0.688,1.983,2.099,-0.038,0.962,0.962,
18:16:21.330,4.825,2.000,-48.000,1.021,-49.990,0.979,1.990,2.218,0.018,0.832,0.832,
18:16:21.347,4.842,2.000,-48.000,0.501,-49.997,1.499,1.997,2.498,0.047,0.684,0.686,
18:16:21.366,4.861,2.000,-48.000,-0.082,-50.000,2.082,2.000,2.887,0.076,0.463,0.469,
18:16:21.374,4.870,-2.000,-50.000,-0.330,-49.999,-1.670,-0.001,1.670,-0.274,0.933,0.973,
18:16:21.392,4.887,-2.000,-50.000,-0.877,-49.992,-1.123,-0.008,1.123,-0.419,1.030,1.112,
18:16:21.400,4.895,-2.000,-50.000,-1.110,-49.988,-0.890,-0.012,0.890,-0.551,1.068,1.202,
18:16:21.417,4.913,-2.000,-50.000,-1.647,-49.973,-0.353,-0.027,0.354,-0.609,0.993,1.165,
18:16:21.436,4.931,-6.000,-50.000,-2.221,-49.951,-3.779,-0.049,3.780,-0.626,1.311,1.453,
18:16:21.446,4.941,-6.000,-50.000,-2.523,-49.936,-3.477,-0.064,3.477,-0.593,1.536,1.647,
18:16:21.462,4.958,-6.000,-50.000,-3.016,-49.909,-2.984,-0.091,2.986,-0.569,1.560,1.660,
18:16:21.470,4.965,-6.000,-50.000,-3.246,-49.895,-2.754,-0.105,2.756,-0.502,1.458,1.542,
18:16:21.488,4.984,-6.000,-50.000,-3.811,-49.855,-2.189,-0.145,2.194,-0.474,1.331,1.413,
18:16:21.507,5.002,-8.000,-50.000,-4.379,-49.808,-3.621,-0.192,3.626,-0.434,1.349,1.417,
18:16:21.528,5.023,-8.000,-50.000,-5.021,-49.747,-2.979,-0.253,2.990,-0.394,1.241,1.302,
18:16:21.546,5.042,-8.000,-50.000,-5.590,-49.686,-2.410,-0.314,2.430,-0.355,1.040,1.099,
18:16:21.555,5.050,-8.000,-50.000,-5.825,-49.660,-2.175,-0.340,2.202,-0.310,0.762,0.823,
18:16:21.572,5.068,-10.000,-52.000,-6.362,-49.594,-3.638,-2.406,4.362,-0.528,0.790,0.950,
18:16:21.581,5.076,-10.000,-52.000,-6.605,-49.562,-3.395,-2.438,4.180,-0.772,0.800,1.112,
18:16:21.598,5.093,-10.000,-52.000,-7.125,-49.490,-2.875,-2.510,3.817,-0.879,0.711,1.131,
18:16:21.618,5.113,-10.000,-52.000,-7.729,-49.399,-2.271,-2.601,3.453,-0.943,0.561,1.097,
18:16:21.636,5.131,-10.000,-52.000,-8.283,-49.309,-1.717,-2.691,3.192,-0.963,0.370,1.032,
18:16:21.645,5.141,-10.000,-52.000,-8.563,-49.261,-1.437,-2.739,3.093,-0.940,0.166,0.955,
18:16:21.662,5.158,-10.000,-52.000,-9.078,-49.169,-0.922,-2.831,2.977,-0.928,-0.018,0.928,
18:16:21.672,5.167,-10.000,-52.000,-9.350,-49.118,-0.650,-2.882,2.954,-0.882,-0.196,0.904,
18:16:21.689,5.184,-10.000,-52.000,-9.872,-49.016,-0.128,-2.984,2.987,-0.859,-0.364,0.933,
18:16:21.709,5.204,-8.000,-52.000,-10.470,-48.891,2.470,-3.109,3.970,-0.831,-0.770,1.133,
18:16:21.728,5.223,-8.000,-52.000,-11.039,-48.766,3.039,-3.234,4.438,-0.801,-1.104,1.364,
18:16:21.745,5.241,-8.000,-52.000,-11.563,-48.645,3.563,-3.355,4.894,-0.774,-1.349,1.555,
18:16:21.755,5.250,-8.000,-52.000,-11.848,-48.576,3.848,-3.424,5.151,-0.747,-1.503,1.679,
18:16:21.775,5.270,-10.000,-50.000,-12.438,-48.428,2.438,-1.572,2.901,-0.500,-1.419,1.505,
18:16:21.784,5.279,-10.000,-50.000,-12.700,-48.360,2.700,-1.640,3.159,-0.241,-1.208,1.232,
18:16:21.804,5.299,-10.000,-50.000,-13.307,-48.197,3.307,-1.803,3.767,-0.125,-1.187,1.193,
18:16:21.814,5.310,-10.000,-50.000,-13.603,-48.114,3.603,-1.886,4.066,-0.063,-1.120,1.122,
18:16:21.834,5.329,-8.000,-52.000,-14.179,-47.947,6.179,-4.053,7.389,-0.273,-1.374,1.401,
18:16:21.843,5.338,-8.000,-52.000,-14.444,-47.868,6.444,-4.132,7.655,-0.564,-1.631,1.725,
18:16:21.861,5.356,-8.000,-52.000,-14.979,-47.703,6.979,-4.297,8.196,-0.707,-1.797,1.931,
18:16:21.870,5.365,-8.000,-52.000,-15.230,-47.624,7.230,-4.376,8.452,-0.866,-1.926,2.112,
18:16:21.887,5.383,-10.000,-52.000,-15.740,-47.458,5.740,-4.542,7.320,-0.952,-1.791,2.029,
18:16:21.909,5.404,-10.000,-52.000,-16.358,-47.248,6.358,-4.752,7.938,-1.017,-1.703,1.984,
18:16:21.928,5.423,-10.000,-52.000,-16.921,-47.050,6.921,-4.950,8.509,-1.058,-1.646,1.957,
18:16:21.949,5.444,-10.000,-52.000,-17.514,-46.832,7.514,-5.168,9.120,-1.084,-1.636,1.962,
18:16:21.966,5.461,-10.000,-52.000,-18.015,-46.642,8.015,-5.358,9.641,-1.094,-1.656,1.984,
18:16:21.975,5.471,-10.000,-52.000,-18.269,-46.543,8.269,-5.457,9.907,-1.084,-1.695,2.012,
18:16:21.993,5.488,-10.000,-52.000,-18.766,-46.345,8.766,-5.655,10.432,-1.091,-1.733,2.048,
18:16:22.001,5.496,-10.000,-52.000,-18.986,-46.255,8.986,-5.745,10.665,-1.083,-1.800,2.101,
18:16:22.018,5.513,-10.000,-52.000,-19.464,-46.056,9.464,-5.944,11.176,-1.090,-1.847,2.144,
18:16:22.037,5.532,-10.000,-52.000,-20.007,-45.823,10.007,-6.177,11.760,-1.101,-1.913,2.207,
18:16:22.053,5.549,-10.000,-52.000,-20.477,-45.614,10.477,-6.386,12.270,-1.113,-1.987,2.277,
18:16:22.061,5.556,-10.000,-52.000,-20.679,-45.523,10.679,-6.477,12.490,-1.124,-2.076,2.361,
18:16:22.077,5.573,-10.000,-52.000,-21.142,-45.310,11.142,-6.690,12.996,-1.137,-2.130,2.414,
18:16:22.097,5.593,-10.000,-52.000,-21.690,-45.051,11.690,-6.949,13.600,-1.158,-2.192,2.479,
18:16:22.117,5.612,-10.000,-52.000,-22.224,-44.789,12.224,-7.211,14.192,-1.185,-2.257,2.549,
18:16:22.134,5.630,-12.000,-52.000,-22.715,-44.542,10.715,-7.458,13.055,-1.215,-2.053,2.386,
18:16:22.142,5.638,-12.000,-52.000,-22.927,-44.434,10.927,-7.566,13.291,-1.249,-1.845,2.228,
18:16:22.160,5.656,-12.000,-52.000,-23.417,-44.177,11.417,-7.823,13.840,-1.273,-1.777,2.187,
18:16:22.177,5.673,-12.000,-52.000,-23.877,-43.931,11.877,-8.069,14.359,-1.303,-1.763,2.192,
18:16:22.198,5.693,-14.000,-50.000,-24.423,-43.629,10.423,-6.371,12.216,-1.094,-1.551,1.898,
18:16:22.216,5.712,-14.000,-50.000,-24.920,-43.348,10.920,-6.652,12.786,-0.952,-1.442,1.728,
18:16:22.226,5.721,-14.000,-50.000,-25.165,-43.205,11.165,-6.795,13.070,-0.854,-1.414,1.652,
18:16:22.244,5.739,-14.000,-50.000,-25.649,-42.920,11.649,-7.080,13.632,-0.819,-1.417,1.637,
18:16:22.252,5.748,-16.000,-48.000,-25.868,-42.788,9.868,-5.212,11.160,-0.461,-1.132,1.222,
18:16:22.269,5.764,-16.000,-48.000,-26.302,-42.523,10.302,-5.477,11.667,-0.313,-1.022,1.069,
18:16:22.288,5.783,-16.000,-48.000,-26.789,-42.218,10.789,-5.782,12.241,-0.256,-1.006,1.038,
18:16:22.305,5.800,-16.000,-48.000,-27.242,-41.927,11.242,-6.073,12.777,-0.279,-1.073,1.109,
18:16:22.314,5.809,-20.000,-48.000,-27.465,-41.781,7.465,-6.219,9.716,-0.385,-0.465,0.604,
18:16:22.332,5.827,-20.000,-48.000,-27.929,-41.472,7.929,-6.528,10.271,-0.455,-0.234,0.512,
18:16:22.341,5.836,-20.000,-48.000,-28.143,-41.328,8.143,-6.672,10.527,-0.601,-0.111,0.611,
18:16:22.357,5.852,-20.000,-48.000,-28.550,-41.047,8.550,-6.953,11.020,-0.696,-0.087,0.701,
18:16:22.365,5.861,-20.000,-48.000,-28.762,-40.899,8.762,-7.101,11.278,-0.834,-0.196,0.857,
18:16:22.382,5.878,-20.000,-44.000,-29.185,-40.598,9.185,-3.402,9.795,-0.461,-0.285,0.542,
18:16:22.392,5.887,-20.000,-44.000,-29.415,-40.432,9.415,-3.568,10.069,-0.095,-0.493,0.502,
18:16:22.409,5.904,-20.000,-44.000,-29.840,-40.119,9.840,-3.881,10.578,0.063,-0.645,0.648,
18:16:22.427,5.922,-20.000,-44.000,-30.286,-39.784,10.286,-4.216,11.117,0.112,-0.837,0.844,
18:16:22.445,5.941,-22.000,-44.000,-30.733,-39.439,8.733,-4.561,9.852,0.069,-0.790,0.793,
18:16:22.454,5.949,-22.000,-44.000,-30.932,-39.284,8.932,-4.716,10.101,-0.076,-0.775,0.779,
18:16:22.469,5.964,-22.000,-44.000,-31.299,-38.992,9.299,-5.008,10.562,-0.174,-0.816,0.834,
18:16:22.486,5.981,-22.000,-44.000,-31.700,-38.666,9.700,-5.334,11.070,-0.302,-0.897,0.946,
18:16:22.495,5.990,-22.000,-44.000,-31.907,-38.496,9.907,-5.504,11.333,-0.484,-1.018,1.127,
18:16:22.511,6.006,-26.000,-42.000,-32.295,-38.171,6.295,-3.829,7.368,-0.371,-0.638,0.738,
18:16:22.529,6.024,-26.000,-42.000,-32.700,-37.825,6.700,-4.175,7.895,-0.326,-0.391,0.509,
18:16:22.551,6.046,-26.000,-42.000,-33.214,-37.374,7.214,-4.626,8.570,-0.352,-0.291,0.457,
18:16:22.560,6.055,-26.000,-42.000,-33.416,-37.194,7.416,-4.806,8.837,-0.432,-0.309,0.531,
18:16:22.575,6.071,-28.000,-42.000,-33.772,-36.871,5.772,-5.129,7.722,-0.509,-0.094,0.518,
18:16:22.585,6.080,-28.000,-42.000,-33.981,-36.678,5.981,-5.322,8.007,-0.614,0.021,0.615,
18:16:22.603,6.098,-28.000,-42.000,-34.383,-36.302,6.383,-5.698,8.556,-0.710,0.040,0.711,
18:16:22.611,6.107,-28.000,-42.000,-34.576,-36.118,6.576,-5.882,8.822,-0.830,-0.066,0.833,
18:16:22.628,6.123,-28.000,-42.000,-34.944,-35.762,6.944,-6.238,9.335,-0.930,-0.155,0.943,
18:16:22.647,6.142,-30.000,-40.000,-35.359,-35.352,5.359,-4.648,7.094,-0.797,-0.059,0.799,
18:16:22.666,6.161,-30.000,-40.000,-35.763,-34.943,5.763,-5.057,7.667,-0.724,-0.064,0.727,
18:16:22.677,6.172,-30.000,-40.000,-35.988,-34.711,5.988,-5.289,7.990,-0.686,-0.154,0.703,
18:16:22.694,6.190,-30.000,-40.000,-36.367,-34.314,6.367,-5.686,8.536,-0.707,-0.249,0.750,
18:16:22.702,6.198,-34.000,-38.000,-36.529,-34.142,2.529,-3.858,4.613,-0.365,0.377,0.525,
18:16:22.719,6.214,-34.000,-38.000,-36.876,-33.767,2.876,-4.233,5.118,-0.261,0.588,0.643,
18:16:22.737,6.232,-34.000,-38.000,-37.249,-33.354,3.249,-4.646,5.669,-0.239,0.668,0.709,
18:16:22.755,6.250,-34.000,-38.000,-37.616,-32.940,3.616,-5.060,6.219,-0.290,0.630,0.694,
18:16:22.763,6.259,-36.000,-38.000,-37.779,-32.753,1.779,-5.247,5.540,-0.411,0.875,0.966,
18:16:22.779,6.274,-36.000,-38.000,-38.094,-32.386,2.094,-5.614,5.992,-0.504,0.927,1.055,
18:16:22.797,6.293,-36.000,-38.000,-38.455,-31.957,2.455,-6.043,6.523,-0.626,0.876,1.077,
18:16:22.816,6.311,-36.000,-38.000,-38.816,-31.517,2.816,-6.483,7.069,-0.771,0.738,1.067,
18:16:22.824,6.320,-38.000,-34.000,-38.975,-31.320,0.975,-2.680,2.852,-0.151,0.891,0.903,
18:16:22.840,6.336,-38.000,-34.000,-39.285,-30.931,1.285,-3.069,3.328,0.061,0.892,0.894,
18:16:22.857,6.352,-38.000,-34.000,-39.599,-30.527,1.599,-3.473,3.824,0.157,0.813,0.828,
18:16:22.875,6.370,-38.000,-34.000,-39.931,-30.092,1.931,-3.908,4.359,0.150,0.676,0.693,
18:16:22.883,6.378,-38.000,-36.000,-40.077,-29.897,2.077,-6.103,6.447,-0.349,0.465,0.581,
18:16:22.900,6.395,-38.000,-36.000,-40.387,-29.476,2.387,-6.524,6.947,-0.605,0.311,0.680,
18:16:22.917,6.412,-38.000,-36.000,-40.691,-29.056,2.691,-6.944,7.447,-0.860,0.138,0.871,
18:16:22.936,6.431,-38.000,-32.000,-41.031,-28.574,3.031,-3.426,4.574,-0.596,-0.037,0.597,
18:16:22.945,6.440,-38.000,-32.000,-41.182,-28.356,3.182,-3.644,4.837,-0.315,-0.219,0.384,
18:16:22.960,6.455,-38.000,-32.000,-41.446,-27.968,3.446,-4.032,5.304,-0.236,-0.359,0.430,
18:16:22.976,6.471,-38.000,-32.000,-41.718,-27.561,3.718,-4.439,5.790,-0.237,-0.486,0.541,
18:16:22.985,6.480,-38.000,-32.000,-41.860,-27.345,3.860,-4.655,6.047,-0.297,-0.591,0.662,
18:16:23.001,6.496,-40.000,-32.000,-42.128,-26.931,2.128,-5.069,5.498,-0.374,-0.446,0.582,
18:16:23.019,6.514,-40.000,-32.000,-42.422,-26.464,2.422,-5.536,6.042,-0.493,-0.351,0.606,
18:16:23.037,6.533,-40.000,-32.000,-42.725,-25.973,2.725,-6.027,6.614,-0.645,-0.305,0.714,
18:16:23.058,6.553,-40.000,-32.000,-43.052,-25.427,3.052,-6.573,7.247,-0.814,-0.308,0.870,
18:16:23.075,6.571,-40.000,-32.000,-43.322,-24.965,3.322,-7.035,7.780,-0.984,-0.343,1.042,
18:16:23.083,6.578,-40.000,-32.000,-43.431,-24.774,3.431,-7.226,7.999,-1.162,-0.402,1.229,
18:16:23.099,6.594,-40.000,-32.000,-43.673,-24.345,3.673,-7.655,8.491,-1.288,-0.451,1.365,
18:16:23.116,6.611,-40.000,-30.000,-43.928,-23.882,3.928,-6.118,7.270,-1.162,-0.514,1.271,
18:16:23.124,6.620,-40.000,-30.000,-44.049,-23.657,4.049,-6.343,7.525,-1.011,-0.592,1.171,
18:16:23.142,6.637,-40.000,-30.000,-44.298,-23.188,4.298,-6.812,8.055,-0.993,-0.653,1.189,
18:16:23.150,6.646,-40.000,-30.000,-44.416,-22.962,4.416,-7.038,8.308,-0.991,-0.723,1.227,
18:16:23.166,6.661,-40.000,-30.000,-44.636,-22.532,4.636,-7.468,8.790,-1.033,-0.777,1.293,
18:16:23.174,6.669,-40.000,-30.000,-44.741,-22.321,4.741,-7.679,9.024,-1.105,-0.834,1.384,
18:16:23.192,6.687,-40.000,-30.000,-44.984,-21.828,4.984,-8.172,9.571,-1.182,-0.880,1.474,
18:16:23.200,6.695,-40.000,-30.000,-45.087,-21.613,5.087,-8.387,9.809,-1.293,-0.923,1.589,
18:16:23.216,6.711,-40.000,-30.000,-45.299,-21.166,5.299,-8.834,10.301,-1.385,-0.959,1.685,
18:16:23.228,6.724,-38.000,-30.000,-45.459,-20.821,7.459,-9.179,11.827,-1.489,-1.274,1.959,
18:16:23.245,6.740,-38.000,-30.000,-45.668,-20.358,7.668,-9.642,12.319,-1.592,-1.483,2.176,
18:16:23.253,6.748,-38.000,-30.000,-45.767,-20.134,7.767,-9.866,12.556,-1.703,-1.671,2.386,
18:16:23.270,6.765,-38.000,-30.000,-45.972,-19.661,7.972,-10.339,13.056,-1.795,-1.769,2.520,
18:16:23.287,6.783,-40.000,-30.000,-46.183,-19.160,6.183,-10.840,12.479,-1.889,-1.574,2.459,
18:16:23.306,6.801,-40.000,-30.000,-46.396,-18.638,6.396,-11.362,13.038,-1.983,-1.403,2.429,
18:16:23.314,6.810,-40.000,-30.000,-46.495,-18.390,6.495,-11.610,13.303,-2.064,-1.208,2.391,
18:16:23.332,6.827,-40.000,-30.000,-46.685,-17.902,6.685,-12.098,13.823,-2.137,-1.114,2.410,
18:16:23.340,6.836,-40.000,-30.000,-46.782,-17.649,6.782,-12.351,14.090,-2.199,-1.035,2.431,
18:16:23.356,6.852,-40.000,-30.000,-46.953,-17.188,6.953,-12.812,14.577,-2.259,-0.990,2.467,
18:16:23.375,6.870,-40.000,-30.000,-47.141,-16.665,7.141,-13.335,15.127,-2.324,-0.971,2.519,
18:16:23.384,6.879,-40.000,-30.000,-47.230,-16.411,7.230,-13.589,15.393,-2.378,-0.988,2.575,
18:16:23.401,6.896,-40.000,-30.000,-47.401,-15.910,7.401,-14.090,15.916,-2.432,-0.989,2.626,
18:16:23.419,6.914,-40.000,-26.000,-47.575,-15.384,7.575,-10.616,13.041,-1.995,-1.007,2.235,
18:16:23.437,6.932,-40.000,-26.000,-47.737,-14.873,7.737,-11.127,13.553,-1.687,-1.035,1.979,
18:16:23.456,6.951,-40.000,-26.000,-47.908,-14.312,7.908,-11.688,14.112,-1.524,-1.066,1.860,
18:16:23.463,6.959,-40.000,-26.000,-47.973,-14.091,7.973,-11.909,14.332,-1.454,-1.125,1.838,
18:16:23.481,6.976,-42.000,-24.000,-48.121,-13.577,6.121,-10.423,12.087,-1.192,-0.901,1.494,
18:16:23.497,6.993,-42.000,-24.000,-48.258,-13.082,6.258,-10.918,12.584,-1.064,-0.735,1.293,
18:16:23.517,7.013,-42.000,-24.000,-48.417,-12.482,6.417,-11.518,13.185,-1.055,-0.636,1.232,
18:16:23.535,7.031,-42.000,-24.000,-48.552,-11.945,6.552,-12.055,13.720,-1.152,-0.595,1.297,
18:16:23.544,7.039,-42.000,-24.000,-48.614,-11.692,6.614,-12.308,13.972,-1.360,-0.613,1.492,
18:16:23.562,7.057,-42.000,-24.000,-48.738,-11.162,6.738,-12.838,14.499,-1.478,-0.610,1.599,
18:16:23.570,7.066,-42.000,-24.000,-48.796,-10.906,6.796,-13.094,14.752,-1.685,-0.663,1.811,
18:16:23.587,7.082,-42.000,-24.000,-48.902,-10.423,6.902,-13.577,15.231,-1.816,-0.683,1.940,
18:16:23.596,7.091,-44.000,-22.000,-48.957,-10.159,4.957,-11.841,12.837,-1.643,-0.391,1.689,
18:16:23.612,7.107,-44.000,-22.000,-49.056,-9.670,5.056,-12.330,13.326,-1.595,-0.245,1.614,
18:16:23.620,7.115,-44.000,-22.000,-49.101,-9.439,5.101,-12.561,13.558,-1.585,-0.139,1.591,
18:16:23.636,7.131,-44.000,-22.000,-49.193,-8.947,5.193,-13.053,14.048,-1.616,-0.087,1.618,
18:16:23.644,7.139,-44.000,-22.000,-49.235,-8.710,5.235,-13.290,14.284,-1.702,-0.102,1.705,
18:16:23.660,7.155,-46.000,-20.000,-49.317,-8.238,3.317,-11.762,12.220,-1.538,0.130,1.544,
18:16:23.676,7.172,-46.000,-20.000,-49.399,-7.730,3.399,-12.270,12.732,-1.459,0.277,1.485,
18:16:23.686,7.181,-46.000,-20.000,-49.443,-7.446,3.443,-12.554,13.018,-1.441,0.346,1.482,
18:16:23.703,7.198,-46.000,-20.000,-49.517,-6.935,3.517,-13.065,13.530,-1.471,0.374,1.518,
18:16:23.711,7.206,-46.000,-20.000,-49.551,-6.684,3.551,-13.316,13.781,-1.576,0.312,1.607,
18:16:23.727,7.223,-48.000,-16.000,-49.615,-6.193,1.615,-9.807,9.939,-1.182,0.518,1.290,
18:16:23.745,7.240,-48.000,-16.000,-49.679,-5.657,1.679,-10.343,10.478,-0.938,0.634,1.133,
18:16:23.753,7.248,-48.000,-16.000,-49.706,-5.414,1.706,-10.586,10.723,-0.786,0.662,1.028,
18:16:23.769,7.265,-48.000,-16.000,-49.759,-4.907,1.759,-11.093,11.231,-0.747,0.671,1.005,
18:16:23.789,7.284,-48.000,-12.000,-49.813,-4.322,1.813,-7.678,7.889,-0.336,0.629,0.713,
18:16:23.808,7.303,-48.000,-12.000,-49.861,-3.721,1.861,-8.279,8.486,-0.136,0.545,0.562,
18:16:23.827,7.322,-48.000,-12.000,-49.900,-3.154,1.900,-8.846,9.048,-0.122,0.438,0.455,
18:16:23.836,7.332,-48.000,-12.000,-49.918,-2.854,1.918,-9.146,9.345,-0.269,0.300,0.403,
18:16:23.854,7.349,-52.000,-10.000,-49.946,-2.327,-2.054,-7.673,7.943,-0.145,0.710,0.724,
18:16:23.863,7.358,-52.000,-10.000,-49.958,-2.055,-2.042,-7.945,8.204,-0.154,1.105,1.116,
18:16:23.879,7.374,-52.000,-10.000,-49.976,-1.558,-2.024,-8.442,8.681,-0.209,1.281,1.298,
18:16:23.898,7.393,-52.000,-10.000,-49.991,-0.970,-2.009,-9.030,9.250,-0.354,1.360,1.405,
18:16:23.920,7.416,-52.000,-6.000,-49.999,-0.282,-2.001,-5.718,6.058,-0.095,1.356,1.359,
18:16:23.939,7.435,-52.000,-6.000,-49.999,0.310,-2.001,-6.310,6.620,-0.009,1.277,1.277,
18:16:23.960,7.455,-52.000,-6.000,-49.991,0.931,-2.009,-6.931,7.216,-0.066,1.172,1.174,
18:16:23.980,7.475,-52.000,-4.000,-49.976,1.556,-2.024,-5.556,5.913,0.036,1.055,1.056,
18:16:23.999,7.494,-52.000,-4.000,-49.954,2.142,-2.046,-6.142,6.474,-0.003,0.937,0.937,
18:16:24.017,7.512,-52.000,-4.000,-49.927,2.694,-2.073,-6.694,7.007,-0.137,0.830,0.842,
18:16:24.034,7.530,-54.000,0.000,-49.895,3.233,-4.105,-3.233,5.225,0.209,1.007,1.028,
18:16:24.043,7.538,-54.000,0.000,-49.878,3.490,-4.122,-3.490,5.401,0.464,1.182,1.269,
18:16:24.060,7.555,-54.000,0.000,-49.839,4.012,-4.161,-4.012,5.780,0.504,1.230,1.329,
18:16:24.078,7.573,-54.000,0.000,-49.791,4.562,-4.209,-4.562,6.207,0.421,1.242,1.311,
18:16:24.097,7.592,-50.000,0.000,-49.735,5.140,-0.265,-5.140,5.147,0.244,0.719,0.759,
18:16:24.107,7.602,-50.000,0.000,-49.704,5.434,-0.296,-5.434,5.442,-0.031,0.196,0.198,
18:16:24.124,7.619,-50.000,0.000,-49.644,5.952,-0.356,-5.952,5.963,-0.242,-0.076,0.254,
18:16:24.131,7.626,-50.000,0.000,-49.618,6.166,-0.382,-6.166,6.177,-0.536,-0.295,0.612,
18:16:24.147,7.642,-50.000,0.000,-49.555,6.656,-0.445,-6.656,6.670,-0.729,-0.413,0.838,
18:16:24.168,7.663,-52.000,4.000,-49.466,7.288,-2.534,-3.288,4.152,-0.476,-0.231,0.529,
18:16:24.186,7.681,-52.000,4.000,-49.382,7.836,-2.618,-3.836,4.644,-0.316,-0.017,0.316,
18:16:24.194,7.690,-52.000,4.000,-49.341,8.089,-2.659,-4.089,4.878,-0.206,0.255,0.328,
18:16:24.211,7.707,-52.000,4.000,-49.253,8.608,-2.747,-4.608,5.365,-0.222,0.376,0.437,
18:16:24.220,7.715,-52.000,4.000,-49.209,8.858,-2.791,-4.858,5.602,-0.309,0.514,0.600,
18:16:24.236,7.732,-50.000,8.000,-49.117,9.356,-0.883,-1.356,1.618,0.070,0.347,0.354,
18:16:24.245,7.741,-50.000,8.000,-49.065,9.625,-0.935,-1.625,1.875,0.403,0.162,0.434,
18:16:24.263,7.758,-50.000,8.000,-48.960,10.145,-1.040,-2.145,2.383,0.509,0.079,0.515,
18:16:24.274,7.769,-50.000,8.000,-48.891,10.475,-1.109,-2.475,2.712,0.493,0.021,0.493,
18:16:24.290,7.786,-50.000,8.000,-48.782,10.968,-1.218,-2.968,3.208,0.411,-0.000,0.411,
18:16:24.308,7.803,-50.000,8.000,-48.663,11.485,-1.337,-3.485,3.732,0.247,0.008,0.247,
18:16:24.326,7.821,-50.000,8.000,-48.528,12.042,-1.472,-4.042,4.301,0.031,0.040,0.050,
18:16:24.334,7.830,-50.000,8.000,-48.468,12.282,-1.532,-4.282,4.548,-0.275,0.102,0.293,
18:16:24.350,7.846,-50.000,10.000,-48.345,12.759,-1.655,-2.759,3.217,-0.230,0.143,0.271,
18:16:24.367,7.862,-50.000,10.000,-48.212,13.253,-1.788,-3.253,3.712,-0.254,0.193,0.319,
18:16:24.384,7.879,-50.000,10.000,-48.072,13.750,-1.928,-3.750,4.216,-0.336,0.247,0.417,
18:16:24.391,7.887,-50.000,10.000,-48.013,13.955,-1.987,-3.955,4.426,-0.460,0.312,0.556,
18:16:24.409,7.905,-50.000,8.000,-47.854,14.492,-2.146,-6.492,6.837,-0.806,0.359,0.882,
18:16:24.426,7.921,-50.000,8.000,-47.706,14.972,-2.294,-6.972,7.340,-1.138,0.405,1.208,
18:16:24.434,7.929,-50.000,8.000,-47.634,15.200,-2.366,-7.200,7.579,-1.466,0.449,1.534,
18:16:24.450,7.946,-50.000,8.000,-47.476,15.684,-2.524,-7.684,8.088,-1.677,0.488,1.746,
18:16:24.468,7.964,-48.000,10.000,-47.298,16.215,-0.702,-6.215,6.255,-1.604,0.284,1.629,
18:16:24.488,7.983,-48.000,10.000,-47.104,16.770,-0.896,-6.770,6.829,-1.557,0.144,1.563,
18:16:24.509,8.004,-48.000,10.000,-46.877,17.393,-1.123,-7.393,7.478,-1.550,0.073,1.551,
18:16:24.526,8.021,-46.000,10.000,-46.694,17.879,0.694,-7.879,7.909,-1.556,-0.220,1.571,
18:16:24.534,8.030,-46.000,10.000,-46.603,18.115,0.603,-8.115,8.137,-1.561,-0.453,1.626,
18:16:24.551,8.046,-46.000,10.000,-46.413,18.596,0.413,-8.596,8.606,-1.600,-0.537,1.688,
18:16:24.568,8.064,-46.000,10.000,-46.217,19.078,0.217,-9.078,9.080,-1.655,-0.544,1.743,
18:16:24.587,8.083,-46.000,12.000,-45.989,19.621,-0.011,-7.621,7.621,-1.479,-0.493,1.559,
18:16:24.607,8.102,-46.000,12.000,-45.747,20.178,-0.253,-8.178,8.182,-1.385,-0.393,1.439,
18:16:24.626,8.121,-46.000,12.000,-45.511,20.706,-0.489,-8.706,8.720,-1.362,-0.267,1.388,
18:16:24.634,8.129,-46.000,12.000,-45.409,20.928,-0.591,-8.928,8.948,-1.391,-0.095,1.394,
18:16:24.650,8.146,-48.000,12.000,-45.198,21.380,-2.802,-9.380,9.790,-1.423,0.261,1.447,
18:16:24.666,8.162,-48.000,12.000,-44.985,21.826,-3.015,-9.826,10.278,-1.490,0.557,1.591,
18:16:24.675,8.170,-48.000,12.000,-44.877,22.048,-3.123,-10.048,10.522,-1.602,0.832,1.806,
18:16:24.690,8.186,-48.000,12.000,-44.659,22.486,-3.341,-10.486,11.005,-1.676,0.997,1.950,
18:16:24.706,8.201,-48.000,12.000,-44.443,22.908,-3.557,-10.908,11.473,-1.766,1.112,2.087,
18:16:24.716,8.211,-48.000,12.000,-44.313,23.160,-3.687,-11.160,11.753,-1.874,1.168,2.208,
18:16:24.732,8.228,-48.000,12.000,-44.074,23.610,-3.926,-11.610,12.256,-1.954,1.225,2.306,
18:16:24.741,8.236,-48.000,12.000,-43.950,23.842,-4.050,-11.842,12.515,-2.049,1.217,2.383,
18:16:24.758,8.253,-48.000,12.000,-43.695,24.305,-4.305,-12.305,13.036,-2.119,1.242,2.457,
18:16:24.776,8.271,-48.000,12.000,-43.431,24.774,-4.569,-12.774,13.566,-2.193,1.247,2.523,
18:16:24.784,8.280,-48.000,12.000,-43.298,25.005,-4.702,-13.005,13.829,-2.265,1.204,2.565,
18:16:24.802,8.297,-48.000,12.000,-43.024,25.474,-4.976,-13.474,14.363,-2.322,1.207,2.617,
18:16:24.811,8.306,-48.000,12.000,-42.892,25.696,-5.108,-13.696,14.618,-2.375,1.177,2.651,
18:16:24.826,8.321,-48.000,12.000,-42.647,26.100,-5.353,-14.100,15.082,-2.417,1.178,2.689,
18:16:24.835,8.331,-48.000,16.000,-42.502,26.335,-5.498,-10.335,11.707,-1.775,1.167,2.124,
18:16:24.852,8.347,-48.000,16.000,-42.226,26.776,-5.774,-10.776,12.226,-1.471,1.177,1.884,
18:16:24.860,8.356,-48.000,16.000,-42.093,26.985,-5.907,-10.985,12.473,-1.179,1.181,1.669,
18:16:24.877,8.372,-48.000,16.000,-41.821,27.405,-6.179,-11.405,12.971,-1.057,1.197,1.597,
18:16:24.885,8.381,-48.000,16.000,-41.678,27.622,-6.322,-11.622,13.230,-1.027,1.214,1.590,
18:16:24.902,8.397,-46.000,18.000,-41.397,28.041,-4.603,-10.041,11.046,-0.795,1.001,1.278,
18:16:24.910,8.406,-46.000,18.000,-41.249,28.258,-4.751,-10.258,11.305,-0.652,0.775,1.013,
18:16:24.927,8.423,-46.000,18.000,-40.950,28.690,-5.050,-10.690,11.823,-0.605,0.679,0.909,
18:16:24.948,8.443,-46.000,18.000,-40.591,29.195,-5.409,-11.195,12.433,-0.659,0.647,0.924,
18:16:24.966,8.462,-46.000,20.000,-40.251,29.662,-5.749,-9.662,11.243,-0.550,0.671,0.868,
18:16:24.975,8.470,-46.000,20.000,-40.101,29.864,-5.899,-9.864,11.494,-0.551,0.754,0.934,
18:16:24.991,8.487,-46.000,20.000,-39.791,30.276,-6.209,-10.276,12.006,-0.582,0.807,0.995,
18:16:25.000,8.495,-46.000,20.000,-39.641,30.473,-6.359,-10.473,12.253,-0.724,0.907,1.161,
18:16:25.017,8.512,-46.000,20.000,-39.316,30.892,-6.684,-10.892,12.779,-0.821,0.972,1.272,
18:16:25.035,8.531,-44.000,22.000,-38.962,31.336,-5.038,-9.336,10.609,-0.726,0.814,1.091,
18:16:25.043,8.538,-44.000,22.000,-38.820,31.512,-5.180,-9.512,10.831,-0.689,0.651,0.948,
18:16:25.058,8.554,-44.000,22.000,-38.519,31.879,-5.481,-9.879,11.298,-0.708,0.604,0.930,
18:16:25.075,8.571,-44.000,22.000,-38.181,32.283,-5.819,-10.283,11.816,-0.785,0.611,0.995,
18:16:25.083,8.578,-44.000,22.000,-38.041,32.449,-5.959,-10.449,12.029,-0.950,0.679,1.168,
18:16:25.099,8.594,-44.000,26.000,-37.713,32.829,-6.287,-6.829,9.282,-0.577,0.729,0.929,
18:16:25.116,8.611,-44.000,26.000,-37.378,33.210,-6.622,-7.210,9.789,-0.334,0.810,0.876,
18:16:25.123,8.619,-44.000,26.000,-37.223,33.384,-6.777,-7.384,10.023,-0.166,0.935,0.950,
18:16:25.139,8.635,-44.000,26.000,-36.894,33.747,-7.106,-7.747,10.512,-0.120,1.019,1.026,
18:16:25.156,8.651,-42.000,26.000,-36.543,34.126,-5.457,-8.126,9.788,-0.169,0.866,0.882,
18:16:25.164,8.659,-42.000,26.000,-36.380,34.300,-5.620,-8.300,10.024,-0.340,0.711,0.789,
18:16:25.180,8.675,-42.000,26.000,-36.044,34.653,-5.956,-8.653,10.505,-0.449,0.672,0.808,
18:16:25.196,8.692,-42.000,26.000,-35.696,35.012,-6.304,-9.012,10.998,-0.601,0.685,0.911,
18:16:25.205,8.700,-42.000,26.000,-35.510,35.200,-6.490,-9.200,11.259,-0.817,0.744,1.105,
18:16:25.221,8.716,-40.000,30.000,-35.167,35.542,-4.833,-5.542,7.354,-0.474,0.560,0.734,
18:16:25.237,8.732,-40.000,30.000,-34.819,35.884,-5.181,-5.884,7.840,-0.251,0.460,0.524,
18:16:25.246,8.741,-40.000,30.000,-34.632,36.064,-5.368,-6.064,8.099,-0.099,0.418,0.429,
18:16:25.263,8.758,-40.000,30.000,-34.250,36.427,-5.750,-6.427,8.624,-0.063,0.431,0.435,
18:16:25.270,8.765,-40.000,30.000,-34.089,36.578,-5.911,-6.578,8.843,-0.134,0.524,0.541,
18:16:25.286,8.782,-38.000,32.000,-33.723,36.915,-4.277,-4.915,6.515,0.041,0.358,0.361,
18:16:25.294,8.789,-38.000,32.000,-33.555,37.069,-4.445,-5.069,6.742,0.154,0.223,0.271,
18:16:25.310,8.805,-38.000,32.000,-33.195,37.391,-4.805,-5.391,7.221,0.174,0.193,0.260,
18:16:25.326,8.822,-38.000,32.000,-32.810,37.729,-5.190,-5.729,7.731,0.111,0.236,0.261,
18:16:25.343,8.838,-36.000,32.000,-32.430,38.056,-3.570,-6.056,7.030,-0.017,0.079,0.081,
18:16:25.351,8.846,-36.000,32.000,-32.242,38.216,-3.758,-6.216,7.264,-0.228,-0.015,0.228,
18:16:25.367,8.862,-36.000,32.000,-31.869,38.527,-4.131,-6.527,7.724,-0.365,-0.016,0.365,
18:16:25.375,8.870,-36.000,32.000,-31.689,38.676,-4.311,-6.676,7.947,-0.562,0.067,0.566,
18:16:25.391,8.886,-36.000,32.000,-31.300,38.991,-4.700,-6.991,8.424,-0.692,0.146,0.707,
18:16:25.409,8.905,-36.000,34.000,-30.860,39.340,-5.140,-5.340,7.412,-0.591,0.276,0.652,
18:16:25.426,8.922,-36.000,34.000,-30.448,39.660,-5.552,-5.660,7.928,-0.543,0.445,0.702,
18:16:25.435,8.930,-36.000,34.000,-30.234,39.824,-5.766,-5.824,8.195,-0.524,0.651,0.836,
18:16:25.452,8.947,-36.000,34.000,-29.825,40.131,-6.175,-6.131,8.701,-0.551,0.801,0.972,
18:16:25.468,8.963,-34.000,36.000,-29.434,40.419,-4.566,-4.419,6.354,-0.352,0.695,0.779,
18:16:25.487,8.982,-34.000,36.000,-28.960,40.760,-5.040,-4.760,6.933,-0.257,0.666,0.714,
18:16:25.504,8.999,-34.000,36.000,-28.519,41.069,-5.481,-5.069,7.465,-0.239,0.689,0.729,
18:16:25.512,9.008,-34.000,36.000,-28.316,41.209,-5.684,-5.209,7.710,-0.287,0.738,0.792,
18:16:25.529,9.024,-34.000,38.000,-27.886,41.501,-6.114,-3.501,7.045,-0.092,0.808,0.813,
18:16:25.547,9.042,-34.000,38.000,-27.436,41.800,-6.564,-3.800,7.585,0.005,0.906,0.906,
18:16:25.554,9.050,-34.000,38.000,-27.248,41.923,-6.752,-3.923,7.810,0.028,1.032,1.032,
18:16:25.570,9.065,-34.000,38.000,-26.843,42.183,-7.157,-4.183,8.290,0.017,1.129,1.129,
18:16:25.588,9.083,-34.000,38.000,-26.383,42.473,-7.617,-4.473,8.833,-0.048,1.238,1.239,
18:16:25.607,9.102,-34.000,38.000,-25.882,42.780,-8.118,-4.780,9.420,-0.157,1.353,1.362,
18:16:25.615,9.110,-34.000,38.000,-25.674,42.905,-8.326,-4.905,9.664,-0.337,1.468,1.506,
18:16:25.630,9.126,-34.000,38.000,-25.265,43.147,-8.735,-5.147,10.139,-0.446,1.560,1.622,
18:16:25.648,9.143,-30.000,40.000,-24.797,43.418,-5.203,-3.418,6.226,-0.313,1.161,1.202,
18:16:25.668,9.163,-30.000,40.000,-24.256,43.723,-5.744,-3.723,6.845,-0.251,0.904,0.938,
18:16:25.686,9.181,-30.000,40.000,-23.771,43.988,-6.229,-3.988,7.396,-0.247,0.764,0.803,
18:16:25.694,9.190,-30.000,40.000,-23.553,44.105,-6.447,-4.105,7.643,-0.287,0.702,0.759,
18:16:25.710,9.205,-30.000,40.000,-23.126,44.331,-6.874,-4.331,8.125,-0.328,0.700,0.773,
18:16:25.729,9.224,-30.000,40.000,-22.611,44.595,-7.389,-4.595,8.701,-0.393,0.764,0.859,
18:16:25.747,9.242,-30.000,40.000,-22.124,44.839,-7.876,-4.839,9.244,-0.477,0.887,1.007,
18:16:25.755,9.250,-30.000,40.000,-21.893,44.952,-8.107,-4.952,9.500,-0.583,1.078,1.226,
18:16:25.771,9.266,-28.000,42.000,-21.452,45.164,-6.548,-3.164,7.273,-0.407,0.952,1.035,
18:16:25.786,9.281,-28.000,42.000,-21.038,45.359,-6.962,-3.359,7.730,-0.287,0.898,0.943,
18:16:25.794,9.289,-28.000,42.000,-20.818,45.460,-7.182,-3.460,7.972,-0.197,0.895,0.916,
18:16:25.812,9.307,-28.000,42.000,-20.313,45.688,-7.687,-3.688,8.526,-0.175,0.933,0.949,
18:16:25.821,9.316,-28.000,42.000,-20.076,45.793,-7.924,-3.793,8.785,-0.203,1.035,1.055,
18:16:25.838,9.333,-24.000,42.000,-19.603,45.997,-4.397,-3.997,5.943,-0.234,0.650,0.691,
18:16:25.855,9.350,-24.000,42.000,-19.117,46.201,-4.883,-4.201,6.441,-0.294,0.401,0.497,
18:16:25.862,9.358,-24.000,42.000,-18.908,46.287,-5.092,-4.287,6.657,-0.399,0.220,0.456,
18:16:25.879,9.374,-24.000,42.000,-18.441,46.475,-5.559,-4.475,7.136,-0.460,0.175,0.492,
18:16:25.897,9.392,-26.000,42.000,-17.919,46.679,-8.081,-4.679,9.338,-0.529,0.472,0.709,
18:16:25.916,9.411,-26.000,42.000,-17.388,46.879,-8.612,-4.879,9.899,-0.602,0.791,0.994,
18:16:25.925,9.420,-26.000,42.000,-17.137,46.971,-8.863,-4.971,10.162,-0.683,1.178,1.361,
18:16:25.940,9.435,-26.000,42.000,-16.700,47.129,-9.300,-5.129,10.621,-0.737,1.410,1.590,
18:16:25.956,9.451,-24.000,44.000,-16.232,47.292,-7.768,-3.292,8.436,-0.530,1.361,1.460,
18:16:25.964,9.459,-24.000,44.000,-16.006,47.369,-7.994,-3.369,8.675,-0.308,1.292,1.328,
18:16:25.982,9.477,-24.000,44.000,-15.478,47.544,-8.522,-3.544,9.229,-0.225,1.321,1.340,
18:16:25.991,9.486,-24.000,44.000,-15.222,47.627,-8.778,-3.627,9.498,-0.173,1.356,1.367,
18:16:26.007,9.502,-24.000,44.000,-14.748,47.776,-9.252,-3.776,9.993,-0.159,1.420,1.429,
18:16:26.026,9.521,-22.000,42.000,-14.215,47.937,-7.785,-5.937,9.790,-0.421,1.266,1.334,
18:16:26.033,9.529,-22.000,42.000,-13.996,48.001,-8.004,-6.001,10.004,-0.773,1.091,1.337,
18:16:26.050,9.546,-22.000,42.000,-13.490,48.146,-8.510,-6.146,10.497,-0.928,1.064,1.412,
18:16:26.066,9.561,-22.000,42.000,-13.032,48.272,-8.968,-6.272,10.944,-1.052,1.094,1.518,
18:16:26.074,9.569,-22.000,42.000,-12.794,48.335,-9.206,-6.335,11.176,-1.153,1.175,1.646,
18:16:26.090,9.585,-20.000,46.000,-12.326,48.457,-7.674,-2.457,8.058,-0.724,1.008,1.241,
18:16:26.107,9.602,-20.000,46.000,-11.824,48.582,-8.176,-2.582,8.574,-0.385,0.933,1.009,
18:16:26.124,9.620,-20.000,46.000,-11.294,48.708,-8.706,-2.708,9.117,-0.148,0.942,0.953,
18:16:26.133,9.628,-20.000,46.000,-11.050,48.764,-8.950,-2.764,9.367,0.039,1.027,1.028,
18:16:26.149,9.644,-20.000,46.000,-10.569,48.870,-9.431,-2.870,9.858,0.129,1.104,1.112,
18:16:26.166,9.661,-20.000,46.000,-10.063,48.977,-9.937,-2.977,10.374,0.156,1.222,1.232,
18:16:26.175,9.670,-20.000,46.000,-9.789,49.032,-10.211,-3.032,10.651,0.107,1.388,1.392,
18:16:26.192,9.687,-20.000,46.000,-9.284,49.130,-10.716,-3.130,11.164,0.080,1.515,1.517,
18:16:26.200,9.695,-20.000,46.000,-9.033,49.177,-10.967,-3.177,11.418,-0.017,1.677,1.677,
18:16:26.216,9.712,-16.000,46.000,-8.538,49.266,-7.462,-3.266,8.145,-0.066,1.320,1.321,
18:16:26.225,9.720,-16.000,46.000,-8.284,49.309,-7.716,-3.309,8.395,-0.164,0.944,0.958,
18:16:26.242,9.737,-16.000,46.000,-7.767,49.393,-8.233,-3.393,8.905,-0.216,0.806,0.834,
18:16:26.251,9.746,-16.000,46.000,-7.496,49.435,-8.504,-3.435,9.171,-0.298,0.741,0.798,
18:16:26.268,9.763,-16.000,46.000,-6.991,49.509,-9.009,-3.509,9.668,-0.346,0.750,0.826,
18:16:26.285,9.780,-16.000,48.000,-6.460,49.581,-9.540,-1.581,9.671,-0.146,0.838,0.850,
18:16:26.294,9.789,-16.000,48.000,-6.197,49.614,-9.803,-1.614,9.935,0.057,1.017,1.019,
18:16:26.310,9.805,-16.000,48.000,-5.710,49.673,-10.290,-1.673,10.425,0.148,1.146,1.156,
18:16:26.327,9.822,-16.000,48.000,-5.194,49.729,-10.806,-1.729,10.943,0.194,1.305,1.320,
18:16:26.345,9.841,-12.000,48.000,-4.624,49.786,-7.376,-1.786,7.589,0.201,0.985,1.005,
18:16:26.353,9.848,-12.000,48.000,-4.403,49.806,-7.597,-1.806,7.808,0.153,0.643,0.661,
18:16:26.372,9.867,-12.000,48.000,-3.825,49.854,-8.175,-1.854,8.383,0.136,0.563,0.579,
18:16:26.389,9.885,-12.000,48.000,-3.296,49.891,-8.704,-1.891,8.907,0.096,0.588,0.596,
18:16:26.407,9.903,-14.000,50.000,-2.752,49.924,-11.248,0.076,11.248,0.305,0.949,0.996,
18:16:26.425,9.921,-14.000,50.000,-2.199,49.952,-11.801,0.048,11.801,0.437,1.286,1.358,
18:16:26.433,9.929,-14.000,50.000,-1.952,49.962,-12.048,0.038,12.048,0.524,1.671,1.751,
18:16:26.449,9.944,-14.000,50.000,-1.473,49.978,-12.527,0.022,12.527,0.560,1.894,1.975,
18:16:26.465,9.960,-8.000,48.000,-0.994,49.990,-7.006,-1.990,7.283,0.299,1.314,1.348,
18:16:26.473,9.968,-8.000,48.000,-0.742,49.994,-7.258,-1.994,7.527,-0.010,0.712,0.712,
18:16:26.490,9.986,-8.000,48.000,-0.213,50.000,-7.787,-2.000,8.040,-0.154,0.491,0.514,
18:16:26.507,10.002,-8.000,48.000,0.298,49.999,-8.298,-1.999,8.535,-0.269,0.398,0.481,
18:16:26.524,10.019,-8.000,50.000,0.828,49.993,-8.828,0.007,8.828,-0.089,0.423,0.432,
18:16:26.532,10.028,-8.000,50.000,1.073,49.988,-9.073,0.012,9.073,0.129,0.566,0.580,
18:16:26.549,10.044,-8.000,50.000,1.584,49.975,-9.584,0.025,9.584,0.220,0.674,0.709,
18:16:26.567,10.063,-8.000,50.000,2.149,49.954,-10.149,0.046,10.149,0.282,0.839,0.886,
18:16:26.587,10.082,-4.000,50.000,2.753,49.924,-6.753,0.076,6.754,0.318,0.550,0.636,
18:16:26.605,10.100,-4.000,50.000,3.300,49.891,-7.300,0.109,7.301,0.332,0.412,0.529,
18:16:26.612,10.108,-4.000,50.000,3.520,49.876,-7.520,0.124,7.521,0.318,0.365,0.484,
18:16:26.629,10.125,-4.000,50.000,4.043,49.836,-8.043,0.164,8.045,0.318,0.393,0.505,
18:16:26.646,10.141,-2.000,50.000,4.546,49.793,-6.546,0.207,6.549,0.308,0.251,0.397,
18:16:26.654,10.149,-2.000,50.000,4.778,49.771,-6.778,0.229,6.782,0.278,0.194,0.339,
18:16:26.671,10.166,-2.000,50.000,5.301,49.718,-7.301,0.282,7.307,0.270,0.221,0.349,
18:16:26.687,10.182,-2.000,50.000,5.780,49.665,-7.780,0.335,7.788,0.257,0.339,0.425,
18:16:26.704,10.199,-2.000,50.000,6.307,49.601,-8.307,0.399,8.316,0.248,0.508,0.566,
18:16:26.711,10.207,-2.000,50.000,6.521,49.573,-8.521,0.427,8.532,0.231,0.780,0.814,
18:16:26.728,10.223,-2.000,50.000,7.020,49.505,-9.020,0.495,9.033,0.228,0.947,0.974,
18:16:26.748,10.243,-2.000,50.000,7.643,49.412,-9.643,0.588,9.661,0.230,1.137,1.160,
18:16:26.765,10.260,-0.000,50.000,8.146,49.332,-8.146,0.668,8.174,0.235,1.071,1.096,
18:16:26.773,10.268,-0.000,50.000,8.394,49.290,-8.394,0.710,8.424,0.240,1.017,1.045,
18:16:26.789,10.284,-0.000,50.000,8.866,49.208,-8.866,0.792,8.901,0.248,1.052,1.081,
18:16:26.807,10.302,-0.000,50.000,9.418,49.105,-9.418,0.895,9.460,0.260,1.133,1.163,
18:16:26.817,10.312,-0.000,50.000,9.700,49.050,-9.700,0.950,9.747,0.274,1.244,1.273,
18:16:26.832,10.327,2.000,50.000,10.168,48.955,-8.168,1.045,8.235,0.288,1.100,1.137,
18:16:26.840,10.336,2.000,50.000,10.413,48.904,-8.413,1.096,8.484,0.303,0.970,1.016,
18:16:26.855,10.351,2.000,50.000,10.856,48.807,-8.856,1.193,8.936,0.318,0.954,1.005,
18:16:26.863,10.359,2.000,50.000,11.092,48.754,-9.092,1.246,9.176,0.334,0.983,1.038,
18:16:26.880,10.375,2.000,50.000,11.596,48.637,-9.596,1.363,9.692,0.351,1.043,1.101,
18:16:26.896,10.391,4.000,52.000,12.065,48.523,-8.065,3.477,8.782,0.624,0.896,1.092,
18:16:26.904,10.399,4.000,52.000,12.307,48.462,-8.307,3.538,9.029,0.902,0.790,1.199,
18:16:26.921,10.417,4.000,52.000,12.821,48.328,-8.821,3.672,9.555,1.042,0.789,1.307,
18:16:26.936,10.432,4.000,52.000,13.266,48.208,-9.266,3.792,10.012,1.132,0.857,1.420,
18:16:26.955,10.450,4.000,50.000,13.812,48.054,-9.812,1.946,10.003,0.937,0.971,1.350,
18:16:26.963,10.459,4.000,50.000,14.052,47.985,-10.052,2.015,10.252,0.663,1.157,1.334,
18:16:26.981,10.476,4.000,50.000,14.574,47.829,-10.574,2.171,10.795,0.556,1.287,1.402,
18:16:26.999,10.494,4.000,50.000,15.093,47.667,-11.093,2.333,11.336,0.478,1.440,1.517,
18:16:27.020,10.515,4.000,50.000,15.706,47.469,-11.706,2.531,11.976,0.438,1.602,1.661,
18:16:27.036,10.531,4.000,50.000,16.183,47.309,-12.183,2.691,12.477,0.426,1.761,1.812,
18:16:27.045,10.540,4.000,50.000,16.431,47.223,-12.431,2.777,12.737,0.438,1.913,1.963,
18:16:27.060,10.556,4.000,50.000,16.880,47.064,-12.880,2.936,13.211,0.450,2.026,2.076,
18:16:27.080,10.575,6.000,48.000,17.440,46.860,-11.440,1.140,11.496,0.240,1.899,1.915,
18:16:27.098,10.594,6.000,48.000,17.975,46.657,-11.975,1.343,12.051,0.104,1.822,1.825,
18:16:27.115,10.610,6.000,48.000,18.456,46.469,-12.456,1.531,12.550,0.040,1.796,1.796,
18:16:27.124,10.620,6.000,48.000,18.722,46.362,-12.722,1.638,12.827,0.034,1.801,1.802,
18:16:27.140,10.636,8.000,48.000,19.170,46.179,-11.170,1.821,11.317,0.045,1.580,1.581,
18:16:27.156,10.651,8.000,48.000,19.617,45.991,-11.617,2.009,11.789,0.091,1.454,1.457,
18:16:27.164,10.660,8.000,48.000,19.852,45.890,-11.852,2.110,12.038,0.182,1.388,1.400,
18:16:27.181,10.676,8.000,48.000,20.303,45.692,-12.303,2.308,12.518,0.242,1.381,1.402,
18:16:27.197,10.692,12.000,46.000,20.764,45.485,-8.764,0.515,8.780,0.066,0.932,0.934,
18:16:27.216,10.712,12.000,46.000,21.302,45.235,-9.302,0.765,9.333,-0.028,0.676,0.676,
18:16:27.225,10.720,12.000,46.000,21.531,45.127,-9.531,0.873,9.571,-0.081,0.544,0.550,
18:16:27.240,10.735,12.000,46.000,21.959,44.920,-9.959,1.080,10.017,-0.083,0.506,0.513,
18:16:27.256,10.751,12.000,46.000,22.400,44.702,-10.400,1.298,10.480,-0.044,0.567,0.569,
18:16:27.265,10.761,12.000,46.000,22.645,44.578,-10.645,1.422,10.740,0.036,0.748,0.749,
18:16:27.283,10.778,12.000,46.000,23.130,44.328,-11.130,1.672,11.255,0.104,0.870,0.877,
18:16:27.291,10.787,12.000,46.000,23.359,44.208,-11.359,1.792,11.500,0.209,1.112,1.131,
18:16:27.308,10.803,12.000,46.000,23.808,43.968,-11.808,2.032,11.982,0.288,1.263,1.295,
18:16:27.326,10.821,14.000,46.000,24.284,43.707,-10.284,2.293,10.536,0.377,1.192,1.250,
18:16:27.333,10.828,14.000,46.000,24.474,43.601,-10.474,2.399,10.745,0.482,1.149,1.246,
18:16:27.349,10.844,14.000,46.000,24.890,43.364,-10.890,2.636,11.205,0.557,1.168,1.294,
18:16:27.365,10.860,14.000,46.000,25.327,43.111,-11.327,2.889,11.690,0.631,1.234,1.386,
18:16:27.374,10.869,14.000,46.000,25.563,42.971,-11.563,3.029,11.954,0.697,1.349,1.518,
18:16:27.390,10.885,18.000,46.000,25.972,42.725,-7.972,3.275,8.619,0.758,0.950,1.216,
18:16:27.408,10.904,18.000,46.000,26.459,42.426,-8.459,3.574,9.183,0.819,0.709,1.083,
18:16:27.426,10.921,18.000,46.000,26.912,42.140,-8.912,3.860,9.712,0.874,0.597,1.058,
18:16:27.434,10.929,18.000,46.000,27.119,42.007,-9.119,3.993,9.955,0.911,0.593,1.087,
18:16:27.450,10.946,20.000,46.000,27.539,41.733,-7.539,4.267,8.663,0.956,0.374,1.026,
18:16:27.467,10.962,20.000,46.000,27.958,41.453,-7.958,4.547,9.166,0.999,0.285,1.039,
18:16:27.475,10.970,20.000,46.000,28.160,41.316,-8.160,4.684,9.409,1.027,0.317,1.075,
18:16:27.491,10.987,20.000,46.000,28.571,41.033,-8.571,4.967,9.907,1.066,0.360,1.125,
18:16:27.507,11.002,22.000,46.000,28.960,40.759,-6.960,5.241,8.713,1.103,0.223,1.125,
18:16:27.515,11.010,22.000,46.000,29.158,40.618,-7.158,5.382,8.956,1.131,0.178,1.145,
18:16:27.532,11.028,22.000,46.000,29.596,40.300,-7.596,5.700,9.497,1.169,0.195,1.185,
18:16:27.540,11.035,22.000,46.000,29.782,40.163,-7.782,5.837,9.728,1.198,0.338,1.244,
18:16:27.556,11.051,22.000,46.000,30.169,39.873,-8.169,6.127,10.211,1.232,0.438,1.307,
18:16:27.563,11.059,26.000,44.000,30.349,39.736,-4.349,4.264,6.090,0.875,-0.133,0.885,
18:16:27.582,11.077,26.000,44.000,30.808,39.381,-4.808,4.619,6.667,0.754,-0.323,0.821,
18:16:27.590,11.085,26.000,44.000,30.993,39.235,-4.993,4.765,6.902,0.620,-0.439,0.760,
18:16:27.607,11.102,26.000,44.000,31.390,38.919,-5.390,5.081,7.407,0.583,-0.443,0.732,
18:16:27.615,11.111,26.000,44.000,31.596,38.752,-5.596,5.248,7.672,0.587,-0.327,0.673,
18:16:27.631,11.127,26.000,42.000,31.978,38.437,-5.978,3.563,6.959,0.376,-0.217,0.434,
18:16:27.640,11.135,26.000,42.000,32.178,38.270,-6.178,3.730,7.216,0.197,-0.000,0.197,
18:16:27.657,11.152,26.000,42.000,32.569,37.938,-6.569,4.062,7.724,0.136,0.159,0.210,
18:16:27.676,11.171,26.000,42.000,33.012,37.552,-7.012,4.448,8.304,0.154,0.354,0.386,
18:16:27.683,11.178,26.000,42.000,33.171,37.413,-7.171,4.587,8.512,0.280,0.639,0.697,
18:16:27.699,11.194,30.000,42.000,33.542,37.080,-3.542,4.920,6.063,0.353,0.326,0.481,
18:16:27.716,11.212,30.000,42.000,33.932,36.723,-3.932,5.277,6.581,0.465,0.128,0.482,
18:16:27.725,11.220,30.000,42.000,34.128,36.542,-4.128,5.458,6.843,0.630,-0.023,0.630,
18:16:27.744,11.239,30.000,42.000,34.546,36.147,-4.546,5.853,7.411,0.746,-0.044,0.747,
18:16:27.751,11.247,30.000,42.000,34.711,35.988,-4.711,6.012,7.637,0.908,0.025,0.908,
18:16:27.767,11.263,32.000,40.000,35.064,35.645,-3.064,4.355,5.325,0.775,-0.145,0.788,
18:16:27.786,11.281,32.000,40.000,35.465,35.245,-3.465,4.755,5.883,0.706,-0.206,0.735,
18:16:27.795,11.290,32.000,40.000,35.648,35.060,-3.648,4.940,6.141,0.656,-0.177,0.679,
18:16:27.810,11.305,32.000,40.000,35.979,34.720,-3.979,5.280,6.611,0.666,-0.120,0.677,
18:16:27.826,11.322,32.000,38.000,36.327,34.356,-4.327,3.644,5.657,0.464,-0.010,0.464,
18:16:27.834,11.329,32.000,38.000,36.486,34.187,-4.486,3.813,5.888,0.279,0.180,0.332,
18:16:27.850,11.346,32.000,38.000,36.829,33.817,-4.829,4.183,6.389,0.232,0.305,0.383,
18:16:27.866,11.361,32.000,38.000,37.146,33.469,-5.146,4.531,6.857,0.255,0.454,0.521,
18:16:27.874,11.369,32.000,38.000,37.308,33.288,-5.308,4.712,7.097,0.345,0.632,0.720,
18:16:27.890,11.386,32.000,38.000,37.646,32.905,-5.646,5.095,7.605,0.421,0.757,0.866,
18:16:27.900,11.395,32.000,38.000,37.837,32.686,-5.837,5.314,7.893,0.554,0.888,1.047,
18:16:27.918,11.414,32.000,38.000,38.202,32.258,-6.202,5.742,8.452,0.666,0.999,1.200,
18:16:27.936,11.431,32.000,38.000,38.549,31.843,-6.549,6.157,8.989,0.804,1.101,1.364,
18:16:27.945,11.440,34.000,34.000,38.721,31.633,-4.721,2.367,5.281,0.225,0.815,0.846,
18:16:27.962,11.458,34.000,34.000,39.059,31.215,-5.059,2.785,5.775,0.014,0.726,0.726,
18:16:27.971,11.467,34.000,34.000,39.224,31.007,-5.224,2.993,6.021,-0.157,0.629,0.649,
18:16:27.988,11.484,34.000,34.000,39.550,30.591,-5.550,3.409,6.513,-0.189,0.618,0.646,
18:16:28.006,11.501,34.000,36.000,39.877,30.164,-5.877,5.836,8.282,0.116,0.643,0.654,
18:16:28.013,11.509,34.000,36.000,40.008,29.989,-6.008,6.011,8.499,0.559,0.704,0.899,
18:16:28.032,11.527,34.000,36.000,40.350,29.528,-6.350,6.472,9.066,0.784,0.756,1.089,
18:16:28.041,11.536,34.000,36.000,40.513,29.304,-6.513,6.696,9.341,1.048,0.840,1.342,
18:16:28.059,11.554,34.000,36.000,40.828,28.863,-6.828,7.137,9.877,1.229,0.908,1.528,
18:16:28.076,11.571,38.000,36.000,41.133,28.427,-3.133,7.573,8.195,1.392,0.485,1.474,
18:16:28.085,11.580,38.000,36.000,41.284,28.207,-3.284,7.793,8.457,1.528,0.074,1.530,
18:16:28.102,11.597,38.000,36.000,41.577,27.774,-3.577,8.226,8.970,1.642,-0.094,1.644,
18:16:28.112,11.607,38.000,36.000,41.748,27.515,-3.748,8.485,9.276,1.720,-0.172,1.729,
18:16:28.128,11.624,38.000,36.000,42.024,27.091,-4.024,8.909,9.775,1.799,-0.184,1.809,
18:16:28.145,11.641,36.000,34.000,42.303,26.655,-6.303,7.345,9.678,1.613,0.129,1.618,
18:16:28.154,11.650,36.000,34.000,42.445,26.427,-6.445,7.573,9.944,1.393,0.531,1.491,
18:16:28.171,11.666,36.000,34.000,42.708,26.001,-6.708,7.999,10.440,1.323,0.751,1.521,
18:16:28.189,11.684,36.000,34.000,42.990,25.532,-6.990,8.468,10.980,1.305,0.944,1.611,
18:16:28.208,11.703,36.000,34.000,43.286,25.026,-7.286,8.974,11.560,1.332,1.107,1.732,
18:16:28.227,11.722,36.000,34.000,43.585,24.501,-7.585,9.499,12.156,1.398,1.234,1.865,
18:16:28.248,11.743,36.000,34.000,43.890,23.951,-7.890,10.049,12.776,1.491,1.327,1.996,
18:16:28.265,11.761,38.000,34.000,44.147,23.474,-6.147,10.526,12.189,1.597,1.117,1.949,
18:16:28.274,11.769,38.000,34.000,44.267,23.246,-6.267,10.754,12.447,1.719,0.887,1.934,
18:16:28.290,11.785,38.000,34.000,44.497,22.804,-6.497,11.196,12.945,1.804,0.808,1.976,
18:16:28.306,11.802,38.000,34.000,44.723,22.357,-6.723,11.643,13.444,1.894,0.768,2.044,
18:16:28.314,11.810,38.000,34.000,44.831,22.140,-6.831,11.860,13.686,1.993,0.752,2.130,
18:16:28.332,11.827,38.000,32.000,45.068,21.653,-7.068,10.347,12.531,1.837,0.758,1.987,
18:16:28.341,11.836,38.000,32.000,45.183,21.413,-7.183,10.587,12.794,1.663,0.799,1.845,
18:16:28.356,11.852,38.000,32.000,45.386,20.978,-7.386,11.022,13.268,1.603,0.831,1.806,
18:16:28.365,11.860,38.000,32.000,45.493,20.746,-7.493,11.254,13.520,1.579,0.894,1.815,
18:16:28.381,11.876,38.000,32.000,45.691,20.305,-7.691,11.695,13.998,1.593,0.935,1.847,
18:16:28.396,11.891,38.000,28.000,45.879,19.878,-7.879,8.122,11.315,1.133,0.987,1.503,
18:16:28.406,11.901,38.000,28.000,46.000,19.597,-8.000,8.403,11.602,0.760,1.049,1.295,
18:16:28.422,11.918,38.000,28.000,46.193,19.136,-8.193,8.864,12.071,0.593,1.094,1.244,
18:16:28.430,11.925,38.000,28.000,46.279,18.927,-8.279,9.073,12.282,0.537,1.155,1.274,
18:16:28.447,11.943,38.000,28.000,46.481,18.426,-8.481,9.574,12.791,0.534,1.190,1.304,
18:16:28.465,11.961,40.000,28.000,46.682,17.911,-6.682,10.089,12.101,0.632,0.982,1.168,
18:16:28.474,11.969,40.000,28.000,46.772,17.674,-6.772,10.326,12.348,0.865,0.761,1.152,
18:16:28.490,11.985,40.000,28.000,46.944,17.214,-6.944,10.786,12.828,1.009,0.664,1.208,
18:16:28.506,12.001,40.000,28.000,47.111,16.748,-7.111,11.252,13.311,1.188,0.617,1.339,
18:16:28.515,12.010,40.000,28.000,47.203,16.489,-7.203,11.511,13.579,1.419,0.617,1.547,
18:16:28.532,12.027,42.000,24.000,47.374,15.991,-5.374,8.009,9.645,1.104,0.384,1.169,
18:16:28.542,12.037,42.000,24.000,47.466,15.715,-5.466,8.285,9.926,0.812,0.198,0.836,
18:16:28.558,12.053,42.000,24.000,47.618,15.248,-5.618,8.752,10.401,0.705,0.109,0.713,
18:16:28.576,12.071,42.000,24.000,47.787,14.710,-5.787,9.290,10.945,0.702,0.087,0.707,
18:16:28.584,12.079,42.000,24.000,47.859,14.476,-5.859,9.524,11.182,0.801,0.164,0.817,
18:16:28.600,12.095,44.000,24.000,47.997,14.011,-3.997,9.989,10.759,0.886,-0.045,0.887,
18:16:28.618,12.113,44.000,24.000,48.147,13.487,-4.147,10.513,11.301,1.021,-0.159,1.033,
18:16:28.635,12.131,44.000,24.000,48.292,12.959,-4.292,11.041,11.846,1.193,-0.189,1.208,
18:16:28.643,12.138,44.000,24.000,48.350,12.737,-4.350,11.263,12.074,1.429,-0.119,1.434,
18:16:28.659,12.154,46.000,22.000,48.473,12.264,-2.473,9.736,10.045,1.331,-0.332,1.372,
18:16:28.676,12.171,46.000,22.000,48.597,11.763,-2.597,10.237,10.561,1.301,-0.447,1.376,
18:16:28.683,12.178,46.000,22.000,48.648,11.548,-2.648,10.452,10.782,1.300,-0.475,1.384,
18:16:28.700,12.195,46.000,22.000,48.764,11.048,-2.764,10.952,11.296,1.344,-0.483,1.429,
18:16:28.717,12.212,48.000,18.000,48.877,10.538,-0.877,7.462,7.514,0.936,-0.680,1.157,
18:16:28.740,12.235,48.000,18.000,49.023,9.838,-1.023,8.162,8.226,0.723,-0.767,1.054,
18:16:28.758,12.254,48.000,18.000,49.131,9.283,-1.131,8.717,8.790,0.655,-0.749,0.995,
18:16:28.777,12.273,46.000,18.000,49.237,8.704,-3.237,9.296,9.843,0.700,-0.419,0.816,
18:16:28.796,12.291,46.000,18.000,49.333,8.142,-3.333,9.858,10.406,0.825,-0.140,0.837,
18:16:28.804,12.299,46.000,18.000,49.372,7.899,-3.372,10.101,10.649,1.050,0.167,1.063,
18:16:28.821,12.316,46.000,18.000,49.451,7.390,-3.451,10.610,11.158,1.187,0.322,1.230,
18:16:28.838,12.333,48.000,14.000,49.525,6.874,-1.525,7.126,7.287,0.846,0.186,0.866,
18:16:28.857,12.352,48.000,14.000,49.602,6.299,-1.602,7.701,7.865,0.668,0.090,0.674,
18:16:28.876,12.371,48.000,14.000,49.672,5.720,-1.672,8.280,8.447,0.626,0.026,0.627,
18:16:28.884,12.379,48.000,14.000,49.699,5.478,-1.699,8.522,8.690,0.694,-0.037,0.695,
18:16:28.900,12.396,48.000,12.000,49.752,4.974,-1.752,7.026,7.241,0.517,-0.051,0.519,
18:16:28.918,12.413,48.000,12.000,49.803,4.434,-1.803,7.566,7.778,0.466,-0.048,0.468,
18:16:28.936,12.431,48.000,12.000,49.848,3.892,-1.848,8.108,8.316,0.521,-0.031,0.522,
18:16:28.943,12.438,48.000,12.000,49.865,3.676,-1.865,8.324,8.531,0.697,0.006,0.697,
18:16:28.959,12.454,50.000,8.000,49.898,3.189,0.102,4.811,4.812,0.318,-0.218,0.386,
18:16:28.976,12.471,50.000,8.000,49.929,2.664,0.071,5.336,5.337,0.108,-0.376,0.392,
18:16:28.983,12.478,50.000,8.000,49.940,2.454,0.060,5.546,5.546,-0.005,-0.518,0.518,
18:16:29.002,12.497,50.000,8.000,49.965,1.880,0.035,6.120,6.120,-0.010,-0.576,0.576,
18:16:29.011,12.506,50.000,8.000,49.975,1.592,0.025,6.408,6.408,0.128,-0.576,0.590,
18:16:29.028,12.523,50.000,8.000,49.988,1.078,0.012,6.922,6.922,0.257,-0.569,0.624,
18:16:29.049,12.544,50.000,8.000,49.998,0.427,0.002,7.573,7.573,0.449,-0.537,0.700,
18:16:29.066,12.561,50.000,8.000,50.000,-0.093,0.000,8.093,8.093,0.696,-0.475,0.843,
18:16:29.074,12.570,50.000,8.000,49.999,-0.344,0.001,8.344,8.344,0.988,-0.383,1.060,
18:16:29.090,12.585,50.000,4.000,49.993,-0.825,0.007,4.825,4.825,0.681,-0.334,0.758,
18:16:29.108,12.603,50.000,4.000,49.981,-1.366,0.019,5.366,5.366,0.509,-0.288,0.585,
18:16:29.130,12.626,50.000,4.000,49.957,-2.068,0.043,6.068,6.068,0.472,-0.247,0.533,
18:16:29.149,12.645,50.000,2.000,49.930,-2.646,0.070,4.646,4.646,0.270,-0.211,0.343,
18:16:29.165,12.660,50.000,2.000,49.902,-3.123,0.098,5.123,5.124,0.205,-0.183,0.275,
18:16:29.173,12.668,50.000,2.000,49.887,-3.363,0.113,5.363,5.364,0.232,-0.162,0.283,
18:16:29.189,12.684,50.000,2.000,49.852,-3.847,0.148,5.847,5.849,0.292,-0.147,0.327,
18:16:29.207,12.702,50.000,2.000,49.806,-4.402,0.194,6.402,6.405,0.418,-0.140,0.441,
18:16:29.224,12.719,50.000,2.000,49.756,-4.931,0.244,6.931,6.936,0.598,-0.139,0.614,
18:16:29.231,12.727,50.000,2.000,49.734,-5.150,0.266,7.150,7.155,0.856,-0.149,0.869,
18:16:29.247,12.742,50.000,2.000,49.681,-5.636,0.319,7.636,7.642,1.017,-0.152,1.028,
18:16:29.264,12.759,52.000,-2.000,49.622,-6.136,2.378,4.136,4.771,0.685,-0.412,0.799,
18:16:29.271,12.766,52.000,-2.000,49.594,-6.357,2.406,4.357,4.977,0.320,-0.707,0.776,
18:16:29.287,12.782,52.000,-2.000,49.532,-6.829,2.468,4.829,5.423,0.219,-0.837,0.865,
18:16:29.295,12.790,52.000,-2.000,49.496,-7.083,2.504,5.083,5.667,0.185,-0.935,0.953,
18:16:29.314,12.809,52.000,-2.000,49.411,-7.654,2.589,5.654,6.218,0.228,-0.987,1.013,
18:16:29.323,12.819,50.000,-2.000,49.366,-7.934,0.634,5.934,5.968,0.365,-0.639,0.736,
18:16:29.340,12.835,50.000,-2.000,49.281,-8.447,0.719,6.447,6.487,0.494,-0.466,0.679,
18:16:29.357,12.852,50.000,-2.000,49.192,-8.951,0.808,6.951,6.998,0.666,-0.322,0.740,
18:16:29.375,12.871,50.000,-2.000,49.086,-9.518,0.914,7.518,7.573,0.858,-0.224,0.887,
18:16:29.383,12.878,52.000,-6.000,49.044,-9.732,2.956,3.732,4.761,0.227,-0.575,0.618,
18:16:29.399,12.894,52.000,-6.000,48.946,-10.211,3.054,4.211,5.201,0.057,-0.700,0.702,
18:16:29.418,12.914,52.000,-6.000,48.818,-10.807,3.182,4.807,5.764,0.013,-0.794,0.794,
18:16:29.435,12.931,52.000,-6.000,48.706,-11.303,3.294,5.303,6.243,0.063,-0.864,0.866,
18:16:29.444,12.940,48.000,-6.000,48.643,-11.568,-0.643,5.568,5.605,0.187,-0.170,0.253,
18:16:29.460,12.956,48.000,-6.000,48.528,-12.044,-0.528,6.044,6.067,0.310,0.148,0.343,
18:16:29.477,12.973,48.000,-6.000,48.397,-12.557,-0.397,6.557,6.569,0.473,0.362,0.595,
18:16:29.497,12.992,48.000,-6.000,48.243,-13.140,-0.243,7.140,7.144,0.665,0.476,0.818,
18:16:29.515,13.010,50.000,-6.000,48.093,-13.676,1.907,7.676,7.909,0.872,0.243,0.905,
18:16:29.523,13.019,50.000,-6.000,48.024,-13.919,1.976,7.919,8.162,1.094,-0.072,1.097,
18:16:29.539,13.034,50.000,-6.000,47.891,-14.370,2.109,8.370,8.632,1.256,-0.223,1.276,
18:16:29.556,13.051,50.000,-6.000,47.736,-14.874,2.264,8.874,9.158,1.411,-0.351,1.454,
18:16:29.565,13.060,50.000,-6.000,47.655,-15.134,2.345,9.134,9.430,1.550,-0.488,1.625,
18:16:29.582,13.077,50.000,-6.000,47.492,-15.637,2.508,9.637,9.958,1.675,-0.573,1.770,
18:16:29.591,13.086,50.000,-6.000,47.408,-15.891,2.592,9.891,10.225,1.776,-0.645,1.889,
18:16:29.607,13.103,50.000,-6.000,47.245,-16.368,2.755,10.368,10.728,1.874,-0.700,2.000,
18:16:29.627,13.122,50.000,-6.000,47.043,-16.940,2.957,10.940,11.333,1.971,-0.744,2.106,
18:16:29.648,13.143,48.000,-8.000,46.822,-17.541,1.178,9.541,9.614,1.815,-0.531,1.891,
18:16:29.665,13.161,48.000,-8.000,46.631,-18.043,1.369,10.043,10.136,1.705,-0.368,1.745,
18:16:29.674,13.169,48.000,-8.000,46.532,-18.297,1.468,10.297,10.401,1.616,-0.230,1.632,
18:16:29.691,13.187,48.000,-8.000,46.335,-18.790,1.665,10.790,10.918,1.608,-0.181,1.618,
18:16:29.708,13.203,50.000,-6.000,46.143,-19.258,3.857,13.258,13.807,1.900,-0.433,1.948,
18:16:29.726,13.222,50.000,-6.000,45.922,-19.778,4.078,13.778,14.368,2.143,-0.638,2.236,
18:16:29.734,13.229,50.000,-6.000,45.832,-19.985,4.168,13.985,14.593,2.418,-0.871,2.570,
18:16:29.750,13.245,50.000,-6.000,45.633,-20.435,4.367,14.435,15.081,2.558,-0.987,2.742,
18:16:29.766,13.261,48.000,-8.000,45.431,-20.881,2.569,12.881,13.135,2.414,-0.818,2.549,
18:16:29.774,13.269,48.000,-8.000,45.329,-21.102,2.671,13.102,13.372,2.235,-0.612,2.318,
18:16:29.792,13.287,48.000,-8.000,45.092,-21.604,2.908,13.604,13.911,2.185,-0.544,2.252,
18:16:29.800,13.296,48.000,-8.000,44.980,-21.836,3.020,13.836,14.161,2.139,-0.476,2.191,
18:16:29.817,13.312,48.000,-8.000,44.758,-22.288,3.242,14.288,14.651,2.136,-0.461,2.186,
18:16:29.835,13.330,48.000,-10.000,44.511,-22.776,3.489,12.776,13.244,1.921,-0.476,1.979,
18:16:29.843,13.338,48.000,-10.000,44.399,-22.995,3.601,12.995,13.484,1.719,-0.518,1.795,
18:16:29.860,13.355,48.000,-10.000,44.154,-23.461,3.846,13.461,14.000,1.646,-0.556,1.737,
18:16:29.878,13.373,48.000,-10.000,43.896,-23.941,4.104,13.941,14.532,1.645,-0.612,1.755,
18:16:29.896,13.392,48.000,-10.000,43.617,-24.444,4.383,14.444,15.095,1.702,-0.678,1.832,
18:16:29.904,13.399,48.000,-10.000,43.505,-24.644,4.495,14.644,15.318,1.852,-0.762,2.002,
18:16:29.921,13.416,48.000,-10.000,43.248,-25.092,4.752,15.092,15.823,1.925,-0.820,2.092,
18:16:29.938,13.433,48.000,-10.000,42.982,-25.545,5.018,15.545,16.335,2.025,-0.881,2.208,
18:16:29.956,13.451,46.000,-12.000,42.697,-26.019,3.303,14.019,14.403,1.887,-0.690,2.009,
18:16:29.964,13.460,46.000,-12.000,42.567,-26.231,3.433,14.231,14.640,1.778,-0.486,1.844,
18:16:29.981,13.476,46.000,-12.000,42.305,-26.651,3.695,14.651,15.109,1.750,-0.419,1.799,
18:16:29.996,13.492,46.000,-12.000,42.043,-27.063,3.957,15.063,15.574,1.774,-0.403,1.820,
18:16:30.015,13.510,44.000,-16.000,41.732,-27.540,2.268,11.540,11.761,1.346,-0.184,1.358,
18:16:30.023,13.519,44.000,-16.000,41.592,-27.751,2.408,11.751,11.995,0.954,0.002,0.954,
18:16:30.039,13.535,44.000,-16.000,41.318,-28.157,2.682,12.157,12.449,0.795,0.063,0.798,
18:16:30.056,13.551,44.000,-16.000,41.025,-28.583,2.975,12.583,12.930,0.759,0.050,0.761,
18:16:30.065,13.560,44.000,-16.000,40.874,-28.798,3.126,12.798,13.174,0.856,-0.039,0.857,
18:16:30.082,13.578,44.000,-20.000,40.561,-29.237,3.439,9.237,9.856,0.452,-0.110,0.466,
18:16:30.091,13.586,44.000,-20.000,40.407,-29.450,3.593,9.450,10.110,0.143,-0.251,0.289,
18:16:30.109,13.605,44.000,-20.000,40.073,-29.903,3.927,9.903,10.653,0.025,-0.351,0.352,
18:16:30.131,13.626,44.000,-20.000,39.675,-30.428,4.325,10.428,11.290,0.059,-0.479,0.482,
18:16:30.148,13.643,44.000,-24.000,39.349,-30.849,4.651,6.849,8.279,-0.305,-0.619,0.690,
18:16:30.168,13.663,44.000,-24.000,38.962,-31.336,5.038,7.336,8.900,-0.439,-0.750,0.869,
18:16:30.188,13.683,44.000,-24.000,38.572,-31.815,5.428,7.815,9.515,-0.398,-0.873,0.959,
18:16:30.206,13.701,42.000,-26.000,38.225,-32.231,3.775,6.231,7.285,-0.505,-0.710,0.871,
18:16:30.215,13.710,42.000,-26.000,38.051,-32.436,3.949,6.436,7.551,-0.468,-0.550,0.722,
18:16:30.233,13.728,42.000,-26.000,37.690,-32.856,4.310,6.856,8.098,-0.399,-0.524,0.659,
18:16:30.242,13.737,42.000,-26.000,37.512,-33.058,4.488,7.058,8.364,-0.187,-0.519,0.551,
18:16:30.257,13.752,42.000,-26.000,37.198,-33.411,4.802,7.411,8.831,-0.028,-0.552,0.553,
18:16:30.274,13.769,42.000,-28.000,36.851,-33.793,5.149,5.793,7.750,-0.080,-0.615,0.620,
18:16:30.281,13.776,42.000,-28.000,36.704,-33.954,5.296,5.954,7.969,-0.068,-0.713,0.716,
18:16:30.298,13.794,42.000,-28.000,36.341,-34.341,5.659,6.341,8.499,-0.007,-0.790,0.790,
18:16:30.315,13.810,42.000,-28.000,35.996,-34.703,6.004,6.703,8.999,0.117,-0.884,0.892,
18:16:30.322,13.817,42.000,-28.000,35.838,-34.865,6.162,6.865,9.225,0.312,-0.996,1.043,
18:16:30.338,13.833,42.000,-30.000,35.498,-35.212,6.502,5.212,8.333,0.208,-1.080,1.099,
18:16:30.356,13.851,42.000,-30.000,35.111,-35.598,6.889,5.598,8.877,0.183,-1.169,1.184,
18:16:30.363,13.858,42.000,-30.000,34.956,-35.750,7.044,5.750,9.093,0.204,-1.263,1.279,
18:16:30.380,13.875,42.000,-30.000,34.588,-36.106,7.412,6.106,9.604,0.261,-1.338,1.363,
18:16:30.397,13.892,38.000,-32.000,34.213,-36.462,3.787,4.462,5.852,0.114,-0.914,0.921,
18:16:30.405,13.900,38.000,-32.000,34.032,-36.631,3.968,4.631,6.098,0.001,-0.452,0.452,
18:16:30.422,13.917,38.000,-32.000,33.648,-36.984,4.352,4.984,6.617,-0.003,-0.278,0.278,
18:16:30.429,13.925,38.000,-32.000,33.477,-37.138,4.523,5.138,6.845,0.064,-0.157,0.169,
18:16:30.445,13.940,38.000,-32.000,33.124,-37.454,4.876,5.454,7.316,0.135,-0.129,0.186,
18:16:30.453,13.948,40.000,-34.000,32.949,-37.608,7.051,3.608,7.920,-0.106,-0.568,0.578,
18:16:30.469,13.964,40.000,-34.000,32.572,-37.935,7.428,3.935,8.405,-0.169,-0.792,0.810,
18:16:30.486,13.981,40.000,-34.000,32.177,-38.271,7.823,4.271,8.913,-0.157,-1.026,1.038,
18:16:30.495,13.990,40.000,-34.000,31.970,-38.444,8.030,4.444,9.177,-0.074,-1.295,1.297,
18:16:30.512,14.007,38.000,-36.000,31.561,-38.780,6.439,2.780,7.013,-0.225,-1.227,1.247,
18:16:30.521,14.016,38.000,-36.000,31.360,-38.943,6.640,2.943,7.263,-0.327,-1.139,1.185,
18:16:30.536,14.032,38.000,-36.000,30.980,-39.246,7.020,3.246,7.734,-0.333,-1.132,1.180,
18:16:30.545,14.040,38.000,-36.000,30.779,-39.404,7.221,3.404,7.983,-0.262,-1.137,1.167,
18:16:30.562,14.057,38.000,-36.000,30.362,-39.726,7.638,3.726,8.498,-0.186,-1.176,1.190,
18:16:30.571,14.066,36.000,-38.000,30.154,-39.884,5.846,1.884,6.142,-0.388,-0.877,0.959,
18:16:30.588,14.083,36.000,-38.000,29.732,-40.200,6.268,2.200,6.643,-0.438,-0.773,0.889,
18:16:30.605,14.100,36.000,-38.000,29.303,-40.513,6.697,2.513,7.153,-0.409,-0.738,0.844,
18:16:30.612,14.108,36.000,-38.000,29.126,-40.641,6.874,2.641,7.364,-0.300,-0.754,0.812,
18:16:30.628,14.124,34.000,-38.000,28.731,-40.921,5.269,2.921,6.025,-0.212,-0.550,0.589,
18:16:30.646,14.142,34.000,-38.000,28.275,-41.237,5.725,3.237,6.577,-0.090,-0.452,0.461,
18:16:30.655,14.150,34.000,-38.000,28.069,-41.378,5.931,3.378,6.826,0.089,-0.429,0.438,
18:16:30.673,14.169,34.000,-38.000,27.585,-41.702,6.415,3.702,7.406,0.215,-0.456,0.504,
18:16:30.681,14.176,34.000,-38.000,27.405,-41.821,6.595,3.821,7.622,0.384,-0.593,0.706,
18:16:30.698,14.193,32.000,-36.000,26.964,-42.106,5.036,6.106,7.915,0.731,-0.448,0.857,
18:16:30.716,14.211,32.000,-36.000,26.490,-42.406,5.510,6.406,8.450,1.025,-0.400,1.100,
18:16:30.725,14.221,32.000,-36.000,26.251,-42.555,5.749,6.555,8.719,1.283,-0.434,1.355,
18:16:30.741,14.237,32.000,-36.000,25.834,-42.809,6.166,6.809,9.186,1.446,-0.494,1.528,
18:16:30.750,14.246,32.000,-36.000,25.603,-42.947,6.397,6.947,9.444,1.546,-0.623,1.666,
18:16:30.766,14.261,28.000,-40.000,25.182,-43.196,2.818,3.196,4.261,1.141,-0.247,1.167,
18:16:30.775,14.271,28.000,-40.000,24.942,-43.335,3.058,3.335,4.524,0.665,0.083,0.670,
18:16:30.793,14.288,28.000,-40.000,24.467,-43.605,3.533,3.605,5.048,0.451,0.201,0.494,
18:16:30.801,14.297,28.000,-40.000,24.249,-43.726,3.751,3.726,5.287,0.233,0.209,0.313,
18:16:30.819,14.314,28.000,-40.000,23.781,-43.983,4.219,3.983,5.802,0.150,0.168,0.225,
18:16:30.836,14.332,30.000,-38.000,23.298,-44.240,6.702,6.240,9.157,0.379,-0.208,0.433,
18:16:30.845,14.340,30.000,-38.000,23.068,-44.361,6.932,6.361,9.408,0.691,-0.702,0.985,
18:16:30.862,14.358,30.000,-38.000,22.601,-44.600,7.399,6.600,9.915,0.850,-0.984,1.300,
18:16:30.871,14.366,30.000,-38.000,22.361,-44.721,7.639,6.721,10.175,1.032,-1.291,1.653,
18:16:30.888,14.383,30.000,-38.000,21.893,-44.952,8.107,6.952,10.679,1.138,-1.497,1.880,
18:16:30.906,14.401,30.000,-40.000,21.400,-45.189,8.600,5.189,10.045,0.980,-1.676,1.942,
18:16:30.915,14.410,30.000,-40.000,21.151,-45.306,8.849,5.306,10.318,0.802,-1.814,1.983,
18:16:30.933,14.428,30.000,-40.000,20.655,-45.534,9.345,5.534,10.861,0.734,-1.934,2.069,
18:16:30.941,14.437,30.000,-40.000,20.415,-45.642,9.585,5.642,11.123,0.682,-2.001,2.114,
18:16:30.959,14.454,30.000,-40.000,19.925,-45.858,10.075,5.858,11.654,0.669,-2.082,2.186,
18:16:30.976,14.471,28.000,-42.000,19.437,-46.067,8.563,4.067,9.480,0.433,-1.893,1.942,
18:16:30.985,14.480,28.000,-42.000,19.197,-46.168,8.803,4.168,9.740,0.226,-1.654,1.670,
18:16:31.004,14.499,28.000,-42.000,18.652,-46.391,9.348,4.391,10.327,0.142,-1.592,1.598,
18:16:31.012,14.507,28.000,-42.000,18.422,-46.483,9.578,4.483,10.575,0.132,-1.528,1.534,
18:16:31.028,14.524,28.000,-42.000,17.958,-46.664,10.042,4.664,11.072,0.135,-1.530,1.536,
18:16:31.047,14.542,28.000,-42.000,17.420,-46.867,10.580,4.867,11.646,0.179,-1.573,1.583,
18:16:31.068,14.563,28.000,-42.000,16.806,-47.091,11.194,5.091,12.297,0.257,-1.655,1.675,
18:16:31.086,14.581,28.000,-42.000,16.296,-47.270,11.704,5.270,12.835,0.362,-1.761,1.797,
18:16:31.093,14.588,28.000,-42.000,16.091,-47.340,11.909,5.340,13.052,0.512,-1.900,1.967,
18:16:31.109,14.604,26.000,-42.000,15.624,-47.496,10.376,5.496,11.742,0.584,-1.735,1.831,
18:16:31.126,14.621,26.000,-42.000,15.135,-47.654,10.865,5.654,12.248,0.654,-1.643,1.768,
18:16:31.134,14.629,26.000,-42.000,14.907,-47.726,11.093,5.726,12.484,0.738,-1.584,1.748,
18:16:31.151,14.646,26.000,-42.000,14.405,-47.880,11.595,5.880,13.001,0.789,-1.586,1.771,
18:16:31.168,14.663,26.000,-42.000,13.907,-48.027,12.093,6.027,13.511,0.835,-1.639,1.839,
18:16:31.187,14.682,26.000,-42.000,13.340,-48.188,12.660,6.188,14.091,0.875,-1.730,1.939,
18:16:31.205,14.700,26.000,-42.000,12.800,-48.334,13.200,6.334,14.641,0.906,-1.849,2.059,
18:16:31.212,14.708,26.000,-42.000,12.586,-48.390,13.414,6.390,14.858,0.929,-2.015,2.218,
18:16:31.229,14.725,22.000,-44.000,12.079,-48.519,9.921,4.519,10.902,0.705,-1.630,1.775,
18:16:31.245,14.741,22.000,-44.000,11.596,-48.637,10.404,4.637,11.391,0.529,-1.361,1.460,
18:16:31.253,14.749,22.000,-44.000,11.363,-48.692,10.637,4.692,11.626,0.370,-1.151,1.209,
18:16:31.269,14.765,22.000,-44.000,10.895,-48.798,11.105,4.798,12.097,0.297,-1.079,1.119,
18:16:31.287,14.782,20.000,-44.000,10.371,-48.913,9.629,4.913,10.810,0.267,-0.855,0.896,
18:16:31.305,14.800,20.000,-44.000,9.815,-49.027,10.185,5.027,11.358,0.274,-0.772,0.819,
18:16:31.313,14.808,20.000,-44.000,9.576,-49.074,10.424,5.074,11.593,0.339,-0.821,0.888,
18:16:31.329,14.825,20.000,-44.000,9.092,-49.166,10.908,5.166,12.070,0.365,-0.870,0.943,
18:16:31.345,14.841,18.000,-46.000,8.604,-49.254,9.396,3.254,9.943,0.151,-0.735,0.751,
18:16:31.355,14.850,18.000,-46.000,8.331,-49.301,9.669,3.301,10.217,-0.025,-0.700,0.700,
18:16:31.372,14.867,18.000,-46.000,7.814,-49.386,10.186,3.386,10.733,-0.108,-0.726,0.734,
18:16:31.380,14.875,18.000,-46.000,7.575,-49.423,10.425,3.423,10.972,-0.129,-0.872,0.881,
18:16:31.398,14.893,18.000,-46.000,7.028,-49.504,10.972,3.504,11.517,-0.140,-0.978,0.988,
18:16:31.416,14.912,14.000,-48.000,6.464,-49.580,7.536,1.580,7.700,-0.351,-0.658,0.746,
18:16:31.427,14.922,14.000,-48.000,6.168,-49.618,7.832,1.618,7.998,-0.501,-0.415,0.650,
18:16:31.443,14.938,14.000,-48.000,5.661,-49.679,8.339,1.679,8.506,-0.566,-0.347,0.664,
18:16:31.451,14.946,14.000,-48.000,5.437,-49.704,8.563,1.704,8.731,-0.548,-0.398,0.678,
18:16:31.467,14.962,14.000,-48.000,4.942,-49.755,9.058,1.755,9.227,-0.540,-0.461,0.710,
18:16:31.484,14.980,12.000,-48.000,4.411,-49.805,7.589,1.805,7.800,-0.491,-0.356,0.606,
18:16:31.492,14.988,12.000,-48.000,4.167,-49.826,7.833,1.826,8.043,-0.368,-0.342,0.503,
18:16:31.508,15.003,12.000,-48.000,3.689,-49.864,8.311,1.864,8.518,-0.302,-0.387,0.491,
18:16:31.525,15.021,12.000,-48.000,3.154,-49.900,8.846,1.900,9.048,-0.228,-0.507,0.556,
18:16:31.533,15.029,12.000,-48.000,2.910,-49.915,9.090,1.915,9.289,-0.117,-0.732,0.742,
18:16:31.550,15.045,10.000,-48.000,2.407,-49.942,7.593,1.942,7.838,-0.055,-0.649,0.651,
18:16:31.567,15.062,10.000,-48.000,1.877,-49.965,8.123,1.965,8.357,0.003,-0.654,0.654,
18:16:31.585,15.080,10.000,-48.000,1.337,-49.982,8.663,1.982,8.887,0.053,-0.734,0.736,
18:16:31.592,15.087,10.000,-48.000,1.116,-49.988,8.884,1.988,9.104,0.103,-0.892,0.898,
18:16:31.609,15.104,6.000,-52.000,0.604,-49.996,5.396,-2.004,5.756,-0.345,-0.531,0.633,
18:16:31.627,15.123,6.000,-52.000,0.028,-50.000,5.972,-2.000,6.298,-0.680,-0.328,0.755,
18:16:31.644,15.139,6.000,-52.000,-0.478,-49.998,6.478,-2.002,6.781,-0.911,-0.259,0.947,
18:16:31.651,15.146,6.000,-52.000,-0.698,-49.995,6.698,-2.005,6.992,-1.071,-0.300,1.112,
18:16:31.667,15.162,6.000,-48.000,-1.179,-49.986,7.179,1.986,7.449,-0.657,-0.358,0.748,
18:16:31.674,15.170,6.000,-48.000,-1.400,-49.980,7.400,1.980,7.661,-0.081,-0.529,0.535,
18:16:31.690,15.185,6.000,-48.000,-1.871,-49.965,7.871,1.965,8.112,0.168,-0.647,0.669,
18:16:31.706,15.201,6.000,-48.000,-2.364,-49.944,8.364,1.944,8.587,0.364,-0.813,0.890,
18:16:31.715,15.210,6.000,-48.000,-2.643,-49.930,8.643,1.930,8.856,0.532,-1.035,1.164,
18:16:31.734,15.229,2.000,-52.000,-3.210,-49.897,5.210,-2.103,5.618,0.155,-0.742,0.758,
18:16:31.742,15.238,2.000,-52.000,-3.472,-49.879,5.472,-2.121,5.868,-0.328,-0.441,0.549,
18:16:31.757,15.253,2.000,-52.000,-3.936,-49.845,5.936,-2.155,6.315,-0.567,-0.344,0.663,
18:16:31.775,15.271,2.000,-52.000,-4.481,-49.799,6.481,-2.201,6.845,-0.731,-0.351,0.811,
18:16:31.783,15.278,2.000,-52.000,-4.701,-49.779,6.701,-2.221,7.059,-0.858,-0.463,0.975,
18:16:31.799,15.294,0.000,-50.000,-5.195,-49.729,5.195,-0.271,5.202,-0.683,-0.316,0.753,
18:16:31.817,15.312,0.000,-50.000,-5.742,-49.669,5.742,-0.331,5.751,-0.524,-0.281,0.594,
18:16:31.835,15.330,0.000,-50.000,-6.307,-49.601,6.307,-0.399,6.320,-0.388,-0.345,0.519,
18:16:31.843,15.338,0.000,-50.000,-6.546,-49.570,6.546,-0.430,6.560,-0.229,-0.512,0.561,
18:16:31.860,15.356,-2.000,-50.000,-7.076,-49.497,5.076,-0.503,5.100,-0.161,-0.396,0.428,
18:16:31.878,15.373,-2.000,-50.000,-7.611,-49.417,5.611,-0.583,5.641,-0.119,-0.381,0.399,
18:16:31.897,15.392,-2.000,-50.000,-8.186,-49.325,6.186,-0.675,6.223,-0.101,-0.453,0.464,
18:16:31.914,15.409,-4.000,-52.000,-8.691,-49.239,4.691,-2.761,5.443,-0.374,-0.319,0.491,
18:16:31.921,15.416,-4.000,-52.000,-8.907,-49.200,4.907,-2.800,5.649,-0.685,-0.241,0.726,
18:16:31.937,15.433,-4.000,-52.000,-9.402,-49.108,5.402,-2.892,6.127,-0.809,-0.264,0.851,
18:16:31.955,15.450,-4.000,-52.000,-9.926,-49.005,5.926,-2.995,6.640,-0.894,-0.360,0.963,
18:16:31.962,15.457,-4.000,-52.000,-10.141,-48.961,6.141,-3.039,6.852,-0.948,-0.547,1.095,
18:16:31.980,15.476,-4.000,-48.000,-10.691,-48.844,6.691,0.844,6.744,-0.521,-0.679,0.856,
18:16:31.990,15.486,-4.000,-48.000,-10.987,-48.778,6.987,0.778,7.030,-0.042,-0.865,0.866,
18:16:32.008,15.503,-4.000,-48.000,-11.512,-48.657,7.512,0.657,7.541,0.206,-1.022,1.042,
18:16:32.027,15.522,-4.000,-48.000,-12.080,-48.519,8.080,0.519,8.096,0.359,-1.193,1.246,
18:16:32.045,15.540,-6.000,-48.000,-12.623,-48.380,6.623,0.380,6.633,0.424,-1.105,1.184,
18:16:32.054,15.549,-6.000,-48.000,-12.866,-48.316,6.866,0.316,6.873,0.402,-1.009,1.086,
18:16:32.070,15.566,-6.000,-48.000,-13.363,-48.181,7.363,0.181,7.365,0.391,-1.024,1.096,
18:16:32.087,15.582,-6.000,-48.000,-13.849,-48.044,7.849,0.044,7.849,0.336,-1.081,1.132,
18:16:32.096,15.591,-6.000,-48.000,-14.107,-47.969,8.107,-0.031,8.107,0.223,-1.163,1.184,
18:16:32.115,15.610,-6.000,-52.000,-14.674,-47.798,8.674,-4.202,9.638,-0.302,-1.255,1.291,
18:16:32.123,15.619,-6.000,-52.000,-14.924,-47.721,8.924,-4.279,9.897,-0.935,-1.375,1.663,
18:16:32.141,15.636,-6.000,-52.000,-15.430,-47.559,9.430,-4.441,10.424,-1.251,-1.478,1.936,
18:16:32.159,15.655,-6.000,-52.000,-15.971,-47.381,9.971,-4.619,10.989,-1.467,-1.594,2.167,
18:16:32.176,15.672,-8.000,-50.000,-16.465,-47.211,8.465,-2.789,8.913,-1.322,-1.450,1.962,
18:16:32.185,15.681,-8.000,-50.000,-16.721,-47.121,8.721,-2.879,9.184,-1.090,-1.316,1.709,
18:16:32.203,15.699,-8.000,-50.000,-17.250,-46.930,9.250,-3.070,9.746,-1.009,-1.300,1.646,
18:16:32.212,15.707,-8.000,-50.000,-17.487,-46.842,9.487,-3.158,9.999,-0.859,-1.317,1.572,
18:16:32.229,15.725,-8.000,-50.000,-17.992,-46.651,9.992,-3.349,10.538,-0.809,-1.363,1.585,
18:16:32.245,15.741,-10.000,-48.000,-18.450,-46.472,8.450,-1.528,8.587,-0.504,-1.186,1.289,
18:16:32.254,15.749,-10.000,-48.000,-18.672,-46.383,8.672,-1.617,8.821,-0.184,-1.038,1.055,
18:16:32.270,15.765,-10.000,-48.000,-19.139,-46.192,9.139,-1.808,9.316,-0.053,-1.007,1.008,
18:16:32.287,15.782,-10.000,-48.000,-19.622,-45.989,9.622,-2.011,9.830,0.012,-1.043,1.043,
18:16:32.296,15.791,-10.000,-48.000,-19.872,-45.881,9.872,-2.119,10.097,0.015,-1.148,1.148,
18:16:32.313,15.808,-14.000,-48.000,-20.337,-45.677,6.337,-2.323,6.749,0.002,-0.750,0.750,
18:16:32.321,15.817,-14.000,-48.000,-20.577,-45.570,6.577,-2.430,7.011,-0.073,-0.390,0.396,
18:16:32.336,15.832,-14.000,-48.000,-20.998,-45.377,6.998,-2.623,7.474,-0.128,-0.244,0.276,
18:16:32.355,15.850,-14.000,-48.000,-21.516,-45.134,7.516,-2.866,8.044,-0.205,-0.221,0.301,
18:16:32.363,15.858,-14.000,-48.000,-21.730,-45.031,7.730,-2.969,8.280,-0.336,-0.346,0.483,
18:16:32.379,15.875,-14.000,-48.000,-22.182,-44.810,8.182,-3.190,8.781,-0.416,-0.434,0.601,
18:16:32.396,15.891,-14.000,-48.000,-22.638,-44.582,8.638,-3.418,9.290,-0.504,-0.585,0.772,
18:16:32.405,15.900,-14.000,-48.000,-22.873,-44.461,8.873,-3.539,9.553,-0.602,-0.824,1.020,
18:16:32.422,15.917,-14.000,-48.000,-23.329,-44.224,9.329,-3.776,10.064,-0.675,-0.983,1.192,
18:16:32.437,15.933,-16.000,-48.000,-23.756,-43.996,7.756,-4.004,8.729,-0.746,-0.905,1.172,
18:16:32.455,15.950,-16.000,-48.000,-24.224,-43.740,8.224,-4.260,9.262,-0.812,-0.900,1.212,
18:16:32.463,15.958,-16.000,-48.000,-24.442,-43.619,8.442,-4.381,9.511,-0.867,-0.937,1.277,
18:16:32.478,15.974,-16.000,-48.000,-24.852,-43.386,8.852,-4.614,9.982,-0.918,-0.997,1.355,
18:16:32.496,15.992,-18.000,-50.000,-25.332,-43.108,7.332,-6.892,10.062,-1.209,-0.851,1.478,
18:16:32.514,16.009,-18.000,-50.000,-25.793,-42.834,7.793,-7.166,10.587,-1.438,-0.789,1.640,
18:16:32.522,16.017,-18.000,-50.000,-25.998,-42.709,7.998,-7.291,10.822,-1.628,-0.784,1.807,
18:16:32.538,16.033,-18.000,-50.000,-26.416,-42.452,8.416,-7.548,11.305,-1.739,-0.818,1.922,
18:16:32.555,16.051,-18.000,-46.000,-26.865,-42.169,8.865,-3.831,9.657,-1.312,-0.902,1.592,
18:16:32.563,16.059,-18.000,-46.000,-27.074,-42.036,9.074,-3.964,9.902,-0.787,-1.049,1.311,
18:16:32.580,16.075,-18.000,-46.000,-27.497,-41.760,9.497,-4.240,10.400,-0.571,-1.153,1.287,
18:16:32.598,16.094,-18.000,-46.000,-27.965,-41.448,9.965,-4.552,10.955,-0.442,-1.279,1.353,
18:16:32.617,16.113,-20.000,-44.000,-28.448,-41.118,8.448,-2.882,8.926,-0.145,-1.167,1.176,
18:16:32.637,16.133,-20.000,-44.000,-28.952,-40.765,8.952,-3.235,9.519,0.008,-1.130,1.130,
18:16:32.656,16.151,-20.000,-44.000,-29.412,-40.434,9.412,-3.566,10.065,0.040,-1.151,1.152,
18:16:32.664,16.159,-20.000,-44.000,-29.612,-40.288,9.612,-3.712,10.304,-0.043,-1.215,1.216,
18:16:32.681,16.176,-22.000,-44.000,-30.024,-39.982,8.024,-4.018,8.974,-0.092,-1.028,1.032,
18:16:32.697,16.192,-22.000,-44.000,-30.413,-39.687,8.413,-4.313,9.454,-0.196,-0.925,0.946,
18:16:32.706,16.201,-22.000,-44.000,-30.640,-39.512,8.640,-4.488,9.736,-0.360,-0.884,0.955,
18:16:32.722,16.217,-22.000,-44.000,-31.023,-39.212,9.023,-4.788,10.215,-0.476,-0.894,1.013,
18:16:32.730,16.225,-22.000,-44.000,-31.211,-39.062,9.211,-4.938,10.451,-0.644,-0.975,1.168,
18:16:32.746,16.241,-24.000,-44.000,-31.587,-38.759,7.587,-5.241,9.222,-0.752,-0.798,1.097,
18:16:32.753,16.249,-24.000,-44.000,-31.766,-38.612,7.766,-5.388,9.452,-0.892,-0.657,1.107,
18:16:32.769,16.264,-24.000,-44.000,-32.135,-38.306,8.135,-5.694,9.930,-0.988,-0.616,1.165,
18:16:32.785,16.281,-24.000,-44.000,-32.513,-37.986,8.513,-6.014,10.423,-1.085,-0.647,1.264,
18:16:32.793,16.288,-24.000,-44.000,-32.681,-37.842,8.681,-6.158,10.643,-1.182,-0.770,1.411,
18:16:32.809,16.304,-26.000,-40.000,-33.064,-37.507,7.064,-2.493,7.491,-0.790,-0.613,1.000,
18:16:32.828,16.323,-26.000,-40.000,-33.487,-37.130,7.487,-2.870,8.018,-0.504,-0.549,0.745,
18:16:32.847,16.342,-26.000,-40.000,-33.922,-36.733,7.922,-3.267,8.569,-0.334,-0.572,0.662,
18:16:32.865,16.360,-26.000,-40.000,-34.323,-36.358,8.323,-3.642,9.085,-0.271,-0.660,0.714,
18:16:32.872,16.368,-26.000,-40.000,-34.491,-36.200,8.491,-3.800,9.302,-0.294,-0.830,0.881,
18:16:32.888,16.384,-26.000,-40.000,-34.848,-35.855,8.848,-4.145,9.771,-0.321,-0.928,0.982,
18:16:32.906,16.401,-26.000,-40.000,-35.231,-35.479,9.231,-4.521,10.279,-0.400,-1.047,1.121,
18:16:32.914,16.409,-26.000,-40.000,-35.410,-35.301,9.410,-4.699,10.518,-0.553,-1.209,1.329,
18:16:32.931,16.426,-28.000,-38.000,-35.764,-34.942,7.764,-3.058,8.344,-0.411,-1.073,1.149,
18:16:32.947,16.443,-28.000,-38.000,-36.123,-34.570,8.123,-3.430,8.818,-0.348,-0.997,1.056,
18:16:32.966,16.461,-28.000,-38.000,-36.516,-34.155,8.516,-3.845,9.343,-0.359,-0.983,1.047,
18:16:32.975,16.470,-28.000,-38.000,-36.698,-33.960,8.698,-4.040,9.590,-0.434,-1.013,1.102,
18:16:32.991,16.487,-30.000,-40.000,-37.041,-33.585,7.041,-6.415,9.526,-0.750,-0.807,1.102,
18:16:33.007,16.502,-30.000,-40.000,-37.361,-33.228,7.361,-6.772,10.002,-1.042,-0.687,1.248,
18:16:33.025,16.520,-30.000,-40.000,-37.709,-32.833,7.709,-7.167,10.526,-1.281,-0.650,1.437,
18:16:33.032,16.527,-30.000,-40.000,-37.852,-32.669,7.852,-7.331,10.742,-1.520,-0.692,1.670,
18:16:33.049,16.544,-32.000,-40.000,-38.186,-32.278,6.186,-7.722,9.894,-1.664,-0.486,1.733,
18:16:33.066,16.562,-32.000,-40.000,-38.535,-31.860,6.535,-8.140,10.439,-1.777,-0.382,1.818,
18:16:33.086,16.581,-32.000,-40.000,-38.913,-31.398,6.913,-8.602,11.036,-1.864,-0.372,1.901,
18:16:33.094,16.589,-32.000,-40.000,-39.065,-31.207,7.065,-8.793,11.280,-1.892,-0.469,1.949,
18:16:33.111,16.606,-34.000,-36.000,-39.392,-30.793,5.392,-5.207,7.496,-1.459,-0.288,1.487,
18:16:33.128,16.623,-34.000,-36.000,-39.708,-30.386,5.708,-5.614,8.006,-1.124,-0.207,1.143,
18:16:33.149,16.644,-34.000,-36.000,-40.104,-29.861,6.104,-6.139,8.657,-0.936,-0.217,0.960,
18:16:33.166,16.661,-36.000,-36.000,-40.414,-29.439,4.414,-6.561,7.907,-0.847,-0.035,0.848,
18:16:33.174,16.669,-36.000,-36.000,-40.554,-29.247,4.554,-6.753,8.145,-0.841,0.067,0.843,
18:16:33.189,16.684,-36.000,-36.000,-40.819,-28.875,4.819,-7.125,8.602,-0.849,0.085,0.853,
18:16:33.205,16.701,-36.000,-36.000,-41.111,-28.458,5.111,-7.542,9.111,-0.908,0.037,0.909,
18:16:33.214,16.710,-36.000,-36.000,-41.265,-28.235,5.265,-7.765,9.382,-1.038,-0.096,1.043,
18:16:33.231,16.726,-36.000,-36.000,-41.544,-27.822,5.544,-8.178,9.880,-1.129,-0.194,1.145,
18:16:33.247,16.743,-36.000,-36.000,-41.826,-27.396,5.826,-8.604,10.391,-1.246,-0.323,1.287,
18:16:33.265,16.760,-36.000,-36.000,-42.122,-26.940,6.122,-9.060,10.934,-1.375,-0.466,1.452,
18:16:33.272,16.768,-36.000,-36.000,-42.242,-26.751,6.242,-9.249,11.159,-1.544,-0.655,1.677,
18:16:33.288,16.784,-38.000,-32.000,-42.498,-26.342,4.498,-5.658,7.228,-1.153,-0.521,1.266,
18:16:33.305,16.800,-38.000,-32.000,-42.771,-25.897,4.771,-6.103,7.746,-0.889,-0.447,0.995,
18:16:33.312,16.808,-38.000,-32.000,-42.883,-25.710,4.883,-6.290,7.963,-0.646,-0.387,0.753,
18:16:33.329,16.824,-38.000,-32.000,-43.142,-25.274,5.142,-6.726,8.466,-0.569,-0.389,0.690,
18:16:33.346,16.841,-40.000,-30.000,-43.400,-24.828,3.400,-5.172,6.189,-0.333,-0.180,0.379,
18:16:33.354,16.849,-40.000,-30.000,-43.516,-24.624,3.516,-5.376,6.424,-0.173,0.011,0.174,
18:16:33.369,16.864,-40.000,-30.000,-43.748,-24.210,3.748,-5.790,6.897,-0.130,0.072,0.149,
18:16:33.387,16.882,-40.000,-30.000,-44.008,-23.735,4.008,-6.265,7.437,-0.181,0.067,0.193,
18:16:33.395,16.891,-40.000,-30.000,-44.129,-23.508,4.129,-6.492,7.694,-0.357,-0.014,0.357,
18:16:33.413,16.908,-40.000,-28.000,-44.383,-23.025,4.383,-4.975,6.630,-0.244,-0.077,0.255,
18:16:33.423,16.918,-40.000,-28.000,-44.516,-22.766,4.516,-5.234,6.913,-0.213,-0.199,0.291,
18:16:33.438,16.933,-40.000,-28.000,-44.722,-22.359,4.722,-5.641,7.356,-0.244,-0.293,0.381,
18:16:33.455,16.950,-40.000,-28.000,-44.953,-21.890,4.953,-6.110,7.865,-0.341,-0.395,0.522,
18:16:33.462,16.957,-40.000,-28.000,-45.051,-21.688,5.051,-6.312,8.084,-0.538,-0.536,0.760,
18:16:33.478,16.973,-42.000,-28.000,-45.260,-21.249,3.260,-6.751,7.497,-0.668,-0.382,0.769,
18:16:33.496,16.991,-42.000,-28.000,-45.492,-20.749,3.492,-7.251,8.048,-0.828,-0.287,0.876,
18:16:33.503,16.999,-42.000,-28.000,-45.584,-20.545,3.584,-7.455,8.272,-1.049,-0.206,1.069,
18:16:33.521,17.016,-42.000,-28.000,-45.801,-20.057,3.801,-7.943,8.805,-1.194,-0.193,1.210,
18:16:33.537,17.032,-42.000,-26.000,-45.993,-19.613,3.993,-6.387,7.532,-1.087,-0.219,1.109,
18:16:33.545,17.040,-42.000,-26.000,-46.088,-19.388,4.088,-6.612,7.773,-0.975,-0.285,1.016,
18:16:33.562,17.058,-42.000,-26.000,-46.293,-18.893,4.293,-7.107,8.303,-0.980,-0.333,1.035,
18:16:33.571,17.066,-42.000,-26.000,-46.393,-18.648,4.393,-7.352,8.565,-1.009,-0.417,1.092,
18:16:33.588,17.083,-42.000,-26.000,-46.584,-18.164,4.584,-7.836,9.078,-1.072,-0.477,1.173,
18:16:33.606,17.101,-44.000,-20.000,-46.783,-17.646,2.783,-2.354,3.645,-0.436,-0.301,0.529,
18:16:33.613,17.109,-44.000,-20.000,-46.859,-17.443,2.859,-2.557,3.835,0.295,-0.104,0.313,
18:16:33.631,17.126,-44.000,-20.000,-47.049,-16.924,3.049,-3.076,4.331,0.537,-0.043,0.539,
18:16:33.648,17.143,-44.000,-20.000,-47.219,-16.442,3.219,-3.558,4.798,0.611,-0.033,0.612,
18:16:33.665,17.161,-46.000,-22.000,-47.393,-15.933,1.393,-6.067,6.225,0.293,0.193,0.351,
18:16:33.674,17.170,-46.000,-22.000,-47.479,-15.677,1.479,-6.323,6.493,-0.170,0.369,0.407,
18:16:33.693,17.189,-46.000,-22.000,-47.661,-15.115,1.661,-6.885,7.082,-0.438,0.432,0.615,
18:16:33.702,17.197,-46.000,-22.000,-47.735,-14.878,1.735,-7.122,7.330,-0.818,0.409,0.915,
18:16:33.719,17.214,-46.000,-20.000,-47.887,-14.381,1.887,-5.619,5.928,-0.811,0.384,0.897,
18:16:33.739,17.234,-46.000,-20.000,-48.061,-13.787,2.061,-6.213,6.546,-0.860,0.318,0.917,
18:16:33.756,17.252,-46.000,-20.000,-48.209,-13.263,2.209,-6.737,7.090,-0.949,0.213,0.972,
18:16:33.774,17.270,-46.000,-18.000,-48.352,-12.731,2.352,-5.269,5.770,-0.803,0.100,0.809,
18:16:33.783,17.278,-46.000,-18.000,-48.416,-12.486,2.416,-5.514,6.020,-0.670,-0.041,0.672,
18:16:33.800,17.295,-46.000,-18.000,-48.545,-11.975,2.545,-6.025,6.541,-0.673,-0.126,0.684,
18:16:33.816,17.311,-46.000,-18.000,-48.661,-11.495,2.661,-6.505,7.028,-0.732,-0.209,0.761,
18:16:33.824,17.319,-46.000,-18.000,-48.716,-11.256,2.716,-6.744,7.270,-0.837,-0.291,0.886,
18:16:33.839,17.334,-46.000,-16.000,-48.819,-10.804,2.819,-5.196,5.911,-0.686,-0.349,0.770,
18:16:33.857,17.352,-46.000,-16.000,-48.932,-10.277,2.932,-5.723,6.430,-0.630,-0.398,0.745,
18:16:33.874,17.369,-46.000,-16.000,-49.040,-9.752,3.040,-6.248,6.948,-0.653,-0.438,0.787,
18:16:33.882,17.378,-46.000,-16.000,-49.087,-9.511,3.087,-6.489,7.186,-0.740,-0.463,0.873,
18:16:33.899,17.395,-48.000,-16.000,-49.184,-8.997,1.184,-7.003,7.103,-0.828,-0.249,0.865,
18:16:33.916,17.412,-48.000,-16.000,-49.276,-8.480,1.276,-7.520,7.628,-0.957,-0.082,0.960,
18:16:33.924,17.420,-48.000,-16.000,-49.317,-8.239,1.317,-7.761,7.872,-1.133,0.077,1.136,
18:16:33.942,17.437,-48.000,-16.000,-49.402,-7.708,1.402,-8.292,8.410,-1.263,0.143,1.271,
18:16:33.950,17.445,-48.000,-16.000,-49.438,-7.476,1.438,-8.524,8.644,-1.426,0.169,1.436,
18:16:33.966,17.461,-50.000,-16.000,-49.509,-6.988,-0.491,-9.012,9.025,-1.546,0.418,1.602,
18:16:33.974,17.470,-50.000,-16.000,-49.545,-6.733,-0.455,-9.267,9.278,-1.676,0.639,1.793,
18:16:33.991,17.487,-50.000,-16.000,-49.612,-6.217,-0.388,-9.783,9.791,-1.786,0.742,1.934,
18:16:34.009,17.505,-50.000,-16.000,-49.678,-5.664,-0.322,-10.336,10.341,-1.898,0.775,2.050,
18:16:34.027,17.522,-48.000,-12.000,-49.736,-5.136,1.736,-6.864,7.080,-1.486,0.487,1.564,
18:16:34.044,17.540,-48.000,-12.000,-49.789,-4.587,1.789,-7.413,7.626,-1.223,0.243,1.247,
18:16:34.053,17.549,-48.000,-12.000,-49.812,-4.329,1.812,-7.671,7.882,-1.003,-0.033,1.004,
18:16:34.071,17.566,-48.000,-12.000,-49.856,-3.786,1.856,-8.214,8.421,-0.941,-0.168,0.956,
18:16:34.087,17.582,-48.000,-14.000,-49.891,-3.305,1.891,-10.695,10.861,-1.228,-0.273,1.258,
18:16:34.095,17.590,-48.000,-14.000,-49.906,-3.059,1.906,-10.941,11.106,-1.595,-0.352,1.633,
18:16:34.111,17.606,-48.000,-14.000,-49.934,-2.566,1.934,-11.434,11.597,-1.792,-0.401,1.836,
18:16:34.120,17.615,-48.000,-14.000,-49.947,-2.291,1.947,-11.709,11.869,-2.020,-0.418,2.063,
18:16:34.136,17.632,-48.000,-14.000,-49.968,-1.790,1.968,-12.210,12.367,-2.171,-0.433,2.214,
18:16:34.146,17.641,-48.000,-12.000,-49.977,-1.517,1.977,-10.483,10.668,-1.977,-0.415,2.021,
18:16:34.162,17.657,-48.000,-12.000,-49.990,-1.011,1.990,-10.989,11.167,-1.917,-0.409,1.960,
18:16:34.172,17.667,-48.000,-12.000,-49.995,-0.721,1.995,-11.279,11.454,-1.861,-0.378,1.899,
18:16:34.188,17.683,-48.000,-12.000,-49.999,-0.231,1.999,-11.769,11.937,-1.864,-0.359,1.898,
18:16:34.205,17.700,-48.000,-12.000,-49.999,0.306,1.999,-12.306,12.468,-1.903,-0.335,1.932,
18:16:34.212,17.708,-48.000,-12.000,-49.997,0.524,1.997,-12.524,12.682,-1.976,-0.293,1.997,
18:16:34.229,17.725,-48.000,-12.000,-49.989,1.044,1.989,-13.044,13.195,-2.034,-0.271,2.052,
18:16:34.245,17.741,-48.000,-12.000,-49.976,1.537,1.976,-13.537,13.681,-2.114,-0.248,2.128,
18:16:34.253,17.749,-48.000,-12.000,-49.968,1.776,1.968,-13.776,13.916,-2.218,-0.224,2.229,
18:16:34.269,17.764,-46.000,-8.000,-49.949,2.265,3.949,-10.265,10.999,-1.810,-0.445,1.864,
18:16:34.287,17.783,-46.000,-8.000,-49.920,2.821,3.920,-10.821,11.509,-1.536,-0.606,1.652,
18:16:34.306,17.801,-46.000,-8.000,-49.886,3.376,3.886,-11.376,12.022,-1.388,-0.710,1.559,
18:16:34.313,17.808,-46.000,-8.000,-49.870,3.603,3.870,-11.603,12.232,-1.334,-0.781,1.546,
18:16:34.329,17.824,-50.000,-6.000,-49.834,4.074,-0.166,-10.074,10.076,-1.074,-0.306,1.117,
18:16:34.347,17.842,-50.000,-6.000,-49.785,4.627,-0.215,-10.627,10.629,-0.955,0.061,0.957,
18:16:34.355,17.850,-50.000,-6.000,-49.761,4.883,-0.239,-10.883,10.885,-0.964,0.436,1.058,
18:16:34.371,17.867,-50.000,-6.000,-49.709,5.384,-0.291,-11.384,11.388,-0.992,0.627,1.174,
18:16:34.380,17.875,-50.000,-6.000,-49.681,5.638,-0.319,-11.638,11.642,-1.145,0.754,1.370,
18:16:34.396,17.891,-48.000,-4.000,-49.624,6.119,1.624,-10.119,10.249,-1.006,0.590,1.166,
18:16:34.404,17.900,-48.000,-4.000,-49.592,6.375,1.592,-10.375,10.497,-0.951,0.332,1.007,
18:16:34.421,17.916,-48.000,-4.000,-49.525,6.879,1.525,-10.879,10.985,-0.958,0.219,0.983,
18:16:34.439,17.934,-48.000,-4.000,-49.443,7.439,1.443,-11.439,11.530,-1.047,0.121,1.054,
18:16:34.461,17.956,-48.000,-2.000,-49.339,8.102,1.339,-10.102,10.190,-0.964,0.049,0.965,
18:16:34.477,17.973,-48.000,-2.000,-49.257,8.589,1.257,-10.589,10.664,-0.979,-0.005,0.979,
18:16:34.498,17.993,-48.000,-2.000,-49.143,9.217,1.143,-11.217,11.275,-1.065,-0.029,1.065,
18:16:34.515,18.010,-48.000,4.000,-49.045,9.726,1.045,-5.726,5.820,-0.389,-0.032,0.390,
18:16:34.522,18.017,-48.000,4.000,-49.002,9.941,1.002,-5.941,6.025,0.240,-0.020,0.241,
18:16:34.538,18.033,-48.000,4.000,-48.903,10.417,0.903,-6.417,6.480,0.445,-0.009,0.445,
18:16:34.556,18.051,-48.000,4.000,-48.789,10.936,0.789,-6.936,6.981,0.480,0.012,0.480,
18:16:34.563,18.059,-48.000,4.000,-48.739,11.157,0.739,-7.157,7.195,0.324,0.048,0.327,
18:16:34.580,18.076,-50.000,4.000,-48.620,11.664,-1.380,-7.664,7.788,0.215,0.310,0.378,
18:16:34.598,18.093,-50.000,4.000,-48.491,12.193,-1.509,-8.193,8.331,0.012,0.525,0.525,
18:16:34.616,18.111,-50.000,4.000,-48.353,12.727,-1.647,-8.727,8.881,-0.252,0.681,0.726,
18:16:34.624,18.120,-50.000,4.000,-48.287,12.976,-1.713,-8.976,9.138,-0.613,0.790,1.000,
18:16:34.641,18.136,-48.000,6.000,-48.155,13.459,0.155,-7.459,7.460,-0.598,0.611,0.854,
18:16:34.659,18.154,-48.000,6.000,-48.001,13.995,0.001,-7.995,7.995,-0.652,0.466,0.801,
18:16:34.679,18.175,-48.000,6.000,-47.822,14.596,-0.178,-8.596,8.598,-0.766,0.360,0.846,
18:16:34.696,18.191,-50.000,10.000,-47.669,15.090,-2.331,-5.090,5.598,-0.373,0.555,0.669,
18:16:34.705,18.200,-50.000,10.000,-47.591,15.331,-2.409,-5.331,5.850,-0.033,0.750,0.751,
18:16:34.720,18.216,-50.000,10.000,-47.442,15.788,-2.558,-5.788,6.328,0.055,0.843,0.845,
18:16:34.736,18.232,-50.000,10.000,-47.285,16.253,-2.715,-6.253,6.817,0.034,0.907,0.908,
18:16:34.744,18.240,-50.000,10.000,-47.206,16.481,-2.794,-6.481,7.058,-0.085,0.948,0.952,
18:16:34.761,18.257,-50.000,12.000,-47.033,16.967,-2.967,-4.967,5.786,0.041,0.977,0.978,
18:16:34.770,18.266,-50.000,12.000,-46.939,17.226,-3.061,-5.226,6.056,0.088,0.978,0.982,
18:16:34.788,18.283,-50.000,12.000,-46.748,17.737,-3.252,-5.737,6.595,0.050,0.988,0.989,
18:16:34.806,18.302,-50.000,12.000,-46.546,18.262,-3.454,-6.262,7.152,-0.078,0.989,0.992,
18:16:34.814,18.309,-50.000,12.000,-46.464,18.468,-3.536,-6.468,7.372,-0.323,0.962,1.015,
18:16:34.831,18.326,-48.000,14.000,-46.270,18.949,-1.730,-4.949,5.242,-0.242,0.722,0.761,
18:16:34.847,18.342,-48.000,14.000,-46.080,19.406,-1.920,-5.406,5.737,-0.245,0.531,0.585,
18:16:34.855,18.350,-48.000,14.000,-45.987,19.626,-2.013,-5.626,5.975,-0.312,0.352,0.470,
18:16:34.871,18.366,-48.000,14.000,-45.788,20.086,-2.212,-6.086,6.476,-0.398,0.276,0.484,
18:16:34.887,18.383,-48.000,16.000,-45.587,20.538,-2.413,-4.538,5.139,-0.279,0.249,0.374,
18:16:34.895,18.390,-48.000,16.000,-45.491,20.750,-2.509,-4.750,5.372,-0.196,0.275,0.337,
18:16:34.912,18.407,-48.000,16.000,-45.276,21.216,-2.724,-5.216,5.885,-0.217,0.292,0.364,
18:16:34.920,18.416,-48.000,16.000,-45.166,21.449,-2.834,-5.449,6.142,-0.305,0.359,0.472,
18:16:34.936,18.431,-48.000,16.000,-44.960,21.877,-3.040,-5.877,6.617,-0.403,0.405,0.571,
18:16:34.944,18.439,-48.000,16.000,-44.851,22.099,-3.149,-6.099,6.864,-0.559,0.489,0.743,
18:16:34.962,18.458,-48.000,16.000,-44.600,22.602,-3.400,-6.602,7.426,-0.688,0.545,0.878,
18:16:34.970,18.466,-48.000,16.000,-44.492,22.814,-3.508,-6.814,7.664,-0.874,0.635,1.081,
18:16:34.987,18.482,-48.000,16.000,-44.255,23.271,-3.745,-7.271,8.179,-1.012,0.694,1.227,
18:16:35.005,18.500,-46.000,18.000,-43.997,23.755,-2.003,-5.755,6.093,-0.916,0.515,1.051,
18:16:35.012,18.508,-46.000,18.000,-43.888,23.954,-2.112,-5.954,6.318,-0.798,0.310,0.856,
18:16:35.030,18.525,-46.000,18.000,-43.629,24.423,-2.371,-6.423,6.846,-0.802,0.247,0.839,
18:16:35.046,18.542,-46.000,18.000,-43.380,24.864,-2.620,-6.864,7.347,-0.851,0.233,0.882,
18:16:35.055,18.550,-46.000,18.000,-43.255,25.080,-2.745,-7.080,7.593,-0.932,0.262,0.968,
18:16:35.071,18.566,-46.000,20.000,-43.007,25.502,-2.993,-5.502,6.263,-0.769,0.297,0.824,
18:16:35.087,18.582,-46.000,20.000,-42.750,25.932,-3.250,-5.932,6.764,-0.685,0.360,0.774,
18:16:35.106,18.602,-46.000,20.000,-42.442,26.432,-3.558,-6.432,7.351,-0.681,0.442,0.812,
18:16:35.114,18.609,-46.000,20.000,-42.325,26.619,-3.675,-6.619,7.571,-0.744,0.565,0.934,
18:16:35.131,18.626,-44.000,22.000,-42.035,27.076,-1.965,-5.076,5.443,-0.568,0.406,0.698,
18:16:35.147,18.642,-44.000,22.000,-41.775,27.474,-2.225,-5.474,5.909,-0.479,0.299,0.565,
18:16:35.155,18.650,-44.000,22.000,-41.639,27.680,-2.361,-5.680,6.151,-0.459,0.224,0.511,
18:16:35.171,18.666,-44.000,22.000,-41.363,28.091,-2.637,-6.091,6.637,-0.483,0.215,0.529,
18:16:35.187,18.682,-44.000,20.000,-41.085,28.496,-2.915,-8.496,8.982,-0.821,0.251,0.858,
18:16:35.205,18.700,-44.000,20.000,-40.771,28.944,-3.229,-8.944,9.509,-1.123,0.319,1.168,
18:16:35.213,18.708,-44.000,20.000,-40.638,29.130,-3.362,-9.130,9.729,-1.483,0.435,1.546,
18:16:35.229,18.725,-44.000,20.000,-40.334,29.549,-3.666,-9.549,10.228,-1.676,0.513,1.753,
18:16:35.246,18.741,-42.000,22.000,-40.039,29.947,-1.961,-7.947,8.186,-1.581,0.351,1.619,
18:16:35.254,18.749,-42.000,22.000,-39.895,30.140,-2.105,-8.140,8.408,-1.446,0.195,1.459,
18:16:35.269,18.764,-42.000,22.000,-39.605,30.520,-2.395,-8.520,8.850,-1.421,0.157,1.430,
18:16:35.286,18.782,-42.000,22.000,-39.283,30.933,-2.717,-8.933,9.337,-1.426,0.173,1.437,
18:16:35.295,18.790,-42.000,22.000,-39.118,31.141,-2.882,-9.141,9.585,-1.438,0.236,1.457,
18:16:35.311,18.807,-46.000,22.000,-38.806,31.529,-7.194,-9.529,11.939,-1.473,0.787,1.670,
18:16:35.329,18.824,-46.000,22.000,-38.456,31.955,-7.544,-9.955,12.491,-1.526,1.242,1.968,
18:16:35.346,18.841,-46.000,22.000,-38.121,32.354,-7.879,-10.354,13.011,-1.592,1.598,2.256,
18:16:35.355,18.850,-46.000,22.000,-37.953,32.551,-8.047,-10.551,13.270,-1.669,1.881,2.515,
18:16:35.372,18.867,-44.000,26.000,-37.609,32.948,-6.391,-6.948,9.440,-1.247,1.817,2.204,
18:16:35.381,18.876,-44.000,26.000,-37.430,33.151,-6.570,-7.151,9.712,-0.818,1.648,1.840,
18:16:35.400,18.895,-44.000,26.000,-37.034,33.593,-6.966,-7.593,10.304,-0.640,1.613,1.735,
18:16:35.419,18.915,-44.000,26.000,-36.633,34.030,-7.367,-8.030,10.897,-0.574,1.572,1.674,
18:16:35.440,18.936,-42.000,22.000,-36.192,34.499,-5.808,-12.499,13.782,-1.099,1.303,1.705,
18:16:35.459,18.954,-42.000,22.000,-35.790,34.915,-6.210,-12.915,14.330,-1.559,1.116,1.917,
18:16:35.477,18.972,-42.000,22.000,-35.403,35.308,-6.597,-13.308,14.853,-1.907,1.019,2.162,
18:16:35.498,18.993,-42.000,28.000,-34.943,35.763,-7.057,-7.763,10.491,-1.407,0.998,1.725,
18:16:35.517,19.012,-42.000,28.000,-34.523,36.169,-7.477,-8.169,11.074,-1.048,1.035,1.473,
18:16:35.537,19.033,-42.000,28.000,-34.067,36.598,-7.933,-8.598,11.699,-0.856,1.107,1.399,
18:16:35.555,19.050,-44.000,28.000,-33.670,36.964,-10.330,-8.964,13.677,-0.781,1.477,1.671,
18:16:35.562,19.058,-44.000,28.000,-33.505,37.114,-10.495,-9.114,13.900,-0.802,1.897,2.060,
18:16:35.579,19.074,-44.000,28.000,-33.132,37.447,-10.868,-9.447,14.400,-0.815,2.081,2.235,
18:16:35.596,19.091,-44.000,28.000,-32.741,37.789,-11.259,-9.789,14.919,-0.882,2.225,2.393,
18:16:35.604,19.099,-44.000,28.000,-32.546,37.957,-11.454,-9.957,15.177,-1.031,2.337,2.554,
18:16:35.621,19.116,-38.000,30.000,-32.169,38.277,-5.831,-8.277,10.125,-0.874,1.677,1.891,
18:16:35.638,19.133,-38.000,30.000,-31.771,38.609,-6.229,-8.609,10.626,-0.798,1.172,1.418,
18:16:35.657,19.153,-38.000,30.000,-31.294,38.996,-6.706,-8.996,11.220,-0.797,0.854,1.168,
18:16:35.677,19.173,-38.000,32.000,-30.811,39.378,-7.189,-7.378,10.301,-0.606,0.697,0.923,
18:16:35.695,19.190,-38.000,32.000,-30.382,39.710,-7.618,-7.710,10.839,-0.526,0.669,0.851,
18:16:35.704,19.199,-38.000,32.000,-30.179,39.865,-7.821,-7.865,11.092,-0.533,0.765,0.932,
18:16:35.722,19.217,-38.000,32.000,-29.732,40.200,-8.268,-8.200,11.645,-0.553,0.813,0.983,
18:16:35.730,19.225,-38.000,32.000,-29.526,40.351,-8.474,-8.351,11.897,-0.666,0.983,1.188,
18:16:35.747,19.242,-36.000,32.000,-29.108,40.653,-6.892,-8.653,11.062,-0.738,0.840,1.118,
18:16:35.765,19.261,-36.000,32.000,-28.649,40.978,-7.351,-8.978,11.604,-0.842,0.791,1.155,
18:16:35.773,19.268,-36.000,32.000,-28.465,41.107,-7.535,-9.107,11.820,-1.020,0.836,1.319,
18:16:35.788,19.284,-36.000,32.000,-28.067,41.379,-7.933,-9.379,12.284,-1.115,0.875,1.417,
18:16:35.806,19.301,-34.000,36.000,-27.616,41.681,-6.384,-5.681,8.546,-0.726,0.719,1.022,
18:16:35.813,19.309,-34.000,36.000,-27.432,41.803,-6.568,-5.803,8.765,-0.288,0.611,0.676,
18:16:35.830,19.326,-34.000,36.000,-26.994,42.087,-7.006,-6.087,9.280,-0.129,0.595,0.609,
18:16:35.848,19.343,-34.000,36.000,-26.543,42.373,-7.457,-6.373,9.809,-0.070,0.654,0.658,
18:16:35.867,19.362,-32.000,36.000,-26.053,42.676,-5.947,-6.676,8.941,-0.096,0.519,0.528,
18:16:35.885,19.381,-32.000,36.000,-25.567,42.969,-6.433,-6.969,9.484,-0.187,0.491,0.525,
18:16:35.893,19.389,-32.000,36.000,-25.361,43.091,-6.639,-7.091,9.714,-0.374,0.547,0.663,
18:16:35.910,19.406,-32.000,36.000,-24.906,43.355,-7.094,-7.355,10.218,-0.474,0.610,0.772,
18:16:35.927,19.422,-28.000,40.000,-24.466,43.605,-3.534,-3.605,5.048,-0.085,0.213,0.230,
18:16:35.945,19.440,-28.000,40.000,-23.985,43.872,-4.015,-3.872,5.578,0.148,-0.001,0.148,
18:16:35.952,19.447,-28.000,40.000,-23.796,43.974,-4.204,-3.974,5.785,0.316,-0.126,0.340,
18:16:35.968,19.464,-28.000,40.000,-23.351,44.213,-4.649,-4.213,6.274,0.366,-0.141,0.392,
18:16:35.987,19.483,-26.000,42.000,-22.830,44.484,-3.170,-2.484,4.027,0.571,-0.295,0.642,
18:16:36.006,19.501,-26.000,42.000,-22.321,44.741,-3.679,-2.741,4.588,0.644,-0.305,0.713,
18:16:36.014,19.510,-26.000,42.000,-22.093,44.854,-3.907,-2.854,4.838,0.593,-0.185,0.621,
18:16:36.031,19.526,-26.000,42.000,-21.646,45.072,-4.354,-3.072,5.329,0.543,-0.081,0.549,
18:16:36.040,19.535,-26.000,42.000,-21.398,45.190,-4.602,-3.190,5.600,0.400,0.117,0.417,
18:16:36.056,19.551,-24.000,42.000,-20.954,45.398,-3.046,-3.398,4.563,0.295,0.031,0.297,
18:16:36.064,19.560,-24.000,42.000,-20.715,45.507,-3.285,-3.507,4.806,0.117,0.004,0.117,
18:16:36.081,19.577,-24.000,42.000,-20.236,45.722,-3.764,-3.722,5.294,-0.002,0.049,0.049,
18:16:36.091,19.586,-24.000,42.000,-19.979,45.835,-4.021,-3.835,5.556,-0.167,0.169,0.238,
18:16:36.107,19.603,-24.000,42.000,-19.507,46.038,-4.493,-4.038,6.040,-0.285,0.291,0.408,
18:16:36.126,19.621,-22.000,44.000,-18.982,46.257,-3.018,-2.257,3.769,-0.159,0.212,0.265,
18:16:36.133,19.628,-22.000,44.000,-18.782,46.338,-3.218,-2.338,3.978,0.001,0.149,0.149,
18:16:36.148,19.644,-22.000,44.000,-18.345,46.513,-3.655,-2.513,4.436,0.035,0.183,0.186,
18:16:36.165,19.661,-22.000,44.000,-17.856,46.703,-4.144,-2.703,4.948,0.028,0.274,0.275,
18:16:36.174,19.669,-22.000,44.000,-17.627,46.790,-4.373,-2.790,5.188,-0.011,0.421,0.421,
18:16:36.190,19.685,-20.000,48.000,-17.158,46.964,-2.842,1.036,3.025,0.425,0.308,0.525,
18:16:36.208,19.703,-20.000,48.000,-16.631,47.153,-3.369,0.847,3.474,0.723,0.281,0.775,
18:16:36.225,19.720,-20.000,48.000,-16.153,47.319,-3.847,0.681,3.906,0.891,0.324,0.949,
18:16:36.232,19.727,-20.000,48.000,-15.945,47.389,-4.055,0.611,4.100,0.960,0.422,1.049,
18:16:36.248,19.744,-20.000,46.000,-15.461,47.549,-4.539,-1.549,4.796,0.740,0.517,0.903,
18:16:36.266,19.762,-20.000,46.000,-14.933,47.718,-5.067,-1.718,5.350,0.504,0.650,0.823,
18:16:36.284,19.779,-20.000,46.000,-14.418,47.876,-5.582,-1.876,5.889,0.268,0.807,0.851,
18:16:36.293,19.788,-20.000,46.000,-14.172,47.950,-5.828,-1.950,6.145,-0.004,0.984,0.984,
18:16:36.310,19.806,-18.000,46.000,-13.648,48.101,-4.352,-2.101,4.833,-0.157,0.886,0.900,
18:16:36.327,19.822,-18.000,46.000,-13.170,48.234,-4.830,-2.234,5.322,-0.287,0.839,0.886,
18:16:36.335,19.831,-18.000,46.000,-12.913,48.304,-5.087,-2.304,5.585,-0.395,0.814,0.905,
18:16:36.354,19.849,-18.000,46.000,-12.370,48.446,-5.630,-2.446,6.138,-0.475,0.858,0.981,
18:16:36.362,19.858,-18.000,46.000,-12.118,48.509,-5.882,-2.509,6.395,-0.519,0.936,1.070,
18:16:36.378,19.873,-16.000,46.000,-11.643,48.626,-4.357,-2.626,5.087,-0.562,0.777,0.959,
18:16:36.395,19.890,-16.000,46.000,-11.136,48.744,-4.864,-2.744,5.585,-0.588,0.703,0.916,
18:16:36.404,19.899,-16.000,46.000,-10.871,48.804,-5.129,-2.804,5.845,-0.582,0.675,0.891,
18:16:36.420,19.915,-16.000,46.000,-10.395,48.908,-5.605,-2.908,6.314,-0.592,0.707,0.922,
18:16:36.438,19.933,-16.000,48.000,-9.865,49.017,-6.135,-1.017,6.219,-0.349,0.791,0.865,
18:16:36.454,19.950,-16.000,48.000,-9.360,49.116,-6.640,-1.116,6.733,-0.158,0.917,0.930,
18:16:36.462,19.957,-16.000,48.000,-9.147,49.156,-6.853,-1.156,6.950,0.035,1.095,1.095,
18:16:36.478,19.973,-16.000,48.000,-8.663,49.244,-7.337,-1.244,7.441,0.113,1.212,1.217,
18:16:36.494,19.989,-14.000,48.000,-8.171,49.328,-5.829,-1.328,5.978,0.149,1.092,1.102,
18:16:36.501,19.997,-14.000,48.000,-7.950,49.364,-6.050,-1.364,6.202,0.135,0.965,0.975,
18:16:36.518,20.013,-14.000,48.000,-7.459,49.440,-6.541,-1.440,6.698,0.131,0.958,0.967,
18:16:36.537,20.033,-14.000,48.000,-6.854,49.528,-7.146,-1.528,7.308,0.105,1.010,1.016,
18:16:36.555,20.050,-14.000,48.000,-6.330,49.598,-7.670,-1.598,7.834,0.054,1.108,1.110,
18:16:36.562,20.057,-14.000,48.000,-6.110,49.625,-7.890,-1.625,8.056,-0.036,1.249,1.249,
18:16:36.578,20.073,-14.000,48.000,-5.620,49.683,-8.380,-1.683,8.547,-0.075,1.350,1.352,
18:16:36.595,20.090,-14.000,48.000,-5.108,49.738,-8.892,-1.738,9.060,-0.116,1.467,1.471,
18:16:36.603,20.098,-14.000,48.000,-4.860,49.763,-9.140,-1.763,9.308,-0.171,1.603,1.612,
18:16:36.619,20.114,-14.000,50.000,-4.375,49.808,-9.625,0.192,9.627,0.043,1.708,1.709,
18:16:36.637,20.133,-14.000,50.000,-3.813,49.854,-10.187,0.146,10.188,0.197,1.821,1.831,
18:16:36.656,20.151,-14.000,50.000,-3.250,49.894,-10.750,0.106,10.750,0.296,1.933,1.956,
18:16:36.664,20.159,-14.000,50.000,-3.007,49.910,-10.993,0.090,10.994,0.352,2.037,2.068,
18:16:36.679,20.175,-12.000,48.000,-2.524,49.936,-9.476,-1.936,9.672,0.130,1.872,1.877,
18:16:36.695,20.191,-12.000,48.000,-2.037,49.958,-9.963,-1.958,10.154,-0.060,1.765,1.766,
18:16:36.703,20.199,-12.000,48.000,-1.794,49.968,-10.206,-1.968,10.394,-0.271,1.668,1.690,
18:16:36.720,20.215,-12.000,48.000,-1.280,49.984,-10.720,-1.984,10.902,-0.369,1.656,1.697,
18:16:36.737,20.232,-14.000,48.000,-0.766,49.994,-13.234,-1.994,13.384,-0.435,1.940,1.988,
18:16:36.759,20.254,-14.000,48.000,-0.080,50.000,-13.920,-2.000,14.063,-0.469,2.190,2.239,
18:16:36.777,20.272,-14.000,48.000,0.467,49.998,-14.467,-1.998,14.604,-0.472,2.409,2.455,
18:16:36.794,20.290,-12.000,48.000,1.001,49.990,-13.001,-1.990,13.152,-0.456,2.310,2.354,
18:16:36.803,20.298,-12.000,48.000,1.256,49.984,-13.256,-1.984,13.404,-0.416,2.190,2.229,
18:16:36.818,20.314,-12.000,48.000,1.739,49.970,-13.739,-1.970,13.879,-0.392,2.170,2.205,
18:16:36.837,20.332,-12.000,48.000,2.299,49.947,-14.299,-1.947,14.431,-0.362,2.188,2.218,
18:16:36.855,20.350,-10.000,48.000,2.841,49.919,-12.841,-1.919,12.983,-0.326,1.977,2.004,
18:16:36.862,20.357,-10.000,48.000,3.059,49.906,-13.059,-1.906,13.198,-0.282,1.766,1.788,
18:16:36.878,20.374,-10.000,48.000,3.565,49.873,-13.565,-1.873,13.693,-0.251,1.705,1.724,
18:16:36.896,20.391,-10.000,48.000,4.096,49.832,-14.096,-1.832,14.215,-0.220,1.715,1.729,
18:16:36.903,20.398,-10.000,48.000,4.317,49.813,-14.317,-1.813,14.432,-0.194,1.807,1.818,
18:16:36.919,20.414,-8.000,50.000,4.805,49.769,-12.805,0.231,12.807,0.075,1.624,1.625,
18:16:36.937,20.432,-8.000,50.000,5.341,49.714,-13.341,0.286,13.344,0.281,1.540,1.565,
18:16:36.944,20.439,-8.000,50.000,5.558,49.690,-13.558,0.310,13.562,0.473,1.540,1.611,
18:16:36.960,20.455,-8.000,50.000,6.049,49.633,-14.049,0.367,14.054,0.573,1.558,1.660,
18:16:36.978,20.473,-6.000,50.000,6.584,49.565,-12.584,0.435,12.591,0.627,1.395,1.530,
18:16:36.996,20.491,-6.000,50.000,7.142,49.487,-13.142,0.513,13.152,0.642,1.343,1.489,
18:16:37.005,20.500,-6.000,50.000,7.405,49.449,-13.405,0.551,13.416,0.594,1.391,1.512,
18:16:37.021,20.516,-6.000,50.000,7.896,49.373,-13.896,0.627,13.910,0.582,1.443,1.556,
18:16:37.031,20.526,-6.000,50.000,8.193,49.324,-14.193,0.676,14.209,0.535,1.573,1.661,
18:16:37.049,20.544,-2.000,50.000,8.744,49.229,-10.744,0.771,10.772,0.517,1.215,1.320,
18:16:37.067,20.562,-2.000,50.000,9.281,49.131,-11.281,0.869,11.314,0.489,0.999,1.112,
18:16:37.077,20.572,-2.000,50.000,9.582,49.073,-11.582,0.927,11.619,0.444,0.902,1.005,
18:16:37.095,20.590,-2.000,50.000,10.132,48.963,-12.132,1.037,12.176,0.426,0.895,0.992,
18:16:37.103,20.599,4.000,50.000,10.373,48.912,-6.373,1.088,6.465,0.397,-0.132,0.418,
18:16:37.119,20.615,4.000,50.000,10.850,48.809,-6.850,1.191,6.953,0.387,-0.547,0.671,
18:16:37.137,20.632,4.000,50.000,11.381,48.688,-7.381,1.312,7.496,0.385,-0.736,0.830,
18:16:37.156,20.651,4.000,50.000,11.953,48.550,-7.953,1.450,8.084,0.390,-0.722,0.821,
18:16:37.164,20.659,6.000,48.000,12.193,48.491,-6.193,-0.491,6.212,-0.006,-0.869,0.869,
18:16:37.181,20.677,6.000,48.000,12.705,48.359,-6.705,-0.359,6.715,-0.159,-0.873,0.888,
18:16:37.190,20.686,6.000,48.000,12.964,48.290,-6.964,-0.290,6.970,-0.290,-0.686,0.745,
18:16:37.208,20.703,6.000,48.000,13.491,48.145,-7.491,-0.145,7.493,-0.338,-0.530,0.628,
18:16:37.226,20.721,8.000,50.000,14.026,47.993,-6.026,2.007,6.351,-0.088,-0.519,0.526,
18:16:37.235,20.730,8.000,50.000,14.275,47.919,-6.275,2.081,6.611,0.226,-0.379,0.442,
18:16:37.250,20.745,8.000,50.000,14.715,47.786,-6.715,2.214,7.071,0.393,-0.237,0.459,
18:16:37.266,20.761,8.000,50.000,15.191,47.637,-7.191,2.363,7.569,0.526,-0.037,0.527,
18:16:37.273,20.769,8.000,50.000,15.403,47.568,-7.403,2.432,7.792,0.651,0.262,0.702,
18:16:37.289,20.785,10.000,48.000,15.866,47.416,-5.866,0.584,5.895,0.488,0.225,0.538,
18:16:37.310,20.805,10.000,48.000,16.465,47.211,-6.465,0.789,6.513,0.374,0.276,0.465,
18:16:37.326,20.822,10.000,48.000,16.945,47.041,-6.945,0.959,7.011,0.283,0.392,0.483,
18:16:37.336,20.831,10.000,48.000,17.208,46.946,-7.208,1.054,7.285,0.212,0.546,0.586,
18:16:37.352,20.848,12.000,50.000,17.673,46.773,-5.673,3.227,6.527,0.442,0.443,0.625,
18:16:37.360,20.855,12.000,50.000,17.890,46.690,-5.890,3.310,6.756,0.716,0.348,0.796,
18:16:37.376,20.872,12.000,50.000,18.359,46.507,-6.359,3.493,7.255,0.852,0.373,0.930,
18:16:37.385,20.880,12.000,50.000,18.597,46.413,-6.597,3.587,7.509,0.980,0.446,1.076,
18:16:37.401,20.897,12.000,50.000,19.069,46.221,-7.069,3.779,8.016,1.057,0.543,1.189,
18:16:37.411,20.906,14.000,48.000,19.330,46.112,-5.330,1.888,5.654,0.766,0.348,0.842,
18:16:37.428,20.923,14.000,48.000,19.808,45.909,-5.808,2.091,6.173,0.633,0.311,0.705,
18:16:37.446,20.942,14.000,48.000,20.331,45.680,-6.331,2.320,6.743,0.537,0.353,0.642,
18:16:37.455,20.951,14.000,48.000,20.583,45.567,-6.583,2.433,7.018,0.446,0.456,0.638,
18:16:37.471,20.967,14.000,50.000,21.032,45.361,-7.032,4.639,8.424,0.664,0.565,0.871,
18:16:37.489,20.984,14.000,50.000,21.510,45.137,-7.510,4.863,8.947,0.848,0.707,1.104,
18:16:37.505,21.001,14.000,50.000,21.974,44.912,-7.974,5.088,9.459,0.998,0.870,1.324,
18:16:37.513,21.008,14.000,50.000,22.170,44.816,-8.170,5.184,9.676,1.140,1.068,1.562,
18:16:37.529,21.024,16.000,46.000,22.606,44.598,-6.606,1.402,6.753,0.734,0.962,1.210,
18:16:37.545,21.040,16.000,46.000,23.058,44.366,-7.058,1.634,7.245,0.421,0.916,1.008,
18:16:37.553,21.048,16.000,46.000,23.257,44.262,-7.257,1.738,7.463,0.096,0.884,0.889,
18:16:37.569,21.064,16.000,46.000,23.703,44.025,-7.703,1.975,7.952,-0.032,0.917,0.918,
18:16:37.587,21.082,16.000,52.000,24.175,43.767,-8.175,8.233,11.602,0.655,0.993,1.190,
18:16:37.595,21.091,16.000,52.000,24.405,43.640,-8.405,8.360,11.855,1.454,1.105,1.826,
18:16:37.612,21.107,16.000,52.000,24.845,43.390,-8.845,8.610,12.343,1.849,1.201,2.205,
18:16:37.620,21.116,16.000,52.000,25.069,43.261,-9.069,8.739,12.594,2.203,1.323,2.570,
18:16:37.636,21.131,16.000,52.000,25.483,43.019,-9.483,8.981,13.061,2.396,1.422,2.786,
18:16:37.644,21.139,16.000,48.000,25.682,42.900,-9.682,5.100,10.943,1.731,1.539,2.316,
18:16:37.662,21.158,16.000,48.000,26.175,42.602,-10.175,5.398,11.518,1.489,1.633,2.210,
18:16:37.671,21.166,16.000,48.000,26.399,42.463,-10.399,5.537,11.782,1.126,1.733,2.067,
18:16:37.688,21.183,16.000,48.000,26.830,42.192,-10.830,5.808,12.289,0.969,1.817,2.059,
18:16:37.705,21.201,20.000,48.000,27.285,41.899,-7.285,6.101,9.502,0.865,1.409,1.653,
18:16:37.713,21.208,20.000,48.000,27.471,41.777,-7.471,6.223,9.723,0.782,0.921,1.208,
18:16:37.731,21.226,20.000,48.000,27.938,41.466,-7.938,6.534,10.281,0.760,0.757,1.073,
18:16:37.749,21.245,20.000,48.000,28.403,41.149,-8.403,6.851,10.841,0.784,0.694,1.047,
18:16:37.769,21.264,20.000,46.000,28.887,40.811,-8.887,5.189,10.290,0.594,0.723,0.935,
18:16:37.788,21.283,20.000,46.000,29.352,40.478,-9.352,5.522,10.861,0.500,0.819,0.959,
18:16:37.807,21.302,20.000,46.000,29.829,40.127,-9.829,5.873,11.450,0.488,0.953,1.071,
18:16:37.816,21.312,20.000,46.000,30.053,39.960,-10.053,6.040,11.728,0.552,1.151,1.276,
18:16:37.835,21.330,22.000,44.000,30.512,39.611,-8.512,4.389,9.576,0.365,1.037,1.099,
18:16:37.846,21.341,22.000,44.000,30.771,39.410,-8.771,4.590,9.900,0.247,0.967,0.999,
18:16:37.862,21.357,22.000,44.000,31.155,39.107,-9.155,4.893,10.381,0.216,0.966,0.990,
18:16:37.882,21.377,22.000,44.000,31.645,38.712,-9.645,5.288,11.000,0.256,1.021,1.052,
18:16:37.891,21.387,22.000,42.000,31.853,38.540,-9.853,3.460,10.443,0.008,1.141,1.141,
18:16:37.908,21.403,22.000,42.000,32.242,38.216,-10.242,3.784,10.918,-0.068,1.229,1.231,
18:16:37.927,21.423,22.000,42.000,32.701,37.824,-10.701,4.176,11.487,-0.054,1.337,1.338,
18:16:37.946,21.441,24.000,42.000,33.130,37.449,-9.130,4.551,10.202,0.037,1.202,1.203,
18:16:37.956,21.451,24.000,42.000,33.355,37.248,-9.355,4.752,10.493,0.195,1.100,1.117,
18:16:37.972,21.467,24.000,42.000,33.713,36.925,-9.713,5.075,10.959,0.320,1.080,1.126,
18:16:37.981,21.476,24.000,42.000,33.922,36.732,-9.922,5.268,11.234,0.481,1.105,1.205,
18:16:37.997,21.492,24.000,42.000,34.270,36.408,-10.270,5.592,11.694,0.608,1.147,1.298,
18:16:38.005,21.500,26.000,40.000,34.447,36.241,-8.447,3.759,9.246,0.390,0.864,0.948,
18:16:38.022,21.517,26.000,40.000,34.821,35.882,-8.821,4.118,9.735,0.340,0.764,0.837,
18:16:38.030,21.525,26.000,40.000,34.993,35.714,-8.993,4.286,9.963,0.304,0.714,0.776,
18:16:38.045,21.541,26.000,40.000,35.337,35.373,-9.337,4.627,10.421,0.332,0.717,0.791,
18:16:38.055,21.551,26.000,40.000,35.545,35.165,-9.545,4.835,10.700,0.397,0.786,0.881,
18:16:38.071,21.566,28.000,42.000,35.882,34.821,-7.882,7.179,10.662,0.720,0.615,0.947,
18:16:38.082,21.577,28.000,42.000,36.111,34.583,-8.111,7.417,10.991,1.050,0.511,1.168,
18:16:38.098,21.593,28.000,42.000,36.444,34.232,-8.444,7.768,11.474,1.285,0.489,1.375,
18:16:38.116,21.612,28.000,42.000,36.833,33.813,-8.833,8.187,12.043,1.479,0.536,1.573,
18:16:38.125,21.621,30.000,38.000,37.020,33.608,-7.020,4.392,8.281,0.904,0.307,0.955,
18:16:38.144,21.639,30.000,38.000,37.402,33.183,-7.402,4.817,8.831,0.697,0.241,0.738,
18:16:38.154,21.650,30.000,38.000,37.609,32.948,-7.609,5.052,9.134,0.493,0.261,0.557,
18:16:38.173,21.668,30.000,38.000,37.985,32.514,-7.985,5.486,9.688,0.436,0.314,0.537,
18:16:38.181,21.676,30.000,40.000,38.132,32.341,-8.132,7.659,11.171,0.831,0.476,0.958,
18:16:38.197,21.692,30.000,40.000,38.455,31.956,-8.455,8.044,11.670,1.027,0.575,1.177,
18:16:38.216,21.711,30.000,40.000,38.822,31.509,-8.822,8.491,12.244,1.220,0.705,1.409,
18:16:38.225,21.720,30.000,40.000,38.989,31.303,-8.989,8.697,12.507,1.435,0.892,1.690,
18:16:38.242,21.737,32.000,40.000,39.311,30.898,-7.311,9.102,11.675,1.575,0.774,1.755,
18:16:38.250,21.746,32.000,40.000,39.468,30.696,-7.468,9.304,11.930,1.706,0.666,1.831,
18:16:38.266,21.761,32.000,40.000,39.761,30.316,-7.761,9.684,12.410,1.804,0.647,1.916,
18:16:38.275,21.770,32.000,40.000,39.915,30.112,-7.915,9.888,12.666,1.880,0.668,1.996,
18:16:38.290,21.786,32.000,40.000,40.204,29.725,-8.204,10.275,13.148,1.950,0.709,2.075,
18:16:38.307,21.803,36.000,38.000,40.513,29.303,-4.513,8.697,9.798,1.767,0.292,1.791,
18:16:38.327,21.823,36.000,38.000,40.872,28.800,-4.872,9.200,10.410,1.650,0.036,1.651,
18:16:38.346,21.841,36.000,38.000,41.198,28.332,-5.198,9.668,10.976,1.585,-0.080,1.587,
18:16:38.355,21.850,36.000,38.000,41.347,28.115,-5.347,9.885,11.239,1.546,-0.078,1.548,
18:16:38.370,21.866,36.000,34.000,41.612,27.721,-5.612,6.279,8.421,1.038,-0.054,1.039,
18:16:38.387,21.882,36.000,34.000,41.889,27.300,-5.889,6.700,8.920,0.706,0.029,0.707,
18:16:38.406,21.901,36.000,34.000,42.208,26.804,-6.208,7.196,9.504,0.538,0.153,0.559,
18:16:38.414,21.909,36.000,34.000,42.338,26.598,-6.338,7.402,9.745,0.499,0.377,0.626,
18:16:38.432,21.927,38.000,32.000,42.628,26.132,-4.628,5.868,7.474,0.260,0.263,0.370,
18:16:38.441,21.937,38.000,32.000,42.780,25.882,-4.780,6.118,7.764,0.144,0.190,0.238,
18:16:38.457,21.952,38.000,32.000,43.024,25.475,-5.024,6.525,8.235,0.119,0.183,0.218,
18:16:38.477,21.972,38.000,32.000,43.331,24.949,-5.331,7.051,8.839,0.190,0.227,0.296,
18:16:38.495,21.990,38.000,32.000,43.599,24.477,-5.599,7.523,9.378,0.359,0.316,0.478,
18:16:38.503,21.999,38.000,32.000,43.725,24.251,-5.725,7.749,9.635,0.633,0.447,0.775,
18:16:38.520,22.016,38.000,32.000,43.974,23.797,-5.974,8.203,10.147,0.800,0.537,0.963,
18:16:38.536,22.031,38.000,32.000,44.199,23.377,-6.199,8.623,10.620,0.990,0.636,1.177,
18:16:38.544,22.039,38.000,32.000,44.312,23.161,-6.312,8.839,10.862,1.218,0.750,1.431,
18:16:38.560,22.055,40.000,28.000,44.533,22.733,-4.533,5.267,6.949,0.883,0.586,1.060,
18:16:38.576,22.072,40.000,28.000,44.763,22.277,-4.763,5.723,7.445,0.665,0.478,0.819,
18:16:38.596,22.091,40.000,28.000,45.023,21.748,-5.023,6.252,8.020,0.570,0.430,0.714,
18:16:38.604,22.099,40.000,28.000,45.134,21.516,-5.134,6.484,8.270,0.551,0.420,0.693,
18:16:38.620,22.115,40.000,28.000,45.342,21.073,-5.342,6.927,8.748,0.583,0.434,0.727,
18:16:38.636,22.131,40.000,28.000,45.549,20.623,-5.549,7.377,9.231,0.676,0.477,0.827,
18:16:38.644,22.139,40.000,28.000,45.646,20.407,-5.646,7.593,9.462,0.842,0.558,1.010,
18:16:38.661,22.156,40.000,28.000,45.853,19.938,-5.853,8.062,9.962,0.958,0.609,1.135,
18:16:38.677,22.172,42.000,26.000,46.046,19.487,-4.046,6.513,7.668,0.849,0.420,0.947,
18:16:38.695,22.191,42.000,26.000,46.267,18.957,-4.267,7.043,8.235,0.827,0.310,0.883,
18:16:38.703,22.198,42.000,26.000,46.354,18.743,-4.354,7.257,8.463,0.852,0.236,0.884,
18:16:38.719,22.214,42.000,26.000,46.531,18.299,-4.531,7.701,8.935,0.906,0.215,0.931,
18:16:38.736,22.231,46.000,24.000,46.726,17.796,-0.726,6.204,6.246,0.757,-0.254,0.799,
18:16:38.744,22.239,46.000,24.000,46.808,17.579,-0.808,6.421,6.471,0.633,-0.722,0.960,
18:16:38.760,22.255,46.000,24.000,46.978,17.119,-0.978,6.881,6.950,0.623,-0.915,1.107,
18:16:38.776,22.272,46.000,24.000,47.151,16.636,-1.151,7.364,7.453,0.682,-0.986,1.199,
18:16:38.784,22.280,46.000,24.000,47.230,16.412,-1.230,7.588,7.687,0.813,-0.922,1.229,
18:16:38.802,22.298,44.000,22.000,47.409,15.885,-3.409,6.115,7.001,0.688,-0.654,0.949,
18:16:38.812,22.307,44.000,22.000,47.496,15.625,-3.496,6.375,7.270,0.603,-0.239,0.648,
18:16:38.829,22.324,44.000,22.000,47.657,15.126,-3.657,6.874,7.787,0.610,-0.010,0.610,
18:16:38.845,22.341,44.000,22.000,47.809,14.638,-3.809,7.362,8.290,0.687,0.207,0.718,
18:16:38.853,22.349,44.000,22.000,47.880,14.404,-3.880,7.596,8.529,0.836,0.441,0.945,
18:16:38.870,22.366,46.000,20.000,48.029,13.901,-2.029,6.099,6.427,0.713,0.338,0.789,
18:16:38.887,22.383,46.000,20.000,48.170,13.404,-2.170,6.596,6.944,0.674,0.257,0.722,
18:16:38.907,22.403,46.000,20.000,48.332,12.807,-2.332,7.193,7.561,0.720,0.215,0.752,
18:16:38.928,22.423,48.000,20.000,48.488,12.203,-0.488,7.797,7.812,0.833,-0.049,0.835,
18:16:38.947,22.442,48.000,20.000,48.628,11.632,-0.628,8.368,8.392,0.987,-0.216,1.010,
18:16:38.955,22.450,48.000,20.000,48.683,11.401,-0.683,8.599,8.626,1.188,-0.336,1.235,
18:16:38.971,22.467,48.000,20.000,48.798,10.900,-0.798,9.100,9.135,1.322,-0.378,1.375,
18:16:38.987,22.482,48.000,16.000,48.900,10.431,-0.900,5.569,5.641,0.941,-0.369,1.011,
18:16:38.995,22.490,48.000,16.000,48.948,10.201,-0.948,5.799,5.876,0.555,-0.301,0.631,
18:16:39.011,22.507,48.000,16.000,49.051,9.697,-1.051,6.303,6.390,0.438,-0.264,0.512,
18:16:39.020,22.515,48.000,16.000,49.098,9.454,-1.098,6.546,6.638,0.390,-0.174,0.427,
18:16:39.036,22.531,48.000,16.000,49.190,8.964,-1.190,7.036,7.136,0.415,-0.120,0.432,
18:16:39.044,22.540,46.000,12.000,49.234,8.716,-3.234,3.284,4.609,-0.197,0.332,0.386,
18:16:39.061,22.556,46.000,12.000,49.319,8.222,-3.319,3.778,5.029,-0.432,0.557,0.704,
18:16:39.078,22.573,46.000,12.000,49.404,7.698,-3.404,4.302,5.486,-0.512,0.732,0.893,
18:16:39.094,22.590,46.000,12.000,49.480,7.194,-3.480,4.806,5.934,-0.453,0.851,0.964,
18:16:39.103,22.598,46.000,12.000,49.515,6.944,-3.515,5.056,6.158,-0.256,0.922,0.957,
18:16:39.120,22.615,46.000,12.000,49.585,6.432,-3.585,5.568,6.622,-0.108,0.964,0.970,
18:16:39.137,22.632,46.000,12.000,49.651,5.900,-3.651,6.100,7.109,0.105,0.968,0.974,
18:16:39.146,22.641,46.000,12.000,49.682,5.634,-3.682,6.366,7.354,0.407,0.921,1.007,
18:16:39.164,22.659,46.000,14.000,49.740,5.096,-3.740,8.904,9.657,0.856,0.898,1.241,
18:16:39.172,22.668,46.000,14.000,49.766,4.831,-3.766,9.169,9.913,1.369,0.835,1.603,
18:16:39.188,22.684,46.000,14.000,49.811,4.342,-3.811,9.658,10.383,1.686,0.797,1.865,
18:16:39.206,22.702,46.000,14.000,49.856,3.790,-3.856,10.210,10.914,1.949,0.755,2.090,
18:16:39.215,22.710,46.000,14.000,49.875,3.533,-3.875,10.467,11.161,2.152,0.696,2.262,
18:16:39.232,22.727,50.000,10.000,49.909,3.021,0.091,6.979,6.980,1.829,0.175,1.838,
18:16:39.240,22.736,50.000,10.000,49.924,2.751,0.076,7.249,7.249,1.416,-0.362,1.462,
18:16:39.258,22.753,50.000,10.000,49.951,2.221,0.049,7.779,7.779,1.269,-0.638,1.420,
18:16:39.276,22.771,50.000,10.000,49.973,1.656,0.027,8.344,8.344,1.196,-0.804,1.442,
18:16:39.284,22.780,50.000,10.000,49.980,1.404,0.020,8.596,8.596,1.153,-0.853,1.434,
18:16:39.301,22.796,50.000,10.000,49.992,0.898,0.008,9.102,9.102,1.174,-0.891,1.474,
18:16:39.318,22.813,50.000,10.000,49.999,0.377,0.001,9.623,9.623,1.246,-0.864,1.516,
18:16:39.338,22.833,50.000,10.000,49.999,-0.231,0.001,10.231,10.231,1.357,-0.801,1.576,
18:16:39.356,22.851,48.000,10.000,49.994,-0.787,-1.994,10.787,10.969,1.497,-0.438,1.560,
18:16:39.364,22.860,48.000,10.000,49.989,-1.046,-1.989,11.046,11.224,1.667,-0.022,1.667,
18:16:39.381,22.876,48.000,10.000,49.976,-1.545,-1.976,11.545,11.713,1.785,0.170,1.793,
18:16:39.397,22.892,48.000,10.000,49.958,-2.042,-1.958,12.042,12.200,1.907,0.309,1.932,
18:16:39.415,22.911,50.000,10.000,49.932,-2.605,0.068,12.605,12.605,2.030,0.146,2.035,
18:16:39.423,22.919,50.000,10.000,49.919,-2.852,0.081,12.852,12.853,2.156,-0.079,2.157,
18:16:39.440,22.936,50.000,10.000,49.887,-3.362,0.113,13.362,13.363,2.251,-0.169,2.257,
18:16:39.459,22.954,50.000,10.000,49.846,-3.925,0.154,13.925,13.926,2.346,-0.238,2.358,
18:16:39.478,22.973,50.000,6.000,49.796,-4.508,0.204,10.508,10.510,1.937,-0.286,1.958,
18:16:39.494,22.990,50.000,6.000,49.747,-5.023,0.253,11.023,11.026,1.649,-0.315,1.679,
18:16:39.504,22.999,50.000,6.000,49.718,-5.299,0.282,11.299,11.303,1.435,-0.327,1.472,
18:16:39.520,23.016,50.000,6.000,49.662,-5.808,0.338,11.808,11.813,1.360,-0.337,1.401,
18:16:39.537,23.032,50.000,4.000,49.599,-6.321,0.401,10.321,10.328,1.117,-0.337,1.167,
18:16:39.555,23.050,50.000,4.000,49.528,-6.851,0.472,10.851,10.861,1.014,-0.334,1.067,
18:16:39.563,23.059,50.000,4.000,49.493,-7.105,0.507,11.105,11.116,1.028,-0.316,1.076,
18:16:39.580,23.075,50.000,4.000,49.417,-7.612,0.583,11.612,11.626,1.059,-0.313,1.104,
18:16:39.597,23.092,50.000,4.000,49.335,-8.127,0.665,12.127,12.146,1.166,-0.310,1.207,
18:16:39.615,23.110,50.000,4.000,49.243,-8.667,0.757,12.667,12.689,1.323,-0.309,1.359,
18:16:39.622,23.117,50.000,4.000,49.204,-8.887,0.796,12.887,12.912,1.587,-0.302,1.616,
18:16:39.637,23.133,50.000,4.000,49.118,-9.347,0.882,13.347,13.376,1.728,-0.305,1.755,
18:16:39.656,23.152,52.000,0.000,49.006,-9.922,2.994,9.922,10.364,1.407,-0.549,1.511,
18:16:39.664,23.159,52.000,0.000,48.961,-10.139,3.039,10.139,10.584,1.051,-0.839,1.345,
18:16:39.679,23.175,52.000,0.000,48.862,-10.609,3.138,10.609,11.063,0.936,-0.968,1.347,
18:16:39.696,23.191,52.000,0.000,48.751,-11.104,3.249,11.104,11.570,0.923,-1.049,1.397,
18:16:39.705,23.201,52.000,0.000,48.688,-11.377,3.312,11.377,11.849,1.004,-1.081,1.475,
18:16:39.723,23.218,50.000,-2.000,48.564,-11.895,1.436,9.895,9.999,0.849,-0.866,1.213,
18:16:39.731,23.226,50.000,-2.000,48.502,-12.145,1.498,10.145,10.255,0.771,-0.578,0.964,
18:16:39.748,23.243,50.000,-2.000,48.374,-12.646,1.626,10.646,10.770,0.774,-0.448,0.894,
18:16:39.765,23.261,50.000,-2.000,48.237,-13.160,1.763,11.160,11.298,0.863,-0.353,0.932,
18:16:39.773,23.268,50.000,-2.000,48.175,-13.384,1.825,11.384,11.530,1.064,-0.272,1.098,
18:16:39.789,23.285,48.000,-6.000,48.039,-13.867,-0.039,7.867,7.867,0.710,0.003,0.710,
18:16:39.809,23.304,48.000,-6.000,47.869,-14.441,0.131,8.441,8.442,0.519,0.183,0.550,
18:16:39.826,23.322,48.000,-6.000,47.710,-14.959,0.290,8.959,8.964,0.469,0.276,0.544,
18:16:39.834,23.330,48.000,-6.000,47.639,-15.182,0.361,9.182,9.189,0.548,0.291,0.620,
18:16:39.852,23.348,48.000,-8.000,47.470,-15.705,0.530,7.705,7.723,0.380,0.296,0.482,
18:16:39.860,23.356,48.000,-8.000,47.392,-15.937,0.608,7.937,7.960,0.311,0.217,0.379,
18:16:39.878,23.373,48.000,-8.000,47.217,-16.449,0.783,8.449,8.485,0.321,0.172,0.364,
18:16:39.897,23.392,48.000,-8.000,47.020,-17.003,0.980,9.003,9.056,0.431,0.093,0.441,
18:16:39.914,23.410,48.000,-12.000,46.837,-17.502,1.163,5.502,5.624,0.092,-0.009,0.093,
18:16:39.922,23.417,48.000,-12.000,46.760,-17.705,1.240,5.705,5.838,-0.188,-0.151,0.241,
18:16:39.938,23.433,48.000,-12.000,46.585,-18.161,1.415,6.161,6.321,-0.251,-0.230,0.341,
18:16:39.955,23.450,48.000,-12.000,46.390,-18.654,1.610,6.654,6.846,-0.196,-0.310,0.367,
18:16:39.962,23.457,48.000,-12.000,46.310,-18.851,1.690,6.851,7.056,0.014,-0.397,0.398,
18:16:39.978,23.474,48.000,-10.000,46.115,-19.323,1.885,9.323,9.512,0.382,-0.461,0.599,
18:16:39.998,23.493,48.000,-10.000,45.880,-19.875,2.120,9.875,10.099,0.751,-0.523,0.915,
18:16:40.015,23.510,48.000,-10.000,45.668,-20.357,2.332,10.357,10.616,1.111,-0.577,1.252,
18:16:40.024,23.519,48.000,-10.000,45.563,-20.591,2.437,10.591,10.868,1.471,-0.615,1.594,
18:16:40.039,23.535,46.000,-14.000,45.362,-21.031,0.638,7.031,7.060,1.203,-0.407,1.270,
18:16:40.057,23.552,46.000,-14.000,45.135,-21.513,0.865,7.513,7.562,1.030,-0.265,1.064,
18:16:40.078,23.573,46.000,-14.000,44.847,-22.108,1.153,8.108,8.190,0.962,-0.193,0.981,
18:16:40.095,23.590,46.000,-16.000,44.618,-22.566,1.382,6.566,6.709,0.683,-0.169,0.703,
18:16:40.104,23.599,46.000,-16.000,44.495,-22.808,1.505,6.808,6.972,0.476,-0.181,0.509,
18:16:40.122,23.617,46.000,-16.000,44.242,-23.295,1.758,7.295,7.504,0.430,-0.208,0.478,
18:16:40.137,23.633,46.000,-16.000,44.014,-23.722,1.986,7.722,7.973,0.473,-0.264,0.542,
18:16:40.156,23.652,46.000,-16.000,43.731,-24.240,2.269,8.240,8.546,0.576,-0.335,0.666,
18:16:40.165,23.660,46.000,-16.000,43.612,-24.454,2.388,8.454,8.784,0.775,-0.434,0.889,
18:16:40.181,23.676,46.000,-16.000,43.365,-24.889,2.635,8.889,9.272,0.904,-0.503,1.035,
18:16:40.201,23.696,46.000,-16.000,43.056,-25.420,2.944,9.420,9.869,1.057,-0.580,1.206,
18:16:40.218,23.713,46.000,-22.000,42.789,-25.868,3.211,3.868,5.027,0.432,-0.658,0.787,
18:16:40.238,23.733,46.000,-22.000,42.466,-26.393,3.534,4.393,5.638,0.077,-0.734,0.738,
18:16:40.255,23.751,46.000,-22.000,42.184,-26.842,3.816,4.842,6.165,-0.094,-0.803,0.809,
18:16:40.263,23.759,46.000,-22.000,42.053,-27.047,3.947,5.047,6.407,-0.130,-0.861,0.871,
18:16:40.280,23.775,46.000,-24.000,41.780,-27.466,4.220,3.466,5.461,-0.361,-0.915,0.984,
18:16:40.297,23.793,46.000,-24.000,41.484,-27.912,4.516,3.912,5.975,-0.438,-0.968,1.062,
18:16:40.316,23.811,46.000,-24.000,41.165,-28.380,4.835,4.380,6.524,-0.385,-1.019,1.089,
18:16:40.324,23.819,46.000,-24.000,41.025,-28.582,4.975,4.582,6.763,-0.173,-1.055,1.069,
18:16:40.341,23.836,44.000,-20.000,40.721,-29.014,3.279,9.014,9.592,0.441,-0.858,0.964,
18:16:40.359,23.855,44.000,-20.000,40.392,-29.471,3.608,9.471,10.135,0.988,-0.722,1.224,
18:16:40.377,23.872,44.000,-20.000,40.070,-29.906,3.930,9.906,10.657,1.444,-0.648,1.582,
18:16:40.385,23.880,44.000,-20.000,39.926,-30.099,4.074,10.099,10.890,1.865,-0.608,1.962,
18:16:40.401,23.896,42.000,-24.000,39.637,-30.479,2.363,6.479,6.896,1.612,-0.358,1.652,
18:16:40.418,23.913,42.000,-24.000,39.308,-30.901,2.692,6.901,7.407,1.424,-0.213,1.440,
18:16:40.436,23.931,42.000,-24.000,38.971,-31.325,3.029,7.325,7.927,1.290,-0.161,1.300,
18:16:40.445,23.940,42.000,-24.000,38.798,-31.539,3.202,7.539,8.190,1.152,-0.188,1.167,
18:16:40.461,23.957,42.000,-26.000,38.478,-31.929,3.522,5.929,6.896,0.875,-0.226,0.904,
18:16:40.470,23.965,42.000,-26.000,38.304,-32.137,3.696,6.137,7.164,0.619,-0.333,0.703,
18:16:40.486,23.981,42.000,-26.000,37.997,-32.500,4.003,6.500,7.634,0.520,-0.415,0.666,
18:16:40.493,23.989,42.000,-26.000,37.848,-32.673,4.152,6.673,7.859,0.486,-0.558,0.740,
18:16:40.511,24.006,42.000,-26.000,37.497,-33.076,4.503,7.076,8.387,0.494,-0.650,0.816,
18:16:40.527,24.022,42.000,-26.000,37.172,-33.440,4.828,7.440,8.869,0.571,-0.763,0.953,
18:16:40.544,24.039,42.000,-26.000,36.816,-33.832,5.184,7.832,9.392,0.684,-0.879,1.114,
18:16:40.552,24.047,42.000,-26.000,36.646,-34.016,5.354,8.016,9.639,0.866,-1.006,1.327,
18:16:40.567,24.063,42.000,-26.000,36.329,-34.354,5.671,8.354,10.097,0.980,-1.098,1.471,
18:16:40.587,24.082,42.000,-26.000,35.903,-34.799,6.097,8.799,10.705,1.104,-1.190,1.623,
18:16:40.606,24.101,42.000,-26.000,35.500,-35.210,6.500,9.210,11.272,1.239,-1.277,1.779,
18:16:40.614,24.109,42.000,-26.000,35.331,-35.379,6.669,9.379,11.509,1.393,-1.345,1.937,
18:16:40.630,24.126,42.000,-26.000,34.970,-35.737,7.030,9.737,12.010,1.492,-1.409,2.052,
18:16:40.648,24.143,40.000,-28.000,34.584,-36.111,5.416,8.111,9.753,1.335,-1.221,1.809,
18:16:40.667,24.162,40.000,-28.000,34.163,-36.509,5.837,8.509,10.319,1.242,-1.102,1.660,
18:16:40.687,24.182,40.000,-28.000,33.721,-36.917,6.279,8.917,10.906,1.206,-1.048,1.598,
18:16:40.695,24.190,40.000,-28.000,33.538,-37.084,6.462,9.084,11.148,1.203,-1.024,1.580,
18:16:40.712,24.207,40.000,-30.000,33.156,-37.426,6.844,7.426,10.099,0.974,-1.037,1.423,
18:16:40.720,24.215,40.000,-30.000,32.974,-37.586,7.026,7.586,10.340,0.766,-1.091,1.333,
18:16:40.736,24.231,40.000,-30.000,32.600,-37.911,7.400,7.911,10.833,0.687,-1.137,1.329,
18:16:40.744,24.239,40.000,-30.000,32.415,-38.069,7.585,8.069,11.074,0.679,-1.223,1.399,
18:16:40.761,24.256,40.000,-30.000,32.021,-38.401,7.979,8.401,11.587,0.691,-1.288,1.462,
18:16:40.776,24.272,38.000,-34.000,31.653,-38.705,6.347,4.705,7.901,0.245,-1.114,1.141,
18:16:40.785,24.280,38.000,-34.000,31.463,-38.860,6.537,4.860,8.145,-0.146,-0.953,0.964,
18:16:40.800,24.295,38.000,-34.000,31.099,-39.151,6.901,5.151,8.612,-0.310,-0.903,0.955,
18:16:40.816,24.311,38.000,-34.000,30.719,-39.450,7.281,5.450,9.095,-0.353,-0.909,0.975,
18:16:40.823,24.318,38.000,-34.000,30.545,-39.585,7.455,5.585,9.315,-0.252,-0.970,1.003,
18:16:40.840,24.336,38.000,-32.000,30.125,-39.906,7.875,7.906,11.158,0.035,-1.022,1.023,
18:16:40.857,24.352,38.000,-32.000,29.714,-40.213,8.286,8.213,11.667,0.357,-1.111,1.167,
18:16:40.875,24.371,38.000,-32.000,29.255,-40.548,8.745,8.548,12.229,0.652,-1.222,1.385,
18:16:40.884,24.379,38.000,-32.000,29.050,-40.695,8.950,8.695,12.478,0.996,-1.368,1.692,
18:16:40.899,24.395,38.000,-34.000,28.657,-40.973,9.343,6.973,11.658,0.943,-1.467,1.743,
18:16:40.918,24.413,38.000,-34.000,28.188,-41.297,9.812,7.297,12.228,0.926,-1.571,1.823,
18:16:40.937,24.433,38.000,-34.000,27.692,-41.631,10.308,7.631,12.825,0.938,-1.679,1.923,
18:16:40.956,24.451,34.000,-36.000,27.223,-41.940,6.777,5.940,9.012,0.711,-1.262,1.448,
18:16:40.964,24.459,34.000,-36.000,27.013,-42.075,6.987,6.075,9.258,0.491,-0.834,0.968,
18:16:40.980,24.476,34.000,-36.000,26.594,-42.341,7.406,6.341,9.750,0.424,-0.683,0.804,
18:16:40.997,24.493,34.000,-36.000,26.147,-42.619,7.853,6.619,10.270,0.418,-0.635,0.760,
18:16:41.018,24.513,34.000,-36.000,25.615,-42.941,8.385,6.941,10.885,0.462,-0.675,0.817,
18:16:41.036,24.531,34.000,-36.000,25.134,-43.224,8.866,7.224,11.436,0.548,-0.788,0.959,
18:16:41.044,24.540,34.000,-36.000,24.916,-43.349,9.084,7.349,11.685,0.682,-0.981,1.195,
18:16:41.061,24.556,34.000,-36.000,24.476,-43.599,9.524,7.599,12.184,0.764,-1.101,1.340,
18:16:41.070,24.566,34.000,-36.000,24.223,-43.741,9.777,7.741,12.470,0.870,-1.265,1.536,
18:16:41.087,24.582,30.000,-38.000,23.773,-43.987,6.227,5.987,8.639,0.708,-0.911,1.154,
18:16:41.099,24.594,30.000,-38.000,23.464,-44.153,6.536,6.153,8.976,0.578,-0.621,0.848,
18:16:41.115,24.610,30.000,-38.000,23.024,-44.384,6.976,6.384,9.456,0.524,-0.495,0.721,
18:16:41.123,24.618,30.000,-38.000,22.817,-44.490,7.183,6.490,9.681,0.514,-0.454,0.686,
18:16:41.141,24.637,28.000,-40.000,22.309,-44.747,5.691,4.747,7.411,0.298,-0.245,0.386,
18:16:41.150,24.645,28.000,-40.000,22.085,-44.858,5.915,4.858,7.655,0.105,-0.116,0.157,
18:16:41.166,24.661,28.000,-40.000,21.633,-45.078,6.367,5.078,8.144,0.030,-0.094,0.099,
18:16:41.174,24.669,28.000,-40.000,21.418,-45.180,6.582,5.180,8.376,0.035,-0.197,0.200,
18:16:41.191,24.686,28.000,-40.000,20.955,-45.397,7.045,5.397,8.875,0.050,-0.283,0.287,
18:16:41.208,24.704,26.000,-44.000,20.463,-45.621,5.537,1.621,5.769,-0.370,-0.195,0.418,
18:16:41.226,24.721,26.000,-44.000,19.968,-45.840,6.032,1.840,6.306,-0.632,-0.212,0.666,
18:16:41.236,24.731,26.000,-44.000,19.705,-45.954,6.295,1.954,6.592,-0.770,-0.319,0.834,
18:16:41.254,24.749,26.000,-44.000,19.198,-46.167,6.802,2.167,7.139,-0.815,-0.428,0.921,
18:16:41.262,24.757,24.000,-44.000,18.961,-46.265,5.039,2.265,5.525,-0.718,-0.246,0.759,
18:16:41.279,24.774,24.000,-44.000,18.476,-46.461,5.524,2.461,6.047,-0.654,-0.225,0.692,
18:16:41.296,24.792,24.000,-44.000,17.992,-46.651,6.008,2.651,6.567,-0.528,-0.283,0.599,
18:16:41.306,24.802,24.000,-44.000,17.708,-46.759,6.292,2.759,6.870,-0.329,-0.407,0.523,
18:16:41.323,24.818,20.000,-44.000,17.240,-46.934,2.760,2.934,4.028,-0.190,-0.040,0.194,
18:16:41.330,24.826,20.000,-44.000,17.018,-47.015,2.982,3.015,4.240,0.006,0.312,0.312,
18:16:41.347,24.843,20.000,-44.000,16.532,-47.188,3.468,3.188,4.711,0.124,0.410,0.428,
18:16:41.354,24.850,20.000,-44.000,16.329,-47.259,3.671,3.259,4.909,0.277,0.404,0.490,
18:16:41.370,24.865,20.000,-44.000,15.878,-47.412,4.122,3.412,5.351,0.372,0.351,0.512,
18:16:41.386,24.882,20.000,-46.000,15.399,-47.570,4.601,1.570,4.862,0.214,0.214,0.302,
18:16:41.394,24.890,20.000,-46.000,15.173,-47.642,4.827,1.642,5.099,0.023,-0.038,0.044,
18:16:41.410,24.905,20.000,-46.000,14.713,-47.786,5.287,1.786,5.581,-0.038,-0.213,0.217,
18:16:41.426,24.922,20.000,-46.000,14.234,-47.931,5.766,1.931,6.081,-0.061,-0.421,0.425,
18:16:41.435,24.930,20.000,-46.000,13.982,-48.005,6.018,2.005,6.344,-0.057,-0.674,0.677,
18:16:41.451,24.946,18.000,-46.000,13.519,-48.138,4.481,2.138,4.965,-0.035,-0.618,0.619,
18:16:41.468,24.964,18.000,-46.000,12.994,-48.282,5.006,2.282,5.501,0.007,-0.627,0.627,
18:16:41.487,24.982,18.000,-46.000,12.452,-48.425,5.548,2.425,6.055,0.065,-0.690,0.693,
18:16:41.495,24.990,18.000,-46.000,12.212,-48.486,5.788,2.486,6.300,0.147,-0.779,0.792,
18:16:41.512,25.007,18.000,-48.000,11.702,-48.611,6.298,0.611,6.327,-0.041,-0.881,0.882,
18:16:41.521,25.016,18.000,-48.000,11.445,-48.672,6.555,0.672,6.589,-0.228,-1.004,1.030,
18:16:41.537,25.032,18.000,-48.000,10.963,-48.783,7.037,0.783,7.081,-0.304,-1.120,1.160,
18:16:41.554,25.049,18.000,-48.000,10.452,-48.895,7.548,0.895,7.601,-0.331,-1.248,1.291,
18:16:41.562,25.057,18.000,-48.000,10.211,-48.946,7.789,0.946,7.846,-0.308,-1.381,1.415,
18:16:41.577,25.073,18.000,-48.000,9.751,-49.040,8.249,1.040,8.314,-0.285,-1.493,1.520,
18:16:41.595,25.090,18.000,-48.000,9.219,-49.143,8.781,1.143,8.855,-0.239,-1.609,1.626,
18:16:41.604,25.099,18.000,-48.000,8.961,-49.191,9.039,1.191,9.117,-0.153,-1.711,1.718,
18:16:41.622,25.117,18.000,-48.000,8.422,-49.286,9.578,1.286,9.664,-0.099,-1.811,1.814,
18:16:41.630,25.126,18.000,-48.000,8.155,-49.331,9.845,1.331,9.935,-0.018,-1.892,1.892,
18:16:41.647,25.142,16.000,-46.000,7.667,-49.409,8.333,3.409,9.003,0.278,-1.731,1.753,
18:16:41.656,25.151,16.000,-46.000,7.398,-49.450,8.602,3.450,9.268,0.587,-1.549,1.657,
18:16:41.671,25.166,16.000,-46.000,6.927,-49.518,9.073,3.518,9.731,0.757,-1.492,1.673,
18:16:41.690,25.185,16.000,-46.000,6.357,-49.594,9.643,3.594,10.291,0.870,-1.492,1.727,
18:16:41.707,25.202,14.000,-46.000,5.843,-49.657,8.157,3.657,8.939,0.927,-1.276,1.577,
18:16:41.715,25.211,14.000,-46.000,5.577,-49.688,8.423,3.688,9.195,0.927,-1.105,1.442,
18:16:41.733,25.228,14.000,-46.000,5.056,-49.744,8.944,3.744,9.696,0.933,-1.062,1.413,
18:16:41.741,25.236,14.000,-46.000,4.798,-49.769,9.202,3.769,9.944,0.885,-1.092,1.406,
18:16:41.759,25.254,14.000,-46.000,4.262,-49.818,9.738,3.818,10.460,0.863,-1.142,1.432,
18:16:41.776,25.271,14.000,-48.000,3.728,-49.861,10.272,1.861,10.439,0.573,-1.249,1.375,
18:16:41.786,25.282,14.000,-48.000,3.416,-49.883,10.584,1.883,10.750,0.278,-1.411,1.438,
18:16:41.802,25.298,14.000,-48.000,2.928,-49.914,11.072,1.914,11.236,0.113,-1.539,1.543,
18:16:41.810,25.305,14.000,-48.000,2.697,-49.927,11.303,1.927,11.467,-0.029,-1.716,1.716,
18:16:41.826,25.322,14.000,-48.000,2.197,-49.952,11.803,1.952,11.963,-0.107,-1.832,1.835,
18:16:41.834,25.330,12.000,-48.000,1.965,-49.961,10.035,1.961,10.225,-0.133,-1.597,1.603,
18:16:41.851,25.346,12.000,-48.000,1.451,-49.979,10.549,1.979,10.733,-0.160,-1.537,1.545,
18:16:41.860,25.355,12.000,-48.000,1.190,-49.986,10.810,1.986,10.991,-0.130,-1.494,1.500,
18:16:41.877,25.372,12.000,-48.000,0.664,-49.996,11.336,1.996,11.510,-0.124,-1.515,1.520,
18:16:41.886,25.381,12.000,-48.000,0.389,-49.998,11.611,1.998,11.781,-0.070,-1.578,1.579,
18:16:41.901,25.397,10.000,-48.000,-0.088,-50.000,10.088,2.000,10.284,-0.045,-1.405,1.405,
18:16:41.918,25.413,10.000,-48.000,-0.588,-49.997,10.588,1.997,10.774,-0.013,-1.317,1.317,
18:16:41.936,25.431,10.000,-48.000,-1.157,-49.987,11.157,1.987,11.332,0.020,-1.314,1.314,
18:16:41.943,25.439,10.000,-48.000,-1.374,-49.981,11.374,1.981,11.545,0.082,-1.391,1.394,
18:16:41.958,25.454,12.000,-48.000,-1.836,-49.966,13.836,1.966,13.975,0.103,-1.700,1.703,
18:16:41.975,25.470,12.000,-48.000,-2.344,-49.945,14.344,1.945,14.476,0.120,-1.982,1.986,
18:16:41.982,25.478,12.000,-48.000,-2.562,-49.934,14.562,1.934,14.690,0.145,-2.332,2.336,
18:16:41.997,25.493,12.000,-48.000,-3.025,-49.908,15.025,1.908,15.145,0.151,-2.515,2.520,
18:16:42.016,25.511,6.000,-48.000,-3.597,-49.870,9.597,1.870,9.778,0.152,-1.970,1.976,
18:16:42.024,25.519,6.000,-48.000,-3.821,-49.854,9.821,1.854,9.994,0.154,-1.268,1.277,
18:16:42.041,25.536,6.000,-48.000,-4.344,-49.811,10.344,1.811,10.502,0.148,-1.012,1.023,
18:16:42.057,25.552,6.000,-48.000,-4.835,-49.766,10.835,1.766,10.978,0.139,-0.885,0.895,
18:16:42.066,25.561,6.000,-48.000,-5.107,-49.739,11.107,1.739,11.242,0.128,-0.868,0.878,
18:16:42.084,25.580,4.000,-50.000,-5.673,-49.677,9.673,-0.323,9.679,-0.118,-0.664,0.674,
18:16:42.093,25.588,4.000,-50.000,-5.930,-49.647,9.930,-0.353,9.936,-0.389,-0.572,0.691,
18:16:42.110,25.605,4.000,-50.000,-6.456,-49.581,10.456,-0.419,10.464,-0.526,-0.562,0.770,
18:16:42.127,25.622,4.000,-50.000,-6.972,-49.512,10.972,-0.488,10.983,-0.613,-0.660,0.901,
18:16:42.146,25.641,4.000,-50.000,-7.544,-49.428,11.544,-0.572,11.559,-0.656,-0.827,1.056,
18:16:42.154,25.650,4.000,-50.000,-7.800,-49.388,11.800,-0.612,11.816,-0.638,-1.114,1.284,
18:16:42.172,25.667,4.000,-50.000,-8.326,-49.302,12.326,-0.698,12.345,-0.642,-1.288,1.439,
18:16:42.180,25.676,4.000,-50.000,-8.577,-49.259,12.577,-0.741,12.599,-0.595,-1.535,1.646,
18:16:42.197,25.692,4.000,-50.000,-9.084,-49.168,13.084,-0.832,13.111,-0.581,-1.698,1.794,
18:16:42.215,25.711,-0.000,-50.000,-9.627,-49.065,9.627,-0.935,9.672,-0.558,-1.380,1.489,
18:16:42.224,25.719,-0.000,-50.000,-9.877,-49.015,9.877,-0.985,9.926,-0.504,-1.050,1.165,
18:16:42.239,25.735,-0.000,-50.000,-10.345,-48.918,10.345,-1.082,10.402,-0.483,-0.941,1.058,
18:16:42.257,25.753,-0.000,-50.000,-10.890,-48.800,10.890,-1.200,10.956,-0.467,-0.932,1.042,
18:16:42.276,25.771,-2.000,-50.000,-11.451,-48.671,9.451,-1.329,9.544,-0.455,-0.757,0.883,
18:16:42.284,25.779,-2.000,-50.000,-11.671,-48.619,9.671,-1.381,9.769,-0.438,-0.655,0.788,
18:16:42.299,25.794,-2.000,-50.000,-12.129,-48.507,10.129,-1.493,10.239,-0.434,-0.651,0.782,
18:16:42.316,25.811,-2.000,-50.000,-12.624,-48.380,10.624,-1.620,10.747,-0.437,-0.727,0.848,
18:16:42.323,25.818,-2.000,-50.000,-12.837,-48.324,10.837,-1.676,10.966,-0.444,-0.921,1.022,
18:16:42.341,25.836,-6.000,-48.000,-13.369,-48.179,7.369,0.179,7.372,-0.224,-0.582,0.624,
18:16:42.359,25.854,-6.000,-48.000,-13.891,-48.032,7.891,0.032,7.891,-0.056,-0.386,0.390,
18:16:42.376,25.871,-6.000,-48.000,-14.400,-47.881,8.400,-0.119,8.401,0.045,-0.335,0.338,
18:16:42.383,25.878,-6.000,-48.000,-14.603,-47.820,8.603,-0.180,8.605,0.102,-0.422,0.434,
18:16:42.400,25.895,-8.000,-50.000,-15.099,-47.666,7.099,-2.334,7.473,-0.114,-0.250,0.275,
18:16:42.417,25.913,-8.000,-50.000,-15.606,-47.502,7.606,-2.498,8.006,-0.318,-0.211,0.381,
18:16:42.436,25.931,-8.000,-50.000,-16.143,-47.322,8.143,-2.678,8.572,-0.488,-0.283,0.564,
18:16:42.444,25.939,-8.000,-50.000,-16.371,-47.244,8.371,-2.756,8.813,-0.664,-0.491,0.826,
18:16:42.461,25.956,-10.000,-50.000,-16.872,-47.067,6.872,-2.933,7.472,-0.760,-0.386,0.853,
18:16:42.478,25.973,-10.000,-50.000,-17.361,-46.889,7.361,-3.111,7.991,-0.831,-0.385,0.916,
18:16:42.495,25.991,-10.000,-50.000,-17.860,-46.701,7.860,-3.299,8.524,-0.878,-0.469,0.995,
18:16:42.503,25.998,-10.000,-50.000,-18.081,-46.616,8.081,-3.384,8.761,-0.890,-0.646,1.099,
18:16:42.519,26.015,-12.000,-48.000,-18.540,-46.436,6.540,-1.564,6.724,-0.670,-0.527,0.852,
18:16:42.536,26.031,-12.000,-48.000,-19.009,-46.245,7.009,-1.755,7.226,-0.499,-0.500,0.707,
18:16:42.544,26.039,-12.000,-48.000,-19.222,-46.157,7.222,-1.843,7.454,-0.315,-0.544,0.628,
18:16:42.559,26.054,-12.000,-48.000,-19.649,-45.977,7.649,-2.023,7.912,-0.244,-0.609,0.656,
18:16:42.576,26.071,-14.000,-50.000,-20.127,-45.770,6.127,-4.230,7.446,-0.463,-0.479,0.666,
18:16:42.584,26.079,-14.000,-50.000,-20.345,-45.674,6.345,-4.326,7.680,-0.746,-0.393,0.843,
18:16:42.601,26.097,-14.000,-50.000,-20.843,-45.449,6.843,-4.551,8.218,-0.884,-0.407,0.973,
18:16:42.610,26.105,-14.000,-50.000,-21.076,-45.341,7.076,-4.659,8.472,-1.029,-0.503,1.145,
18:16:42.627,26.123,-14.000,-50.000,-21.560,-45.113,7.560,-4.887,9.002,-1.114,-0.598,1.265,
18:16:42.643,26.139,-16.000,-48.000,-21.998,-44.901,5.998,-3.099,6.752,-0.919,-0.485,1.039,
18:16:42.652,26.148,-16.000,-48.000,-22.242,-44.780,6.242,-3.220,7.024,-0.709,-0.425,0.827,
18:16:42.668,26.164,-16.000,-48.000,-22.680,-44.561,6.680,-3.439,7.513,-0.621,-0.447,0.765,
18:16:42.686,26.181,-16.000,-48.000,-23.166,-44.310,7.166,-3.690,8.060,-0.576,-0.532,0.784,
18:16:42.693,26.188,-16.000,-48.000,-23.355,-44.210,7.355,-3.790,8.274,-0.552,-0.699,0.891,
18:16:42.709,26.205,-18.000,-48.000,-23.792,-43.976,5.792,-4.024,7.053,-0.554,-0.574,0.798,
18:16:42.726,26.221,-18.000,-48.000,-24.248,-43.727,6.248,-4.273,7.569,-0.584,-0.531,0.790,
18:16:42.735,26.230,-18.000,-48.000,-24.453,-43.612,6.453,-4.388,7.804,-0.649,-0.544,0.847,
18:16:42.751,26.246,-18.000,-48.000,-24.886,-43.367,6.886,-4.633,8.299,-0.694,-0.594,0.913,
18:16:42.768,26.263,-18.000,-46.000,-25.315,-43.118,7.315,-2.882,7.862,-0.501,-0.694,0.855,
18:16:42.786,26.281,-18.000,-46.000,-25.791,-42.835,7.791,-3.165,8.409,-0.388,-0.826,0.912,
18:16:42.793,26.288,-18.000,-46.000,-25.974,-42.724,7.974,-3.276,8.620,-0.304,-1.019,1.064,
18:16:42.809,26.304,-18.000,-46.000,-26.391,-42.468,8.391,-3.532,9.104,-0.286,-1.141,1.176,
18:16:42.825,26.320,-20.000,-46.000,-26.817,-42.200,6.817,-3.800,7.804,-0.315,-1.021,1.068,
18:16:42.833,26.328,-20.000,-46.000,-27.009,-42.078,7.009,-3.922,8.032,-0.401,-0.893,0.978,
18:16:42.848,26.344,-20.000,-46.000,-27.410,-41.817,7.410,-4.183,8.509,-0.459,-0.878,0.991,
18:16:42.866,26.361,-20.000,-46.000,-27.862,-41.518,7.862,-4.482,9.050,-0.540,-0.915,1.062,
18:16:42.873,26.368,-20.000,-46.000,-28.041,-41.397,8.041,-4.603,9.265,-0.669,-0.999,1.202,
18:16:42.889,26.384,-22.000,-44.000,-28.434,-41.128,6.434,-2.872,7.046,-0.505,-0.827,0.969,
18:16:42.905,26.400,-22.000,-44.000,-28.844,-40.842,6.844,-3.158,7.538,-0.405,-0.735,0.840,
18:16:42.912,26.407,-22.000,-44.000,-29.020,-40.717,7.020,-3.283,7.750,-0.326,-0.688,0.762,
18:16:42.929,26.425,-22.000,-44.000,-29.451,-40.406,7.451,-3.594,8.272,-0.320,-0.700,0.769,
18:16:42.947,26.442,-24.000,-44.000,-29.887,-40.084,5.887,-3.916,7.071,-0.361,-0.525,0.638,
18:16:42.965,26.460,-24.000,-44.000,-30.326,-39.754,6.326,-4.246,7.619,-0.440,-0.455,0.633,
18:16:42.972,26.467,-24.000,-44.000,-30.493,-39.625,6.493,-4.375,7.829,-0.569,-0.467,0.737,
18:16:42.988,26.483,-24.000,-44.000,-30.884,-39.322,6.884,-4.678,8.323,-0.650,-0.498,0.819,
18:16:43.005,26.500,-24.000,-42.000,-31.293,-38.997,7.293,-3.003,7.887,-0.496,-0.585,0.767,
18:16:43.013,26.508,-24.000,-42.000,-31.474,-38.851,7.474,-3.149,8.110,-0.337,-0.758,0.829,
18:16:43.031,26.526,-24.000,-42.000,-31.901,-38.501,7.901,-3.499,8.642,-0.306,-0.864,0.917,
18:16:43.047,26.542,-24.000,-42.000,-32.279,-38.184,8.279,-3.816,9.116,-0.328,-1.001,1.054,
18:16:43.064,26.559,-28.000,-42.000,-32.683,-37.839,4.683,-4.161,6.265,-0.391,-0.632,0.744,
18:16:43.072,26.567,-28.000,-42.000,-32.852,-37.693,4.852,-4.307,6.488,-0.504,-0.241,0.559,
18:16:43.087,26.582,-28.000,-42.000,-33.206,-37.382,5.206,-4.618,6.959,-0.584,-0.112,0.595,
18:16:43.103,26.599,-28.000,-42.000,-33.584,-37.042,5.584,-4.958,7.467,-0.681,-0.082,0.686,
18:16:43.111,26.606,-28.000,-42.000,-33.746,-36.894,5.746,-5.106,7.687,-0.809,-0.151,0.823,
18:16:43.126,26.621,-28.000,-40.000,-34.089,-36.578,6.089,-3.422,6.985,-0.655,-0.210,0.688,
18:16:43.135,26.630,-28.000,-40.000,-34.283,-36.396,6.283,-3.604,7.243,-0.505,-0.347,0.612,
18:16:43.152,26.647,-28.000,-40.000,-34.659,-36.038,6.659,-3.962,7.749,-0.465,-0.453,0.649,
18:16:43.160,26.655,-28.000,-40.000,-34.841,-35.863,6.841,-4.137,7.995,-0.459,-0.636,0.784,
18:16:43.176,26.671,-28.000,-40.000,-35.180,-35.530,7.180,-4.470,8.458,-0.489,-0.761,0.905,
18:16:43.183,26.679,-28.000,-40.000,-35.346,-35.365,7.346,-4.635,8.686,-0.563,-0.934,1.091,
18:16:43.200,26.695,-28.000,-40.000,-35.706,-35.001,7.706,-4.999,9.186,-0.631,-1.050,1.225,
18:16:43.217,26.713,-28.000,-40.000,-36.070,-34.626,8.070,-5.374,9.696,-0.728,-1.172,1.380,
18:16:43.237,26.732,-28.000,-40.000,-36.489,-34.184,8.489,-5.816,10.291,-0.842,-1.292,1.542,
18:16:43.256,26.751,-28.000,-40.000,-36.892,-33.749,8.892,-6.251,10.869,-0.966,-1.401,1.702,
18:16:43.264,26.760,-28.000,-40.000,-37.061,-33.564,9.061,-6.436,11.114,-1.097,-1.494,1.853,
18:16:43.280,26.776,-28.000,-40.000,-37.387,-33.199,9.387,-6.801,11.592,-1.193,-1.566,1.969,
18:16:43.297,26.792,-30.000,-36.000,-37.714,-32.827,7.714,-3.173,8.341,-0.774,-1.372,1.575,
18:16:43.318,26.814,-30.000,-36.000,-38.153,-32.316,8.153,-3.684,8.947,-0.531,-1.264,1.371,
18:16:43.337,26.832,-30.000,-36.000,-38.515,-31.884,8.515,-4.116,9.457,-0.398,-1.201,1.265,
18:16:43.354,26.850,-34.000,-36.000,-38.859,-31.465,4.859,-4.535,6.647,-0.370,-0.655,0.752,
18:16:43.362,26.857,-34.000,-36.000,-38.997,-31.293,4.997,-4.707,6.865,-0.431,-0.120,0.447,
18:16:43.378,26.873,-34.000,-36.000,-39.302,-30.909,5.302,-5.091,7.351,-0.478,0.083,0.485,
18:16:43.395,26.891,-34.000,-36.000,-39.637,-30.478,5.637,-5.522,7.891,-0.572,0.157,0.593,
18:16:43.404,26.899,-34.000,-36.000,-39.794,-30.273,5.794,-5.727,8.147,-0.737,0.092,0.743,
18:16:43.421,26.917,-36.000,-34.000,-40.116,-29.845,4.116,-4.155,5.848,-0.612,0.282,0.674,
18:16:43.439,26.934,-36.000,-34.000,-40.440,-29.405,4.440,-4.595,6.389,-0.563,0.343,0.660,
18:16:43.459,26.954,-36.000,-34.000,-40.796,-28.909,4.796,-5.091,6.994,-0.589,0.298,0.660,
18:16:43.476,26.971,-34.000,-36.000,-41.094,-28.483,7.094,-7.517,10.336,-0.941,-0.108,0.947,
18:16:43.485,26.981,-34.000,-36.000,-41.255,-28.249,7.255,-7.751,10.616,-1.302,-0.562,1.418,
18:16:43.503,26.998,-34.000,-36.000,-41.553,-27.809,7.553,-8.191,11.142,-1.513,-0.809,1.716,
18:16:43.511,27.006,-34.000,-36.000,-41.683,-27.614,7.683,-8.386,11.373,-1.726,-1.099,2.046,
18:16:43.527,27.022,-34.000,-36.000,-41.953,-27.202,7.953,-8.798,11.859,-1.861,-1.261,2.248,
18:16:43.546,27.042,-36.000,-34.000,-42.279,-26.693,6.279,-7.307,9.634,-1.742,-1.161,2.093,
18:16:43.555,27.050,-36.000,-34.000,-42.421,-26.467,6.421,-7.533,9.898,-1.555,-1.005,1.851,
18:16:43.572,27.068,-36.000,-34.000,-42.701,-26.012,6.701,-7.988,10.427,-1.505,-0.963,1.787,
18:16:43.581,27.076,-36.000,-34.000,-42.830,-25.798,6.830,-8.202,10.673,-1.452,-0.916,1.717,
18:16:43.597,27.092,-36.000,-34.000,-43.089,-25.364,7.089,-8.636,11.173,-1.457,-0.917,1.722,
18:16:43.614,27.109,-38.000,-32.000,-43.352,-24.912,5.352,-7.088,8.882,-1.244,-0.690,1.423,
18:16:43.622,27.117,-38.000,-32.000,-43.465,-24.714,5.465,-7.286,9.107,-1.027,-0.453,1.122,
18:16:43.638,27.133,-38.000,-32.000,-43.704,-24.289,5.704,-7.711,9.591,-0.959,-0.368,1.027,
18:16:43.654,27.149,-38.000,-32.000,-43.947,-23.846,5.947,-8.154,10.092,-0.961,-0.344,1.020,
18:16:43.661,27.157,-38.000,-32.000,-44.051,-23.654,6.051,-8.346,10.309,-1.037,-0.389,1.107,
18:16:43.677,27.172,-38.000,-30.000,-44.277,-23.228,6.277,-6.772,9.234,-0.852,-0.419,0.949,
18:16:43.695,27.190,-38.000,-30.000,-44.528,-22.743,6.528,-7.257,9.761,-0.766,-0.482,0.906,
18:16:43.703,27.199,-38.000,-30.000,-44.644,-22.515,6.644,-7.485,10.008,-0.760,-0.606,0.972,
18:16:43.718,27.214,-38.000,-30.000,-44.851,-22.100,6.851,-7.900,10.457,-0.787,-0.683,1.042,
18:16:43.735,27.230,-40.000,-30.000,-45.069,-21.651,5.069,-8.349,9.767,-0.869,-0.517,1.011,
18:16:43.743,27.238,-40.000,-30.000,-45.173,-21.434,5.173,-8.566,10.007,-1.032,-0.364,1.094,
18:16:43.759,27.255,-40.000,-30.000,-45.391,-20.969,5.391,-9.031,10.518,-1.140,-0.313,1.182,
18:16:43.776,27.271,-40.000,-30.000,-45.596,-20.518,5.596,-9.482,11.010,-1.278,-0.313,1.316,
18:16:43.784,27.279,-40.000,-30.000,-45.694,-20.300,5.694,-9.700,11.247,-1.460,-0.368,1.506,
18:16:43.799,27.294,-40.000,-28.000,-45.882,-19.870,5.882,-8.130,10.034,-1.335,-0.408,1.396,
18:16:43.815,27.310,-40.000,-28.000,-46.074,-19.421,6.074,-8.579,10.512,-1.273,-0.472,1.357,
18:16:43.823,27.318,-40.000,-28.000,-46.168,-19.198,6.168,-8.802,10.748,-1.237,-0.578,1.366,
18:16:43.839,27.334,-40.000,-28.000,-46.351,-18.750,6.351,-9.250,11.220,-1.257,-0.642,1.411,
18:16:43.856,27.351,-42.000,-26.000,-46.542,-18.271,4.542,-7.729,8.965,-1.073,-0.467,1.171,
18:16:43.863,27.358,-42.000,-26.000,-46.622,-18.066,4.622,-7.934,9.183,-0.903,-0.284,0.946,
18:16:43.880,27.375,-42.000,-26.000,-46.806,-17.584,4.806,-8.416,9.692,-0.868,-0.222,0.896,
18:16:43.896,27.392,-42.000,-26.000,-46.984,-17.102,4.984,-8.898,10.199,-0.906,-0.210,0.930,
18:16:43.905,27.400,-42.000,-26.000,-47.071,-16.861,5.071,-9.139,10.452,-1.017,-0.250,1.048,
18:16:43.921,27.416,-44.000,-26.000,-47.233,-16.403,3.233,-9.597,10.127,-1.109,-0.039,1.109,
18:16:43.938,27.433,-44.000,-26.000,-47.405,-15.899,3.405,-10.101,10.660,-1.235,0.087,1.238,
18:16:43.957,27.452,-44.000,-26.000,-47.582,-15.362,3.582,-10.638,11.225,-1.385,0.134,1.392,
18:16:43.964,27.459,-44.000,-26.000,-47.649,-15.153,3.649,-10.847,11.444,-1.589,0.096,1.592,
18:16:43.980,27.475,-44.000,-22.000,-47.796,-14.681,3.796,-7.319,8.245,-1.226,0.075,1.229,
18:16:43.998,27.493,-44.000,-22.000,-47.955,-14.153,3.955,-7.847,8.787,-0.996,0.017,0.996,
18:16:44.018,27.513,-44.000,-22.000,-48.125,-13.564,4.125,-8.436,9.391,-0.894,-0.068,0.897,
18:16:44.037,27.532,-46.000,-22.000,-48.278,-13.008,2.278,-8.992,9.276,-0.900,0.088,0.905,
18:16:44.054,27.550,-46.000,-22.000,-48.419,-12.473,2.419,-9.527,9.829,-0.983,0.165,0.997,
18:16:44.063,27.558,-46.000,-22.000,-48.480,-12.236,2.480,-9.764,10.074,-1.150,0.192,1.166,
18:16:44.080,27.576,-46.000,-22.000,-48.611,-11.701,2.611,-10.299,10.624,-1.257,0.189,1.271,
18:16:44.096,27.591,-46.000,-18.000,-48.722,-11.235,2.722,-6.765,7.292,-0.872,0.145,0.884,
18:16:44.104,27.600,-46.000,-18.000,-48.776,-10.993,2.776,-7.007,7.537,-0.535,0.059,0.539,
18:16:44.121,27.616,-46.000,-18.000,-48.885,-10.500,2.885,-7.500,8.036,-0.425,0.004,0.425,
18:16:44.137,27.632,-46.000,-18.000,-48.985,-10.024,2.985,-7.976,8.516,-0.425,-0.065,0.430,
18:16:44.144,27.640,-46.000,-18.000,-49.030,-9.799,3.030,-8.201,8.743,-0.537,-0.160,0.561,
18:16:44.161,27.656,-50.000,-16.000,-49.126,-9.306,-0.874,-6.694,6.751,-0.387,0.259,0.466,
18:16:44.178,27.673,-50.000,-16.000,-49.221,-8.793,-0.779,-7.207,7.249,-0.352,0.571,0.671,
18:16:44.196,27.691,-50.000,-16.000,-49.315,-8.250,-0.685,-7.750,7.780,-0.417,0.762,0.869,
18:16:44.204,27.699,-50.000,-16.000,-49.355,-8.006,-0.645,-7.994,8.020,-0.596,0.867,1.052,
18:16:44.219,27.714,-46.000,-12.000,-49.427,-7.545,3.427,-4.455,5.621,-0.220,0.404,0.460,
18:16:44.237,27.732,-46.000,-12.000,-49.507,-7.007,3.507,-4.993,6.101,-0.024,0.026,0.036,
18:16:44.257,27.753,-46.000,-12.000,-49.593,-6.370,3.593,-5.630,6.679,0.013,-0.272,0.272,
18:16:44.274,27.770,-50.000,-10.000,-49.656,-5.853,-0.344,-4.147,4.161,0.189,0.038,0.193,
18:16:44.283,27.778,-50.000,-10.000,-49.685,-5.605,-0.315,-4.395,4.406,0.242,0.377,0.448,
18:16:44.300,27.796,-50.000,-10.000,-49.743,-5.061,-0.257,-4.939,4.945,0.211,0.493,0.536,
18:16:44.318,27.813,-50.000,-10.000,-49.794,-4.529,-0.206,-5.471,5.475,0.074,0.559,0.564,
18:16:44.336,27.831,-50.000,-10.000,-49.841,-3.983,-0.159,-6.017,6.019,-0.129,0.579,0.594,
18:16:44.344,27.840,-50.000,-10.000,-49.861,-3.721,-0.139,-6.279,6.280,-0.420,0.560,0.700,
18:16:44.361,27.856,-50.000,-10.000,-49.896,-3.219,-0.104,-6.781,6.782,-0.620,0.537,0.820,
18:16:44.378,27.873,-50.000,-10.000,-49.927,-2.702,-0.073,-7.298,7.298,-0.834,0.494,0.970,
18:16:44.397,27.892,-50.000,-8.000,-49.955,-2.115,-0.045,-5.885,5.885,-0.802,0.440,0.915,
18:16:44.406,27.901,-50.000,-8.000,-49.966,-1.840,-0.034,-6.160,6.160,-0.772,0.361,0.852,
18:16:44.422,27.917,-50.000,-8.000,-49.982,-1.359,-0.018,-6.641,6.641,-0.822,0.310,0.879,
18:16:44.430,27.925,-50.000,-8.000,-49.988,-1.109,-0.012,-6.891,6.891,-0.895,0.249,0.929,
18:16:44.446,27.941,-50.000,-8.000,-49.996,-0.615,-0.004,-7.385,7.385,-0.989,0.208,1.011,
18:16:44.455,27.950,-50.000,-6.000,-49.999,-0.365,-0.001,-5.635,5.635,-0.742,0.165,0.760,
18:16:44.471,27.967,-50.000,-6.000,-50.000,0.147,-0.000,-6.147,6.147,-0.687,0.135,0.700,
18:16:44.489,27.985,-50.000,-6.000,-49.995,0.702,-0.005,-6.702,6.702,-0.702,0.111,0.711,
18:16:44.507,28.002,-50.000,-6.000,-49.985,1.233,-0.015,-7.233,7.233,-0.777,0.093,0.782,
18:16:44.525,28.021,-48.000,-4.000,-49.968,1.802,1.968,-5.802,6.127,-0.641,-0.172,0.664,
18:16:44.533,28.029,-48.000,-4.000,-49.958,2.040,1.958,-6.040,6.350,-0.537,-0.443,0.696,
18:16:44.549,28.045,-48.000,-4.000,-49.936,2.524,1.936,-6.524,6.806,-0.547,-0.562,0.784,
18:16:44.568,28.064,-48.000,-4.000,-49.903,3.110,1.903,-7.110,7.360,-0.626,-0.623,0.883,
18:16:44.587,28.082,-48.000,-4.000,-49.864,3.679,1.864,-7.679,7.903,-0.764,-0.632,0.991,
18:16:44.604,28.100,-48.000,-4.000,-49.822,4.214,1.822,-8.214,8.414,-0.933,-0.602,1.111,
18:16:44.612,28.108,-48.000,-4.000,-49.801,4.459,1.801,-8.459,8.648,-1.142,-0.523,1.256,
18:16:44.630,28.125,-48.000,-4.000,-49.750,4.993,1.750,-8.993,9.162,-1.289,-0.481,1.376,
18:16:44.647,28.142,-50.000,-2.000,-49.696,5.505,-0.304,-7.505,7.512,-1.188,-0.168,1.200,
18:16:44.657,28.152,-50.000,-2.000,-49.661,5.814,-0.339,-7.814,7.821,-1.111,0.137,1.120,
18:16:44.674,28.169,-50.000,-2.000,-49.598,6.324,-0.402,-8.324,8.334,-1.123,0.311,1.165,
18:16:44.681,28.176,-50.000,-2.000,-49.570,6.540,-0.430,-8.540,8.551,-1.165,0.464,1.254,
18:16:44.697,28.192,-50.000,-2.000,-49.506,7.014,-0.494,-9.014,9.028,-1.228,0.551,1.346,
18:16:44.705,28.201,-48.000,-2.000,-49.469,7.270,1.469,-9.270,9.385,-1.325,0.235,1.345,
18:16:44.721,28.217,-48.000,-2.000,-49.394,7.761,1.394,-9.761,9.860,-1.417,0.097,1.420,
18:16:44.731,28.226,-48.000,-2.000,-49.349,8.045,1.349,-10.045,10.135,-1.536,-0.072,1.537,
18:16:44.748,28.243,-48.000,-2.000,-49.263,8.551,1.263,-10.551,10.627,-1.643,-0.148,1.649,
18:16:44.765,28.261,-52.000,-2.000,-49.167,9.088,-2.833,-11.088,11.444,-1.762,0.296,1.787,
18:16:44.772,28.268,-52.000,-2.000,-49.128,9.298,-2.872,-11.298,11.658,-1.900,0.832,2.074,
18:16:44.789,28.284,-52.000,-2.000,-49.030,9.802,-2.970,-11.802,12.170,-1.998,1.062,2.262,
18:16:44.806,28.302,-52.000,-2.000,-48.924,10.318,-3.076,-12.318,12.697,-2.097,1.211,2.422,
18:16:44.814,28.309,-52.000,-2.000,-48.875,10.549,-3.125,-12.549,12.932,-2.192,1.281,2.539,
18:16:44.832,28.328,-48.000,2.000,-48.752,11.099,0.752,-9.099,9.131,-1.815,0.873,2.014,
18:16:44.841,28.336,-48.000,2.000,-48.693,11.357,0.693,-9.357,9.382,-1.378,0.321,1.415,
18:16:44.858,28.353,-48.000,2.000,-48.572,11.862,0.572,-9.862,9.879,-1.201,0.065,1.203,
18:16:44.876,28.372,-48.000,2.000,-48.437,12.406,0.437,-10.406,10.415,-1.129,-0.117,1.135,
18:16:44.884,28.379,-48.000,2.000,-48.379,12.629,0.379,-10.629,10.636,-1.155,-0.266,1.186,
18:16:44.900,28.395,-48.000,4.000,-48.253,13.102,0.253,-9.102,9.106,-0.943,-0.331,0.999,
18:16:44.917,28.413,-48.000,4.000,-48.109,13.620,0.109,-9.620,9.620,-0.852,-0.341,0.917,
18:16:44.937,28.432,-48.000,4.000,-47.944,14.191,-0.056,-10.191,10.191,-0.870,-0.305,0.922,
18:16:44.958,28.453,-50.000,4.000,-47.755,14.815,-2.245,-10.815,11.046,-0.977,0.012,0.977,
18:16:44.976,28.471,-50.000,4.000,-47.590,15.336,-2.410,-11.336,11.589,-1.147,0.290,1.183,
18:16:44.984,28.480,-50.000,4.000,-47.509,15.585,-2.491,-11.585,11.849,-1.382,0.553,1.489,
18:16:45.000,28.495,-50.000,4.000,-47.360,16.033,-2.640,-12.033,12.319,-1.526,0.696,1.678,
18:16:45.017,28.512,-48.000,6.000,-47.191,16.522,-0.809,-10.522,10.553,-1.426,0.548,1.528,
18:16:45.024,28.520,-48.000,6.000,-47.114,16.742,-0.886,-10.742,10.779,-1.344,0.333,1.385,
18:16:45.040,28.536,-48.000,6.000,-46.946,17.207,-1.054,-11.207,11.257,-1.347,0.267,1.373,
18:16:45.057,28.553,-48.000,6.000,-46.765,17.694,-1.235,-11.694,11.759,-1.402,0.228,1.420,
18:16:45.075,28.570,-50.000,8.000,-46.569,18.202,-3.431,-10.202,10.763,-1.244,0.472,1.331,
18:16:45.082,28.578,-50.000,8.000,-46.488,18.408,-3.512,-10.408,10.985,-1.111,0.754,1.343,
18:16:45.099,28.595,-50.000,8.000,-46.292,18.896,-3.708,-10.896,11.510,-1.095,0.890,1.411,
18:16:45.117,28.612,-50.000,8.000,-46.090,19.384,-3.910,-11.384,12.037,-1.147,0.991,1.516,
18:16:45.135,28.631,-46.000,10.000,-45.864,19.911,-0.136,-9.911,9.912,-1.002,0.562,1.149,
18:16:45.143,28.638,-46.000,10.000,-45.777,20.112,-0.223,-10.112,10.114,-0.905,0.013,0.905,
18:16:45.159,28.654,-46.000,10.000,-45.576,20.562,-0.424,-10.562,10.570,-0.900,-0.184,0.919,
18:16:45.178,28.674,-46.000,10.000,-45.323,21.114,-0.677,-11.114,11.134,-0.968,-0.285,1.009,
18:16:45.196,28.691,-46.000,12.000,-45.095,21.598,-0.905,-9.598,9.640,-0.840,-0.305,0.894,
18:16:45.204,28.700,-46.000,12.000,-44.985,21.826,-1.015,-9.826,9.878,-0.781,-0.250,0.820,
18:16:45.220,28.715,-46.000,12.000,-44.773,22.257,-1.227,-10.257,10.331,-0.795,-0.205,0.821,
18:16:45.236,28.732,-46.000,12.000,-44.545,22.711,-1.455,-10.711,10.809,-0.875,-0.124,0.884,
18:16:45.246,28.741,-46.000,12.000,-44.416,22.961,-1.584,-10.961,11.075,-1.026,0.005,1.027,
18:16:45.263,28.758,-46.000,12.000,-44.177,23.418,-1.823,-11.418,11.562,-1.147,0.100,1.151,
18:16:45.270,28.765,-46.000,12.000,-44.069,23.620,-1.931,-11.620,11.779,-1.340,0.237,1.361,
18:16:45.286,28.782,-46.000,12.000,-43.834,24.054,-2.166,-12.054,12.248,-1.465,0.327,1.501,
18:16:45.294,28.789,-46.000,12.000,-43.723,24.255,-2.277,-12.255,12.465,-1.637,0.438,1.695,
18:16:45.310,28.805,-46.000,12.000,-43.479,24.690,-2.521,-12.690,12.938,-1.754,0.520,1.829,
18:16:45.326,28.821,-48.000,18.000,-43.242,25.103,-4.758,-7.103,8.550,-1.115,0.855,1.405,
18:16:45.335,28.830,-48.000,18.000,-43.102,25.342,-4.898,-7.342,8.826,-0.504,1.174,1.278,
18:16:45.352,28.847,-48.000,18.000,-42.831,25.797,-5.169,-7.797,9.355,-0.241,1.363,1.384,
18:16:45.361,28.856,-48.000,18.000,-42.697,26.018,-5.303,-8.018,9.613,-0.083,1.501,1.503,
18:16:45.378,28.873,-48.000,18.000,-42.418,26.471,-5.582,-8.471,10.145,-0.042,1.598,1.598,
18:16:45.395,28.890,-46.000,20.000,-42.137,26.916,-3.863,-6.916,7.922,0.130,1.398,1.404,
18:16:45.404,28.900,-46.000,20.000,-41.985,27.152,-4.015,-7.152,8.202,0.167,1.137,1.149,
18:16:45.422,28.917,-46.000,20.000,-41.690,27.603,-4.310,-7.603,8.739,0.139,1.033,1.042,
18:16:45.430,28.926,-46.000,20.000,-41.547,27.819,-4.453,-7.819,8.998,-0.042,0.908,0.909,
18:16:45.448,28.943,-46.000,20.000,-41.249,28.258,-4.751,-8.258,9.527,-0.171,0.868,0.885,
18:16:45.467,28.962,-48.000,22.000,-40.912,28.744,-7.088,-6.744,9.784,-0.123,1.102,1.109,
18:16:45.486,28.981,-48.000,22.000,-40.568,29.227,-7.432,-7.227,10.366,-0.177,1.305,1.317,
18:16:45.494,28.989,-48.000,22.000,-40.430,29.418,-7.570,-7.418,10.598,-0.333,1.515,1.551,
18:16:45.511,29.006,-48.000,22.000,-40.120,29.839,-7.880,-7.839,11.115,-0.448,1.623,1.684,
18:16:45.527,29.022,-46.000,20.000,-39.836,30.217,-6.164,-10.217,11.933,-0.868,1.438,1.679,
18:16:45.535,29.030,-46.000,20.000,-39.682,30.420,-6.318,-10.420,12.186,-1.323,1.230,1.807,
18:16:45.551,29.046,-46.000,20.000,-39.386,30.802,-6.614,-10.802,12.666,-1.588,1.151,1.961,
18:16:45.569,29.064,-46.000,20.000,-39.035,31.245,-6.965,-11.245,13.227,-1.808,1.115,2.124,
18:16:45.586,29.081,-44.000,26.000,-38.715,31.641,-5.285,-5.641,7.730,-1.192,0.850,1.465,
18:16:45.595,29.090,-44.000,26.000,-38.541,31.853,-5.459,-5.853,8.003,-0.569,0.628,0.847,
18:16:45.614,29.110,-44.000,26.000,-38.152,32.318,-5.848,-6.318,8.609,-0.338,0.549,0.644,
18:16:45.623,29.118,-44.000,26.000,-37.984,32.515,-6.016,-6.515,8.868,-0.161,0.546,0.569,
18:16:45.639,29.134,-44.000,26.000,-37.668,32.881,-6.332,-6.881,9.351,-0.114,0.564,0.575,
18:16:45.657,29.153,-44.000,26.000,-37.290,33.309,-6.710,-7.309,9.922,-0.154,0.629,0.648,
18:16:45.678,29.173,-44.000,26.000,-36.869,33.774,-7.131,-7.774,10.549,-0.272,0.737,0.786,
18:16:45.696,29.191,-44.000,26.000,-36.483,34.190,-7.517,-8.190,11.116,-0.447,0.872,0.980,
18:16:45.705,29.201,-44.000,26.000,-36.291,34.394,-7.709,-8.394,11.397,-0.683,1.037,1.242,
18:16:45.723,29.218,-40.000,28.000,-35.910,34.792,-4.090,-6.792,7.928,-0.594,0.663,0.890,
18:16:45.731,29.226,-40.000,28.000,-35.750,34.956,-4.250,-6.956,8.151,-0.524,0.246,0.579,
18:16:45.747,29.243,-40.000,28.000,-35.394,35.316,-4.606,-7.316,8.645,-0.536,0.102,0.546,
18:16:45.765,29.260,-40.000,28.000,-35.017,35.690,-4.983,-7.690,9.163,-0.600,0.060,0.603,
18:16:45.772,29.267,-40.000,28.000,-34.863,35.841,-5.137,-7.841,9.374,-0.724,0.119,0.734,
18:16:45.788,29.283,-42.000,32.000,-34.500,36.191,-7.500,-4.191,8.591,-0.336,0.409,0.529,
18:16:45.806,29.301,-42.000,32.000,-34.107,36.561,-7.893,-4.561,9.116,-0.081,0.703,0.708,
18:16:45.814,29.309,-42.000,32.000,-33.926,36.729,-8.074,-4.729,9.357,0.105,1.065,1.070,
18:16:45.831,29.327,-42.000,32.000,-33.534,37.087,-8.466,-5.087,9.877,0.157,1.272,1.281,
18:16:45.847,29.342,-38.000,32.000,-33.181,37.403,-4.819,-5.403,7.240,0.111,0.931,0.937,
18:16:45.864,29.359,-38.000,32.000,-32.780,37.755,-5.220,-5.755,7.770,0.005,0.719,0.719,
18:16:45.873,29.368,-38.000,32.000,-32.586,37.923,-5.414,-5.923,8.025,-0.198,0.525,0.561,
18:16:45.891,29.386,-38.000,32.000,-32.153,38.291,-5.847,-6.291,8.588,-0.326,0.482,0.582,
18:16:45.907,29.403,-38.000,34.000,-31.771,38.608,-6.229,-4.608,7.749,-0.229,0.509,0.558,
18:16:45.925,29.420,-38.000,34.000,-31.343,38.956,-6.657,-4.956,8.299,-0.213,0.587,0.625,
18:16:45.932,29.428,-38.000,34.000,-31.173,39.093,-6.827,-5.093,8.518,-0.250,0.738,0.779,
18:16:45.948,29.443,-38.000,34.000,-30.808,39.381,-7.192,-5.381,8.982,-0.300,0.835,0.887,
18:16:45.964,29.459,-34.000,34.000,-30.411,39.689,-3.589,-5.689,6.726,-0.385,0.453,0.595,
18:16:45.971,29.467,-34.000,34.000,-30.237,39.821,-3.763,-5.821,6.931,-0.523,0.046,0.525,
18:16:45.986,29.481,-34.000,34.000,-29.873,40.095,-4.127,-6.095,7.361,-0.616,-0.092,0.623,
18:16:45.994,29.489,-34.000,34.000,-29.694,40.227,-4.306,-6.227,7.571,-0.742,-0.153,0.757,
18:16:46.010,29.506,-34.000,34.000,-29.279,40.530,-4.721,-6.530,8.058,-0.831,-0.143,0.843,
18:16:46.027,29.522,-34.000,36.000,-28.872,40.822,-5.128,-4.822,7.039,-0.680,-0.045,0.681,
18:16:46.036,29.531,-34.000,36.000,-28.646,40.980,-5.354,-4.980,7.312,-0.534,0.143,0.553,
18:16:46.054,29.549,-34.000,36.000,-28.182,41.301,-5.818,-5.301,7.871,-0.497,0.288,0.574,
18:16:46.062,29.558,-34.000,36.000,-27.971,41.444,-6.029,-5.444,8.123,-0.493,0.518,0.715,
18:16:46.078,29.573,-34.000,36.000,-27.571,41.711,-6.429,-5.711,8.600,-0.517,0.678,0.853,
18:16:46.095,29.590,-32.000,38.000,-27.142,41.992,-4.858,-3.992,6.287,-0.324,0.601,0.682,
18:16:46.102,29.598,-32.000,38.000,-26.951,42.115,-5.049,-4.115,6.513,-0.145,0.523,0.543,
18:16:46.118,29.613,-32.000,38.000,-26.554,42.366,-5.446,-4.366,6.980,-0.090,0.541,0.549,
18:16:46.136,29.631,-32.000,38.000,-26.084,42.657,-5.916,-4.657,7.529,-0.098,0.610,0.618,
18:16:46.144,29.639,-32.000,38.000,-25.875,42.784,-6.125,-4.784,7.772,-0.185,0.718,0.742,
18:16:46.161,29.656,-30.000,38.000,-25.425,43.053,-4.575,-5.053,6.817,-0.247,0.584,0.633,
18:16:46.177,29.673,-30.000,38.000,-24.986,43.310,-5.014,-5.310,7.303,-0.344,0.521,0.624,
18:16:46.196,29.691,-30.000,38.000,-24.499,43.587,-5.501,-5.587,7.841,-0.455,0.536,0.703,
18:16:46.203,29.699,-30.000,38.000,-24.300,43.698,-5.700,-5.698,8.060,-0.614,0.606,0.863,
18:16:46.220,29.716,-30.000,40.000,-23.837,43.952,-6.163,-3.952,7.321,-0.468,0.682,0.827,
18:16:46.236,29.732,-30.000,40.000,-23.404,44.184,-6.596,-4.184,7.811,-0.374,0.796,0.880,
18:16:46.244,29.740,-30.000,40.000,-23.192,44.296,-6.808,-4.296,8.050,-0.309,0.950,0.999,
18:16:46.260,29.756,-30.000,40.000,-22.756,44.522,-7.244,-4.522,8.540,-0.300,1.065,1.107,
18:16:46.276,29.771,-30.000,40.000,-22.325,44.739,-7.675,-4.739,9.020,-0.331,1.194,1.239,
18:16:46.284,29.779,-30.000,40.000,-22.108,44.847,-7.892,-4.847,9.262,-0.404,1.335,1.395,
18:16:46.300,29.795,-30.000,40.000,-21.674,45.058,-8.326,-5.058,9.743,-0.457,1.446,1.516,
18:16:46.316,29.812,-30.000,40.000,-21.223,45.272,-8.777,-5.272,10.239,-0.527,1.557,1.644,
18:16:46.324,29.819,-30.000,40.000,-21.009,45.372,-8.991,-5.372,10.473,-0.627,1.663,1.778,
18:16:46.341,29.837,-26.000,42.000,-20.525,45.593,-5.475,-3.593,6.549,-0.459,1.292,1.371,
18:16:46.351,29.846,-26.000,42.000,-20.268,45.708,-5.732,-3.708,6.826,-0.294,0.882,0.930,
18:16:46.367,29.862,-26.000,42.000,-19.817,45.905,-6.183,-3.905,7.313,-0.227,0.709,0.744,
18:16:46.386,29.881,-26.000,42.000,-19.268,46.138,-6.732,-4.138,7.902,-0.213,0.646,0.680,
18:16:46.393,29.889,-26.000,42.000,-19.067,46.222,-6.933,-4.222,8.117,-0.260,0.672,0.721,
18:16:46.409,29.905,-28.000,44.000,-18.616,46.405,-9.384,-2.405,9.688,-0.046,0.955,0.956,
18:16:46.426,29.921,-28.000,44.000,-18.140,46.593,-9.860,-2.593,10.195,0.083,1.237,1.239,
18:16:46.435,29.930,-28.000,44.000,-17.888,46.691,-10.112,-2.691,10.464,0.149,1.562,1.569,
18:16:46.451,29.947,-28.000,44.000,-17.417,46.868,-10.583,-2.868,10.965,0.167,1.763,1.771,
18:16:46.471,29.966,-28.000,42.000,-16.852,47.074,-11.148,-5.074,12.248,-0.105,1.945,1.948,
18:16:46.490,29.985,-28.000,42.000,-16.296,47.270,-11.704,-5.270,12.835,-0.366,2.101,2.133,
18:16:46.507,30.002,-28.000,42.000,-15.805,47.436,-12.195,-5.436,13.352,-0.585,2.225,2.300,
18:16:46.525,30.020,-26.000,42.000,-15.276,47.609,-10.724,-5.609,12.103,-0.747,2.065,2.196,
18:16:46.533,30.029,-26.000,42.000,-15.031,47.687,-10.969,-5.687,12.356,-0.881,1.870,2.067,
18:16:46.550,30.046,-26.000,42.000,-14.536,47.840,-11.464,-5.840,12.866,-0.965,1.824,2.063,
18:16:46.567,30.062,-26.000,42.000,-14.038,47.989,-11.962,-5.989,13.378,-1.020,1.819,2.086,
18:16:46.586,30.082,-24.000,42.000,-13.468,48.152,-10.532,-6.152,12.197,-1.053,1.610,1.924,
18:16:46.594,30.090,-24.000,42.000,-13.231,48.218,-10.769,-6.218,12.435,-1.042,1.414,1.756,
18:16:46.613,30.109,-24.000,42.000,-12.671,48.368,-11.329,-6.368,12.996,-1.054,1.364,1.724,
18:16:46.621,30.116,-24.000,42.000,-12.447,48.426,-11.553,-6.426,13.220,-1.030,1.393,1.732,
18:16:46.638,30.133,-24.000,42.000,-11.951,48.551,-12.049,-6.551,13.714,-1.028,1.429,1.760,
18:16:46.657,30.152,-22.000,42.000,-11.384,48.687,-10.616,-6.687,12.546,-1.022,1.280,1.638,
18:16:46.675,30.171,-22.000,42.000,-10.817,48.816,-11.183,-6.816,13.096,-1.012,1.235,1.596,
18:16:46.684,30.179,-22.000,42.000,-10.562,48.872,-11.438,-6.872,13.343,-0.996,1.278,1.621,
18:16:46.700,30.196,-22.000,42.000,-10.077,48.974,-11.923,-6.974,13.812,-0.986,1.329,1.655,
18:16:46.717,30.212,-22.000,44.000,-9.571,49.075,-12.429,-5.075,13.426,-0.725,1.431,1.604,
18:16:46.736,30.231,-22.000,44.000,-9.003,49.183,-12.997,-5.183,13.992,-0.541,1.569,1.660,
18:16:46.743,30.238,-22.000,44.000,-8.788,49.222,-13.212,-5.222,14.206,-0.382,1.789,1.830,
18:16:46.760,30.255,-22.000,44.000,-8.293,49.307,-13.707,-5.307,14.699,-0.302,1.912,1.935,
18:16:46.777,30.272,-18.000,46.000,-7.768,49.393,-10.232,-3.393,10.780,-0.023,1.550,1.550,
18:16:46.785,30.280,-18.000,46.000,-7.525,49.431,-10.475,-3.431,11.023,0.207,1.180,1.198,
18:16:46.800,30.296,-18.000,46.000,-7.057,49.500,-10.943,-3.500,11.489,0.320,1.047,1.095,
18:16:46.818,30.314,-18.000,46.000,-6.517,49.573,-11.483,-3.573,12.026,0.361,1.020,1.082,
18:16:46.836,30.332,-16.000,46.000,-5.971,49.642,-10.029,-3.642,10.670,0.336,0.831,0.896,
18:16:46.845,30.340,-16.000,46.000,-5.708,49.673,-10.292,-3.673,10.927,0.219,0.738,0.770,
18:16:46.862,30.357,-16.000,46.000,-5.193,49.730,-10.807,-3.730,11.432,0.164,0.736,0.754,
18:16:46.870,30.366,-16.000,46.000,-4.936,49.756,-11.064,-3.756,11.684,0.042,0.851,0.852,
18:16:46.886,30.381,-16.000,46.000,-4.460,49.801,-11.540,-3.801,12.150,-0.022,0.947,0.947,
18:16:46.894,30.389,-12.000,48.000,-4.233,49.820,-7.767,-1.820,7.977,0.253,0.377,0.454,
18:16:46.910,30.405,-12.000,48.000,-3.732,49.861,-8.268,-1.861,8.475,0.364,0.176,0.405,
18:16:46.928,30.423,-12.000,48.000,-3.193,49.898,-8.807,-1.898,9.009,0.424,0.115,0.439,
18:16:46.945,30.441,-12.000,48.000,-2.651,49.930,-9.349,-1.930,9.547,0.433,0.181,0.469,
18:16:46.954,30.449,-12.000,48.000,-2.390,49.943,-9.610,-1.943,9.804,0.389,0.380,0.544,
18:16:46.970,30.465,-12.000,48.000,-1.897,49.964,-10.103,-1.964,10.293,0.359,0.529,0.639,
18:16:46.986,30.482,-12.000,48.000,-1.393,49.981,-10.607,-1.981,10.790,0.309,0.728,0.791,
18:16:46.994,30.490,-12.000,48.000,-1.154,49.987,-10.846,-1.987,11.026,0.222,1.014,1.038,
18:16:47.010,30.505,-10.000,50.000,-0.682,49.995,-9.318,0.005,9.318,0.419,0.956,1.043,
18:16:47.026,30.521,-10.000,50.000,-0.183,50.000,-9.817,0.000,9.817,0.553,0.968,1.115,
18:16:47.034,30.529,-10.000,50.000,0.060,50.000,-10.060,0.000,10.060,0.654,1.027,1.218,
18:16:47.050,30.545,-10.000,50.000,0.551,49.997,-10.551,0.003,10.551,0.695,1.110,1.310,
18:16:47.067,30.563,-6.000,50.000,1.083,49.988,-7.083,0.012,7.083,0.695,0.745,1.019,
18:16:47.086,30.581,-6.000,50.000,1.645,49.973,-7.645,0.027,7.646,0.663,0.536,0.853,
18:16:47.094,30.589,-6.000,50.000,1.893,49.964,-7.893,0.036,7.893,0.580,0.406,0.707,
18:16:47.112,30.607,-6.000,50.000,2.432,49.941,-8.432,0.059,8.433,0.537,0.399,0.669,
18:16:47.121,30.616,-6.000,50.000,2.703,49.927,-8.703,0.073,8.703,0.462,0.505,0.684,
18:16:47.137,30.633,-2.000,52.000,3.216,49.896,-5.216,2.104,5.624,0.656,0.131,0.669,
18:16:47.158,30.653,-2.000,52.000,3.847,49.852,-5.847,2.148,6.229,0.788,-0.053,0.790,
18:16:47.176,30.672,-2.000,52.000,4.412,49.805,-6.412,2.195,6.778,0.862,-0.070,0.865,
18:16:47.184,30.680,-2.000,52.000,4.653,49.783,-6.653,2.217,7.012,0.888,0.068,0.891,
18:16:47.200,30.695,-2.000,52.000,5.134,49.736,-7.134,2.264,7.484,0.896,0.174,0.913,
18:16:47.217,30.713,-2.000,52.000,5.661,49.678,-7.661,2.322,8.005,0.880,0.344,0.945,
18:16:47.236,30.731,-2.000,52.000,6.236,49.610,-8.236,2.390,8.576,0.846,0.561,1.015,
18:16:47.245,30.740,-2.000,52.000,6.496,49.576,-8.496,2.424,8.835,0.777,0.860,1.159,
18:16:47.261,30.756,0.000,52.000,6.981,49.510,-6.981,2.490,7.412,0.738,0.809,1.095,
18:16:47.278,30.773,0.000,52.000,7.504,49.434,-7.504,2.566,7.931,0.700,0.827,1.083,
18:16:47.298,30.794,0.000,52.000,8.119,49.336,-8.119,2.664,8.544,0.667,0.908,1.126,
18:16:47.317,30.812,2.000,52.000,8.673,49.242,-6.673,2.758,7.221,0.637,0.770,1.000,
18:16:47.325,30.821,2.000,52.000,8.932,49.196,-6.932,2.804,7.477,0.611,0.668,0.905,
18:16:47.341,30.837,2.000,52.000,9.420,49.105,-7.420,2.895,7.965,0.593,0.679,0.902,
18:16:47.358,30.853,2.000,52.000,9.924,49.005,-7.924,2.995,8.471,0.584,0.753,0.953,
18:16:47.377,30.872,6.000,50.000,10.485,48.888,-4.485,1.112,4.621,0.333,0.378,0.504,
18:16:47.394,30.889,6.000,50.000,10.999,48.775,-4.999,1.225,5.146,0.155,0.165,0.226,
18:16:47.402,30.897,6.000,50.000,11.239,48.721,-5.239,1.279,5.393,0.018,0.051,0.054,
18:16:47.418,30.913,6.000,50.000,11.703,48.611,-5.703,1.389,5.869,-0.046,0.046,0.065,
18:16:47.435,30.931,4.000,48.000,12.228,48.482,-8.228,-0.482,8.242,-0.308,0.378,0.488,
18:16:47.444,30.939,4.000,48.000,12.487,48.416,-8.487,-0.416,8.497,-0.517,0.830,0.978,
18:16:47.462,30.957,4.000,48.000,13.008,48.278,-9.008,-0.278,9.012,-0.608,1.097,1.254,
18:16:47.471,30.966,4.000,48.000,13.274,48.206,-9.274,-0.206,9.276,-0.609,1.406,1.532,
18:16:47.488,30.984,4.000,48.000,13.792,48.060,-9.792,-0.060,9.792,-0.597,1.613,1.720,
18:16:47.511,31.006,6.000,48.000,14.453,47.866,-8.453,0.134,8.454,-0.532,1.577,1.664,
18:16:47.521,31.016,6.000,48.000,14.754,47.774,-8.754,0.226,8.757,-0.380,1.502,1.549,
18:16:47.540,31.035,6.000,48.000,15.300,47.602,-9.300,0.398,9.308,-0.278,1.519,1.544,
18:16:47.559,31.054,6.000,48.000,15.868,47.415,-9.868,0.585,9.885,-0.163,1.568,1.577,
18:16:47.579,31.075,12.000,48.000,16.463,47.212,-4.463,0.788,4.532,-0.045,0.893,0.894,
18:16:47.597,31.092,12.000,48.000,16.964,47.034,-4.964,0.966,5.057,0.066,0.434,0.439,
18:16:47.618,31.113,12.000,48.000,17.578,46.808,-5.578,1.192,5.704,0.166,0.224,0.279,
18:16:47.640,31.135,10.000,48.000,18.211,46.566,-8.211,1.434,8.335,0.255,0.445,0.513,
18:16:47.658,31.153,10.000,48.000,18.727,46.361,-8.727,1.639,8.879,0.329,0.726,0.797,
18:16:47.676,31.171,10.000,48.000,19.231,46.154,-9.231,1.846,9.414,0.392,0.990,1.065,
18:16:47.686,31.182,10.000,48.000,19.516,46.034,-9.516,1.966,9.717,0.435,1.277,1.349,
18:16:47.703,31.198,10.000,48.000,19.979,45.835,-9.979,2.165,10.211,0.485,1.466,1.544,
18:16:47.711,31.206,10.000,48.000,20.201,45.737,-10.201,2.263,10.449,0.514,1.677,1.754,
18:16:47.727,31.223,10.000,48.000,20.666,45.529,-10.666,2.471,10.948,0.558,1.816,1.900,
18:16:47.745,31.240,10.000,48.000,21.146,45.308,-11.146,2.692,11.467,0.599,1.945,2.035,
18:16:47.753,31.248,10.000,48.000,21.373,45.202,-11.373,2.798,11.712,0.622,2.058,2.150,
18:16:47.769,31.264,16.000,48.000,21.819,44.988,-5.819,3.012,6.553,0.659,1.416,1.562,
18:16:47.787,31.282,16.000,48.000,22.314,44.745,-6.314,3.255,7.104,0.697,0.954,1.181,
18:16:47.805,31.301,16.000,48.000,22.820,44.489,-6.820,3.511,7.671,0.736,0.666,0.992,
18:16:47.816,31.311,16.000,48.000,23.101,44.344,-7.101,3.656,7.987,0.764,0.505,0.916,
18:16:47.832,31.328,16.000,46.000,23.544,44.110,-7.544,1.890,7.777,0.547,0.453,0.711,
18:16:47.841,31.336,16.000,46.000,23.770,43.988,-7.770,2.012,8.026,0.319,0.531,0.620,
18:16:47.859,31.354,16.000,46.000,24.257,43.722,-8.257,2.278,8.566,0.239,0.588,0.635,
18:16:47.877,31.372,16.000,46.000,24.733,43.454,-8.733,2.546,9.097,0.213,0.725,0.755,
18:16:47.886,31.381,18.000,48.000,24.970,43.319,-6.970,4.681,8.396,0.599,0.592,0.842,
18:16:47.903,31.398,18.000,48.000,25.424,43.054,-7.424,4.946,8.921,0.799,0.570,0.981,
18:16:47.911,31.406,18.000,48.000,25.646,42.922,-7.646,5.078,9.179,1.028,0.630,1.205,
18:16:47.927,31.423,18.000,48.000,26.076,42.662,-8.076,5.338,9.680,1.158,0.696,1.351,
18:16:47.946,31.442,18.000,48.000,26.570,42.356,-8.570,5.644,10.261,1.264,0.813,1.503,
18:16:47.965,31.461,18.000,48.000,27.059,42.046,-9.059,5.954,10.840,1.345,0.968,1.657,
18:16:47.974,31.469,18.000,48.000,27.272,41.907,-9.272,6.093,11.095,1.388,1.174,1.818,
18:16:47.991,31.486,18.000,48.000,27.708,41.621,-9.708,6.379,11.616,1.432,1.308,1.939,
18:16:48.007,31.503,20.000,46.000,28.137,41.331,-8.137,4.669,9.381,1.206,1.191,1.695,
18:16:48.028,31.523,20.000,46.000,28.664,40.968,-8.664,5.032,10.019,1.061,1.153,1.567,
18:16:48.047,31.542,20.000,46.000,29.134,40.635,-9.134,5.365,10.593,0.968,1.168,1.517,
18:16:48.056,31.552,20.000,46.000,29.363,40.470,-9.363,5.530,10.874,0.908,1.218,1.519,
18:16:48.072,31.568,22.000,44.000,29.763,40.176,-7.763,3.824,8.654,0.639,1.022,1.206,
18:16:48.080,31.575,22.000,44.000,29.947,40.040,-7.947,3.960,8.879,0.391,0.842,0.928,
18:16:48.097,31.593,22.000,44.000,30.367,39.722,-8.367,4.278,9.397,0.296,0.795,0.849,
18:16:48.115,31.610,22.000,44.000,30.799,39.388,-8.799,4.612,9.934,0.282,0.819,0.866,
18:16:48.125,31.620,22.000,44.000,31.026,39.210,-9.026,4.790,10.218,0.350,0.910,0.975,
18:16:48.141,31.636,26.000,44.000,31.410,38.902,-5.410,5.098,7.433,0.410,0.493,0.642,
18:16:48.158,31.653,26.000,44.000,31.818,38.570,-5.818,5.430,7.959,0.507,0.237,0.560,
18:16:48.176,31.671,26.000,44.000,32.252,38.207,-6.252,5.793,8.523,0.629,0.128,0.642,
18:16:48.184,31.679,26.000,44.000,32.426,38.060,-6.426,5.940,8.751,0.809,0.152,0.824,
18:16:48.199,31.694,26.000,40.000,32.781,37.755,-6.781,2.245,7.143,0.413,0.182,0.451,
18:16:48.216,31.711,26.000,40.000,33.178,37.406,-7.178,2.594,7.632,0.158,0.278,0.320,
18:16:48.225,31.720,26.000,40.000,33.372,37.233,-7.372,2.767,7.874,-0.043,0.484,0.486,
18:16:48.241,31.736,26.000,40.000,33.737,36.903,-7.737,3.097,8.334,-0.109,0.615,0.625,
18:16:48.258,31.753,30.000,42.000,34.121,36.548,-4.121,5.452,6.834,0.162,0.276,0.320,
18:16:48.275,31.770,30.000,42.000,34.497,36.193,-4.497,5.807,7.344,0.439,0.075,0.446,
18:16:48.282,31.777,30.000,42.000,34.653,36.044,-4.653,5.956,7.558,0.800,-0.053,0.802,
18:16:48.298,31.794,30.000,42.000,35.017,35.690,-5.017,6.310,8.062,0.985,-0.076,0.988,
18:16:48.319,31.814,30.000,42.000,35.463,35.247,-5.463,6.753,8.686,1.156,-0.013,1.156,
18:16:48.337,31.832,30.000,42.000,35.853,34.851,-5.853,7.149,9.240,1.305,0.130,1.312,
18:16:48.356,31.852,30.000,42.000,36.269,34.418,-6.269,7.582,9.838,1.429,0.302,1.461,
18:16:48.365,31.860,30.000,42.000,36.439,34.237,-6.439,7.763,10.086,1.513,0.543,1.608,
18:16:48.380,31.876,32.000,38.000,36.770,33.881,-4.770,4.119,6.302,1.088,0.439,1.173,
18:16:48.397,31.892,32.000,38.000,37.103,33.517,-5.103,4.483,6.792,0.779,0.401,0.877,
18:16:48.406,31.901,32.000,38.000,37.289,33.310,-5.289,4.690,7.069,0.509,0.402,0.648,
18:16:48.424,31.919,32.000,38.000,37.659,32.891,-5.659,5.109,7.624,0.412,0.446,0.607,
18:16:48.432,31.927,32.000,38.000,37.810,32.717,-5.810,5.283,7.853,0.385,0.540,0.663,
18:16:48.448,31.943,34.000,38.000,38.129,32.345,-4.129,5.655,7.002,0.398,0.376,0.548,
18:16:48.466,31.962,34.000,38.000,38.502,31.900,-4.502,6.100,7.582,0.472,0.297,0.558,
18:16:48.485,31.980,34.000,38.000,38.865,31.456,-4.865,6.544,8.154,0.600,0.293,0.668,
18:16:48.493,31.989,34.000,38.000,39.021,31.263,-5.021,6.737,8.402,0.797,0.350,0.870,
18:16:48.510,32.005,36.000,36.000,39.342,30.858,-3.342,5.142,6.132,0.677,0.163,0.697,
18:16:48.528,32.024,36.000,36.000,39.684,30.417,-3.684,5.583,6.689,0.635,0.073,0.639,
18:16:48.547,32.042,36.000,36.000,40.024,29.968,-4.024,6.032,7.251,0.660,0.070,0.664,
18:16:48.556,32.052,36.000,36.000,40.196,29.736,-4.196,6.264,7.540,0.735,0.141,0.749,
18:16:48.576,32.071,36.000,38.000,40.555,29.245,-4.555,8.755,9.869,1.050,0.209,1.071,
18:16:48.585,32.080,36.000,38.000,40.713,29.025,-4.713,8.975,10.138,1.432,0.350,1.474,
18:16:48.601,32.096,36.000,38.000,40.993,28.629,-4.993,9.371,10.618,1.655,0.449,1.715,
18:16:48.618,32.113,36.000,38.000,41.287,28.202,-5.287,9.798,11.134,1.838,0.562,1.922,
18:16:48.636,32.132,36.000,34.000,41.604,27.733,-5.604,6.267,8.408,1.485,0.679,1.633,
18:16:48.645,32.140,36.000,34.000,41.743,27.523,-5.743,6.477,8.657,1.059,0.815,1.336,
18:16:48.663,32.158,36.000,34.000,42.051,27.050,-6.051,6.950,9.215,0.921,0.908,1.293,
18:16:48.673,32.169,36.000,34.000,42.221,26.784,-6.221,7.216,9.527,0.828,0.997,1.295,
18:16:48.691,32.187,38.000,34.000,42.515,26.315,-4.515,7.685,8.913,0.819,0.833,1.169,
18:16:48.702,32.197,38.000,34.000,42.685,26.037,-4.685,7.963,9.239,0.873,0.669,1.100,
18:16:48.717,32.213,38.000,34.000,42.928,25.636,-4.928,8.364,9.707,0.944,0.597,1.117,
18:16:48.735,32.230,38.000,34.000,43.204,25.168,-5.204,8.832,10.251,1.048,0.575,1.195,
18:16:48.743,32.238,38.000,34.000,43.320,24.967,-5.320,9.033,10.483,1.217,0.590,1.352,
18:16:48.759,32.254,36.000,32.000,43.567,24.534,-7.567,7.466,10.630,1.083,0.853,1.378,
18:16:48.776,32.271,36.000,32.000,43.823,24.073,-7.823,7.927,11.137,1.023,1.084,1.490,
18:16:48.785,32.280,36.000,32.000,43.943,23.853,-7.943,8.147,11.378,1.008,1.331,1.669,
18:16:48.800,32.296,36.000,32.000,44.169,23.432,-8.169,8.568,11.838,1.035,1.464,1.793,
18:16:48.815,32.311,38.000,30.000,44.386,23.019,-6.386,6.981,9.461,0.848,1.302,1.554,
18:16:48.824,32.319,38.000,30.000,44.498,22.802,-6.498,7.198,9.697,0.705,1.105,1.311,
18:16:48.840,32.335,38.000,30.000,44.721,22.362,-6.721,7.638,10.174,0.675,1.029,1.231,
18:16:48.856,32.352,38.000,30.000,44.944,21.910,-6.944,8.090,10.661,0.718,0.981,1.216,
18:16:48.865,32.361,38.000,30.000,45.061,21.668,-7.061,8.332,10.922,0.836,0.948,1.264,
18:16:48.881,32.377,40.000,28.000,45.275,21.218,-5.275,6.782,8.591,0.692,0.699,0.984,
18:16:48.899,32.394,40.000,28.000,45.493,20.745,-5.493,7.255,9.100,0.643,0.528,0.832,
18:16:48.916,32.412,40.000,28.000,45.716,20.249,-5.716,7.751,9.630,0.678,0.437,0.806,
18:16:48.924,32.419,40.000,28.000,45.804,20.049,-5.804,7.951,9.844,0.801,0.417,0.904,
18:16:48.941,32.436,40.000,24.000,46.014,19.564,-6.014,4.436,7.473,0.417,0.405,0.582,
18:16:48.950,32.445,40.000,24.000,46.120,19.313,-6.120,4.687,7.708,0.076,0.465,0.471,
18:16:48.967,32.462,40.000,24.000,46.317,18.834,-6.317,5.166,8.160,-0.048,0.501,0.504,
18:16:48.985,32.480,40.000,24.000,46.525,18.315,-6.525,5.685,8.654,-0.042,0.568,0.569,
18:16:48.994,32.489,40.000,24.000,46.620,18.072,-6.620,5.928,8.886,0.099,0.689,0.696,
18:16:49.011,32.506,44.000,24.000,46.810,17.573,-2.810,6.427,7.015,0.213,0.277,0.349,
18:16:49.019,32.515,44.000,24.000,46.899,17.334,-2.899,6.666,7.270,0.441,-0.141,0.463,
18:16:49.035,32.530,44.000,24.000,47.060,16.892,-3.060,7.108,7.739,0.601,-0.333,0.687,
18:16:49.042,32.537,44.000,24.000,47.134,16.684,-3.134,7.316,7.959,0.843,-0.446,0.954,
18:16:49.058,32.553,44.000,24.000,47.290,16.238,-3.290,7.762,8.430,0.999,-0.494,1.115,
18:16:49.074,32.570,42.000,24.000,47.456,15.746,-5.456,8.254,9.894,1.171,-0.225,1.193,
18:16:49.083,32.579,42.000,24.000,47.538,15.496,-5.538,8.504,10.148,1.365,0.161,1.374,
18:16:49.099,32.595,42.000,24.000,47.689,15.025,-5.689,8.975,10.626,1.512,0.365,1.555,
18:16:49.118,32.614,42.000,24.000,47.861,14.469,-5.861,9.531,11.188,1.657,0.544,1.744,
18:16:49.137,32.633,44.000,20.000,48.029,13.900,-4.029,6.100,7.311,1.295,0.448,1.370,
18:16:49.157,32.652,44.000,20.000,48.192,13.322,-4.192,6.678,7.885,1.064,0.390,1.133,
18:16:49.177,32.672,44.000,20.000,48.354,12.725,-4.354,7.275,8.478,0.963,0.368,1.030,
18:16:49.197,32.692,46.000,20.000,48.504,12.141,-2.504,7.859,8.248,0.962,0.115,0.968,
18:16:49.204,32.700,46.000,20.000,48.559,11.915,-2.559,8.085,8.480,1.041,-0.132,1.049,
18:16:49.222,32.717,46.000,20.000,48.683,11.400,-2.683,8.600,9.009,1.104,-0.217,1.126,
18:16:49.238,32.733,46.000,20.000,48.791,10.930,-2.791,9.070,9.489,1.213,-0.242,1.237,
18:16:49.256,32.752,46.000,18.000,48.915,10.361,-2.915,7.639,8.176,1.098,-0.223,1.120,
18:16:49.265,32.760,46.000,18.000,48.966,10.116,-2.966,7.884,8.423,1.018,-0.133,1.027,
18:16:49.282,32.777,46.000,18.000,49.069,9.604,-3.069,8.396,8.939,1.024,-0.083,1.028,
18:16:49.289,32.785,46.000,18.000,49.113,9.376,-3.113,8.624,9.169,1.096,0.021,1.097,
18:16:49.307,32.802,46.000,18.000,49.210,8.853,-3.210,9.147,9.694,1.166,0.076,1.169,
18:16:49.314,32.810,48.000,16.000,49.250,8.630,-1.250,7.370,7.475,0.911,-0.222,0.938,
18:16:49.330,32.826,48.000,16.000,49.332,8.146,-1.332,7.854,7.966,0.844,-0.336,0.908,
18:16:49.346,32.841,48.000,16.000,49.408,7.674,-1.408,8.326,8.444,0.850,-0.398,0.939,
18:16:49.355,32.850,48.000,16.000,49.447,7.417,-1.447,8.583,8.704,0.921,-0.416,1.010,
18:16:49.372,32.867,50.000,14.000,49.523,6.890,0.477,7.110,7.126,0.767,-0.646,1.002,
18:16:49.381,32.876,50.000,14.000,49.558,6.631,0.442,7.369,7.382,0.660,-0.843,1.071,
18:16:49.398,32.893,50.000,14.000,49.625,6.109,0.375,7.891,7.900,0.656,-0.925,1.133,
18:16:49.414,32.909,50.000,14.000,49.683,5.618,0.317,8.382,8.388,0.730,-0.933,1.185,
18:16:49.422,32.917,50.000,14.000,49.711,5.370,0.289,8.630,8.635,0.885,-0.862,1.235,
18:16:49.440,32.935,48.000,12.000,49.766,4.836,-1.766,7.164,7.378,0.768,-0.583,0.964,
18:16:49.457,32.952,48.000,12.000,49.815,4.300,-1.815,7.700,7.911,0.743,-0.317,0.808,
18:16:49.476,32.971,48.000,12.000,49.862,3.716,-1.862,8.284,8.491,0.801,-0.101,0.807,
18:16:49.485,32.980,48.000,12.000,49.881,3.450,-1.881,8.550,8.754,0.938,0.110,0.945,
18:16:49.502,32.998,50.000,12.000,49.915,2.910,0.085,9.090,9.091,1.051,-0.010,1.051,
18:16:49.511,33.006,50.000,12.000,49.930,2.652,0.070,9.348,9.349,1.223,-0.184,1.237,
18:16:49.528,33.023,50.000,12.000,49.954,2.137,0.046,9.863,9.863,1.353,-0.246,1.375,
18:16:49.546,33.041,50.000,12.000,49.975,1.579,0.025,10.421,10.421,1.503,-0.285,1.530,
18:16:49.553,33.049,50.000,12.000,49.982,1.359,0.018,10.641,10.641,1.688,-0.330,1.720,
18:16:49.569,33.064,52.000,10.000,49.992,0.886,2.008,9.114,9.332,1.566,-0.582,1.671,
18:16:49.586,33.081,52.000,10.000,49.999,0.353,2.001,9.647,9.853,1.509,-0.757,1.688,
18:16:49.594,33.090,52.000,10.000,50.000,0.097,2.000,9.903,10.103,1.467,-0.899,1.720,
18:16:49.611,33.106,52.000,10.000,49.998,-0.415,2.002,10.415,10.605,1.489,-0.959,1.771,
18:16:49.620,33.115,52.000,10.000,49.995,-0.680,2.005,10.680,10.866,1.547,-0.960,1.820,
18:16:49.636,33.132,48.000,8.000,49.986,-1.183,-1.986,9.183,9.396,1.377,-0.476,1.457,
18:16:49.645,33.140,48.000,8.000,49.979,-1.445,-1.979,9.445,9.650,1.226,0.095,1.230,
18:16:49.662,33.158,48.000,8.000,49.961,-1.982,-1.961,9.982,10.173,1.194,0.379,1.252,
18:16:49.670,33.166,48.000,8.000,49.951,-2.218,-1.951,10.218,10.402,1.226,0.656,1.391,
18:16:49.686,33.182,48.000,8.000,49.926,-2.712,-1.926,10.712,10.884,1.275,0.793,1.502,
18:16:49.704,33.199,48.000,4.000,49.894,-3.256,-1.894,7.256,7.499,0.890,0.858,1.236,
18:16:49.712,33.208,48.000,4.000,49.877,-3.506,-1.877,7.506,7.737,0.531,0.830,0.986,
18:16:49.730,33.225,48.000,4.000,49.837,-4.034,-1.837,8.034,8.242,0.408,0.820,0.917,
18:16:49.747,33.242,48.000,4.000,49.792,-4.554,-1.792,8.554,8.740,0.411,0.765,0.868,
18:16:49.755,33.251,48.000,4.000,49.767,-4.818,-1.767,8.818,8.993,0.539,0.645,0.841,
18:16:49.774,33.270,50.000,2.000,49.708,-5.394,0.292,7.394,7.400,0.412,0.349,0.539,
18:16:49.784,33.279,50.000,2.000,49.676,-5.680,0.324,7.680,7.687,0.389,-0.005,0.389,
18:16:49.800,33.296,50.000,2.000,49.616,-6.184,0.384,8.184,8.193,0.429,-0.200,0.473,
18:16:49.818,33.313,50.000,2.000,49.547,-6.719,0.453,8.719,8.731,0.550,-0.345,0.649,
18:16:49.837,33.332,50.000,0.000,49.466,-7.291,0.534,7.291,7.310,0.479,-0.440,0.651,
18:16:49.855,33.350,50.000,0.000,49.379,-7.858,0.621,7.858,7.882,0.515,-0.490,0.711,
18:16:49.864,33.359,50.000,0.000,49.338,-8.108,0.662,8.108,8.135,0.638,-0.479,0.798,
18:16:49.881,33.376,50.000,0.000,49.251,-8.625,0.749,8.625,8.657,0.746,-0.497,0.897,
18:16:49.899,33.394,50.000,-2.000,49.151,-9.176,0.849,7.176,7.227,0.654,-0.496,0.821,
18:16:49.916,33.411,50.000,-2.000,49.055,-9.676,0.945,7.676,7.734,0.651,-0.479,0.808,
18:16:49.924,33.419,50.000,-2.000,49.008,-9.912,0.992,7.912,7.974,0.712,-0.428,0.831,
18:16:49.940,33.435,50.000,-2.000,48.908,-10.394,1.092,8.394,8.465,0.791,-0.420,0.896,
18:16:49.955,33.450,48.000,-4.000,48.807,-10.855,-0.807,6.855,6.903,0.656,-0.148,0.673,
18:16:49.963,33.458,48.000,-4.000,48.755,-11.088,-0.755,7.088,7.129,0.565,0.143,0.583,
18:16:49.978,33.474,48.000,-4.000,48.649,-11.546,-0.649,7.546,7.574,0.573,0.267,0.632,
18:16:49.995,33.491,48.000,-4.000,48.526,-12.050,-0.526,8.050,8.067,0.649,0.335,0.730,
18:16:50.003,33.498,48.000,-4.000,48.472,-12.267,-0.472,8.267,8.281,0.805,0.359,0.882,
18:16:50.018,33.514,48.000,-4.000,48.353,-12.728,-0.353,8.728,8.735,0.922,0.360,0.990,
18:16:50.035,33.530,48.000,-4.000,48.219,-13.228,-0.219,9.228,9.230,1.068,0.328,1.117,
18:16:50.044,33.539,48.000,-4.000,48.148,-13.483,-0.148,9.483,9.484,1.256,0.248,1.280,
18:16:50.062,33.558,48.000,-4.000,47.989,-14.036,0.011,10.036,10.036,1.400,0.193,1.413,
18:16:50.070,33.566,48.000,-4.000,47.923,-14.262,0.077,10.262,10.262,1.574,0.092,1.577,
18:16:50.088,33.584,48.000,-6.000,47.761,-14.795,0.239,8.795,8.798,1.474,0.027,1.474,
18:16:50.107,33.603,48.000,-6.000,47.587,-15.346,0.413,9.346,9.355,1.425,-0.047,1.426,
18:16:50.128,33.623,48.000,-6.000,47.388,-15.950,0.612,9.950,9.969,1.437,-0.125,1.442,
18:16:50.152,33.648,50.000,-8.000,47.140,-16.667,2.860,8.667,9.126,1.268,-0.442,1.343,
18:16:50.160,33.656,50.000,-8.000,47.061,-16.891,2.939,8.891,9.364,1.107,-0.779,1.354,
18:16:50.176,33.672,50.000,-8.000,46.893,-17.351,3.107,9.351,9.853,1.078,-0.943,1.432,
18:16:50.184,33.680,50.000,-8.000,46.808,-17.580,3.192,9.580,10.097,1.113,-1.051,1.531,
18:16:50.200,33.695,50.000,-8.000,46.636,-18.030,3.364,10.030,10.579,1.160,-1.128,1.618,
18:16:50.220,33.715,50.000,-8.000,46.411,-18.602,3.589,10.602,11.194,1.255,-1.174,1.718,
18:16:50.240,33.735,50.000,-8.000,46.177,-19.175,3.823,11.175,11.811,1.395,-1.183,1.829,
18:16:50.259,33.754,50.000,-8.000,45.953,-19.705,4.047,11.705,12.385,1.552,-1.166,1.942,
18:16:50.279,33.774,48.000,-12.000,45.706,-20.273,2.294,8.273,8.585,1.198,-0.893,1.494,
18:16:50.298,33.794,48.000,-12.000,45.463,-20.812,2.537,8.812,9.170,0.998,-0.696,1.217,
18:16:50.318,33.813,48.000,-12.000,45.211,-21.353,2.789,9.353,9.760,0.930,-0.578,1.095,
18:16:50.337,33.832,46.000,-10.000,44.957,-21.883,1.043,11.883,11.928,1.221,-0.262,1.249,
18:16:50.357,33.852,46.000,-10.000,44.680,-22.442,1.320,12.442,12.512,1.487,-0.084,1.490,
18:16:50.374,33.870,46.000,-10.000,44.437,-22.920,1.563,12.920,13.014,1.732,-0.012,1.732,
18:16:50.383,33.879,46.000,-10.000,44.314,-23.157,1.686,13.157,13.264,1.975,-0.025,1.975,
18:16:50.400,33.896,48.000,-14.000,44.068,-23.623,3.932,9.623,10.395,1.634,-0.282,1.658,
18:16:50.420,33.915,48.000,-14.000,43.777,-24.157,4.223,10.157,11.000,1.414,-0.519,1.506,
18:16:50.431,33.926,48.000,-14.000,43.625,-24.431,4.375,10.431,11.312,1.242,-0.787,1.471,
18:16:50.450,33.946,48.000,-14.000,43.326,-24.958,4.674,10.958,11.913,1.195,-0.944,1.524,
18:16:50.467,33.962,46.000,-18.000,43.068,-25.399,2.932,7.399,7.959,0.695,-0.808,1.066,
18:16:50.477,33.972,46.000,-18.000,42.915,-25.658,3.085,7.658,8.256,0.323,-0.673,0.746,
18:16:50.497,33.992,46.000,-18.000,42.596,-26.184,3.404,8.184,8.864,0.181,-0.639,0.664,
18:16:50.505,34.001,46.000,-18.000,42.462,-26.400,3.538,8.400,9.115,0.207,-0.606,0.640,
18:16:50.523,34.018,46.000,-18.000,42.170,-26.864,3.830,8.864,9.656,0.243,-0.617,0.663,
18:16:50.533,34.028,46.000,-18.000,42.014,-27.108,3.986,9.108,9.942,0.423,-0.646,0.772,
18:16:50.551,34.047,46.000,-18.000,41.700,-27.588,4.300,9.588,10.508,0.552,-0.688,0.882,
18:16:50.560,34.055,46.000,-18.000,41.555,-27.806,4.445,9.806,10.766,0.813,-0.750,1.106,
18:16:50.576,34.072,46.000,-18.000,41.275,-28.220,4.725,10.220,11.260,0.976,-0.803,1.264,
18:16:50.584,34.080,44.000,-22.000,41.134,-28.425,2.866,6.425,7.035,0.467,-0.499,0.683,
18:16:50.600,34.096,44.000,-22.000,40.857,-28.822,3.143,6.822,7.512,0.275,-0.384,0.472,
18:16:50.617,34.112,44.000,-22.000,40.565,-29.231,3.435,7.231,8.006,0.193,-0.327,0.380,
18:16:50.635,34.131,44.000,-22.000,40.227,-29.695,3.773,7.695,8.570,0.214,-0.330,0.393,
18:16:50.643,34.138,42.000,-24.000,40.094,-29.874,1.906,5.874,6.176,-0.077,0.041,0.087,
18:16:50.661,34.156,42.000,-24.000,39.762,-30.315,2.238,6.315,6.700,-0.139,0.149,0.204,
18:16:50.671,34.167,42.000,-24.000,39.566,-30.570,2.434,6.570,7.006,-0.100,0.190,0.214,
18:16:50.689,34.184,42.000,-24.000,39.238,-30.990,2.762,6.990,7.516,-0.018,0.169,0.170,
18:16:50.708,34.203,44.000,-26.000,38.871,-31.449,5.129,5.449,7.483,-0.112,-0.158,0.194,
18:16:50.727,34.222,44.000,-26.000,38.495,-31.908,5.505,5.908,8.075,-0.092,-0.468,0.477,
18:16:50.747,34.242,44.000,-26.000,38.108,-32.369,5.892,6.369,8.676,0.015,-0.734,0.734,
18:16:50.754,34.250,44.000,-26.000,37.962,-32.540,6.038,6.540,8.901,0.225,-1.002,1.027,
18:16:50.770,34.265,42.000,-30.000,37.653,-32.897,4.347,2.897,5.224,-0.147,-0.910,0.922,
18:16:50.787,34.282,42.000,-30.000,37.309,-33.288,4.691,3.288,5.729,-0.353,-0.859,0.928,
18:16:50.796,34.291,42.000,-30.000,37.129,-33.488,4.871,3.488,5.991,-0.469,-0.789,0.917,
18:16:50.812,34.307,42.000,-30.000,36.795,-33.854,5.205,3.854,6.476,-0.474,-0.796,0.927,
18:16:50.820,34.316,42.000,-30.000,36.621,-34.043,5.379,4.043,6.729,-0.370,-0.806,0.886,
18:16:50.836,34.331,40.000,-28.000,36.287,-34.399,3.713,6.399,7.398,-0.030,-0.607,0.608,
18:16:50.845,34.340,40.000,-28.000,36.102,-34.593,3.898,6.593,7.659,0.411,-0.410,0.580,
18:16:50.865,34.360,40.000,-28.000,35.676,-35.031,4.324,7.031,8.254,0.677,-0.357,0.766,
18:16:50.875,34.371,40.000,-28.000,35.459,-35.251,4.541,7.251,8.555,0.976,-0.356,1.039,
18:16:50.894,34.390,40.000,-30.000,35.040,-35.667,4.960,5.667,7.531,0.950,-0.399,1.030,
18:16:50.904,34.399,40.000,-30.000,34.840,-35.863,5.160,5.863,7.810,0.884,-0.502,1.017,
18:16:50.921,34.417,40.000,-30.000,34.447,-36.240,5.553,6.240,8.353,0.902,-0.592,1.079,
18:16:50.932,34.427,40.000,-30.000,34.221,-36.455,5.779,6.455,8.664,0.918,-0.721,1.167,
18:16:50.950,34.445,40.000,-32.000,33.813,-36.833,6.187,4.833,7.851,0.732,-0.831,1.108,
18:16:50.969,34.464,40.000,-32.000,33.386,-37.221,6.614,5.221,8.426,0.617,-0.957,1.138,
18:16:50.986,34.481,40.000,-32.000,32.990,-37.572,7.010,5.572,8.955,0.571,-1.084,1.225,
18:16:50.994,34.489,40.000,-32.000,32.809,-37.730,7.191,5.730,9.194,0.571,-1.213,1.341,
18:16:51.011,34.506,36.000,-32.000,32.417,-38.067,3.583,6.067,7.046,0.598,-0.828,1.022,
18:16:51.020,34.515,36.000,-32.000,32.212,-38.242,3.788,6.242,7.301,0.674,-0.421,0.795,
18:16:51.037,34.532,36.000,-32.000,31.803,-38.582,4.197,6.582,7.806,0.740,-0.263,0.785,
18:16:51.055,34.551,36.000,-32.000,31.366,-38.938,4.634,6.938,8.344,0.832,-0.207,0.857,
18:16:51.063,34.558,36.000,-32.000,31.193,-39.077,4.807,7.077,8.555,0.971,-0.239,1.000,
18:16:51.079,34.574,38.000,-32.000,30.803,-39.385,7.197,7.385,10.312,1.054,-0.525,1.178,
18:16:51.097,34.593,38.000,-32.000,30.359,-39.729,7.641,7.729,10.868,1.142,-0.806,1.398,
18:16:51.117,34.612,38.000,-32.000,29.887,-40.085,8.113,8.085,11.454,1.232,-1.071,1.632,
18:16:51.124,34.619,38.000,-32.000,29.706,-40.219,8.294,8.219,11.676,1.328,-1.370,1.908,
18:16:51.140,34.636,38.000,-38.000,29.304,-40.513,8.696,2.513,9.052,0.654,-1.542,1.675,
18:16:51.160,34.655,38.000,-38.000,28.804,-40.869,9.196,2.869,9.633,0.191,-1.691,1.702,
18:16:51.178,34.673,38.000,-38.000,28.354,-41.183,9.646,3.183,10.157,-0.106,-1.809,1.812,
18:16:51.195,34.691,34.000,-38.000,27.911,-41.485,6.089,3.485,7.015,-0.240,-1.373,1.394,
18:16:51.204,34.700,34.000,-38.000,27.684,-41.636,6.316,3.636,7.288,-0.233,-0.931,0.960,
18:16:51.223,34.719,34.000,-38.000,27.197,-41.956,6.803,3.956,7.870,-0.223,-0.779,0.810,
18:16:51.232,34.727,34.000,-38.000,26.978,-42.098,7.022,4.098,8.130,-0.059,-0.671,0.673,
18:16:51.248,34.744,34.000,-38.000,26.550,-42.369,7.450,4.369,8.637,0.031,-0.654,0.655,
18:16:51.266,34.762,34.000,-38.000,26.078,-42.661,7.922,4.661,9.191,0.163,-0.707,0.726,
18:16:51.275,34.770,34.000,-38.000,25.864,-42.791,8.136,4.791,9.442,0.386,-0.845,0.929,
18:16:51.292,34.787,34.000,-38.000,25.408,-43.063,8.592,5.063,9.973,0.508,-0.943,1.071,
18:16:51.301,34.796,34.000,-38.000,25.180,-43.197,8.820,5.197,10.237,0.673,-1.104,1.293,
18:16:51.318,34.813,34.000,-38.000,24.725,-43.459,9.275,5.459,10.762,0.778,-1.221,1.448,
18:16:51.337,34.832,32.000,-38.000,24.218,-43.743,7.782,5.743,9.672,0.881,-1.118,1.423,
18:16:51.345,34.841,32.000,-38.000,23.987,-43.871,8.013,5.871,9.934,0.983,-1.030,1.424,
18:16:51.368,34.863,32.000,-38.000,23.373,-44.201,8.627,6.201,10.624,1.060,-1.046,1.489,
18:16:51.388,34.883,32.000,-38.000,22.834,-44.482,9.166,6.482,11.226,1.122,-1.122,1.587,
18:16:51.410,34.905,30.000,-38.000,22.224,-44.789,7.776,6.789,10.323,1.174,-0.991,1.536,
18:16:51.427,34.922,30.000,-38.000,21.752,-45.020,8.248,7.020,10.831,1.207,-0.946,1.534,
18:16:51.435,34.931,30.000,-38.000,21.524,-45.130,8.476,7.130,11.076,1.223,-0.961,1.556,
18:16:51.452,34.947,30.000,-38.000,21.071,-45.343,8.929,7.343,11.560,1.243,-1.006,1.599,
18:16:51.474,34.969,28.000,-40.000,20.452,-45.626,7.548,5.626,9.414,1.034,-0.872,1.352,
18:16:51.483,34.978,28.000,-40.000,20.194,-45.740,7.806,5.740,9.689,0.796,-0.789,1.121,
18:16:51.499,34.995,28.000,-40.000,19.734,-45.941,8.266,5.941,10.179,0.690,-0.792,1.051,
18:16:51.517,35.013,28.000,-40.000,19.227,-46.155,8.773,6.155,10.717,0.638,-0.864,1.074,
18:16:51.542,35.037,28.000,-42.000,18.534,-46.438,9.466,4.438,10.455,0.402,-0.993,1.072,
18:16:51.551,35.047,28.000,-42.000,18.260,-46.547,9.740,4.547,10.749,0.226,-1.197,1.218,
18:16:51.570,35.065,28.000,-42.000,17.723,-46.754,10.277,4.754,11.324,0.151,-1.341,1.349,
18:16:51.587,35.083,28.000,-42.000,17.220,-46.941,10.780,4.941,11.858,0.151,-1.496,1.504,
18:16:51.607,35.103,26.000,-42.000,16.646,-47.148,9.354,5.148,10.677,0.196,-1.401,1.415,
18:16:51.625,35.120,26.000,-42.000,16.132,-47.326,9.868,5.326,11.213,0.281,-1.367,1.396,
18:16:51.633,35.129,26.000,-42.000,15.892,-47.407,10.108,5.407,11.463,0.424,-1.361,1.426,
18:16:51.649,35.144,26.000,-42.000,15.435,-47.558,10.565,5.558,11.938,0.495,-1.400,1.485,
18:16:51.667,35.163,24.000,-44.000,14.898,-47.729,9.102,3.729,9.836,0.326,-1.234,1.277,
18:16:51.686,35.181,24.000,-44.000,14.353,-47.896,9.647,3.896,10.403,0.224,-1.162,1.184,
18:16:51.693,35.188,24.000,-44.000,14.145,-47.957,9.855,3.957,10.620,0.162,-1.145,1.157,
18:16:51.709,35.204,24.000,-44.000,13.689,-48.090,10.311,4.090,11.093,0.142,-1.171,1.179,
18:16:51.724,35.219,24.000,-46.000,13.233,-48.217,10.767,2.217,10.993,-0.099,-1.248,1.252,
18:16:51.733,35.228,24.000,-46.000,12.979,-48.286,11.021,2.286,11.255,-0.290,-1.380,1.410,
18:16:51.748,35.244,24.000,-46.000,12.517,-48.408,11.483,2.408,11.732,-0.373,-1.483,1.529,
18:16:51.765,35.260,24.000,-46.000,12.016,-48.535,11.984,2.535,12.249,-0.389,-1.611,1.657,
18:16:51.772,35.268,24.000,-46.000,11.805,-48.586,12.195,2.586,12.466,-0.313,-1.789,1.817,
18:16:51.791,35.286,24.000,-48.000,11.247,-48.719,12.753,0.719,12.773,-0.506,-1.905,1.971,
18:16:51.800,35.295,24.000,-48.000,10.976,-48.780,13.024,0.780,13.047,-0.642,-2.041,2.140,
18:16:51.817,35.312,24.000,-48.000,10.479,-48.890,13.521,0.890,13.550,-0.694,-2.148,2.258,
18:16:51.835,35.330,24.000,-48.000,9.928,-49.004,14.072,1.004,14.108,-0.679,-2.258,2.358,
18:16:51.843,35.339,24.000,-48.000,9.681,-49.054,14.319,1.054,14.357,-0.569,-2.366,2.433,
18:16:51.860,35.355,18.000,-50.000,9.183,-49.150,8.817,-0.850,8.858,-0.747,-1.723,1.878,
18:16:51.876,35.372,18.000,-50.000,8.689,-49.239,9.311,-0.761,9.342,-0.841,-1.244,1.502,
18:16:51.885,35.381,18.000,-50.000,8.419,-49.286,9.581,-0.714,9.608,-0.863,-0.848,1.210,
18:16:51.901,35.397,18.000,-50.000,7.932,-49.367,10.068,-0.633,10.087,-0.854,-0.680,1.092,
18:16:51.910,35.405,18.000,-50.000,7.673,-49.408,10.327,-0.592,10.344,-0.776,-0.644,1.008,
18:16:51.926,35.421,18.000,-48.000,7.194,-49.480,10.806,1.480,10.907,-0.476,-0.654,0.809,
18:16:51.935,35.430,18.000,-48.000,6.914,-49.520,11.086,1.520,11.190,-0.128,-0.795,0.805,
18:16:51.953,35.448,18.000,-48.000,6.366,-49.593,11.634,1.593,11.742,0.072,-0.906,0.909,
18:16:51.962,35.457,18.000,-48.000,6.107,-49.626,11.893,1.626,12.004,0.276,-1.156,1.189,
18:16:51.980,35.475,14.000,-50.000,5.544,-49.692,8.456,-0.308,8.462,0.165,-0.856,0.872,
18:16:51.998,35.493,14.000,-50.000,5.014,-49.748,8.986,-0.252,8.990,0.057,-0.687,0.689,
18:16:52.016,35.512,14.000,-50.000,4.438,-49.803,9.562,-0.197,9.564,-0.022,-0.657,0.657,
18:16:52.025,35.520,14.000,-50.000,4.185,-49.825,9.815,-0.175,9.817,-0.109,-0.755,0.763,
18:16:52.043,35.538,10.000,-50.000,3.640,-49.867,6.360,-0.133,6.361,-0.138,-0.360,0.386,
18:16:52.051,35.547,10.000,-50.000,3.384,-49.885,6.616,-0.115,6.617,-0.158,-0.041,0.164,
18:16:52.070,35.565,10.000,-50.000,2.801,-49.921,7.199,-0.079,7.200,-0.163,0.057,0.173,
18:16:52.087,35.582,10.000,-50.000,2.291,-49.947,7.709,-0.053,7.709,-0.155,0.003,0.155,
18:16:52.096,35.591,10.000,-50.000,2.022,-49.959,7.978,-0.041,7.978,-0.135,-0.191,0.233,
18:16:52.113,35.608,8.000,-48.000,1.502,-49.977,6.498,1.977,6.793,0.119,-0.095,0.152,
18:16:52.123,35.618,8.000,-48.000,1.200,-49.986,6.800,1.986,7.084,0.375,-0.109,0.390,
18:16:52.140,35.635,8.000,-48.000,0.670,-49.996,7.330,1.996,7.597,0.511,-0.180,0.542,
18:16:52.159,35.654,8.000,-48.000,0.091,-50.000,7.909,2.000,8.158,0.593,-0.336,0.682,
18:16:52.179,35.675,4.000,-48.000,-0.545,-49.997,4.545,1.997,4.964,0.626,-0.060,0.629,
18:16:52.199,35.695,4.000,-48.000,-1.162,-49.986,5.162,1.986,5.531,0.617,0.042,0.618,
18:16:52.217,35.713,4.000,-48.000,-1.709,-49.971,5.709,1.971,6.039,0.579,0.005,0.579,
18:16:52.239,35.734,2.000,-46.000,-2.381,-49.943,4.381,3.943,5.894,0.779,0.121,0.788,
18:16:52.258,35.754,2.000,-46.000,-2.972,-49.912,4.972,3.912,6.326,0.894,0.092,0.899,
18:16:52.276,35.772,2.000,-46.000,-3.523,-49.876,5.523,3.876,6.747,0.936,-0.034,0.936,
18:16:52.285,35.780,2.000,-46.000,-3.780,-49.857,5.780,3.857,6.949,0.922,-0.250,0.955,
18:16:52.302,35.797,-0.000,-50.000,-4.307,-49.814,4.307,-0.186,4.311,0.415,-0.166,0.446,
18:16:52.312,35.808,-0.000,-50.000,-4.621,-49.786,4.621,-0.214,4.626,-0.103,-0.149,0.182,
18:16:52.330,35.825,-0.000,-50.000,-5.163,-49.733,5.163,-0.267,5.170,-0.395,-0.212,0.448,
18:16:52.350,35.845,-0.000,-50.000,-5.763,-49.667,5.763,-0.333,5.772,-0.594,-0.345,0.687,
18:16:52.368,35.863,-2.000,-50.000,-6.314,-49.600,4.314,-0.400,4.333,-0.705,-0.267,0.753,
18:16:52.389,35.884,-2.000,-50.000,-6.949,-49.515,4.949,-0.485,4.973,-0.752,-0.296,0.808,
18:16:52.408,35.903,-2.000,-50.000,-7.523,-49.431,5.523,-0.569,5.552,-0.742,-0.400,0.843,
18:16:52.428,35.923,-2.000,-50.000,-8.148,-49.332,6.148,-0.668,6.184,-0.709,-0.552,0.899,
18:16:52.448,35.944,-2.000,-50.000,-8.760,-49.227,6.760,-0.773,6.804,-0.659,-0.732,0.985,
18:16:52.469,35.964,-2.000,-50.000,-9.382,-49.112,7.382,-0.888,7.435,-0.605,-0.923,1.104,
18:16:52.492,35.987,-4.000,-52.000,-10.073,-48.975,6.073,-3.025,6.784,-0.808,-0.868,1.186,
18:16:52.502,35.998,-4.000,-52.000,-10.380,-48.911,6.380,-3.089,7.088,-0.971,-0.818,1.270,
18:16:52.522,36.018,-4.000,-52.000,-10.984,-48.779,6.984,-3.221,7.691,-1.048,-0.869,1.362,
18:16:52.532,36.027,-4.000,-52.000,-11.267,-48.714,7.267,-3.286,7.976,-1.072,-0.947,1.430,
18:16:52.549,36.044,-6.000,-48.000,-11.759,-48.598,5.759,0.598,5.790,-0.583,-0.791,0.983,
18:16:52.569,36.064,-6.000,-48.000,-12.360,-48.448,6.360,0.448,6.375,-0.227,-0.739,0.773,
18:16:52.587,36.082,-6.000,-48.000,-12.891,-48.310,6.891,0.310,6.898,0.031,-0.762,0.763,
18:16:52.595,36.091,-6.000,-48.000,-13.147,-48.241,7.147,0.241,7.151,0.219,-0.841,0.870,
18:16:52.613,36.108,-4.000,-52.000,-13.659,-48.098,9.659,-3.902,10.418,-0.177,-1.170,1.183,
18:16:52.622,36.117,-4.000,-52.000,-13.921,-48.023,9.921,-3.977,10.689,-0.668,-1.552,1.690,
18:16:52.641,36.136,-4.000,-52.000,-14.486,-47.856,10.486,-4.144,11.275,-0.899,-1.784,1.998,
18:16:52.660,36.155,-4.000,-52.000,-15.050,-47.681,11.050,-4.319,11.864,-1.081,-1.990,2.265,
18:16:52.678,36.173,-8.000,-48.000,-15.573,-47.513,7.573,-0.487,7.588,-0.680,-1.631,1.767,
18:16:52.698,36.194,-8.000,-48.000,-16.171,-47.313,8.171,-0.687,8.200,-0.406,-1.419,1.476,
18:16:52.717,36.213,-8.000,-48.000,-16.721,-47.121,8.721,-0.879,8.765,-0.223,-1.306,1.325,
18:16:52.736,36.232,-6.000,-50.000,-17.277,-46.920,11.277,-3.080,11.690,-0.387,-1.542,1.590,
18:16:52.755,36.251,-6.000,-50.000,-17.826,-46.714,11.826,-3.286,12.274,-0.532,-1.759,1.838,
18:16:52.764,36.259,-6.000,-50.000,-18.059,-46.625,12.059,-3.375,12.522,-0.706,-2.005,2.126,
18:16:52.780,36.275,-6.000,-50.000,-18.526,-46.441,12.526,-3.559,13.022,-0.787,-2.139,2.279,
18:16:52.798,36.293,-10.000,-50.000,-19.022,-46.240,9.022,-3.760,9.775,-0.855,-1.757,1.954,
18:16:52.817,36.313,-10.000,-50.000,-19.582,-46.006,9.582,-3.994,10.381,-0.911,-1.512,1.766,
18:16:52.838,36.334,-10.000,-50.000,-20.171,-45.751,10.171,-4.249,11.023,-0.957,-1.389,1.687,
18:16:52.855,36.351,-12.000,-48.000,-20.650,-45.536,8.650,-2.464,8.994,-0.714,-1.088,1.301,
18:16:52.863,36.359,-12.000,-48.000,-20.873,-45.435,8.873,-2.565,9.236,-0.469,-0.880,0.997,
18:16:52.880,36.375,-12.000,-48.000,-21.327,-45.223,9.327,-2.777,9.732,-0.380,-0.805,0.890,
18:16:52.899,36.394,-12.000,-48.000,-21.852,-44.972,9.852,-3.028,10.307,-0.343,-0.828,0.897,
18:16:52.918,36.414,-12.000,-46.000,-22.393,-44.705,10.393,-1.295,10.473,-0.104,-0.936,0.942,
18:16:52.939,36.435,-12.000,-46.000,-22.975,-44.409,10.975,-1.591,11.090,0.022,-1.097,1.097,
18:16:52.957,36.452,-12.000,-46.000,-23.443,-44.164,11.443,-1.836,11.589,0.056,-1.291,1.293,
18:16:52.964,36.459,-12.000,-46.000,-23.638,-44.059,11.638,-1.941,11.799,0.010,-1.546,1.546,
18:16:52.980,36.475,-16.000,-46.000,-24.072,-43.824,8.072,-2.176,8.360,-0.019,-1.184,1.184,
18:16:52.998,36.493,-16.000,-46.000,-24.547,-43.560,8.547,-2.440,8.888,-0.087,-0.958,0.962,
18:16:53.016,36.511,-16.000,-46.000,-25.031,-43.283,9.031,-2.717,9.431,-0.188,-0.854,0.875,
18:16:53.024,36.519,-16.000,-46.000,-25.244,-43.159,9.244,-2.841,9.671,-0.338,-0.843,0.908,
18:16:53.040,36.535,-18.000,-50.000,-25.662,-42.912,7.662,-7.088,10.438,-0.930,-0.614,1.114,
18:16:53.056,36.552,-18.000,-50.000,-26.097,-42.649,8.097,-7.351,10.936,-1.399,-0.511,1.489,
18:16:53.064,36.560,-18.000,-50.000,-26.300,-42.524,8.300,-7.476,11.171,-1.844,-0.516,1.915,
18:16:53.081,36.576,-18.000,-50.000,-26.727,-42.257,8.727,-7.743,11.667,-2.080,-0.543,2.150,
18:16:53.098,36.594,-20.000,-46.000,-27.182,-41.966,7.182,-4.034,8.237,-1.733,-0.399,1.778,
18:16:53.116,36.611,-20.000,-46.000,-27.638,-41.667,7.638,-4.333,8.782,-1.430,-0.371,1.478,
18:16:53.125,36.620,-20.000,-46.000,-27.853,-41.524,7.853,-4.476,9.039,-1.070,-0.452,1.162,
18:16:53.142,36.637,-20.000,-46.000,-28.299,-41.221,8.299,-4.779,9.577,-0.929,-0.524,1.067,
18:16:53.151,36.646,-20.000,-46.000,-28.519,-41.069,8.519,-4.931,9.843,-0.797,-0.694,1.057,
18:16:53.167,36.662,-20.000,-44.000,-28.909,-40.795,8.909,-3.205,9.468,-0.500,-0.817,0.957,
18:16:53.174,36.669,-20.000,-44.000,-29.092,-40.665,9.092,-3.335,9.685,-0.210,-1.016,1.037,
18:16:53.192,36.687,-20.000,-44.000,-29.543,-40.339,9.543,-3.661,10.221,-0.097,-1.140,1.144,
18:16:53.201,36.696,-20.000,-44.000,-29.754,-40.183,9.754,-3.817,10.474,-0.070,-1.315,1.316,
18:16:53.217,36.712,-20.000,-44.000,-30.147,-39.889,10.147,-4.111,10.948,-0.076,-1.439,1.441,
18:16:53.236,36.731,-22.000,-44.000,-30.614,-39.532,8.614,-4.468,9.704,-0.143,-1.329,1.337,
18:16:53.244,36.740,-22.000,-44.000,-30.811,-39.379,8.811,-4.621,9.949,-0.315,-1.199,1.239,
18:16:53.260,36.755,-22.000,-44.000,-31.188,-39.081,9.188,-4.919,10.422,-0.420,-1.174,1.247,
18:16:53.276,36.772,-22.000,-44.000,-31.581,-38.764,9.581,-5.236,10.918,-0.545,-1.193,1.311,
18:16:53.286,36.781,-22.000,-44.000,-31.798,-38.586,9.798,-5.414,11.194,-0.705,-1.245,1.431,
18:16:53.303,36.799,-26.000,-42.000,-32.214,-38.240,6.214,-3.760,7.263,-0.584,-0.832,1.016,
18:16:53.311,36.806,-26.000,-42.000,-32.384,-38.095,6.384,-3.905,7.484,-0.448,-0.372,0.582,
18:16:53.328,36.823,-26.000,-42.000,-32.782,-37.754,6.782,-4.246,8.002,-0.427,-0.204,0.473,
18:16:53.346,36.841,-26.000,-42.000,-33.199,-37.388,7.199,-4.612,8.550,-0.456,-0.154,0.482,
18:16:53.354,36.850,-26.000,-42.000,-33.391,-37.217,7.391,-4.783,8.803,-0.530,-0.230,0.578,
18:16:53.371,36.867,-26.000,-40.000,-33.782,-36.862,7.782,-3.138,8.391,-0.362,-0.294,0.466,
18:16:53.380,36.875,-26.000,-40.000,-33.974,-36.685,7.974,-3.315,8.636,-0.214,-0.470,0.516,
18:16:53.397,36.893,-26.000,-40.000,-34.365,-36.319,8.365,-3.681,9.139,-0.181,-0.586,0.613,
18:16:53.416,36.911,-26.000,-40.000,-34.773,-35.929,8.773,-4.071,9.671,-0.217,-0.743,0.774,
18:16:53.423,36.919,-26.000,-40.000,-34.935,-35.770,8.935,-4.230,9.886,-0.326,-0.985,1.037,
18:16:53.440,36.935,-32.000,-38.000,-35.299,-35.412,3.299,-2.588,4.193,-0.167,-0.401,0.434,
18:16:53.458,36.953,-32.000,-38.000,-35.683,-35.025,3.683,-2.975,4.735,-0.099,0.004,0.099,
18:16:53.476,36.971,-32.000,-38.000,-36.070,-34.626,4.070,-3.374,5.287,-0.113,0.228,0.255,
18:16:53.485,36.980,-32.000,-38.000,-36.253,-34.435,4.253,-3.565,5.549,-0.198,0.316,0.373,
18:16:53.500,36.996,-30.000,-38.000,-36.585,-34.081,6.585,-3.919,7.663,-0.278,0.081,0.289,
18:16:53.519,37.014,-30.000,-38.000,-36.963,-33.671,6.963,-4.329,8.199,-0.392,-0.175,0.429,
18:16:53.537,37.032,-30.000,-38.000,-37.338,-33.254,7.338,-4.746,8.739,-0.533,-0.445,0.694,
18:16:53.556,37.051,-32.000,-38.000,-37.728,-32.812,5.728,-5.188,7.728,-0.684,-0.445,0.816,
18:16:53.564,37.059,-32.000,-38.000,-37.877,-32.639,5.877,-5.361,7.955,-0.858,-0.466,0.976,
18:16:53.581,37.076,-32.000,-38.000,-38.220,-32.237,6.220,-5.763,8.480,-0.979,-0.522,1.109,
18:16:53.600,37.096,-32.000,-38.000,-38.610,-31.769,6.610,-6.231,9.084,-1.101,-0.611,1.259,
18:16:53.617,37.113,-36.000,-36.000,-38.938,-31.366,2.938,-4.634,5.487,-0.946,-0.186,0.964,
18:16:53.636,37.132,-36.000,-36.000,-39.300,-30.911,3.300,-5.089,6.065,-0.875,0.054,0.877,
18:16:53.644,37.140,-36.000,-36.000,-39.452,-30.717,3.452,-5.283,6.311,-0.806,0.227,0.838,
18:16:53.661,37.156,-36.000,-36.000,-39.760,-30.317,3.760,-5.683,6.814,-0.818,0.270,0.861,
18:16:53.676,37.171,-36.000,-34.000,-40.039,-29.949,4.039,-4.051,5.721,-0.599,0.227,0.641,
18:16:53.685,37.180,-36.000,-34.000,-40.200,-29.731,4.200,-4.269,5.989,-0.424,0.107,0.438,
18:16:53.701,37.196,-36.000,-34.000,-40.494,-29.330,4.494,-4.670,6.480,-0.377,0.011,0.377,
18:16:53.718,37.213,-36.000,-34.000,-40.794,-28.911,4.794,-5.089,6.991,-0.401,-0.122,0.420,
18:16:53.736,37.231,-39.000,-33.000,-41.116,-28.452,2.116,-4.548,5.016,-0.359,0.101,0.373,
18:16:53.744,37.239,-39.000,-33.000,-41.252,-28.253,2.252,-4.747,5.254,-0.380,0.300,0.484,
18:16:53.760,37.255,-39.000,-33.000,-41.522,-27.855,2.522,-5.145,5.730,-0.428,0.349,0.553,
18:16:53.776,37.271,-39.000,-33.000,-41.793,-27.448,2.793,-5.552,6.215,-0.524,0.324,0.616,
18:16:53.784,37.279,-39.000,-33.000,-41.928,-27.240,2.928,-5.760,6.461,-0.676,0.225,0.712,
18:16:53.801,37.296,-39.000,-34.000,-42.213,-26.796,3.213,-7.204,7.888,-0.906,0.144,0.918,
18:16:53.819,37.314,-39.000,-34.000,-42.504,-26.332,3.504,-7.668,8.430,-1.136,0.024,1.136,
18:16:53.837,37.332,-39.000,-34.000,-42.789,-25.868,3.789,-8.132,8.972,-1.344,-0.118,1.349,
18:16:53.853,37.348,-39.000,-34.000,-43.047,-25.435,4.047,-8.565,9.473,-1.521,-0.265,1.543,
18:16:53.860,37.356,-39.200,-33.600,-43.160,-25.244,3.960,-8.356,9.247,-1.588,-0.390,1.635,
18:16:53.877,37.372,-39.200,-33.600,-43.415,-24.801,4.215,-8.799,9.756,-1.671,-0.483,1.739,
18:16:53.894,37.389,-39.200,-33.600,-43.673,-24.345,4.473,-9.255,10.279,-1.746,-0.575,1.838,
18:16:53.903,37.398,-39.200,-33.600,-43.796,-24.124,4.596,-9.476,10.532,-1.790,-0.663,1.909,
18:16:53.919,37.414,-39.900,-30.800,-44.037,-23.680,4.137,-7.120,8.234,-1.515,-0.654,1.650,
18:16:53.938,37.433,-39.900,-30.800,-44.306,-23.173,4.406,-7.627,8.808,-1.329,-0.662,1.484,
18:16:53.957,37.452,-39.900,-30.800,-44.573,-22.654,4.673,-8.146,9.391,-1.227,-0.683,1.404,
18:16:53.965,37.460,-39.900,-30.800,-44.689,-22.425,4.789,-8.375,9.647,-1.170,-0.702,1.365,
18:16:53.981,37.476,-40.600,-32.200,-44.904,-21.992,4.304,-10.208,11.078,-1.347,-0.645,1.493,
18:16:53.998,37.493,-40.600,-32.200,-45.123,-21.539,4.523,-10.661,11.581,-1.527,-0.617,1.647,
18:16:54.016,37.511,-40.600,-32.200,-45.366,-21.022,4.766,-11.178,12.152,-1.699,-0.619,1.808,
18:16:54.024,37.519,-40.600,-32.200,-45.462,-20.813,4.862,-11.387,12.382,-1.909,-0.638,2.013,
18:16:54.043,37.538,-41.300,-27.300,-45.699,-20.289,4.399,-7.011,8.277,-1.464,-0.581,1.575,
18:16:54.051,37.546,-41.300,-27.300,-45.794,-20.074,4.494,-7.226,8.510,-0.925,-0.532,1.067,
18:16:54.067,37.562,-41.300,-27.300,-45.995,-19.608,4.695,-7.692,9.011,-0.720,-0.524,0.890,
18:16:54.085,37.580,-41.300,-27.300,-46.206,-19.105,4.906,-8.195,9.551,-0.636,-0.542,0.835,
18:16:54.092,37.587,-41.300,-27.300,-46.289,-18.904,4.989,-8.396,9.767,-0.666,-0.597,0.894,
18:16:54.109,37.604,-41.300,-25.900,-46.478,-18.433,5.178,-7.467,9.087,-0.533,-0.629,0.824,
18:16:54.126,37.621,-41.300,-25.900,-46.670,-17.942,5.370,-7.958,9.600,-0.512,-0.673,0.846,
18:16:54.136,37.631,-41.300,-25.900,-46.779,-17.657,5.479,-8.243,9.898,-0.596,-0.733,0.945,
18:16:54.153,37.648,-41.300,-25.900,-46.960,-17.168,5.660,-8.732,10.406,-0.687,-0.777,1.037,
18:16:54.161,37.657,-41.300,-25.900,-47.048,-16.926,5.748,-8.974,10.657,-0.878,-0.832,1.210,
18:16:54.178,37.673,-42.700,-23.100,-47.215,-16.455,4.515,-6.645,8.034,-0.675,-0.700,0.972,
18:16:54.196,37.692,-42.700,-23.100,-47.399,-15.916,4.699,-7.184,8.584,-0.588,-0.610,0.848,
18:16:54.204,37.699,-42.700,-23.100,-47.469,-15.707,4.769,-7.393,8.797,-0.585,-0.531,0.790,
18:16:54.221,37.716,-42.700,-23.100,-47.635,-15.196,4.935,-7.904,9.318,-0.624,-0.501,0.800,
18:16:54.237,37.732,-44.800,-24.000,-47.779,-14.738,2.979,-9.262,9.730,-0.852,-0.230,0.882,
18:16:54.246,37.741,-44.800,-24.000,-47.853,-14.493,3.053,-9.507,9.985,-1.148,0.006,1.148,
18:16:54.262,37.757,-44.800,-24.000,-47.997,-14.009,3.197,-9.991,10.490,-1.334,0.111,1.339,
18:16:54.270,37.765,-44.800,-24.000,-48.064,-13.778,3.264,-10.222,10.730,-1.566,0.147,1.573,
18:16:54.287,37.782,-44.800,-24.000,-48.204,-13.281,3.404,-10.719,11.246,-1.720,0.162,1.728,
18:16:54.306,37.801,-43.700,-20.900,-48.354,-12.723,4.654,-8.177,9.409,-1.504,-0.006,1.504,
18:16:54.314,37.809,-43.700,-20.900,-48.418,-12.478,4.718,-8.422,9.654,-1.244,-0.272,1.273,
18:16:54.331,37.827,-43.700,-20.900,-48.550,-11.955,4.850,-8.945,10.175,-1.176,-0.399,1.242,
18:16:54.341,37.836,-43.700,-20.900,-48.616,-11.681,4.916,-9.219,10.448,-1.151,-0.553,1.277,
18:16:54.358,37.853,-43.700,-20.900,-48.735,-11.175,5.035,-9.725,10.951,-1.181,-0.643,1.345,
18:16:54.374,37.870,-45.600,-19.000,-48.846,-10.679,3.246,-8.321,8.932,-1.021,-0.476,1.127,
18:16:54.382,37.877,-45.600,-19.000,-48.895,-10.455,3.295,-8.545,9.159,-0.898,-0.283,0.941,
18:16:54.398,37.893,-45.600,-19.000,-48.996,-9.970,3.396,-9.030,9.647,-0.883,-0.210,0.907,
18:16:54.417,37.913,-45.600,-19.000,-49.110,-9.390,3.510,-9.610,10.231,-0.943,-0.174,0.959,
18:16:54.434,37.929,-45.600,-19.000,-49.203,-8.891,3.603,-10.109,10.732,-1.068,-0.170,1.082,
18:16:54.441,37.936,-45.600,-19.000,-49.242,-8.676,3.642,-10.324,10.948,-1.268,-0.199,1.284,
18:16:54.457,37.952,-45.600,-19.000,-49.324,-8.195,3.724,-10.805,11.428,-1.390,-0.214,1.406,
18:16:54.474,37.970,-45.600,-19.000,-49.409,-7.665,3.809,-11.335,11.958,-1.532,-0.243,1.552,
18:16:54.482,37.977,-45.600,-19.000,-49.444,-7.434,3.844,-11.566,12.188,-1.719,-0.302,1.745,
18:16:54.500,37.995,-47.500,-17.100,-49.521,-6.903,2.021,-10.197,10.395,-1.623,-0.109,1.627,
18:16:54.516,38.011,-47.500,-17.100,-49.587,-6.413,2.087,-10.687,10.889,-1.576,0.034,1.576,
18:16:54.524,38.019,-47.500,-17.100,-49.618,-6.169,2.118,-10.931,11.134,-1.553,0.143,1.560,
18:16:54.540,38.036,-47.500,-17.100,-49.678,-5.668,2.178,-11.432,11.638,-1.582,0.193,1.594,
18:16:54.556,38.051,-49.400,-13.300,-49.730,-5.186,0.330,-8.114,8.121,-1.162,0.443,1.244,
18:16:54.565,38.060,-49.400,-13.300,-49.756,-4.932,0.356,-8.368,8.375,-0.776,0.644,1.009,
18:16:54.581,38.076,-49.400,-13.300,-49.802,-4.443,0.402,-8.857,8.866,-0.631,0.737,0.970,
18:16:54.590,38.085,-49.400,-13.300,-49.826,-4.174,0.426,-9.126,9.136,-0.586,0.753,0.954,
18:16:54.607,38.103,-49.400,-13.300,-49.869,-3.622,0.469,-9.678,9.689,-0.605,0.756,0.969,
18:16:54.626,38.121,-47.500,-11.400,-49.906,-3.066,2.406,-8.334,8.675,-0.487,0.473,0.679,
18:16:54.634,38.129,-47.500,-11.400,-49.921,-2.815,2.421,-8.585,8.920,-0.475,0.093,0.484,
18:16:54.650,38.145,-47.500,-11.400,-49.946,-2.332,2.446,-9.068,9.392,-0.512,-0.090,0.520,
18:16:54.668,38.163,-47.500,-11.400,-49.969,-1.769,2.469,-9.631,9.943,-0.627,-0.230,0.668,
18:16:54.686,38.182,-47.500,-9.500,-49.985,-1.206,2.485,-8.294,8.658,-0.568,-0.331,0.658,
18:16:54.696,38.191,-47.500,-9.500,-49.992,-0.919,2.492,-8.581,8.935,-0.593,-0.399,0.715,
18:16:54.713,38.208,-47.500,-9.500,-49.998,-0.395,2.498,-9.105,9.442,-0.664,-0.441,0.797,
18:16:54.721,38.217,-47.500,-9.500,-50.000,-0.138,2.500,-9.362,9.690,-0.820,-0.444,0.932,
18:16:54.738,38.233,-47.500,-9.500,-49.999,0.358,2.499,-9.858,10.170,-0.947,-0.451,1.049,
18:16:54.756,38.251,-48.400,-4.400,-49.991,0.924,1.591,-5.324,5.557,-0.497,-0.333,0.598,
18:16:54.764,38.260,-48.400,-4.400,-49.986,1.179,1.586,-5.579,5.800,-0.054,-0.171,0.180,
18:16:54.780,38.275,-48.400,-4.400,-49.973,1.646,1.573,-6.046,6.247,0.100,-0.093,0.137,
18:16:54.797,38.292,-48.400,-4.400,-49.953,2.174,1.553,-6.574,6.755,0.114,-0.035,0.120,
18:16:54.814,38.310,-48.400,-4.400,-49.927,2.705,1.527,-7.105,7.267,0.013,0.007,0.015,
18:16:54.823,38.318,-48.400,-4.400,-49.913,2.954,1.513,-7.354,7.508,-0.219,0.033,0.221,
18:16:54.839,38.334,-48.400,-4.400,-49.880,3.457,1.480,-7.857,7.995,-0.379,0.053,0.382,
18:16:54.855,38.351,-48.400,-4.400,-49.843,3.955,1.443,-8.355,8.479,-0.586,0.062,0.589,
18:16:54.865,38.360,-48.400,-4.400,-49.819,4.246,1.419,-8.646,8.761,-0.847,0.055,0.848,
18:16:54.881,38.376,-50.600,-4.400,-49.775,4.736,-0.825,-9.136,9.173,-1.044,0.328,1.094,
18:16:54.897,38.393,-50.600,-4.400,-49.725,5.234,-0.875,-9.634,9.674,-1.246,0.532,1.355,
18:16:54.917,38.413,-50.600,-4.400,-49.658,5.842,-0.942,-10.242,10.286,-1.443,0.661,1.587,
18:16:54.935,38.431,-50.600,-2.200,-49.589,6.397,-1.011,-8.597,8.656,-1.341,0.724,1.525,
18:16:54.944,38.439,-50.600,-2.200,-49.557,6.643,-1.043,-8.843,8.904,-1.216,0.719,1.412,
18:16:54.962,38.457,-50.600,-2.200,-49.481,7.188,-1.119,-9.388,9.455,-1.230,0.731,1.431,
18:16:54.970,38.465,-50.600,-2.200,-49.444,7.438,-1.156,-9.638,9.707,-1.257,0.680,1.429,
18:16:54.986,38.482,-50.600,-2.200,-49.366,7.936,-1.234,-10.136,10.210,-1.323,0.664,1.480,
18:16:54.995,38.490,-48.400,-0.000,-49.326,8.180,0.926,-8.180,8.232,-1.007,0.196,1.026,
18:16:55.012,38.507,-48.400,-0.000,-49.236,8.709,0.836,-8.709,8.749,-0.918,-0.007,0.918,
18:16:55.030,38.525,-48.400,-0.000,-49.137,9.250,0.737,-9.250,9.280,-0.908,-0.163,0.922,
18:16:55.047,38.543,-48.400,-0.000,-49.036,9.769,0.636,-9.769,9.790,-0.967,-0.260,1.001,
18:16:55.067,38.562,-50.600,0.000,-48.916,10.357,-1.684,-10.357,10.493,-1.079,-0.024,1.079,
18:16:55.088,38.584,-50.600,0.000,-48.774,11.005,-1.826,-11.005,11.156,-1.231,0.171,1.243,
18:16:55.107,38.603,-50.600,0.000,-48.641,11.580,-1.959,-11.580,11.744,-1.405,0.330,1.443,
18:16:55.130,38.625,-50.600,2.200,-48.475,12.253,-2.125,-10.053,10.275,-1.310,0.445,1.383,
18:16:55.148,38.644,-50.600,2.200,-48.332,12.806,-2.268,-10.606,10.846,-1.288,0.524,1.391,
18:16:55.167,38.663,-50.600,2.200,-48.181,13.363,-2.419,-11.163,11.422,-1.333,0.578,1.452,
18:16:55.189,38.684,-48.400,4.400,-47.997,14.011,-0.403,-9.611,9.619,-1.155,0.343,1.205,
18:16:55.208,38.703,-48.400,4.400,-47.830,14.571,-0.570,-10.171,10.187,-1.089,0.172,1.103,
18:16:55.227,38.722,-48.400,4.400,-47.657,15.128,-0.743,-10.728,10.754,-1.116,0.077,1.119,
18:16:55.246,38.741,-48.400,6.600,-47.475,15.689,-0.925,-9.089,9.136,-0.920,0.040,0.921,
18:16:55.254,38.749,-48.400,6.600,-47.400,15.914,-1.000,-9.314,9.368,-0.793,0.045,0.795,
18:16:55.270,38.765,-48.400,6.600,-47.243,16.372,-1.157,-9.772,9.841,-0.776,0.057,0.778,
18:16:55.285,38.781,-48.400,6.600,-47.085,16.824,-1.315,-10.224,10.308,-0.837,0.094,0.842,
18:16:55.293,38.789,-48.400,6.600,-47.003,17.050,-1.397,-10.450,10.543,-0.988,0.163,1.002,
18:16:55.310,38.805,-48.400,8.800,-46.830,17.521,-1.570,-8.721,8.861,-0.829,0.209,0.855,
18:16:55.327,38.822,-48.400,8.800,-46.642,18.015,-1.758,-9.215,9.381,-0.773,0.269,0.818,
18:16:55.345,38.841,-48.400,8.800,-46.435,18.542,-1.965,-9.742,9.938,-0.809,0.336,0.876,
18:16:55.354,38.849,-48.400,8.800,-46.338,18.782,-2.062,-9.982,10.193,-0.941,0.412,1.027,
18:16:55.371,38.866,-48.400,8.800,-46.139,19.266,-2.261,-10.466,10.708,-1.041,0.469,1.142,
18:16:55.388,38.883,-48.400,8.800,-45.937,19.742,-2.463,-10.942,11.216,-1.183,0.526,1.294,
18:16:55.407,38.903,-48.400,8.800,-45.697,20.294,-2.703,-11.494,11.807,-1.344,0.582,1.465,
18:16:55.425,38.920,-48.400,13.200,-45.474,20.787,-2.926,-7.587,8.132,-0.938,0.633,1.131,
18:16:55.433,38.928,-48.400,13.200,-45.375,21.002,-3.025,-7.802,8.368,-0.542,0.672,0.864,
18:16:55.450,38.945,-48.400,13.200,-45.150,21.482,-3.250,-8.282,8.897,-0.427,0.714,0.832,
18:16:55.466,38.961,-48.400,13.200,-44.935,21.928,-3.465,-8.728,9.391,-0.420,0.753,0.862,
18:16:55.474,38.969,-48.400,13.200,-44.829,22.145,-3.571,-8.945,9.631,-0.514,0.780,0.934,
18:16:55.491,38.986,-48.400,13.200,-44.597,22.607,-3.803,-9.407,10.147,-0.596,0.815,1.010,
18:16:55.508,39.003,-48.400,13.200,-44.362,23.065,-4.038,-9.865,10.659,-0.739,0.850,1.126,
18:16:55.530,39.025,-48.400,13.200,-44.047,23.662,-4.353,-10.462,11.331,-0.916,0.891,1.278,
18:16:55.547,39.043,-46.200,15.400,-43.786,24.141,-2.414,-8.741,9.069,-0.830,0.633,1.044,
18:16:55.566,39.061,-46.200,15.400,-43.510,24.635,-2.690,-9.235,9.618,-0.834,0.476,0.960,
18:16:55.573,39.069,-46.200,15.400,-43.399,24.830,-2.801,-9.430,9.837,-0.888,0.339,0.951,
18:16:55.590,39.086,-46.200,15.400,-43.135,25.286,-3.065,-9.886,10.351,-0.958,0.300,1.004,
18:16:55.607,39.103,-46.200,17.600,-42.872,25.730,-3.328,-8.130,8.785,-0.788,0.311,0.847,
18:16:55.628,39.123,-46.200,17.600,-42.540,26.274,-3.660,-8.674,9.414,-0.733,0.362,0.817,
18:16:55.647,39.143,-46.200,17.600,-42.223,26.781,-3.977,-9.181,10.006,-0.767,0.447,0.887,
18:16:55.667,39.162,-46.200,19.800,-41.908,27.272,-4.292,-7.472,8.617,-0.575,0.547,0.794,
18:16:55.674,39.169,-46.200,19.800,-41.788,27.455,-4.412,-7.655,8.835,-0.435,0.682,0.809,
18:16:55.690,39.186,-46.200,19.800,-41.510,27.873,-4.690,-8.073,9.337,-0.420,0.762,0.870,
18:16:55.706,39.201,-46.200,19.800,-41.243,28.266,-4.957,-8.466,9.811,-0.482,0.844,0.972,
18:16:55.714,39.210,-46.200,19.800,-41.105,28.468,-5.095,-8.668,10.055,-0.626,0.930,1.121,
18:16:55.730,39.225,-44.000,22.000,-40.824,28.868,-3.176,-6.868,7.567,-0.465,0.731,0.867,
18:16:55.748,39.243,-44.000,22.000,-40.507,29.312,-3.493,-7.312,8.103,-0.407,0.599,0.724,
18:16:55.765,39.261,-44.000,22.000,-40.191,29.743,-3.809,-7.743,8.630,-0.438,0.531,0.688,
18:16:55.773,39.268,-44.000,22.000,-40.060,29.919,-3.940,-7.919,8.845,-0.566,0.495,0.752,
18:16:55.789,39.285,-44.000,24.200,-39.747,30.334,-4.253,-6.134,7.464,-0.390,0.502,0.636,
18:16:55.807,39.302,-44.000,24.200,-39.424,30.752,-4.576,-6.552,7.992,-0.319,0.550,0.636,
18:16:55.815,39.310,-44.000,24.200,-39.275,30.943,-4.725,-6.743,8.234,-0.332,0.644,0.725,
18:16:55.830,39.325,-44.000,24.200,-38.987,31.306,-5.013,-7.106,8.696,-0.374,0.712,0.804,
18:16:55.847,39.342,-44.000,26.400,-38.657,31.712,-5.343,-5.312,7.534,-0.200,0.795,0.820,
18:16:55.855,39.350,-44.000,26.400,-38.506,31.895,-5.494,-5.495,7.771,-0.086,0.906,0.910,
18:16:55.872,39.367,-44.000,26.400,-38.172,32.294,-5.828,-5.894,8.289,-0.074,0.986,0.988,
18:16:55.880,39.375,-44.000,26.400,-38.012,32.482,-5.988,-6.082,8.535,-0.160,1.078,1.090,
18:16:55.897,39.392,-44.000,26.400,-37.677,32.870,-6.323,-6.470,9.046,-0.240,1.152,1.177,
18:16:55.915,39.411,-41.800,26.400,-37.296,33.302,-4.504,-6.902,8.242,-0.373,0.967,1.036,
18:16:55.923,39.418,-41.800,26.400,-37.148,33.466,-4.652,-7.066,8.460,-0.606,0.729,0.948,
18:16:55.940,39.435,-41.800,26.400,-36.792,33.857,-5.008,-7.457,8.983,-0.743,0.663,0.996,
18:16:55.957,39.452,-41.800,26.400,-36.444,34.232,-5.356,-7.832,9.488,-0.896,0.652,1.108,
18:16:55.976,39.471,-41.800,26.400,-36.042,34.655,-5.758,-8.255,10.064,-1.048,0.690,1.255,
18:16:55.985,39.480,-41.800,26.400,-35.850,34.854,-5.950,-8.454,10.338,-1.206,0.774,1.433,
18:16:56.001,39.496,-41.800,26.400,-35.507,35.203,-6.293,-8.803,10.821,-1.322,0.844,1.569,
18:16:56.011,39.506,-41.800,26.400,-35.292,35.419,-6.508,-9.019,11.122,-1.426,0.942,1.709,
18:16:56.027,39.522,-41.800,26.400,-34.932,35.774,-6.868,-9.374,11.620,-1.515,1.026,1.830,
18:16:56.036,39.532,-39.600,30.800,-34.733,35.967,-4.867,-5.167,7.098,-0.823,0.750,1.114,
18:16:56.053,39.548,-39.600,30.800,-34.374,36.310,-5.226,-5.510,7.594,-0.509,0.645,0.822,
18:16:56.061,39.556,-39.600,30.800,-34.188,36.485,-5.412,-5.685,7.850,-0.207,0.567,0.604,
18:16:56.077,39.572,-39.600,30.800,-33.838,36.810,-5.762,-6.010,8.326,-0.090,0.562,0.569,
18:16:56.095,39.590,-39.600,30.800,-33.425,37.185,-6.175,-6.385,8.883,-0.069,0.609,0.613,
18:16:56.107,39.602,-39.600,30.800,-33.157,37.425,-6.443,-6.625,9.241,-0.139,0.703,0.717,
18:16:56.124,39.619,-39.600,30.800,-32.766,37.767,-6.834,-6.967,9.759,-0.227,0.801,0.832,
18:16:56.132,39.627,-39.600,30.800,-32.572,37.935,-7.028,-7.135,10.016,-0.404,0.938,1.021,
18:16:56.149,39.645,-37.400,33.000,-32.171,38.276,-5.229,-5.276,7.429,-0.258,0.780,0.821,
18:16:56.167,39.662,-37.400,33.000,-31.746,38.629,-5.654,-5.629,7.978,-0.202,0.696,0.725,
18:16:56.184,39.679,-37.400,33.000,-31.355,38.947,-6.045,-5.947,8.480,-0.224,0.681,0.717,
18:16:56.191,39.686,-37.400,33.000,-31.186,39.083,-6.214,-6.083,8.696,-0.326,0.718,0.789,
18:16:56.208,39.703,-35.200,33.000,-30.778,39.405,-4.422,-6.405,7.783,-0.395,0.505,0.641,
18:16:56.226,39.721,-35.200,33.000,-30.338,39.744,-4.862,-6.744,8.314,-0.502,0.395,0.639,
18:16:56.233,39.729,-35.200,33.000,-30.158,39.881,-5.042,-6.881,8.530,-0.677,0.352,0.763,
18:16:56.249,39.744,-35.200,33.000,-29.783,40.162,-5.417,-7.162,8.980,-0.783,0.363,0.863,
18:16:56.265,39.761,-35.200,35.200,-29.366,40.468,-5.834,-5.268,7.860,-0.624,0.435,0.761,
18:16:56.274,39.770,-35.200,35.200,-29.149,40.625,-6.051,-5.425,8.127,-0.476,0.581,0.751,
18:16:56.291,39.787,-35.200,35.200,-28.723,40.927,-6.477,-5.727,8.646,-0.437,0.693,0.819,
18:16:56.301,39.796,-35.200,35.200,-28.489,41.090,-6.711,-5.890,8.929,-0.443,0.856,0.964,
18:16:56.318,39.813,-35.200,35.200,-28.057,41.386,-7.143,-6.186,9.450,-0.477,0.983,1.092,
18:16:56.337,39.832,-33.000,37.400,-27.565,41.716,-5.435,-4.316,6.940,-0.284,0.861,0.907,
18:16:56.355,39.851,-33.000,37.400,-27.090,42.025,-5.910,-4.625,7.504,-0.184,0.808,0.829,
18:16:56.364,39.859,-33.000,37.400,-26.886,42.156,-6.114,-4.756,7.746,-0.151,0.787,0.802,
18:16:56.381,39.877,-33.000,37.400,-26.426,42.446,-6.574,-5.046,8.287,-0.160,0.822,0.837,
18:16:56.399,39.894,-35.200,37.400,-25.958,42.734,-9.242,-5.334,10.671,-0.225,1.175,1.197,
18:16:56.416,39.912,-35.200,37.400,-25.502,43.008,-9.698,-5.608,11.203,-0.327,1.486,1.522,
18:16:56.425,39.920,-35.200,37.400,-25.288,43.134,-9.912,-5.734,11.451,-0.482,1.796,1.859,
18:16:56.443,39.938,-35.200,37.400,-24.805,43.413,-10.395,-6.013,12.009,-0.577,1.980,2.062,
18:16:56.453,39.949,-33.000,35.200,-24.529,43.570,-8.471,-8.370,11.908,-1.057,1.761,2.054,
18:16:56.474,39.970,-33.000,35.200,-23.960,43.885,-9.040,-8.685,12.536,-1.330,1.703,2.161,
18:16:56.483,39.978,-33.000,35.200,-23.725,44.013,-9.275,-8.813,12.794,-1.606,1.595,2.263,
18:16:56.506,40.001,-33.000,35.200,-23.111,44.338,-9.889,-9.138,13.465,-1.760,1.601,2.379,
18:16:56.516,40.011,-30.800,39.600,-22.847,44.475,-7.953,-4.875,9.328,-1.052,1.215,1.607,
18:16:56.533,40.028,-30.800,39.600,-22.373,44.715,-8.427,-5.115,9.857,-0.735,1.069,1.297,
18:16:56.541,40.037,-30.800,39.600,-22.143,44.829,-8.657,-5.229,10.113,-0.397,0.963,1.041,
18:16:56.561,40.057,-30.800,39.600,-21.585,45.101,-9.215,-5.501,10.732,-0.269,0.955,0.992,
18:16:56.571,40.066,-26.400,39.600,-21.337,45.219,-5.063,-5.619,7.563,-0.196,0.226,0.299,
18:16:56.587,40.083,-26.400,39.600,-20.867,45.437,-5.533,-5.837,8.043,-0.176,-0.074,0.191,
18:16:56.606,40.101,-26.400,39.600,-20.355,45.669,-6.045,-6.069,8.566,-0.212,-0.204,0.294,
18:16:56.614,40.109,-26.400,39.600,-20.129,45.769,-6.271,-6.169,8.797,-0.330,-0.179,0.376,
18:16:56.633,40.128,-26.400,41.800,-19.594,46.001,-6.806,-4.201,7.998,-0.140,-0.128,0.190,
18:16:56.642,40.137,-26.400,41.800,-19.349,46.105,-7.051,-4.305,8.262,0.009,0.089,0.089,
18:16:56.658,40.153,-26.400,41.800,-18.889,46.295,-7.511,-4.495,8.753,0.064,0.243,0.251,
18:16:56.677,40.173,-26.400,41.800,-18.325,46.521,-8.075,-4.721,9.354,0.053,0.446,0.449,
18:16:56.695,40.191,-26.400,41.800,-17.817,46.718,-8.583,-4.918,9.892,-0.021,0.693,0.694,
18:16:56.704,40.200,-26.400,41.800,-17.555,46.817,-8.845,-5.017,10.168,-0.155,0.980,0.992,
18:16:56.721,40.216,-26.400,41.800,-17.080,46.992,-9.320,-5.192,10.669,-0.239,1.179,1.204,
18:16:56.738,40.233,-26.400,41.800,-16.600,47.164,-9.800,-5.364,11.172,-0.338,1.371,1.412,
18:16:56.757,40.253,-24.200,41.800,-16.021,47.364,-8.179,-5.564,9.892,-0.437,1.284,1.356,
18:16:56.776,40.271,-24.200,41.800,-15.474,47.545,-8.726,-5.745,10.448,-0.536,1.249,1.360,
18:16:56.785,40.280,-24.200,41.800,-15.221,47.627,-8.979,-5.827,10.704,-0.641,1.221,1.379,
18:16:56.801,40.297,-24.200,41.800,-14.743,47.777,-9.457,-5.977,11.188,-0.710,1.262,1.448,
18:16:56.810,40.306,-24.200,41.800,-14.478,47.858,-9.722,-6.058,11.455,-0.772,1.326,1.534,
18:16:56.827,40.322,-22.000,41.800,-13.994,48.002,-8.006,-6.202,10.127,-0.820,1.140,1.405,
18:16:56.847,40.342,-22.000,41.800,-13.398,48.172,-8.602,-6.372,10.705,-0.862,1.056,1.363,
18:16:56.855,40.351,-22.000,41.800,-13.152,48.239,-8.848,-6.439,10.943,-0.890,1.014,1.349,
18:16:56.871,40.366,-22.000,41.800,-12.698,48.361,-9.302,-6.561,11.383,-0.913,1.035,1.380,
18:16:56.886,40.382,-22.000,46.200,-12.234,48.480,-9.766,-2.280,10.029,-0.364,1.109,1.167,
18:16:56.894,40.390,-22.000,46.200,-12.001,48.539,-9.999,-2.339,10.269,0.212,1.242,1.260,
18:16:56.912,40.407,-22.000,46.200,-11.489,48.662,-10.511,-2.462,10.796,0.461,1.343,1.420,
18:16:56.921,40.416,-22.000,46.200,-11.219,48.725,-10.781,-2.525,11.073,0.632,1.492,1.621,
18:16:56.939,40.434,-22.000,46.200,-10.677,48.847,-11.323,-2.647,11.629,0.709,1.612,1.761,
18:16:56.956,40.451,-19.800,46.200,-10.166,48.956,-9.634,-2.756,10.020,0.693,1.471,1.627,
18:16:56.966,40.461,-19.800,46.200,-9.874,49.015,-9.926,-2.815,10.318,0.580,1.357,1.476,
18:16:56.983,40.479,-19.800,46.200,-9.343,49.119,-10.457,-2.919,10.857,0.506,1.346,1.438,
18:16:56.992,40.487,-19.800,46.200,-9.093,49.166,-10.707,-2.966,11.110,0.336,1.381,1.422,
18:16:57.008,40.503,-19.800,46.200,-8.607,49.254,-11.193,-3.054,11.602,0.242,1.436,1.456,
18:16:57.025,40.521,-15.400,46.200,-8.079,49.343,-7.321,-3.143,7.967,0.135,0.990,0.999,
18:16:57.033,40.529,-15.400,46.200,-7.834,49.382,-7.566,-3.182,8.208,-0.017,0.553,0.553,
18:16:57.052,40.547,-15.400,46.200,-7.283,49.467,-8.117,-3.267,8.749,-0.103,0.401,0.414,
18:16:57.069,40.564,-15.400,46.200,-6.755,49.542,-8.645,-3.342,9.269,-0.186,0.384,0.427,
18:16:57.087,40.582,-13.200,46.200,-6.220,49.612,-6.980,-3.412,7.769,-0.258,0.190,0.320,
18:16:57.095,40.590,-13.200,46.200,-5.971,49.642,-7.229,-3.442,8.007,-0.322,0.118,0.343,
18:16:57.114,40.609,-13.200,46.200,-5.387,49.709,-7.813,-3.509,8.565,-0.368,0.132,0.391,
18:16:57.122,40.617,-13.200,46.200,-5.146,49.734,-8.054,-3.534,8.795,-0.398,0.311,0.505,
18:16:57.138,40.633,-13.200,46.200,-4.659,49.782,-8.541,-3.582,9.262,-0.424,0.436,0.608,
18:16:57.156,40.652,-13.200,46.200,-4.091,49.832,-9.109,-3.632,9.807,-0.441,0.618,0.759,
18:16:57.165,40.660,-13.200,46.200,-3.842,49.852,-9.358,-3.652,10.046,-0.442,0.911,1.012,
18:16:57.182,40.677,-13.200,46.200,-3.325,49.889,-9.875,-3.689,10.542,-0.448,1.099,1.187,
18:16:57.189,40.685,-13.200,46.200,-3.088,49.905,-10.112,-3.705,10.769,-0.443,1.347,1.418,
18:16:57.208,40.703,-13.200,46.200,-2.515,49.937,-10.685,-3.737,11.319,-0.444,1.516,1.580,
18:16:57.225,40.720,-13.200,48.400,-1.991,49.960,-11.209,-1.560,11.318,-0.161,1.692,1.699,
18:16:57.234,40.730,-13.200,48.400,-1.713,49.971,-11.487,-1.571,11.594,0.117,1.860,1.864,
18:16:57.254,40.749,-13.200,48.400,-1.106,49.988,-12.094,-1.588,12.198,0.250,2.002,2.017,
18:16:57.263,40.758,-13.200,48.400,-0.848,49.993,-12.352,-1.593,12.454,0.336,2.120,2.147,
18:16:57.279,40.774,-8.800,48.400,-0.362,49.999,-8.438,-1.599,8.588,0.381,1.680,1.723,
18:16:57.296,40.792,-8.800,48.400,0.174,50.000,-8.974,-1.600,9.116,0.388,1.375,1.429,
18:16:57.306,40.801,-8.800,48.400,0.456,49.998,-9.256,-1.598,9.393,0.339,1.106,1.157,
18:16:57.322,40.817,-8.800,48.400,0.954,49.991,-9.754,-1.591,9.883,0.313,1.010,1.057,
18:16:57.331,40.826,-8.800,48.400,1.217,49.985,-10.017,-1.585,10.142,0.244,0.996,1.026,
18:16:57.347,40.842,-6.600,46.200,1.718,49.970,-8.318,-3.770,9.133,-0.052,0.761,0.763,
18:16:57.365,40.860,-6.600,46.200,2.272,49.948,-8.872,-3.748,9.632,-0.292,0.659,0.720,
18:16:57.373,40.868,-6.600,46.200,2.520,49.936,-9.120,-3.736,9.855,-0.542,0.674,0.865,
18:16:57.389,40.885,-6.600,46.200,3.023,49.909,-9.623,-3.709,10.313,-0.659,0.714,0.972,
18:16:57.407,40.903,-4.400,48.400,3.569,49.872,-7.969,-1.472,8.104,-0.452,0.562,0.721,
18:16:57.428,40.923,-4.400,48.400,4.208,49.823,-8.608,-1.423,8.724,-0.276,0.545,0.611,
18:16:57.447,40.943,-4.400,48.400,4.798,49.769,-9.198,-1.369,9.300,-0.128,0.640,0.652,
18:16:57.465,40.960,-4.400,48.400,5.337,49.714,-9.737,-1.314,9.825,-0.018,0.801,0.801,
18:16:57.473,40.968,-4.400,48.400,5.581,49.688,-9.981,-1.288,10.064,0.069,1.044,1.046,
18:16:57.491,40.986,-4.400,48.400,6.134,49.622,-10.534,-1.222,10.605,0.124,1.196,1.202,
18:16:57.509,41.004,-4.400,48.400,6.669,49.553,-11.069,-1.153,11.129,0.157,1.375,1.384,
18:16:57.527,41.022,-2.200,48.400,7.232,49.474,-9.432,-1.074,9.493,0.174,1.280,1.291,
18:16:57.545,41.040,-2.200,48.400,7.760,49.394,-9.960,-0.994,10.010,0.178,1.257,1.269,
18:16:57.552,41.047,-2.200,48.400,7.976,49.360,-10.176,-0.960,10.221,0.150,1.265,1.274,
18:16:57.570,41.065,-2.200,48.400,8.521,49.269,-10.721,-0.869,10.756,0.158,1.319,1.328,
18:16:57.588,41.083,2.200,50.600,9.078,49.169,-6.878,1.431,7.026,0.432,0.874,0.975,
18:16:57.606,41.101,2.200,50.600,9.616,49.067,-7.416,1.533,7.573,0.633,0.599,0.872,
18:16:57.613,41.109,2.200,50.600,9.832,49.024,-7.632,1.576,7.793,0.797,0.404,0.894,
18:16:57.630,41.125,2.200,50.600,10.326,48.922,-8.126,1.678,8.297,0.882,0.358,0.952,
18:16:57.648,41.144,4.400,48.400,10.889,48.800,-6.489,-0.400,6.501,0.658,0.153,0.675,
18:16:57.671,41.166,4.400,48.400,11.565,48.644,-7.165,-0.244,7.169,0.476,0.116,0.490,
18:16:57.689,41.185,4.400,48.400,12.114,48.510,-7.714,-0.110,7.715,0.325,0.220,0.393,
18:16:57.708,41.203,6.600,50.600,12.662,48.370,-6.062,2.230,6.459,0.521,0.104,0.531,
18:16:57.725,41.220,6.600,50.600,13.179,48.232,-6.579,2.368,6.992,0.667,0.120,0.677,
18:16:57.735,41.230,6.600,50.600,13.462,48.154,-6.862,2.446,7.285,0.792,0.239,0.827,
18:16:57.753,41.248,6.600,50.600,13.992,48.002,-7.392,2.598,7.835,0.856,0.357,0.928,
18:16:57.761,41.257,6.600,50.600,14.225,47.934,-7.625,2.666,8.078,0.898,0.580,1.069,
18:16:57.777,41.272,6.600,50.600,14.687,47.794,-8.087,2.806,8.560,0.923,0.735,1.180,
18:16:57.795,41.290,6.600,50.600,15.214,47.629,-8.614,2.971,9.112,0.935,0.916,1.309,
18:16:57.802,41.297,6.600,50.600,15.420,47.563,-8.820,3.037,9.328,0.915,1.163,1.480,
18:16:57.819,41.314,6.600,50.600,15.914,47.400,-9.314,3.200,9.848,0.915,1.322,1.608,
18:16:57.837,41.332,8.800,48.400,16.422,47.226,-7.622,1.174,7.712,0.638,1.212,1.369,
18:16:57.855,41.350,8.800,48.400,16.928,47.047,-8.128,1.353,8.240,0.429,1.163,1.240,
18:16:57.863,41.358,8.800,48.400,17.170,46.960,-8.370,1.440,8.493,0.242,1.132,1.158,
18:16:57.879,41.375,8.800,48.400,17.638,46.786,-8.838,1.614,8.984,0.159,1.166,1.177,
18:16:57.897,41.392,11.000,50.600,18.134,46.596,-7.134,4.004,8.181,0.403,0.964,1.045,
18:16:57.905,41.401,11.000,50.600,18.377,46.501,-7.377,4.099,8.439,0.711,0.788,1.061,
18:16:57.923,41.418,11.000,50.600,18.886,46.296,-7.886,4.304,8.984,0.859,0.753,1.142,
18:16:57.932,41.427,11.000,50.600,19.121,46.199,-8.121,4.401,9.237,1.023,0.787,1.291,
18:16:57.948,41.443,11.000,50.600,19.591,46.002,-8.591,4.598,9.744,1.111,0.844,1.395,
18:16:57.967,41.463,13.200,50.600,20.124,45.772,-6.924,4.828,8.441,1.177,0.689,1.364,
18:16:57.976,41.471,13.200,50.600,20.361,45.666,-7.161,4.934,8.696,1.213,0.585,1.347,
18:16:57.993,41.488,13.200,50.600,20.828,45.456,-7.628,5.144,9.200,1.242,0.580,1.371,
18:16:58.002,41.497,13.200,50.600,21.071,45.343,-7.871,5.257,9.465,1.244,0.656,1.406,
18:16:58.018,41.514,13.200,50.600,21.530,45.127,-8.330,5.473,9.967,1.255,0.736,1.455,
18:16:58.037,41.532,11.000,48.400,22.040,44.880,-11.040,3.520,11.588,0.996,1.131,1.508,
18:16:58.045,41.540,11.000,48.400,22.250,44.777,-11.250,3.623,11.819,0.676,1.645,1.779,
18:16:58.061,41.556,11.000,48.400,22.686,44.557,-11.686,3.843,12.301,0.546,1.909,1.986,
18:16:58.076,41.572,11.000,48.400,23.110,44.339,-12.110,4.061,12.773,0.473,2.130,2.181,
18:16:58.094,41.589,15.400,48.400,23.590,44.085,-8.190,4.315,9.257,0.453,1.754,1.811,
18:16:58.102,41.598,15.400,48.400,23.810,43.967,-8.410,4.433,9.507,0.489,1.302,1.391,
18:16:58.119,41.614,15.400,48.400,24.252,43.725,-8.852,4.675,10.010,0.516,1.139,1.250,
18:16:58.137,41.633,15.400,48.400,24.741,43.450,-9.341,4.950,10.572,0.572,1.065,1.209,
18:16:58.147,41.642,15.400,48.400,24.989,43.307,-9.589,5.093,10.858,0.671,1.052,1.248,
18:16:58.163,41.659,17.600,46.200,25.431,43.050,-7.831,3.150,8.441,0.471,0.810,0.937,
18:16:58.172,41.667,17.600,46.200,25.645,42.923,-8.045,3.277,8.687,0.282,0.620,0.681,
18:16:58.188,41.683,17.600,46.200,26.071,42.665,-8.471,3.535,9.179,0.214,0.559,0.599,
18:16:58.205,41.700,17.600,46.200,26.522,42.386,-8.922,3.814,9.703,0.209,0.590,0.625,
18:16:58.213,41.709,17.600,46.200,26.734,42.253,-9.134,3.947,9.950,0.267,0.729,0.776,
18:16:58.230,41.725,19.800,46.200,27.151,41.986,-7.351,4.214,8.473,0.317,0.558,0.641,
18:16:58.248,41.743,19.800,46.200,27.611,41.685,-7.811,4.515,9.022,0.400,0.496,0.637,
18:16:58.267,41.762,19.800,46.200,28.097,41.359,-8.297,4.841,9.606,0.506,0.531,0.734,
18:16:58.284,41.779,19.800,44.000,28.529,41.062,-8.729,2.938,9.210,0.332,0.642,0.723,
18:16:58.291,41.786,19.800,44.000,28.710,40.936,-8.910,3.064,9.422,0.164,0.845,0.861,
18:16:58.308,41.803,19.800,44.000,29.127,40.640,-9.327,3.360,9.914,0.133,0.959,0.968,
18:16:58.328,41.824,19.800,44.000,29.638,40.269,-9.838,3.731,10.522,0.162,1.101,1.113,
18:16:58.347,41.842,22.000,41.800,30.091,39.932,-8.091,1.868,8.303,-0.040,0.980,0.981,
18:16:58.365,41.860,22.000,41.800,30.528,39.599,-8.528,2.201,8.808,-0.129,0.939,0.948,
18:16:58.373,41.868,22.000,41.800,30.728,39.444,-8.728,2.356,9.040,-0.147,0.941,0.953,
18:16:58.389,41.884,22.000,41.800,31.110,39.143,-9.110,2.657,9.489,-0.119,0.979,0.986,
18:16:58.407,41.902,24.200,41.800,31.541,38.796,-7.341,3.004,7.932,-0.038,0.785,0.786,
18:16:58.424,41.919,24.200,41.800,31.948,38.462,-7.748,3.338,8.436,0.087,0.688,0.693,
18:16:58.431,41.927,24.200,41.800,32.120,38.319,-7.920,3.481,8.651,0.273,0.654,0.709,
18:16:58.448,41.943,24.200,41.800,32.505,37.992,-8.305,3.808,9.137,0.391,0.668,0.774,
18:16:58.465,41.960,24.200,41.800,32.906,37.646,-8.706,4.154,9.646,0.522,0.740,0.906,
18:16:58.473,41.968,24.200,41.800,33.073,37.499,-8.873,4.301,9.860,0.677,0.897,1.124,
18:16:58.489,41.984,24.200,41.800,33.446,37.166,-9.246,4.634,10.342,0.788,0.991,1.266,
18:16:58.507,42.002,24.200,41.800,33.852,36.797,-9.652,5.003,10.871,0.898,1.110,1.428,
18:16:58.517,42.012,24.200,41.800,34.078,36.588,-9.878,5.212,11.169,0.996,1.261,1.607,
18:16:58.534,42.029,28.600,39.600,34.457,36.232,-5.857,3.368,6.756,0.818,0.837,1.171,
18:16:58.543,42.038,28.600,39.600,34.649,36.048,-6.049,3.552,7.014,0.612,0.413,0.738,
18:16:58.559,42.055,28.600,39.600,35.018,35.690,-6.418,3.910,7.515,0.553,0.241,0.603,
18:16:58.576,42.072,28.600,39.600,35.393,35.317,-6.793,4.283,8.030,0.545,0.182,0.574,
18:16:58.584,42.080,28.600,39.600,35.562,35.147,-6.962,4.453,8.265,0.569,0.231,0.614,
18:16:58.601,42.096,30.800,39.600,35.913,34.789,-5.113,4.811,7.020,0.615,0.013,0.615,
18:16:58.619,42.114,30.800,39.600,36.294,34.391,-5.494,5.209,7.570,0.692,-0.080,0.697,
18:16:58.637,42.132,30.800,39.600,36.679,33.980,-5.879,5.620,8.133,0.793,-0.059,0.796,
18:16:58.658,42.154,30.800,39.600,37.122,33.496,-6.322,6.104,8.788,0.910,0.043,0.911,
18:16:58.677,42.172,30.800,39.600,37.505,33.066,-6.705,6.534,9.362,1.032,0.212,1.054,
18:16:58.697,42.192,30.800,39.600,37.907,32.605,-7.107,6.995,9.972,1.150,0.396,1.216,
18:16:58.704,42.200,30.800,39.600,38.052,32.435,-7.252,7.165,10.195,1.266,0.655,1.426,
18:16:58.720,42.215,33.000,37.400,38.358,32.073,-5.358,5.327,7.556,1.074,0.521,1.193,
18:16:58.739,42.234,33.000,37.400,38.728,31.624,-5.728,5.776,8.135,0.968,0.467,1.075,
18:16:58.758,42.253,33.000,37.400,39.106,31.156,-6.106,6.244,8.734,0.927,0.477,1.043,
18:16:58.777,42.273,35.200,35.200,39.469,30.695,-4.269,4.505,6.207,0.661,0.254,0.708,
18:16:58.797,42.292,35.200,35.200,39.829,30.227,-4.629,4.973,6.794,0.528,0.152,0.550,
18:16:58.804,42.299,35.200,35.200,39.965,30.046,-4.765,5.154,7.019,0.470,0.119,0.484,
18:16:58.822,42.318,35.200,35.200,40.300,29.596,-5.100,5.604,7.577,0.472,0.135,0.491,
18:16:58.832,42.327,35.200,35.200,40.464,29.372,-5.264,5.828,7.853,0.562,0.227,0.606,
18:16:58.849,42.344,35.200,35.200,40.767,28.949,-5.567,6.251,8.371,0.641,0.306,0.710,
18:16:58.868,42.363,35.200,35.200,41.103,28.470,-5.903,6.730,8.951,0.763,0.417,0.870,
18:16:58.887,42.382,35.200,33.000,41.441,27.976,-6.241,5.024,8.012,0.639,0.551,0.844,
18:16:58.904,42.399,35.200,33.000,41.729,27.545,-6.529,5.455,8.508,0.599,0.689,0.913,
18:16:58.911,42.407,35.200,33.000,41.850,27.360,-6.650,5.640,8.720,0.613,0.846,1.045,
18:16:58.927,42.422,35.200,33.000,42.111,26.956,-6.911,6.044,9.181,0.655,0.943,1.148,
18:16:58.934,42.430,35.200,33.000,42.231,26.768,-7.031,6.232,9.395,0.756,1.044,1.289,
18:16:58.951,42.446,37.400,33.000,42.498,26.342,-5.098,6.658,8.386,0.837,0.862,1.202,
18:16:58.967,42.463,37.400,33.000,42.761,25.914,-5.361,7.086,8.885,0.951,0.725,1.196,
18:16:58.987,42.483,37.400,33.000,43.077,25.384,-5.677,7.616,9.499,1.086,0.655,1.268,
18:16:59.008,42.503,39.600,33.000,43.396,24.835,-3.796,8.165,9.004,1.234,0.368,1.288,
18:16:59.026,42.521,39.600,33.000,43.673,24.344,-4.073,8.656,9.567,1.378,0.201,1.393,
18:16:59.034,42.529,39.600,33.000,43.785,24.143,-4.185,8.857,9.795,1.521,0.111,1.525,
18:16:59.050,42.546,39.600,33.000,44.029,23.696,-4.429,9.304,10.305,1.626,0.081,1.628,
18:16:59.069,42.565,41.800,30.800,44.305,23.174,-2.505,7.626,8.027,1.465,-0.152,1.473,
18:16:59.087,42.583,41.800,30.800,44.556,22.688,-2.756,8.112,8.567,1.359,-0.264,1.385,
18:16:59.106,42.601,41.800,30.800,44.816,22.170,-3.016,8.630,9.142,1.326,-0.276,1.354,
18:16:59.115,42.610,41.800,30.800,44.933,21.933,-3.133,8.867,9.404,1.326,-0.179,1.338,
18:16:59.130,42.626,41.800,28.600,45.138,21.506,-3.338,7.094,7.840,1.075,-0.117,1.082,
18:16:59.147,42.643,41.800,28.600,45.364,21.027,-3.564,7.573,8.370,0.941,-0.022,0.941,
18:16:59.167,42.662,41.800,28.600,45.607,20.493,-3.807,8.107,8.956,0.907,0.098,0.912,
18:16:59.183,42.679,41.800,26.400,45.817,20.021,-4.017,6.379,7.539,0.658,0.233,0.698,
18:16:59.191,42.686,41.800,26.400,45.905,19.818,-4.105,6.582,7.757,0.478,0.405,0.626,
18:16:59.207,42.702,41.800,26.400,46.101,19.357,-4.301,7.043,8.253,0.433,0.500,0.661,
18:16:59.224,42.719,41.800,26.400,46.298,18.880,-4.498,7.520,8.763,0.481,0.590,0.762,
18:16:59.231,42.727,41.800,26.400,46.382,18.674,-4.582,7.726,8.982,0.650,0.684,0.944,
18:16:59.247,42.742,41.800,26.400,46.562,18.221,-4.762,8.179,9.464,0.753,0.749,1.062,
18:16:59.267,42.763,41.800,26.400,46.784,17.643,-4.984,8.757,10.076,0.901,0.807,1.209,
18:16:59.287,42.782,41.800,26.400,46.993,17.078,-5.193,9.322,10.671,1.090,0.854,1.385,
18:16:59.305,42.800,44.000,26.400,47.178,16.559,-3.178,9.841,10.342,1.289,0.597,1.420,
18:16:59.312,42.808,44.000,26.400,47.254,16.341,-3.254,10.059,10.572,1.513,0.312,1.545,
18:16:59.329,42.824,44.000,26.400,47.420,15.853,-3.420,10.547,11.088,1.657,0.213,1.670,
18:16:59.347,42.842,44.000,26.400,47.589,15.341,-3.589,11.059,11.627,1.795,0.165,1.803,
18:16:59.365,42.860,41.800,24.200,47.758,14.805,-5.958,9.395,11.125,1.647,0.440,1.705,
18:16:59.373,42.868,41.800,24.200,47.832,14.565,-6.032,9.635,11.368,1.471,0.775,1.662,
18:16:59.390,42.885,41.800,24.200,47.980,14.069,-6.180,10.131,11.867,1.440,0.930,1.714,
18:16:59.408,42.903,41.800,24.200,48.129,13.550,-6.329,10.650,12.389,1.461,1.048,1.798,
18:16:59.427,42.922,41.800,22.000,48.288,12.971,-6.488,9.029,11.118,1.255,1.129,1.688,
18:16:59.446,42.942,41.800,22.000,48.440,12.393,-6.640,9.607,11.678,1.161,1.175,1.652,
18:16:59.456,42.951,41.800,22.000,48.508,12.125,-6.708,9.875,11.938,1.137,1.186,1.643,
18:16:59.473,42.968,41.800,22.000,48.635,11.605,-6.835,10.395,12.441,1.164,1.195,1.668,
18:16:59.483,42.978,44.000,22.000,48.702,11.318,-4.702,10.682,11.672,1.262,0.801,1.495,
18:16:59.500,42.996,44.000,22.000,48.822,10.791,-4.822,11.209,12.202,1.353,0.606,1.483,
18:16:59.521,43.016,44.000,22.000,48.955,10.171,-4.955,11.829,12.825,1.487,0.470,1.559,
18:16:59.530,43.026,44.000,22.000,49.012,9.889,-5.012,12.111,13.108,1.676,0.371,1.716,
18:16:59.549,43.044,46.200,17.600,49.120,9.340,-2.920,8.260,8.761,1.279,0.056,1.280,
18:16:59.567,43.062,46.200,17.600,49.222,8.787,-3.022,8.813,9.316,1.024,-0.151,1.035,
18:16:59.586,43.082,46.200,17.600,49.321,8.210,-3.121,9.390,9.895,0.916,-0.255,0.951,
18:16:59.595,43.091,46.200,17.600,49.364,7.948,-3.164,9.652,10.157,0.916,-0.251,0.950,
18:16:59.614,43.110,46.200,17.600,49.453,7.373,-3.253,10.227,10.732,0.951,-0.260,0.986,
18:16:59.623,43.118,46.200,17.600,49.491,7.116,-3.291,10.484,10.989,1.102,-0.163,1.114,
18:16:59.641,43.137,46.200,17.600,49.569,6.552,-3.369,11.048,11.550,1.208,-0.124,1.215,
18:16:59.651,43.146,46.200,17.600,49.606,6.263,-3.406,11.337,11.838,1.397,-0.012,1.397,
18:16:59.667,43.163,46.200,17.600,49.666,5.769,-3.466,11.831,12.328,1.538,0.052,1.539,
18:16:59.686,43.182,48.400,11.000,49.730,5.188,-1.330,5.812,5.962,0.901,-0.144,0.912,
18:16:59.694,43.189,48.400,11.000,49.752,4.970,-1.352,6.030,6.180,0.169,-0.341,0.380,
18:16:59.710,43.205,48.400,11.000,49.799,4.473,-1.399,6.527,6.675,-0.089,-0.418,0.427,
18:16:59.726,43.221,48.400,11.000,49.841,3.981,-1.441,7.019,7.166,-0.177,-0.441,0.476,
18:16:59.735,43.230,48.400,11.000,49.861,3.720,-1.461,7.280,7.425,-0.110,-0.410,0.424,
18:16:59.752,43.248,48.400,11.000,49.899,3.181,-1.499,7.819,7.961,-0.033,-0.390,0.391,
18:16:59.761,43.257,48.400,11.000,49.915,2.914,-1.515,8.086,8.227,0.206,-0.316,0.377,
18:16:59.779,43.274,48.400,11.000,49.944,2.372,-1.544,8.628,8.765,0.374,-0.273,0.463,
18:16:59.796,43.292,48.400,11.000,49.966,1.837,-1.566,9.163,9.296,0.606,-0.214,0.643,
18:16:59.805,43.300,48.400,11.000,49.975,1.572,-1.575,9.428,9.558,0.922,-0.129,0.931,
18:16:59.822,43.317,48.400,6.600,49.989,1.062,-1.589,5.538,5.761,0.598,-0.081,0.604,
18:16:59.838,43.333,48.400,6.600,49.997,0.568,-1.597,6.032,6.240,0.401,-0.034,0.403,
18:16:59.856,43.351,48.400,6.600,50.000,0.016,-1.600,6.584,6.775,0.340,0.006,0.340,
18:16:59.864,43.359,48.400,6.600,49.999,-0.228,-1.599,6.828,7.013,0.374,0.045,0.376,
18:16:59.879,43.374,52.800,4.400,49.995,-0.690,2.805,5.090,5.812,0.162,-0.484,0.510,
18:16:59.898,43.393,52.800,4.400,49.984,-1.259,2.816,5.659,6.321,0.093,-0.857,0.862,
18:16:59.914,43.409,52.800,4.400,49.969,-1.764,2.831,6.164,6.783,0.140,-1.116,1.124,
18:16:59.921,43.417,52.800,4.400,49.961,-1.985,2.839,6.385,6.988,0.301,-1.295,1.330,
18:16:59.937,43.432,50.600,2.200,49.939,-2.464,0.661,4.664,4.711,0.147,-1.112,1.121,
18:16:59.946,43.441,50.600,2.200,49.926,-2.716,0.674,4.916,4.962,0.064,-0.815,0.818,
18:16:59.963,43.458,50.600,2.200,49.895,-3.239,0.705,5.439,5.484,0.081,-0.677,0.682,
18:16:59.971,43.466,50.600,2.200,49.878,-3.487,0.722,5.687,5.733,0.203,-0.467,0.509,
18:16:59.989,43.484,50.600,2.200,49.836,-4.045,0.764,6.245,6.292,0.318,-0.369,0.487,
18:17:00.007,43.502,50.600,0.000,49.789,-4.588,0.811,4.588,4.659,0.226,-0.281,0.361,
18:17:00.015,43.510,50.600,0.000,49.766,-4.827,0.834,4.827,4.898,0.188,-0.192,0.268,
18:17:00.031,43.526,50.600,0.000,49.716,-5.320,0.884,5.320,5.393,0.232,-0.146,0.274,
18:17:00.047,43.542,50.600,0.000,49.661,-5.813,0.939,5.813,5.889,0.343,-0.121,0.364,
18:17:00.065,43.561,52.800,-0.000,49.593,-6.370,3.207,6.370,7.132,0.500,-0.386,0.631,
18:17:00.073,43.569,52.800,-0.000,49.561,-6.611,3.239,6.611,7.361,0.721,-0.698,1.004,
18:17:00.090,43.586,52.800,-0.000,49.489,-7.131,3.311,7.131,7.863,0.881,-0.832,1.212,
18:17:00.107,43.603,52.800,-0.000,49.411,-7.649,3.389,7.649,8.366,1.056,-0.921,1.401,
18:17:00.125,43.620,50.600,-2.200,49.327,-8.177,1.273,5.977,6.111,0.949,-0.686,1.171,
18:17:00.133,43.629,50.600,-2.200,49.284,-8.432,1.316,6.232,6.369,0.840,-0.407,0.933,
18:17:00.150,43.645,50.600,-2.200,49.197,-8.924,1.403,6.724,6.869,0.850,-0.283,0.896,
18:17:00.170,43.666,50.600,-2.200,49.082,-9.537,1.518,7.337,7.493,0.918,-0.204,0.941,
18:17:00.189,43.685,52.800,-2.200,48.965,-10.119,3.835,7.919,8.799,1.029,-0.440,1.119,
18:17:00.206,43.702,52.800,-2.200,48.859,-10.620,3.941,8.420,9.297,1.161,-0.633,1.322,
18:17:00.214,43.710,52.800,-2.200,48.805,-10.865,3.995,8.665,9.542,1.309,-0.815,1.542,
18:17:00.231,43.726,52.800,-2.200,48.695,-11.349,4.105,9.149,10.028,1.425,-0.903,1.687,
18:17:00.246,43.741,52.800,-6.600,48.585,-11.810,4.215,5.210,6.701,0.972,-0.959,1.366,
18:17:00.254,43.749,52.800,-6.600,48.528,-12.044,4.272,5.444,6.920,0.513,-0.986,1.112,
18:17:00.272,43.767,52.800,-6.600,48.395,-12.569,4.405,5.969,7.418,0.361,-1.009,1.072,
18:17:00.280,43.775,52.800,-6.600,48.330,-12.815,4.470,6.215,7.656,0.283,-0.998,1.037,
18:17:00.297,43.792,52.800,-6.600,48.197,-13.306,4.603,6.706,8.134,0.291,-1.000,1.041,
18:17:00.305,43.800,50.600,-6.600,48.129,-13.549,2.471,6.949,7.375,0.402,-0.574,0.701,
18:17:00.321,43.816,50.600,-6.600,47.993,-14.023,2.607,7.423,7.867,0.501,-0.380,0.629,
18:17:00.330,43.826,50.600,-6.600,47.915,-14.289,2.685,7.689,8.144,0.684,-0.191,0.710,
18:17:00.347,43.842,50.600,-6.600,47.765,-14.782,2.835,8.182,8.660,0.828,-0.104,0.835,
18:17:00.366,43.862,48.400,-8.800,47.587,-15.346,0.813,6.546,6.597,0.743,0.191,0.768,
18:17:00.374,43.870,48.400,-8.800,47.511,-15.579,0.889,6.779,6.837,0.686,0.458,0.825,
18:17:00.391,43.886,48.400,-8.800,47.356,-16.044,1.044,7.244,7.319,0.711,0.568,0.910,
18:17:00.409,43.904,48.400,-8.800,47.173,-16.575,1.227,7.775,7.871,0.794,0.590,0.989,
18:17:00.426,43.921,50.600,-6.600,46.999,-17.061,3.601,10.461,11.064,1.208,0.248,1.233,
18:17:00.435,43.930,50.600,-6.600,46.904,-17.320,3.696,10.720,11.339,1.643,-0.159,1.651,
18:17:00.452,43.947,50.600,-6.600,46.719,-17.815,3.881,11.215,11.868,1.899,-0.374,1.935,
18:17:00.460,43.956,50.600,-6.600,46.627,-18.054,3.973,11.454,12.124,2.140,-0.616,2.227,
18:17:00.477,43.972,50.600,-6.600,46.446,-18.513,4.154,11.913,12.616,2.301,-0.758,2.422,
18:17:00.495,43.990,48.400,-8.800,46.238,-19.028,2.162,10.228,10.454,2.161,-0.606,2.245,
18:17:00.503,43.998,48.400,-8.800,46.142,-19.260,2.258,10.460,10.701,1.940,-0.398,1.981,
18:17:00.521,44.016,48.400,-8.800,45.925,-19.772,2.475,10.972,11.248,1.886,-0.337,1.916,
18:17:00.538,44.033,48.400,-8.800,45.718,-20.244,2.682,11.444,11.754,1.860,-0.307,1.885,
18:17:00.557,44.052,50.600,-11.000,45.481,-20.772,5.119,9.772,11.032,1.599,-0.588,1.703,
18:17:00.575,44.070,50.600,-11.000,45.244,-21.283,5.356,10.283,11.594,1.442,-0.820,1.659,
18:17:00.583,44.078,50.600,-11.000,45.147,-21.488,5.453,10.488,11.820,1.339,-1.049,1.701,
18:17:00.600,44.095,50.600,-11.000,44.922,-21.955,5.678,10.955,12.339,1.312,-1.172,1.759,
18:17:00.617,44.112,48.400,-13.200,44.686,-22.430,3.714,9.230,9.949,1.076,-0.983,1.457,
18:17:00.626,44.121,48.400,-13.200,44.561,-22.678,3.839,9.478,10.226,0.918,-0.756,1.189,
18:17:00.644,44.140,48.400,-13.200,44.301,-23.182,4.099,9.982,10.791,0.871,-0.674,1.101,
18:17:00.653,44.149,48.400,-13.200,44.178,-23.416,4.222,10.216,11.054,0.939,-0.590,1.109,
18:17:00.670,44.166,46.200,-13.200,43.927,-23.884,2.273,10.684,10.923,0.997,-0.311,1.045,
18:17:00.688,44.184,46.200,-13.200,43.663,-24.362,2.537,11.162,11.447,1.117,-0.123,1.124,
18:17:00.709,44.204,46.200,-13.200,43.346,-24.923,2.854,11.723,12.065,1.272,-0.040,1.273,
18:17:00.728,44.223,48.400,-15.400,43.056,-25.420,5.344,10.020,11.356,1.166,-0.332,1.212,
18:17:00.748,44.244,48.400,-15.400,42.732,-25.961,5.668,10.561,11.985,1.152,-0.581,1.290,
18:17:00.771,44.266,48.400,-15.400,42.361,-26.563,6.039,11.163,12.692,1.211,-0.793,1.447,
18:17:00.781,44.276,48.400,-15.400,42.209,-26.802,6.191,11.402,12.975,1.334,-1.004,1.669,
18:17:00.797,44.292,46.200,-17.600,41.938,-27.226,4.262,9.626,10.527,1.142,-0.848,1.423,
18:17:00.819,44.314,46.200,-17.600,41.564,-27.792,4.636,10.192,11.197,1.069,-0.769,1.317,
18:17:00.840,44.335,46.200,-17.600,41.204,-28.323,4.996,10.723,11.830,1.087,-0.734,1.312,
18:17:00.858,44.353,46.200,-19.800,40.885,-28.782,5.315,8.982,10.437,0.871,-0.740,1.143,
18:17:00.878,44.373,46.200,-19.800,40.529,-29.282,5.671,9.482,11.049,0.795,-0.779,1.113,
18:17:00.897,44.392,46.200,-19.800,40.188,-29.747,6.012,9.947,11.623,0.818,-0.841,1.173,
18:17:00.915,44.410,44.000,-19.800,39.856,-30.191,4.144,10.391,11.187,0.907,-0.622,1.100,
18:17:00.922,44.418,44.000,-19.800,39.722,-30.367,4.278,10.567,11.400,1.089,-0.407,1.162,
18:17:00.941,44.436,44.000,-19.800,39.373,-30.818,4.627,11.018,11.950,1.185,-0.356,1.237,
18:17:00.957,44.452,44.000,-19.800,39.073,-31.197,4.927,11.397,12.416,1.317,-0.367,1.367,
18:17:00.974,44.469,44.000,-22.000,38.741,-31.609,5.259,9.609,10.954,1.171,-0.424,1.245,
18:17:00.982,44.477,44.000,-22.000,38.595,-31.787,5.405,9.787,11.180,1.041,-0.542,1.174,
18:17:00.998,44.493,44.000,-22.000,38.274,-32.173,5.726,10.173,11.673,1.019,-0.621,1.193,
18:17:01.019,44.514,44.000,-22.000,37.857,-32.663,6.143,10.663,12.306,1.058,-0.725,1.283,
18:17:01.035,44.530,44.000,-26.400,37.528,-33.040,6.472,6.640,9.272,0.550,-0.849,1.012,
18:17:01.044,44.539,44.000,-26.400,37.360,-33.230,6.640,6.830,9.525,0.118,-0.985,0.992,
18:17:01.059,44.555,44.000,-26.400,37.036,-33.591,6.964,7.191,10.010,-0.044,-1.082,1.083,
18:17:01.078,44.574,44.000,-26.400,36.644,-34.018,7.356,7.618,10.590,-0.076,-1.181,1.183,
18:17:01.099,44.594,39.600,-28.600,36.208,-34.481,3.392,5.881,6.789,-0.261,-0.744,0.788,
18:17:01.120,44.615,39.600,-28.600,35.763,-34.943,3.837,6.343,7.414,-0.283,-0.457,0.538,
18:17:01.140,44.636,39.600,-28.600,35.313,-35.397,4.287,6.797,8.036,-0.183,-0.321,0.370,
18:17:01.159,44.655,39.600,-30.800,34.894,-35.810,4.706,5.010,6.874,-0.296,-0.301,0.423,
18:17:01.179,44.674,39.600,-30.800,34.465,-36.224,5.135,5.424,7.469,-0.279,-0.360,0.455,
18:17:01.198,44.693,39.600,-30.800,34.045,-36.619,5.555,5.819,8.045,-0.170,-0.472,0.502,
18:17:01.217,44.712,37.400,-33.000,33.614,-37.015,3.786,4.015,5.518,-0.296,-0.325,0.439,
18:17:01.238,44.733,37.400,-33.000,33.128,-37.451,4.272,4.451,6.169,-0.294,-0.292,0.414,
18:17:01.256,44.751,37.400,-33.000,32.702,-37.823,4.698,4.823,6.733,-0.200,-0.341,0.396,
18:17:01.264,44.760,37.400,-33.000,32.516,-37.983,4.884,4.983,6.978,-0.027,-0.460,0.460,
18:17:01.282,44.777,35.200,-33.000,32.106,-38.330,3.094,5.330,6.164,0.097,-0.280,0.297,
18:17:01.298,44.793,35.200,-33.000,31.720,-38.650,3.480,5.650,6.636,0.251,-0.196,0.319,
18:17:01.320,44.815,35.200,-33.000,31.200,-39.071,4.000,6.071,7.270,0.413,-0.210,0.463,
18:17:01.339,44.834,35.200,-35.200,30.732,-39.440,4.468,4.240,6.160,0.296,-0.302,0.423,
18:17:01.357,44.852,35.200,-35.200,30.303,-39.771,4.897,4.571,6.698,0.253,-0.436,0.504,
18:17:01.364,44.859,35.200,-35.200,30.127,-39.904,5.073,4.704,6.918,0.232,-0.626,0.667,
18:17:01.380,44.875,35.200,-35.200,29.743,-40.191,5.457,4.991,7.395,0.268,-0.745,0.792,
18:17:01.398,44.893,35.200,-35.200,29.287,-40.525,5.913,5.325,7.957,0.340,-0.877,0.941,
18:17:01.415,44.911,35.200,-35.200,28.861,-40.829,6.339,5.629,8.478,0.439,-1.016,1.107,
18:17:01.423,44.918,35.200,-35.200,28.674,-40.961,6.526,5.761,8.705,0.567,-1.162,1.293,
18:17:01.439,44.934,35.200,-35.200,28.269,-41.242,6.931,6.042,9.195,0.659,-1.272,1.433,
18:17:01.455,44.950,33.000,-37.400,27.866,-41.515,5.134,4.115,6.579,0.475,-1.094,1.193,
18:17:01.463,44.958,33.000,-37.400,27.658,-41.653,5.342,4.253,6.828,0.293,-0.898,0.945,
18:17:01.480,44.975,33.000,-37.400,27.233,-41.933,5.767,4.533,7.335,0.243,-0.852,0.886,
18:17:01.497,44.992,33.000,-37.400,26.796,-42.214,6.204,4.814,7.853,0.248,-0.858,0.893,
18:17:01.504,45.000,33.000,-37.400,26.596,-42.340,6.404,4.940,8.088,0.302,-0.897,0.946,
18:17:01.522,45.017,33.000,-37.400,26.136,-42.625,6.864,5.225,8.627,0.354,-0.955,1.018,
18:17:01.532,45.027,33.000,-37.400,25.880,-42.781,7.120,5.381,8.925,0.449,-1.047,1.139,
18:17:01.548,45.044,33.000,-37.400,25.445,-43.041,7.555,5.641,9.429,0.529,-1.136,1.253,
18:17:01.564,45.060,33.000,-37.400,25.026,-43.286,7.974,5.886,9.911,0.624,-1.243,1.391,
18:17:01.573,45.068,33.000,-37.400,24.809,-43.411,8.191,6.011,10.160,0.738,-1.366,1.553,
18:17:01.589,45.084,33.000,-39.600,24.379,-43.654,8.621,4.054,9.527,0.552,-1.463,1.563,
18:17:01.606,45.102,33.000,-39.600,23.898,-43.919,9.102,4.319,10.074,0.434,-1.566,1.625,
18:17:01.614,45.110,33.000,-39.600,23.686,-44.034,9.314,4.434,10.315,0.335,-1.672,1.705,
18:17:01.630,45.125,33.000,-39.600,23.267,-44.257,9.733,4.657,10.790,0.310,-1.756,1.784,
18:17:01.646,45.142,28.600,-39.600,22.819,-44.489,5.781,4.889,7.571,0.328,-1.290,1.331,
18:17:01.654,45.149,28.600,-39.600,22.617,-44.592,5.983,4.992,7.792,0.399,-0.758,0.856,
18:17:01.672,45.167,28.600,-39.600,22.125,-44.839,6.475,5.239,8.329,0.447,-0.572,0.726,
18:17:01.682,45.177,28.600,-39.600,21.860,-44.968,6.740,5.368,8.616,0.535,-0.462,0.707,
18:17:01.698,45.194,28.600,-39.600,21.399,-45.190,7.201,5.590,9.116,0.602,-0.445,0.749,
18:17:01.717,45.212,28.600,-41.800,20.874,-45.434,7.726,3.634,8.538,0.414,-0.513,0.660,
18:17:01.736,45.231,28.600,-41.800,20.355,-45.669,8.245,3.869,9.108,0.297,-0.653,0.718,
18:17:01.744,45.239,28.600,-41.800,20.128,-45.769,8.472,3.969,9.355,0.222,-0.888,0.916,
18:17:01.760,45.255,28.600,-41.800,19.671,-45.968,8.929,4.168,9.854,0.202,-1.032,1.052,
18:17:01.779,45.274,26.400,-41.800,19.147,-46.189,7.253,4.389,8.478,0.227,-0.928,0.955,
18:17:01.799,45.294,26.400,-41.800,18.581,-46.419,7.819,4.619,9.082,0.286,-0.910,0.954,
18:17:01.817,45.312,26.400,-41.800,18.051,-46.628,8.349,4.828,9.645,0.369,-0.961,1.030,
18:17:01.836,45.332,26.400,-39.600,17.493,-46.840,8.907,7.240,11.478,0.739,-1.062,1.294,
18:17:01.844,45.340,26.400,-39.600,17.269,-46.923,9.131,7.323,11.705,1.151,-1.215,1.674,
18:17:01.861,45.356,26.400,-39.600,16.790,-47.097,9.610,7.497,12.188,1.338,-1.323,1.882,
18:17:01.878,45.373,26.400,-39.600,16.305,-47.267,10.095,7.667,12.677,1.466,-1.449,2.061,
18:17:01.896,45.391,24.200,-41.800,15.787,-47.442,8.413,5.642,10.130,1.262,-1.304,1.814,
18:17:01.904,45.400,24.200,-41.800,15.538,-47.524,8.662,5.724,10.382,0.997,-1.166,1.535,
18:17:01.922,45.417,24.200,-41.800,15.021,-47.690,9.179,5.890,10.906,0.890,-1.153,1.457,
18:17:01.931,45.427,24.200,-41.800,14.747,-47.776,9.453,5.976,11.184,0.780,-1.184,1.418,
18:17:01.947,45.442,24.200,-41.800,14.290,-47.915,9.910,6.115,11.645,0.727,-1.243,1.440,
18:17:01.955,45.450,24.200,-41.800,14.065,-47.981,10.135,6.181,11.871,0.693,-1.350,1.517,
18:17:01.971,45.467,24.200,-41.800,13.582,-48.120,10.618,6.320,12.357,0.677,-1.437,1.589,
18:17:01.988,45.483,24.200,-41.800,13.081,-48.259,11.119,6.459,12.859,0.682,-1.553,1.696,
18:17:02.006,45.502,24.200,-41.800,12.535,-48.403,11.665,6.603,13.404,0.704,-1.685,1.826,
18:17:02.014,45.510,22.000,-41.800,12.311,-48.461,9.689,6.661,11.758,0.762,-1.386,1.582,
18:17:02.030,45.525,22.000,-41.800,11.842,-48.577,10.158,6.777,12.211,0.785,-1.310,1.528,
18:17:02.047,45.542,22.000,-41.800,11.333,-48.699,10.667,6.899,12.703,0.813,-1.300,1.534,
18:17:02.066,45.561,22.000,-41.800,10.774,-48.825,11.226,7.025,13.243,0.844,-1.349,1.592,
18:17:02.073,45.568,19.800,-46.200,10.563,-48.872,9.237,2.672,9.616,-0.067,-0.973,0.975,
18:17:02.089,45.584,19.800,-46.200,10.076,-48.974,9.724,2.774,10.112,-0.405,-0.875,0.964,
18:17:02.107,45.602,19.800,-46.200,9.525,-49.084,10.275,2.884,10.672,-0.618,-0.870,1.067,
18:17:02.124,45.620,19.800,-46.200,9.006,-49.182,10.794,2.982,11.198,-0.716,-0.944,1.185,
18:17:02.133,45.628,17.600,-46.200,8.753,-49.228,8.847,3.028,9.351,-0.703,-0.669,0.971,
18:17:02.152,45.647,17.600,-46.200,8.186,-49.325,9.414,3.125,9.919,-0.694,-0.608,0.923,
18:17:02.160,45.655,17.600,-46.200,7.936,-49.366,9.664,3.166,10.170,-0.559,-0.634,0.845,
18:17:02.177,45.672,17.600,-46.200,7.421,-49.446,10.179,3.246,10.684,-0.487,-0.697,0.850,
18:17:02.195,45.691,17.600,-48.400,6.858,-49.527,10.742,1.127,10.801,-0.650,-0.830,1.054,
18:17:02.204,45.699,17.600,-48.400,6.609,-49.561,10.991,1.161,11.052,-0.756,-1.057,1.299,
18:17:02.220,45.715,17.600,-48.400,6.115,-49.625,11.485,1.225,11.550,-0.787,-1.212,1.445,
18:17:02.237,45.732,17.600,-48.400,5.596,-49.686,12.004,1.286,12.073,-0.759,-1.389,1.583,
18:17:02.256,45.751,15.400,-48.400,5.021,-49.747,10.379,1.347,10.466,-0.691,-1.303,1.475,
18:17:02.264,45.760,15.400,-48.400,4.765,-49.772,10.635,1.372,10.723,-0.553,-1.226,1.344,
18:17:02.281,45.776,15.400,-48.400,4.256,-49.819,11.144,1.419,11.234,-0.470,-1.247,1.333,
18:17:02.297,45.793,15.400,-48.400,3.746,-49.859,11.654,1.459,11.745,-0.377,-1.320,1.372,
18:17:02.315,45.811,13.200,-48.400,3.196,-49.898,10.004,1.498,10.115,-0.286,-1.153,1.188,
18:17:02.323,45.818,13.200,-48.400,2.964,-49.912,10.236,1.512,10.347,-0.177,-1.008,1.024,
18:17:02.340,45.836,13.200,-48.400,2.441,-49.940,10.759,1.540,10.868,-0.110,-0.998,1.004,
18:17:02.358,45.853,13.200,-48.400,1.900,-49.964,11.300,1.564,11.407,-0.051,-1.062,1.063,
18:17:02.377,45.872,11.000,-48.400,1.308,-49.983,9.692,1.583,9.820,-0.003,-0.911,0.911,
18:17:02.396,45.891,11.000,-48.400,0.733,-49.995,10.267,1.595,10.390,0.032,-0.878,0.878,
18:17:02.405,45.900,11.000,-48.400,0.455,-49.998,10.545,1.598,10.665,0.052,-0.930,0.932,
18:17:02.424,45.920,11.000,-48.400,-0.138,-50.000,11.138,1.600,11.253,0.074,-1.007,1.010,
18:17:02.433,45.928,8.800,-48.400,-0.394,-49.998,9.194,1.598,9.332,0.078,-0.756,0.760,
18:17:02.450,45.945,8.800,-48.400,-0.921,-49.992,9.721,1.592,9.850,0.088,-0.700,0.705,
18:17:02.469,45.965,8.800,-48.400,-1.520,-49.977,10.320,1.577,10.440,0.092,-0.742,0.747,
18:17:02.489,45.985,6.600,-48.400,-2.137,-49.954,8.737,1.554,8.875,0.089,-0.593,0.599,
18:17:02.507,46.002,6.600,-48.400,-2.662,-49.929,9.262,1.529,9.387,0.082,-0.569,0.575,
18:17:02.527,46.022,6.600,-48.400,-3.274,-49.893,9.874,1.493,9.986,0.074,-0.644,0.648,
18:17:02.534,46.030,6.600,-48.400,-3.510,-49.877,10.110,1.477,10.217,0.062,-0.833,0.835,
18:17:02.551,46.046,4.400,-48.400,-4.010,-49.839,8.410,1.439,8.532,0.054,-0.686,0.689,
18:17:02.570,46.065,4.400,-48.400,-4.602,-49.788,9.002,1.388,9.109,0.043,-0.658,0.660,
18:17:02.588,46.083,4.400,-48.400,-5.152,-49.734,9.552,1.334,9.644,0.032,-0.726,0.727,
18:17:02.606,46.101,2.200,-48.400,-5.700,-49.674,7.900,1.274,8.002,0.020,-0.571,0.572,
18:17:02.617,46.113,2.200,-48.400,-6.043,-49.633,8.243,1.233,8.335,0.011,-0.514,0.515,
18:17:02.634,46.129,2.200,-48.400,-6.554,-49.569,8.754,1.169,8.832,-0.002,-0.548,0.548,
18:17:02.641,46.137,2.200,-48.400,-6.769,-49.540,8.969,1.140,9.041,-0.010,-0.682,0.682,
18:17:02.659,46.154,2.200,-48.400,-7.304,-49.464,9.504,1.064,9.563,-0.024,-0.784,0.785,
18:17:02.677,46.173,2.200,-50.600,-7.863,-49.378,10.063,-1.222,10.137,-0.307,-0.943,0.992,
18:17:02.696,46.191,2.200,-50.600,-8.432,-49.284,10.632,-1.316,10.713,-0.521,-1.136,1.249,
18:17:02.704,46.199,2.200,-50.600,-8.659,-49.245,10.859,-1.355,10.943,-0.706,-1.385,1.554,
18:17:02.721,46.216,2.200,-50.600,-9.169,-49.152,11.369,-1.448,11.461,-0.801,-1.544,1.739,
18:17:02.740,46.235,-2.200,-50.600,-9.749,-49.040,7.549,-1.560,7.708,-0.849,-1.177,1.451,
18:17:02.757,46.253,-2.200,-50.600,-10.274,-48.933,8.074,-1.667,8.245,-0.852,-0.929,1.261,
18:17:02.776,46.271,-2.200,-50.600,-10.828,-48.814,8.628,-1.786,8.811,-0.834,-0.825,1.173,
18:17:02.784,46.279,-2.200,-50.600,-11.077,-48.758,8.877,-1.842,9.066,-0.765,-0.807,1.112,
18:17:02.799,46.295,-4.400,-48.400,-11.537,-48.651,7.137,0.251,7.142,-0.461,-0.558,0.723,
18:17:02.819,46.314,-4.400,-48.400,-12.124,-48.508,7.724,0.108,7.725,-0.247,-0.459,0.521,
18:17:02.837,46.332,-4.400,-48.400,-12.640,-48.376,8.240,-0.024,8.240,-0.088,-0.484,0.492,
18:17:02.844,46.340,-4.400,-48.400,-12.863,-48.317,8.463,-0.083,8.464,0.039,-0.631,0.632,
18:17:02.860,46.355,-4.400,-48.400,-13.325,-48.192,8.925,-0.208,8.927,0.096,-0.728,0.734,
18:17:02.878,46.374,-4.400,-48.400,-13.865,-48.039,9.465,-0.361,9.472,0.109,-0.873,0.879,
18:17:02.899,46.394,-4.400,-48.400,-14.469,-47.861,10.069,-0.539,10.084,0.081,-1.059,1.062,
18:17:02.919,46.414,-6.600,-48.400,-15.060,-47.678,8.460,-0.722,8.490,0.022,-0.987,0.987,
18:17:02.938,46.433,-6.600,-48.400,-15.630,-47.494,9.030,-0.906,9.075,-0.054,-0.998,1.000,
18:17:02.957,46.452,-6.600,-48.400,-16.185,-47.308,9.585,-1.092,9.647,-0.134,-1.071,1.080,
18:17:02.975,46.470,-8.800,-48.400,-16.705,-47.127,7.905,-1.273,8.007,-0.213,-0.890,0.915,
18:17:02.983,46.478,-8.800,-48.400,-16.919,-47.051,8.119,-1.349,8.230,-0.301,-0.741,0.800,
18:17:02.999,46.495,-8.800,-48.400,-17.403,-46.874,8.603,-1.526,8.737,-0.360,-0.730,0.813,
18:17:03.015,46.510,-8.800,-48.400,-17.852,-46.704,9.052,-1.696,9.210,-0.415,-0.789,0.891,
18:17:03.023,46.518,-8.800,-48.400,-18.072,-46.620,9.272,-1.780,9.441,-0.465,-0.917,1.028,
