timestamp,elapsed_time,ball_x,ball_y,target_x,target_y,error_x,error_y,error_magnitude,controller_rx,controller_ry,tilt_magnitude,loop_time_ms
18:10:21.820,0.006,-5.200,2.600,0.000,0.000,-5.200,2.600,5.814,0.287,1.210,1.244,
18:10:21.829,0.015,-5.200,2.600,0.000,0.000,-5.200,2.600,5.814,-0.060,1.378,1.380,
18:10:21.846,0.031,-5.200,2.600,0.000,0.000,-5.200,2.600,5.814,-0.313,1.406,1.440,
18:10:21.861,0.047,-2.600,5.200,0.000,0.000,-2.600,5.200,5.814,0.261,0.620,0.673,
18:10:21.875,0.060,-2.600,5.200,0.000,0.000,-2.600,5.200,5.814,0.626,0.082,0.632,
18:10:21.883,0.068,-2.600,5.200,0.000,0.000,-2.600,5.200,5.814,0.843,-0.234,0.875,
18:10:21.898,0.084,-2.600,5.200,0.000,0.000,-2.600,5.200,5.814,0.962,-0.476,1.074,
18:10:21.914,0.099,-2.600,5.200,0.000,0.000,-2.600,5.200,5.814,1.012,-0.612,1.183,
18:10:21.926,0.112,-2.600,2.600,0.000,0.000,-2.600,2.600,3.677,0.323,-0.648,0.724,
18:10:21.944,0.129,-2.600,2.600,0.000,0.000,-2.600,2.600,3.677,-0.182,-0.611,0.638,
18:10:21.952,0.138,-2.600,2.600,0.000,0.000,-2.600,2.600,3.677,-0.454,-0.532,0.699,
18:10:21.967,0.152,-2.600,2.600,0.000,0.000,-2.600,2.600,3.677,-0.626,-0.431,0.760,
18:10:21.984,0.170,-2.600,2.600,0.000,0.000,-2.600,2.600,3.677,-0.696,-0.287,0.753,
18:10:21.994,0.180,-2.600,2.600,0.000,0.000,-2.600,2.600,3.677,-0.679,-0.164,0.699,
18:10:22.009,0.195,-2.600,2.600,0.000,0.000,-2.600,2.600,3.677,-0.611,-0.036,0.613,
18:10:22.019,0.204,-2.600,2.600,0.000,0.000,-2.600,2.600,3.677,-0.516,0.058,0.519,
18:10:22.033,0.219,-2.600,2.600,0.000,0.000,-2.600,2.600,3.677,-0.394,0.152,0.422,
18:10:22.043,0.228,-2.600,2.600,0.000,0.000,-2.600,2.600,3.677,-0.275,0.217,0.351,
18:10:22.057,0.243,-2.600,2.600,0.000,0.000,-2.600,2.600,3.677,-0.142,0.277,0.311,
18:10:22.074,0.260,-2.600,2.600,0.000,0.000,-2.600,2.600,3.677,0.005,0.323,0.323,
18:10:22.083,0.268,-2.600,2.600,0.000,0.000,-2.600,2.600,3.677,0.101,0.341,0.355,
18:10:22.096,0.282,-2.600,5.200,0.000,0.000,-2.600,5.200,5.814,0.852,0.351,0.921,
18:10:22.112,0.297,-2.600,5.200,0.000,0.000,-2.600,5.200,5.814,1.370,0.348,1.413,
18:10:22.120,0.306,-2.600,5.200,0.000,0.000,-2.600,5.200,5.814,1.637,0.339,1.672,
18:10:22.133,0.318,-2.600,5.200,0.000,0.000,-2.600,5.200,5.814,1.774,0.325,1.803,
18:10:22.141,0.327,-2.600,5.200,0.000,0.000,-2.600,5.200,5.814,1.806,0.311,1.833,
18:10:22.158,0.343,-2.600,2.600,0.000,0.000,-2.600,2.600,3.677,1.052,0.287,1.090,
18:10:22.175,0.361,-2.600,2.600,0.000,0.000,-2.600,2.600,3.677,0.405,0.258,0.480,
18:10:22.183,0.369,-2.600,2.600,0.000,0.000,-2.600,2.600,3.677,0.018,0.243,0.244,
18:10:22.200,0.385,-2.600,2.600,0.000,0.000,-2.600,2.600,3.677,-0.296,0.220,0.369,
18:10:22.217,0.402,-2.600,2.600,0.000,0.000,-2.600,2.600,3.677,-0.486,0.201,0.526,
18:10:22.234,0.419,-2.600,2.600,0.000,0.000,-2.600,2.600,3.677,-0.556,0.186,0.587,
18:10:22.243,0.428,-2.600,2.600,0.000,0.000,-2.600,2.600,3.677,-0.545,0.182,0.574,
18:10:22.257,0.443,-2.600,2.600,0.000,0.000,-2.600,2.600,3.677,-0.497,0.175,0.527,
18:10:22.272,0.458,-0.000,2.600,0.000,0.000,-0.000,2.600,2.600,-0.403,-0.528,0.665,
18:10:22.281,0.467,-0.000,2.600,0.000,0.000,-0.000,2.600,2.600,-0.308,-0.925,0.975,
18:10:22.297,0.482,-0.000,2.600,0.000,0.000,-0.000,2.600,2.600,-0.195,-1.159,1.175,
18:10:22.313,0.498,-0.000,2.600,0.000,0.000,-0.000,2.600,2.600,-0.066,-1.227,1.229,
18:10:22.321,0.506,-0.000,2.600,0.000,0.000,-0.000,2.600,2.600,0.026,-1.209,1.209,
18:10:22.337,0.523,-2.600,2.600,0.000,0.000,-2.600,2.600,3.677,0.125,-0.415,0.433,
18:10:22.354,0.540,-2.600,2.600,0.000,0.000,-2.600,2.600,3.677,0.214,0.218,0.306,
18:10:22.363,0.549,-2.600,2.600,0.000,0.000,-2.600,2.600,3.677,0.264,0.591,0.648,
18:10:22.377,0.562,-2.600,2.600,0.000,0.000,-2.600,2.600,3.677,0.304,0.856,0.908,
18:10:22.392,0.578,-2.600,5.200,0.000,0.000,-2.600,5.200,5.814,1.033,1.020,1.451,
18:10:22.401,0.587,-2.600,5.200,0.000,0.000,-2.600,5.200,5.814,1.441,1.076,1.799,
18:10:22.415,0.601,-2.600,5.200,0.000,0.000,-2.600,5.200,5.814,1.677,1.082,1.996,
18:10:22.423,0.609,-2.600,5.200,0.000,0.000,-2.600,5.200,5.814,1.772,1.037,2.053,
18:10:22.440,0.625,-2.600,5.200,0.000,0.000,-2.600,5.200,5.814,1.749,0.946,1.988,
18:10:22.448,0.634,-0.000,2.600,0.000,0.000,-0.000,2.600,2.600,1.035,0.213,1.057,
18:10:22.463,0.649,-0.000,2.600,0.000,0.000,-0.000,2.600,2.600,0.431,-0.360,0.562,
18:10:22.475,0.661,-0.000,2.600,0.000,0.000,-0.000,2.600,2.600,-0.008,-0.737,0.737,
18:10:22.492,0.678,-0.000,2.600,0.000,0.000,-0.000,2.600,2.600,-0.346,-0.973,1.033,
18:10:22.501,0.686,-0.000,2.600,0.000,0.000,-0.000,2.600,2.600,-0.510,-1.056,1.173,
18:10:22.517,0.703,-2.600,5.200,0.000,0.000,-2.600,5.200,5.814,0.070,-0.370,0.377,
18:10:22.534,0.720,-2.600,5.200,0.000,0.000,-2.600,5.200,5.814,0.506,0.175,0.536,
18:10:22.543,0.728,-2.600,5.200,0.000,0.000,-2.600,5.200,5.814,0.771,0.503,0.921,
18:10:22.558,0.744,-2.600,5.200,0.000,0.000,-2.600,5.200,5.814,0.935,0.738,1.192,
18:10:22.573,0.759,-2.600,5.200,0.000,0.000,-2.600,5.200,5.814,1.011,0.867,1.332,
18:10:22.580,0.766,-2.600,5.200,0.000,0.000,-2.600,5.200,5.814,1.037,0.915,1.383,
18:10:22.594,0.780,-2.600,5.200,0.000,0.000,-2.600,5.200,5.814,1.017,0.922,1.373,
18:10:22.602,0.788,-2.600,5.200,0.000,0.000,-2.600,5.200,5.814,0.979,0.891,1.323,
18:10:22.616,0.801,-2.600,5.200,0.000,0.000,-2.600,5.200,5.814,0.906,0.826,1.226,
18:10:22.631,0.816,-2.600,2.600,0.000,0.000,-2.600,2.600,3.677,0.116,0.722,0.731,
18:10:22.639,0.824,-2.600,2.600,0.000,0.000,-2.600,2.600,3.677,-0.365,0.633,0.730,
18:10:22.652,0.838,-2.600,2.600,0.000,0.000,-2.600,2.600,3.677,-0.706,0.528,0.882,
18:10:22.659,0.845,-2.600,2.600,0.000,0.000,-2.600,2.600,3.677,-0.882,0.451,0.991,
18:10:22.674,0.859,-2.600,2.600,0.000,0.000,-2.600,2.600,3.677,-0.984,0.353,1.045,
18:10:22.682,0.868,-2.600,2.600,0.000,0.000,-2.600,2.600,3.677,-0.982,0.286,1.023,
18:10:22.697,0.883,-2.600,2.600,0.000,0.000,-2.600,2.600,3.677,-0.913,0.210,0.937,
18:10:22.714,0.900,-2.600,2.600,0.000,0.000,-2.600,2.600,3.677,-0.748,0.141,0.761,
18:10:22.722,0.908,-2.600,2.600,0.000,0.000,-2.600,2.600,3.677,-0.593,0.114,0.603,
18:10:22.736,0.922,-2.600,2.600,0.000,0.000,-2.600,2.600,3.677,-0.418,0.083,0.427,
18:10:22.753,0.939,-2.600,5.200,0.000,0.000,-2.600,5.200,5.814,0.499,0.064,0.503,
18:10:22.761,0.946,-2.600,5.200,0.000,0.000,-2.600,5.200,5.814,1.033,0.069,1.035,
18:10:22.774,0.960,-2.600,5.200,0.000,0.000,-2.600,5.200,5.814,1.408,0.070,1.410,
18:10:22.781,0.967,-2.600,5.200,0.000,0.000,-2.600,5.200,5.814,1.606,0.083,1.608,
18:10:22.795,0.980,-2.600,5.200,0.000,0.000,-2.600,5.200,5.814,1.718,0.092,1.720,
18:10:22.804,0.989,-2.600,5.200,0.000,0.000,-2.600,5.200,5.814,1.727,0.108,1.730,
18:10:22.822,1.008,-2.600,2.600,0.000,0.000,-2.600,2.600,3.677,0.922,0.125,0.931,
18:10:22.831,1.017,-2.600,2.600,0.000,0.000,-2.600,2.600,3.677,0.371,0.146,0.399,
18:10:22.847,1.033,-2.600,2.600,0.000,0.000,-2.600,2.600,3.677,-0.064,0.164,0.176,
18:10:22.864,1.049,-2.600,2.600,0.000,0.000,-2.600,2.600,3.677,-0.374,0.181,0.415,
18:10:22.873,1.058,-2.600,2.600,0.000,0.000,-2.600,2.600,3.677,-0.520,0.196,0.555,
18:10:22.887,1.072,-2.600,5.200,0.000,0.000,-2.600,5.200,5.814,0.072,0.205,0.218,
18:10:22.902,1.088,-2.600,5.200,0.000,0.000,-2.600,5.200,5.814,0.508,0.212,0.551,
18:10:22.911,1.097,-2.600,5.200,0.000,0.000,-2.600,5.200,5.814,0.777,0.219,0.808,
18:10:22.926,1.112,-2.600,5.200,0.000,0.000,-2.600,5.200,5.814,0.945,0.220,0.971,
18:10:22.943,1.128,-2.600,2.600,0.000,0.000,-2.600,2.600,3.677,0.315,0.220,0.384,
18:10:22.950,1.136,-2.600,2.600,0.000,0.000,-2.600,2.600,3.677,-0.045,0.222,0.227,
18:10:22.963,1.149,-2.600,2.600,0.000,0.000,-2.600,2.600,3.677,-0.294,0.219,0.367,
18:10:22.971,1.157,-2.600,2.600,0.000,0.000,-2.600,2.600,3.677,-0.433,0.219,0.486,
18:10:22.985,1.171,-2.600,2.600,0.000,0.000,-2.600,2.600,3.677,-0.515,0.215,0.558,
18:10:23.000,1.186,-2.600,2.600,0.000,0.000,-2.600,2.600,3.677,-0.522,0.210,0.563,
18:10:23.014,1.200,-2.600,2.600,0.000,0.000,-2.600,2.600,3.677,-0.469,0.207,0.513,
18:10:23.023,1.208,-2.600,2.600,0.000,0.000,-2.600,2.600,3.677,-0.398,0.206,0.449,
18:10:23.036,1.222,-2.600,2.600,0.000,0.000,-2.600,2.600,3.677,-0.308,0.203,0.369,
18:10:23.053,1.238,-2.600,2.600,0.000,0.000,-2.600,2.600,3.677,-0.186,0.198,0.272,
18:10:23.060,1.245,-0.000,5.200,0.000,0.000,-0.000,5.200,5.200,0.522,-0.416,0.668,
18:10:23.074,1.259,-0.000,5.200,0.000,0.000,-0.000,5.200,5.200,1.059,-0.856,1.362,
18:10:23.080,1.266,-0.000,5.200,0.000,0.000,-0.000,5.200,5.200,1.368,-1.093,1.751,
18:10:23.093,1.279,-0.000,5.200,0.000,0.000,-0.000,5.200,5.200,1.571,-1.225,1.993,
18:10:23.100,1.285,-0.000,5.200,0.000,0.000,-0.000,5.200,5.200,1.664,-1.266,2.091,
18:10:23.113,1.299,-2.600,2.600,0.000,0.000,-2.600,2.600,3.677,1.052,-0.605,1.214,
18:10:23.121,1.307,-2.600,2.600,0.000,0.000,-2.600,2.600,3.677,0.600,-0.117,0.611,
18:10:23.135,1.321,-2.600,2.600,0.000,0.000,-2.600,2.600,3.677,0.217,0.294,0.366,
18:10:23.142,1.328,-2.600,2.600,0.000,0.000,-2.600,2.600,3.677,-0.040,0.569,0.570,
18:10:23.158,1.344,-2.600,2.600,0.000,0.000,-2.600,2.600,3.677,-0.255,0.789,0.830,
18:10:23.174,1.360,-0.000,2.600,0.000,0.000,-0.000,2.600,2.600,-0.387,0.210,0.440,
18:10:23.182,1.367,-0.000,2.600,0.000,0.000,-0.000,2.600,2.600,-0.430,-0.149,0.455,
18:10:23.197,1.382,-0.000,2.600,0.000,0.000,-0.000,2.600,2.600,-0.442,-0.394,0.592,
18:10:23.212,1.397,-0.000,2.600,0.000,0.000,-0.000,2.600,2.600,-0.397,-0.541,0.671,
18:10:23.220,1.405,-0.000,2.600,0.000,0.000,-0.000,2.600,2.600,-0.332,-0.613,0.697,
18:10:23.236,1.421,-0.000,2.600,0.000,0.000,-0.000,2.600,2.600,-0.248,-0.631,0.678,
18:10:23.244,1.430,-0.000,2.600,0.000,0.000,-0.000,2.600,2.600,-0.164,-0.608,0.629,
18:10:23.258,1.444,-0.000,2.600,0.000,0.000,-0.000,2.600,2.600,-0.073,-0.551,0.556,
18:10:23.273,1.459,-0.000,2.600,0.000,0.000,-0.000,2.600,2.600,0.024,-0.460,0.461,
18:10:23.282,1.467,-0.000,2.600,0.000,0.000,-0.000,2.600,2.600,0.096,-0.379,0.391,
18:10:23.296,1.482,-2.600,0.000,0.000,0.000,-2.600,0.000,2.600,-0.502,0.385,0.632,
18:10:23.313,1.499,-2.600,0.000,0.000,0.000,-2.600,0.000,2.600,-0.883,0.942,1.292,
18:10:23.321,1.506,-2.600,0.000,0.000,0.000,-2.600,0.000,2.600,-1.066,1.230,1.627,
18:10:23.333,1.519,-2.600,0.000,0.000,0.000,-2.600,0.000,2.600,-1.135,1.396,1.799,
18:10:23.341,1.526,-2.600,0.000,0.000,0.000,-2.600,0.000,2.600,-1.137,1.457,1.848,
18:10:23.356,1.542,-2.600,2.600,0.000,0.000,-2.600,2.600,3.677,-0.393,1.438,1.490,
18:10:23.376,1.561,-2.600,2.600,0.000,0.000,-2.600,2.600,3.677,0.262,1.281,1.307,
18:10:23.391,1.577,-2.600,2.600,0.000,0.000,-2.600,2.600,3.677,0.699,1.057,1.267,
18:10:23.400,1.585,-2.600,2.600,0.000,0.000,-2.600,2.600,3.677,0.926,0.887,1.282,
18:10:23.416,1.601,-2.600,5.200,0.000,0.000,-2.600,5.200,5.814,1.760,0.681,1.887,
18:10:23.432,1.617,-2.600,5.200,0.000,0.000,-2.600,5.200,5.814,2.232,0.473,2.281,
18:10:23.440,1.626,-2.600,5.200,0.000,0.000,-2.600,5.200,5.814,2.416,0.343,2.441,
18:10:23.455,1.641,-2.600,5.200,0.000,0.000,-2.600,5.200,5.814,2.429,0.199,2.437,
18:10:23.465,1.650,-2.600,5.200,0.000,0.000,-2.600,5.200,5.814,2.324,0.111,2.327,
18:10:23.482,1.667,-0.000,2.600,0.000,0.000,-0.000,2.600,2.600,1.376,-0.684,1.537,
18:10:23.490,1.676,-0.000,2.600,0.000,0.000,-0.000,2.600,2.600,0.728,-1.119,1.335,
18:10:23.505,1.691,-0.000,2.600,0.000,0.000,-0.000,2.600,2.600,0.176,-1.387,1.398,
18:10:23.513,1.699,-0.000,2.600,0.000,0.000,-0.000,2.600,2.600,-0.170,-1.485,1.494,
18:10:23.528,1.713,-0.000,2.600,0.000,0.000,-0.000,2.600,2.600,-0.469,-1.480,1.553,
18:10:23.543,1.729,-2.600,0.000,0.000,0.000,-2.600,0.000,2.600,-1.358,-0.646,1.504,
18:10:23.552,1.737,-2.600,0.000,0.000,0.000,-2.600,0.000,2.600,-1.817,-0.087,1.819,
18:10:23.567,1.752,-2.600,0.000,0.000,0.000,-2.600,0.000,2.600,-2.072,0.362,2.104,
18:10:23.582,1.768,-2.600,0.000,0.000,0.000,-2.600,0.000,2.600,-2.085,0.696,2.198,
18:10:23.590,1.776,-2.600,0.000,0.000,0.000,-2.600,0.000,2.600,-1.981,0.878,2.167,
18:10:23.605,1.791,-2.600,2.600,0.000,0.000,-2.600,2.600,3.677,-1.104,1.003,1.492,
18:10:23.622,1.807,-2.600,2.600,0.000,0.000,-2.600,2.600,3.677,-0.340,1.037,1.091,
18:10:23.630,1.816,-2.600,2.600,0.000,0.000,-2.600,2.600,3.677,0.164,1.007,1.020,
18:10:23.645,1.831,-2.600,2.600,0.000,0.000,-2.600,2.600,3.677,0.571,0.940,1.100,
18:10:23.653,1.839,-2.600,2.600,0.000,0.000,-2.600,2.600,3.677,0.815,0.859,1.184,
18:10:23.668,1.853,-2.600,2.600,0.000,0.000,-2.600,2.600,3.677,1.011,0.748,1.258,
18:10:23.683,1.869,-2.600,2.600,0.000,0.000,-2.600,2.600,3.677,1.103,0.611,1.261,
18:10:23.691,1.876,-2.600,2.600,0.000,0.000,-2.600,2.600,3.677,1.106,0.511,1.218,
18:10:23.706,1.892,-2.600,2.600,0.000,0.000,-2.600,2.600,3.677,1.068,0.390,1.137,
18:10:23.724,1.909,-2.600,2.600,0.000,0.000,-2.600,2.600,3.677,0.955,0.269,0.992,
18:10:23.731,1.917,-2.600,2.600,0.000,0.000,-2.600,2.600,3.677,0.846,0.205,0.870,
18:10:23.746,1.932,-2.600,2.600,0.000,0.000,-2.600,2.600,3.677,0.715,0.134,0.727,
18:10:23.798,1.984,-2.600,2.600,0.000,0.000,-2.600,2.600,3.677,0.359,-0.000,0.359,
18:10:23.821,2.007,-2.600,2.600,0.000,0.000,-2.600,2.600,3.677,0.173,0.009,0.173,
18:10:23.830,2.016,-2.600,2.600,0.000,0.000,-2.600,2.600,3.677,0.100,0.030,0.104,
18:10:23.847,2.032,-2.600,2.600,0.000,0.000,-2.600,2.600,3.677,0.033,0.051,0.061,
18:10:23.869,2.054,-2.600,5.200,0.000,0.000,-2.600,5.200,5.814,0.805,0.087,0.809,
18:10:23.888,2.073,-2.600,5.200,0.000,0.000,-2.600,5.200,5.814,1.213,0.127,1.220,
18:10:23.907,2.092,-2.600,5.200,0.000,0.000,-2.600,5.200,5.814,1.363,0.162,1.373,
18:10:23.927,2.113,-2.600,2.600,0.000,0.000,-2.600,2.600,3.677,0.537,0.192,0.570,
18:10:23.948,2.134,-2.600,2.600,0.000,0.000,-2.600,2.600,3.677,0.009,0.213,0.213,
18:10:23.968,2.154,-2.600,2.600,0.000,0.000,-2.600,2.600,3.677,-0.302,0.225,0.377,
18:10:23.982,2.168,-2.600,2.600,0.000,0.000,-2.600,2.600,3.677,-0.431,0.230,0.489,
18:10:23.990,2.175,-2.600,2.600,0.000,0.000,-2.600,2.600,3.677,-0.471,0.234,0.526,
18:10:24.004,2.190,-2.600,2.600,0.000,0.000,-2.600,2.600,3.677,-0.475,0.231,0.529,
18:10:24.011,2.197,-2.600,2.600,0.000,0.000,-2.600,2.600,3.677,-0.441,0.232,0.499,
18:10:24.026,2.212,-2.600,2.600,0.000,0.000,-2.600,2.600,3.677,-0.382,0.226,0.444,
18:10:24.044,2.229,-2.600,2.600,0.000,0.000,-2.600,2.600,3.677,-0.271,0.219,0.348,
18:10:24.052,2.237,-2.600,2.600,0.000,0.000,-2.600,2.600,3.677,-0.174,0.218,0.279,
18:10:24.065,2.251,-2.600,2.600,0.000,0.000,-2.600,2.600,3.677,-0.075,0.212,0.225,
18:10:24.072,2.258,-2.600,2.600,0.000,0.000,-2.600,2.600,3.677,0.001,0.211,0.211,
18:10:24.086,2.271,-2.600,2.600,0.000,0.000,-2.600,2.600,3.677,0.081,0.205,0.221,
18:10:24.103,2.288,-2.600,2.600,0.000,0.000,-2.600,2.600,3.677,0.166,0.199,0.259,
18:10:24.109,2.295,-2.600,2.600,0.000,0.000,-2.600,2.600,3.677,0.215,0.200,0.294,
18:10:24.124,2.310,-2.600,2.600,0.000,0.000,-2.600,2.600,3.677,0.263,0.196,0.328,
18:10:24.130,2.316,-2.600,2.600,0.000,0.000,-2.600,2.600,3.677,0.289,0.198,0.350,
18:10:24.144,2.330,-2.600,2.600,0.000,0.000,-2.600,2.600,3.677,0.311,0.195,0.367,
18:10:24.150,2.336,-2.600,2.600,0.000,0.000,-2.600,2.600,3.677,0.320,0.197,0.376,
18:10:24.164,2.350,-5.200,2.600,0.000,0.000,-5.200,2.600,5.814,0.325,0.830,0.891,
18:10:24.171,2.357,-5.200,2.600,0.000,0.000,-5.200,2.600,5.814,0.323,1.238,1.280,
18:10:24.185,2.371,-5.200,2.600,0.000,0.000,-5.200,2.600,5.814,0.315,1.510,1.543,
18:10:24.192,2.378,-5.200,2.600,0.000,0.000,-5.200,2.600,5.814,0.307,1.649,1.678,
18:10:24.207,2.393,-5.200,2.600,0.000,0.000,-5.200,2.600,5.814,0.290,1.680,1.705,
18:10:24.223,2.408,-2.600,5.200,0.000,0.000,-2.600,5.200,5.814,0.967,0.895,1.318,
18:10:24.231,2.416,-2.600,5.200,0.000,0.000,-2.600,5.200,5.814,1.356,0.385,1.409,
18:10:24.246,2.432,-2.600,5.200,0.000,0.000,-2.600,5.200,5.814,1.578,-0.038,1.579,
18:10:24.263,2.449,-2.600,5.200,0.000,0.000,-2.600,5.200,5.814,1.632,-0.350,1.669,
18:10:24.271,2.457,-2.600,5.200,0.000,0.000,-2.600,5.200,5.814,1.613,-0.501,1.689,
18:10:24.285,2.471,-0.000,5.200,0.000,0.000,-0.000,5.200,5.200,1.516,-1.271,1.978,
18:10:24.293,2.479,-0.000,5.200,0.000,0.000,-0.000,5.200,5.200,1.405,-1.687,2.195,
18:10:24.309,2.495,-0.000,5.200,0.000,0.000,-0.000,5.200,5.200,1.223,-1.923,2.279,
18:10:24.325,2.511,-0.000,5.200,0.000,0.000,-0.000,5.200,5.200,0.999,-1.922,2.166,
18:10:24.334,2.520,-0.000,5.200,0.000,0.000,-0.000,5.200,5.200,0.836,-1.813,1.997,
18:10:24.350,2.535,-2.600,2.600,0.000,0.000,-2.600,2.600,3.677,-0.040,-0.916,0.917,
18:10:24.360,2.546,-2.600,2.600,0.000,0.000,-2.600,2.600,3.677,-0.583,-0.264,0.641,
18:10:24.377,2.562,-2.600,2.600,0.000,0.000,-2.600,2.600,3.677,-0.970,0.296,1.014,
18:10:24.392,2.578,-2.600,2.600,0.000,0.000,-2.600,2.600,3.677,-1.141,0.702,1.340,
18:10:24.401,2.587,-2.600,2.600,0.000,0.000,-2.600,2.600,3.677,-1.162,0.916,1.480,
18:10:24.417,2.603,-2.600,2.600,0.000,0.000,-2.600,2.600,3.677,-1.099,1.069,1.533,
18:10:24.433,2.619,-2.600,2.600,0.000,0.000,-2.600,2.600,3.677,-0.930,1.111,1.449,
18:10:24.442,2.627,-2.600,2.600,0.000,0.000,-2.600,2.600,3.677,-0.761,1.079,1.320,
18:10:24.457,2.643,-2.600,2.600,0.000,0.000,-2.600,2.600,3.677,-0.558,1.006,1.150,
18:10:24.473,2.659,-2.600,2.600,0.000,0.000,-2.600,2.600,3.677,-0.323,0.877,0.935,
18:10:24.481,2.667,-2.600,2.600,0.000,0.000,-2.600,2.600,3.677,-0.155,0.763,0.779,
18:10:24.495,2.681,-2.600,2.600,0.000,0.000,-2.600,2.600,3.677,0.020,0.629,0.630,
18:10:24.503,2.689,-2.600,2.600,0.000,0.000,-2.600,2.600,3.677,0.138,0.526,0.544,
18:10:24.518,2.704,-2.600,2.600,0.000,0.000,-2.600,2.600,3.677,0.260,0.404,0.481,
18:10:24.533,2.719,-0.000,2.600,0.000,0.000,-0.000,2.600,2.600,0.356,-0.407,0.540,
18:10:24.541,2.727,-0.000,2.600,0.000,0.000,-0.000,2.600,2.600,0.403,-0.875,0.964,
18:10:24.555,2.741,-0.000,2.600,0.000,0.000,-0.000,2.600,2.600,0.444,-1.195,1.275,
18:10:24.573,2.759,-0.000,2.600,0.000,0.000,-0.000,2.600,2.600,0.459,-1.336,1.413,
18:10:24.584,2.770,-0.000,2.600,0.000,0.000,-0.000,2.600,2.600,0.449,-1.337,1.410,
18:10:24.598,2.784,-2.600,2.600,0.000,0.000,-2.600,2.600,3.677,0.427,-0.562,0.706,
18:10:24.614,2.799,-2.600,2.600,0.000,0.000,-2.600,2.600,3.677,0.391,0.046,0.394,
18:10:24.624,2.809,-2.600,2.600,0.000,0.000,-2.600,2.600,3.677,0.359,0.437,0.565,
18:10:24.638,2.824,-2.600,2.600,0.000,0.000,-2.600,2.600,3.677,0.319,0.725,0.793,
18:10:24.654,2.839,-2.600,0.000,0.000,0.000,-2.600,0.000,2.600,-0.425,0.912,1.006,
18:10:24.662,2.847,-2.600,0.000,0.000,0.000,-2.600,0.000,2.600,-0.843,0.989,1.300,
18:10:24.676,2.862,-2.600,0.000,0.000,0.000,-2.600,0.000,2.600,-1.111,1.020,1.508,
18:10:24.693,2.879,-2.600,0.000,0.000,0.000,-2.600,0.000,2.600,-1.215,0.973,1.556,
18:10:24.702,2.888,-2.600,0.000,0.000,0.000,-2.600,0.000,2.600,-1.213,0.896,1.508,
18:10:24.717,2.902,-2.600,2.600,0.000,0.000,-2.600,2.600,3.677,-0.456,0.790,0.912,
18:10:24.733,2.919,-2.600,2.600,0.000,0.000,-2.600,2.600,3.677,0.145,0.653,0.669,
18:10:24.742,2.928,-2.600,2.600,0.000,0.000,-2.600,2.600,3.677,0.521,0.544,0.753,
18:10:24.758,2.943,-2.600,2.600,0.000,0.000,-2.600,2.600,3.677,0.795,0.420,0.899,
18:10:24.775,2.961,0.000,2.600,0.000,0.000,0.000,2.600,2.600,0.967,-0.437,1.061,
18:10:24.785,2.971,0.000,2.600,0.000,0.000,0.000,2.600,2.600,1.017,-0.909,1.364,
18:10:24.800,2.985,0.000,2.600,0.000,0.000,0.000,2.600,2.600,1.005,-1.197,1.563,
18:10:24.809,2.995,0.000,2.600,0.000,0.000,0.000,2.600,2.600,0.950,-1.315,1.622,
18:10:24.824,3.010,0.000,2.600,0.000,0.000,0.000,2.600,2.600,0.853,-1.330,1.579,
18:10:24.833,3.018,-2.600,2.600,0.000,0.000,-2.600,2.600,3.677,0.758,-0.642,0.994,
18:10:24.847,3.033,-2.600,2.600,0.000,0.000,-2.600,2.600,3.677,0.637,-0.074,0.641,
18:10:24.862,3.048,-2.600,2.600,0.000,0.000,-2.600,2.600,3.677,0.501,0.375,0.626,
18:10:24.870,3.056,-2.600,2.600,0.000,0.000,-2.600,2.600,3.677,0.407,0.649,0.766,
18:10:24.885,3.070,-2.600,2.600,0.000,0.000,-2.600,2.600,3.677,0.302,0.851,0.903,
18:10:24.892,3.077,-2.600,0.000,0.000,0.000,-2.600,0.000,2.600,-0.358,0.948,1.013,
18:10:24.905,3.091,-2.600,0.000,0.000,0.000,-2.600,0.000,2.600,-0.869,1.002,1.327,
18:10:24.921,3.107,-2.600,0.000,0.000,0.000,-2.600,0.000,2.600,-1.193,0.982,1.546,
18:10:24.929,3.114,-2.600,0.000,0.000,0.000,-2.600,0.000,2.600,-1.330,0.928,1.622,
18:10:24.943,3.129,-2.600,0.000,0.000,0.000,-2.600,0.000,2.600,-1.370,0.840,1.607,
18:10:24.951,3.136,-2.600,2.600,0.000,0.000,-2.600,2.600,3.677,-0.718,0.753,1.040,
18:10:24.964,3.150,-2.600,2.600,0.000,0.000,-2.600,2.600,3.677,-0.170,0.643,0.665,
18:10:24.972,3.158,-2.600,2.600,0.000,0.000,-2.600,2.600,3.677,0.214,0.552,0.592,
18:10:24.986,3.172,-2.600,2.600,0.000,0.000,-2.600,2.600,3.677,0.529,0.442,0.689,
18:10:25.002,3.188,-2.600,2.600,0.000,0.000,-2.600,2.600,3.677,0.764,0.327,0.831,
18:10:25.009,3.195,-2.600,2.600,0.000,0.000,-2.600,2.600,3.677,0.877,0.261,0.915,
18:10:25.023,3.209,-2.600,2.600,0.000,0.000,-2.600,2.600,3.677,0.946,0.187,0.965,
18:10:25.031,3.216,-2.600,2.600,0.000,0.000,-2.600,2.600,3.677,0.954,0.147,0.966,
18:10:25.045,3.231,-2.600,2.600,0.000,0.000,-2.600,2.600,3.677,0.925,0.099,0.930,
18:10:25.054,3.240,-2.600,2.600,0.000,0.000,-2.600,2.600,3.677,0.864,0.080,0.867,
18:10:25.072,3.258,-2.600,2.600,0.000,0.000,-2.600,2.600,3.677,0.754,0.056,0.756,
18:10:25.081,3.266,-2.600,2.600,0.000,0.000,-2.600,2.600,3.677,0.653,0.060,0.656,
18:10:25.095,3.281,-2.600,2.600,0.000,0.000,-2.600,2.600,3.677,0.537,0.064,0.540,
18:10:25.104,3.289,-2.600,2.600,0.000,0.000,-2.600,2.600,3.677,0.447,0.078,0.453,
18:10:25.117,3.302,-2.600,2.600,0.000,0.000,-2.600,2.600,3.677,0.350,0.092,0.362,
18:10:25.136,3.321,-2.600,2.600,0.000,0.000,-2.600,2.600,3.677,0.239,0.112,0.263,
18:10:25.150,3.335,-2.600,2.600,0.000,0.000,-2.600,2.600,3.677,0.163,0.137,0.213,
18:10:25.163,3.348,-2.600,2.600,0.000,0.000,-2.600,2.600,3.677,0.112,0.158,0.194,
18:10:25.170,3.355,-2.600,2.600,0.000,0.000,-2.600,2.600,3.677,0.091,0.176,0.198,
18:10:25.183,3.369,-2.600,2.600,0.000,0.000,-2.600,2.600,3.677,0.066,0.188,0.200,
18:10:25.190,3.376,-0.000,2.600,0.000,0.000,-0.000,2.600,2.600,0.063,-0.383,0.388,
18:10:25.204,3.390,-0.000,2.600,0.000,0.000,-0.000,2.600,2.600,0.055,-0.817,0.819,
18:10:25.211,3.396,-0.000,2.600,0.000,0.000,-0.000,2.600,2.600,0.064,-1.065,1.067,
18:10:25.225,3.411,-0.000,2.600,0.000,0.000,-0.000,2.600,2.600,0.070,-1.204,1.206,
18:10:25.232,3.418,-0.000,2.600,0.000,0.000,-0.000,2.600,2.600,0.087,-1.245,1.248,
18:10:25.246,3.432,-2.600,2.600,0.000,0.000,-2.600,2.600,3.677,0.101,-0.558,0.567,
18:10:25.262,3.448,-2.600,2.600,0.000,0.000,-2.600,2.600,3.677,0.121,0.041,0.128,
18:10:25.271,3.456,-2.600,2.600,0.000,0.000,-2.600,2.600,3.677,0.143,0.424,0.447,
18:10:25.284,3.470,-2.600,2.600,0.000,0.000,-2.600,2.600,3.677,0.161,0.710,0.728,
18:10:25.292,3.477,-2.600,2.600,0.000,0.000,-2.600,2.600,3.677,0.177,0.876,0.893,
18:10:25.306,3.492,-2.600,2.600,0.000,0.000,-2.600,2.600,3.677,0.190,0.989,1.007,
18:10:25.323,3.509,-2.600,2.600,0.000,0.000,-2.600,2.600,3.677,0.202,1.016,1.036,
18:10:25.330,3.516,-2.600,2.600,0.000,0.000,-2.600,2.600,3.677,0.212,0.985,1.007,
18:10:25.344,3.530,-2.600,2.600,0.000,0.000,-2.600,2.600,3.677,0.217,0.920,0.946,
18:10:25.353,3.538,-2.600,2.600,0.000,0.000,-2.600,2.600,3.677,0.222,0.842,0.870,
18:10:25.367,3.553,-2.600,2.600,0.000,0.000,-2.600,2.600,3.677,0.223,0.733,0.766,
18:10:25.382,3.568,-2.600,2.600,0.000,0.000,-2.600,2.600,3.677,0.222,0.599,0.639,
18:10:25.390,3.576,-2.600,2.600,0.000,0.000,-2.600,2.600,3.677,0.223,0.502,0.550,
18:10:25.403,3.589,-2.600,2.600,0.000,0.000,-2.600,2.600,3.677,0.220,0.395,0.452,
18:10:25.411,3.597,-2.600,2.600,0.000,0.000,-2.600,2.600,3.677,0.219,0.318,0.386,
18:10:25.425,3.610,-0.000,5.200,0.000,0.000,-0.000,5.200,5.200,0.860,-0.410,0.953,
18:10:25.432,3.617,-0.000,5.200,0.000,0.000,-0.000,5.200,5.200,1.260,-0.857,1.524,
18:10:25.445,3.631,-0.000,5.200,0.000,0.000,-0.000,5.200,5.200,1.522,-1.181,1.926,
18:10:25.454,3.640,-0.000,5.200,0.000,0.000,-0.000,5.200,5.200,1.652,-1.342,2.129,
18:10:25.467,3.652,-0.000,5.200,0.000,0.000,-0.000,5.200,5.200,1.681,-1.401,2.189,
18:10:25.483,3.669,-2.600,2.600,0.000,0.000,-2.600,2.600,3.677,0.893,-0.636,1.097,
18:10:25.492,3.677,-2.600,2.600,0.000,0.000,-2.600,2.600,3.677,0.371,-0.108,0.387,
18:10:25.507,3.693,-2.600,2.600,0.000,0.000,-2.600,2.600,3.677,-0.059,0.322,0.327,
18:10:25.523,3.708,-2.600,2.600,0.000,0.000,-2.600,2.600,3.677,-0.359,0.635,0.729,
18:10:25.531,3.716,-2.600,2.600,0.000,0.000,-2.600,2.600,3.677,-0.511,0.809,0.957,
18:10:25.545,3.731,-2.600,2.600,0.000,0.000,-2.600,2.600,3.677,-0.617,0.930,1.116,
18:10:25.554,3.739,-2.600,2.600,0.000,0.000,-2.600,2.600,3.677,-0.633,0.967,1.156,
18:10:25.571,3.756,-2.600,2.600,0.000,0.000,-2.600,2.600,3.677,-0.611,0.959,1.137,
18:10:25.582,3.768,-2.600,2.600,49.999,-0.358,-52.599,2.958,52.682,-0.491,5.895,5.915,
18:10:25.601,3.787,-0.000,2.600,49.991,-0.944,-49.991,3.544,50.117,-0.301,5.042,5.051,
18:10:25.610,3.796,-0.000,2.600,49.985,-1.213,-49.985,3.813,50.130,-0.151,4.542,4.545,
18:10:25.635,3.820,-0.000,2.600,49.961,-1.969,-49.961,4.569,50.170,0.098,4.169,4.170,
18:10:25.644,3.830,-0.000,2.600,49.949,-2.262,-49.949,4.862,50.185,0.246,3.939,3.947,
18:10:25.662,3.848,-2.600,2.600,49.921,-2.808,-52.521,5.408,52.799,0.416,4.430,4.450,
18:10:25.671,3.856,-2.600,2.600,49.905,-3.074,-52.505,5.674,52.811,0.512,4.750,4.777,
18:10:25.690,3.876,-2.600,2.600,49.866,-3.663,-52.466,6.263,52.838,0.640,4.823,4.865,
18:10:25.708,3.894,-2.600,2.600,49.821,-4.223,-52.421,6.823,52.864,0.734,4.806,4.861,
18:10:25.726,3.912,-2.600,0.000,49.770,-4.787,-52.370,4.787,52.589,0.034,4.696,4.697,
18:10:25.744,3.929,-2.600,0.000,49.717,-5.314,-52.317,5.314,52.586,-0.332,4.545,4.558,
18:10:25.753,3.939,-2.600,0.000,49.686,-5.595,-52.286,5.595,52.584,-0.490,4.487,4.514,
18:10:25.769,3.954,-2.600,0.000,49.629,-6.076,-52.229,6.076,52.582,-0.512,4.308,4.338,
18:10:25.786,3.972,0.000,2.600,49.561,-6.608,-49.561,9.208,50.410,0.327,3.390,3.406,
18:10:25.807,3.992,0.000,2.600,49.474,-7.234,-49.474,9.834,50.442,0.983,2.770,2.939,
18:10:25.824,4.010,0.000,2.600,49.393,-7.769,-49.393,10.369,50.469,1.397,2.505,2.868,
18:10:25.832,4.018,0.000,2.600,49.354,-8.011,-49.354,10.611,50.482,1.595,2.500,2.966,
18:10:25.850,4.036,2.600,0.000,49.263,-8.556,-46.663,8.556,47.440,1.022,1.745,2.022,
18:10:25.859,4.044,2.600,0.000,49.218,-8.809,-46.618,8.809,47.443,0.662,1.503,1.642,
18:10:25.877,4.062,2.600,0.000,49.118,-9.350,-46.518,9.350,47.448,0.425,1.390,1.454,
18:10:25.894,4.080,2.600,0.000,49.014,-9.882,-46.414,9.882,47.454,0.296,1.565,1.592,
18:10:25.904,4.089,7.800,2.600,48.957,-10.159,-41.157,12.759,43.089,0.920,0.522,1.058,
18:10:25.921,4.106,7.800,2.600,48.847,-10.676,-41.047,13.276,43.141,1.389,-0.054,1.390,
18:10:25.929,4.115,7.800,2.600,48.793,-10.922,-40.993,13.522,43.165,1.661,-0.156,1.668,
18:10:25.947,4.133,7.800,2.600,48.669,-11.458,-40.869,14.058,43.220,1.843,0.001,1.843,
18:10:25.965,4.151,13.000,2.600,48.535,-12.014,-35.535,14.614,38.423,1.914,-0.997,2.157,
18:10:25.974,4.160,13.000,2.600,48.471,-12.272,-35.471,14.872,38.462,1.920,-1.279,2.307,
18:10:25.991,4.177,13.000,2.600,48.341,-12.771,-35.341,15.371,38.539,1.870,-1.153,2.197,
18:10:26.000,4.186,13.000,2.600,48.267,-13.049,-35.267,15.649,38.583,1.812,-0.814,1.987,
18:10:26.017,4.203,13.000,2.600,48.132,-13.539,-35.132,16.139,38.662,1.717,-0.261,1.737,
18:10:26.034,4.220,18.200,2.600,47.985,-14.051,-29.785,16.651,34.123,1.609,-0.977,1.882,
18:10:26.043,4.229,18.200,2.600,47.910,-14.306,-29.710,16.906,34.183,1.549,-1.168,1.940,
18:10:26.059,4.245,18.200,2.600,47.764,-14.786,-29.564,17.386,34.297,1.470,-0.984,1.769,
18:10:26.075,4.261,18.200,2.600,47.614,-15.261,-29.414,17.861,34.412,1.414,-0.512,1.503,
18:10:26.094,4.280,23.400,-2.600,47.435,-15.809,-24.035,13.209,27.425,-0.130,-1.332,1.338,
18:10:26.103,4.289,23.400,-2.600,47.350,-16.061,-23.950,13.461,27.474,-0.890,-1.577,1.811,
18:10:26.119,4.304,23.400,-2.600,47.193,-16.519,-23.793,13.919,27.565,-1.299,-1.439,1.939,
18:10:26.136,4.321,23.400,-2.600,47.018,-17.009,-23.618,14.409,27.666,-1.358,-0.987,1.679,
18:10:26.154,4.340,28.600,-2.600,46.824,-17.536,-18.224,14.936,23.563,-1.107,-1.826,2.135,
18:10:26.162,4.348,28.600,-2.600,46.736,-17.770,-18.136,15.170,23.644,-0.820,-2.096,2.251,
18:10:26.179,4.364,28.600,-2.600,46.554,-18.240,-17.954,15.640,23.811,-0.417,-1.955,1.999,
18:10:26.195,4.381,28.600,-2.600,46.362,-18.724,-17.762,16.124,23.989,0.082,-1.492,1.494,
18:10:26.213,4.399,31.200,-2.600,46.156,-19.227,-14.956,16.627,22.363,0.600,-1.577,1.688,
18:10:26.222,4.407,31.200,-2.600,46.056,-19.464,-14.856,16.864,22.474,0.934,-1.468,1.740,
18:10:26.238,4.423,31.200,-2.600,45.862,-19.916,-14.662,17.316,22.690,1.278,-1.114,1.695,
18:10:26.256,4.441,31.200,-2.600,45.637,-20.426,-14.437,17.826,22.939,1.584,-0.574,1.685,
18:10:26.274,4.460,33.800,-2.600,45.404,-20.939,-11.604,18.339,21.702,1.808,-0.735,1.951,
18:10:26.282,4.468,33.800,-2.600,45.299,-21.166,-11.499,18.566,21.838,1.912,-0.737,2.049,
18:10:26.298,4.484,33.800,-2.600,45.090,-21.608,-11.290,19.008,22.108,1.988,-0.550,2.063,
18:10:26.317,4.502,33.800,-2.600,44.847,-22.108,-11.047,19.508,22.419,2.014,-0.237,2.028,
18:10:26.337,4.522,36.400,-5.200,44.569,-22.663,-8.169,17.463,19.279,1.215,-0.629,1.368,
18:10:26.354,4.539,36.400,-5.200,44.327,-23.132,-7.927,17.932,19.606,0.765,-0.704,1.040,
18:10:26.362,4.548,36.400,-5.200,44.213,-23.350,-7.813,18.150,19.760,0.572,-0.680,0.888,
18:10:26.378,4.564,36.400,-5.200,43.975,-23.794,-7.575,18.594,20.078,0.477,-0.536,0.718,
18:10:26.394,4.580,39.000,-7.800,43.743,-24.219,-4.743,16.419,17.090,-0.201,-1.039,1.058,
18:10:26.402,4.588,39.000,-7.800,43.627,-24.428,-4.627,16.628,17.259,-0.502,-1.261,1.358,
18:10:26.418,4.604,39.000,-7.800,43.378,-24.867,-4.378,17.067,17.620,-0.598,-1.282,1.415,
18:10:26.436,4.622,39.000,-7.800,43.109,-25.330,-4.109,17.530,18.005,-0.450,-1.122,1.209,
18:10:26.454,4.640,39.000,-7.800,42.821,-25.814,-3.821,18.014,18.415,-0.115,-0.841,0.849,
18:10:26.462,4.648,39.000,-7.800,42.695,-26.022,-3.695,18.222,18.593,0.170,-0.629,0.651,
18:10:26.479,4.665,39.000,-7.800,42.418,-26.472,-3.418,18.672,18.982,0.525,-0.366,0.640,
18:10:26.488,4.674,39.000,-7.800,42.273,-26.702,-3.273,18.902,19.184,0.810,-0.173,0.829,
18:10:26.504,4.689,39.000,-7.800,42.017,-27.103,-3.017,19.303,19.537,1.120,0.029,1.121,
18:10:26.511,4.697,39.000,-13.000,41.895,-27.291,-2.895,14.291,14.582,0.100,0.154,0.184,
18:10:26.527,4.713,39.000,-13.000,41.629,-27.696,-2.629,14.696,14.929,-0.565,0.281,0.631,
18:10:26.546,4.732,39.000,-13.000,41.296,-28.190,-2.296,15.190,15.362,-0.829,0.380,0.912,
18:10:26.564,4.749,39.000,-13.000,40.993,-28.628,-1.993,15.628,15.755,-0.777,0.417,0.882,
18:10:26.572,4.758,39.000,-10.400,40.843,-28.841,-1.843,18.441,18.533,0.026,0.420,0.421,
18:10:26.590,4.776,39.000,-10.400,40.523,-29.290,-1.523,18.890,18.951,0.776,0.390,0.869,
18:10:26.599,4.785,39.000,-10.400,40.356,-29.519,-1.356,19.119,19.167,1.288,0.354,1.336,
18:10:26.618,4.804,39.000,-10.400,40.014,-29.982,-1.014,19.582,19.608,1.768,0.283,1.790,
18:10:26.635,4.821,41.600,-13.000,39.695,-30.402,1.905,17.402,17.506,1.370,-0.542,1.474,
18:10:26.655,4.840,41.600,-13.000,39.331,-30.872,2.269,17.872,18.016,1.159,-1.061,1.571,
18:10:26.663,4.849,41.600,-13.000,39.173,-31.072,2.427,18.072,18.235,1.062,-1.288,1.669,
18:10:26.681,4.867,41.600,-13.000,38.819,-31.514,2.781,18.514,18.722,1.043,-1.400,1.746,
18:10:26.690,4.876,39.000,-13.000,38.648,-31.723,0.352,18.723,18.726,1.067,-0.744,1.300,
18:10:26.706,4.892,39.000,-13.000,38.333,-32.103,0.667,19.103,19.114,1.122,-0.232,1.145,
18:10:26.727,4.913,39.000,-13.000,37.924,-32.585,1.076,19.585,19.615,1.228,0.166,1.240,
18:10:26.745,4.931,39.000,-13.000,37.550,-33.015,1.450,20.015,20.068,1.357,0.408,1.417,
18:10:26.755,4.940,39.000,-13.000,37.367,-33.222,1.633,20.222,20.288,1.458,0.506,1.543,
18:10:26.772,4.958,39.000,-13.000,36.999,-33.631,2.001,20.631,20.728,1.548,0.527,1.635,
18:10:26.781,4.967,39.000,-13.000,36.820,-33.827,2.180,20.827,20.941,1.626,0.492,1.698,
18:10:26.797,4.982,39.000,-13.000,36.497,-34.175,2.503,21.175,21.323,1.687,0.408,1.736,
18:10:26.815,5.001,36.400,-15.600,36.103,-34.592,0.297,18.992,18.994,1.000,1.003,1.416,
18:10:26.824,5.009,36.400,-15.600,35.928,-34.773,0.472,19.173,19.179,0.663,1.280,1.441,
18:10:26.838,5.024,36.400,-15.600,35.617,-35.092,0.783,19.492,19.507,0.473,1.361,1.441,
18:10:26.855,5.040,36.400,-15.600,35.259,-35.451,1.141,19.851,19.884,0.436,1.269,1.342,
18:10:26.862,5.048,36.400,-15.600,35.102,-35.606,1.298,20.006,20.048,0.487,1.162,1.260,
18:10:26.880,5.066,39.000,-15.600,34.698,-36.000,4.302,20.400,20.849,0.598,0.210,0.634,
18:10:26.889,5.075,39.000,-15.600,34.504,-36.186,4.496,20.586,21.072,0.758,-0.396,0.856,
18:10:26.906,5.092,39.000,-15.600,34.123,-36.546,4.877,20.946,21.507,0.956,-0.913,1.322,
18:10:26.926,5.112,39.000,-15.600,33.669,-36.965,5.331,21.365,22.020,1.213,-1.285,1.767,
18:10:26.944,5.130,39.000,-15.600,33.253,-37.340,5.747,21.740,22.487,1.462,-1.455,2.063,
18:10:26.953,5.138,39.000,-15.600,33.066,-37.505,5.934,21.905,22.695,1.628,-1.484,2.203,
18:10:26.968,5.154,39.000,-15.600,32.702,-37.823,6.298,22.223,23.098,1.766,-1.467,2.296,
18:10:26.985,5.171,39.000,-15.600,32.314,-38.155,6.686,22.555,23.525,1.882,-1.372,2.329,
18:10:26.993,5.179,39.000,-15.600,32.118,-38.320,6.882,22.720,23.739,1.964,-1.271,2.339,
18:10:27.010,5.196,39.000,-18.200,31.726,-38.645,7.274,20.445,21.701,1.316,-1.142,1.742,
18:10:27.019,5.205,39.000,-18.200,31.509,-38.823,7.491,20.623,21.941,0.952,-1.033,1.405,
18:10:27.036,5.221,39.000,-18.200,31.113,-39.141,7.887,20.941,22.377,0.726,-0.908,1.163,
18:10:27.053,5.239,39.000,-18.200,30.693,-39.471,8.307,21.271,22.835,0.662,-0.791,1.031,
18:10:27.061,5.247,39.000,-18.200,30.512,-39.611,8.488,21.411,23.032,0.702,-0.731,1.013,
18:10:27.078,5.263,41.600,-20.800,30.098,-39.926,11.502,19.126,22.318,0.093,-1.368,1.371,
18:10:27.094,5.280,41.600,-20.800,29.697,-40.225,11.903,19.425,22.782,-0.165,-1.769,1.776,
18:10:27.103,5.289,41.600,-20.800,29.480,-40.385,12.120,19.585,23.032,-0.204,-1.973,1.984,
18:10:27.119,5.304,41.600,-20.800,29.083,-40.671,12.517,19.871,23.485,-0.100,-2.049,2.051,
18:10:27.135,5.321,39.000,-18.200,28.668,-40.965,10.332,22.765,25.000,0.881,-1.287,1.560,
18:10:27.154,5.340,39.000,-18.200,28.192,-41.294,10.808,23.094,25.498,1.684,-0.721,1.832,
18:10:27.162,5.348,39.000,-18.200,27.993,-41.430,11.007,23.230,25.706,2.152,-0.431,2.195,
18:10:27.179,5.365,39.000,-18.200,27.559,-41.719,11.441,23.519,26.154,2.510,-0.223,2.520,
18:10:27.196,5.382,39.000,-20.800,27.122,-42.005,11.878,21.205,24.305,1.995,-0.148,2.000,
18:10:27.215,5.401,39.000,-20.800,26.635,-42.315,12.365,21.515,24.815,1.640,-0.192,1.651,
18:10:27.223,5.409,39.000,-20.800,26.420,-42.450,12.580,21.650,25.039,1.461,-0.280,1.488,
18:10:27.240,5.425,39.000,-20.800,25.991,-42.714,13.009,21.914,25.484,1.334,-0.404,1.394,
18:10:27.257,5.443,39.000,-23.400,25.529,-42.991,13.471,19.591,23.776,0.549,-0.580,0.799,
18:10:27.275,5.461,39.000,-23.400,25.051,-43.272,13.949,19.872,24.279,0.146,-0.778,0.791,
18:10:27.283,5.469,39.000,-23.400,24.851,-43.387,14.149,19.987,24.488,0.026,-0.913,0.913,
18:10:27.299,5.484,39.000,-23.400,24.430,-43.625,14.570,20.225,24.927,0.023,-1.051,1.051,
18:10:27.316,5.501,36.400,-23.400,23.975,-43.877,12.425,20.477,23.951,0.188,-0.458,0.495,
18:10:27.324,5.510,36.400,-23.400,23.747,-44.001,12.653,20.601,24.176,0.385,-0.154,0.415,
18:10:27.342,5.527,36.400,-23.400,23.276,-44.252,13.124,20.852,24.638,0.640,-0.020,0.640,
18:10:27.350,5.536,36.400,-23.400,23.052,-44.369,13.348,20.969,24.857,0.874,0.003,0.874,
18:10:27.367,5.552,36.400,-23.400,22.587,-44.607,13.813,21.207,25.309,1.135,-0.076,1.138,
18:10:27.384,5.570,36.400,-26.000,22.114,-44.844,14.286,18.844,23.647,0.669,-0.263,0.719,
18:10:27.393,5.579,36.400,-26.000,21.870,-44.964,14.530,18.964,23.890,0.464,-0.435,0.637,
18:10:27.410,5.596,36.400,-26.000,21.394,-45.192,15.006,19.192,24.362,0.415,-0.656,0.776,
18:10:27.420,5.606,36.400,-26.000,21.129,-45.316,15.271,19.316,24.624,0.461,-0.836,0.955,
18:10:27.436,5.622,36.400,-26.000,20.683,-45.522,15.717,19.522,25.062,0.579,-1.034,1.185,
18:10:27.455,5.641,31.200,-28.600,20.139,-45.765,11.061,17.165,20.420,0.045,0.262,0.266,
18:10:27.463,5.648,31.200,-28.600,19.927,-45.857,11.273,17.257,20.613,-0.157,0.907,0.920,
18:10:27.479,5.664,31.200,-28.600,19.485,-46.047,11.715,17.447,21.016,-0.186,1.220,1.234,
18:10:27.488,5.674,31.200,-28.600,19.214,-46.161,11.986,17.561,21.261,-0.103,1.295,1.299,
18:10:27.506,5.691,31.200,-28.600,18.725,-46.361,12.475,17.761,21.705,0.095,1.153,1.157,
18:10:27.524,5.709,33.800,-28.600,18.207,-46.567,15.593,17.967,23.790,0.407,0.035,0.408,
18:10:27.532,5.718,33.800,-28.600,17.973,-46.658,15.827,18.058,24.012,0.654,-0.675,0.940,
18:10:27.549,5.734,33.800,-28.600,17.497,-46.839,16.303,18.239,24.463,0.924,-1.306,1.600,
18:10:27.567,5.752,33.800,-28.600,16.975,-47.030,16.825,18.430,24.955,1.200,-1.819,2.179,
18:10:27.585,5.771,31.200,-28.600,16.433,-47.222,14.767,18.622,23.767,1.441,-1.400,2.009,
18:10:27.604,5.789,31.200,-28.600,15.905,-47.403,15.295,18.803,24.238,1.618,-1.160,1.992,
18:10:27.612,5.797,31.200,-28.600,15.674,-47.480,15.526,18.880,24.444,1.718,-1.033,2.005,
18:10:27.629,5.815,31.200,-28.600,15.165,-47.645,16.035,19.045,24.896,1.778,-0.984,2.032,
18:10:27.645,5.831,31.200,-31.200,14.690,-47.793,16.510,16.593,23.408,1.077,-0.990,1.463,
18:10:27.654,5.840,31.200,-31.200,14.427,-47.873,16.773,16.673,23.650,0.694,-1.022,1.236,
18:10:27.672,5.857,31.200,-31.200,13.913,-48.025,17.287,16.825,24.123,0.443,-1.086,1.173,
18:10:27.680,5.865,31.200,-31.200,13.677,-48.093,17.523,16.893,24.340,0.358,-1.155,1.209,
18:10:27.697,5.882,31.200,-31.200,13.179,-48.232,18.021,17.032,24.796,0.334,-1.238,1.282,
18:10:27.715,5.900,33.800,-33.800,12.637,-48.377,21.163,14.577,25.697,-0.311,-2.086,2.109,
18:10:27.723,5.909,33.800,-33.800,12.398,-48.439,21.402,14.639,25.929,-0.566,-2.558,2.620,
18:10:27.738,5.924,33.800,-33.800,11.933,-48.555,21.867,14.755,26.380,-0.635,-2.848,2.918,
18:10:27.758,5.943,33.800,-33.800,11.351,-48.694,22.449,14.894,26.941,-0.478,-2.964,3.002,
18:10:27.775,5.961,31.200,-28.600,10.833,-48.812,20.367,20.212,28.694,1.327,-2.178,2.550,
18:10:27.784,5.970,31.200,-28.600,10.565,-48.871,20.635,20.271,28.926,2.358,-1.728,2.923,
18:10:27.801,5.987,31.200,-28.600,10.055,-48.979,21.145,20.379,29.367,3.068,-1.373,3.361,
18:10:27.810,5.996,31.200,-28.600,9.792,-49.032,21.408,20.432,29.593,3.439,-1.194,3.640,
18:10:27.828,6.014,31.200,-28.600,9.241,-49.139,21.959,20.539,30.067,3.616,-1.050,3.766,
18:10:27.846,6.032,31.200,-33.800,8.695,-49.238,22.505,15.438,27.291,2.027,-1.038,2.277,
18:10:27.866,6.052,31.200,-33.800,8.083,-49.342,23.117,15.542,27.856,0.867,-1.130,1.424,
18:10:27.885,6.071,31.200,-33.800,7.518,-49.432,23.682,15.632,28.376,0.161,-1.289,1.299,
18:10:27.893,6.079,31.200,-33.800,7.279,-49.467,23.921,15.667,28.595,-0.140,-1.432,1.439,
18:10:27.909,6.094,26.000,-33.800,6.806,-49.535,19.194,15.735,24.819,-0.335,-0.188,0.383,
18:10:27.925,6.110,26.000,-33.800,6.313,-49.600,19.687,15.800,25.243,-0.335,0.522,0.620,
18:10:27.934,6.120,26.000,-33.800,6.037,-49.634,19.963,15.834,25.480,-0.224,0.808,0.839,
18:10:27.951,6.137,26.000,-33.800,5.507,-49.696,20.493,15.896,25.935,-0.053,0.819,0.820,
18:10:27.960,6.146,26.000,-33.800,5.248,-49.724,20.752,15.924,26.158,0.158,0.665,0.684,
18:10:27.977,6.163,26.000,-36.400,4.725,-49.776,21.275,13.376,25.131,-0.306,0.339,0.457,
18:10:27.995,6.181,26.000,-36.400,4.163,-49.826,21.837,13.426,25.634,-0.456,-0.169,0.487,
18:10:28.004,6.190,26.000,-36.400,3.900,-49.848,22.100,13.448,25.870,-0.439,-0.567,0.717,
18:10:28.021,6.207,26.000,-36.400,3.385,-49.885,22.615,13.485,26.331,-0.299,-1.018,1.061,
18:10:28.030,6.215,26.000,-36.400,3.123,-49.902,22.877,13.502,26.565,-0.127,-1.345,1.351,
18:10:28.046,6.231,23.400,-39.000,2.624,-49.931,20.776,10.931,23.476,-0.584,-1.001,1.159,
18:10:28.065,6.250,23.400,-39.000,2.043,-49.958,21.357,10.958,24.004,-0.722,-0.882,1.140,
18:10:28.073,6.259,23.400,-39.000,1.788,-49.968,21.612,10.968,24.236,-0.704,-0.863,1.114,
18:10:28.090,6.276,23.400,-39.000,1.259,-49.984,22.141,10.984,24.716,-0.541,-0.958,1.100,
18:10:28.099,6.285,23.400,-39.000,0.995,-49.990,22.405,10.990,24.955,-0.358,-1.069,1.128,
18:10:28.117,6.303,23.400,-39.000,0.439,-49.998,22.961,10.998,25.459,-0.079,-1.250,1.253,
18:10:28.136,6.321,23.400,-39.000,-0.137,-50.000,23.537,11.000,25.981,0.254,-1.479,1.500,
18:10:28.143,6.329,23.400,-39.000,-0.352,-49.999,23.752,10.999,26.175,0.466,-1.637,1.702,
18:10:28.160,6.346,20.800,-41.600,-0.878,-49.992,21.678,8.392,23.246,-0.009,-1.099,1.099,
18:10:28.169,6.355,20.800,-41.600,-1.162,-49.986,21.962,8.386,23.509,-0.257,-0.824,0.863,
18:10:28.187,6.373,20.800,-41.600,-1.712,-49.971,22.512,8.371,24.018,-0.337,-0.718,0.793,
18:10:28.207,6.392,20.800,-41.600,-2.308,-49.947,23.108,8.347,24.569,-0.273,-0.786,0.832,
18:10:28.226,6.412,20.800,-41.600,-2.920,-49.915,23.720,8.315,25.135,-0.107,-0.986,0.992,
18:10:28.247,6.432,20.800,-41.600,-3.542,-49.874,24.342,8.274,25.710,0.107,-1.256,1.261,
18:10:28.264,6.450,20.800,-41.600,-4.074,-49.834,24.874,8.234,26.201,0.306,-1.521,1.552,
18:10:28.272,6.457,20.800,-41.600,-4.302,-49.815,25.102,8.215,26.412,0.431,-1.701,1.754,
18:10:28.289,6.475,18.200,-44.200,-4.839,-49.765,23.039,5.565,23.702,-0.147,-1.176,1.185,
18:10:28.307,6.493,18.200,-44.200,-5.389,-49.709,23.589,5.509,24.224,-0.471,-0.919,1.032,
18:10:28.327,6.513,18.200,-44.200,-6.002,-49.638,24.202,5.438,24.806,-0.573,-0.890,1.058,
18:10:28.345,6.531,18.200,-41.600,-6.550,-49.569,24.750,7.969,26.002,0.237,-1.002,1.030,
18:10:28.355,6.540,18.200,-41.600,-6.841,-49.530,25.041,7.930,26.266,0.700,-1.142,1.339,
18:10:28.372,6.558,18.200,-41.600,-7.372,-49.454,25.572,7.854,26.751,1.026,-1.326,1.677,
18:10:28.381,6.567,18.200,-41.600,-7.629,-49.415,25.829,7.815,26.985,1.207,-1.499,1.925,
18:10:28.399,6.584,13.000,-41.600,-8.171,-49.328,21.171,7.728,22.538,1.315,-0.267,1.342,
18:10:28.418,6.603,13.000,-41.600,-8.739,-49.230,21.739,7.630,23.039,1.312,0.390,1.369,
18:10:28.436,6.622,13.000,-41.600,-9.293,-49.129,22.293,7.529,23.530,1.222,0.550,1.340,
18:10:28.459,6.644,13.000,-44.200,-9.980,-48.994,22.980,4.794,23.475,0.253,0.325,0.412,
18:10:28.476,6.661,13.000,-44.200,-10.494,-48.886,23.494,4.686,23.957,-0.291,-0.091,0.305,
18:10:28.494,6.680,13.000,-44.200,-11.061,-48.761,24.061,4.561,24.489,-0.585,-0.595,0.835,
18:10:28.503,6.689,13.000,-44.200,-11.312,-48.704,24.312,4.504,24.725,-0.682,-0.954,1.173,
18:10:28.521,6.707,10.400,-41.600,-11.854,-48.575,22.254,6.975,23.321,0.007,-0.650,0.650,
18:10:28.530,6.715,10.400,-41.600,-12.104,-48.513,22.504,6.913,23.542,0.459,-0.548,0.715,
18:10:28.547,6.733,10.400,-41.600,-12.637,-48.377,23.037,6.777,24.013,0.788,-0.646,1.019,
18:10:28.564,6.749,10.400,-41.600,-13.118,-48.248,23.518,6.648,24.440,1.005,-0.857,1.321,
18:10:28.572,6.758,10.400,-41.600,-13.373,-48.178,23.773,6.578,24.666,1.114,-1.045,1.527,
18:10:28.588,6.774,7.800,-44.200,-13.842,-48.046,21.642,3.846,21.981,0.443,-0.587,0.736,
18:10:28.606,6.792,7.800,-44.200,-14.368,-47.891,22.168,3.691,22.473,-0.043,-0.428,0.430,
18:10:28.624,6.810,7.800,-44.200,-14.904,-47.727,22.704,3.527,22.976,-0.346,-0.505,0.612,
18:10:28.633,6.819,7.800,-44.200,-15.162,-47.646,22.962,3.446,23.219,-0.479,-0.632,0.793,
18:10:28.650,6.836,7.800,-44.200,-15.671,-47.481,23.471,3.281,23.699,-0.547,-0.855,1.015,
18:10:28.659,6.845,7.800,-44.200,-15.919,-47.398,23.719,3.198,23.934,-0.531,-1.061,1.186,
18:10:28.677,6.863,7.800,-44.200,-16.438,-47.221,24.238,3.021,24.426,-0.476,-1.327,1.410,
18:10:28.699,6.885,7.800,-44.200,-17.086,-46.990,24.886,2.790,25.042,-0.341,-1.655,1.690,
18:10:28.710,6.896,5.200,-46.800,-17.390,-46.878,22.590,0.078,22.590,-0.909,-1.185,1.494,
18:10:28.732,6.918,5.200,-46.800,-18.034,-46.634,23.234,-0.166,23.235,-1.205,-0.967,1.545,
18:10:28.746,6.932,5.200,-46.800,-18.420,-46.484,23.620,-0.316,23.622,-1.269,-0.939,1.579,
18:10:28.769,6.955,2.600,-46.800,-19.070,-46.220,21.670,-0.580,21.678,-1.157,-0.271,1.189,
18:10:28.791,6.977,2.600,-46.800,-19.695,-45.957,22.295,-0.843,22.311,-0.922,-0.101,0.928,
18:10:28.801,6.987,2.600,-46.800,-19.985,-45.832,22.585,-0.968,22.606,-0.742,-0.151,0.757,
18:10:28.820,7.006,2.600,-46.800,-20.525,-45.593,23.125,-1.207,23.156,-0.524,-0.362,0.637,
18:10:28.830,7.016,2.600,-46.800,-20.782,-45.476,23.382,-1.324,23.420,-0.380,-0.596,0.707,
18:10:28.850,7.035,2.600,-46.800,-21.339,-45.218,23.939,-1.582,23.992,-0.208,-0.934,0.957,
18:10:28.859,7.044,2.600,-46.800,-21.584,-45.101,24.184,-1.699,24.244,-0.117,-1.211,1.216,
18:10:28.877,7.063,2.600,-46.800,-22.091,-44.855,24.691,-1.945,24.768,-0.026,-1.527,1.527,
18:10:28.894,7.080,2.600,-46.800,-22.562,-44.620,25.162,-2.180,25.256,0.021,-1.824,1.824,
18:10:28.904,7.090,2.600,-46.800,-22.834,-44.481,25.434,-2.319,25.540,0.029,-2.026,2.026,
18:10:28.921,7.107,2.600,-46.800,-23.293,-44.243,25.893,-2.557,26.019,0.018,-2.199,2.199,
18:10:28.930,7.115,2.600,-46.800,-23.527,-44.119,26.127,-2.681,26.264,-0.007,-2.311,2.311,
18:10:28.947,7.133,2.600,-46.800,-23.993,-43.867,26.593,-2.933,26.755,-0.048,-2.393,2.394,
18:10:28.964,7.150,-0.000,-46.800,-24.466,-43.605,24.466,-3.195,24.673,-0.108,-1.699,1.703,
18:10:28.973,7.159,-0.000,-46.800,-24.695,-43.476,24.695,-3.324,24.918,-0.155,-1.340,1.349,
18:10:28.991,7.177,-0.000,-46.800,-25.176,-43.199,25.176,-3.601,25.432,-0.215,-1.111,1.132,
18:10:29.000,7.186,-0.000,-46.800,-25.411,-43.061,25.411,-3.739,25.685,-0.258,-1.049,1.080,
18:10:29.018,7.204,-2.600,-46.800,-25.890,-42.775,23.290,-4.025,23.636,-0.313,-0.337,0.460,
18:10:29.036,7.221,-2.600,-46.800,-26.348,-42.495,23.748,-4.305,24.135,-0.364,-0.038,0.366,
18:10:29.054,7.240,-2.600,-46.800,-26.821,-42.198,24.221,-4.602,24.654,-0.409,-0.060,0.413,
18:10:29.063,7.249,-2.600,-46.800,-27.051,-42.051,24.451,-4.749,24.908,-0.433,-0.202,0.478,
18:10:29.081,7.266,-2.600,-49.400,-27.507,-41.754,24.907,-7.646,26.054,-1.178,-0.459,1.264,
18:10:29.089,7.275,-2.600,-49.400,-27.717,-41.614,25.117,-7.786,26.296,-1.583,-0.722,1.740,
18:10:29.107,7.293,-2.600,-49.400,-28.180,-41.303,25.580,-8.097,26.831,-1.827,-1.064,2.114,
18:10:29.125,7.310,-2.600,-49.400,-28.625,-40.995,26.025,-8.405,27.349,-1.889,-1.448,2.380,
18:10:29.133,7.319,-2.600,-49.400,-28.835,-40.848,26.235,-8.552,27.593,-1.861,-1.720,2.534,
18:10:29.151,7.337,-5.200,-44.200,-29.283,-40.528,24.083,-3.672,24.362,-0.302,-1.274,1.310,
18:10:29.160,7.345,-5.200,-44.200,-29.493,-40.376,24.293,-3.824,24.592,0.614,-1.066,1.230,
18:10:29.178,7.364,-5.200,-44.200,-29.957,-40.032,24.757,-4.168,25.106,1.264,-1.015,1.621,
18:10:29.195,7.381,-5.200,-44.200,-30.366,-39.723,25.166,-4.477,25.561,1.562,-1.092,1.906,
18:10:29.204,7.390,-7.800,-46.800,-30.588,-39.552,22.788,-7.248,23.912,0.956,-0.548,1.102,
18:10:29.222,7.407,-7.800,-46.800,-31.011,-39.222,23.211,-7.578,24.416,0.394,-0.271,0.478,
18:10:29.231,7.416,-7.800,-46.800,-31.224,-39.052,23.424,-7.748,24.672,-0.022,-0.217,0.218,
18:10:29.248,7.433,-7.800,-46.800,-31.625,-38.728,23.825,-8.072,25.155,-0.413,-0.318,0.521,
18:10:29.267,7.452,-7.800,-44.200,-32.083,-38.349,24.283,-5.851,24.978,-0.012,-0.601,0.602,
18:10:29.289,7.475,-7.800,-44.200,-32.609,-37.904,24.809,-6.296,25.595,0.136,-1.023,1.032,
18:10:29.308,7.494,-7.800,-44.200,-33.046,-37.523,25.246,-6.677,26.114,0.134,-1.428,1.435,
18:10:29.325,7.511,-7.800,-46.800,-33.448,-37.165,25.648,-9.635,27.398,-0.717,-1.762,1.902,
18:10:29.334,7.520,-7.800,-46.800,-33.639,-36.992,25.839,-9.808,27.638,-1.169,-1.973,2.293,
18:10:29.351,7.537,-7.800,-46.800,-34.024,-36.639,26.224,-10.161,28.124,-1.500,-2.160,2.630,
18:10:29.360,7.546,-7.800,-46.800,-34.234,-36.442,26.434,-10.358,28.391,-1.671,-2.287,2.833,
18:10:29.377,7.563,-7.800,-46.800,-34.613,-36.082,26.813,-10.718,28.876,-1.771,-2.385,2.970,
18:10:29.396,7.582,-10.400,-44.200,-35.035,-35.673,24.635,-8.527,26.069,-0.994,-1.683,1.954,
18:10:29.418,7.604,-10.400,-44.200,-35.507,-35.203,25.107,-8.997,26.670,-0.450,-1.269,1.347,
18:10:29.435,7.620,-10.400,-44.200,-35.869,-34.834,25.469,-9.366,27.137,-0.160,-1.115,1.126,
18:10:29.444,7.630,-10.400,-44.200,-36.070,-34.626,25.670,-9.574,27.397,-0.035,-1.096,1.096,
18:10:29.461,7.647,-13.000,-44.200,-36.432,-34.245,23.432,-9.955,25.458,0.008,-0.421,0.421,
18:10:29.470,7.656,-13.000,-44.200,-36.612,-34.053,23.612,-10.147,25.700,-0.027,-0.137,0.140,
18:10:29.486,7.672,-13.000,-44.200,-36.942,-33.694,23.942,-10.506,26.146,-0.109,-0.042,0.117,
18:10:29.504,7.690,-13.000,-44.200,-37.324,-33.271,24.324,-10.929,26.666,-0.268,-0.184,0.325,
18:10:29.512,7.698,-13.000,-44.200,-37.481,-33.094,24.481,-11.106,26.882,-0.403,-0.391,0.562,
18:10:29.529,7.715,-13.000,-44.200,-37.830,-32.693,24.830,-11.507,27.367,-0.566,-0.678,0.883,
18:10:29.547,7.733,-13.000,-44.200,-38.180,-32.284,25.180,-11.916,27.857,-0.742,-1.052,1.287,
18:10:29.567,7.753,-13.000,-44.200,-38.584,-31.800,25.584,-12.400,28.431,-0.918,-1.467,1.731,
18:10:29.584,7.770,-18.200,-44.200,-38.917,-31.393,20.717,-12.807,24.356,-1.055,-0.303,1.098,
18:10:29.592,7.778,-18.200,-44.200,-39.058,-31.216,20.858,-12.984,24.569,-1.132,0.224,1.154,
18:10:29.609,7.794,-18.200,-44.200,-39.380,-30.810,21.180,-13.390,25.058,-1.204,0.443,1.283,
18:10:29.625,7.811,-18.200,-44.200,-39.684,-30.417,21.484,-13.783,25.525,-1.256,0.386,1.314,
18:10:29.635,7.820,-18.200,-44.200,-39.860,-30.186,21.660,-14.014,25.799,-1.288,0.226,1.308,
18:10:29.651,7.837,-18.200,-41.600,-40.163,-29.781,21.963,-11.819,24.941,-0.603,-0.062,0.606,
18:10:29.660,7.846,-18.200,-41.600,-40.329,-29.557,22.129,-12.043,25.193,-0.215,-0.361,0.420,
18:10:29.676,7.862,-18.200,-41.600,-40.620,-29.155,22.420,-12.445,25.642,0.012,-0.726,0.726,
18:10:29.693,7.879,-18.200,-41.600,-40.912,-28.744,22.712,-12.856,26.098,0.072,-1.122,1.124,
18:10:29.702,7.888,-18.200,-41.600,-41.069,-28.520,22.869,-13.080,26.345,0.033,-1.411,1.411,
18:10:29.719,7.905,-20.800,-39.000,-41.372,-28.078,20.572,-10.922,23.291,0.614,-0.991,1.166,
18:10:29.739,7.924,-20.800,-39.000,-41.703,-27.584,20.903,-11.416,23.818,0.816,-0.812,1.151,
18:10:29.757,7.942,-20.800,-39.000,-42.010,-27.114,21.210,-11.886,24.314,0.721,-0.815,1.088,
18:10:29.776,7.962,-23.400,-39.000,-42.332,-26.608,18.932,-12.392,22.627,0.435,-0.159,0.463,
18:10:29.796,7.981,-23.400,-39.000,-42.650,-26.095,19.250,-12.905,23.175,0.043,0.061,0.075,
18:10:29.805,7.991,-23.400,-39.000,-42.799,-25.851,19.399,-13.149,23.435,-0.240,0.063,0.248,
18:10:29.821,8.007,-23.400,-39.000,-43.054,-25.424,19.654,-13.576,23.887,-0.556,-0.063,0.560,
18:10:29.830,8.016,-26.000,-41.600,-43.191,-25.191,17.191,-16.409,23.765,-1.421,0.401,1.476,
18:10:29.848,8.034,-26.000,-41.600,-43.458,-24.726,17.458,-16.874,24.280,-2.132,0.584,2.211,
18:10:29.868,8.053,-26.000,-41.600,-43.758,-24.192,17.758,-17.408,24.867,-2.596,0.442,2.634,
18:10:29.885,8.071,-26.000,-39.000,-44.020,-23.712,18.020,-15.288,23.631,-2.028,0.120,2.032,
18:10:29.904,8.090,-26.000,-39.000,-44.295,-23.194,18.295,-15.806,24.177,-1.616,-0.298,1.644,
18:10:29.913,8.098,-26.000,-39.000,-44.408,-22.977,18.408,-16.023,24.404,-1.383,-0.592,1.504,
18:10:29.929,8.114,-26.000,-39.000,-44.635,-22.533,18.635,-16.467,24.868,-1.202,-0.912,1.508,
18:10:29.945,8.131,-26.000,-36.400,-44.856,-22.090,18.856,-14.310,23.671,-0.367,-1.219,1.273,
18:10:29.954,8.140,-26.000,-36.400,-44.980,-21.835,18.980,-14.565,23.925,0.073,-1.432,1.434,
18:10:29.970,8.156,-26.000,-36.400,-45.189,-21.399,19.189,-15.001,24.357,0.313,-1.628,1.657,
18:10:29.979,8.165,-26.000,-36.400,-45.306,-21.150,19.306,-15.250,24.602,0.363,-1.751,1.788,
18:10:29.995,8.181,-26.000,-36.400,-45.516,-20.696,19.516,-15.704,25.050,0.292,-1.850,1.873,
18:10:30.004,8.190,-26.000,-36.400,-45.627,-20.450,19.627,-15.950,25.291,0.136,-1.904,1.909,
18:10:30.021,8.207,-26.000,-36.400,-45.842,-19.964,19.842,-16.436,25.765,-0.116,-1.922,1.925,
18:10:30.030,8.216,-26.000,-36.400,-45.943,-19.728,19.943,-16.672,25.994,-0.355,-1.928,1.960,
18:10:30.050,8.235,-26.000,-36.400,-46.180,-19.168,20.180,-17.232,26.536,-0.683,-1.883,2.003,
18:10:30.066,8.252,-31.200,-36.400,-46.371,-18.701,15.171,-17.699,23.311,-1.009,-0.359,1.071,
18:10:30.084,8.270,-31.200,-36.400,-46.572,-18.193,15.372,-18.207,23.828,-1.306,0.549,1.417,
18:10:30.092,8.278,-31.200,-36.400,-46.666,-17.953,15.466,-18.447,24.072,-1.488,0.938,1.759,
18:10:30.109,8.295,-31.200,-36.400,-46.847,-17.474,15.647,-18.926,24.557,-1.659,1.097,1.989,
18:10:30.126,8.312,-31.200,-36.400,-47.032,-16.971,15.832,-19.429,25.062,-1.791,0.965,2.034,
18:10:30.147,8.332,-31.200,-36.400,-47.239,-16.385,16.039,-20.015,25.648,-1.879,0.587,1.969,
18:10:30.165,8.351,-31.200,-36.400,-47.423,-15.845,16.223,-20.555,26.185,-1.921,0.099,1.924,
18:10:30.184,8.370,-31.200,-31.200,-47.606,-15.286,16.406,-15.914,22.857,-0.389,-0.410,0.565,
18:10:30.192,8.378,-31.200,-31.200,-47.683,-15.046,16.483,-16.154,23.079,0.339,-0.737,0.812,
18:10:30.208,8.394,-31.200,-31.200,-47.824,-14.591,16.624,-16.609,23.499,0.740,-1.054,1.288,
18:10:30.227,8.413,-31.200,-31.200,-47.990,-14.036,16.790,-17.164,24.010,0.816,-1.353,1.580,
18:10:30.244,8.430,-31.200,-31.200,-48.138,-13.516,16.938,-17.684,24.487,0.607,-1.570,1.683,
18:10:30.253,8.439,-31.200,-31.200,-48.210,-13.259,17.010,-17.941,24.723,0.355,-1.683,1.720,
18:10:30.270,8.455,-31.200,-31.200,-48.342,-12.767,17.142,-18.433,25.172,0.000,-1.755,1.755,
18:10:30.287,8.473,-31.200,-31.200,-48.477,-12.248,17.277,-18.952,25.645,-0.447,-1.773,1.828,
18:10:30.305,8.491,-33.800,-31.200,-48.608,-11.716,14.808,-19.484,24.472,-0.909,-0.990,1.344,
18:10:30.314,8.499,-33.800,-31.200,-48.668,-11.465,14.868,-19.735,24.709,-1.210,-0.583,1.344,
18:10:30.331,8.516,-33.800,-31.200,-48.785,-10.956,14.985,-20.244,25.187,-1.523,-0.310,1.554,
18:10:30.339,8.525,-33.800,-31.200,-48.842,-10.697,15.042,-20.503,25.429,-1.722,-0.207,1.734,
18:10:30.356,8.541,-33.800,-31.200,-48.947,-10.207,15.147,-20.993,25.887,-1.917,-0.169,1.924,
18:10:30.376,8.562,-36.400,-31.200,-49.071,-9.595,12.671,-21.605,25.046,-2.071,0.501,2.131,
18:10:30.396,8.581,-36.400,-31.200,-49.184,-8.997,12.784,-22.203,25.620,-2.154,0.727,2.273,
18:10:30.414,8.599,-36.400,-31.200,-49.281,-8.447,12.881,-22.753,26.146,-2.180,0.658,2.277,
18:10:30.422,8.607,-36.400,-31.200,-49.322,-8.205,12.922,-22.995,26.377,-2.189,0.522,2.251,
18:10:30.438,8.624,-36.400,-31.200,-49.403,-7.707,13.003,-23.493,26.852,-2.165,0.304,2.186,
18:10:30.455,8.641,-36.400,-31.200,-49.480,-7.193,13.080,-24.007,27.339,-2.129,-0.006,2.129,
18:10:30.474,8.660,-36.400,-31.200,-49.560,-6.616,13.160,-24.584,27.885,-2.085,-0.364,2.116,
18:10:30.483,8.668,-36.400,-31.200,-49.594,-6.359,13.194,-24.841,28.128,-2.081,-0.608,2.168,
18:10:30.500,8.686,-36.400,-28.600,-49.660,-5.824,13.260,-22.776,26.355,-1.328,-0.857,1.581,
18:10:30.509,8.695,-36.400,-28.600,-49.689,-5.564,13.289,-23.036,26.595,-0.942,-1.020,1.389,
18:10:30.527,8.713,-36.400,-28.600,-49.750,-4.997,13.350,-23.603,27.117,-0.697,-1.182,1.372,
18:10:30.545,8.731,-36.400,-28.600,-49.802,-4.449,13.402,-24.151,27.620,-0.665,-1.292,1.453,
18:10:30.564,8.750,-39.000,-26.000,-49.850,-3.869,10.850,-22.131,24.647,-0.033,-0.579,0.580,
18:10:30.572,8.758,-39.000,-26.000,-49.869,-3.623,10.869,-22.377,24.877,0.175,-0.224,0.284,
18:10:30.589,8.775,-39.000,-26.000,-49.904,-3.096,10.904,-22.904,25.367,0.169,-0.008,0.169,
18:10:30.606,8.791,-39.000,-26.000,-49.932,-2.602,10.932,-23.398,25.826,-0.051,0.065,0.083,
18:10:30.624,8.810,-39.000,-23.400,-49.959,-2.032,10.959,-21.368,24.014,0.321,0.020,0.321,
18:10:30.632,8.818,-39.000,-23.400,-49.968,-1.791,10.968,-21.609,24.233,0.390,-0.069,0.396,
18:10:30.649,8.835,-39.000,-23.400,-49.984,-1.274,10.984,-22.126,24.702,0.232,-0.188,0.298,
18:10:30.666,8.852,-39.000,-23.400,-49.994,-0.749,10.994,-22.651,25.178,-0.118,-0.352,0.372,
18:10:30.684,8.870,-39.000,-23.400,-50.000,-0.185,11.000,-23.215,25.689,-0.590,-0.532,0.794,
18:10:30.693,8.878,-39.000,-23.400,-50.000,0.064,11.000,-23.464,25.914,-0.930,-0.659,1.139,
18:10:30.710,8.896,-39.000,-23.400,-49.996,0.598,10.996,-23.998,26.398,-1.325,-0.775,1.535,
18:10:30.727,8.913,-39.000,-23.400,-49.987,1.131,10.987,-24.531,26.879,-1.707,-0.874,1.918,
18:10:30.746,8.931,-39.000,-20.800,-49.971,1.690,10.971,-22.490,25.024,-1.279,-0.945,1.590,
18:10:30.755,8.940,-39.000,-20.800,-49.962,1.961,10.962,-22.761,25.263,-1.087,-0.988,1.469,
18:10:30.772,8.957,-39.000,-20.800,-49.938,2.481,10.938,-23.281,25.723,-1.047,-1.000,1.448,
18:10:30.780,8.965,-39.000,-20.800,-49.925,2.731,10.925,-23.531,25.944,-1.072,-1.011,1.473,
18:10:30.798,8.983,-39.000,-20.800,-49.893,3.273,10.893,-24.073,26.422,-1.175,-0.990,1.536,
18:10:30.817,9.003,-39.000,-20.800,-49.850,3.873,10.850,-24.673,26.953,-1.368,-0.953,1.667,
18:10:30.834,9.020,-39.000,-20.800,-49.806,4.395,10.806,-25.195,27.415,-1.583,-0.917,1.830,
18:10:30.842,9.027,-39.000,-20.800,-49.786,4.625,10.786,-25.425,27.618,-1.740,-0.908,1.963,
18:10:30.859,9.044,-39.000,-20.800,-49.735,5.142,10.735,-25.942,28.075,-1.893,-0.865,2.082,
18:10:30.875,9.061,-41.600,-15.600,-49.679,5.658,8.079,-21.258,22.741,-0.586,-0.099,0.595,
18:10:30.892,9.078,-41.600,-15.600,-49.617,6.180,8.017,-21.780,23.209,0.133,0.356,0.380,
18:10:30.900,9.086,-41.600,-15.600,-49.587,6.410,7.987,-22.010,23.415,0.422,0.545,0.689,
18:10:30.917,9.103,-41.600,-15.600,-49.517,6.932,7.917,-22.532,23.883,0.474,0.632,0.790,
18:10:30.935,9.121,-44.200,-15.600,-49.439,7.467,5.239,-23.067,23.655,0.248,1.300,1.324,
18:10:30.944,9.129,-44.200,-15.600,-49.399,7.732,5.199,-23.332,23.904,-0.027,1.569,1.570,
18:10:30.961,9.147,-44.200,-15.600,-49.313,8.261,5.113,-23.861,24.402,-0.421,1.608,1.662,
18:10:30.970,9.155,-44.200,-15.600,-49.270,8.515,5.070,-24.115,24.642,-0.760,1.513,1.693,
18:10:30.986,9.172,-44.200,-15.600,-49.181,9.010,4.981,-24.610,25.109,-1.159,1.290,1.734,
18:10:31.003,9.189,-44.200,-13.000,-49.082,9.536,4.882,-22.536,23.059,-0.841,0.935,1.257,
18:10:31.012,9.197,-44.200,-13.000,-49.034,9.781,4.834,-22.781,23.288,-0.722,0.656,0.976,
18:10:31.029,9.215,-44.200,-13.000,-48.925,10.312,4.725,-23.312,23.786,-0.779,0.315,0.840,
18:10:31.045,9.231,-44.200,-13.000,-48.820,10.797,4.620,-23.797,24.242,-0.944,-0.006,0.944,
18:10:31.064,9.250,-41.600,-13.000,-48.692,11.362,7.092,-24.362,25.373,-1.198,-1.052,1.594,
18:10:31.072,9.258,-41.600,-13.000,-48.635,11.603,7.035,-24.603,25.589,-1.393,-1.584,2.109,
18:10:31.091,9.276,-41.600,-13.000,-48.501,12.153,6.901,-25.153,26.082,-1.623,-1.931,2.523,
18:10:31.099,9.285,-41.600,-13.000,-48.437,12.404,6.837,-25.404,26.308,-1.798,-2.054,2.729,
18:10:31.116,9.302,-41.600,-13.000,-48.305,12.907,6.705,-25.907,26.761,-1.977,-2.050,2.848,
18:10:31.135,9.321,-44.200,-10.400,-48.155,13.458,3.955,-23.858,24.183,-1.398,-1.119,1.790,
18:10:31.143,9.329,-44.200,-10.400,-48.085,13.705,3.885,-24.105,24.417,-1.120,-0.548,1.247,
18:10:31.159,9.345,-44.200,-10.400,-47.947,14.181,3.747,-24.581,24.865,-0.989,-0.078,0.992,
18:10:31.176,9.362,-44.200,-10.400,-47.803,14.659,3.603,-25.059,25.317,-0.999,0.263,1.034,
18:10:31.185,9.370,-44.200,-10.400,-47.723,14.917,3.523,-25.317,25.561,-1.075,0.437,1.161,
18:10:31.202,9.387,-44.200,-10.400,-47.565,15.414,3.365,-25.814,26.032,-1.206,0.569,1.333,
18:10:31.210,9.395,-44.200,-10.400,-47.489,15.645,3.289,-26.045,26.252,-1.359,0.580,1.477,
18:10:31.227,9.412,-44.200,-10.400,-47.325,16.135,3.125,-26.535,26.718,-1.537,0.567,1.639,
18:10:31.245,9.431,-44.200,-10.400,-47.137,16.676,2.937,-27.076,27.235,-1.761,0.471,1.823,
18:10:31.254,9.440,-44.200,-10.400,-47.046,16.932,2.846,-27.332,27.480,-1.939,0.361,1.972,
18:10:31.271,9.457,-46.800,-7.800,-46.867,17.422,0.067,-25.222,25.222,-1.390,0.950,1.683,
18:10:31.280,9.465,-46.800,-7.800,-46.776,17.663,-0.024,-25.463,25.463,-1.122,1.241,1.673,
18:10:31.295,9.481,-46.800,-7.800,-46.602,18.118,-0.198,-25.918,25.919,-0.995,1.367,1.690,
18:10:31.315,9.500,-46.800,-7.800,-46.384,18.669,-0.416,-26.469,26.472,-1.031,1.313,1.669,
18:10:31.323,9.509,-46.800,-7.800,-46.284,18.916,-0.516,-26.716,26.721,-1.143,1.206,1.662,
18:10:31.340,9.526,-44.200,-5.200,-46.088,19.388,1.888,-24.588,24.661,-0.600,0.318,0.679,
18:10:31.360,9.546,-44.200,-5.200,-45.845,19.955,1.645,-25.155,25.208,-0.407,-0.386,0.561,
18:10:31.369,9.555,-44.200,-5.200,-45.736,20.205,1.536,-25.405,25.451,-0.425,-0.759,0.870,
18:10:31.384,9.570,-44.200,-5.200,-45.543,20.636,1.343,-25.836,25.871,-0.562,-1.004,1.150,
18:10:31.393,9.578,-44.200,-5.200,-45.438,20.866,1.238,-26.066,26.095,-0.744,-1.101,1.329,
18:10:31.408,9.594,-49.400,-2.600,-45.236,21.300,-4.164,-23.900,24.260,-0.312,0.243,0.396,
18:10:31.424,9.610,-49.400,-2.600,-45.023,21.747,-4.377,-24.347,24.737,-0.192,1.207,1.222,
18:10:31.434,9.620,-49.400,-2.600,-44.894,22.013,-4.506,-24.613,25.022,-0.244,1.757,1.774,
18:10:31.451,9.636,-49.400,-2.600,-44.666,22.470,-4.734,-25.070,25.513,-0.451,2.074,2.122,
18:10:31.459,9.645,-49.400,-2.600,-44.551,22.697,-4.849,-25.297,25.758,-0.678,2.179,2.282,
18:10:31.474,9.660,-49.400,0.000,-44.335,23.118,-5.065,-23.118,23.666,-0.291,2.149,2.169,
18:10:31.483,9.669,-49.400,0.000,-44.212,23.352,-5.188,-23.352,23.921,-0.151,2.039,2.044,
18:10:31.500,9.686,-49.400,0.000,-43.966,23.811,-5.434,-23.811,24.424,-0.223,1.819,1.833,
18:10:31.509,9.695,-49.400,0.000,-43.835,24.052,-5.565,-24.052,24.688,-0.375,1.601,1.644,
18:10:31.528,9.714,-46.800,0.000,-43.552,24.561,-3.248,-24.561,24.775,-0.677,0.565,0.882,
18:10:31.547,9.733,-46.800,0.000,-43.263,25.066,-3.537,-25.066,25.314,-1.082,-0.204,1.101,
18:10:31.567,9.753,-46.800,0.000,-42.947,25.604,-3.853,-25.604,25.892,-1.513,-0.677,1.658,
18:10:31.583,9.769,-46.800,0.000,-42.687,26.034,-4.113,-26.034,26.357,-1.860,-0.877,2.056,
18:10:31.592,9.778,-46.800,0.000,-42.552,26.254,-4.248,-26.254,26.596,-2.075,-0.913,2.267,
18:10:31.608,9.794,-46.800,0.000,-42.283,26.686,-4.517,-26.686,27.066,-2.269,-0.866,2.428,
18:10:31.626,9.811,-46.800,0.000,-42.000,27.129,-4.800,-27.129,27.551,-2.416,-0.695,2.514,
18:10:31.644,9.829,-44.200,2.600,-41.693,27.598,-2.507,-24.998,25.123,-1.755,-1.192,2.122,
18:10:31.652,9.838,-44.200,2.600,-41.551,27.812,-2.649,-25.212,25.351,-1.425,-1.379,1.983,
18:10:31.670,9.855,-44.200,2.600,-41.247,28.261,-2.953,-25.661,25.830,-1.224,-1.342,1.816,
18:10:31.687,9.873,-44.200,2.600,-40.947,28.694,-3.253,-26.094,26.296,-1.174,-1.134,1.632,
18:10:31.705,9.891,-46.800,5.200,-40.622,29.153,-6.178,-23.953,24.737,-0.488,-0.051,0.491,
18:10:31.724,9.910,-46.800,5.200,-40.276,29.628,-6.524,-24.428,25.284,-0.233,0.747,0.782,
18:10:31.732,9.918,-46.800,5.200,-40.128,29.829,-6.672,-24.629,25.516,-0.221,1.152,1.173,
18:10:31.750,9.936,-46.800,5.200,-39.796,30.270,-7.004,-25.070,26.030,-0.348,1.480,1.520,
18:10:31.759,9.944,-44.200,5.200,-39.645,30.468,-4.555,-25.268,25.675,-0.544,0.970,1.112,
18:10:31.776,9.962,-44.200,5.200,-39.315,30.893,-4.885,-25.693,26.153,-0.824,0.598,1.018,
18:10:31.794,9.980,-44.200,5.200,-38.960,31.338,-5.240,-26.138,26.658,-1.201,0.321,1.243,
18:10:31.803,9.988,-44.200,5.200,-38.803,31.534,-5.397,-26.334,26.881,-1.485,0.157,1.494,
18:10:31.818,10.004,-44.200,7.800,-38.499,31.903,-5.701,-24.103,24.768,-1.067,0.065,1.069,
18:10:31.834,10.020,-44.200,7.800,-38.190,32.273,-6.010,-24.473,25.200,-0.890,0.042,0.891,
18:10:31.842,10.027,-44.200,7.800,-38.038,32.452,-6.162,-24.652,25.410,-0.856,0.052,0.858,
18:10:31.858,10.044,-44.200,7.800,-37.713,32.829,-6.487,-25.029,25.856,-0.932,0.099,0.937,
18:10:31.876,10.061,-44.200,13.000,-37.356,33.235,-6.844,-20.235,21.361,0.355,0.190,0.402,
18:10:31.893,10.078,-44.200,13.000,-37.002,33.628,-7.198,-20.628,21.847,0.966,0.306,1.013,
18:10:31.900,10.086,-44.200,13.000,-36.846,33.799,-7.354,-20.799,22.061,1.157,0.388,1.221,
18:10:31.916,10.102,-44.200,13.000,-36.516,34.156,-7.684,-21.156,22.508,1.089,0.483,1.191,
18:10:31.934,10.120,-44.200,15.600,-36.131,34.562,-8.069,-18.962,20.608,1.477,0.589,1.590,
18:10:31.943,10.128,-44.200,15.600,-35.961,34.739,-8.239,-19.139,20.838,1.507,0.654,1.643,
18:10:31.959,10.145,-44.200,15.600,-35.606,35.103,-8.594,-19.503,21.313,1.251,0.725,1.446,
18:10:31.976,10.161,-44.200,15.600,-35.242,35.468,-8.958,-19.868,21.794,0.750,0.787,1.087,
18:10:31.994,10.179,-44.200,15.600,-34.848,35.855,-9.352,-20.255,22.310,0.102,0.837,0.843,
18:10:32.002,10.188,-44.200,15.600,-34.666,36.031,-9.534,-20.431,22.546,-0.359,0.865,0.936,
18:10:32.017,10.203,-44.200,15.600,-34.329,36.352,-9.871,-20.752,22.980,-0.855,0.889,1.233,
18:10:32.034,10.220,-44.200,15.600,-33.952,36.705,-10.248,-21.105,23.462,-1.344,0.909,1.622,
18:10:32.041,10.227,-44.200,15.600,-33.792,36.852,-10.408,-21.252,23.664,-1.638,0.923,1.880,
18:10:32.058,10.244,-41.600,15.600,-33.405,37.204,-8.195,-21.604,23.106,-1.957,0.237,1.971,
18:10:32.077,10.262,-41.600,15.600,-32.979,37.581,-8.621,-21.981,23.611,-2.200,-0.193,2.208,
18:10:32.097,10.283,-41.600,15.600,-32.506,37.992,-9.094,-22.392,24.168,-2.341,-0.363,2.369,
18:10:32.114,10.300,-44.200,15.600,-32.107,38.329,-12.093,-22.729,25.746,-2.381,0.407,2.416,
18:10:32.123,10.308,-44.200,15.600,-31.907,38.496,-12.293,-22.896,25.987,-2.383,0.859,2.534,
18:10:32.140,10.326,-44.200,15.600,-31.496,38.833,-12.704,-23.233,26.480,-2.333,1.213,2.629,
18:10:32.149,10.335,-44.200,15.600,-31.285,39.003,-12.915,-23.403,26.730,-2.293,1.433,2.703,
18:10:32.167,10.353,-41.600,18.200,-30.842,39.354,-10.758,-21.154,23.733,-1.478,0.889,1.725,
18:10:32.184,10.370,-41.600,18.200,-30.437,39.669,-11.163,-21.469,24.198,-0.956,0.540,1.098,
18:10:32.193,10.379,-41.600,18.200,-30.224,39.831,-11.376,-21.631,24.440,-0.718,0.362,0.804,
18:10:32.210,10.396,-41.600,18.200,-29.812,40.141,-11.788,-21.941,24.907,-0.580,0.282,0.645,
18:10:32.219,10.405,-41.600,18.200,-29.582,40.310,-12.018,-22.110,25.165,-0.592,0.279,0.655,
18:10:32.235,10.421,-39.000,18.200,-29.192,40.594,-9.808,-22.394,24.447,-0.663,-0.360,0.754,
18:10:32.243,10.429,-39.000,18.200,-28.987,40.740,-10.013,-22.540,24.664,-0.796,-0.680,1.047,
18:10:32.261,10.447,-39.000,18.200,-28.538,41.056,-10.462,-22.856,25.137,-0.969,-0.790,1.250,
18:10:32.270,10.455,-39.000,18.200,-28.326,41.202,-10.674,-23.002,25.358,-1.155,-0.759,1.383,
18:10:32.287,10.472,-39.000,18.200,-27.889,41.499,-11.111,-23.299,25.813,-1.354,-0.587,1.476,
18:10:32.306,10.492,-39.000,20.800,-27.396,41.826,-11.604,-21.026,24.016,-0.826,-0.254,0.864,
18:10:32.324,10.510,-39.000,20.800,-26.926,42.131,-12.074,-21.331,24.511,-0.611,0.137,0.626,
18:10:32.332,10.518,-39.000,20.800,-26.719,42.262,-12.281,-21.462,24.728,-0.571,0.396,0.695,
18:10:32.348,10.534,-39.000,20.800,-26.303,42.523,-12.697,-21.723,25.161,-0.621,0.682,0.922,
18:10:32.366,10.551,-41.600,20.800,-25.846,42.802,-15.754,-22.002,27.060,-0.783,1.688,1.861,
18:10:32.384,10.570,-41.600,20.800,-25.349,43.098,-16.251,-22.298,27.592,-1.024,2.354,2.567,
18:10:32.392,10.578,-41.600,20.800,-25.140,43.220,-16.460,-22.420,27.814,-1.217,2.659,2.924,
18:10:32.408,10.594,-41.600,20.800,-24.726,43.458,-16.874,-22.658,28.251,-1.405,2.824,3.154,
18:10:32.424,10.610,-39.000,23.400,-24.284,43.707,-14.716,-20.307,25.078,-0.875,2.097,2.272,
18:10:32.434,10.620,-39.000,23.400,-24.030,43.847,-14.970,-20.447,25.342,-0.624,1.622,1.738,
18:10:32.450,10.636,-39.000,23.400,-23.591,44.085,-15.409,-20.685,25.793,-0.529,1.241,1.349,
18:10:32.467,10.653,-39.000,23.400,-23.133,44.327,-15.867,-20.927,26.262,-0.579,0.961,1.122,
18:10:32.485,10.670,-39.000,23.400,-22.653,44.574,-16.347,-21.174,26.750,-0.739,0.798,1.088,
18:10:32.493,10.679,-39.000,23.400,-22.420,44.691,-16.580,-21.291,26.985,-0.901,0.755,1.175,
18:10:32.509,10.695,-39.000,23.400,-21.988,44.906,-17.012,-21.506,27.421,-1.081,0.746,1.313,
18:10:32.526,10.712,-39.000,23.400,-21.520,45.132,-17.480,-21.732,27.889,-1.290,0.809,1.523,
18:10:32.544,10.730,-39.000,26.000,-21.018,45.368,-17.982,-19.368,26.429,-0.750,0.931,1.196,
18:10:32.552,10.738,-39.000,26.000,-20.785,45.475,-18.215,-19.475,26.665,-0.515,1.049,1.168,
18:10:32.567,10.753,-39.000,26.000,-20.367,45.664,-18.633,-19.664,27.089,-0.423,1.166,1.240,
18:10:32.584,10.770,-39.000,26.000,-19.898,45.870,-19.102,-19.870,27.563,-0.470,1.299,1.382,
18:10:32.593,10.778,-39.000,26.000,-19.659,45.973,-19.341,-19.973,27.803,-0.570,1.409,1.520,
18:10:32.609,10.794,-36.400,28.600,-19.206,46.164,-17.194,-17.564,24.579,-0.021,0.820,0.820,
18:10:32.625,10.811,-36.400,28.600,-18.738,46.356,-17.662,-17.756,25.044,0.208,0.483,0.526,
18:10:32.643,10.828,-36.400,28.600,-18.236,46.556,-18.164,-17.956,25.541,0.179,0.367,0.408,
18:10:32.650,10.835,-36.400,28.600,-18.034,46.635,-18.366,-18.035,25.740,0.072,0.368,0.375,
18:10:32.666,10.851,-36.400,28.600,-17.578,46.808,-18.822,-18.208,26.188,-0.120,0.447,0.463,
18:10:32.674,10.859,-36.400,28.600,-17.349,46.894,-19.051,-18.294,26.412,-0.321,0.566,0.651,
18:10:32.691,10.877,-36.400,28.600,-16.852,47.074,-19.548,-18.474,26.897,-0.590,0.748,0.952,
18:10:32.700,10.885,-36.400,28.600,-16.602,47.163,-19.798,-18.563,27.139,-0.823,0.928,1.241,
18:10:32.715,10.901,-36.400,28.600,-16.154,47.319,-20.246,-18.719,27.573,-1.071,1.134,1.559,
18:10:32.734,10.920,-36.400,31.200,-15.599,47.505,-20.801,-16.305,26.430,-0.583,1.374,1.492,
18:10:32.741,10.927,-36.400,31.200,-15.387,47.573,-21.013,-16.373,26.639,-0.361,1.536,1.578,
18:10:32.757,10.942,-36.400,31.200,-14.942,47.715,-21.458,-16.515,27.077,-0.276,1.686,1.709,
18:10:32.774,10.960,-36.400,31.200,-14.434,47.871,-21.966,-16.671,27.576,-0.323,1.823,1.852,
18:10:32.784,10.970,-36.400,31.200,-14.130,47.962,-22.270,-16.762,27.873,-0.422,1.921,1.967,
18:10:32.802,10.987,-33.800,31.200,-13.621,48.109,-20.179,-16.909,26.327,-0.578,1.279,1.404,
18:10:32.811,10.997,-33.800,31.200,-13.350,48.185,-20.450,-16.985,26.584,-0.734,0.933,1.186,
18:10:32.827,11.013,-33.800,31.200,-12.865,48.317,-20.935,-17.117,27.041,-0.907,0.736,1.168,
18:10:32.847,11.033,-33.800,31.200,-12.279,48.469,-21.521,-17.269,27.593,-1.104,0.705,1.310,
18:10:32.866,11.052,-31.200,33.800,-11.700,48.612,-19.500,-14.812,24.487,-0.513,0.054,0.516,
18:10:32.886,11.072,-31.200,33.800,-11.105,48.751,-20.095,-14.951,25.047,-0.247,-0.138,0.283,
18:10:32.904,11.090,-31.200,33.800,-10.553,48.874,-20.647,-15.074,25.564,-0.201,-0.031,0.203,
18:10:32.914,11.100,-31.200,33.800,-10.280,48.932,-20.920,-15.132,25.818,-0.240,0.138,0.277,
18:10:32.931,11.117,-28.600,33.800,-9.753,49.040,-18.847,-15.240,24.238,-0.341,-0.303,0.456,
18:10:32.941,11.127,-28.600,33.800,-9.461,49.097,-19.139,-15.297,24.501,-0.473,-0.430,0.639,
18:10:32.958,11.144,-28.600,33.800,-8.942,49.194,-19.658,-15.394,24.969,-0.638,-0.314,0.711,
18:10:32.976,11.161,-28.600,33.800,-8.417,49.286,-20.183,-15.486,25.440,-0.830,-0.004,0.830,
18:10:32.986,11.172,-26.000,36.400,-8.106,49.338,-17.894,-12.938,22.081,-0.305,-0.376,0.484,
18:10:33.002,11.188,-26.000,36.400,-7.608,49.418,-18.392,-13.018,22.533,-0.007,-0.432,0.432,
18:10:33.012,11.197,-26.000,36.400,-7.327,49.460,-18.673,-13.060,22.787,0.105,-0.343,0.359,
18:10:33.028,11.214,-26.000,36.400,-6.835,49.531,-19.165,-13.131,23.232,0.098,-0.078,0.126,
18:10:33.044,11.229,-26.000,36.400,-6.352,49.595,-19.648,-13.195,23.667,-0.021,0.294,0.295,
18:10:33.053,11.239,-26.000,36.400,-6.077,49.629,-19.923,-13.229,23.915,-0.161,0.599,0.621,
18:10:33.068,11.254,-26.000,36.400,-5.610,49.684,-20.390,-13.284,24.336,-0.338,0.953,1.011,
18:10:33.086,11.272,-26.000,36.400,-5.058,49.743,-20.942,-13.343,24.831,-0.558,1.339,1.451,
18:10:33.104,11.290,-23.400,39.000,-4.509,49.796,-18.891,-10.796,21.758,-0.027,0.927,0.927,
18:10:33.113,11.299,-23.400,39.000,-4.241,49.820,-19.159,-10.820,22.003,0.209,0.740,0.769,
18:10:33.129,11.315,-23.400,39.000,-3.740,49.860,-19.660,-10.860,22.460,0.285,0.714,0.768,
18:10:33.146,11.332,-23.400,39.000,-3.226,49.896,-20.174,-10.896,22.928,0.222,0.799,0.829,
18:10:33.164,11.349,-23.400,39.000,-2.684,49.928,-20.716,-10.928,23.421,0.056,0.968,0.969,
18:10:33.172,11.358,-23.400,39.000,-2.426,49.941,-20.974,-10.941,23.656,-0.096,1.113,1.117,
18:10:33.191,11.377,-23.400,39.000,-1.853,49.966,-21.547,-10.966,24.177,-0.296,1.305,1.338,
18:10:33.199,11.385,-23.400,39.000,-1.609,49.974,-21.791,-10.974,24.399,-0.452,1.453,1.522,
18:10:33.216,11.402,-23.400,39.000,-1.082,49.988,-22.318,-10.988,24.876,-0.623,1.618,1.734,
18:10:33.237,11.422,-23.400,39.000,-0.445,49.998,-22.955,-10.998,25.453,-0.798,1.793,1.962,
18:10:33.256,11.441,-23.400,39.000,0.143,50.000,-23.543,-11.000,25.985,-0.931,1.937,2.149,
18:10:33.276,11.461,-23.400,39.000,0.763,49.994,-24.163,-10.994,26.546,-1.015,2.044,2.282,
18:10:33.295,11.480,-20.800,39.000,1.339,49.982,-22.139,-10.982,24.713,-1.053,1.345,1.708,
18:10:33.303,11.489,-20.800,39.000,1.595,49.975,-22.395,-10.975,24.939,-1.070,1.029,1.485,
18:10:33.321,11.506,-20.800,39.000,2.141,49.954,-22.941,-10.954,25.422,-1.053,0.858,1.358,
18:10:33.330,11.516,-20.800,39.000,2.427,49.941,-23.227,-10.941,25.675,-1.040,0.831,1.332,
18:10:33.348,11.534,-20.800,39.000,2.972,49.912,-23.772,-10.912,26.157,-0.996,0.884,1.332,
18:10:33.368,11.554,-20.800,39.000,3.595,49.871,-24.395,-10.871,26.708,-0.938,1.071,1.423,
18:10:33.387,11.573,-20.800,39.000,4.168,49.826,-24.968,-10.826,27.214,-0.885,1.324,1.593,
18:10:33.407,11.593,-18.200,41.600,4.801,49.769,-23.001,-8.169,24.408,-0.042,0.812,0.813,
18:10:33.426,11.612,-18.200,41.600,5.367,49.711,-23.567,-8.111,24.924,0.388,0.671,0.775,
18:10:33.445,11.631,-18.200,41.600,5.963,49.643,-24.163,-8.043,25.466,0.551,0.756,0.935,
18:10:33.462,11.647,-18.200,41.600,6.457,49.581,-24.657,-7.981,25.916,0.544,0.939,1.085,
18:10:33.470,11.656,-18.200,41.600,6.710,49.548,-24.910,-7.948,26.147,0.468,1.109,1.204,
18:10:33.487,11.673,-18.200,41.600,7.245,49.472,-25.445,-7.872,26.635,0.340,1.330,1.373,
18:10:33.504,11.690,-18.200,41.600,7.747,49.396,-25.947,-7.796,27.093,0.143,1.584,1.590,
18:10:33.513,11.698,-18.200,41.600,8.006,49.355,-26.206,-7.755,27.330,-0.022,1.777,1.777,
18:10:33.529,11.715,-15.600,44.200,8.501,49.272,-24.101,-5.072,24.629,0.506,1.262,1.360,
18:10:33.546,11.731,-15.600,44.200,8.994,49.184,-24.594,-4.984,25.094,0.768,1.002,1.262,
18:10:33.554,11.740,-15.600,44.200,9.258,49.135,-24.858,-4.935,25.343,0.855,0.919,1.255,
18:10:33.571,11.756,-15.600,44.200,9.751,49.040,-25.351,-4.840,25.809,0.818,0.947,1.251,
18:10:33.579,11.765,-15.600,44.200,10.009,48.988,-25.609,-4.788,26.052,0.727,1.044,1.272,
18:10:33.597,11.782,-13.000,44.200,10.530,48.879,-23.530,-4.679,23.991,0.555,0.503,0.749,
18:10:33.613,11.799,-13.000,44.200,11.028,48.769,-24.028,-4.569,24.459,0.329,0.300,0.445,
18:10:33.623,11.809,-13.000,44.200,11.312,48.703,-24.312,-4.503,24.726,0.151,0.297,0.333,
18:10:33.641,11.826,-13.000,44.200,11.847,48.576,-24.847,-4.376,25.229,-0.050,0.454,0.457,
18:10:33.651,11.836,-13.000,44.200,12.134,48.505,-25.134,-4.305,25.500,-0.190,0.669,0.695,
18:10:33.666,11.852,-13.000,44.200,12.592,48.388,-25.592,-4.188,25.933,-0.321,0.947,1.000,
18:10:33.685,11.871,-13.000,44.200,13.167,48.235,-26.167,-4.035,26.476,-0.430,1.316,1.385,
18:10:33.694,11.880,-13.000,44.200,13.418,48.166,-26.418,-3.966,26.714,-0.480,1.590,1.661,
18:10:33.710,11.895,-7.800,46.800,13.882,48.034,-21.682,-1.234,21.717,0.184,0.471,0.506,
18:10:33.719,11.905,-7.800,46.800,14.156,47.954,-21.956,-1.154,21.986,0.580,-0.130,0.595,
18:10:33.736,11.921,-7.800,46.800,14.639,47.809,-22.439,-1.009,22.462,0.830,-0.402,0.922,
18:10:33.755,11.941,-7.800,46.800,15.219,47.628,-23.019,-0.828,23.034,0.924,-0.329,0.981,
18:10:33.766,11.951,-7.800,44.200,15.519,47.531,-23.319,-3.331,23.555,0.229,-0.121,0.259,
18:10:33.783,11.969,-7.800,44.200,16.034,47.359,-23.834,-3.159,24.043,-0.297,0.239,0.381,
18:10:33.792,11.978,-7.800,44.200,16.283,47.274,-24.083,-3.074,24.278,-0.608,0.564,0.829,
18:10:33.808,11.993,-7.800,44.200,16.738,47.115,-24.538,-2.915,24.710,-0.818,0.949,1.253,
18:10:33.826,12.012,-7.800,44.200,17.274,46.921,-25.074,-2.721,25.222,-0.916,1.392,1.666,
18:10:33.847,12.032,-7.800,44.200,17.875,46.696,-25.675,-2.496,25.796,-0.889,1.833,2.037,
18:10:33.867,12.052,-7.800,44.200,18.446,46.473,-26.246,-2.273,26.344,-0.772,2.184,2.316,
18:10:33.887,12.072,-5.200,46.800,19.014,46.243,-24.214,0.557,24.221,0.173,1.650,1.659,
18:10:33.906,12.092,-5.200,46.800,19.570,46.011,-24.770,0.789,24.783,0.742,1.408,1.592,
18:10:33.926,12.112,-5.200,46.800,20.132,45.768,-25.332,1.032,25.353,1.040,1.352,1.706,
18:10:33.947,12.133,-2.600,46.800,20.722,45.504,-23.322,1.296,23.358,1.145,0.616,1.300,
18:10:33.965,12.151,-2.600,46.800,21.235,45.267,-23.835,1.533,23.884,1.088,0.360,1.146,
18:10:33.974,12.160,-2.600,46.800,21.481,45.151,-24.081,1.649,24.137,0.998,0.333,1.052,
18:10:33.996,12.181,-2.600,46.800,22.078,44.862,-24.678,1.938,24.754,0.845,0.480,0.972,
18:10:34.017,12.202,-2.600,46.800,22.650,44.575,-25.250,2.225,25.348,0.641,0.815,1.037,
18:10:34.036,12.222,-2.600,46.800,23.192,44.296,-25.792,2.504,25.913,0.451,1.213,1.294,
18:10:34.054,12.240,-2.600,46.800,23.679,44.037,-26.279,2.763,26.424,0.303,1.582,1.611,
18:10:34.063,12.248,-2.600,46.800,23.902,43.917,-26.502,2.883,26.659,0.226,1.823,1.837,
18:10:34.079,12.265,-0.000,46.800,24.349,43.671,-24.349,3.129,24.549,0.156,1.343,1.352,
18:10:34.100,12.286,-0.000,46.800,24.905,43.356,-24.905,3.444,25.142,0.115,1.118,1.124,
18:10:34.109,12.295,-0.000,46.800,25.155,43.212,-25.155,3.588,25.409,0.113,1.066,1.072,
18:10:34.126,12.312,-0.000,46.800,25.599,42.950,-25.599,3.850,25.887,0.126,1.115,1.122,
18:10:34.145,12.331,-0.000,44.200,26.103,42.645,-26.103,1.555,26.150,-0.596,1.274,1.407,
18:10:34.153,12.339,-0.000,44.200,26.310,42.518,-26.310,1.682,26.364,-0.941,1.431,1.713,
18:10:34.168,12.354,-0.000,44.200,26.700,42.274,-26.700,1.926,26.769,-1.104,1.595,1.940,
18:10:34.185,12.371,-0.000,44.200,27.140,41.993,-27.140,2.207,27.229,-1.094,1.788,2.096,
18:10:34.193,12.379,-0.000,44.200,27.339,41.864,-27.339,2.336,27.438,-1.028,1.944,2.199,
18:10:34.211,12.397,2.600,46.800,27.806,41.555,-25.206,5.245,25.746,-0.138,1.379,1.386,
18:10:34.220,12.406,2.600,46.800,28.035,41.401,-25.435,5.399,26.002,0.438,1.102,1.186,
18:10:34.237,12.422,2.600,46.800,28.454,41.114,-25.854,5.686,26.472,0.906,0.975,1.331,
18:10:34.256,12.442,2.600,46.800,28.950,40.766,-26.350,6.034,27.033,1.242,1.017,1.605,
18:10:34.276,12.461,5.200,46.800,29.430,40.421,-24.230,6.379,25.056,1.400,0.422,1.462,
18:10:34.295,12.480,5.200,46.800,29.907,40.069,-24.707,6.731,25.608,1.418,0.261,1.442,
18:10:34.303,12.489,5.200,46.800,30.114,39.914,-24.914,6.886,25.848,1.374,0.297,1.406,
18:10:34.322,12.508,5.200,46.800,30.568,39.567,-25.368,7.233,26.379,1.284,0.477,1.370,
18:10:34.332,12.517,5.200,46.800,30.796,39.391,-25.596,7.409,26.647,1.187,0.706,1.381,
18:10:34.349,12.535,5.200,46.800,31.220,39.055,-26.020,7.745,27.149,1.058,1.014,1.465,
18:10:34.368,12.554,5.200,46.800,31.675,38.687,-26.475,8.113,27.690,0.913,1.394,1.666,
18:10:34.387,12.572,7.800,46.800,32.106,38.330,-24.306,8.470,25.740,0.788,0.994,1.269,
18:10:34.406,12.592,7.800,46.800,32.574,37.934,-24.774,8.866,26.313,0.690,0.904,1.137,
18:10:34.425,12.611,7.800,46.800,33.004,37.560,-25.204,9.240,26.844,0.632,1.003,1.186,
18:10:34.435,12.621,7.800,46.800,33.243,37.349,-25.443,9.451,27.142,0.618,1.135,1.292,
18:10:34.451,12.637,10.400,44.200,33.608,37.021,-23.208,7.179,24.293,-0.094,0.603,0.610,
18:10:34.459,12.645,10.400,44.200,33.785,36.859,-23.385,7.341,24.510,-0.462,0.376,0.596,
18:10:34.476,12.662,10.400,44.200,34.163,36.509,-23.763,7.691,24.976,-0.668,0.332,0.746,
18:10:34.493,12.679,10.400,44.200,34.541,36.152,-24.141,8.048,25.447,-0.681,0.480,0.833,
18:10:34.502,12.688,10.400,44.200,34.735,35.965,-24.335,8.235,25.691,-0.602,0.668,0.899,
18:10:34.518,12.704,13.000,44.200,35.093,35.616,-22.093,8.584,23.702,-0.429,0.222,0.483,
18:10:34.538,12.723,13.000,44.200,35.518,35.192,-22.518,9.008,24.252,-0.142,0.123,0.188,
18:10:34.557,12.743,13.000,44.200,35.942,34.759,-22.942,9.441,24.808,0.192,0.300,0.357,
18:10:34.576,12.762,13.000,44.200,36.345,34.337,-23.345,9.863,25.343,0.506,0.615,0.796,
18:10:34.595,12.780,13.000,44.200,36.733,33.922,-23.733,10.278,25.863,0.769,0.981,1.247,
18:10:34.602,12.788,13.000,44.200,36.881,33.760,-23.881,10.440,26.063,0.904,1.229,1.526,
18:10:34.617,12.803,13.000,44.200,37.199,33.410,-24.199,10.790,26.496,1.041,1.485,1.814,
18:10:34.634,12.820,15.600,41.600,37.544,33.022,-21.944,8.578,23.561,0.422,1.021,1.105,
18:10:34.643,12.829,15.600,41.600,37.719,32.822,-22.119,8.778,23.797,0.078,0.808,0.812,
18:10:34.661,12.846,15.600,41.600,38.076,32.407,-22.476,9.193,24.283,-0.100,0.757,0.763,
18:10:34.669,12.855,15.600,41.600,38.241,32.212,-22.641,9.388,24.510,-0.164,0.792,0.809,
18:10:34.685,12.870,15.600,41.600,38.544,31.849,-22.944,9.751,24.930,-0.137,0.897,0.907,
18:10:34.693,12.879,18.200,41.600,38.704,31.654,-20.504,9.946,22.789,-0.065,0.398,0.404,
18:10:34.709,12.894,18.200,41.600,39.009,31.278,-20.809,10.322,23.229,0.073,0.121,0.141,
18:10:34.725,12.911,18.200,41.600,39.320,30.886,-21.120,10.714,23.682,0.266,0.090,0.281,
18:10:34.733,12.919,18.200,41.600,39.469,30.695,-21.269,10.905,23.902,0.417,0.168,0.450,
18:10:34.749,12.935,18.200,41.600,39.764,30.312,-21.564,11.288,24.340,0.596,0.343,0.688,
18:10:34.766,12.952,18.200,41.600,40.082,29.891,-21.882,11.709,24.817,0.786,0.628,1.006,
18:10:34.784,12.970,18.200,41.600,40.407,29.450,-22.207,12.150,25.314,0.963,0.972,1.368,
18:10:34.793,12.978,18.200,41.600,40.560,29.238,-22.360,12.362,25.550,1.066,1.228,1.626,
18:10:34.809,12.995,20.800,41.600,40.854,28.826,-20.054,12.774,23.777,1.165,0.785,1.405,
18:10:34.826,13.012,20.800,41.600,41.156,28.393,-20.356,13.207,24.265,1.240,0.593,1.375,
18:10:34.847,13.033,20.800,41.600,41.524,27.852,-20.724,13.748,24.869,1.292,0.618,1.432,
18:10:34.866,13.052,20.800,41.600,41.843,27.371,-21.043,14.229,25.402,1.316,0.767,1.524,
18:10:34.887,13.072,20.800,41.600,42.186,26.839,-21.386,14.761,25.985,1.324,0.992,1.654,
18:10:34.905,13.091,20.800,41.600,42.487,26.360,-21.687,15.240,26.507,1.324,1.231,1.808,
18:10:34.913,13.099,20.800,41.600,42.618,26.148,-21.818,15.452,26.736,1.331,1.400,1.932,
18:10:34.929,13.114,20.800,39.000,42.863,25.744,-22.063,13.256,25.739,0.637,1.553,1.679,
18:10:34.946,13.132,20.800,39.000,43.136,25.285,-22.336,13.715,26.211,0.202,1.702,1.714,
18:10:34.966,13.151,20.800,39.000,43.433,24.770,-22.633,14.230,26.735,0.017,1.836,1.836,
18:10:34.984,13.169,23.400,39.000,43.705,24.287,-20.305,14.713,25.075,0.029,1.164,1.164,
18:10:34.993,13.178,23.400,39.000,43.837,24.048,-20.437,14.952,25.322,0.117,0.847,0.855,
18:10:35.009,13.195,23.400,39.000,44.073,23.612,-20.673,15.388,25.772,0.269,0.674,0.726,
18:10:35.025,13.210,23.400,39.000,44.300,23.184,-20.900,15.816,26.210,0.487,0.644,0.808,
18:10:35.034,13.219,23.400,39.000,44.428,22.938,-21.028,16.062,26.460,0.675,0.694,0.968,
18:10:35.051,13.236,26.000,39.000,44.663,22.478,-18.663,16.522,24.925,0.895,0.086,0.899,
18:10:35.059,13.245,26.000,39.000,44.779,22.245,-18.779,16.755,25.167,1.063,-0.175,1.078,
18:10:35.075,13.261,26.000,39.000,44.995,21.805,-18.995,17.195,25.622,1.243,-0.252,1.268,
18:10:35.083,13.268,26.000,39.000,45.093,21.601,-19.093,17.399,25.832,1.366,-0.194,1.380,
18:10:35.098,13.283,26.000,39.000,45.289,21.187,-19.289,17.813,26.256,1.488,-0.041,1.489,
18:10:35.116,13.301,28.600,36.400,45.521,20.684,-16.921,15.716,23.094,0.870,-0.476,0.992,
18:10:35.124,13.310,28.600,36.400,45.626,20.452,-17.026,15.948,23.329,0.544,-0.604,0.813,
18:10:35.140,13.326,28.600,36.400,45.826,20.000,-17.226,16.400,23.784,0.373,-0.530,0.648,
18:10:35.149,13.334,28.600,36.400,45.931,19.756,-17.331,16.644,24.029,0.324,-0.370,0.492,
18:10:35.165,13.351,28.600,36.400,46.126,19.298,-17.526,17.102,24.488,0.365,-0.092,0.377,
18:10:35.173,13.359,28.600,36.400,46.219,19.073,-17.619,17.327,24.712,0.460,0.169,0.490,
18:10:35.191,13.377,28.600,36.400,46.434,18.543,-17.834,17.857,25.237,0.631,0.530,0.824,
18:10:35.200,13.386,28.600,36.400,46.530,18.302,-17.930,18.098,25.475,0.799,0.809,1.137,
18:10:35.216,13.402,28.600,36.400,46.712,17.831,-18.112,18.569,25.939,1.001,1.110,1.495,
18:10:35.235,13.421,31.200,33.800,46.917,17.287,-15.717,16.513,22.797,0.488,0.654,0.816,
18:10:35.243,13.429,31.200,33.800,47.001,17.056,-15.801,16.744,23.022,0.262,0.438,0.511,
18:10:35.260,13.445,31.200,33.800,47.167,16.590,-15.967,17.210,23.476,0.202,0.365,0.417,
18:10:35.268,13.454,31.200,33.800,47.253,16.346,-16.053,17.454,23.714,0.234,0.371,0.439,
18:10:35.284,13.469,31.200,33.800,47.409,15.888,-16.209,17.912,24.157,0.359,0.446,0.572,
18:10:35.292,13.478,31.200,33.800,47.483,15.664,-16.283,18.136,24.373,0.502,0.545,0.740,
18:10:35.308,13.494,31.200,33.800,47.638,15.185,-16.438,18.615,24.834,0.709,0.684,0.985,
18:10:35.326,13.511,31.200,33.800,47.800,14.669,-16.600,19.131,25.328,0.976,0.869,1.307,
18:10:35.345,13.530,31.200,33.800,47.967,14.113,-16.767,19.687,25.860,1.259,1.064,1.649,
18:10:35.352,13.537,33.800,33.800,48.028,13.904,-14.228,19.896,24.459,1.436,0.555,1.539,
18:10:35.368,13.553,33.800,33.800,48.162,13.434,-14.362,20.366,24.921,1.607,0.234,1.624,
18:10:35.384,13.570,33.800,33.800,48.297,12.937,-14.497,20.863,25.405,1.758,0.104,1.761,
18:10:35.393,13.579,33.800,33.800,48.365,12.683,-14.565,21.117,25.653,1.856,0.095,1.858,
18:10:35.413,13.599,33.800,31.200,48.514,12.097,-14.714,19.103,24.113,1.211,0.185,1.225,
18:10:35.421,13.607,33.800,31.200,48.577,11.844,-14.777,19.356,24.352,0.870,0.315,0.925,
18:10:35.438,13.624,33.800,31.200,48.694,11.352,-14.894,19.848,24.815,0.679,0.483,0.833,
18:10:35.455,13.640,33.800,31.200,48.809,10.846,-15.009,20.354,25.290,0.641,0.688,0.940,
18:10:35.462,13.648,33.800,31.200,48.860,10.616,-15.060,20.584,25.505,0.688,0.844,1.089,
18:10:35.478,13.664,33.800,31.200,48.959,10.150,-15.159,21.050,25.940,0.792,0.994,1.271,
18:10:35.494,13.680,33.800,31.200,49.056,9.670,-15.256,21.530,26.387,0.967,1.137,1.493,
18:10:35.503,13.689,33.800,31.200,49.108,9.400,-15.308,21.800,26.638,1.136,1.240,1.681,
18:10:35.521,13.707,33.800,31.200,49.207,8.867,-15.407,22.333,27.132,1.334,1.323,1.879,
18:10:35.530,13.715,33.800,31.200,49.253,8.613,-15.453,22.587,27.367,1.499,1.379,2.037,
18:10:35.546,13.732,33.800,28.600,49.339,8.102,-15.539,20.498,25.722,0.969,1.406,1.708,
18:10:35.566,13.752,33.800,28.600,49.434,7.502,-15.634,21.098,26.259,0.701,1.406,1.571,
18:10:35.583,13.769,33.800,28.600,49.510,6.980,-15.710,21.620,26.725,0.658,1.391,1.539,
18:10:35.591,13.777,33.800,28.600,49.545,6.733,-15.745,21.867,26.946,0.702,1.390,1.557,
18:10:35.608,13.793,36.400,28.600,49.610,6.236,-13.210,22.364,25.973,0.820,0.656,1.050,
18:10:35.626,13.812,36.400,28.600,49.678,5.661,-13.278,22.939,26.505,1.040,0.172,1.054,
18:10:35.644,13.830,36.400,28.600,49.738,5.111,-13.338,23.489,27.012,1.305,-0.053,1.306,
18:10:35.652,13.838,36.400,28.600,49.762,4.874,-13.362,23.726,27.229,1.496,-0.102,1.500,
18:10:35.669,13.854,36.400,26.000,49.808,4.376,-13.408,21.624,25.443,0.992,-0.085,0.996,
18:10:35.686,13.872,36.400,26.000,49.852,3.841,-13.452,22.159,25.923,0.749,0.050,0.750,
18:10:35.706,13.892,36.400,26.000,49.896,3.217,-13.496,22.783,26.481,0.736,0.276,0.786,
18:10:35.725,13.911,36.400,26.000,49.931,2.629,-13.531,23.371,27.006,0.874,0.531,1.023,
18:10:35.744,13.930,36.400,26.000,49.958,2.044,-13.558,23.956,27.527,1.098,0.769,1.341,
18:10:35.753,13.939,36.400,26.000,49.968,1.786,-13.568,24.214,27.757,1.283,0.922,1.580,
18:10:35.769,13.955,36.400,26.000,49.984,1.278,-13.584,24.722,28.208,1.484,1.052,1.819,
18:10:35.788,13.974,39.000,23.400,49.995,0.695,-10.995,22.705,25.227,0.964,0.407,1.046,
18:10:35.809,13.994,39.000,23.400,50.000,0.064,-11.000,23.336,25.799,0.771,0.051,0.773,
18:10:35.827,14.013,39.000,23.400,49.998,-0.493,-10.998,23.893,26.303,0.806,-0.071,0.809,
18:10:35.847,14.033,41.600,23.400,49.988,-1.115,-8.388,24.515,25.910,0.977,-0.832,1.283,
18:10:35.867,14.053,41.600,23.400,49.970,-1.743,-8.370,25.143,26.499,1.236,-1.100,1.655,
18:10:35.886,14.072,41.600,23.400,49.946,-2.315,-8.346,25.715,27.036,1.513,-1.052,1.843,
18:10:35.906,14.091,41.600,20.800,49.914,-2.926,-8.314,23.726,25.141,1.006,-0.817,1.296,
18:10:35.926,14.112,41.600,20.800,49.874,-3.551,-8.274,24.351,25.718,0.857,-0.468,0.977,
18:10:35.944,14.129,41.600,20.800,49.832,-4.097,-8.232,24.897,26.223,0.917,-0.112,0.924,
18:10:35.952,14.138,41.600,20.800,49.810,-4.351,-8.210,25.151,26.458,1.019,0.122,1.027,
18:10:35.969,14.155,41.600,18.200,49.762,-4.873,-8.162,23.073,24.474,0.474,0.370,0.601,
18:10:35.987,14.172,41.600,18.200,49.706,-5.411,-8.106,23.611,24.963,0.280,0.593,0.656,
18:10:36.006,14.192,41.600,18.200,49.638,-6.006,-8.038,24.206,25.506,0.374,0.768,0.854,
18:10:36.027,14.213,44.200,15.600,49.557,-6.643,-5.357,22.243,22.879,-0.130,0.084,0.154,
18:10:36.047,14.232,44.200,15.600,49.472,-7.247,-5.272,22.847,23.448,-0.144,-0.269,0.305,
18:10:36.066,14.252,44.200,15.600,49.381,-7.844,-5.181,23.444,24.010,0.128,-0.402,0.422,
18:10:36.088,14.273,44.200,13.000,49.273,-8.497,-5.073,21.497,22.088,-0.224,-0.397,0.456,
18:10:36.109,14.295,44.200,13.000,49.155,-9.152,-4.955,22.152,22.699,-0.097,-0.280,0.296,
18:10:36.129,14.315,44.200,13.000,49.039,-9.754,-4.839,22.754,23.263,0.260,-0.119,0.286,
18:10:36.148,14.333,44.200,10.400,48.926,-10.309,-4.726,20.709,21.242,-0.075,0.041,0.086,
18:10:36.166,14.352,44.200,10.400,48.803,-10.874,-4.603,21.274,21.766,-0.015,0.186,0.186,
18:10:36.183,14.369,44.200,10.400,48.686,-11.387,-4.486,21.787,22.244,0.249,0.299,0.389,
18:10:36.190,14.376,44.200,10.400,48.638,-11.591,-4.438,21.991,22.434,0.454,0.362,0.581,
18:10:36.207,14.393,44.200,13.000,48.517,-12.086,-4.317,25.086,25.455,1.463,0.413,1.520,
18:10:36.227,14.412,44.200,13.000,48.367,-12.675,-4.167,25.675,26.011,2.316,0.447,2.359,
18:10:36.245,14.431,44.200,13.000,48.221,-13.220,-4.021,26.220,26.526,2.884,0.451,2.919,
18:10:36.253,14.438,44.200,13.000,48.157,-13.451,-3.957,26.451,26.746,3.158,0.449,3.190,
18:10:36.270,14.456,44.200,10.400,48.008,-13.973,-3.808,24.373,24.669,2.607,0.423,2.642,
18:10:36.279,14.465,44.200,10.400,47.936,-14.217,-3.736,24.617,24.899,2.256,0.406,2.292,
18:10:36.298,14.484,44.200,10.400,47.766,-14.780,-3.566,25.180,25.431,1.973,0.361,2.006,
18:10:36.315,14.501,44.200,10.400,47.605,-15.288,-3.405,25.688,25.913,1.780,0.316,1.808,
18:10:36.334,14.519,46.800,10.400,47.428,-15.829,-0.628,26.229,26.236,1.680,-0.495,1.751,
18:10:36.342,14.528,46.800,10.400,47.350,-16.062,-0.550,26.462,26.468,1.677,-0.892,1.899,
18:10:36.358,14.544,46.800,10.400,47.184,-16.542,-0.384,26.942,26.945,1.678,-1.131,2.024,
18:10:36.375,14.561,46.800,10.400,47.013,-17.022,-0.213,27.422,27.423,1.739,-1.200,2.112,
18:10:36.384,14.570,46.800,10.400,46.922,-17.273,-0.122,27.673,27.673,1.828,-1.168,2.170,
18:10:36.400,14.585,44.200,5.200,46.751,-17.730,-2.551,22.930,23.072,0.518,-0.368,0.635,
18:10:36.409,14.594,44.200,5.200,46.655,-17.982,-2.455,23.182,23.312,-0.188,0.162,0.248,
18:10:36.425,14.611,44.200,5.200,46.468,-18.458,-2.268,23.658,23.766,-0.574,0.577,0.814,
18:10:36.444,14.630,44.200,5.200,46.247,-19.006,-2.047,24.206,24.293,-0.576,0.856,1.031,
18:10:36.453,14.639,44.200,5.200,46.143,-19.257,-1.943,24.457,24.535,-0.393,0.970,1.046,
18:10:36.471,14.657,44.200,5.200,45.930,-19.761,-1.730,24.961,25.020,-0.045,0.992,0.993,
18:10:36.481,14.667,44.200,5.200,45.810,-20.037,-1.610,25.237,25.288,0.327,0.947,1.001,
18:10:36.499,14.684,44.200,5.200,45.589,-20.534,-1.389,25.734,25.771,0.798,0.831,1.152,
18:10:36.516,14.701,46.800,2.600,45.372,-21.009,1.428,23.609,23.652,0.562,-0.076,0.567,
18:10:36.534,14.719,46.800,2.600,45.135,-21.513,1.665,24.113,24.170,0.610,-0.698,0.927,
18:10:36.541,14.727,46.800,2.600,45.041,-21.710,1.759,24.310,24.373,0.708,-0.999,1.224,
18:10:36.558,14.743,46.800,2.600,44.816,-22.171,1.984,24.771,24.850,0.921,-1.207,1.518,
18:10:36.574,14.760,45.711,1.322,44.585,-22.631,1.126,23.954,23.980,0.854,-0.961,1.286,
18:10:36.587,14.773,45.773,0.898,44.167,-23.437,1.607,24.336,24.388,0.947,-0.701,1.178,
18:10:36.604,14.790,46.800,0.000,43.469,-24.706,3.331,24.706,24.930,1.111,-0.700,1.313,
18:10:36.616,14.802,46.800,0.000,42.541,-26.272,4.259,26.272,26.615,1.646,-0.499,1.720,
18:10:36.633,14.819,46.800,-5.200,41.260,-28.242,5.540,23.042,23.698,0.227,-0.318,0.391,
18:10:36.644,14.830,46.800,-2.600,39.678,-30.425,7.122,27.825,28.722,1.718,-0.375,1.758,
18:10:36.663,14.848,46.800,-7.800,37.689,-32.856,9.111,25.056,26.661,0.834,-0.641,1.052,
18:10:36.675,14.860,41.600,-10.400,35.552,-35.158,6.048,24.758,25.486,0.341,1.057,1.111,
18:10:36.693,14.879,44.200,-13.000,33.274,-37.321,10.926,24.321,26.662,0.535,-0.713,0.892,
18:10:36.705,14.891,44.200,-15.600,30.865,-39.336,13.335,23.736,27.225,0.856,-1.825,2.016,
18:10:36.724,14.910,41.600,-18.200,28.334,-41.197,13.266,22.997,26.549,0.862,-0.630,1.068,
18:10:36.737,14.923,41.600,-20.800,25.692,-42.894,15.908,22.094,27.226,0.631,-0.428,0.763,
18:10:36.755,14.940,39.000,-23.400,22.948,-44.423,16.052,21.023,26.451,0.439,-0.156,0.465,
18:10:36.769,14.955,39.000,-23.400,20.113,-45.776,18.887,22.376,29.282,1.360,-1.137,1.773,
18:10:36.788,14.974,36.400,-26.000,17.199,-46.949,19.201,20.949,28.417,1.005,-0.975,1.401,
18:10:36.809,14.994,33.800,-31.200,14.217,-47.936,19.583,16.736,25.760,-0.740,-0.405,0.843,
18:10:36.831,15.016,31.200,-31.200,11.179,-48.734,20.021,17.534,26.614,0.258,-0.235,0.349,
18:10:36.844,15.030,31.200,-31.200,8.097,-49.340,23.103,18.140,29.374,1.705,-1.466,2.249,
18:10:36.863,15.048,28.600,-36.400,4.983,-49.751,23.617,13.351,27.130,-0.038,-1.385,1.385,
18:10:36.874,15.060,26.000,-36.400,1.849,-49.966,24.151,13.566,27.700,-0.034,-0.729,0.730,
18:10:36.892,15.077,23.400,-36.400,-1.292,-49.983,24.692,13.583,28.181,0.875,-0.478,0.997,
18:10:36.904,15.090,20.800,-39.000,-4.428,-49.804,25.228,10.804,27.444,0.335,-0.740,0.812,
18:10:36.921,15.107,18.200,-39.000,-7.546,-49.427,25.746,10.427,27.778,0.371,-1.040,1.104,
18:10:36.932,15.118,15.600,-41.600,-10.635,-48.856,26.235,7.256,27.220,-0.353,-1.081,1.137,
18:10:36.949,15.135,13.000,-41.600,-13.682,-48.092,26.682,6.492,27.460,0.035,-0.967,0.968,
18:10:36.968,15.154,10.400,-44.200,-16.674,-47.138,27.074,2.938,27.233,-0.436,-0.911,1.010,
18:10:36.988,15.174,10.400,-41.600,-19.601,-45.998,30.001,4.398,30.322,0.843,-1.941,2.116,
18:10:37.007,15.193,5.200,-44.200,-22.451,-44.676,27.651,0.476,27.655,-0.166,-0.700,0.720,
18:10:37.027,15.213,5.200,-44.200,-25.212,-43.178,30.412,-1.022,30.429,-0.623,-1.346,1.484,
18:10:37.048,15.233,0.000,-44.200,-27.873,-41.510,27.873,-2.690,28.003,-0.434,-0.525,0.681,
18:10:37.066,15.251,-2.600,-46.800,-30.425,-39.678,27.825,-7.122,28.722,-1.191,-0.598,1.333,
18:10:37.083,15.269,-7.800,-44.200,-32.856,-37.689,25.056,-6.511,25.888,-0.001,-0.074,0.074,
18:10:37.095,15.280,-10.400,-41.600,-35.158,-35.552,24.758,-6.048,25.486,1.002,-0.574,1.155,
18:10:37.113,15.298,-10.400,-41.600,-37.321,-33.274,26.921,-8.326,28.179,-0.097,-2.040,2.042,
18:10:37.125,15.311,-15.600,-41.600,-39.336,-30.865,23.736,-10.735,26.051,-1.333,-0.663,1.488,
18:10:37.144,15.330,-15.600,-41.600,-41.197,-28.334,25.597,-13.266,28.830,-1.527,-0.946,1.796,
18:10:37.156,15.341,-18.200,-41.600,-42.894,-25.692,24.694,-15.908,29.375,-1.129,-0.928,1.462,
18:10:37.174,15.360,-23.400,-39.000,-44.423,-22.948,21.023,-16.052,26.451,-0.024,0.269,0.270,
18:10:37.185,15.371,-26.000,-36.400,-45.776,-20.113,19.776,-16.287,25.620,0.285,0.118,0.308,
18:10:37.203,15.388,-26.000,-36.400,-46.949,-17.199,20.949,-19.201,28.417,-1.156,-1.471,1.871,
18:10:37.215,15.401,-28.600,-33.800,-47.936,-14.217,19.336,-19.583,27.520,-1.248,-1.255,1.770,
18:10:37.233,15.418,-31.200,-31.200,-48.734,-11.179,17.534,-20.021,26.614,-0.562,-0.184,0.592,
18:10:37.244,15.429,-33.800,-31.200,-49.340,-8.097,15.540,-23.103,27.843,-1.176,0.370,1.233,
18:10:37.264,15.449,-33.800,-26.000,-49.751,-4.983,15.951,-21.017,26.385,-0.085,-0.761,0.765,
18:10:37.276,15.461,-36.400,-26.000,-49.966,-1.849,13.566,-24.151,27.700,-1.058,-0.645,1.239,
18:10:37.293,15.479,-39.000,-23.400,-49.983,1.292,10.983,-24.692,27.024,-1.330,0.177,1.342,
18:10:37.304,15.490,-39.000,-23.400,-49.804,4.428,10.804,-27.828,29.851,-1.968,-0.266,1.986,
18:10:37.320,15.506,-39.000,-20.800,-49.427,7.546,10.427,-28.346,30.203,-1.349,-0.889,1.616,
18:10:37.332,15.517,-41.600,-13.000,-48.856,10.635,7.256,-23.635,24.724,1.215,0.056,1.217,
18:10:37.349,15.535,-41.600,-13.000,-48.092,13.682,6.492,-26.682,27.460,-0.486,0.094,0.495,
18:10:37.362,15.547,-44.200,-13.000,-47.138,16.674,2.938,-29.674,29.819,-2.870,0.661,2.945,
18:10:37.380,15.565,-44.200,-7.800,-45.998,19.601,1.798,-27.401,27.460,-1.383,0.178,1.394,
18:10:37.392,15.577,-44.200,-5.200,-44.676,22.451,0.476,-27.651,27.655,-0.204,-0.268,0.336,
18:10:37.410,15.595,-46.800,-2.600,-43.178,25.212,-3.622,-27.812,28.046,-0.406,0.846,0.939,
18:10:37.422,15.607,-46.800,2.600,-41.510,27.873,-5.290,-25.273,25.821,-0.168,0.932,0.947,
18:10:37.439,15.624,-44.200,5.200,-39.678,30.425,-4.522,-25.225,25.627,-0.760,-0.467,0.892,
18:10:37.457,15.643,-41.600,7.800,-37.689,32.856,-3.911,-25.056,25.359,-1.159,-1.237,1.695,
18:10:37.475,15.661,-41.600,10.400,-35.552,35.158,-6.048,-24.758,25.486,-1.017,0.082,1.021,
18:10:37.487,15.672,-44.200,7.800,-33.274,37.321,-10.926,-29.521,31.478,-2.653,2.272,3.493,
18:10:37.504,15.690,-41.600,13.000,-30.865,39.336,-10.735,-26.336,28.440,-0.882,1.017,1.346,
18:10:37.517,15.703,-41.600,15.600,-28.334,41.197,-13.266,-25.597,28.830,0.087,0.210,0.227,
18:10:37.535,15.721,-41.600,18.200,-25.692,42.894,-15.908,-24.694,29.375,-0.306,0.637,0.706,
18:10:37.548,15.734,-39.000,23.400,-22.948,44.423,-16.052,-21.023,26.451,0.024,0.487,0.488,
18:10:37.566,15.752,-36.400,23.400,-20.113,45.776,-16.287,-22.376,27.676,-1.319,0.214,1.336,
18:10:37.585,15.771,-36.400,26.000,-17.199,46.949,-19.201,-20.949,28.417,-1.236,1.158,1.694,
18:10:37.598,15.784,-33.800,31.200,-14.217,47.936,-19.583,-16.736,25.760,0.601,0.980,1.150,
18:10:37.616,15.801,-31.200,33.800,-11.179,48.734,-20.021,-14.934,24.977,0.774,0.425,0.883,
18:10:37.634,15.820,-28.600,36.400,-8.097,49.340,-20.503,-12.940,24.245,0.017,0.275,0.275,
18:10:37.646,15.831,-26.000,33.800,-4.983,49.751,-21.017,-15.951,26.385,-2.267,0.532,2.328,
18:10:37.662,15.848,-23.400,36.400,-1.849,49.966,-21.551,-13.566,25.465,-1.198,0.777,1.428,
18:10:37.674,15.860,-26.000,36.400,1.292,49.983,-27.292,-13.583,30.485,-0.264,2.751,2.764,
18:10:37.691,15.877,-23.400,39.000,4.428,49.804,-27.828,-10.804,29.851,0.637,1.994,2.093,
18:10:37.703,15.889,-20.800,41.600,7.546,49.427,-28.346,-7.827,29.407,0.767,0.609,0.979,
18:10:37.720,15.906,-15.600,41.600,10.635,48.856,-26.235,-7.256,27.220,-0.425,-0.624,0.755,
18:10:37.733,15.919,-13.000,44.200,13.682,48.092,-26.682,-3.892,26.964,-0.050,0.356,0.360,
18:10:37.753,15.938,-7.800,44.200,16.674,47.138,-24.474,-2.938,24.650,0.022,0.547,0.548,
18:10:37.764,15.950,-5.200,44.200,19.601,45.998,-24.801,-1.798,24.866,-0.052,0.961,0.962,
18:10:37.783,15.969,-2.600,44.200,22.451,44.676,-25.051,-0.476,25.055,-0.037,1.065,1.066,
18:10:37.795,15.981,-2.600,44.200,25.212,43.178,-27.812,1.022,27.830,0.109,1.878,1.881,
18:10:37.813,15.999,-0.000,44.200,27.873,41.510,-27.873,2.690,28.003,0.286,1.406,1.435,
18:10:37.824,16.010,0.000,44.200,30.425,39.678,-30.425,4.522,30.759,0.417,1.716,1.765,
18:10:37.843,16.028,5.200,44.200,32.856,37.689,-27.656,6.511,28.412,0.518,0.310,0.604,
18:10:37.854,16.040,5.200,44.200,35.158,35.552,-29.958,8.648,31.181,0.639,1.232,1.387,
18:10:37.872,16.057,10.400,44.200,37.321,33.274,-26.921,10.926,29.053,0.794,0.606,0.998,
18:10:37.886,16.071,13.000,41.600,39.336,30.865,-26.336,10.735,28.440,-0.013,0.593,0.593,
18:10:37.903,16.089,18.200,41.600,41.197,28.334,-22.997,13.266,26.549,0.488,-0.117,0.502,
18:10:37.915,16.101,20.800,39.000,42.894,25.692,-22.094,13.308,25.793,0.356,0.296,0.463,
18:10:37.933,16.119,23.400,36.400,44.423,22.948,-21.023,13.452,24.959,0.045,0.800,0.801,
18:10:37.945,16.130,26.000,39.000,45.776,20.113,-19.776,18.887,27.346,1.933,0.746,2.072,
18:10:37.962,16.147,26.000,33.800,46.949,17.199,-20.949,16.601,26.729,0.442,1.329,1.400,
18:10:37.974,16.159,28.600,33.800,47.936,14.217,-19.336,19.583,27.520,0.533,0.716,0.893,
18:10:37.991,16.177,31.200,31.200,48.734,11.179,-17.534,20.021,26.614,0.572,-0.011,0.572,
18:10:38.003,16.189,33.800,31.200,49.340,8.097,-15.540,23.103,27.843,1.566,-0.178,1.576,
18:10:38.020,16.206,36.400,28.600,49.751,4.983,-13.351,23.617,27.130,1.253,-0.014,1.253,
18:10:38.033,16.219,36.400,28.600,49.966,1.849,-13.566,26.751,29.994,1.586,0.979,1.864,
18:10:38.050,16.236,36.400,26.000,49.983,-1.292,-13.583,27.292,30.485,1.132,1.371,1.778,
18:10:38.062,16.247,36.400,20.800,49.804,-4.428,-13.404,25.228,28.567,-0.205,1.016,1.036,
18:10:38.079,16.264,39.000,18.200,49.427,-7.546,-10.427,25.746,27.778,0.227,-0.381,0.444,
18:10:38.097,16.282,39.000,15.600,48.856,-10.635,-9.856,26.235,28.025,1.183,-0.108,1.188,
18:10:38.115,16.300,44.200,13.000,48.092,-13.682,-3.892,26.682,26.964,1.457,-1.238,1.912,
18:10:38.126,16.312,44.200,7.800,47.138,-16.674,-2.938,24.474,24.650,0.127,-0.368,0.389,
18:10:38.145,16.331,44.200,5.200,45.998,-19.601,-1.798,24.801,24.866,0.154,0.574,0.595,
18:10:38.157,16.342,46.800,5.200,44.676,-22.451,2.124,27.651,27.732,1.862,-0.489,1.925,
18:10:38.174,16.360,46.800,2.600,43.178,-25.212,3.622,27.812,28.046,1.888,-0.806,2.053,
18:10:38.188,16.373,46.800,-0.000,41.510,-27.873,5.290,27.873,28.371,0.996,-0.518,1.123,
18:10:38.205,16.391,44.200,-0.000,39.678,-30.425,4.522,30.425,30.759,1.505,0.653,1.641,
18:10:38.219,16.404,44.200,-5.200,37.689,-32.856,6.511,27.656,28.412,0.425,0.130,0.444,
18:10:38.237,16.423,41.600,-7.800,35.552,-35.158,6.048,27.358,28.018,0.426,0.086,0.434,
18:10:38.255,16.441,41.600,-15.600,33.274,-37.321,8.326,21.721,23.262,-0.989,-0.629,1.172,
18:10:38.277,16.462,41.600,-15.600,30.865,-39.336,10.735,23.736,26.051,0.886,-1.107,1.418,
18:10:38.295,16.481,41.600,-18.200,28.334,-41.197,13.266,22.997,26.549,1.687,-1.126,2.029,
18:10:38.307,16.493,41.600,-18.200,25.692,-42.894,15.908,24.694,29.375,2.008,-1.048,2.265,
18:10:38.325,16.510,39.000,-20.800,22.948,-44.423,16.052,23.623,28.561,0.838,-0.200,0.861,
18:10:38.336,16.522,39.000,-20.800,20.113,-45.776,18.887,24.976,31.313,0.983,-0.824,1.283,
18:10:38.356,16.542,36.400,-26.000,17.199,-46.949,19.201,20.949,28.417,-0.211,-0.793,0.821,
18:10:38.375,16.560,33.800,-28.600,14.217,-47.936,19.583,19.336,27.520,-0.156,-0.482,0.507,
18:10:38.389,16.575,31.200,-33.800,11.179,-48.734,20.021,14.934,24.977,-0.594,-0.372,0.701,
18:10:38.407,16.592,31.200,-33.800,8.097,-49.340,23.103,15.540,27.843,0.827,-1.494,1.707,
18:10:38.424,16.610,28.600,-33.800,4.983,-49.751,23.617,15.951,28.499,1.770,-1.325,2.211,
18:10:38.436,16.622,26.000,-36.400,1.849,-49.966,24.151,13.566,27.700,0.508,-0.684,0.852,
18:10:38.454,16.640,23.400,-41.600,-1.292,-49.983,24.692,8.383,26.076,-1.768,-0.488,1.834,
18:10:38.468,16.654,20.800,-41.600,-4.428,-49.804,25.228,8.204,26.528,-0.611,-0.769,0.983,
18:10:38.486,16.672,15.600,-41.600,-7.546,-49.427,23.146,7.827,24.434,1.140,-0.072,1.143,
18:10:38.498,16.683,15.600,-41.600,-10.635,-48.856,26.235,7.256,27.220,1.356,-1.404,1.952,
18:10:38.515,16.701,15.600,-41.600,-13.682,-48.092,29.282,6.492,29.993,0.466,-2.615,2.656,
18:10:38.528,16.714,13.000,-41.600,-16.674,-47.138,29.674,5.538,30.187,-0.165,-1.716,1.724,
18:10:38.547,16.733,10.400,-44.200,-19.601,-45.998,30.001,1.798,30.055,-1.058,-0.646,1.240,
18:10:38.565,16.750,7.800,-44.200,-22.451,-44.676,30.251,0.476,30.254,-0.429,-0.606,0.742,
18:10:38.577,16.763,0.000,-44.200,-25.212,-43.178,25.212,-1.022,25.232,0.256,0.783,0.824,
18:10:38.595,16.781,-5.200,-46.800,-27.873,-41.510,22.673,-5.290,23.282,-0.827,0.782,1.138,
18:10:38.608,16.794,-5.200,-44.200,-30.425,-39.678,25.225,-4.522,25.627,-0.060,-1.737,1.738,
18:10:38.626,16.812,-7.800,-44.200,-32.856,-37.689,25.056,-6.511,25.888,-0.061,-2.148,2.149,
18:10:38.646,16.831,-7.800,-44.200,-35.158,-35.552,27.358,-8.648,28.692,-0.603,-1.964,2.055,
18:10:38.663,16.849,-10.400,-44.200,-37.321,-33.274,26.921,-10.926,29.053,-1.023,-0.792,1.294,
18:10:38.675,16.861,-10.400,-44.200,-39.336,-30.865,28.936,-13.335,31.861,-1.099,-1.252,1.666,
18:10:38.693,16.878,-15.600,-41.600,-41.197,-28.334,25.597,-13.266,28.830,-0.098,-0.262,0.280,
18:10:38.704,16.890,-18.200,-41.600,-42.894,-25.692,24.694,-15.908,29.375,-0.551,-0.296,0.626,
18:10:38.722,16.907,-20.800,-39.000,-44.423,-22.948,23.623,-16.052,28.561,-0.505,-0.762,0.915,
18:10:38.735,16.920,-26.000,-36.400,-45.776,-20.113,19.776,-16.287,25.620,-0.270,0.084,0.283,
18:10:38.751,16.937,-28.600,-36.400,-46.949,-17.199,18.349,-19.201,26.559,-1.177,0.030,1.177,
18:10:38.762,16.948,-31.200,-33.800,-47.936,-14.217,16.736,-19.583,25.760,-0.959,-0.331,1.015,
18:10:38.780,16.965,-31.200,-31.200,-48.734,-11.179,17.534,-20.021,26.614,-0.405,-1.340,1.400,
18:10:38.798,16.983,-33.800,-28.600,-49.340,-8.097,15.540,-20.503,25.727,-0.275,-0.695,0.747,
18:10:38.817,17.002,-36.400,-28.600,-49.751,-4.983,13.351,-23.617,27.130,-1.520,0.305,1.550,
18:10:38.836,17.022,-39.000,-26.000,-49.966,-1.849,10.966,-24.151,26.524,-1.425,0.616,1.552,
18:10:38.856,17.042,-39.000,-23.400,-49.983,1.292,10.983,-24.692,27.024,-0.755,-0.573,0.948,
18:10:38.874,17.060,-39.000,-20.800,-49.804,4.428,10.804,-25.228,27.444,-0.504,-1.309,1.403,
18:10:38.888,17.074,-41.600,-20.800,-49.427,7.546,7.827,-28.346,29.407,-1.749,-0.031,1.749,
18:10:38.906,17.091,-39.000,-18.200,-48.856,10.635,9.856,-28.835,30.473,-1.715,-0.753,1.873,
18:10:38.919,17.105,-39.000,-15.600,-48.092,13.682,9.092,-29.282,30.661,-1.069,-0.910,1.404,
18:10:38.937,17.123,-41.600,-10.400,-47.138,16.674,5.538,-27.074,27.635,0.190,0.428,0.468,
18:10:38.955,17.141,-44.200,-7.800,-45.998,19.601,1.798,-27.401,27.460,-0.370,1.413,1.461,
18:10:38.975,17.160,-49.400,-2.600,-44.676,22.451,-4.724,-25.051,25.492,-0.354,2.418,2.444,
18:10:38.987,17.172,-46.800,0.000,-43.178,25.212,-3.622,-25.212,25.470,-0.878,-0.122,0.887,
18:10:39.003,17.189,-44.200,2.600,-41.510,27.873,-2.690,-25.273,25.416,-1.138,-1.953,2.260,
18:10:39.016,17.201,-44.200,2.600,-39.678,30.425,-4.522,-27.825,28.190,-1.956,-0.570,2.038,
18:10:39.034,17.219,-41.600,5.200,-37.689,32.856,-3.911,-27.656,27.931,-1.388,0.253,1.410,
18:10:39.046,17.231,-41.600,5.200,-35.552,35.158,-6.048,-29.958,30.562,-1.629,0.889,1.855,
18:10:39.065,17.250,-44.200,10.400,-33.274,37.321,-10.926,-26.921,29.053,-0.223,1.876,1.889,
18:10:39.075,17.261,-44.200,15.600,-30.865,39.336,-13.335,-23.736,27.225,0.792,1.358,1.572,
18:10:39.096,17.282,-41.600,18.200,-28.334,41.197,-13.266,-22.997,26.549,-0.218,-0.233,0.320,
18:10:39.115,17.301,-41.600,23.400,-25.692,42.894,-15.908,-19.494,25.162,-0.220,0.244,0.328,
18:10:39.128,17.314,-39.000,26.000,-22.948,44.423,-16.052,-18.423,24.435,-0.430,0.529,0.681,
18:10:39.145,17.331,-36.400,26.000,-20.113,45.776,-16.287,-19.776,25.620,-1.413,0.448,1.482,
18:10:39.164,17.350,-33.800,26.000,-17.199,46.949,-16.601,-20.949,26.729,-1.848,0.277,1.868,
18:10:39.175,17.360,-33.800,28.600,-14.217,47.936,-19.583,-19.336,27.520,-0.617,1.237,1.382,
18:10:39.192,17.378,-33.800,31.200,-11.179,48.734,-22.621,-17.534,28.621,0.342,1.992,2.022,
18:10:39.204,17.390,-31.200,33.800,-8.097,49.340,-23.103,-15.540,27.843,0.292,1.074,1.113,
18:10:39.222,17.407,-28.600,33.800,-4.983,49.751,-23.617,-15.951,28.499,-1.084,0.254,1.113,
18:10:39.233,17.419,-26.000,36.400,-1.849,49.966,-24.151,-13.566,27.700,-0.767,0.371,0.852,
18:10:39.251,17.436,-23.400,39.000,1.292,49.983,-24.692,-10.983,27.024,0.290,0.908,0.953,
18:10:39.262,17.448,-20.800,41.600,4.428,49.804,-25.228,-8.204,26.528,0.833,1.150,1.420,
18:10:39.281,17.467,-18.200,41.600,7.546,49.427,-25.746,-7.827,26.910,-0.245,1.015,1.044,
18:10:39.292,17.478,-15.600,41.600,10.635,48.856,-26.235,-7.256,27.220,-1.025,0.847,1.330,
18:10:39.309,17.495,-13.000,41.600,13.682,48.092,-26.682,-6.492,27.460,-0.781,0.862,1.164,
18:10:39.326,17.511,-13.000,41.600,16.674,47.138,-29.674,-5.538,30.187,-0.173,1.962,1.969,
18:10:39.338,17.523,-10.400,44.200,19.601,45.998,-30.001,-1.798,30.055,1.058,1.700,2.002,
18:10:39.356,17.542,-5.200,46.800,22.451,44.676,-27.651,2.124,27.732,1.588,0.027,1.588,
18:10:39.375,17.560,-2.600,44.200,25.212,43.178,-27.812,1.022,27.830,-0.498,0.161,0.524,
18:10:39.387,17.573,0.000,44.200,27.873,41.510,-27.873,2.690,28.003,-0.883,1.119,1.425,
18:10:39.406,17.592,5.200,44.200,30.425,39.678,-25.225,4.522,25.627,0.157,0.545,0.567,
18:10:39.423,17.609,10.400,44.200,32.856,37.689,-22.456,6.511,23.381,1.018,-0.424,1.103,
18:10:39.436,17.622,10.400,44.200,35.158,35.552,-24.758,8.648,26.225,1.031,1.164,1.555,
18:10:39.456,17.642,13.000,41.600,37.321,33.274,-24.321,8.326,25.706,-0.255,1.612,1.632,
18:10:39.475,17.661,15.600,41.600,39.336,30.865,-23.736,10.735,26.051,0.073,0.955,0.957,
18:10:39.487,17.673,15.600,41.600,41.197,28.334,-25.597,13.266,28.830,1.082,1.308,1.698,
18:10:39.504,17.689,18.200,39.000,42.894,25.692,-24.694,13.308,28.052,0.607,0.953,1.130,
18:10:39.517,17.703,20.800,39.000,44.423,22.948,-23.623,16.052,28.561,0.829,0.525,0.981,
18:10:39.534,17.720,23.400,39.000,45.776,20.113,-22.376,18.887,29.282,1.365,0.419,1.428,
18:10:39.547,17.733,26.000,39.000,46.949,17.199,-20.949,21.801,30.235,1.702,0.501,1.774,
18:10:39.566,17.751,26.000,36.400,47.936,14.217,-21.936,22.183,31.197,0.798,1.470,1.672,
18:10:39.577,17.762,31.200,33.800,48.734,11.179,-17.534,22.621,28.621,0.206,-0.010,0.206,
18:10:39.595,17.781,33.800,28.600,49.340,8.097,-15.540,20.503,25.727,-0.549,-0.569,0.790,
18:10:39.613,17.799,36.400,26.000,49.751,4.983,-13.351,21.017,24.899,0.251,-0.210,0.328,
18:10:39.625,17.811,36.400,23.400,49.966,1.849,-13.566,21.551,25.465,1.082,1.090,1.536,
18:10:39.642,17.828,39.000,23.400,49.983,-1.292,-10.983,24.692,27.024,2.079,0.556,2.153,
18:10:39.654,17.840,39.000,18.200,49.804,-4.428,-10.804,22.628,25.075,0.364,0.395,0.537,
18:10:39.673,17.858,41.600,20.800,49.427,-7.546,-7.827,28.346,29.407,1.789,-0.419,1.838,
18:10:39.685,17.871,39.000,18.200,48.856,-10.635,-9.856,28.835,30.473,1.796,1.019,2.065,
18:10:39.704,17.889,41.600,13.000,48.092,-13.682,-6.492,26.682,27.460,0.110,0.311,0.330,
18:10:39.718,17.904,41.600,13.000,47.138,-16.674,-5.538,29.674,30.187,1.086,-0.046,1.087,
18:10:39.737,17.923,44.200,7.800,45.998,-19.601,-1.798,27.401,27.460,0.689,-0.913,1.144,
18:10:39.757,17.942,44.200,7.800,45.756,-20.159,-1.556,27.959,28.002,0.852,-0.880,1.225,
18:10:39.776,17.962,44.200,7.800,45.515,-20.697,-1.315,28.497,28.528,1.153,-0.746,1.373,
18:10:39.793,17.979,44.200,2.600,45.290,-21.185,-1.090,23.785,23.810,-0.323,-0.580,0.664,
18:10:39.802,17.987,44.200,2.600,45.184,-21.411,-0.984,24.011,24.031,-0.878,-0.454,0.988,
18:10:39.819,18.005,44.200,2.600,44.954,-21.889,-0.754,24.489,24.501,-0.952,-0.311,1.001,
18:10:39.838,18.024,44.200,2.600,44.692,-22.418,-0.492,25.018,25.023,-0.606,-0.163,0.627,
18:10:39.856,18.042,46.800,-0.000,44.447,-22.901,2.353,22.901,23.021,-0.878,-0.870,1.236,
18:10:39.877,18.063,46.800,-0.000,44.137,-23.494,2.663,23.494,23.644,-0.589,-1.193,1.330,
18:10:39.895,18.081,46.800,-0.000,43.879,-23.972,2.921,23.972,24.149,-0.086,-1.268,1.271,
18:10:39.904,18.090,46.800,-0.000,43.750,-24.207,3.050,24.207,24.398,0.295,-1.260,1.294,
18:10:39.924,18.110,46.800,-0.000,43.450,-24.741,3.350,24.741,24.967,0.834,-1.155,1.425,
18:10:39.933,18.118,46.800,-0.000,43.318,-24.972,3.482,24.972,25.213,1.213,-1.044,1.600,
18:10:39.949,18.134,46.800,-0.000,43.072,-25.393,3.728,25.393,25.665,1.623,-0.894,1.853,
18:10:39.966,18.151,46.800,-0.000,42.803,-25.843,3.997,25.843,26.150,2.003,-0.721,2.128,
18:10:39.984,18.170,46.800,-2.600,42.508,-26.327,4.292,23.727,24.112,1.552,-0.550,1.647,
18:10:39.992,18.178,46.800,-2.600,42.377,-26.537,4.423,23.937,24.343,1.334,-0.455,1.410,
18:10:40.009,18.194,46.800,-2.600,42.106,-26.964,4.694,24.364,24.812,1.255,-0.358,1.305,
18:10:40.027,18.212,46.800,-2.600,41.807,-27.425,4.993,24.825,25.322,1.285,-0.290,1.317,
18:10:40.045,18.230,46.800,-2.600,41.496,-27.893,5.304,25.293,25.843,1.399,-0.258,1.423,
18:10:40.052,18.238,46.800,-2.600,41.374,-28.075,5.426,25.475,26.047,1.511,-0.261,1.534,
18:10:40.070,18.255,46.800,-2.600,41.067,-28.522,5.733,25.922,26.548,1.640,-0.271,1.662,
18:10:40.088,18.274,46.800,-2.600,40.739,-28.989,6.061,26.389,27.076,1.803,-0.310,1.829,
18:10:40.105,18.291,46.800,-2.600,40.430,-29.418,6.370,26.818,27.564,1.962,-0.365,1.996,
18:10:40.113,18.299,46.800,-2.600,40.291,-29.608,6.509,27.008,27.781,2.080,-0.409,2.120,
18:10:40.129,18.315,46.800,-2.600,40.003,-29.996,6.797,27.396,28.227,2.168,-0.458,2.216,
18:10:40.147,18.332,46.800,-2.600,39.674,-30.430,7.126,27.830,28.727,2.251,-0.517,2.310,
18:10:40.165,18.351,44.200,-5.200,39.319,-30.887,4.881,25.687,26.146,1.556,0.183,1.567,
18:10:40.173,18.359,44.200,-5.200,39.172,-31.074,5.028,25.874,26.358,1.239,0.524,1.345,
18:10:40.190,18.375,44.200,-5.200,38.858,-31.465,5.342,26.265,26.803,1.049,0.688,1.255,
18:10:40.207,18.393,44.200,-5.200,38.508,-31.892,5.692,26.692,27.292,1.023,0.682,1.229,
18:10:40.225,18.410,44.200,-7.800,38.175,-32.291,6.025,24.491,25.221,0.387,0.547,0.670,
18:10:40.234,18.420,44.200,-7.800,37.986,-32.513,6.214,24.713,25.482,0.147,0.400,0.426,
18:10:40.252,18.437,44.200,-7.800,37.630,-32.924,6.570,25.124,25.969,0.124,0.180,0.218,
18:10:40.260,18.446,44.200,-7.800,37.465,-33.112,6.735,25.312,26.193,0.239,0.011,0.239,
18:10:40.276,18.462,44.200,-7.800,37.133,-33.483,7.067,25.683,26.638,0.454,-0.201,0.497,
18:10:40.295,18.481,44.200,-7.800,36.743,-33.911,7.457,26.111,27.155,0.822,-0.431,0.928,
18:10:40.314,18.500,44.200,-7.800,36.345,-34.337,7.855,26.537,27.675,1.256,-0.634,1.407,
18:10:40.322,18.508,44.200,-7.800,36.173,-34.518,8.027,26.718,27.898,1.560,-0.740,1.726,
18:10:40.337,18.523,44.200,-7.800,35.846,-34.857,8.354,27.057,28.318,1.843,-0.843,2.026,
18:10:40.356,18.542,44.200,-10.400,35.442,-35.268,8.758,24.868,26.365,1.377,-0.924,1.658,
18:10:40.375,18.560,44.200,-10.400,35.037,-35.671,9.163,25.271,26.881,1.175,-0.970,1.524,
18:10:40.383,18.569,44.200,-10.400,34.847,-35.856,9.353,25.456,27.120,1.129,-0.984,1.497,
18:10:40.399,18.585,44.200,-10.400,34.493,-36.198,9.707,25.798,27.564,1.166,-0.990,1.529,
18:10:40.418,18.603,41.600,-10.400,34.082,-36.584,7.518,26.184,27.242,1.303,-0.241,1.325,
18:10:40.437,18.623,41.600,-10.400,33.640,-36.991,7.960,26.591,27.757,1.509,0.198,1.522,
18:10:40.456,18.641,41.600,-10.400,33.221,-37.368,8.379,26.968,28.240,1.730,0.369,1.769,
18:10:40.474,18.660,41.600,-13.000,32.795,-37.743,8.805,24.743,26.263,1.171,0.361,1.225,
18:10:40.482,18.668,41.600,-13.000,32.605,-37.907,8.995,24.907,26.481,0.946,0.289,0.989,
18:10:40.498,18.684,41.600,-13.000,32.230,-38.226,9.370,25.226,26.909,0.862,0.151,0.875,
18:10:40.515,18.701,41.600,-13.000,31.833,-38.557,9.767,25.557,27.360,0.922,-0.059,0.924,
18:10:40.534,18.719,39.000,-15.600,31.393,-38.916,7.607,23.316,24.526,0.344,0.443,0.561,
18:10:40.542,18.728,39.000,-15.600,31.195,-39.075,7.805,23.475,24.739,0.140,0.653,0.667,
18:10:40.559,18.745,39.000,-15.600,30.782,-39.402,8.218,23.802,25.180,0.133,0.660,0.673,
18:10:40.575,18.760,39.000,-15.600,30.407,-39.691,8.593,24.091,25.578,0.308,0.528,0.612,
18:10:40.583,18.768,39.000,-15.600,30.212,-39.840,8.788,24.240,25.784,0.506,0.393,0.641,
18:10:40.600,18.785,41.600,-18.200,29.798,-40.151,11.802,21.951,24.922,0.075,-0.536,0.542,
18:10:40.616,18.802,41.600,-18.200,29.386,-40.453,12.214,22.253,25.385,-0.021,-1.254,1.254,
18:10:40.625,18.810,41.600,-18.200,29.175,-40.606,12.425,22.406,25.620,0.039,-1.664,1.665,
18:10:40.640,18.826,41.600,-18.200,28.780,-40.886,12.820,22.686,26.058,0.232,-1.967,1.981,
18:10:40.657,18.842,41.600,-20.800,28.371,-41.172,13.229,20.372,24.290,-0.182,-2.138,2.146,
18:10:40.676,18.861,41.600,-20.800,27.886,-41.501,13.714,20.701,24.831,-0.224,-2.181,2.192,
18:10:40.694,18.879,41.600,-20.800,27.427,-41.806,14.173,21.006,25.340,-0.009,-2.100,2.100,
18:10:40.702,18.887,41.600,-20.800,27.223,-41.939,14.377,21.139,25.565,0.204,-2.008,2.018,
18:10:40.719,18.905,41.600,-20.800,26.773,-42.228,14.827,21.428,26.058,0.516,-1.867,1.937,
18:10:40.736,18.921,41.600,-20.800,26.340,-42.500,15.260,21.700,26.528,0.885,-1.701,1.918,
18:10:40.755,18.941,41.600,-20.800,25.831,-42.810,15.769,22.010,27.076,1.277,-1.524,1.989,
18:10:40.763,18.949,41.600,-20.800,25.618,-42.939,15.982,22.139,27.305,1.526,-1.435,2.095,
18:10:40.778,18.964,39.000,-20.800,25.214,-43.177,13.786,22.377,26.282,1.752,-0.645,1.867,
18:10:40.797,18.982,39.000,-20.800,24.727,-43.458,14.273,22.658,26.779,1.948,-0.125,1.952,
18:10:40.816,19.002,39.000,-20.800,24.206,-43.750,14.794,22.950,27.305,2.085,0.105,2.087,
18:10:40.837,19.022,36.400,-23.400,23.649,-44.054,12.751,20.654,24.273,1.368,0.881,1.628,
18:10:40.854,19.040,36.400,-23.400,23.172,-44.306,13.228,20.906,24.740,0.993,1.108,1.488,
18:10:40.862,19.048,36.400,-23.400,22.953,-44.420,13.447,21.020,24.953,0.846,1.097,1.386,
18:10:40.879,19.064,36.400,-23.400,22.499,-44.652,13.901,21.252,25.394,0.775,0.913,1.197,
18:10:40.896,19.081,39.000,-23.400,22.032,-44.884,16.968,21.484,27.377,0.821,-0.187,0.842,
18:10:40.905,19.090,39.000,-23.400,21.788,-45.003,17.212,21.603,27.622,0.923,-0.906,1.293,
18:10:40.922,19.107,39.000,-23.400,21.313,-45.230,17.687,21.830,28.096,1.052,-1.539,1.864,
18:10:40.930,19.116,39.000,-23.400,21.076,-45.341,17.924,21.941,28.331,1.194,-1.926,2.266,
18:10:40.948,19.133,39.000,-23.400,20.595,-45.562,18.405,22.162,28.808,1.344,-2.261,2.630,
18:10:40.965,19.151,36.400,-26.000,20.095,-45.784,16.305,19.784,25.637,0.768,-1.703,1.868,
18:10:40.974,19.160,36.400,-26.000,19.857,-45.888,16.543,19.888,25.869,0.510,-1.365,1.457,
18:10:40.991,19.177,36.400,-26.000,19.364,-46.098,17.036,20.098,26.347,0.402,-1.139,1.207,
18:10:41.000,19.185,36.400,-26.000,19.132,-46.195,17.268,20.195,26.571,0.419,-1.015,1.098,
18:10:41.018,19.203,36.400,-26.000,18.616,-46.405,17.784,20.405,27.067,0.516,-0.943,1.075,
18:10:41.036,19.222,36.400,-26.000,18.082,-46.616,18.318,20.616,27.578,0.731,-0.960,1.207,
18:10:41.057,19.242,36.400,-26.000,17.495,-46.839,18.905,20.839,28.136,1.009,-1.050,1.456,
18:10:41.076,19.262,36.400,-26.000,16.929,-47.047,19.471,21.047,28.672,1.285,-1.182,1.746,
18:10:41.097,19.282,33.800,-28.600,16.333,-47.257,17.467,18.657,25.557,0.744,-0.548,0.924,
18:10:41.115,19.301,33.800,-28.600,15.788,-47.442,18.012,18.842,26.066,0.540,-0.306,0.621,
18:10:41.134,19.320,33.800,-28.600,15.230,-47.624,18.570,19.024,26.585,0.539,-0.308,0.621,
18:10:41.142,19.328,33.800,-28.600,15.004,-47.696,18.796,19.096,26.794,0.600,-0.382,0.711,
18:10:41.160,19.345,33.800,-31.200,14.494,-47.853,19.306,16.653,25.496,-0.001,-0.536,0.536,
18:10:41.168,19.354,33.800,-31.200,14.241,-47.929,19.559,16.729,25.737,-0.261,-0.705,0.752,
18:10:41.185,19.371,33.800,-31.200,13.740,-48.075,20.060,16.875,26.214,-0.328,-0.928,0.984,
18:10:41.206,19.391,33.800,-31.200,13.127,-48.246,20.673,17.046,26.795,-0.157,-1.218,1.228,
18:10:41.226,19.412,31.200,-33.800,12.520,-48.407,18.680,14.607,23.713,-0.618,-0.711,0.941,
18:10:41.246,19.431,31.200,-33.800,11.934,-48.555,19.266,14.755,24.267,-0.636,-0.541,0.835,
18:10:41.266,19.451,31.200,-33.800,11.334,-48.698,19.866,14.898,24.831,-0.392,-0.593,0.711,
18:10:41.284,19.470,28.600,-33.800,10.770,-48.826,17.830,15.026,23.318,-0.042,0.017,0.045,
18:10:41.292,19.478,28.600,-33.800,10.536,-48.877,18.064,15.077,23.529,0.210,0.235,0.315,
18:10:41.308,19.494,28.600,-33.800,10.051,-48.979,18.549,15.179,23.968,0.501,0.246,0.558,
18:10:41.327,19.512,28.600,-33.800,9.500,-49.089,19.100,15.289,24.465,0.818,0.044,0.819,
18:10:41.346,19.532,26.000,-39.000,8.906,-49.200,17.094,10.200,19.906,-0.441,0.453,0.632,
18:10:41.364,19.550,26.000,-39.000,8.358,-49.296,17.642,10.296,20.427,-1.036,0.447,1.129,
18:10:41.372,19.558,26.000,-39.000,8.122,-49.336,17.878,10.336,20.651,-1.254,0.338,1.298,
18:10:41.390,19.576,26.000,-39.000,7.580,-49.422,18.420,10.422,21.164,-1.230,0.054,1.231,
18:10:41.399,19.584,26.000,-39.000,7.318,-49.462,18.682,10.462,21.412,-1.092,-0.210,1.112,
18:10:41.416,19.601,26.000,-39.000,6.805,-49.535,19.195,10.535,21.896,-0.814,-0.574,0.996,
18:10:41.434,19.620,26.000,-39.000,6.237,-49.609,19.763,10.609,22.431,-0.395,-0.996,1.071,
18:10:41.445,19.630,26.000,-39.000,5.923,-49.648,20.077,10.648,22.726,-0.058,-1.292,1.293,
18:10:41.464,19.650,26.000,-39.000,5.327,-49.715,20.673,10.715,23.285,0.337,-1.612,1.646,
18:10:41.473,19.658,26.000,-39.000,5.070,-49.742,20.930,10.742,23.526,0.588,-1.797,1.890,
18:10:41.489,19.674,26.000,-39.000,4.575,-49.790,21.425,10.790,23.989,0.841,-1.971,2.143,
18:10:41.508,19.693,26.000,-39.000,3.998,-49.840,22.002,10.840,24.527,1.053,-2.101,2.350,
18:10:41.526,19.712,23.400,-39.000,3.421,-49.883,19.979,10.883,22.751,1.188,-1.405,1.840,
18:10:41.547,19.733,23.400,-39.000,2.784,-49.922,20.616,10.922,23.331,1.248,-1.012,1.606,
18:10:41.565,19.750,23.400,-39.000,2.242,-49.950,21.158,10.950,23.824,1.244,-0.859,1.512,
18:10:41.573,19.759,23.400,-39.000,1.989,-49.960,21.411,10.960,24.053,1.227,-0.834,1.484,
18:10:41.592,19.777,23.400,-41.600,1.410,-49.980,21.990,8.380,23.533,0.444,-0.879,0.985,
18:10:41.601,19.786,23.400,-41.600,1.144,-49.987,22.256,8.387,23.784,0.013,-0.986,0.986,
18:10:41.618,19.803,23.400,-41.600,0.611,-49.996,22.789,8.396,24.287,-0.281,-1.135,1.169,
18:10:41.637,19.823,23.400,-41.600,0.009,-50.000,23.391,8.400,24.854,-0.400,-1.351,1.409,
18:10:41.658,19.844,20.800,-41.600,-0.630,-49.996,21.430,8.396,23.016,-0.349,-0.805,0.877,
18:10:41.676,19.862,20.800,-41.600,-1.200,-49.986,22.000,8.386,23.544,-0.195,-0.624,0.654,
18:10:41.694,19.880,20.800,-41.600,-1.739,-49.970,22.539,8.370,24.042,-0.005,-0.660,0.660,
18:10:41.702,19.888,20.800,-41.600,-1.988,-49.960,22.788,8.360,24.273,0.142,-0.751,0.764,
18:10:41.719,19.904,20.800,-41.600,-2.489,-49.938,23.289,8.338,24.736,0.295,-0.908,0.955,
18:10:41.736,19.921,20.800,-41.600,-3.006,-49.910,23.806,8.310,25.214,0.450,-1.142,1.228,
18:10:41.744,19.929,20.800,-41.600,-3.251,-49.894,24.051,8.294,25.441,0.556,-1.337,1.448,
18:10:41.761,19.946,20.800,-41.600,-3.773,-49.857,24.573,8.257,25.923,0.652,-1.555,1.686,
18:10:41.769,19.955,20.800,-41.600,-4.020,-49.838,24.820,8.238,26.151,0.714,-1.727,1.869,
18:10:41.785,19.971,18.200,-41.600,-4.513,-49.796,22.713,8.196,24.146,0.760,-1.207,1.427,
18:10:41.794,19.979,18.200,-41.600,-4.768,-49.772,22.968,8.172,24.378,0.788,-0.936,1.224,
18:10:41.812,19.997,18.200,-41.600,-5.324,-49.716,23.524,8.116,24.885,0.791,-0.821,1.140,
18:10:41.820,20.006,18.200,-41.600,-5.578,-49.688,23.778,8.088,25.116,0.793,-0.826,1.145,
18:10:41.837,20.023,18.200,-41.600,-6.096,-49.627,24.296,8.027,25.588,0.768,-0.917,1.196,
18:10:41.857,20.043,18.200,-41.600,-6.706,-49.548,24.906,7.948,26.144,0.725,-1.134,1.346,
18:10:41.875,20.060,18.200,-41.600,-7.248,-49.472,25.448,7.872,26.638,0.682,-1.400,1.558,
18:10:41.883,20.068,18.200,-41.600,-7.482,-49.437,25.682,7.837,26.852,0.667,-1.597,1.731,
18:10:41.899,20.084,18.200,-41.600,-7.967,-49.361,26.167,7.761,27.293,0.626,-1.790,1.896,
18:10:41.915,20.101,15.600,-41.600,-8.465,-49.278,24.065,7.678,25.260,0.590,-1.262,1.393,
18:10:41.923,20.108,15.600,-41.600,-8.697,-49.238,24.297,7.638,25.469,0.582,-1.014,1.169,
18:10:41.939,20.125,15.600,-41.600,-9.198,-49.147,24.798,7.547,25.921,0.549,-0.911,1.064,
18:10:41.957,20.142,15.600,-41.600,-9.724,-49.045,25.324,7.445,26.395,0.523,-0.967,1.099,
18:10:41.977,20.163,15.600,-44.200,-10.346,-48.918,25.946,4.718,26.372,-0.277,-1.161,1.194,
18:10:41.995,20.180,15.600,-44.200,-10.866,-48.805,26.466,4.605,26.864,-0.689,-1.408,1.568,
18:10:42.002,20.187,15.600,-44.200,-11.077,-48.758,26.677,4.558,27.064,-0.846,-1.592,1.803,
18:10:42.017,20.203,15.600,-44.200,-11.530,-48.653,27.130,4.453,27.492,-0.906,-1.773,1.991,
18:10:42.033,20.219,13.000,-44.200,-12.010,-48.536,25.010,4.336,25.383,-0.852,-1.257,1.519,
18:10:42.041,20.227,13.000,-44.200,-12.250,-48.476,25.250,4.276,25.609,-0.749,-1.014,1.260,
18:10:42.058,20.244,13.000,-44.200,-12.763,-48.344,25.763,4.144,26.094,-0.593,-0.925,1.099,
18:10:42.077,20.262,13.000,-44.200,-13.309,-48.196,26.309,3.996,26.610,-0.367,-1.003,1.069,
18:10:42.094,20.279,10.400,-44.200,-13.814,-48.054,24.214,3.854,24.518,-0.137,-0.442,0.463,
18:10:42.102,20.287,10.400,-44.200,-14.046,-47.987,24.446,3.787,24.738,0.015,-0.236,0.237,
18:10:42.118,20.303,10.400,-44.200,-14.515,-47.847,24.915,3.647,25.181,0.162,-0.224,0.276,
18:10:42.135,20.320,10.400,-44.200,-15.018,-47.691,25.418,3.491,25.656,0.292,-0.414,0.506,
18:10:42.143,20.329,10.400,-44.200,-15.263,-47.613,25.663,3.413,25.889,0.364,-0.635,0.731,
18:10:42.159,20.344,10.400,-44.200,-15.718,-47.465,26.118,3.265,26.321,0.417,-0.925,1.015,
18:10:42.177,20.363,10.400,-44.200,-16.258,-47.283,26.658,3.083,26.836,0.439,-1.305,1.377,
18:10:42.198,20.384,10.400,-44.200,-16.865,-47.070,27.265,2.870,27.416,0.423,-1.723,1.774,
18:10:42.215,20.401,5.200,-44.200,-17.363,-46.888,22.563,2.688,22.723,0.385,-0.546,0.668,
18:10:42.233,20.419,5.200,-44.200,-17.886,-46.691,23.086,2.491,23.220,0.331,-0.007,0.331,
18:10:42.242,20.427,5.200,-44.200,-18.117,-46.602,23.317,2.402,23.441,0.298,0.172,0.344,
18:10:42.258,20.443,5.200,-44.200,-18.574,-46.422,23.774,2.222,23.878,0.246,0.138,0.282,
18:10:42.276,20.461,5.200,-44.200,-19.079,-46.217,24.279,2.017,24.362,0.188,-0.124,0.225,
18:10:42.294,20.480,5.200,-44.200,-19.614,-45.992,24.814,1.792,24.879,0.132,-0.552,0.567,
18:10:42.303,20.488,5.200,-44.200,-19.845,-45.893,25.045,1.693,25.102,0.108,-0.883,0.889,
18:10:42.320,20.506,5.200,-44.200,-20.334,-45.679,25.534,1.479,25.576,0.067,-1.267,1.269,
18:10:42.337,20.523,5.200,-46.800,-20.821,-45.458,26.021,-1.342,26.056,-0.707,-1.659,1.804,
18:10:42.354,20.540,5.200,-46.800,-21.301,-45.236,26.501,-1.564,26.547,-1.153,-2.000,2.308,
18:10:42.363,20.549,5.200,-46.800,-21.538,-45.123,26.738,-1.677,26.791,-1.344,-2.211,2.587,
18:10:42.381,20.567,5.200,-46.800,-22.031,-44.885,27.231,-1.915,27.298,-1.409,-2.398,2.781,
18:10:42.390,20.576,5.200,-46.800,-22.275,-44.764,27.475,-2.036,27.551,-1.371,-2.511,2.861,
18:10:42.407,20.592,2.600,-44.200,-22.739,-44.530,25.339,0.330,25.341,-0.548,-1.884,1.962,
18:10:42.426,20.611,2.600,-44.200,-23.248,-44.266,25.848,0.066,25.848,0.102,-1.477,1.480,
18:10:42.435,20.621,2.600,-44.200,-23.503,-44.132,26.103,-0.068,26.103,0.472,-1.298,1.381,
18:10:42.452,20.638,2.600,-44.200,-23.966,-43.882,26.566,-0.318,26.568,0.723,-1.217,1.416,
18:10:42.462,20.647,-0.000,-44.200,-24.214,-43.745,24.214,-0.455,24.219,0.826,-0.596,1.018,
18:10:42.478,20.664,-0.000,-44.200,-24.655,-43.499,24.655,-0.701,24.665,0.851,-0.231,0.882,
18:10:42.496,20.681,-0.000,-44.200,-25.123,-43.230,25.123,-0.970,25.142,0.765,-0.170,0.784,
18:10:42.515,20.701,0.000,-49.400,-25.639,-42.926,25.639,-6.474,26.444,-0.943,-0.356,1.008,
18:10:42.523,20.709,0.000,-49.400,-25.848,-42.801,25.848,-6.599,26.677,-1.831,-0.580,1.921,
18:10:42.541,20.727,0.000,-49.400,-26.317,-42.514,26.317,-6.886,27.203,-2.410,-0.879,2.565,
18:10:42.549,20.735,0.000,-49.400,-26.534,-42.379,26.534,-7.021,27.447,-2.659,-1.152,2.898,
18:10:42.567,20.752,0.000,-49.400,-26.979,-42.097,26.979,-7.303,27.950,-2.734,-1.469,3.103,
18:10:42.586,20.771,-2.600,-46.800,-27.471,-41.778,24.871,-5.022,25.373,-1.792,-1.063,2.083,
18:10:42.594,20.779,-2.600,-46.800,-27.675,-41.643,25.075,-5.157,25.599,-1.188,-0.911,1.497,
18:10:42.611,20.797,-2.600,-46.800,-28.119,-41.344,25.519,-5.456,26.096,-0.651,-0.914,1.122,
18:10:42.619,20.805,-2.600,-46.800,-28.323,-41.204,25.723,-5.596,26.325,-0.322,-0.989,1.040,
18:10:42.636,20.822,-2.600,-46.800,-28.746,-40.911,26.146,-5.889,26.801,-0.024,-1.139,1.139,
18:10:42.654,20.839,-5.200,-46.800,-29.189,-40.595,23.989,-6.205,24.779,0.154,-0.637,0.655,
18:10:42.662,20.848,-5.200,-46.800,-29.392,-40.449,24.192,-6.351,25.012,0.199,-0.444,0.487,
18:10:42.678,20.864,-5.200,-46.800,-29.792,-40.155,24.592,-6.645,25.474,0.203,-0.429,0.475,
18:10:42.696,20.881,-5.200,-46.800,-30.224,-39.831,25.024,-6.969,25.976,0.121,-0.596,0.608,
18:10:42.715,20.900,-5.200,-46.800,-30.685,-39.477,25.485,-7.323,26.516,-0.027,-0.897,0.898,
18:10:42.723,20.908,-5.200,-46.800,-30.878,-39.326,25.678,-7.474,26.744,-0.149,-1.145,1.155,
18:10:42.739,20.925,-5.200,-46.800,-31.282,-39.006,26.082,-7.794,27.221,-0.292,-1.421,1.450,
18:10:42.758,20.943,-5.200,-46.800,-31.716,-38.654,26.516,-8.146,27.739,-0.451,-1.723,1.781,
18:10:42.774,20.959,-7.800,-46.800,-32.098,-38.337,24.298,-8.463,25.729,-0.592,-1.248,1.381,
18:10:42.782,20.968,-7.800,-46.800,-32.301,-38.166,24.501,-8.634,25.978,-0.682,-1.036,1.240,
18:10:42.798,20.984,-7.800,-46.800,-32.673,-37.848,24.873,-8.952,26.434,-0.771,-0.968,1.237,
18:10:42.816,21.002,-7.800,-46.800,-33.084,-37.490,25.284,-9.310,26.944,-0.851,-1.042,1.345,
18:10:42.835,21.020,-7.800,-44.200,-33.501,-37.117,25.701,-7.083,26.659,-0.154,-1.219,1.228,
18:10:42.842,21.028,-7.800,-44.200,-33.664,-36.969,25.864,-7.231,26.856,0.195,-1.378,1.391,
18:10:42.858,21.044,-7.800,-44.200,-34.030,-36.633,26.230,-7.567,27.300,0.382,-1.550,1.596,
18:10:42.874,21.060,-7.800,-44.200,-34.383,-36.302,26.583,-7.898,27.731,0.419,-1.744,1.794,
18:10:42.882,21.067,-7.800,-44.200,-34.557,-36.136,26.757,-8.064,27.945,0.389,-1.899,1.939,
18:10:42.898,21.083,-13.000,-46.800,-34.904,-35.801,21.904,-10.999,24.511,-0.402,-0.667,0.779,
18:10:42.914,21.100,-13.000,-46.800,-35.269,-35.442,22.269,-11.358,24.998,-1.028,0.078,1.031,
18:10:42.923,21.108,-13.000,-46.800,-35.452,-35.258,22.452,-11.542,25.245,-1.403,0.399,1.459,
18:10:42.939,21.125,-13.000,-46.800,-35.803,-34.902,22.803,-11.898,25.720,-1.680,0.478,1.746,
18:10:42.959,21.145,-13.000,-44.200,-36.236,-34.452,23.236,-9.748,25.198,-1.070,0.244,1.097,
18:10:42.977,21.163,-13.000,-44.200,-36.610,-34.055,23.610,-10.145,25.697,-0.672,-0.176,0.695,
18:10:42.996,21.181,-13.000,-44.200,-36.994,-33.637,23.994,-10.563,26.216,-0.444,-0.672,0.805,
18:10:43.005,21.191,-13.000,-44.200,-37.184,-33.427,24.184,-10.773,26.474,-0.344,-1.037,1.093,
18:10:43.022,21.208,-13.000,-41.600,-37.529,-33.039,24.529,-8.561,25.980,0.401,-1.418,1.474,
18:10:43.031,21.216,-13.000,-41.600,-37.704,-32.839,24.704,-8.761,26.211,0.768,-1.689,1.856,
18:10:43.047,21.232,-13.000,-41.600,-38.029,-32.463,25.029,-9.137,26.644,0.931,-1.960,2.170,
18:10:43.065,21.251,-13.000,-41.600,-38.400,-32.022,25.400,-9.578,27.146,0.856,-2.196,2.357,
18:10:43.083,21.269,-15.600,-41.600,-38.742,-31.608,23.142,-9.992,25.207,0.607,-1.600,1.711,
18:10:43.091,21.277,-15.600,-41.600,-38.897,-31.417,23.297,-10.183,25.425,0.387,-1.304,1.360,
18:10:43.107,21.293,-15.600,-41.600,-39.202,-31.036,23.602,-10.564,25.858,0.099,-1.132,1.136,
18:10:43.125,21.310,-15.600,-41.600,-39.539,-30.605,23.939,-10.995,26.344,-0.247,-1.086,1.114,
18:10:43.133,21.318,-15.600,-41.600,-39.687,-30.412,24.087,-11.188,26.559,-0.478,-1.127,1.224,
18:10:43.148,21.334,-18.200,-39.000,-39.980,-30.027,21.780,-8.973,23.556,-0.040,-0.511,0.512,
18:10:43.166,21.351,-18.200,-39.000,-40.294,-29.604,22.094,-9.396,24.009,0.162,-0.213,0.268,
18:10:43.183,21.369,-18.200,-39.000,-40.616,-29.161,22.416,-9.839,24.480,0.164,-0.191,0.251,
18:10:43.191,21.377,-18.200,-39.000,-40.753,-28.968,22.553,-10.032,24.684,0.125,-0.282,0.308,
18:10:43.209,21.394,-20.800,-39.000,-41.064,-28.526,20.264,-10.474,22.811,-0.025,0.241,0.242,
18:10:43.225,21.411,-20.800,-39.000,-41.352,-28.107,20.552,-10.893,23.261,-0.235,0.378,0.445,
18:10:43.244,21.429,-20.800,-39.000,-41.664,-27.642,20.864,-11.358,23.755,-0.480,0.226,0.531,
18:10:43.252,21.438,-20.800,-39.000,-41.801,-27.434,21.001,-11.566,23.975,-0.640,0.026,0.640,
18:10:43.270,21.456,-23.400,-39.000,-42.111,-26.956,18.711,-12.044,22.252,-0.838,0.419,0.937,
18:10:43.279,21.465,-23.400,-39.000,-42.250,-26.738,18.850,-12.262,22.487,-0.961,0.519,1.092,
18:10:43.296,21.482,-23.400,-39.000,-42.534,-26.284,19.134,-12.716,22.975,-1.099,0.384,1.165,
18:10:43.317,21.503,-23.400,-39.000,-42.870,-25.733,19.470,-13.267,23.560,-1.222,0.005,1.222,
18:10:43.334,21.520,-23.400,-39.000,-43.135,-25.286,19.735,-13.714,24.032,-1.297,-0.432,1.367,
18:10:43.343,21.529,-23.400,-39.000,-43.271,-25.052,19.871,-13.948,24.278,-1.334,-0.747,1.529,
18:10:43.361,21.547,-23.400,-39.000,-43.545,-24.572,20.145,-14.428,24.779,-1.360,-1.107,1.754,
18:10:43.370,21.556,-23.400,-39.000,-43.678,-24.336,20.278,-14.664,25.025,-1.372,-1.356,1.929,
18:10:43.387,21.573,-23.400,-39.000,-43.933,-23.873,20.533,-15.127,25.503,-1.373,-1.615,2.120,
18:10:43.407,21.592,-23.400,-36.400,-44.214,-23.348,20.814,-13.052,24.568,-0.609,-1.835,1.933,
18:10:43.426,21.612,-23.400,-36.400,-44.488,-22.822,21.088,-13.578,25.081,-0.184,-1.979,1.988,
18:10:43.444,21.629,-23.400,-36.400,-44.732,-22.340,21.332,-14.060,25.549,-0.030,-2.050,2.050,
18:10:43.453,21.639,-23.400,-36.400,-44.855,-22.091,21.455,-14.309,25.789,-0.017,-2.080,2.080,
18:10:43.473,21.659,-26.000,-39.000,-45.118,-21.548,19.118,-17.452,25.886,-0.846,-1.321,1.569,
18:10:43.482,21.667,-26.000,-39.000,-45.233,-21.306,19.233,-17.694,26.134,-1.375,-0.921,1.655,
18:10:43.499,21.684,-26.000,-39.000,-45.456,-20.828,19.456,-18.172,26.622,-1.786,-0.652,1.901,
18:10:43.516,21.701,-26.000,-39.000,-45.671,-20.350,19.671,-18.650,27.107,-2.076,-0.548,2.147,
18:10:43.537,21.722,-28.600,-36.400,-45.930,-19.760,17.330,-16.640,24.026,-1.455,0.188,1.467,
18:10:43.556,21.742,-28.600,-36.400,-46.161,-19.214,17.561,-17.186,24.571,-1.090,0.432,1.172,
18:10:43.574,21.760,-28.600,-36.400,-46.373,-18.696,17.773,-17.704,25.086,-0.912,0.367,0.983,
18:10:43.582,21.768,-28.600,-36.400,-46.464,-18.469,17.864,-17.931,25.311,-0.853,0.223,0.881,
18:10:43.599,21.785,-28.600,-36.400,-46.654,-17.984,18.054,-18.416,25.789,-0.843,-0.009,0.843,
18:10:43.616,21.802,-28.600,-36.400,-46.837,-17.502,18.237,-18.898,26.262,-0.914,-0.341,0.975,
18:10:43.634,21.820,-28.600,-36.400,-47.030,-16.976,18.430,-19.424,26.776,-1.044,-0.716,1.266,
18:10:43.642,21.828,-28.600,-36.400,-47.113,-16.745,18.513,-19.655,27.000,-1.164,-0.977,1.519,
18:10:43.658,21.843,-31.200,-36.400,-47.268,-16.301,16.068,-20.099,25.732,-1.285,-0.535,1.392,
18:10:43.674,21.860,-31.200,-36.400,-47.434,-15.811,16.234,-20.589,26.220,-1.424,-0.327,1.461,
18:10:43.683,21.868,-31.200,-36.400,-47.511,-15.579,16.311,-20.821,26.449,-1.536,-0.266,1.559,
18:10:43.698,21.884,-31.200,-36.400,-47.660,-15.116,16.460,-21.284,26.906,-1.640,-0.314,1.670,
18:10:43.715,21.901,-31.200,-33.800,-47.813,-14.627,16.613,-19.173,25.369,-1.017,-0.451,1.113,
18:10:43.733,21.919,-31.200,-33.800,-47.976,-14.082,16.776,-19.718,25.889,-0.677,-0.655,0.942,
18:10:43.742,21.927,-31.200,-33.800,-48.046,-13.840,16.846,-19.960,26.119,-0.555,-0.819,0.989,
18:10:43.758,21.944,-31.200,-33.800,-48.185,-13.349,16.985,-20.451,26.585,-0.544,-0.991,1.131,
18:10:43.775,21.961,-33.800,-31.200,-48.322,-12.844,14.522,-18.356,23.406,0.066,-0.435,0.440,
18:10:43.784,21.970,-33.800,-31.200,-48.389,-12.590,14.589,-18.610,23.647,0.312,-0.168,0.354,
18:10:43.800,21.985,-33.800,-31.200,-48.509,-12.121,14.709,-19.079,24.091,0.343,-0.051,0.347,
18:10:43.816,22.002,-33.800,-31.200,-48.631,-11.621,14.831,-19.579,24.562,0.163,-0.080,0.182,
18:10:43.836,22.022,-33.800,-31.200,-48.770,-11.024,14.970,-20.176,25.123,-0.207,-0.239,0.316,
18:10:43.854,22.040,-33.800,-31.200,-48.889,-10.483,15.089,-20.717,25.629,-0.642,-0.463,0.791,
18:10:43.862,22.048,-33.800,-31.200,-48.939,-10.244,15.139,-20.956,25.853,-0.940,-0.634,1.134,
18:10:43.879,22.064,-33.800,-31.200,-49.040,-9.750,15.240,-21.450,26.313,-1.265,-0.812,1.503,
18:10:43.896,22.081,-33.800,-28.600,-49.139,-9.240,15.339,-19.360,24.700,-0.850,-0.994,1.308,
18:10:43.914,22.100,-33.800,-28.600,-49.242,-8.671,15.442,-19.929,25.212,-0.699,-1.159,1.354,
18:10:43.923,22.109,-33.800,-28.600,-49.287,-8.416,15.487,-20.184,25.441,-0.672,-1.265,1.433,
18:10:43.941,22.126,-33.800,-28.600,-49.375,-7.882,15.575,-20.718,25.920,-0.764,-1.343,1.545,
18:10:43.950,22.135,-36.400,-28.600,-49.417,-7.615,13.017,-20.985,24.694,-0.881,-0.749,1.157,
18:10:43.966,22.151,-36.400,-28.600,-49.491,-7.119,13.091,-21.481,25.156,-1.057,-0.330,1.107,
18:10:43.974,22.160,-36.400,-28.600,-49.525,-6.872,13.125,-21.728,25.385,-1.213,-0.123,1.219,
18:10:43.991,22.177,-36.400,-28.600,-49.595,-6.348,13.195,-22.252,25.871,-1.407,-0.016,1.407,
18:10:43.999,22.184,-36.400,-28.600,-49.623,-6.127,13.223,-22.473,26.075,-1.555,-0.023,1.556,
18:10:44.014,22.199,-36.400,-26.000,-49.678,-5.661,13.278,-20.339,24.289,-1.031,-0.080,1.034,
18:10:44.022,22.208,-36.400,-26.000,-49.707,-5.410,13.307,-20.590,24.516,-0.746,-0.183,0.768,
18:10:44.039,22.225,-36.400,-26.000,-49.761,-4.882,13.361,-21.118,24.990,-0.616,-0.328,0.698,
18:10:44.057,22.242,-36.400,-26.000,-49.809,-4.363,13.409,-21.637,25.455,-0.651,-0.522,0.835,
18:10:44.075,22.260,-39.000,-26.000,-49.855,-3.805,10.855,-22.195,24.707,-0.813,0.026,0.814,
18:10:44.082,22.268,-39.000,-26.000,-49.872,-3.572,10.872,-22.428,24.924,-0.970,0.264,1.006,
18:10:44.099,22.284,-39.000,-26.000,-49.905,-3.076,10.905,-22.924,25.386,-1.164,0.350,1.216,
18:10:44.115,22.301,-39.000,-26.000,-49.934,-2.574,10.934,-23.426,25.852,-1.394,0.293,1.424,
18:10:44.123,22.308,-39.000,-26.000,-49.945,-2.341,10.945,-23.659,26.068,-1.568,0.198,1.581,
18:10:44.139,22.325,-41.600,-23.400,-49.966,-1.842,8.366,-21.558,23.124,-1.061,0.738,1.292,
18:10:44.156,22.341,-41.600,-23.400,-49.983,-1.322,8.383,-22.078,23.616,-0.802,0.964,1.254,
18:10:44.173,22.359,-41.600,-23.400,-49.994,-0.789,8.394,-22.611,24.119,-0.755,0.932,1.200,
18:10:44.181,22.367,-41.600,-23.400,-49.997,-0.536,8.397,-22.864,24.357,-0.796,0.827,1.148,
18:10:44.197,22.383,-39.000,-20.800,-50.000,-0.050,11.000,-20.750,23.485,-0.220,-0.067,0.230,
18:10:44.215,22.400,-39.000,-20.800,-49.998,0.490,10.998,-21.290,23.963,0.009,-0.804,0.804,
18:10:44.223,22.408,-39.000,-20.800,-49.995,0.735,10.995,-21.535,24.179,0.032,-1.236,1.237,
18:10:44.240,22.425,-39.000,-20.800,-49.984,1.254,10.984,-22.054,24.638,-0.107,-1.571,1.575,
18:10:44.256,22.442,-39.000,-18.200,-49.969,1.755,10.969,-19.955,22.771,0.327,-1.754,1.784,
18:10:44.275,22.461,-39.000,-18.200,-49.945,2.341,10.945,-20.541,23.275,0.357,-1.792,1.827,
18:10:44.283,22.469,-39.000,-18.200,-49.932,2.597,10.932,-20.797,23.496,0.246,-1.761,1.779,
18:10:44.299,22.485,-39.000,-18.200,-49.905,3.074,10.905,-21.274,23.906,-0.011,-1.664,1.664,
18:10:44.315,22.501,-41.600,-20.800,-49.872,3.571,8.272,-24.371,25.736,-1.107,-0.792,1.361,
18:10:44.324,22.509,-41.600,-20.800,-49.853,3.832,8.253,-24.632,25.978,-1.810,-0.280,1.832,
18:10:44.340,22.526,-41.600,-20.800,-49.813,4.325,8.213,-25.125,26.433,-2.404,0.112,2.407,
18:10:44.348,22.534,-41.600,-20.800,-49.790,4.582,8.190,-25.382,26.671,-2.767,0.304,2.784,
18:10:44.365,22.551,-41.600,-20.800,-49.741,5.087,8.141,-25.887,27.137,-3.057,0.432,3.087,
18:10:44.373,22.559,-41.600,-18.200,-49.714,5.342,8.114,-23.542,24.901,-2.552,0.430,2.588,
18:10:44.391,22.576,-41.600,-18.200,-49.654,5.872,8.054,-24.072,25.383,-2.148,0.377,2.180,
18:10:44.399,22.585,-41.600,-18.200,-49.623,6.125,8.023,-24.325,25.614,-1.893,0.266,1.912,
18:10:44.416,22.601,-41.600,-18.200,-49.558,6.635,7.958,-24.835,26.079,-1.700,0.123,1.704,
18:10:44.434,22.619,-41.600,-15.600,-49.481,7.185,7.881,-22.785,24.110,-0.854,-0.070,0.856,
18:10:44.442,22.628,-41.600,-15.600,-49.445,7.428,7.845,-23.028,24.328,-0.455,-0.222,0.506,
18:10:44.457,22.643,-41.600,-15.600,-49.373,7.893,7.773,-23.493,24.745,-0.244,-0.364,0.438,
18:10:44.475,22.661,-41.600,-15.600,-49.282,8.445,7.682,-24.045,25.242,-0.262,-0.503,0.567,
18:10:44.484,22.669,-41.600,-15.600,-49.238,8.694,7.638,-24.294,25.466,-0.396,-0.594,0.714,
18:10:44.500,22.686,-44.200,-18.200,-49.148,9.192,4.948,-27.392,27.836,-1.315,0.033,1.315,
18:10:44.509,22.695,-44.200,-18.200,-49.098,9.452,4.898,-27.652,28.083,-1.952,0.388,1.990,
18:10:44.525,22.711,-44.200,-18.200,-49.001,9.943,4.801,-28.143,28.550,-2.478,0.601,2.549,
18:10:44.534,22.720,-44.200,-18.200,-48.946,10.211,4.746,-28.411,28.805,-2.824,0.680,2.905,
18:10:44.550,22.736,-44.200,-18.200,-48.844,10.689,4.644,-28.889,29.259,-3.080,0.676,3.154,
18:10:44.559,22.745,-44.200,-15.600,-48.786,10.950,4.586,-26.550,26.943,-2.580,0.608,2.650,
18:10:44.576,22.761,-44.200,-15.600,-48.671,11.452,4.471,-27.052,27.419,-2.180,0.481,2.232,
18:10:44.596,22.782,-44.200,-15.600,-48.524,12.060,4.324,-27.660,27.996,-1.891,0.276,1.911,
18:10:44.614,22.800,-44.200,-13.000,-48.387,12.596,4.187,-25.596,25.937,-0.980,0.063,0.982,
18:10:44.622,22.808,-44.200,-13.000,-48.323,12.842,4.123,-25.842,26.169,-0.575,-0.075,0.580,
18:10:44.640,22.826,-44.200,-13.000,-48.177,13.378,3.977,-26.378,26.676,-0.366,-0.216,0.425,
18:10:44.650,22.836,-44.200,-13.000,-48.097,13.661,3.897,-26.661,26.945,-0.377,-0.306,0.486,
18:10:44.666,22.852,-44.200,-13.000,-47.960,14.137,3.760,-27.137,27.396,-0.499,-0.384,0.630,
18:10:44.683,22.869,-46.800,-13.000,-47.806,14.649,1.006,-27.649,27.667,-0.780,0.303,0.837,
18:10:44.692,22.877,-46.800,-13.000,-47.733,14.885,0.933,-27.885,27.901,-1.052,0.675,1.250,
18:10:44.708,22.894,-46.800,-13.000,-47.578,15.372,0.778,-28.372,28.382,-1.359,0.897,1.628,
18:10:44.726,22.911,-46.800,-13.000,-47.410,15.884,0.610,-28.884,28.891,-1.710,0.969,1.966,
18:10:44.733,22.919,-46.800,-13.000,-47.337,16.101,0.537,-29.101,29.106,-1.962,0.955,2.182,
18:10:44.750,22.935,-44.200,-7.800,-47.173,16.575,2.973,-24.375,24.556,-0.814,0.182,0.834,
18:10:44.759,22.945,-44.200,-7.800,-47.079,16.839,2.879,-24.639,24.806,-0.188,-0.326,0.376,
18:10:44.777,22.962,-44.200,-7.800,-46.893,17.351,2.693,-25.151,25.294,0.119,-0.718,0.728,
18:10:44.796,22.981,-44.200,-7.800,-46.685,17.903,2.485,-25.703,25.823,0.082,-0.959,0.962,
18:10:44.814,23.000,-46.800,-7.800,-46.480,18.428,-0.320,-26.228,26.230,-0.209,-0.271,0.342,
18:10:44.822,23.008,-46.800,-7.800,-46.390,18.653,-0.410,-26.453,26.456,-0.489,0.113,0.502,
18:10:44.839,23.024,-46.800,-7.800,-46.199,19.123,-0.601,-26.923,26.929,-0.844,0.391,0.930,
18:10:44.855,23.041,-46.800,-7.800,-46.000,19.597,-0.800,-27.397,27.409,-1.265,0.574,1.389,
18:10:44.875,23.061,-44.200,-5.200,-45.758,20.154,1.558,-25.354,25.402,-0.951,-0.103,0.957,
18:10:44.884,23.070,-44.200,-5.200,-45.651,20.396,1.451,-25.596,25.637,-0.865,-0.474,0.986,
18:10:44.900,23.086,-44.200,-5.200,-45.443,20.854,1.243,-26.054,26.084,-0.936,-0.694,1.165,
18:10:44.908,23.094,-44.200,-5.200,-45.339,21.080,1.139,-26.280,26.304,-1.047,-0.804,1.320,
18:10:44.927,23.113,-44.200,-5.200,-45.094,21.598,0.894,-26.798,26.813,-1.257,-0.826,1.504,
18:10:44.946,23.131,-46.800,-2.600,-44.841,22.120,-1.959,-24.720,24.797,-0.787,0.017,0.788,
18:10:44.964,23.149,-46.800,-2.600,-44.596,22.609,-2.204,-25.209,25.305,-0.659,0.581,0.878,
18:10:44.972,23.157,-46.800,-2.600,-44.486,22.825,-2.314,-25.425,25.530,-0.677,0.864,1.098,
18:10:44.987,23.173,-46.800,-2.600,-44.266,23.250,-2.534,-25.850,25.974,-0.801,1.055,1.325,
18:10:45.004,23.190,-46.800,-0.000,-44.022,23.708,-2.778,-23.708,23.871,-0.316,1.127,1.171,
18:10:45.012,23.197,-46.800,-0.000,-43.910,23.915,-2.890,-23.915,24.089,-0.138,1.121,1.129,
18:10:45.027,23.213,-46.800,-0.000,-43.680,24.333,-3.120,-24.333,24.532,-0.152,1.076,1.087,
18:10:45.045,23.231,-46.800,-0.000,-43.409,24.812,-3.391,-24.812,25.043,-0.378,0.965,1.036,
18:10:45.054,23.240,-46.800,-0.000,-43.278,25.041,-3.522,-25.041,25.288,-0.620,0.857,1.057,
18:10:45.070,23.255,-44.200,2.600,-43.034,25.458,-1.166,-22.858,22.888,-0.236,0.037,0.239,
18:10:45.086,23.271,-44.200,2.600,-42.779,25.884,-1.421,-23.284,23.327,-0.160,-0.528,0.552,
18:10:45.094,23.279,-44.200,2.600,-42.654,26.089,-1.546,-23.489,23.540,-0.217,-0.824,0.852,
18:10:45.109,23.295,-44.200,2.600,-42.405,26.492,-1.795,-23.892,23.959,-0.413,-0.994,1.076,
18:10:45.125,23.310,-44.200,5.200,-42.152,26.893,-2.048,-21.693,21.789,-0.002,-1.025,1.025,
18:10:45.134,23.319,-44.200,5.200,-42.002,27.126,-2.198,-21.926,22.036,0.134,-0.975,0.984,
18:10:45.151,23.336,-44.200,5.200,-41.719,27.559,-2.481,-22.359,22.496,0.041,-0.841,0.842,
18:10:45.159,23.345,-44.200,5.200,-41.579,27.771,-2.621,-22.571,22.722,-0.122,-0.694,0.705,
18:10:45.177,23.362,-44.200,5.200,-41.274,28.221,-2.926,-23.021,23.206,-0.429,-0.474,0.640,
18:10:45.196,23.381,-44.200,5.200,-40.938,28.707,-3.262,-23.507,23.733,-0.862,-0.202,0.885,
18:10:45.213,23.399,-44.200,5.200,-40.630,29.141,-3.570,-23.941,24.205,-1.289,0.050,1.290,
18:10:45.220,23.406,-44.200,5.200,-40.504,29.317,-3.696,-24.117,24.398,-1.558,0.189,1.569,
18:10:45.236,23.422,-44.200,5.200,-40.208,29.721,-3.992,-24.521,24.844,-1.830,0.351,1.864,
18:10:45.255,23.441,-46.800,7.800,-39.865,30.179,-6.935,-22.379,23.429,-1.350,1.240,1.833,
18:10:45.263,23.449,-46.800,7.800,-39.710,30.383,-7.090,-22.583,23.670,-1.112,1.694,2.027,
18:10:45.281,23.467,-46.800,7.800,-39.377,30.813,-7.423,-23.013,24.180,-1.020,1.979,2.226,
18:10:45.289,23.475,-46.800,7.800,-39.223,31.009,-7.577,-23.209,24.414,-1.017,2.071,2.307,
18:10:45.307,23.492,-46.800,7.800,-38.887,31.429,-7.913,-23.629,24.919,-1.085,2.057,2.325,
18:10:45.324,23.510,-46.800,7.800,-38.551,31.840,-8.249,-24.040,25.416,-1.238,1.898,2.266,
18:10:45.332,23.518,-46.800,7.800,-38.393,32.031,-8.407,-24.231,25.648,-1.383,1.742,2.224,
18:10:45.348,23.534,-46.800,7.800,-38.076,32.407,-8.724,-24.607,26.108,-1.537,1.531,2.170,
18:10:45.364,23.550,-46.800,7.800,-37.751,32.785,-9.049,-24.985,26.574,-1.708,1.295,2.143,
18:10:45.373,23.559,-46.800,7.800,-37.581,32.980,-9.219,-25.180,26.814,-1.846,1.134,2.166,
18:10:45.388,23.574,-44.200,10.400,-37.266,33.335,-6.934,-22.935,23.961,-1.279,0.266,1.306,
18:10:45.404,23.590,-44.200,10.400,-36.939,33.697,-7.261,-23.297,24.402,-0.955,-0.324,1.008,
18:10:45.413,23.598,-44.200,10.400,-36.770,33.881,-7.430,-23.481,24.629,-0.828,-0.616,1.032,
18:10:45.429,23.614,-44.200,10.400,-36.433,34.244,-7.767,-23.844,25.077,-0.804,-0.780,1.121,
18:10:45.446,23.631,-44.200,13.000,-36.077,34.619,-8.123,-21.619,23.094,-0.174,-0.773,0.792,
18:10:45.464,23.649,-44.200,13.000,-35.686,35.022,-8.514,-22.022,23.610,0.063,-0.601,0.604,
18:10:45.474,23.659,-44.200,13.000,-35.478,35.232,-8.722,-22.232,23.882,0.061,-0.404,0.409,
18:10:45.490,23.675,-44.200,13.000,-35.126,35.584,-9.074,-22.584,24.339,-0.087,-0.156,0.178,
18:10:45.498,23.684,-44.200,13.000,-34.941,35.765,-9.259,-22.765,24.576,-0.290,0.051,0.295,
18:10:45.515,23.700,-41.600,15.600,-34.582,36.112,-7.018,-20.512,21.680,0.114,-0.391,0.408,
18:10:45.523,23.709,-41.600,15.600,-34.400,36.285,-7.200,-20.685,21.902,0.249,-0.608,0.657,
18:10:45.539,23.725,-41.600,15.600,-34.032,36.631,-7.568,-21.031,22.351,0.175,-0.636,0.660,
18:10:45.555,23.741,-41.600,15.600,-33.676,36.958,-7.924,-21.358,22.781,-0.079,-0.522,0.528,
18:10:45.563,23.749,-41.600,15.600,-33.496,37.122,-8.104,-21.522,22.997,-0.319,-0.402,0.513,
18:10:45.579,23.764,-44.200,15.600,-33.141,37.439,-11.059,-21.839,24.479,-0.631,0.485,0.796,
18:10:45.596,23.782,-44.200,15.600,-32.737,37.793,-11.463,-22.193,24.979,-1.013,1.200,1.570,
18:10:45.614,23.800,-44.200,15.600,-32.311,38.158,-11.889,-22.558,25.499,-1.402,1.697,2.201,
18:10:45.621,23.807,-44.200,15.600,-32.146,38.296,-12.054,-22.696,25.699,-1.638,1.927,2.530,
18:10:45.638,23.824,-44.200,15.600,-31.741,38.633,-12.459,-23.033,26.187,-1.871,2.084,2.801,
18:10:45.655,23.840,-44.200,15.600,-31.350,38.951,-12.850,-23.351,26.653,-2.054,2.101,2.939,
18:10:45.664,23.850,-44.200,15.600,-31.129,39.128,-13.071,-23.528,26.914,-2.168,2.056,2.988,
18:10:45.680,23.866,-44.200,15.600,-30.743,39.432,-13.457,-23.832,27.369,-2.244,1.956,2.977,
18:10:45.689,23.874,-44.200,15.600,-30.539,39.590,-13.661,-23.990,27.607,-2.286,1.852,2.942,
18:10:45.705,23.891,-41.600,15.600,-30.128,39.904,-11.472,-24.304,26.876,-2.286,1.002,2.496,
18:10:45.724,23.909,-41.600,15.600,-29.679,40.238,-11.921,-24.638,27.371,-2.254,0.385,2.287,
18:10:45.732,23.917,-41.600,15.600,-29.483,40.383,-12.117,-24.783,27.586,-2.245,0.082,2.247,
18:10:45.747,23.933,-41.600,15.600,-29.101,40.658,-12.499,-25.058,28.003,-2.193,-0.104,2.196,
18:10:45.764,23.950,-41.600,20.800,-28.662,40.969,-12.938,-20.169,23.962,-0.674,-0.129,0.686,
18:10:45.773,23.959,-41.600,20.800,-28.438,41.125,-13.162,-20.325,24.215,0.131,-0.062,0.145,
18:10:45.791,23.976,-41.600,20.800,-28.001,41.424,-13.599,-20.624,24.704,0.623,0.076,0.628,
18:10:45.799,23.985,-41.600,20.800,-27.785,41.569,-13.815,-20.769,24.944,0.772,0.237,0.808,
18:10:45.816,24.002,-41.600,20.800,-27.356,41.852,-14.244,-21.052,25.418,0.747,0.444,0.869,
18:10:45.835,24.021,-39.000,20.800,-26.864,42.170,-12.136,-21.370,24.576,0.436,-0.043,0.438,
18:10:45.843,24.029,-39.000,20.800,-26.655,42.302,-12.345,-21.502,24.794,0.105,-0.245,0.267,
18:10:45.859,24.045,-39.000,20.800,-26.239,42.562,-12.761,-21.762,25.227,-0.287,-0.270,0.394,
18:10:45.875,24.061,-39.000,20.800,-25.815,42.820,-13.185,-22.020,25.666,-0.735,-0.149,0.750,
18:10:45.893,24.079,-41.600,23.400,-25.356,43.094,-16.244,-19.694,25.528,-0.452,0.815,0.932,
18:10:45.901,24.087,-41.600,23.400,-25.141,43.219,-16.459,-19.819,25.763,-0.367,1.391,1.438,
18:10:45.917,24.103,-41.600,23.400,-24.708,43.469,-16.892,-20.069,26.232,-0.438,1.847,1.898,
18:10:45.936,24.122,-41.600,23.400,-24.202,43.752,-17.398,-20.352,26.775,-0.644,2.170,2.264,
18:10:45.955,24.141,-39.000,23.400,-23.697,44.028,-15.303,-20.628,25.684,-0.920,1.565,1.815,
18:10:45.963,24.149,-39.000,23.400,-23.467,44.151,-15.533,-20.751,25.921,-1.123,1.226,1.663,
18:10:45.980,24.166,-39.000,23.400,-23.016,44.388,-15.984,-20.988,26.381,-1.336,1.000,1.669,
18:10:45.989,24.174,-39.000,23.400,-22.779,44.510,-16.221,-21.110,26.622,-1.496,0.880,1.736,
18:10:46.008,24.193,-39.000,23.400,-22.263,44.770,-16.737,-21.370,27.145,-1.664,0.811,1.851,
18:10:46.025,24.210,-36.400,23.400,-21.795,45.000,-14.605,-21.600,26.074,-1.800,0.094,1.802,
18:10:46.033,24.219,-36.400,23.400,-21.553,45.116,-14.847,-21.716,26.306,-1.887,-0.236,1.902,
18:10:46.050,24.236,-36.400,23.400,-21.095,45.332,-15.305,-21.932,26.745,-1.938,-0.364,1.972,
18:10:46.059,24.244,-36.400,23.400,-20.857,45.442,-15.543,-22.042,26.971,-1.976,-0.342,2.005,
18:10:46.075,24.261,-36.400,23.400,-20.399,45.649,-16.001,-22.249,27.405,-1.976,-0.201,1.986,
18:10:46.083,24.269,-36.400,26.000,-20.164,45.754,-16.236,-19.754,25.570,-1.352,-0.014,1.352,
18:10:46.100,24.286,-36.400,26.000,-19.697,45.957,-16.703,-19.957,26.024,-0.871,0.259,0.909,
18:10:46.108,24.294,-36.400,26.000,-19.462,46.057,-16.938,-20.057,26.252,-0.636,0.501,0.810,
18:10:46.128,24.313,-36.400,26.000,-18.914,46.284,-17.486,-20.284,26.781,-0.494,0.825,0.962,
18:10:46.145,24.330,-33.800,28.600,-18.431,46.479,-15.369,-17.879,23.577,0.213,0.403,0.455,
18:10:46.153,24.339,-33.800,28.600,-18.187,46.575,-15.613,-17.975,23.809,0.499,0.218,0.545,
18:10:46.171,24.357,-33.800,28.600,-17.668,46.774,-16.132,-18.174,24.301,0.566,0.218,0.606,
18:10:46.180,24.366,-33.800,28.600,-17.422,46.866,-16.378,-18.266,24.533,0.468,0.278,0.544,
18:10:46.196,24.382,-33.800,28.600,-16.962,47.035,-16.838,-18.435,24.967,0.260,0.426,0.499,
18:10:46.214,24.400,-33.800,31.200,-16.436,47.221,-17.364,-16.021,23.626,0.637,0.665,0.921,
18:10:46.222,24.408,-33.800,31.200,-16.202,47.302,-17.598,-16.102,23.853,0.724,0.849,1.116,
18:10:46.242,24.428,-33.800,31.200,-15.625,47.496,-18.175,-16.296,24.411,0.565,1.093,1.230,
18:10:46.250,24.436,-33.800,31.200,-15.385,47.574,-18.415,-16.374,24.642,0.357,1.263,1.313,
18:10:46.267,24.452,-33.800,31.200,-14.900,47.728,-18.900,-16.528,25.108,0.044,1.443,1.444,
18:10:46.285,24.471,-33.800,33.800,-14.367,47.891,-19.433,-14.091,24.004,0.378,1.609,1.653,
18:10:46.294,24.479,-33.800,33.800,-14.108,47.968,-19.692,-14.168,24.259,0.471,1.712,1.775,
18:10:46.310,24.496,-33.800,33.800,-13.616,48.110,-20.184,-14.310,24.742,0.367,1.797,1.834,
18:10:46.319,24.505,-33.800,33.800,-13.366,48.180,-20.434,-14.380,24.987,0.223,1.850,1.864,
18:10:46.335,24.521,-33.800,33.800,-12.893,48.309,-20.907,-14.509,25.449,-0.020,1.886,1.886,
18:10:46.343,24.529,-31.200,33.800,-12.648,48.374,-18.552,-14.574,23.592,-0.236,1.282,1.303,
18:10:46.361,24.547,-31.200,33.800,-12.120,48.509,-19.080,-14.709,24.091,-0.527,0.829,0.983,
18:10:46.370,24.555,-31.200,33.800,-11.867,48.571,-19.333,-14.771,24.330,-0.745,0.610,0.963,
18:10:46.387,24.572,-31.200,33.800,-11.354,48.694,-19.846,-14.894,24.813,-0.987,0.508,1.110,
18:10:46.406,24.591,-28.600,36.400,-10.780,48.824,-17.820,-12.424,21.724,-0.458,-0.182,0.493,
18:10:46.424,24.610,-28.600,36.400,-10.232,48.942,-18.368,-12.542,22.241,-0.201,-0.417,0.463,
18:10:46.433,24.618,-28.600,36.400,-9.979,48.994,-18.621,-12.594,22.480,-0.108,-0.422,0.435,
18:10:46.448,24.634,-28.600,36.400,-9.497,49.090,-19.103,-12.690,22.934,-0.113,-0.271,0.294,
18:10:46.466,24.651,-28.600,36.400,-8.982,49.187,-19.618,-12.787,23.417,-0.212,0.044,0.217,
18:10:46.486,24.671,-28.600,36.400,-8.370,49.294,-20.230,-12.894,23.990,-0.392,0.498,0.633,
18:10:46.494,24.679,-28.600,36.400,-8.135,49.334,-20.465,-12.934,24.209,-0.534,0.813,0.973,
18:10:46.510,24.695,-28.600,36.400,-7.643,49.412,-20.957,-13.012,24.668,-0.683,1.156,1.342,
18:10:46.528,24.713,-28.600,36.400,-7.102,49.493,-21.498,-13.093,25.171,-0.840,1.500,1.719,
18:10:46.546,24.731,-28.600,36.400,-6.551,49.569,-22.049,-13.169,25.683,-0.980,1.795,2.045,
18:10:46.567,24.752,-28.600,36.400,-5.908,49.650,-22.692,-13.250,26.277,-1.092,2.034,2.309,
18:10:46.586,24.772,-28.600,36.400,-5.308,49.717,-23.292,-13.317,26.831,-1.164,2.186,2.477,
18:10:46.605,24.790,-28.600,36.400,-4.747,49.774,-23.853,-13.374,27.346,-1.199,2.266,2.564,
18:10:46.613,24.799,-28.600,36.400,-4.496,49.797,-24.104,-13.397,27.577,-1.220,2.303,2.606,
18:10:46.634,24.819,-28.600,36.400,-3.859,49.851,-24.741,-13.451,28.161,-1.200,2.296,2.590,
18:10:46.642,24.828,-26.000,36.400,-3.611,49.869,-22.389,-13.469,26.129,-1.200,1.647,2.038,
18:10:46.661,24.847,-26.000,36.400,-3.017,49.909,-22.983,-13.509,26.659,-1.159,1.155,1.637,
18:10:46.669,24.855,-26.000,36.400,-2.766,49.923,-23.234,-13.523,26.884,-1.151,0.937,1.484,
18:10:46.686,24.871,-26.000,36.400,-2.268,49.949,-23.732,-13.549,27.327,-1.113,0.822,1.384,
18:10:46.706,24.892,-26.000,36.400,-1.626,49.974,-24.374,-13.574,27.899,-1.065,0.874,1.378,
18:10:46.725,24.910,-26.000,36.400,-1.062,49.989,-24.938,-13.589,28.400,-1.036,1.060,1.482,
18:10:46.733,24.919,-26.000,36.400,-0.812,49.993,-25.188,-13.593,28.622,-1.041,1.236,1.616,
18:10:46.748,24.934,-26.000,36.400,-0.335,49.999,-25.665,-13.599,29.045,-1.016,1.421,1.747,
18:10:46.768,24.953,-26.000,36.400,0.255,49.999,-26.255,-13.599,29.568,-0.993,1.653,1.929,
18:10:46.786,24.972,-26.000,36.400,0.832,49.993,-26.832,-13.593,30.079,-0.983,1.891,2.132,
18:10:46.804,24.989,-26.000,36.400,1.364,49.981,-27.364,-13.581,30.549,-0.983,2.093,2.313,
18:10:46.811,24.997,-26.000,36.400,1.583,49.975,-27.583,-13.575,30.742,-1.007,2.226,2.443,
18:10:46.827,25.013,-23.400,39.000,2.076,49.957,-25.476,-10.957,27.733,-0.306,1.638,1.666,
18:10:46.845,25.031,-23.400,39.000,2.640,49.930,-26.040,-10.930,28.241,0.140,1.288,1.295,
18:10:46.853,25.039,-23.400,39.000,2.880,49.917,-26.280,-10.917,28.457,0.318,1.155,1.198,
18:10:46.870,25.055,-23.400,39.000,3.380,49.886,-26.780,-10.886,28.908,0.394,1.116,1.184,
18:10:46.879,25.064,-23.400,39.000,3.655,49.866,-27.055,-10.866,29.156,0.354,1.175,1.228,
18:10:46.895,25.081,-20.800,39.000,4.163,49.826,-24.963,-10.826,27.209,0.246,0.591,0.640,
18:10:46.914,25.099,-20.800,39.000,4.724,49.776,-25.524,-10.776,27.706,0.038,0.357,0.359,
18:10:46.921,25.107,-20.800,39.000,4.963,49.753,-25.763,-10.753,27.917,-0.143,0.344,0.373,
18:10:46.938,25.123,-20.800,39.000,5.459,49.701,-26.259,-10.701,28.355,-0.334,0.465,0.573,
18:10:46.955,25.141,-18.200,41.600,5.995,49.639,-24.195,-8.039,25.496,0.196,0.017,0.197,
18:10:46.963,25.149,-18.200,41.600,6.243,49.609,-24.443,-8.009,25.722,0.444,-0.109,0.458,
18:10:46.980,25.165,-18.200,41.600,6.738,49.544,-24.938,-7.944,26.173,0.538,-0.018,0.539,
18:10:46.999,25.185,-18.200,41.600,7.341,49.458,-25.541,-7.858,26.722,0.472,0.322,0.571,
18:10:47.019,25.204,-15.600,44.200,7.932,49.367,-23.532,-5.167,24.093,1.060,0.031,1.060,
18:10:47.036,25.222,-15.600,44.200,8.453,49.280,-24.053,-5.080,24.583,1.242,0.106,1.246,
18:10:47.055,25.241,-15.600,44.200,9.040,49.176,-24.640,-4.976,25.137,1.155,0.420,1.229,
18:10:47.063,25.248,-15.600,44.200,9.262,49.135,-24.862,-4.935,25.347,1.034,0.667,1.231,
18:10:47.083,25.269,-13.000,44.200,9.890,49.012,-22.890,-4.812,23.390,0.774,0.321,0.838,
18:10:47.092,25.278,-13.000,44.200,10.143,48.960,-23.143,-4.760,23.627,0.555,0.229,0.600,
18:10:47.110,25.296,-13.000,44.200,10.702,48.841,-23.702,-4.641,24.152,0.265,0.372,0.457,
18:10:47.119,25.305,-13.000,44.200,10.953,48.786,-23.953,-4.586,24.388,0.063,0.545,0.549,
18:10:47.136,25.321,-13.000,44.200,11.450,48.671,-24.450,-4.471,24.855,-0.159,0.827,0.842,
18:10:47.157,25.343,-13.000,44.200,12.091,48.516,-25.091,-4.316,25.460,-0.376,1.239,1.295,
18:10:47.175,25.361,-13.000,44.200,12.635,48.377,-25.635,-4.177,25.973,-0.514,1.629,1.708,
18:10:47.183,25.369,-13.000,44.200,12.876,48.314,-25.876,-4.114,26.201,-0.573,1.871,1.957,
18:10:47.200,25.385,-13.000,44.200,13.357,48.183,-26.357,-3.983,26.656,-0.608,2.100,2.186,
18:10:47.218,25.404,-10.400,44.200,13.914,48.025,-24.314,-3.825,24.613,-0.600,1.553,1.665,
18:10:47.236,25.422,-10.400,44.200,14.443,47.868,-24.843,-3.668,25.113,-0.555,1.275,1.391,
18:10:47.254,25.440,-10.400,44.200,14.961,47.709,-25.361,-3.509,25.603,-0.489,1.194,1.290,
18:10:47.263,25.449,-10.400,44.200,15.225,47.626,-25.625,-3.426,25.853,-0.442,1.209,1.287,
18:10:47.279,25.465,-7.800,46.800,15.691,47.474,-23.491,-0.674,23.501,0.324,0.582,0.666,
18:10:47.295,25.481,-7.800,46.800,16.164,47.315,-23.964,-0.515,23.970,0.821,0.299,0.873,
18:10:47.303,25.489,-7.800,46.800,16.385,47.239,-24.185,-0.439,24.189,1.060,0.238,1.086,
18:10:47.319,25.505,-7.800,46.800,16.850,47.075,-24.650,-0.275,24.651,1.189,0.316,1.230,
18:10:47.335,25.521,-5.200,46.800,17.309,46.908,-22.509,-0.108,22.510,1.188,-0.177,1.202,
18:10:47.345,25.531,-5.200,46.800,17.601,46.800,-22.801,0.000,22.801,1.114,-0.333,1.163,
18:10:47.363,25.549,-5.200,46.800,18.110,46.605,-23.310,0.195,23.311,0.969,-0.230,0.996,
18:10:47.371,25.557,-5.200,46.800,18.338,46.516,-23.538,0.284,23.540,0.825,-0.039,0.826,
18:10:47.388,25.574,-5.200,46.800,18.817,46.324,-24.017,0.476,24.022,0.644,0.282,0.703,
18:10:47.406,25.591,-2.600,44.200,19.324,46.115,-21.924,-1.915,22.008,-0.297,-0.006,0.297,
18:10:47.425,25.611,-2.600,44.200,19.868,45.883,-22.468,-1.683,22.531,-0.918,0.069,0.921,
18:10:47.432,25.618,-2.600,44.200,20.076,45.793,-22.676,-1.593,22.732,-1.203,0.206,1.221,
18:10:47.447,25.633,-2.600,44.200,20.496,45.606,-23.096,-1.406,23.139,-1.354,0.456,1.429,
18:10:47.465,25.651,-2.600,46.800,20.991,45.380,-23.591,1.420,23.634,-0.614,0.823,1.027,
18:10:47.484,25.670,-2.600,46.800,21.519,45.132,-24.119,1.668,24.177,-0.033,1.249,1.249,
18:10:47.492,25.678,-2.600,46.800,21.739,45.027,-24.339,1.773,24.403,0.302,1.525,1.555,
18:10:47.509,25.695,-2.600,46.800,22.219,44.792,-24.819,2.008,24.900,0.571,1.818,1.906,
18:10:47.527,25.713,-0.000,44.200,22.705,44.548,-22.705,-0.348,22.707,-0.001,1.335,1.335,
18:10:47.547,25.732,-0.000,44.200,23.236,44.273,-23.236,-0.073,23.237,-0.355,1.113,1.168,
18:10:47.564,25.750,-0.000,44.200,23.719,44.016,-23.719,0.184,23.720,-0.527,1.079,1.201,
18:10:47.574,25.759,-0.000,44.200,23.967,43.881,-23.967,0.319,23.969,-0.598,1.117,1.267,
18:10:47.590,25.775,-2.600,46.800,24.395,43.645,-26.995,3.155,27.178,0.111,1.910,1.913,
18:10:47.605,25.791,-2.600,46.800,24.819,43.405,-27.419,3.395,27.628,0.613,2.488,2.563,
18:10:47.614,25.799,-2.600,46.800,25.035,43.281,-27.635,3.519,27.858,0.892,2.834,2.971,
18:10:47.629,25.815,-2.600,46.800,25.449,43.039,-28.049,3.761,28.300,1.084,3.058,3.244,
18:10:47.646,25.832,0.000,46.800,25.892,42.774,-25.892,4.026,26.203,1.176,2.448,2.716,
18:10:47.665,25.850,0.000,46.800,26.384,42.472,-26.384,4.328,26.736,1.171,2.019,2.334,
18:10:47.681,25.867,0.000,46.800,26.807,42.206,-26.807,4.594,27.198,1.088,1.765,2.074,
18:10:47.699,25.885,2.600,46.800,27.273,41.907,-24.673,4.893,25.153,0.964,0.871,1.299,
18:10:47.716,25.901,2.600,46.800,27.704,41.623,-25.104,5.177,25.632,0.826,0.430,0.932,
18:10:47.736,25.922,2.600,46.800,28.232,41.267,-25.632,5.533,26.222,0.679,0.316,0.749,
18:10:47.759,25.945,5.200,46.800,28.817,40.861,-23.617,5.939,24.352,0.542,-0.321,0.630,
18:10:47.777,25.963,5.200,46.800,29.262,40.543,-24.062,6.257,24.862,0.461,-0.377,0.596,
18:10:47.796,25.981,5.200,46.800,29.723,40.206,-24.523,6.594,25.394,0.418,-0.132,0.438,
18:10:47.813,25.999,7.800,44.200,30.149,39.888,-22.349,4.312,22.761,-0.348,-0.493,0.603,
18:10:47.821,26.007,7.800,44.200,30.340,39.743,-22.540,4.457,22.976,-0.708,-0.545,0.894,
18:10:47.839,26.025,7.800,44.200,30.787,39.397,-22.987,4.803,23.483,-0.888,-0.334,0.948,
18:10:47.848,26.034,7.800,44.200,30.996,39.234,-23.196,4.966,23.721,-0.916,-0.070,0.919,
18:10:47.865,26.051,7.800,44.200,31.395,38.915,-23.595,5.285,24.179,-0.833,0.327,0.895,
18:10:47.874,26.060,7.800,44.200,31.600,38.748,-23.800,5.452,24.417,-0.701,0.672,0.971,
18:10:47.891,26.077,7.800,44.200,32.015,38.406,-24.215,5.794,24.899,-0.476,1.106,1.204,
18:10:47.900,26.086,7.800,44.200,32.214,38.240,-24.414,5.960,25.131,-0.282,1.425,1.452,
18:10:47.917,26.103,7.800,44.200,32.613,37.900,-24.813,6.300,25.600,-0.028,1.771,1.772,
18:10:47.938,26.123,10.400,44.200,33.089,37.485,-22.689,6.715,23.661,0.267,1.333,1.360,
18:10:47.957,26.142,10.400,44.200,33.525,37.096,-23.125,7.104,24.191,0.521,1.152,1.264,
18:10:47.976,26.162,10.400,44.200,33.965,36.693,-23.565,7.507,24.732,0.722,1.146,1.355,
18:10:47.995,26.181,7.800,46.800,34.394,36.291,-26.594,10.509,28.595,1.634,2.007,2.588,
18:10:48.004,26.189,7.800,46.800,34.579,36.115,-26.779,10.685,28.832,2.059,2.475,3.219,
18:10:48.022,26.207,7.800,46.800,34.979,35.728,-27.179,11.072,29.348,2.301,2.787,3.614,
18:10:48.030,26.216,7.800,46.800,35.170,35.539,-27.370,11.261,29.596,2.367,2.967,3.795,
18:10:48.048,26.234,13.000,44.200,35.561,35.149,-22.561,9.051,24.309,1.600,1.609,2.270,
18:10:48.067,26.253,13.000,44.200,35.953,34.747,-22.953,9.453,24.824,0.975,0.709,1.206,
18:10:48.084,26.270,13.000,44.200,36.326,34.357,-23.326,9.843,25.318,0.539,0.247,0.593,
18:10:48.093,26.279,13.000,44.200,36.503,34.169,-23.503,10.031,25.554,0.316,0.093,0.330,
18:10:48.110,26.295,13.000,44.200,36.855,33.789,-23.855,10.411,26.028,0.159,0.080,0.178,
18:10:48.120,26.306,13.000,44.200,37.062,33.562,-24.062,10.638,26.309,0.120,0.218,0.249,
18:10:48.137,26.323,13.000,44.200,37.421,33.161,-24.421,11.039,26.800,0.135,0.458,0.477,
18:10:48.158,26.344,13.000,44.200,37.842,32.681,-24.842,11.519,27.382,0.253,0.849,0.886,
18:10:48.177,26.363,18.200,44.200,38.221,32.236,-20.021,11.964,23.323,0.432,-0.275,0.512,
18:10:48.194,26.380,18.200,44.200,38.549,31.842,-20.349,12.358,23.808,0.614,-0.705,0.935,
18:10:48.203,26.389,18.200,44.200,38.719,31.636,-20.519,12.564,24.060,0.746,-0.800,1.094,
18:10:48.219,26.405,18.200,44.200,39.035,31.246,-20.835,12.954,24.534,0.883,-0.663,1.104,
18:10:48.236,26.422,18.200,41.600,39.362,30.832,-21.162,10.768,23.744,0.285,-0.302,0.415,
18:10:48.255,26.441,18.200,41.600,39.712,30.381,-21.512,11.219,24.262,-0.023,0.211,0.212,
18:10:48.263,26.449,18.200,41.600,39.863,30.182,-21.663,11.418,24.488,-0.136,0.587,0.602,
18:10:48.283,26.469,18.200,41.600,40.231,29.690,-22.031,11.910,25.044,-0.102,1.058,1.063,
18:10:48.291,26.476,20.800,41.600,40.365,29.507,-19.565,12.093,23.001,-0.018,0.725,0.725,
18:10:48.307,26.493,20.800,41.600,40.670,29.085,-19.870,12.515,23.483,0.142,0.607,0.623,
18:10:48.325,26.510,20.800,41.600,40.973,28.656,-20.173,12.944,23.969,0.371,0.656,0.753,
18:10:48.333,26.519,20.800,41.600,41.124,28.439,-20.324,13.161,24.213,0.550,0.738,0.921,
18:10:48.354,26.539,20.800,41.600,41.477,27.922,-20.677,13.678,24.791,0.787,0.927,1.216,
18:10:48.361,26.547,20.800,41.600,41.608,27.727,-20.808,13.873,25.009,0.941,1.085,1.436,
18:10:48.377,26.563,20.800,41.600,41.875,27.321,-21.075,14.279,25.457,1.102,1.264,1.677,
18:10:48.394,26.580,20.800,41.600,42.155,26.888,-21.355,14.712,25.933,1.247,1.456,1.917,
18:10:48.402,26.587,20.800,41.600,42.280,26.690,-21.480,14.910,26.148,1.333,1.594,2.078,
18:10:48.418,26.604,23.400,41.600,42.551,26.257,-19.151,15.343,24.539,1.416,1.026,1.749,
18:10:48.436,26.622,23.400,41.600,42.839,25.783,-19.439,15.817,25.061,1.475,0.696,1.631,
18:10:48.456,26.642,23.400,41.600,43.149,25.261,-19.749,16.339,25.632,1.507,0.586,1.617,
18:10:48.474,26.660,26.000,39.000,43.428,24.780,-17.428,14.220,22.493,0.756,-0.135,0.768,
18:10:48.483,26.668,26.000,39.000,43.555,24.556,-17.555,14.444,22.733,0.392,-0.415,0.571,
18:10:48.500,26.685,26.000,39.000,43.814,24.089,-17.814,14.911,23.231,0.188,-0.477,0.513,
18:10:48.519,26.705,26.000,39.000,44.096,23.569,-18.096,15.431,23.782,0.161,-0.291,0.333,
18:10:48.539,26.724,26.000,39.000,44.381,23.028,-18.381,15.972,24.351,0.291,0.071,0.300,
18:10:48.557,26.743,26.000,39.000,44.635,22.532,-18.635,16.468,24.869,0.505,0.484,0.700,
18:10:48.574,26.760,26.000,39.000,44.870,22.061,-18.870,16.939,25.358,0.746,0.873,1.148,
18:10:48.584,26.769,26.000,39.000,44.997,21.800,-18.997,17.200,25.627,0.931,1.141,1.473,
18:10:48.600,26.786,26.000,39.000,45.211,21.354,-19.211,17.646,26.085,1.124,1.395,1.792,
18:10:48.609,26.794,26.000,39.000,45.324,21.112,-19.324,17.888,26.333,1.269,1.566,2.016,
18:10:48.625,26.810,26.000,39.000,45.527,20.670,-19.527,18.330,26.783,1.419,1.721,2.230,
18:10:48.634,26.819,26.000,39.000,45.642,20.415,-19.642,18.585,27.041,1.529,1.820,2.377,
18:10:48.650,26.836,26.000,39.000,45.846,19.954,-19.846,19.046,27.507,1.635,1.892,2.501,
18:10:48.659,26.844,28.600,36.400,45.947,19.720,-17.347,16.680,24.065,1.067,1.292,1.676,
18:10:48.676,26.862,28.600,36.400,46.153,19.232,-17.553,17.168,24.553,0.671,0.839,1.074,
18:10:48.695,26.880,28.600,36.400,46.374,18.693,-17.774,17.707,25.089,0.482,0.576,0.751,
18:10:48.703,26.888,28.600,36.400,46.464,18.469,-17.864,17.931,25.311,0.438,0.492,0.659,
18:10:48.720,26.905,28.600,33.800,46.653,17.985,-18.053,15.815,24.000,-0.221,0.473,0.522,
18:10:48.728,26.914,28.600,33.800,46.747,17.740,-18.147,16.060,24.233,-0.516,0.539,0.746,
18:10:48.745,26.931,28.600,33.800,46.932,17.245,-18.332,16.555,24.701,-0.584,0.646,0.871,
18:10:48.765,26.950,28.600,33.800,47.134,16.684,-18.534,17.116,25.228,-0.389,0.832,0.919,
18:10:48.773,26.958,28.600,33.800,47.215,16.455,-18.615,17.345,25.443,-0.167,0.996,1.010,
18:10:48.790,26.975,28.600,33.800,47.384,15.961,-18.784,17.839,25.905,0.158,1.153,1.164,
18:10:48.799,26.984,28.600,33.800,47.469,15.708,-18.869,18.092,26.141,0.441,1.287,1.360,
18:10:48.816,27.001,28.600,33.800,47.632,15.206,-19.032,18.594,26.607,0.796,1.409,1.618,
18:10:48.836,27.021,28.600,33.800,47.814,14.621,-19.214,19.179,27.148,1.190,1.524,1.933,
18:10:48.854,27.040,28.600,33.800,47.981,14.063,-19.381,19.737,27.662,1.531,1.608,2.220,
18:10:48.863,27.048,28.600,33.800,48.051,13.825,-19.451,19.975,27.881,1.719,1.668,2.395,
18:10:48.880,27.065,28.600,33.800,48.192,13.322,-19.592,20.478,28.341,1.892,1.685,2.533,
18:10:48.897,27.083,31.200,31.200,48.332,12.805,-17.132,18.395,25.137,1.277,0.950,1.591,
18:10:48.915,27.101,31.200,31.200,48.473,12.262,-17.273,18.938,25.632,0.921,0.512,1.054,
18:10:48.923,27.109,31.200,31.200,48.533,12.025,-17.333,19.175,25.848,0.768,0.340,0.840,
18:10:48.942,27.128,31.200,31.200,48.669,11.458,-17.469,19.742,26.362,0.723,0.259,0.768,
18:10:48.952,27.137,31.200,31.200,48.734,11.180,-17.534,20.020,26.613,0.767,0.308,0.827,
18:10:48.969,27.155,31.200,31.200,48.851,10.658,-17.651,20.542,27.083,0.874,0.412,0.966,
18:10:48.986,27.171,31.200,31.200,48.959,10.150,-17.759,21.050,27.541,1.050,0.599,1.209,
18:10:49.007,27.192,33.800,31.200,49.085,9.522,-15.285,21.678,26.525,1.280,0.061,1.281,
18:10:49.026,27.211,33.800,31.200,49.195,8.937,-15.395,22.263,27.067,1.510,-0.102,1.514,
18:10:49.042,27.228,33.800,31.200,49.283,8.437,-15.483,22.763,27.529,1.701,-0.050,1.702,
18:10:49.050,27.235,33.800,31.200,49.319,8.222,-15.519,22.978,27.728,1.823,0.045,1.823,
18:10:49.067,27.253,36.400,31.200,49.406,7.684,-13.006,23.516,26.873,1.932,-0.492,1.993,
18:10:49.086,27.272,36.400,31.200,49.491,7.117,-13.091,24.083,27.411,2.027,-0.669,2.134,
18:10:49.104,27.290,36.400,31.200,49.569,6.554,-13.169,24.646,27.943,2.097,-0.571,2.173,
18:10:49.113,27.298,36.400,31.200,49.601,6.304,-13.201,24.896,28.180,2.148,-0.423,2.189,
18:10:49.129,27.315,36.400,28.600,49.662,5.805,-13.262,22.795,26.372,1.464,-0.186,1.476,
18:10:49.149,27.335,36.400,28.600,49.730,5.188,-13.330,23.412,26.941,1.031,0.166,1.044,
18:10:49.168,27.353,36.400,28.600,49.786,4.617,-13.386,23.983,27.466,0.864,0.526,1.012,
18:10:49.185,27.371,36.400,26.000,49.834,4.074,-13.434,21.926,25.714,0.114,0.835,0.842,
18:10:49.194,27.380,36.400,26.000,49.855,3.801,-13.455,22.199,25.958,-0.172,1.022,1.036,
18:10:49.212,27.398,36.400,26.000,49.894,3.252,-13.494,22.748,26.449,-0.221,1.193,1.213,
18:10:49.221,27.406,36.400,26.000,49.910,2.996,-13.510,23.004,26.678,-0.110,1.288,1.293,
18:10:49.238,27.424,36.400,26.000,49.939,2.463,-13.539,23.537,27.153,0.135,1.360,1.366,
18:10:49.255,27.441,39.000,26.000,49.963,1.935,-10.963,24.065,26.444,0.529,0.646,0.835,
18:10:49.276,27.461,39.000,26.000,49.983,1.302,-10.983,24.698,27.030,1.026,0.192,1.044,
18:10:49.295,27.480,39.000,26.000,49.995,0.718,-10.995,25.282,27.569,1.501,-0.016,1.501,
18:10:49.303,27.488,39.000,26.000,49.998,0.474,-10.998,25.526,27.795,1.791,-0.069,1.792,
18:10:49.319,27.505,41.600,20.800,50.000,-0.029,-8.400,20.829,22.459,0.667,-0.763,1.013,
18:10:49.337,27.523,41.600,20.800,49.996,-0.596,-8.396,21.396,22.984,0.036,-1.092,1.093,
18:10:49.355,27.541,41.600,20.800,49.987,-1.145,-8.387,21.945,23.493,-0.168,-1.108,1.121,
18:10:49.374,27.560,41.600,20.800,49.970,-1.731,-8.370,22.531,24.035,-0.070,-0.915,0.917,
18:10:49.382,27.568,41.600,20.800,49.961,-1.978,-8.361,22.778,24.264,0.100,-0.714,0.721,
18:10:49.399,27.585,41.600,20.800,49.937,-2.500,-8.337,23.300,24.746,0.385,-0.443,0.586,
18:10:49.419,27.604,41.600,20.800,49.905,-3.089,-8.305,23.889,25.291,0.804,-0.095,0.810,
18:10:49.436,27.622,41.600,18.200,49.869,-3.619,-8.269,21.819,23.333,0.481,0.232,0.534,
18:10:49.455,27.641,41.600,18.200,49.823,-4.209,-8.223,22.409,23.870,0.482,0.523,0.711,
18:10:49.473,27.659,41.600,18.200,49.772,-4.769,-8.172,22.969,24.379,0.674,0.739,1.000,
18:10:49.482,27.667,41.600,18.200,49.748,-5.015,-8.148,23.215,24.603,0.844,0.847,1.195,
18:10:49.499,27.685,44.200,18.200,49.691,-5.549,-5.491,23.749,24.375,1.093,0.222,1.115,
18:10:49.519,27.704,44.200,18.200,49.620,-6.152,-5.420,24.352,24.948,1.412,-0.182,1.424,
18:10:49.538,27.723,44.200,18.200,49.544,-6.735,-5.344,24.935,25.501,1.722,-0.373,1.762,
18:10:49.555,27.741,44.200,15.600,49.470,-7.260,-5.270,22.860,23.460,1.215,-0.420,1.286,
18:10:49.564,27.750,44.200,15.600,49.429,-7.538,-5.229,23.138,23.721,0.995,-0.394,1.070,
18:10:49.582,27.768,44.200,15.600,49.343,-8.078,-5.143,23.678,24.230,0.937,-0.316,0.989,
18:10:49.590,27.776,44.200,15.600,49.301,-8.329,-5.101,23.929,24.467,0.966,-0.220,0.990,
18:10:49.606,27.792,44.200,15.600,49.217,-8.816,-5.017,24.416,24.926,1.065,-0.101,1.069,
18:10:49.624,27.810,44.200,10.400,49.117,-9.355,-4.917,19.755,20.357,-0.226,0.046,0.230,
18:10:49.633,27.818,44.200,10.400,49.069,-9.605,-4.869,20.005,20.589,-0.838,0.153,0.852,
18:10:49.649,27.834,44.200,10.400,48.972,-10.087,-4.772,20.487,21.035,-1.087,0.256,1.117,
18:10:49.665,27.851,44.200,10.400,48.867,-10.585,-4.667,20.985,21.498,-0.986,0.345,1.044,
18:10:49.673,27.859,44.200,10.400,48.817,-10.812,-4.617,21.212,21.708,-0.788,0.400,0.884,
18:10:49.691,27.877,44.200,10.400,48.692,-11.360,-4.492,21.760,22.219,-0.405,0.445,0.601,
18:10:49.701,27.887,44.200,10.400,48.624,-11.650,-4.424,22.050,22.489,-0.001,0.467,0.467,
18:10:49.718,27.904,44.200,10.400,48.500,-12.156,-4.300,22.556,22.962,0.504,0.470,0.690,
18:10:49.741,27.926,44.200,10.400,48.326,-12.831,-4.126,23.231,23.595,1.139,0.447,1.224,
18:10:49.749,27.935,44.200,10.400,48.258,-13.083,-4.058,23.483,23.831,1.524,0.433,1.584,
18:10:49.768,27.953,44.200,10.400,48.107,-13.628,-3.907,24.028,24.344,1.913,0.393,1.953,
18:10:49.785,27.971,44.200,10.400,47.959,-14.141,-3.759,24.541,24.827,2.216,0.351,2.244,
18:10:49.794,27.979,44.200,10.400,47.884,-14.391,-3.684,24.791,25.063,2.380,0.329,2.402,
18:10:49.815,28.001,44.200,7.800,47.689,-15.025,-3.489,22.825,23.090,1.768,0.277,1.790,
18:10:49.823,28.009,44.200,7.800,47.614,-15.261,-3.414,23.061,23.313,1.441,0.261,1.464,
18:10:49.841,28.027,44.200,7.800,47.441,-15.791,-3.241,23.591,23.812,1.245,0.223,1.265,
18:10:49.850,28.036,44.200,7.800,47.359,-16.036,-3.159,23.836,24.045,1.176,0.211,1.195,
18:10:49.867,28.053,44.200,7.800,47.188,-16.532,-2.988,24.332,24.515,1.169,0.182,1.184,
18:10:49.884,28.069,46.800,7.800,47.016,-17.015,-0.216,24.815,24.816,1.260,-0.573,1.384,
18:10:49.891,28.077,46.800,7.800,46.940,-17.223,-0.140,25.023,25.024,1.373,-0.961,1.676,
18:10:49.906,28.092,46.800,7.800,46.775,-17.666,0.025,25.466,25.466,1.496,-1.203,1.920,
18:10:49.924,28.110,46.800,7.800,46.582,-18.170,0.218,25.970,25.971,1.662,-1.276,2.095,
18:10:49.931,28.117,46.800,7.800,46.501,-18.375,0.299,26.175,26.177,1.804,-1.254,2.197,
18:10:49.948,28.133,46.800,5.200,46.312,-18.847,0.488,24.047,24.052,1.242,-1.166,1.704,
18:10:49.965,28.150,46.800,5.200,46.112,-19.332,0.688,24.532,24.542,0.940,-0.983,1.360,
18:10:49.973,28.159,46.800,5.200,46.010,-19.571,0.790,24.771,24.784,0.842,-0.823,1.177,
18:10:49.989,28.175,46.800,5.200,45.820,-20.013,0.980,25.213,25.233,0.851,-0.637,1.063,
18:10:50.005,28.191,46.800,5.200,45.620,-20.466,1.180,25.666,25.693,0.983,-0.444,1.078,
18:10:50.015,28.200,46.800,5.200,45.502,-20.726,1.298,25.926,25.959,1.144,-0.308,1.184,
18:10:50.030,28.216,46.800,5.200,45.299,-21.166,1.501,26.366,26.409,1.340,-0.174,1.352,
18:10:50.039,28.225,46.800,5.200,45.189,-21.400,1.611,26.600,26.649,1.526,-0.096,1.530,
18:10:50.056,28.241,46.800,5.200,44.967,-21.862,1.833,27.062,27.124,1.731,-0.021,1.731,
18:10:50.074,28.260,46.800,2.600,44.712,-22.379,2.088,24.979,25.067,1.216,0.023,1.216,
18:10:50.083,28.269,46.800,2.600,44.595,-22.611,2.205,25.211,25.307,0.995,0.028,0.995,
18:10:50.100,28.285,46.800,2.600,44.358,-23.073,2.442,25.673,25.789,0.923,0.017,0.923,
18:10:50.117,28.303,46.800,2.600,44.106,-23.552,2.694,26.152,26.290,1.004,-0.020,1.004,
18:10:50.135,28.321,46.800,-0.000,43.845,-24.034,2.955,24.034,24.215,0.443,-0.077,0.450,
18:10:50.144,28.329,46.800,-0.000,43.720,-24.260,3.080,24.260,24.455,0.242,-0.121,0.271,
18:10:50.160,28.346,46.800,-0.000,43.467,-24.711,3.333,24.711,24.935,0.240,-0.177,0.298,
18:10:50.168,28.354,46.800,-0.000,43.352,-24.912,3.448,24.912,25.149,0.345,-0.215,0.406,
18:10:50.185,28.371,46.800,-0.000,43.090,-25.363,3.710,25.363,25.633,0.561,-0.268,0.622,
18:10:50.204,28.390,46.800,0.000,42.791,-25.864,4.009,25.864,26.173,0.925,-0.324,0.980,
18:10:50.213,28.398,46.800,0.000,42.657,-26.085,4.143,26.085,26.412,1.221,-0.355,1.272,
18:10:50.228,28.413,46.800,0.000,42.413,-26.479,4.387,26.479,26.840,1.522,-0.390,1.571,
18:10:50.244,28.430,46.800,0.000,42.138,-26.915,4.662,26.915,27.316,1.829,-0.423,1.878,
18:10:50.252,28.437,46.800,0.000,42.021,-27.096,4.779,27.096,27.514,2.038,-0.440,2.085,
18:10:50.269,28.455,46.800,-5.200,41.727,-27.547,5.073,22.347,22.916,0.843,-0.464,0.962,
18:10:50.286,28.472,46.800,-5.200,41.436,-27.984,5.364,22.784,23.407,0.137,-0.485,0.504,
18:10:50.304,28.490,46.800,-5.200,41.118,-28.448,5.682,23.248,23.932,-0.137,-0.504,0.522,
18:10:50.313,28.498,46.800,-5.200,40.975,-28.655,5.825,23.455,24.167,-0.171,-0.515,0.543,
18:10:50.328,28.514,44.200,-5.200,40.696,-29.048,3.504,23.848,24.104,-0.051,0.163,0.171,
18:10:50.346,28.532,44.200,-5.200,40.378,-29.489,3.822,24.289,24.588,0.264,0.584,0.641,
18:10:50.371,28.556,44.200,-5.200,39.924,-30.102,4.276,24.902,25.266,0.797,0.737,1.086,
18:10:50.379,28.565,44.200,-5.200,39.771,-30.303,4.429,25.103,25.490,1.160,0.740,1.376,
18:10:50.400,28.586,44.200,-7.800,39.366,-30.828,4.834,23.028,23.530,0.820,0.597,1.015,
18:10:50.409,28.595,44.200,-7.800,39.201,-31.036,4.999,23.236,23.768,0.716,0.456,0.849,
18:10:50.426,28.611,44.200,-7.800,38.883,-31.434,5.317,23.634,24.225,0.778,0.252,0.818,
18:10:50.443,28.629,44.200,-7.800,38.535,-31.859,5.665,24.059,24.717,0.964,0.005,0.964,
18:10:50.451,28.636,44.200,-7.800,38.397,-32.026,5.803,24.226,24.911,1.125,-0.148,1.134,
18:10:50.466,28.652,41.600,-7.800,38.091,-32.390,3.509,24.590,24.839,1.324,0.360,1.372,
18:10:50.486,28.672,41.600,-7.800,37.689,-32.856,3.911,25.056,25.359,1.585,0.613,1.699,
18:10:50.505,28.691,41.600,-7.800,37.299,-33.298,4.301,25.498,25.858,1.838,0.644,1.948,
18:10:50.514,28.700,41.600,-7.800,37.124,-33.494,4.476,25.694,26.081,2.003,0.615,2.095,
18:10:50.531,28.716,44.200,-10.400,36.779,-33.872,7.421,23.472,24.617,1.431,-0.227,1.448,
18:10:50.539,28.725,44.200,-10.400,36.603,-34.062,7.597,23.662,24.851,1.134,-0.746,1.357,
18:10:50.556,28.742,44.200,-10.400,36.251,-34.436,7.949,24.036,25.317,0.974,-1.172,1.524,
18:10:50.574,28.759,44.200,-10.400,35.870,-34.833,8.330,24.433,25.813,0.965,-1.460,1.750,
18:10:50.582,28.768,44.200,-10.400,35.700,-35.008,8.500,24.608,26.034,1.036,-1.576,1.886,
18:10:50.599,28.784,44.200,-10.400,35.337,-35.374,8.863,24.974,26.500,1.154,-1.630,1.997,
18:10:50.616,28.802,44.200,-10.400,34.959,-35.747,9.241,25.347,26.979,1.345,-1.584,2.078,
18:10:50.634,28.820,44.200,-10.400,34.561,-36.132,9.639,25.732,27.479,1.567,-1.468,2.147,
18:10:50.642,28.828,44.200,-10.400,34.384,-36.301,9.816,25.901,27.698,1.739,-1.371,2.215,
18:10:50.659,28.844,44.200,-13.000,34.009,-36.653,10.191,23.653,25.755,1.192,-1.246,1.724,
18:10:50.677,28.862,44.200,-13.000,33.604,-37.024,10.596,24.024,26.256,0.909,-1.109,1.434,
18:10:50.694,28.880,44.200,-13.000,33.195,-37.391,11.005,24.391,26.759,0.846,-0.989,1.301,
18:10:50.703,28.889,44.200,-13.000,33.002,-37.561,11.198,24.561,26.993,0.888,-0.931,1.287,
18:10:50.721,28.907,44.200,-15.600,32.579,-37.929,11.621,22.329,25.172,0.282,-0.863,0.908,
18:10:50.730,28.916,44.200,-15.600,32.377,-38.102,11.823,22.502,25.419,0.043,-0.846,0.847,
18:10:50.745,28.931,44.200,-15.600,32.011,-38.410,12.189,22.810,25.862,-0.003,-0.829,0.829,
18:10:50.763,28.949,44.200,-15.600,31.587,-38.759,12.613,23.159,26.371,0.167,-0.838,0.854,
18:10:50.771,28.957,44.200,-15.600,31.397,-38.913,12.803,23.313,26.597,0.379,-0.870,0.949,
18:10:50.788,28.974,41.600,-15.600,30.995,-39.234,10.605,23.634,25.904,0.669,-0.199,0.698,
18:10:50.805,28.991,41.600,-15.600,30.586,-39.554,11.014,23.954,26.364,1.029,0.185,1.046,
18:10:50.813,28.999,41.600,-15.600,30.392,-39.703,11.208,24.103,26.582,1.301,0.338,1.344,
18:10:50.829,29.015,41.600,-15.600,30.000,-40.000,11.600,24.400,27.017,1.577,0.362,1.618,
18:10:50.844,29.030,41.600,-18.200,29.622,-40.281,11.978,22.081,25.121,1.124,0.260,1.154,
18:10:50.853,29.039,41.600,-18.200,29.400,-40.443,12.200,22.243,25.369,0.906,0.120,0.914,
18:10:50.870,29.056,41.600,-18.200,28.975,-40.749,12.625,22.549,25.842,0.839,-0.092,0.844,
18:10:50.882,29.067,41.600,-18.200,28.697,-40.945,12.903,22.745,26.150,0.869,-0.309,0.923,
18:10:50.899,29.085,41.600,-20.800,28.251,-41.254,13.349,20.454,24.425,0.260,-0.572,0.628,
18:10:50.916,29.101,41.600,-20.800,27.834,-41.536,13.766,20.736,24.890,0.014,-0.827,0.827,
18:10:50.934,29.120,41.600,-20.800,27.370,-41.843,14.230,21.043,25.403,0.040,-1.062,1.063,
18:10:50.941,29.127,41.600,-20.800,27.188,-41.962,14.412,21.162,25.603,0.150,-1.194,1.204,
18:10:50.959,29.144,39.000,-23.400,26.738,-42.250,12.262,18.850,22.487,-0.342,-0.629,0.716,
18:10:50.977,29.162,39.000,-23.400,26.261,-42.548,12.739,19.148,22.998,-0.449,-0.299,0.539,
18:10:50.996,29.181,39.000,-23.400,25.760,-42.854,13.240,19.454,23.532,-0.257,-0.182,0.315,
18:10:51.013,29.199,39.000,-23.400,25.297,-43.128,13.703,19.728,24.020,0.081,-0.210,0.225,
18:10:51.021,29.207,39.000,-23.400,25.086,-43.251,13.914,19.851,24.242,0.352,-0.280,0.450,
18:10:51.039,29.224,39.000,-23.400,24.620,-43.518,14.380,20.118,24.729,0.694,-0.417,0.810,
18:10:51.057,29.243,39.000,-23.400,24.124,-43.795,14.876,20.395,25.244,1.076,-0.623,1.243,
18:10:51.079,29.265,39.000,-23.400,23.532,-44.116,15.468,20.716,25.854,1.458,-0.878,1.702,
18:10:51.096,29.282,39.000,-23.400,23.061,-44.364,15.939,20.964,26.335,1.733,-1.096,2.051,
18:10:51.119,29.305,39.000,-23.400,22.433,-44.685,16.567,21.285,26.973,1.943,-1.307,2.342,
18:10:51.136,29.322,39.000,-26.000,21.958,-44.921,17.042,18.921,25.464,1.289,-1.455,1.944,
18:10:51.155,29.340,39.000,-26.000,21.443,-45.168,17.557,19.168,25.993,0.935,-1.562,1.820,
18:10:51.163,29.349,39.000,-26.000,21.209,-45.279,17.791,19.279,26.234,0.791,-1.620,1.803,
18:10:51.180,29.366,39.000,-26.000,20.741,-45.495,18.259,19.495,26.710,0.729,-1.661,1.814,
18:10:51.190,29.375,36.400,-26.000,20.483,-45.612,15.917,19.612,25.258,0.757,-1.036,1.283,
18:10:51.207,29.392,36.400,-26.000,20.000,-45.826,16.400,19.826,25.730,0.830,-0.597,1.023,
18:10:51.226,29.412,36.400,-26.000,19.442,-46.065,16.958,20.065,26.272,0.984,-0.379,1.055,
18:10:51.245,29.431,33.800,-26.000,18.907,-46.287,14.893,20.287,25.167,1.173,0.417,1.245,
18:10:51.253,29.439,33.800,-26.000,18.685,-46.377,15.115,20.377,25.371,1.318,0.728,1.505,
18:10:51.271,29.456,33.800,-26.000,18.180,-46.578,15.620,20.578,25.835,1.443,0.795,1.648,
18:10:51.279,29.465,33.800,-26.000,17.941,-46.670,15.859,20.670,26.053,1.550,0.706,1.703,
18:10:51.296,29.481,33.800,-26.000,17.466,-46.850,16.334,20.850,26.486,1.634,0.475,1.702,
18:10:51.315,29.500,33.800,-28.600,16.927,-47.048,16.873,18.448,25.001,0.958,0.067,0.960,
18:10:51.324,29.509,33.800,-28.600,16.672,-47.139,17.128,18.539,25.240,0.627,-0.266,0.681,
18:10:51.342,29.528,33.800,-28.600,16.120,-47.330,17.680,18.730,25.757,0.438,-0.685,0.813,
18:10:51.351,29.536,33.800,-28.600,15.881,-47.411,17.919,18.811,25.979,0.408,-0.973,1.055,
18:10:51.368,29.554,31.200,-28.600,15.377,-47.577,15.823,18.977,24.708,0.442,-0.588,0.736,
18:10:51.387,29.573,31.200,-28.600,14.820,-47.753,16.380,19.153,25.202,0.598,-0.446,0.746,
18:10:51.406,29.592,31.200,-28.600,14.268,-47.921,16.932,19.321,25.691,0.823,-0.488,0.957,
18:10:51.426,29.611,33.800,-33.800,13.678,-48.093,20.122,14.293,24.682,-0.486,-1.426,1.507,
18:10:51.449,29.635,33.800,-33.800,12.969,-48.289,20.831,14.489,25.374,-1.035,-2.083,2.326,
18:10:51.470,29.656,33.800,-33.800,12.344,-48.452,21.456,14.652,25.982,-1.049,-2.448,2.663,
18:10:51.481,29.666,33.800,-36.400,12.045,-48.527,21.755,12.127,24.907,-1.576,-2.593,3.034,
18:10:51.503,29.689,33.800,-36.400,11.372,-48.690,22.428,12.290,25.574,-1.624,-2.627,3.088,
18:10:51.513,29.699,33.800,-36.400,11.072,-48.759,22.728,12.359,25.871,-1.452,-2.602,2.980,
18:10:51.533,29.719,33.800,-36.400,10.471,-48.891,23.329,12.491,26.463,-1.026,-2.496,2.699,
18:10:51.542,29.728,31.200,-33.800,10.205,-48.948,20.995,15.148,25.889,0.009,-1.753,1.753,
18:10:51.562,29.748,31.200,-33.800,9.591,-49.072,21.609,15.272,26.461,0.991,-1.156,1.523,
18:10:51.571,29.757,31.200,-33.800,9.328,-49.122,21.872,15.322,26.705,1.563,-0.883,1.795,
18:10:51.588,29.774,31.200,-33.800,8.815,-49.217,22.385,15.417,27.180,2.031,-0.714,2.153,
18:10:51.607,29.793,31.200,-36.400,8.243,-49.316,22.957,12.916,26.341,1.554,-0.717,1.711,
18:10:51.627,29.813,31.200,-36.400,7.623,-49.416,23.577,13.016,26.931,1.207,-0.874,1.490,
18:10:51.645,29.830,31.200,-36.400,7.101,-49.493,24.099,13.093,27.426,0.981,-1.102,1.476,
18:10:51.653,29.839,31.200,-36.400,6.843,-49.530,24.357,13.130,27.670,0.860,-1.294,1.554,
18:10:51.671,29.857,28.600,-36.400,6.295,-49.602,22.305,13.202,25.920,0.764,-0.784,1.094,
18:10:51.680,29.865,28.600,-36.400,6.034,-49.635,22.566,13.235,26.161,0.738,-0.568,0.932,
18:10:51.696,29.881,28.600,-36.400,5.547,-49.691,23.053,13.291,26.610,0.719,-0.519,0.887,
18:10:51.714,29.900,28.600,-36.400,4.974,-49.752,23.626,13.352,27.137,0.738,-0.649,0.983,
18:10:51.723,29.908,28.600,-36.400,4.730,-49.776,23.870,13.376,27.363,0.788,-0.812,1.132,
18:10:51.739,29.925,23.400,-36.400,4.222,-49.821,19.178,13.421,23.408,0.826,0.372,0.906,
18:10:51.755,29.941,23.400,-36.400,3.723,-49.861,19.677,13.461,23.841,0.880,0.960,1.302,
18:10:51.765,29.950,23.400,-36.400,3.445,-49.881,19.955,13.481,24.082,0.936,1.148,1.481,
18:10:51.781,29.967,23.400,-36.400,2.938,-49.914,20.462,13.514,24.522,0.974,1.045,1.428,
18:10:51.791,29.977,23.400,-36.400,2.648,-49.930,20.752,13.530,24.773,1.017,0.805,1.297,
18:10:51.813,29.998,23.400,-39.000,1.973,-49.961,21.427,10.961,24.068,0.282,0.276,0.395,
18:10:51.821,30.007,23.400,-39.000,1.713,-49.971,21.687,10.971,24.304,-0.068,-0.162,0.175,
18:10:51.842,30.028,23.400,-39.000,1.070,-49.989,22.330,10.989,24.887,-0.268,-0.761,0.807,
18:10:51.851,30.036,23.400,-39.000,0.810,-49.993,22.590,10.993,25.123,-0.297,-1.165,1.202,
18:10:51.868,30.054,20.800,-41.600,0.275,-49.999,20.525,8.399,22.177,-0.966,-0.895,1.317,
18:10:51.885,30.071,20.800,-41.600,-0.243,-49.999,21.043,8.399,22.657,-1.242,-0.840,1.499,
18:10:51.894,30.080,20.800,-41.600,-0.511,-49.997,21.311,8.397,22.906,-1.283,-0.857,1.543,
18:10:51.911,30.097,20.800,-41.600,-1.046,-49.989,21.846,8.389,23.401,-1.151,-0.994,1.521,
18:10:51.920,30.105,20.800,-41.600,-1.300,-49.983,22.100,8.383,23.637,-0.961,-1.121,1.476,
18:10:51.938,30.124,20.800,-41.600,-1.865,-49.965,22.665,8.365,24.159,-0.649,-1.321,1.472,
18:10:51.955,30.140,20.800,-41.600,-2.374,-49.944,23.174,8.344,24.631,-0.276,-1.537,1.561,
18:10:51.963,30.149,20.800,-41.600,-2.645,-49.930,23.445,8.330,24.881,-0.001,-1.693,1.693,
18:10:51.981,30.167,20.800,-41.600,-3.181,-49.899,23.981,8.299,25.377,0.302,-1.854,1.879,
18:10:51.989,30.175,20.800,-41.600,-3.442,-49.881,24.242,8.281,25.617,0.501,-1.969,2.032,
18:10:52.006,30.191,18.200,-41.600,-3.937,-49.845,22.137,8.245,23.622,0.700,-1.378,1.545,
18:10:52.025,30.211,18.200,-41.600,-4.529,-49.794,22.729,8.194,24.161,0.861,-1.020,1.334,
18:10:52.033,30.219,18.200,-41.600,-4.781,-49.771,22.981,8.171,24.390,0.934,-0.882,1.284,
18:10:52.051,30.237,18.200,-41.600,-5.318,-49.716,23.518,8.116,24.879,0.978,-0.853,1.298,
18:10:52.059,30.245,18.200,-41.600,-5.567,-49.689,23.767,8.089,25.106,0.986,-0.915,1.346,
18:10:52.076,30.262,18.200,-41.600,-6.074,-49.630,24.274,8.030,25.568,0.964,-1.036,1.415,
18:10:52.094,30.280,18.200,-41.600,-6.628,-49.559,24.828,7.959,26.072,0.907,-1.247,1.542,
18:10:52.103,30.289,18.200,-41.600,-6.894,-49.522,25.094,7.922,26.315,0.864,-1.437,1.677,
18:10:52.120,30.306,15.600,-44.200,-7.410,-49.448,23.010,5.248,23.601,0.082,-0.930,0.933,
18:10:52.129,30.315,15.600,-44.200,-7.671,-49.408,23.271,5.208,23.846,-0.358,-0.700,0.786,
18:10:52.145,30.331,15.600,-44.200,-8.156,-49.330,23.756,5.130,24.304,-0.656,-0.632,0.911,
18:10:52.152,30.338,15.600,-44.200,-8.369,-49.295,23.969,5.095,24.504,-0.776,-0.665,1.022,
18:10:52.169,30.354,15.600,-44.200,-8.871,-49.207,24.471,5.007,24.978,-0.822,-0.789,1.140,
18:10:52.186,30.371,15.600,-41.600,-9.376,-49.113,24.976,7.513,26.081,-0.017,-1.020,1.020,
18:10:52.197,30.383,15.600,-41.600,-9.717,-49.047,25.317,7.447,26.389,0.529,-1.255,1.362,
18:10:52.214,30.400,15.600,-41.600,-10.227,-48.943,25.827,7.343,26.851,0.925,-1.516,1.776,
18:10:52.222,30.408,15.600,-41.600,-10.465,-48.893,26.065,7.293,27.066,1.154,-1.719,2.070,
18:10:52.238,30.424,15.600,-41.600,-10.942,-48.788,26.542,7.188,27.498,1.299,-1.920,2.318,
18:10:52.255,30.441,10.400,-44.200,-11.464,-48.668,21.864,4.468,22.316,0.616,-0.665,0.906,
18:10:52.264,30.450,10.400,-44.200,-11.726,-48.606,22.126,4.406,22.560,0.201,-0.013,0.202,
18:10:52.281,30.467,10.400,-44.200,-12.233,-48.480,22.633,4.280,23.035,-0.107,0.315,0.333,
18:10:52.289,30.475,10.400,-44.200,-12.466,-48.421,22.866,4.221,23.252,-0.269,0.391,0.475,
18:10:52.307,30.493,10.400,-44.200,-13.008,-48.278,23.408,4.078,23.761,-0.386,0.273,0.473,
18:10:52.325,30.511,7.800,-44.200,-13.533,-48.134,21.333,3.934,21.693,-0.397,0.661,0.771,
18:10:52.344,30.530,7.800,-44.200,-14.090,-47.974,21.890,3.774,22.213,-0.330,0.595,0.681,
18:10:52.353,30.538,7.800,-44.200,-14.337,-47.900,22.137,3.700,22.444,-0.249,0.409,0.479,
18:10:52.370,30.556,7.800,-44.200,-14.841,-47.747,22.641,3.547,22.918,-0.155,0.048,0.162,
18:10:52.387,30.573,7.800,-44.200,-15.342,-47.588,23.142,3.388,23.389,-0.042,-0.439,0.441,
18:10:52.405,30.591,7.800,-44.200,-15.880,-47.411,23.680,3.211,23.897,0.071,-0.981,0.983,
18:10:52.414,30.599,7.800,-44.200,-16.118,-47.331,23.918,3.131,24.122,0.146,-1.335,1.343,
18:10:52.429,30.614,7.800,-44.200,-16.551,-47.181,24.351,2.981,24.533,0.206,-1.687,1.699,
18:10:52.445,30.631,7.800,-46.800,-17.033,-47.009,24.833,0.209,24.834,-0.469,-2.008,2.062,
18:10:52.454,30.640,7.800,-46.800,-17.284,-46.918,25.084,0.118,25.084,-0.837,-2.211,2.364,
18:10:52.470,30.656,7.800,-46.800,-17.753,-46.742,25.553,-0.058,25.553,-1.050,-2.395,2.615,
18:10:52.479,30.665,7.800,-46.800,-18.003,-46.646,25.803,-0.154,25.804,-1.128,-2.497,2.740,
18:10:52.496,30.682,7.800,-46.800,-18.489,-46.456,26.289,-0.344,26.291,-1.114,-2.567,2.799,
18:10:52.514,30.700,7.800,-46.800,-19.012,-46.244,26.812,-0.556,26.818,-0.983,-2.584,2.765,
18:10:52.523,30.709,7.800,-46.800,-19.256,-46.143,27.056,-0.657,27.064,-0.852,-2.586,2.723,
18:10:52.540,30.725,7.800,-46.800,-19.724,-45.945,27.524,-0.855,27.538,-0.682,-2.543,2.633,
18:10:52.555,30.741,7.800,-46.800,-20.171,-45.751,27.971,-1.049,27.991,-0.500,-2.489,2.539,
18:10:52.564,30.750,7.800,-46.800,-20.413,-45.643,28.213,-1.157,28.237,-0.373,-2.467,2.495,
18:10:52.579,30.765,2.600,-46.800,-20.840,-45.450,23.440,-1.350,23.478,-0.243,-1.041,1.069,
18:10:52.596,30.781,2.600,-46.800,-21.295,-45.239,23.895,-1.561,23.946,-0.129,-0.115,0.173,
18:10:52.615,30.800,2.600,-46.800,-21.824,-44.986,24.424,-1.814,24.492,-0.038,0.340,0.342,
18:10:52.623,30.808,2.600,-46.800,-22.037,-44.882,24.637,-1.918,24.712,-0.005,0.436,0.436,
18:10:52.641,30.827,5.200,-46.800,-22.540,-44.631,27.740,-2.169,27.825,0.019,-0.366,0.366,
18:10:52.649,30.835,5.200,-46.800,-22.761,-44.519,27.961,-2.281,28.054,0.013,-0.983,0.983,
18:10:52.666,30.851,5.200,-46.800,-23.218,-44.282,28.418,-2.518,28.529,-0.006,-1.547,1.547,
18:10:52.684,30.870,5.200,-46.800,-23.710,-44.021,28.910,-2.779,29.044,-0.051,-2.085,2.085,
18:10:52.693,30.878,5.200,-46.800,-23.934,-43.900,29.134,-2.900,29.278,-0.090,-2.431,2.433,
18:10:52.710,30.896,2.600,-46.800,-24.396,-43.644,26.996,-3.156,27.180,-0.143,-2.003,2.008,
18:10:52.727,30.913,2.600,-46.800,-24.861,-43.381,27.461,-3.419,27.673,-0.204,-1.760,1.771,
18:10:52.744,30.930,2.600,-46.800,-25.319,-43.116,27.919,-3.684,28.161,-0.263,-1.663,1.684,
18:10:52.753,30.939,2.600,-46.800,-25.540,-42.985,28.140,-3.815,28.398,-0.300,-1.654,1.681,
18:10:52.768,30.954,0.000,-44.200,-25.948,-42.740,25.948,-1.460,25.989,0.347,-0.991,1.050,
18:10:52.785,30.970,0.000,-44.200,-26.371,-42.480,26.371,-1.720,26.427,0.741,-0.646,0.983,
18:10:52.793,30.978,0.000,-44.200,-26.576,-42.352,26.576,-1.848,26.640,0.928,-0.542,1.075,
18:10:52.809,30.995,0.000,-44.200,-27.006,-42.080,27.006,-2.120,27.089,0.975,-0.569,1.128,
18:10:52.826,31.012,-2.600,-44.200,-27.431,-41.804,24.831,-2.396,24.946,0.897,-0.027,0.898,
18:10:52.845,31.030,-2.600,-44.200,-27.914,-41.483,25.314,-2.717,25.459,0.699,0.095,0.706,
18:10:52.853,31.038,-2.600,-44.200,-28.113,-41.348,25.513,-2.852,25.672,0.541,0.018,0.542,
18:10:52.869,31.055,-2.600,-44.200,-28.540,-41.055,25.940,-3.145,26.130,0.322,-0.209,0.384,
18:10:52.878,31.064,-2.600,-44.200,-28.753,-40.906,26.153,-3.294,26.359,0.161,-0.473,0.500,
18:10:52.894,31.080,-5.200,-44.200,-29.150,-40.624,23.950,-3.576,24.215,-0.038,-0.132,0.138,
18:10:52.903,31.089,-5.200,-44.200,-29.369,-40.466,24.169,-3.734,24.456,-0.173,-0.040,0.178,
18:10:52.919,31.105,-5.200,-44.200,-29.770,-40.171,24.570,-4.029,24.898,-0.331,-0.158,0.367,
18:10:52.934,31.119,-5.200,-44.200,-30.130,-39.902,24.930,-4.298,25.298,-0.457,-0.425,0.624,
18:10:52.942,31.127,-5.200,-44.200,-30.317,-39.760,25.117,-4.440,25.507,-0.524,-0.669,0.850,
18:10:52.957,31.142,-7.800,-44.200,-30.686,-39.476,22.886,-4.724,23.368,-0.599,-0.305,0.672,
18:10:52.974,31.160,-7.800,-44.200,-31.103,-39.149,23.303,-5.051,23.844,-0.654,-0.238,0.696,
18:10:52.982,31.168,-7.800,-44.200,-31.302,-38.990,23.502,-5.210,24.072,-0.669,-0.300,0.733,
18:10:53.000,31.185,-7.800,-44.200,-31.713,-38.656,23.913,-5.544,24.548,-0.687,-0.521,0.862,
18:10:53.017,31.203,-10.400,-44.200,-32.128,-38.312,21.728,-5.888,22.512,-0.684,-0.122,0.695,
18:10:53.034,31.220,-10.400,-44.200,-32.531,-37.970,22.131,-6.230,22.991,-0.670,-0.071,0.674,
18:10:53.041,31.227,-10.400,-44.200,-32.696,-37.828,22.296,-6.372,23.189,-0.656,-0.133,0.669,
18:10:53.058,31.244,-10.400,-44.200,-33.078,-37.494,22.678,-6.706,23.649,-0.643,-0.339,0.727,
18:10:53.076,31.262,-10.400,-44.200,-33.493,-37.124,23.093,-7.076,24.153,-0.632,-0.674,0.924,
18:10:53.096,31.281,-10.400,-44.200,-33.942,-36.714,23.542,-7.486,24.704,-0.626,-1.088,1.255,
18:10:53.114,31.299,-10.400,-44.200,-34.350,-36.333,23.950,-7.867,25.209,-0.630,-1.476,1.605,
18:10:53.122,31.308,-10.400,-44.200,-34.529,-36.163,24.129,-8.037,25.433,-0.638,-1.718,1.833,
18:10:53.137,31.323,-13.000,-44.200,-34.871,-35.833,21.871,-8.367,23.416,-0.650,-1.251,1.410,
18:10:53.155,31.341,-13.000,-44.200,-35.260,-35.451,22.260,-8.749,23.918,-0.670,-1.006,1.209,
18:10:53.165,31.351,-13.000,-44.200,-35.475,-35.235,22.475,-8.965,24.197,-0.693,-0.920,1.152,
18:10:53.185,31.371,-13.000,-44.200,-35.902,-34.800,22.902,-9.400,24.756,-0.722,-0.955,1.197,
18:10:53.194,31.380,-10.400,-41.600,-36.098,-34.597,25.698,-7.003,26.635,-0.087,-1.712,1.714,
18:10:53.211,31.396,-10.400,-41.600,-36.444,-34.232,26.044,-7.368,27.066,0.320,-2.282,2.305,
18:10:53.228,31.413,-10.400,-41.600,-36.797,-33.853,26.397,-7.747,27.510,0.500,-2.679,2.726,
18:10:53.248,31.434,-15.600,-44.200,-37.218,-33.388,21.618,-10.812,24.171,-0.290,-1.368,1.398,
18:10:53.269,31.455,-15.600,-44.200,-37.657,-32.893,22.057,-11.307,24.787,-0.884,-0.618,1.079,
18:10:53.287,31.473,-15.600,-44.200,-38.012,-32.482,22.412,-11.718,25.291,-1.267,-0.301,1.302,
18:10:53.305,31.490,-15.600,-44.200,-38.361,-32.069,22.761,-12.131,25.792,-1.507,-0.238,1.525,
18:10:53.314,31.500,-15.600,-44.200,-38.547,-31.845,22.947,-12.355,26.062,-1.616,-0.318,1.647,
18:10:53.333,31.519,-15.600,-44.200,-38.918,-31.391,23.318,-12.809,26.605,-1.673,-0.496,1.745,
18:10:53.343,31.529,-15.600,-44.200,-39.111,-31.151,23.511,-13.049,26.889,-1.666,-0.728,1.818,
18:10:53.360,31.545,-18.200,-41.600,-39.420,-30.758,21.220,-10.842,23.829,-0.913,-0.284,0.956,
18:10:53.370,31.555,-18.200,-41.600,-39.605,-30.519,21.405,-11.081,24.103,-0.455,-0.124,0.471,
18:10:53.386,31.572,-18.200,-41.600,-39.910,-30.119,21.710,-11.481,24.559,-0.152,-0.155,0.217,
18:10:53.403,31.589,-18.200,-41.600,-40.225,-29.698,22.025,-11.902,25.035,-0.013,-0.356,0.356,
18:10:53.412,31.598,-18.200,-41.600,-40.382,-29.483,22.182,-12.117,25.276,0.002,-0.568,0.568,
18:10:53.429,31.615,-18.200,-41.600,-40.682,-29.068,22.482,-12.532,25.739,-0.062,-0.844,0.846,
18:10:53.447,31.633,-18.200,-41.600,-41.011,-28.603,22.811,-12.997,26.253,-0.231,-1.179,1.202,
18:10:53.466,31.652,-18.200,-41.600,-41.340,-28.124,23.140,-13.476,26.778,-0.465,-1.509,1.579,
18:10:53.486,31.672,-20.800,-39.000,-41.690,-27.604,20.890,-11.396,23.796,0.054,-1.019,1.020,
18:10:53.506,31.692,-20.800,-39.000,-42.020,-27.098,21.220,-11.902,24.330,0.206,-0.839,0.864,
18:10:53.524,31.710,-20.800,-39.000,-42.324,-26.621,21.524,-12.379,24.830,0.137,-0.845,0.856,
18:10:53.533,31.719,-20.800,-39.000,-42.468,-26.391,21.668,-12.609,25.070,0.035,-0.907,0.907,
18:10:53.552,31.737,-20.800,-39.000,-42.763,-25.911,21.963,-13.089,25.567,-0.168,-1.024,1.037,
18:10:53.563,31.748,-20.800,-39.000,-42.937,-25.621,22.137,-13.379,25.866,-0.368,-1.167,1.224,
18:10:53.579,31.764,-20.800,-39.000,-43.185,-25.201,22.385,-13.799,26.296,-0.603,-1.326,1.457,
18:10:53.597,31.783,-20.800,-39.000,-43.469,-24.707,22.669,-14.293,26.799,-0.863,-1.506,1.736,
18:10:53.615,31.801,-23.400,-39.000,-43.743,-24.220,20.343,-14.780,25.145,-1.098,-0.913,1.428,
18:10:53.636,31.821,-23.400,-39.000,-44.046,-23.663,20.646,-15.337,25.719,-1.302,-0.643,1.452,
18:10:53.653,31.839,-23.400,-39.000,-44.300,-23.184,20.900,-15.816,26.210,-1.442,-0.604,1.564,
18:10:53.662,31.848,-23.400,-39.000,-44.425,-22.944,21.025,-16.056,26.454,-1.515,-0.654,1.650,
18:10:53.679,31.865,-26.000,-39.000,-44.665,-22.472,18.665,-16.528,24.931,-1.573,-0.052,1.574,
18:10:53.697,31.883,-26.000,-39.000,-44.905,-21.990,18.905,-17.010,25.431,-1.603,0.186,1.614,
18:10:53.715,31.901,-26.000,-39.000,-45.149,-21.484,19.149,-17.516,25.952,-1.610,0.140,1.616,
18:10:53.724,31.910,-26.000,-39.000,-45.261,-21.248,19.261,-17.752,26.194,-1.615,0.006,1.615,
18:10:53.740,31.926,-28.600,-36.400,-45.471,-20.795,16.871,-15.605,22.981,-0.900,0.488,1.024,
18:10:53.749,31.934,-28.600,-36.400,-45.579,-20.556,16.979,-15.844,23.223,-0.503,0.658,0.829,
18:10:53.766,31.952,-28.600,-36.400,-45.797,-20.066,17.197,-16.334,23.718,-0.255,0.597,0.650,
18:10:53.786,31.972,-28.600,-36.400,-46.040,-19.501,17.440,-16.899,24.284,-0.204,0.288,0.352,
18:10:53.804,31.990,-31.200,-36.400,-46.251,-18.996,15.051,-17.404,23.009,-0.316,0.633,0.707,
18:10:53.812,31.998,-31.200,-36.400,-46.345,-18.765,15.145,-17.635,23.246,-0.454,0.706,0.839,
18:10:53.829,32.015,-31.200,-36.400,-46.541,-18.275,15.341,-18.125,23.746,-0.642,0.558,0.851,
18:10:53.848,32.033,-31.200,-36.400,-46.744,-17.748,15.544,-18.652,24.280,-0.896,0.228,0.924,
18:10:53.868,32.054,-31.200,-39.000,-46.961,-17.167,15.761,-21.833,26.927,-1.952,-0.217,1.964,
18:10:53.885,32.071,-31.200,-39.000,-47.142,-16.662,15.942,-22.338,27.443,-2.595,-0.637,2.672,
18:10:53.894,32.080,-31.200,-39.000,-47.228,-16.416,16.028,-22.584,27.693,-2.913,-0.903,3.050,
18:10:53.911,32.096,-31.200,-39.000,-47.395,-15.930,16.195,-23.070,28.187,-3.086,-1.176,3.302,
18:10:53.919,32.105,-31.200,-39.000,-47.476,-15.687,16.276,-23.313,28.432,-3.135,-1.346,3.411,
18:10:53.937,32.123,-31.200,-36.400,-47.648,-15.156,16.448,-21.244,26.867,-2.360,-1.519,2.806,
18:10:53.957,32.142,-31.200,-36.400,-47.827,-14.581,16.627,-21.819,27.432,-1.736,-1.637,2.386,
18:10:53.977,32.162,-31.200,-36.400,-48.002,-13.994,16.802,-22.406,28.006,-1.321,-1.685,2.141,
18:10:53.995,32.181,-31.200,-33.800,-48.157,-13.449,16.957,-20.351,26.490,-0.331,-1.680,1.712,
18:10:54.004,32.189,-31.200,-33.800,-48.228,-13.193,17.028,-20.607,26.732,0.090,-1.670,1.672,
18:10:54.023,32.209,-31.200,-33.800,-48.382,-12.617,17.182,-21.183,27.275,0.288,-1.609,1.635,
18:10:54.032,32.217,-31.200,-33.800,-48.447,-12.365,17.247,-21.435,27.512,0.249,-1.581,1.600,
18:10:54.050,32.236,-33.800,-31.200,-48.587,-11.804,14.787,-19.396,24.390,0.800,-0.779,1.116,
18:10:54.061,32.247,-33.800,-31.200,-48.662,-11.491,14.862,-19.709,24.684,0.931,-0.340,0.991,
18:10:54.079,32.265,-33.800,-31.200,-48.787,-10.946,14.987,-20.254,25.196,0.773,-0.063,0.776,
18:10:54.098,32.283,-33.800,-31.200,-48.909,-10.388,15.109,-20.812,25.718,0.355,0.013,0.355,
18:10:54.117,32.302,-33.800,-31.200,-49.028,-9.812,15.228,-21.388,26.255,-0.206,-0.075,0.219,
18:10:54.136,32.322,-33.800,-31.200,-49.141,-9.231,15.341,-21.969,26.795,-0.799,-0.269,0.843,
18:10:54.154,32.340,-33.800,-31.200,-49.240,-8.685,15.440,-22.515,27.300,-1.328,-0.505,1.420,
18:10:54.163,32.349,-33.800,-31.200,-49.289,-8.400,15.489,-22.800,27.564,-1.656,-0.693,1.795,
18:10:54.181,32.367,-33.800,-28.600,-49.376,-7.872,15.576,-20.728,25.928,-1.262,-0.880,1.539,
18:10:54.190,32.376,-33.800,-28.600,-49.419,-7.601,15.619,-20.999,26.171,-1.059,-1.027,1.475,
18:10:54.207,32.392,-33.800,-28.600,-49.494,-7.093,15.694,-21.507,26.624,-1.011,-1.164,1.542,
18:10:54.225,32.411,-33.800,-28.600,-49.573,-6.523,15.773,-22.077,27.132,-1.079,-1.284,1.677,
18:10:54.234,32.420,-39.000,-26.000,-49.607,-6.253,10.607,-19.747,22.416,-0.502,-0.032,0.503,
18:10:54.251,32.437,-39.000,-26.000,-49.671,-5.727,10.671,-20.273,22.909,-0.202,0.804,0.829,
18:10:54.260,32.445,-39.000,-26.000,-49.699,-5.476,10.699,-20.524,23.145,-0.115,1.201,1.207,
18:10:54.275,32.461,-39.000,-26.000,-49.749,-5.008,10.749,-20.992,23.583,-0.176,1.368,1.379,
18:10:54.284,32.469,-39.000,-26.000,-49.774,-4.752,10.774,-21.248,23.823,-0.302,1.357,1.390,
18:10:54.302,32.488,-39.000,-26.000,-49.825,-4.179,10.825,-21.821,24.358,-0.551,1.173,1.296,
18:10:54.312,32.498,-39.000,-26.000,-49.849,-3.885,10.849,-22.115,24.633,-0.805,0.902,1.209,
18:10:54.329,32.515,-39.000,-26.000,-49.888,-3.351,10.888,-22.649,25.130,-1.116,0.527,1.234,
18:10:54.348,32.534,-39.000,-26.000,-49.923,-2.766,10.923,-23.234,25.674,-1.459,0.066,1.461,
18:10:54.368,32.554,-41.600,-23.400,-49.953,-2.164,8.353,-21.236,22.820,-1.003,0.383,1.074,
18:10:54.387,32.572,-41.600,-23.400,-49.975,-1.587,8.375,-21.813,23.366,-0.851,0.411,0.945,
18:10:54.407,32.593,-41.600,-23.400,-49.991,-0.967,8.391,-22.433,23.951,-0.899,0.260,0.936,
18:10:54.426,32.612,-41.600,-20.800,-49.999,-0.377,8.399,-20.423,22.082,-0.279,0.045,0.283,
18:10:54.446,32.631,-41.600,-20.800,-49.999,0.231,8.399,-21.031,22.647,-0.100,-0.196,0.220,
18:10:54.464,32.650,-41.600,-20.800,-49.994,0.802,8.394,-21.602,23.176,-0.200,-0.417,0.462,
18:10:54.472,32.658,-41.600,-20.800,-49.989,1.033,8.389,-21.833,23.389,-0.341,-0.543,0.641,
18:10:54.488,32.674,-41.600,-18.200,-49.976,1.534,8.376,-19.734,21.438,0.130,-0.667,0.680,
18:10:54.506,32.692,-41.600,-18.200,-49.957,2.083,8.357,-20.283,21.937,0.236,-0.767,0.803,
18:10:54.526,32.712,-41.600,-18.200,-49.927,2.699,8.327,-20.899,22.497,0.033,-0.830,0.831,
18:10:54.545,32.730,-41.600,-18.200,-49.893,3.265,8.293,-21.465,23.012,-0.323,-0.852,0.911,
18:10:54.553,32.738,-41.600,-18.200,-49.877,3.510,8.277,-21.710,23.234,-0.597,-0.857,1.045,
18:10:54.569,32.755,-41.600,-18.200,-49.838,4.017,8.238,-22.217,23.695,-0.932,-0.836,1.252,
18:10:54.585,32.771,-41.600,-18.200,-49.796,4.507,8.196,-22.707,24.141,-1.282,-0.801,1.511,
18:10:54.594,32.779,-41.600,-18.200,-49.774,4.751,8.174,-22.951,24.363,-1.525,-0.781,1.713,
18:10:54.610,32.795,-44.200,-15.600,-49.724,5.248,5.524,-20.848,21.567,-1.089,-0.038,1.089,
18:10:54.627,32.812,-44.200,-15.600,-49.667,5.758,5.467,-21.358,22.047,-0.884,0.448,0.991,
18:10:54.647,32.833,-44.200,-15.600,-49.590,6.392,5.390,-21.992,22.643,-0.884,0.697,1.126,
18:10:54.666,32.852,-44.200,-13.000,-49.514,6.957,5.314,-19.957,20.652,-0.230,0.738,0.773,
18:10:54.683,32.869,-44.200,-13.000,-49.436,7.491,5.236,-20.491,21.149,-0.010,0.647,0.647,
18:10:54.692,32.877,-44.200,-13.000,-49.397,7.740,5.197,-20.740,21.381,0.007,0.532,0.532,
18:10:54.709,32.894,-44.200,-13.000,-49.315,8.248,5.115,-21.248,21.855,-0.127,0.378,0.398,
18:10:54.725,32.911,-44.200,-15.600,-49.227,8.757,5.027,-24.357,24.871,-1.137,0.181,1.151,
18:10:54.734,32.920,-44.200,-15.600,-49.181,9.013,4.981,-24.613,25.111,-1.780,0.030,1.781,
18:10:54.750,32.936,-44.200,-15.600,-49.089,9.502,4.889,-25.102,25.574,-2.309,-0.127,2.313,
18:10:54.761,32.946,-44.200,-15.600,-49.028,9.813,4.828,-25.413,25.868,-2.653,-0.248,2.665,
18:10:54.778,32.964,-44.200,-15.600,-48.920,10.336,4.720,-25.936,26.362,-2.912,-0.364,2.935,
18:10:54.798,32.984,-44.200,-13.000,-48.789,10.937,4.589,-23.937,24.373,-2.261,-0.456,2.307,
18:10:54.815,33.001,-44.200,-13.000,-48.669,11.459,4.469,-24.459,24.864,-1.840,-0.504,1.908,
18:10:54.835,33.021,-44.200,-13.000,-48.528,12.042,4.328,-25.042,25.413,-1.588,-0.517,1.670,
18:10:54.845,33.030,-44.200,-13.000,-48.456,12.331,4.256,-25.331,25.686,-1.489,-0.514,1.575,
18:10:54.861,33.047,-46.800,-13.000,-48.330,12.814,1.530,-25.814,25.859,-1.438,0.217,1.455,
18:10:54.870,33.056,-46.800,-13.000,-48.257,13.088,1.457,-26.088,26.129,-1.469,0.635,1.601,
18:10:54.889,33.075,-46.800,-13.000,-48.101,13.648,1.301,-26.648,26.679,-1.525,0.905,1.773,
18:10:54.908,33.094,-46.800,-13.000,-47.941,14.200,1.141,-27.200,27.224,-1.657,0.993,1.932,
18:10:54.927,33.113,-44.200,-13.000,-47.768,14.771,3.568,-27.771,28.000,-1.823,0.156,1.830,
18:10:54.946,33.132,-44.200,-13.000,-47.591,15.334,3.391,-28.334,28.536,-1.993,-0.406,2.034,
18:10:54.968,33.153,-44.200,-13.000,-47.386,15.956,3.186,-28.956,29.131,-2.154,-0.751,2.282,
18:10:54.987,33.173,-44.200,-10.400,-47.191,16.522,2.991,-26.922,27.087,-1.513,-0.921,1.771,
18:10:55.007,33.192,-44.200,-10.400,-46.987,17.095,2.787,-27.495,27.636,-1.230,-0.951,1.555,
18:10:55.027,33.213,-44.200,-10.400,-46.763,17.698,2.563,-28.098,28.214,-1.191,-0.872,1.476,
18:10:55.048,33.233,-44.200,-7.800,-46.541,18.275,2.341,-26.075,26.179,-0.513,-0.724,0.887,
18:10:55.068,33.254,-44.200,-7.800,-46.302,18.871,2.102,-26.671,26.754,-0.340,-0.538,0.636,
18:10:55.085,33.271,-44.200,-7.800,-46.100,19.360,1.900,-27.160,27.226,-0.458,-0.373,0.590,
18:10:55.107,33.293,-46.800,-5.200,-45.837,19.975,-0.963,-25.175,25.193,0.026,0.597,0.597,
18:10:55.126,33.312,-46.800,-5.200,-45.596,20.519,-1.204,-25.719,25.747,0.012,1.121,1.121,
18:10:55.146,33.332,-46.800,-5.200,-45.346,21.066,-1.454,-26.266,26.306,-0.283,1.340,1.370,
18:10:55.167,33.353,-44.200,-2.600,-45.063,21.665,0.863,-24.265,24.280,0.052,0.556,0.558,
18:10:55.188,33.373,-44.200,-2.600,-44.789,22.225,0.589,-24.825,24.832,-0.071,0.018,0.074,
18:10:55.207,33.393,-44.200,-2.600,-44.515,22.768,0.315,-25.368,25.370,-0.426,-0.321,0.533,
18:10:55.227,33.413,-44.200,-0.000,-44.229,23.319,0.029,-23.319,23.319,-0.097,-0.513,0.522,
18:10:55.249,33.435,-44.200,-0.000,-43.913,23.910,-0.287,-23.910,23.911,-0.212,-0.575,0.612,
18:10:55.269,33.455,-44.200,-0.000,-43.616,24.447,-0.584,-24.447,24.454,-0.537,-0.521,0.748,
18:10:55.280,33.465,-44.200,-0.000,-43.455,24.731,-0.745,-24.731,24.742,-0.823,-0.445,0.936,
18:10:55.296,33.482,-44.200,2.600,-43.200,25.175,-1.000,-22.575,22.597,-0.438,-0.333,0.550,
18:10:55.316,33.502,-44.200,2.600,-42.894,25.692,-1.306,-23.092,23.129,-0.396,-0.183,0.436,
18:10:55.337,33.523,-44.200,2.600,-42.559,26.243,-1.641,-23.643,23.700,-0.608,-0.020,0.608,
18:10:55.355,33.540,-44.200,0.000,-42.274,26.700,-1.926,-26.700,26.769,-1.669,0.113,1.673,
18:10:55.363,33.548,-44.200,0.000,-42.146,26.902,-2.054,-26.902,26.980,-2.256,0.181,2.263,
18:10:55.379,33.565,-44.200,0.000,-41.873,27.325,-2.327,-27.325,27.424,-2.706,0.265,2.718,
18:10:55.397,33.582,-44.200,0.000,-41.574,27.778,-2.626,-27.778,27.902,-3.013,0.333,3.032,
18:10:55.416,33.601,-46.800,5.200,-41.245,28.263,-5.555,-23.063,23.723,-1.623,1.151,1.990,
18:10:55.434,33.620,-46.800,5.200,-40.922,28.729,-5.878,-23.529,24.252,-0.809,1.591,1.785,
18:10:55.442,33.628,-46.800,5.200,-40.779,28.933,-6.021,-23.733,24.485,-0.448,1.765,1.821,
18:10:55.459,33.645,-46.800,5.200,-40.472,29.360,-6.328,-24.160,24.975,-0.271,1.811,1.831,
18:10:55.477,33.662,-46.800,2.600,-40.154,29.794,-6.646,-27.194,27.995,-1.066,1.713,2.018,
18:10:55.494,33.680,-46.800,2.600,-39.835,30.219,-6.965,-27.619,28.484,-1.712,1.523,2.291,
18:10:55.503,33.688,-46.800,2.600,-39.677,30.426,-7.123,-27.826,28.723,-2.129,1.368,2.531,
18:10:55.521,33.707,-46.800,2.600,-39.330,30.873,-7.470,-28.273,29.243,-2.463,1.156,2.721,
18:10:55.529,33.715,-46.800,2.600,-39.172,31.074,-7.628,-28.474,29.478,-2.677,1.012,2.862,
18:10:55.545,33.731,-44.200,5.200,-38.865,31.457,-5.335,-26.257,26.793,-2.126,0.150,2.131,
18:10:55.554,33.739,-44.200,5.200,-38.705,31.653,-5.495,-26.453,27.018,-1.807,-0.349,1.841,
18:10:55.569,33.755,-44.200,5.200,-38.401,32.022,-5.799,-26.822,27.441,-1.586,-0.697,1.732,
18:10:55.586,33.772,-44.200,5.200,-38.068,32.416,-6.132,-27.216,27.898,-1.483,-0.849,1.708,
18:10:55.605,33.790,-46.800,7.800,-37.693,32.852,-9.107,-25.052,26.656,-0.720,-0.064,0.723,
18:10:55.613,33.799,-46.800,7.800,-37.521,33.048,-9.279,-25.248,26.900,-0.408,0.434,0.595,
18:10:55.630,33.815,-46.800,7.800,-37.185,33.426,-9.615,-25.626,27.371,-0.284,0.823,0.871,
18:10:55.639,33.824,-46.800,7.800,-37.003,33.628,-9.797,-25.828,27.623,-0.332,1.077,1.127,
18:10:55.658,33.843,-46.800,7.800,-36.607,34.057,-10.193,-26.257,28.166,-0.504,1.293,1.388,
18:10:55.675,33.861,-44.200,10.400,-36.240,34.448,-7.960,-24.048,25.332,-0.086,0.665,0.670,
18:10:55.684,33.870,-44.200,10.400,-36.050,34.647,-8.150,-24.247,25.580,0.014,0.311,0.311,
18:10:55.702,33.887,-44.200,10.400,-35.670,35.038,-8.530,-24.638,26.072,-0.099,0.097,0.139,
18:10:55.710,33.896,-44.200,10.400,-35.494,35.216,-8.706,-24.816,26.299,-0.287,0.001,0.287,
18:10:55.726,33.911,-44.200,10.400,-35.151,35.558,-9.049,-25.158,26.736,-0.568,-0.024,0.569,
18:10:55.734,33.920,-41.600,13.000,-34.973,35.733,-6.627,-22.733,23.680,-0.212,-0.617,0.652,
18:10:55.750,33.936,-41.600,13.000,-34.621,36.075,-6.979,-23.075,24.107,-0.093,-0.977,0.981,
18:10:55.759,33.945,-41.600,13.000,-34.418,36.268,-7.182,-23.268,24.351,-0.136,-1.111,1.119,
18:10:55.775,33.961,-41.600,13.000,-34.057,36.608,-7.543,-23.608,24.784,-0.338,-1.066,1.119,
18:10:55.784,33.970,-41.600,13.000,-33.863,36.787,-7.737,-23.787,25.013,-0.561,-0.940,1.095,
18:10:55.801,33.987,-41.600,15.600,-33.481,37.135,-8.119,-21.535,23.014,-0.179,-0.686,0.709,
18:10:55.810,33.995,-41.600,15.600,-33.283,37.313,-8.317,-21.713,23.251,-0.046,-0.447,0.449,
18:10:55.827,34.013,-41.600,15.600,-32.881,37.667,-8.719,-22.067,23.727,-0.128,-0.114,0.171,
18:10:55.844,34.030,-41.600,15.600,-32.488,38.007,-9.112,-22.407,24.189,-0.376,0.238,0.445,
18:10:55.852,34.038,-41.600,15.600,-32.304,38.163,-9.296,-22.563,24.403,-0.602,0.462,0.759,
18:10:55.870,34.056,-41.600,18.200,-31.879,38.519,-9.721,-20.319,22.525,-0.209,0.727,0.756,
18:10:55.879,34.064,-41.600,18.200,-31.675,38.687,-9.925,-20.487,22.765,-0.069,0.882,0.884,
18:10:55.894,34.080,-41.600,18.200,-31.308,38.985,-10.292,-20.785,23.193,-0.115,1.038,1.045,
18:10:55.902,34.088,-41.600,18.200,-31.117,39.138,-10.483,-20.938,23.416,-0.226,1.121,1.143,
18:10:55.921,34.106,-41.600,18.200,-30.672,39.487,-10.928,-21.287,23.929,-0.474,1.210,1.300,
18:10:55.929,34.115,-39.000,18.200,-30.472,39.641,-8.528,-21.441,23.075,-0.707,0.602,0.928,
18:10:55.945,34.131,-39.000,18.200,-30.071,39.947,-8.929,-21.747,23.509,-0.996,0.176,1.012,
18:10:55.963,34.149,-39.000,18.200,-29.636,40.270,-9.364,-22.070,23.974,-1.316,-0.062,1.317,
18:10:55.972,34.158,-39.000,18.200,-29.429,40.422,-9.571,-22.222,24.195,-1.536,-0.155,1.544,
18:10:55.988,34.173,-41.600,20.800,-29.042,40.701,-12.558,-19.901,23.532,-1.052,0.540,1.183,
18:10:56.005,34.191,-41.600,20.800,-28.594,41.017,-13.006,-20.217,24.040,-0.792,1.099,1.355,
18:10:56.014,34.200,-41.600,20.800,-28.375,41.169,-13.225,-20.369,24.285,-0.698,1.433,1.594,
18:10:56.031,34.216,-41.600,20.800,-27.952,41.457,-13.648,-20.657,24.759,-0.706,1.681,1.823,
18:10:56.039,34.224,-41.600,20.800,-27.755,41.589,-13.845,-20.789,24.977,-0.774,1.807,1.965,
18:10:56.055,34.240,-39.000,23.400,-27.345,41.860,-11.655,-18.460,21.831,-0.206,1.194,1.212,
18:10:56.063,34.249,-39.000,23.400,-27.121,42.005,-11.879,-18.605,22.074,0.062,0.803,0.805,
18:10:56.080,34.265,-39.000,23.400,-26.702,42.273,-12.298,-18.873,22.526,0.143,0.528,0.547,
18:10:56.096,34.282,-39.000,23.400,-26.262,42.548,-12.738,-19.148,22.998,0.023,0.377,0.378,
18:10:56.115,34.301,-39.000,23.400,-25.758,42.854,-13.242,-19.454,23.533,-0.260,0.352,0.438,
18:10:56.123,34.309,-39.000,23.400,-25.555,42.976,-13.445,-19.576,23.748,-0.501,0.391,0.635,
18:10:56.139,34.324,-39.000,23.400,-25.153,43.213,-13.847,-19.813,24.172,-0.768,0.470,0.900,
18:10:56.156,34.342,-39.000,23.400,-24.681,43.484,-14.319,-20.084,24.666,-1.075,0.611,1.237,
18:10:56.173,34.359,-39.000,23.400,-24.230,43.737,-14.770,-20.337,25.135,-1.368,0.781,1.575,
18:10:56.181,34.367,-39.000,23.400,-24.013,43.857,-14.987,-20.457,25.359,-1.556,0.910,1.802,
18:10:56.198,34.384,-39.000,23.400,-23.554,44.104,-15.446,-20.704,25.831,-1.727,1.052,2.022,
18:10:56.216,34.401,-39.000,23.400,-23.080,44.354,-15.920,-20.954,26.316,-1.859,1.194,2.210,
18:10:56.235,34.421,-39.000,26.000,-22.548,44.627,-16.452,-18.627,24.853,-1.175,1.326,1.772,
18:10:56.244,34.429,-39.000,26.000,-22.316,44.744,-16.684,-18.744,25.094,-0.841,1.408,1.640,
18:10:56.260,34.446,-39.000,26.000,-21.860,44.968,-17.140,-18.968,25.565,-0.644,1.476,1.611,
18:10:56.269,34.455,-39.000,26.000,-21.606,45.091,-17.394,-19.091,25.826,-0.584,1.524,1.632,
18:10:56.286,34.471,-39.000,26.000,-21.153,45.305,-17.847,-19.305,26.291,-0.589,1.560,1.667,
18:10:56.295,34.481,-39.000,28.600,-20.895,45.425,-18.105,-16.825,24.716,-0.024,1.588,1.588,
18:10:56.311,34.497,-39.000,28.600,-20.437,45.632,-18.563,-17.032,25.193,0.302,1.603,1.631,
18:10:56.320,34.505,-39.000,28.600,-20.212,45.733,-18.788,-17.133,25.427,0.392,1.622,1.668,
18:10:56.336,34.522,-39.000,28.600,-19.741,45.938,-19.259,-17.338,25.913,0.332,1.624,1.657,
18:10:56.354,34.540,-36.400,28.600,-19.244,46.148,-17.156,-17.548,24.541,0.090,0.893,0.897,
18:10:56.362,34.548,-36.400,28.600,-19.014,46.244,-17.386,-17.644,24.770,-0.149,0.522,0.542,
18:10:56.379,34.564,-36.400,28.600,-18.543,46.435,-17.857,-17.835,25.238,-0.444,0.303,0.538,
18:10:56.395,34.581,-36.400,28.600,-18.061,46.624,-18.339,-18.024,25.713,-0.779,0.265,0.823,
18:10:56.417,34.603,-33.800,26.000,-17.427,46.865,-16.373,-20.865,26.522,-1.926,-0.376,1.963,
18:10:56.436,34.622,-33.800,26.000,-16.881,47.064,-16.919,-21.064,27.017,-2.616,-0.524,2.668,
18:10:56.455,34.640,-33.800,26.000,-16.344,47.253,-17.456,-21.253,27.503,-2.950,-0.375,2.974,
18:10:56.463,34.649,-33.800,26.000,-16.103,47.336,-17.697,-21.336,27.721,-3.075,-0.189,3.081,
18:10:56.480,34.666,-33.800,31.200,-15.601,47.504,-18.199,-16.304,24.434,-1.645,0.108,1.649,
18:10:56.489,34.675,-33.800,31.200,-15.355,47.584,-18.445,-16.384,24.671,-0.791,0.375,0.875,
18:10:56.507,34.692,-33.800,31.200,-14.829,47.750,-18.971,-16.550,25.175,-0.147,0.731,0.746,
18:10:56.526,34.712,-33.800,31.200,-14.257,47.924,-19.543,-16.724,25.722,0.213,1.130,1.150,
18:10:56.544,34.730,-31.200,31.200,-13.734,48.077,-17.466,-16.877,24.287,0.283,0.711,0.765,
18:10:56.552,34.738,-31.200,31.200,-13.497,48.144,-17.703,-16.944,24.505,0.209,0.532,0.571,
18:10:56.568,34.754,-31.200,31.200,-13.018,48.275,-18.182,-17.075,24.943,0.067,0.515,0.519,
18:10:56.586,34.772,-31.200,31.200,-12.482,48.417,-18.718,-17.217,25.432,-0.200,0.625,0.656,
18:10:56.604,34.789,-33.800,33.800,-11.959,48.549,-21.841,-14.749,26.355,0.226,1.568,1.584,
18:10:56.612,34.798,-33.800,33.800,-11.713,48.609,-22.087,-14.809,26.592,0.365,2.107,2.138,
18:10:56.627,34.813,-33.800,33.800,-11.256,48.716,-22.544,-14.916,27.032,0.339,2.497,2.520,
18:10:56.644,34.830,-33.800,33.800,-10.744,48.832,-23.056,-15.032,27.523,0.157,2.746,2.750,
18:10:56.651,34.837,-33.800,33.800,-10.534,48.878,-23.266,-15.078,27.724,-0.017,2.863,2.863,
18:10:56.667,34.853,-28.600,33.800,-10.054,48.979,-18.546,-15.179,23.965,-0.250,1.535,1.555,
18:10:56.687,34.873,-28.600,33.800,-9.461,49.097,-19.139,-15.297,24.501,-0.565,0.576,0.807,
18:10:56.705,34.890,-28.600,33.800,-8.924,49.197,-19.676,-15.397,24.984,-0.869,0.059,0.871,
18:10:56.713,34.898,-28.600,33.800,-8.684,49.240,-19.916,-15.440,25.200,-1.060,-0.134,1.069,
18:10:56.729,34.914,-28.600,36.400,-8.202,49.323,-20.398,-12.923,24.147,-0.540,-0.175,0.567,
18:10:56.749,34.935,-28.600,36.400,-7.585,49.421,-21.015,-13.021,24.722,-0.245,0.022,0.246,
18:10:56.768,34.953,-28.600,36.400,-7.020,49.505,-21.580,-13.105,25.247,-0.155,0.381,0.412,
18:10:56.785,34.971,-28.600,36.400,-6.477,49.579,-22.123,-13.179,25.751,-0.191,0.789,0.812,
18:10:56.805,34.990,-28.600,36.400,-5.883,49.653,-22.717,-13.253,26.300,-0.316,1.212,1.253,
18:10:56.815,35.000,-28.600,36.400,-5.587,49.687,-23.013,-13.287,26.573,-0.444,1.499,1.563,
18:10:56.831,35.017,-28.600,36.400,-5.085,49.741,-23.515,-13.341,27.036,-0.584,1.770,1.864,
