timestamp,elapsed_time,ball_x,ball_y,ball_detected,kalman_x,kalman_y,kalman_vx,kalman_vy,platform_rx,platform_ry,target_x,target_y,error_x,error_y,error_magnitude,controller_rx,controller_ry,tilt_magnitude,loop_time_ms
17:48:30.669,0.014,-15.892,10.192,True,-15.130,9.293,13.969,-5.174,0.622,0.676,0.000,0.000,-15.892,10.192,18.880,0.701,0.896,1.138,0.651
17:48:30.689,0.034,-15.892,8.154,True,-15.093,8.949,14.220,-8.196,0.500,0.670,0.000,0.000,-15.892,8.154,17.862,0.533,0.882,1.030,0.413
17:48:30.710,0.054,-15.892,4.077,True,-15.060,7.691,14.377,-16.481,0.015,0.691,0.000,0.000,-15.892,4.077,16.407,0.042,0.871,0.872,0.728
17:48:30.730,0.075,-15.892,8.154,True,-15.033,7.546,14.457,-15.357,0.133,0.728,0.000,0.000,-15.892,8.154,17.862,0.077,0.865,0.869,0.814
17:48:30.750,0.095,-15.892,8.154,True,-15.011,7.451,14.481,-14.116,0.230,0.740,0.000,0.000,-15.892,8.154,17.862,0.122,0.862,0.870,0.449
17:48:30.771,0.115,-15.892,8.154,True,-14.993,7.398,14.463,-12.863,0.273,0.710,0.000,0.000,-15.892,8.154,17.862,0.172,0.861,0.878,0.610
17:48:30.791,0.136,-15.892,8.154,True,-14.980,7.376,14.417,-11.669,0.274,0.713,0.000,0.000,-15.892,8.154,17.862,0.223,0.862,0.890,0.766
17:48:30.812,0.156,-15.892,8.154,True,-14.971,7.377,14.353,-10.581,0.315,0.710,0.000,0.000,-15.892,8.154,17.862,0.271,0.864,0.905,0.755
17:48:30.832,0.176,-15.892,6.115,True,-14.964,6.922,14.282,-12.742,0.183,0.719,0.000,0.000,-15.892,6.115,17.028,0.130,0.866,0.876,0.801
17:48:30.852,0.197,-14.127,6.115,True,-14.550,6.539,16.904,-13.851,0.069,0.549,0.000,0.000,-14.127,6.115,15.393,0.043,0.709,0.710,0.451
17:48:30.872,0.217,-15.892,6.115,True,-14.603,6.228,15.795,-14.162,0.010,0.618,0.000,0.000,-15.892,6.115,17.028,-0.002,0.763,0.763,0.408
17:48:30.893,0.237,-15.892,4.077,True,-14.660,5.511,14.911,-17.009,-0.159,0.661,0.000,0.000,-15.892,4.077,16.407,-0.200,0.808,0.832,0.733
17:48:30.913,0.258,-15.892,4.077,True,-14.717,4.916,14.233,-18.269,-0.267,0.701,0.000,0.000,-15.892,4.077,16.407,-0.315,0.843,0.900,0.795
17:48:30.934,0.278,-12.361,2.038,True,-13.951,3.967,19.130,-21.459,-0.495,0.418,0.000,0.000,-12.361,2.038,12.528,-0.550,0.551,0.779,0.688
17:48:30.956,0.300,-12.361,2.038,True,-13.288,3.190,22.106,-22.618,-0.539,0.224,0.000,0.000,-12.361,2.038,12.528,-0.679,0.353,0.766,0.802
17:48:30.976,0.320,-12.361,4.077,True,-12.733,3.049,23.573,-19.177,-0.507,0.012,0.000,0.000,-12.361,4.077,13.016,-0.542,0.233,0.590,0.626
17:48:30.996,0.340,-12.361,2.038,True,-12.285,2.519,23.900,-19.021,-0.531,0.176,0.000,0.000,-12.361,2.038,12.528,-0.588,0.174,0.613,0.408
17:48:31.017,0.361,-12.361,0.000,True,-11.935,1.642,23.410,-21.080,-0.702,-0.136,0.000,0.000,-12.361,0.000,12.361,-0.766,0.160,0.783,0.875
17:48:31.036,0.381,-12.361,0.000,True,-11.467,1.220,23.740,-19.506,-0.891,-0.255,0.000,0.000,-12.361,0.000,12.361,-0.739,0.099,0.746,0.413
17:48:31.063,0.407,-12.361,-2.038,True,-11.378,0.022,21.474,-23.163,-1.126,-0.177,0.000,0.000,-12.361,-2.038,12.528,-1.020,0.190,1.038,0.412
17:48:31.084,0.428,-12.361,0.000,True,-11.326,-0.324,19.487,-20.323,-1.053,-0.218,0.000,0.000,-12.361,0.000,12.361,-0.929,0.272,0.969,0.799
17:48:31.104,0.449,-8.829,-2.038,True,-10.397,-1.065,23.434,-20.517,-1.216,-0.460,0.000,0.000,-8.829,-2.038,9.061,-1.012,0.005,1.012,0.451
17:48:31.125,0.469,-8.829,-2.038,True,-9.656,-1.615,25.161,-19.316,-1.305,-0.637,0.000,0.000,-8.829,-2.038,9.061,-1.014,-0.145,1.024,0.772
17:48:31.145,0.490,-8.829,-2.038,True,-9.074,-2.010,25.359,-17.290,-1.298,-0.659,0.000,0.000,-8.829,-2.038,9.061,-0.964,-0.212,0.987,0.714
17:48:31.166,0.511,-8.829,-2.038,True,-8.630,-2.280,24.526,-14.826,-1.123,-0.676,0.000,0.000,-8.829,-2.038,9.061,-0.882,-0.220,0.909,1.012
17:48:31.186,0.531,-8.829,-2.038,True,-8.302,-2.450,23.028,-12.197,-0.960,-0.614,0.000,0.000,-8.829,-2.038,9.061,-0.783,-0.186,0.805,0.439
17:48:31.207,0.552,-8.829,0.000,True,-8.072,-2.063,21.148,-6.504,-0.804,-0.571,0.000,0.000,-8.829,0.000,8.829,-0.493,-0.126,0.509,0.745
17:48:31.228,0.573,-8.829,-2.038,True,-7.924,-2.157,19.098,-5.255,-0.813,-0.381,0.000,0.000,-8.829,-2.038,9.061,-0.448,-0.051,0.451,0.747
17:48:31.248,0.593,-8.829,-2.038,True,-7.842,-2.210,17.036,-3.994,-0.668,-0.281,0.000,0.000,-8.829,-2.038,9.061,-0.397,0.032,0.399,0.630
17:48:31.269,0.613,-8.829,-2.038,True,-7.810,-2.232,15.077,-2.794,-0.441,-0.046,0.000,0.000,-8.829,-2.038,9.061,-0.346,0.115,0.365,0.420
17:48:31.290,0.634,-8.829,-2.038,True,-7.815,-2.230,13.297,-1.701,-0.294,-0.214,0.000,0.000,-8.829,-2.038,9.061,-0.298,0.195,0.356,0.974
17:48:31.311,0.655,-8.829,0.000,True,-7.846,-1.738,11.739,2.373,-0.272,-0.366,0.000,0.000,-8.829,0.000,8.829,-0.069,0.267,0.275,0.779
17:48:31.330,0.675,-8.829,-2.038,True,-7.895,-1.771,10.423,1.982,-0.547,-0.673,0.000,0.000,-8.829,-2.038,9.061,-0.090,0.329,0.341,0.388
17:48:31.351,0.696,-8.829,0.000,True,-7.952,-1.329,9.350,4.818,-0.563,-0.570,0.000,0.000,-8.829,0.000,8.829,0.080,0.383,0.391,0.422
17:48:31.372,0.716,-8.829,0.000,True,-8.012,-0.946,8.506,6.542,-0.456,-0.512,0.000,0.000,-8.829,0.000,8.829,0.194,0.426,0.468,0.576
17:48:31.392,0.737,-8.829,0.000,True,-8.072,-0.626,7.870,7.391,-0.257,-0.623,0.000,0.000,-8.829,0.000,8.829,0.264,0.460,0.530,0.383
17:48:31.413,0.757,-8.829,0.000,True,-8.127,-0.367,7.414,7.580,-0.491,-0.737,0.000,0.000,-8.829,0.000,8.829,0.298,0.485,0.570,0.486
17:48:31.433,0.778,-8.829,2.038,True,-8.177,0.309,7.111,10.416,-0.399,-0.729,0.000,0.000,-8.829,2.038,9.061,0.491,0.504,0.703,0.455
17:48:31.454,0.798,-8.829,0.000,True,-8.219,0.397,6.930,8.617,-0.514,-0.871,0.000,0.000,-8.829,0.000,8.829,0.420,0.516,0.665,0.793
17:48:31.474,0.819,-8.829,2.038,True,-8.255,0.911,6.846,10.000,-0.377,-0.873,0.000,0.000,-8.829,2.038,9.061,0.532,0.523,0.747,0.706
17:48:31.494,0.839,-7.063,2.038,True,-7.873,1.327,9.533,10.324,-0.145,-1.066,0.000,0.000,-7.063,2.038,7.352,0.588,0.366,0.693,0.416
17:48:31.515,0.860,-8.829,2.038,True,-7.949,1.651,8.533,9.887,-0.220,-0.942,0.000,0.000,-8.829,2.038,9.061,0.601,0.418,0.733,0.817
17:48:31.535,0.880,-8.829,8.154,True,-8.022,3.314,7.786,18.285,0.336,-0.767,0.000,0.000,-8.829,8.154,12.018,1.138,0.459,1.227,0.728
17:48:31.556,0.900,-8.829,8.154,True,-8.090,4.719,7.258,22.781,0.719,-0.689,0.000,0.000,-8.829,8.154,12.018,1.477,0.489,1.556,0.599
17:48:31.577,0.921,-8.829,6.115,True,-8.151,5.394,6.912,21.181,0.830,-0.469,0.000,0.000,-8.829,6.115,10.740,1.474,0.510,1.560,0.751
17:48:31.597,0.941,-8.829,6.115,True,-8.202,5.886,6.712,18.608,0.803,-0.126,0.000,0.000,-8.829,6.115,10.740,1.410,0.524,1.504,0.647
17:48:31.617,0.962,-8.829,12.231,True,-8.245,7.646,6.626,24.831,1.504,-0.143,0.000,0.000,-8.829,12.231,15.085,1.861,0.532,1.935,0.550
17:48:31.638,0.982,-8.829,8.154,True,-8.279,8.145,6.624,21.025,1.459,-0.069,0.000,0.000,-8.829,8.154,12.018,1.743,0.535,1.823,0.674
17:48:31.659,1.003,-8.829,12.231,True,-8.305,9.417,6.682,23.042,1.533,0.232,0.000,0.000,-8.829,12.231,15.085,1.959,0.536,2.031,0.798
17:48:31.679,1.024,-8.829,12.231,True,-8.324,10.425,6.777,22.610,1.429,0.299,0.000,0.000,-8.829,12.231,15.085,2.040,0.533,2.109,0.794
17:48:31.699,1.044,-8.829,8.154,True,-8.337,10.244,6.895,14.259,1.024,0.486,0.000,0.000,-8.829,8.154,12.018,1.654,0.529,1.736,0.523
17:48:31.720,1.064,-8.829,12.231,True,-8.346,10.925,7.021,13.459,0.945,0.396,0.000,0.000,-8.829,12.231,15.085,1.687,0.525,1.766,0.859
17:48:31.740,1.085,-8.829,10.192,True,-8.350,10.961,7.147,8.464,0.729,0.437,0.000,0.000,-8.829,10.192,13.485,1.470,0.520,1.559,0.759
17:48:31.761,1.105,-8.829,8.154,True,-8.352,10.439,7.265,0.899,0.388,0.608,0.000,0.000,-8.829,8.154,12.018,1.084,0.515,1.200,0.463
17:48:31.781,1.125,-10.595,10.192,True,-8.761,10.395,4.674,-1.732,0.521,0.673,0.000,0.000,-10.595,10.192,14.702,0.963,0.670,1.173,0.453
17:48:31.802,1.146,-12.361,14.269,True,-9.526,11.269,0.411,2.258,0.732,0.981,0.000,0.000,-12.361,14.269,18.879,1.227,0.934,1.542,0.442
17:48:31.822,1.167,-12.361,14.269,True,-10.178,12.001,-2.011,4.251,1.050,1.160,0.000,0.000,-12.361,14.269,18.879,1.388,1.107,1.775,0.824
17:48:31.843,1.187,-12.361,10.192,True,-10.716,11.646,-3.009,-1.491,0.764,1.349,0.000,0.000,-12.361,10.192,16.021,1.099,1.204,1.630,0.647
17:48:31.863,1.207,-12.361,10.192,True,-11.144,11.285,-2.954,-5.923,0.515,1.629,0.000,0.000,-12.361,10.192,16.021,0.867,1.245,1.517,0.705
17:48:31.883,1.227,-12.361,8.154,True,-11.472,10.467,-2.164,-12.306,0.188,1.593,0.000,0.000,-12.361,8.154,14.808,0.504,1.243,1.341,0.473
17:48:31.904,1.248,-12.361,8.154,True,-11.712,9.740,-0.901,-16.496,-0.256,1.526,0.000,0.000,-12.361,8.154,14.808,0.246,1.211,1.236,0.433
17:48:31.927,1.272,-12.361,8.154,True,-11.877,9.119,0.624,-18.921,-0.472,1.595,0.000,0.000,-12.361,8.154,14.808,0.077,1.160,1.163,0.519
17:48:31.948,1.292,-12.361,8.154,True,-11.979,8.604,2.249,-19.974,-0.606,1.546,0.000,0.000,-12.361,8.154,14.808,-0.021,1.099,1.099,0.731
17:48:31.968,1.313,-12.361,8.154,True,-12.034,8.193,3.855,-20.008,-0.588,1.549,0.000,0.000,-12.361,8.154,14.808,-0.064,1.033,1.035,0.793
17:48:31.988,1.333,-12.361,8.154,True,-12.050,7.876,5.360,-19.325,-0.649,1.596,0.000,0.000,-12.361,8.154,14.808,-0.065,0.968,0.971,0.709
17:48:32.009,1.353,-12.361,8.154,True,-12.040,7.644,6.712,-18.177,-0.682,1.394,0.000,0.000,-12.361,8.154,14.808,-0.038,0.908,0.909,0.751
17:48:32.029,1.374,-12.361,8.154,True,-12.012,7.484,7.883,-16.765,-0.660,1.333,0.000,0.000,-12.361,8.154,14.808,0.008,0.853,0.853,0.716
17:48:32.050,1.395,-12.361,6.115,True,-11.972,6.908,8.862,-18.360,-0.793,1.142,0.000,0.000,-12.361,6.115,13.791,-0.120,0.806,0.815,0.764
17:48:32.070,1.415,-12.361,6.115,True,-11.926,6.442,9.653,-18.764,-0.908,1.109,0.000,0.000,-12.361,6.115,13.791,-0.184,0.767,0.788,0.781
17:48:32.090,1.435,-12.361,6.115,True,-11.879,6.078,10.269,-18.312,-0.924,1.051,0.000,0.000,-12.361,6.115,13.791,-0.200,0.735,0.761,0.525
17:48:32.111,1.455,-12.361,6.115,True,-11.833,5.806,10.729,-17.284,-0.898,1.054,0.000,0.000,-12.361,6.115,13.791,-0.182,0.710,0.733,0.414
17:48:32.131,1.476,-12.361,6.115,True,-11.791,5.612,11.054,-15.909,-0.815,0.987,0.000,0.000,-12.361,6.115,13.791,-0.141,0.691,0.705,0.453
17:48:32.152,1.497,-12.361,4.077,True,-11.754,5.011,11.266,-17.478,-0.940,1.036,0.000,0.000,-12.361,4.077,13.016,-0.270,0.678,0.730,0.778
17:48:32.172,1.517,-12.361,6.115,True,-11.722,4.999,11.388,-14.702,-0.838,1.020,0.000,0.000,-12.361,6.115,13.791,-0.149,0.670,0.686,0.674
17:48:32.194,1.538,-10.595,6.115,True,-11.285,5.033,14.136,-12.243,-0.698,0.794,0.000,0.000,-10.595,6.115,12.233,-0.037,0.505,0.506,0.427
17:48:32.214,1.559,-10.595,6.115,True,-10.908,5.096,15.795,-10.140,-0.599,0.732,0.000,0.000,-10.595,6.115,12.233,0.062,0.394,0.398,0.565
17:48:32.236,1.581,-10.595,6.115,True,-10.593,5.178,16.599,-8.402,-0.505,0.686,0.000,0.000,-10.595,6.115,12.233,0.147,0.327,0.358,0.487
17:48:32.257,1.601,-8.829,6.115,True,-9.928,5.266,19.456,-7.015,-0.412,0.463,0.000,0.000,-8.829,6.115,10.740,0.217,0.134,0.255,0.711
17:48:32.278,1.622,-8.829,6.115,True,-9.374,5.356,20.815,-5.950,-0.254,0.327,0.000,0.000,-8.829,6.115,10.740,0.273,0.019,0.274,0.789
17:48:32.298,1.643,-8.829,6.115,True,-8.928,5.441,21.050,-5.169,0.011,0.205,0.000,0.000,-8.829,6.115,10.740,0.316,-0.036,0.318,0.756
17:48:32.318,1.663,-8.829,6.115,True,-8.582,5.518,20.483,-4.631,0.174,0.187,0.000,0.000,-8.829,6.115,10.740,0.347,-0.046,0.350,0.730
17:48:32.345,1.690,-8.829,8.154,True,-8.325,6.060,19.385,-1.178,0.430,0.324,0.000,0.000,-8.829,8.154,12.018,0.554,-0.023,0.554,0.656
17:48:32.366,1.711,-8.829,12.231,True,-8.144,7.475,17.975,7.144,0.901,0.382,0.000,0.000,-8.829,12.231,15.085,1.063,0.021,1.063,0.771
17:48:32.386,1.731,-8.829,12.231,True,-8.027,8.690,16.423,12.005,1.132,0.554,0.000,0.000,-8.829,12.231,15.085,1.399,0.078,1.401,0.803
17:48:32.407,1.751,-5.297,14.269,True,-7.141,10.170,20.251,17.285,1.395,0.287,0.000,0.000,-5.297,14.269,15.221,1.780,-0.180,1.789,0.679
17:48:32.427,1.771,-5.297,14.269,True,-6.402,11.388,22.078,19.359,1.579,0.157,0.000,0.000,-5.297,14.269,15.221,1.993,-0.334,2.021,0.438
17:48:32.449,1.794,-5.297,14.269,True,-5.806,12.355,22.403,19.073,1.779,0.053,0.000,0.000,-5.297,14.269,15.221,2.077,-0.408,2.117,0.691
17:48:32.469,1.814,-5.297,18.346,True,-5.344,14.039,21.657,23.372,2.566,-0.089,0.000,0.000,-5.297,18.346,19.096,2.436,-0.422,2.472,0.400
17:48:32.490,1.835,-5.297,14.269,True,-5.001,14.452,20.201,18.005,2.521,-0.172,0.000,0.000,-5.297,14.269,15.221,2.240,-0.392,2.274,0.473
17:48:32.510,1.855,-5.297,14.269,True,-4.760,14.686,18.326,12.575,2.283,-0.007,0.000,0.000,-5.297,14.269,15.221,2.024,-0.333,2.051,0.430
17:48:32.530,1.875,-5.297,14.269,True,-4.603,14.782,16.261,7.397,2.103,-0.085,0.000,0.000,-5.297,14.269,15.221,1.805,-0.257,1.823,0.389
17:48:32.551,1.895,-5.297,12.231,True,-4.515,14.303,14.175,-0.433,1.772,0.009,0.000,0.000,-5.297,12.231,13.329,1.411,-0.174,1.422,0.449
17:48:32.572,1.916,-5.297,14.269,True,-4.479,14.288,12.189,-3.371,1.619,0.091,0.000,0.000,-5.297,14.269,15.221,1.280,-0.090,1.283,0.917
17:48:32.592,1.936,-5.297,14.269,True,-4.482,14.232,10.381,-5.927,1.723,0.196,0.000,0.000,-5.297,14.269,15.221,1.162,-0.010,1.162,0.815
17:48:32.612,1.957,-5.297,14.269,True,-4.512,14.150,8.798,-8.076,1.707,0.341,0.000,0.000,-5.297,14.269,15.221,1.059,0.063,1.060,0.827
17:48:32.632,1.977,-5.297,8.154,True,-4.559,12.633,7.459,-19.161,1.043,0.367,0.000,0.000,-5.297,8.154,9.724,0.418,0.127,0.436,0.806
17:48:32.652,1.997,-1.766,8.154,True,-3.796,11.298,11.758,-26.274,0.515,0.004,0.000,0.000,-1.766,8.154,8.343,-0.030,-0.139,0.143,0.421
17:48:32.673,2.018,-3.532,8.154,True,-3.554,10.164,11.516,-30.211,0.315,-0.091,0.000,0.000,-3.532,8.154,8.886,-0.317,-0.153,0.352,0.573
17:48:32.694,2.038,-1.766,6.115,True,-2.962,8.760,13.581,-34.820,-0.087,-0.090,0.000,0.000,-1.766,6.115,6.365,-0.661,-0.303,0.727,0.708
17:48:32.714,2.059,-1.766,4.077,True,-2.475,7.137,14.369,-39.550,-0.717,-0.081,0.000,0.000,-1.766,4.077,4.443,-1.032,-0.387,1.102,0.806
17:48:32.734,2.079,-1.766,4.077,True,-2.090,5.819,14.220,-40.895,-0.917,0.019,0.000,0.000,-1.766,4.077,4.443,-1.223,-0.419,1.293,0.481
17:48:32.755,2.099,-1.766,2.038,True,-1.796,4.313,13.420,-42.906,-1.153,0.279,0.000,0.000,-1.766,2.038,2.697,-1.463,-0.413,1.520,0.761
17:48:32.775,2.120,-1.766,-2.038,True,-1.583,2.178,12.209,-48.290,-1.459,0.156,0.000,0.000,-1.766,-2.038,2.697,-1.914,-0.381,1.951,0.746
17:48:32.796,2.140,-1.766,2.038,True,-1.438,1.405,10.775,-43.097,-1.440,0.233,0.000,0.000,-1.766,2.038,2.697,-1.762,-0.332,1.793,0.508
17:48:32.816,2.160,-1.766,0.000,True,-1.349,0.417,9.264,-40.306,-1.448,0.188,0.000,0.000,-1.766,0.000,1.766,-1.737,-0.274,1.759,0.745
17:48:32.836,2.181,-1.766,-2.038,True,-1.303,-0.773,7.781,-39.254,-1.604,0.090,0.000,0.000,-1.766,-2.038,2.697,-1.810,-0.213,1.822,0.811
17:48:32.857,2.201,-1.766,-2.038,True,-1.291,-1.669,6.400,-36.270,-1.582,0.171,0.000,0.000,-1.766,-2.038,2.697,-1.768,-0.153,1.774,0.765
17:48:32.877,2.222,-1.766,4.077,True,-1.303,-0.891,5.165,-22.754,-1.053,0.224,0.000,0.000,-1.766,4.077,4.443,-1.093,-0.098,1.098,0.821
17:48:32.897,2.242,-1.766,-2.038,True,-1.332,-1.507,4.100,-21.565,-0.941,0.247,0.000,0.000,-1.766,-2.038,2.697,-1.103,-0.048,1.104,0.439
17:48:32.918,2.263,-1.766,-2.038,True,-1.369,-1.962,3.213,-19.452,-0.824,0.198,0.000,0.000,-1.766,-2.038,2.697,-1.055,-0.005,1.055,0.668
17:48:32.939,2.283,-1.766,-4.077,True,-1.412,-2.752,2.500,-19.921,-1.023,0.197,0.000,0.000,-1.766,-4.077,4.443,-1.154,0.031,1.155,0.658
17:48:32.960,2.304,-1.766,-4.077,True,-1.456,-3.365,1.947,-18.964,-0.990,0.286,0.000,0.000,-1.766,-4.077,4.443,-1.174,0.060,1.175,0.762
17:48:32.980,2.325,-1.766,-4.077,True,-1.498,-3.822,1.537,-17.060,-0.980,0.345,0.000,0.000,-1.766,-4.077,4.443,-1.135,0.082,1.138,0.791
17:48:33.000,2.345,-1.766,-6.115,True,-1.537,-4.617,1.250,-17.709,-1.063,0.350,0.000,0.000,-1.766,-6.115,6.365,-1.243,0.099,1.247,0.711
17:48:33.021,2.365,-1.766,-4.077,True,-1.571,-4.763,1.064,-13.789,-0.930,0.376,0.000,0.000,-1.766,-4.077,4.443,-1.085,0.110,1.091,0.615
17:48:33.042,2.386,-1.766,-4.077,True,-1.600,-4.815,0.960,-10.091,-0.775,0.361,0.000,0.000,-1.766,-4.077,4.443,-0.927,0.118,0.934,1.141
17:48:33.062,2.406,-3.532,-6.115,True,-2.034,-5.272,-1.778,-9.863,-0.841,0.607,0.000,0.000,-3.532,-6.115,7.062,-0.963,0.282,1.003,0.452
17:48:33.083,2.427,-3.532,-6.115,True,-2.409,-5.620,-3.432,-8.872,-0.831,0.839,0.000,0.000,-3.532,-6.115,7.062,-0.954,0.392,1.031,0.863
17:48:33.103,2.447,-5.297,-4.077,True,-3.133,-5.397,-6.932,-4.286,-0.745,0.976,0.000,0.000,-5.297,-4.077,6.685,-0.729,0.619,0.956,0.523
17:48:33.124,2.468,-5.297,-2.038,True,-3.742,-4.683,-8.754,2.473,-0.386,0.959,0.000,0.000,-5.297,-2.038,5.676,-0.359,0.761,0.841,0.773
17:48:33.144,2.489,-5.297,-2.038,True,-4.238,-4.031,-9.299,7.173,-0.129,0.978,0.000,0.000,-5.297,-2.038,5.676,-0.086,0.834,0.839,0.771
17:48:33.165,2.509,-3.532,-2.038,True,-4.217,-3.458,-6.222,10.174,-0.044,0.822,0.000,0.000,-3.532,-2.038,4.078,0.103,0.696,0.704,0.763
17:48:33.185,2.530,-5.297,0.000,True,-4.563,-2.498,-6.252,14.931,0.290,0.709,0.000,0.000,-5.297,0.000,5.297,0.409,0.732,0.839,0.702
17:48:33.207,2.552,-5.297,-2.038,True,-4.830,-2.162,-5.678,14.337,0.662,0.652,0.000,0.000,-5.297,-2.038,5.676,0.417,0.734,0.844,0.696
17:48:33.227,2.572,-5.297,0.000,True,-5.026,-1.440,-4.712,16.345,0.971,0.668,0.000,0.000,-5.297,0.000,5.297,0.577,0.711,0.916,0.395
17:48:33.249,2.593,-3.532,4.077,True,-4.751,0.093,-0.826,23.084,1.507,0.628,0.000,0.000,-3.532,4.077,5.394,1.028,0.512,1.148,0.827
17:48:33.269,2.613,-5.297,0.000,True,-4.891,0.426,-0.585,20.124,1.475,0.735,0.000,0.000,-5.297,0.000,5.297,0.931,0.515,1.064,0.808
17:48:33.289,2.633,-1.766,8.154,True,-4.174,2.530,5.263,29.399,2.008,0.546,0.000,0.000,-1.766,8.154,8.343,1.551,0.185,1.562,0.538
17:48:33.315,2.660,-1.766,0.000,True,-3.533,2.394,9.159,21.451,1.712,0.342,0.000,0.000,-1.766,0.000,1.766,1.186,-0.051,1.187,0.511
17:48:33.336,2.680,-1.766,2.038,True,-2.982,2.641,11.474,17.816,1.611,0.247,0.000,0.000,-1.766,2.038,2.697,1.050,-0.208,1.071,0.625
17:48:33.356,2.701,-1.766,2.038,True,-2.523,2.774,12.553,14.194,1.473,0.166,0.000,0.000,-1.766,2.038,2.697,0.904,-0.302,0.953,0.792
17:48:33.377,2.721,-1.766,4.077,True,-2.155,3.295,12.707,13.893,1.271,0.455,0.000,0.000,-1.766,4.077,4.443,0.943,-0.345,1.004,0.495
17:48:33.397,2.742,-1.766,4.077,True,-1.869,3.690,12.203,12.726,1.238,0.291,0.000,0.000,-1.766,4.077,4.443,0.931,-0.352,0.995,0.746
17:48:33.422,2.766,-1.766,4.077,True,-1.625,3.944,11.480,10.814,1.033,0.191,0.000,0.000,-1.766,4.077,4.443,0.872,-0.344,0.937,0.344
17:48:33.442,2.787,-1.766,4.077,True,-1.500,4.137,10.105,8.872,1.038,0.003,0.000,0.000,-1.766,4.077,4.443,0.805,-0.296,0.858,0.447
17:48:33.463,2.807,-1.766,4.077,True,-1.423,4.251,8.709,6.817,1.000,0.264,0.000,0.000,-1.766,4.077,4.443,0.726,-0.242,0.765,0.795
17:48:33.483,2.827,-1.766,4.077,True,-1.381,4.308,7.380,4.826,0.893,0.386,0.000,0.000,-1.766,4.077,4.443,0.644,-0.188,0.671,0.437
17:48:33.503,2.848,-1.766,8.154,True,-1.365,5.334,6.163,9.357,1.168,0.425,0.000,0.000,-1.766,8.154,8.343,0.946,-0.135,0.956,0.756
17:48:33.525,2.870,-1.766,4.077,True,-1.369,5.171,5.080,5.197,0.945,0.422,0.000,0.000,-1.766,4.077,4.443,0.747,-0.087,0.752,0.549
17:48:33.545,2.889,-1.766,6.115,True,-1.386,5.475,4.142,4.942,0.998,0.479,0.000,0.000,-1.766,6.115,6.365,0.766,-0.044,0.767,0.395
17:48:33.565,2.910,-1.766,6.115,True,-1.412,5.702,3.350,4.189,1.009,0.527,0.000,0.000,-1.766,6.115,6.365,0.755,-0.007,0.755,0.419
17:48:33.586,2.930,-1.766,4.077,True,-1.444,5.386,2.699,0.048,0.738,0.486,0.000,0.000,-1.766,4.077,4.443,0.541,0.025,0.541,0.765
17:48:33.606,2.951,-1.766,4.077,True,-1.477,5.081,2.180,-3.051,0.569,0.712,0.000,0.000,-1.766,4.077,4.443,0.373,0.052,0.377,0.461
17:48:33.626,2.971,-1.766,4.077,True,-1.511,4.801,1.780,-5.254,0.618,0.735,0.000,0.000,-1.766,4.077,4.443,0.248,0.073,0.259,0.458
17:48:33.647,2.991,-1.766,8.154,True,-1.543,5.499,1.486,-0.491,0.886,0.761,0.000,0.000,-1.766,8.154,8.343,0.528,0.089,0.536,0.445
17:48:33.667,3.011,-1.766,2.038,True,-1.572,4.688,1.283,-6.848,0.435,0.814,0.000,0.000,-1.766,2.038,2.697,0.167,0.101,0.195,0.422
17:48:33.688,3.032,0.000,2.038,True,-1.187,3.967,3.854,-11.032,0.088,0.605,0.000,0.000,0.000,2.038,2.038,-0.090,-0.051,0.104,0.825
17:48:33.708,3.052,1.766,2.038,True,-0.441,3.349,8.150,-13.461,-0.015,0.293,0.000,0.000,1.766,2.038,2.697,-0.259,-0.316,0.408,0.402
17:48:33.728,3.073,1.766,8.154,True,0.197,4.260,10.632,-5.159,0.104,-0.014,0.000,0.000,1.766,8.154,8.343,0.198,-0.489,0.528,0.722
17:48:33.750,3.094,1.766,2.038,True,0.725,3.664,11.704,-8.810,-0.037,-0.097,0.000,0.000,1.766,2.038,2.697,-0.022,-0.589,0.590,0.539
17:48:33.771,3.115,1.766,2.038,True,1.147,3.151,11.729,-10.983,-0.190,0.055,0.000,0.000,1.766,2.038,2.697,-0.170,-0.632,0.655,0.892
17:48:33.790,3.135,1.766,2.038,True,1.471,2.723,11.019,-12.001,-0.347,0.074,0.000,0.000,1.766,2.038,2.697,-0.257,-0.633,0.684,0.432
17:48:33.811,3.156,1.766,4.077,True,1.708,2.854,9.832,-9.034,-0.188,0.034,0.000,0.000,1.766,4.077,4.443,-0.113,-0.605,0.615,0.745
17:48:33.831,3.176,1.766,2.038,True,1.873,2.526,8.376,-9.772,-0.257,0.066,0.000,0.000,1.766,2.038,2.697,-0.179,-0.557,0.585,0.750
17:48:33.852,3.196,1.766,2.038,True,1.976,2.262,6.812,-9.851,-0.320,0.094,0.000,0.000,1.766,2.038,2.697,-0.209,-0.498,0.540,0.720
17:48:33.872,3.216,1.766,2.038,True,2.032,2.059,5.258,-9.464,-0.314,0.112,0.000,0.000,1.766,2.038,2.697,-0.212,-0.435,0.484,0.440
17:48:33.892,3.237,1.766,4.077,True,2.051,2.383,3.796,-5.656,-0.108,0.137,0.000,0.000,1.766,4.077,4.443,-0.011,-0.373,0.373,0.779
17:48:33.913,3.258,1.766,2.038,True,2.043,2.216,2.479,-5.986,-0.132,0.130,0.000,0.000,1.766,2.038,2.697,-0.043,-0.314,0.317,0.707
17:48:33.934,3.278,1.766,2.038,True,2.017,2.083,1.336,-5.987,-0.127,0.222,0.000,0.000,1.766,2.038,2.697,-0.056,-0.261,0.267,0.803
17:48:33.954,3.298,1.766,6.115,True,1.979,2.928,0.376,0.470,0.260,0.259,0.000,0.000,1.766,6.115,6.365,0.314,-0.214,0.380,0.669
17:48:33.974,3.318,1.766,6.115,True,1.935,3.676,-0.401,4.680,0.520,0.299,0.000,0.000,1.766,6.115,6.365,0.574,-0.176,0.600,0.547
17:48:33.994,3.339,1.766,4.077,True,1.890,3.841,-1.008,3.970,0.513,0.207,0.000,0.000,1.766,4.077,4.443,0.559,-0.144,0.578,0.717
17:48:34.014,3.359,1.766,2.038,True,1.845,3.483,-1.464,-0.053,0.177,0.247,0.000,0.000,1.766,2.038,2.697,0.346,-0.120,0.366,0.433
17:48:34.035,3.380,1.766,0.000,True,1.804,2.673,-1.787,-6.082,-0.158,0.359,0.000,0.000,1.766,0.000,1.766,-0.001,-0.102,0.102,0.764
17:48:34.057,3.401,1.766,2.038,True,1.768,2.432,-2.000,-6.863,-0.082,0.387,0.000,0.000,1.766,2.038,2.697,-0.060,-0.089,0.107,0.722
17:48:34.077,3.422,1.766,2.038,True,1.737,2.235,-2.124,-7.132,-0.029,0.391,0.000,0.000,1.766,2.038,2.697,-0.091,-0.080,0.121,0.691
17:48:34.098,3.442,1.766,0.000,True,1.711,1.607,-2.179,-10.140,-0.283,0.464,0.000,0.000,1.766,0.000,1.766,-0.287,-0.075,0.297,0.702
17:48:34.118,3.463,1.766,0.000,True,1.690,1.078,-2.183,-11.694,-0.487,0.418,0.000,0.000,1.766,0.000,1.766,-0.408,-0.073,0.415,0.791
17:48:34.138,3.483,1.766,-2.038,True,1.674,0.174,-2.150,-15.257,-0.767,0.424,0.000,0.000,1.766,-2.038,2.697,-0.656,-0.073,0.660,0.635
17:48:34.163,3.507,1.766,0.000,True,1.663,-0.101,-2.093,-13.709,-0.789,0.389,0.000,0.000,1.766,0.000,1.766,-0.615,-0.074,0.620,0.805
17:48:34.183,3.527,1.766,-2.038,True,1.654,-0.761,-2.023,-14.986,-0.891,0.450,0.000,0.000,1.766,-2.038,2.697,-0.738,-0.076,0.741,0.430
17:48:34.203,3.548,0.000,-2.038,True,1.239,-1.288,-4.645,-14.963,-1.004,0.450,0.000,0.000,0.000,-2.038,2.038,-0.789,0.081,0.793,0.587
17:48:34.225,3.569,-1.766,0.000,True,0.470,-1.219,-8.925,-10.917,-0.877,0.642,0.000,0.000,-1.766,0.000,1.766,-0.604,0.347,0.696,0.543
17:48:34.245,3.589,-1.766,0.000,True,-0.187,-1.103,-11.353,-7.482,-0.656,0.845,0.000,0.000,-1.766,0.000,1.766,-0.441,0.520,0.681,0.768
17:48:34.265,3.610,-1.766,0.000,True,-0.728,-0.962,-12.350,-4.664,-0.601,0.833,0.000,0.000,-1.766,0.000,1.766,-0.302,0.618,0.688,0.807
17:48:34.285,3.630,-1.766,0.000,True,-1.159,-0.810,-12.288,-2.432,-0.516,0.766,0.000,0.000,-1.766,0.000,1.766,-0.188,0.658,0.685,0.465
17:48:34.306,3.650,-1.766,0.000,True,-1.488,-0.659,-11.488,-0.734,-0.482,0.717,0.000,0.000,-1.766,0.000,1.766,-0.098,0.656,0.663,0.589
17:48:34.326,3.670,-1.766,0.000,True,-1.729,-0.517,-10.213,0.497,-0.407,0.728,0.000,0.000,-1.766,0.000,1.766,-0.030,0.624,0.624,0.391
17:48:34.347,3.691,-1.766,4.077,True,-1.895,0.558,-8.675,7.559,-0.129,0.694,0.000,0.000,-1.766,4.077,4.443,0.389,0.572,0.692,0.734
17:48:34.367,3.712,-1.766,0.000,True,-1.998,0.544,-7.038,5.676,-0.265,0.497,0.000,0.000,-1.766,0.000,1.766,0.305,0.510,0.595,0.767
17:48:34.388,3.732,-1.766,2.038,True,-2.052,0.979,-5.420,7.158,-0.206,0.287,0.000,0.000,-1.766,2.038,2.697,0.414,0.444,0.607,0.758
17:48:34.409,3.753,-1.766,0.000,True,-2.069,0.861,-3.904,4.595,-0.286,0.173,0.000,0.000,-1.766,0.000,1.766,0.289,0.379,0.477,0.748
17:48:34.429,3.773,-1.766,2.038,True,-2.058,1.205,-2.543,5.659,-0.252,0.258,0.000,0.000,-1.766,2.038,2.697,0.370,0.318,0.488,0.607
17:48:34.449,3.794,-1.766,2.038,True,-2.029,1.486,-1.365,5.998,-0.220,0.214,0.000,0.000,-1.766,2.038,2.697,0.413,0.263,0.490,0.710
17:48:34.470,3.814,-1.766,2.038,True,-1.989,1.706,-0.380,5.810,-0.180,0.154,0.000,0.000,-1.766,2.038,2.697,0.427,0.216,0.478,0.769
17:48:34.491,3.836,-1.766,2.038,True,-1.943,1.873,0.415,5.262,-0.175,0.151,0.000,0.000,-1.766,2.038,2.697,0.420,0.176,0.455,0.773
17:48:34.511,3.856,-1.766,8.154,True,-1.896,3.413,1.035,13.832,0.369,0.097,0.000,0.000,-1.766,8.154,8.343,0.952,0.144,0.963,0.804
17:48:34.532,3.876,-1.766,2.038,True,-1.849,3.306,1.497,9.355,0.197,0.058,0.000,0.000,-1.766,2.038,2.697,0.744,0.119,0.753,0.625
17:48:34.552,3.897,-3.532,8.154,True,-2.217,4.576,-0.873,14.946,0.597,0.148,0.000,0.000,-3.532,8.154,8.886,1.117,0.260,1.147,0.689
17:48:34.573,3.918,-1.766,8.154,True,-2.126,5.636,0.378,17.658,0.801,0.009,0.000,0.000,-1.766,8.154,8.343,1.343,0.196,1.357,0.791
17:48:34.593,3.938,-5.297,2.038,True,-2.857,5.072,-4.075,8.865,0.551,0.364,0.000,0.000,-5.297,2.038,5.676,0.898,0.466,1.012,0.701
17:48:34.614,3.958,-5.297,4.077,True,-3.486,4.977,-6.721,5.229,0.349,0.594,0.000,0.000,-5.297,4.077,6.685,0.728,0.645,0.973,0.619
17:48:34.634,3.978,-5.297,4.077,True,-4.010,4.848,-7.956,2.198,0.236,0.821,0.000,0.000,-5.297,4.077,6.685,0.582,0.752,0.951,0.503
17:48:34.654,3.999,-5.297,8.154,True,-4.432,5.650,-8.133,5.984,0.541,0.847,0.000,0.000,-5.297,8.154,9.724,0.829,0.802,1.154,0.468
17:48:34.675,4.019,-5.297,6.115,True,-4.758,5.850,-7.559,4.809,0.444,0.948,0.000,0.000,-5.297,6.115,8.091,0.797,0.809,1.136,0.815
17:48:34.698,4.043,-5.297,4.077,True,-4.999,5.512,-6.489,0.317,0.055,0.771,0.000,0.000,-5.297,4.077,6.685,0.565,0.786,0.968,0.401
17:48:34.719,4.064,-5.297,8.154,True,-5.168,6.130,-5.131,3.181,0.255,0.648,0.000,0.000,-5.297,8.154,9.724,0.753,0.743,1.058,0.778
17:48:34.740,4.084,-5.297,6.115,True,-5.277,6.176,-3.645,1.513,0.268,0.813,0.000,0.000,-5.297,6.115,8.091,0.684,0.689,0.971,0.795
17:48:34.759,4.104,-5.297,6.115,True,-5.338,6.185,-2.150,-0.032,0.375,0.771,0.000,0.000,-5.297,6.115,8.091,0.617,0.629,0.881,0.495
17:48:34.780,4.124,-5.297,4.077,True,-5.361,5.695,-0.732,-4.518,0.121,0.712,0.000,0.000,-5.297,4.077,6.685,0.370,0.568,0.678,0.710
17:48:34.800,4.145,-5.297,4.077,True,-5.358,5.250,0.556,-7.611,-0.037,0.644,0.000,0.000,-5.297,4.077,6.685,0.189,0.511,0.545,0.752
17:48:34.820,4.165,-5.297,6.115,True,-5.335,5.334,1.681,-6.445,0.019,0.610,0.000,0.000,-5.297,6.115,8.091,0.249,0.459,0.522,0.478
17:48:34.841,4.185,-5.297,4.077,True,-5.301,4.943,2.631,-8.679,-0.076,0.570,0.000,0.000,-5.297,4.077,6.685,0.111,0.414,0.429,0.885
17:48:34.861,4.206,-5.297,4.077,True,-5.259,4.608,3.406,-9.964,-0.183,0.501,0.000,0.000,-5.297,4.077,6.685,0.021,0.376,0.376,0.618
17:48:34.882,4.226,-5.297,6.115,True,-5.216,4.806,4.016,-7.402,-0.061,0.483,0.000,0.000,-5.297,6.115,8.091,0.154,0.344,0.377,0.538
17:48:34.902,4.247,-5.297,6.115,True,-5.173,4.996,4.476,-5.492,0.143,0.506,0.000,0.000,-5.297,6.115,8.091,0.257,0.320,0.410,0.451
17:48:34.923,4.267,-5.297,6.115,True,-5.133,5.172,4.807,-4.143,0.405,0.516,0.000,0.000,-5.297,6.115,8.091,0.334,0.301,0.450,0.572
17:48:34.943,4.288,-5.297,6.115,True,-5.098,5.327,5.028,-3.263,0.585,0.390,0.000,0.000,-5.297,6.115,8.091,0.389,0.288,0.484,0.756
17:48:34.964,4.308,-5.297,6.115,True,-5.067,5.460,5.161,-2.759,0.247,0.405,0.000,0.000,-5.297,6.115,8.091,0.424,0.279,0.508,0.553
17:48:34.984,4.328,-5.297,6.115,True,-5.041,5.570,5.224,-2.546,-0.048,0.021,0.000,0.000,-5.297,6.115,8.091,0.445,0.274,0.522,0.574
17:48:35.004,4.349,-5.297,6.115,True,-5.021,5.658,5.235,-2.549,-0.070,0.059,0.000,0.000,-5.297,6.115,8.091,0.453,0.271,0.528,0.511
17:48:35.025,4.369,-5.297,6.115,True,-5.005,5.725,5.209,-2.704,0.032,0.031,0.000,0.000,-5.297,6.115,8.091,0.453,0.271,0.528,0.824
17:48:35.045,4.390,-5.297,6.115,True,-4.993,5.774,5.159,-2.956,0.235,-0.134,0.000,0.000,-5.297,6.115,8.091,0.447,0.272,0.523,0.678
17:48:35.065,4.410,-5.297,6.115,True,-4.984,5.808,5.093,-3.263,0.238,-0.129,0.000,0.000,-5.297,6.115,8.091,0.437,0.274,0.515,0.453
17:48:35.086,4.431,-5.297,4.077,True,-4.979,5.356,5.022,-6.704,0.057,-0.088,0.000,0.000,-5.297,4.077,6.685,0.240,0.276,0.366,0.566
17:48:35.107,4.451,-5.297,6.115,True,-4.976,5.429,4.949,-5.832,0.113,0.032,0.000,0.000,-5.297,6.115,8.091,0.286,0.279,0.399,0.688
17:48:35.127,4.471,-5.297,4.077,True,-4.974,5.026,4.880,-8.306,-0.008,0.030,0.000,0.000,-5.297,4.077,6.685,0.136,0.282,0.313,0.706
17:48:35.147,4.492,-5.297,4.077,True,-4.975,4.678,4.817,-9.780,-0.130,-0.002,0.000,0.000,-5.297,4.077,6.685,0.036,0.285,0.287,0.702
17:48:35.168,4.512,-5.297,4.077,True,-4.976,4.388,4.762,-10.473,-0.299,0.039,0.000,0.000,-5.297,4.077,6.685,-0.023,0.287,0.288,0.795
17:48:35.188,4.533,-5.297,2.038,True,-4.977,3.681,4.716,-13.693,-0.443,0.059,0.000,0.000,-5.297,2.038,5.676,-0.236,0.290,0.374,0.750
17:48:35.208,4.553,-5.297,2.038,True,-4.979,3.089,4.678,-15.298,-0.543,0.069,0.000,0.000,-5.297,2.038,5.676,-0.366,0.291,0.468,0.397
17:48:35.235,4.580,-5.297,4.077,True,-4.981,3.084,4.648,-12.570,-0.447,0.125,0.000,0.000,-5.297,4.077,6.685,-0.246,0.293,0.383,0.523
17:48:35.256,4.601,-5.297,2.038,True,-4.983,2.648,4.625,-13.276,-0.647,-0.053,0.000,0.000,-5.297,2.038,5.676,-0.321,0.294,0.436,0.800
17:48:35.276,4.621,-5.297,2.038,True,-4.985,2.303,4.609,-13.142,-0.693,0.090,0.000,0.000,-5.297,2.038,5.676,-0.350,0.295,0.458,0.733
17:48:35.297,4.641,-7.063,4.077,True,-5.397,2.513,1.901,-9.312,-0.597,-0.015,0.000,0.000,-7.063,4.077,8.155,-0.160,0.456,0.483,0.797
17:48:35.317,4.662,-8.829,4.077,True,-6.165,2.733,-2.461,-6.311,-0.637,0.388,0.000,0.000,-8.829,4.077,9.725,-0.005,0.725,0.725,0.835
17:48:35.338,4.682,-8.829,4.077,True,-6.822,2.949,-4.964,-4.056,-0.497,0.951,0.000,0.000,-8.829,4.077,9.725,0.116,0.901,0.909,0.784
17:48:35.358,4.702,-8.829,2.038,True,-7.365,2.675,-6.025,-5.560,-0.778,1.122,0.000,0.000,-8.829,2.038,9.061,0.022,1.002,1.003,0.399
17:48:35.378,4.723,-8.829,4.077,True,-7.797,2.915,-6.018,-3.295,-0.494,1.112,0.000,0.000,-8.829,4.077,9.725,0.146,1.045,1.056,0.823
17:48:35.398,4.743,-8.829,2.038,True,-8.129,2.661,-5.262,-4.833,-0.663,0.674,0.000,0.000,-8.829,2.038,9.061,0.053,1.045,1.047,0.781
17:48:35.419,4.764,-8.829,4.077,True,-8.373,2.916,-4.023,-2.632,-0.500,1.195,0.000,0.000,-8.829,4.077,9.725,0.175,1.015,1.030,0.810
17:48:35.439,4.784,-8.829,4.077,True,-8.541,3.145,-2.512,-1.138,-0.173,1.101,0.000,0.000,-8.829,4.077,9.725,0.264,0.965,1.000,0.693
17:48:35.459,4.804,-8.829,6.115,True,-8.646,3.818,-0.893,2.890,-0.140,0.717,0.000,0.000,-8.829,6.115,10.740,0.509,0.904,1.038,0.779
17:48:35.480,4.824,-8.829,6.115,True,-8.702,4.396,0.712,5.264,-0.127,0.743,0.000,0.000,-8.829,6.115,10.740,0.672,0.839,1.075,0.749
17:48:35.500,4.845,-8.829,4.077,True,-8.721,4.403,2.220,3.235,-0.214,5.415,49.996,-0.628,-58.825,4.705,59.013,0.646,5.774,5.810,0.670
17:48:35.521,4.865,-8.829,6.115,True,-8.712,4.850,13.850,4.425,0.180,4.870,49.984,-1.257,-58.813,7.372,59.274,0.806,5.258,5.320,0.713
17:48:35.541,4.886,-8.829,6.115,True,-8.527,5.212,24.052,4.566,0.555,4.923,49.964,-1.885,-58.794,8.000,59.335,0.911,4.787,4.873,0.721
17:48:35.561,4.906,-8.829,6.115,True,-8.228,5.492,32.691,3.934,0.832,4.630,49.937,-2.512,-58.766,8.628,59.396,0.974,4.373,4.481,0.683
17:48:35.582,4.926,-8.829,8.154,True,-7.865,6.171,39.760,5.878,1.751,4.482,49.901,-3.140,-58.730,11.293,59.806,1.190,4.022,4.194,0.648
17:48:35.602,4.947,-7.063,12.231,True,-7.069,7.669,48.033,12.507,2.090,4.453,49.858,-3.766,-56.921,15.997,59.126,1.696,3.573,3.954,0.774
17:48:35.623,4.968,-7.063,12.231,True,-6.330,8.921,53.915,15.607,2.463,4.243,49.807,-4.393,-56.870,16.623,59.250,2.020,3.234,3.813,0.906
17:48:35.643,4.988,-5.297,8.154,True,-5.262,8.982,60.489,9.809,2.306,3.838,49.748,-5.018,-55.045,13.172,56.599,1.833,2.831,3.373,0.774
17:48:35.667,5.012,-5.297,8.154,True,-4.342,8.940,64.404,4.478,2.241,3.739,49.681,-5.643,-54.978,13.797,56.683,1.656,2.559,3.048,0.415
17:48:35.688,5.033,-5.297,8.154,True,-3.575,8.826,66.236,-0.262,1.982,3.284,49.606,-6.267,-54.903,14.421,56.765,1.498,2.394,2.824,0.855
17:48:35.708,5.053,-1.766,6.115,True,-2.138,8.193,71.896,-7.472,1.632,2.794,49.523,-6.890,-51.289,13.005,52.912,1.178,1.993,2.315,0.636
17:48:35.729,5.073,-1.766,8.154,True,-0.947,8.069,74.362,-9.724,1.509,2.498,49.433,-7.511,-51.198,15.665,53.541,1.129,1.756,2.087,0.763
17:48:35.749,5.093,-1.766,8.154,True,0.004,7.939,74.448,-11.616,1.553,2.467,49.334,-8.132,-51.100,16.286,53.633,1.094,1.647,1.977,0.811
17:48:35.769,5.114,-1.766,6.115,True,0.736,7.337,72.855,-16.295,1.367,2.398,49.228,-8.751,-50.994,14.867,53.117,0.890,1.633,1.860,0.942
17:48:35.791,5.135,1.766,12.231,True,2.094,8.224,75.559,-10.152,1.917,1.846,49.114,-9.369,-47.349,21.600,52.043,1.311,1.367,1.894,0.518
17:48:35.811,5.156,1.766,6.115,True,3.178,7.578,75.559,-15.756,1.741,1.415,48.993,-9.985,-47.227,16.101,49.896,1.061,1.246,1.637,0.431
17:48:35.831,5.176,5.297,6.115,True,4.830,6.996,79.049,-19.688,1.721,1.076,48.863,-10.600,-43.566,16.716,46.663,0.891,0.914,1.276,0.618
17:48:35.852,5.196,5.297,6.115,True,6.152,6.489,79.226,-22.263,1.410,1.122,48.726,-11.214,-43.429,17.329,46.759,0.788,0.760,1.095,0.423
17:48:35.872,5.217,8.829,6.115,True,7.991,6.061,82.456,-23.772,1.201,1.191,48.582,-11.825,-39.752,17.940,43.613,0.739,0.420,0.850,0.696
17:48:35.893,5.237,8.829,4.077,True,9.452,5.235,82.080,-27.595,1.088,0.966,48.429,-12.434,-39.600,16.511,42.904,0.549,0.275,0.614,0.560
17:48:35.913,5.257,12.361,4.077,True,11.388,4.542,84.581,-29.648,1.089,0.563,48.269,-13.042,-35.908,17.119,39.780,0.450,-0.045,0.452,0.494
17:48:35.933,5.278,12.361,2.038,True,12.912,3.505,83.391,-33.490,0.757,0.457,48.101,-13.648,-35.741,15.686,39.031,0.237,-0.162,0.287,0.784
17:48:35.954,5.298,15.892,0.000,True,14.885,2.177,85.062,-38.307,0.384,0.217,47.926,-14.251,-32.034,14.251,35.061,-0.048,-0.450,0.453,0.809
17:48:35.974,5.318,15.892,2.038,True,16.425,1.556,83.077,-37.250,0.386,0.021,47.743,-14.852,-31.851,16.891,36.052,-0.003,-0.535,0.535,0.399
17:48:35.994,5.338,19.424,4.077,True,18.397,1.570,84.020,-32.256,0.642,-0.285,47.553,-15.451,-28.129,19.528,34.243,0.278,-0.793,0.840,0.532
17:48:36.014,5.359,19.424,0.000,True,19.926,0.710,81.393,-34.241,0.471,-0.437,47.355,-16.047,-27.931,16.047,32.213,0.164,-0.850,0.865,0.935
17:48:36.034,5.379,22.956,2.038,True,21.879,0.493,81.788,-31.504,0.469,-0.613,47.150,-16.641,-24.194,18.679,30.566,0.323,-1.083,1.130,0.562
17:48:36.055,5.399,24.722,-6.115,True,23.795,-1.526,81.405,-41.297,-0.344,-0.828,46.937,-17.232,-22.215,11.117,24.841,-0.252,-1.279,1.304,0.510
17:48:36.076,5.420,26.487,-4.077,True,25.671,-2.753,80.402,-43.413,-0.515,-0.859,46.716,-17.821,-20.229,13.744,24.456,-0.409,-1.444,1.501,0.710
17:48:36.096,5.440,26.487,-4.077,True,27.095,-3.727,76.226,-43.268,-0.709,-0.526,46.489,-18.406,-20.001,14.329,24.605,-0.442,-1.425,1.492,0.598
17:48:36.116,5.460,30.019,-6.115,True,28.945,-4.946,75.435,-44.686,-0.897,-0.536,46.254,-18.989,-16.235,12.874,20.720,-0.568,-1.599,1.697,0.622
17:48:36.136,5.481,33.551,-8.154,True,31.173,-6.377,76.881,-47.053,-1.256,-0.763,46.012,-19.569,-12.461,11.415,16.899,-0.758,-1.910,2.054,0.522
17:48:36.157,5.501,33.551,-12.231,True,32.906,-8.460,74.240,-52.998,-1.606,-0.827,45.762,-20.145,-12.211,7.915,14.552,-1.171,-1.991,2.310,0.466
17:48:36.178,5.522,35.316,-10.192,True,34.606,-9.676,71.563,-51.620,-1.409,-1.070,45.505,-20.719,-10.189,10.526,14.650,-1.174,-2.069,2.379,0.744
17:48:36.198,5.542,37.082,-6.115,True,36.280,-9.641,68.909,-42.193,-0.822,-0.967,45.241,-21.289,-8.159,15.174,17.228,-0.698,-2.145,2.256,0.780
17:48:36.218,5.562,37.082,-6.115,True,37.524,-9.470,63.622,-34.087,-0.306,-0.859,44.970,-21.856,-7.888,15.740,17.606,-0.266,-2.064,2.081,0.610
17:48:36.238,5.583,40.614,-16.308,True,39.219,-11.582,62.158,-42.941,-0.744,-1.048,44.692,-22.419,-4.078,6.111,7.347,-0.812,-2.196,2.341,0.876
17:48:36.258,5.603,40.614,-14.269,True,40.497,-12.866,57.877,-44.066,-0.777,-1.044,44.407,-22.979,-3.793,8.710,9.500,-0.934,-2.164,2.357,0.471
17:48:36.279,5.623,42.380,-10.192,True,41.823,-12.921,54.539,-36.719,-0.346,-1.143,44.115,-23.535,-1.735,13.343,13.455,-0.559,-2.178,2.249,0.845
17:48:36.299,5.643,44.146,-18.346,True,43.200,-14.745,51.944,-42.734,-0.814,-1.170,43.815,-24.088,0.330,5.742,5.751,-0.952,-2.231,2.426,0.429
17:48:36.319,5.663,45.911,-10.192,True,44.628,-14.344,49.914,-32.520,-0.285,-1.374,43.509,-24.636,2.402,14.444,14.642,-0.406,-2.315,2.350,0.540
17:48:36.339,5.684,45.911,-12.231,True,45.692,-14.352,45.594,-27.465,-0.002,-1.402,43.196,-25.181,2.715,12.950,13.232,-0.129,-2.262,2.266,0.393
17:48:36.360,5.704,47.677,-12.231,True,46.853,-14.281,42.585,-23.121,0.289,-1.481,42.876,-25.722,4.801,13.491,14.320,0.124,-2.277,2.281,0.795
17:48:36.380,5.725,49.443,-12.231,True,48.109,-14.160,40.560,-19.538,0.563,-1.597,42.550,-26.259,6.893,14.028,15.630,0.348,-2.346,2.372,0.813
17:48:36.401,5.745,49.443,-12.231,True,49.042,-14.011,36.538,-16.710,0.713,-1.539,42.216,-26.791,7.227,14.561,16.255,0.540,-2.295,2.358,0.782
17:48:36.421,5.766,49.443,-12.231,True,49.772,-14.346,31.822,-17.820,0.726,-1.476,41.876,-27.320,7.567,15.089,16.880,0.511,-2.194,2.253,0.695
17:48:36.441,5.786,51.209,-14.269,True,50.634,-14.580,28.758,-18.089,0.707,-1.773,41.530,-27.844,9.679,13.575,16.672,0.528,-2.180,2.243,0.695
17:48:36.462,5.806,51.209,-14.269,True,51.209,-14.762,24.278,-18.041,0.720,-1.779,41.177,-28.363,10.032,14.094,17.300,0.564,-2.075,2.150,0.584
17:48:36.482,5.827,54.741,-14.269,True,52.474,-14.905,24.912,-17.826,0.847,-1.906,40.817,-28.879,13.924,14.609,20.182,0.611,-2.265,2.346,0.490
17:48:36.503,5.847,54.741,-18.346,True,53.410,-16.026,23.018,-23.897,0.341,-1.934,40.451,-29.389,14.290,11.043,18.059,0.282,-2.312,2.329,0.834
17:48:36.523,5.867,54.741,-18.346,True,54.081,-16.950,19.603,-27.303,0.142,-1.851,40.078,-29.895,14.662,11.549,18.664,0.089,-2.266,2.267,0.794
17:48:36.547,5.891,56.506,-20.385,True,54.958,-18.184,18.041,-31.881,-0.053,-2.085,39.700,-30.397,16.807,10.012,19.563,-0.186,-2.322,2.330,0.783
17:48:36.567,5.912,56.506,-20.385,True,55.598,-19.190,15.070,-33.869,-0.195,-2.030,39.314,-30.893,17.192,10.508,20.149,-0.325,-2.294,2.316,0.688
17:48:36.588,5.932,54.741,-16.308,True,55.629,-19.034,8.601,-27.806,0.108,-1.816,38.923,-31.385,15.817,15.077,21.852,0.008,-2.050,2.050,0.854
17:48:36.608,5.952,54.741,-16.308,True,55.553,-18.825,2.779,-22.838,0.348,-1.594,38.526,-31.871,16.215,15.564,22.475,0.297,-1.825,1.849,0.789
17:48:36.628,5.973,56.506,-16.308,True,55.818,-18.590,0.394,-18.922,0.586,-1.617,38.122,-32.353,18.384,16.045,24.401,0.541,-1.787,1.867,0.785
17:48:36.649,5.993,58.272,-18.346,True,56.394,-18.824,0.452,-19.085,0.602,-1.797,37.713,-32.829,20.560,14.483,25.149,0.558,-1.888,1.969,0.737
17:48:36.669,6.013,58.272,-18.346,True,56.837,-19.006,-0.573,-18.919,0.719,-1.874,37.297,-33.301,20.975,14.954,25.760,0.594,-1.929,2.018,0.436
17:48:36.689,6.034,58.272,-22.423,True,57.162,-20.090,-2.324,-24.787,0.448,-1.909,36.876,-33.767,21.396,11.344,24.217,0.274,-1.926,1.945,0.439
17:48:36.710,6.054,58.272,-28.538,True,57.384,-22.435,-4.510,-37.521,-0.291,-1.889,36.448,-34.227,21.824,5.689,22.553,-0.477,-1.895,1.954,0.430
17:48:36.730,6.075,58.272,-18.346,True,57.522,-22.060,-6.905,-29.132,0.097,-1.872,36.015,-34.683,22.257,16.337,27.609,-0.024,-1.846,1.846,0.825
17:48:36.751,6.095,58.272,-20.385,True,57.590,-22.118,-9.337,-25.626,0.178,-1.858,35.577,-35.132,22.695,14.748,27.066,0.170,-1.789,1.797,0.692
17:48:36.771,6.116,58.272,-20.385,True,57.605,-22.108,-11.683,-22.538,0.395,-1.754,35.132,-35.577,23.140,15.192,27.681,0.352,-1.732,1.767,0.730
17:48:36.792,6.136,58.272,-20.385,True,57.581,-22.053,-13.862,-19.933,0.552,-1.711,34.683,-36.015,23.589,15.631,28.298,0.516,-1.678,1.756,0.717
17:48:36.812,6.156,58.272,-20.385,True,57.529,-21.971,-15.828,-17.832,0.707,-1.677,34.227,-36.448,24.045,16.064,28.917,0.661,-1.632,1.760,0.720
17:48:36.832,6.177,56.506,-20.385,True,57.048,-21.876,-20.261,-16.217,0.825,-1.534,33.767,-36.876,22.740,16.491,28.090,0.784,-1.434,1.634,0.729
17:48:36.852,6.197,56.506,-20.385,True,56.611,-21.778,-23.416,-15.053,0.962,-1.369,33.301,-37.297,23.206,16.912,28.715,0.888,-1.298,1.572,0.769
17:48:36.873,6.218,56.506,-22.423,True,56.227,-22.159,-25.526,-17.402,0.856,-1.357,32.829,-37.713,23.677,15.289,28.185,0.787,-1.213,1.446,0.462
17:48:36.894,6.238,54.741,-22.423,True,55.490,-22.488,-29.511,-18.891,0.868,-1.143,32.353,-38.122,22.388,15.699,27.344,0.730,-1.011,1.247,0.764
17:48:36.915,6.259,54.741,-22.423,True,54.863,-22.763,-31.832,-19.715,0.776,-1.011,31.871,-38.526,22.869,16.103,27.970,0.706,-0.894,1.139,0.939
17:48:36.934,6.279,54.741,-22.423,True,54.346,-22.986,-32.883,-20.045,0.733,-0.813,31.385,-38.923,23.356,16.500,28.596,0.709,-0.845,1.103,0.650
17:48:36.955,6.300,54.741,-22.423,True,53.933,-23.163,-33.011,-20.029,0.829,-0.795,30.893,-39.314,23.848,16.891,29.224,0.731,-0.847,1.119,1.238
17:48:36.975,6.319,54.741,-22.423,True,53.613,-23.299,-32.509,-19.789,0.860,-0.857,30.397,-39.700,24.344,17.276,29.851,0.767,-0.887,1.172,0.716
17:48:36.996,6.340,52.975,-22.423,True,52.966,-23.399,-34.313,-19.422,0.901,-0.748,29.895,-40.078,23.079,17.655,29.058,0.811,-0.793,1.134,0.772
17:48:37.016,6.360,52.975,-24.462,True,52.441,-23.944,-34.880,-22.117,0.735,-0.749,29.389,-40.451,23.585,15.989,28.494,0.674,-0.766,1.020,0.623
17:48:37.036,6.381,51.209,-24.462,True,51.619,-24.404,-37.270,-23.617,0.671,-0.603,28.879,-40.817,22.330,16.355,27.679,0.599,-0.629,0.869,0.856
17:48:37.057,6.401,51.209,-26.500,True,50.952,-25.253,-38.051,-27.328,0.456,-0.550,28.363,-41.177,22.845,14.677,27.154,0.386,-0.579,0.696,0.619
17:48:37.077,6.422,49.443,-26.500,True,50.017,-25.963,-40.383,-29.190,0.371,-0.377,27.844,-41.530,21.599,15.030,26.314,0.268,-0.435,0.511,0.813
17:48:37.099,6.443,47.677,-26.500,True,48.853,-26.536,-43.616,-29.670,0.080,-0.117,27.320,-41.876,20.357,15.376,25.512,0.224,-0.228,0.320,1.040
17:48:37.119,6.464,47.677,-26.500,True,47.910,-26.983,-44.549,-29.171,0.040,-0.017,26.791,-42.216,20.886,15.716,26.139,0.236,-0.146,0.277,0.823
17:48:37.139,6.484,47.677,-28.538,True,47.172,-27.792,-43.844,-31.140,-0.181,-0.070,26.259,-42.550,21.418,14.011,25.594,0.101,-0.156,0.186,0.812
17:48:37.160,6.505,45.911,-28.538,True,46.206,-28.444,-44.751,-31.536,-0.254,0.081,25.722,-42.876,20.189,14.338,24.763,0.051,-0.073,0.089,0.787
17:48:37.182,6.526,44.146,-32.615,True,45.040,-29.897,-46.681,-37.049,-0.579,0.265,25.181,-43.196,18.964,10.581,21.716,-0.305,0.075,0.314,0.467
17:48:37.203,6.547,44.146,-36.692,True,44.116,-32.045,-46.469,-45.668,-1.115,0.260,24.636,-43.509,19.509,6.817,20.666,-0.869,0.103,0.875,0.950
17:48:37.223,6.567,42.380,-28.538,True,42.999,-31.931,-47.489,-37.132,-0.594,0.289,24.088,-43.815,18.292,15.277,23.832,-0.451,0.205,0.495,0.465
17:48:37.244,6.588,40.614,-32.615,True,41.716,-32.660,-49.260,-36.117,-0.667,0.374,23.535,-44.115,17.079,11.499,20.589,-0.449,0.356,0.573,0.807
17:48:37.264,6.608,40.614,-34.654,True,40.703,-33.678,-48.706,-37.137,-0.726,-0.002,22.979,-44.407,17.635,9.753,20.152,-0.566,0.377,0.681,0.461
17:48:37.285,6.629,40.614,-38.731,True,39.935,-35.422,-46.580,-42.555,-1.272,-0.059,22.419,-44.692,18.195,5.961,19.146,-0.951,0.304,0.999,0.967
17:48:37.306,6.650,37.082,-34.654,True,38.557,-35.897,-48.888,-38.128,-1.211,0.225,21.856,-44.970,15.226,10.316,18.392,-0.776,0.488,0.916,0.820
17:48:37.326,6.671,37.082,-38.731,True,37.464,-37.141,-48.645,-39.698,-1.290,0.249,21.289,-45.241,15.793,6.511,17.083,-0.942,0.530,1.081,0.659
17:48:37.347,6.691,37.082,-36.692,True,36.628,-37.646,-46.653,-35.865,-1.171,0.180,20.719,-45.505,16.363,8.813,18.586,-0.797,0.468,0.924,0.818
17:48:37.367,6.712,37.082,-38.731,True,36.017,-38.449,-43.573,-34.788,-1.156,0.074,20.145,-45.762,16.937,7.031,18.338,-0.804,0.336,0.872,0.487
17:48:37.388,6.733,33.551,-34.654,True,34.775,-38.101,-45.319,-26.278,-0.686,0.197,19.569,-46.012,13.982,11.358,18.014,-0.369,0.480,0.605,0.815
17:48:37.409,6.753,33.551,-34.654,True,33.795,-37.704,-44.820,-19.453,-0.311,0.223,18.989,-46.254,14.562,11.600,18.617,-0.004,0.498,0.498,0.798
17:48:37.429,6.774,33.551,-36.692,True,33.050,-37.767,-42.801,-17.307,-0.242,0.158,18.406,-46.489,15.144,9.797,18.037,0.108,0.425,0.438,0.788
17:48:37.449,6.794,31.785,-34.654,True,32.099,-37.310,-42.553,-12.246,0.168,0.114,17.821,-46.716,13.964,12.063,18.453,0.400,0.450,0.602,0.470
17:48:37.471,6.815,31.785,-34.654,True,31.373,-36.881,-40.808,-8.638,0.501,-0.023,17.232,-46.937,14.553,12.283,19.043,0.624,0.387,0.735,0.764
17:48:37.491,6.835,31.785,-34.654,True,30.842,-36.496,-38.137,-6.256,0.588,-0.033,16.641,-47.150,15.144,12.496,19.634,0.789,0.263,0.832,0.549
17:48:37.512,6.856,30.019,-34.654,True,30.065,-36.164,-37.688,-4.873,0.676,-0.015,16.047,-47.355,13.972,12.701,18.882,0.904,0.262,0.941,0.644
17:48:37.532,6.877,30.019,-34.654,True,29.476,-35.888,-36.070,-4.275,0.633,-0.026,15.451,-47.553,14.568,12.899,19.458,0.978,0.190,0.996,0.901
17:48:37.552,6.897,26.487,-34.654,True,28.228,-35.667,-39.142,-4.269,0.562,0.143,14.852,-47.743,11.635,13.089,17.513,1.019,0.390,1.091,0.560
17:48:37.573,6.917,28.253,-32.615,True,27.633,-35.024,-37.106,-1.572,0.880,-0.023,14.251,-47.926,14.002,15.311,20.748,1.221,0.300,1.257,0.617
17:48:37.593,6.938,26.487,-30.577,True,26.797,-34.015,-37.106,2.758,1.172,0.059,13.648,-48.101,12.840,17.524,21.725,1.530,0.323,1.564,0.418
17:48:37.618,6.963,26.487,-34.654,True,26.155,-34.121,-35.782,-1.447,1.024,0.009,13.042,-48.269,13.445,13.615,19.135,1.351,0.268,1.377,0.390
17:48:37.638,6.983,22.956,-30.577,True,24.863,-33.320,-39.025,1.234,1.260,0.218,12.434,-48.429,10.521,17.852,20.722,1.565,0.480,1.637,0.447
17:48:37.659,7.004,22.956,-26.500,True,23.820,-31.716,-39.759,8.394,1.750,0.293,11.825,-48.582,11.131,22.082,24.728,2.057,0.555,2.131,0.756
17:48:37.679,7.024,22.956,-30.577,True,23.009,-31.323,-38.724,5.652,1.736,0.343,11.214,-48.726,11.742,18.149,21.617,1.990,0.530,2.059,0.397
17:48:37.700,7.044,22.956,-30.577,True,22.402,-31.063,-36.535,2.530,1.635,0.230,10.600,-48.863,12.355,18.286,22.069,1.892,0.432,1.941,0.758
17:48:37.724,7.068,22.956,-30.577,True,21.970,-30.911,-33.685,-0.692,1.621,0.126,9.985,-48.993,12.970,18.416,22.525,1.778,0.288,1.801,0.476
17:48:37.744,7.089,22.956,-30.577,True,21.682,-30.844,-30.558,-3.813,1.469,-0.080,9.369,-49.114,13.587,18.537,22.983,1.659,0.118,1.663,0.751
17:48:37.764,7.109,19.424,-30.577,True,20.688,-30.841,-32.831,-6.697,1.420,0.136,8.751,-49.228,10.673,18.651,21.489,1.543,0.255,1.564,0.883
17:48:37.785,7.129,21.190,-30.577,True,20.301,-30.882,-30.537,-9.260,1.311,-0.109,8.132,-49.334,13.058,18.757,22.855,1.436,0.131,1.442,0.816
17:48:37.805,7.150,19.424,-28.538,True,19.628,-30.480,-30.673,-8.350,1.393,-0.142,7.511,-49.433,11.913,20.894,24.052,1.527,0.142,1.533,0.729
17:48:37.825,7.169,19.424,-28.538,True,19.110,-30.157,-29.756,-8.267,1.541,-0.200,6.890,-49.523,12.535,20.985,24.443,1.572,0.091,1.574,0.449
17:48:37.846,7.190,19.424,-28.538,True,18.726,-29.908,-28.179,-8.772,1.494,-0.387,6.267,-49.606,13.157,21.067,24.838,1.583,-0.002,1.583,0.448
17:48:37.866,7.211,19.424,-30.577,True,18.455,-30.198,-26.257,-12.777,1.051,-0.388,5.643,-49.681,13.781,19.104,23.556,1.384,-0.122,1.390,0.748
17:48:37.887,7.231,19.424,-32.615,True,18.277,-30.956,-24.227,-18.923,0.597,-0.415,5.018,-49.748,14.406,17.132,22.384,1.044,-0.257,1.075,0.790
17:48:37.907,7.251,17.658,-30.577,True,17.762,-31.158,-24.960,-19.911,0.383,-0.643,4.393,-49.807,13.266,19.230,23.362,0.986,-0.235,1.014,0.584
17:48:37.927,7.272,17.658,-32.615,True,17.354,-31.803,-24.838,-23.554,0.138,-0.251,3.766,-49.858,13.892,17.243,22.143,0.766,-0.262,0.810,0.833
17:48:37.948,7.293,17.658,-30.577,True,17.044,-31.879,-24.155,-22.537,0.041,-0.206,3.140,-49.901,14.519,19.324,24.171,0.807,-0.324,0.870,0.501
17:48:37.969,7.313,15.892,-32.615,True,16.405,-32.396,-25.841,-24.631,0.020,0.047,2.512,-49.937,13.380,17.321,21.887,0.667,-0.249,0.712,0.618
17:48:37.989,7.333,15.892,-32.615,True,15.889,-32.825,-26.346,-25.583,0.121,-0.042,1.885,-49.964,14.008,17.349,22.298,0.585,-0.238,0.631,0.537
17:48:38.010,7.354,15.892,-30.577,True,15.486,-32.696,-26.025,-22.569,0.236,-0.132,1.257,-49.984,14.636,19.407,24.307,0.733,-0.274,0.782,0.772
17:48:38.030,7.375,15.892,-32.615,True,15.181,-33.024,-25.172,-23.262,0.050,-0.282,0.628,-49.996,15.264,17.381,23.132,0.670,-0.344,0.754,0.836
17:48:38.051,7.395,15.892,-32.615,True,14.959,-33.286,-24.023,-23.306,0.114,-0.271,-0.000,-50.000,15.892,17.385,23.554,0.643,-0.436,0.776,0.360
17:48:38.072,7.416,15.892,-32.615,True,14.807,-33.488,-22.760,-22.890,0.099,-0.377,-0.628,-49.996,16.521,17.381,23.980,0.640,-0.539,0.837,0.798
17:48:38.092,7.437,15.892,-32.615,True,14.710,-33.637,-21.515,-22.175,0.085,-0.488,-1.257,-49.984,17.149,17.369,24.408,0.656,-0.647,0.921,0.840
17:48:38.113,7.458,15.892,-32.615,True,14.654,-33.740,-20.381,-21.285,0.132,-0.571,-1.885,-49.964,17.777,17.349,24.840,0.683,-0.754,1.018,0.812
17:48:38.133,7.478,15.892,-34.654,True,14.629,-34.279,-19.418,-23.434,0.072,-0.686,-2.512,-49.937,18.405,15.283,23.923,0.531,-0.857,1.008,0.715
17:48:38.155,7.500,15.892,-34.654,True,14.624,-34.726,-18.656,-24.383,-0.072,-0.841,-3.140,-49.901,19.032,15.247,24.386,0.441,-0.953,1.050,0.720
17:48:38.176,7.520,15.892,-36.692,True,14.633,-35.557,-18.108,-27.548,-0.311,-0.898,-3.766,-49.858,19.659,13.166,23.660,0.214,-1.041,1.062,0.713
17:48:38.197,7.541,15.892,-34.654,True,14.647,-35.770,-17.769,-25.767,-0.233,-1.068,-4.393,-49.807,20.285,15.153,25.320,0.266,-1.120,1.151,0.777
17:48:38.217,7.561,12.361,-36.692,True,13.843,-36.380,-23.019,-26.935,-0.310,-0.815,-5.018,-49.748,17.379,13.055,21.736,0.148,-0.870,0.883,0.809
17:48:38.237,7.581,12.361,-36.692,True,13.145,-36.866,-26.367,-26.893,-0.341,-0.624,-5.643,-49.681,18.004,12.988,22.200,0.094,-0.715,0.721,0.450
17:48:38.258,7.602,12.361,-34.654,True,12.558,-36.765,-28.229,-22.887,-0.056,-0.611,-6.267,-49.606,18.627,14.952,23.886,0.274,-0.636,0.693,0.804
17:48:38.281,7.626,12.361,-34.654,True,11.994,-37.223,-29.537,-23.450,-0.130,-0.574,-6.890,-49.523,19.250,14.869,24.324,0.195,-0.585,0.616,0.371
17:48:38.302,7.646,12.361,-36.692,True,11.673,-37.410,-29.010,-22.047,2.673,-1.112,-11.718,-77.115,24.078,40.423,47.050,2.997,-1.059,3.179,0.442
17:48:38.323,7.667,12.361,-38.731,True,11.431,-38.086,-29.050,-29.687,2.238,-1.028,-12.848,-77.948,25.209,39.217,46.621,2.676,-1.146,2.911,0.718
17:48:38.344,7.688,12.361,-36.692,True,11.237,-38.171,-28.975,-31.990,2.075,-0.913,-14.002,-78.765,26.363,42.073,49.650,2.647,-1.245,2.925,0.396
17:48:38.365,7.709,12.361,-36.692,True,11.079,-38.286,-28.873,-34.122,2.317,-0.892,-14.991,-78.583,27.351,41.891,50.029,2.524,-1.333,2.854,0.520
17:48:38.390,7.735,10.595,-36.692,True,10.524,-38.417,-31.468,-35.814,2.149,-0.895,-15.977,-78.388,26.572,41.696,49.443,2.416,-1.261,2.726,0.515
17:48:38.411,7.755,10.595,-38.731,True,10.062,-39.038,-32.994,-40.166,2.115,-1.002,-17.385,-80.136,27.980,41.405,49.972,2.337,-1.288,2.669,0.454
17:48:38.437,7.782,10.595,-40.769,True,9.683,-40.060,-33.832,-46.375,2.624,-1.200,-20.633,-89.656,31.228,48.887,58.010,2.913,-1.538,3.294,0.486
17:48:38.457,7.802,8.829,-38.731,True,8.965,-40.459,-37.261,-48.939,2.706,-1.154,-22.704,-93.277,31.533,54.546,63.005,3.122,-1.522,3.473,0.435
17:48:38.477,7.822,8.829,-38.731,True,8.220,-41.438,-40.389,-55.353,2.649,-1.265,-24.869,-96.858,33.698,58.128,67.189,3.099,-1.526,3.454,0.347
17:48:38.498,7.843,8.829,-40.769,True,7.812,-42.043,-40.978,-58.529,2.530,-1.219,-26.084,-96.538,34.913,55.769,65.796,2.866,-1.581,3.273,0.404
17:48:38.519,7.864,8.829,-42.808,True,7.483,-43.106,-41.141,-63.735,2.197,-1.374,-27.295,-96.203,36.124,53.395,64.467,2.497,-1.662,2.999,0.943
17:48:38.540,7.884,8.829,-44.846,True,7.215,-44.499,-41.070,-69.613,1.750,-1.530,-28.502,-95.852,37.331,51.006,63.208,2.063,-1.759,2.711,0.713
17:48:38.560,7.905,7.063,-44.846,True,6.559,-45.633,-43.637,-72.217,1.595,-1.642,-29.704,-95.486,36.767,50.640,62.580,1.798,-1.700,2.474,0.763
17:48:38.581,7.925,5.297,-44.846,True,5.592,-46.537,-47.729,-72.482,1.260,-1.229,-30.902,-95.106,36.199,50.259,61.939,1.658,-1.543,2.264,0.820
17:48:38.607,7.952,5.297,-50.962,True,4.795,-48.695,-49.893,-80.424,0.363,-0.837,-32.094,-94.710,37.392,43.748,57.551,1.052,-1.487,1.821,0.738
17:48:38.628,7.972,5.297,-48.923,True,4.151,-49.978,-50.667,-80.486,0.203,-1.079,-33.282,-94.299,38.579,45.376,59.560,0.880,-1.507,1.745,0.767
17:48:38.648,7.993,1.766,-48.923,True,2.816,-50.964,-55.848,-78.243,-0.182,-0.578,-34.464,-93.873,36.230,44.950,57.733,0.837,-1.263,1.515,0.774
17:48:38.669,8.013,3.532,-46.885,True,2.127,-51.212,-55.655,-71.376,-0.042,-0.772,-35.641,-93.433,39.173,46.548,60.838,1.072,-1.320,1.700,0.789
17:48:38.689,8.033,1.766,-46.885,True,1.189,-51.300,-57.221,-64.805,0.174,-0.823,-36.812,-92.978,38.578,46.093,60.107,1.307,-1.274,1.826,0.673
17:48:38.716,8.061,1.766,-48.923,True,0.445,-51.741,-57.211,-61.883,0.217,-0.792,-37.978,-92.508,39.744,43.585,58.985,1.345,-1.317,1.883,0.478
17:48:38.736,8.081,-1.766,-55.038,True,-0.947,-53.458,-61.548,-67.796,-0.248,-0.608,-39.137,-92.023,37.372,36.985,52.579,0.864,-1.102,1.401,0.485
17:48:38.757,8.102,-1.766,-53.000,True,-2.082,-54.392,-63.181,-66.794,-0.319,-0.557,-40.291,-91.524,38.525,38.524,54.482,0.765,-1.032,1.285,0.772
17:48:38.777,8.122,-1.766,-57.077,True,-2.979,-56.042,-62.881,-70.432,-0.644,-0.535,-41.438,-91.011,39.672,33.934,52.205,0.388,-1.070,1.139,0.505
17:48:38.798,8.143,-3.532,-63.192,True,-4.072,-58.786,-64.001,-80.027,-1.386,-0.491,-42.578,-90.483,39.046,27.290,47.638,-0.363,-1.026,1.088,0.806
17:48:38.822,8.166,-3.532,-63.192,True,-5.352,-60.386,-66.108,-79.282,-1.518,-0.455,-43.712,-89.941,40.180,26.748,48.269,-0.544,-0.918,1.067,0.375
17:48:38.842,8.187,-5.297,-61.154,True,-6.286,-61.741,-65.503,-76.683,-1.617,-0.393,-44.838,-89.384,39.541,28.230,48.584,-0.620,-0.964,1.146,0.703
17:48:38.863,8.208,-5.297,-67.269,True,-6.982,-64.342,-63.604,-82.153,-2.188,-0.344,-45.958,-88.814,40.661,21.544,46.016,-1.179,-1.090,1.606,0.886
17:48:38.883,8.228,-7.063,-63.192,True,-7.949,-65.270,-63.926,-75.231,-1.875,-0.611,-47.070,-88.229,40.007,25.037,47.195,-1.025,-1.091,1.496,0.442
17:48:38.904,8.249,-7.063,-71.346,True,-8.691,-67.909,-62.782,-80.274,-2.366,-0.654,-48.175,-87.631,41.112,16.285,44.220,-1.571,-1.177,1.963,0.796
17:48:38.929,8.274,-8.829,-63.192,True,-9.675,-67.982,-63.485,-67.333,-1.922,-0.315,-49.273,-87.018,40.444,23.826,46.940,-1.068,-1.158,1.575,0.433
17:48:38.950,8.294,-8.829,-65.231,True,-10.441,-68.352,-62.642,-58.899,-1.654,-0.459,-50.362,-86.392,41.533,21.162,46.614,-0.796,-1.227,1.463,0.752
17:48:38.971,8.315,-8.829,-65.231,True,-11.018,-68.516,-60.818,-50.743,-1.396,-0.433,-51.444,-85.753,42.615,20.522,47.299,-0.516,-1.358,1.453,0.777
17:48:38.991,8.335,-10.595,-65.231,True,-11.851,-68.524,-61.122,-43.162,-1.141,-0.361,-52.517,-85.099,41.923,19.869,46.392,-0.248,-1.369,1.391,0.463
17:48:39.011,8.355,-12.361,-65.231,True,-12.907,-68.418,-62.853,-36.342,-0.764,-0.350,-53.583,-84.433,41.222,19.202,45.475,-0.003,-1.293,1.293,0.454
17:48:39.033,8.378,-12.361,-59.115,True,-13.745,-66.812,-62.766,-21.075,0.011,-0.395,-54.639,-83.753,42.279,24.637,48.934,0.764,-1.319,1.524,0.436
17:48:39.054,8.399,-12.361,-63.192,True,-14.387,-66.294,-61.452,-16.483,0.296,-0.534,-55.688,-83.060,43.327,19.867,47.665,0.949,-1.418,1.706,0.799
17:48:39.075,8.419,-17.658,-71.346,True,-16.090,-67.721,-67.485,-25.646,-0.329,-0.087,-56.727,-82.353,39.069,11.007,40.590,0.331,-1.085,1.134,0.785
17:48:39.095,8.440,-17.658,-73.385,True,-17.491,-69.431,-70.048,-34.204,-1.336,0.427,-57.757,-81.634,40.099,8.249,40.939,-0.289,-0.935,0.979,0.811
17:48:39.115,8.460,-14.127,-65.231,True,-17.784,-68.980,-64.675,-26.133,-1.009,-0.072,-58.779,-80.902,44.652,15.671,47.322,0.039,-1.245,1.245,0.529
17:48:39.144,8.489,-15.892,-63.192,True,-18.337,-68.035,-62.356,-16.551,-0.139,-0.348,-59.790,-80.157,43.898,16.964,47.062,0.482,-1.393,1.474,0.789
17:48:39.164,8.509,-15.892,-63.192,True,-18.726,-67.163,-59.565,-9.617,-0.101,-0.724,-60.793,-79.399,44.901,16.207,47.736,0.799,-1.578,1.768,0.813
17:48:39.185,8.529,-17.658,-63.192,True,-19.392,-66.387,-59.348,-4.885,0.009,-1.090,-61.786,-78.629,44.128,15.437,46.750,1.009,-1.620,1.908,0.774
17:48:39.205,8.549,-19.424,-61.154,True,-20.310,-65.245,-60.909,1.203,0.245,-1.163,-62.769,-77.846,43.345,16.692,46.448,1.313,-1.557,2.037,0.478
17:48:39.225,8.570,-19.424,-61.154,True,-21.039,-64.275,-60.889,4.728,0.482,-0.996,-63.742,-77.051,44.318,15.897,47.083,1.486,-1.583,2.171,0.796
17:48:39.254,8.599,-19.424,-59.115,True,-21.598,-63.003,-59.809,9.422,0.846,-1.118,-64.706,-76.244,45.282,17.129,48.413,1.740,-1.671,2.412,0.483
17:48:39.275,8.619,-19.424,-63.192,True,-22.010,-62.902,-58.089,5.268,0.659,-1.158,-65.659,-75.425,46.235,12.233,47.825,1.485,-1.801,2.334,0.774
17:48:39.295,8.640,-19.424,-63.192,True,-22.301,-62.889,-56.060,1.613,0.528,-1.344,-66.601,-74.594,47.177,11.402,48.535,1.242,-1.956,2.317,0.583
17:48:39.316,8.660,-21.190,-59.115,True,-22.903,-61.987,-56.667,4.778,0.927,-1.332,-67.533,-73.751,46.343,14.636,48.600,1.387,-1.962,2.403,0.775
17:48:39.336,8.680,-22.956,-57.077,True,-23.785,-60.772,-59.046,9.283,1.179,-1.166,-68.455,-72.897,45.499,15.820,48.171,1.622,-1.861,2.469,0.493
17:48:39.361,8.705,-22.956,-61.154,True,-24.499,-60.718,-59.798,5.084,0.893,-1.157,-69.365,-72.031,46.410,10.877,47.667,1.356,-1.847,2.291,0.724
17:48:39.381,8.726,-24.722,-67.269,True,-25.469,-62.163,-62.106,-7.863,0.058,-0.975,-70.265,-71.154,45.543,3.884,45.709,0.552,-1.738,1.824,0.850
17:48:39.402,8.746,-24.722,-57.077,True,-26.249,-61.102,-62.640,-0.989,0.426,-0.889,-71.154,-70.265,46.432,13.188,48.269,0.873,-1.726,1.934,0.856
17:48:39.422,8.767,-26.487,-57.077,True,-27.266,-60.182,-64.637,3.394,0.740,-0.891,-72.031,-69.365,45.544,12.288,47.172,1.068,-1.624,1.943,0.915
17:48:39.442,8.786,-26.487,-57.077,True,-28.077,-59.408,-64.809,5.838,1.097,-0.836,-72.897,-68.455,46.410,11.378,47.784,1.162,-1.621,1.995,0.444
17:48:39.471,8.815,-28.253,-57.077,True,-29.113,-58.777,-66.430,6.831,0.966,-0.709,-73.751,-67.533,45.498,10.456,46.684,1.177,-1.532,1.932,0.410
17:48:39.491,8.836,-28.253,-55.038,True,-29.933,-57.803,-66.234,9.913,0.921,-0.684,-74.594,-66.601,46.341,11.563,47.762,1.317,-1.543,2.029,0.722
17:48:39.511,8.856,-30.019,-55.038,True,-30.970,-57.009,-67.512,11.126,0.724,-0.490,-75.425,-65.659,45.406,10.620,46.632,1.356,-1.466,1.997,0.691
17:48:39.532,8.876,-30.019,-57.077,True,-31.786,-56.854,-67.008,7.897,0.824,-0.489,-76.244,-64.706,46.225,7.629,46.851,1.134,-1.488,1.871,0.627
17:48:39.552,8.897,-30.019,-55.038,True,-32.404,-56.311,-65.321,8.098,1.053,-0.790,-77.051,-63.742,47.032,8.704,47.831,1.101,-1.582,1.927,0.830
17:48:39.577,8.921,-31.785,-53.000,True,-33.263,-55.417,-65.630,10.646,1.255,-1.052,-77.846,-62.769,46.061,9.769,47.086,1.205,-1.561,1.972,0.556
17:48:39.597,8.942,-33.551,-50.962,True,-34.338,-54.219,-67.273,14.649,1.306,-1.017,-78.629,-61.786,45.078,10.824,46.360,1.403,-1.460,2.025,0.817
17:48:39.618,8.962,-35.316,-50.962,True,-35.598,-53.237,-69.712,16.293,1.269,-0.777,-79.399,-60.793,44.083,9.831,45.166,1.475,-1.303,1.968,0.686
17:48:39.638,8.983,-35.316,-53.000,True,-36.603,-52.932,-69.831,13.127,1.030,-0.744,-80.157,-59.790,44.840,6.790,45.351,1.265,-1.273,1.795,0.705
17:48:39.658,9.003,-37.082,-53.000,True,-37.786,-52.746,-71.046,10.023,0.837,-0.768,-80.902,-58.779,43.819,5.779,44.199,1.046,-1.176,1.573,0.836
17:48:39.679,9.023,-38.848,-53.000,True,-39.124,-52.651,-72.913,7.180,0.760,-0.578,-81.634,-57.757,42.786,4.757,43.049,0.828,-1.033,1.323,0.721
17:48:39.699,9.044,-38.848,-53.000,True,-40.179,-52.622,-72.387,4.728,0.567,-0.667,-82.353,-56.727,43.505,3.727,43.665,0.619,-1.022,1.195,0.579
17:48:39.720,9.064,-40.614,-50.962,True,-41.392,-52.164,-72.940,5.847,0.554,-0.603,-83.060,-55.688,42.446,4.726,42.708,0.610,-0.947,1.127,0.856
17:48:39.740,9.085,-40.614,-53.000,True,-42.331,-52.268,-71.471,3.137,0.291,-0.625,-83.753,-54.639,43.139,1.639,43.170,0.376,-0.988,1.057,0.799
17:48:39.761,9.105,-42.380,-50.962,True,-43.440,-51.916,-71.392,4.265,0.279,-0.579,-84.433,-53.583,42.053,2.621,42.135,0.355,-0.948,1.012,0.793
17:48:39.781,9.126,-44.146,-50.962,True,-44.700,-51.629,-72.238,4.864,0.291,-0.621,-85.099,-52.517,40.954,1.556,40.983,0.304,-0.851,0.904,0.613
17:48:39.802,9.146,-44.146,-50.962,True,-45.680,-51.399,-70.935,5.111,0.144,-0.724,-85.753,-51.444,41.607,0.482,41.610,0.230,-0.876,0.906,0.968
17:48:39.822,9.166,-45.911,-50.962,True,-46.823,-51.219,-70.922,5.151,0.153,-0.826,-86.392,-50.362,40.481,-0.599,40.485,0.142,-0.827,0.839,0.401
17:48:39.842,9.187,-47.677,-48.923,True,-48.110,-50.607,-71.758,8.209,0.290,-0.770,-87.018,-49.273,39.341,0.350,39.343,0.229,-0.723,0.759,0.776
17:48:39.863,9.207,-47.677,-53.000,True,-49.111,-51.037,-70.392,3.833,-0.048,-0.808,-87.631,-48.175,39.953,-4.825,40.244,-0.117,-0.745,0.754,0.815
17:48:39.883,9.228,-49.443,-53.000,True,-50.269,-51.434,-70.279,0.958,-0.324,-0.752,-88.229,-47.070,38.786,-5.930,39.237,-0.394,-0.694,0.798,0.581
17:48:39.906,9.250,-49.443,-53.000,True,-51.675,-51.415,-71.705,1.767,-0.378,-0.620,-88.814,-45.958,39.371,-7.042,39.995,-0.468,-0.549,0.721,0.443
17:48:39.927,9.272,-51.209,-50.962,True,-52.573,-51.262,-69.405,3.482,-0.484,-0.737,-89.757,-44.088,38.548,-6.874,39.156,-0.564,-0.655,0.864,0.623
17:48:39.948,9.292,-52.975,-48.923,True,-53.698,-50.587,-69.089,8.461,-0.395,-0.711,-90.660,-42.199,37.686,-6.725,38.281,-0.465,-0.647,0.797,0.836
17:48:39.968,9.312,-54.741,-50.962,True,-54.993,-50.557,-69.872,8.542,-0.590,-0.604,-91.524,-40.291,36.784,-10.671,38.300,-0.650,-0.569,0.864,0.868
17:48:39.988,9.333,-54.741,-55.038,True,-55.982,-51.539,-68.465,2.613,-1.040,-0.666,-92.348,-38.365,37.607,-16.673,41.138,-1.202,-0.615,1.350,0.765
17:48:40.012,9.356,-58.272,-48.923,True,-57.574,-50.866,-71.142,9.016,-0.838,-0.433,-93.131,-36.423,34.859,-12.500,37.032,-1.046,-0.416,1.126,0.419
17:48:40.033,9.378,-58.272,-48.923,True,-58.824,-50.266,-70.893,13.847,-0.775,-0.417,-93.939,-34.285,35.667,-14.638,38.553,-0.987,-0.382,1.058,0.586
17:48:40.058,9.402,-60.038,-48.923,True,-60.194,-49.738,-71.370,17.490,-0.799,-0.312,-94.771,-31.914,34.733,-17.009,38.674,-1.010,-0.308,1.056,0.445
17:48:40.079,9.423,-61.804,-46.885,True,-61.664,-48.802,-72.278,23.360,-0.394,-0.267,-95.625,-29.255,33.821,-17.629,38.140,-0.924,-0.206,0.946,0.425
17:48:40.103,9.448,-65.335,-46.885,True,-63.628,-47.997,-76.080,27.459,-0.514,0.266,-96.497,-26.237,31.161,-20.647,37.381,-0.964,0.071,0.967,0.754
17:48:40.125,9.470,-65.335,-46.885,True,-65.150,-47.448,-75.933,29.439,-0.693,0.494,-97.376,-22.757,32.041,-24.128,40.110,-1.170,0.129,1.177,0.439
17:48:40.146,9.490,-68.867,-46.885,True,-67.289,-46.866,-79.626,31.796,-1.012,0.860,-98.244,-18.659,29.377,-28.226,40.739,-1.417,0.419,1.478,0.765
17:48:40.166,9.510,-68.867,-42.808,True,-68.877,-45.317,-78.741,40.469,-0.864,0.792,-98.939,-14.528,30.072,-28.279,41.280,-1.293,0.469,1.375,0.463
17:48:40.186,9.531,-68.867,-44.846,True,-70.047,-44.594,-75.226,42.580,-0.795,0.414,-99.461,-10.373,30.594,-34.474,46.091,-1.543,0.379,1.589,0.754
17:48:40.212,9.556,-70.633,-40.769,True,-71.324,-43.006,-73.011,50.399,-0.946,0.522,-99.808,-6.199,29.175,-34.571,45.236,-1.456,0.374,1.503,0.665
17:48:40.232,9.576,-75.930,-50.962,True,-73.546,-44.169,-77.082,39.604,-1.831,0.936,-99.980,-2.014,24.049,-48.948,54.537,-2.468,0.759,2.582,0.647
17:48:40.252,9.597,-75.930,-53.000,True,-75.289,-45.671,-76.807,29.999,-2.834,1.191,-99.976,2.175,24.046,-55.175,60.187,-3.461,0.921,3.581,0.815
17:48:40.273,9.617,-79.462,-48.923,True,-77.447,-45.980,-78.922,31.255,-3.419,1.415,-99.798,6.360,20.336,-55.283,58.904,-3.854,1.248,4.052,0.833
17:48:40.293,9.637,-82.994,-44.846,True,-79.955,-45.236,-82.386,39.947,-3.113,1.740,-99.444,10.533,16.450,-55.379,57.771,-3.814,1.688,4.170,0.620
17:48:40.314,9.658,-79.462,-48.923,True,-81.103,-45.483,-75.663,40.959,-3.449,1.883,-98.915,14.688,19.453,-63.611,66.519,-4.209,1.558,4.489,0.797
17:48:40.340,9.685,-79.462,-48.923,True,-81.882,-45.656,-67.654,43.117,-3.559,1.421,-98.214,18.817,18.752,-67.740,70.288,-4.544,1.353,4.741,0.753
17:48:40.361,9.705,-88.291,-44.846,True,-84.411,-44.806,-72.592,52.373,-3.653,1.986,-97.339,22.914,9.048,-67.760,68.361,-4.460,1.911,4.852,0.552
17:48:40.381,9.725,-90.057,-42.808,True,-86.838,-43.537,-75.077,62.990,-3.420,2.278,-96.295,26.970,6.238,-69.777,70.056,-4.270,2.368,4.883,0.447
17:48:40.402,9.746,-86.525,-38.731,True,-87.918,-41.453,-67.435,77.192,-2.973,2.143,-95.081,30.978,8.555,-69.709,70.232,-3.836,2.260,4.452,0.883
17:48:40.422,9.766,-86.525,-40.769,True,-88.629,-40.109,-58.594,83.756,-3.079,1.911,-93.700,34.933,7.175,-75.702,76.041,-3.807,2.079,4.338,0.806
17:48:40.444,9.789,-90.057,-34.654,True,-89.860,-37.555,-54.714,97.369,-2.618,2.015,-92.155,38.826,2.098,-73.480,73.510,-3.340,2.186,3.992,0.421
17:48:40.464,9.809,-90.057,-34.654,True,-90.746,-35.386,-48.849,105.692,-2.512,2.037,-90.448,42.651,0.391,-77.305,77.306,-3.139,2.186,3.825,0.636
17:48:40.485,9.829,-90.057,-30.577,True,-91.335,-32.645,-41.806,116.267,-2.101,2.004,-88.583,46.401,-1.474,-76.978,76.992,-2.773,2.121,3.491,0.491
17:48:40.505,9.850,-90.057,-28.538,True,-91.680,-29.905,-34.213,124.690,-1.928,1.863,-86.562,50.070,-3.495,-78.608,78.686,-2.494,2.022,3.210,1.097
17:48:40.525,9.870,-91.823,-22.423,True,-92.238,-26.251,-29.231,137.447,-1.337,1.703,-84.390,53.651,-7.433,-76.074,76.436,-1.923,2.075,2.829,0.813
17:48:40.546,9.890,-93.589,-22.423,True,-93.001,-23.251,-26.139,143.050,-1.176,1.742,-82.069,57.138,-11.520,-79.561,80.390,-1.725,2.247,2.833,0.735
17:48:40.566,9.911,-93.589,-20.385,True,-93.539,-20.389,-21.622,146.602,-1.582,1.575,-79.604,60.524,-13.984,-80.909,82.108,-1.620,2.348,2.853,0.895
17:48:40.586,9.931,-93.589,-18.346,True,-93.882,-17.664,-16.213,148.572,-1.661,1.596,-77.000,63.805,-16.589,-82.151,83.809,-1.589,2.404,2.882,0.660
17:48:40.607,9.951,-93.589,-16.308,True,-94.063,-15.068,-10.330,149.369,-1.667,1.676,-74.260,66.973,-19.328,-83.281,85.494,-1.611,2.436,2.921,0.443
17:48:40.627,9.972,-97.120,-10.192,True,-94.932,-11.642,-9.680,155.563,-1.348,2.122,-71.391,70.024,-25.729,-80.216,84.242,-1.300,2.781,3.070,0.806
17:48:40.648,9.992,-97.120,-8.154,True,-95.589,-8.443,-7.012,158.810,-1.281,2.365,-68.396,72.952,-28.724,-81.106,86.042,-1.130,3.029,3.233,0.432
17:48:40.668,10.013,-97.120,-4.077,True,-96.053,-4.990,-2.914,162.948,-1.058,2.565,-65.281,75.752,-31.839,-79.829,85.944,-0.882,3.206,3.325,0.709
17:48:40.688,10.033,-97.120,-2.038,True,-96.345,-1.803,2.131,164.291,-0.825,2.740,-62.052,78.419,-35.069,-80.458,87.768,-0.771,3.335,3.423,0.737
17:48:40.709,10.053,-97.120,6.115,True,-96.493,2.560,7.736,172.948,-0.484,2.522,-58.713,80.949,-38.407,-74.834,84.114,-0.205,3.437,3.443,0.729
17:48:40.728,10.073,-97.120,10.192,True,-96.520,6.988,13.602,179.744,-0.294,2.444,-55.272,83.337,-41.848,-73.144,84.270,0.299,3.524,3.537,0.444
17:48:40.754,10.098,-97.120,12.231,True,-96.450,10.966,19.511,181.646,0.130,2.709,-51.734,85.578,-45.387,-73.347,86.254,0.556,3.611,3.653,0.698
17:48:40.775,10.119,-97.120,14.269,True,-96.307,14.522,25.310,180.000,0.275,2.796,-48.105,87.670,-49.016,-73.400,88.262,0.630,3.703,3.756,0.521
17:48:40.795,10.140,-97.120,18.346,True,-96.107,18.174,30.903,179.047,0.568,3.035,-44.391,89.607,-52.729,-71.261,88.648,0.760,3.808,3.883,0.750
17:48:40.815,10.160,-97.120,20.385,True,-95.868,21.437,36.234,175.393,0.670,3.114,-40.600,91.387,-56.520,-71.003,90.752,0.747,3.927,3.998,0.443
17:48:40.835,10.180,-97.120,30.577,True,-95.603,26.253,41.284,182.460,1.318,3.422,-36.737,93.007,-60.383,-62.430,86.854,1.378,4.064,4.292,0.676
17:48:40.858,10.202,-97.120,26.500,True,-95.321,29.112,46.056,174.433,1.324,3.615,-32.810,94.464,-64.310,-67.964,93.567,1.164,4.218,4.376,0.635
17:48:40.879,10.223,-256.044,201.808,False,-94.400,32.601,54.723,172.041,1.324,3.615,-28.826,95.755,-227.218,106.052,250.750,0.000,0.000,0.000,0.492
17:48:40.900,10.245,-97.120,26.500,True,-94.381,33.351,56.508,152.437,0.490,3.835,-24.791,96.878,-72.329,-70.378,100.919,0.376,4.465,4.481,1.236
17:48:40.921,10.265,-97.120,38.731,True,-94.283,37.022,59.166,155.591,0.894,3.999,-20.712,97.832,-76.408,-59.101,96.598,0.787,4.746,4.810,0.811
17:48:40.941,10.286,-97.120,38.731,True,-94.128,39.775,62.452,151.719,0.762,4.381,-16.597,98.613,-80.523,-59.882,100.349,0.813,4.997,5.062,0.766
17:48:40.962,10.306,-97.120,40.769,True,-93.930,42.304,66.097,146.863,0.637,4.578,-12.453,99.222,-84.667,-58.452,102.884,0.791,5.230,5.290,0.785
17:48:40.988,10.333,-93.589,38.731,True,-92.846,43.665,75.339,135.248,0.241,4.460,-8.287,99.656,-85.301,-60.925,104.825,0.371,5.130,5.144,0.418
17:48:41.009,10.353,-93.589,44.846,True,-91.875,46.007,82.458,132.170,0.251,4.554,-4.107,99.916,-89.482,-55.069,105.070,0.443,5.137,5.156,0.866
17:48:41.029,10.373,-93.589,44.846,True,-91.018,47.754,87.914,125.493,0.353,4.416,0.081,100.000,-93.669,-55.154,108.701,0.314,5.229,5.239,0.462
17:48:41.049,10.394,-90.057,50.962,True,-89.446,50.427,97.451,125.905,0.660,4.249,4.268,99.909,-94.325,-48.947,106.269,0.609,5.070,5.107,0.425
17:48:41.070,10.414,-90.057,53.000,True,-88.094,52.958,103.982,124.737,0.981,4.153,8.448,99.643,-98.505,-46.643,108.990,0.837,5.065,5.133,0.808
17:48:41.095,10.439,-90.057,55.038,True,-86.955,55.356,108.238,122.387,1.315,4.074,12.613,99.201,-102.670,-44.163,111.766,1.017,5.179,5.278,0.418
17:48:41.116,10.460,-88.291,63.192,True,-85.603,59.056,113.541,128.511,2.211,4.011,16.756,98.586,-105.048,-35.394,110.850,1.719,5.224,5.500,0.890
17:48:41.136,10.480,-86.525,61.154,True,-84.074,61.517,119.399,124.257,2.484,3.879,20.870,97.798,-107.395,-36.644,113.475,1.856,5.224,5.544,0.783
17:48:41.156,10.500,-81.228,65.231,True,-81.580,64.287,130.834,122.323,2.721,3.669,24.947,96.838,-106.175,-31.607,110.780,2.144,4.878,5.328,0.700
17:48:41.176,10.521,-82.994,71.346,True,-79.900,67.806,134.687,124.978,3.268,3.781,28.980,95.709,-111.974,-24.362,114.594,2.726,4.943,5.645,0.845
17:48:41.197,10.541,-79.462,71.346,True,-77.731,70.547,141.389,120.970,3.414,3.741,32.963,94.411,-112.425,-23.065,114.766,2.953,4.829,5.660,0.889
17:48:41.217,10.561,-74.165,85.615,True,-74.731,75.908,152.440,134.273,4.603,3.351,36.887,92.948,-111.052,-7.333,111.294,4.223,4.433,6.123,0.639
17:48:41.237,10.582,-72.399,87.654,True,-71.849,80.701,160.452,139.470,5.441,3.026,40.747,91.322,-113.146,-3.668,113.206,5.094,4.177,6.588,0.841
17:48:41.258,10.602,-68.867,89.692,True,-68.693,84.933,168.688,138.497,6.108,3.089,44.536,89.535,-113.403,0.157,113.403,5.653,3.877,6.855,1.077
17:48:41.279,10.623,-68.867,87.654,True,-66.144,87.691,171.225,126.808,6.026,3.361,48.246,87.592,-117.113,0.062,117.113,5.607,3.881,6.819,0.834
17:48:41.299,10.643,-63.570,85.615,True,-62.917,89.155,177.899,108.234,5.660,3.492,51.872,85.495,-115.441,0.121,115.441,5.143,3.627,6.293,0.438
17:48:41.319,10.664,-65.335,87.654,True,-60.749,90.467,176.213,92.061,5.167,3.751,55.406,83.247,-120.742,4.406,120.822,4.785,3.838,6.134,0.503
17:48:41.340,10.684,-58.272,93.769,True,-57.468,92.648,182.497,84.462,5.220,3.364,58.844,80.854,-117.116,12.915,117.826,4.907,3.576,6.072,0.688
17:48:41.360,10.704,-61.804,93.769,True,-55.675,94.205,177.641,73.511,4.958,3.679,62.178,78.319,-123.982,15.450,124.941,4.833,3.944,6.238,0.705
17:48:41.380,10.725,-51.209,95.808,True,-51.910,95.706,187.140,63.782,4.752,3.318,65.403,75.647,-116.612,20.161,118.342,4.821,3.471,5.941,0.449
17:48:41.404,10.749,-49.443,95.808,True,-48.463,96.709,192.322,52.083,4.716,2.772,68.514,72.842,-117.957,22.966,120.171,4.686,3.209,5.679,0.728
17:48:41.424,10.769,-49.443,83.577,True,-45.738,94.457,191.544,20.807,3.500,2.966,71.504,69.909,-120.947,13.668,121.717,3.373,3.270,4.698,0.468
17:48:41.445,10.789,-44.146,93.769,True,-42.428,94.617,194.843,12.191,3.554,2.688,74.368,66.853,-118.514,26.916,121.532,3.314,3.079,4.524,0.582
17:48:41.466,10.810,-40.614,91.731,True,-39.015,94.133,197.989,0.601,2.943,2.451,77.103,63.680,-117.717,28.051,121.013,3.072,2.873,4.206,0.758
17:48:41.485,10.830,-35.316,97.846,True,-35.116,95.005,203.492,-0.058,3.183,1.950,79.702,60.396,-115.018,37.451,120.962,3.458,2.500,4.267,0.539
17:48:41.507,10.851,-31.785,97.846,True,-31.218,95.664,207.500,-2.824,3.429,1.633,82.161,57.005,-113.946,40.841,121.044,3.741,2.179,4.330,0.450
17:48:41.531,10.875,-30.019,97.846,True,-27.753,96.128,207.470,-7.092,3.599,1.477,84.476,53.515,-114.495,44.332,122.778,3.948,2.065,4.456,0.583
17:48:41.551,10.896,-26.487,97.846,True,-24.274,96.418,207.310,-12.364,3.667,1.503,86.643,49.930,-113.130,47.916,122.859,4.103,1.941,4.539,0.885
17:48:41.571,10.916,-19.424,89.692,True,-19.964,94.666,212.373,-30.688,2.903,0.992,88.658,46.258,-108.082,43.434,116.483,3.486,1.488,3.791,0.791
17:48:41.592,10.936,-15.892,91.731,True,-15.758,93.513,215.162,-41.395,2.637,0.748,90.517,42.505,-106.409,49.226,117.244,3.274,1.130,3.463,0.633
17:48:41.612,10.956,-12.361,89.692,True,-11.665,91.990,216.100,-52.691,2.454,0.387,92.218,38.677,-104.578,51.015,116.358,3.006,0.850,3.123,0.512
17:48:41.638,10.982,-8.829,93.769,True,-7.688,91.594,215.577,-54.539,2.937,-0.138,93.756,34.782,-102.585,58.988,118.336,3.274,0.629,3.334,0.426
17:48:41.658,11.003,0.000,87.654,True,-2.592,89.841,222.026,-65.617,2.782,-0.745,95.131,30.825,-95.131,56.829,110.812,3.005,-0.028,3.005,0.660
17:48:41.678,11.023,3.532,87.654,True,2.239,88.326,224.540,-73.129,2.712,-1.273,96.338,26.814,-92.806,60.840,110.971,2.923,-0.501,2.966,0.472
17:48:41.699,11.044,7.063,83.577,True,6.808,86.100,224.019,-84.153,2.136,-1.176,97.376,22.757,-90.313,60.820,108.883,2.620,-0.831,2.749,0.712
17:48:41.719,11.064,8.829,85.615,True,10.717,84.695,218.556,-87.705,2.210,-1.193,98.244,18.659,-89.415,66.957,111.706,2.732,-0.894,2.875,0.614
17:48:41.745,11.090,15.892,83.577,True,15.275,83.089,217.948,-92.348,2.310,-1.753,98.939,14.528,-83.047,69.048,108.002,2.780,-1.254,3.049,0.633
17:48:41.766,11.110,19.424,83.577,True,19.585,81.784,215.052,-94.493,2.785,-2.163,99.461,10.373,-80.037,73.204,108.465,2.970,-1.505,3.330,0.844
17:48:41.786,11.130,24.722,81.538,True,24.080,80.276,213.237,-98.086,2.632,-2.099,99.808,6.199,-75.086,75.340,106.367,3.078,-1.839,3.586,0.747
17:48:41.806,11.151,26.487,83.577,True,27.913,79.537,206.621,-96.374,3.350,-1.935,99.980,2.014,-73.492,81.563,109.789,3.499,-1.913,3.988,0.445
17:48:41.827,11.172,31.785,79.500,True,31.985,78.049,202.291,-100.675,3.423,-2.188,99.976,-2.175,-68.192,81.675,106.400,3.579,-2.130,4.164,0.695
17:48:41.854,11.199,35.316,85.615,True,35.865,78.261,196.824,-93.398,4.162,-2.093,99.798,-6.360,-64.481,91.975,112.326,4.340,-2.294,4.909,0.695
17:48:41.875,11.219,38.848,77.462,True,39.580,76.641,190.654,-100.682,4.076,-2.199,99.444,-10.533,-60.596,87.995,106.840,4.273,-2.429,4.915,0.791
17:48:41.895,11.239,40.614,75.423,True,42.747,74.812,181.420,-108.248,4.055,-2.097,98.915,-14.688,-58.301,90.111,107.327,4.172,-2.391,4.809,0.815
17:48:41.915,11.259,47.677,75.423,True,46.678,73.292,178.495,-112.581,4.350,-2.230,98.214,-18.817,-50.536,94.240,106.935,4.242,-2.725,5.042,0.456
17:48:41.936,11.280,51.209,73.385,True,50.471,71.585,174.364,-117.717,4.455,-2.561,97.339,-22.914,-46.131,96.298,106.777,4.254,-3.009,5.211,1.043
17:48:41.959,11.303,52.975,79.500,True,53.730,71.617,166.678,-110.775,4.974,-2.682,96.295,-26.970,-43.320,106.470,114.945,4.969,-3.101,5.857,0.429
17:48:41.980,11.324,52.975,63.192,True,56.114,67.959,154.063,-130.466,4.266,-2.418,95.081,-30.978,-42.106,94.171,103.155,4.135,-2.903,5.053,0.990
17:48:42.000,11.344,61.804,73.385,True,59.801,67.216,152.082,-126.691,4.904,-2.804,93.700,-34.933,-31.896,108.317,112.916,4.623,-3.323,5.693,0.720
17:48:42.020,11.364,65.335,67.269,True,63.422,65.283,149.062,-132.239,4.763,-3.143,92.155,-38.826,-26.820,106.095,109.433,4.574,-3.706,5.887,0.709
17:48:42.040,11.384,67.101,71.346,True,66.565,64.662,142.514,-128.339,5.249,-3.379,90.448,-42.651,-23.347,113.997,116.363,5.067,-3.902,6.395,0.732
17:48:42.067,11.411,68.867,67.269,True,69.288,63.297,133.659,-130.846,5.315,-3.737,88.583,-46.401,-19.716,113.670,115.367,5.194,-3.970,6.538,0.676
17:48:42.087,11.432,72.399,63.192,True,72.063,61.264,126.170,-137.682,5.161,-3.817,86.562,-50.070,-14.163,113.262,114.144,5.056,-4.119,6.522,0.706
17:48:42.107,11.452,75.930,63.192,True,74.899,59.598,119.760,-140.920,5.045,-4.005,84.390,-53.651,-8.459,116.843,117.149,5.105,-4.337,6.698,0.741
17:48:42.128,11.472,75.930,59.115,True,76.977,57.322,108.767,-147.841,4.830,-4.025,82.069,-57.138,-6.138,116.253,116.415,4.920,-4.292,6.529,0.762
17:48:42.148,11.492,79.462,57.077,True,79.224,54.995,100.422,-153.810,4.614,-4.225,79.604,-60.524,-0.142,117.601,117.601,4.763,-4.395,6.481,0.801
17:48:42.175,11.519,82.994,48.923,True,81.642,51.223,94.082,-168.171,3.902,-4.371,77.000,-63.805,5.994,112.728,112.887,4.080,-4.617,6.161,0.661
17:48:42.196,11.541,82.994,44.846,True,83.400,47.160,83.787,-181.155,3.317,-4.249,74.260,-66.973,8.733,111.819,112.160,3.417,-4.612,5.740,1.487
17:48:42.215,11.560,86.525,48.923,True,85.413,44.788,76.524,-179.950,3.474,-4.488,71.391,-70.024,15.135,118.947,119.906,3.538,-4.780,5.947,0.434
17:48:42.236,11.580,86.525,38.731,True,86.846,40.618,66.065,-190.974,3.066,-4.921,68.396,-72.952,18.129,111.683,113.145,2.928,-4.761,5.589,0.792
17:48:42.256,11.600,90.057,36.692,True,88.606,36.774,59.168,-197.151,3.036,-5.298,65.281,-75.752,24.776,112.445,115.142,2.551,-4.944,5.563,0.714
17:48:42.279,11.624,90.057,34.654,True,89.852,33.254,49.418,-199.607,2.678,-5.203,62.052,-78.419,28.005,113.073,116.490,2.357,-4.961,5.493,0.481
17:48:42.300,11.644,93.589,18.346,True,91.479,26.726,43.422,-221.120,1.459,-5.474,58.713,-80.949,34.875,99.295,105.242,1.008,-5.193,5.290,0.462
17:48:42.321,11.665,93.589,22.423,True,92.636,22.331,34.648,-223.008,1.228,-5.559,55.272,-83.337,38.317,105.760,112.487,0.724,-5.266,5.315,1.143
17:48:42.341,11.685,95.354,12.231,True,93.799,16.561,26.923,-233.108,0.163,-5.550,51.734,-85.578,43.621,97.809,107.095,-0.075,-5.395,5.395,1.203
17:48:42.361,11.706,97.120,14.269,True,94.984,12.449,20.088,-229.333,0.135,-5.708,48.105,-87.670,49.016,101.939,113.111,-0.111,-5.575,5.576,0.728
17:48:42.388,11.733,97.120,2.038,True,95.789,6.510,11.283,-238.001,-0.762,-6.012,44.391,-89.607,52.729,91.645,105.732,-0.893,-5.638,5.708,0.559
17:48:42.409,11.753,97.120,-4.077,True,96.271,0.396,1.388,-245.063,-1.372,-5.916,40.600,-91.387,56.520,87.310,104.008,-1.638,-5.628,5.862,0.833
17:48:42.429,11.774,97.120,-2.038,True,96.490,-3.932,-8.922,-237.929,-1.416,-5.936,36.737,-93.007,60.383,90.969,109.185,-1.594,-5.581,5.805,0.768
17:48:42.450,11.794,97.120,-4.077,True,96.499,-7.619,-19.155,-227.607,-1.215,-5.810,32.810,-94.464,64.310,90.387,110.931,-1.362,-5.523,5.689,0.801
17:48:42.470,11.815,97.120,-8.154,True,96.350,-11.238,-28.970,-218.675,-1.103,-5.717,28.826,-95.755,68.294,87.601,111.077,-1.200,-5.474,5.604,0.678
17:48:42.497,11.841,97.120,-18.346,True,96.084,-16.247,-38.154,-220.385,-1.539,-5.667,24.791,-96.878,72.329,78.532,106.765,-1.664,-5.445,5.694,0.593
17:48:42.517,11.862,93.589,-32.615,True,94.918,-23.433,-51.987,-235.232,-2.705,-5.310,20.712,-97.832,72.876,65.216,97.796,-2.943,-5.126,5.911,0.939
17:48:42.537,11.881,93.589,-32.615,True,93.879,-28.138,-62.519,-229.185,-2.881,-5.225,16.597,-98.613,76.991,65.998,101.407,-3.068,-4.969,5.840,0.651
17:48:42.557,11.902,93.589,-28.538,True,92.899,-31.542,-70.995,-215.335,-2.763,-5.311,12.453,-99.222,81.135,70.683,107.606,-2.737,-4.911,5.622,0.728
17:48:42.578,11.922,90.057,-32.615,True,91.100,-34.986,-83.480,-204.267,-2.704,-5.012,8.287,-99.656,81.770,67.041,105.739,-2.549,-4.597,5.256,0.803
17:48:42.607,11.952,90.057,-32.615,True,89.430,-39.071,-92.924,-199.029,-2.995,-4.861,4.107,-99.916,85.950,67.300,109.164,-2.700,-4.431,5.189,0.631
17:48:42.628,11.972,86.525,-42.808,True,87.251,-42.977,-103.986,-193.023,-3.091,-4.507,-0.081,-100.000,86.606,57.192,103.786,-2.818,-4.143,5.011,0.797
17:48:42.648,11.993,86.525,-44.846,True,85.552,-46.278,-110.193,-183.842,-3.014,-4.275,-4.268,-99.909,90.794,55.063,106.186,-2.751,-4.118,4.953,1.186
17:48:42.668,12.013,82.994,-46.885,True,83.255,-49.144,-119.223,-173.261,-2.859,-4.002,-8.448,-99.643,91.442,52.758,105.570,-2.598,-3.908,4.693,0.733
17:48:42.690,12.035,79.462,-55.038,True,80.515,-53.223,-129.435,-171.687,-3.254,-3.711,-12.613,-99.201,92.075,44.163,102.119,-2.980,-3.600,4.673,0.469
17:48:42.714,12.058,75.930,-57.077,True,77.438,-56.759,-139.867,-166.204,-3.399,-3.352,-16.756,-98.586,92.687,41.509,101.557,-3.153,-3.246,4.525,0.919
17:48:42.734,12.078,74.165,-59.115,True,74.527,-59.852,-147.256,-158.264,-3.434,-3.150,-20.870,-97.798,95.035,38.683,102.606,-3.191,-3.040,4.407,0.739
17:48:42.754,12.099,72.399,-63.192,True,71.775,-63.058,-152.269,-151.972,-3.586,-2.967,-24.947,-96.838,97.346,33.646,102.996,-3.330,-2.951,4.449,1.086
17:48:42.774,12.119,68.867,-65.231,True,68.762,-65.895,-158.124,-143.820,-3.655,-2.704,-28.980,-95.709,97.848,30.478,102.484,-3.367,-2.795,4.376,0.418
17:48:42.795,12.140,65.335,-71.346,True,65.538,-69.371,-164.266,-140.810,-3.804,-2.617,-32.963,-94.411,98.298,23.065,100.968,-3.711,-2.600,4.531,0.812
17:48:42.816,12.160,61.804,-75.423,True,62.148,-72.940,-170.290,-138.114,-4.123,-2.453,-36.887,-92.948,98.691,17.525,100.235,-4.095,-2.387,4.740,1.037
17:48:42.836,12.180,58.272,-77.462,True,58.633,-76.111,-175.913,-132.388,-4.363,-2.193,-40.747,-91.322,99.020,13.860,99.985,-4.322,-2.173,4.838,0.829
17:48:42.856,12.201,54.741,-79.500,True,55.028,-78.931,-180.952,-124.642,-4.608,-2.086,-44.536,-89.535,99.276,10.035,99.782,-4.441,-1.969,4.858,0.736
17:48:42.877,12.221,51.209,-77.462,True,51.362,-80.503,-185.304,-109.438,-4.404,-1.929,-48.246,-87.592,99.455,10.130,99.970,-4.122,-1.782,4.490,0.769
17:48:42.897,12.241,44.146,-85.615,True,46.839,-83.372,-194.354,-105.459,-4.744,-1.409,-51.872,-85.495,96.017,-0.121,96.017,-4.443,-1.293,4.627,0.433
17:48:42.917,12.262,40.614,-85.615,True,42.408,-85.512,-200.600,-96.538,-4.798,-0.981,-55.406,-83.247,96.020,-2.368,96.049,-4.488,-0.927,4.582,0.568
17:48:42.937,12.282,37.082,-89.692,True,38.090,-87.967,-204.521,-90.770,-5.103,-0.777,-58.844,-80.854,95.926,-8.838,96.332,-4.718,-0.666,4.765,0.544
17:48:42.957,12.302,33.551,-85.615,True,33.895,-88.812,-206.578,-74.685,-4.707,-0.739,-62.178,-78.319,95.729,-7.296,96.006,-4.346,-0.489,4.373,0.549
17:48:42.978,12.323,30.019,-85.615,True,29.823,-89.214,-207.191,-58.567,-4.265,-0.704,-65.403,-75.647,95.422,-9.969,95.941,-3.942,-0.377,3.960,1.053
17:48:42.998,12.343,26.487,-85.615,True,25.867,-89.275,-206.729,-43.162,-3.803,-0.619,-68.514,-72.842,95.001,-12.774,95.856,-3.548,-0.313,3.562,0.492
17:48:43.021,12.366,26.487,-85.615,True,21.733,-90.138,-207.373,-35.871,-3.839,-0.557,-71.504,-69.909,97.991,-15.707,99.242,-3.606,-0.170,3.610,0.387
17:48:43.042,12.387,15.892,-87.654,True,17.107,-89.951,-210.783,-22.675,-3.568,-0.194,-74.368,-66.853,90.261,-20.801,92.627,-3.311,0.156,3.314,0.903
17:48:43.063,12.407,12.361,-87.654,True,12.750,-89.670,-211.357,-11.233,-3.333,-0.078,-77.103,-63.680,89.463,-23.974,92.620,-3.095,0.344,3.114,0.871
17:48:43.083,12.427,8.829,-95.808,True,8.601,-91.408,-210.157,-14.391,-3.954,0.008,-79.702,-60.396,88.531,-35.412,95.351,-3.736,0.446,3.763,0.573
17:48:43.103,12.448,8.829,-95.808,True,5.497,-92.716,-202.319,-13.137,-4.450,-0.224,-82.161,-57.005,90.990,-38.803,98.918,-4.151,0.164,4.154,0.865
17:48:43.129,12.474,1.766,-91.731,True,1.527,-92.676,-201.497,-2.693,-4.286,-0.085,-84.476,-53.515,86.242,-38.216,94.330,-4.035,0.294,4.046,0.712
17:48:43.151,12.496,0.000,-93.769,True,-1.907,-92.978,-197.085,4.017,-4.283,-0.187,-86.643,-49.930,86.643,-43.839,97.102,-4.127,0.226,4.134,0.706
17:48:43.172,12.516,-5.297,-89.692,True,-5.718,-92.142,-195.787,17.356,-4.008,-0.025,-88.658,-46.258,83.360,-43.434,93.997,-3.822,0.348,3.838,0.584
17:48:43.192,12.537,-8.829,-89.692,True,-9.446,-91.303,-193.852,28.397,-3.822,0.084,-90.517,-42.505,81.688,-47.187,94.338,-3.626,0.449,3.654,0.797
17:48:43.213,12.557,-12.361,-85.615,True,-13.099,-89.541,-191.468,43.619,-3.392,0.227,-92.218,-38.677,79.857,-46.938,92.630,-3.161,0.539,3.207,0.806
17:48:43.234,12.579,-15.892,-85.615,True,-16.687,-87.959,-188.785,54.760,-3.135,0.306,-93.756,-34.782,77.864,-50.834,92.989,-2.901,0.626,2.967,1.007
17:48:43.254,12.599,-19.424,-83.577,True,-20.221,-86.100,-185.915,65.730,-2.836,0.444,-95.131,-30.825,75.707,-52.752,92.273,-2.626,0.715,2.722,0.406
17:48:43.275,12.620,-22.956,-81.538,True,-23.711,-84.031,-182.943,76.085,-2.467,0.444,-96.338,-26.814,73.382,-54.724,91.541,-2.363,0.812,2.499,0.810
17:48:43.296,12.641,-30.019,-79.500,True,-27.985,-81.810,-185.326,85.543,-2.125,0.939,-97.376,-22.757,67.357,-56.743,88.073,-2.130,1.241,2.465,0.825
17:48:43.317,12.662,-33.551,-73.385,True,-32.124,-78.538,-185.621,100.196,-1.457,1.333,-98.244,-18.659,64.693,-54.726,84.736,-1.565,1.581,2.225,0.702
17:48:43.337,12.682,-37.082,-71.346,True,-36.126,-75.328,-184.280,111.357,-0.657,1.381,-98.939,-14.528,61.857,-56.818,83.991,-1.165,1.853,2.188,0.808
17:48:43.363,12.708,-37.082,-71.346,True,-39.812,-73.101,-180.474,113.750,-0.706,1.341,-99.461,-10.373,62.378,-60.974,87.229,-1.252,2.001,2.360,0.397
17:48:43.384,12.728,-44.146,-65.231,True,-43.626,-69.247,-177.673,126.444,-0.282,1.553,-99.808,-6.199,55.662,-59.032,81.136,-0.724,2.224,2.339,0.468
17:48:43.404,12.748,-47.677,-75.423,True,-47.312,-69.043,-173.944,113.236,-1.226,1.572,-99.980,-2.014,52.303,-73.410,90.136,-1.705,2.411,2.953,0.478
17:48:43.424,12.769,-51.209,-67.269,True,-50.898,-66.904,-169.664,115.948,-1.551,2.014,-99.976,2.175,48.767,-69.444,84.857,-1.790,2.581,3.141,0.766
17:48:43.445,12.790,-52.975,-67.269,True,-53.965,-65.251,-162.302,115.429,-1.918,2.042,-99.798,6.360,46.823,-73.629,87.256,-2.066,2.581,3.306,0.742
17:48:43.465,12.810,-58.272,-61.154,True,-57.468,-62.509,-158.631,122.422,-1.580,2.063,-99.444,10.533,41.172,-71.687,82.669,-1.901,2.804,3.388,0.418
17:48:43.486,12.830,-61.804,-61.154,True,-60.918,-60.321,-154.640,124.663,-1.660,2.298,-98.915,14.688,37.112,-75.842,84.435,-1.998,3.026,3.626,0.852
17:48:43.507,12.851,-67.101,-65.231,True,-64.739,-59.573,-153.112,117.539,-2.303,2.691,-98.214,18.817,31.112,-84.048,89.622,-2.651,3.411,4.320,1.185
17:48:43.527,12.871,-65.335,-53.000,True,-67.224,-56.234,-142.364,129.389,-1.891,2.512,-97.339,22.914,32.004,-75.914,82.384,-2.204,3.272,3.945,0.807
17:48:43.547,12.891,-68.867,-48.923,True,-69.791,-52.545,-133.812,141.089,-1.269,2.427,-96.295,26.970,27.427,-75.893,80.697,-1.724,3.256,3.684,0.472
17:48:43.567,12.912,-72.399,-46.885,True,-72.451,-49.063,-127.018,148.950,-0.737,2.599,-95.081,30.978,22.682,-77.863,81.099,-1.430,3.343,3.636,0.650
17:48:43.587,12.931,-74.165,-44.846,True,-74.799,-45.796,-118.888,153.775,-0.833,2.583,-93.700,34.933,19.535,-79.779,82.136,-1.285,3.358,3.595,0.382
17:48:43.608,12.952,-75.930,-42.808,True,-76.887,-42.741,-110.086,156.283,-0.662,2.511,-92.155,38.826,16.225,-81.634,83.230,-1.259,3.332,3.562,0.758
17:48:43.628,12.972,-79.462,-38.731,True,-79.176,-39.410,-103.809,160.221,-0.271,2.457,-90.448,42.651,10.986,-81.382,82.120,-1.134,3.455,3.636,0.804
17:48:43.648,12.992,-82.994,-42.808,True,-81.657,-37.740,-99.377,152.446,-1.026,2.674,-88.583,46.401,5.589,-89.209,89.384,-1.685,3.694,4.060,0.721
17:48:43.673,13.018,-84.759,-26.500,True,-83.904,-32.787,-93.496,168.451,-0.425,2.853,-86.562,50.070,1.803,-76.570,76.591,-0.850,3.861,3.953,0.694
17:48:43.694,13.038,-90.057,-36.692,True,-86.770,-31.109,-92.122,159.058,-0.931,3.314,-84.390,53.651,-5.667,-90.343,90.521,-1.455,4.304,4.544,0.656
17:48:43.715,13.059,-91.823,-36.692,True,-89.359,-29.966,-88.195,148.629,-1.654,3.907,-82.069,57.138,-9.754,-93.830,94.336,-2.150,4.622,5.097,0.741
17:48:43.736,13.080,-91.823,-32.615,True,-91.286,-28.301,-79.771,144.442,-2.062,4.058,-79.604,60.524,-12.219,-93.140,93.938,-2.507,4.689,5.317,0.706
17:48:43.756,13.101,-95.354,-30.577,True,-93.456,-26.614,-73.921,141.691,-2.019,3.972,-77.000,63.805,-18.355,-94.381,96.150,-2.788,4.908,5.645,0.755
17:48:43.780,13.125,-97.120,-24.462,True,-95.443,-23.938,-67.179,146.376,-1.650,4.316,-74.260,66.973,-22.860,-91.435,94.249,-2.630,5.083,5.724,0.707
17:48:43.801,13.145,-98.886,-12.231,True,-97.275,-18.969,-59.945,165.204,-0.707,4.566,-71.391,70.024,-27.495,-82.255,86.728,-1.607,5.234,5.476,0.579
17:48:43.821,13.166,-100.652,-8.154,True,-98.980,-13.919,-52.520,179.988,0.163,4.682,-68.396,72.952,-32.256,-81.106,87.285,-0.743,5.377,5.428,0.811
17:48:43.842,13.187,-102.418,-4.077,True,-100.585,-8.868,-45.122,191.053,1.006,4.665,-65.281,75.752,-37.137,-79.829,88.044,-0.029,5.522,5.522,0.733
17:48:43.863,13.207,-104.184,0.000,True,-102.114,-3.874,-37.895,198.824,1.362,4.709,-62.052,78.419,-42.132,-78.419,89.021,0.547,5.679,5.705,0.724
17:48:43.886,13.230,-104.184,2.038,True,-103.177,0.552,-28.230,200.658,1.532,4.514,-58.713,80.949,-45.470,-78.911,91.074,0.817,5.692,5.751,1.793
17:48:43.906,13.251,-107.715,10.192,True,-104.665,5.873,-22.603,207.574,2.239,4.690,-55.272,83.337,-52.443,-73.144,90.002,1.416,5.937,6.103,0.404
17:48:43.927,13.272,-107.715,12.231,True,-105.721,10.537,-14.373,208.034,2.446,4.941,-51.734,85.578,-55.982,-73.347,92.270,1.678,6.033,6.262,0.773
17:48:43.947,13.292,-107.715,20.385,True,-106.405,16.019,-4.585,213.271,3.024,4.818,-48.105,87.670,-59.611,-67.285,89.893,2.249,6.032,6.438,0.557
17:48:43.968,13.313,-107.715,20.385,True,-106.780,20.308,5.948,208.804,2.930,4.852,-44.391,89.607,-63.324,-69.222,93.817,2.286,5.976,6.399,0.888
17:48:43.989,13.333,-107.715,28.538,True,-106.906,25.426,16.617,210.298,3.157,4.997,-40.600,91.387,-67.115,-62.849,91.948,2.686,5.897,6.480,0.760
17:48:44.009,13.354,-107.715,30.577,True,-106.839,29.851,26.990,206.222,3.254,5.140,-36.737,93.007,-70.978,-62.430,94.527,2.787,5.819,6.452,0.654
17:48:44.030,13.374,-107.715,32.615,True,-106.628,33.660,36.782,198.419,3.280,5.105,-32.810,94.464,-74.905,-61.849,97.139,2.678,5.758,6.350,1.001
17:48:44.050,13.395,-107.715,34.654,True,-106.316,36.937,45.829,188.375,3.030,5.175,-28.826,95.755,-78.889,-61.101,99.784,2.433,5.726,6.222,0.802
17:48:44.070,13.415,-111.247,40.769,True,-106.758,40.720,48.664,183.475,3.054,5.568,-24.791,96.878,-86.456,-56.109,103.067,2.483,6.049,6.538,0.520
17:48:44.091,13.435,-109.481,32.615,True,-106.643,41.654,55.446,160.394,1.945,5.607,-20.712,97.832,-88.769,-65.216,110.150,1.462,6.146,6.317,0.963
17:48:44.111,13.456,-107.715,32.615,True,-106.041,42.017,64.743,138.689,0.826,5.594,-16.597,98.613,-91.118,-65.998,112.508,0.462,6.087,6.104,1.298
17:48:44.131,13.476,-109.481,36.692,True,-105.846,42.909,70.018,125.373,0.421,5.967,-12.453,99.222,-97.028,-62.529,115.431,-0.097,6.249,6.250,0.857
17:48:44.151,13.496,-104.184,48.923,True,-104.385,46.231,83.257,130.928,1.050,5.703,-8.287,99.656,-95.896,-50.733,108.489,0.437,5.935,5.951,0.828
17:48:44.172,13.516,-104.184,42.808,True,-103.060,47.446,93.215,120.804,0.693,5.472,-4.107,99.916,-100.077,-57.108,115.224,0.085,5.781,5.781,0.908
17:48:44.192,13.536,-104.184,48.923,True,-101.890,49.644,100.530,119.195,1.073,5.525,0.081,100.000,-104.264,-51.077,116.103,0.226,5.760,5.764,0.569
17:48:44.214,13.559,-98.886,48.923,True,-99.648,51.307,113.880,113.990,0.867,5.054,4.268,99.909,-103.154,-50.986,115.067,0.171,5.365,5.368,0.877
17:48:44.234,13.578,-102.418,44.846,True,-98.543,51.556,117.196,100.291,0.251,5.232,8.448,99.643,-110.866,-54.796,123.668,-0.382,5.526,5.539,0.513
17:48:44.255,13.599,-98.886,50.962,True,-96.824,52.958,124.447,97.105,0.424,5.443,12.613,99.201,-111.499,-48.240,121.487,-0.338,5.451,5.461,1.002
17:48:44.275,13.620,-93.589,57.077,True,-94.161,55.405,136.786,101.125,0.958,5.188,16.756,98.586,-110.345,-41.509,117.894,0.145,5.054,5.056,0.803
17:48:44.296,13.640,-91.823,59.115,True,-91.518,57.820,146.563,103.403,1.406,4.670,20.870,97.798,-112.693,-38.683,119.147,0.566,4.770,4.803,0.797
17:48:44.316,13.661,-90.057,59.115,True,-88.928,59.709,154.118,101.060,1.608,4.440,24.947,96.838,-115.004,-37.723,121.033,0.748,4.585,4.646,0.950
17:48:44.343,13.688,-86.525,59.115,True,-86.004,61.122,162.500,95.531,1.549,4.088,28.980,95.709,-115.506,-36.593,121.164,0.758,4.326,4.392,0.440
17:48:44.364,13.709,-82.994,59.115,True,-82.809,62.123,171.022,87.991,1.487,3.628,32.963,94.411,-115.957,-35.296,121.209,0.655,4.029,4.081,0.684
17:48:44.385,13.729,-72.399,65.231,True,-77.765,64.196,189.974,88.704,1.994,2.725,36.887,92.948,-109.286,-27.717,112.746,1.040,3.080,3.251,1.031
17:48:44.406,13.750,-75.930,67.269,True,-74.422,66.272,193.302,88.551,2.325,2.651,40.747,91.322,-116.678,-24.052,119.131,1.404,2.985,3.298,0.999
17:48:44.426,13.771,-67.101,71.346,True,-69.753,68.810,204.710,90.712,2.775,2.178,44.536,89.535,-111.637,-18.189,113.109,1.931,2.393,3.075,1.088
17:48:44.447,13.791,-65.335,69.308,True,-65.584,70.319,210.122,84.733,2.577,2.059,48.246,87.592,-113.582,-18.284,115.044,2.013,2.108,2.915,1.112
17:48:44.476,13.821,-54.741,71.346,True,-59.839,71.858,224.595,79.579,2.680,0.942,51.872,85.495,-106.612,-14.148,107.547,2.149,1.258,2.490,1.055
17:48:44.497,13.841,-47.677,81.538,True,-53.565,75.329,238.892,87.516,3.372,-0.020,55.406,83.247,-103.084,-1.709,103.098,3.071,0.353,3.091,1.121
17:48:44.517,13.862,-52.975,73.385,True,-49.760,76.221,233.222,75.564,3.446,0.217,58.844,80.854,-111.818,-7.470,112.068,2.872,0.566,2.927,1.230
17:48:44.537,13.882,-45.911,75.423,True,-45.285,77.196,233.139,66.137,3.713,0.157,62.178,78.319,-108.089,-2.896,108.128,2.807,0.456,2.844,1.039
17:48:44.558,13.903,-45.911,75.423,True,-40.622,78.519,234.076,60.370,3.951,-0.354,65.403,75.647,-111.315,-0.224,111.315,2.952,0.271,2.964,0.597
17:48:44.579,13.924,-37.082,81.538,True,-36.263,80.237,232.573,57.575,4.476,-0.374,68.514,72.842,-105.596,8.697,105.953,3.281,0.212,3.288,1.309
17:48:44.608,13.952,-37.082,81.538,True,-31.611,81.388,233.008,50.834,4.431,-0.256,71.504,69.909,-108.586,11.630,109.207,3.392,0.027,3.392,0.860
17:48:44.629,13.974,-30.019,83.577,True,-27.927,82.778,227.101,46.143,4.660,-0.150,74.368,66.853,-104.387,16.724,105.719,3.629,0.206,3.635,1.718
17:48:44.649,13.993,-26.487,89.692,True,-24.281,85.431,222.125,49.114,5.351,-0.066,77.103,63.680,-103.590,26.012,106.806,4.343,0.334,4.356,0.804
17:48:44.669,14.014,-22.956,89.692,True,-20.677,87.295,217.753,45.511,5.709,-0.119,79.702,60.396,-102.657,29.297,106.756,4.699,0.427,4.718,0.823
17:48:44.690,14.034,-15.892,91.731,True,-16.212,89.106,219.299,41.344,6.026,-0.264,82.161,57.005,-98.053,34.726,104.021,5.035,0.158,5.037,0.923
17:48:44.710,14.054,-12.361,93.769,True,-11.958,90.879,218.809,36.838,6.426,-0.288,84.476,53.515,-96.837,40.255,104.870,5.362,-0.015,5.362,0.554
17:48:44.731,14.075,-10.595,93.769,True,-8.306,92.133,214.236,29.068,6.617,-0.317,86.643,49.930,-97.238,43.839,106.663,5.503,0.039,5.504,1.174
17:48:44.751,14.095,-8.829,89.692,True,-5.159,91.999,207.080,13.212,6.293,-0.170,88.658,46.258,-97.487,43.434,106.725,5.157,0.241,5.163,0.756
17:48:44.771,14.116,-1.766,89.692,True,-1.193,91.661,206.447,-1.263,5.893,-0.373,90.517,42.505,-92.283,47.187,103.647,4.860,0.059,4.860,0.801
17:48:44.796,14.140,1.766,87.654,True,2.663,90.707,204.796,-17.279,5.309,-0.376,92.218,38.677,-90.452,48.977,102.860,4.440,-0.084,4.441,0.586
17:48:44.816,14.161,7.063,89.692,True,6.830,90.206,205.086,-27.421,5.195,-0.423,93.756,34.782,-86.693,54.911,102.620,4.332,-0.360,4.347,0.720
17:48:44.836,14.181,7.063,89.692,True,10.931,89.658,204.347,-36.322,5.201,-0.164,95.131,30.825,-88.067,58.867,105.930,4.280,-0.600,4.322,0.480
17:48:44.857,14.201,12.361,93.769,True,14.269,90.296,198.311,-36.370,5.742,-0.187,96.338,26.814,-83.977,66.955,107.402,4.743,-0.546,4.774,0.640
17:48:44.877,14.221,14.127,77.462,True,17.138,86.335,190.244,-66.579,4.435,-0.067,97.376,22.757,-83.250,54.705,99.615,3.419,-0.373,3.440,0.389
17:48:44.903,14.248,14.127,77.462,True,20.943,85.004,189.477,-73.604,4.402,-0.533,98.244,18.659,-84.117,58.803,102.633,3.386,-0.633,3.444,0.564
17:48:44.924,14.268,22.956,83.577,True,24.188,83.546,184.833,-80.475,4.026,-0.768,98.939,14.528,-75.983,69.048,102.670,3.350,-0.683,3.419,0.739
17:48:44.944,14.289,30.019,83.577,True,28.485,82.398,187.083,-84.549,3.853,-1.057,99.461,10.373,-69.442,73.204,100.901,3.471,-1.160,3.659,0.783
17:48:44.965,14.310,33.551,79.500,True,32.577,80.388,186.833,-93.625,4.043,-1.219,99.808,6.199,-66.257,73.301,98.808,3.286,-1.524,3.622,0.791
17:48:44.985,14.330,35.316,77.462,True,36.062,78.249,182.152,-102.017,3.913,-1.470,99.980,2.014,-64.663,75.448,99.367,3.121,-1.648,3.529,0.713
17:48:45.011,14.356,37.082,77.462,True,39.062,76.515,174.762,-106.516,3.834,-1.539,99.976,-2.175,-62.894,79.636,101.477,3.168,-1.622,3.559,0.523
17:48:45.032,14.376,44.146,73.385,True,42.938,74.145,173.833,-114.539,3.587,-1.962,99.798,-6.360,-55.652,79.744,97.243,2.995,-1.987,3.594,0.507
17:48:45.052,14.397,47.677,71.346,True,46.713,71.734,171.659,-121.461,3.604,-2.160,99.444,-10.533,-51.767,81.879,96.871,2.866,-2.304,3.677,0.721
17:48:45.073,14.417,49.443,69.308,True,49.982,69.306,165.861,-127.344,3.240,-1.929,98.915,-14.688,-49.472,83.996,97.482,2.779,-2.428,3.690,0.784
17:48:45.093,14.438,51.209,65.231,True,52.811,66.402,157.698,-135.375,3.160,-1.976,98.214,-18.817,-47.005,84.048,96.299,2.547,-2.420,3.513,0.692
17:48:45.119,14.464,58.272,59.115,True,56.502,62.629,156.242,-147.588,2.374,-2.135,97.339,-22.914,-39.067,82.029,90.857,2.040,-2.813,3.474,0.417
17:48:45.140,14.484,58.272,59.115,True,59.312,59.546,148.391,-152.638,2.143,-2.120,96.295,-26.970,-38.022,86.085,94.108,1.914,-2.852,3.435,0.747
17:48:45.160,14.505,60.038,59.115,True,61.758,57.103,139.098,-152.554,2.061,-1.805,95.081,-30.978,-35.043,90.094,96.669,2.075,-2.807,3.491,0.781
17:48:45.180,14.524,65.335,53.000,True,64.725,53.808,134.550,-158.432,1.925,-2.364,93.700,-34.933,-28.365,87.933,92.394,1.881,-3.041,3.576,0.403
17:48:45.201,14.545,72.399,53.000,True,68.576,51.188,135.950,-158.671,2.088,-2.879,92.155,-38.826,-19.756,91.826,93.927,1.998,-3.643,4.155,0.889
17:48:45.230,14.575,72.399,50.962,True,71.552,48.701,130.161,-158.252,2.190,-3.069,90.448,-42.651,-18.050,93.612,95.337,2.150,-3.856,4.415,0.445
17:48:45.251,14.596,75.930,48.923,True,74.568,46.325,124.964,-157.471,2.469,-3.356,88.583,-46.401,-12.653,95.324,96.160,2.322,-4.114,4.724,0.850
17:48:45.271,14.615,75.930,44.846,True,76.803,43.564,114.766,-159.679,2.427,-3.326,86.562,-50.070,-10.632,94.916,95.510,2.315,-4.090,4.700,0.407
17:48:45.292,14.636,82.994,40.769,True,80.005,40.463,112.334,-163.825,2.203,-3.757,84.390,-53.651,-1.396,94.420,94.430,2.180,-4.520,5.018,1.048
17:48:45.313,14.657,82.994,32.615,True,82.425,36.123,104.184,-175.307,1.664,-3.875,82.069,-57.138,0.925,89.753,89.758,1.588,-4.634,4.899,0.473
17:48:45.338,14.682,86.525,30.577,True,84.978,32.142,97.751,-181.693,1.405,-3.971,79.604,-60.524,6.921,91.101,91.364,1.247,-4.852,5.010,0.809
17:48:45.357,14.702,90.057,28.538,True,87.659,28.515,92.561,-184.208,1.289,-4.220,77.000,-63.805,13.057,92.343,93.262,1.101,-5.152,5.268,0.393
17:48:45.378,14.723,93.589,26.500,True,90.459,25.219,88.212,-183.919,1.159,-4.411,74.260,-66.973,19.328,93.473,95.450,1.101,-5.513,5.622,0.694
17:48:45.399,14.743,93.589,16.308,True,92.541,20.324,78.971,-194.180,0.443,-4.552,71.391,-70.024,22.198,86.332,89.140,0.464,-5.601,5.620,0.727
17:48:45.419,14.763,95.354,18.346,True,94.407,16.883,69.350,-192.221,0.435,-4.608,68.396,-72.952,26.959,91.298,95.195,0.499,-5.662,5.684,0.477
17:48:45.445,14.789,97.120,8.154,True,96.102,11.904,59.742,-200.710,-0.211,-4.749,65.281,-75.752,31.839,83.906,89.744,-0.094,-5.719,5.720,0.528
17:48:45.465,14.810,97.120,10.192,True,97.256,8.425,47.721,-197.000,-0.099,-4.686,62.052,-78.419,35.069,88.612,95.299,-0.011,-5.627,5.627,0.658
17:48:45.486,14.830,100.652,8.154,True,98.778,5.337,39.889,-191.374,0.142,-4.833,58.713,-80.949,41.939,89.103,98.479,0.182,-5.767,5.770,0.435
17:48:45.506,14.850,100.652,4.077,True,99.826,2.106,29.684,-187.826,0.231,-4.831,55.272,-83.337,45.380,87.414,98.491,0.254,-5.766,5.771,0.424
17:48:45.526,14.871,100.652,2.038,True,100.473,-0.793,18.193,-182.715,0.405,-4.782,51.734,-85.578,48.918,87.617,100.348,0.414,-5.677,5.692,0.545
17:48:45.550,14.894,102.418,-4.077,True,101.204,-4.361,8.942,-182.999,0.212,-4.871,48.105,-87.670,54.313,83.593,99.688,0.253,-5.705,5.710,0.431
17:48:45.570,14.915,102.418,-6.115,True,101.624,-7.579,-1.199,-180.609,0.173,-4.908,44.391,-89.607,58.026,83.492,101.676,0.231,-5.670,5.675,0.709
17:48:45.591,14.935,104.184,-10.192,True,102.200,-10.959,-8.903,-179.559,0.023,-5.014,40.600,-91.387,63.584,81.195,103.129,0.117,-5.767,5.768,0.805
17:48:45.611,14.956,102.418,-16.308,True,102.114,-14.958,-20.148,-182.484,-0.321,-4.921,36.737,-93.007,65.680,76.700,100.979,-0.250,-5.648,5.654,0.783
17:48:45.632,14.977,104.184,-22.423,True,102.285,-19.494,-27.977,-187.797,-0.858,-4.986,32.810,-94.464,71.373,72.041,101.410,-0.792,-5.713,5.767,0.839
17:48:45.661,15.006,104.184,-26.500,True,102.297,-24.005,-35.961,-191.132,-1.214,-4.991,28.826,-95.755,75.358,69.255,102.348,-1.261,-5.760,5.896,0.440
17:48:45.682,15.026,102.418,-30.577,True,101.773,-28.467,-46.512,-192.739,-1.352,-5.015,24.791,-96.878,77.627,66.301,102.087,-1.666,-5.645,5.886,0.542
17:48:45.703,15.047,100.652,-38.731,True,100.798,-33.810,-58.402,-199.104,-2.050,-4.987,20.712,-97.832,79.940,59.101,99.415,-2.386,-5.431,5.932,1.038
17:48:45.723,15.067,100.652,-42.808,True,99.868,-38.958,-67.999,-201.860,-2.655,-4.894,16.597,-98.613,84.055,55.805,100.893,-2.944,-5.326,6.085,0.739
17:48:45.744,15.088,95.354,-46.885,True,97.775,-43.899,-83.757,-201.751,-3.208,-4.655,12.453,-99.222,82.901,52.337,98.040,-3.373,-4.835,5.895,0.765
17:48:45.772,15.116,97.120,-48.923,True,96.337,-48.163,-92.133,-196.333,-3.334,-4.605,8.287,-99.656,88.833,50.733,102.299,-3.517,-4.738,5.901,0.412
17:48:45.793,15.137,97.120,-48.923,True,95.104,-51.354,-97.858,-184.271,-3.037,-4.655,4.107,-99.916,93.013,50.993,106.074,-3.277,-4.780,5.796,0.734
17:48:45.813,15.157,95.354,-50.962,True,93.660,-54.092,-104.309,-171.309,-2.697,-4.658,-0.081,-100.000,95.435,49.038,107.297,-2.971,-4.770,5.619,0.600
17:48:45.833,15.178,93.589,-55.038,True,92.042,-56.942,-111.033,-161.418,-2.558,-4.624,-4.268,-99.909,97.857,44.870,107.654,-2.828,-4.730,5.511,0.493
17:48:45.856,15.201,91.823,-55.038,True,90.286,-58.978,-117.695,-147.770,-2.219,-4.574,-8.448,-99.643,100.271,44.604,109.744,-2.456,-4.679,5.284,0.399
17:48:45.879,15.224,90.057,-55.038,True,88.426,-60.332,-124.063,-132.194,-1.723,-4.522,-12.613,-99.201,102.670,44.163,111.766,-1.948,-4.628,5.021,0.429
17:48:45.900,15.244,86.525,-63.192,True,86.080,-63.026,-132.685,-128.522,-2.068,-4.247,-16.756,-98.586,103.282,35.394,109.178,-2.117,-4.427,4.907,1.141
17:48:45.920,15.264,82.994,-65.231,True,83.325,-65.511,-142.440,-123.615,-2.050,-3.947,-20.870,-97.798,103.864,32.567,108.850,-2.228,-4.132,4.695,0.741
17:48:45.940,15.284,79.462,-69.308,True,80.241,-68.291,-152.480,-121.060,-2.214,-3.664,-24.947,-96.838,104.409,27.531,107.978,-2.489,-3.788,4.533,0.430
17:48:45.961,15.305,75.930,-71.346,True,76.898,-70.860,-162.190,-116.914,-2.407,-3.256,-28.980,-95.709,104.911,24.362,107.702,-2.676,-3.429,4.349,1.171
17:48:45.987,15.331,74.165,-77.462,True,73.773,-74.189,-168.456,-117.928,-2.965,-3.060,-32.963,-94.411,107.127,16.950,108.460,-3.183,-3.238,4.541,0.417
17:48:46.007,15.351,72.399,-83.577,True,70.867,-78.180,-172.063,-122.124,-3.635,-3.298,-36.887,-92.948,109.286,9.371,109.687,-3.914,-3.181,5.043,0.428
17:48:46.027,15.371,68.867,-77.462,True,67.761,-79.888,-176.398,-109.255,-3.336,-3.067,-40.747,-91.322,109.614,13.860,110.487,-3.679,-3.065,4.788,0.392
17:48:46.048,15.392,67.101,-79.500,True,64.899,-81.476,-178.314,-97.766,-3.357,-3.174,-44.536,-89.535,111.637,10.035,112.087,-3.509,-3.073,4.665,0.793
17:48:46.068,15.412,61.804,-81.538,True,61.442,-82.991,-183.909,-87.666,-3.304,-2.937,-48.246,-87.592,110.050,6.053,110.216,-3.409,-2.851,4.445,0.773
17:48:46.095,15.440,58.272,-83.577,True,57.882,-84.473,-188.992,-78.878,-3.561,-2.098,-51.872,-85.495,110.144,1.918,110.161,-3.379,-2.634,4.284,0.723
17:48:46.115,15.460,54.741,-83.577,True,54.251,-85.476,-193.428,-68.156,-3.454,-1.828,-55.406,-83.247,110.147,-0.329,110.147,-3.231,-2.428,4.042,0.694
17:48:46.135,15.480,52.975,-85.615,True,50.984,-86.555,-194.457,-59.648,-3.712,-1.809,-58.844,-80.854,111.818,-4.761,111.920,-3.203,-2.400,4.002,0.584
17:48:46.156,15.500,47.677,-83.577,True,47.230,-86.779,-198.499,-46.698,-3.623,-1.681,-62.178,-78.319,109.855,-5.258,109.981,-2.907,-2.179,3.633,0.810
17:48:46.176,15.521,40.614,-87.654,True,42.646,-87.699,-207.018,-40.635,-3.650,-1.178,-65.403,-75.647,106.017,-12.007,106.695,-2.999,-1.667,3.431,0.797
17:48:46.203,15.547,40.614,-87.654,True,38.505,-88.512,-210.444,-34.474,-3.605,-1.039,-68.514,-72.842,109.127,-14.812,110.128,-3.089,-1.413,3.397,0.365
17:48:46.224,15.568,33.551,-87.654,True,34.086,-88.765,-214.693,-25.336,-3.197,-0.953,-71.504,-69.909,105.054,-17.745,106.543,-3.004,-1.083,3.193,0.500
17:48:46.244,15.588,30.019,-87.654,True,29.853,-88.840,-216.535,-16.440,-3.012,-0.623,-74.368,-66.853,104.387,-20.801,106.440,-2.924,-0.864,3.049,0.755
17:48:46.265,15.609,26.487,-83.577,True,25.769,-87.738,-216.759,-1.440,-2.551,-0.374,-77.103,-63.680,103.590,-19.897,105.484,-2.469,-0.720,2.572,0.818
17:48:46.286,15.630,22.956,-91.731,True,21.811,-88.749,-215.862,-2.555,-3.225,-0.215,-79.702,-60.396,102.657,-31.335,107.333,-2.948,-0.623,3.013,0.717
17:48:46.310,15.655,19.424,-81.538,True,17.961,-87.042,-214.180,14.647,-2.645,-0.046,-82.161,-57.005,101.585,-24.533,104.505,-2.357,-0.559,2.422,0.705
17:48:46.331,15.675,10.595,-79.500,True,12.943,-85.022,-220.017,30.517,-2.080,0.444,-84.476,-53.515,95.071,-25.985,98.558,-1.804,-0.031,1.804,0.580
17:48:46.352,15.696,8.829,-79.500,True,8.610,-83.254,-219.646,41.670,-1.766,0.480,-86.643,-49.930,95.472,-29.570,99.946,-1.493,0.170,1.503,0.952
17:48:46.372,15.716,3.532,-93.769,True,4.057,-85.077,-220.337,27.536,-2.916,0.731,-88.658,-46.258,92.189,-47.511,103.712,-2.666,0.454,2.705,0.662
17:48:46.392,15.736,3.532,-87.654,True,0.555,-85.255,-213.511,28.266,-3.225,0.641,-90.517,-42.505,94.049,-45.149,104.324,-3.027,0.317,3.044,0.440
17:48:46.420,15.764,-1.766,-85.615,True,-3.262,-84.905,-209.894,33.078,-3.369,0.778,-92.218,-38.677,90.452,-46.938,101.905,-3.163,0.369,3.184,0.409
17:48:46.441,15.785,-8.829,-77.462,True,-7.778,-82.668,-211.224,49.916,-2.820,1.231,-93.756,-34.782,84.927,-42.680,95.048,-2.585,0.725,2.685,0.817
17:48:46.461,15.806,-12.361,-75.423,True,-12.086,-80.218,-210.281,64.768,-2.301,1.390,-95.131,-30.825,82.770,-44.598,94.020,-2.081,0.977,2.299,0.842
17:48:46.481,15.826,-17.658,-75.423,True,-16.609,-78.110,-210.364,74.395,-2.120,1.793,-96.338,-26.814,78.680,-48.609,92.484,-1.846,1.312,2.265,0.603
17:48:46.501,15.846,-19.424,-71.346,True,-20.493,-75.395,-205.536,86.262,-1.900,1.956,-97.376,-22.757,77.952,-48.590,91.856,-1.456,1.384,2.009,0.409
17:48:46.531,15.876,-22.956,-67.269,True,-24.220,-72.182,-200.170,99.056,-1.388,2.365,-98.244,-18.659,75.288,-48.610,89.617,-0.980,1.433,1.736,0.414
17:48:46.552,15.896,-26.487,-65.231,True,-27.820,-69.045,-194.567,108.681,-1.181,2.408,-98.939,-14.528,72.452,-50.702,88.431,-0.655,1.476,1.615,0.894
17:48:46.572,15.917,-30.019,-61.154,True,-31.318,-65.542,-188.943,118.781,-0.832,2.389,-99.461,-10.373,69.442,-50.781,86.028,-0.274,1.525,1.550,0.690
17:48:46.592,15.937,-33.551,-63.192,True,-34.737,-63.172,-183.443,119.304,-1.046,2.453,-99.808,-6.199,66.257,-56.994,87.397,-0.431,1.590,1.647,0.726
17:48:46.614,15.958,-37.082,-61.154,True,-38.098,-60.872,-178.151,119.627,-1.213,2.486,-99.980,-2.014,62.897,-59.140,86.335,-0.606,1.675,1.781,0.463
17:48:46.638,15.982,-40.614,-57.077,True,-41.418,-58.153,-173.107,123.016,-1.237,2.559,-99.976,2.175,59.362,-59.252,83.873,-0.603,1.785,1.884,0.720
17:48:46.658,16.003,-45.911,-53.000,True,-45.120,-55.067,-171.018,128.372,-1.186,2.976,-99.798,6.360,53.886,-59.360,80.170,-0.476,2.081,2.135,0.649
17:48:46.679,16.023,-49.443,-48.923,True,-48.750,-51.668,-168.123,134.817,-0.826,3.256,-99.444,10.533,50.001,-59.456,77.686,-0.269,2.351,2.367,0.539
17:48:46.699,16.044,-51.209,-53.000,True,-51.902,-49.908,-161.911,129.215,-1.080,3.283,-98.915,14.688,47.707,-67.688,82.811,-0.756,2.445,2.560,0.704
17:48:46.720,16.064,-54.741,-46.885,True,-55.048,-47.222,-156.276,131.439,-1.145,3.221,-98.214,18.817,43.473,-65.702,78.782,-0.802,2.581,2.703,0.792
17:48:46.744,16.089,-54.741,-46.885,True,-58.173,-44.593,-150.973,133.088,-1.162,3.538,-97.339,22.914,42.599,-69.798,81.771,-0.876,2.747,2.884,1.081
17:48:46.764,16.108,-60.038,-36.692,True,-60.867,-40.454,-143.245,144.340,-0.668,3.633,-96.295,26.970,36.257,-63.662,73.262,-0.371,2.780,2.805,0.555
17:48:46.784,16.129,-61.804,-34.654,True,-63.217,-36.789,-134.286,150.009,-0.503,3.482,-95.081,30.978,33.277,-65.632,73.586,-0.156,2.741,2.745,0.767
17:48:46.805,16.149,-67.101,-42.808,True,-66.210,-36.096,-130.581,135.827,-1.495,3.785,-93.700,34.933,26.599,-77.741,82.165,-1.108,3.015,3.212,0.768
17:48:46.825,16.169,-65.335,-30.577,True,-67.957,-32.685,-118.945,142.479,-1.130,3.560,-92.155,38.826,26.820,-69.403,74.405,-0.862,2.830,2.959,0.444
17:48:46.857,16.201,-68.867,-24.462,True,-69.980,-28.534,-110.876,152.498,-0.614,3.565,-90.448,42.651,21.581,-67.112,70.497,-0.387,2.847,2.873,0.482
17:48:46.877,16.221,-72.399,-22.423,True,-72.246,-24.755,-105.331,157.950,-0.384,3.636,-88.583,46.401,16.184,-68.824,70.701,-0.144,3.015,3.019,0.398
17:48:46.897,16.242,-72.399,-16.308,True,-73.892,-20.350,-96.174,166.263,0.118,3.706,-86.562,50.070,14.163,-66.378,67.872,0.297,2.978,2.993,0.425
17:48:46.918,16.262,-74.165,-12.231,True,-75.429,-15.903,-87.553,172.920,0.451,3.863,-84.390,53.651,10.225,-65.882,66.670,0.677,2.968,3.045,0.563
17:48:46.940,16.284,-74.165,-12.231,True,-77.180,-12.444,-81.454,171.528,0.457,4.082,-82.069,57.138,7.904,-69.368,69.817,0.613,3.106,3.166,0.306
17:48:46.962,16.306,-75.930,-10.192,True,-77.996,-9.347,-69.899,168.151,0.194,3.910,-79.604,60.524,3.674,-70.716,70.812,0.435,2.924,2.957,0.773
17:48:46.982,16.326,-82.994,-6.115,True,-80.355,-6.019,-69.938,167.036,0.150,4.369,-77.000,63.805,-5.994,-69.920,70.176,0.390,3.422,3.445,0.874
17:48:47.002,16.347,-79.462,-2.038,True,-81.168,-2.514,-59.223,167.261,0.253,4.196,-74.260,66.973,-5.202,-69.011,69.207,0.434,3.305,3.333,0.929
17:48:47.022,16.367,-79.462,-6.115,True,-81.636,-0.891,-47.918,155.517,-0.391,4.038,-71.391,70.024,-8.071,-76.139,76.566,-0.227,3.140,3.148,0.722
17:48:47.043,16.387,-82.994,4.077,True,-82.691,2.670,-42.081,158.838,-0.123,4.119,-68.396,72.952,-14.598,-68.875,70.405,-0.017,3.287,3.287,0.779
17:48:47.068,16.413,-86.525,6.115,True,-84.246,5.911,-39.891,159.284,-0.048,4.414,-65.281,75.752,-21.244,-69.637,72.805,0.046,3.657,3.658,0.459
17:48:47.089,16.434,-82.994,6.115,True,-84.560,8.393,-29.261,154.658,-0.288,4.315,-62.052,78.419,-20.942,-72.304,75.276,-0.176,3.542,3.547,0.804
17:48:47.110,16.454,-82.994,10.192,True,-84.641,11.183,-18.713,153.054,-0.320,4.137,-58.713,80.949,-24.280,-70.757,74.807,-0.221,3.419,3.426,0.822
17:48:47.130,16.475,-82.994,14.269,True,-84.544,14.250,-8.612,153.546,-0.256,4.010,-55.272,83.337,-27.722,-69.068,74.423,-0.131,3.307,3.310,0.702
17:48:47.150,16.495,-82.994,12.231,True,-84.315,16.136,0.809,146.056,-0.658,3.906,-51.734,85.578,-31.260,-73.347,79.731,-0.497,3.222,3.261,0.805
17:48:47.177,16.521,-82.994,18.346,True,-83.995,18.892,9.424,145.992,-0.531,3.846,-48.105,87.670,-34.889,-69.323,77.608,-0.434,3.173,3.203,0.457
17:48:47.198,16.542,-82.994,30.577,True,-83.618,23.850,17.187,160.289,0.482,3.956,-44.391,89.607,-38.602,-59.030,70.532,0.499,3.164,3.203,0.767
17:48:47.218,16.563,-82.994,32.615,True,-83.209,28.348,24.117,167.775,0.946,4.308,-40.600,91.387,-42.394,-58.772,72.466,1.101,3.196,3.381,0.570
17:48:47.238,16.583,-81.228,34.654,True,-82.378,32.390,32.980,170.031,1.288,3.922,-36.737,93.007,-44.490,-58.353,73.379,1.443,3.108,3.427,0.758
17:48:47.259,16.603,-79.462,40.769,True,-81.194,36.949,42.823,174.693,1.895,3.768,-32.810,94.464,-46.652,-53.695,71.130,1.959,2.948,3.540,0.779
17:48:47.287,16.631,-72.399,44.846,True,-78.490,41.467,61.041,177.414,2.342,3.255,-28.826,95.755,-43.573,-50.909,67.010,2.402,2.272,3.306,0.440
17:48:47.307,16.651,-77.696,44.846,True,-77.369,44.976,65.056,172.220,2.262,3.254,-24.791,96.878,-52.905,-52.032,74.205,2.411,2.386,3.392,0.443
17:48:47.328,16.672,-77.696,53.000,True,-76.447,49.486,67.466,174.276,2.728,3.373,-20.712,97.832,-56.984,-44.832,72.505,2.858,2.596,3.861,0.727
17:48:47.348,16.692,-75.930,53.000,True,-75.291,52.978,71.524,168.449,2.631,3.510,-16.597,98.613,-59.333,-45.613,74.840,2.872,2.712,3.950,0.437
17:48:47.368,16.713,-75.930,53.000,True,-74.342,55.568,73.931,157.430,2.398,3.999,-12.453,99.222,-63.477,-46.222,78.522,2.583,2.926,3.903,0.474
17:48:47.392,16.736,-72.399,61.154,True,-72.755,59.284,80.652,155.848,2.644,3.910,-8.287,99.656,-64.111,-38.502,74.784,2.842,2.887,4.051,0.419
17:48:47.412,16.757,-72.399,63.192,True,-71.434,62.585,84.663,151.219,2.965,4.040,-4.107,99.916,-68.292,-36.723,77.539,2.942,2.996,4.199,0.670
17:48:47.433,16.777,-70.633,65.231,True,-69.948,65.521,89.455,144.597,2.856,4.125,0.081,100.000,-70.714,-34.769,78.799,2.934,3.054,4.236,0.631
17:48:47.453,16.797,-68.867,65.231,True,-68.324,67.673,94.650,133.706,2.545,4.196,4.268,99.909,-73.135,-34.678,80.940,2.678,3.081,4.083,0.639
17:48:47.473,16.817,-67.101,71.346,True,-66.587,70.580,99.957,129.729,2.666,4.107,8.448,99.643,-75.549,-28.296,80.675,2.820,3.092,4.184,0.434
17:48:47.499,16.844,-65.335,67.269,True,-64.761,71.802,105.166,114.917,2.107,3.976,12.613,99.201,-77.949,-31.932,84.236,2.332,3.096,3.876,0.418
17:48:47.520,16.864,-60.038,69.308,True,-62.049,72.987,115.528,102.805,1.771,3.639,16.756,98.586,-76.794,-29.278,82.186,1.978,2.781,3.413,0.822
17:48:47.541,16.885,-60.038,65.231,True,-59.808,72.763,120.785,83.756,1.005,3.419,20.870,97.798,-80.908,-32.567,87.217,1.193,2.737,2.985,0.803
17:48:47.561,16.905,-56.506,77.462,True,-57.187,75.141,127.761,85.922,1.429,3.199,24.947,96.838,-81.453,-19.377,83.726,1.623,2.574,3.043,0.759
17:48:47.581,16.925,-54.741,83.577,True,-54.657,78.420,132.883,92.847,2.359,3.146,28.980,95.709,-83.721,-12.132,84.595,2.369,2.498,3.443,0.442
17:48:47.602,16.946,-52.975,83.577,True,-52.226,81.043,136.526,93.019,2.473,3.073,32.963,94.411,-85.938,-10.834,86.618,2.769,2.493,3.726,0.847
17:48:47.622,16.966,-49.443,75.423,True,-49.483,81.166,141.728,75.905,2.032,2.973,36.887,92.948,-86.331,-17.525,88.091,2.172,2.381,3.223,0.739
17:48:47.642,16.987,-47.677,77.462,True,-46.888,81.471,145.049,63.467,1.758,2.880,40.747,91.322,-88.425,-13.860,89.504,1.816,2.361,2.979,0.696
17:48:47.663,17.008,-45.911,79.500,True,-44.434,81.987,146.961,54.787,1.735,2.897,44.536,89.535,-90.447,-10.035,91.002,1.663,2.410,2.929,0.818
17:48:47.684,17.028,-42.380,89.692,True,-41.700,84.619,150.561,61.463,2.496,2.870,48.246,87.592,-90.626,2.101,90.650,2.416,2.349,3.369,0.791
17:48:47.704,17.049,-37.082,83.577,True,-38.316,85.320,157.841,53.032,2.380,2.605,51.872,85.495,-88.954,-1.918,88.975,2.323,2.052,3.100,0.775
17:48:47.724,17.069,-35.316,85.615,True,-35.195,86.203,161.816,47.090,2.412,2.423,55.406,83.247,-90.723,2.368,90.754,2.374,1.918,3.052,0.673
17:48:47.745,17.089,-33.551,89.692,True,-32.329,87.737,163.326,46.102,2.786,2.359,58.844,80.854,-92.394,8.838,92.816,2.723,1.908,3.325,0.682
17:48:47.765,17.110,-30.019,95.808,True,-29.285,90.320,165.786,51.425,3.610,2.387,62.178,78.319,-92.197,17.488,93.841,3.470,1.829,3.922,0.890
17:48:47.786,17.130,-24.722,93.769,True,-25.679,91.911,171.448,47.993,3.944,2.007,65.403,75.647,-90.125,18.122,91.929,3.745,1.541,4.049,0.760
17:48:47.809,17.153,-22.956,91.731,True,-22.414,92.606,173.536,38.559,3.481,1.789,68.514,72.842,-91.469,18.889,93.399,3.678,1.433,3.948,0.712
17:48:47.830,17.175,-19.424,93.769,True,-19.055,93.468,175.746,31.600,3.413,1.818,71.504,69.909,-90.928,23.861,94.006,3.751,1.299,3.969,0.571
17:48:47.851,17.195,-19.424,85.615,True,-16.442,92.129,172.483,10.937,2.762,1.960,74.368,66.853,-93.793,18.762,95.651,3.010,1.468,3.349,0.709
17:48:47.871,17.216,-10.595,95.808,True,-12.436,93.151,179.161,10.036,3.159,1.538,77.103,63.680,-87.698,32.127,93.397,3.390,1.046,3.548,0.470
17:48:47.892,17.236,-8.829,101.923,True,-8.847,95.343,181.345,16.160,3.990,1.330,79.702,60.396,-88.531,41.527,97.787,4.208,0.851,4.293,0.497
17:48:47.914,17.258,-5.297,103.962,True,-5.238,97.594,182.975,20.182,4.773,1.074,82.161,57.005,-87.458,46.956,99.267,4.950,0.664,4.994,0.847
17:48:47.938,17.282,-1.766,97.846,True,-1.622,97.962,184.052,9.781,4.792,1.058,84.476,53.515,-86.242,44.332,96.969,4.876,0.486,4.901,0.425
17:48:47.958,17.303,7.063,97.846,True,3.222,98.085,192.693,-0.714,4.600,0.599,86.643,49.930,-79.580,47.916,92.892,4.784,-0.163,4.787,0.769
17:48:47.979,17.323,8.829,99.885,True,7.483,98.492,195.036,-7.774,5.046,0.085,88.658,46.258,-79.829,53.627,96.169,4.880,-0.491,4.905,0.476
17:48:48.000,17.344,12.361,106.000,True,11.611,100.117,195.519,-6.098,5.756,0.022,90.517,42.505,-78.156,63.495,100.698,5.492,-0.739,5.542,0.931
17:48:48.020,17.364,15.892,108.038,True,15.607,101.864,194.567,-5.099,6.132,-0.165,92.218,38.677,-76.325,69.361,103.134,6.094,-0.927,6.164,0.447
17:48:48.045,17.390,22.956,101.923,True,20.302,101.799,197.942,-17.373,5.774,-0.664,93.756,34.782,-70.801,67.142,97.574,5.935,-1.391,6.096,0.405
17:48:48.066,17.411,26.487,99.885,True,24.778,101.088,198.484,-31.961,5.394,-0.976,95.131,30.825,-68.643,69.060,97.371,5.616,-1.726,5.875,0.441
17:48:48.087,17.431,30.019,106.000,True,29.043,101.738,196.880,-35.021,5.804,-1.247,96.338,26.814,-66.319,79.186,103.289,5.947,-1.961,6.261,0.420
17:48:48.108,17.452,33.551,108.038,True,33.113,102.664,193.722,-36.548,6.228,-1.442,97.376,22.757,-63.826,85.282,106.521,6.378,-2.124,6.722,0.809
17:48:48.136,17.480,40.614,97.846,True,37.830,100.984,194.896,-55.893,5.637,-1.815,98.244,18.659,-57.630,79.187,97.938,5.765,-2.561,6.309,1.076
17:48:48.157,17.501,42.380,97.846,True,41.879,99.397,190.629,-70.823,5.392,-2.089,98.939,14.528,-56.559,83.318,100.701,5.361,-2.708,6.006,0.479
17:48:48.177,17.522,47.677,97.846,True,46.153,97.949,188.097,-82.042,5.339,-2.358,99.461,10.373,-51.783,87.474,101.652,5.136,-2.972,5.934,0.966
17:48:48.197,17.542,51.209,103.962,True,50.216,98.086,183.967,-80.908,5.679,-2.539,99.808,6.199,-48.599,97.763,109.176,5.618,-3.161,6.446,0.462
17:48:48.218,17.562,56.506,99.885,True,54.502,97.262,181.461,-87.232,5.676,-2.864,99.980,2.014,-43.473,97.871,107.092,5.675,-3.462,6.647,0.567
17:48:48.241,17.586,56.506,99.885,True,58.131,95.517,174.348,-98.891,5.335,-2.888,99.976,-2.175,-43.470,102.060,110.931,5.404,-3.511,6.445,0.387
17:48:48.262,17.607,60.038,97.846,True,61.172,94.754,164.285,-102.225,5.688,-2.925,99.798,-6.360,-39.760,104.206,111.533,5.599,-3.389,6.545,0.506
17:48:48.282,17.627,65.335,95.808,True,64.692,93.536,158.799,-108.511,5.779,-3.282,99.444,-10.533,-34.108,106.341,111.677,5.617,-3.534,6.637,0.605
17:48:48.303,17.647,68.867,91.731,True,68.124,91.459,153.144,-119.466,5.370,-3.514,98.915,-14.688,-30.048,106.419,110.580,5.342,-3.680,6.487,0.531
17:48:48.323,17.668,72.399,89.692,True,71.487,89.224,147.475,-129.469,4.965,-3.842,98.214,-18.817,-25.815,108.510,111.538,5.090,-3.837,6.374,0.905
17:48:48.345,17.689,72.399,87.654,True,73.943,86.881,136.465,-138.362,4.576,-3.529,97.339,-22.914,-24.941,110.567,113.346,4.872,-3.684,6.108,0.474
17:48:48.367,17.712,75.930,85.615,True,76.496,84.472,127.768,-146.089,4.412,-3.301,96.295,-26.970,-20.364,112.585,114.412,4.696,-3.660,5.954,0.474
17:48:48.388,17.732,79.462,75.423,True,79.148,80.106,120.872,-165.026,3.608,-3.538,95.081,-30.978,-15.619,106.402,107.542,3.824,-3.742,5.350,0.688
17:48:48.408,17.753,82.994,73.385,True,81.900,76.005,115.349,-178.069,3.515,-3.980,93.700,-34.933,-10.706,108.317,108.845,3.234,-3.911,5.075,0.727
17:48:48.429,17.773,86.525,69.308,True,84.747,71.713,110.833,-189.475,2.867,-4.303,92.155,-38.826,-5.630,108.134,108.280,2.691,-4.151,4.947,0.511
17:48:48.449,17.794,86.525,71.346,True,86.862,68.719,101.637,-189.795,2.969,-3.976,90.448,-42.651,-3.923,113.997,114.065,2.760,-4.127,4.965,0.821
17:48:48.470,17.814,88.291,57.077,True,88.754,63.100,92.237,-207.428,2.145,-3.809,88.583,-46.401,-0.292,103.478,103.478,1.794,-4.088,4.465,0.724
17:48:48.490,17.835,90.057,57.077,True,90.473,58.516,83.009,-213.979,1.472,-3.724,86.562,-50.070,3.495,107.147,107.204,1.414,-4.055,4.294,0.672
17:48:48.511,17.856,93.589,57.077,True,92.471,54.896,76.903,-212.539,1.456,-3.650,84.390,-53.651,9.199,110.728,111.109,1.473,-4.203,4.453,0.852
17:48:48.532,17.876,93.589,55.038,True,93.912,51.667,67.624,-208.843,1.605,-3.471,82.069,-57.138,11.520,112.176,112.766,1.662,-4.169,4.488,0.824
17:48:48.553,17.898,95.354,50.962,True,95.285,48.297,59.197,-206.942,1.862,-3.743,79.604,-60.524,15.750,111.486,112.593,1.748,-4.181,4.532,0.770
17:48:48.582,17.926,97.120,44.846,True,96.621,44.318,51.604,-209.480,1.689,-3.903,77.000,-63.805,20.120,108.651,110.498,1.566,-4.240,4.520,0.420
17:48:48.602,17.947,98.886,38.731,True,97.939,39.803,44.781,-214.838,1.325,-4.020,74.260,-66.973,24.626,105.704,108.534,1.195,-4.344,4.506,0.887
17:48:48.622,17.967,100.652,34.654,True,99.258,35.308,38.636,-218.598,1.146,-4.192,71.391,-70.024,29.261,104.678,108.691,0.885,-4.492,4.578,0.686
17:48:48.643,17.988,100.652,22.423,True,100.175,28.956,30.358,-233.442,0.063,-4.068,68.396,-72.952,32.256,95.375,100.682,-0.113,-4.518,4.519,1.135
17:48:48.663,18.008,100.652,18.346,True,100.752,22.906,20.876,-242.298,-0.604,-4.194,65.281,-75.752,35.371,94.098,100.527,-0.829,-4.469,4.545,0.674
17:48:48.692,18.036,100.652,14.269,True,101.049,17.179,10.904,-246.391,-0.980,-4.244,62.052,-78.419,38.600,92.689,100.405,-1.316,-4.381,4.574,0.732
17:48:48.712,18.057,100.652,8.154,True,101.124,11.298,0.962,-249.950,-1.460,-4.190,58.713,-80.949,41.939,89.103,98.479,-1.808,-4.284,4.649,0.614
17:48:48.733,18.077,102.418,2.038,True,101.440,5.309,-5.891,-252.747,-2.030,-4.542,55.272,-83.337,47.146,85.375,97.528,-2.291,-4.357,4.923,0.667
17:48:48.753,18.097,104.184,-6.115,True,101.987,-1.226,-10.470,-257.770,-2.951,-4.805,51.734,-85.578,52.450,79.463,95.212,-2.942,-4.563,5.430,0.504
17:48:48.778,18.122,102.418,0.000,True,101.926,-4.899,-18.868,-241.975,-2.390,-4.818,48.105,-87.670,54.313,87.670,103.130,-2.403,-4.549,5.145,0.504
17:48:48.799,18.144,102.418,-4.077,True,101.751,-8.423,-26.888,-228.390,-1.934,-4.876,44.391,-89.607,58.026,85.530,103.356,-1.962,-4.549,4.954,0.714
17:48:48.820,18.164,100.652,-12.231,True,101.083,-12.814,-37.092,-223.198,-1.766,-4.673,40.600,-91.387,60.052,79.157,99.358,-1.994,-4.411,4.841,0.755
17:48:48.840,18.184,100.652,-16.308,True,100.413,-17.052,-45.680,-217.619,-1.869,-4.584,36.737,-93.007,63.914,76.700,99.839,-2.010,-4.351,4.793,0.470
17:48:48.861,18.205,100.652,-20.385,True,99.767,-21.168,-52.860,-211.931,-1.874,-4.673,32.810,-94.464,67.841,74.080,100.450,-2.025,-4.363,4.809,0.890
17:48:48.881,18.225,100.652,-22.423,True,99.161,-24.713,-58.858,-203.215,-1.681,-4.764,28.826,-95.755,71.826,73.332,102.648,-1.865,-4.436,4.812,0.777
17:48:48.906,18.250,97.120,-28.538,True,97.783,-28.722,-69.290,-199.017,-1.784,-4.566,24.791,-96.878,72.329,68.340,99.508,-1.969,-4.241,4.676,0.434
17:48:48.927,18.271,97.120,-32.615,True,96.565,-32.682,-76.900,-194.839,-1.911,-4.536,20.712,-97.832,76.408,65.216,100.456,-2.085,-4.191,4.681,0.747
17:48:48.947,18.292,95.354,-38.731,True,95.103,-37.079,-85.012,-193.841,-2.229,-4.455,16.597,-98.613,78.757,59.882,98.937,-2.403,-4.098,4.751,0.445
17:48:48.968,18.312,93.589,-40.769,True,93.446,-40.912,-93.149,-188.620,-2.313,-4.261,12.453,-99.222,81.135,58.452,99.998,-2.495,-3.988,4.704,0.742
17:48:48.988,18.332,93.589,-44.846,True,92.049,-44.722,-98.280,-183.741,-2.516,-4.254,8.287,-99.656,85.301,54.810,101.392,-2.617,-4.038,4.812,0.678
17:48:49.013,18.358,90.057,-48.923,True,90.077,-48.519,-106.617,-179.168,-2.649,-4.100,4.107,-99.916,85.950,50.993,99.938,-2.769,-3.891,4.776,0.427
17:48:49.034,18.378,86.525,-48.923,True,87.615,-51.364,-116.780,-168.624,-2.387,-3.914,-0.081,-100.000,86.606,51.077,100.546,-2.579,-3.615,4.441,0.550
17:48:49.054,18.399,86.525,-57.077,True,85.569,-55.280,-122.305,-166.899,-2.798,-3.731,-4.268,-99.909,90.794,42.832,100.389,-2.904,-3.585,4.614,0.838
17:48:49.075,18.419,82.994,-57.077,True,83.093,-58.260,-129.869,-158.579,-2.796,-3.508,-8.448,-99.643,91.442,42.566,100.863,-2.861,-3.422,4.460,0.458
17:48:49.095,18.440,79.462,-67.269,True,80.255,-62.788,-138.478,-161.615,-3.299,-3.418,-12.613,-99.201,92.075,31.932,97.455,-3.492,-3.175,4.719,0.718
17:48:49.116,18.460,77.696,-63.192,True,77.535,-65.363,-144.679,-150.121,-2.940,-3.507,-16.756,-98.586,94.453,35.394,100.866,-3.304,-3.043,4.492,0.896
17:48:49.136,18.480,75.930,-71.346,True,74.941,-69.058,-148.963,-147.885,-3.218,-3.463,-20.870,-97.798,96.800,26.452,100.350,-3.653,-3.006,4.731,0.784
17:48:49.156,18.500,72.399,-67.269,True,72.063,-70.913,-154.471,-133.130,-2.624,-3.168,-24.947,-96.838,97.346,29.569,101.738,-3.284,-2.883,4.370,0.459
17:48:49.176,18.520,68.867,-71.346,True,68.949,-73.058,-160.557,-122.978,-2.458,-2.907,-28.980,-95.709,97.848,24.362,100.835,-3.163,-2.706,4.163,0.504
17:48:49.196,18.541,65.335,-67.269,True,65.644,-73.601,-166.731,-103.884,-1.797,-2.664,-32.963,-94.411,98.298,27.142,101.977,-2.504,-2.501,3.540,0.755
17:48:49.217,18.561,61.804,-71.346,True,62.192,-74.672,-172.643,-92.122,-1.627,-2.401,-36.887,-92.948,98.691,21.602,101.028,-2.239,-2.288,3.201,0.715
17:48:49.238,18.582,58.272,-73.385,True,58.631,-75.787,-178.057,-82.743,-1.542,-2.266,-40.747,-91.322,99.020,17.937,100.631,-2.099,-2.079,2.954,0.846
17:48:49.258,18.603,51.209,-75.423,True,54.173,-76.973,-188.223,-75.347,-1.543,-1.833,-44.536,-89.535,95.745,14.112,96.779,-2.070,-1.563,2.593,0.848
17:48:49.278,18.623,47.677,-81.538,True,49.774,-79.191,-195.605,-75.765,-1.923,-1.383,-48.246,-87.592,95.923,6.053,96.114,-2.504,-1.168,2.763,0.483
17:48:49.299,18.644,45.911,-77.462,True,45.873,-79.952,-197.929,-65.666,-1.608,-1.217,-51.872,-85.495,97.783,8.033,98.113,-2.344,-1.038,2.564,0.913
17:48:49.320,18.665,45.911,-77.462,True,41.915,-81.266,-200.062,-60.850,-1.583,-1.027,-55.406,-83.247,101.318,5.786,101.483,-2.488,-0.902,2.646,0.632
17:48:49.342,18.686,44.146,-81.538,True,39.670,-82.216,-190.672,-54.035,-1.399,-1.905,-58.844,-80.854,102.989,-0.684,102.992,-2.521,-1.435,2.901,0.644
17:48:49.362,18.707,33.551,-85.615,True,35.242,-83.916,-197.505,-52.760,-1.816,-1.234,-62.178,-78.319,95.729,-7.296,96.006,-2.888,-1.024,3.065,0.935
17:48:49.383,18.727,30.019,-85.615,True,30.966,-85.136,-201.656,-47.861,-1.729,-0.868,-65.403,-75.647,95.422,-9.969,95.941,-3.061,-0.736,3.149,0.747
17:48:49.403,18.748,26.487,-87.654,True,26.822,-86.480,-203.864,-44.008,-2.067,-0.441,-68.514,-72.842,95.001,-14.812,96.149,-3.306,-0.535,3.349,0.831
17:48:49.427,18.772,22.956,-91.731,True,22.796,-88.418,-204.641,-43.923,-2.856,-0.126,-71.504,-69.909,94.459,-21.822,96.947,-3.790,-0.397,3.810,0.834
17:48:49.449,18.794,19.424,-91.731,True,18.875,-89.877,-204.361,-39.839,-3.096,-0.108,-74.368,-66.853,93.793,-24.878,97.036,-4.061,-0.304,4.072,0.477
17:48:49.470,18.815,15.892,-87.654,True,15.048,-89.962,-203.311,-26.918,-2.683,-0.043,-77.103,-63.680,92.995,-23.974,96.036,-3.816,-0.241,3.824,0.785
17:48:49.490,18.835,12.361,-89.692,True,11.305,-90.311,-201.717,-17.853,-2.852,0.063,-79.702,-60.396,92.063,-29.297,96.612,-3.780,-0.197,3.785,0.781
17:48:49.511,18.855,8.829,-83.577,True,7.634,-89.015,-199.755,0.678,-2.473,0.159,-82.161,-57.005,90.990,-26.572,94.791,-3.171,-0.162,3.175,0.882
17:48:49.531,18.875,3.532,-89.692,True,3.614,-89.162,-200.251,6.143,-3.024,0.264,-84.476,-53.515,88.008,-36.178,95.153,-3.294,0.030,3.294,0.709
17:48:49.555,18.899,1.766,-91.731,True,0.110,-89.665,-196.901,8.807,-3.362,0.241,-86.643,-49.930,88.409,-41.801,97.793,-3.585,0.016,3.585,0.428
17:48:49.576,18.920,-1.766,-91.731,True,-3.349,-90.010,-193.719,12.748,-5.752,-2.429,-88.658,-46.258,86.892,-45.473,98.071,-5.942,-2.409,6.412,1.258
17:48:49.596,18.940,-5.297,-91.731,True,-6.776,-90.214,-195.722,21.935,-5.777,-2.164,-90.517,-42.505,85.220,-49.226,98.415,-6.043,-2.062,6.385,0.662
17:48:49.616,18.961,-12.361,-95.808,True,-11.079,-91.177,-202.516,25.118,-7.015,-2.175,-92.218,-38.677,79.857,-57.131,98.189,-6.597,-1.298,6.723,0.862
17:48:49.636,18.981,-14.127,-87.654,True,-14.896,-89.973,-203.649,43.298,-6.979,-1.568,-93.756,-34.782,79.630,-52.872,95.584,-6.017,-0.891,6.082,0.568
17:48:49.662,19.006,-15.892,-91.731,True,-18.253,-89.717,-200.768,51.641,-7.143,-1.184,-95.131,-30.825,79.238,-60.906,99.941,-6.125,-0.747,6.170,0.442
17:48:49.682,19.027,-26.487,-89.692,True,-23.250,-88.919,-208.762,62.681,-7.580,-0.307,-96.338,-26.814,69.851,-62.878,93.983,-6.012,0.262,6.017,1.014
17:48:49.702,19.047,-30.019,-85.615,True,-28.028,-87.188,-212.193,78.170,-7.840,0.451,-97.376,-22.757,67.357,-62.859,92.132,-5.523,1.016,5.616,0.777
17:48:49.723,19.068,-31.785,-89.692,True,-32.159,-86.571,-209.360,83.293,-8.113,1.091,-98.244,-18.659,66.459,-71.033,97.276,-5.772,1.357,5.930,1.232
17:48:49.743,19.088,-35.316,-83.577,True,-36.107,-84.596,-204.997,97.184,-7.491,1.626,-98.939,-14.528,63.623,-69.048,93.891,-5.344,1.613,5.582,1.144
17:48:49.771,19.115,-40.614,-81.538,True,-40.301,-82.393,-202.306,109.867,-7.193,2.539,-99.461,-10.373,58.847,-71.166,92.345,-4.951,2.024,5.349,0.665
17:48:49.791,19.135,-44.146,-75.423,True,-44.301,-79.086,-197.839,127.335,-6.546,3.039,-99.808,-6.199,55.662,-69.225,88.827,-4.133,2.335,4.747,0.783
17:48:49.811,19.155,-47.677,-73.385,True,-48.122,-75.806,-192.156,140.648,-5.965,3.610,-99.980,-2.014,52.303,-71.371,88.484,-3.547,2.579,4.386,0.840
17:48:49.831,19.176,-51.209,-71.346,True,-51.790,-72.610,-185.700,150.452,-5.376,3.933,-99.976,2.175,48.767,-73.521,88.225,-3.164,2.785,4.216,0.812
17:48:49.851,19.196,-54.741,-63.192,True,-55.326,-68.112,-178.811,166.744,-4.552,4.343,-99.798,6.360,45.057,-69.552,82.871,-2.231,2.974,3.718,0.775
17:48:49.879,19.223,-58.272,-57.077,True,-58.756,-62.988,-171.737,183.090,-3.534,4.705,-99.444,10.533,41.172,-67.610,79.159,-1.199,3.164,3.383,0.605
17:48:49.899,19.244,-65.335,-50.962,True,-62.922,-57.382,-170.040,198.327,-2.413,5.301,-98.915,14.688,33.580,-65.650,73.739,-0.151,3.783,3.786,0.782
17:48:49.920,19.264,-67.101,-53.000,True,-66.503,-53.319,-163.457,199.271,-2.266,5.692,-98.214,18.817,31.112,-71.817,78.267,-0.109,4.075,4.077,1.006
17:48:49.940,19.285,-72.399,-46.885,True,-70.383,-48.765,-159.095,203.236,-1.917,6.013,-97.339,22.914,24.941,-69.798,74.120,0.176,4.559,4.562,0.729
17:48:49.961,19.305,-77.696,-48.923,True,-74.524,-45.681,-156.038,196.426,-2.067,6.653,-96.295,26.970,18.598,-75.893,78.138,-0.342,5.179,5.191,1.176
17:48:49.988,19.332,-77.696,-46.885,True,-77.657,-42.945,-145.474,189.291,-2.657,6.731,-95.081,30.978,17.384,-77.863,79.780,-0.923,5.264,5.345,0.444
17:48:50.008,19.353,-81.228,-36.692,True,-80.720,-38.586,-135.668,194.954,-2.340,6.690,-93.700,34.933,12.472,-71.625,72.703,-0.554,5.405,5.434,0.782
17:48:50.029,19.374,-79.462,-22.423,True,-82.511,-31.838,-118.497,214.820,-0.663,6.124,-92.155,38.826,12.693,-61.249,62.550,0.959,4.978,5.070,1.086
17:48:50.049,19.393,-81.228,-18.346,True,-84.032,-25.405,-102.691,226.892,0.586,5.631,-90.448,42.651,9.220,-60.997,61.690,2.011,4.608,5.028,0.447
17:48:50.070,19.414,-82.994,-14.269,True,-85.368,-19.334,-88.500,232.836,1.107,5.299,-88.583,46.401,5.589,-60.670,60.927,2.686,4.323,5.089,0.804
17:48:50.098,19.443,-86.525,-10.192,True,-86.995,-13.636,-78.684,234.168,1.636,5.330,-86.562,50.070,0.037,-60.262,60.262,3.066,4.342,5.316,0.429
17:48:50.119,19.463,-86.525,6.115,True,-88.094,-5.452,-66.641,250.879,3.466,5.300,-84.390,53.651,-2.136,-47.535,47.583,4.672,4.184,6.272,0.761
17:48:50.139,19.483,-86.525,6.115,True,-88.753,1.088,-53.614,251.281,4.048,4.662,-82.069,57.138,-4.456,-51.022,51.216,5.157,3.928,6.483,0.550
17:48:50.159,19.504,-86.525,24.462,True,-89.059,10.376,-40.505,268.706,6.196,3.897,-79.604,60.524,-6.921,-36.063,36.721,6.999,3.635,7.887,0.894
17:48:50.186,19.530,-86.525,16.308,True,-89.092,15.880,-27.930,255.177,5.562,3.585,-77.000,63.805,-9.525,-47.497,48.443,6.601,3.352,7.403,0.408
17:48:50.208,19.553,-86.525,16.308,True,-89.650,20.983,-21.043,241.614,4.886,3.589,-74.260,66.973,-12.265,-50.665,52.129,6.157,3.478,7.072,0.448
17:48:50.229,19.574,-86.525,22.423,True,-89.072,24.859,-7.501,222.843,4.155,3.243,-71.391,70.024,-15.135,-47.601,49.949,5.262,3.089,6.102,0.814
17:48:50.249,19.594,-88.291,32.615,True,-88.973,30.196,0.413,217.588,4.335,2.901,-68.396,72.952,-19.895,-40.337,44.976,5.342,3.098,6.176,0.780
17:48:50.270,19.614,-86.525,34.654,True,-88.341,34.575,10.702,206.782,4.009,2.635,-65.281,75.752,-21.244,-41.098,46.264,4.994,2.916,5.783,0.588
17:48:50.291,19.635,-86.525,42.808,True,-87.730,39.726,19.193,202.918,3.974,2.731,-62.052,78.419,-24.474,-35.612,43.211,5.161,2.851,5.896,0.509
17:48:50.314,19.658,-86.525,46.885,True,-87.147,44.535,26.310,197.072,4.408,2.626,-58.713,80.949,-27.812,-34.064,43.976,5.189,2.882,5.936,0.514
17:48:50.335,19.679,-86.525,50.962,True,-86.598,49.069,32.378,190.191,4.286,2.487,-55.272,83.337,-31.253,-32.375,44.999,5.140,2.991,5.947,0.815
17:48:50.356,19.700,-82.994,57.077,True,-85.254,53.863,43.007,186.004,4.330,2.125,-51.734,85.578,-31.260,-28.501,42.303,5.300,2.746,5.969,0.696
17:48:50.376,19.720,-82.994,61.154,True,-84.066,58.419,50.771,180.528,4.533,2.187,-48.105,87.670,-34.889,-26.516,43.822,5.376,2.694,6.013,0.736
17:48:50.397,19.742,-81.228,69.308,True,-82.626,63.726,59.074,180.531,5.221,2.075,-44.391,89.607,-36.837,-20.299,42.059,5.887,2.588,6.431,0.931
17:48:50.422,19.766,-81.228,69.308,True,-81.444,67.336,64.391,168.436,4.785,2.186,-40.600,91.387,-40.628,-22.080,46.240,5.507,2.695,6.131,0.370
17:48:50.443,19.788,-79.462,75.423,True,-79.961,72.036,71.178,165.614,5.066,2.130,-36.737,93.007,-42.725,-17.584,46.202,5.821,2.686,6.411,0.847
17:48:50.463,19.808,-79.462,85.615,True,-78.784,78.088,75.140,170.936,6.146,2.330,-32.810,94.464,-46.652,-8.849,47.483,6.807,2.888,7.394,0.555
17:48:50.484,19.829,-77.696,83.577,True,-77.387,82.036,80.407,160.282,5.894,2.414,-28.826,95.755,-48.870,-12.178,50.365,6.631,2.994,7.276,0.804
17:48:50.504,19.849,-75.930,79.500,True,-75.817,83.819,86.322,137.678,4.742,2.387,-24.791,96.878,-51.140,-17.378,54.012,5.502,3.047,6.290,0.848
17:48:50.531,19.875,-75.930,81.538,True,-74.536,85.353,89.752,118.630,3.874,2.570,-20.712,97.832,-55.218,-16.293,57.572,4.555,3.285,5.616,0.420
17:48:50.551,19.896,-75.930,87.654,True,-73.501,87.708,91.636,109.162,3.635,3.065,-16.597,98.613,-59.333,-10.959,60.337,4.279,3.649,5.624,0.708
17:48:50.572,19.916,-72.399,87.654,True,-71.841,89.364,98.025,96.969,3.412,3.411,-12.453,99.222,-59.945,-11.568,61.051,3.775,3.679,5.271,0.419
17:48:50.592,19.936,-72.399,91.731,True,-70.470,91.403,101.757,89.862,3.621,3.741,-8.287,99.656,-64.111,-7.925,64.599,3.633,3.900,5.330,0.611
17:48:50.612,19.957,-72.399,89.692,True,-69.360,92.382,103.741,77.062,3.191,3.960,-4.107,99.916,-68.292,-10.223,69.053,3.046,4.258,5.235,0.458
17:48:50.641,19.985,-74.165,81.538,True,-68.887,91.040,102.005,51.932,1.840,4.688,0.081,100.000,-74.245,-18.462,76.506,1.464,4.915,5.129,0.489
17:48:50.661,20.006,-65.335,89.692,True,-66.495,91.524,114.411,45.281,1.680,4.308,4.268,99.909,-69.604,-10.217,70.349,1.189,4.513,4.667,0.840
17:48:50.681,20.026,-65.335,89.692,True,-64.469,91.793,121.958,38.653,1.306,4.305,8.448,99.643,-73.784,-9.950,74.452,0.910,4.430,4.522,0.741
17:48:50.702,20.046,-65.335,95.808,True,-62.799,93.320,126.001,41.743,2.105,4.503,12.613,99.201,-77.949,-3.394,78.023,1.377,4.588,4.790,0.882
17:48:50.723,20.067,-61.804,97.846,True,-60.633,95.013,133.093,44.567,2.784,4.689,16.756,98.586,-78.560,-0.740,78.564,1.880,4.503,4.880,0.790
17:48:50.748,20.093,-60.038,101.923,True,-58.452,97.304,139.179,49.923,3.331,4.238,20.870,97.798,-80.908,4.125,81.013,2.639,4.465,5.186,0.459
17:48:50.769,20.114,-58.272,91.731,True,-56.274,96.774,144.365,34.436,2.490,3.798,24.947,96.838,-83.219,-5.107,83.376,1.862,4.471,4.843,0.808
17:48:50.789,20.134,-58.272,106.000,True,-54.523,99.449,146.070,43.684,3.363,3.777,28.980,95.709,-87.253,10.291,87.857,2.941,4.725,5.566,0.725
17:48:50.810,20.154,-54.741,101.923,True,-52.332,100.695,150.973,40.090,3.377,3.856,32.963,94.411,-87.703,7.512,88.024,3.132,4.730,5.673,0.806
17:48:50.830,20.174,-56.506,106.000,True,-50.986,102.544,149.683,40.547,4.062,3.913,36.887,92.948,-93.394,13.052,94.301,3.659,5.191,6.351,0.610
17:48:50.858,20.202,-51.209,108.038,True,-48.740,104.444,155.429,40.192,4.592,3.905,40.747,91.322,-91.956,16.717,93.463,4.175,5.124,6.609,0.427
17:48:50.879,20.223,-45.911,99.885,True,-45.697,104.001,165.528,23.415,3.685,3.122,44.536,89.535,-90.447,10.349,91.037,3.466,4.688,5.830,1.089
17:48:50.898,20.243,-40.614,110.077,True,-41.974,105.773,177.868,24.864,4.387,2.329,48.246,87.592,-88.860,22.485,91.661,4.109,4.015,5.745,0.622
17:48:50.919,20.264,-40.614,112.115,True,-38.927,107.629,182.759,25.354,5.136,2.450,51.872,85.495,-92.486,26.621,96.241,4.735,3.837,6.094,0.783
17:48:50.939,20.284,-37.082,110.077,True,-35.693,108.587,187.878,18.591,5.075,2.705,55.406,83.247,-92.489,26.829,96.301,4.853,3.604,6.045,0.693
17:48:50.965,20.310,-33.551,103.962,True,-32.311,107.798,192.816,0.986,4.364,2.373,58.844,80.854,-92.394,23.107,95.240,4.140,3.344,5.322,0.540
17:48:50.986,20.331,-28.253,112.115,True,-28.408,108.816,199.995,-0.955,4.509,2.037,62.178,78.319,-90.431,33.796,96.540,4.573,2.868,5.398,0.821
17:48:51.006,20.351,-26.487,112.115,True,-24.891,109.568,202.711,-5.283,4.738,1.926,65.403,75.647,-91.890,36.469,98.863,4.857,2.676,5.546,0.431
17:48:51.027,20.372,-24.722,110.077,True,-21.739,109.605,202.277,-14.324,4.715,2.139,68.514,72.842,-93.235,37.235,100.395,4.797,2.693,5.501,0.835
17:48:51.048,20.393,-21.190,108.038,True,-18.506,109.021,202.471,-26.135,4.278,2.124,71.504,69.909,-92.694,38.130,100.230,4.511,2.646,5.230,0.696
17:48:51.071,20.415,-15.892,108.038,True,-14.790,108.392,205.715,-36.106,4.039,1.928,74.368,66.853,-90.261,41.185,99.213,4.337,2.341,4.928,0.399
17:48:51.092,20.436,-15.892,114.154,True,-11.888,109.176,202.558,-35.115,4.849,1.908,77.103,63.680,-92.995,50.474,105.810,4.991,2.487,5.576,0.774
17:48:51.112,20.456,-10.595,112.115,True,-8.478,109.320,203.455,-39.809,5.064,1.918,79.702,60.396,-90.297,51.720,104.060,5.256,2.315,5.743,0.463
17:48:51.133,20.477,-8.829,101.923,True,-5.435,106.990,201.460,-60.688,4.090,1.953,82.161,57.005,-90.990,44.918,101.473,4.282,2.335,4.877,0.804
17:48:51.153,20.498,-5.297,103.962,True,-2.310,105.355,200.315,-72.257,3.820,2.011,84.476,53.515,-89.773,50.447,102.977,3.935,2.274,4.545,0.713
17:48:51.173,20.518,0.000,101.923,True,1.302,103.448,202.398,-83.375,3.575,1.611,86.643,49.930,-86.643,51.993,101.046,3.585,1.942,4.077,0.664
17:48:51.194,20.538,1.766,99.885,True,4.517,101.340,200.914,-93.636,3.196,1.427,88.658,46.258,-86.892,53.627,102.108,3.264,1.840,3.747,0.853
17:48:51.214,20.558,5.297,99.885,True,7.783,99.564,199.750,-99.706,3.153,1.429,90.517,42.505,-85.220,57.380,102.737,3.234,1.690,3.649,0.470
17:48:51.235,20.579,8.829,97.846,True,11.093,97.634,198.720,-105.929,3.189,1.333,92.218,38.677,-83.388,59.169,102.248,3.184,1.502,3.520,0.797
17:48:51.255,20.599,15.892,87.654,True,15.259,93.689,203.066,-124.477,2.094,0.724,93.756,34.782,-77.864,52.872,94.118,2.168,0.868,2.335,0.808
17:48:51.275,20.619,15.892,85.615,True,18.524,89.902,199.614,-137.460,1.377,0.700,95.131,30.825,-79.238,54.790,96.336,1.488,0.769,1.675,0.471
17:48:51.296,20.640,19.424,85.615,True,21.798,86.796,196.470,-142.866,1.200,0.558,96.338,26.814,-76.914,58.801,96.816,1.332,0.626,1.471,0.795
17:48:51.316,20.661,22.956,83.577,True,25.083,83.855,193.524,-146.154,1.246,0.308,97.376,22.757,-74.421,60.820,96.112,1.322,0.445,1.395,0.902
17:48:51.337,20.681,33.551,75.423,True,30.022,79.652,201.459,-157.283,0.624,-0.993,98.244,18.659,-64.693,56.764,86.066,0.701,-0.603,0.925,0.732
17:48:51.357,20.701,37.082,71.346,True,34.755,75.307,204.849,-166.604,0.034,-1.963,98.939,14.528,-61.857,56.818,83.991,0.162,-1.400,1.409,0.519
17:48:51.381,20.726,37.082,71.346,True,38.852,71.975,201.972,-166.938,0.146,-2.264,99.461,10.373,-62.378,60.974,87.229,0.269,-1.786,1.806,0.678
17:48:51.404,20.748,40.614,79.500,True,42.249,71.699,194.194,-147.893,1.514,-2.483,99.808,6.199,-59.194,73.301,94.218,1.895,-1.826,2.632,0.611
17:48:51.424,20.769,47.677,65.231,True,46.545,67.805,193.043,-157.700,1.212,-3.144,99.980,2.014,-52.303,63.217,82.049,1.406,-2.389,2.772,0.818
17:48:51.444,20.789,51.209,63.192,True,50.611,64.278,189.426,-162.934,0.962,-3.298,99.976,-2.175,-48.767,65.367,81.555,1.222,-2.809,3.064,0.778
17:48:51.465,20.809,54.741,63.192,True,54.484,61.558,184.186,-162.053,1.202,-3.454,99.798,-6.360,-45.057,69.552,82.871,1.492,-3.139,3.475,0.751
17:48:51.485,20.829,58.272,61.154,True,58.193,59.004,177.897,-160.764,1.252,-3.837,99.444,-10.533,-41.172,71.687,82.669,1.808,-3.413,3.862,0.563
17:48:51.508,20.853,67.101,65.231,True,63.026,58.038,179.023,-150.115,2.340,-4.641,98.915,-14.688,-31.814,79.919,86.018,2.870,-4.287,5.159,0.597
17:48:51.529,20.873,68.867,63.192,True,67.139,56.958,173.641,-143.647,2.986,-5.252,98.214,-18.817,-29.346,82.010,87.102,3.684,-4.725,5.992,0.816
17:48:51.549,20.894,70.633,61.154,True,70.617,55.739,163.965,-140.501,3.524,-5.156,97.339,-22.914,-26.707,84.067,88.208,4.292,-4.859,6.483,0.984
17:48:51.570,20.914,74.165,53.000,True,73.959,52.946,154.389,-149.212,3.201,-5.209,96.295,-26.970,-22.130,79.970,82.975,4.010,-5.004,6.412,1.210
17:48:51.590,20.935,79.462,57.077,True,77.608,51.616,147.783,-146.625,3.881,-6.017,95.081,-30.978,-15.619,88.055,89.430,4.557,-5.382,7.052,1.208
17:48:51.619,20.963,81.228,53.000,True,80.718,49.687,137.736,-149.407,4.094,-6.224,93.700,-34.933,-12.472,87.933,88.813,4.713,-5.517,7.256,0.417
17:48:51.639,20.984,86.525,53.000,True,84.182,48.163,131.062,-149.465,4.355,-6.434,92.155,-38.826,-5.630,91.826,91.998,5.069,-5.914,7.789,0.665
17:48:51.660,21.004,88.291,42.808,True,87.149,44.624,121.186,-163.497,3.618,-6.454,90.448,-42.651,-2.157,85.459,85.486,4.349,-6.086,7.481,0.859
17:48:51.680,21.025,93.589,46.885,True,90.506,42.639,114.828,-163.968,4.037,-6.920,88.583,-46.401,5.006,93.286,93.420,4.592,-6.533,7.985,0.794
17:48:51.701,21.046,93.589,42.808,True,92.985,40.161,102.609,-168.122,3.964,-6.988,86.562,-50.070,7.026,92.878,93.143,4.546,-6.551,7.974,0.894
17:48:51.734,21.078,97.120,40.769,True,95.522,37.722,92.338,-171.384,4.112,-7.144,84.390,-53.651,12.731,94.420,95.274,4.542,-6.707,8.101,0.481
17:48:51.754,21.099,97.120,38.731,True,97.311,35.326,78.178,-173.924,3.941,-7.131,82.069,-57.138,15.051,95.868,97.043,4.570,-6.561,7.995,0.692
17:48:51.775,21.120,98.886,30.577,True,98.877,31.552,64.716,-185.258,3.320,-7.021,79.604,-60.524,19.282,91.101,93.119,3.895,-6.440,7.527,0.759
17:48:51.795,21.140,100.652,22.423,True,100.283,26.586,52.219,-201.560,2.172,-6.925,77.000,-63.805,23.652,86.228,89.413,2.753,-6.369,6.939,0.676
17:48:51.817,21.162,100.652,18.346,True,101.170,21.576,38.099,-213.654,1.288,-6.744,74.260,-66.973,26.391,85.319,89.308,1.817,-6.152,6.414,0.682
17:48:51.838,21.182,102.418,12.231,True,102.045,16.123,26.201,-225.141,0.378,-6.500,71.391,-70.024,31.027,82.255,87.912,0.828,-6.073,6.129,0.637
17:48:51.858,21.203,102.418,4.077,True,102.534,9.867,13.492,-238.373,-0.813,-6.098,68.396,-72.952,34.022,77.029,84.208,-0.436,-5.874,5.890,0.803
17:48:51.878,21.223,102.418,0.000,True,102.714,3.914,0.832,-245.270,-1.742,-5.727,65.281,-75.752,37.137,75.752,84.365,-1.284,-5.685,5.828,0.460
17:48:51.899,21.244,104.184,-4.077,True,103.068,-1.709,-8.629,-247.345,-2.411,-5.745,62.052,-78.419,42.132,74.343,85.451,-1.842,-5.712,6.002,0.910
17:48:51.921,21.265,104.184,-4.077,True,103.195,-6.056,-18.398,-239.622,-2.137,-5.721,58.713,-80.949,45.470,76.872,89.313,-1.698,-5.705,5.952,0.803
17:48:51.947,21.291,100.652,-10.192,True,102.322,-10.696,-33.442,-235.132,-2.238,-5.234,55.272,-83.337,45.380,73.144,86.078,-1.794,-5.277,5.574,0.711
17:48:51.967,21.312,100.652,-16.308,True,101.420,-15.610,-45.813,-232.835,-2.481,-5.014,51.734,-85.578,48.918,69.271,84.802,-2.072,-5.004,5.416,0.827
17:48:51.987,21.332,100.652,-22.423,True,100.538,-20.768,-55.869,-231.871,-2.825,-4.998,48.105,-87.670,52.547,65.246,83.775,-2.482,-4.873,5.469,0.777
17:48:52.008,21.352,97.120,-20.385,True,98.886,-24.239,-69.395,-219.105,-2.203,-4.624,44.391,-89.607,52.729,69.222,87.018,-2.021,-4.451,4.888,0.740
17:48:52.028,21.372,97.120,-30.577,True,97.411,-29.075,-79.118,-217.940,-2.455,-4.429,40.600,-91.387,56.520,60.810,83.021,-2.418,-4.273,4.910,0.681
17:48:52.054,21.399,93.589,-24.462,True,95.308,-31.349,-91.318,-199.269,-1.432,-3.949,36.737,-93.007,56.851,68.546,89.054,-1.505,-3.877,4.159,0.418
17:48:52.075,21.419,93.589,-36.692,True,93.506,-35.650,-99.121,-198.249,-2.157,-3.664,32.810,-94.464,60.778,57.772,83.854,-1.879,-3.775,4.217,0.843
17:48:52.095,21.439,91.823,-30.577,True,91.593,-37.515,-106.421,-180.586,-1.308,-3.600,28.826,-95.755,62.997,65.178,90.647,-1.008,-3.692,3.827,0.590
17:48:52.116,21.460,86.525,-34.654,True,88.782,-39.623,-118.495,-168.629,-0.406,-2.946,24.791,-96.878,61.734,62.225,87.653,-0.509,-3.222,3.262,1.132
17:48:52.136,21.480,86.525,-38.731,True,86.438,-42.005,-124.942,-161.070,-0.110,-2.716,20.712,-97.832,65.813,59.101,88.455,-0.315,-3.134,3.150,0.741
17:48:52.162,21.506,82.994,-42.808,True,83.720,-44.664,-132.826,-156.730,-0.211,-2.530,16.597,-98.613,66.396,55.805,86.734,-0.362,-2.917,2.940,0.479
17:48:52.183,21.527,75.930,-53.000,True,79.871,-49.007,-146.659,-163.928,-1.369,-1.679,12.453,-99.222,63.477,46.222,78.522,-1.356,-2.130,2.525,0.718
17:48:52.204,21.549,75.930,-61.154,True,76.704,-54.346,-152.574,-174.684,-2.671,-1.597,8.287,-99.656,67.643,38.502,77.833,-2.678,-1.919,3.295,0.536
17:48:52.225,21.570,72.399,-59.115,True,73.361,-58.136,-158.431,-171.129,-2.902,-1.804,4.107,-99.916,68.292,40.800,79.551,-3.009,-1.729,3.470,0.832
17:48:52.245,21.590,68.867,-63.192,True,69.884,-61.938,-164.007,-167.442,-3.245,-1.472,-0.081,-100.000,68.948,36.808,78.158,-3.360,-1.535,3.694,0.415
17:48:52.269,21.613,68.867,-69.308,True,67.130,-66.221,-163.704,-166.678,-3.758,-2.279,-4.268,-99.909,73.135,30.601,79.279,-3.965,-1.763,4.339,0.422
17:48:52.289,21.634,63.570,-63.192,True,63.789,-68.077,-167.763,-148.816,-2.677,-2.475,-8.448,-99.643,72.018,36.450,80.717,-3.320,-1.669,3.716,0.826
17:48:52.309,21.654,61.804,-65.231,True,60.752,-69.700,-169.100,-133.103,-2.378,-2.635,-12.613,-99.201,74.417,33.971,81.804,-2.782,-1.764,3.294,0.407
17:48:52.330,21.674,58.272,-71.346,True,57.580,-72.126,-171.346,-125.834,-2.652,-2.446,-16.756,-98.586,75.029,27.240,79.820,-2.842,-1.786,3.357,0.647
17:48:52.350,21.695,56.506,-69.308,True,54.700,-73.403,-171.423,-111.848,-2.566,-2.947,-20.870,-97.798,77.376,28.490,82.455,-2.396,-1.965,3.099,0.453
17:48:52.371,21.715,49.443,-71.346,True,50.846,-74.643,-178.251,-100.366,-2.218,-2.791,-24.947,-96.838,74.390,25.492,78.637,-2.105,-1.631,2.663,0.685
17:48:52.392,21.736,47.677,-75.423,True,47.373,-76.365,-180.999,-94.167,-2.351,-2.427,-28.980,-95.709,76.658,20.286,79.296,-2.194,-1.567,2.696,0.656
17:48:52.412,21.756,44.146,-75.423,True,43.845,-77.592,-183.619,-85.344,-2.253,-2.333,-32.963,-94.411,77.108,18.988,79.412,-2.094,-1.493,2.572,0.572
17:48:52.433,21.777,40.614,-77.462,True,40.275,-78.872,-186.012,-78.237,-2.144,-2.347,-36.887,-92.948,77.501,15.486,79.033,-2.117,-1.417,2.548,0.846
17:48:52.453,21.797,-256.044,201.808,False,36.555,-80.437,-188.924,-73.886,-2.144,-2.347,-40.747,-91.322,-215.297,293.129,363.700,0.000,0.000,0.000,0.447
17:48:52.474,21.818,33.551,-85.615,True,32.994,-82.958,-190.439,-76.212,-3.089,-2.067,-44.536,-89.535,78.086,3.920,78.185,-3.116,-1.234,3.352,0.787
17:48:52.494,21.838,30.019,-83.577,True,29.408,-84.241,-191.571,-68.285,-3.237,-2.128,-48.246,-87.592,78.265,4.015,78.368,-3.167,-1.192,3.384,0.653
17:48:52.514,21.858,28.253,-85.615,True,26.261,-85.609,-189.716,-61.792,-3.347,-2.108,-51.872,-85.495,80.125,-0.121,80.125,-3.331,-1.362,3.598,0.425
17:48:52.534,21.879,24.722,-89.692,True,23.026,-87.550,-188.994,-59.395,-4.102,-2.546,-55.406,-83.247,80.128,-6.445,80.387,-3.821,-1.445,4.085,0.516
17:48:52.556,21.900,19.424,-91.731,True,19.289,-89.463,-191.689,-56.138,-4.632,-2.268,-58.844,-80.854,78.268,-10.877,79.020,-4.282,-1.256,4.462,0.581
17:48:52.580,21.924,15.892,-93.769,True,15.559,-91.344,-193.605,-52.184,-4.836,-1.744,-62.178,-78.319,78.070,-15.450,79.584,-4.676,-1.008,4.783,0.513
17:48:52.606,21.950,12.361,-97.846,True,11.846,-93.674,-194.655,-50.853,-5.549,-1.339,-65.403,-75.647,77.764,-22.199,80.870,-5.333,-0.881,5.405,0.646
17:48:52.627,21.972,1.766,-95.808,True,6.505,-94.952,-205.843,-41.588,-5.651,-0.275,-68.514,-72.842,70.279,-22.966,73.937,-5.403,0.078,5.404,1.345
17:48:52.647,21.991,-1.766,-95.808,True,1.420,-95.790,-211.989,-30.522,-5.847,-0.027,-71.504,-69.909,69.738,-25.899,74.392,-5.361,0.707,5.408,0.528
17:48:52.667,22.012,-5.297,-93.769,True,-3.396,-95.788,-214.305,-15.504,-5.366,0.662,-74.368,-66.853,69.071,-26.916,74.130,-5.006,1.112,5.128,0.724
17:48:52.687,22.032,-8.829,-93.769,True,-7.949,-95.557,-213.768,-1.668,-5.057,0.828,-77.103,-63.680,68.274,-30.089,74.610,-4.697,1.347,4.886,0.381
17:48:52.709,22.054,-15.892,-99.885,True,-13.076,-96.588,-216.605,1.423,-5.540,1.399,-79.702,-60.396,63.809,-39.489,75.040,-5.157,1.863,5.483,0.702
17:48:52.729,22.074,-19.424,-99.885,True,-17.877,-97.332,-215.860,6.933,-5.868,1.937,-82.161,-57.005,62.737,-42.880,75.991,-5.462,2.162,5.874,0.753
17:48:52.750,22.095,-22.956,-89.692,True,-22.371,-95.450,-212.585,29.637,-4.649,1.908,-84.476,-53.515,61.520,-36.178,71.369,-4.490,2.303,5.046,1.302
17:48:52.770,22.114,-26.487,-87.654,True,-26.591,-93.183,-207.646,49.893,-3.707,1.890,-86.643,-49.930,60.156,-37.724,71.005,-3.605,2.338,4.297,0.438
17:48:52.791,22.136,-30.019,-93.769,True,-30.576,-92.553,-201.733,54.873,-3.854,2.121,-88.658,-46.258,58.639,-47.511,75.471,-3.781,2.308,4.430,0.569
17:48:52.816,22.160,-37.082,-91.731,True,-35.185,-91.520,-200.775,62.220,-3.832,2.571,-90.517,-42.505,53.435,-49.226,72.653,-3.784,2.655,4.623,0.685
17:48:52.836,22.181,-40.614,-87.654,True,-39.529,-89.666,-197.483,74.008,-3.522,2.727,-92.218,-38.677,51.604,-48.977,71.145,-3.444,2.863,4.478,0.801
17:48:52.856,22.201,-44.146,-87.654,True,-43.634,-88.062,-192.621,81.897,-3.469,2.762,-93.756,-34.782,49.611,-52.872,72.503,-3.436,2.945,4.525,0.409
17:48:52.877,22.221,-44.146,-87.654,True,-47.486,-86.424,-186.570,88.956,-3.622,2.943,-95.131,-30.825,50.985,-56.829,76.348,-3.438,2.971,4.544,0.721
17:48:52.897,22.242,-54.741,-75.423,True,-52.212,-82.042,-186.829,112.679,-2.099,3.530,-96.338,-26.814,41.597,-48.609,63.978,-2.147,3.494,4.101,0.611
17:48:52.918,22.262,-58.272,-75.423,True,-56.569,-78.623,-183.568,124.448,-1.576,3.759,-97.376,-22.757,39.104,-52.667,65.596,-1.608,3.812,4.137,0.764
17:48:52.938,22.282,-58.272,-75.423,True,-60.240,-76.134,-175.736,127.753,-1.543,3.569,-98.244,-18.659,39.972,-56.764,69.426,-1.670,3.807,4.157,0.569
17:48:52.959,22.303,-65.335,-63.192,True,-64.239,-70.399,-170.874,150.641,-0.189,3.973,-98.939,-14.528,33.604,-48.664,59.139,-0.228,4.033,4.039,1.089
17:48:52.979,22.323,-65.335,-61.154,True,-67.004,-65.634,-158.633,161.731,0.503,3.600,-99.461,-10.373,34.125,-50.781,61.182,0.462,3.708,3.736,0.682
17:48:53.000,22.344,-67.101,-63.192,True,-69.365,-62.609,-146.079,159.510,0.211,3.033,-99.808,-6.199,32.706,-56.994,65.712,0.170,3.331,3.335,0.714
17:48:53.020,22.364,-70.633,-63.192,True,-71.869,-60.371,-136.672,153.313,-0.445,2.873,-99.980,-2.014,29.347,-61.179,67.853,-0.456,3.172,3.205,0.682
17:48:53.044,22.389,-70.633,-63.192,True,-74.602,-57.305,-130.155,154.250,-0.404,2.941,-99.976,2.175,29.343,-65.367,71.651,-0.574,3.230,3.280,0.589
17:48:53.065,22.409,-75.930,-53.000,True,-76.832,-53.862,-121.230,157.618,-0.509,3.056,-99.798,6.360,23.867,-59.360,63.978,-0.503,3.108,3.149,0.717
17:48:53.086,22.430,-75.930,-53.000,True,-78.350,-51.334,-109.304,154.838,-0.777,2.452,-99.444,10.533,23.513,-63.533,67.745,-0.899,2.745,2.888,0.834
17:48:53.106,22.450,-79.462,-53.000,True,-80.258,-49.469,-101.958,149.113,-1.357,2.207,-98.915,14.688,19.453,-67.688,70.428,-1.551,2.713,3.125,0.728
17:48:53.127,22.471,-81.228,-48.923,True,-82.031,-47.094,-94.729,148.528,-1.857,2.362,-98.214,18.817,16.986,-67.740,69.838,-1.845,2.693,3.264,0.730
17:48:53.147,22.491,-84.759,-44.846,True,-84.128,-44.298,-90.470,151.214,-2.195,2.617,-97.339,22.914,12.580,-67.760,68.918,-1.895,2.908,3.470,0.628
17:48:53.168,22.512,-86.525,-40.769,True,-86.077,-41.154,-85.390,155.874,-2.072,2.579,-96.295,26.970,9.769,-67.739,68.440,-1.820,3.087,3.583,0.937
17:48:53.188,22.532,-86.525,-36.692,True,-87.488,-37.719,-77.135,161.654,-1.758,2.494,-95.081,30.978,8.555,-67.671,68.209,-1.672,3.047,3.475,0.464
17:48:53.209,22.554,-88.291,-34.654,True,-88.858,-34.526,-69.749,164.833,-1.921,2.201,-93.700,34.933,5.409,-69.587,69.797,-1.693,3.079,3.513,0.822
17:48:53.231,22.576,-90.057,-28.538,True,-90.207,-30.601,-63.124,172.416,-1.436,2.105,-92.155,38.826,2.098,-67.364,67.397,-1.272,3.163,3.409,0.970
17:48:53.254,22.598,-93.589,-24.462,True,-91.963,-26.526,-59.868,179.145,-0.821,2.686,-90.448,42.651,-3.140,-67.112,67.186,-0.864,3.519,3.624,0.659
17:48:53.275,22.619,-93.589,-20.385,True,-93.260,-22.347,-53.293,184.841,-0.554,2.718,-88.583,46.401,-5.006,-66.786,66.973,-0.520,3.661,3.698,0.863
17:48:53.295,22.639,-93.589,-20.385,True,-94.154,-19.054,-44.638,183.247,-0.896,2.590,-86.562,50.070,-7.026,-70.454,70.804,-0.666,3.638,3.699,0.658
17:48:53.315,22.659,-97.120,-18.346,True,-95.530,-16.078,-40.347,180.073,-1.229,3.276,-84.390,53.651,-12.731,-71.997,73.114,-0.935,3.954,4.063,0.506
17:48:53.338,22.683,-86.525,-2.038,True,-94.052,-10.045,-17.153,198.026,-0.033,2.216,-82.069,57.138,-4.456,-59.176,59.344,0.450,2.808,2.844,0.783
17:48:53.366,22.710,-86.525,-2.038,True,-94.395,-6.085,-11.383,197.102,0.102,2.407,-79.604,60.524,-6.921,-62.563,62.944,0.488,2.928,2.968,0.545
17:48:53.386,22.731,-105.949,-6.115,True,-97.825,-3.266,-25.908,188.896,-0.579,4.020,-77.000,63.805,-28.950,-69.920,75.676,-0.036,4.666,4.666,0.856
17:48:53.407,22.751,-105.949,-4.077,True,-100.378,-0.716,-29.185,181.208,-0.912,4.896,-74.260,66.973,-31.689,-71.050,77.796,-0.555,5.669,5.697,0.724
17:48:53.427,22.772,-107.715,12.231,True,-102.693,5.298,-28.433,197.388,0.699,5.215,-71.391,70.024,-36.324,-57.793,68.261,0.797,6.435,6.484,0.506
17:48:53.450,22.795,-104.184,6.115,True,-103.490,8.469,-16.656,190.851,0.638,5.244,-68.396,72.952,-35.788,-66.837,75.815,0.475,6.376,6.394,0.772
17:48:53.473,22.818,-104.184,12.231,True,-103.911,12.272,-4.109,189.791,0.601,4.918,-65.281,75.752,-38.903,-63.521,74.487,0.572,6.236,6.262,0.486
17:48:53.494,22.838,-104.184,16.308,True,-104.038,16.125,8.412,188.980,0.602,4.931,-62.052,78.419,-42.132,-62.112,75.053,0.684,6.107,6.146,0.808
17:48:53.514,22.859,-107.715,14.269,True,-104.777,18.576,15.126,179.021,-0.046,5.361,-58.713,80.949,-49.002,-66.680,82.749,0.024,6.512,6.512,0.842
17:48:53.535,22.879,-105.949,26.500,True,-104.820,23.173,26.269,185.561,0.620,5.574,-55.272,83.337,-50.677,-56.837,76.149,0.638,6.614,6.645,0.777
17:48:53.555,22.900,-104.184,28.538,True,-104.269,27.270,40.027,186.762,0.813,5.446,-51.734,85.578,-52.450,-57.040,77.489,0.985,6.368,6.444,0.634
17:48:53.576,22.920,-107.715,32.615,True,-104.456,31.380,46.648,187.188,1.051,5.681,-48.105,87.670,-59.611,-55.054,81.144,1.319,6.664,6.794,0.918
17:48:53.597,22.942,-105.949,40.769,True,-104.087,36.436,56.641,193.087,1.897,5.795,-44.391,89.607,-61.558,-48.838,78.578,2.169,6.650,6.995,0.463
17:48:53.618,22.963,-104.184,46.885,True,-103.240,41.828,68.427,198.692,2.958,5.732,-40.600,91.387,-63.584,-44.503,77.610,3.055,6.560,7.237,1.031
17:48:53.638,22.983,-104.184,53.000,True,-102.409,47.475,78.369,203.423,4.068,5.857,-36.737,93.007,-67.446,-40.007,78.419,3.998,6.499,7.630,0.821
17:48:53.659,23.004,-104.184,63.192,True,-101.618,54.251,86.607,213.040,5.378,5.872,-32.810,94.464,-71.373,-31.272,77.923,5.435,6.553,8.514,1.227
17:48:53.679,23.024,-102.418,63.192,True,-100.475,59.600,96.194,209.040,6.062,5.529,-28.826,95.755,-73.592,-32.563,80.474,5.884,6.481,8.754,0.941
17:48:53.701,23.045,-102.418,63.192,True,-98.551,63.781,109.510,196.950,5.736,5.074,-24.791,96.878,-77.627,-33.686,84.621,5.706,6.074,8.333,0.784
17:48:53.721,23.066,-100.652,65.231,True,-97.572,67.017,114.227,180.725,4.965,5.151,-20.712,97.832,-79.940,-32.601,86.332,5.161,6.323,8.162,0.817
17:48:53.742,23.086,-97.120,75.423,True,-95.777,71.912,124.124,178.208,5.547,4.919,-16.597,98.613,-80.523,-23.190,83.796,5.705,6.146,8.385,0.921
17:48:53.762,23.106,-97.120,77.462,True,-94.274,75.984,130.587,169.685,5.615,5.160,-12.453,99.222,-84.667,-21.760,87.419,5.803,6.271,8.544,0.607
17:48:53.786,23.130,-95.354,65.231,True,-92.578,75.869,137.699,135.641,3.419,5.339,-8.287,99.656,-87.067,-34.425,93.626,3.762,6.334,7.367,0.446
17:48:53.806,23.151,-91.823,81.538,True,-90.309,79.298,147.642,132.454,3.778,5.253,-4.107,99.916,-87.716,-18.377,89.620,4.118,6.194,7.438,0.578
17:48:53.828,23.172,-91.823,81.538,True,-87.356,81.947,160.369,123.993,3.635,4.587,0.081,100.000,-91.903,-18.462,93.739,4.068,5.671,6.979,0.581
17:48:53.849,23.193,-86.525,75.423,True,-84.832,81.839,167.749,99.451,1.776,4.633,4.268,99.909,-90.794,-24.486,94.037,2.645,5.742,6.322,0.527
17:48:53.869,23.214,-86.525,75.423,True,-82.838,81.562,171.099,79.953,0.577,4.816,8.448,99.643,-94.974,-24.219,98.013,1.504,5.981,6.167,0.573
17:48:53.897,23.241,-84.759,75.423,True,-80.790,81.171,174.850,64.501,-0.563,4.692,12.613,99.201,-97.373,-23.778,100.234,0.605,6.188,6.217,0.691
17:48:53.920,23.265,-79.462,85.615,True,-77.832,83.244,184.193,68.159,0.192,4.631,16.756,98.586,-96.218,-12.971,97.089,1.291,5.849,5.990,0.578
17:48:53.941,23.285,-70.633,85.615,True,-73.296,84.852,201.590,67.048,0.657,3.594,20.870,97.798,-91.503,-12.183,92.310,1.648,4.757,5.034,0.773
17:48:53.961,23.305,-72.399,79.500,True,-70.011,84.598,206.599,53.489,-0.218,3.350,24.947,96.838,-97.346,-17.338,98.878,0.978,4.603,4.706,0.818
17:48:53.982,23.326,-65.335,83.577,True,-65.751,85.175,216.882,48.307,-0.470,3.045,28.980,95.709,-94.316,-12.132,95.093,0.975,3.962,4.080,1.082
17:48:54.010,23.355,-63.570,85.615,True,-61.918,86.018,221.746,45.505,0.025,2.471,32.963,94.411,-96.532,-8.796,96.932,1.187,3.703,3.889,0.764
17:48:54.033,23.377,-56.506,83.577,True,-57.255,86.147,230.842,37.965,-0.395,2.488,36.887,92.948,-93.394,-9.371,93.863,1.026,3.041,3.210,0.739
17:48:54.053,23.398,-51.209,91.731,True,-52.306,88.029,239.272,43.218,0.630,1.607,40.747,91.322,-91.956,0.409,91.957,1.950,2.356,3.059,0.874
17:48:54.074,23.418,-49.443,93.769,True,-47.968,90.028,241.174,46.665,1.426,1.506,44.536,89.535,-93.979,4.234,94.074,2.824,2.193,3.576,1.054
17:48:54.095,23.439,-40.614,93.769,True,-42.556,91.614,249.554,45.163,1.979,0.663,48.246,87.592,-88.860,6.177,89.074,3.379,1.485,3.691,1.048
17:48:54.115,23.459,-38.848,95.808,True,-37.863,93.283,250.637,43.264,2.439,0.415,51.872,85.495,-90.720,10.313,91.304,3.951,1.271,4.151,0.876
17:48:54.135,23.480,-35.316,99.885,True,-33.424,95.483,249.467,43.942,3.302,0.483,55.406,83.247,-90.723,16.637,92.236,4.804,1.218,4.956,0.896
17:48:54.156,23.500,-31.785,99.885,True,-29.214,97.181,246.833,39.474,3.890,0.810,58.844,80.854,-90.629,19.030,92.605,5.314,1.314,5.474,0.994
17:48:54.177,23.522,-28.253,101.923,True,-25.203,98.891,243.438,34.614,4.912,1.865,62.178,78.319,-90.431,23.604,93.461,5.860,1.510,6.052,0.818
17:48:54.198,23.542,-19.424,112.115,True,-20.122,102.500,247.936,41.777,6.597,0.881,65.403,75.647,-84.827,36.469,92.334,7.446,0.899,7.500,0.826
17:48:54.218,23.562,-19.424,112.115,True,-15.164,103.335,249.783,26.479,6.351,0.430,68.514,72.842,-87.938,39.274,96.309,7.200,0.448,7.214,0.358
17:48:54.239,23.583,-12.361,116.192,True,-10.787,107.346,246.738,33.981,8.014,0.395,71.504,69.909,-83.864,46.284,95.788,8.998,0.444,9.009,1.114
17:48:54.259,23.603,-5.297,116.192,True,-5.704,110.208,248.587,29.274,8.731,0.044,74.368,66.853,-79.666,49.339,93.707,9.852,-0.047,9.852,0.963
17:48:54.279,23.624,-1.766,118.231,True,-0.997,112.698,246.826,21.006,9.507,-0.432,77.103,63.680,-78.869,54.551,95.896,10.410,-0.309,10.415,0.943
17:48:54.300,23.644,1.766,122.308,True,3.400,115.397,242.794,13.979,9.990,-0.556,79.702,60.396,-77.936,61.912,99.534,11.103,-0.401,11.110,1.123
17:48:54.320,23.664,5.297,124.346,True,7.539,117.777,237.426,4.480,10.747,-0.645,82.161,57.005,-76.863,67.341,102.190,11.607,-0.391,11.614,0.861
17:48:54.340,23.684,-256.044,201.808,False,12.288,117.867,236.622,-19.368,10.747,-0.645,84.476,53.515,-340.520,148.293,371.409,0.000,0.000,0.000,0.514
17:48:54.360,23.705,15.892,124.346,True,16.696,119.453,233.792,-30.879,10.705,-1.590,86.643,49.930,-70.750,74.416,102.681,11.108,-1.044,11.157,0.883
17:48:54.380,23.725,19.424,124.346,True,20.847,120.321,228.388,-44.484,10.736,-1.530,88.658,46.258,-69.234,78.088,104.360,11.135,-1.117,11.191,0.704
17:48:54.405,23.750,19.424,124.346,True,25.415,119.432,226.093,-67.362,9.802,-1.808,90.517,42.505,-71.093,81.841,108.408,10.290,-1.484,10.396,0.754
17:48:54.426,23.771,26.487,124.346,True,28.878,120.006,216.618,-76.836,10.045,-1.402,92.218,38.677,-65.730,85.669,107.980,10.540,-1.242,10.613,0.947
17:48:54.446,23.791,30.019,120.269,True,32.313,118.976,208.649,-95.436,9.699,-1.288,93.756,34.782,-63.737,85.488,106.633,9.953,-1.115,10.016,0.536
17:48:54.466,23.811,33.551,120.269,True,35.711,117.912,201.656,-110.755,9.487,-1.158,95.131,30.825,-61.580,89.444,108.593,9.570,-1.071,9.629,0.475
17:48:54.487,23.831,37.082,120.269,True,39.072,116.851,195.331,-123.333,9.349,-1.209,96.338,26.814,-59.256,93.455,110.657,9.362,-1.092,9.425,0.703
17:48:54.510,23.855,40.614,118.231,True,42.401,115.325,189.486,-136.708,8.922,-0.980,97.376,22.757,-56.762,95.474,111.073,9.028,-1.166,9.103,0.621
17:48:54.531,23.876,47.677,108.038,True,46.546,111.501,189.340,-162.145,7.569,-1.674,98.244,18.659,-50.567,89.380,102.692,7.546,-1.769,7.750,0.756
17:48:54.551,23.896,47.677,110.077,True,49.706,108.688,181.688,-174.897,7.230,-1.655,98.939,14.528,-51.262,95.548,108.431,7.023,-1.768,7.242,0.735
17:48:54.571,23.916,51.209,101.923,True,52.840,104.424,174.826,-194.278,6.077,-1.874,99.461,10.373,-48.252,91.550,103.488,5.834,-1.841,6.118,0.447
17:48:54.594,23.939,54.741,97.846,True,55.964,99.910,168.614,-210.362,5.011,-2.167,99.808,6.199,-45.067,91.648,102.129,4.801,-1.985,5.196,0.540
17:48:54.615,23.959,61.804,91.731,True,59.911,94.778,168.303,-226.292,3.922,-3.180,99.980,2.014,-38.176,89.717,97.502,3.664,-2.670,4.534,0.509
17:48:54.635,23.980,65.335,85.615,True,63.756,89.173,165.968,-240.921,3.021,-3.670,99.976,-2.175,-34.641,87.790,94.378,2.518,-3.248,4.110,0.623
17:48:54.655,24.000,65.335,83.577,True,66.671,84.174,156.626,-247.289,2.885,-3.677,99.798,-6.360,-34.462,89.937,96.313,1.983,-3.261,3.817,0.882
17:48:54.676,24.020,68.867,77.462,True,69.585,78.817,148.487,-254.075,2.429,-3.794,99.444,-10.533,-30.577,87.995,93.156,1.353,-3.381,3.641,0.910
17:48:54.698,24.043,70.633,79.500,True,72.107,75.078,138.588,-247.997,2.643,-3.318,98.915,-14.688,-28.283,94.188,98.343,1.797,-3.353,3.804,0.428
17:48:54.723,24.068,75.930,61.154,True,75.124,68.030,133.314,-265.460,1.013,-3.519,98.214,-18.817,-22.283,79.971,83.018,0.200,-3.729,3.734,0.491
17:48:54.744,24.089,79.462,61.154,True,78.180,62.356,128.220,-268.276,0.263,-3.948,97.339,-22.914,-17.877,84.067,85.947,-0.265,-4.155,4.163,0.800
17:48:54.765,24.109,82.994,50.962,True,81.268,55.586,123.136,-276.983,-0.907,-4.544,96.295,-26.970,-13.301,77.931,79.058,-1.296,-4.619,4.798,0.634
17:48:54.785,24.130,84.759,42.808,True,83.970,48.361,115.222,-285.419,-2.001,-4.521,95.081,-30.978,-10.321,73.786,74.504,-2.404,-4.873,5.434,0.699
17:48:54.806,24.150,86.525,38.731,True,86.333,41.740,105.594,-286.488,-2.403,-4.346,93.700,-34.933,-7.175,73.664,74.012,-2.966,-4.991,5.806,0.834
17:48:54.837,24.181,90.057,34.654,True,88.820,35.694,97.808,-282.469,-2.662,-4.956,92.155,-38.826,-2.098,73.480,73.510,-3.125,-5.274,6.130,0.568
17:48:54.857,24.202,93.589,12.231,True,91.431,25.900,91.275,-303.300,-5.036,-5.445,90.448,-42.651,3.140,54.882,54.971,-5.494,-5.685,7.906,0.826
17:48:54.878,24.222,93.589,20.385,True,93.333,19.962,80.103,-291.169,-4.970,-5.221,88.583,-46.401,5.006,66.786,66.973,-5.171,-5.715,7.707,0.602
17:48:54.899,24.243,95.354,16.308,True,95.033,14.643,69.002,-277.230,-4.440,-4.942,86.562,-50.070,8.792,66.378,66.957,-4.639,-5.740,7.380,1.004
17:48:54.924,24.268,95.354,16.308,True,96.413,9.099,57.209,-267.698,-4.184,-4.844,84.390,-53.651,10.965,69.958,70.813,-4.431,-5.691,7.213,0.443
17:48:54.946,24.291,97.120,2.038,True,97.434,3.263,44.727,-261.674,-4.253,-5.037,82.069,-57.138,15.051,59.176,61.060,-4.506,-5.562,7.158,0.456
17:48:54.967,24.312,97.120,0.000,True,98.006,-1.444,31.264,-249.098,-3.756,-4.954,79.604,-60.524,17.516,60.524,63.008,-3.994,-5.317,6.650,0.877
17:48:54.987,24.331,97.120,-4.077,True,98.245,-5.825,17.909,-237.114,-3.275,-4.655,77.000,-63.805,20.120,59.728,63.026,-3.477,-5.043,6.125,0.434
17:48:55.007,24.352,100.652,-8.154,True,99.111,-9.969,10.748,-226.202,-2.791,-4.868,74.260,-66.973,26.391,58.819,64.469,-3.001,-5.284,6.076,0.450
17:48:55.028,24.373,98.886,-14.269,True,99.219,-14.439,-0.783,-219.692,-2.757,-4.622,71.391,-70.024,27.495,55.755,62.166,-2.873,-5.144,5.892,0.756
17:48:55.054,24.399,100.652,-20.385,True,99.549,-19.203,-9.149,-216.148,-2.919,-4.891,68.396,-72.952,32.256,52.567,61.675,-3.002,-5.260,6.057,0.451
17:48:55.075,24.419,100.652,-20.385,True,99.669,-22.785,-18.006,-205.218,-2.428,-4.938,65.281,-75.752,35.371,55.368,65.701,-2.489,-5.330,5.882,0.819
17:48:55.096,24.440,100.652,-26.500,True,99.623,-26.798,-26.920,-199.512,-2.221,-5.207,62.052,-78.419,38.600,51.919,64.696,-2.397,-5.386,5.895,1.045
17:48:55.115,24.460,98.886,-32.615,True,99.038,-31.214,-38.288,-197.361,-2.493,-5.180,58.713,-80.949,40.173,48.334,62.849,-2.619,-5.215,5.835,0.606
17:48:55.136,24.480,97.120,-36.692,True,98.005,-35.518,-50.755,-194.309,-2.656,-4.789,55.272,-83.337,41.848,46.644,62.666,-2.792,-4.912,5.650,0.685
17:48:55.159,24.504,97.120,-42.808,True,97.020,-40.195,-60.648,-193.762,-3.129,-4.622,51.734,-85.578,45.387,42.771,62.364,-3.214,-4.792,5.770,0.550
17:48:55.179,24.524,97.120,-48.923,True,96.112,-45.198,-68.488,-194.572,-3.625,-4.705,48.105,-87.670,49.016,38.746,62.481,-3.805,-4.827,6.147,0.655
17:48:55.200,24.545,93.589,-50.962,True,94.474,-49.524,-80.171,-189.617,-3.756,-4.480,44.391,-89.607,49.197,38.645,62.561,-3.952,-4.510,5.997,1.048
17:48:55.220,24.565,93.589,-59.115,True,93.038,-54.664,-88.339,-190.372,-4.271,-4.509,40.600,-91.387,52.989,32.272,62.043,-4.625,-4.457,6.423,0.764
17:48:55.241,24.585,91.823,-46.885,True,91.399,-55.778,-96.651,-163.127,-2.666,-4.272,36.737,-93.007,55.085,46.123,71.845,-2.888,-4.371,5.239,0.777
17:48:55.270,24.615,90.057,-50.962,True,89.604,-57.162,-104.727,-144.821,-1.509,-3.932,32.810,-94.464,57.247,43.503,71.900,-1.771,-4.282,4.634,0.694
17:48:55.291,24.635,86.525,-50.962,True,87.280,-57.942,-115.031,-127.254,-0.624,-3.523,28.826,-95.755,57.699,44.794,73.046,-0.617,-3.971,4.018,0.800
17:48:55.311,24.656,84.759,-48.923,True,84.928,-57.798,-123.526,-108.285,0.422,-3.561,24.791,-96.878,59.969,47.955,76.785,0.763,-3.773,3.849,0.427
17:48:55.332,24.676,82.994,-55.038,True,82.582,-58.818,-130.457,-102.317,0.878,-3.684,20.712,-97.832,62.281,42.793,75.566,1.110,-3.678,3.842,0.774
17:48:55.352,24.697,81.228,-57.077,True,80.265,-59.984,-136.095,-98.805,0.948,-3.641,16.597,-98.613,64.631,41.536,76.827,1.250,-3.673,3.880,0.615
17:48:55.376,24.721,79.462,-59.115,True,77.989,-61.298,-140.708,-97.025,1.038,-3.637,12.453,-99.222,67.009,40.106,78.094,1.226,-3.744,3.939,0.540
17:48:55.396,24.741,72.399,-65.231,True,74.530,-63.702,-152.644,-102.588,0.388,-3.006,8.287,-99.656,64.111,34.425,72.769,0.523,-3.156,3.199,0.525
17:48:55.417,24.761,68.867,-67.269,True,70.870,-66.106,-163.117,-105.979,-0.061,-2.444,4.107,-99.916,64.760,32.646,72.524,-0.081,-2.622,2.623,0.530
17:48:55.437,24.781,65.335,-65.231,True,67.080,-67.530,-171.976,-101.237,0.032,-2.101,-0.081,-100.000,65.416,34.769,74.082,-0.045,-2.162,2.163,0.422
17:48:55.458,24.802,65.335,-75.423,True,64.034,-70.918,-173.829,-110.109,-0.897,-2.279,-4.268,-99.909,69.604,24.486,73.785,-1.229,-2.263,2.576,0.728
17:48:55.487,24.831,65.335,-75.423,True,60.558,-73.120,-178.479,-107.584,-1.433,-2.283,-8.448,-99.643,73.784,24.219,77.657,-1.537,-2.114,2.614,0.460
17:48:55.508,24.852,58.272,-75.423,True,57.350,-75.315,-180.506,-104.698,-1.493,-2.932,-12.613,-99.201,70.886,23.778,74.767,-1.855,-2.171,2.855,0.817
17:48:55.528,24.873,54.741,-75.423,True,54.007,-76.879,-183.282,-97.542,-1.256,-2.753,-16.756,-98.586,71.497,23.163,75.155,-1.830,-2.153,2.826,0.963
17:48:55.549,24.893,51.209,-75.423,True,50.563,-77.958,-186.310,-88.305,-1.000,-2.542,-20.870,-97.798,72.079,22.375,75.472,-1.622,-2.095,2.650,1.359
17:48:55.575,24.919,47.677,-79.500,True,47.045,-79.669,-189.303,-84.622,-1.250,-2.729,-24.947,-96.838,72.624,17.338,74.665,-1.898,-2.019,2.771,0.621
17:48:55.599,24.944,44.146,-79.500,True,43.474,-80.910,-192.091,-77.867,-1.281,-2.763,-28.980,-95.709,73.126,16.209,74.901,-1.933,-1.937,2.737,0.649
17:48:55.619,24.964,37.082,-81.538,True,39.025,-82.246,-199.950,-72.481,-1.466,-2.256,-32.963,-94.411,70.045,12.873,71.218,-2.099,-1.408,2.528,0.451
17:48:55.640,24.985,33.551,-89.692,True,34.678,-85.109,-205.079,-77.258,-2.643,-1.787,-36.887,-92.948,70.438,3.256,70.513,-3.206,-1.081,3.383,0.788
17:48:55.660,25.005,30.019,-85.615,True,30.446,-86.411,-208.145,-69.097,-2.621,-1.724,-40.747,-91.322,70.766,5.706,70.996,-3.269,-0.855,3.379,0.684
17:48:55.684,25.029,30.019,-85.615,True,26.283,-87.793,-209.900,-62.381,-2.850,-1.230,-44.536,-89.535,74.555,3.920,74.658,-3.475,-0.735,3.552,0.484
17:48:55.710,25.055,22.956,-83.577,True,22.331,-87.498,-209.847,-45.425,-2.023,-1.120,-48.246,-87.592,71.202,4.015,71.315,-2.755,-0.692,2.841,0.687
17:48:55.731,25.075,19.424,-87.654,True,18.478,-88.205,-209.102,-38.501,-2.344,-0.937,-51.872,-85.495,71.296,-2.159,71.328,-2.876,-0.723,2.965,0.839
17:48:55.751,25.096,12.361,-95.808,True,13.801,-90.723,-213.699,-43.571,-3.697,-0.469,-55.406,-83.247,67.767,-12.560,68.921,-4.101,-0.223,4.107,0.851
17:48:55.771,25.116,8.829,-85.615,True,9.354,-90.113,-215.247,-25.803,-3.264,-0.117,-58.844,-80.854,67.673,-4.761,67.840,-3.357,0.066,3.357,0.658
17:48:55.792,25.136,3.532,-101.923,True,4.682,-93.364,-217.445,-36.268,-4.794,-0.290,-62.178,-78.319,65.710,-23.604,69.820,-5.109,0.457,5.129,0.614
17:48:55.816,25.160,0.000,-99.885,True,0.253,-95.471,-217.013,-34.608,-5.639,0.432,-65.403,-75.647,65.403,-24.238,69.750,-5.925,0.662,5.962,0.618
17:48:55.836,25.181,-1.766,-99.885,True,-3.539,-97.041,-212.125,-28.090,-5.864,0.469,-68.514,-72.842,66.748,-27.043,72.018,-6.367,0.494,6.386,0.510
17:48:55.856,25.201,-1.766,-99.885,True,-6.373,-98.137,-201.967,-18.477,-6.066,0.427,-71.504,-69.909,69.738,-29.976,75.907,-6.553,-0.157,6.555,0.697
17:48:55.877,25.221,-8.829,-97.846,True,-10.043,-98.353,-199.882,-4.009,-5.828,0.165,-74.368,-66.853,65.539,-30.993,72.498,-6.296,-0.130,6.297,0.743
17:48:55.900,25.244,-12.361,-99.885,True,-13.649,-98.771,-197.589,6.714,-5.779,0.239,-77.103,-63.680,64.742,-36.204,74.177,-6.330,-0.103,6.331,0.353
17:48:55.924,25.268,-19.424,-91.731,True,-18.025,-97.030,-200.584,30.265,-4.774,0.645,-79.702,-60.396,60.278,-31.335,67.936,-5.186,0.422,5.203,0.702
17:48:55.944,25.288,-24.722,-89.692,True,-22.661,-94.860,-203.824,51.217,-3.996,1.177,-82.161,-57.005,57.439,-32.687,66.089,-4.139,1.038,4.267,0.766
17:48:55.964,25.309,-28.253,-89.692,True,-27.090,-92.872,-204.012,66.063,-3.638,1.703,-84.476,-53.515,56.223,-36.178,66.857,-3.564,1.417,3.835,0.810
17:48:55.985,25.330,-31.785,-89.692,True,-31.313,-91.118,-202.043,76.233,-3.349,1.595,-86.643,-49.930,54.858,-39.762,67.753,-3.339,1.658,3.728,1.040
17:48:56.007,25.351,-37.082,-83.577,True,-35.756,-88.194,-201.284,92.311,-2.711,2.230,-88.658,-46.258,51.575,-37.319,63.661,-2.536,2.053,3.262,0.407
17:48:56.028,25.372,-40.614,-81.538,True,-39.975,-85.229,-198.342,104.889,-2.499,2.474,-90.517,-42.505,49.903,-39.034,63.356,-1.952,2.305,3.021,0.747
17:48:56.051,25.396,-44.146,-79.500,True,-43.989,-82.287,-193.917,114.461,-1.788,2.562,-92.218,-38.677,48.072,-40.823,63.067,-1.533,2.489,2.923,0.703
17:48:56.072,25.416,-47.677,-83.577,True,-47.823,-80.830,-188.511,112.130,-2.599,2.818,-93.756,-34.782,46.079,-48.795,67.114,-2.247,2.558,3.405,0.688
17:48:56.093,25.437,-51.209,-75.423,True,-51.504,-77.851,-182.666,121.589,-2.419,2.733,-95.131,-30.825,43.922,-44.598,62.595,-1.872,2.645,3.241,0.756
17:48:56.117,25.461,-54.741,-79.500,True,-55.061,-76.369,-176.593,119.195,-3.118,2.600,-96.338,-26.814,41.597,-52.686,67.128,-2.556,2.729,3.739,0.865
17:48:56.142,25.486,-56.506,-75.423,True,-58.107,-74.319,-167.797,122.247,-3.081,2.425,-97.376,-22.757,40.870,-52.667,66.664,-2.772,2.583,3.789,0.716
17:48:56.162,25.507,-65.335,-69.308,True,-62.364,-71.278,-168.409,131.865,-2.818,3.107,-98.244,-18.659,32.908,-50.649,60.401,-2.381,3.308,4.076,0.633
17:48:56.183,25.527,-72.399,-69.308,True,-67.281,-68.795,-171.799,135.737,-3.127,4.084,-98.939,-14.528,26.540,-54.779,60.870,-2.472,4.378,5.027,0.674
17:48:56.203,25.547,-68.867,-65.231,True,-70.287,-65.883,-159.978,142.115,-3.153,3.713,-99.461,-10.373,30.594,-54.858,62.812,-2.323,4.138,4.746,0.406
17:48:56.226,25.570,-72.399,-63.192,True,-73.234,-63.076,-149.813,146.657,-2.897,3.609,-99.808,-6.199,27.409,-56.994,63.242,-2.315,4.027,4.645,0.787
17:48:56.249,25.594,-72.399,-63.192,True,-76.230,-60.143,-141.539,151.414,-3.193,3.544,-99.980,-2.014,27.581,-61.179,67.108,-2.270,4.079,4.668,0.536
17:48:56.271,25.616,-77.696,-55.038,True,-78.676,-56.529,-130.696,159.824,-2.851,3.497,-99.976,2.175,22.280,-57.213,61.398,-1.908,3.893,4.335,0.397
17:48:56.293,25.637,-79.462,-50.962,True,-80.802,-52.700,-119.618,167.738,-2.587,3.343,-99.798,6.360,20.336,-57.321,60.821,-1.530,3.664,3.971,0.508
17:48:56.313,25.658,-82.994,-48.923,True,-83.143,-49.237,-111.767,171.560,-2.287,3.277,-99.444,10.533,16.450,-59.456,61.690,-1.459,3.722,3.998,0.400
17:48:56.336,25.680,-82.994,-44.846,True,-84.788,-45.568,-100.396,176.056,-2.082,2.961,-98.915,14.688,15.922,-59.534,61.627,-1.298,3.450,3.687,0.639
17:48:56.359,25.703,-86.525,-38.731,True,-86.730,-41.244,-92.892,183.813,-1.438,2.915,-98.214,18.817,11.688,-57.548,58.723,-0.765,3.522,3.604,0.580
17:48:56.379,25.723,-93.589,-44.846,True,-89.779,-39.302,-93.264,174.313,-2.466,3.679,-97.339,22.914,3.751,-67.760,67.864,-1.815,4.358,4.721,0.526
17:48:56.399,25.744,-93.589,-44.846,True,-92.103,-37.944,-87.257,164.351,-3.646,4.111,-96.295,26.970,2.706,-71.816,71.867,-3.006,4.674,5.557,0.872
17:48:56.420,25.764,-95.354,-4.077,True,-94.200,-27.500,-79.938,216.880,0.816,4.507,-95.081,30.978,-0.274,-35.055,35.056,1.663,4.895,5.170,0.679
17:48:56.442,25.786,-95.354,-28.538,True,-95.696,-24.415,-69.206,205.302,-0.990,5.281,-93.700,34.933,-1.654,-63.471,63.493,0.747,4.809,4.867,0.511
17:48:56.463,25.807,-95.354,-28.538,True,-97.080,-20.309,-59.325,203.767,-0.589,5.376,-92.155,38.826,-3.199,-67.364,67.440,0.694,4.788,4.838,0.370
17:48:56.484,25.828,-93.589,-18.346,True,-96.947,-16.830,-41.067,198.538,-2.095,4.027,-90.448,42.651,-3.140,-60.997,61.078,0.290,3.954,3.965,0.524
17:48:56.504,25.849,-97.120,-12.231,True,-97.595,-12.691,-31.851,198.999,-2.055,3.387,-88.583,46.401,-8.537,-58.632,59.250,0.400,3.890,3.910,0.777
17:48:56.525,25.869,-97.120,-6.115,True,-97.948,-8.047,-22.070,202.355,-1.651,3.167,-86.562,50.070,-10.558,-56.185,57.169,0.815,3.760,3.847,0.851
17:48:56.545,25.890,-97.120,0.000,True,-98.075,-3.009,-12.360,206.936,-0.907,3.368,-84.390,53.651,-12.731,-53.651,55.141,1.408,3.620,3.884,0.818
17:48:56.573,25.918,-97.120,4.077,True,-98.031,1.844,-3.075,208.576,-0.363,3.367,-82.069,57.138,-15.051,-53.061,55.154,1.795,3.501,3.935,0.427
17:48:56.595,25.939,-98.886,8.154,True,-98.282,6.525,2.909,208.148,-0.411,3.555,-79.604,60.524,-19.282,-52.370,55.807,2.036,3.684,4.209,1.161
17:48:56.615,25.959,-97.120,16.308,True,-97.963,12.014,12.154,212.505,0.416,3.635,-77.000,63.805,-20.120,-47.497,51.583,2.770,3.570,4.519,0.786
17:48:56.635,25.980,-98.886,24.462,True,-97.993,18.184,17.717,219.268,1.371,4.202,-74.260,66.973,-24.626,-42.511,49.129,3.822,3.790,5.382,0.887
17:48:56.657,26.002,-100.652,28.538,True,-98.342,23.962,20.922,220.495,1.941,4.745,-71.391,70.024,-29.261,-41.486,50.767,4.464,4.253,6.166,0.344
17:48:56.683,26.027,-98.886,32.615,True,-98.148,29.360,28.194,217.789,2.636,4.869,-68.396,72.952,-30.490,-40.337,50.564,4.804,4.372,6.495,0.726
17:48:56.703,26.048,-97.120,44.846,True,-97.476,36.304,37.883,224.910,4.165,4.496,-65.281,75.752,-31.839,-30.906,44.373,6.115,4.262,7.453,0.772
17:48:56.723,26.068,-98.886,48.923,True,-97.222,42.690,43.326,224.762,5.087,4.506,-62.052,78.419,-36.835,-29.496,47.189,6.876,4.533,8.235,0.751
17:48:56.743,26.088,-97.120,42.808,True,-96.533,46.168,51.469,203.936,4.062,4.662,-58.713,80.949,-38.407,-38.141,54.128,5.749,4.564,7.341,0.451
17:48:56.767,26.111,-98.886,50.962,True,-96.291,50.413,55.668,193.219,3.817,5.176,-55.272,83.337,-43.614,-32.375,54.317,5.453,4.960,7.371,0.954
17:48:56.789,26.134,-97.120,55.038,True,-95.629,54.454,62.882,183.181,3.360,5.116,-51.734,85.578,-45.387,-30.540,54.705,5.188,5.098,7.274,0.442
17:48:56.810,26.155,-93.589,63.192,True,-94.189,59.298,74.555,180.294,3.843,4.837,-48.105,87.670,-45.484,-24.477,51.652,5.575,4.810,7.363,0.821
17:48:56.830,26.175,-93.589,63.192,True,-92.905,62.971,83.074,169.281,3.603,4.917,-44.391,89.607,-49.197,-26.415,55.840,5.235,4.772,7.084,0.694
17:48:56.851,26.195,-93.589,75.423,True,-91.789,68.466,89.289,172.404,4.659,5.093,-40.600,91.387,-52.989,-15.964,55.341,6.203,4.931,7.924,0.749
17:48:56.871,26.216,-90.057,83.577,True,-90.016,74.626,99.339,177.506,5.833,4.812,-36.737,93.007,-53.320,-9.430,54.147,7.467,4.726,8.837,0.708
17:48:56.892,26.236,-90.057,79.500,True,-88.501,78.484,105.947,164.188,5.564,4.812,-32.810,94.464,-57.247,-14.964,59.170,7.119,4.806,8.589,0.792
17:48:56.912,26.257,-90.057,83.577,True,-87.236,82.189,110.201,152.328,5.415,5.203,-28.826,95.755,-61.231,-12.178,62.430,6.865,5.099,8.551,0.743
17:48:56.933,26.277,-86.525,85.615,True,-85.379,85.324,118.395,138.804,4.745,5.016,-24.791,96.878,-61.734,-11.263,62.754,6.423,5.029,8.158,0.504
17:48:56.953,26.298,-84.759,93.769,True,-83.418,89.418,126.057,134.271,5.100,4.970,-20.712,97.832,-64.047,-4.062,64.176,6.786,4.981,8.418,0.761
17:48:56.974,26.318,-82.994,99.885,True,-81.384,93.912,133.088,132.218,5.904,4.827,-16.597,98.613,-66.396,1.272,66.409,7.424,4.966,8.932,0.665
17:48:56.994,26.339,-79.462,101.923,True,-78.894,97.803,142.161,125.163,6.272,4.478,-12.453,99.222,-67.009,2.702,67.063,7.656,4.732,9.000,0.866
17:48:57.015,26.360,-67.101,101.923,True,-73.971,100.682,165.553,111.902,5.769,3.114,-8.287,99.656,-58.814,2.267,58.858,7.320,3.090,7.945,0.780
17:48:57.036,26.380,-75.930,103.962,True,-71.885,103.162,163.852,98.452,5.145,3.615,-4.107,99.916,-71.823,4.046,71.937,6.926,3.631,7.820,0.742
17:48:57.056,26.401,-72.399,106.000,True,-69.489,105.333,165.523,85.549,4.465,3.927,0.081,100.000,-72.479,6.000,72.727,6.538,3.896,7.611,0.793
17:48:57.076,26.421,-70.633,108.038,True,-67.213,107.275,166.725,73.634,4.090,4.207,4.268,99.909,-74.901,8.130,75.341,6.203,4.216,7.500,0.813
17:48:57.098,26.442,-68.867,101.923,True,-65.038,107.162,167.769,50.468,2.159,4.587,8.448,99.643,-77.315,2.281,77.349,4.763,4.565,6.597,0.476
17:48:57.119,26.464,-65.335,101.923,True,-62.531,106.720,171.569,31.140,0.908,4.627,12.613,99.201,-77.949,2.722,77.996,3.535,4.667,5.855,0.517
17:48:57.140,26.484,-61.804,114.154,True,-59.728,108.925,177.028,34.278,2.126,4.563,16.756,98.586,-78.560,15.568,80.088,4.319,4.598,6.308,0.791
17:48:57.160,26.504,-54.741,110.077,True,-55.851,109.719,188.684,26.117,1.814,3.815,20.870,97.798,-75.611,12.279,76.601,4.128,3.906,5.683,0.710
17:48:57.181,26.525,-54.741,110.077,True,-52.696,110.203,192.643,17.385,1.624,3.942,24.947,96.838,-79.688,13.239,80.780,3.872,3.846,5.458,0.820
17:48:57.207,26.552,-47.677,114.154,True,-48.572,111.388,202.326,14.931,2.102,3.227,28.980,95.709,-76.658,18.445,78.846,4.196,3.212,5.284,0.796
17:48:57.229,26.573,-44.146,116.192,True,-44.438,112.733,209.507,13.191,2.690,2.779,32.963,94.411,-77.108,21.781,80.126,4.633,2.725,5.375,0.582
17:48:57.249,26.594,-40.614,124.346,True,-40.333,115.634,214.545,21.004,4.115,2.231,36.887,92.948,-77.501,31.398,83.620,6.033,2.367,6.481,0.830
17:48:57.270,26.614,-37.082,124.346,True,-36.283,117.980,217.819,21.273,5.003,2.090,40.747,91.322,-77.830,33.024,84.546,6.873,2.120,7.192,0.796
17:48:57.290,26.634,-30.019,118.231,True,-31.484,118.365,225.089,6.885,4.714,1.397,44.536,89.535,-74.555,28.696,79.886,6.409,1.449,6.570,0.738
17:48:57.312,26.656,-26.487,118.231,True,-26.867,118.440,228.821,-6.698,4.574,1.220,48.246,87.592,-74.733,30.639,80.770,5.964,1.024,6.051,0.719
17:48:57.335,26.680,-22.956,120.269,True,-22.445,118.762,229.909,-15.953,4.593,1.216,51.872,85.495,-74.827,34.775,82.513,5.877,0.790,5.930,0.426
17:48:57.356,26.700,-19.424,128.423,True,-18.213,120.761,229.124,-12.787,5.617,1.166,55.406,83.247,-74.830,45.176,87.410,6.958,0.695,6.993,0.716
17:48:57.376,26.721,-15.892,128.423,True,-14.156,122.345,227.099,-14.991,6.392,1.035,58.844,80.854,-74.736,47.569,88.591,7.642,0.696,7.673,0.699
17:48:57.397,26.742,-5.297,124.346,True,-8.611,122.580,235.121,-27.178,6.302,0.106,62.178,78.319,-67.475,46.027,81.679,7.441,-0.272,7.446,0.911
17:48:57.417,26.762,-1.766,124.346,True,-3.411,122.573,237.836,-38.939,6.172,-0.443,65.403,75.647,-67.169,48.699,82.966,7.246,-0.853,7.296,0.810
17:48:57.445,26.789,-1.766,124.346,True,1.346,121.794,236.083,-53.827,5.512,-0.749,68.514,72.842,-70.279,51.505,87.132,6.720,-1.083,6.807,0.416
17:48:57.465,26.809,8.829,130.462,True,6.846,123.465,238.840,-50.057,7.017,-1.643,71.504,69.909,-62.675,60.553,87.148,7.913,-1.778,8.111,0.426
17:48:57.486,26.830,12.361,126.385,True,11.820,123.510,236.430,-59.713,7.206,-1.948,74.368,66.853,-62.008,59.532,85.959,7.942,-2.062,8.205,0.701
17:48:57.506,26.850,15.892,122.308,True,16.381,122.314,231.140,-76.044,6.833,-2.026,77.103,63.680,-61.210,58.627,84.758,7.314,-2.104,7.611,0.815
17:48:57.527,26.871,19.424,120.269,True,20.612,120.663,224.351,-91.889,6.586,-2.234,79.702,60.396,-60.278,59.874,84.960,6.646,-2.011,6.944,0.854
17:48:57.556,26.901,26.487,120.269,True,25.435,119.175,222.350,-103.329,6.041,-2.724,82.161,57.005,-55.674,63.264,84.273,6.314,-2.373,6.745,0.482
17:48:57.576,26.921,30.019,120.269,True,29.915,117.861,217.682,-111.493,5.791,-2.717,84.476,53.515,-54.457,66.755,86.150,6.246,-2.525,6.737,0.791
17:48:57.596,26.941,30.019,128.423,True,33.267,118.646,206.051,-104.934,7.182,-2.272,86.643,49.930,-56.624,78.493,96.785,7.568,-2.032,7.836,0.506
17:48:57.617,26.962,37.082,120.269,True,37.316,117.418,201.413,-114.841,7.050,-2.449,88.658,46.258,-51.575,74.011,90.209,7.445,-2.159,7.751,0.800
17:48:57.645,26.990,44.146,122.308,True,41.998,116.796,201.229,-119.228,7.081,-3.041,90.517,42.505,-46.371,79.803,92.297,7.815,-2.732,8.278,0.556
17:48:57.667,27.011,44.146,122.308,True,46.022,114.412,195.617,-135.284,6.352,-3.226,92.218,38.677,-48.072,83.631,96.462,7.094,-2.857,7.647,0.425
17:48:57.687,27.031,51.209,112.115,True,50.294,111.822,192.042,-149.122,5.706,-3.720,93.756,34.782,-42.547,77.334,88.266,6.485,-3.196,7.230,0.576
17:48:57.707,27.052,51.209,118.231,True,53.354,111.345,180.552,-146.638,6.903,-3.517,95.131,30.825,-43.922,87.406,97.821,7.364,-2.815,7.884,0.851
17:48:57.727,27.072,58.272,112.115,True,57.299,109.360,176.871,-155.810,6.697,-3.847,96.338,26.814,-38.066,85.301,93.409,7.201,-3.148,7.859,0.464
17:48:57.749,27.094,61.804,108.038,True,61.077,106.688,171.915,-167.797,6.518,-4.287,97.376,22.757,-35.572,85.282,92.404,6.727,-3.401,7.537,0.439
17:48:57.774,27.118,61.804,108.038,True,63.858,104.473,160.758,-174.379,6.624,-3.988,98.244,18.659,-36.440,89.380,96.522,6.698,-3.089,7.376,0.532
17:48:57.795,27.139,65.335,103.962,True,66.659,101.695,151.763,-183.602,6.453,-3.898,98.939,14.528,-33.604,89.433,95.538,6.393,-2.953,7.042,0.979
17:48:57.815,27.160,68.867,91.731,True,69.499,96.539,144.438,-206.298,4.948,-4.040,99.461,10.373,-30.594,81.358,86.920,4.744,-2.968,5.596,0.757
17:48:57.835,27.180,72.399,91.731,True,72.390,92.253,138.356,-217.081,4.261,-4.264,99.808,6.199,-27.409,85.532,89.817,4.036,-3.109,5.095,0.748
17:48:57.856,27.200,75.930,85.615,True,75.338,87.376,133.144,-228.865,3.174,-4.577,99.980,2.014,-24.049,83.602,86.992,3.144,-3.353,4.596,0.788
17:48:57.884,27.228,75.930,83.577,True,77.519,82.980,123.100,-234.139,2.855,-4.609,99.976,-2.175,-24.046,85.752,89.059,2.766,-3.167,4.205,0.419
17:48:57.905,27.249,79.462,67.269,True,79.860,75.732,115.801,-256.656,1.028,-4.618,99.798,-6.360,-20.336,73.629,76.385,0.702,-3.226,3.301,0.796
17:48:57.925,27.269,82.994,67.269,True,82.366,69.825,110.424,-263.188,0.474,-4.680,99.444,-10.533,-16.450,77.802,79.522,-0.072,-3.476,3.477,0.731
17:48:57.945,27.289,82.994,63.192,True,84.207,64.243,100.861,-265.134,0.050,-4.460,98.915,-14.688,-15.922,77.880,79.491,-0.492,-3.360,3.396,0.413
17:48:57.966,27.310,86.525,63.192,True,86.294,59.929,94.419,-257.613,0.499,-4.698,98.214,-18.817,-11.688,82.010,82.838,-0.052,-3.528,3.529,0.715
17:48:57.991,27.336,86.525,50.962,True,87.797,53.889,84.631,-263.350,-0.333,-4.718,97.339,-22.914,-10.814,73.875,74.662,-0.819,-3.399,3.496,0.479
17:48:58.012,27.356,90.057,50.962,True,89.622,49.167,78.516,-258.084,-0.295,-4.843,96.295,-26.970,-6.238,77.931,78.180,-0.623,-3.605,3.658,0.806
17:48:58.032,27.377,90.057,36.692,True,90.928,42.304,69.371,-268.002,-1.750,-4.908,95.081,-30.978,-5.024,67.671,67.857,-1.844,-3.546,3.997,0.946
17:48:58.053,27.397,90.057,42.808,True,91.790,38.308,58.629,-255.238,-1.101,-4.612,93.700,-34.933,-3.643,77.741,77.826,-1.042,-3.328,3.487,0.807
17:48:58.073,27.418,90.057,28.538,True,92.287,32.118,47.344,-260.235,-1.793,-4.196,92.155,-38.826,-2.098,67.364,67.397,-1.835,-3.034,3.546,0.774
17:48:58.101,27.446,93.589,26.500,True,93.316,26.817,41.652,-257.098,-1.803,-4.490,90.448,-42.651,3.140,69.151,69.222,-1.941,-3.240,3.777,0.417
17:48:58.122,27.466,93.589,14.269,True,94.019,19.953,34.139,-264.433,-2.823,-4.513,88.583,-46.401,5.006,60.670,60.876,-3.052,-3.294,4.491,0.803
17:48:58.142,27.487,91.823,8.154,True,94.032,13.151,22.970,-268.114,-3.478,-4.192,86.562,-50.070,5.261,58.224,58.461,-3.935,-3.006,4.952,0.513
17:48:58.163,27.507,93.589,0.000,True,94.282,5.978,15.414,-271.931,-4.435,-3.903,84.390,-53.651,9.199,53.651,54.434,-4.921,-3.028,5.778,0.893
17:48:58.185,27.529,91.823,2.038,True,93.947,0.888,4.964,-259.530,-4.018,-3.567,82.069,-57.138,9.754,59.176,59.975,-4.466,-2.776,5.258,0.721
17:48:58.210,27.554,93.589,-6.115,True,93.940,-4.724,-1.437,-253.124,-4.182,-3.800,79.604,-60.524,13.984,54.409,56.177,-4.520,-2.878,5.358,0.446
17:48:58.231,27.575,90.057,-10.192,True,93.015,-9.881,-13.237,-244.457,-3.898,-3.465,77.000,-63.805,13.057,53.612,55.179,-4.358,-2.476,5.012,0.846
17:48:58.251,27.596,90.057,-4.077,True,92.125,-12.285,-22.439,-219.172,-2.067,-3.090,74.260,-66.973,15.796,62.896,64.849,-2.594,-2.275,3.450,0.766
17:48:58.272,27.616,90.057,0.000,True,91.300,-12.796,-29.586,-188.387,0.655,-3.071,71.391,-70.024,18.666,70.024,72.469,-0.112,-2.244,2.247,0.826
17:48:58.292,27.637,88.291,-12.231,True,90.147,-15.557,-37.889,-181.540,1.023,-3.004,68.396,-72.952,19.895,60.721,63.898,0.357,-2.099,2.129,0.447
17:48:58.318,27.663,88.291,-18.346,True,89.134,-18.992,-43.877,-180.989,1.072,-2.885,65.281,-75.752,23.010,57.406,61.846,0.261,-2.154,2.169,0.419
17:48:58.339,27.683,84.759,-24.462,True,87.444,-23.042,-53.641,-184.349,0.434,-2.120,62.052,-78.419,22.708,53.958,58.542,-0.239,-1.852,1.868,0.813
17:48:58.359,27.703,82.994,-28.538,True,85.586,-27.149,-62.605,-186.622,-0.101,-1.706,58.713,-80.949,24.280,52.411,57.762,-0.710,-1.590,1.741,0.924
17:48:58.380,27.725,82.994,-32.615,True,84.023,-31.284,-67.918,-187.811,-0.460,-1.732,55.272,-83.337,27.722,50.721,57.803,-1.148,-1.641,2.003,0.718
17:48:58.401,27.745,82.994,-38.731,True,82.741,-35.898,-70.787,-191.089,-1.187,-2.229,51.734,-85.578,31.260,46.847,56.319,-1.847,-1.926,2.669,0.873
17:48:58.429,27.773,79.462,-44.846,True,80.892,-40.911,-77.590,-195.123,-2.033,-2.005,48.105,-87.670,31.357,42.823,53.077,-2.708,-1.863,3.287,0.423
17:48:58.449,27.794,79.462,-46.885,True,79.369,-45.294,-81.232,-192.721,-2.381,-2.114,44.391,-89.607,35.071,42.722,55.274,-3.063,-2.085,3.705,0.703
17:48:58.469,27.814,77.696,-48.923,True,77.733,-49.096,-85.590,-186.084,-2.254,-2.176,40.600,-91.387,37.096,42.464,56.386,-3.060,-2.255,3.801,0.394
17:48:58.490,27.835,75.930,-57.077,True,76.000,-53.807,-90.361,-186.302,-2.701,-2.657,36.737,-93.007,39.193,35.930,53.170,-3.714,-2.393,4.418,0.810
17:48:58.511,27.855,72.399,-57.077,True,73.776,-57.427,-98.018,-177.974,-2.805,-2.531,32.810,-94.464,39.588,37.387,54.452,-3.633,-2.259,4.278,0.782
17:48:58.536,27.880,72.399,-61.154,True,71.951,-61.026,-101.769,-170.765,-2.806,-2.805,28.826,-95.755,43.573,34.601,55.640,-3.653,-2.468,4.409,0.406
17:48:58.557,27.901,70.633,-63.192,True,70.082,-64.151,-105.745,-161.353,-2.143,-2.994,24.791,-96.878,45.842,33.686,56.888,-3.470,-2.664,4.375,0.759
17:48:58.577,27.921,65.335,-75.423,True,67.356,-69.247,-115.239,-166.510,-3.459,-2.500,20.712,-97.832,44.623,22.408,49.934,-4.655,-2.342,5.211,0.437
17:48:58.597,27.942,61.804,-67.269,True,64.297,-71.344,-125.010,-148.839,-2.685,-2.065,16.597,-98.613,45.206,31.344,55.010,-3.805,-1.940,4.271,0.887
17:48:58.618,27.962,61.804,-69.308,True,61.798,-73.156,-128.984,-133.364,-2.065,-2.362,12.453,-99.222,49.351,29.914,57.709,-3.072,-2.028,3.681,0.809
17:48:58.649,27.994,60.038,-77.462,True,59.409,-76.204,-131.899,-129.554,-2.572,-2.837,8.287,-99.656,51.751,22.194,56.309,-3.371,-2.211,4.031,0.487
17:48:58.669,28.014,58.272,-85.615,True,57.120,-80.380,-134.149,-133.043,-3.397,-3.634,4.107,-99.916,54.165,14.300,56.021,-4.404,-2.460,5.044,0.412
17:48:58.690,28.035,54.741,-77.462,True,54.507,-81.744,-138.739,-115.475,-2.321,-3.398,-0.081,-100.000,54.821,22.538,59.273,-3.553,-2.494,4.341,0.758
17:48:58.710,28.055,51.209,-79.500,True,51.611,-82.996,-144.664,-101.220,-1.884,-3.282,-4.268,-99.909,55.477,20.409,59.112,-2.926,-2.386,3.775,0.449
17:48:58.731,28.076,49.443,-81.538,True,48.886,-84.211,-148.457,-89.891,-1.781,-3.333,-8.448,-99.643,57.891,18.104,60.656,-2.513,-2.446,3.507,0.421
17:48:58.755,28.099,47.677,-83.577,True,46.326,-85.444,-150.794,-81.013,-1.901,-3.348,-12.613,-99.201,60.291,15.624,62.282,-2.296,-2.630,3.491,0.698
17:48:58.775,28.120,42.380,-87.654,True,43.094,-87.201,-157.619,-77.196,-2.115,-3.144,-16.756,-98.586,59.136,10.932,60.138,-2.545,-2.385,3.488,0.923
17:48:58.795,28.140,40.614,-89.692,True,40.098,-88.965,-161.492,-73.413,-2.248,-2.955,-20.870,-97.798,61.484,8.106,62.016,-2.833,-2.371,3.694,0.806
17:48:58.816,28.160,37.082,-91.731,True,36.918,-90.735,-166.036,-69.572,-2.465,-2.823,-24.947,-96.838,62.029,5.107,62.239,-3.155,-2.268,3.885,0.457
17:48:58.836,28.181,33.551,-93.769,True,33.586,-92.508,-170.766,-65.600,-2.606,-2.444,-28.980,-95.709,62.531,1.939,62.561,-3.504,-2.113,4.091,0.822
17:48:58.861,28.205,30.019,-101.923,True,30.136,-95.703,-175.339,-70.775,-3.893,-2.190,-32.963,-94.411,62.982,-7.512,63.428,-4.763,-1.932,5.140,0.703
17:48:58.881,28.226,24.722,-99.885,True,26.186,-97.761,-182.222,-65.215,-4.230,-1.483,-36.887,-92.948,61.609,-6.937,61.998,-5.139,-1.490,5.351,0.715
17:48:58.902,28.246,22.956,-103.962,True,22.638,-100.203,-184.651,-62.134,-4.669,-0.955,-40.747,-91.322,63.703,-12.640,64.945,-5.786,-1.400,5.953,0.807
17:48:58.922,28.267,19.424,-97.846,True,19.056,-100.609,-186.796,-44.750,-4.220,-0.705,-44.536,-89.535,63.960,-8.311,64.498,-5.136,-1.307,5.300,0.831
17:48:58.942,28.287,12.361,-93.769,True,14.633,-99.707,-194.000,-22.385,-3.329,0.022,-48.246,-87.592,60.607,-6.177,60.921,-3.931,-0.702,3.993,0.628
17:48:58.976,28.320,8.829,-97.846,True,10.306,-99.618,-198.379,-10.782,-3.122,-0.050,-51.872,-85.495,60.701,-12.352,61.945,-3.610,-0.278,3.621,0.578
17:48:58.996,28.341,7.063,-91.731,True,6.507,-97.952,-197.843,9.010,-1.704,-0.303,-55.406,-83.247,62.470,-8.483,63.043,-2.473,-0.258,2.487,0.837
17:48:59.016,28.361,5.297,-91.731,True,3.188,-96.368,-194.176,23.317,-1.029,-0.659,-58.844,-80.854,64.141,-10.877,65.057,-1.732,-0.515,1.807,0.791
17:48:59.037,28.381,-1.766,-91.731,True,-0.944,-94.933,-196.869,33.245,-0.899,-0.220,-62.178,-78.319,60.412,-13.412,61.883,-1.329,-0.179,1.341,0.599
17:48:59.058,28.402,-8.829,-91.731,True,-5.799,-93.678,-203.265,39.851,-0.912,0.674,-65.403,-75.647,56.574,-16.084,58.816,-1.204,0.565,1.330,0.539
17:48:59.082,28.427,-8.829,-91.731,True,-9.864,-92.881,-202.104,42.324,-0.844,0.550,-68.514,-72.842,59.684,-18.889,62.602,-1.462,0.689,1.617,0.678
17:48:59.103,28.447,-15.892,-91.731,True,-14.466,-91.949,-204.272,45.877,-1.332,0.700,-71.504,-69.909,55.611,-21.822,59.740,-1.651,1.161,2.018,0.811
17:48:59.123,28.468,-17.658,-99.885,True,-18.313,-93.394,-200.383,34.361,-2.936,0.473,-74.368,-66.853,56.710,-33.032,65.629,-3.315,1.117,3.498,0.751
17:48:59.143,28.488,-22.956,-95.808,True,-22.483,-93.500,-199.109,36.185,-3.195,0.627,-77.103,-63.680,54.147,-32.127,62.961,-3.878,1.333,4.101,0.541
17:48:59.164,28.509,-22.956,-89.692,True,-25.596,-92.012,-190.890,48.967,-2.836,0.543,-79.702,-60.396,56.746,-29.297,63.862,-3.438,0.918,3.559,0.857
17:48:59.193,28.537,-30.019,-95.808,True,-29.560,-92.189,-189.933,48.704,-3.553,0.708,-82.161,-57.005,52.142,-38.803,64.996,-4.194,1.169,4.354,0.487
17:48:59.213,28.558,-33.551,-93.769,True,-33.404,-91.823,-187.824,53.435,-3.893,1.317,-84.476,-53.515,50.925,-40.255,64.914,-4.541,1.352,4.738,0.485
17:48:59.234,28.578,-37.082,-93.769,True,-37.142,-91.465,-184.927,58.194,-4.118,1.415,-86.643,-49.930,49.561,-43.839,66.167,-4.907,1.493,5.129,0.707
17:48:59.254,28.598,-42.380,-99.885,True,-41.201,-92.544,-184.192,53.749,-5.363,1.741,-88.658,-46.258,46.278,-53.627,70.834,-6.173,1.870,6.450,0.715
17:48:59.275,28.619,-40.614,-85.615,True,-43.889,-90.105,-173.867,75.318,-4.307,1.213,-90.517,-42.505,49.903,-43.110,65.946,-5.075,1.386,5.261,0.913
17:48:59.295,28.639,-44.146,-83.577,True,-46.618,-87.430,-166.120,93.385,-3.302,0.979,-92.218,-38.677,48.072,-44.900,65.779,-4.167,1.106,4.311,0.775
17:48:59.315,28.659,-47.677,-81.538,True,-49.414,-84.628,-160.397,108.081,-2.611,1.050,-93.756,-34.782,46.079,-46.757,65.647,-3.459,1.003,3.602,0.761
17:48:59.335,28.680,-49.443,-81.538,True,-51.884,-82.250,-153.480,116.605,-2.808,0.889,-95.131,-30.825,45.688,-50.714,68.258,-3.245,0.791,3.340,0.764
17:48:59.356,28.700,-52.975,-81.538,True,-54.493,-80.295,-148.829,120.795,-3.159,1.225,-96.338,-26.814,43.363,-54.724,69.822,-3.405,0.786,3.494,0.832
17:48:59.376,28.721,-58.272,-77.462,True,-57.656,-77.782,-148.442,128.430,-2.990,1.641,-97.376,-22.757,39.104,-54.705,67.244,-3.240,1.201,3.455,0.973
17:48:59.399,28.743,-58.272,-75.423,True,-60.078,-75.262,-142.370,134.765,-2.951,1.601,-98.244,-18.659,39.972,-56.764,69.426,-3.164,1.138,3.363,0.990
17:48:59.419,28.763,-58.272,-67.269,True,-61.843,-71.335,-132.907,149.379,-2.016,1.179,-98.939,-14.528,40.667,-52.741,66.599,-2.278,0.758,2.401,0.986
17:48:59.440,28.785,-58.272,-67.269,True,-64.502,-68.347,-131.349,154.059,-1.870,1.435,-99.461,-10.373,41.188,-56.897,70.240,-2.223,1.102,2.481,0.819
17:48:59.460,28.805,-74.165,-71.346,True,-69.115,-66.982,-141.809,147.631,-2.743,2.891,-99.808,-6.199,25.643,-65.148,70.013,-3.213,2.650,4.165,0.885
17:48:59.481,28.825,-70.633,-71.346,True,-71.599,-65.984,-134.140,141.886,-3.346,3.054,-99.980,-2.014,29.347,-69.333,75.288,-4.238,2.642,4.994,0.789
17:48:59.502,28.846,-77.696,-67.269,True,-75.156,-64.202,-134.212,143.954,-3.681,3.868,-99.976,2.175,22.280,-69.444,72.931,-4.605,3.384,5.714,0.956
17:48:59.522,28.867,-75.930,-59.115,True,-77.367,-60.776,-124.274,156.866,-2.956,3.699,-99.798,6.360,23.867,-65.475,69.689,-3.942,3.247,5.107,1.229
17:48:59.554,28.898,-79.462,-50.962,True,-79.758,-56.020,-117.003,175.220,-1.613,3.855,-99.444,10.533,19.982,-61.495,64.660,-2.656,3.354,4.278,0.728
17:48:59.574,28.919,-81.228,-48.923,True,-81.890,-51.660,-108.788,186.145,-0.902,3.788,-98.915,14.688,17.688,-63.611,66.025,-1.919,3.383,3.890,1.029
17:48:59.594,28.939,-82.994,-46.885,True,-83.813,-47.689,-100.210,191.684,-0.659,3.714,-98.214,18.817,15.220,-65.702,67.442,-1.600,3.382,3.742,0.734
17:48:59.615,28.959,-82.994,-40.769,True,-85.156,-43.133,-88.980,199.650,-0.265,3.628,-97.339,22.914,14.346,-63.683,65.279,-0.999,3.128,3.284,0.555
17:48:59.635,28.980,-86.525,-34.654,True,-86.840,-38.094,-81.929,208.513,0.548,3.822,-96.295,26.970,9.769,-61.624,62.393,-0.232,3.246,3.254,0.985
17:48:59.656,29.000,-86.525,-32.615,True,-88.024,-33.619,-72.289,210.981,0.802,3.684,-95.081,30.978,8.555,-63.594,64.167,0.021,3.130,3.130,0.881
17:48:59.676,29.020,-90.057,-28.538,True,-89.607,-29.199,-66.753,212.251,0.968,3.950,-93.700,34.933,3.643,-63.471,63.576,0.198,3.392,3.398,0.465
17:48:59.696,29.041,-90.057,-22.423,True,-90.736,-24.366,-58.432,215.711,1.355,4.102,-92.155,38.826,2.098,-61.249,61.285,0.612,3.417,3.472,0.650
17:48:59.717,29.061,-90.057,-14.269,True,-91.475,-18.708,-48.585,223.297,2.076,3.886,-90.448,42.651,0.391,-56.920,56.922,1.474,3.299,3.613,0.684
17:48:59.737,29.082,-91.823,-18.346,True,-92.302,-15.196,-40.852,213.987,1.363,3.963,-88.583,46.401,-3.240,-64.747,64.828,0.833,3.365,3.467,0.764
17:48:59.757,29.102,-93.589,-4.077,True,-93.228,-9.326,-34.658,222.749,2.488,4.105,-86.562,50.070,-7.026,-54.147,54.601,1.846,3.582,4.029,0.712
17:48:59.778,29.122,-93.589,-4.077,True,-93.844,-4.687,-26.789,220.173,2.423,4.156,-84.390,53.651,-9.199,-57.728,58.456,1.901,3.660,4.124,0.586
17:48:59.798,29.143,-93.589,6.115,True,-94.196,1.205,-18.058,226.064,3.259,4.241,-82.069,57.138,-11.520,-51.022,52.307,2.774,3.659,4.591,0.557
17:48:59.819,29.164,-93.589,2.038,True,-94.332,4.869,-9.059,214.720,2.594,4.170,-79.604,60.524,-13.984,-58.486,60.134,2.110,3.626,4.195,0.796
17:48:59.840,29.185,-93.589,2.038,True,-94.513,9.163,-1.609,210.384,2.545,4.196,-77.000,63.805,-16.589,-61.766,63.955,2.045,3.730,4.253,0.388
17:48:59.864,29.208,-93.589,2.038,True,-94.275,10.172,7.782,185.704,0.486,4.113,-74.260,66.973,-19.328,-64.935,67.750,0.030,3.651,3.651,0.509
17:48:59.884,29.228,-98.886,4.077,True,-95.392,11.266,7.246,169.101,-1.187,4.912,-71.391,70.024,-27.495,-65.947,71.449,-1.430,4.511,4.732,0.486
17:48:59.904,29.249,-98.886,14.269,True,-96.179,14.551,10.658,171.428,-1.433,5.865,-68.396,72.952,-30.490,-58.683,66.131,-1.208,5.078,5.219,0.443
17:48:59.925,29.270,-93.589,12.231,True,-95.376,16.554,24.805,164.928,-2.027,5.978,-65.281,75.752,-28.308,-63.521,69.543,-1.786,4.658,4.989,0.768
17:48:59.949,29.293,-93.589,20.385,True,-94.567,19.982,36.358,169.413,-1.652,5.629,-62.052,78.419,-31.537,-58.035,66.050,-1.343,4.425,4.625,0.423
17:48:59.970,29.315,-93.589,24.462,True,-93.780,23.630,45.834,173.834,-1.588,5.373,-58.713,80.949,-34.875,-56.488,66.386,-0.831,4.352,4.431,0.636
17:48:59.991,29.335,-93.589,26.500,True,-93.034,26.964,53.676,174.622,-1.608,5.658,-55.272,83.337,-38.317,-56.837,68.546,-0.585,4.412,4.451,0.798
17:49:00.011,29.356,-93.589,30.577,True,-92.342,30.484,60.274,176.007,-1.239,5.584,-51.734,85.578,-41.855,-55.001,69.116,-0.232,4.583,4.588,0.734
17:49:00.031,29.376,-91.823,34.654,True,-91.296,34.156,68.647,177.469,-0.896,5.287,-48.105,87.670,-43.718,-53.016,68.716,0.188,4.586,4.590,0.439
17:49:00.052,29.397,-93.589,36.692,True,-90.776,37.470,72.494,175.541,-0.711,5.762,-44.391,89.607,-49.197,-52.915,72.252,0.351,5.003,5.015,0.713
17:49:00.079,29.423,-90.057,40.769,True,-89.496,40.931,81.658,174.499,-0.455,5.757,-40.600,91.387,-49.457,-50.618,70.769,0.633,4.941,4.981,0.414
17:49:00.100,29.444,-86.525,46.885,True,-87.552,44.994,93.853,176.961,0.271,5.300,-36.737,93.007,-49.788,-46.123,67.869,1.295,4.564,4.744,0.875
17:49:00.120,29.464,-86.525,53.000,True,-85.873,49.571,101.929,181.132,1.357,5.073,-32.810,94.464,-53.715,-41.464,67.857,2.206,4.516,5.026,0.798
17:49:00.140,29.484,-82.994,65.231,True,-83.639,55.991,112.495,195.024,3.259,4.867,-28.826,95.755,-54.168,-30.524,62.176,4.151,4.208,5.911,0.757
17:49:00.160,29.505,-79.462,69.308,True,-80.941,62.081,124.091,200.913,4.588,4.247,-24.791,96.878,-54.671,-27.571,61.230,5.554,3.748,6.700,0.469
17:49:00.189,29.534,-79.462,81.538,True,-78.692,69.690,130.256,213.146,6.599,3.812,-20.712,97.832,-58.750,-16.293,60.967,7.709,3.736,8.567,1.152
17:49:00.209,29.553,-81.228,81.538,True,-77.283,75.717,130.060,208.922,7.492,4.408,-16.597,98.613,-64.631,-17.075,66.848,8.527,4.309,9.554,0.581
17:49:00.230,29.574,-75.930,63.192,True,-74.972,76.010,137.001,165.834,4.628,4.413,-12.453,99.222,-63.477,-36.029,72.989,5.725,4.247,7.129,0.795
17:49:00.250,29.594,-72.399,65.231,True,-72.271,76.049,145.473,132.501,2.846,3.813,-8.287,99.656,-64.111,-34.425,72.769,3.526,4.013,5.342,0.839
17:49:00.271,29.616,-68.867,69.308,True,-69.246,76.515,154.473,110.892,1.706,3.002,-4.107,99.916,-64.760,-30.608,71.629,2.197,3.680,4.286,0.467
17:49:00.298,29.642,-65.335,79.500,True,-65.966,78.911,163.291,107.552,2.025,2.356,0.081,100.000,-65.416,-20.500,68.553,2.463,3.308,4.125,0.707
17:49:00.318,29.663,-58.272,85.615,True,-61.671,82.121,176.856,109.451,3.146,1.159,4.268,99.909,-62.540,-14.293,64.153,3.267,2.424,4.069,0.787
17:49:00.339,29.683,-54.741,91.731,True,-57.345,86.035,187.023,114.078,4.401,0.194,8.448,99.643,-63.189,-7.912,63.682,4.427,1.748,4.760,0.785
17:49:00.359,29.703,-51.209,93.769,True,-53.048,89.584,194.275,113.313,5.799,-0.788,12.613,99.201,-63.822,-5.432,64.053,5.205,1.260,5.356,0.682
17:49:00.379,29.724,-47.677,95.808,True,-48.817,92.770,199.133,108.664,6.425,-1.223,16.756,98.586,-64.434,-2.778,64.494,5.697,0.934,5.773,0.501
17:49:00.406,29.750,-40.614,91.731,True,-43.854,94.197,207.498,92.052,5.742,-1.939,20.870,97.798,-61.484,-6.067,61.783,5.101,0.227,5.106,0.420
17:49:00.426,29.771,-37.082,93.769,True,-39.095,95.511,211.967,78.108,5.422,-2.287,24.947,96.838,-62.029,-3.069,62.105,4.686,-0.199,4.690,0.647
17:49:00.447,29.791,-33.551,97.846,True,-34.552,97.252,213.551,69.661,4.912,-1.906,28.980,95.709,-62.531,2.138,62.568,4.744,-0.405,4.762,0.873
17:49:00.467,29.812,-31.785,99.885,True,-30.630,98.933,210.423,61.805,4.813,-1.647,32.963,94.411,-64.748,5.474,64.979,4.862,-0.193,4.866,0.762
17:49:00.487,29.832,-26.487,101.923,True,-26.437,100.577,209.926,54.493,5.150,-1.483,36.887,92.948,-63.375,8.975,64.007,5.041,-0.217,5.046,0.707
17:49:00.512,29.857,-26.487,110.077,True,-23.226,103.621,202.991,56.979,6.121,-0.866,40.747,91.322,-67.235,18.755,69.802,6.166,0.357,6.177,0.420
17:49:00.533,29.877,-22.956,103.962,True,-20.046,104.575,197.937,43.089,5.926,-0.263,44.536,89.535,-67.491,14.426,69.016,5.852,0.804,5.907,0.713
17:49:00.553,29.897,-19.424,106.000,True,-16.863,105.567,194.495,31.926,6.039,0.083,48.246,87.592,-67.670,18.408,70.129,5.751,1.132,5.861,0.468
17:49:00.574,29.918,-15.892,108.038,True,-13.651,106.632,192.363,22.909,6.071,0.551,51.872,85.495,-67.764,22.544,71.416,5.833,1.353,5.988,0.716
17:49:00.594,29.938,-12.361,108.038,True,-10.398,107.310,191.239,12.373,5.894,0.663,55.406,83.247,-67.767,24.791,72.159,5.770,1.483,5.957,0.674
17:49:00.621,29.965,-8.829,110.077,True,-7.097,108.143,190.840,4.365,6.079,0.791,58.844,80.854,-67.673,29.223,73.713,5.929,1.537,6.125,0.417
17:49:00.642,29.987,-5.297,116.192,True,-3.749,110.080,190.917,4.342,6.939,0.727,62.178,78.319,-67.475,37.873,77.378,6.854,1.529,7.023,0.977
17:49:00.662,30.007,0.000,106.000,True,0.053,109.199,193.953,-16.104,5.985,0.533,65.403,75.647,-65.403,30.353,72.103,5.927,1.217,6.050,0.853
17:49:00.683,30.027,1.766,116.192,True,3.429,110.576,193.144,-17.109,6.666,0.478,68.514,72.842,-66.748,43.351,79.590,6.729,1.213,6.838,0.689
17:49:00.703,30.047,5.297,108.038,True,6.828,109.724,192.590,-34.288,5.969,0.596,71.504,69.909,-66.206,38.130,76.401,6.069,1.163,6.179,0.630
17:49:00.730,30.074,7.063,110.077,True,9.840,109.280,189.457,-45.171,5.733,0.635,74.368,66.853,-67.305,43.224,79.989,5.918,1.332,6.067,0.451
17:49:00.750,30.094,12.361,110.077,True,13.334,108.771,190.256,-54.733,5.588,0.629,77.103,63.680,-64.742,46.397,79.650,5.863,1.124,5.970,0.568
17:49:00.770,30.115,12.361,110.077,True,16.029,108.234,185.267,-63.114,5.597,0.702,79.702,60.396,-67.341,49.681,83.684,5.900,1.421,6.068,0.789
17:49:00.791,30.135,15.892,108.038,True,18.842,107.220,182.319,-73.607,5.538,0.855,82.161,57.005,-66.269,51.033,83.642,5.725,1.535,5.928,0.866
17:49:00.811,30.155,19.424,106.000,True,21.776,105.806,180.792,-84.985,5.038,0.830,84.476,53.515,-65.052,52.485,83.585,5.433,1.503,5.637,0.844
17:49:00.837,30.181,21.190,110.077,True,24.416,105.494,177.464,-87.030,5.671,0.936,86.643,49.930,-65.453,60.147,88.892,5.981,1.617,6.195,0.418
17:49:00.858,30.203,26.487,95.808,True,27.622,101.907,178.529,-111.452,4.087,0.651,88.658,46.258,-62.170,49.550,79.500,4.447,1.303,4.634,1.212
17:49:00.878,30.222,30.019,103.962,True,30.920,100.673,179.413,-114.048,4.619,0.490,90.517,42.505,-60.498,61.457,86.238,4.804,0.948,4.897,0.721
17:49:00.898,30.243,30.019,101.923,True,33.465,99.213,174.506,-118.527,5.218,0.658,92.218,38.677,-62.199,63.246,88.706,5.010,1.085,5.126,0.725
17:49:00.919,30.263,37.082,97.846,True,36.985,97.075,176.930,-127.287,6.233,-0.189,93.756,34.782,-56.674,63.065,84.788,4.818,0.521,4.846,0.821
17:49:00.946,30.291,37.082,97.846,True,40.523,94.530,178.000,-137.186,5.953,-0.767,95.131,30.825,-58.048,67.021,88.665,4.481,0.005,4.481,0.385
17:49:00.967,30.311,40.614,93.769,True,43.105,92.345,171.751,-142.815,5.920,-0.936,96.338,26.814,-55.724,66.955,87.110,4.502,0.117,4.504,0.806
17:49:00.988,30.332,44.146,91.731,True,45.901,90.087,167.959,-148.289,6.229,-0.872,97.376,22.757,-53.231,68.974,87.126,4.527,-0.006,4.527,0.796
17:49:01.008,30.352,47.677,87.654,True,48.855,87.257,165.400,-156.734,5.703,-0.775,98.244,18.659,-50.567,68.995,85.541,4.253,-0.276,4.262,0.444
17:49:01.029,30.373,51.209,85.615,True,51.927,84.493,163.343,-163.143,5.539,-1.162,98.939,14.528,-47.730,71.087,85.624,4.129,-0.637,4.178,0.807
17:49:01.055,30.400,52.975,77.462,True,54.656,80.317,158.627,-177.409,4.546,-1.348,99.461,10.373,-46.486,67.089,81.620,3.219,-0.795,3.316,0.441
17:49:01.077,30.421,54.741,81.538,True,57.093,77.905,152.295,-176.768,4.938,-1.412,99.808,6.199,-45.067,75.340,87.790,3.625,-0.826,3.718,1.068
17:49:01.097,30.441,58.272,73.385,True,59.699,74.138,147.768,-185.709,4.420,-1.560,99.980,2.014,-41.708,71.371,82.664,3.143,-1.042,3.312,0.440
17:49:01.117,30.462,61.804,65.231,True,62.455,69.208,144.337,-200.039,3.322,-1.887,99.976,-2.175,-38.173,67.406,77.464,2.080,-1.396,2.505,0.729
17:49:01.138,30.482,65.335,55.038,True,65.341,62.837,141.458,-219.749,1.578,-2.394,99.798,-6.360,-34.462,61.398,70.409,0.375,-1.848,1.886,0.729
17:49:01.164,30.508,65.335,55.038,True,68.170,58.442,137.661,-220.520,1.475,-2.874,99.444,-10.533,-34.108,65.572,73.912,0.280,-2.266,2.283,0.618
17:49:01.183,30.528,74.165,44.846,True,71.837,51.441,138.841,-237.632,-0.147,-3.751,98.915,-14.688,-24.751,59.534,64.474,-1.396,-3.210,3.501,0.397
17:49:01.204,30.549,75.930,46.885,True,74.965,46.741,134.462,-234.433,-0.145,-4.194,98.214,-18.817,-22.283,65.702,69.378,-1.311,-3.725,3.949,0.756
17:49:01.225,30.569,74.165,32.615,True,76.762,39.638,121.192,-246.924,-1.652,-3.876,97.339,-22.914,-23.175,55.529,60.171,-2.727,-3.435,4.387,0.857
17:49:01.245,30.589,79.462,38.731,True,79.254,35.699,114.566,-235.016,-0.726,-4.216,96.295,-26.970,-16.833,65.700,67.822,-1.947,-3.747,4.223,0.609
17:49:01.265,30.610,82.994,34.654,True,81.896,31.884,109.094,-225.393,-0.048,-4.027,95.081,-30.978,-12.087,65.632,66.736,-1.296,-4.198,4.394,0.808
17:49:01.285,30.630,86.525,30.577,True,84.662,28.139,104.200,-217.850,0.678,-4.435,93.700,-34.933,-7.175,65.510,65.901,-0.773,-4.746,4.809,0.421
17:49:01.306,30.651,86.525,26.500,True,86.694,24.423,94.114,-212.132,0.825,-4.591,92.155,-38.826,-5.630,65.326,65.568,-0.373,-4.846,4.861,0.729
17:49:01.327,30.672,90.057,14.269,True,88.923,18.796,86.406,-220.346,-0.223,-4.885,90.448,-42.651,-0.391,56.920,56.922,-1.268,-5.172,5.325,0.807
17:49:01.347,30.692,90.057,18.346,True,90.512,15.312,74.876,-211.721,0.232,-4.918,88.583,-46.401,1.474,64.747,64.764,-0.665,-5.155,5.198,0.779
17:49:01.368,30.712,93.589,2.038,True,92.377,8.973,66.689,-224.129,-1.276,-5.247,86.562,-50.070,7.026,52.108,52.580,-2.006,-5.440,5.798,0.713
17:49:01.390,30.734,93.589,2.038,True,93.711,4.491,55.512,-220.006,-1.336,-5.107,84.390,-53.651,9.199,55.689,56.444,-1.931,-5.457,5.788,0.816
17:49:01.410,30.754,95.354,4.077,True,94.972,1.216,45.263,-208.841,-0.763,-5.186,82.069,-57.138,13.286,61.215,62.640,-1.178,-5.547,5.671,0.409
17:49:01.430,30.775,97.120,0.000,True,96.209,-2.171,35.962,-201.425,-0.263,-5.321,79.604,-60.524,17.516,60.524,63.008,-0.707,-5.723,5.767,0.764
17:49:01.451,30.795,97.120,-6.115,True,96.977,-6.178,24.512,-199.837,-0.189,-5.443,77.000,-63.805,20.120,57.689,61.097,-0.757,-5.695,5.745,0.796
17:49:01.472,30.816,100.652,-10.192,True,98.257,-10.179,17.796,-198.310,-0.346,-5.941,74.260,-66.973,26.391,56.781,62.614,-0.832,-6.101,6.157,0.404
17:49:01.495,30.839,100.652,-14.269,True,99.107,-14.175,8.399,-196.791,-0.018,-6.167,71.391,-70.024,29.261,55.755,62.967,-0.932,-6.274,6.343,0.494
17:49:01.516,30.860,102.418,-18.346,True,100.025,-18.167,0.300,-195.236,-0.277,-6.711,68.396,-72.952,34.022,54.606,64.337,-1.053,-6.570,6.654,0.909
17:49:01.536,30.881,100.652,-24.462,True,100.177,-22.636,-12.256,-196.703,-0.623,-6.539,65.281,-75.752,35.371,51.291,62.304,-1.492,-6.449,6.620,0.768
17:49:01.557,30.901,100.652,-32.615,True,100.101,-27.986,-24.414,-202.820,-1.233,-6.462,62.052,-78.419,38.600,45.804,59.900,-2.436,-6.330,6.783,0.829
17:49:01.581,30.925,100.652,-32.615,True,99.613,-32.042,-37.420,-197.814,-1.153,-6.614,58.713,-80.949,41.939,48.334,63.992,-2.435,-6.094,6.563,0.751
17:49:01.603,30.948,100.652,-34.654,True,99.370,-35.618,-46.725,-190.393,-0.962,-6.818,55.272,-83.337,45.380,48.683,66.553,-2.209,-6.166,6.550,0.419
17:49:01.624,30.969,100.652,-46.885,True,99.027,-41.419,-55.665,-198.397,-2.241,-6.936,51.734,-85.578,48.918,38.694,62.371,-3.455,-6.260,7.150,0.951
17:49:01.645,30.989,98.886,-48.923,True,98.163,-46.292,-66.964,-196.985,-2.812,-6.703,48.105,-87.670,50.781,38.746,63.875,-3.941,-6.115,7.275,0.842
17:49:01.665,31.009,97.120,-53.000,True,96.897,-50.918,-79.064,-193.215,-3.128,-6.788,44.391,-89.607,52.729,36.607,64.191,-4.259,-5.853,7.239,0.788
17:49:01.687,31.031,97.120,-55.038,True,95.753,-54.844,-88.316,-184.859,-3.141,-6.817,40.600,-91.387,56.520,36.349,67.200,-4.172,-5.814,7.156,0.834
17:49:01.711,31.055,93.589,-69.308,True,93.892,-61.108,-100.868,-192.704,-4.725,-6.466,36.737,-93.007,56.851,23.700,61.593,-5.633,-5.431,7.825,0.613
17:49:01.731,31.076,93.589,-77.462,True,92.279,-67.911,-109.422,-200.130,-6.386,-6.393,32.810,-94.464,60.778,17.003,63.112,-7.211,-5.367,8.990,1.098
17:49:01.751,31.096,91.823,-65.231,True,90.496,-70.348,-117.817,-175.158,-5.142,-6.359,28.826,-95.755,62.997,30.524,70.002,-5.863,-5.290,7.897,0.742
17:49:01.772,31.117,90.057,-73.385,True,88.587,-73.742,-125.769,-162.403,-4.578,-6.523,24.791,-96.878,65.266,23.494,69.366,-5.523,-5.225,7.603,0.784
17:49:01.792,31.137,84.759,-73.385,True,85.766,-76.151,-138.506,-145.559,-3.495,-5.892,20.712,-97.832,64.047,24.447,68.554,-4.755,-4.677,6.669,0.667
17:49:01.817,31.162,82.994,-77.462,True,82.996,-78.690,-148.119,-133.346,-2.984,-5.734,16.597,-98.613,66.396,21.151,69.684,-4.343,-4.345,6.143,0.452
17:49:01.838,31.182,79.462,-81.538,True,79.900,-81.399,-157.919,-124.701,-2.059,-6.135,12.453,-99.222,67.009,17.683,69.303,-4.229,-3.940,5.780,0.814
17:49:01.858,31.203,74.165,-85.615,True,76.143,-84.293,-169.959,-118.649,-2.398,-4.655,8.287,-99.656,65.877,14.041,67.357,-4.354,-3.259,5.439,0.576
17:49:01.879,31.223,68.867,-85.615,True,71.842,-86.422,-182.594,-108.093,-2.443,-3.998,4.107,-99.916,64.760,14.300,66.320,-4.071,-2.432,4.742,0.787
17:49:01.899,31.243,67.101,-89.692,True,67.937,-88.842,-189.259,-101.428,-2.578,-3.561,-0.081,-100.000,67.182,10.308,67.968,-4.131,-2.067,4.619,0.450
17:49:01.927,31.272,61.804,-91.731,True,63.605,-91.070,-197.103,-94.258,-2.541,-2.942,-4.268,-99.909,66.072,8.178,66.576,-4.156,-1.539,4.432,0.546
17:49:01.947,31.292,58.272,-93.769,True,59.340,-93.145,-202.396,-86.965,-2.857,-2.839,-8.448,-99.643,66.720,5.873,66.978,-4.178,-1.185,4.343,0.526
17:49:01.968,31.312,52.975,-99.885,True,54.753,-96.047,-208.378,-86.037,-3.497,-2.311,-12.613,-99.201,65.588,-0.683,65.592,-4.811,-0.718,4.865,0.418
17:49:01.989,31.333,47.677,-101.923,True,49.909,-98.735,-214.303,-82.509,-3.470,-1.397,-16.756,-98.586,64.434,-3.337,64.520,-5.271,-0.196,5.275,0.777
17:49:02.015,31.359,44.146,-103.962,True,45.279,-101.217,-216.966,-77.150,-3.913,-0.850,-20.870,-97.798,65.016,-6.164,65.307,-5.608,0.080,5.609,0.362
17:49:02.037,31.382,40.614,-103.962,True,40.864,-103.039,-217.301,-67.465,-3.865,-0.650,-24.947,-96.838,65.561,-7.123,65.947,-5.569,0.171,5.572,0.495
17:49:02.058,31.402,30.019,-106.000,True,35.007,-104.763,-226.884,-58.485,-3.899,0.407,-28.980,-95.709,58.999,-10.291,59.890,-5.590,1.157,5.709,0.720
17:49:02.078,31.422,26.487,-106.000,True,29.544,-105.948,-230.591,-47.102,-3.878,0.818,-32.963,-94.411,59.450,-11.589,60.569,-5.381,1.699,5.643,0.574
17:49:02.099,31.443,22.956,-108.038,True,24.473,-107.157,-230.119,-37.800,-3.934,0.858,-36.887,-92.948,59.843,-15.091,61.717,-5.344,1.907,5.674,0.779
17:49:02.121,31.466,14.127,-110.077,True,18.535,-108.416,-234.974,-30.125,-3.951,1.392,-40.747,-91.322,54.874,-18.755,57.991,-5.454,2.646,6.062,0.823
17:49:02.144,31.488,14.127,-110.077,True,13.836,-109.019,-229.539,-18.919,-3.880,1.141,-44.536,-89.535,58.662,-20.542,62.155,-5.237,2.489,5.799,0.366
17:49:02.165,31.509,5.297,-103.962,True,8.132,-107.864,-231.547,1.647,-3.068,1.507,-48.246,-87.592,53.544,-16.370,55.990,-4.094,3.030,5.093,0.756
17:49:02.185,31.529,1.766,-103.962,True,3.038,-106.799,-228.244,16.577,-2.491,1.633,-51.872,-85.495,53.638,-18.467,56.728,-3.360,3.124,4.588,0.515
17:49:02.205,31.550,-1.766,-103.962,True,-1.588,-105.826,-222.210,27.508,-2.141,1.660,-55.406,-83.247,53.641,-20.714,57.501,-2.929,2.967,4.169,0.810
17:49:02.225,31.570,-8.829,-103.962,True,-6.725,-104.950,-220.481,35.579,-2.159,2.060,-58.844,-80.854,50.015,-23.107,55.095,-2.731,3.209,4.214,0.470
17:49:02.254,31.598,-10.595,-116.192,True,-11.004,-107.133,-213.059,22.846,-3.914,1.692,-62.178,-78.319,51.583,-37.873,63.994,-4.517,2.933,5.386,0.423
17:49:02.274,31.619,-15.892,-103.962,True,-15.415,-106.030,-207.986,36.256,-3.273,1.749,-65.403,-75.647,49.511,-28.315,57.035,-3.990,2.857,4.907,0.575
17:49:02.295,31.640,-21.190,-118.231,True,-19.955,-108.351,-204.566,24.858,-5.127,1.984,-68.514,-72.842,47.324,-45.389,65.572,-5.776,2.936,6.479,0.857
17:49:02.316,31.660,-26.487,-106.000,True,-24.618,-107.420,-202.235,39.534,-4.708,1.970,-71.504,-69.909,45.016,-36.091,57.698,-5.258,3.134,6.121,0.870
17:49:02.336,31.680,-30.019,-103.962,True,-28.979,-106.007,-197.855,54.388,-3.548,1.942,-74.368,-66.853,44.349,-37.108,57.827,-4.655,3.166,5.630,0.836
17:49:02.361,31.706,-31.785,-103.962,True,-32.668,-104.697,-189.600,65.410,-3.455,1.802,-77.103,-63.680,45.318,-40.281,60.633,-4.341,2.839,5.187,0.416
17:49:02.382,31.726,-40.614,-97.846,True,-37.425,-102.101,-190.100,82.779,-2.672,2.691,-79.702,-60.396,39.088,-37.451,54.133,-3.380,3.318,4.737,0.746
17:49:02.402,31.747,-44.146,-97.846,True,-41.905,-99.841,-187.741,93.693,-2.127,2.977,-82.161,-57.005,38.015,-40.841,55.796,-2.921,3.587,4.626,0.836
17:49:02.422,31.767,-47.677,-95.808,True,-46.129,-97.466,-183.457,102.999,-1.490,3.148,-84.476,-53.515,36.799,-42.293,56.061,-2.561,3.710,4.508,0.608
17:49:02.442,31.787,-49.443,-99.885,True,-49.715,-96.447,-175.292,101.405,-2.301,3.489,-86.643,-49.930,37.200,-49.955,62.284,-3.194,3.485,4.727,0.537
17:49:02.472,31.816,-51.209,-97.846,True,-52.753,-95.215,-165.049,102.719,-2.598,2.811,-88.658,-46.258,37.449,-51.588,63.748,-3.616,3.047,4.728,0.452
17:49:02.492,31.837,-58.272,-89.692,True,-56.570,-92.354,-162.186,115.460,-1.864,3.149,-90.517,-42.505,32.245,-47.187,57.152,-2.992,3.270,4.432,0.746
17:49:02.513,31.857,-58.272,-87.654,True,-59.455,-89.489,-153.107,125.268,-1.460,2.893,-92.218,-38.677,33.945,-48.977,59.590,-2.568,2.939,3.903,0.765
17:49:02.533,31.877,-61.804,-91.731,True,-62.351,-88.088,-145.977,123.278,-2.407,2.807,-93.756,-34.782,31.952,-56.949,65.301,-3.211,2.767,4.239,0.421
17:49:02.558,31.902,-63.570,-93.769,True,-64.875,-87.517,-137.688,117.409,-3.554,2.396,-95.131,-30.825,31.561,-62.944,70.414,-4.285,2.479,4.950,0.499
17:49:02.580,31.925,-68.867,-85.615,True,-67.917,-85.273,-134.489,125.530,-3.643,2.739,-96.338,-26.814,27.471,-58.801,64.902,-4.135,2.655,4.914,0.545
17:49:02.600,31.945,-72.399,-83.577,True,-71.023,-82.952,-131.773,132.780,-3.539,2.817,-97.376,-22.757,24.978,-60.820,65.750,-4.034,2.911,4.975,0.685
17:49:02.621,31.965,-75.930,-79.500,True,-74.187,-80.111,-129.263,142.285,-3.601,2.808,-98.244,-18.659,22.313,-60.841,64.804,-3.691,3.227,4.903,0.574
17:49:02.641,31.986,-79.462,-73.385,True,-77.397,-76.363,-126.743,155.798,-2.700,3.330,-98.939,-14.528,19.477,-58.856,61.995,-2.912,3.588,4.621,0.815
17:49:02.661,32.006,-79.462,-75.423,True,-79.823,-73.753,-118.651,158.457,-2.800,3.204,-99.461,-10.373,19.999,-65.050,68.055,-3.063,3.469,4.628,0.392
17:49:02.686,32.030,-79.462,-75.423,True,-82.196,-70.584,-111.524,164.750,-2.602,3.004,-99.808,-6.199,20.346,-69.225,72.153,-2.872,3.436,4.478,0.413
17:49:02.707,32.052,-84.759,-67.269,True,-84.520,-67.283,-105.066,170.685,-2.242,2.579,-99.980,-2.014,15.220,-65.256,67.007,-2.678,3.471,4.384,1.090
17:49:02.727,32.072,-86.525,-63.192,True,-86.596,-63.689,-97.772,177.328,-1.831,2.493,-99.976,2.175,13.451,-65.367,66.737,-2.379,3.439,4.181,0.841
17:49:02.747,32.092,-88.291,-59.115,True,-88.485,-59.880,-90.288,183.866,-1.429,2.612,-99.798,6.360,11.506,-65.475,66.478,-2.041,3.392,3.958,0.774
17:49:02.775,32.119,-90.057,-57.077,True,-90.233,-56.419,-82.955,186.695,-1.541,2.612,-99.444,10.533,9.387,-67.610,68.259,-2.009,3.361,3.916,0.462
17:49:02.799,32.144,-90.057,-48.923,True,-91.448,-51.774,-73.233,196.597,-0.807,2.826,-98.915,14.688,8.858,-63.611,64.225,-1.279,3.105,3.358,0.875
17:49:02.819,32.163,-93.589,-38.731,True,-93.073,-45.671,-67.884,213.084,0.520,2.978,-98.214,18.817,4.625,-57.548,57.734,0.177,3.247,3.252,0.417
17:49:02.839,32.184,-93.589,-36.692,True,-94.232,-40.298,-59.935,219.872,1.163,2.608,-97.339,22.914,3.751,-59.606,59.724,0.873,3.163,3.281,0.896
17:49:02.859,32.204,-95.354,-36.692,True,-95.413,-36.086,-53.320,216.879,0.790,3.055,-96.295,26.970,0.940,-63.662,63.669,0.715,3.204,3.283,0.391
17:49:02.884,32.228,-97.120,-34.654,True,-96.629,-32.426,-47.709,211.000,0.336,3.489,-95.081,30.978,-2.040,-65.632,65.664,0.269,3.351,3.362,0.884
17:49:02.904,32.249,-97.120,-34.654,True,-97.583,-28.206,-40.824,210.446,0.435,3.370,-93.700,34.933,-3.420,-69.587,69.671,0.289,3.397,3.410,0.679
17:49:02.925,32.269,-84.759,-22.423,True,-94.552,-23.553,-9.288,212.685,0.759,0.885,-92.155,38.826,7.396,-61.249,61.694,0.589,1.087,1.236,0.647
17:49:02.946,32.290,-95.354,-24.462,True,-94.903,-20.677,-8.093,202.786,0.008,1.267,-90.448,42.651,-4.906,-67.112,67.292,-0.237,1.437,1.456,0.848
17:49:02.966,32.310,-97.120,-28.538,True,-95.590,-19.669,-8.449,184.095,-1.466,1.510,-88.583,46.401,-8.537,-74.940,75.424,-1.992,1.988,2.814,0.842
17:49:02.986,32.331,-98.886,-16.308,True,-96.534,-16.067,-9.255,187.687,-1.200,2.368,-86.562,50.070,-12.324,-66.378,67.512,-1.777,2.653,3.194,0.760
17:49:03.011,32.356,-100.652,-12.231,True,-97.672,-12.293,-9.852,191.465,-0.952,2.982,-84.390,53.651,-16.262,-65.882,67.859,-1.498,3.377,3.694,0.603
17:49:03.031,32.376,-100.652,-10.192,True,-98.533,-8.876,-7.157,191.906,-0.618,3.385,-82.069,57.138,-18.583,-67.330,69.847,-1.484,3.865,4.140,0.512
17:49:03.052,32.396,-100.652,-2.038,True,-99.142,-4.330,-2.220,199.514,-0.060,3.553,-79.604,60.524,-21.048,-62.563,66.008,-0.761,4.188,4.256,0.452
17:49:03.072,32.416,-100.652,-4.077,True,-99.530,-1.215,4.157,195.400,-0.581,4.112,-77.000,63.805,-23.652,-67.881,71.884,-1.056,4.402,4.527,0.468
17:49:03.093,32.437,-102.418,4.077,True,-100.140,3.015,8.683,199.676,-0.217,4.325,-74.260,66.973,-28.157,-62.896,68.911,-0.565,4.809,4.842,0.813
17:49:03.120,32.465,-104.184,8.154,True,-100.948,7.276,12.136,202.580,0.262,5.029,-71.391,70.024,-32.793,-61.870,70.023,-0.130,5.351,5.353,0.473
17:49:03.141,32.485,-102.418,18.346,True,-101.103,12.959,20.516,213.562,1.551,5.161,-68.396,72.952,-34.022,-54.606,64.337,1.139,5.471,5.589,0.682
17:49:03.161,32.506,-104.184,14.269,True,-101.505,16.542,26.421,206.695,1.066,5.412,-65.281,75.752,-38.903,-61.483,72.757,0.865,5.825,5.888,0.875
17:49:03.182,32.526,-104.184,22.423,True,-101.722,21.082,33.480,207.592,1.893,6.259,-62.052,78.419,-42.132,-55.996,70.076,1.309,6.090,6.229,0.699
17:49:03.206,32.550,-107.715,18.346,True,-102.602,23.632,35.789,194.354,1.232,7.251,-58.713,80.949,-49.002,-62.603,79.500,0.473,6.817,6.834,0.703
17:49:03.228,32.573,-107.715,34.654,True,-103.242,29.179,40.866,204.311,2.546,8.098,-55.272,83.337,-52.443,-48.683,71.556,1.759,7.340,7.548,0.565
17:49:03.249,32.593,-104.184,36.692,True,-102.834,34.062,53.253,205.945,3.166,7.908,-51.734,85.578,-52.450,-48.886,71.700,2.410,7.202,7.594,0.738
17:49:03.269,32.613,-100.652,44.846,True,-101.509,39.732,69.759,211.199,4.595,7.263,-48.105,87.670,-52.547,-42.823,67.787,3.485,6.630,7.491,0.621
17:49:03.289,32.634,-100.652,42.808,True,-100.239,43.689,82.558,202.281,4.368,6.808,-44.391,89.607,-56.261,-46.799,73.181,3.337,6.324,7.150,0.557
17:49:03.310,32.655,-98.886,48.923,True,-98.657,48.011,95.094,197.244,4.724,6.331,-40.600,91.387,-58.286,-42.464,72.114,3.544,5.985,6.955,0.578
17:49:03.336,32.681,-98.886,50.962,True,-97.251,51.724,104.131,188.443,4.239,6.399,-36.737,93.007,-62.149,-42.046,75.035,3.418,5.920,6.836,0.407
17:49:03.357,32.702,-93.589,61.154,True,-94.801,56.809,118.709,190.074,5.189,5.935,-32.810,94.464,-60.778,-33.310,69.308,4.273,5.300,6.808,0.940
17:49:03.378,32.722,-91.823,63.192,True,-92.286,61.211,130.521,185.240,5.649,5.690,-28.826,95.755,-62.997,-32.563,70.915,4.611,4.854,6.695,0.874
17:49:03.398,32.743,-90.057,69.308,True,-89.764,65.937,139.912,182.478,6.342,5.395,-24.791,96.878,-65.266,-27.571,70.851,5.181,4.571,6.909,0.814
17:49:03.423,32.767,-82.994,71.346,True,-86.043,69.995,155.373,174.521,6.233,4.370,-20.712,97.832,-62.281,-26.485,67.679,5.319,3.663,6.458,0.533
17:49:03.447,32.791,-82.994,71.346,True,-82.935,73.486,162.898,163.592,5.434,3.907,-16.597,98.613,-66.396,-27.267,71.777,5.186,3.394,6.198,0.498
17:49:03.467,32.812,-79.462,69.308,True,-79.617,74.657,170.260,139.494,4.301,3.846,-12.453,99.222,-67.009,-29.914,73.383,3.772,3.097,4.881,0.469
17:49:03.488,32.832,-77.696,73.385,True,-76.608,76.362,174.122,124.903,3.923,3.725,-8.287,99.656,-69.409,-26.271,74.214,3.109,3.091,4.384,0.411
17:49:03.508,32.852,-75.930,73.385,True,-73.843,77.460,175.963,109.711,3.210,3.616,-4.107,99.916,-71.823,-26.531,76.567,2.317,3.268,4.006,0.474
17:49:03.534,32.879,-68.867,75.423,True,-69.963,78.605,184.951,98.345,2.625,2.994,0.081,100.000,-68.948,-24.577,73.197,1.815,2.760,3.304,0.677
17:49:03.556,32.901,-65.335,75.423,True,-66.039,79.325,192.047,86.714,2.080,2.533,4.268,99.909,-69.604,-24.486,73.785,1.244,2.364,2.672,0.668
17:49:03.576,32.921,-58.272,79.500,True,-61.263,80.688,202.876,81.785,1.846,1.669,8.448,99.643,-66.720,-20.143,69.695,1.269,1.553,2.005,0.421
17:49:03.597,32.942,-52.975,77.462,True,-56.208,81.178,212.480,71.807,1.284,1.036,12.613,99.201,-65.588,-21.740,69.097,0.828,0.759,1.123,0.800
17:49:03.618,32.962,-49.443,79.500,True,-51.370,81.885,217.852,65.386,1.314,0.666,16.756,98.586,-66.199,-19.086,68.896,0.694,0.274,0.746,0.892
17:49:03.638,32.982,-49.443,79.500,True,-47.013,83.193,218.415,63.960,1.848,0.319,20.870,97.798,-70.313,-18.298,72.655,1.037,0.187,1.054,0.327
17:49:03.665,33.010,-47.677,81.538,True,-44.066,83.644,209.757,56.557,1.798,1.262,24.947,96.838,-72.624,-15.300,74.218,0.859,0.971,1.297,0.726
17:49:03.685,33.030,-37.082,83.577,True,-39.126,84.455,216.438,52.779,1.920,0.888,28.980,95.709,-66.063,-12.132,67.167,1.021,0.359,1.083,0.467
17:49:03.706,33.050,-33.551,83.577,True,-34.479,85.016,219.180,47.574,1.879,0.555,32.963,94.411,-66.513,-10.834,67.390,1.076,0.047,1.077,0.761
17:49:03.726,33.070,-30.019,83.577,True,-30.076,85.375,219.396,41.628,1.679,0.537,36.887,92.948,-66.906,-9.371,67.560,1.076,-0.065,1.078,0.613
17:49:03.746,33.091,-26.487,91.731,True,-25.882,87.545,218.033,47.909,2.907,0.638,40.747,91.322,-67.235,0.409,67.236,2.261,-0.048,2.261,0.789
17:49:03.771,33.115,-10.595,91.731,True,-18.917,89.273,234.594,48.185,3.635,-1.018,44.536,89.535,-55.131,2.196,55.174,3.006,-1.758,3.482,0.414
17:49:03.791,33.136,-10.595,91.731,True,-13.369,90.589,236.499,44.280,4.006,-1.630,48.246,87.592,-58.841,4.139,58.986,3.433,-2.259,4.110,0.641
17:49:03.811,33.156,-17.658,81.538,True,-10.752,89.147,218.151,22.127,2.937,-0.450,51.872,85.495,-69.530,-3.956,69.642,2.162,-0.885,2.336,0.668
17:49:03.831,33.176,-17.658,81.538,True,-9.018,87.711,199.184,5.434,1.733,0.916,55.406,83.247,-73.065,-1.709,73.085,1.270,0.693,1.446,0.461
17:49:03.852,33.197,-7.063,85.615,True,-5.507,87.307,197.514,-0.535,1.355,0.964,58.844,80.854,-65.907,4.761,66.079,1.302,0.783,1.520,0.449
17:49:03.877,33.221,-1.766,85.615,True,-1.605,86.905,198.803,-5.777,1.795,0.481,62.178,78.319,-63.944,7.296,64.359,1.411,0.584,1.527,0.471
17:49:03.898,33.242,3.532,83.577,True,2.641,86.042,201.778,-13.590,0.409,0.027,65.403,75.647,-61.871,7.930,62.378,1.290,0.184,1.303,0.720
17:49:03.918,33.262,8.829,91.731,True,7.177,87.157,205.451,-7.117,1.355,-0.080,68.514,72.842,-59.684,18.889,62.602,2.513,-0.345,2.537,0.765
17:49:03.938,33.283,10.595,97.846,True,11.125,89.533,203.683,4.312,3.171,-0.571,71.504,69.909,-60.909,27.937,67.010,4.339,-0.431,4.360,0.757
17:49:03.958,33.303,19.424,97.846,True,16.182,91.533,209.270,8.001,5.168,-1.263,74.368,66.853,-54.944,30.993,63.083,5.620,-1.240,5.755,0.692
17:49:03.985,33.329,19.424,97.846,True,20.367,91.693,206.722,-3.546,5.056,-0.923,77.103,63.680,-57.679,34.166,67.038,5.577,-1.379,5.745,0.403
17:49:04.005,33.350,24.722,87.654,True,24.564,90.502,204.288,-22.184,4.492,-0.986,79.702,60.396,-54.980,27.258,61.366,4.827,-1.555,5.071,0.527
17:49:04.025,33.370,30.019,99.885,True,29.015,92.684,203.405,-15.511,6.060,-1.570,82.161,57.005,-52.142,42.880,67.509,6.405,-1.912,6.684,0.432
17:49:04.046,33.391,33.551,101.923,True,33.203,94.819,200.230,-13.284,7.446,-1.865,84.476,53.515,-50.925,48.409,70.262,7.711,-2.098,7.992,0.959
17:49:04.066,33.410,37.082,97.846,True,37.177,95.370,195.724,-23.979,7.780,-1.885,86.643,49.930,-49.561,47.916,68.936,7.889,-2.186,8.186,0.714
17:49:04.094,33.438,40.614,101.923,True,40.975,96.595,190.499,-29.381,8.336,-2.056,88.658,46.258,-48.044,55.665,73.531,8.560,-2.224,8.844,0.720
17:49:04.114,33.458,44.146,101.923,True,44.633,97.418,184.957,-37.962,8.683,-2.031,90.517,42.505,-46.371,59.418,75.371,8.963,-2.244,9.239,0.556
17:49:04.135,33.479,51.209,101.923,True,49.010,97.900,184.711,-48.390,8.937,-2.417,92.218,38.677,-41.009,63.246,75.377,9.193,-2.783,9.605,0.432
17:49:04.155,33.500,51.209,93.769,True,52.354,96.191,176.725,-72.074,7.950,-2.353,93.756,34.782,-42.547,58.988,72.731,8.142,-2.649,8.562,0.803
17:49:04.175,33.519,54.741,93.769,True,55.621,94.521,169.538,-90.291,7.255,-2.289,95.131,30.825,-40.390,62.944,74.789,7.458,-2.585,7.893,0.416
17:49:04.201,33.546,58.272,95.808,True,58.840,93.435,163.101,-100.909,7.188,-2.118,96.338,26.814,-38.066,68.993,78.798,7.389,-2.593,7.831,0.454
17:49:04.222,33.566,68.867,87.654,True,63.674,90.542,168.090,-121.829,6.242,-3.232,97.376,22.757,-28.509,64.897,70.883,6.302,-3.696,7.306,0.593
17:49:04.243,33.587,68.867,89.692,True,67.461,88.474,163.293,-132.353,5.981,-3.561,98.244,18.659,-29.377,71.033,76.868,6.054,-3.996,7.254,0.776
17:49:04.263,33.607,72.399,93.769,True,71.116,87.673,157.640,-132.645,6.744,-3.736,98.939,14.528,-26.540,79.241,83.567,6.725,-4.250,7.955,0.582
17:49:04.283,33.628,75.930,91.731,True,74.655,86.580,151.452,-136.190,6.981,-3.932,99.461,10.373,-23.530,81.358,84.693,7.134,-4.482,8.425,0.736
17:49:04.309,33.654,79.462,83.577,True,78.097,83.791,144.967,-151.275,5.946,-4.160,99.808,6.199,-20.346,77.378,80.009,6.463,-4.711,7.998,0.421
17:49:04.330,33.674,82.994,79.500,True,81.461,80.471,138.346,-166.492,5.098,-4.503,99.980,2.014,-16.986,77.486,79.326,5.676,-4.951,7.532,0.559
17:49:04.350,33.695,82.994,77.462,True,83.941,77.216,126.283,-177.663,4.516,-4.270,99.976,-2.175,-16.983,79.636,81.427,5.159,-4.700,6.979,0.546
17:49:04.371,33.715,86.525,77.462,True,86.480,74.546,116.717,-182.448,4.386,-4.279,99.798,-6.360,-13.272,83.821,84.865,5.169,-4.655,6.956,0.810
17:49:04.390,33.735,90.057,77.462,True,89.104,72.424,109.054,-183.025,4.890,-4.434,99.444,-10.533,-9.387,87.995,88.494,5.557,-4.785,7.334,0.464
17:49:04.418,33.763,93.589,75.423,True,91.820,70.312,102.747,-184.257,5.036,-5.051,98.915,-14.688,-5.327,90.111,90.269,5.902,-5.056,7.772,0.418
17:49:04.439,33.783,95.354,61.154,True,94.219,65.354,94.620,-204.752,3.524,-5.264,98.214,-18.817,-2.859,79.971,80.022,4.429,-5.182,6.817,0.832
17:49:04.459,33.804,97.120,55.038,True,96.346,59.813,85.514,-223.361,1.798,-4.989,97.339,-22.914,-0.219,77.952,77.952,2.948,-5.226,6.000,0.586
17:49:04.480,33.824,100.652,57.077,True,98.660,55.748,78.743,-226.772,1.426,-5.087,96.295,-26.970,4.357,84.047,84.159,2.729,-5.491,6.132,0.430
17:49:04.507,33.852,100.652,53.000,True,100.332,51.628,68.098,-229.649,1.465,-5.443,95.081,-30.978,5.571,83.978,84.163,2.524,-5.413,5.972,0.622
17:49:04.530,33.875,102.418,48.923,True,101.862,47.474,58.083,-231.950,1.297,-5.371,93.700,-34.933,8.718,83.856,84.308,2.336,-5.380,5.865,0.546
17:49:04.551,33.895,104.184,42.808,True,103.293,42.829,48.802,-236.791,0.976,-5.201,92.155,-38.826,12.029,81.634,82.515,1.873,-5.407,5.722,0.729
17:49:04.571,33.916,104.184,38.731,True,104.249,38.241,37.563,-239.665,0.684,-4.854,90.448,-42.651,13.735,81.382,82.533,1.532,-5.244,5.464,0.786
17:49:04.592,33.936,104.184,36.692,True,104.811,34.202,25.540,-237.858,0.651,-4.632,88.583,-46.401,15.601,83.093,84.545,1.587,-4.983,5.230,0.969
17:49:04.613,33.958,105.949,30.577,True,105.467,29.708,16.260,-239.389,0.422,-4.645,86.562,-50.070,19.387,80.647,82.944,1.319,-4.948,5.121,0.439
17:49:04.635,33.980,105.949,26.500,True,105.829,25.287,6.333,-239.686,0.184,-4.554,84.390,-53.651,21.560,80.151,83.000,1.126,-4.843,4.972,0.554
17:49:04.655,34.000,107.715,14.269,True,106.364,19.047,-0.930,-251.504,-1.064,-4.630,82.069,-57.138,25.646,71.407,75.873,-0.195,-4.973,4.977,0.808
17:49:04.676,34.020,107.715,14.269,True,106.664,14.076,-9.057,-250.719,-1.397,-4.691,79.604,-60.524,28.111,74.793,79.902,-0.473,-5.029,5.052,0.618
17:49:04.696,34.040,107.715,8.154,True,106.769,8.850,-17.509,-251.133,-1.683,-4.725,77.000,-63.805,30.715,71.958,78.240,-0.902,-5.054,5.134,0.737
17:49:04.718,34.063,107.715,-2.038,True,106.720,2.465,-25.913,-258.238,-2.806,-4.639,74.260,-66.973,33.455,64.935,73.046,-2.020,-5.077,5.464,0.725
17:49:04.744,34.088,105.949,-8.154,True,106.143,-3.967,-36.730,-262.417,-3.784,-4.398,71.391,-70.024,34.559,61.870,70.868,-2.986,-4.865,5.708,0.555
17:49:04.765,34.109,105.949,-12.231,True,105.534,-9.916,-45.900,-260.888,-4.408,-4.327,68.396,-72.952,37.554,60.721,71.396,-3.514,-4.777,5.930,0.735
17:49:04.785,34.129,104.184,-16.308,True,104.516,-15.406,-56.375,-255.461,-4.502,-4.277,65.281,-75.752,38.903,59.445,71.043,-3.727,-4.546,5.878,0.826
17:49:04.805,34.150,104.184,-26.500,True,103.573,-21.906,-64.500,-256.943,-5.175,-4.513,62.052,-78.419,42.132,51.919,66.864,-4.615,-4.503,6.448,0.778
17:49:04.829,34.173,100.652,-20.385,True,101.904,-25.497,-76.244,-237.291,-4.221,-4.096,58.713,-80.949,41.939,60.564,73.668,-3.586,-4.103,5.450,0.363
17:49:04.852,34.196,100.652,-22.423,True,100.443,-28.426,-84.258,-217.980,-3.434,-4.018,55.272,-83.337,45.380,60.914,75.959,-2.472,-4.004,4.706,0.484
17:49:04.872,34.217,100.652,-26.500,True,99.198,-31.326,-89.592,-203.302,-2.745,-4.038,51.734,-85.578,48.918,59.078,76.702,-1.676,-4.140,4.467,0.910
17:49:04.892,34.237,97.120,-28.538,True,97.339,-33.800,-98.534,-189.393,-1.977,-4.105,48.105,-87.670,49.016,59.131,76.805,-0.872,-3.939,4.034,0.775
17:49:04.912,34.257,97.120,-34.654,True,95.776,-36.906,-103.953,-183.122,-1.712,-4.194,44.391,-89.607,52.729,54.953,76.159,-0.715,-4.040,4.103,0.456
17:49:04.936,34.280,93.589,-40.769,True,93.671,-40.615,-112.419,-181.959,-2.130,-4.177,40.600,-91.387,52.989,50.618,73.280,-1.041,-3.852,3.990,0.714
17:49:04.959,34.304,91.823,-46.885,True,91.516,-44.865,-119.723,-183.837,-2.819,-3.978,36.737,-93.007,55.085,46.123,71.845,-1.705,-3.742,4.112,0.628
17:49:04.980,34.324,86.525,-46.885,True,88.518,-48.157,-131.375,-177.803,-2.773,-3.514,32.810,-94.464,53.715,47.580,71.757,-1.702,-3.194,3.619,0.791
17:49:05.000,34.344,84.759,-46.885,True,85.628,-50.591,-139.666,-166.932,-2.326,-3.279,28.826,-95.755,55.934,48.871,74.276,-1.248,-2.894,3.152,0.716
17:49:05.020,34.365,82.994,-53.000,True,82.872,-53.714,-145.369,-162.948,-2.543,-3.140,24.791,-96.878,58.203,43.878,72.890,-1.409,-2.797,3.132,0.801
17:49:05.046,34.390,79.462,-55.038,True,79.848,-56.523,-151.882,-157.098,-2.414,-2.924,20.712,-97.832,58.750,42.793,72.683,-1.422,-2.601,2.965,0.500
17:49:05.069,34.414,79.462,-55.038,True,76.810,-59.665,-157.227,-154.176,-2.572,-2.942,16.597,-98.613,62.865,43.575,76.490,-1.726,-2.485,3.025,0.663
17:49:05.090,34.434,74.165,-61.154,True,73.806,-62.299,-161.433,-147.753,-2.673,-2.932,12.453,-99.222,61.711,38.068,72.508,-1.737,-2.454,3.007,0.452
17:49:05.110,34.455,72.399,-61.154,True,71.063,-64.160,-163.408,-137.279,-2.221,-3.055,8.287,-99.656,64.111,38.502,74.784,-1.367,-2.623,2.958,0.760
17:49:05.131,34.475,68.867,-59.115,True,68.069,-64.913,-167.075,-121.944,-1.325,-2.972,4.107,-99.916,64.760,40.800,76.541,-0.495,-2.636,2.682,0.920
17:49:05.151,34.496,65.335,-63.192,True,64.878,-66.321,-171.543,-114.431,-1.232,-2.957,-0.081,-100.000,65.416,36.808,75.060,-0.292,-2.559,2.576,0.724
17:49:05.174,34.519,61.804,-63.192,True,61.534,-67.298,-176.254,-105.517,-0.766,-2.947,-4.268,-99.909,66.072,36.717,75.588,0.053,-2.434,2.435,0.416
17:49:05.195,34.540,58.272,-63.192,True,58.072,-67.927,-180.855,-96.169,-0.422,-2.598,-8.448,-99.643,66.720,36.450,76.028,0.461,-2.291,2.337,0.545
17:49:05.216,34.561,54.741,-69.308,True,54.522,-69.723,-185.128,-96.292,-0.834,-2.200,-12.613,-99.201,67.354,29.894,73.690,-0.010,-2.147,2.147,0.742
17:49:05.237,34.581,47.677,-67.269,True,50.084,-70.624,-194.301,-89.633,-0.793,-1.461,-16.756,-98.586,64.434,31.317,71.641,0.099,-1.503,1.506,0.761
17:49:05.258,34.602,44.146,-69.308,True,45.720,-71.692,-200.505,-85.116,-0.776,-1.045,-20.870,-97.798,65.016,28.490,70.984,0.001,-1.057,1.057,0.421
17:49:05.284,34.628,44.146,-69.308,True,41.709,-73.394,-202.677,-85.118,-1.129,-0.873,-24.947,-96.838,69.093,27.531,74.376,-0.550,-0.933,1.083,0.397
17:49:05.304,34.649,38.848,-79.500,True,37.992,-76.338,-202.448,-91.915,-2.174,-1.108,-28.980,-95.709,67.829,16.209,69.738,-1.826,-1.013,2.088,0.772
17:49:05.324,34.669,33.551,-71.346,True,33.838,-76.354,-205.190,-76.665,-1.253,-1.021,-32.963,-94.411,66.513,23.065,70.399,-1.129,-0.803,1.386,0.436
17:49:05.345,34.689,30.019,-71.346,True,29.807,-76.214,-206.383,-63.819,-0.727,-0.872,-36.887,-92.948,66.906,21.602,70.307,-0.588,-0.706,0.918,0.815
17:49:05.365,34.710,26.487,-73.385,True,25.880,-76.473,-206.570,-56.190,-0.592,-0.837,-40.747,-91.322,67.235,17.937,69.586,-0.493,-0.680,0.840,0.602
17:49:05.390,34.734,22.956,-71.346,True,22.041,-76.082,-206.110,-45.563,-0.126,-0.756,-44.536,-89.535,67.491,18.189,69.900,-0.108,-0.698,0.707,0.448
17:49:05.411,34.755,21.190,-73.385,True,18.699,-76.133,-202.556,-39.838,-0.160,-1.142,-48.246,-87.592,69.436,14.207,70.874,-0.157,-1.000,1.013,0.669
17:49:05.431,34.776,10.595,-61.154,True,13.692,-73.209,-210.771,-15.539,1.472,-0.316,-51.872,-85.495,62.467,24.341,67.041,1.558,-0.193,1.570,0.813
17:49:05.451,34.796,12.361,-87.654,True,10.152,-76.831,-206.784,-40.213,-1.176,-0.681,-55.406,-83.247,67.767,-4.406,67.910,-1.225,-0.445,1.303,0.468
17:49:05.471,34.816,8.829,-75.423,True,6.673,-77.119,-203.419,-34.332,-1.579,-0.588,-58.844,-80.854,67.673,5.431,67.890,-1.407,-0.650,1.550,0.489
17:49:05.504,34.848,7.063,-75.423,True,3.642,-77.251,-197.959,-27.810,-1.553,-0.913,-62.178,-78.319,69.241,2.896,69.302,-1.545,-1.059,1.873,0.498
17:49:05.525,34.869,-5.297,-81.538,True,-1.475,-78.675,-207.739,-30.332,-2.568,0.101,-65.403,-75.647,60.106,-5.892,60.394,-2.554,-0.046,2.554,0.799
17:49:05.545,34.890,-7.063,-81.538,True,-5.963,-79.806,-210.026,-28.536,-3.673,0.856,-68.514,-72.842,61.450,-8.697,62.063,-3.255,0.384,3.278,0.824
17:49:05.565,34.909,-12.361,-81.538,True,-10.675,-80.647,-212.599,-23.625,-4.381,1.500,-71.504,-69.909,59.143,-11.630,60.276,-3.725,0.904,3.833,0.399
17:49:05.586,34.930,-15.892,-83.577,True,-15.151,-81.691,-212.220,-19.736,-4.996,1.928,-74.368,-66.853,58.476,-16.724,60.821,-4.327,1.214,4.494,0.735
17:49:05.609,34.953,-19.424,-85.615,True,-19.402,-82.907,-209.770,-16.253,-5.845,2.144,-77.103,-63.680,57.679,-21.935,61.709,-5.015,1.372,5.199,0.726
17:49:05.629,34.974,-22.956,-83.577,True,-23.448,-83.312,-205.967,-6.479,-5.816,2.554,-79.702,-60.396,56.746,-23.181,61.298,-5.158,1.431,5.353,0.845
17:49:05.650,34.995,-24.722,-85.615,True,-26.906,-83.947,-198.669,0.790,-6.282,1.934,-82.161,-57.005,57.439,-28.610,64.170,-5.530,1.174,5.653,0.781
17:49:05.670,35.015,-30.019,-85.615,True,-30.679,-84.323,-194.941,9.575,-6.507,2.022,-84.476,-53.515,54.457,-32.101,63.214,-5.773,1.239,5.905,0.819
17:49:05.690,35.035,-35.316,-81.538,True,-34.750,-83.528,-193.526,25.404,-6.210,2.270,-86.643,-49.930,51.326,-31.608,60.278,-5.345,1.544,5.564,0.730
17:49:05.715,35.060,-37.082,-81.538,True,-38.262,-82.676,-188.002,38.653,-6.065,2.037,-88.658,-46.258,51.575,-35.280,62.488,-5.088,1.503,5.305,0.472
17:49:05.736,35.081,-40.614,-79.500,True,-41.695,-81.344,-182.761,52.781,-5.715,2.197,-90.517,-42.505,49.903,-36.995,62.121,-4.692,1.496,4.925,0.775
17:49:05.757,35.101,-44.146,-77.462,True,-45.070,-79.631,-177.846,66.742,-5.018,2.312,-92.218,-38.677,48.072,-38.784,61.767,-4.243,1.531,4.511,0.751
17:49:05.777,35.121,-47.677,-77.462,True,-48.406,-78.102,-173.250,76.736,-4.559,2.352,-93.756,-34.782,46.079,-42.680,62.808,-4.099,1.611,4.404,0.433
17:49:05.797,35.142,-51.209,-71.346,True,-51.717,-75.354,-168.928,93.135,-3.775,2.575,-95.131,-30.825,43.922,-40.521,59.759,-3.308,1.738,3.736,0.781
17:49:05.826,35.170,-56.506,-69.308,True,-55.424,-72.519,-167.512,106.321,-3.126,2.860,-96.338,-26.814,39.832,-42.493,58.243,-2.714,2.165,3.472,0.568
17:49:05.846,35.190,-61.804,-65.231,True,-59.478,-69.193,-167.691,119.780,-2.720,3.515,-97.376,-22.757,35.572,-42.474,55.403,-2.010,2.801,3.448,0.577
17:49:05.866,35.211,-61.804,-67.269,True,-62.593,-66.907,-160.366,123.190,-3.007,3.466,-98.244,-18.659,36.440,-48.610,60.752,-2.169,2.802,3.543,0.694
17:49:05.887,35.231,-65.335,-65.231,True,-65.692,-64.626,-153.900,126.444,-3.229,3.353,-98.939,-14.528,33.604,-50.702,60.827,-2.345,2.889,3.721,0.797
17:49:05.907,35.251,-65.335,-59.115,True,-67.972,-61.405,-142.719,135.816,-2.704,2.772,-99.461,-10.373,34.125,-48.743,59.501,-1.944,2.543,3.201,0.525
17:49:05.933,35.278,-256.044,201.808,False,-70.827,-58.688,-137.494,139.809,-2.704,2.772,-99.808,-6.199,-156.237,208.006,260.147,0.000,0.000,0.000,0.317
17:49:05.954,35.298,-72.399,-48.923,True,-73.244,-53.927,-130.145,156.374,-1.795,2.941,-99.980,-2.014,27.581,-46.910,54.417,-0.820,2.729,2.849,0.435
17:49:05.975,35.319,-77.696,-61.154,True,-76.341,-53.563,-127.653,140.622,-3.531,3.452,-99.976,2.175,22.280,-63.329,67.134,-2.613,3.212,4.141,0.804
17:49:05.995,35.340,-77.696,-55.038,True,-78.587,-51.847,-119.127,139.096,-4.334,3.610,-99.798,6.360,22.101,-61.398,65.255,-3.221,3.173,4.522,0.933
17:49:06.023,35.368,-75.930,-46.885,True,-79.721,-48.525,-104.739,149.118,-3.726,2.876,-99.444,10.533,23.513,-57.418,62.046,-2.761,2.568,3.770,0.462
17:49:06.046,35.390,-77.696,-40.769,True,-80.818,-44.387,-93.142,162.116,-2.604,2.615,-98.915,14.688,21.219,-55.457,59.378,-1.939,2.168,2.908,0.858
17:49:06.067,35.411,-81.228,-34.654,True,-82.335,-39.598,-86.477,175.973,-1.753,2.537,-98.214,18.817,16.986,-53.471,56.104,-0.922,2.204,2.389,0.839
17:49:06.087,35.432,-82.994,-30.577,True,-83.812,-34.782,-80.326,186.208,-0.925,2.747,-97.339,22.914,14.346,-53.491,55.381,-0.123,2.300,2.303,0.786
17:49:06.107,35.452,-84.759,-24.462,True,-85.264,-29.514,-74.601,196.460,-0.003,2.676,-96.295,26.970,11.535,-51.431,52.709,0.779,2.454,2.574,0.439
17:49:06.130,35.475,-84.759,-20.385,True,-86.291,-24.373,-66.528,202.754,0.756,2.484,-95.081,30.978,10.321,-51.363,52.390,1.413,2.405,2.790,0.671
17:49:06.153,35.498,-86.525,-16.308,True,-87.367,-19.385,-59.919,205.951,1.276,2.368,-93.700,34.933,7.175,-51.241,51.740,1.830,2.494,3.094,0.590
17:49:06.174,35.519,-86.525,-18.346,True,-88.091,-15.982,-51.685,197.494,0.722,2.107,-92.155,38.826,5.630,-57.172,57.449,1.192,2.441,2.716,0.863
17:49:06.194,35.539,-91.823,-14.269,True,-89.752,-12.552,-50.791,191.628,0.480,2.722,-90.448,42.651,-1.374,-56.920,56.937,0.738,3.082,3.169,0.894
17:49:06.215,35.559,-91.823,-10.192,True,-91.013,-9.061,-46.073,187.859,0.296,3.103,-88.583,46.401,-3.240,-56.593,56.686,0.444,3.430,3.458,0.810
17:49:06.235,35.580,-88.291,-6.115,True,-91.087,-5.493,-33.451,185.705,0.162,2.766,-86.562,50.070,-1.729,-56.185,56.212,0.287,3.062,3.075,0.717
17:49:06.261,35.605,-91.823,-4.077,True,-91.772,-2.313,-27.262,181.596,-0.142,3.006,-84.390,53.651,-7.433,-57.728,58.204,-0.057,3.261,3.261,0.448
17:49:06.281,35.626,-90.057,16.308,True,-91.791,4.804,-17.101,204.668,2.239,2.746,-82.069,57.138,-7.988,-40.830,41.604,2.160,3.100,3.778,0.710
17:49:06.302,35.646,-90.057,14.269,True,-91.651,10.147,-7.553,208.454,2.967,2.658,-79.604,60.524,-10.453,-46.255,47.421,2.806,2.975,4.089,0.719
17:49:06.322,35.667,-90.057,18.346,True,-91.396,15.253,1.230,208.858,3.642,2.304,-77.000,63.805,-13.057,-45.458,47.296,3.210,2.904,4.328,0.816
17:49:06.343,35.687,-93.589,18.346,True,-91.887,19.178,3.803,200.604,3.415,2.825,-74.260,66.973,-19.328,-48.627,52.327,2.842,3.409,4.439,0.821
17:49:06.371,35.715,-91.823,34.654,True,-91.814,25.856,10.789,212.299,4.853,2.972,-71.391,70.024,-20.432,-35.370,40.847,4.336,3.545,5.601,0.701
17:49:06.391,35.735,-93.589,36.692,True,-92.061,31.635,15.029,213.466,5.689,3.438,-68.396,72.952,-25.193,-36.260,44.153,5.001,3.947,6.371,0.469
17:49:06.411,35.755,-91.823,40.769,True,-91.775,37.035,23.042,210.629,6.100,3.881,-65.281,75.752,-26.542,-34.983,43.912,5.359,4.024,6.701,0.430
17:49:06.431,35.776,-91.823,44.846,True,-91.432,42.084,30.532,205.117,6.209,3.828,-62.052,78.419,-29.771,-33.573,44.872,5.502,4.146,6.889,0.618
17:49:06.455,35.799,-91.823,57.077,True,-91.054,48.718,37.521,210.451,7.596,3.817,-58.713,80.949,-33.110,-23.872,40.818,6.691,4.315,7.962,0.693
17:49:06.478,35.823,-91.823,61.154,True,-90.657,54.839,44.067,209.271,8.464,4.020,-55.272,83.337,-36.551,-22.183,42.756,7.389,4.530,8.667,0.541
17:49:06.500,35.844,-90.057,67.269,True,-89.841,60.940,52.945,206.683,9.078,4.287,-51.734,85.578,-38.323,-18.309,42.472,8.024,4.530,9.215,1.285
17:49:06.519,35.864,-90.057,69.308,True,-89.078,66.058,60.305,196.662,9.161,4.609,-48.105,87.670,-41.952,-18.362,45.795,8.015,4.656,9.269,0.449
17:49:06.540,35.884,-90.057,69.308,True,-88.380,69.832,66.535,179.152,8.398,4.913,-44.391,89.607,-45.666,-20.299,49.974,7.283,4.885,8.770,0.666
17:49:06.560,35.905,-90.057,73.385,True,-87.748,73.408,71.979,164.142,7.553,5.139,-40.600,91.387,-49.457,-18.003,52.632,6.702,5.194,8.479,0.738
17:49:06.587,35.931,-86.525,75.423,True,-86.359,76.396,82.318,148.436,6.735,5.019,-36.737,93.007,-49.788,-17.584,52.802,5.987,5.049,7.832,0.409
17:49:06.608,35.952,-86.525,75.423,True,-85.134,78.449,89.924,130.115,5.618,5.496,-32.810,94.464,-53.715,-19.041,56.990,4.947,5.126,7.124,0.928
17:49:06.628,35.973,-86.525,77.462,True,-84.076,80.217,95.584,114.468,4.777,5.956,-28.826,95.755,-57.699,-18.294,60.530,4.052,5.373,6.729,0.783
17:49:06.649,35.993,-86.525,77.462,True,-83.178,81.335,99.963,98.437,3.674,6.415,-24.791,96.878,-61.734,-19.417,64.716,3.033,5.744,6.496,0.938
17:49:06.669,36.014,-82.994,77.462,True,-81.600,81.946,108.993,83.285,2.375,6.660,-20.712,97.832,-62.281,-20.370,65.528,2.000,5.689,6.030,1.140
17:49:06.694,36.039,-68.867,83.577,True,-76.969,83.604,136.797,79.123,2.158,4.636,-16.597,98.613,-52.270,-15.036,54.389,1.917,3.816,4.270,0.546
17:49:06.715,36.059,-77.696,77.462,True,-75.037,83.392,139.347,63.388,0.826,4.654,-12.453,99.222,-65.243,-21.760,68.776,0.747,4.112,4.179,0.727
17:49:06.736,36.080,-75.930,81.538,True,-73.105,83.934,142.175,57.086,-0.005,5.054,-8.287,99.656,-67.643,-18.118,70.027,0.370,4.395,4.411,0.794
17:49:06.756,36.101,-74.165,83.577,True,-71.169,84.728,145.245,54.038,-0.252,5.257,-4.107,99.916,-70.058,-16.339,71.938,0.286,4.665,4.674,0.817
17:49:06.777,36.121,-70.633,79.500,True,-68.814,84.343,151.211,43.815,-0.992,5.105,0.081,100.000,-70.714,-20.500,73.625,-0.460,4.665,4.688,0.811
17:49:06.802,36.147,-70.633,79.500,True,-65.790,85.219,160.797,44.760,-0.595,4.591,4.268,99.909,-74.901,-20.409,77.632,-0.200,4.298,4.302,0.402
17:49:06.822,36.167,-61.804,77.462,True,-62.357,83.675,171.016,29.561,-1.971,4.108,8.448,99.643,-70.252,-22.181,73.670,-1.430,3.803,4.063,0.633
17:49:06.843,36.187,-60.038,83.577,True,-59.230,84.082,176.975,31.338,-1.468,3.800,12.613,99.201,-72.651,-15.624,74.312,-1.141,3.640,3.815,0.502
17:49:06.863,36.207,-58.272,85.615,True,-56.351,84.941,180.303,35.140,-0.768,3.791,16.756,98.586,-75.029,-12.971,76.142,-0.594,3.690,3.738,0.420
17:49:06.884,36.228,-51.209,73.385,True,-52.364,82.606,190.284,17.222,-2.145,2.977,20.870,97.798,-72.079,-24.413,76.101,-2.053,3.083,3.704,0.816
17:49:06.908,36.252,-47.677,73.385,True,-48.345,80.634,197.970,6.760,-3.011,2.643,24.947,96.838,-72.624,-23.454,76.318,-2.927,2.606,3.919,0.452
17:49:06.928,36.273,-44.146,75.423,True,-44.329,79.496,203.691,4.641,-3.162,2.452,28.980,95.709,-73.126,-20.286,75.887,-3.063,2.247,3.799,0.417
17:49:06.949,36.293,-44.146,75.423,True,-41.172,78.607,202.408,4.620,-2.975,2.778,32.963,94.411,-77.108,-18.988,79.412,-2.980,2.499,3.889,0.438
17:49:06.969,36.314,-33.551,73.385,True,-36.287,77.455,212.958,2.687,-3.093,1.985,36.887,92.948,-70.438,-19.563,73.104,-3.038,1.630,3.448,0.807
17:49:06.990,36.334,-31.785,81.538,True,-31.971,78.448,216.677,15.046,-1.630,1.671,40.747,91.322,-72.532,-9.783,73.189,-1.711,1.299,2.148,0.759
17:49:07.016,36.361,-28.253,77.462,True,-27.781,78.450,218.411,16.602,-1.025,1.812,44.536,89.535,-72.789,-12.074,73.784,-1.242,1.106,1.663,0.511
17:49:07.036,36.381,-24.722,77.462,True,-23.717,78.475,218.688,17.140,-0.602,1.811,48.246,87.592,-72.968,-10.130,73.667,-0.800,1.015,1.292,0.431
17:49:07.057,36.401,-21.190,77.462,True,-19.772,78.503,217.953,16.712,-0.299,2.014,51.872,85.495,-73.062,-8.033,73.502,-0.387,0.996,1.068,0.862
17:49:07.077,36.422,-10.595,75.423,True,-14.294,78.044,227.368,12.285,-0.186,0.925,55.406,83.247,-66.001,-7.824,66.463,-0.298,-0.005,0.298,0.633
17:49:07.097,36.442,-8.829,81.538,True,-9.533,79.045,228.762,17.870,0.822,0.578,58.844,80.854,-67.673,0.684,67.676,0.760,-0.367,0.844,0.482
17:49:07.124,36.468,-8.829,81.538,True,-4.958,79.402,228.007,16.308,1.028,0.415,62.178,78.319,-71.007,3.219,71.080,1.260,-0.577,1.386,0.520
17:49:07.144,36.489,5.297,91.731,True,1.210,83.116,237.125,35.432,3.612,-0.935,65.403,75.647,-60.106,16.084,62.220,3.797,-1.765,4.188,0.832
17:49:07.164,36.509,8.829,93.769,True,6.721,86.481,238.356,44.421,5.441,-1.713,68.514,72.842,-59.684,20.928,63.247,5.646,-2.341,6.112,0.597
17:49:07.185,36.530,12.361,93.769,True,11.711,89.008,234.954,43.134,6.740,-1.786,71.504,69.909,-59.143,23.861,63.775,6.696,-2.539,7.161,0.839
17:49:07.206,36.550,15.892,95.808,True,16.282,91.343,228.928,38.664,7.770,-1.383,74.368,66.853,-58.476,28.955,65.252,7.528,-2.509,7.935,1.012
17:49:07.231,36.576,22.956,93.769,True,21.368,92.517,226.992,25.737,7.620,-1.447,77.103,63.680,-54.147,30.089,61.946,7.607,-2.874,8.132,0.425
17:49:07.252,36.596,26.487,101.923,True,26.046,95.152,221.970,23.648,8.337,-1.498,79.702,60.396,-53.214,41.527,67.500,8.701,-2.985,9.199,0.799
17:49:07.272,36.616,31.785,97.846,True,30.792,96.149,217.808,9.142,8.559,-1.533,82.161,57.005,-50.376,40.841,64.852,8.688,-3.194,9.257,0.558
17:49:07.292,36.637,33.551,93.769,True,34.774,95.731,208.822,-12.595,7.737,-1.533,84.476,53.515,-50.925,40.255,64.914,7.944,-2.969,8.481,0.463
17:49:07.313,36.658,37.082,99.885,True,38.515,96.507,199.885,-22.227,7.980,-1.313,86.643,49.930,-49.561,49.955,70.368,8.235,-2.727,8.675,0.783
17:49:07.339,36.684,44.146,108.038,True,42.893,98.849,196.766,-20.922,9.036,-1.543,88.658,46.258,-44.512,61.780,76.146,9.564,-3.019,10.029,0.413
17:49:07.360,36.704,51.209,108.038,True,47.846,100.663,197.245,-25.921,10.193,-2.593,90.517,42.505,-39.308,65.534,76.418,10.400,-3.690,11.035,0.697
17:49:07.380,36.724,54.741,106.000,True,52.476,101.505,194.169,-38.344,10.552,-3.203,92.218,38.677,-37.477,67.323,77.051,10.578,-4.101,11.345,0.736
17:49:07.400,36.745,61.804,106.000,True,57.625,101.961,194.068,-52.030,10.486,-4.073,93.756,34.782,-31.952,71.218,78.058,10.610,-4.843,11.663,0.762
17:49:07.421,36.765,65.335,93.769,True,62.396,99.258,189.980,-84.775,8.931,-4.639,95.131,30.825,-29.795,62.944,69.640,8.790,-5.287,10.257,0.764
17:49:07.441,36.785,67.101,106.000,True,66.406,99.525,180.504,-89.915,9.713,-4.711,96.338,26.814,-29.237,79.186,84.411,9.349,-5.265,10.730,0.674
17:49:07.461,36.806,68.867,103.962,True,69.749,99.176,167.926,-99.575,9.901,-4.364,97.376,22.757,-28.509,81.205,86.064,9.504,-4.944,10.713,0.833
17:49:07.482,36.826,77.696,97.846,True,74.175,97.339,164.795,-118.089,9.327,-5.003,98.244,18.659,-20.548,79.187,81.810,8.796,-5.482,10.364,0.790
17:49:07.502,36.847,79.462,101.923,True,77.934,96.592,156.580,-125.528,9.476,-5.344,98.939,14.528,-19.477,87.395,89.539,9.024,-5.595,10.618,0.763
17:49:07.522,36.867,82.994,89.692,True,81.514,93.061,148.035,-150.786,8.205,-5.596,99.461,10.373,-16.467,79.320,81.011,7.549,-5.685,9.451,0.806
17:49:07.542,36.887,84.759,89.692,True,84.541,89.963,136.790,-166.837,7.459,-5.704,99.808,6.199,-15.048,83.494,84.839,6.753,-5.526,8.726,0.644
17:49:07.563,36.908,86.525,83.577,True,87.102,85.917,124.287,-185.374,6.567,-5.252,99.980,2.014,-13.454,81.563,82.666,5.604,-5.227,7.663,0.824
17:49:07.584,36.928,91.823,79.500,True,90.107,81.580,116.964,-201.031,5.395,-5.047,99.976,-2.175,-8.154,81.675,82.081,4.579,-5.385,7.069,0.759
17:49:07.603,36.948,93.589,83.577,True,92.712,78.958,107.646,-201.243,5.640,-4.757,99.798,-6.360,-6.209,89.937,90.151,4.889,-5.370,7.262,0.555
17:49:07.624,36.969,95.354,75.423,True,94.979,75.047,97.361,-210.540,5.175,-4.462,99.444,-10.533,-4.089,85.956,86.053,4.353,-5.259,6.827,0.755
17:49:07.645,36.990,98.886,87.654,True,97.382,74.745,89.550,-193.794,6.636,-4.442,98.915,-14.688,-0.029,102.342,102.342,6.215,-5.370,8.213,0.843
17:49:07.672,37.017,97.120,67.269,True,98.696,70.032,75.382,-212.061,5.632,-3.932,98.214,-18.817,-1.093,86.087,86.094,4.934,-4.888,6.945,0.435
17:49:07.693,37.037,98.886,61.154,True,99.897,64.714,63.328,-229.280,4.440,-3.453,97.339,-22.914,1.547,84.067,84.082,3.587,-4.552,5.795,0.416
17:49:07.713,37.058,100.652,55.038,True,101.045,58.945,53.194,-244.423,3.124,-3.144,96.295,-26.970,4.357,82.008,82.124,2.270,-4.362,4.918,0.620
17:49:07.734,37.078,100.652,50.962,True,101.770,53.338,42.006,-253.815,2.219,-3.425,95.081,-30.978,5.571,81.940,82.129,1.343,-4.054,4.270,0.807
17:49:07.758,37.102,104.184,38.731,True,102.976,46.047,36.080,-271.128,0.608,-3.884,93.700,-34.933,10.484,73.664,74.406,-0.448,-4.213,4.237,0.803
17:49:07.780,37.125,104.184,32.615,True,103.810,38.764,28.166,-282.439,-1.059,-3.827,92.155,-38.826,12.029,71.441,72.447,-1.869,-4.203,4.600,0.418
17:49:07.801,37.146,104.184,26.500,True,104.330,31.578,19.240,-288.702,-1.759,-4.157,90.448,-42.651,13.735,69.151,70.502,-2.962,-4.097,5.056,0.815
17:49:07.822,37.166,104.184,16.308,True,104.591,23.598,10.012,-297.118,-2.931,-4.178,88.583,-46.401,15.601,62.709,64.620,-4.373,-3.952,5.894,0.685
17:49:07.843,37.187,107.715,12.231,True,105.471,16.395,6.358,-296.417,-3.743,-4.165,86.562,-50.070,21.153,62.301,65.794,-5.061,-4.320,6.654,0.890
17:49:07.862,37.207,107.715,6.115,True,106.090,9.456,0.716,-292.665,-4.413,-3.852,84.390,-53.651,23.326,59.766,64.157,-5.518,-4.540,7.146,0.711
17:49:07.892,37.236,107.715,-2.038,True,106.478,2.292,-6.152,-289.943,-5.002,-3.761,82.069,-57.138,25.646,55.099,60.775,-6.107,-4.665,7.685,0.482
17:49:07.912,37.257,109.481,-10.192,True,107.081,-5.060,-10.963,-287.606,-5.742,-4.353,79.604,-60.524,29.877,50.332,58.531,-6.779,-4.995,8.421,0.612
17:49:07.933,37.277,107.715,-12.231,True,107.060,-11.142,-19.923,-275.844,-5.425,-4.204,77.000,-63.805,30.715,51.574,60.027,-6.613,-4.961,8.267,0.729
17:49:07.953,37.297,107.715,-16.308,True,106.907,-16.577,-28.507,-261.722,-4.666,-4.310,74.260,-66.973,33.455,50.665,60.714,-6.185,-4.951,7.923,0.398
17:49:07.975,37.320,107.715,-22.423,True,106.657,-21.954,-36.574,-249.948,-4.336,-4.114,71.391,-70.024,36.324,47.601,59.877,-5.919,-4.981,7.736,0.513
17:49:07.997,37.342,107.715,-30.577,True,106.341,-27.795,-44.075,-243.321,-4.404,-4.259,68.396,-72.952,39.319,42.375,57.807,-6.101,-5.060,7.927,0.868
17:49:08.017,37.362,104.184,-46.885,True,105.163,-35.965,-56.420,-252.507,-6.214,-3.893,65.281,-75.752,38.903,28.868,48.443,-7.797,-4.677,9.092,0.707
17:49:08.038,37.383,104.184,-50.962,True,104.069,-43.326,-65.802,-251.676,-7.308,-4.256,62.052,-78.419,42.132,27.458,50.290,-8.717,-4.523,9.820,0.944
17:49:08.058,37.402,104.184,-48.923,True,103.086,-48.491,-72.912,-234.627,-6.730,-4.065,58.713,-80.949,45.470,32.026,55.617,-8.179,-4.560,9.364,0.433
17:49:08.078,37.423,104.184,-53.000,True,102.221,-53.141,-78.376,-217.541,-6.171,-4.309,55.272,-83.337,48.912,30.337,57.556,-7.563,-4.746,8.929,0.413
17:49:08.107,37.451,104.184,-53.000,True,100.654,-57.491,-88.128,-202.003,-5.957,-4.093,51.734,-85.578,52.450,32.578,61.744,-7.013,-4.535,8.351,0.444
17:49:08.127,37.472,100.652,-57.077,True,99.388,-60.276,-94.269,-179.558,-4.549,-4.268,48.105,-87.670,52.547,30.593,60.804,-5.731,-4.634,7.370,0.499
17:49:08.147,37.492,97.120,-59.115,True,97.400,-62.599,-104.434,-159.782,-3.285,-4.028,44.391,-89.607,52.729,30.492,60.911,-4.555,-4.346,6.296,0.459
17:49:08.168,37.513,97.120,-61.154,True,95.774,-64.608,-110.456,-142.962,-2.467,-3.713,40.600,-91.387,56.520,30.233,64.098,-3.534,-4.412,5.653,0.809
17:49:08.189,37.533,93.589,-67.269,True,93.571,-67.418,-119.484,-135.394,-2.384,-3.375,36.737,-93.007,56.851,25.738,62.406,-3.299,-4.182,5.327,0.519
17:49:08.214,37.558,91.823,-65.231,True,91.337,-68.940,-127.093,-121.103,-1.386,-3.361,32.810,-94.464,59.012,29.233,65.856,-2.405,-4.050,4.710,0.416
17:49:08.234,37.579,90.057,-71.346,True,89.095,-71.359,-133.494,-116.136,-1.609,-3.522,28.826,-95.755,61.231,24.409,65.917,-2.323,-4.004,4.630,0.403
17:49:08.255,37.600,88.291,-73.385,True,86.865,-73.611,-138.893,-110.913,-1.642,-3.509,24.791,-96.878,63.500,23.494,67.707,-2.226,-4.035,4.608,0.938
17:49:08.275,37.620,84.759,-77.462,True,84.245,-76.212,-146.165,-108.814,-1.962,-3.099,20.712,-97.832,64.047,20.370,67.209,-2.433,-3.875,4.576,0.693
17:49:08.296,37.640,82.994,-79.500,True,81.711,-78.647,-151.588,-105.503,-2.187,-3.149,16.597,-98.613,66.396,19.113,69.093,-2.566,-3.858,4.634,0.772
17:49:08.321,37.665,81.228,-85.615,True,79.272,-81.887,-155.639,-107.622,-2.920,-3.444,12.453,-99.222,68.775,13.606,70.108,-3.245,-3.954,5.116,0.550
17:49:08.341,37.686,74.165,-85.615,True,75.696,-84.406,-166.804,-103.357,-3.122,-3.266,8.287,-99.656,65.877,14.041,67.357,-3.406,-3.367,4.790,0.764
17:49:08.361,37.706,72.399,-87.654,True,72.369,-86.747,-173.663,-98.163,-3.341,-3.034,4.107,-99.916,68.292,12.262,69.384,-3.507,-3.108,4.687,0.910
17:49:08.382,37.726,68.867,-87.654,True,68.889,-88.465,-180.093,-89.341,-3.049,-2.871,-0.081,-100.000,68.948,12.346,70.044,-3.285,-2.847,4.347,0.733
17:49:08.402,37.747,68.867,-91.731,True,66.119,-90.596,-180.462,-84.855,-3.200,-3.245,-4.268,-99.909,73.135,8.178,73.591,-3.461,-3.117,4.657,0.796
17:49:08.427,37.772,65.335,-89.692,True,63.167,-91.688,-182.539,-73.763,-2.783,-3.500,-8.448,-99.643,73.784,9.950,74.452,-3.038,-3.239,4.441,0.438
17:49:08.449,37.793,61.804,-101.923,True,60.048,-95.200,-185.691,-80.936,-4.115,-3.505,-12.613,-99.201,74.417,-2.722,74.467,-4.312,-3.256,5.403,0.663
17:49:08.469,37.814,58.272,-101.923,True,56.785,-98.006,-189.413,-79.892,-4.633,-3.659,-16.756,-98.586,75.029,-3.337,75.103,-4.954,-3.202,5.899,0.497
17:49:08.490,37.834,54.741,-97.846,True,53.402,-99.195,-193.321,-67.022,-4.124,-3.585,-20.870,-97.798,75.611,-0.048,75.611,-4.546,-3.105,5.505,0.754
17:49:08.510,37.854,51.209,-97.846,True,49.925,-99.910,-197.140,-53.566,-3.733,-3.340,-24.947,-96.838,76.156,-1.008,76.163,-4.039,-2.986,5.023,0.767
17:49:08.537,37.882,47.677,-93.769,True,46.376,-99.304,-200.683,-34.237,-2.642,-3.074,-28.980,-95.709,76.658,1.939,76.682,-2.919,-2.862,4.088,0.526
17:49:08.558,37.902,40.614,-93.769,True,41.956,-98.543,-209.237,-18.729,-2.078,-2.418,-32.963,-94.411,73.577,0.642,73.580,-2.045,-2.228,3.024,0.948
17:49:08.578,37.923,37.082,-93.769,True,37.611,-97.720,-214.867,-6.658,-1.412,-1.767,-36.887,-92.948,73.970,-0.821,73.974,-1.411,-1.783,2.274,0.643
17:49:08.599,37.943,30.019,-93.769,True,32.548,-96.904,-223.565,2.484,-0.865,-1.010,-40.747,-91.322,70.766,-2.448,70.809,-0.999,-0.981,1.400,0.811
17:49:08.619,37.963,28.253,-93.769,True,28.118,-96.137,-225.312,9.249,-0.655,-0.738,-44.536,-89.535,72.789,-4.234,72.912,-0.780,-0.737,1.073,0.822
17:49:08.645,37.990,26.487,-93.769,True,24.280,-95.445,-222.434,14.186,-0.549,-0.838,-48.246,-87.592,74.733,-6.177,74.988,-0.726,-0.894,1.151,0.678
17:49:08.666,38.010,17.658,-106.000,True,19.326,-97.680,-227.589,-0.878,-2.551,-0.310,-51.872,-85.495,69.530,-20.505,72.491,-2.580,-0.291,2.596,0.798
17:49:08.686,38.031,17.658,-108.038,True,15.444,-100.100,-223.783,-11.371,-4.181,-0.551,-55.406,-83.247,73.065,-24.791,77.156,-4.213,-0.461,4.238,0.793
17:49:08.706,38.051,12.361,-95.808,True,11.292,-99.278,-222.605,4.188,-3.714,-0.306,-58.844,-80.854,71.205,-14.953,72.758,-3.550,-0.388,3.571,0.641
17:49:08.728,38.072,8.829,-99.885,True,7.302,-99.354,-220.365,10.427,-3.913,-0.542,-62.178,-78.319,71.007,-21.565,74.210,-3.695,-0.394,3.716,0.897
17:49:08.753,38.097,5.297,-93.769,True,3.453,-97.897,-217.506,26.228,-2.877,-0.714,-65.403,-75.647,70.701,-18.122,72.986,-2.943,-0.447,2.976,0.479
17:49:08.774,38.118,1.766,-91.731,True,-0.278,-96.061,-214.358,40.889,-2.026,-0.316,-67.490,-73.791,69.256,-17.940,71.541,-2.016,-0.306,2.039,0.701
17:49:08.800,38.145,-3.532,-87.654,True,-4.325,-93.480,-213.408,56.621,-0.829,0.335,-69.020,-72.362,65.489,-15.292,67.250,-0.778,0.155,0.793,0.897
17:49:08.822,38.167,-10.595,-87.654,True,-9.058,-91.257,-216.146,65.388,0.046,1.193,-70.223,-71.195,59.628,-16.459,61.858,-0.002,1.060,1.060,0.834
17:49:08.842,38.187,-14.127,-87.654,True,-13.555,-89.416,-215.106,68.898,0.782,1.672,-71.406,-70.008,57.279,-17.645,59.936,0.356,1.680,1.718,0.361
17:49:08.863,38.208,-14.127,-87.654,True,-17.857,-88.038,-211.654,68.166,0.348,2.214,-72.569,-68.802,58.442,-18.852,61.408,0.345,2.111,2.139,0.724
17:49:08.886,38.231,-21.190,-81.538,True,-21.836,-85.227,-205.694,76.723,1.052,2.290,-73.523,-67.782,52.333,-13.756,54.110,1.260,2.359,2.675,0.517
17:49:08.906,38.251,-30.019,-87.654,True,-27.036,-84.749,-207.699,67.462,0.407,3.322,-74.462,-66.749,44.443,-20.905,49.114,0.557,3.369,3.415,0.505
17:49:08.927,38.272,-30.019,-81.538,True,-30.890,-82.924,-198.895,69.312,0.580,3.194,-75.386,-65.703,45.367,-15.835,48.052,0.836,3.417,3.517,0.855
17:49:08.947,38.292,-33.551,-75.423,True,-34.542,-80.022,-189.818,77.142,1.453,3.016,-76.296,-64.644,42.746,-10.779,44.084,1.714,3.408,3.815,0.331
17:49:08.970,38.314,-38.848,-81.538,True,-38.462,-79.220,-183.599,68.925,0.714,3.314,-77.192,-63.572,38.343,-17.966,42.344,1.137,3.639,3.813,0.667
17:49:08.990,38.334,-44.146,-75.423,True,-42.613,-77.266,-179.182,70.269,0.987,3.944,-78.072,-62.489,33.926,-12.935,36.308,1.402,4.036,4.273,0.571
17:49:09.010,38.355,-45.911,-75.423,True,-46.129,-75.757,-170.457,68.050,1.014,3.826,-78.937,-61.392,33.025,-14.031,35.882,1.347,4.031,4.251,0.719
17:49:09.031,38.375,-51.209,-81.538,True,-49.929,-76.068,-164.706,54.456,-0.157,4.145,-79.786,-60.284,28.577,-21.254,35.615,0.190,4.277,4.282,0.775
17:49:09.052,38.396,-54.741,-73.385,True,-53.577,-74.607,-158.220,56.486,-0.008,4.296,-80.620,-59.164,25.879,-14.220,29.529,0.389,4.448,4.465,0.456
17:49:09.078,38.422,-58.272,-69.308,True,-57.097,-72.508,-151.410,62.030,0.662,4.339,-81.438,-58.033,23.166,-11.275,25.764,0.942,4.575,4.671,0.433
17:49:09.099,38.443,-61.804,-65.231,True,-60.516,-69.864,-144.568,69.298,1.446,4.304,-82.240,-56.890,20.437,-8.340,22.073,1.714,4.683,4.986,0.852
17:49:09.119,38.464,-65.335,-63.192,True,-63.855,-67.250,-137.893,73.849,2.060,4.490,-83.027,-55.737,17.691,-7.456,19.198,2.306,4.787,5.314,0.762
17:49:09.139,38.484,-67.101,-61.154,True,-66.726,-64.700,-128.803,76.177,2.379,4.366,-83.797,-54.572,16.696,-6.582,17.946,2.741,4.645,5.393,0.404
17:49:09.160,38.504,-68.867,-57.077,True,-69.201,-61.759,-118.593,79.882,3.131,4.082,-84.551,-53.397,15.684,-3.680,16.110,3.342,4.353,5.488,0.853
17:49:09.188,38.533,-72.399,-59.115,True,-71.765,-59.918,-110.913,74.617,2.793,4.013,-85.288,-52.211,12.889,-6.905,14.622,3.143,4.244,5.281,0.445
17:49:09.209,38.554,-72.399,-61.154,True,-73.615,-59.060,-99.767,63.982,2.047,3.602,-86.009,-51.015,13.610,-10.139,16.971,2.397,3.770,4.467,0.836
17:49:09.230,38.575,-75.930,-59.115,True,-75.685,-58.091,-92.512,57.012,1.627,3.453,-86.712,-49.809,10.782,-9.306,14.243,1.906,3.592,4.066,0.706
17:49:09.251,38.596,-79.462,-48.923,True,-77.983,-55.084,-88.082,65.384,2.682,3.347,-87.399,-48.594,7.937,-0.330,7.944,2.809,3.644,4.601,0.826
17:49:09.271,38.616,-79.462,-61.154,True,-79.679,-55.492,-80.162,48.324,1.173,3.114,-88.069,-47.369,8.607,-13.785,16.252,1.387,3.354,3.629,0.721
17:49:09.298,38.642,-82.994,-61.154,True,-81.680,-56.067,-75.890,35.336,-0.066,3.116,-88.722,-46.134,5.729,-15.020,16.075,0.187,3.362,3.367,0.421
17:49:09.318,38.663,-88.291,-63.192,True,-84.382,-57.181,-76.770,22.976,-1.544,3.773,-89.358,-44.891,1.067,-18.301,18.332,-1.086,3.846,3.996,0.726
17:49:09.339,38.683,-86.525,-59.115,True,-86.059,-57.278,-69.798,21.549,-2.079,3.204,-89.976,-43.639,3.450,-15.476,15.856,-1.456,3.622,3.904,0.661
17:49:09.359,38.704,-91.823,-61.154,True,-88.470,-57.848,-69.031,17.960,-2.656,2.911,-90.576,-42.378,-1.246,-18.775,18.817,-2.063,3.948,4.455,0.764
17:49:09.380,38.724,-95.354,-55.038,True,-91.130,-56.920,-69.327,25.944,-1.585,2.876,-91.159,-41.110,-4.195,-13.929,14.547,-1.627,4.397,4.689,0.798
17:49:09.407,38.751,-90.057,-55.038,True,-91.945,-56.084,-56.535,31.367,-1.271,2.185,-91.724,-39.833,1.667,-15.206,15.297,-1.374,3.637,3.887,0.410
17:49:09.427,38.772,-97.120,-53.000,True,-94.016,-54.886,-55.241,37.942,-0.859,2.117,-92.271,-38.548,-4.849,-14.452,15.243,-0.974,3.870,3.991,0.708
17:49:09.447,38.792,-95.354,-57.077,True,-95.175,-54.812,-47.648,35.438,-1.073,1.713,-92.801,-37.256,-2.554,-19.821,19.984,-1.385,3.518,3.781,0.719
17:49:09.467,38.812,-98.886,-46.885,True,-96.769,-52.426,-44.632,49.309,-0.240,1.445,-93.312,-35.957,-5.574,-10.928,12.267,-0.279,3.551,3.562,0.409
17:49:09.488,38.832,-97.120,-55.038,True,-97.536,-52.276,-36.510,44.388,-0.985,0.749,-93.805,-34.651,-3.315,-20.388,20.656,-0.831,3.092,3.202,0.850
17:49:09.515,38.859,-98.886,-48.923,True,-98.410,-50.816,-31.105,49.861,-0.705,0.583,-94.279,-33.338,-4.607,-15.586,16.252,-0.453,2.831,2.867,0.428
17:49:09.535,38.880,-98.886,-50.962,True,-98.998,-50.084,-25.066,49.046,-0.823,0.345,-94.736,-32.018,-4.150,-18.944,19.393,-0.627,2.475,2.553,0.787
17:49:09.556,38.900,-100.652,-40.769,True,-99.767,-47.167,-21.741,63.061,0.316,-0.130,-95.174,-30.692,-5.478,-10.077,11.470,0.593,2.332,2.407,0.492
17:49:09.576,38.921,-98.886,-48.923,True,-99.896,-46.607,-14.939,57.235,-0.057,-0.724,-95.593,-29.360,-3.293,-19.563,19.838,0.063,1.840,1.841,0.757
17:49:09.597,38.941,-100.652,-36.692,True,-100.301,-43.425,-11.856,70.497,1.087,-0.973,-95.993,-28.023,-4.659,-8.670,9.842,1.288,1.645,2.089,0.822
17:49:09.622,38.967,-100.652,-38.731,True,-100.565,-41.252,-8.649,72.867,1.306,-1.060,-96.375,-26.680,-4.277,-12.051,12.787,1.610,1.417,2.145,0.432
17:49:09.643,38.988,-95.354,-38.731,True,-99.487,-39.547,2.483,71.183,1.462,-1.998,-96.809,-25.061,1.454,-13.670,13.747,1.521,0.397,1.572,0.490
17:49:09.664,39.008,-95.354,-34.654,True,-98.489,-37.318,9.534,73.358,1.761,-2.938,-97.215,-23.436,1.861,-11.218,11.371,1.784,-0.342,1.817,0.542
17:49:09.684,39.028,-97.120,-38.731,True,-98.024,-36.520,10.631,65.293,0.964,-3.189,-97.594,-21.804,0.474,-16.927,16.934,1.099,-0.586,1.246,0.864
17:49:09.704,39.049,-97.120,-40.769,True,-97.651,-36.504,10.483,54.551,-0.368,-3.013,-97.946,-20.166,0.825,-20.604,20.620,0.081,-0.727,0.731,0.883
17:49:09.730,39.074,-97.120,-38.731,True,-97.367,-36.184,9.480,49.319,-0.608,-2.747,-98.270,-18.522,1.150,-20.209,20.242,-0.526,-0.789,0.948,0.492
17:49:09.751,39.095,-98.886,-32.615,True,-97.574,-34.598,5.249,54.343,-0.350,-2.686,-98.566,-16.873,-0.320,-15.743,15.746,-0.220,-0.539,0.582,0.851
17:49:09.771,39.115,-98.886,-30.577,True,-97.798,-32.829,1.978,59.275,-0.131,-2.207,-98.835,-15.219,-0.051,-15.358,15.358,0.117,-0.340,0.360,0.900
17:49:09.791,39.135,-98.886,-30.577,True,-98.021,-31.396,-0.442,60.663,-0.207,-2.177,-99.076,-13.561,0.190,-17.016,17.017,0.159,-0.191,0.248,0.451
17:49:09.812,39.156,-100.652,-32.615,True,-98.639,-30.748,-4.839,56.621,-0.389,-2.013,-99.290,-11.899,-1.362,-20.716,20.761,-0.308,0.173,0.353,0.728
17:49:09.839,39.183,-105.949,-30.577,True,-100.412,-29.839,-15.501,55.785,-0.237,-1.061,-99.475,-10.234,-6.474,-20.343,21.349,-0.517,1.179,1.287,0.556
17:49:09.859,39.204,-104.184,-28.538,True,-101.526,-28.680,-18.366,57.130,-0.326,-0.672,-99.632,-8.566,-4.551,-19.973,20.485,-0.538,1.559,1.649,0.679
17:49:09.880,39.224,-105.949,-22.423,True,-102.836,-26.349,-21.358,66.045,0.358,0.041,-99.762,-6.895,-6.187,-15.528,16.715,0.165,1.993,2.000,0.784
17:49:09.900,39.244,-107.715,-22.423,True,-104.297,-24.423,-24.063,69.684,0.554,0.582,-99.864,-5.223,-7.852,-17.200,18.908,0.449,2.447,2.488,0.564
17:49:09.921,39.265,-111.247,-20.385,True,-106.281,-22.415,-28.914,72.800,0.830,1.463,-99.937,-3.549,-11.310,-16.836,20.282,0.716,3.150,3.231,0.900
17:49:09.949,39.293,-111.247,-18.346,True,-107.879,-20.352,-29.141,75.319,0.747,2.212,-99.982,-1.874,-11.264,-16.472,19.955,0.957,3.486,3.615,0.429
17:49:09.969,39.314,-114.778,-18.346,True,-109.929,-18.730,-31.625,74.116,0.944,2.989,-100.000,-0.199,-14.779,-18.148,23.404,0.869,4.065,4.157,0.835
17:49:09.989,39.334,-114.778,-14.269,True,-111.541,-16.555,-29.712,76.878,1.729,3.286,-99.989,1.477,-14.789,-15.746,21.602,1.148,4.280,4.431,0.436
17:49:10.010,39.354,-118.310,-14.269,True,-113.570,-14.844,-30.348,75.662,1.533,3.918,-99.950,3.152,-18.360,-17.421,25.310,1.078,4.749,4.869,0.742
17:49:10.030,39.375,-118.310,-14.269,True,-115.137,-13.549,-26.904,72.013,1.240,4.291,-99.883,4.826,-18.427,-19.095,26.536,0.768,4.868,4.928,0.762
17:49:10.060,39.405,-120.076,-20.385,True,-116.698,-14.031,-23.622,57.796,-0.457,4.528,-99.789,6.499,-20.287,-26.884,33.679,-0.581,5.003,5.036,0.630
17:49:10.081,39.426,-123.608,-14.269,True,-118.666,-13.199,-23.175,56.862,-0.722,5.058,-99.666,8.170,-23.942,-22.439,32.814,-0.814,5.407,5.468,0.755
17:49:10.102,39.446,-125.373,-6.115,True,-120.580,-10.680,-21.601,67.616,0.012,5.696,-99.473,10.255,-25.901,-16.371,30.641,-0.042,5.744,5.744,0.771
17:49:10.122,39.467,-125.373,-18.346,True,-122.025,-11.423,-16.460,53.930,-1.741,5.872,-99.236,12.336,-26.137,-30.682,40.306,-1.496,5.766,5.956,0.796
17:49:10.147,39.492,-128.905,-6.115,True,-123.876,-9.362,-14.618,63.462,-1.021,5.895,-98.956,14.412,-29.949,-20.527,36.309,-0.893,6.090,6.155,0.638
17:49:10.169,39.513,-128.905,-2.038,True,-125.269,-6.686,-9.339,74.543,-0.050,5.734,-98.633,16.481,-30.273,-18.520,35.488,-0.064,6.110,6.111,0.460
17:49:10.189,39.534,-130.671,-2.038,True,-126.667,-4.462,-4.749,79.495,0.801,6.928,-98.266,18.543,-32.405,-20.582,38.389,0.284,6.184,6.191,0.747
17:49:10.210,39.554,-128.905,10.192,True,-127.260,0.163,4.685,98.862,2.795,7.045,-97.856,20.597,-31.049,-10.405,32.746,2.047,5.793,6.144,0.410
17:49:10.230,39.575,-128.905,-2.038,True,-127.570,1.170,13.932,88.275,2.656,6.379,-97.403,22.642,-31.502,-24.680,40.019,1.159,5.363,5.487,0.758
17:49:10.257,39.602,-134.203,12.231,True,-128.897,5.095,14.398,100.089,4.048,6.779,-96.908,24.677,-37.295,-12.446,39.317,2.301,5.711,6.158,0.596
17:49:10.280,39.624,-130.671,-16.308,True,-129.088,1.659,22.984,59.619,0.215,6.283,-96.369,26.701,-34.301,-43.008,55.012,-1.400,5.317,5.498,0.512
17:49:10.301,39.645,-132.437,2.038,True,-129.513,2.663,28.093,61.254,-0.066,6.226,-95.789,28.713,-36.648,-26.675,45.327,-1.505,5.201,5.414,0.795
17:49:10.321,39.666,-127.139,2.038,True,-128.530,3.458,41.546,61.522,-0.307,5.919,-95.167,30.713,-31.972,-28.674,42.947,-1.737,4.272,4.611,0.810
17:49:10.341,39.686,-125.373,0.000,True,-127.159,3.599,53.874,57.932,-0.707,4.629,-94.503,32.699,-30.871,-32.699,44.969,-2.348,3.342,4.084,0.416
17:49:10.363,39.707,-121.842,0.000,True,-125.097,3.653,67.216,55.490,-1.414,3.184,-93.797,34.671,-28.045,-34.671,44.593,-2.900,2.214,3.648,0.587
17:49:10.385,39.730,-121.842,0.000,True,-123.752,4.762,71.764,61.448,-1.326,2.985,-93.051,36.628,-28.791,-36.628,46.589,-2.697,1.801,3.243,0.371
17:49:10.406,39.750,-120.076,0.000,True,-121.685,4.302,79.507,56.182,-2.296,2.039,-92.263,38.568,-27.813,-38.568,47.551,-3.529,1.044,3.680,0.451
17:49:10.426,39.771,-114.778,-8.154,True,-118.676,1.802,90.606,40.564,-4.054,0.770,-91.435,40.492,-23.343,-48.646,53.957,-5.437,-0.113,5.438,0.823
17:49:10.447,39.791,-114.778,-4.077,True,-116.331,0.902,93.728,40.977,-4.781,0.130,-90.567,42.398,-24.211,-46.475,52.404,-5.992,-0.617,6.024,0.827
17:49:10.467,39.812,-111.247,-4.077,True,-113.661,0.285,97.471,44.235,-4.973,-0.398,-89.659,44.286,-21.588,-48.363,52.962,-6.304,-1.220,6.421,0.765
17:49:10.496,39.840,-107.715,-6.115,True,-110.744,-0.594,101.098,46.008,-5.556,-1.436,-88.712,46.154,-19.003,-52.269,55.616,-6.760,-1.858,7.011,0.685
17:49:10.517,39.861,-102.418,-6.115,True,-107.220,-1.209,106.870,50.100,-5.653,-2.432,-87.726,48.001,-14.692,-54.117,56.075,-7.010,-2.750,7.531,0.838
17:49:10.536,39.881,-102.418,-6.115,True,-105.083,-0.207,101.220,64.503,-4.851,-2.250,-86.702,49.828,-15.716,-55.943,58.109,-6.266,-2.622,6.793,0.373
17:49:10.558,39.903,-100.652,-6.115,True,-102.373,-0.966,100.147,64.473,-5.558,-2.348,-85.639,51.633,-15.013,-57.748,59.668,-6.800,-2.895,7.390,0.830
17:49:10.584,39.928,-98.886,-6.115,True,-99.972,-1.403,96.683,67.667,-5.642,-2.510,-84.539,53.415,-14.347,-59.530,61.235,-7.056,-2.944,7.646,0.896
17:49:10.604,39.948,-97.120,-4.077,True,-97.803,-1.082,92.103,75.720,-5.502,-2.476,-83.402,55.174,-13.718,-59.251,60.818,-6.842,-2.867,7.419,0.427
17:49:10.625,39.969,-90.057,0.000,True,-94.497,0.325,95.405,89.105,-4.677,-3.259,-82.228,56.908,-7.829,-56.908,57.444,-6.060,-3.518,7.007,0.725
17:49:10.645,39.989,-88.291,2.038,True,-91.548,2.091,94.767,101.451,-3.839,-3.532,-81.018,58.618,-7.273,-56.579,57.045,-5.264,-3.838,6.515,0.788
17:49:10.665,40.010,-86.525,2.038,True,-88.908,3.624,91.643,109.099,-3.517,-3.376,-79.773,60.302,-6.752,-58.263,58.653,-4.810,-3.929,6.210,0.862
17:49:10.686,40.031,-82.994,4.077,True,-86.113,5.398,89.770,116.355,-2.986,-3.668,-78.493,61.959,-4.501,-57.882,58.057,-4.325,-4.123,5.975,0.750
17:49:10.711,40.055,-82.994,8.154,True,-84.008,7.826,83.310,125.892,-1.912,-3.284,-77.178,63.589,-5.816,-55.435,55.740,-3.554,-3.877,5.259,0.438
17:49:10.731,40.076,-82.994,10.192,True,-82.494,10.308,74.351,132.963,-1.251,-2.611,-75.829,65.192,-7.165,-54.999,55.464,-2.922,-3.342,4.440,0.837
17:49:10.752,40.096,-79.462,10.192,True,-80.647,12.321,69.841,134.734,-1.066,-2.247,-74.447,66.765,-5.015,-56.573,56.795,-2.719,-3.152,4.163,0.841
17:49:10.772,40.116,-77.696,16.308,True,-78.889,15.317,65.740,142.295,-0.119,-2.091,-73.033,68.310,-4.664,-52.002,52.211,-1.938,-2.963,3.540,0.554
17:49:10.793,40.137,-75.930,16.308,True,-77.192,17.731,62.168,143.438,0.099,-1.594,-71.586,69.824,-4.344,-53.517,53.693,-1.679,-2.788,3.254,0.848
17:49:10.824,40.169,-75.930,20.385,True,-75.944,20.550,56.468,146.558,0.839,-1.070,-70.108,71.308,-5.822,-50.924,51.255,-1.205,-2.378,2.666,0.462
17:49:10.845,40.189,-74.165,26.500,True,-74.663,24.183,52.579,153.661,1.859,-1.106,-68.599,72.761,-5.565,-46.261,46.594,-0.302,-2.084,2.105,0.752
17:49:10.865,40.210,-72.399,30.577,True,-73.330,28.029,50.158,159.370,2.654,-0.795,-67.060,74.181,-5.338,-43.605,43.930,0.563,-1.887,1.970,0.814
17:49:10.886,40.230,-72.399,34.654,True,-72.343,32.016,46.170,163.481,3.321,-0.185,-65.492,75.570,-6.906,-40.916,41.495,1.363,-1.513,2.037,0.720
17:49:10.907,40.252,-72.399,38.731,True,-71.648,36.088,41.561,165.959,3.789,0.469,-63.895,76.925,-8.503,-38.194,39.129,2.083,-1.034,2.325,0.459
17:49:10.930,40.275,-70.633,38.731,True,-70.774,39.249,39.717,160.645,3.715,0.660,-62.270,78.246,-8.363,-39.515,40.390,2.126,-0.761,2.259,0.836
17:49:10.950,40.295,-70.633,44.846,True,-70.131,43.017,37.153,159.924,4.094,1.326,-60.618,79.533,-10.015,-34.687,36.103,2.594,-0.389,2.623,0.817
17:49:10.971,40.315,-74.165,40.769,True,-70.499,44.949,29.046,146.263,3.049,2.250,-58.939,80.785,-15.226,-40.016,42.814,1.867,0.549,1.947,0.709
17:49:10.991,40.336,-68.867,46.885,True,-69.674,47.644,31.783,140.913,3.109,2.617,-57.234,82.001,-11.633,-35.117,36.993,1.834,0.558,1.917,0.596
17:49:11.012,40.356,-68.867,53.000,True,-68.998,51.052,33.191,141.025,3.486,2.654,-55.504,83.182,-13.363,-30.182,33.008,2.302,0.687,2.403,0.809
17:49:11.038,40.383,-68.867,53.000,True,-68.458,53.670,33.788,134.961,3.017,2.720,-53.750,84.326,-15.117,-31.326,34.783,2.222,0.900,2.398,0.452
17:49:11.059,40.403,-67.101,57.077,True,-67.624,56.534,36.679,131.476,2.869,2.802,-51.972,85.433,-15.129,-28.356,32.140,2.365,0.912,2.535,0.613
17:49:11.079,40.424,-65.335,61.154,True,-66.529,59.626,40.929,129.658,3.240,2.723,-50.172,86.503,-15.164,-25.349,29.538,2.668,0.788,2.782,0.800
17:49:11.099,40.443,-65.335,61.154,True,-65.623,61.971,43.122,122.549,3.042,2.630,-48.349,87.535,-16.986,-26.381,31.377,2.489,0.839,2.627,0.452
17:49:11.120,40.464,-65.335,69.308,True,-64.895,65.558,43.968,124.896,3.699,2.731,-46.505,88.528,-18.830,-19.220,26.907,3.175,1.016,3.334,0.770
17:49:11.146,40.491,-61.804,69.308,True,-63.501,68.346,49.433,120.285,3.766,2.391,-44.641,89.483,-17.163,-20.175,26.487,3.262,0.767,3.351,0.408
17:49:11.167,40.511,-61.804,67.269,True,-62.348,69.943,52.091,108.264,3.298,2.476,-42.758,90.398,-19.046,-23.129,29.962,2.640,0.749,2.744,0.426
17:49:11.187,40.532,-61.804,71.346,True,-61.422,71.931,52.870,101.677,3.094,2.666,-40.855,91.274,-20.949,-19.927,28.913,2.452,0.902,2.612,0.821
17:49:11.208,40.552,-58.272,73.385,True,-59.878,73.830,57.918,95.753,2.913,2.291,-38.935,92.109,-19.338,-18.725,26.918,2.296,0.659,2.389,0.795
17:49:11.228,40.572,-58.272,75.423,True,-58.616,75.670,59.956,90.545,2.488,2.043,-36.997,92.904,-21.275,-17.481,27.536,2.181,0.670,2.282,0.443
17:49:11.256,40.600,-56.506,77.462,True,-57.205,77.477,62.722,86.033,2.543,2.018,-35.043,93.659,-21.463,-16.197,26.889,2.113,0.606,2.198,0.460
17:49:11.277,40.622,-54.741,77.462,True,-55.670,78.794,65.817,79.042,2.358,1.822,-33.074,94.372,-21.666,-16.911,27.485,1.794,0.500,1.862,0.898
17:49:11.297,40.642,-44.146,79.500,True,-51.982,80.172,82.432,74.020,1.975,0.472,-31.090,95.044,-13.055,-15.544,20.299,1.621,-0.909,1.858,0.729
17:49:11.318,40.662,-45.911,79.500,True,-49.306,81.152,87.318,67.404,1.757,-0.381,-29.093,95.674,-16.818,-16.174,23.334,1.273,-1.360,1.863,0.813
17:49:11.338,40.682,-47.677,83.577,True,-47.587,82.750,84.345,66.432,1.765,-0.191,-26.410,96.449,-21.267,-12.872,24.859,1.382,-0.971,1.689,0.434
17:49:11.363,40.708,-47.677,83.577,True,-45.900,84.079,82.350,63.593,1.555,0.184,-23.707,97.149,-23.970,-13.572,27.546,1.332,-0.634,1.475,0.468
17:49:11.384,40.728,-40.614,83.577,True,-43.227,84.851,87.612,57.656,1.093,0.053,-20.985,97.773,-19.629,-14.196,24.224,0.985,-0.958,1.374,0.845
17:49:11.404,40.749,-38.848,81.538,True,-40.774,84.812,90.067,48.111,0.392,0.003,-18.247,98.321,-20.601,-16.783,26.572,0.258,-1.055,1.086,0.831
17:49:11.424,40.769,-40.614,73.385,True,-39.392,82.605,85.261,27.660,-1.432,0.387,-15.495,98.792,-25.119,-25.408,35.728,-1.596,-0.466,1.662,0.707
17:49:11.445,40.790,-35.316,83.577,True,-37.100,83.262,88.006,31.592,-1.285,0.147,-12.730,99.186,-22.586,-15.609,27.455,-1.292,-0.542,1.401,1.060
17:49:11.471,40.816,-31.785,85.615,True,-34.479,84.311,92.347,36.888,-0.639,-0.463,-9.956,99.503,-21.829,-13.888,25.872,-0.804,-0.786,1.124,0.453
17:49:11.493,40.837,-30.019,85.615,True,-32.009,85.184,94.706,39.401,-0.427,-0.615,-7.174,99.742,-22.845,-14.127,26.860,-0.513,-0.871,1.011,0.747
17:49:11.513,40.858,-33.551,79.500,True,-30.925,84.447,87.708,30.644,-1.043,0.053,-4.386,99.904,-29.165,-20.404,35.593,-1.255,-0.074,1.257,0.809
17:49:11.534,40.878,-28.253,83.577,True,-28.956,84.712,88.947,30.975,-1.223,0.434,-1.595,99.987,-26.658,-16.410,31.304,-1.196,0.018,1.196,0.442
17:49:11.560,40.905,-26.487,85.615,True,-27.016,85.398,90.030,33.864,-0.481,0.328,1.198,99.993,-27.685,-14.377,31.196,-0.872,0.125,0.881,0.851
17:49:11.581,40.925,-28.253,79.500,True,-25.922,84.546,85.667,25.652,-1.242,1.128,3.989,99.920,-32.242,-20.420,38.165,-1.555,0.754,1.728,0.586
17:49:11.601,40.946,-24.722,81.538,True,-24.328,84.241,86.435,23.480,-1.825,1.404,6.778,99.770,-31.499,-18.232,36.395,-1.725,0.953,1.971,0.557
17:49:11.622,40.966,-22.956,89.692,True,-22.682,85.868,87.848,34.633,-0.726,1.154,9.561,99.542,-32.516,-9.850,33.975,-0.632,1.099,1.268,0.460
17:49:11.642,40.987,-21.190,85.615,True,-20.987,86.341,89.700,34.487,-0.328,1.029,12.336,99.236,-33.526,-13.621,36.187,-0.480,1.205,1.297,0.785
17:49:11.665,41.009,-15.892,97.846,True,-18.426,89.545,97.226,52.029,1.303,0.663,15.102,98.853,-30.995,-1.007,31.011,1.377,0.769,1.577,0.462
17:49:11.688,41.032,-14.127,85.615,True,-15.934,89.430,102.412,41.590,1.136,0.479,17.857,98.393,-31.983,-12.777,34.441,0.785,0.494,0.928,0.410
17:49:11.708,41.053,-14.127,87.654,True,-13.941,89.655,103.057,35.984,1.073,0.823,20.597,97.856,-34.723,-10.202,36.191,0.587,0.608,0.845,0.606
17:49:11.729,41.073,-12.361,95.808,True,-11.992,91.638,103.571,43.096,2.270,0.902,23.321,97.243,-35.682,-1.435,35.711,1.577,0.736,1.740,0.837
17:49:11.749,41.093,-8.829,93.769,True,-9.667,92.795,106.754,41.800,2.560,0.687,26.027,96.554,-34.856,-2.784,34.967,1.877,0.613,1.974,0.791
17:49:11.769,41.114,-8.829,106.000,True,-7.833,96.508,106.027,56.870,4.507,0.926,28.713,95.789,-37.542,10.211,38.906,3.761,0.835,3.853,0.803
17:49:11.799,41.143,-10.595,95.808,True,-6.848,97.218,100.276,46.332,4.130,1.616,31.376,94.950,-41.971,0.858,41.980,3.413,1.548,3.747,0.430
17:49:11.819,41.164,-1.766,101.923,True,-4.127,99.023,108.161,45.098,4.548,1.040,34.015,94.037,-35.781,7.886,36.640,3.897,1.030,4.031,0.820
17:49:11.840,41.184,-1.766,106.000,True,-1.918,101.337,110.581,46.376,5.276,0.719,36.628,93.051,-38.394,12.949,40.519,4.662,0.960,4.760,0.793
17:49:11.860,41.205,-1.766,112.115,True,-0.185,104.555,109.407,51.850,6.728,1.201,39.212,91.992,-40.977,20.124,45.652,5.895,1.211,6.018,0.587
17:49:11.881,41.226,1.766,103.962,True,1.948,105.213,111.532,37.247,6.102,1.400,41.765,90.861,-39.999,13.101,42.090,5.338,1.163,5.464,0.824
17:49:11.907,41.252,5.297,110.077,True,4.439,106.915,115.631,32.571,6.423,1.148,44.286,89.659,-38.988,20.418,44.011,5.643,0.909,5.716,0.620
17:49:11.928,41.272,5.297,110.077,True,6.413,108.150,115.278,24.811,6.524,1.174,46.772,88.388,-41.474,21.689,46.803,5.669,1.037,5.763,0.508
17:49:11.948,41.292,7.063,116.192,True,8.334,110.400,114.880,24.689,7.424,1.420,49.221,87.047,-42.158,29.145,51.252,6.405,1.172,6.511,0.470
17:49:11.968,41.313,8.829,112.115,True,10.213,111.177,114.535,13.396,7.183,1.465,51.633,85.639,-42.804,26.476,50.330,6.140,1.304,6.277,0.721
17:49:11.988,41.333,12.361,108.038,True,12.470,110.654,116.997,-4.423,6.246,1.369,54.004,84.164,-41.643,23.874,48.001,5.206,1.171,5.336,0.708
17:49:12.012,41.357,12.361,110.077,True,14.241,110.452,115.663,-15.864,5.898,1.754,56.333,82.623,-43.972,27.454,51.839,4.756,1.372,4.950,0.423
17:49:12.034,41.378,14.127,118.231,True,15.990,112.015,114.773,-13.272,6.594,1.799,58.618,81.018,-44.491,37.213,58.002,5.577,1.539,5.786,1.151
17:49:12.054,41.398,15.892,118.231,True,17.730,113.256,114.281,-14.835,7.065,1.870,60.857,79.350,-44.965,38.881,59.444,6.080,1.674,6.307,0.902
17:49:12.074,41.418,19.424,108.038,True,19.878,111.816,116.817,-34.842,5.646,1.607,63.049,77.620,-43.625,30.419,53.183,4.870,1.522,5.102,0.541
17:49:12.094,41.439,21.190,106.000,True,21.976,109.930,118.380,-52.665,4.418,1.394,65.192,75.829,-44.002,30.171,53.352,3.718,1.432,3.984,0.817
17:49:12.122,41.467,22.956,103.962,True,24.021,107.735,119.202,-67.809,3.360,1.431,67.283,73.979,-44.328,29.982,53.515,2.685,1.389,3.023,0.436
17:49:12.143,41.487,26.487,103.962,True,26.424,105.817,122.181,-77.016,2.756,0.850,69.323,72.072,-42.836,31.890,53.403,2.098,1.125,2.380,0.776
17:49:12.163,41.508,30.019,99.885,True,29.135,103.256,126.250,-88.033,1.801,0.332,71.308,70.108,-41.289,29.777,50.906,1.274,0.716,1.462,0.841
17:49:12.183,41.527,33.551,91.731,True,32.100,99.227,130.608,-105.564,0.001,-0.159,73.238,68.090,-39.687,23.641,46.195,-0.256,0.225,0.341,0.694
17:49:12.204,41.548,33.551,93.769,True,34.442,96.338,129.297,-110.149,-0.456,-0.317,75.111,66.018,-41.560,27.751,49.973,-0.716,0.211,0.747,0.826
17:49:12.227,41.571,37.082,99.885,True,37.041,95.471,129.814,-99.897,-0.111,-0.661,76.925,63.895,-39.842,35.989,53.690,0.195,0.016,0.196,0.718
17:49:12.248,41.592,40.614,85.615,True,39.864,91.647,131.338,-112.298,-1.216,-0.840,78.679,61.722,-38.065,23.893,44.942,-0.934,-0.303,0.982,0.806
17:49:12.268,41.612,44.146,89.692,True,42.875,89.469,133.244,-109.934,-1.127,-0.767,80.371,59.502,-36.226,30.191,47.157,-0.776,-0.697,1.042,0.531
17:49:12.288,41.632,44.146,81.538,True,45.216,85.939,129.683,-117.094,-1.878,-0.262,82.001,57.234,-37.856,24.304,44.986,-1.492,-0.618,1.615,0.474
17:49:12.308,41.653,47.677,77.462,True,47.779,82.171,128.212,-123.398,-2.377,-0.535,83.568,54.922,-35.890,22.539,42.381,-2.194,-0.731,2.312,0.702
17:49:12.336,41.680,51.209,77.462,True,50.544,79.183,128.032,-122.315,-2.651,-0.664,85.068,52.568,-33.860,24.894,42.026,-2.256,-0.981,2.460,0.537
17:49:12.357,41.701,54.741,73.385,True,53.485,75.958,128.514,-122.798,-2.833,-0.932,86.503,50.172,-31.763,23.213,39.341,-2.459,-1.324,2.792,0.706
17:49:12.377,41.721,54.741,69.308,True,55.750,72.527,123.787,-124.151,-3.022,-0.910,87.870,47.737,-33.130,21.571,39.533,-2.751,-1.209,3.005,0.520
17:49:12.397,41.742,58.272,69.308,True,58.236,69.873,121.373,-119.624,-2.833,-1.373,89.169,45.265,-30.897,24.043,39.149,-2.501,-1.302,2.820,0.493
17:49:12.418,41.762,61.804,63.192,True,60.929,66.484,120.438,-121.035,-3.348,-1.567,90.398,42.758,-28.594,20.435,35.146,-2.773,-1.546,3.175,0.806
17:49:12.443,41.788,61.804,63.192,True,63.337,64.064,117.262,-115.337,-3.175,-1.759,91.557,40.217,-29.753,22.976,37.591,-2.386,-1.603,2.875,0.642
17:49:12.464,41.808,65.335,63.192,True,65.585,62.162,113.342,-107.844,-2.405,-1.880,92.644,37.645,-27.308,25.548,37.396,-1.772,-1.594,2.384,0.661
17:49:12.484,41.829,68.867,57.077,True,68.123,59.224,111.776,-109.135,-2.586,-2.313,93.659,35.043,-24.792,22.034,33.168,-1.923,-1.810,2.641,0.805
17:49:12.504,41.849,72.399,61.154,True,70.880,58.093,111.338,-98.570,-1.816,-2.627,94.601,32.414,-22.202,28.739,36.316,-0.942,-2.159,2.355,0.441
17:49:12.525,41.870,72.399,57.077,True,72.931,56.358,105.798,-95.143,-1.508,-1.879,95.469,29.760,-23.070,27.316,35.755,-0.534,-2.052,2.120,0.768
17:49:12.550,41.894,75.930,59.115,True,75.261,55.584,102.937,-86.894,-0.533,-2.116,96.263,27.083,-20.332,32.032,37.940,0.384,-2.188,2.222,0.448
17:49:12.571,41.915,79.462,50.962,True,77.830,53.159,101.700,-92.071,-0.655,-2.621,96.981,24.385,-17.519,26.577,31.832,0.112,-2.493,2.495,1.071
17:49:12.590,41.935,81.228,59.115,True,80.186,53.155,98.645,-80.478,1.102,-3.045,97.624,21.667,-16.397,37.448,40.880,1.410,-2.654,3.005,0.457
17:49:12.611,41.955,82.994,59.115,True,82.354,53.317,94.460,-71.901,2.406,-3.003,98.191,18.933,-15.198,40.182,42.960,2.555,-2.719,3.731,0.473
17:49:12.631,41.976,82.994,63.192,True,83.952,54.516,86.976,-59.976,4.001,-3.166,98.682,16.184,-15.688,47.008,49.557,4.130,-2.473,4.814,0.736
17:49:12.661,42.005,86.525,63.192,True,85.885,55.613,83.162,-53.436,5.100,-3.089,99.095,13.422,-12.570,49.770,51.333,5.345,-2.546,5.920,0.650
17:49:12.681,42.026,90.057,63.192,True,88.131,56.554,81.756,-51.233,6.265,-3.577,99.431,10.650,-9.374,52.542,53.372,6.254,-2.852,6.873,0.681
17:49:12.701,42.045,90.057,53.000,True,89.834,54.942,76.339,-67.945,5.709,-3.266,99.690,7.870,-9.633,45.130,46.147,5.434,-2.807,6.116,0.414
17:49:12.722,42.066,93.589,61.154,True,91.878,55.342,73.978,-67.531,6.084,-3.927,99.871,5.083,-6.282,56.071,56.421,6.120,-3.043,6.835,0.858
17:49:12.743,42.088,93.589,61.154,True,93.412,55.656,68.078,-69.143,6.948,-4.041,99.974,2.293,-6.385,58.861,59.206,6.661,-2.965,7.291,0.461
17:49:12.766,42.111,93.589,61.154,True,94.773,54.273,61.986,-82.829,6.716,-4.352,99.999,-0.500,-6.410,61.653,61.986,6.084,-2.855,6.720,0.443
17:49:12.788,42.132,97.120,61.154,True,96.325,55.026,58.124,-79.885,7.696,-4.689,99.946,-3.292,-2.826,64.445,64.507,7.005,-2.942,7.598,1.110
17:49:12.808,42.152,97.120,61.154,True,97.390,55.492,51.459,-81.234,8.234,-4.471,99.815,-6.081,-2.695,67.235,67.289,7.594,-2.766,8.082,0.865
17:49:12.828,42.172,97.120,59.115,True,98.086,55.211,43.683,-88.378,8.531,-4.094,99.606,-8.865,-2.486,67.981,68.026,7.658,-2.460,8.044,0.546
17:49:12.848,42.193,98.886,57.077,True,98.942,54.345,38.513,-98.430,8.617,-3.791,99.320,-11.643,-0.434,68.720,68.722,7.416,-2.368,7.785,0.620
17:49:12.874,42.219,98.886,57.077,True,99.512,53.516,32.379,-106.442,8.536,-3.541,98.956,-14.412,-0.070,71.489,71.489,7.309,-2.172,7.624,0.485
17:49:12.895,42.240,100.652,55.038,True,100.277,52.257,28.667,-115.896,7.918,-3.331,98.515,-17.169,2.137,72.208,72.239,7.019,-2.186,7.351,1.064
17:49:12.915,42.260,100.652,55.038,True,100.803,51.142,23.876,-122.580,7.894,-3.326,97.997,-19.913,2.655,74.952,74.999,6.931,-2.098,7.242,0.816
17:49:12.936,42.281,100.652,48.923,True,101.134,48.745,18.612,-136.468,7.176,-3.086,97.403,-22.642,3.249,71.565,71.639,6.118,-1.955,6.423,0.811
17:49:12.956,42.301,100.652,40.769,True,101.307,44.792,13.298,-157.006,5.629,-2.863,96.733,-25.353,3.919,66.122,66.238,4.556,-1.792,4.896,0.915
17:49:12.982,42.326,98.886,38.731,True,100.948,40.972,5.528,-170.813,4.402,-2.431,95.987,-28.044,2.899,66.774,66.837,3.446,-1.379,3.711,0.448
17:49:13.002,42.347,97.120,32.615,True,100.143,36.408,-3.309,-185.426,2.968,-1.945,95.167,-30.713,1.953,63.328,63.358,2.125,-0.820,2.278,0.753
17:49:13.023,42.367,97.120,26.500,True,99.390,31.259,-9.511,-199.261,1.576,-1.499,94.272,-33.358,2.848,59.858,59.926,0.728,-0.456,0.859,0.730
17:49:13.043,42.388,97.120,22.423,True,98.716,26.146,-13.628,-208.174,0.216,-1.267,93.304,-35.977,3.816,58.400,58.525,-0.355,-0.255,0.437,1.002
17:49:13.063,42.408,93.589,18.346,True,97.315,21.138,-21.584,-213.011,-0.848,-0.477,92.263,-38.568,1.326,56.915,56.930,-1.163,0.325,1.207,0.770
17:49:13.095,42.439,93.589,20.385,True,96.117,17.693,-25.963,-205.251,-0.374,-0.056,91.150,-41.130,2.438,61.514,61.562,-0.853,0.620,1.055,0.456
17:49:13.116,42.460,90.057,8.154,True,94.310,12.324,-33.174,-211.820,-1.612,1.031,89.966,-43.659,0.091,51.812,51.812,-1.858,1.207,2.216,0.767
17:49:13.136,42.480,90.057,8.154,True,92.811,8.103,-36.189,-207.900,-1.871,1.535,88.712,-46.154,1.345,54.307,54.324,-1.967,1.450,2.443,0.781
17:49:13.156,42.500,90.057,2.038,True,91.615,3.502,-36.319,-206.777,-1.865,1.153,87.389,-48.613,2.668,50.651,50.721,-2.339,1.431,2.743,0.878
17:49:13.176,42.520,88.291,0.000,True,90.285,-0.486,-37.353,-201.001,-2.080,1.332,85.997,-51.034,2.294,51.034,51.085,-2.297,1.484,2.735,0.457
17:49:13.199,42.544,86.525,-12.231,True,88.837,-6.303,-38.910,-208.095,-3.437,1.133,84.539,-53.415,1.986,41.184,41.232,-3.459,1.581,3.803,0.416
17:49:13.220,42.565,86.525,-24.462,True,87.702,-13.719,-38.007,-222.389,-5.321,1.007,83.015,-55.755,3.511,31.293,31.489,-5.419,1.443,5.607,1.052
17:49:13.240,42.585,82.994,-24.462,True,86.024,-19.630,-41.077,-220.878,-6.202,0.995,81.426,-58.051,1.568,33.589,33.626,-6.071,1.657,6.293,0.828
17:49:13.261,42.605,81.228,-34.654,True,84.279,-26.513,-43.748,-224.611,-8.035,0.993,79.773,-60.302,1.455,25.648,25.689,-7.268,1.845,7.498,0.834
17:49:13.281,42.626,82.994,-26.500,True,83.308,-29.958,-40.583,-202.794,-7.033,0.343,78.058,-62.506,4.936,36.006,36.342,-6.139,1.490,6.318,1.017
17:49:13.307,42.652,77.696,-42.808,True,81.381,-36.058,-44.854,-203.613,-7.755,0.189,76.282,-64.661,1.414,21.853,21.899,-7.008,1.793,7.234,0.426
17:49:13.328,42.673,81.228,-30.577,True,80.657,-37.910,-40.035,-174.623,-5.732,-0.122,74.447,-66.765,6.781,36.188,36.818,-5.115,1.257,5.267,0.738
17:49:13.348,42.693,79.462,-32.615,True,79.765,-39.361,-38.055,-150.694,-3.778,-0.522,72.554,-68.818,6.908,36.203,36.856,-3.470,0.924,3.591,0.765
17:49:13.369,42.713,79.462,-38.731,True,79.110,-41.528,-35.457,-137.999,-2.942,-1.197,70.604,-70.817,8.858,32.086,33.286,-2.699,0.490,2.743,0.604
17:49:13.389,42.734,79.462,-40.769,True,78.647,-43.470,-32.829,-127.081,-2.185,-1.835,68.599,-72.761,10.863,31.992,33.785,-2.005,0.004,2.005,0.529
17:49:13.422,42.767,79.462,-42.808,True,78.333,-45.268,-30.574,-118.068,-1.443,-2.414,66.541,-74.648,12.921,31.840,34.362,-1.414,-0.500,1.500,0.511
17:49:13.443,42.788,77.696,-50.962,True,77.715,-48.403,-31.641,-120.253,-2.483,-3.115,64.431,-76.477,13.265,25.515,28.758,-1.823,-0.742,1.968,0.760
17:49:13.463,42.808,75.930,-48.923,True,76.815,-50.370,-34.924,-113.628,-2.397,-2.549,62.270,-78.246,13.660,29.323,32.348,-1.443,-0.794,1.648,0.765
17:49:13.483,42.827,75.930,-48.923,True,76.073,-51.779,-36.840,-104.982,-2.082,-2.896,60.061,-79.954,15.869,31.031,34.853,-0.832,-0.977,1.283,0.440
17:49:13.505,42.850,75.930,-48.923,True,75.474,-52.727,-37.940,-95.705,-0.991,-2.904,57.805,-81.600,18.125,32.677,37.367,-0.098,-1.250,1.254,0.460
17:49:13.527,42.871,75.930,-48.923,True,74.998,-53.313,-38.653,-86.770,-0.224,-3.230,55.504,-83.182,20.426,34.259,39.886,0.675,-1.583,1.721,0.676
17:49:13.547,42.892,72.399,-50.962,True,73.801,-54.099,-44.693,-81.917,0.111,-3.118,53.160,-84.699,19.239,33.738,38.838,1.135,-1.436,1.831,0.695
17:49:13.567,42.912,72.399,-53.000,True,72.789,-55.101,-48.420,-80.069,0.303,-2.986,50.775,-86.151,21.624,33.151,39.580,1.345,-1.484,2.003,0.393
17:49:13.588,42.932,68.867,-53.000,True,71.134,-55.842,-55.979,-77.179,0.537,-2.831,48.349,-87.535,20.518,34.535,40.170,1.662,-1.164,2.029,0.606
17:49:13.616,42.960,68.867,-53.000,True,69.748,-56.367,-60.123,-73.897,1.186,-2.612,45.886,-88.851,22.981,35.851,42.584,2.035,-1.124,2.324,0.789
17:49:13.639,42.983,67.101,-53.000,True,68.210,-56.719,-64.637,-70.678,1.818,-2.654,43.388,-90.097,23.714,37.097,44.029,2.424,-1.036,2.636,0.583
17:49:13.659,43.003,65.335,-53.000,True,66.550,-56.940,-69.181,-67.820,2.022,-2.345,40.855,-91.274,24.480,38.274,45.433,2.804,-0.928,2.953,0.563
17:49:13.679,43.023,61.804,-53.000,True,64.385,-57.066,-76.222,-65.491,2.273,-2.120,38.291,-92.379,23.513,39.379,45.865,3.154,-0.563,3.204,0.408
17:49:13.699,43.043,60.038,-55.038,True,62.205,-57.601,-81.691,-66.875,2.540,-1.757,35.696,-93.412,24.342,38.373,45.443,3.170,-0.302,3.184,0.388
17:49:13.721,43.066,58.272,-55.038,True,60.037,-58.032,-85.822,-67.432,2.558,-1.425,33.074,-94.372,25.198,39.334,46.713,3.244,-0.134,3.247,0.399
17:49:13.746,43.091,52.975,-69.308,True,57.079,-61.687,-94.260,-89.257,0.494,-0.553,30.426,-95.259,22.548,25.951,34.379,1.284,0.467,1.366,0.434
17:49:13.766,43.111,54.741,-55.038,True,55.088,-61.513,-93.993,-79.016,1.154,-0.639,27.755,-96.071,26.986,41.033,49.111,2.139,0.309,2.161,0.568
17:49:13.787,43.132,52.975,-50.962,True,53.154,-60.275,-93.716,-64.885,2.547,-1.166,25.061,-96.809,27.913,45.847,53.676,3.446,0.134,3.448,0.720
17:49:13.808,43.152,47.677,-53.000,True,50.443,-59.581,-98.942,-58.873,3.319,-1.856,22.348,-97.471,25.329,44.471,51.178,4.109,0.465,4.135,0.786
17:49:13.828,43.172,47.677,-57.077,True,48.281,-59.903,-99.188,-61.693,3.837,-1.829,19.618,-98.057,28.059,40.980,49.665,3.984,0.363,4.001,0.386
17:49:13.857,43.201,44.146,-50.962,True,45.797,-58.773,-101.728,-54.339,4.171,-1.722,16.873,-98.566,27.273,47.605,54.864,4.791,0.470,4.814,0.424
17:49:13.877,43.221,40.614,-59.115,True,43.031,-59.687,-105.570,-63.046,3.883,-1.712,14.114,-98.999,26.500,39.884,47.885,4.138,0.716,4.200,0.510
17:49:13.898,43.242,38.848,-59.115,True,40.439,-60.522,-107.264,-68.750,3.216,-1.572,11.344,-99.354,27.504,40.239,48.741,3.676,0.787,3.760,0.717
17:49:13.918,43.263,37.082,-59.115,True,38.012,-61.251,-107.497,-72.055,3.082,-1.676,8.566,-99.632,28.517,40.517,49.546,3.373,0.729,3.451,0.815
17:49:13.939,43.284,33.551,-65.231,True,35.325,-63.282,-109.529,-82.863,2.008,-1.756,5.780,-99.833,27.770,34.602,44.368,2.308,0.837,2.455,0.806
17:49:13.965,43.310,33.551,-65.231,True,33.134,-64.939,-107.809,-87.604,1.364,-1.705,2.991,-99.955,30.560,34.725,46.257,1.688,0.604,1.793,0.616
17:49:13.986,43.330,26.487,-63.192,True,29.712,-65.705,-114.669,-84.762,1.385,-1.386,0.199,-100.000,26.289,36.807,45.232,1.720,1.170,2.080,0.728
17:49:14.006,43.351,22.956,-63.192,True,26.228,-66.277,-119.781,-81.209,1.448,-1.001,-2.594,-99.966,25.549,36.774,44.778,1.820,1.638,2.449,0.817
17:49:14.027,43.371,22.956,-69.308,True,23.608,-68.261,-117.824,-87.209,0.486,-1.040,-5.384,-99.855,28.340,30.547,41.669,1.005,1.479,1.788,0.804
17:49:14.047,43.392,19.424,-69.308,True,20.799,-69.832,-117.639,-88.185,0.200,-0.947,-8.170,-99.666,27.594,30.358,41.025,0.578,1.472,1.581,0.769
17:49:14.068,43.413,15.892,-77.462,True,17.828,-73.016,-118.534,-98.374,-1.183,-0.736,-10.950,-99.399,26.842,21.937,34.666,-0.784,1.568,1.753,0.881
17:49:14.089,43.433,14.127,-75.423,True,15.140,-75.088,-117.335,-97.431,-1.776,-0.866,-13.721,-99.054,27.847,23.631,36.523,-1.225,1.475,1.917,1.193
17:49:14.108,43.453,10.595,-75.423,True,12.275,-76.657,-117.638,-92.469,-1.722,-0.714,-16.481,-98.633,27.076,23.209,35.662,-1.321,1.516,2.011,0.679
17:49:14.129,43.474,8.829,-77.462,True,9.667,-78.262,-116.181,-88.170,-1.716,-0.914,-19.229,-98.134,28.058,20.672,34.851,-1.484,1.394,2.036,0.795
17:49:14.149,43.494,1.766,-81.538,True,6.043,-80.378,-121.783,-87.418,-2.486,-0.258,-21.961,-97.559,23.727,16.020,28.629,-1.994,1.935,2.778,0.523
17:49:14.170,43.514,1.766,-83.577,True,3.179,-82.464,-120.609,-85.529,-3.270,-0.283,-24.677,-96.908,26.442,13.331,29.613,-2.441,1.891,3.088,0.801
17:49:14.190,43.534,-1.766,-83.577,True,0.178,-84.035,-120.586,-79.604,-3.208,-0.159,-27.373,-96.181,25.607,12.604,28.541,-2.540,1.953,3.204,0.555
17:49:14.210,43.554,-5.297,-83.577,True,-2.945,-85.151,-121.254,-71.252,-2.872,-0.193,-30.048,-95.379,24.750,11.802,27.420,-2.407,2.088,3.187,0.756
17:49:14.231,43.575,-8.829,-85.615,True,-6.174,-86.353,-122.254,-64.837,-2.838,0.064,-32.699,-94.503,23.870,8.887,25.471,-2.430,2.271,3.326,0.884
17:49:14.251,43.595,-12.361,-79.500,True,-9.489,-85.755,-123.315,-47.370,-1.843,0.162,-35.325,-93.553,22.964,14.053,26.923,-1.394,2.481,2.846,0.953
17:49:14.271,43.616,-12.361,-77.462,True,-12.049,-84.554,-118.839,-30.356,-0.748,-0.177,-37.923,-92.530,25.563,15.069,29.673,-0.276,2.189,2.206,0.555
17:49:14.296,43.640,-15.892,-79.500,True,-14.767,-83.845,-116.587,-21.119,-0.251,-0.292,-40.492,-91.435,24.600,11.935,27.342,0.231,2.077,2.090,0.572
17:49:14.316,43.661,-19.424,-81.538,True,-17.640,-83.633,-115.880,-17.415,-0.032,-0.251,-43.029,-90.269,23.605,8.730,25.168,0.268,2.101,2.118,0.548
17:49:14.336,43.681,-22.956,-79.500,True,-20.655,-82.939,-116.152,-11.107,0.077,0.149,-45.533,-89.032,22.577,9.532,24.507,0.557,2.225,2.293,0.919
17:49:14.357,43.702,-26.487,-81.538,True,-23.794,-82.784,-116.952,-9.769,-0.255,0.563,-48.001,-87.726,21.514,6.188,22.386,0.403,2.414,2.448,1.101
17:49:14.379,43.723,-26.487,-81.538,True,-26.133,-82.979,-111.992,-10.597,-0.510,0.056,-50.432,-86.352,23.945,4.813,24.424,0.025,2.080,2.080,0.808
17:49:14.400,43.744,-33.551,-79.500,True,-29.834,-82.149,-117.071,-3.982,-0.207,0.618,-52.823,-84.910,19.273,5.410,20.018,0.319,2.674,2.693,1.139
17:49:14.427,43.771,-33.551,-79.500,True,-32.175,-82.229,-111.576,-4.637,-0.244,0.341,-55.174,-83.402,21.623,3.902,21.972,-0.052,2.323,2.324,0.853
17:49:14.447,43.792,-40.614,-73.385,True,-36.384,-79.475,-118.876,12.851,1.297,1.488,-57.481,-81.829,16.867,8.444,18.863,1.304,3.181,3.438,1.018
17:49:14.468,43.812,-40.614,-71.346,True,-39.297,-76.943,-115.566,23.880,2.841,1.062,-59.743,-80.192,19.129,8.846,21.076,2.190,3.105,3.800,1.126
17:49:14.502,43.846,-44.146,-61.154,True,-42.291,-72.345,-113.305,44.236,4.655,0.924,-61.959,-78.493,17.813,17.339,24.859,4.083,3.123,5.140,0.885
17:49:14.522,43.867,-52.975,-59.115,True,-46.709,-68.305,-119.993,55.066,5.248,1.524,-64.127,-76.732,11.152,17.617,20.850,5.243,4.014,6.603,1.248
17:49:14.550,43.894,-52.975,-59.115,True,-49.108,-67.204,-111.746,44.294,4.415,1.059,-66.244,-74.911,13.269,15.796,20.630,4.410,3.548,5.660,0.396
17:49:14.571,43.916,-52.975,-61.154,True,-51.825,-64.795,-107.383,44.499,4.390,1.051,-68.310,-73.033,15.335,11.879,19.398,4.533,3.406,5.670,1.349
17:49:14.592,43.936,-44.146,-73.385,True,-51.284,-66.498,-84.051,19.429,1.913,-0.633,-70.322,-71.097,26.177,-2.288,26.277,2.187,1.395,2.594,1.180
17:49:14.617,43.962,-47.677,-73.385,True,-51.595,-67.994,-72.797,3.396,0.079,-1.465,-72.280,-69.106,24.603,-4.279,24.972,0.446,0.339,0.560,1.033
17:49:14.638,43.982,-65.335,-69.308,True,-56.112,-68.271,-91.078,0.346,-0.560,-0.062,-74.181,-67.060,8.846,-2.247,9.127,-0.229,2.042,2.055,1.064
17:49:14.659,44.004,-65.335,-69.308,True,-57.934,-68.264,-86.882,0.816,-0.969,-0.338,-76.025,-64.963,10.690,-4.345,11.539,-0.632,1.771,1.881,0.559
17:49:14.680,44.025,-70.633,-75.423,True,-62.867,-70.339,-102.992,-10.815,-3.136,1.846,-77.809,-62.815,7.176,-12.608,14.507,-2.245,3.447,4.113,1.169
17:49:14.700,44.045,-72.399,-71.346,True,-66.959,-70.770,-108.424,-7.526,-3.171,2.868,-79.533,-60.618,7.134,-10.728,12.884,-2.581,4.282,5.000,1.020
17:49:14.733,44.078,-75.930,-71.346,True,-70.886,-71.031,-110.507,-2.903,-3.398,3.453,-81.194,-58.374,5.264,-12.973,14.000,-2.806,4.884,5.632,0.959
17:49:14.754,44.098,-79.462,-69.308,True,-74.682,-70.645,-110.383,5.635,-2.990,4.325,-82.793,-56.084,3.331,-13.224,13.637,-2.658,5.331,5.957,1.079
17:49:14.775,44.119,-79.462,-69.308,True,-76.890,-70.532,-99.430,11.096,-3.104,3.769,-84.326,-53.750,4.864,-15.557,16.300,-2.771,4.775,5.521,0.467
17:49:14.795,44.140,-84.759,-75.423,True,-80.596,-71.804,-100.269,7.531,-3.933,4.279,-85.794,-51.375,1.035,-24.048,24.071,-3.753,5.292,6.488,1.125
17:49:14.815,44.160,-86.525,-75.423,True,-83.670,-72.680,-95.991,8.906,-4.338,4.342,-87.195,-48.959,0.670,-26.464,26.472,-4.347,5.367,6.907,0.702
17:49:14.860,44.205,-93.589,-79.500,True,-87.661,-74.314,-97.785,6.620,-5.296,5.188,-88.528,-46.505,-5.060,-32.995,33.380,-5.339,6.031,8.055,1.230
17:49:14.884,44.229,-93.589,-79.500,True,-89.616,-74.181,-85.394,17.590,-5.106,4.632,-89.792,-44.015,-3.796,-35.485,35.687,-5.131,5.387,7.440,0.809
17:49:14.905,44.249,-95.354,-73.385,True,-92.529,-73.696,-81.703,28.946,-4.807,4.910,-90.986,-41.491,-4.368,-31.893,32.191,-4.832,5.509,7.328,1.056
17:49:14.926,44.270,-98.886,-69.308,True,-95.468,-72.064,-78.349,45.298,-3.927,4.975,-92.109,-38.935,-6.777,-30.373,31.120,-3.985,5.672,6.932,1.217
17:49:14.946,44.290,-100.652,-77.462,True,-97.980,-72.805,-72.488,43.389,-4.657,4.992,-93.160,-36.348,-7.492,-41.114,41.791,-4.795,5.602,7.374,0.867
17:49:14.967,44.311,-100.652,-75.423,True,-99.736,-72.811,-62.877,47.822,-4.861,4.589,-94.139,-33.732,-6.513,-41.691,42.197,-5.057,5.153,7.220,1.049
17:49:14.994,44.338,-100.652,-73.385,True,-100.910,-72.227,-51.767,55.870,-4.793,3.782,-95.044,-31.090,-5.608,-42.294,42.664,-4.972,4.503,6.708,0.895
17:49:15.014,44.358,-102.418,-69.308,True,-102.059,-70.679,-43.233,68.826,-4.013,3.167,-95.875,-28.425,-6.543,-40.883,41.403,-4.380,4.027,5.950,0.781
17:49:15.034,44.378,-104.184,-67.269,True,-103.221,-68.822,-36.874,80.914,-3.458,3.208,-96.631,-25.736,-7.552,-41.533,42.214,-3.785,3.707,5.298,0.706
17:49:15.054,44.399,-104.184,-69.308,True,-104.011,-67.697,-29.600,85.490,-3.433,2.612,-97.312,-23.028,-6.871,-46.279,46.787,-3.822,3.268,5.028,0.707
17:49:15.078,44.422,-104.184,-61.154,True,-104.505,-64.859,-22.247,100.715,-2.858,2.642,-97.917,-20.302,-6.266,-40.852,41.329,-2.832,2.777,3.966,0.704
17:49:15.111,44.455,-104.184,-59.115,True,-104.771,-61.975,-15.368,112.236,-2.203,2.196,-98.446,-17.560,-5.737,-41.555,41.949,-2.071,2.286,3.085,1.001
17:49:15.131,44.475,-90.057,-48.923,True,-101.580,-57.213,12.351,133.053,-0.474,-0.222,-98.898,-14.805,8.841,-34.118,35.245,-0.333,-0.229,0.404,0.998
17:49:15.151,44.495,-88.291,-46.885,True,-98.296,-52.767,31.897,145.505,0.755,-1.971,-99.273,-12.038,10.982,-34.847,36.537,0.806,-2.228,2.369,0.778
17:49:15.171,44.516,-88.291,-44.846,True,-95.477,-48.690,41.706,151.545,1.190,-3.455,-99.570,-9.261,11.279,-35.585,37.330,1.459,-3.497,3.789,0.814
17:49:15.192,44.536,-86.525,-40.769,True,-92.752,-44.520,46.992,156.060,1.390,-4.470,-99.790,-6.477,13.265,-34.292,36.768,2.033,-4.442,4.885,1.000
17:49:15.213,44.558,-98.886,-36.692,True,-93.460,-40.303,27.001,159.112,1.873,-3.148,-99.932,-3.688,1.046,-33.004,33.020,2.522,-3.055,3.962,0.545
17:49:15.234,44.579,-97.120,-38.731,True,-93.898,-37.496,14.277,151.458,1.202,-2.581,-99.996,-0.897,2.876,-37.834,37.943,2.039,-2.170,2.978,0.565
17:49:15.255,44.599,-97.120,-36.692,True,-94.430,-34.985,4.439,143.854,0.856,-1.916,-99.982,1.896,2.862,-38.588,38.694,1.498,-1.432,2.072,0.851
17:49:15.275,44.619,-95.354,-32.615,True,-94.577,-32.226,-0.057,139.997,0.783,-1.807,-99.890,4.687,4.536,-37.302,37.577,1.247,-1.097,1.660,0.646
17:49:15.297,44.642,-97.120,-30.577,True,-95.170,-29.694,-6.204,135.674,0.350,-1.176,-99.720,7.474,2.600,-38.051,38.140,0.919,-0.549,1.070,0.550
17:49:15.326,44.671,-95.354,-26.500,True,-95.308,-26.869,-7.423,134.521,0.420,-1.002,-99.473,10.255,4.118,-36.755,36.985,0.855,-0.391,0.940,0.654
17:49:15.347,44.691,-97.120,-18.346,True,-95.843,-22.821,-10.772,141.684,1.011,-0.411,-99.148,13.029,2.027,-31.375,31.440,1.574,-0.000,1.574,0.781
17:49:15.367,44.711,-97.120,-14.269,True,-96.306,-18.658,-12.395,147.194,1.900,-0.356,-98.745,15.792,1.625,-30.061,30.105,2.214,0.282,2.232,0.709
17:49:15.387,44.732,-97.120,-12.231,True,-96.685,-14.904,-12.682,147.969,2.437,-0.246,-98.266,18.543,1.145,-30.774,30.795,2.471,0.478,2.516,0.675
17:49:15.409,44.753,-98.886,-8.154,True,-97.392,-11.064,-14.674,148.685,2.835,0.007,-97.710,21.280,-1.176,-29.433,29.457,2.745,0.866,2.878,0.478
17:49:15.432,44.777,-100.652,-4.077,True,-98.375,-7.157,-17.427,149.175,3.414,0.496,-97.077,23.999,-3.574,-28.076,28.303,3.022,1.376,3.320,0.598
17:49:15.454,44.798,-100.652,0.000,True,-99.171,-3.204,-17.546,149.342,3.705,0.910,-96.369,26.701,-4.282,-26.701,27.042,3.292,1.695,3.702,0.701
17:49:15.474,44.818,-100.652,2.038,True,-99.785,0.307,-15.789,146.023,3.684,0.988,-95.586,29.381,-5.066,-27.343,27.808,3.253,1.872,3.753,0.621
17:49:15.494,44.839,-100.652,8.154,True,-100.229,4.372,-12.784,146.863,3.943,1.093,-94.729,32.039,-5.923,-23.885,24.608,3.598,1.951,4.093,0.685
17:49:15.519,44.864,-100.652,8.154,True,-100.523,7.506,-9.031,140.761,3.458,0.875,-93.797,34.671,-6.855,-26.517,27.389,3.314,1.967,3.854,0.804
17:49:15.546,44.890,-100.652,16.308,True,-100.692,11.712,-4.911,143.095,3.954,0.898,-92.793,37.276,-7.859,-20.969,22.393,3.794,1.948,4.265,0.603
17:49:15.566,44.911,-107.715,20.385,True,-102.399,15.924,-11.484,144.174,4.310,1.881,-91.716,39.853,-16.000,-19.468,25.199,4.201,2.942,5.129,0.881
17:49:15.586,44.931,-104.184,20.385,True,-102.990,19.174,-7.813,137.952,4.053,2.047,-90.567,42.398,-13.616,-22.014,25.884,3.952,3.069,5.004,0.819
17:49:15.607,44.951,-104.184,22.423,True,-103.387,22.047,-3.091,130.581,3.453,2.191,-89.348,44.910,-14.836,-22.487,26.940,3.558,3.104,4.722,0.997
17:49:15.630,44.974,-104.184,22.423,True,-103.620,24.139,2.165,119.857,2.722,2.304,-88.059,47.388,-16.124,-24.965,29.719,2.797,3.085,4.165,0.717
17:49:15.650,44.994,-104.184,30.577,True,-103.717,27.475,7.577,120.280,2.806,2.578,-86.702,49.828,-17.482,-19.251,26.004,3.010,3.043,4.280,0.681
17:49:15.671,45.015,-104.184,32.615,True,-103.709,30.516,12.886,118.273,2.823,2.487,-85.277,52.229,-18.907,-19.614,27.243,3.015,2.999,4.253,0.769
17:49:15.691,45.035,-104.184,22.423,True,-103.622,30.452,17.931,96.107,0.949,2.481,-83.785,54.590,-20.399,-32.167,38.090,1.105,2.970,3.169,0.930
17:49:15.711,45.055,-105.949,32.615,True,-103.887,32.430,19.930,94.207,0.766,2.466,-82.228,56.908,-23.721,-24.293,33.954,0.914,3.220,3.347,0.794
17:49:15.731,45.076,-105.949,32.615,True,-104.060,33.919,22.788,89.735,0.832,2.348,-80.607,59.182,-25.342,-26.567,36.715,0.467,3.410,3.442,0.723
17:49:15.755,45.099,-111.247,36.692,True,-105.380,35.941,18.124,90.270,0.343,3.668,-78.923,61.410,-32.324,-24.717,40.691,0.458,4.329,4.353,0.425
17:49:15.776,45.120,-105.949,32.615,True,-105.234,36.555,25.595,81.491,-0.572,3.743,-77.178,63.589,-28.772,-30.974,42.275,-0.424,4.185,4.207,0.785
17:49:15.796,45.141,-105.949,34.654,True,-105.007,37.364,32.320,76.970,-0.884,3.356,-75.372,65.719,-30.577,-31.066,43.589,-0.984,4.085,4.202,0.801
17:49:15.816,45.161,-105.949,36.692,True,-104.730,38.390,38.288,75.615,-0.895,2.937,-73.508,67.798,-32.442,-31.106,44.945,-1.288,4.035,4.236,0.693
17:49:15.837,45.181,-105.949,38.731,True,-104.425,39.630,43.546,76.473,-0.887,3.413,-71.586,69.824,-34.363,-31.094,46.343,-1.397,4.036,4.271,0.473
17:49:15.865,45.210,-105.949,40.769,True,-104.111,41.069,48.181,78.747,-1.004,3.479,-69.609,71.796,-36.341,-31.027,47.784,-1.363,4.086,4.307,0.423
17:49:15.886,45.230,-104.184,40.769,True,-103.388,42.208,54.994,78.684,-1.092,3.255,-67.577,73.711,-36.607,-32.942,49.247,-1.527,3.924,4.211,0.770
17:49:15.906,45.251,-104.184,40.769,True,-102.728,43.082,60.162,77.222,-1.398,3.356,-65.492,75.570,-38.691,-34.800,52.039,-1.824,3.891,4.298,0.517
17:49:15.927,45.271,-104.184,42.808,True,-102.143,44.204,64.097,78.192,-1.480,3.517,-63.357,77.369,-40.827,-34.561,53.491,-1.903,3.962,4.396,0.855
17:49:15.947,45.291,-104.184,48.923,True,-101.633,46.501,67.164,86.920,-0.812,3.688,-61.172,79.108,-43.012,-30.185,52.546,-1.233,4.114,4.295,0.764
17:49:15.973,45.318,-100.652,42.808,True,-100.374,46.977,75.064,81.159,-1.320,3.420,-58.939,80.785,-41.713,-37.977,56.411,-1.848,3.814,4.238,0.446
17:49:15.993,45.338,-100.652,48.923,True,-99.286,48.675,80.184,85.447,-1.024,3.405,-56.660,82.399,-43.991,-33.476,55.280,-1.558,3.736,4.048,0.425
17:49:16.015,45.359,-100.652,59.115,True,-98.372,52.413,83.324,101.981,0.456,3.625,-54.338,83.949,-46.314,-24.834,52.552,-0.055,3.828,3.829,0.826
17:49:16.035,45.380,-97.120,55.038,True,-96.802,54.589,90.556,102.988,0.904,3.262,-51.972,85.433,-45.148,-30.395,54.426,0.153,3.534,3.537,0.869
17:49:16.056,45.400,-97.120,59.115,True,-95.486,57.221,94.564,106.442,1.563,3.602,-49.567,86.851,-47.554,-27.736,55.051,0.624,3.505,3.560,0.809
17:49:16.082,45.427,-95.354,59.115,True,-94.003,59.296,99.077,104.802,1.588,3.465,-47.122,88.201,-48.232,-29.086,56.323,0.669,3.417,3.482,0.429
17:49:16.103,45.447,-93.589,55.038,True,-92.386,59.916,103.705,93.724,0.858,2.990,-44.641,89.483,-48.947,-34.444,59.852,-0.171,3.302,3.307,0.730
17:49:16.124,45.468,-88.291,73.385,True,-89.842,64.484,113.575,111.782,3.001,2.286,-42.125,90.694,-46.166,-17.310,49.304,1.671,2.670,3.149,0.820
17:49:16.144,45.488,-91.823,85.615,True,-88.559,71.109,112.566,137.205,5.493,2.277,-39.577,91.835,-52.246,-6.220,52.615,4.422,2.996,5.341,0.835
17:49:16.164,45.508,-86.525,73.385,True,-86.358,73.745,118.388,127.404,5.234,1.924,-36.997,92.904,-49.528,-19.520,53.236,4.124,2.704,4.931,0.446
17:49:16.184,45.529,-84.759,75.423,True,-84.169,76.091,122.769,117.603,5.325,1.446,-34.389,93.901,-50.371,-18.478,53.653,3.781,2.513,4.540,0.530
17:49:16.205,45.550,-82.994,75.423,True,-82.011,77.741,125.977,105.224,4.994,0.863,-31.753,94.825,-51.240,-19.402,54.791,3.145,2.408,3.961,1.145
17:49:16.225,45.570,-79.462,71.346,True,-79.485,77.871,130.970,85.782,3.267,0.417,-29.093,95.674,-50.369,-24.328,55.936,1.761,2.119,2.755,0.764
17:49:16.246,45.591,-65.335,75.423,True,-74.187,78.619,152.930,75.806,2.518,-1.441,-26.410,96.449,-38.925,-21.026,44.241,1.122,0.182,1.137,0.840
17:49:16.266,45.611,-75.930,79.500,True,-72.244,79.988,145.970,72.530,2.446,-0.670,-23.707,97.149,-52.223,-17.649,55.125,1.052,0.782,1.311,0.736
17:49:16.286,45.631,-77.696,95.808,True,-71.269,84.777,134.791,92.312,4.396,0.661,-20.985,97.773,-56.711,-1.966,56.745,3.171,1.854,3.673,0.421
17:49:16.307,45.651,-72.399,69.308,True,-69.462,82.600,132.758,59.353,1.727,0.777,-18.247,98.321,-54.152,-29.013,61.434,0.514,2.176,2.235,0.734
17:49:16.327,45.672,-72.399,77.462,True,-68.106,82.318,128.689,48.638,-0.206,1.153,-15.495,98.792,-56.904,-21.331,60.771,-0.323,2.723,2.742,0.762
17:49:16.348,45.692,-68.867,71.346,True,-66.307,80.515,129.191,31.061,-1.862,0.597,-12.730,99.186,-56.137,-27.840,62.661,-1.894,2.891,3.457,0.720
17:49:16.368,45.713,-65.335,79.500,True,-64.098,80.756,132.670,32.453,-2.263,0.336,-9.956,99.503,-55.380,-20.003,58.881,-1.822,2.787,3.330,0.723
17:49:16.391,45.735,-61.804,73.385,True,-61.528,79.542,137.848,23.947,-2.779,-0.114,-7.174,99.742,-54.630,-26.358,60.656,-2.663,2.503,3.654,0.854
17:49:16.413,45.757,-61.804,79.500,True,-59.476,79.900,138.358,28.622,-2.349,0.325,-4.386,99.904,-57.418,-20.404,60.935,-2.325,2.622,3.505,0.526
17:49:16.434,45.778,-63.570,81.538,True,-58.302,80.720,133.268,35.028,-1.788,0.950,-1.595,99.987,-61.975,-18.449,64.663,-1.766,3.281,3.726,0.998
17:49:16.453,45.798,-58.272,79.500,True,-56.249,80.974,135.985,35.723,-2.007,1.093,1.198,99.993,-59.470,-20.493,62.902,-1.670,3.261,3.664,0.550
17:49:16.474,45.819,-58.272,85.615,True,-54.631,82.601,135.443,45.151,-0.746,1.332,3.989,99.920,-62.261,-14.305,63.884,-0.719,3.539,3.611,0.885
17:49:16.496,45.840,-52.975,85.615,True,-52.167,83.995,141.108,49.853,-0.094,1.199,6.778,99.770,-59.752,-14.155,61.406,-0.101,3.246,3.248,0.634
17:49:16.517,45.862,-54.741,75.423,True,-50.598,82.769,139.537,35.448,-1.043,1.823,9.561,99.542,-64.301,-24.119,68.676,-1.223,3.598,3.800,0.708
17:49:16.538,45.882,-45.911,81.538,True,-47.367,83.027,149.825,34.999,-1.072,1.234,12.336,99.236,-58.248,-17.698,60.877,-1.134,2.850,3.067,0.735
17:49:16.558,45.902,-44.146,81.538,True,-44.318,83.219,156.024,33.987,-0.954,0.617,15.102,98.853,-59.248,-17.315,61.726,-1.080,2.398,2.629,0.664
17:49:16.578,45.923,-42.380,93.769,True,-41.472,86.192,159.145,51.279,1.125,0.366,17.857,98.393,-60.236,-4.624,60.414,0.730,2.180,2.299,0.547
17:49:16.599,45.943,-40.614,93.769,True,-38.830,88.739,160.075,59.786,2.508,0.558,20.597,97.856,-61.211,-4.087,61.347,1.909,2.141,2.869,0.570
17:49:16.625,45.970,-40.614,93.769,True,-35.628,89.935,164.474,55.863,2.637,0.489,23.321,97.243,-63.935,-3.473,64.029,2.035,1.763,2.692,0.356
17:49:16.646,45.991,-35.316,99.885,True,-33.178,93.543,162.725,67.616,4.278,0.774,26.027,96.554,-61.344,3.331,61.434,3.671,1.927,4.146,0.402
17:49:16.667,46.011,-33.551,95.808,True,-30.891,95.138,160.577,61.611,4.862,0.451,28.713,95.789,-62.264,0.019,62.264,3.778,2.146,4.346,0.692
17:49:16.687,46.031,-31.785,97.846,True,-28.730,96.748,158.386,56.220,5.533,1.231,31.376,94.950,-63.161,2.896,63.228,3.943,2.389,4.611,0.446
17:49:16.708,46.053,-30.019,97.846,True,-26.667,97.866,156.338,48.077,5.288,1.578,34.015,94.037,-64.034,3.809,64.148,3.847,2.639,4.665,0.851
17:49:16.736,46.081,-28.253,101.923,True,-24.681,99.577,154.526,44.924,5.525,1.724,36.628,93.051,-64.881,8.873,65.485,4.205,2.884,5.099,0.426
17:49:16.757,46.102,-26.487,103.962,True,-22.757,101.306,153.002,41.587,5.600,2.147,39.212,91.992,-65.699,11.970,66.780,4.571,3.117,5.532,0.872
17:49:16.777,46.122,-22.956,106.000,True,-20.465,103.048,154.467,38.051,6.110,1.962,41.765,90.861,-64.721,15.139,66.468,4.941,3.078,5.822,0.827
17:49:16.797,46.142,-19.424,112.115,True,-17.855,105.753,157.687,40.490,6.934,1.783,44.286,89.659,-63.710,22.456,67.551,5.905,2.855,6.559,0.760
17:49:16.818,46.163,-15.892,114.154,True,-14.979,108.332,161.745,39.882,7.653,1.481,46.772,88.388,-62.664,25.766,67.755,6.664,2.517,7.123,1.192
17:49:16.843,46.187,-15.892,114.154,True,-11.744,109.130,166.916,26.190,7.183,1.036,49.221,87.047,-65.114,27.106,70.531,6.237,2.026,6.558,0.459
17:49:16.864,46.208,-12.361,114.154,True,-9.521,110.923,163.958,21.477,7.762,1.012,51.633,85.639,-63.994,28.515,70.059,6.601,2.253,6.975,0.831
17:49:16.884,46.229,-12.361,108.038,True,-7.875,110.468,158.287,2.336,6.757,1.542,54.004,84.164,-66.365,23.874,70.528,5.597,2.763,6.241,0.644
17:49:16.905,46.249,-8.829,114.154,True,-5.763,111.446,157.333,-3.306,6.874,1.615,56.333,82.623,-65.162,31.530,72.390,5.760,2.868,6.434,0.799
17:49:16.927,46.271,-5.297,110.077,True,-3.281,111.057,159.034,-17.178,6.344,1.663,58.618,81.018,-63.915,29.059,70.211,5.131,2.720,5.807,0.347
17:49:16.950,46.295,-1.766,108.038,True,-0.504,110.065,162.059,-31.833,5.522,1.344,60.857,79.350,-62.623,28.689,68.881,4.340,2.416,4.967,0.518
17:49:16.972,46.316,-1.766,114.154,True,1.664,110.555,160.156,-33.544,5.850,1.466,63.049,77.620,-64.815,36.534,74.402,4.691,2.542,5.336,1.046
17:49:16.991,46.336,1.766,103.962,True,4.135,108.487,160.666,-52.183,4.453,1.402,65.192,75.829,-63.426,28.132,69.385,3.450,2.441,4.226,0.502
17:49:17.012,46.357,5.297,112.115,True,6.868,108.538,162.565,-52.174,4.622,1.662,67.283,73.979,-61.986,38.136,72.778,3.844,2.188,4.423,0.741
17:49:17.033,46.377,5.297,110.077,True,8.995,108.097,159.726,-56.144,4.644,2.014,69.323,72.072,-64.025,38.005,74.456,3.896,2.350,4.550,0.798
17:49:17.059,46.403,8.829,106.000,True,11.407,106.747,159.435,-65.632,3.864,2.184,71.308,70.108,-62.479,35.892,72.055,3.420,2.280,4.111,0.424
17:49:17.079,46.424,15.892,101.923,True,14.897,104.618,166.100,-78.020,2.803,1.414,73.238,68.090,-57.346,33.833,66.582,2.610,1.534,3.028,0.814
17:49:17.100,46.444,19.424,99.885,True,18.499,102.320,171.094,-88.234,2.119,0.667,75.111,66.018,-55.687,33.866,65.176,1.915,0.858,2.098,0.802
17:49:17.120,46.464,19.424,97.846,True,21.341,99.925,169.036,-96.315,1.523,0.548,76.925,63.895,-57.501,33.951,66.776,1.345,0.776,1.553,0.626
17:49:17.141,46.485,22.956,95.808,True,24.311,97.490,167.927,-102.434,1.105,0.308,78.679,61.722,-55.723,34.085,65.321,0.902,0.595,1.081,0.708
17:49:17.167,46.511,26.487,91.731,True,27.394,94.578,167.339,-109.971,0.455,0.111,80.371,59.502,-53.884,32.229,62.787,0.280,0.344,0.444,0.769
17:49:17.187,46.532,30.019,89.692,True,30.573,91.754,166.940,-114.661,0.102,-0.361,82.001,57.234,-51.982,32.458,61.284,-0.133,0.049,0.142,0.542
17:49:17.215,46.559,31.785,87.654,True,33.417,89.040,163.783,-117.155,0.107,-0.218,84.326,53.750,-52.541,33.904,62.530,-0.132,0.142,0.193,0.550
17:49:17.235,46.580,35.316,77.462,True,36.373,84.549,161.967,-131.022,-1.035,-0.211,86.503,50.172,-51.187,27.290,58.007,-1.202,0.096,1.205,0.871
17:49:17.256,46.600,38.848,79.500,True,39.434,81.364,160.995,-132.269,-1.174,-0.377,88.528,46.505,-49.680,32.995,59.638,-1.181,-0.057,1.183,0.477
17:49:17.276,46.621,40.614,77.462,True,42.180,78.426,157.757,-131.764,-1.265,-0.327,90.398,42.758,-49.784,34.704,60.686,-0.981,-0.033,0.982,0.798
17:49:17.296,46.641,42.380,77.462,True,44.648,76.179,153.171,-127.193,-0.280,-0.073,92.109,38.935,-49.729,38.527,62.907,-0.364,0.102,0.378,0.807
17:49:17.316,46.661,45.911,67.269,True,47.293,72.155,150.629,-136.175,-0.787,-0.132,93.659,35.043,-47.747,32.226,57.605,-0.962,0.036,0.963,0.612
17:49:17.336,46.681,47.677,65.231,True,49.694,68.455,146.688,-140.617,-1.057,-0.035,95.044,31.090,-47.367,34.140,58.388,-1.192,0.076,1.195,0.548
17:49:17.357,46.702,51.209,61.154,True,52.298,64.600,144.675,-145.026,-1.378,-0.152,96.263,27.083,-45.054,34.071,56.486,-1.441,-0.083,1.443,0.955
17:49:17.381,46.725,54.741,65.231,True,55.087,62.520,143.816,-136.671,-0.443,-0.513,97.312,23.028,-42.572,42.202,59.945,-0.501,-0.389,0.634,0.451
17:49:17.401,46.746,58.272,57.077,True,58.035,59.157,143.489,-139.779,-0.535,-0.890,98.191,18.933,-39.919,38.144,55.213,-0.547,-0.796,0.966,0.859
17:49:17.421,46.766,61.804,59.115,True,61.114,57.001,143.226,-134.449,0.092,-1.557,98.898,14.805,-37.094,44.311,57.788,0.200,-1.271,1.287,0.713
17:49:17.442,46.787,65.335,53.000,True,64.294,54.007,142.687,-136.865,0.318,-2.298,99.431,10.650,-34.096,42.350,54.369,0.287,-1.785,1.808,0.915
17:49:17.462,46.807,65.335,53.000,True,66.726,51.672,136.253,-134.813,0.860,-2.462,99.790,6.477,-34.455,46.523,57.892,0.798,-1.806,1.974,0.731
17:49:17.492,46.836,68.867,50.962,True,69.316,49.437,131.650,-133.420,1.611,-2.916,99.974,2.293,-31.107,48.669,57.760,1.290,-2.012,2.390,0.507
17:49:17.513,46.857,75.930,42.808,True,72.874,45.848,133.597,-142.121,1.135,-3.604,99.982,-1.896,-24.052,44.703,50.763,0.862,-2.871,2.997,0.794
17:49:17.533,46.877,75.930,46.885,True,75.635,43.907,128.287,-137.969,1.930,-3.748,99.815,-6.081,-23.885,52.965,58.102,1.591,-3.140,3.520,0.806
17:49:17.553,46.897,79.462,40.769,True,78.494,41.060,123.761,-141.815,2.241,-4.390,99.473,-10.255,-20.011,51.025,54.808,1.621,-3.516,3.871,0.623
17:49:17.573,46.918,79.462,38.731,True,80.619,38.341,114.237,-144.371,2.102,-4.310,98.956,-14.412,-19.494,53.143,56.605,1.757,-3.458,3.878,0.774
17:49:17.598,46.942,82.994,36.692,True,82.925,35.742,107.270,-146.089,2.149,-4.140,98.266,-18.543,-15.272,55.235,57.308,1.965,-3.636,4.133,0.433
17:49:17.618,46.963,90.057,36.692,True,86.229,33.720,107.416,-144.212,2.448,-4.811,97.403,-22.642,-7.346,59.334,59.787,2.514,-4.508,5.162,0.745
17:49:17.639,46.983,90.057,36.692,True,88.767,32.196,100.720,-140.433,3.063,-5.070,96.369,-26.701,-6.313,63.393,63.707,3.279,-4.823,5.832,0.603
17:49:17.660,47.004,90.057,34.654,True,90.613,30.611,89.704,-139.128,3.617,-4.882,95.167,-30.713,-5.110,65.367,65.566,3.865,-4.754,6.127,0.817
17:49:17.680,47.024,93.589,28.538,True,92.682,27.993,81.740,-145.984,3.839,-5.178,93.797,-34.671,-0.209,63.209,63.210,3.707,-4.961,6.193,0.861
17:49:17.708,47.052,95.354,28.538,True,94.558,25.879,73.133,-148.309,4.156,-5.124,92.263,-38.568,3.091,67.107,67.178,3.929,-5.120,6.454,0.527
17:49:17.729,47.073,97.120,24.462,True,96.276,23.272,64.292,-154.015,4.083,-5.199,90.567,-42.398,6.553,66.860,67.180,3.820,-5.266,6.505,0.642
17:49:17.749,47.094,97.120,24.462,True,97.459,21.184,52.798,-155.342,4.469,-5.087,88.712,-46.154,8.408,70.615,71.114,4.081,-5.165,6.583,0.795
17:49:17.769,47.114,100.652,20.385,True,99.012,18.613,45.449,-160.202,4.300,-5.370,86.702,-49.828,13.950,70.213,71.585,4.000,-5.436,6.750,0.556
17:49:17.794,47.138,100.652,14.269,True,100.090,15.144,35.397,-170.163,3.697,-5.410,84.539,-53.415,16.113,67.684,69.576,3.392,-5.469,6.436,0.408
17:49:17.816,47.161,100.652,12.231,True,100.764,11.855,23.936,-176.385,3.312,-5.324,82.228,-56.908,18.424,69.139,71.552,3.039,-5.360,6.161,0.485
17:49:17.837,47.181,100.652,12.231,True,101.106,9.234,12.021,-176.668,3.554,-5.106,79.773,-60.302,20.879,72.532,75.478,3.181,-5.182,6.081,1.006
17:49:17.857,47.201,100.652,4.077,True,101.185,5.323,0.314,-185.684,2.746,-4.821,77.178,-63.589,23.474,67.666,71.622,2.480,-4.992,5.574,0.571
17:49:17.877,47.222,100.652,2.038,True,101.066,1.709,-10.767,-190.124,2.270,-4.614,74.447,-66.765,26.205,68.804,73.625,2.107,-4.829,5.269,0.456
17:49:17.898,47.242,100.652,0.000,True,100.804,-1.607,-20.993,-191.256,2.215,-4.466,71.586,-69.824,29.066,69.824,75.632,1.982,-4.718,5.118,0.794
17:49:17.923,47.268,100.652,0.000,True,100.385,-5.432,-30.687,-195.328,1.775,-4.252,68.599,-72.761,32.053,72.761,79.508,1.539,-4.634,4.883,0.407
17:49:17.944,47.289,98.886,-10.192,True,99.521,-9.579,-41.805,-200.030,1.181,-4.087,65.492,-75.570,33.394,65.377,73.412,0.963,-4.393,4.497,0.825
17:49:17.964,47.309,97.120,-14.269,True,98.268,-13.764,-53.466,-203.170,0.748,-3.703,62.270,-78.246,34.850,63.977,72.853,0.451,-4.060,4.085,0.661
17:49:17.985,47.329,97.120,-16.308,True,97.178,-17.439,-61.933,-201.654,0.706,-3.819,58.939,-80.785,38.181,64.477,74.934,0.312,-3.987,3.999,0.840
17:49:18.005,47.350,97.120,-20.385,True,96.232,-21.202,-68.281,-200.599,0.396,-4.096,55.504,-83.182,41.616,62.797,75.335,0.096,-4.099,4.100,0.868
17:49:18.030,47.374,93.589,-26.500,True,94.557,-25.526,-78.664,-202.770,-0.272,-3.744,51.972,-85.433,41.616,58.933,72.146,-0.471,-3.824,3.853,0.411
17:49:18.051,47.395,93.589,-28.538,True,93.128,-29.333,-85.600,-200.217,-0.426,-3.865,48.349,-87.535,45.239,58.996,74.345,-0.662,-3.838,3.894,0.789
17:49:18.071,47.415,90.057,-38.731,True,91.096,-34.608,-95.546,-207.035,-1.696,-3.539,44.641,-89.483,45.416,50.752,68.105,-1.784,-3.553,3.976,0.705
17:49:18.091,47.436,90.057,-40.769,True,89.389,-39.222,-101.524,-206.432,-2.361,-3.627,40.855,-91.274,49.202,50.504,70.509,-2.330,-3.604,4.292,0.517
17:49:18.112,47.457,90.057,-46.885,True,87.987,-44.174,-104.833,-207.009,-3.042,-4.089,36.997,-92.904,53.060,46.020,70.237,-3.055,-3.903,4.956,0.846
17:49:18.137,47.482,86.525,-50.962,True,86.038,-48.930,-111.886,-204.760,-3.059,-4.291,33.074,-94.372,53.451,43.411,68.859,-3.593,-3.864,5.276,0.428
17:49:18.158,47.503,82.994,-53.000,True,83.613,-53.019,-121.054,-197.339,-3.089,-3.985,29.093,-95.674,53.900,42.674,68.749,-3.699,-3.604,5.164,0.838
17:49:18.179,47.523,79.462,-55.038,True,80.790,-56.518,-131.101,-186.795,-2.955,-3.605,25.061,-96.809,54.401,41.770,68.587,-3.519,-3.216,4.767,0.922
17:49:18.199,47.543,75.930,-61.154,True,77.648,-60.463,-141.130,-180.940,-3.281,-3.142,20.985,-97.773,54.945,36.619,66.030,-3.765,-2.772,4.675,0.680
17:49:18.220,47.564,74.165,-65.231,True,74.672,-64.349,-147.838,-174.963,-3.574,-2.873,16.873,-98.566,57.292,33.336,66.284,-4.026,-2.582,4.782,0.854
17:49:18.248,47.593,72.399,-77.462,True,71.874,-70.083,-152.095,-181.413,-5.125,-2.972,12.730,-99.186,59.668,21.725,63.500,-5.495,-2.590,6.074,0.478
17:49:18.269,47.614,68.867,-69.308,True,68.840,-72.687,-157.362,-163.380,-4.375,-2.764,8.566,-99.632,60.301,30.325,67.497,-4.796,-2.489,5.404,0.859
17:49:18.289,47.634,65.335,-85.615,True,65.610,-78.202,-163.025,-168.317,-5.654,-2.727,4.386,-99.904,60.950,14.288,62.602,-6.196,-2.326,6.618,0.710
17:49:18.310,47.654,61.804,-77.462,True,62.222,-80.613,-168.640,-149.301,-4.991,-2.636,0.199,-100.000,61.605,22.538,65.599,-5.467,-2.135,5.870,1.106
17:49:18.330,47.674,58.272,-79.500,True,58.715,-82.646,-173.911,-131.796,-4.289,-2.611,-3.989,-99.920,62.261,20.420,65.525,-4.793,-1.942,5.171,0.696
17:49:18.353,47.698,58.272,-79.500,True,55.943,-83.937,-173.258,-113.105,-3.551,-2.856,-8.170,-99.666,66.442,20.166,69.435,-3.926,-2.275,4.537,0.610
17:49:18.373,47.718,54.741,-83.577,True,53.004,-85.589,-174.472,-101.029,-2.980,-3.049,-12.336,-99.236,67.077,15.659,68.880,-3.590,-2.452,4.348,0.572
17:49:18.394,47.738,47.677,-85.615,True,49.087,-87.146,-182.318,-90.603,-2.766,-2.678,-16.481,-98.633,64.158,13.017,65.465,-3.376,-2.001,3.924,0.662
17:49:18.414,47.759,47.677,-87.654,True,45.961,-88.655,-183.011,-81.674,-2.505,-2.967,-20.597,-97.856,68.274,10.202,69.032,-3.282,-2.162,3.930,0.413
17:49:18.435,47.780,44.146,-87.654,True,42.729,-89.676,-184.634,-70.906,-2.205,-3.199,-24.677,-96.908,68.822,9.254,69.442,-3.006,-2.234,3.745,0.861
17:49:18.461,47.805,40.614,-89.692,True,39.403,-90.769,-186.815,-62.588,-2.153,-3.255,-28.713,-95.789,69.327,6.097,69.595,-2.935,-2.243,3.694,0.437
17:49:18.481,47.826,33.551,-93.769,True,35.175,-92.427,-194.656,-59.228,-2.561,-2.819,-32.699,-94.503,66.250,0.734,66.254,-3.332,-1.695,3.738,0.756
17:49:18.502,47.846,30.019,-95.808,True,30.989,-94.122,-200.067,-55.737,-3.031,-2.266,-36.628,-93.051,66.647,-2.757,66.704,-3.762,-1.298,3.980,0.568
17:49:18.522,47.867,26.487,-95.808,True,26.871,-95.369,-203.496,-48.880,-3.211,-2.026,-40.492,-91.435,66.980,-4.373,67.122,-3.919,-1.027,4.052,0.894
17:49:18.542,47.886,19.424,-95.808,True,22.017,-96.221,-210.765,-40.004,-3.098,-1.261,-44.286,-89.659,63.710,-6.148,64.006,-3.900,-0.346,3.915,0.674
17:49:18.568,47.912,15.892,-95.808,True,17.358,-96.740,-214.390,-30.137,-2.890,-0.758,-48.001,-87.726,63.894,-8.082,64.403,-3.781,0.080,3.782,0.578
17:49:18.589,47.933,12.361,-95.808,True,12.905,-96.986,-215.310,-20.025,-2.769,-0.447,-51.633,-85.639,63.994,-10.169,64.796,-3.622,0.308,3.635,1.044
17:49:18.608,47.953,8.829,-95.808,True,8.652,-97.020,-214.325,-10.173,-2.756,-0.345,-55.174,-83.402,64.003,-12.406,65.194,-3.467,0.393,3.489,0.405
17:49:18.630,47.974,5.297,-95.808,True,4.582,-96.894,-212.095,-0.889,-2.833,-0.154,-58.618,-81.018,63.915,-14.789,65.604,-3.345,0.381,3.366,0.795
17:49:18.650,47.995,-3.532,-81.538,True,-0.559,-93.340,-217.225,29.461,-0.565,0.424,-61.959,-78.493,58.427,-3.046,58.507,-1.204,1.080,1.617,0.808
17:49:18.678,48.022,-7.063,-112.115,True,-5.405,-97.250,-218.305,2.363,-3.645,0.886,-65.192,-75.829,58.128,-36.286,68.524,-4.287,1.483,4.536,0.508
17:49:18.698,48.043,-10.595,-101.923,True,-9.963,-98.299,-216.516,3.961,-4.507,0.968,-68.310,-73.033,57.715,-28.890,64.542,-4.982,1.667,5.253,0.413
17:49:18.718,48.063,-15.892,-99.885,True,-14.665,-98.607,-215.534,11.655,-4.758,1.814,-71.308,-70.108,55.416,-29.777,62.909,-5.162,1.957,5.521,0.477
17:49:18.739,48.084,-19.424,-103.962,True,-19.080,-99.672,-212.197,13.728,-5.528,2.139,-74.181,-67.060,54.757,-36.901,66.031,-5.883,2.065,6.235,0.782
17:49:18.759,48.104,-22.956,-97.846,True,-23.238,-99.037,-207.393,28.183,-5.422,2.041,-76.925,-63.895,53.969,-33.951,63.760,-5.489,2.053,5.860,0.451
17:49:18.788,48.132,-26.487,-97.846,True,-27.177,-98.328,-201.803,40.418,-5.290,1.711,-79.533,-60.618,53.045,-37.228,64.806,-5.243,1.973,5.602,0.446
17:49:18.808,48.153,-33.551,-95.808,True,-31.756,-97.122,-201.318,53.805,-4.930,2.329,-82.001,-57.234,48.451,-38.573,61.931,-4.844,2.380,5.397,0.847
17:49:18.828,48.173,-37.082,-93.769,True,-36.085,-95.517,-198.413,67.234,-4.528,2.742,-84.326,-53.750,47.244,-40.019,61.915,-4.380,2.610,5.099,0.807
17:49:18.849,48.193,-40.614,-91.731,True,-40.183,-93.605,-193.907,79.962,-4.130,2.849,-86.503,-50.172,45.889,-41.559,61.911,-3.917,2.722,4.770,0.787
17:49:18.869,48.214,-40.614,-87.654,True,-43.260,-90.995,-183.049,94.656,-3.480,2.424,-88.528,-46.505,47.914,-41.148,63.158,-3.203,2.250,3.914,0.755
17:49:18.895,48.240,-44.146,-85.615,True,-46.276,-88.292,-174.186,106.560,-2.592,2.444,-90.398,-42.758,46.252,-42.858,63.056,-2.663,1.925,3.286,0.590
17:49:18.915,48.260,-51.209,-79.500,True,-50.097,-84.613,-172.444,122.203,-2.091,2.780,-92.109,-38.935,40.900,-40.565,57.606,-1.699,2.251,2.820,0.585
17:49:18.936,48.280,-54.741,-81.538,True,-53.823,-82.022,-169.644,126.657,-2.304,3.467,-93.659,-35.043,38.918,-46.495,60.634,-1.686,2.524,3.035,0.546
17:49:18.957,48.301,-58.272,-73.385,True,-57.461,-78.071,-166.070,139.443,-1.631,3.674,-95.044,-31.090,36.772,-42.294,56.044,-0.874,2.764,2.899,0.783
17:49:18.977,48.322,-58.272,-73.385,True,-60.783,-75.282,-160.392,141.239,-1.869,3.921,-96.263,-27.083,37.991,-46.301,59.892,-1.012,2.839,3.014,0.605
17:49:19.003,48.348,-61.804,-67.269,True,-63.374,-70.995,-150.615,152.678,-1.245,3.327,-97.312,-23.028,35.509,-44.241,56.728,-0.238,2.537,2.548,0.431
17:49:19.023,48.368,-68.867,-63.192,True,-67.048,-66.674,-149.580,161.164,-0.621,4.068,-98.191,-18.933,29.324,-44.259,53.092,0.348,3.050,3.070,0.437
17:49:19.044,48.389,-68.867,-59.115,True,-69.740,-62.342,-141.427,167.419,0.094,4.030,-98.898,-14.805,30.031,-44.311,53.528,0.788,2.943,3.047,0.813
17:49:19.064,48.409,-72.399,-55.038,True,-72.526,-58.013,-135.115,171.975,0.156,4.366,-99.431,-10.650,27.033,-44.388,51.972,1.113,3.009,3.208,0.400
17:49:19.085,48.429,-74.165,-50.962,True,-74.971,-53.699,-127.299,175.232,0.279,4.519,-99.790,-6.477,25.625,-44.484,51.337,1.349,2.945,3.239,0.821
17:49:19.110,48.455,-75.930,-53.000,True,-77.139,-50.863,-118.835,168.193,-0.523,4.027,-99.974,-2.293,24.043,-50.707,56.119,0.623,2.818,2.886,0.496
17:49:19.131,48.475,-77.696,-50.962,True,-79.087,-48.315,-110.286,161.664,-1.478,4.200,-99.982,1.896,22.286,-52.857,57.363,-0.132,2.677,2.680,0.804
17:49:19.151,48.496,-79.462,-46.885,True,-80.864,-45.504,-102.011,159.201,-2.109,3.905,-99.815,6.081,20.353,-52.965,56.741,-0.573,2.554,2.618,0.860
17:49:19.172,48.516,-81.228,-38.731,True,-82.514,-41.483,-94.218,165.826,-1.541,3.663,-99.473,10.255,18.245,-48.986,52.273,-0.184,2.472,2.478,0.659
17:49:19.192,48.536,-75.930,-34.654,True,-82.429,-37.350,-76.258,171.548,-0.857,2.656,-98.956,14.412,23.026,-49.066,54.200,0.175,1.420,1.431,0.714
17:49:19.218,48.562,-79.462,-34.654,True,-82.910,-34.089,-66.491,170.068,-1.224,2.352,-98.266,18.543,18.804,-53.197,56.422,-0.100,1.043,1.047,0.544
17:49:19.238,48.583,-88.291,-28.538,True,-85.181,-30.189,-70.537,173.556,-0.472,3.003,-97.403,22.642,9.112,-51.180,51.985,0.081,1.949,1.950,0.564
17:49:19.258,48.603,-91.823,-32.615,True,-87.807,-28.088,-74.533,164.369,-1.504,3.926,-96.369,26.701,4.547,-59.316,59.490,-0.908,2.961,3.097,0.389
17:49:19.279,48.623,-75.930,-16.308,True,-86.191,-22.827,-47.989,179.235,-0.277,2.010,-95.167,30.713,19.236,-47.020,50.803,0.295,1.189,1.225,0.860
17:49:19.299,48.643,-90.057,-22.423,True,-87.826,-19.982,-49.997,173.758,-0.943,2.522,-93.797,34.671,3.740,-57.094,57.216,-0.284,1.939,1.959,0.692
17:49:19.319,48.664,-93.589,-18.346,True,-89.934,-16.934,-53.306,171.523,-1.680,4.335,-92.263,38.568,-1.326,-56.915,56.930,-0.602,2.903,2.965,0.484
17:49:19.340,48.685,-95.354,-14.269,True,-92.013,-13.682,-54.008,171.587,-2.191,4.952,-90.567,42.398,-4.787,-56.667,56.869,-0.717,3.730,3.798,0.763
17:49:19.360,48.705,-93.589,-4.077,True,-93.208,-8.814,-47.104,182.509,-1.343,4.965,-88.712,46.154,-4.876,-50.230,50.467,0.207,3.923,3.929,0.771
17:49:19.381,48.726,-93.589,0.000,True,-94.020,-3.963,-38.184,189.986,-0.391,5.160,-86.702,49.828,-6.887,-49.828,50.302,0.926,3.941,4.048,0.741
17:49:19.401,48.746,-93.589,4.077,True,-94.505,0.823,-28.260,194.570,0.062,5.148,-84.539,53.415,-9.050,-49.338,50.161,1.465,3.859,4.128,0.841
17:49:19.422,48.766,-93.589,8.154,True,-94.726,5.514,-18.065,196.819,0.574,4.445,-82.228,56.908,-11.361,-48.754,50.060,1.856,3.736,4.172,0.858
17:49:19.442,48.787,-93.589,8.154,True,-94.739,9.149,-8.098,191.024,0.568,4.099,-79.773,60.302,-13.816,-52.148,53.947,1.538,3.614,3.928,0.902
17:49:19.462,48.807,-93.589,12.231,True,-94.596,12.798,1.333,186.735,0.479,3.943,-77.178,63.589,-16.411,-51.359,53.917,1.340,3.523,3.769,0.773
17:49:19.482,48.827,-93.589,26.500,True,-94.341,18.849,10.070,199.210,2.347,3.366,-74.447,66.765,-19.141,-40.265,44.584,2.728,3.481,4.423,0.707
17:49:19.503,48.847,-91.823,24.462,True,-93.601,23.212,20.761,196.091,2.701,2.955,-71.586,69.824,-20.237,-45.363,49.672,2.800,3.241,4.283,0.879
17:49:19.524,48.868,-93.589,28.538,True,-93.280,27.460,26.806,192.484,2.798,3.187,-68.599,72.761,-24.989,-44.222,50.794,2.843,3.409,4.439,0.844
17:49:19.549,48.894,-93.589,40.769,True,-92.940,33.508,32.520,201.090,3.930,3.388,-65.492,75.570,-28.096,-34.800,44.727,4.060,3.620,5.439,0.419
17:49:19.570,48.914,-93.589,42.808,True,-92.591,38.756,37.973,200.809,4.329,3.844,-62.270,78.246,-31.318,-35.438,47.294,4.575,3.868,5.991,0.715
17:49:19.590,48.935,-90.057,44.846,True,-91.420,43.254,48.631,194.576,4.409,3.434,-58.939,80.785,-31.118,-35.939,47.539,4.585,3.639,5.853,0.872
17:49:19.611,48.955,-90.057,48.923,True,-90.356,47.558,56.703,187.870,4.278,3.242,-55.504,83.182,-34.553,-34.259,48.658,4.554,3.617,5.816,0.739
17:49:19.632,48.976,-88.291,53.000,True,-89.006,51.707,65.556,181.085,4.139,3.149,-51.972,85.433,-36.319,-32.433,48.693,4.516,3.507,5.718,0.671
17:49:19.659,49.004,-86.525,55.038,True,-87.423,55.261,74.547,171.363,3.326,3.026,-48.349,87.535,-38.176,-32.496,50.134,4.200,3.358,5.377,0.523
17:49:19.680,49.024,-84.759,67.269,True,-85.660,60.682,83.238,175.838,4.476,2.815,-44.641,89.483,-40.118,-22.213,45.857,5.203,3.209,6.113,0.715
17:49:19.700,49.044,-82.994,71.346,True,-83.762,65.859,91.360,176.062,5.194,2.588,-40.855,91.274,-42.139,-19.927,46.613,5.919,3.084,6.674,0.582
17:49:19.720,49.065,-82.994,69.308,True,-82.181,69.364,96.081,163.790,4.860,2.550,-36.997,92.904,-45.997,-23.597,51.696,5.527,3.256,6.415,0.586
17:49:19.741,49.085,-81.228,71.346,True,-80.484,72.339,101.292,150.459,4.369,2.745,-33.074,94.372,-48.154,-23.026,53.376,4.993,3.386,6.033,0.764
17:49:19.766,49.110,-79.462,77.462,True,-78.692,75.839,106.717,143.428,4.565,2.877,-29.093,95.674,-50.369,-18.213,53.560,5.002,3.495,6.102,0.627
17:49:19.787,49.131,-75.930,77.462,True,-76.412,78.418,114.855,131.249,4.086,2.479,-25.061,96.809,-50.869,-19.347,54.424,4.527,3.341,5.626,0.949
17:49:19.806,49.151,-74.165,79.500,True,-74.126,80.685,121.643,119.590,3.769,2.295,-20.985,97.773,-53.179,-18.273,56.231,4.056,3.281,5.217,0.744
17:49:19.827,49.171,-72.399,81.538,True,-71.857,82.719,127.306,108.907,3.385,2.278,-16.873,98.566,-55.526,-17.028,58.078,3.635,3.303,4.911,0.738
17:49:19.847,49.192,-72.399,85.615,True,-70.028,85.064,129.376,102.536,3.281,2.513,-12.730,99.186,-59.668,-13.571,61.192,3.588,3.650,5.118,0.800
17:49:19.867,49.212,-68.867,87.654,True,-67.772,87.240,134.698,95.988,2.994,2.520,-8.566,99.632,-60.301,-11.979,61.480,3.530,3.708,5.119,0.793
17:49:19.888,49.233,-65.335,89.692,True,-65.138,89.284,141.923,89.548,2.842,2.364,-4.386,99.904,-60.950,-10.211,61.799,3.488,3.569,4.990,0.947
17:49:19.908,49.253,-65.335,91.731,True,-63.005,91.227,144.620,83.384,2.853,2.454,-0.199,100.000,-65.137,-8.269,65.660,3.479,3.823,5.169,0.786
17:49:19.929,49.273,-61.804,93.769,True,-60.505,93.098,149.892,77.572,2.882,2.692,3.989,99.920,-65.793,-6.151,66.080,3.514,3.838,5.204,0.774
17:49:19.949,49.294,-58.272,97.846,True,-57.685,95.392,156.610,75.234,3.389,2.568,8.170,99.666,-66.442,-1.820,66.467,3.893,3.693,5.366,0.793
17:49:19.969,49.314,-56.506,101.923,True,-55.007,98.064,161.214,74.911,4.124,2.566,12.336,99.236,-68.843,2.687,68.895,4.515,3.709,5.843,0.460
17:49:19.990,49.334,-54.741,103.962,True,-52.470,100.585,164.317,72.352,4.589,2.780,16.481,98.633,-71.222,5.329,71.421,5.000,3.845,6.307,0.554
17:49:20.011,49.355,-52.975,106.000,True,-50.064,102.954,166.426,68.139,4.912,2.871,20.597,97.856,-73.572,8.144,74.021,5.384,4.065,6.746,0.743
17:49:20.031,49.376,-47.677,108.038,True,-46.954,105.181,173.340,62.762,5.481,2.595,24.677,96.908,-72.354,11.131,73.205,5.700,3.827,6.865,0.771
17:49:20.051,49.396,-45.911,106.000,True,-44.051,106.335,177.501,50.384,5.127,2.593,28.713,95.789,-74.624,10.211,75.320,5.384,3.797,6.589,0.861
17:49:20.072,49.416,-49.443,103.962,True,-42.578,106.557,171.646,34.158,4.368,3.629,32.699,94.503,-82.142,9.459,82.685,4.666,4.690,6.616,0.665
17:49:20.097,49.442,-45.911,97.846,True,-40.717,105.058,170.949,10.224,2.873,4.060,36.628,93.051,-82.539,4.796,82.678,3.136,5.162,6.040,0.874
17:49:20.118,49.462,-37.082,114.154,True,-37.248,107.328,181.884,17.359,4.131,3.405,40.492,91.435,-77.574,22.719,80.833,4.394,4.549,6.325,0.815
17:49:20.138,49.482,-33.551,116.192,True,-33.596,109.654,191.323,21.337,4.959,3.149,44.286,89.659,-77.836,26.533,82.234,5.497,3.979,6.786,0.549
17:49:20.158,49.503,-30.019,112.115,True,-29.828,110.553,199.119,13.151,4.810,2.613,48.001,87.726,-78.020,24.389,81.743,5.563,3.473,6.558,0.732
17:49:20.184,49.529,-30.019,112.115,True,-25.846,110.816,206.254,1.721,5.078,2.030,51.633,85.639,-81.652,26.476,85.837,5.324,2.947,6.085,0.446
17:49:20.207,49.551,-26.487,116.192,True,-23.064,112.357,203.711,0.418,6.085,2.631,55.174,83.402,-81.661,32.790,87.998,6.024,3.266,6.852,0.510
17:49:20.227,49.572,-19.424,108.038,True,-19.106,111.211,209.691,-19.245,4.800,1.867,58.618,81.018,-78.042,27.020,82.587,5.031,2.780,5.748,0.813
17:49:20.248,49.593,-17.658,110.077,True,-15.615,110.634,210.987,-30.787,4.732,2.125,61.959,78.493,-79.617,31.584,85.653,4.702,2.666,5.405,0.793
17:49:20.269,49.613,-15.892,112.115,True,-12.509,110.538,209.443,-37.173,4.925,1.901,65.192,75.829,-81.084,36.286,88.833,4.828,2.791,5.577,0.817
17:49:20.290,49.635,-8.829,112.115,True,-8.444,110.357,214.397,-43.531,5.111,1.360,68.310,73.033,-77.139,39.083,86.475,4.966,2.280,5.464,0.801
17:49:20.312,49.657,-5.297,112.115,True,-4.428,110.112,217.344,-49.734,4.940,1.367,71.308,70.108,-76.606,42.007,87.367,5.127,1.882,5.461,0.433
17:49:20.333,49.678,-1.766,106.000,True,-0.478,108.383,218.657,-64.995,4.173,1.210,74.181,67.060,-75.947,38.940,85.348,4.431,1.576,4.703,0.715
17:49:20.353,49.698,-1.766,108.038,True,2.570,107.307,213.313,-72.650,4.142,1.664,76.925,63.895,-78.690,44.143,90.226,4.377,1.852,4.753,0.463
17:49:20.374,49.719,5.297,108.038,True,6.478,106.363,214.781,-78.326,4.292,1.385,79.533,60.618,-74.235,47.421,88.089,4.500,1.489,4.740,0.766
17:49:20.395,49.739,8.829,106.000,True,10.321,105.076,214.883,-85.741,4.141,1.320,82.001,57.234,-73.172,48.766,87.933,4.463,1.198,4.621,0.497
17:49:20.420,49.765,12.361,112.115,True,14.094,105.396,213.902,-81.565,5.265,1.035,84.326,53.750,-71.965,58.365,92.658,5.516,0.961,5.599,0.454
17:49:20.441,49.785,19.424,99.885,True,18.617,102.863,217.483,-98.825,4.538,0.374,86.503,50.172,-67.079,49.713,83.492,4.637,0.247,4.643,0.843
17:49:20.461,49.806,22.956,97.846,True,22.964,100.180,217.975,-113.001,3.644,-0.201,88.528,46.505,-65.572,51.341,83.280,3.940,-0.265,3.949,0.695
17:49:20.482,49.827,26.487,95.808,True,27.129,97.429,216.151,-124.329,3.008,-0.539,90.398,42.758,-63.911,53.050,83.060,3.427,-0.624,3.483,0.448
17:49:20.503,49.848,30.019,95.808,True,31.119,95.144,212.674,-130.045,2.988,-0.756,92.109,38.935,-62.090,56.873,84.201,3.382,-0.876,3.494,0.719
17:49:20.529,49.874,33.551,99.885,True,34.949,94.250,208.085,-125.751,4.001,-1.016,93.659,35.043,-60.108,64.841,88.416,4.276,-1.056,4.405,0.438
17:49:20.550,49.894,40.614,89.692,True,39.460,91.260,208.217,-137.665,3.522,-1.843,95.044,31.090,-54.430,58.602,79.980,3.719,-1.712,4.094,0.424
17:49:20.571,49.915,44.146,85.615,True,43.746,87.834,205.497,-149.731,2.633,-2.556,96.263,27.083,-52.117,58.532,78.372,3.073,-2.175,3.764,0.843
17:49:20.591,49.935,49.443,87.654,True,48.225,85.494,203.458,-151.738,2.503,-2.935,97.312,23.028,-47.869,64.625,80.423,3.300,-2.755,4.299,0.423
17:49:20.611,49.956,51.209,91.731,True,52.042,84.615,196.137,-144.338,3.602,-3.077,98.191,18.933,-46.982,72.798,86.642,4.437,-2.899,5.300,0.821
17:49:20.639,49.983,58.272,87.654,True,56.501,83.106,193.709,-144.394,4.015,-4.091,98.898,14.805,-40.626,72.849,83.411,4.976,-3.522,6.096,0.649
17:49:20.659,50.003,63.570,83.577,True,61.118,80.999,191.355,-149.483,3.911,-5.082,99.431,10.650,-35.862,72.927,81.267,5.076,-4.218,6.600,0.781
17:49:20.679,50.023,65.335,81.538,True,65.036,78.830,183.285,-154.521,3.648,-5.266,99.790,6.477,-34.455,75.061,82.591,5.171,-4.443,6.818,0.470
17:49:20.700,50.044,72.399,73.385,True,69.561,75.192,179.805,-168.744,2.794,-5.629,99.974,2.293,-27.575,71.092,76.252,4.381,-5.121,6.740,0.843
17:49:20.720,50.064,75.930,77.462,True,73.801,73.129,173.520,-169.124,3.397,-5.786,99.982,-1.896,-24.052,79.357,82.922,4.797,-5.599,7.373,0.522
17:49:20.745,50.090,77.696,67.269,True,77.370,69.171,162.666,-182.765,2.759,-5.679,99.815,-6.081,-22.119,73.350,76.613,3.978,-5.683,6.937,0.422
17:49:20.766,50.110,79.462,69.308,True,80.354,66.397,149.215,-185.146,2.683,-5.620,99.473,-10.255,-20.011,79.563,82.041,4.117,-5.517,6.884,0.794
17:49:20.787,50.131,82.994,61.154,True,83.258,62.336,137.353,-195.956,2.070,-5.727,98.956,-14.412,-15.962,75.566,77.233,3.450,-5.473,6.469,1.187
17:49:20.807,50.151,86.525,59.115,True,86.126,58.579,126.903,-201.978,1.759,-5.775,98.266,-18.543,-11.740,77.658,78.541,3.145,-5.546,6.376,0.816
17:49:20.827,50.172,90.057,48.923,True,88.988,53.235,117.636,-217.017,0.528,-5.966,97.403,-22.642,-7.346,71.565,71.941,1.932,-5.729,6.046,0.790
17:49:20.855,50.200,90.057,53.000,True,91.042,49.848,103.906,-214.717,0.735,-5.775,96.369,-26.701,-6.313,79.701,79.950,2.217,-5.496,5.927,0.789
17:49:20.876,50.220,93.589,53.000,True,93.229,47.284,93.328,-207.901,1.605,-5.906,95.167,-30.713,-1.578,83.713,83.728,2.950,-5.526,6.265,0.723
17:49:20.896,50.241,97.120,42.808,True,95.566,43.052,85.066,-214.448,1.190,-6.229,93.797,-34.671,3.323,77.479,77.550,2.478,-5.769,6.279,0.805
17:49:20.916,50.261,97.120,40.769,True,97.233,39.229,72.987,-216.474,1.086,-6.039,92.263,-38.568,4.857,79.338,79.486,2.364,-5.665,6.139,0.498
17:49:20.938,50.282,97.120,32.615,True,98.328,34.369,58.946,-224.820,0.338,-5.705,90.567,-42.398,6.553,75.014,75.299,1.621,-5.351,5.591,0.798
17:49:20.958,50.303,100.652,24.462,True,99.773,28.615,49.700,-236.413,-0.693,-5.788,88.712,-46.154,11.940,70.615,71.617,0.471,-5.448,5.468,0.829
17:49:20.979,50.323,102.418,18.346,True,101.150,22.600,41.029,-245.842,-1.359,-5.959,86.702,-49.828,15.716,68.174,69.962,-0.613,-5.599,5.632,0.395
17:49:20.999,50.344,100.652,14.269,True,101.664,16.890,27.512,-249.795,-2.058,-5.527,84.539,-53.415,16.113,67.684,69.576,-1.304,-5.294,5.453,0.743
17:49:21.020,50.364,100.652,10.192,True,101.852,11.499,14.248,-249.715,-2.450,-5.239,82.228,-56.908,18.424,67.101,69.584,-1.692,-4.969,5.250,0.812
17:49:21.040,50.385,104.184,14.269,True,102.612,8.308,7.164,-234.380,-1.392,-5.666,79.773,-60.302,24.411,74.571,78.465,-0.676,-5.186,5.229,0.888
17:49:21.061,50.405,104.184,8.154,True,103.087,4.674,-1.310,-226.068,-0.861,-5.673,77.178,-63.589,27.006,71.743,76.658,-0.220,-5.283,5.288,0.731
17:49:21.080,50.425,102.418,4.077,True,102.912,1.064,-13.147,-219.623,-0.476,-5.359,74.447,-66.765,27.971,70.842,76.164,0.100,-5.061,5.062,0.477
17:49:21.101,50.446,100.652,0.000,True,102.185,-2.555,-26.594,-214.745,-0.126,-5.226,71.586,-69.824,29.066,69.824,75.632,0.293,-4.649,4.658,0.870
17:49:21.121,50.466,100.652,-2.038,True,101.420,-5.732,-37.673,-208.001,0.443,-4.759,68.599,-72.761,32.053,70.722,77.647,0.672,-4.405,4.456,0.519
17:49:21.142,50.486,100.652,-12.231,True,100.663,-10.435,-46.747,-212.953,-0.229,-4.479,65.492,-75.570,35.160,63.339,72.443,-0.035,-4.316,4.316,0.525
17:49:21.165,50.509,100.652,-12.231,True,99.943,-14.122,-54.203,-209.118,-0.023,-4.499,62.270,-78.246,38.382,66.015,76.362,-0.001,-4.360,4.360,0.437
17:49:21.187,50.531,100.652,-12.231,True,98.859,-18.304,-63.162,-209.117,-0.398,-4.437,58.939,-80.785,41.713,68.554,80.247,-0.341,-4.257,4.270,0.442
17:49:21.208,50.552,97.120,-20.385,True,97.462,-21.894,-72.765,-204.624,-0.388,-4.207,55.504,-83.182,41.616,62.797,75.335,-0.303,-4.069,4.080,0.784
17:49:21.228,50.572,93.589,-28.538,True,95.361,-26.668,-85.196,-208.300,-1.195,-3.743,51.972,-85.433,41.616,56.895,70.491,-1.058,-3.576,3.729,0.463
17:49:21.248,50.593,93.589,-32.615,True,93.640,-31.289,-92.653,-208.990,-1.764,-3.646,48.349,-87.535,45.239,54.919,71.153,-1.624,-3.496,3.855,0.824
17:49:21.270,50.614,93.589,-34.654,True,92.233,-35.267,-97.022,-204.380,-1.937,-3.801,44.641,-89.483,48.947,54.829,73.499,-1.752,-3.695,4.089,0.736
17:49:21.292,50.636,90.057,-38.731,True,90.236,-39.204,-104.976,-199.823,-1.991,-3.660,40.855,-91.274,49.202,52.543,71.983,-1.907,-3.560,4.039,0.428
17:49:21.312,50.657,90.057,-36.692,True,88.594,-41.650,-109.369,-186.006,-1.426,-3.602,36.997,-92.904,53.060,56.212,77.299,-1.198,-3.740,3.928,0.797
17:49:21.332,50.677,86.525,-42.808,True,86.434,-44.766,-116.873,-179.660,-1.321,-3.573,33.074,-94.372,53.451,51.564,74.269,-1.137,-3.629,3.803,0.527
17:49:21.352,50.697,82.994,-44.846,True,83.839,-47.537,-126.002,-172.000,-1.153,-3.481,29.093,-95.674,53.900,50.828,74.086,-0.954,-3.336,3.470,0.478
17:49:21.373,50.717,82.994,-48.923,True,81.709,-50.498,-130.313,-166.921,-1.415,-3.504,25.061,-96.809,57.932,47.886,75.161,-1.010,-3.456,3.601,0.745
17:49:21.399,50.744,79.462,-50.962,True,79.186,-53.168,-136.868,-160.472,-1.467,-3.310,20.985,-97.773,58.477,46.812,74.906,-0.954,-3.362,3.494,0.420
17:49:21.420,50.764,72.399,-59.115,True,75.508,-57.014,-149.950,-162.687,-2.501,-2.664,16.873,-98.566,55.526,39.451,68.114,-1.727,-2.621,3.138,0.520
17:49:21.440,50.785,70.633,-61.154,True,72.073,-60.473,-158.199,-160.493,-2.948,-2.487,12.730,-99.186,57.903,38.033,69.276,-2.175,-2.243,3.125,0.460
17:49:21.461,50.806,68.867,-63.192,True,68.899,-63.569,-162.872,-155.273,-3.213,-2.381,8.566,-99.632,60.301,36.440,70.457,-2.393,-2.152,3.218,0.804
17:49:21.482,50.826,63.570,-69.308,True,65.160,-67.287,-170.465,-154.387,-3.933,-1.848,4.386,-99.904,59.184,30.596,66.625,-3.050,-1.761,3.522,0.799
17:49:21.506,50.850,61.804,-71.346,True,61.763,-70.600,-174.001,-149.608,-4.174,-2.008,0.199,-100.000,61.605,28.654,67.943,-3.413,-1.700,3.813,0.420
17:49:21.526,50.871,58.272,-73.385,True,58.281,-73.544,-177.511,-142.278,-4.535,-1.397,-3.989,-99.920,62.261,26.536,67.680,-3.574,-1.623,3.925,0.704
17:49:21.547,50.891,54.741,-75.423,True,54.733,-76.165,-180.829,-133.455,-4.579,-0.948,-8.170,-99.666,62.910,24.243,67.420,-3.609,-1.543,3.925,0.770
17:49:21.567,50.911,51.209,-77.462,True,51.138,-78.515,-183.858,-123.940,-4.630,-0.563,-12.336,-99.236,63.545,21.775,67.172,-3.580,-1.469,3.870,0.560
17:49:21.587,50.932,47.677,-77.462,True,47.511,-80.172,-186.545,-111.179,-4.612,-0.043,-16.481,-98.633,64.158,21.171,67.561,-3.238,-1.406,3.530,0.777
17:49:21.615,50.960,44.146,-81.538,True,43.865,-82.196,-188.874,-103.215,-5.099,-0.077,-20.597,-97.856,64.742,16.317,66.767,-3.312,-1.355,3.579,0.440
17:49:21.636,50.980,40.614,-81.538,True,40.210,-83.628,-190.854,-92.248,-4.982,-0.185,-24.677,-96.908,65.291,15.369,67.075,-3.109,-1.317,3.376,0.920
17:49:21.656,51.001,38.848,-83.577,True,36.964,-85.032,-189.808,-82.963,-4.750,-0.585,-28.713,-95.789,67.561,12.212,68.656,-3.041,-1.547,3.412,0.875
17:49:21.677,51.021,33.551,-83.577,True,33.257,-85.967,-192.402,-71.955,-4.275,-0.607,-32.699,-94.503,66.250,10.926,67.145,-2.802,-1.441,3.151,0.758
17:49:21.697,51.042,26.487,-85.615,True,28.730,-86.990,-199.824,-63.461,-4.446,-0.025,-36.628,-93.051,63.115,7.435,63.552,-2.776,-0.845,2.901,0.670
17:49:21.722,51.066,26.487,-85.615,True,24.733,-88.259,-201.561,-57.759,-4.740,0.158,-40.492,-91.435,66.980,5.820,67.232,-3.011,-0.707,3.093,0.363
17:49:21.742,51.087,19.424,-89.692,True,20.341,-89.493,-205.320,-52.074,-4.768,0.383,-44.286,-89.659,63.710,-0.033,63.710,-3.273,-0.345,3.291,0.785
17:49:21.763,51.107,17.658,-89.692,True,16.615,-90.310,-203.632,-43.931,-4.747,-0.019,-48.001,-87.726,65.660,-1.966,65.689,-3.325,-0.450,3.356,0.701
17:49:21.783,51.128,12.361,-89.692,True,12.496,-90.806,-204.848,-34.693,-4.548,0.007,-51.633,-85.639,63.994,-4.053,64.122,-3.274,-0.272,3.285,0.822
17:49:21.804,51.148,10.595,-89.692,True,8.943,-91.052,-201.977,-25.146,-3.935,-0.368,-55.174,-83.402,65.769,-6.290,66.069,-3.182,-0.451,3.213,0.763
17:49:21.830,51.174,5.297,-93.769,True,4.999,-92.091,-202.300,-22.008,-4.477,-0.019,-58.618,-81.018,63.915,-12.751,65.175,-3.691,-0.327,3.706,0.623
17:49:21.851,51.195,1.766,-91.731,True,1.147,-92.340,-201.736,-13.207,-4.569,-0.064,-61.959,-78.493,63.725,-13.238,65.085,-3.707,-0.257,3.716,1.040
17:49:21.870,51.215,-1.766,-91.731,True,-2.624,-92.399,-200.564,-4.266,-4.509,-0.004,-65.192,-75.829,63.426,-15.902,65.389,-3.703,-0.220,3.709,0.688
17:49:21.891,51.236,-3.532,-89.692,True,-5.909,-91.831,-196.313,7.574,-4.141,-0.057,-68.310,-73.033,64.778,-16.660,66.886,-3.412,-0.456,3.443,0.771
17:49:21.911,51.256,-5.297,-89.692,True,-8.777,-91.216,-190.361,17.601,-3.992,-0.554,-71.308,-70.108,66.011,-19.584,68.855,-3.254,-0.861,3.366,0.525
17:49:21.939,51.283,-12.361,-87.654,True,-12.532,-90.117,-191.789,29.170,-3.829,-0.670,-74.181,-67.060,61.821,-20.593,65.160,-2.923,-0.587,2.981,0.440
17:49:21.960,51.304,-15.892,-85.615,True,-16.258,-88.623,-192.271,41.150,-3.380,-0.471,-76.925,-63.895,61.032,-21.720,64.782,-2.508,-0.353,2.533,0.747
17:49:21.980,51.325,-19.424,-85.615,True,-19.945,-87.293,-191.960,49.640,-3.093,-0.389,-79.533,-60.618,60.109,-24.997,65.099,-2.372,-0.150,2.377,0.769
17:49:22.000,51.345,-24.722,-81.538,True,-24.002,-85.194,-193.700,61.796,-2.610,0.292,-82.001,-57.234,57.280,-24.304,62.223,-1.866,0.290,1.888,0.706
17:49:22.025,51.369,-28.253,-77.462,True,-27.964,-82.448,-193.681,75.573,-1.613,0.731,-84.326,-53.750,56.073,-23.711,60.880,-1.144,0.628,1.305,0.825
17:49:22.048,51.392,-30.019,-77.462,True,-31.415,-80.128,-189.607,83.244,-1.223,0.773,-86.503,-50.172,56.484,-27.290,62.731,-0.917,0.633,1.115,0.414
17:49:22.068,51.413,-33.551,-75.423,True,-34.822,-77.756,-185.770,89.785,-1.074,0.497,-88.528,-46.505,54.978,-28.918,62.119,-0.770,0.675,1.024,0.693
17:49:22.089,51.433,-40.614,-69.308,True,-39.020,-74.413,-187.563,101.555,-0.691,0.972,-90.398,-42.758,49.784,-26.550,56.421,-0.106,1.272,1.276,0.576
17:49:22.110,51.454,-40.614,-67.269,True,-42.270,-71.193,-181.648,109.600,-0.074,0.816,-92.109,-38.935,51.495,-28.335,58.776,0.280,1.214,1.246,0.810
17:49:22.130,51.475,-44.146,-67.269,True,-45.494,-68.598,-176.464,111.675,-0.016,0.724,-93.659,-35.043,49.513,-32.226,59.077,0.143,1.232,1.240,0.772
17:49:22.154,51.498,-44.146,-63.192,True,-47.889,-65.627,-166.472,116.234,-0.021,0.172,-95.044,-31.090,50.899,-32.102,60.176,0.229,0.807,0.839,0.448
17:49:22.174,51.519,-47.677,-59.115,True,-50.395,-62.329,-159.400,122.165,0.280,-0.270,-96.263,-27.083,48.585,-32.032,58.195,0.459,0.624,0.775,0.847
17:49:22.195,51.539,-54.741,-57.077,True,-53.852,-59.233,-159.888,125.514,0.243,0.242,-97.312,-23.028,42.572,-34.049,54.513,0.473,1.154,1.247,0.697
17:49:22.215,51.559,-54.741,-53.000,True,-56.513,-55.857,-153.988,130.230,0.653,0.284,-98.191,-18.933,43.451,-34.067,55.213,0.624,1.148,1.307,0.808
17:49:22.235,51.579,-56.506,-55.038,True,-58.875,-53.668,-146.914,126.220,0.032,0.035,-98.898,-14.805,42.392,-40.234,58.445,-0.033,1.042,1.042,0.601
17:49:22.265,51.609,-58.272,-48.923,True,-60.991,-50.627,-139.364,129.678,-0.130,-0.266,-99.431,-10.650,41.159,-38.273,56.204,-0.044,0.890,0.891,0.432
17:49:22.285,51.630,-67.101,-42.808,True,-64.550,-46.819,-142.612,137.749,0.544,0.438,-99.790,-6.477,32.689,-36.330,48.872,0.393,1.759,1.802,0.751
17:49:22.305,51.650,-68.867,-40.769,True,-67.743,-43.299,-141.235,141.974,0.493,0.828,-99.974,-2.293,31.107,-38.476,49.478,0.524,2.295,2.354,0.456
17:49:22.326,51.671,-72.399,-42.808,True,-70.993,-41.005,-139.316,137.310,0.063,1.329,-99.982,1.896,27.583,-44.703,52.528,-0.164,2.844,2.849,0.900
17:49:22.352,51.696,-75.930,-34.654,True,-74.279,-37.421,-136.757,143.153,0.358,1.965,-99.815,6.081,23.885,-40.735,47.221,0.082,3.397,3.398,0.474
17:49:22.375,51.720,-79.462,-32.615,True,-77.583,-34.107,-133.516,145.951,0.420,2.519,-99.473,10.255,20.011,-42.871,47.311,0.082,3.946,3.947,0.482
17:49:22.396,51.740,-84.759,-44.846,True,-81.300,-34.361,-132.289,124.925,-1.652,3.357,-98.956,14.412,14.197,-59.258,60.935,-2.167,4.745,5.217,0.806
17:49:22.416,51.761,-82.994,-36.692,True,-83.725,-32.985,-121.085,122.002,-2.351,3.565,-98.266,18.543,15.272,-55.235,57.308,-2.924,4.679,5.517,0.723
17:49:22.437,51.781,-93.589,-36.692,True,-87.875,-31.973,-122.837,118.620,-3.282,4.845,-97.403,22.642,3.814,-59.334,59.457,-3.778,5.829,6.946,0.881
17:49:22.459,51.803,-93.589,-36.692,True,-90.332,-29.600,-110.861,126.382,-3.154,5.013,-96.369,26.701,2.781,-63.393,63.454,-3.634,5.791,6.837,0.664
17:49:22.481,51.826,-91.823,-30.577,True,-92.345,-28.061,-97.653,127.527,-3.620,4.828,-95.167,30.713,3.344,-61.290,61.381,-4.073,5.618,6.939,0.743
17:49:22.502,51.846,-97.120,-14.269,True,-95.051,-22.511,-90.864,154.827,-1.551,5.197,-93.797,34.671,-3.323,-48.940,49.053,-2.010,6.031,6.357,1.082
17:49:22.522,51.866,-102.418,-18.346,True,-98.288,-19.141,-87.396,160.674,-1.246,5.949,-92.263,38.568,-10.155,-56.915,57.813,-1.748,6.799,7.020,0.778
17:49:22.542,51.886,-104.184,-12.231,True,-101.063,-15.011,-79.903,170.036,-0.399,6.148,-90.567,42.398,-13.616,-54.629,56.300,-1.091,7.249,7.331,0.418
17:49:22.567,51.912,-105.949,-10.192,True,-103.458,-11.267,-70.055,174.455,0.095,6.187,-88.712,46.154,-17.237,-56.346,58.923,-0.813,7.504,7.548,0.576
17:49:22.590,51.934,-107.715,-6.115,True,-105.539,-7.382,-58.983,178.654,0.606,6.274,-86.702,49.828,-21.014,-55.943,59.760,-0.502,7.648,7.665,0.480
17:49:22.610,51.955,-104.184,4.077,True,-106.121,-1.951,-39.426,191.641,1.802,5.834,-84.539,53.415,-19.645,-49.338,53.105,0.705,6.974,7.010,0.646
17:49:22.631,51.975,-111.247,6.115,True,-107.925,2.873,-31.670,196.610,2.344,6.406,-82.228,56.908,-29.019,-50.793,58.498,1.296,7.334,7.448,0.781
17:49:22.651,51.996,-111.247,10.192,True,-109.185,7.595,-20.683,199.090,2.792,6.469,-79.773,60.302,-31.474,-50.109,59.174,1.728,7.406,7.605,0.503
17:49:22.672,52.016,-111.247,16.308,True,-109.982,12.677,-7.975,202.737,3.469,6.299,-77.178,63.589,-34.069,-47.282,58.277,2.332,7.301,7.664,0.830
17:49:22.698,52.043,-114.778,14.269,True,-111.219,16.159,-0.044,194.192,2.701,6.607,-74.447,66.765,-40.331,-52.496,66.200,1.852,7.619,7.841,0.429
17:49:22.719,52.064,-114.778,12.231,True,-112.047,18.228,10.175,178.453,1.549,6.604,-71.586,69.824,-43.192,-57.594,71.990,0.648,7.734,7.761,0.915
17:49:22.740,52.084,-114.778,18.346,True,-112.525,20.995,21.576,171.845,1.223,6.787,-68.599,72.761,-46.179,-54.415,71.369,0.193,7.728,7.730,0.869
17:49:22.760,52.104,-114.778,22.423,True,-112.718,23.965,33.344,168.373,0.872,6.757,-65.492,75.570,-49.286,-53.147,72.482,0.006,7.664,7.664,0.717
17:49:22.780,52.125,-114.778,20.385,True,-112.685,25.717,44.913,157.722,0.057,6.555,-62.270,78.246,-52.508,-57.861,78.135,-0.862,7.589,7.638,1.114
17:49:22.807,52.151,-114.778,24.462,True,-112.482,27.846,55.924,152.739,-0.132,6.461,-58.939,80.785,-55.839,-56.323,79.312,-1.264,7.538,7.643,0.449
17:49:22.827,52.172,-113.013,32.615,True,-111.747,31.300,68.888,157.960,0.440,6.336,-55.504,83.182,-57.508,-50.567,76.578,-0.713,7.274,7.309,0.851
17:49:22.847,52.192,-111.247,34.654,True,-110.574,34.504,82.490,159.724,0.573,5.863,-51.972,85.433,-59.274,-50.780,78.051,-0.404,6.898,6.910,0.399
17:49:22.868,52.212,-109.481,34.654,True,-109.053,36.991,95.811,155.894,0.267,5.519,-48.349,87.535,-61.132,-52.881,80.830,-0.567,6.488,6.513,0.437
17:49:22.888,52.233,-107.715,36.692,True,-107.272,39.314,108.256,151.835,0.117,4.923,-44.641,89.483,-63.074,-52.790,82.250,-0.747,6.096,6.142,0.459
17:49:22.914,52.259,-107.715,36.692,True,-105.713,41.035,116.793,144.718,-0.327,4.867,-40.855,91.274,-66.860,-54.581,86.310,-1.214,6.015,6.137,0.431
17:49:22.935,52.279,-104.184,38.731,True,-103.565,42.721,127.920,139.266,-0.665,4.460,-36.997,92.904,-67.187,-54.174,86.306,-1.549,5.663,5.871,0.440
17:49:22.955,52.300,-102.418,42.808,True,-101.334,44.879,137.398,138.324,-0.608,4.246,-33.074,94.372,-69.344,-51.564,86.414,-1.466,5.411,5.606,0.740
17:49:22.976,52.320,-100.652,44.846,True,-99.066,46.995,145.361,137.059,-0.874,4.073,-29.093,95.674,-71.559,-50.828,87.773,-1.377,5.260,5.438,0.874
17:49:22.996,52.341,-97.120,46.885,True,-96.383,49.073,154.701,135.533,-0.819,3.822,-25.061,96.809,-72.059,-49.924,87.664,-1.279,4.946,5.109,0.819
17:49:23.024,52.369,-95.354,42.808,True,-93.769,49.698,161.709,124.450,-1.712,3.559,-20.985,97.773,-74.369,-54.966,92.477,-2.053,4.804,5.224,0.434
17:49:23.045,52.390,-86.525,48.923,True,-89.603,51.429,177.702,123.683,-1.417,2.553,-16.873,98.566,-69.653,-49.643,85.533,-1.908,3.777,4.232,0.665
17:49:23.065,52.410,-84.759,50.962,True,-85.749,53.219,187.432,123.111,-1.241,2.046,-12.730,99.186,-72.029,-48.225,86.682,-1.701,3.219,3.641,0.570
17:49:23.086,52.431,-82.994,57.077,True,-82.231,56.006,192.530,128.739,-0.485,2.039,-8.566,99.632,-74.428,-42.556,85.735,-0.859,3.029,3.149,0.849
17:49:23.107,52.451,-79.462,55.038,True,-78.632,57.757,197.102,125.095,-0.494,1.666,-4.386,99.904,-75.076,-44.865,87.460,-0.784,2.859,2.965,0.776
17:49:23.139,52.484,-75.930,63.192,True,-74.978,60.941,201.082,131.185,0.498,1.038,-0.199,100.000,-75.732,-36.807,84.203,0.242,2.717,2.728,0.710
17:49:23.160,52.504,-65.335,63.192,True,-69.651,63.478,215.248,130.119,0.979,-0.041,3.989,99.920,-69.325,-36.728,78.453,0.716,1.581,1.736,0.816
17:49:23.180,52.525,-58.272,65.231,True,-63.702,65.883,229.299,127.350,1.137,-1.155,8.170,99.666,-66.442,-34.435,74.835,1.091,0.322,1.138,0.772
17:49:23.200,52.545,-54.741,71.346,True,-58.100,69.107,236.643,129.561,1.876,-1.824,12.336,99.236,-67.077,-27.890,72.644,1.989,-0.442,2.037,0.478
17:49:23.225,52.569,-54.741,73.385,True,-53.686,72.090,233.638,128.049,2.914,-1.335,16.481,98.633,-71.222,-25.248,75.564,2.636,-0.306,2.653,0.739
17:49:23.246,52.590,-54.741,73.385,True,-49.013,74.651,233.009,122.634,2.893,-1.531,20.597,97.856,-75.337,-24.471,79.212,2.983,-0.382,3.007,0.433
17:49:23.267,52.612,-51.209,73.385,True,-46.286,76.055,219.857,109.796,3.444,-0.631,24.677,96.908,-75.885,-23.523,79.448,2.655,0.734,2.754,0.858
17:49:23.287,52.632,-51.209,79.500,True,-44.376,78.584,205.669,106.444,3.909,0.867,28.713,95.789,-79.922,-16.289,81.565,3.197,2.075,3.812,0.813
17:49:23.308,52.652,-42.380,79.500,True,-40.804,80.403,206.528,97.924,4.078,1.482,32.699,94.503,-75.079,-15.003,76.563,3.299,2.107,3.914,0.795
17:49:23.329,52.673,-40.614,83.577,True,-37.650,82.663,204.704,93.043,4.413,1.797,36.628,93.051,-77.242,-9.474,77.820,3.758,2.383,4.450,0.668
17:49:23.351,52.696,-37.082,81.538,True,-34.410,83.801,204.188,80.741,4.763,2.445,40.492,91.435,-77.574,-9.897,78.203,3.547,2.545,4.366,0.550
17:49:23.372,52.716,-33.551,87.654,True,-31.094,85.949,204.511,76.858,5.987,1.933,44.286,89.659,-77.836,-2.005,77.862,4.113,2.623,4.878,0.895
17:49:23.392,52.737,-30.019,93.769,True,-27.714,88.967,205.330,77.933,6.991,1.922,48.001,87.726,-78.020,6.043,78.254,5.207,2.641,5.838,0.708
17:49:23.413,52.757,-26.487,91.731,True,-24.282,90.807,206.391,69.062,7.056,2.218,51.633,85.639,-78.120,6.092,78.357,5.457,2.615,6.051,0.812
17:49:23.434,52.778,-26.487,95.808,True,-21.630,93.032,202.149,63.344,7.702,2.916,55.174,83.402,-81.661,12.406,82.598,6.018,3.068,6.755,1.143
17:49:23.459,52.804,-22.956,97.846,True,-18.836,95.124,200.285,56.376,8.295,3.589,58.618,81.018,-81.573,16.828,83.291,6.502,3.321,7.301,0.456
17:49:23.480,52.825,-15.892,101.923,True,-15.077,97.569,205.490,51.663,8.531,3.662,61.959,78.493,-77.851,23.431,81.301,7.233,2.904,7.794,0.688
17:49:23.501,52.845,-12.361,103.962,True,-11.291,99.848,209.328,44.988,9.154,3.195,65.192,75.829,-77.552,28.132,82.497,7.832,2.546,8.236,1.350
17:49:23.521,52.866,-8.829,106.000,True,-7.505,101.968,211.921,36.929,9.741,2.415,68.310,73.033,-77.139,32.967,83.888,8.339,2.243,8.635,0.893
17:49:23.541,52.886,-5.297,103.962,True,-3.739,102.998,213.421,21.717,9.623,2.659,71.308,70.108,-76.606,33.853,83.753,8.192,1.989,8.430,0.913
17:49:23.566,52.910,-1.766,108.038,True,-0.004,104.503,213.991,11.939,9.743,2.753,74.181,67.060,-75.947,40.978,86.297,8.514,1.774,8.696,0.525
17:49:23.587,52.931,1.766,106.000,True,3.692,105.035,213.792,-3.627,9.519,2.866,76.925,63.895,-75.159,42.105,86.149,8.291,1.589,8.441,0.833
17:49:23.607,52.951,5.297,106.000,True,7.347,105.204,212.968,-19.071,9.204,2.754,79.533,60.618,-74.235,45.382,87.008,8.023,1.425,8.149,0.799
17:49:23.628,52.972,8.829,103.962,True,10.960,104.622,211.644,-36.874,8.540,2.453,82.001,57.234,-73.172,46.727,86.819,7.473,1.272,7.580,1.175
17:49:23.648,52.992,15.892,101.923,True,15.356,103.428,215.327,-55.229,7.937,1.841,84.326,53.750,-68.434,48.173,83.689,6.782,0.609,6.809,0.624
17:49:23.677,53.021,19.424,101.923,True,19.607,102.231,216.213,-69.775,7.300,1.570,86.503,50.172,-67.079,51.751,84.722,6.351,0.123,6.352,0.480
17:49:23.697,53.042,26.487,95.808,True,24.526,99.666,220.374,-90.510,6.071,0.520,88.528,46.505,-62.041,49.302,79.245,5.262,-0.741,5.314,0.904
17:49:23.718,53.062,30.019,95.808,True,29.186,97.380,220.512,-104.452,5.371,-0.151,90.398,42.758,-60.379,53.050,80.374,4.679,-1.327,4.864,0.798
17:49:23.738,53.083,37.082,91.731,True,34.406,94.463,223.113,-119.506,4.645,-1.202,92.109,38.935,-55.027,52.796,76.259,3.911,-2.219,4.497,0.794
17:49:23.759,53.104,40.614,89.692,True,39.274,91.520,221.219,-131.179,4.141,-1.728,93.659,35.043,-53.045,54.649,76.160,3.366,-2.786,4.370,0.807
17:49:23.784,53.128,40.614,89.692,True,43.699,88.896,215.494,-138.094,3.856,-1.981,95.044,31.090,-54.430,58.602,79.980,3.202,-3.052,4.424,0.388
17:49:23.804,53.148,47.677,75.423,True,47.915,83.113,208.625,-163.999,1.932,-2.028,96.263,27.083,-48.585,48.340,68.537,1.189,-3.237,3.448,0.454
17:49:23.825,53.169,54.741,71.346,True,52.796,77.568,206.443,-180.736,0.575,-3.265,97.312,23.028,-42.572,48.318,64.397,-0.183,-3.892,3.896,0.789
17:49:23.845,53.190,58.272,77.462,True,57.269,74.851,200.614,-174.719,1.535,-3.316,98.191,18.933,-39.919,58.528,70.846,0.485,-4.266,4.294,0.825
17:49:23.866,53.210,61.804,75.423,True,61.411,72.364,192.664,-169.366,2.295,-3.773,98.898,14.805,-37.094,60.618,71.067,1.165,-4.473,4.622,0.792
17:49:23.893,53.237,65.335,71.346,True,65.281,69.551,183.584,-168.123,3.065,-4.529,99.431,10.650,-34.096,60.696,69.617,1.521,-4.587,4.833,0.424
17:49:23.913,53.257,72.399,63.192,True,69.774,65.475,179.400,-175.806,2.383,-5.000,99.790,6.477,-27.391,56.715,62.983,1.053,-5.178,5.284,0.456
17:49:23.933,53.278,74.165,59.115,True,73.551,61.288,169.979,-182.280,2.345,-5.020,99.974,2.293,-25.809,56.823,62.409,0.642,-5.324,5.362,0.465
17:49:23.954,53.298,75.930,57.077,True,76.712,57.510,157.495,-184.457,2.248,-5.135,99.982,-1.896,-24.052,58.973,63.689,0.589,-5.184,5.217,0.794
17:49:23.974,53.319,79.462,50.962,True,79.769,53.155,146.238,-190.007,1.604,-5.064,99.815,-6.081,-20.353,57.042,60.565,0.201,-5.136,5.140,0.686
17:49:24.002,53.346,86.525,48.923,True,83.585,49.254,141.514,-191.076,1.520,-5.727,99.473,-10.255,-12.947,59.178,60.578,0.190,-5.698,5.701,0.415
17:49:24.023,53.367,93.589,34.654,True,88.082,42.928,140.745,-207.899,-0.243,-6.888,98.956,-14.412,-5.367,49.066,49.358,-1.328,-6.687,6.818,0.807
17:49:24.043,53.388,93.589,36.692,True,91.522,38.287,131.117,-208.343,-0.281,-7.269,98.266,-18.543,-4.677,55.235,55.433,-1.462,-6.931,7.084,0.755
17:49:24.063,53.408,97.120,28.538,True,94.836,32.823,121.427,-213.876,-0.876,-7.123,97.403,-22.642,-0.283,51.180,51.181,-2.096,-7.181,7.481,0.734
17:49:24.084,53.429,100.652,20.385,True,98.052,26.649,111.859,-222.061,-1.782,-7.222,96.369,-26.701,4.282,47.085,47.280,-3.054,-7.453,8.055,0.421
17:49:24.109,53.454,104.184,12.231,True,101.194,19.888,102.509,-231.063,-2.870,-7.549,95.167,-30.713,9.017,42.944,43.880,-4.195,-7.759,8.821,0.761
17:49:24.129,53.474,104.184,12.231,True,103.463,14.561,88.004,-227.093,-2.788,-7.268,93.797,-34.671,10.386,46.902,48.038,-4.227,-7.592,8.689,0.410
17:49:24.149,53.494,107.715,14.269,True,105.803,11.007,76.222,-211.901,-1.826,-7.648,92.263,-38.568,15.452,52.838,55.051,-3.191,-7.646,8.285,0.634
17:49:24.170,53.514,109.481,2.038,True,107.828,5.669,63.811,-212.587,-2.264,-7.678,90.567,-42.398,18.914,44.437,48.294,-3.547,-7.628,8.412,0.722
17:49:24.191,53.535,111.247,0.000,True,109.603,1.088,51.416,-207.469,-2.057,-7.557,88.712,-46.154,22.535,46.154,51.361,-3.393,-7.593,8.316,0.976
17:49:24.216,53.561,111.247,-4.077,True,110.774,-3.298,36.759,-202.051,-1.880,-7.237,86.702,-49.828,24.545,45.751,51.919,-3.196,-7.321,7.988,0.892
17:49:24.237,53.581,113.013,-8.154,True,111.859,-7.528,24.016,-196.731,-1.792,-7.034,84.539,-53.415,28.474,45.261,53.473,-2.991,-7.184,7.782,0.850
17:49:24.257,53.602,114.778,-26.500,True,112.906,-14.959,12.984,-213.570,-3.832,-6.979,82.228,-56.908,32.550,30.408,44.544,-4.876,-7.179,8.678,1.355
17:49:24.277,53.622,114.778,-18.346,True,113.541,-19.025,0.699,-202.200,-3.589,-6.761,79.773,-60.302,35.006,41.955,54.641,-4.293,-7.039,8.245,0.757
17:49:24.297,53.642,114.778,-30.577,True,113.839,-24.814,-11.893,-204.850,-4.333,-6.679,77.178,-63.589,37.601,33.012,50.036,-4.980,-6.838,8.459,0.447
17:49:24.326,53.671,114.778,-30.577,True,113.601,-28.911,-25.942,-194.618,-3.710,-6.379,74.447,-66.765,40.331,36.188,54.187,-4.521,-6.462,7.886,0.535
17:49:24.347,53.691,114.778,-28.538,True,113.561,-31.600,-36.159,-177.635,-2.552,-6.285,71.586,-69.824,43.192,41.286,59.750,-3.365,-6.397,7.229,0.771
17:49:24.367,53.711,113.013,-36.692,True,112.884,-35.564,-49.008,-173.313,-2.516,-5.975,68.599,-72.761,44.413,36.068,57.214,-3.304,-6.060,6.902,0.722
17:49:24.387,53.732,111.247,-32.615,True,111.736,-37.389,-62.515,-156.210,-1.164,-5.544,65.492,-75.570,45.755,42.954,62.758,-2.014,-5.607,5.958,0.646
17:49:24.408,53.752,111.247,-36.692,True,110.674,-39.566,-72.848,-146.107,-0.360,-5.360,62.270,-78.246,48.977,41.554,64.229,-1.269,-5.399,5.546,0.737
17:49:24.432,53.777,109.481,-40.769,True,109.281,-42.072,-83.536,-140.862,-0.278,-5.331,58.939,-80.785,50.542,40.016,64.465,-0.929,-5.121,5.205,0.593
17:49:24.452,53.797,107.715,-42.808,True,107.635,-44.393,-93.899,-135.788,0.079,-4.919,55.504,-83.182,52.211,40.374,66.000,-0.591,-4.834,4.869,0.507
17:49:24.473,53.817,104.184,-46.885,True,105.387,-47.056,-106.216,-134.234,0.268,-3.995,51.972,-85.433,52.211,38.549,64.900,-0.577,-4.317,4.355,0.796
17:49:24.493,53.838,102.418,-46.885,True,103.065,-49.073,-116.365,-128.718,0.802,-3.506,48.349,-87.535,54.068,40.650,67.645,-0.209,-3.942,3.947,0.888
17:49:24.514,53.858,98.886,-50.962,True,100.306,-51.487,-127.275,-127.248,1.087,-2.931,44.641,-89.483,54.245,38.521,66.531,-0.212,-3.446,3.452,0.820
17:49:24.534,53.878,97.120,-53.000,True,97.611,-53.792,-135.328,-125.242,1.435,-2.608,40.855,-91.274,56.265,38.274,68.049,-0.191,-3.160,3.166,0.668
17:49:24.554,53.899,93.589,-57.077,True,94.599,-56.478,-143.827,-126.038,1.313,-2.354,36.997,-92.904,56.592,35.827,66.979,-0.461,-2.795,2.833,0.750
17:49:24.574,53.919,93.589,-59.115,True,92.156,-59.026,-146.721,-125.269,1.284,-2.327,33.074,-94.372,60.514,35.257,70.036,-0.635,-2.918,2.987,0.405
17:49:24.595,53.939,90.057,-61.154,True,89.416,-61.444,-151.439,-123.386,0.645,-2.041,29.093,-95.674,60.964,34.521,70.059,-0.747,-2.876,2.971,0.789
17:49:24.615,53.959,86.525,-63.192,True,86.419,-63.744,-157.135,-120.751,0.707,-2.092,25.061,-96.809,61.464,33.616,70.056,-0.821,-2.728,2.849,0.405
17:49:24.637,53.981,82.994,-65.231,True,83.211,-65.943,-163.173,-117.642,0.653,-1.931,20.985,-97.773,62.008,32.543,70.029,-0.879,-2.524,2.673,0.964
17:49:24.657,54.001,75.930,-73.385,True,79.013,-69.480,-174.511,-123.628,-0.206,-1.314,16.873,-98.566,59.058,25.182,64.202,-1.828,-1.787,2.556,0.482
17:49:24.678,54.022,72.399,-83.577,True,74.796,-74.656,-182.966,-137.672,-2.088,-1.018,12.730,-99.186,59.668,15.609,61.676,-3.663,-1.234,3.866,0.917
17:49:24.698,54.042,68.867,-75.423,True,70.609,-76.947,-188.976,-127.105,-1.948,-0.728,8.566,-99.632,60.301,24.209,64.980,-3.374,-0.848,3.479,0.765
17:49:24.719,54.063,67.101,-79.500,True,66.893,-79.492,-190.302,-120.188,-1.939,-0.518,4.386,-99.904,62.715,20.404,65.951,-3.406,-0.860,3.513,0.951
17:49:24.741,54.086,67.101,-79.500,True,63.087,-81.896,-192.068,-113.190,-2.000,-0.258,0.199,-100.000,66.903,20.500,69.973,-3.440,-0.826,3.537,0.655
17:49:24.764,54.109,65.335,-77.462,True,60.964,-82.269,-182.764,-94.024,-1.032,-1.227,-3.989,-99.920,69.325,22.459,72.872,-2.316,-1.845,2.961,0.717
17:49:24.785,54.129,54.741,-83.577,True,56.623,-83.997,-190.885,-88.301,-0.989,-0.422,-8.170,-99.666,62.910,16.089,64.935,-2.363,-1.296,2.695,0.669
17:49:24.806,54.150,51.209,-85.615,True,52.397,-85.725,-196.116,-83.209,-0.914,-0.125,-12.336,-99.236,63.545,13.621,64.989,-2.487,-0.951,2.662,0.806
17:49:24.826,54.170,51.209,-87.654,True,49.152,-87.455,-193.799,-78.513,-0.960,-0.781,-16.481,-98.633,67.690,10.979,68.574,-2.672,-1.285,2.965,0.686
17:49:24.847,54.192,47.677,-89.692,True,45.858,-89.187,-192.754,-74.048,-1.266,-0.782,-20.597,-97.856,68.274,8.164,68.760,-2.908,-1.522,3.282,0.793
17:49:24.871,54.215,44.146,-91.731,True,42.513,-90.921,-192.620,-69.692,-1.639,-0.844,-24.677,-96.908,68.822,5.177,69.017,-3.187,-1.682,3.603,0.430
17:49:24.892,54.236,40.614,-93.769,True,39.121,-92.658,-193.116,-65.350,-1.768,-1.030,-28.713,-95.789,69.327,2.020,69.356,-3.502,-1.784,3.930,0.764
17:49:24.912,54.256,37.082,-106.000,True,35.686,-96.782,-194.018,-76.398,-3.501,-1.088,-32.699,-94.503,69.781,-11.497,70.722,-5.324,-1.841,5.634,0.451
17:49:24.932,54.277,33.551,-95.808,True,32.212,-97.726,-195.151,-61.661,-3.124,-1.255,-36.628,-93.051,70.178,-2.757,70.233,-4.885,-1.863,5.228,0.821
17:49:24.953,54.297,30.019,-101.923,True,28.707,-99.649,-196.378,-56.133,-3.687,-1.075,-40.492,-91.435,70.511,-10.488,71.287,-5.267,-1.860,5.585,0.905
17:49:24.981,54.325,26.487,-108.038,True,25.176,-102.460,-197.595,-56.391,-5.022,-0.541,-44.286,-89.659,70.773,-18.379,73.120,-6.233,-1.837,6.498,0.573
17:49:25.001,54.346,21.190,-99.885,True,21.216,-102.728,-201.422,-37.928,-4.380,-0.153,-48.001,-87.726,69.191,-12.158,70.251,-5.516,-1.543,5.728,0.552
17:49:25.022,54.366,15.892,-110.077,True,16.887,-105.018,-206.574,-36.674,-5.594,0.018,-51.633,-85.639,67.525,-24.438,71.811,-6.343,-1.071,6.433,0.800
17:49:25.042,54.387,12.361,-112.115,True,12.664,-107.230,-209.379,-33.383,-6.509,0.521,-55.174,-83.402,67.534,-28.714,73.385,-7.056,-0.752,7.096,0.748
17:49:25.063,54.407,8.829,-99.885,True,8.558,-106.035,-210.383,-6.616,-5.737,1.208,-58.618,-81.018,67.447,-18.866,70.036,-5.602,-0.551,5.629,0.804
17:49:25.093,54.437,7.063,-101.923,True,4.981,-105.180,-207.361,11.393,-5.101,0.815,-61.959,-78.493,69.022,-23.431,72.891,-4.804,-0.694,4.854,0.874
17:49:25.113,54.457,3.532,-101.923,True,1.461,-104.248,-204.658,25.902,-4.297,0.771,-65.192,-75.829,68.723,-26.094,73.510,-4.241,-0.807,4.317,0.818
17:49:25.133,54.478,-1.766,-101.923,True,-2.430,-103.310,-204.989,37.381,-4.171,1.467,-68.310,-73.033,66.544,-28.890,72.545,-3.897,-0.625,3.947,0.780
17:49:25.154,54.498,-5.297,-101.923,True,-6.243,-102.413,-204.388,46.365,-3.517,1.847,-71.308,-70.108,66.011,-31.815,73.278,-3.746,-0.495,3.779,0.502
17:49:25.176,54.520,-5.297,-99.885,True,-9.161,-101.114,-197.705,56.512,-3.007,0.854,-74.181,-67.060,68.884,-32.824,76.305,-3.464,-0.910,3.581,0.691
17:49:25.198,54.543,-8.829,-101.923,True,-12.118,-100.434,-193.022,60.663,-3.491,0.657,-76.925,-63.895,68.095,-38.028,77.994,-3.715,-1.163,3.893,0.434
17:49:25.219,54.563,-15.892,-97.846,True,-15.959,-98.902,-195.280,70.398,-3.084,0.940,-79.533,-60.618,63.640,-37.228,73.729,-3.458,-0.764,3.542,0.769
17:49:25.239,54.584,-19.424,-95.808,True,-19.762,-97.102,-196.178,80.079,-2.832,0.946,-82.001,-57.234,62.577,-38.573,73.511,-3.171,-0.431,3.200,0.744
17:49:25.260,54.604,-19.424,-110.077,True,-22.695,-98.888,-190.553,64.324,-4.871,0.628,-84.326,-53.750,64.902,-56.327,85.936,-5.264,-0.662,5.305,0.733
17:49:25.280,54.624,-24.722,-103.962,True,-26.091,-99.080,-189.188,65.423,-5.496,0.891,-86.503,-50.172,61.782,-53.790,81.916,-5.975,-0.496,5.995,0.808
17:49:25.306,54.650,-26.487,-103.962,True,-29.088,-99.210,-185.033,68.244,-5.988,0.656,-88.528,-46.505,62.041,-57.456,84.559,-6.582,-0.559,6.605,0.709
17:49:25.326,54.671,-30.019,-95.808,True,-32.145,-97.371,-181.952,84.878,-5.680,0.507,-90.398,-42.758,60.379,-53.050,80.374,-5.921,-0.509,5.943,0.702
17:49:25.347,54.691,-30.019,-101.923,True,-34.444,-97.126,-174.193,87.499,-5.912,-0.292,-92.109,-38.935,62.090,-62.989,88.446,-6.495,-0.880,6.555,0.851
17:49:25.367,54.711,-33.551,-97.846,True,-36.911,-95.950,-169.315,97.072,-5.873,-0.322,-93.659,-35.043,60.108,-62.803,86.932,-6.450,-1.000,6.527,0.498
17:49:25.387,54.732,-37.082,-89.692,True,-39.551,-93.006,-166.459,116.915,-4.946,-0.009,-95.044,-31.090,57.962,-58.602,82.424,-5.398,-0.921,5.476,0.556
17:49:25.408,54.752,-40.614,-83.577,True,-42.353,-89.020,-164.892,138.834,-2.934,-0.042,-96.263,-27.083,55.649,-56.494,79.299,-4.011,-0.693,4.070,0.854
17:49:25.428,54.773,-40.614,-81.538,True,-44.481,-85.150,-158.623,154.259,-2.100,0.008,-97.312,-23.028,56.698,-58.510,81.475,-3.069,-0.868,3.189,0.805
17:49:25.448,54.793,-42.380,-77.462,True,-46.428,-80.996,-152.352,167.595,-1.602,0.077,-98.191,-18.933,55.812,-58.528,80.873,-2.210,-1.045,2.444,0.576
17:49:25.469,54.813,-44.146,-73.385,True,-48.237,-76.654,-146.359,178.639,-1.344,-0.213,-98.898,-14.805,54.752,-58.580,80.184,-1.464,-1.197,1.891,0.875
17:49:25.490,54.834,-45.911,-65.231,True,-49.944,-71.258,-140.797,193.636,0.092,-0.688,-99.431,-10.650,53.520,-54.580,76.442,-0.254,-1.307,1.332,0.807
17:49:25.510,54.854,-45.911,-67.269,True,-51.169,-67.358,-133.024,194.335,0.065,-0.932,-99.790,-6.477,53.879,-60.792,81.232,-0.267,-1.622,1.643,0.842
17:49:25.530,54.874,-49.443,-59.115,True,-52.810,-62.459,-129.658,201.535,0.491,-0.772,-99.974,-2.293,50.531,-56.823,76.041,0.339,-1.533,1.570,0.814
17:49:25.550,54.895,-40.614,-53.000,True,-51.967,-57.167,-110.223,209.130,0.954,-2.123,-99.982,1.896,59.368,-54.896,80.859,1.050,-2.944,3.126,0.750
17:49:25.571,54.915,-40.614,-46.885,True,-51.022,-51.568,-95.566,216.289,1.842,-3.377,-99.815,6.081,59.201,-52.965,79.436,1.797,-4.036,4.418,0.776
17:49:25.591,54.936,-56.506,-44.846,True,-53.763,-46.685,-109.316,216.255,1.985,-2.096,-99.473,10.255,42.966,-55.102,69.873,1.942,-2.524,3.185,0.734
17:49:25.612,54.957,-56.506,-46.885,True,-56.079,-43.411,-115.352,205.356,1.387,-1.404,-98.956,14.412,42.450,-61.296,74.560,1.067,-1.554,1.885,0.433
17:49:25.634,54.978,-58.272,-50.962,True,-58.360,-42.012,-118.371,185.361,-0.418,-0.390,-98.266,18.543,39.994,-69.505,80.190,-0.769,-0.747,1.072,0.626
17:49:25.654,54.999,-61.804,-36.692,True,-60.977,-37.931,-121.551,189.405,0.028,0.224,-97.403,22.642,35.599,-59.334,69.194,-0.516,0.176,0.545,0.767
17:49:25.674,55.019,-61.804,-34.654,True,-63.035,-34.261,-118.740,189.684,-0.434,0.897,-96.369,26.701,34.566,-61.355,70.421,-0.579,0.638,0.861,0.447
17:49:25.695,55.039,-65.335,-30.577,True,-65.393,-30.493,-117.315,190.706,-0.697,1.380,-95.167,30.713,29.831,-61.290,68.164,-0.564,1.284,1.403,0.479
17:49:25.720,55.064,-67.101,-30.577,True,-67.591,-27.584,-113.702,185.913,-1.054,2.037,-93.797,34.671,26.696,-65.248,70.498,-1.086,1.794,2.097,0.590
17:49:25.741,55.085,-72.399,-16.308,True,-70.454,-22.110,-113.886,199.687,0.185,2.681,-92.263,38.568,19.864,-54.876,58.361,0.115,2.716,2.719,0.473
17:49:25.761,55.105,-75.930,-10.192,True,-73.475,-16.275,-113.190,211.552,1.330,3.701,-90.567,42.398,14.637,-52.590,54.589,1.284,3.649,3.868,0.469
17:49:25.782,55.126,-75.930,-12.231,True,-75.783,-12.088,-105.986,208.629,1.232,3.942,-88.712,46.154,12.782,-58.384,59.767,1.188,4.054,4.224,0.754
17:49:25.802,55.146,-81.228,0.000,True,-78.675,-6.076,-102.735,218.276,2.186,4.833,-86.702,49.828,5.474,-49.828,50.128,2.285,4.863,5.373,0.453
17:49:25.826,55.170,-81.228,6.115,True,-80.846,0.107,-93.504,225.533,2.949,5.433,-84.539,53.415,3.311,-47.300,47.415,3.284,5.174,6.128,0.437
17:49:25.848,55.192,-84.759,6.115,True,-83.191,4.966,-85.995,221.073,2.991,5.946,-82.228,56.908,-2.531,-50.793,50.856,3.283,5.661,6.544,0.423
17:49:25.868,55.213,-86.525,10.192,True,-85.286,9.574,-76.830,215.557,2.947,6.377,-79.773,60.302,-6.752,-50.109,50.562,3.184,6.022,6.812,0.465
17:49:25.889,55.234,-86.525,6.115,True,-86.753,12.080,-64.004,197.148,1.926,6.314,-77.178,63.589,-9.348,-57.474,58.229,1.853,6.049,6.326,0.873
17:49:25.909,55.254,-88.291,10.192,True,-88.093,14.669,-51.970,184.436,1.251,6.710,-74.447,66.765,-13.844,-56.573,58.242,0.924,6.127,6.197,0.652
17:49:25.930,55.275,-90.057,10.192,True,-89.347,16.460,-40.793,170.068,0.066,6.931,-71.586,69.824,-18.471,-59.632,62.427,-0.251,6.270,6.275,0.799
17:49:25.957,55.302,-91.823,20.385,True,-90.549,19.983,-30.445,171.382,0.326,6.982,-68.599,72.761,-23.223,-52.376,57.294,-0.046,6.480,6.480,0.528
17:49:25.978,55.323,-93.589,22.423,True,-91.722,23.181,-20.844,169.968,0.442,7.139,-65.492,75.570,-28.096,-53.147,60.116,-0.055,6.757,6.757,0.688
17:49:25.998,55.343,-95.354,34.654,True,-92.886,28.456,-11.871,182.411,1.766,7.469,-62.270,78.246,-33.084,-43.592,54.725,1.273,7.095,7.209,0.741
17:49:26.019,55.363,-95.354,30.577,True,-93.642,31.750,-0.700,177.462,1.647,7.509,-58.939,80.785,-36.415,-50.208,62.023,1.115,7.232,7.318,0.502
17:49:26.040,55.384,-95.354,34.654,True,-94.051,35.149,11.565,174.185,1.805,7.190,-55.504,83.182,-39.850,-48.528,62.793,1.115,7.249,7.334,0.795
17:49:26.064,55.409,-95.354,34.654,True,-93.819,38.633,26.460,171.895,2.348,6.875,-51.972,85.433,-43.382,-50.780,66.787,1.224,6.987,7.093,0.420
17:49:26.085,55.429,-93.589,48.923,True,-93.374,44.003,40.276,181.741,3.263,6.400,-48.349,87.535,-45.239,-38.612,59.477,2.527,6.768,7.224,0.586
17:49:26.105,55.450,-93.589,55.038,True,-92.841,49.612,52.463,189.013,4.231,6.243,-44.641,89.483,-48.947,-34.444,59.852,3.747,6.651,7.634,0.720
17:49:26.126,55.470,-93.589,59.115,True,-92.251,54.856,63.239,190.516,4.845,6.036,-40.855,91.274,-52.734,-32.158,61.766,4.558,6.629,8.044,0.869
17:49:26.146,55.491,-90.057,55.038,True,-90.756,57.768,78.310,175.487,4.107,5.335,-36.997,92.904,-53.060,-37.866,65.186,3.868,6.161,7.275,0.728
17:49:26.173,55.518,-82.994,57.077,True,-87.690,60.260,100.477,161.093,3.423,4.275,-33.074,94.372,-49.920,-37.295,62.313,3.166,4.930,5.860,0.486
17:49:26.194,55.539,-86.525,57.077,True,-85.881,61.956,109.321,144.844,2.430,3.985,-29.093,95.674,-57.432,-38.597,69.197,2.216,4.819,5.304,0.776
17:49:26.215,55.559,-72.399,65.231,True,-81.033,64.942,136.347,140.864,2.229,2.427,-25.061,96.809,-47.337,-31.578,56.903,2.347,2.933,3.756,0.798
17:49:26.235,55.579,-72.399,65.231,True,-76.924,67.168,151.327,132.209,1.889,1.205,-20.985,97.773,-51.413,-32.543,60.847,2.058,1.975,2.852,0.554
17:49:26.255,55.600,-67.101,69.308,True,-72.313,69.694,165.700,127.216,2.271,0.163,-16.873,98.566,-50.229,-29.259,58.129,2.100,0.958,2.308,0.757
17:49:26.286,55.630,-77.696,65.231,True,-71.022,70.609,154.438,112.239,1.136,1.413,-12.730,99.186,-64.966,-33.956,73.305,1.210,2.264,2.567,0.506
17:49:26.306,55.651,-74.165,61.154,True,-69.381,70.135,149.590,91.916,-0.211,2.228,-8.566,99.632,-65.599,-38.479,76.051,-0.272,3.095,3.107,0.786
17:49:26.327,55.671,-68.867,65.231,True,-66.965,70.407,152.165,82.176,-0.633,2.329,-4.386,99.904,-64.481,-34.673,73.212,-0.890,3.297,3.415,0.867
17:49:26.348,55.692,-68.867,73.385,True,-65.071,72.360,151.375,86.046,0.333,2.961,-0.199,100.000,-68.669,-26.615,73.646,-0.260,3.822,3.831,0.789
17:49:26.371,55.715,-65.335,69.308,True,-62.808,72.972,154.188,79.273,-0.081,3.094,3.989,99.920,-69.325,-30.613,75.783,-0.547,4.042,4.079,0.424
17:49:26.393,55.738,-65.335,81.538,True,-61.029,76.180,153.901,91.086,1.405,3.504,8.170,99.666,-73.505,-18.127,75.708,0.921,4.558,4.650,0.496
17:49:26.414,55.758,-61.804,83.577,True,-58.847,79.298,157.366,97.731,2.257,4.064,12.336,99.236,-74.140,-15.659,75.776,2.078,4.749,5.183,0.791
17:49:26.434,55.778,-58.272,79.500,True,-56.298,80.845,163.184,90.778,2.615,3.960,16.481,98.633,-74.753,-19.133,77.163,2.082,4.710,5.149,0.715
17:49:26.454,55.798,-58.272,77.462,True,-54.253,81.452,164.842,78.542,2.268,4.357,20.597,97.856,-78.869,-20.394,81.463,1.591,5.033,5.279,0.522
17:49:26.477,55.822,-54.741,83.577,True,-51.836,83.151,169.392,76.122,2.509,4.491,24.677,96.908,-79.417,-13.331,80.528,1.986,5.089,5.462,0.416
17:49:26.502,55.846,-51.209,89.692,True,-49.090,85.841,175.624,79.718,3.705,4.388,28.713,95.789,-79.922,-6.097,80.154,3.003,4.960,5.798,0.825
17:49:26.522,55.866,-44.146,87.654,True,-45.245,87.486,188.005,73.883,3.937,3.537,32.699,94.503,-76.845,-6.849,77.149,3.239,4.203,5.306,0.840
17:49:26.542,55.887,-44.146,95.808,True,-42.103,90.555,192.572,77.688,5.049,3.463,36.628,93.051,-80.773,2.757,80.820,4.417,4.076,6.010,0.805
17:49:26.563,55.908,-40.614,95.808,True,-38.801,92.968,197.337,74.265,5.631,3.319,40.492,91.435,-81.106,4.373,81.224,5.035,3.890,6.362,0.684
17:49:26.587,55.932,-35.316,99.885,True,-34.962,95.716,204.622,72.218,6.520,2.748,44.286,89.659,-79.602,10.225,80.256,5.841,3.417,6.768,0.843
17:49:26.608,55.952,-33.551,101.923,True,-31.492,98.267,207.547,67.491,7.164,2.597,48.001,87.726,-81.552,14.197,82.778,6.470,3.283,7.255,0.395
17:49:26.628,55.973,-30.019,97.846,True,-27.964,99.206,210.202,51.493,6.613,2.653,51.633,85.639,-81.652,12.207,82.559,6.081,3.135,6.841,0.697
17:49:26.650,55.994,-26.487,97.846,True,-24.393,99.680,212.477,35.351,6.155,2.570,55.174,83.402,-81.661,14.444,82.929,5.617,2.985,6.361,0.754
17:49:26.670,56.015,-21.190,99.885,True,-20.387,100.270,217.012,23.043,5.988,2.196,58.618,81.018,-79.808,18.866,82.007,5.451,2.580,6.031,0.885
17:49:26.695,56.040,-19.424,99.885,True,-16.831,100.535,217.155,10.550,5.647,2.117,61.959,78.493,-81.383,21.392,84.148,5.235,2.527,5.813,0.556
17:49:26.717,56.061,-15.892,101.923,True,-13.279,101.019,217.148,1.591,5.596,2.112,65.192,75.829,-81.084,26.094,85.179,5.319,2.461,5.860,0.585
17:49:26.737,56.082,-8.829,97.846,True,-8.911,100.306,222.368,-14.231,5.042,1.455,68.310,73.033,-77.139,24.814,81.032,4.745,1.871,5.101,0.776
17:49:26.758,56.102,-1.766,93.769,True,-3.837,98.569,230.331,-33.528,4.289,0.357,71.308,70.108,-73.074,23.661,76.809,3.765,0.935,3.880,0.827
17:49:26.779,56.123,1.766,93.769,True,1.001,96.939,233.773,-47.571,3.611,-0.179,74.181,67.060,-72.416,26.709,77.184,3.167,0.309,3.182,0.700
17:49:26.799,56.144,5.297,89.692,True,5.588,94.525,233.830,-63.692,2.940,-0.117,76.925,63.895,-71.627,25.797,76.131,2.299,-0.076,2.300,0.806
17:49:26.825,56.169,5.297,89.692,True,10.265,93.251,233.673,-68.415,3.395,-0.763,79.533,60.618,-74.235,29.074,79.726,2.414,-0.495,2.464,0.374
17:49:26.846,56.190,15.892,99.885,True,15.207,94.139,234.377,-58.940,4.856,-1.344,82.001,57.234,-66.109,42.650,78.673,3.900,-1.052,4.040,0.713
17:49:26.866,56.210,19.424,97.846,True,19.769,94.264,231.423,-58.725,5.628,-1.362,84.326,53.750,-64.902,44.096,78.465,4.661,-1.328,4.847,0.464
17:49:26.887,56.231,22.956,87.654,True,24.029,91.699,226.376,-77.042,4.654,-1.214,86.503,50.172,-63.547,37.482,73.778,3.708,-1.438,3.977,0.676
17:49:26.907,56.252,21.190,83.577,True,26.731,88.527,211.920,-94.936,3.391,-0.406,88.528,46.505,-67.338,37.071,76.868,2.674,-0.660,2.754,0.769
17:49:26.933,56.277,31.785,83.577,True,31.167,85.890,211.814,-105.113,3.141,-1.014,90.398,42.758,-58.613,40.819,71.426,2.257,-1.185,2.550,0.435
17:49:26.953,56.298,31.785,79.500,True,34.541,82.766,203.875,-116.273,2.474,-0.967,92.109,38.935,-60.324,40.565,72.695,1.693,-1.025,1.980,0.786
17:49:26.974,56.318,38.848,93.769,True,38.673,83.582,202.116,-99.545,4.445,-0.959,93.659,35.043,-54.811,58.726,80.330,3.731,-1.449,4.002,0.780
17:49:26.993,56.338,37.082,85.615,True,41.397,82.533,190.602,-101.110,5.043,-0.813,95.044,31.090,-57.962,54.525,79.577,4.233,-0.994,4.348,0.401
17:49:27.014,56.358,44.146,85.615,True,44.961,81.700,186.944,-102.057,6.095,-1.964,96.263,27.083,-52.117,58.532,78.372,4.830,-1.248,4.989,0.483
17:49:27.041,56.385,51.209,81.538,True,49.283,80.096,188.197,-109.122,6.158,-2.885,97.312,23.028,-46.103,58.510,74.491,4.889,-2.005,5.285,0.423
17:49:27.061,56.405,56.506,81.538,True,53.851,78.756,189.350,-113.641,6.574,-4.094,98.191,18.933,-41.685,62.605,75.213,5.173,-2.843,5.902,0.404
17:49:27.081,56.425,58.272,79.500,True,57.785,77.184,184.478,-119.661,6.919,-4.664,98.898,14.805,-40.626,64.695,76.393,5.320,-3.202,6.209,0.405
17:49:27.102,56.446,65.335,77.462,True,62.372,75.411,183.804,-126.507,7.508,-5.712,99.431,10.650,-34.096,66.811,75.008,5.378,-3.999,6.702,1.016
17:49:27.122,56.466,68.867,73.385,True,66.703,72.998,179.903,-136.787,7.440,-6.329,99.790,6.477,-30.923,66.907,73.708,5.090,-4.574,6.843,0.796
17:49:27.148,56.493,72.399,69.308,True,70.789,70.041,173.718,-148.707,6.871,-6.527,99.974,2.293,-27.575,67.015,72.466,4.587,-4.989,6.777,0.462
17:49:27.170,56.514,75.930,67.269,True,74.651,67.114,166.021,-157.821,6.393,-6.488,99.982,-1.896,-24.052,69.165,73.228,4.269,-5.298,6.804,1.224
17:49:27.190,56.534,79.462,61.154,True,78.318,63.305,157.417,-170.885,5.535,-6.568,99.815,-6.081,-20.353,67.235,70.248,3.518,-5.546,6.567,0.928
17:49:27.210,56.554,82.994,53.000,True,81.822,58.286,148.360,-188.655,4.031,-6.737,99.473,-10.255,-16.479,63.255,65.367,2.214,-5.767,6.178,0.739
17:49:27.230,56.574,84.759,50.962,True,84.782,53.687,136.466,-198.637,3.229,-6.753,98.956,-14.412,-14.197,65.373,66.897,1.488,-5.732,5.922,0.758
17:49:27.258,56.603,86.525,57.077,True,87.282,51.426,123.181,-190.433,4.004,-6.781,98.266,-18.543,-11.740,75.620,76.526,2.397,-5.549,6.044,0.421
17:49:27.279,56.623,90.057,46.885,True,89.818,47.447,112.256,-196.478,3.521,-6.427,97.403,-22.642,-7.346,69.526,69.913,2.038,-5.559,5.921,0.403
17:49:27.300,56.644,93.589,42.808,True,92.418,43.352,103.167,-201.750,3.177,-6.638,96.369,-26.701,-2.781,69.508,69.564,1.695,-5.734,5.980,0.621
17:49:27.320,56.665,93.589,36.692,True,94.274,38.707,90.021,-209.245,2.724,-6.623,95.167,-30.713,-1.578,67.405,67.424,1.088,-5.533,5.639,0.856
17:49:27.340,56.685,97.120,32.615,True,96.317,34.079,80.252,-214.394,2.337,-6.864,93.797,-34.671,3.323,67.286,67.368,0.622,-5.619,5.654,0.938
17:49:27.366,56.710,97.120,32.615,True,97.922,29.791,68.707,-215.673,1.937,-6.509,92.263,-38.568,4.857,71.184,71.349,0.460,-5.536,5.555,0.443
17:49:27.387,56.731,97.120,14.269,True,98.683,22.317,53.406,-236.843,-0.397,-5.766,90.567,-42.398,6.553,56.667,57.045,-1.639,-5.073,5.331,0.713
17:49:27.407,56.751,97.120,10.192,True,99.049,15.608,38.552,-245.917,-1.611,-5.259,88.712,-46.154,8.408,56.346,56.970,-2.827,-4.590,5.391,0.613
17:49:27.427,56.772,98.886,6.115,True,99.581,9.520,27.621,-247.464,-2.220,-5.521,86.702,-49.828,12.184,55.943,57.255,-3.425,-4.422,5.594,0.824
17:49:27.447,56.792,98.886,-2.038,True,99.824,2.933,16.588,-250.744,-2.974,-5.621,84.539,-53.415,14.347,51.376,53.342,-4.255,-4.220,5.993,0.730
17:49:27.473,56.817,97.120,-8.154,True,99.421,-3.553,3.260,-251.319,-3.959,-4.816,82.228,-56.908,14.892,48.754,50.978,-4.911,-3.768,6.190,0.456
17:49:27.494,56.838,98.886,-16.308,True,99.343,-10.420,-5.395,-252.985,-4.976,-4.760,79.773,-60.302,19.113,43.994,47.966,-5.737,-3.711,6.832,0.744
17:49:27.513,56.858,97.120,-10.192,True,98.737,-14.234,-16.225,-233.182,-4.112,-4.438,77.178,-63.589,19.943,53.397,56.999,-4.588,-3.435,5.731,0.429
17:49:27.534,56.878,97.120,-14.269,True,98.110,-17.814,-25.241,-216.740,-3.358,-4.251,74.447,-66.765,22.673,52.496,57.183,-3.627,-3.298,4.902,0.670
17:49:27.554,56.899,95.354,-22.423,True,97.081,-22.213,-35.434,-209.703,-3.286,-3.679,71.586,-69.824,23.768,47.401,53.027,-3.458,-3.030,4.598,0.846
17:49:27.585,56.930,95.354,-26.500,True,96.135,-26.429,-43.207,-202.739,-3.235,-3.684,68.599,-72.761,26.755,46.261,53.441,-3.281,-2.959,4.418,0.749
17:49:27.605,56.950,91.823,-34.654,True,94.470,-31.453,-54.544,-202.357,-3.665,-3.359,65.492,-75.570,26.331,40.916,48.656,-3.715,-2.538,4.499,0.634
17:49:27.625,56.970,90.057,-40.769,True,92.607,-36.724,-64.831,-202.773,-4.243,-3.050,62.270,-78.246,27.787,37.477,46.654,-4.279,-2.166,4.796,0.551
17:49:27.646,56.991,88.291,-48.923,True,90.609,-42.672,-73.899,-206.436,-5.304,-2.742,58.939,-80.785,29.352,31.862,43.321,-5.218,-1.866,5.541,0.778
17:49:27.669,57.014,86.525,-50.962,True,88.525,-47.768,-81.721,-202.085,-5.564,-2.513,55.504,-83.182,31.021,32.221,44.726,-5.500,-1.649,5.742,0.526
17:49:27.691,57.035,86.525,-61.154,True,86.806,-53.982,-85.668,-205.093,-6.538,-2.626,51.972,-85.433,34.553,24.280,42.230,-6.512,-1.774,6.749,0.760
17:49:27.711,57.055,81.228,-57.077,True,84.194,-57.850,-95.231,-190.171,-5.988,-2.206,48.349,-87.535,32.879,30.458,44.818,-5.930,-1.376,6.088,0.428
17:49:27.731,57.076,79.462,-59.115,True,81.632,-61.063,-102.386,-174.102,-5.242,-2.160,44.641,-89.483,34.821,30.367,46.202,-5.172,-1.159,5.300,0.760
17:49:27.752,57.096,77.696,-61.154,True,79.145,-63.756,-107.656,-158.285,-4.367,-1.976,40.855,-91.274,36.841,30.120,47.587,-4.354,-1.093,4.489,0.517
17:49:27.774,57.119,75.930,-63.192,True,76.745,-66.054,-111.526,-143.633,-3.395,-2.088,36.997,-92.904,38.933,29.712,48.976,-3.562,-1.149,3.742,0.661
17:49:27.800,57.144,74.165,-71.346,True,74.433,-69.490,-114.422,-140.015,-3.159,-2.496,33.074,-94.372,41.090,23.026,47.102,-3.739,-1.299,3.959,0.411
17:49:27.822,57.166,68.867,-71.346,True,71.383,-72.071,-122.102,-130.889,-2.562,-1.886,29.093,-95.674,39.774,24.328,46.624,-3.425,-1.004,3.569,0.953
17:49:27.842,57.186,65.335,-71.346,True,68.102,-73.911,-129.675,-118.744,-1.975,-1.602,25.061,-96.809,40.274,25.463,47.648,-2.799,-0.679,2.881,0.761
17:49:27.863,57.207,65.335,-75.423,True,65.469,-76.086,-131.334,-111.674,-1.859,-1.586,20.985,-97.773,44.350,22.350,49.663,-2.601,-0.872,2.743,0.734
17:49:27.885,57.229,60.038,-75.423,True,62.190,-77.646,-137.409,-101.905,-1.399,-1.102,16.873,-98.566,43.165,23.143,48.978,-2.139,-0.659,2.239,0.401
17:49:27.907,57.251,58.272,-77.462,True,59.170,-79.168,-140.549,-94.115,-1.308,-1.411,12.730,-99.186,45.542,21.725,50.458,-1.831,-0.692,1.958,0.437
17:49:27.928,57.273,54.741,-79.500,True,55.983,-80.690,-144.443,-87.985,-1.019,-1.406,8.566,-99.632,46.175,20.132,50.373,-1.665,-0.647,1.786,0.791
17:49:27.949,57.294,51.209,-81.538,True,52.656,-82.238,-148.651,-83.173,-1.127,-1.249,4.386,-99.904,46.823,18.365,50.296,-1.624,-0.556,1.716,0.733
17:49:27.969,57.314,47.677,-83.577,True,49.217,-83.826,-152.858,-79.342,-1.329,-1.009,0.199,-100.000,47.479,16.423,50.239,-1.689,-0.444,1.747,0.460
17:49:27.991,57.336,44.146,-85.615,True,45.692,-85.460,-156.846,-76.180,-1.563,-0.882,-3.989,-99.920,48.135,14.305,50.215,-1.843,-0.328,1.872,0.572
17:49:28.015,57.360,42.380,-83.577,True,42.514,-86.192,-157.787,-67.191,-1.183,-1.082,-8.170,-99.666,50.550,16.089,53.048,-1.477,-0.476,1.552,0.525
17:49:28.035,57.380,40.614,-85.615,True,39.650,-87.090,-156.848,-61.223,-1.118,-1.337,-12.336,-99.236,52.950,13.621,54.674,-1.373,-0.805,1.592,0.647
17:49:28.056,57.400,38.848,-91.731,True,37.056,-89.108,-154.937,-63.621,-1.818,-1.716,-16.481,-98.633,55.329,6.902,55.758,-2.068,-1.248,2.415,0.453
17:49:28.076,57.421,33.551,-97.846,True,33.863,-92.115,-158.121,-70.773,-2.942,-1.813,-20.597,-97.856,54.148,0.010,54.148,-3.306,-1.237,3.530,0.512
17:49:28.097,57.441,30.019,-97.846,True,30.542,-94.533,-161.702,-70.571,-3.853,-1.761,-24.677,-96.908,54.696,-0.939,54.704,-3.991,-1.166,4.158,0.695
17:49:28.123,57.468,30.019,-97.846,True,27.308,-95.944,-164.099,-62.372,-3.676,-1.629,-28.713,-95.789,58.732,-2.057,58.768,-3.994,-1.180,4.165,0.361
17:49:28.144,57.489,22.956,-97.846,True,23.724,-97.376,-168.455,-55.347,-3.970,-1.182,-32.699,-94.503,55.655,-3.343,55.755,-4.111,-0.987,4.227,0.786
17:49:28.165,57.510,19.424,-97.846,True,20.107,-98.313,-172.051,-45.829,-3.848,-0.457,-36.628,-93.051,56.052,-4.796,56.257,-4.001,-0.823,4.085,0.900
17:49:28.185,57.530,15.892,-97.846,True,16.468,-98.876,-174.985,-35.384,-3.340,-0.028,-40.492,-91.435,56.385,-6.411,56.748,-3.789,-0.684,3.850,0.669
17:49:28.206,57.551,14.127,-95.808,True,13.255,-98.648,-174.581,-21.705,-2.553,-0.133,-44.286,-89.659,58.412,-6.148,58.735,-3.240,-0.829,3.345,0.815
17:49:28.234,57.578,8.829,-97.846,True,9.537,-98.783,-177.719,-13.151,-2.118,-0.133,-48.001,-87.726,56.830,-10.120,57.724,-3.125,-0.630,3.188,0.448
17:49:28.254,57.599,5.297,-99.885,True,5.820,-99.246,-180.056,-8.005,-2.466,0.112,-51.633,-85.639,56.930,-14.245,58.685,-3.327,-0.463,3.359,0.907
17:49:28.275,57.619,3.532,-93.769,True,2.528,-98.077,-179.017,7.375,-1.709,0.152,-55.174,-83.402,58.705,-10.367,59.614,-2.571,-0.581,2.636,0.867
17:49:28.295,57.640,0.000,-99.885,True,-0.806,-98.387,-178.616,9.695,-2.187,0.136,-58.618,-81.018,58.618,-18.866,61.579,-2.982,-0.629,3.047,0.811
17:49:28.318,57.662,-1.766,-91.731,True,-3.769,-96.687,-175.942,25.632,-1.347,-0.182,-61.959,-78.493,60.193,-13.238,61.632,-2.140,-0.877,2.313,0.474
17:49:28.342,57.687,-5.297,-87.654,True,-6.825,-94.193,-174.716,42.993,-0.360,-0.268,-65.192,-75.829,59.894,-11.825,61.050,-1.073,-0.992,1.461,0.728
17:49:28.362,57.707,-12.361,-85.615,True,-10.794,-91.540,-179.866,56.964,0.290,0.373,-68.310,-73.033,55.949,-12.583,57.347,-0.215,-0.489,0.534,0.413
17:49:28.383,57.727,-15.892,-85.615,True,-14.740,-89.289,-183.163,64.714,0.281,1.030,-71.308,-70.108,55.416,-15.507,57.545,0.138,-0.083,0.161,0.717
17:49:28.404,57.748,-19.424,-85.615,True,-18.640,-87.442,-184.895,68.070,0.191,1.339,-74.181,-67.060,54.757,-18.555,57.816,0.102,0.240,0.261,0.796
17:49:28.424,57.768,-21.190,-83.577,True,-22.071,-85.498,-182.644,71.692,0.394,0.955,-76.925,-63.895,55.735,-19.682,59.108,0.079,0.239,0.252,0.524
17:49:28.449,57.793,-22.956,-87.654,True,-25.081,-84.899,-177.913,66.033,-0.557,0.655,-79.533,-60.618,56.577,-27.036,62.705,-0.835,0.022,0.835,0.447
17:49:28.469,57.814,-26.487,-81.538,True,-28.139,-83.104,-174.573,70.873,-0.639,0.726,-82.001,-57.234,55.514,-24.304,60.601,-0.857,-0.068,0.859,0.487
17:49:28.490,57.834,-30.019,-83.577,True,-31.255,-82.126,-172.247,69.738,-1.376,0.615,-84.326,-53.750,54.307,-29.827,61.959,-1.448,-0.052,1.449,0.857
17:49:28.510,57.854,-33.551,-83.577,True,-34.433,-81.393,-170.594,68.358,-1.976,0.380,-86.503,-50.172,52.952,-33.405,62.609,-2.125,0.050,2.126,0.766
17:49:28.530,57.875,-35.316,-85.615,True,-37.257,-81.326,-166.622,64.171,-3.035,0.272,-88.528,-46.505,53.212,-39.110,66.038,-3.136,-0.037,3.137,0.615
17:49:28.556,57.901,-37.082,-81.538,True,-39.774,-80.390,-161.333,68.327,-3.376,0.184,-90.398,-42.758,53.316,-38.781,65.928,-3.455,-0.238,3.463,0.432
17:49:28.577,57.921,-40.614,-85.615,True,-42.445,-80.557,-158.174,65.347,-4.580,-0.043,-92.109,-38.935,51.495,-46.681,69.504,-4.470,-0.240,4.477,0.406
17:49:28.598,57.942,-44.146,-77.462,True,-45.269,-78.834,-156.430,77.265,-4.220,0.057,-93.659,-35.043,49.513,-42.418,65.199,-4.163,-0.087,4.163,0.914
17:49:28.618,57.962,-47.677,-77.462,True,-48.230,-77.329,-155.509,85.553,-4.143,-0.034,-95.044,-31.090,47.367,-46.371,66.286,-4.143,0.181,4.147,0.483
17:49:28.638,57.983,-51.209,-75.423,True,-51.310,-75.573,-154.937,94.363,-4.253,0.269,-96.263,-27.083,45.054,-48.340,66.080,-4.050,0.530,4.084,0.835
17:49:28.664,58.009,-51.209,-75.423,True,-54.408,-73.685,-153.848,102.684,-4.354,0.795,-97.312,-23.028,46.103,-52.395,69.791,-3.970,0.885,4.068,0.608
17:49:28.685,58.030,-56.506,-73.385,True,-57.209,-72.126,-150.262,107.678,-4.500,1.011,-98.191,-18.933,41.685,-54.451,68.576,-4.178,1.056,4.310,0.838
17:49:28.705,58.050,-58.272,-73.385,True,-59.696,-70.883,-144.822,110.515,-4.953,1.031,-98.898,-14.805,40.626,-58.580,71.289,-4.596,1.079,4.721,0.660
17:49:28.726,58.070,-60.038,-69.308,True,-61.939,-68.835,-138.498,118.937,-4.703,0.952,-99.431,-10.650,39.393,-58.657,70.658,-4.497,1.031,4.614,0.588
17:49:28.746,58.091,-65.335,-69.308,True,-64.864,-67.163,-137.358,123.725,-4.307,0.995,-99.790,-6.477,34.455,-62.830,71.657,-4.711,1.490,4.941,0.810
17:49:28.772,58.117,-65.335,-69.308,True,-67.060,-65.807,-130.803,126.316,-4.818,1.068,-99.974,-2.293,34.638,-67.015,75.437,-5.132,1.491,5.344,0.442
17:49:28.793,58.137,-68.867,-67.269,True,-69.484,-64.231,-126.509,130.794,-4.980,0.947,-99.982,1.896,31.115,-69.165,75.841,-5.389,1.718,5.656,0.666
17:49:28.813,58.157,-70.633,-55.038,True,-71.688,-60.065,-120.885,151.836,-3.802,1.114,-99.815,6.081,29.182,-61.119,67.729,-4.056,1.852,4.459,0.812
17:49:28.833,58.177,-74.165,-65.231,True,-74.120,-58.948,-117.168,147.738,-4.581,1.579,-99.473,10.255,25.308,-75.486,79.616,-4.950,2.191,5.413,0.475
17:49:28.853,58.198,-77.696,-63.192,True,-76.750,-57.671,-114.539,146.980,-5.021,1.675,-98.956,14.412,21.260,-77.604,80.464,-5.595,2.676,6.202,0.433
17:49:28.886,58.230,-81.228,-59.115,True,-79.550,-55.751,-112.368,151.805,-5.269,2.368,-98.266,18.543,17.038,-77.658,79.505,-5.746,3.261,6.607,0.486
17:49:28.907,58.251,-84.759,-53.000,True,-82.486,-52.781,-110.185,163.177,-4.853,3.049,-97.403,22.642,12.644,-75.642,76.691,-5.258,3.909,6.551,0.849
17:49:28.927,58.271,-86.525,-34.654,True,-85.116,-46.065,-104.959,196.682,-2.013,3.500,-96.369,26.701,9.844,-61.355,62.139,-2.579,4.336,5.045,0.770
17:49:28.948,58.292,-86.525,-36.692,True,-87.055,-40.867,-94.996,210.299,-0.290,3.258,-95.167,30.713,8.642,-67.405,67.957,-1.469,4.353,4.595,0.773
17:49:28.971,58.315,-86.525,-36.692,True,-88.390,-36.668,-82.333,213.269,0.306,3.146,-93.797,34.671,7.272,-71.363,71.733,-1.230,4.109,4.290,0.563
17:49:28.991,58.336,-88.291,-30.577,True,-89.631,-31.978,-71.217,218.593,0.683,2.823,-92.263,38.568,3.972,-69.145,69.259,-0.728,3.978,4.044,0.419
17:49:29.012,58.356,-90.057,-20.385,True,-90.823,-25.927,-61.515,231.148,1.696,2.847,-90.567,42.398,0.510,-62.783,62.785,0.530,3.960,3.995,0.658
17:49:29.032,58.377,-93.589,-14.269,True,-92.410,-19.668,-55.729,240.832,2.779,3.415,-88.712,46.154,-4.876,-60.423,60.619,1.663,4.306,4.616,0.587
17:49:29.052,58.397,-93.589,-12.231,True,-93.540,-14.242,-46.980,241.426,2.967,3.366,-86.702,49.828,-6.887,-62.059,62.440,2.064,4.400,4.860,0.462
17:49:29.073,58.417,-93.589,-6.115,True,-94.272,-8.646,-36.576,242.232,3.464,3.098,-84.539,53.415,-9.050,-59.530,60.214,2.531,4.339,5.023,0.463
17:49:29.100,58.445,-95.354,4.077,True,-95.085,-1.970,-28.197,249.082,4.716,3.143,-82.228,56.908,-13.126,-52.831,54.438,3.626,4.454,5.743,0.530
17:49:29.121,58.465,-97.120,8.154,True,-95.991,4.208,-21.295,249.495,5.357,3.647,-79.773,60.302,-17.347,-52.148,54.957,4.228,4.712,6.331,0.928
17:49:29.141,58.486,-97.120,14.269,True,-96.581,10.377,-12.689,248.559,5.741,4.379,-77.178,63.589,-19.943,-49.320,53.199,4.766,4.825,6.782,0.786
17:49:29.161,58.506,-98.886,16.308,True,-97.311,15.571,-5.911,240.235,5.327,5.213,-74.447,66.765,-24.439,-50.458,56.065,4.655,5.111,6.913,0.427
17:49:29.188,58.532,-98.886,20.385,True,-97.768,20.378,2.365,230.684,4.952,5.428,-71.586,69.824,-27.300,-49.440,56.476,4.410,5.273,6.874,1.016
17:49:29.208,58.552,-98.886,20.385,True,-97.721,24.991,13.198,221.622,4.649,5.363,-68.599,72.761,-30.287,-52.376,60.502,4.182,5.193,6.668,0.424
17:49:29.228,58.573,-100.652,24.462,True,-98.358,28.024,18.104,204.076,3.419,5.635,-65.492,75.570,-35.160,-51.108,62.034,3.114,5.657,6.458,0.791
17:49:29.249,58.593,-100.652,30.577,True,-98.705,31.698,25.254,195.102,2.862,5.907,-62.270,78.246,-38.382,-47.669,61.200,2.751,5.942,6.548,0.615
17:49:29.269,58.613,-100.652,38.731,True,-98.827,36.401,33.520,194.485,3.084,6.156,-58.939,80.785,-41.713,-42.054,59.233,3.160,6.133,6.899,0.732
17:49:29.289,58.633,-102.418,36.692,True,-99.213,39.399,39.467,182.375,2.544,6.418,-55.504,83.182,-46.913,-46.490,66.047,2.515,6.546,7.013,0.752
17:49:29.314,58.658,-104.184,36.692,True,-99.818,41.508,44.077,167.457,1.760,6.914,-51.972,85.433,-52.211,-48.741,71.426,1.538,7.110,7.275,0.593
17:49:29.335,58.679,-102.418,40.769,True,-99.766,43.883,53.391,158.079,1.271,7.073,-48.349,87.535,-54.068,-46.766,71.487,0.999,7.258,7.327,1.029
17:49:29.355,58.699,-100.652,44.846,True,-99.159,46.526,65.342,152.693,0.948,6.878,-44.641,89.483,-56.011,-44.637,71.621,0.801,7.142,7.186,0.544
17:49:29.375,58.719,-100.652,42.808,True,-98.507,47.995,75.771,140.782,0.198,6.988,-40.855,91.274,-59.797,-48.466,76.972,-0.022,7.128,7.129,0.715
17:49:29.395,58.740,-100.652,48.923,True,-97.845,50.371,84.860,137.961,0.099,7.183,-36.997,92.904,-63.655,-43.981,77.371,-0.047,7.213,7.213,0.818
17:49:29.416,58.761,-100.652,50.962,True,-97.195,52.626,92.828,134.759,0.047,7.431,-33.074,94.372,-67.578,-43.411,80.320,-0.087,7.385,7.386,0.959
17:49:29.440,58.785,-98.886,53.000,True,-96.163,54.782,102.592,131.400,-0.024,7.419,-29.093,95.674,-69.793,-42.674,81.806,-0.124,7.376,7.377,1.074
17:49:29.461,58.805,-93.589,55.038,True,-93.990,56.859,118.544,128.033,-0.178,6.623,-25.061,96.809,-68.527,-41.770,80.254,-0.143,6.747,6.749,1.013
17:49:29.481,58.826,-93.589,59.115,True,-92.077,59.349,129.395,127.861,0.045,6.296,-20.985,97.773,-72.603,-38.658,82.254,0.162,6.506,6.508,1.149
17:49:29.502,58.846,-90.057,59.115,True,-89.621,61.257,141.892,123.255,-0.022,5.863,-16.873,98.566,-73.184,-39.451,83.140,0.101,6.056,6.056,0.831
17:49:29.524,58.869,-90.057,59.115,True,-86.783,63.722,154.334,123.048,0.237,5.379,-12.730,99.186,-77.327,-40.071,87.092,0.470,5.535,5.555,0.579
17:49:29.551,58.896,-82.994,69.308,True,-83.498,67.065,166.978,127.734,1.155,4.785,-8.566,99.632,-74.428,-30.325,80.369,1.368,4.915,5.101,0.819
17:49:29.572,58.916,-82.994,65.231,True,-80.916,68.447,172.288,117.513,0.822,4.836,-4.386,99.904,-78.608,-34.673,85.915,0.949,4.908,4.999,1.025
17:49:29.592,58.937,-79.462,69.308,True,-77.980,70.416,179.162,113.163,0.913,4.590,-0.199,100.000,-79.263,-30.692,84.998,1.060,4.731,4.848,0.784
17:49:29.613,58.957,-75.930,71.346,True,-74.777,72.349,186.483,108.899,1.128,4.486,3.989,99.920,-79.920,-28.574,84.874,1.206,4.470,4.630,0.825
17:49:29.633,58.978,-72.399,75.423,True,-71.375,74.744,193.590,107.799,1.426,4.127,8.170,99.666,-80.569,-24.243,84.137,1.685,4.180,4.507,0.696
17:49:29.657,59.001,-68.867,75.423,True,-67.828,76.548,200.101,102.088,1.724,3.859,12.336,99.236,-81.203,-23.813,84.623,1.785,3.895,4.284,0.618
17:49:29.677,59.022,-61.804,79.500,True,-63.349,78.804,211.171,99.802,2.242,3.334,16.481,98.633,-78.285,-19.133,80.589,2.232,3.122,3.838,0.760
17:49:29.698,59.042,-58.272,83.577,True,-58.926,81.450,218.881,99.428,2.989,2.867,20.597,97.856,-78.869,-14.279,80.151,2.917,2.569,3.887,0.637
17:49:29.718,59.062,-52.975,83.577,True,-54.181,83.471,226.549,93.643,3.208,2.517,24.677,96.908,-77.651,-13.331,78.787,3.165,1.944,3.714,0.580
17:49:29.740,59.084,-52.975,83.577,True,-49.650,85.344,230.543,87.141,3.587,2.124,28.713,95.789,-81.688,-12.212,82.596,3.371,1.588,3.727,0.429
17:49:29.762,59.107,-49.443,87.654,True,-46.282,87.247,225.877,81.235,3.957,2.593,32.699,94.503,-82.142,-6.849,82.427,3.657,2.012,4.174,0.654
17:49:29.782,59.127,-40.614,89.692,True,-41.457,89.091,231.948,75.104,4.372,2.056,36.628,93.051,-77.242,-3.358,77.315,3.950,1.441,4.205,0.616
17:49:29.803,59.147,-37.082,91.731,True,-36.886,90.884,234.484,68.819,4.791,1.826,40.492,91.435,-77.574,0.296,77.575,4.257,1.134,4.405,0.660
17:49:29.823,59.168,-33.551,91.731,True,-32.532,92.129,234.695,59.245,4.868,1.790,44.286,89.659,-77.836,2.071,77.864,4.274,1.004,4.391,0.770
17:49:29.849,59.194,-30.019,93.769,True,-28.366,93.424,233.403,51.163,4.777,2.043,48.001,87.726,-78.020,6.043,78.254,4.430,0.993,4.540,0.530
17:49:29.870,59.215,-22.956,95.808,True,-23.521,94.772,236.576,44.136,4.955,1.625,51.633,85.639,-74.588,10.169,75.278,4.695,0.540,4.726,0.889
17:49:29.890,59.235,-17.658,93.769,True,-18.523,95.210,239.405,31.625,4.667,1.152,55.174,83.402,-72.832,10.367,73.566,4.454,0.058,4.455,0.420
17:49:29.911,59.255,-14.127,93.769,True,-13.827,95.357,238.930,19.323,4.543,0.828,58.618,81.018,-72.744,12.751,73.853,4.197,-0.171,4.201,0.615
17:49:29.932,59.276,-12.361,99.885,True,-9.821,96.709,233.540,16.999,5.158,0.932,61.959,78.493,-74.320,21.392,77.337,4.853,0.034,4.853,0.913
17:49:29.957,59.301,-8.829,95.808,True,-6.007,96.760,228.003,5.137,4.793,1.018,65.192,75.829,-74.021,19.979,76.670,4.662,0.265,4.669,0.600
17:49:29.978,59.322,1.766,95.808,True,-0.699,96.618,233.452,-6.052,4.540,0.108,68.310,73.033,-66.544,22.775,70.334,4.501,-0.534,4.532,0.762
17:49:29.998,59.342,8.829,95.808,True,5.099,96.336,239.783,-16.352,4.414,-0.926,71.308,70.108,-62.479,25.700,67.558,4.394,-1.517,4.648,0.713
17:49:30.019,59.363,12.361,97.846,True,10.468,96.436,240.441,-22.569,4.485,-1.511,74.181,67.060,-61.821,30.786,69.062,4.651,-2.075,5.093,0.868
17:49:30.039,59.383,19.424,97.846,True,16.241,96.418,242.528,-29.275,4.645,-2.290,76.925,63.895,-57.501,33.951,66.776,4.877,-2.835,5.641,0.412
17:49:30.067,59.412,22.956,95.808,True,21.525,95.827,239.557,-39.332,4.302,-2.689,79.533,60.618,-56.577,35.190,66.628,4.794,-3.201,5.765,0.505
17:49:30.089,59.433,22.956,95.808,True,26.317,95.040,232.981,-49.183,4.019,-2.435,82.001,57.234,-59.046,38.573,70.529,4.707,-3.264,5.728,0.442
17:49:30.109,59.454,30.019,97.846,True,30.706,95.126,224.542,-51.996,4.698,-2.001,84.326,53.750,-54.307,44.096,69.955,5.267,-3.156,6.140,0.527
17:49:30.130,59.475,37.082,101.923,True,35.701,96.180,221.241,-49.589,6.342,-2.412,86.503,50.172,-49.421,51.751,71.558,6.380,-3.530,7.291,0.803
17:49:30.151,59.495,40.614,101.923,True,40.250,96.913,214.776,-51.847,7.194,-2.490,88.528,46.505,-47.914,55.418,73.259,7.148,-3.642,8.022,1.025
17:49:30.174,59.519,44.146,99.885,True,44.447,96.870,206.667,-60.264,7.496,-2.840,90.398,42.758,-46.252,57.127,73.504,7.380,-3.609,8.215,0.359
17:49:30.196,59.541,49.443,99.885,True,48.789,96.688,200.578,-68.944,7.386,-3.102,92.109,38.935,-42.666,60.950,74.400,7.583,-3.767,8.467,0.491
17:49:30.217,59.562,51.209,99.885,True,52.421,96.400,190.414,-77.558,7.541,-3.157,93.659,35.043,-42.450,64.841,77.501,7.782,-3.553,8.555,1.019
17:49:30.237,59.582,58.272,95.808,True,56.711,95.075,186.213,-92.092,7.172,-3.501,95.044,31.090,-36.772,64.717,74.434,7.403,-3.888,8.362,0.877
17:49:30.257,59.601,65.335,95.808,True,61.583,93.836,185.656,-103.399,6.873,-4.255,96.263,27.083,-30.927,68.725,75.363,7.259,-4.609,8.598,0.446
17:49:30.283,59.627,65.335,95.808,True,65.296,91.768,176.186,-118.312,6.332,-4.218,97.312,23.028,-31.977,72.779,79.494,6.723,-4.559,8.123,0.398
17:49:30.303,59.648,72.399,89.692,True,69.831,89.484,173.252,-131.602,5.781,-4.970,98.191,18.933,-25.793,70.759,75.313,6.254,-5.130,8.089,0.464
17:49:30.323,59.668,75.930,89.692,True,73.999,87.610,167.139,-139.678,5.881,-5.164,98.898,14.805,-22.968,74.888,78.330,6.208,-5.459,8.267,0.392
17:49:30.344,59.689,77.696,81.538,True,77.433,83.978,156.493,-157.701,4.933,-5.061,99.431,10.650,-21.735,70.888,74.145,5.171,-5.383,7.465,0.758
17:49:30.365,59.709,79.462,83.577,True,80.290,81.506,143.713,-164.025,4.927,-4.862,99.790,6.477,-20.328,77.100,79.735,5.122,-5.089,7.220,0.811
17:49:30.385,59.730,84.759,73.385,True,83.550,77.053,135.710,-181.991,3.671,-5.144,99.974,2.293,-15.214,71.092,72.702,3.925,-5.218,6.530,0.445
17:49:30.409,59.754,86.525,71.346,True,86.327,72.921,125.386,-193.207,3.028,-4.996,99.982,-1.896,-13.457,73.242,74.468,3.225,-5.136,6.064,0.412
17:49:30.430,59.775,90.057,67.269,True,89.123,68.635,116.693,-202.549,2.368,-4.781,99.815,-6.081,-9.758,73.350,73.996,2.610,-5.197,5.816,0.507
17:49:30.451,59.795,91.823,65.231,True,91.542,64.735,106.571,-206.929,2.072,-4.487,99.473,-10.255,-7.650,75.486,75.873,2.389,-5.126,5.656,0.803
17:49:30.472,59.816,93.589,55.038,True,93.654,59.300,95.909,-220.296,0.902,-4.274,98.956,-14.412,-5.367,69.450,69.657,1.275,-4.993,5.154,1.157
17:49:30.492,59.836,97.120,57.077,True,95.933,55.402,88.009,-219.589,0.802,-4.288,98.266,-18.543,-1.145,75.620,75.629,1.369,-5.107,5.287,0.827
17:49:30.519,59.863,97.120,57.077,True,97.560,52.421,76.643,-213.136,1.341,-3.941,97.403,-22.642,-0.283,79.719,79.719,2.010,-4.900,5.297,0.530
17:49:30.539,59.884,100.652,44.846,True,99.455,47.389,68.959,-222.332,0.573,-4.076,96.369,-26.701,4.282,71.547,71.675,1.224,-5.019,5.166,0.756
17:49:30.560,59.904,104.184,44.846,True,101.613,43.385,63.775,-221.932,0.518,-4.638,95.167,-30.713,9.017,75.559,76.095,1.251,-5.386,5.529,0.828
17:49:30.580,59.924,104.184,40.769,True,103.190,39.370,54.693,-221.710,0.485,-4.642,93.797,-34.671,10.386,75.440,76.152,1.254,-5.419,5.562,0.889
17:49:30.600,59.944,104.184,30.577,True,104.260,33.922,43.405,-230.964,-0.303,-4.683,92.263,-38.568,11.920,69.145,70.165,0.345,-5.242,5.253,0.498
17:49:30.628,59.973,104.184,30.577,True,105.128,29.303,32.635,-231.672,-0.547,-4.658,90.567,-42.398,13.616,72.975,74.235,0.136,-5.089,5.091,0.400
17:49:30.649,59.994,107.715,20.385,True,106.327,23.459,25.679,-239.704,-1.306,-4.830,88.712,-46.154,19.003,66.538,69.199,-0.806,-5.280,5.341,0.722
17:49:30.670,60.014,107.715,16.308,True,107.074,18.035,16.308,-242.028,-1.844,-4.598,86.702,-49.828,21.014,66.136,69.394,-1.316,-5.255,5.418,0.674
17:49:30.690,60.034,107.715,12.231,True,107.481,12.948,6.017,-240.876,-2.292,-4.206,84.539,-53.415,23.176,65.646,69.617,-1.554,-5.134,5.364,0.775
17:49:30.710,60.055,111.247,18.346,True,108.506,10.664,1.169,-221.708,-0.782,-4.748,82.228,-56.908,29.019,75.254,80.655,-0.086,-5.517,5.518,0.572
17:49:30.736,60.080,111.247,10.192,True,109.188,7.191,-5.990,-215.444,-0.506,-4.803,79.773,-60.302,31.474,70.494,77.201,0.295,-5.712,5.720,0.466
17:49:30.757,60.101,109.481,6.115,True,109.166,3.653,-17.098,-211.127,-0.329,-4.374,77.178,-63.589,32.303,69.705,76.826,0.518,-5.540,5.564,0.753
17:49:30.777,60.121,109.481,0.000,True,108.979,-0.436,-27.483,-211.326,-0.479,-4.403,74.447,-66.765,35.034,66.765,75.399,0.316,-5.407,5.416,0.424
17:49:30.797,60.142,109.481,-4.077,True,108.676,-4.525,-36.998,-211.088,-0.580,-4.407,71.586,-69.824,37.895,65.747,75.886,0.118,-5.332,5.334,0.719
17:49:30.817,60.162,107.715,-10.192,True,107.884,-9.084,-48.288,-213.525,-0.979,-4.203,68.599,-72.761,39.116,62.568,73.789,-0.373,-5.070,5.084,0.495
17:49:30.844,60.189,107.715,-10.192,True,106.919,-13.354,-58.705,-212.758,-1.276,-4.261,65.492,-75.570,42.223,65.377,77.827,-0.627,-4.852,4.892,0.375
17:49:30.865,60.210,107.715,-14.269,True,106.300,-16.667,-65.125,-205.455,-0.871,-4.478,62.270,-78.246,45.445,63.977,78.475,-0.295,-4.983,4.992,1.152
17:49:30.885,60.230,107.715,-18.346,True,105.723,-20.128,-70.790,-200.758,-0.757,-4.673,58.939,-80.785,48.776,62.439,79.232,-0.188,-5.194,5.197,0.734
17:49:30.905,60.250,105.949,-24.462,True,104.727,-24.224,-78.819,-200.885,-1.154,-4.722,55.504,-83.182,50.445,58.721,77.413,-0.548,-5.189,5.218,0.409
17:49:30.926,60.270,104.184,-24.462,True,103.407,-27.305,-87.865,-193.847,-0.847,-4.698,51.972,-85.433,52.211,60.972,80.272,-0.272,-5.073,5.080,0.609
17:49:30.952,60.296,104.184,-30.577,True,102.264,-31.035,-94.390,-192.356,-0.976,-4.758,48.349,-87.535,55.834,56.958,79.760,-0.515,-5.172,5.197,0.478
17:49:30.973,60.317,104.184,-30.577,True,101.284,-33.856,-99.209,-184.732,-0.684,-5.082,44.641,-89.483,59.542,58.906,83.757,-0.212,-5.431,5.435,0.709
17:49:30.993,60.337,100.652,-36.692,True,99.618,-37.348,-108.311,-182.993,-0.914,-5.031,40.855,-91.274,59.797,54.581,80.962,-0.454,-5.292,5.311,0.406
17:49:31.014,60.358,98.886,-46.885,True,97.788,-42.385,-117.006,-190.989,-2.098,-4.861,36.997,-92.904,61.889,46.020,77.124,-1.667,-5.160,5.422,0.792
17:49:31.034,60.378,97.120,-42.808,True,95.838,-45.412,-125.063,-182.397,-1.887,-4.807,33.074,-94.372,64.046,51.564,82.224,-1.444,-5.056,5.259,0.531
17:49:31.062,60.407,97.120,-44.846,True,94.218,-48.079,-129.687,-173.009,-1.340,-4.991,29.093,-95.674,68.027,50.828,84.919,-1.131,-5.252,5.372,0.424
17:49:31.083,60.427,90.057,-53.000,True,91.259,-51.879,-142.869,-172.916,-1.907,-4.389,25.061,-96.809,64.996,43.809,78.381,-1.677,-4.637,4.931,0.761
17:49:31.103,60.448,88.291,-59.115,True,88.376,-56.216,-152.565,-175.247,-2.612,-4.167,20.985,-97.773,67.306,38.658,77.618,-2.523,-4.268,4.958,0.893
17:49:31.123,60.468,86.525,-61.154,True,85.604,-60.054,-159.497,-172.256,-2.989,-3.974,16.873,-98.566,69.653,37.412,79.064,-2.964,-4.105,5.064,0.816
17:49:31.144,60.488,82.994,-63.192,True,82.549,-63.428,-167.045,-165.697,-3.106,-3.798,12.730,-99.186,70.263,35.994,78.946,-3.118,-3.851,4.955,0.823
17:49:31.170,60.514,79.462,-63.192,True,79.267,-65.916,-174.568,-153.855,-2.601,-3.301,8.566,-99.632,70.896,36.440,79.713,-2.789,-3.556,4.519,0.429
17:49:31.190,60.535,75.930,-63.192,True,75.812,-67.644,-181.638,-139.240,-1.903,-3.133,4.386,-99.904,71.544,36.711,80.414,-2.162,-3.257,3.909,0.558
17:49:31.211,60.555,74.165,-79.500,True,72.641,-72.539,-185.289,-148.689,-3.459,-3.014,0.199,-100.000,73.966,20.500,76.754,-3.756,-3.236,4.958,0.805
17:49:31.231,60.576,72.399,-67.269,True,69.741,-73.595,-186.635,-128.353,-2.194,-3.026,-3.989,-99.920,76.388,32.651,83.074,-2.700,-3.417,4.355,0.740
17:49:31.252,60.597,65.335,-69.308,True,65.852,-74.568,-194.685,-112.317,-1.352,-2.440,-8.170,-99.666,73.505,30.358,79.528,-1.936,-2.966,3.542,0.766
17:49:31.279,60.624,61.804,-73.385,True,61.922,-76.017,-201.015,-103.095,-1.060,-2.187,-12.336,-99.236,74.140,25.852,78.518,-1.739,-2.613,3.139,0.410
17:49:31.300,60.644,54.741,-75.423,True,57.167,-77.461,-211.217,-95.462,-1.145,-1.511,-16.481,-98.633,71.222,23.209,74.908,-1.678,-1.839,2.489,0.903
17:49:31.320,60.664,54.741,-77.462,True,53.360,-78.927,-212.247,-89.097,-1.488,-1.733,-20.597,-97.856,75.337,20.394,78.049,-1.738,-1.837,2.529,0.524
17:49:31.341,60.685,47.677,-79.500,True,48.781,-80.428,-218.219,-83.678,-1.916,-1.266,-24.677,-96.908,72.354,17.408,74.418,-1.901,-1.355,2.335,0.764
17:49:31.365,60.710,44.146,-81.538,True,44.354,-81.970,-221.417,-78.912,-2.238,-0.933,-28.713,-95.789,72.859,14.251,74.239,-2.150,-1.070,2.402,0.446
17:49:31.388,60.733,40.614,-85.615,True,40.085,-84.029,-222.564,-77.652,-2.900,-0.905,-32.699,-94.503,73.313,8.887,73.850,-2.763,-0.939,2.918,0.430
17:49:31.409,60.753,37.082,-87.654,True,35.971,-86.063,-222.282,-75.140,-3.202,-0.653,-36.628,-93.051,73.710,5.397,73.907,-3.325,-0.919,3.450,0.498
17:49:31.429,60.774,30.019,-89.692,True,31.175,-88.060,-226.469,-71.555,-3.861,-0.134,-40.492,-91.435,70.511,1.743,70.533,-3.846,-0.460,3.873,0.463
17:49:31.450,60.794,26.487,-85.615,True,26.609,-88.591,-227.656,-57.734,-3.593,0.100,-44.286,-89.659,70.773,4.044,70.888,-3.446,-0.224,3.453,0.529
17:49:31.477,60.821,22.956,-87.654,True,22.265,-89.259,-226.742,-47.460,-3.647,0.229,-48.001,-87.726,70.957,0.072,70.957,-3.332,-0.152,3.336,0.411
17:49:31.497,60.842,15.892,-93.769,True,17.303,-91.036,-229.861,-46.052,-4.339,0.747,-51.633,-85.639,67.525,-8.130,68.013,-4.043,0.321,4.056,0.824
17:49:31.518,60.862,12.361,-97.846,True,12.626,-93.325,-229.728,-46.739,-5.392,1.021,-55.174,-83.402,67.534,-14.444,69.062,-5.024,0.548,5.054,0.537
17:49:31.538,60.883,8.829,-95.808,True,8.217,-94.620,-227.382,-38.780,-5.576,1.112,-58.618,-81.018,67.447,-14.789,69.049,-5.280,0.599,5.314,0.736
17:49:31.559,60.904,5.297,-95.808,True,4.047,-95.491,-223.664,-28.561,-5.587,1.220,-61.959,-78.493,67.257,-17.315,69.450,-5.335,0.535,5.362,0.776
17:49:31.582,60.927,1.766,-91.731,True,0.083,-95.056,-219.218,-10.986,-4.941,0.754,-65.192,-75.829,66.957,-15.902,68.820,-4.680,0.404,4.697,0.524
17:49:31.603,60.947,1.766,-91.731,True,-4.301,-95.276,-218.389,-1.370,-5.184,1.053,-68.310,-73.033,70.076,-18.698,72.527,-4.694,0.613,4.734,0.578
17:49:31.623,60.968,-8.829,-91.731,True,-8.714,-94.296,-217.417,14.719,-4.715,0.811,-71.308,-70.108,62.479,-21.623,66.115,-4.075,0.845,4.162,0.795
17:49:31.644,60.988,-12.361,-85.615,True,-12.875,-91.764,-214.500,37.214,-3.391,0.846,-74.181,-67.060,61.821,-18.555,64.545,-2.753,0.926,2.905,0.713
17:49:31.665,61.009,-14.127,-95.808,True,-16.388,-92.244,-207.712,35.171,-4.500,0.601,-76.925,-63.895,62.798,-31.912,70.441,-3.638,0.654,3.696,1.056
17:49:31.684,61.029,-17.658,-106.000,True,-19.828,-95.124,-201.865,20.071,-6.198,0.131,-79.533,-60.618,61.875,-45.382,76.733,-5.872,0.455,5.890,0.397
17:49:31.705,61.050,-22.956,-89.692,True,-23.645,-93.504,-199.534,39.855,-5.522,0.005,-82.001,-57.234,59.046,-32.458,67.379,-4.981,0.586,5.015,0.787
17:49:31.725,61.070,-26.487,-89.692,True,-27.362,-91.989,-196.583,54.676,-4.964,-0.690,-84.326,-53.750,57.839,-35.942,68.097,-4.447,0.687,4.500,0.694
17:49:31.746,61.090,-30.019,-101.923,True,-30.993,-93.494,-193.239,47.095,-6.575,-0.363,-86.503,-50.172,56.484,-51.751,76.607,-5.982,0.776,6.032,0.780
17:49:31.766,61.110,-31.785,-87.654,True,-34.139,-91.406,-186.985,66.811,-5.269,-0.499,-88.528,-46.505,56.743,-41.148,70.093,-5.056,0.611,5.093,0.441
17:49:31.786,61.131,-38.848,-97.846,True,-38.104,-91.882,-187.202,65.394,-5.892,-0.448,-90.398,-42.758,51.550,-55.089,75.446,-6.021,1.059,6.114,0.791
17:49:31.807,61.152,-37.082,-85.615,True,-40.740,-89.421,-177.775,85.310,-4.694,-0.547,-92.109,-38.935,55.027,-46.681,72.160,-5.038,0.652,5.080,0.422
17:49:31.827,61.172,-40.614,-83.577,True,-43.440,-86.753,-170.823,101.971,-3.706,-0.216,-93.659,-35.043,53.045,-48.534,71.898,-4.234,0.448,4.257,0.540
17:49:31.848,61.192,-42.380,-81.538,True,-45.816,-83.976,-163.064,115.519,-2.814,-0.281,-95.044,-31.090,52.664,-50.448,72.928,-3.617,0.161,3.620,0.893
17:49:31.868,61.213,-49.443,-79.500,True,-49.163,-81.163,-163.293,126.262,-2.554,0.163,-96.263,-27.083,46.820,-52.417,70.282,-3.182,0.616,3.241,0.796
17:49:31.889,61.233,-51.209,-75.423,True,-52.145,-77.890,-160.160,137.719,-2.083,0.195,-97.312,-23.028,46.103,-52.395,69.791,-2.616,0.817,2.741,0.790
17:49:31.912,61.257,-54.741,-73.385,True,-55.207,-74.729,-157.550,145.775,-1.707,0.089,-98.191,-18.933,43.451,-54.451,69.663,-2.298,1.104,2.549,0.771
17:49:31.933,61.277,-54.741,-71.346,True,-57.517,-71.705,-149.743,151.211,-1.539,-0.238,-98.898,-14.805,44.158,-56.541,71.741,-2.181,0.940,2.375,0.598
17:49:31.953,61.297,-61.804,-59.115,True,-60.812,-66.456,-149.790,170.338,-0.250,0.474,-99.431,-10.650,37.627,-48.465,61.357,-0.740,1.515,1.686,0.606
17:49:31.973,61.318,-63.570,-57.077,True,-63.752,-61.660,-146.313,180.999,0.466,0.885,-99.790,-6.477,36.220,-50.600,62.227,0.067,1.829,1.830,0.769
17:49:31.994,61.338,-70.633,-69.308,True,-67.598,-60.661,-148.606,163.621,-1.307,1.754,-99.974,-2.293,29.341,-67.015,73.157,-1.697,2.733,3.217,0.810
17:49:32.014,61.358,-68.867,-63.192,True,-70.174,-58.738,-140.385,158.230,-2.210,1.606,-99.982,1.896,31.115,-65.088,72.143,-2.509,2.743,3.717,0.904
17:49:32.042,61.387,-74.165,-59.115,True,-73.257,-56.397,-136.558,157.968,-2.398,2.598,-99.815,6.081,25.650,-65.196,70.061,-2.907,3.173,4.303,0.475
17:49:32.063,61.408,-79.462,-44.846,True,-76.796,-51.287,-135.349,176.768,-1.509,3.421,-99.473,10.255,20.011,-55.102,58.623,-1.519,3.900,4.185,0.733
17:49:32.084,61.428,-79.462,-42.808,True,-79.493,-46.602,-127.274,187.444,-0.673,3.607,-98.956,14.412,19.494,-57.220,60.449,-0.732,4.053,4.118,0.860
17:49:32.103,61.448,-82.994,-44.846,True,-82.261,-43.316,-120.406,185.903,-0.905,4.327,-98.266,18.543,15.272,-63.389,65.203,-1.005,4.333,4.448,0.462
17:49:32.124,61.468,-88.291,-32.615,True,-85.511,-37.976,-117.038,198.634,0.220,5.172,-97.403,22.642,9.112,-55.257,56.003,0.061,4.970,4.971,0.393
17:49:32.149,61.493,-90.057,-26.500,True,-88.364,-32.259,-110.194,209.969,1.722,5.517,-96.369,26.701,6.313,-53.201,53.574,1.124,5.341,5.458,0.543
17:49:32.169,61.514,-93.589,-22.423,True,-91.270,-26.750,-103.834,216.268,2.291,5.788,-95.167,30.713,1.578,-53.136,53.159,1.834,5.788,6.072,0.628
17:49:32.189,61.534,-97.120,-20.385,True,-94.223,-21.951,-97.706,215.615,2.595,6.148,-93.797,34.671,-3.323,-55.056,55.156,1.967,6.294,6.594,0.815
17:49:32.210,61.555,-100.652,-12.231,True,-97.217,-16.382,-91.607,219.832,3.637,7.125,-92.263,38.568,-8.389,-50.799,51.487,2.581,6.845,7.315,0.669
17:49:32.231,61.575,-100.652,-8.154,True,-99.422,-11.095,-79.992,220.380,3.980,7.161,-90.567,42.398,-10.085,-50.552,51.548,2.918,6.915,7.505,0.862
17:49:32.251,61.595,-102.418,-2.038,True,-101.346,-5.607,-67.918,221.485,4.386,6.876,-88.712,46.154,-13.706,-48.192,50.103,3.347,6.931,7.696,0.786
17:49:32.271,61.616,-104.184,-2.038,True,-103.048,-1.378,-55.937,213.294,4.161,6.835,-86.702,49.828,-17.482,-51.866,54.733,2.942,6.939,7.536,0.851
17:49:32.292,61.636,-109.481,-6.115,True,-105.401,0.796,-49.797,193.501,2.381,7.489,-84.539,53.415,-24.942,-59.530,64.544,1.392,7.484,7.612,0.776
17:49:32.311,61.656,-107.715,12.231,True,-106.703,6.424,-36.434,202.193,3.237,7.279,-82.228,56.908,-25.487,-44.677,51.436,2.386,7.383,7.759,0.405
17:49:32.333,61.678,-107.715,14.269,True,-107.498,11.351,-21.696,203.097,4.155,7.184,-79.773,60.302,-27.942,-46.032,53.849,2.761,7.120,7.637,0.483
17:49:32.365,61.709,-109.481,16.308,True,-108.292,15.621,-9.432,198.791,4.180,7.219,-77.178,63.589,-32.303,-47.282,57.263,2.691,7.043,7.540,0.602
17:49:32.385,61.729,-109.481,14.269,True,-108.713,18.359,3.511,185.127,2.993,6.968,-74.447,66.765,-35.034,-52.496,63.113,1.732,6.874,7.089,0.539
17:49:32.405,61.750,-113.013,16.308,True,-109.658,20.725,10.961,172.781,1.784,7.459,-71.586,69.824,-41.427,-53.517,67.677,0.805,7.189,7.234,0.773
17:49:32.427,61.771,-111.247,20.385,True,-109.859,23.298,22.971,165.331,1.198,7.614,-68.599,72.761,-42.648,-52.376,67.543,0.256,7.087,7.091,1.181
17:49:32.447,61.791,-109.481,28.538,True,-109.418,27.054,37.407,167.757,1.942,7.432,-65.492,75.570,-43.989,-47.031,64.397,0.606,6.722,6.749,0.809
17:49:32.476,61.820,-107.715,30.577,True,-108.448,30.448,52.677,166.767,2.045,7.210,-62.270,78.246,-45.445,-47.669,65.860,0.692,6.219,6.257,0.702
17:49:32.496,61.840,-107.715,30.577,True,-107.469,33.039,64.964,160.448,1.587,7.058,-58.939,80.785,-48.776,-50.208,70.000,0.302,5.925,5.933,0.498
17:49:32.516,61.861,-107.715,30.577,True,-106.529,34.930,74.779,151.168,1.041,6.850,-55.504,83.182,-52.211,-52.605,74.117,-0.393,5.819,5.832,0.856
17:49:32.537,61.881,-104.184,38.731,True,-104.836,38.134,88.032,153.162,1.204,6.198,-51.972,85.433,-52.211,-46.703,70.051,-0.069,5.358,5.358,0.762
17:49:32.561,61.906,-104.184,38.731,True,-103.075,41.197,99.040,153.303,1.379,5.810,-48.349,87.535,-55.834,-48.804,74.157,0.139,5.044,5.046,0.390
17:49:32.587,61.932,-100.652,42.808,True,-100.970,43.853,110.203,150.390,1.344,5.504,-44.641,89.483,-56.011,-46.675,72.909,0.101,4.667,4.668,0.393
17:49:32.607,61.952,-98.886,48.923,True,-98.798,47.411,119.590,153.656,1.858,5.129,-40.855,91.274,-58.031,-42.351,71.841,0.675,4.406,4.457,0.706
17:49:32.628,61.972,-97.120,44.846,True,-96.589,49.042,127.493,143.204,0.911,4.836,-36.997,92.904,-60.123,-48.058,76.970,0.011,4.245,4.245,0.439
17:49:32.648,61.993,-90.057,46.885,True,-93.052,50.662,142.432,135.342,0.597,3.869,-33.074,94.372,-56.983,-47.488,74.176,-0.457,3.376,3.407,0.725
17:49:32.669,62.014,-90.057,48.923,True,-90.168,52.292,149.593,129.459,0.069,3.750,-29.093,95.674,-60.964,-46.751,76.826,-0.763,3.149,3.240,0.469
17:49:32.695,62.040,-86.525,53.000,True,-87.021,54.433,157.052,128.165,0.236,3.214,-25.061,96.809,-61.464,-43.809,75.479,-0.637,2.858,2.928,0.406
17:49:32.716,62.060,-82.994,55.038,True,-83.671,56.535,164.268,126.504,0.316,2.921,-20.985,97.773,-62.008,-42.735,75.308,-0.506,2.550,2.600,0.954
17:49:32.736,62.081,-79.462,59.115,True,-80.170,59.077,170.908,127.621,0.585,2.847,-16.873,98.566,-62.589,-39.451,73.985,-0.073,2.255,2.256,0.730
17:49:32.757,62.101,-75.930,59.115,True,-76.560,61.043,176.788,123.955,0.512,2.534,-12.730,99.186,-63.200,-40.071,74.833,-0.027,1.992,1.992,0.835
17:49:32.779,62.123,-68.867,55.038,True,-72.057,61.549,187.205,111.104,-0.441,1.893,-8.566,99.632,-60.301,-44.594,74.999,-0.831,1.260,1.510,0.620
17:49:32.805,62.150,-68.867,55.038,True,-68.313,63.771,189.794,112.812,-0.092,1.808,-4.386,99.904,-64.481,-44.865,78.554,-0.319,1.186,1.228,0.539
17:49:32.826,62.170,-58.272,71.346,True,-62.757,67.527,203.494,123.058,1.350,0.598,-0.199,100.000,-58.074,-28.654,64.758,1.090,0.032,1.091,0.812
17:49:32.846,62.191,-58.272,71.346,True,-58.576,70.351,204.260,123.107,1.795,0.547,3.989,99.920,-62.261,-28.574,68.505,1.695,-0.015,1.695,0.789
17:49:32.866,62.211,-52.975,71.346,True,-54.103,72.438,206.671,117.263,2.482,0.461,8.170,99.666,-61.145,-28.320,67.384,1.808,-0.229,1.823,0.421
17:49:32.888,62.232,-51.209,71.346,True,-50.277,73.931,204.262,108.170,2.608,0.317,12.336,99.236,-63.545,-27.890,69.396,1.629,-0.005,1.629,0.659
17:49:32.911,62.256,-58.272,71.346,True,-49.119,74.944,185.667,97.518,2.670,1.798,16.481,98.633,-74.753,-27.286,79.578,1.287,1.795,2.209,0.646
17:49:32.933,62.277,-44.146,71.346,True,-45.105,75.571,191.275,86.414,2.159,1.287,20.597,97.856,-64.742,-26.510,69.960,0.873,1.460,1.701,0.527
17:49:32.953,62.298,-40.614,67.269,True,-41.123,74.933,195.285,69.380,0.868,0.836,24.677,96.908,-65.291,-29.638,71.703,-0.145,1.225,1.233,0.769
17:49:32.973,62.318,-37.082,63.192,True,-37.185,73.246,198.007,49.739,-0.633,0.422,28.713,95.789,-65.795,-32.597,73.427,-1.510,1.073,1.852,0.599
17:49:32.993,62.337,-26.487,77.462,True,-31.653,74.992,210.456,57.739,0.476,-0.302,32.699,94.503,-59.186,-17.041,61.591,-0.374,-0.038,0.376,0.408
17:49:33.018,62.363,-24.722,69.308,True,-26.810,74.555,214.524,48.090,-0.287,-0.689,36.628,93.051,-61.349,-23.743,65.783,-0.776,-0.486,0.916,0.452
17:49:33.038,62.383,-19.424,75.423,True,-21.800,75.495,218.250,49.543,0.584,-0.383,40.492,91.435,-59.916,-16.012,62.019,-0.155,-0.960,0.972,0.526
17:49:33.059,62.403,-12.361,77.462,True,-16.256,76.712,224.034,51.352,1.394,-0.771,44.286,89.659,-56.646,-12.198,57.945,0.580,-1.690,1.787,0.777
17:49:33.079,62.424,-8.829,77.462,True,-11.090,77.675,225.068,49.735,1.956,-1.243,48.001,87.726,-56.830,-10.265,57.750,1.077,-2.056,2.321,0.755
17:49:33.100,62.444,-5.297,79.500,True,-6.288,78.863,222.821,48.794,2.303,-1.046,51.633,85.639,-56.930,-6.139,57.260,1.696,-2.156,2.743,0.784
17:49:33.126,62.471,-1.766,79.500,True,-1.817,79.760,218.493,44.791,2.781,-0.522,55.174,83.402,-56.939,-3.902,57.073,2.091,-2.074,2.945,0.409
17:49:33.147,62.492,1.766,83.577,True,2.370,81.335,213.027,44.970,3.604,-0.467,58.618,81.018,-56.852,2.559,56.909,2.922,-1.880,3.475,0.768
17:49:33.168,62.512,5.297,87.654,True,6.321,83.495,207.122,47.265,4.841,-0.278,61.959,78.493,-56.662,9.161,57.397,4.038,-1.631,4.355,0.928
17:49:33.188,62.533,8.829,85.615,True,10.083,84.714,201.270,40.767,5.229,0.194,65.192,75.829,-56.363,9.786,57.206,4.430,-1.369,4.636,0.727
17:49:33.208,62.553,12.361,91.731,True,13.702,86.971,195.782,41.155,6.603,0.194,68.310,73.033,-55.949,18.698,58.991,5.501,-1.125,5.615,0.692
17:49:33.236,62.580,14.127,93.769,True,16.806,89.184,188.132,38.991,7.608,0.689,71.308,70.108,-57.182,23.661,61.884,6.428,-0.661,6.461,0.772
17:49:33.256,62.600,19.424,95.808,True,20.302,91.323,185.025,34.720,8.096,0.425,74.181,67.060,-54.757,28.747,61.845,7.231,-0.592,7.255,0.424
17:49:33.277,62.621,22.956,97.846,True,23.759,93.372,182.208,28.774,8.696,0.128,76.925,63.895,-53.969,33.951,63.760,7.933,-0.561,7.953,0.813
17:49:33.297,62.642,26.487,97.846,True,27.191,94.854,179.655,18.432,9.181,0.015,79.533,60.618,-53.045,37.228,64.806,8.262,-0.570,8.281,0.701
17:49:33.318,62.662,33.551,101.923,True,31.427,96.780,182.712,11.695,10.431,-0.658,82.001,57.234,-48.451,44.689,65.913,8.934,-1.130,9.005,0.926
17:49:33.345,62.689,33.551,101.923,True,35.081,97.014,180.391,-6.660,9.808,-1.118,84.326,53.750,-50.776,48.173,69.991,8.538,-1.258,8.630,0.364
17:49:33.365,62.710,40.614,95.808,True,39.232,96.578,181.280,-26.138,9.027,-1.787,86.503,50.172,-45.889,45.636,64.718,7.952,-1.723,8.136,0.456
17:49:33.386,62.731,42.380,101.923,True,42.730,97.621,176.936,-32.593,9.263,-1.712,88.528,46.505,-46.148,55.418,72.116,8.517,-1.752,8.696,0.822
17:49:33.406,62.751,47.677,101.923,True,46.629,98.237,175.601,-42.127,9.292,-1.784,90.398,42.758,-42.721,59.166,72.977,8.815,-2.088,9.059,0.807
17:49:33.426,62.771,51.209,101.923,True,50.406,98.517,172.978,-53.168,9.504,-2.216,92.109,38.935,-40.900,62.989,75.103,8.964,-2.349,9.267,0.723
17:49:33.455,62.799,54.741,99.885,True,54.077,98.042,169.495,-67.854,9.412,-2.397,93.659,35.043,-38.918,64.841,75.624,8.739,-2.567,9.108,0.464
17:49:33.475,62.820,56.506,97.846,True,57.238,96.962,162.759,-84.042,9.424,-2.173,95.044,31.090,-38.538,66.756,77.081,8.305,-2.507,8.676,0.733
17:49:33.496,62.840,58.272,97.846,True,59.970,95.885,154.241,-97.217,8.861,-1.508,96.263,27.083,-37.991,70.763,80.316,8.076,-2.280,8.391,0.702
17:49:33.516,62.860,63.570,91.731,True,63.175,93.424,150.338,-117.160,7.885,-1.720,97.312,23.028,-33.743,68.702,76.541,7.139,-2.478,7.557,0.484
17:49:33.537,62.882,65.335,91.731,True,65.985,91.232,143.961,-130.840,7.324,-1.837,98.191,18.933,-32.856,72.798,79.869,6.664,-2.473,7.108,0.400
17:49:33.561,62.906,68.867,81.538,True,68.865,86.969,138.885,-155.299,5.693,-2.143,98.898,14.805,-30.031,66.734,73.180,5.083,-2.601,5.710,0.429
17:49:33.582,62.927,72.399,71.346,True,71.818,80.955,134.695,-184.827,3.302,-2.320,99.431,10.650,-27.033,60.696,66.444,2.822,-2.836,4.001,0.963
17:49:33.602,62.947,75.930,69.308,True,74.842,75.411,131.035,-202.769,1.940,-2.179,99.790,6.477,-23.860,62.830,67.208,1.399,-3.155,3.451,0.451
17:49:33.623,62.968,79.462,63.192,True,77.927,69.459,127.610,-218.128,0.815,-2.371,99.974,2.293,-20.512,60.900,64.261,0.057,-3.539,3.539,0.575
17:49:33.644,62.988,79.462,63.192,True,80.243,64.654,118.783,-221.160,0.589,-2.232,99.982,-1.896,-20.520,65.088,68.246,-0.263,-3.456,3.466,0.463
17:49:33.675,63.019,82.994,53.000,True,82.706,58.549,112.257,-231.691,-0.784,-2.180,99.815,-6.081,-16.821,59.081,61.429,-1.329,-3.586,3.825,0.766
17:49:33.695,63.039,86.525,50.962,True,85.317,53.229,107.300,-233.484,-1.193,-2.493,99.473,-10.255,-12.947,61.217,62.571,-1.681,-3.883,4.231,0.714
17:49:33.715,63.059,88.291,40.769,True,87.656,46.747,100.589,-241.958,-2.268,-2.956,98.956,-14.412,-10.665,55.181,56.202,-2.701,-4.048,4.866,0.420
17:49:33.736,63.080,90.057,42.808,True,89.758,42.117,92.868,-235.032,-2.076,-3.205,98.266,-18.543,-8.209,61.351,61.897,-2.364,-4.136,4.764,0.807
17:49:33.757,63.101,90.057,40.769,True,91.253,38.196,81.985,-225.046,-1.387,-2.855,97.403,-22.642,-7.346,63.411,63.835,-1.693,-3.933,4.282,0.417
17:49:33.780,63.125,93.589,38.731,True,93.054,34.866,74.968,-213.866,-0.468,-3.096,96.369,-26.701,-2.781,65.431,65.491,-0.832,-4.075,4.159,0.761
17:49:33.801,63.145,97.120,28.538,True,95.151,30.112,70.520,-215.292,-0.510,-3.608,95.167,-30.713,1.953,59.251,59.283,-1.076,-4.476,4.603,0.897
17:49:33.821,63.165,97.120,28.538,True,96.691,26.442,62.179,-208.906,0.138,-3.461,93.797,-34.671,3.323,63.209,63.297,-0.611,-4.549,4.589,0.770
17:49:33.841,63.185,100.652,16.308,True,98.566,20.879,56.985,-216.752,-0.527,-4.160,92.263,-38.568,8.389,54.876,55.514,-1.454,-4.925,5.135,0.459
17:49:33.861,63.206,102.418,14.269,True,100.336,16.015,51.010,-217.240,-0.787,-4.046,90.567,-42.398,11.851,56.667,57.893,-1.699,-5.263,5.531,0.772
17:49:33.890,63.235,104.184,16.308,True,102.013,12.748,44.514,-206.665,0.224,-4.347,88.712,-46.154,15.471,62.461,64.349,-0.926,-5.582,5.659,0.564
17:49:33.911,63.255,105.949,8.154,True,103.611,8.508,37.697,-205.465,0.081,-4.876,86.702,-49.828,19.248,57.982,61.093,-0.968,-5.897,5.976,0.467
17:49:33.931,63.276,107.715,8.154,True,105.144,5.271,30.697,-197.742,0.671,-5.339,84.539,-53.415,23.176,61.569,65.786,-0.404,-6.217,6.231,0.802
17:49:33.952,63.296,109.481,4.077,True,106.623,1.958,23.609,-192.695,0.998,-5.708,82.228,-56.908,27.253,60.985,66.798,-0.047,-6.552,6.552,0.734
17:49:33.972,63.317,109.481,-4.077,True,107.649,-2.403,13.791,-195.930,0.483,-5.864,79.773,-60.302,29.708,56.225,63.591,-0.452,-6.650,6.665,0.848
17:49:33.998,63.343,109.481,-6.115,True,108.287,-6.274,2.504,-194.685,0.158,-6.397,77.178,-63.589,32.303,57.474,65.930,-0.494,-6.602,6.621,0.454
17:49:34.019,63.363,111.247,-10.192,True,109.013,-10.173,-6.617,-193.708,0.294,-6.373,74.447,-66.765,36.800,56.573,67.489,-0.582,-6.739,6.764,0.439
17:49:34.039,63.384,111.247,-12.231,True,109.430,-13.625,-16.850,-189.739,0.478,-6.390,71.586,-69.824,39.661,57.594,69.929,-0.411,-6.768,6.781,0.428
17:49:34.060,63.404,111.247,-16.308,True,109.594,-17.162,-27.467,-187.195,0.588,-6.423,68.599,-72.761,42.648,56.453,70.751,-0.374,-6.746,6.757,0.412
17:49:34.080,63.424,111.247,-18.346,True,109.556,-20.311,-37.964,-182.519,0.786,-6.506,65.492,-75.570,45.755,57.223,73.267,-0.147,-6.715,6.717,0.542
17:49:34.104,63.449,111.247,-18.346,True,108.797,-23.961,-51.761,-182.216,0.793,-6.272,62.270,-78.246,48.977,59.900,77.374,-0.330,-6.349,6.358,0.439
17:49:34.126,63.470,111.247,-28.538,True,108.744,-27.869,-58.519,-183.221,0.573,-6.750,58.939,-80.785,52.308,52.246,73.931,-0.677,-6.599,6.634,0.761
17:49:34.146,63.491,109.481,-30.577,True,108.083,-31.278,-68.865,-180.220,0.424,-6.589,55.504,-83.182,53.977,52.605,75.371,-0.696,-6.516,6.553,0.764
17:49:34.167,63.511,109.481,-40.769,True,107.415,-36.388,-77.790,-188.255,-0.566,-6.606,51.972,-85.433,57.509,44.664,72.816,-1.799,-6.543,6.785,0.813
17:49:34.188,63.532,107.715,-40.769,True,106.319,-40.306,-88.336,-185.521,-0.749,-6.247,48.349,-87.535,59.366,46.766,75.573,-2.001,-6.396,6.702,0.774
17:49:34.215,63.559,104.184,-42.808,True,104.463,-43.724,-102.044,-179.555,-0.642,-5.749,44.641,-89.483,59.542,46.675,75.656,-1.927,-5.909,6.215,0.430
17:49:34.236,63.580,104.184,-44.846,True,102.842,-46.727,-111.506,-171.841,-1.014,-5.927,40.855,-91.274,63.329,46.427,78.524,-1.688,-5.757,5.999,0.827
17:49:34.256,63.600,102.418,-57.077,True,101.037,-51.793,-120.596,-178.854,-2.410,-5.330,36.997,-92.904,65.421,35.827,74.589,-2.845,-5.605,6.285,0.734
17:49:34.277,63.621,100.652,-57.077,True,99.100,-55.769,-129.039,-175.597,-2.580,-5.343,33.074,-94.372,67.578,37.295,77.186,-3.158,-5.479,6.324,0.436
17:49:34.298,63.642,97.120,-63.192,True,96.659,-60.193,-139.385,-175.047,-3.453,-4.961,29.093,-95.674,68.027,32.482,75.384,-3.769,-5.141,6.375,0.457
17:49:34.327,63.672,97.120,-63.192,True,93.871,-63.694,-149.948,-167.303,-3.440,-4.413,25.061,-96.809,72.059,33.616,79.515,-3.767,-4.728,6.046,0.741
17:49:34.348,63.692,91.823,-63.192,True,91.140,-65.955,-157.952,-152.636,-2.695,-4.060,20.985,-97.773,70.837,34.581,78.828,-3.104,-4.498,5.466,0.759
17:49:34.368,63.712,86.525,-69.308,True,87.593,-69.087,-169.645,-146.763,-2.780,-3.641,16.873,-98.566,69.653,29.259,75.548,-3.216,-3.873,5.034,0.837
17:49:34.388,63.733,82.994,-71.346,True,83.891,-71.850,-179.543,-139.067,-2.742,-3.094,12.730,-99.186,70.263,27.840,75.578,-3.171,-3.335,4.602,0.715
17:49:34.409,63.753,79.462,-73.385,True,80.093,-74.322,-187.708,-130.603,-2.686,-2.599,8.566,-99.632,70.896,26.248,75.599,-3.053,-2.893,4.206,0.764
17:49:34.434,63.778,79.462,-75.423,True,77.095,-76.568,-188.847,-122.006,-2.386,-2.861,4.386,-99.904,75.076,24.481,78.967,-2.916,-3.065,4.231,0.453
17:49:34.454,63.799,72.399,-81.538,True,73.099,-79.611,-196.547,-119.874,-2.952,-2.421,0.199,-100.000,72.200,18.461,74.523,-3.391,-2.616,4.283,0.831
17:49:34.474,63.819,68.867,-83.577,True,69.097,-82.379,-202.378,-115.290,-3.143,-2.125,-3.989,-99.920,72.856,16.343,74.667,-3.689,-2.284,4.339,0.786
17:49:34.495,63.839,65.335,-85.615,True,65.117,-84.903,-206.636,-109.124,-3.434,-1.670,-8.170,-99.666,73.505,14.050,74.836,-3.873,-2.055,4.385,0.670
17:49:34.515,63.859,61.804,-91.731,True,61.175,-88.169,-209.611,-108.232,-4.430,-1.527,-12.336,-99.236,74.140,7.505,74.519,-4.582,-1.912,4.965,0.490
17:49:34.540,63.884,61.804,-89.692,True,58.105,-90.184,-206.194,-97.841,-4.288,-1.870,-16.481,-98.633,78.285,8.940,78.794,-4.465,-2.352,5.046,0.517
17:49:34.560,63.905,51.209,-101.923,True,53.337,-94.416,-215.259,-103.601,-5.693,-1.229,-20.597,-97.856,71.806,-4.067,71.921,-5.868,-1.641,6.093,0.779
17:49:34.581,63.925,47.677,-103.962,True,48.717,-98.226,-220.701,-102.970,-6.628,-0.858,-24.677,-96.908,72.354,-7.054,72.697,-6.813,-1.184,6.915,0.792
17:49:34.601,63.945,44.146,-106.000,True,44.266,-101.614,-223.373,-97.719,-7.294,-0.347,-28.713,-95.789,72.859,-10.211,73.571,-7.413,-0.928,7.471,0.832
17:49:34.621,63.966,37.082,-99.885,True,39.167,-102.712,-229.439,-76.847,-6.697,0.343,-32.699,-94.503,69.781,-5.382,69.989,-6.581,-0.312,6.589,0.812
17:49:34.641,63.986,33.551,-95.808,True,34.339,-102.285,-231.655,-50.396,-5.297,0.789,-36.628,-93.051,70.178,-2.757,70.233,-5.114,0.015,5.114,0.546
17:49:34.662,64.006,30.019,-97.846,True,29.779,-102.026,-231.145,-31.546,-4.418,0.974,-40.492,-91.435,70.511,-6.411,70.802,-4.197,0.126,4.199,0.428
17:49:34.682,64.027,26.487,-95.808,True,25.466,-101.064,-228.847,-12.434,-2.933,0.208,-44.286,-89.659,70.773,-6.148,71.039,-3.152,0.088,3.153,0.874
17:49:34.702,64.047,19.424,-97.846,True,20.548,-100.506,-230.908,-0.652,-2.840,0.230,-48.001,-87.726,67.425,-10.120,68.181,-2.688,0.468,2.729,0.783
17:49:34.723,64.067,15.892,-97.846,True,15.921,-99.898,-230.003,8.962,-2.305,0.635,-51.633,-85.639,67.525,-12.207,68.620,-2.384,0.617,2.462,0.792
17:49:34.743,64.088,15.892,-97.846,True,12.384,-99.283,-221.744,16.724,-2.048,-0.155,-55.174,-83.402,71.066,-14.444,72.519,-2.227,0.091,2.229,0.593
17:49:34.764,64.108,12.361,-97.846,True,8.975,-98.692,-214.812,22.985,-2.185,-0.773,-58.618,-81.018,70.979,-16.828,72.946,-2.201,-0.356,2.229,0.748
17:49:34.784,64.129,8.829,-99.885,True,5.644,-98.617,-209.200,24.981,-2.532,-1.498,-61.959,-78.493,70.788,-21.392,73.950,-2.581,-0.715,2.679,0.933
17:49:34.805,64.149,1.766,-97.846,True,1.531,-98.054,-210.201,30.699,-2.664,-1.367,-65.192,-75.829,66.957,-22.017,70.484,-2.653,-0.469,2.695,0.812
17:49:34.825,64.170,-1.766,-93.769,True,-2.462,-96.587,-209.778,41.759,-2.046,-1.203,-68.310,-73.033,66.544,-20.737,69.700,-2.226,-0.314,2.248,0.795
17:49:34.849,64.193,-3.532,-93.769,True,-5.931,-95.291,-205.649,49.361,-1.897,-1.225,-71.308,-70.108,67.777,-23.661,71.788,-2.081,-0.479,2.135,0.651
17:49:34.870,64.214,-7.063,-91.731,True,-9.352,-93.706,-202.080,57.566,-1.940,-1.408,-74.181,-67.060,67.118,-24.670,71.509,-1.863,-0.593,1.955,0.596
17:49:34.890,64.234,-12.361,-99.885,True,-13.153,-94.258,-201.721,50.198,-2.501,-1.411,-76.925,-63.895,64.564,-35.989,73.917,-3.100,-0.396,3.126,0.759
17:49:34.910,64.255,-15.892,-97.846,True,-16.887,-94.321,-200.557,49.554,-3.255,-1.312,-79.533,-60.618,63.640,-37.228,73.729,-3.833,-0.237,3.841,0.806
17:49:34.931,64.275,-19.424,-97.846,True,-20.555,-94.379,-198.793,50.533,-4.111,-1.202,-82.001,-57.234,62.577,-40.612,74.601,-4.484,-0.101,4.485,0.622
17:49:34.951,64.296,-22.956,-89.692,True,-24.165,-92.514,-196.593,65.359,-3.704,-0.726,-84.326,-53.750,61.371,-35.942,71.121,-3.878,0.026,3.878,0.490
17:49:34.974,64.319,-30.019,-89.692,True,-28.544,-90.855,-199.475,75.640,-3.492,-0.293,-86.503,-50.172,56.484,-39.520,68.937,-3.622,0.665,3.683,0.416
17:49:34.996,64.340,-33.551,-81.538,True,-32.770,-87.529,-199.663,95.000,-2.588,0.712,-88.528,-46.505,54.978,-35.033,65.191,-2.463,1.133,2.711,0.738
17:49:35.015,64.360,-35.316,-85.615,True,-36.427,-85.626,-195.127,100.082,-2.360,0.489,-90.398,-42.758,55.082,-42.858,69.791,-2.522,1.215,2.800,0.492
17:49:35.036,64.381,-37.082,-83.577,True,-39.575,-83.613,-187.672,105.337,-2.486,0.277,-92.109,-38.935,55.027,-44.642,70.858,-2.564,1.039,2.766,0.832
17:49:35.057,64.401,-47.677,-77.462,True,-44.339,-80.567,-192.179,116.781,-1.987,1.329,-93.659,-35.043,45.982,-42.418,62.559,-2.012,1.991,2.830,0.751
17:49:35.086,64.430,-47.677,-77.462,True,-48.182,-78.231,-188.088,120.914,-2.167,1.720,-95.044,-31.090,47.367,-46.371,66.286,-2.084,2.240,3.060,0.599
17:49:35.106,64.450,-56.506,-83.577,True,-53.230,-78.002,-191.715,111.191,-3.589,2.784,-96.263,-27.083,39.756,-56.494,69.080,-3.484,3.264,4.774,0.444
17:49:35.126,64.471,-58.272,-81.538,True,-57.387,-77.315,-187.043,108.648,-4.365,3.624,-97.312,-23.028,39.040,-58.510,70.339,-4.343,3.611,5.648,0.793
17:49:35.146,64.491,-61.804,-73.385,True,-61.301,-74.693,-180.712,120.398,-3.901,3.814,-98.191,-18.933,36.388,-54.451,65.491,-3.902,3.837,5.473,0.626
17:49:35.167,64.512,-65.335,-69.308,True,-65.019,-71.547,-173.485,133.063,-3.300,4.159,-98.898,-14.805,33.563,-54.503,64.008,-3.301,4.002,5.188,0.591
17:49:35.193,64.537,-65.335,-63.192,True,-67.725,-67.507,-160.423,148.583,-2.372,3.932,-99.431,-10.650,34.096,-52.542,62.635,-2.339,3.622,4.312,0.531
17:49:35.214,64.559,-70.633,-59.115,True,-70.862,-63.244,-152.524,161.633,-1.518,4.086,-99.790,-6.477,29.157,-52.638,60.174,-1.492,3.696,3.986,0.907
17:49:35.234,64.579,-75.930,-57.077,True,-74.388,-59.320,-147.989,169.147,-0.588,4.355,-99.974,-2.293,24.043,-54.784,59.828,-1.068,4.100,4.237,0.737
17:49:35.255,64.599,-79.462,-50.962,True,-77.843,-54.773,-142.770,178.884,0.194,4.601,-99.982,1.896,20.520,-52.857,56.701,-0.375,4.482,4.498,0.905
17:49:35.275,64.620,-82.994,-48.923,True,-81.233,-50.665,-137.045,183.104,0.444,5.159,-99.815,6.081,16.821,-55.004,57.519,-0.124,4.856,4.857,0.729
17:49:35.301,64.645,-82.994,-44.846,True,-83.746,-46.502,-125.577,186.640,0.728,4.981,-99.473,10.255,16.479,-55.102,57.513,0.099,4.719,4.720,0.427
17:49:35.321,64.666,-90.057,-36.692,True,-87.140,-41.357,-121.675,195.701,1.639,5.959,-98.956,14.412,8.899,-51.104,51.873,0.879,5.281,5.354,0.702
17:49:35.341,64.686,-91.823,-32.615,True,-90.096,-36.321,-114.259,201.268,1.909,5.993,-98.266,18.543,6.443,-51.158,51.563,1.420,5.565,5.743,0.412
17:49:35.362,64.706,-93.589,-30.577,True,-92.662,-31.896,-104.671,200.980,1.666,6.056,-97.403,22.642,3.814,-53.219,53.355,1.469,5.666,5.854,0.459
17:49:35.382,64.726,-93.589,-28.538,True,-94.484,-28.031,-91.243,196.949,1.219,6.002,-96.369,26.701,2.781,-55.239,55.309,1.173,5.405,5.531,0.461
17:49:35.411,64.755,-97.120,-26.500,True,-96.498,-24.652,-81.381,190.851,0.729,5.881,-95.167,30.713,-1.953,-57.213,57.246,0.655,5.445,5.484,0.728
17:49:35.431,64.776,-98.886,-14.269,True,-98.302,-19.308,-71.359,199.560,1.602,5.826,-93.797,34.671,-5.089,-48.940,49.204,1.495,5.465,5.666,1.023
17:49:35.451,64.796,-100.652,-18.346,True,-99.944,-16.021,-61.542,191.850,0.999,5.868,-92.263,38.568,-8.389,-56.915,57.529,0.879,5.500,5.569,0.787
17:49:35.471,64.816,-100.652,-18.346,True,-101.053,-13.617,-49.442,180.613,0.011,5.675,-90.567,42.398,-10.085,-60.744,61.576,-0.130,5.312,5.314,0.432
17:49:35.492,64.837,-104.184,-8.154,True,-102.540,-9.575,-41.804,183.713,0.241,5.887,-88.712,46.154,-15.471,-54.307,56.468,0.126,5.519,5.521,0.750
17:49:35.516,64.860,-104.184,-8.154,True,-103.564,-6.424,-31.699,180.008,-0.057,5.617,-86.702,49.828,-17.482,-57.982,60.560,-0.218,5.506,5.510,0.422
17:49:35.537,64.881,-104.184,-4.077,True,-104.195,-3.115,-20.365,178.540,-0.225,5.427,-84.539,53.415,-19.645,-57.492,60.755,-0.369,5.365,5.377,0.806
17:49:35.557,64.901,-104.184,6.115,True,-104.505,1.771,-8.703,187.949,0.710,5.459,-82.228,56.908,-21.955,-50.793,55.335,0.517,5.167,5.193,0.745
17:49:35.578,64.922,-102.418,8.154,True,-104.153,6.140,5.367,190.895,1.122,4.984,-79.773,60.302,-22.645,-52.148,56.852,0.907,4.709,4.795,0.757
17:49:35.598,64.942,-100.652,12.231,True,-103.257,10.486,20.227,192.505,1.510,4.343,-77.178,63.589,-23.474,-51.359,56.469,1.228,4.117,4.296,0.703
17:49:35.627,64.971,-100.652,12.231,True,-102.341,13.847,32.047,186.765,0.939,4.122,-74.447,66.765,-26.205,-54.535,60.504,0.902,3.742,3.849,0.420
17:49:35.647,64.992,-100.652,6.115,True,-101.456,14.918,41.336,167.398,-0.336,4.163,-71.586,69.824,-29.066,-63.709,70.026,-0.740,3.561,3.637,0.546
17:49:35.668,65.012,-98.886,18.346,True,-100.225,18.284,51.317,169.042,-0.091,3.820,-68.599,72.761,-30.287,-54.415,62.276,-0.547,3.291,3.336,0.816
17:49:35.688,65.033,-100.652,26.500,True,-99.536,22.789,55.858,177.549,1.073,4.267,-65.492,75.570,-35.160,-49.070,60.366,0.345,3.503,3.520,0.823
17:49:35.709,65.053,-104.184,22.423,True,-99.758,25.430,54.253,170.859,0.806,4.822,-62.270,78.246,-41.913,-55.823,69.806,-0.087,4.319,4.320,0.805
17:49:35.739,65.084,-97.120,26.500,True,-98.312,28.302,65.498,167.455,0.432,4.512,-58.939,80.785,-38.181,-54.285,66.368,-0.235,3.995,4.002,0.481
17:49:35.761,65.106,-97.120,53.000,True,-97.030,36.611,73.526,200.540,3.868,4.406,-55.504,83.182,-41.616,-30.182,51.409,3.091,3.931,5.001,0.743
17:49:35.781,65.126,-86.525,40.769,True,-93.460,40.656,95.398,194.414,3.514,2.891,-51.972,85.433,-34.553,-44.664,56.469,3.074,2.534,3.984,0.530
17:49:35.802,65.146,-77.696,42.808,True,-88.333,44.141,121.765,185.447,2.927,0.770,-48.349,87.535,-29.347,-44.727,53.495,2.791,0.548,2.844,0.443
17:49:35.823,65.167,-75.930,44.846,True,-83.582,47.152,138.112,175.126,2.234,-1.249,-44.641,89.483,-31.289,-44.637,54.511,2.355,-0.707,2.459,0.736
17:49:35.846,65.191,-86.525,42.808,True,-82.146,48.831,127.947,158.304,1.001,-0.285,-40.855,91.274,-45.670,-48.466,66.594,1.264,0.426,1.334,0.464
17:49:35.867,65.211,-82.994,50.962,True,-80.378,51.757,123.619,154.125,0.659,-0.024,-36.997,92.904,-45.997,-41.943,62.249,1.267,1.134,1.700,0.648
17:49:35.887,65.232,-82.994,50.962,True,-79.088,53.938,118.178,145.600,-0.041,0.730,-33.074,94.372,-49.920,-43.411,66.155,0.873,2.024,2.205,0.719
17:49:35.907,65.252,-79.462,48.923,True,-77.360,55.009,118.156,131.700,-0.936,1.493,-29.093,95.674,-50.369,-46.751,68.722,-0.058,2.493,2.493,0.543
17:49:35.928,65.273,-75.930,48.923,True,-75.214,55.617,121.852,118.503,-2.352,2.158,-25.061,96.809,-50.869,-47.886,69.862,-1.005,2.648,2.833,0.802
17:49:35.953,65.298,-77.696,44.846,True,-73.920,54.934,119.781,100.500,-3.932,2.783,-20.985,97.773,-56.711,-52.927,77.572,-2.490,3.356,4.179,0.494
17:49:35.974,65.319,-72.399,57.077,True,-71.727,56.975,125.341,105.818,-3.287,3.033,-16.873,98.566,-55.526,-41.489,69.315,-1.893,3.401,3.892,0.772
17:49:35.994,65.339,-72.399,61.154,True,-69.959,59.570,127.474,112.858,-2.495,3.640,-12.730,99.186,-59.668,-38.033,70.759,-1.037,3.757,3.897,0.396
17:49:36.015,65.359,-68.867,63.192,True,-67.748,62.145,132.967,117.073,-2.008,3.352,-8.566,99.632,-60.301,-36.440,70.457,-0.329,3.813,3.827,0.667
17:49:36.035,65.380,-65.335,63.192,True,-65.146,64.186,140.424,115.773,-1.873,3.185,-4.386,99.904,-60.950,-36.711,71.152,-0.045,3.666,3.666,0.855
17:49:36.064,65.409,-67.101,69.308,True,-63.444,67.153,140.680,120.151,-1.081,3.666,-0.199,100.000,-66.903,-30.692,73.607,0.828,4.164,4.246,0.487
17:49:36.085,65.429,-58.272,69.308,True,-60.083,69.498,152.838,118.070,-0.744,3.175,3.989,99.920,-62.261,-30.613,69.380,1.198,3.563,3.759,0.753
17:49:36.104,65.449,-52.975,71.346,True,-56.085,71.740,166.346,114.824,-0.400,2.856,8.170,99.666,-61.145,-28.320,67.384,1.509,2.743,3.131,0.452
17:49:36.125,65.469,-51.209,73.385,True,-52.398,73.885,174.348,110.727,0.028,2.577,12.336,99.236,-63.545,-25.852,68.602,1.782,2.334,2.937,0.451
17:49:36.146,65.490,-49.443,75.423,True,-49.035,75.943,178.331,106.032,0.036,2.456,16.481,98.633,-65.924,-23.209,69.890,2.035,2.243,3.029,0.668
17:49:36.174,65.518,-47.677,79.500,True,-45.981,78.397,179.566,104.045,0.647,2.853,20.597,97.856,-68.274,-18.356,70.699,2.578,2.385,3.512,0.430
17:49:36.194,65.539,-44.146,85.615,True,-42.798,81.672,181.785,106.593,1.722,2.753,24.677,96.908,-68.822,-11.292,69.742,3.615,2.429,4.355,0.509
17:49:36.215,65.560,-40.614,87.654,True,-39.499,84.698,184.559,105.047,2.509,2.817,28.713,95.789,-69.327,-8.135,69.803,4.375,2.406,4.993,0.673
17:49:36.235,65.580,-40.614,91.731,True,-36.925,87.945,182.163,103.590,3.091,3.211,32.699,94.503,-73.313,-2.772,73.365,5.221,2.851,5.949,0.870
17:49:36.256,65.600,-37.082,93.769,True,-34.164,90.888,182.216,98.594,3.789,3.361,36.628,93.051,-73.710,0.719,73.714,5.814,3.089,6.584,0.839
17:49:36.282,65.626,-31.785,95.808,True,-30.814,93.545,186.632,91.149,4.511,3.309,40.492,91.435,-72.277,4.373,72.409,6.226,2.915,6.875,0.404
17:49:36.302,65.646,-26.487,106.000,True,-26.943,97.838,193.528,94.593,5.925,2.869,44.286,89.659,-70.773,16.341,72.635,7.702,2.461,8.086,0.423
17:49:36.322,65.667,-24.722,108.038,True,-23.456,101.660,196.067,91.456,6.614,2.930,48.001,87.726,-72.723,20.312,75.506,8.695,2.347,9.006,0.531
17:49:36.343,65.687,-19.424,116.192,True,-19.509,106.441,201.058,92.991,8.055,2.653,51.633,85.639,-71.057,30.553,77.347,10.215,1.965,10.402,0.767
17:49:36.363,65.708,-15.892,120.269,True,-15.582,111.081,204.477,90.282,9.172,2.381,55.174,83.402,-71.066,36.867,80.060,11.467,1.668,11.588,0.653
17:49:36.393,65.737,-12.361,130.462,True,-11.694,116.970,206.577,93.561,11.050,2.210,58.618,81.018,-70.979,49.443,86.502,13.389,1.442,13.466,0.649
17:49:36.413,65.757,-8.829,136.577,True,-7.857,122.961,207.606,93.137,12.698,1.659,61.959,78.493,-70.788,58.084,91.568,14.947,1.259,15.000,0.611
17:49:36.434,65.778,-5.297,126.385,True,-4.075,125.187,207.761,64.810,12.293,1.217,65.192,75.829,-70.489,50.556,86.744,14.340,1.151,14.386,0.762
17:49:36.454,65.798,-1.766,136.577,True,-0.348,128.828,207.305,50.763,13.233,1.013,68.310,73.033,-70.076,63.544,94.596,14.781,1.054,14.818,0.742
17:49:36.476,65.820,1.766,138.615,True,3.326,131.881,206.367,33.791,13.406,0.927,71.308,70.108,-69.542,68.507,97.619,14.941,0.973,14.973,0.461
17:49:36.500,65.845,5.297,140.654,True,6.952,134.438,205.075,15.458,13.776,0.949,74.181,67.060,-68.884,73.593,100.802,14.937,0.899,14.964,0.595
17:49:36.521,65.865,15.892,144.731,True,12.178,137.067,214.312,0.014,13.787,-0.206,76.925,63.895,-61.032,80.836,101.288,14.999,-0.199,15.000,1.036
17:49:36.541,65.886,19.424,144.731,True,17.152,138.847,218.423,-19.098,13.727,-0.833,79.533,60.618,-60.109,84.113,103.383,14.970,-0.951,15.000,1.142
17:49:36.561,65.906,22.956,144.731,True,21.854,139.921,218.660,-40.287,13.009,-1.384,82.001,57.234,-59.046,87.496,105.556,14.567,-1.430,14.638,0.816
17:49:36.582,65.926,26.487,140.654,True,26.287,139.473,216.119,-67.868,12.001,-1.632,84.326,53.750,-57.839,86.904,104.391,13.444,-1.706,13.552,0.686
17:49:36.608,65.953,35.316,132.500,True,31.703,136.811,219.803,-104.067,9.973,-2.329,86.503,50.172,-51.187,82.328,96.943,11.335,-2.610,11.632,0.407
17:49:36.629,65.974,37.082,136.577,True,36.328,135.159,215.940,-124.534,9.454,-2.887,88.528,46.505,-51.446,90.071,103.728,10.452,-2.904,10.848,0.803
17:49:36.649,65.994,40.614,132.500,True,40.639,132.629,209.925,-146.266,8.477,-3.185,90.398,42.758,-49.784,89.742,102.626,9.324,-3.027,9.803,0.811
17:49:36.669,66.014,44.146,130.462,True,44.677,129.880,202.649,-164.267,7.883,-3.139,92.109,38.935,-47.964,91.527,103.333,8.403,-3.047,8.939,0.474
17:49:36.690,66.035,51.209,118.231,True,49.306,124.651,200.175,-194.305,5.634,-3.491,93.659,35.043,-42.450,83.188,93.393,6.219,-3.528,7.149,0.892
17:49:36.724,66.069,54.741,114.154,True,53.642,119.229,195.113,-217.178,3.778,-3.819,95.044,31.090,-40.304,83.063,92.325,4.461,-3.817,5.872,0.511
17:49:36.745,66.089,58.272,120.269,True,57.713,116.136,188.382,-218.123,3.960,-4.319,96.263,27.083,-37.991,93.186,100.633,4.591,-3.981,6.076,0.838
17:49:36.764,66.109,61.804,116.192,True,61.556,112.800,180.697,-220.808,3.124,-4.398,97.312,23.028,-35.509,93.164,99.701,4.569,-4.071,6.120,0.398
17:49:36.785,66.130,65.335,99.885,True,65.208,106.410,172.586,-243.176,1.143,-4.516,98.191,18.933,-32.856,80.951,87.365,2.673,-4.130,4.920,0.828
17:49:36.808,66.153,68.867,101.923,True,68.708,101.634,164.416,-248.092,1.246,-4.360,98.898,14.805,-30.031,87.118,92.149,2.227,-4.190,4.745,0.730
17:49:36.830,66.175,72.399,93.769,True,72.090,95.997,156.422,-257.100,0.361,-3.718,99.431,10.650,-27.033,83.119,87.404,1.348,-4.272,4.480,0.618
17:49:36.851,66.195,72.399,93.769,True,74.563,91.532,143.338,-255.419,0.241,-3.527,99.790,6.477,-27.391,87.292,91.489,1.394,-3.879,4.122,0.836
17:49:36.871,66.215,79.462,79.500,True,77.902,84.815,138.472,-268.857,-1.367,-3.955,99.974,2.293,-20.512,77.207,79.885,0.016,-4.224,4.224,0.410
17:49:36.891,66.236,79.462,75.423,True,80.391,78.505,127.947,-275.021,-2.015,-3.646,99.982,-1.896,-20.520,77.319,79.995,-0.815,-4.069,4.150,0.809
17:49:36.914,66.259,81.228,67.269,True,82.549,71.672,116.958,-282.106,-2.781,-3.376,99.815,-6.081,-18.587,73.350,75.668,-1.814,-3.853,4.258,0.438
17:49:36.938,66.283,82.994,67.269,True,84.448,66.318,106.149,-276.488,-2.401,-3.097,99.473,-10.255,-16.479,77.525,79.257,-1.701,-3.630,4.009,0.428
17:49:36.959,66.304,86.525,77.462,True,86.561,64.662,98.620,-247.531,-0.183,-3.103,98.956,-14.412,-12.431,91.873,92.711,0.656,-3.696,3.754,0.863
17:49:36.979,66.324,90.057,59.115,True,88.887,59.573,93.352,-249.789,-0.487,-3.759,98.266,-18.543,-8.209,77.658,78.091,0.314,-3.987,3.999,0.855
17:49:37.000,66.345,90.057,55.038,True,90.592,54.684,84.096,-249.730,-0.483,-3.728,97.403,-22.642,-7.346,77.680,78.027,0.154,-3.931,3.934,0.841
17:49:37.026,66.371,90.057,50.962,True,91.759,49.985,72.634,-248.105,-0.900,-3.158,96.369,-26.701,-6.313,77.662,77.918,0.125,-3.658,3.661,0.710
17:49:37.047,66.392,93.589,42.808,True,93.299,44.508,65.693,-251.745,-1.200,-3.025,95.167,-30.713,-1.578,73.520,73.537,-0.410,-3.786,3.808,0.422
17:49:37.068,66.412,95.354,34.654,True,94.785,38.354,59.047,-258.264,-2.208,-3.343,93.797,-34.671,1.557,69.325,69.342,-1.279,-3.955,4.157,0.685
17:49:37.089,66.433,97.120,30.577,True,96.234,32.582,52.683,-259.625,-2.788,-3.721,92.263,-38.568,4.857,69.145,69.316,-1.753,-4.169,4.522,0.792
17:49:37.109,66.453,97.120,26.500,True,97.249,27.183,43.862,-257.381,-2.670,-3.366,90.567,-42.398,6.553,68.898,69.209,-1.936,-4.170,4.597,0.814
17:49:37.131,66.475,98.886,14.269,True,98.303,20.231,36.455,-265.263,-3.548,-3.625,88.712,-46.154,10.174,60.423,61.273,-3.098,-4.302,5.302,0.603
17:49:37.155,66.499,100.652,10.192,True,99.408,13.826,30.090,-266.125,-3.898,-4.162,86.702,-49.828,13.950,60.020,61.620,-3.719,-4.543,5.871,0.416
17:49:37.175,66.519,100.652,16.308,True,100.159,10.317,21.736,-246.566,-2.547,-4.255,84.539,-53.415,16.113,69.723,71.560,-2.460,-4.616,5.231,0.646
17:49:37.196,66.540,100.652,8.154,True,100.607,6.028,12.341,-237.283,-2.119,-4.154,82.228,-56.908,18.424,65.062,67.620,-2.035,-4.591,5.022,0.815
17:49:37.216,66.561,100.652,10.192,True,100.807,3.353,2.600,-219.495,-0.923,-4.275,79.773,-60.302,20.879,70.494,73.521,-0.757,-4.522,4.585,0.803
17:49:37.238,66.583,102.418,-6.115,True,101.221,-2.217,-4.310,-225.695,-1.758,-4.604,77.178,-63.589,25.240,57.474,62.772,-1.623,-4.706,4.978,0.818
17:49:37.267,66.611,104.184,-8.154,True,101.843,-7.061,-9.324,-224.532,-2.173,-5.184,74.447,-66.765,29.736,58.612,65.723,-1.895,-5.082,5.424,0.547
17:49:37.287,66.632,104.184,-10.192,True,102.244,-11.236,-15.907,-218.562,-1.774,-5.349,71.586,-69.824,32.597,59.632,67.960,-1.747,-5.340,5.618,0.780
17:49:37.308,66.652,104.184,-6.115,True,102.450,-13.402,-23.430,-200.477,-0.372,-5.388,68.599,-72.761,35.584,66.645,75.550,-0.439,-5.523,5.541,0.777
17:49:37.328,66.672,104.184,-18.346,True,102.493,-17.629,-31.415,-201.002,-0.652,-5.734,65.492,-75.570,38.691,57.223,69.076,-0.766,-5.668,5.720,0.398
17:49:37.353,66.697,104.184,-12.231,True,102.404,-19.461,-39.521,-185.046,0.656,-5.886,62.270,-78.246,41.913,66.015,78.197,0.423,-5.802,5.818,0.497
17:49:37.376,66.721,104.184,-16.308,True,102.210,-21.569,-47.517,-175.447,0.833,-5.829,58.939,-80.785,45.244,64.477,78.768,1.121,-5.944,6.049,0.420
17:49:37.398,66.743,100.652,-18.346,True,101.119,-23.514,-60.659,-167.470,1.206,-5.956,55.504,-83.182,45.147,64.836,79.006,1.722,-5.595,5.854,0.845
17:49:37.419,66.763,100.652,-20.385,True,100.079,-25.358,-71.015,-161.113,1.351,-5.787,51.972,-85.433,48.679,65.049,81.247,2.210,-5.453,5.884,0.789
17:49:37.439,66.783,97.120,-24.462,True,98.301,-27.624,-84.569,-159.362,1.414,-5.366,48.349,-87.535,48.771,63.073,79.730,2.287,-4.975,5.475,0.462
17:49:37.465,66.810,97.120,-28.538,True,96.728,-30.283,-94.010,-160.591,1.215,-5.328,44.641,-89.483,52.479,60.944,80.425,2.062,-4.817,5.240,0.472
17:49:37.487,66.832,97.120,-28.538,True,94.848,-33.495,-103.908,-164.827,0.484,-4.985,40.855,-91.274,56.265,62.735,84.270,1.498,-4.583,4.822,0.422
17:49:37.508,66.852,93.589,-34.654,True,93.001,-36.189,-111.849,-164.049,0.254,-4.896,36.997,-92.904,56.592,58.251,81.214,1.327,-4.496,4.687,0.580
17:49:37.528,66.873,90.057,-34.654,True,90.575,-38.185,-122.276,-158.667,0.430,-4.550,33.074,-94.372,56.983,59.718,82.543,1.560,-4.143,4.427,0.803
17:49:37.549,66.894,90.057,-40.769,True,88.623,-41.207,-127.690,-160.925,-0.074,-4.591,29.093,-95.674,60.964,54.905,82.044,1.060,-4.220,4.351,0.897
17:49:37.569,66.914,86.525,-40.769,True,86.182,-43.520,-135.647,-157.394,0.015,-4.485,25.061,-96.809,61.464,56.040,83.176,1.040,-4.044,4.176,0.645
17:49:37.591,66.935,82.994,-44.846,True,83.354,-46.227,-144.685,-156.737,-0.252,-4.190,20.985,-97.773,62.008,52.927,81.525,0.721,-3.728,3.797,0.767
17:49:37.612,66.956,79.462,-53.000,True,80.222,-50.228,-153.864,-163.754,-1.495,-3.888,16.873,-98.566,62.589,45.566,77.419,-0.389,-3.349,3.371,0.834
17:49:37.632,66.976,79.462,-57.077,True,77.691,-54.345,-157.231,-168.372,-2.583,-3.915,12.730,-99.186,66.732,42.109,78.907,-1.407,-3.468,3.743,0.733
17:49:37.652,66.997,72.399,-57.077,True,74.044,-57.564,-167.613,-164.518,-2.910,-3.230,8.566,-99.632,63.833,42.556,76.718,-1.736,-2.916,3.394,0.862
17:49:37.673,67.017,72.399,-59.115,True,71.089,-60.449,-171.013,-158.311,-3.235,-3.088,4.386,-99.904,68.013,40.788,79.306,-1.883,-2.954,3.503,0.812
17:49:37.700,67.044,68.867,-61.154,True,67.948,-63.043,-175.259,-150.697,-3.189,-3.175,0.199,-100.000,68.669,38.846,78.895,-1.917,-2.901,3.477,0.432
17:49:37.721,67.065,58.272,-63.192,True,63.009,-65.391,-190.627,-142.392,-2.730,-1.623,-3.989,-99.920,62.261,36.728,72.287,-1.892,-1.769,2.590,0.872
17:49:37.741,67.086,56.506,-69.308,True,58.571,-68.487,-198.370,-140.136,-3.118,-1.027,-8.170,-99.666,64.676,30.358,71.447,-2.443,-1.224,2.733,0.788
17:49:37.761,67.106,52.975,-67.269,True,54.225,-70.356,-203.377,-128.968,-2.737,-0.871,-12.336,-99.236,65.311,31.967,72.715,-2.210,-0.869,2.374,0.426
17:49:37.790,67.135,51.209,-69.308,True,50.402,-72.092,-203.554,-118.875,-2.507,-0.925,-16.481,-98.633,67.690,29.325,73.769,-2.053,-0.924,2.252,0.377
17:49:37.814,67.158,47.677,-71.346,True,46.644,-73.743,-203.391,-109.874,-2.205,-0.597,-20.597,-97.856,68.274,26.510,73.240,-1.984,-1.009,2.226,0.491
17:49:37.835,67.179,40.614,-77.462,True,42.120,-76.294,-208.469,-108.126,-2.724,-0.098,-24.677,-96.908,65.291,19.446,68.125,-2.598,-0.594,2.665,0.840
17:49:37.855,67.199,38.848,-83.577,True,38.159,-79.648,-208.315,-110.627,-3.598,-0.021,-28.713,-95.789,67.561,12.212,68.656,-3.683,-0.620,3.735,0.889
17:49:37.875,67.220,33.551,-75.423,True,33.890,-80.363,-210.265,-93.206,-2.945,0.387,-32.699,-94.503,66.250,19.080,68.942,-2.991,-0.437,3.023,0.795
17:49:37.900,67.244,31.785,-85.615,True,30.173,-83.015,-207.950,-92.244,-3.848,0.211,-36.628,-93.051,68.413,7.435,68.815,-3.780,-0.628,3.832,0.500
17:49:37.923,67.268,26.487,-79.500,True,26.124,-83.614,-208.517,-76.279,-2.958,0.144,-40.492,-91.435,66.980,11.935,68.035,-3.225,-0.554,3.272,0.843
17:49:37.943,67.287,19.424,-91.731,True,21.366,-86.672,-213.523,-79.731,-4.255,0.847,-44.286,-89.659,63.710,-2.071,63.743,-4.445,-0.036,4.446,0.404
17:49:37.963,67.308,15.892,-81.538,True,16.816,-86.702,-215.435,-60.314,-3.367,1.182,-48.001,-87.726,63.894,6.188,64.193,-3.619,0.258,3.628,0.453
17:49:37.984,67.328,8.829,-87.654,True,11.652,-87.849,-220.524,-52.490,-3.678,1.891,-51.633,-85.639,60.462,-2.015,60.495,-3.792,0.899,3.897,0.817
17:49:38.004,67.349,7.063,-83.577,True,7.200,-87.662,-218.950,-36.568,-2.927,2.085,-55.174,-83.402,62.237,-0.175,62.237,-3.205,0.988,3.354,0.558
17:49:38.027,67.372,3.532,-83.577,True,2.986,-87.274,-215.835,-22.625,-2.224,2.114,-58.618,-81.018,62.149,-2.559,62.202,-2.733,0.949,2.893,0.417
17:49:38.048,67.392,1.766,-87.654,True,-0.611,-87.710,-209.155,-16.899,-2.413,1.776,-61.959,-78.493,63.725,-9.161,64.380,-2.982,0.578,3.038,0.680
17:49:38.068,67.413,-1.766,-91.731,True,-4.090,-88.904,-203.343,-16.397,-3.032,1.254,-65.192,-75.829,63.426,-15.902,65.389,-3.749,0.260,3.758,0.463
17:49:38.088,67.433,-8.829,-85.615,True,-8.313,-88.391,-203.835,-3.171,-2.539,1.409,-68.310,-73.033,59.481,-12.583,60.797,-3.382,0.520,3.422,0.395
17:49:38.109,67.453,-12.361,-91.731,True,-12.383,-89.216,-202.722,-1.224,-3.346,1.816,-71.308,-70.108,58.947,-21.623,62.788,-4.035,0.671,4.091,0.758
17:49:38.137,67.482,-12.361,-91.731,True,-15.490,-89.819,-195.117,3.264,-3.783,1.209,-74.181,-67.060,61.821,-24.670,66.561,-4.506,0.237,4.513,0.410
17:49:38.158,67.502,-22.956,-85.615,True,-20.221,-88.792,-200.072,18.843,-3.423,1.817,-76.925,-63.895,53.969,-21.720,58.176,-3.960,0.963,4.075,0.746
17:49:38.178,67.522,-26.487,-87.654,True,-24.748,-88.238,-201.553,28.142,-3.529,2.324,-79.533,-60.618,53.045,-27.036,59.538,-3.933,1.455,4.194,0.723
17:49:38.198,67.543,-26.487,-89.692,True,-28.247,-88.144,-195.064,33.143,-4.079,1.828,-82.001,-57.234,55.514,-32.458,64.307,-4.297,1.256,4.477,0.663
17:49:38.218,67.563,-30.019,-89.692,True,-31.653,-87.995,-189.232,38.596,-4.495,1.546,-84.326,-53.750,54.307,-35.942,65.124,-4.641,1.109,4.772,0.528
17:49:38.248,67.592,-33.551,-85.615,True,-35.000,-86.850,-184.071,50.587,-4.321,1.304,-86.503,-50.172,52.952,-35.444,63.720,-4.384,1.024,4.502,0.417
17:49:38.269,67.613,-37.082,-79.500,True,-38.310,-84.365,-179.526,69.273,-3.404,1.190,-88.528,-46.505,51.446,-32.995,61.117,-3.442,1.001,3.584,1.042
17:49:38.289,67.634,-40.614,-81.538,True,-41.601,-82.645,-175.504,78.546,-3.160,1.216,-90.398,-42.758,49.784,-38.781,63.106,-3.273,1.040,3.434,0.785
17:49:38.310,67.654,-42.380,-79.500,True,-44.477,-80.708,-169.195,87.674,-2.792,1.026,-92.109,-38.935,49.729,-40.565,64.176,-3.084,0.881,3.207,0.772
17:49:38.331,67.675,-44.146,-77.462,True,-46.998,-78.608,-161.712,96.290,-2.547,0.781,-93.659,-35.043,49.513,-42.418,65.199,-2.907,0.607,2.970,0.481
17:49:38.357,67.701,-47.677,-73.385,True,-49.638,-75.916,-156.565,107.300,-2.183,0.606,-95.044,-31.090,47.367,-42.294,63.501,-2.469,0.540,2.528,0.420
17:49:38.378,67.722,-51.209,-67.269,True,-52.407,-72.260,-153.073,122.301,-1.338,0.713,-96.263,-27.083,45.054,-40.186,60.372,-1.589,0.639,1.713,0.911
17:49:38.398,67.742,-54.741,-71.346,True,-55.299,-70.170,-150.648,123.226,-1.693,1.014,-97.312,-23.028,42.572,-48.318,64.397,-1.937,0.867,2.122,0.419
17:49:38.418,67.762,-56.506,-61.154,True,-57.893,-66.183,-146.110,137.211,-0.793,1.048,-98.191,-18.933,41.685,-42.221,59.332,-1.072,0.933,1.421,0.445
17:49:38.438,67.783,-58.272,-65.231,True,-60.224,-63.855,-140.309,136.677,-0.911,0.795,-98.898,-14.805,40.626,-50.426,64.755,-1.478,0.901,1.732,0.637
17:49:38.467,67.812,-60.038,-59.115,True,-62.335,-60.656,-133.887,142.778,-0.615,0.622,-99.431,-10.650,39.393,-48.465,62.456,-1.289,0.820,1.528,0.423
17:49:38.488,67.832,-61.804,-53.000,True,-64.267,-56.685,-127.300,152.756,-0.114,0.459,-99.790,-6.477,37.986,-46.523,60.061,-0.697,0.728,1.008,0.681
17:49:38.508,67.853,-65.335,-61.154,True,-66.470,-55.378,-123.548,142.698,-1.159,0.660,-99.974,-2.293,34.638,-58.861,68.297,-1.932,0.908,2.134,0.801
17:49:38.529,67.873,-67.101,-57.077,True,-68.514,-53.582,-118.873,139.713,-1.927,0.768,-99.982,1.896,32.881,-58.973,67.520,-2.617,1.032,2.813,0.910
17:49:38.555,67.900,-61.804,-50.962,True,-68.780,-50.828,-102.875,144.823,-2.192,-0.397,-99.815,6.081,38.011,-57.042,68.547,-2.589,0.106,2.591,0.702
17:49:38.578,67.922,-68.867,-55.038,True,-70.380,-49.583,-99.648,139.288,-3.151,-0.262,-99.473,10.255,30.606,-65.294,72.111,-3.547,0.303,3.560,0.535
17:49:38.599,67.943,-75.930,-44.846,True,-73.199,-46.344,-104.458,149.555,-2.779,0.266,-98.956,14.412,23.026,-59.258,63.574,-3.085,1.300,3.348,0.783
17:49:38.619,67.964,-77.696,-40.769,True,-75.848,-42.752,-105.465,159.838,-2.225,1.354,-98.266,18.543,20.570,-59.312,62.778,-2.544,2.055,3.270,0.806
17:49:38.640,67.984,-79.462,-38.731,True,-78.307,-39.364,-103.540,166.323,-1.788,1.600,-97.403,22.642,17.941,-61.372,63.941,-2.279,2.621,3.473,0.865
17:49:38.661,68.006,-79.462,-38.731,True,-80.377,-36.037,-98.155,171.005,-1.583,2.156,-96.369,26.701,16.907,-65.431,67.581,-2.133,2.922,3.618,0.372
17:49:38.683,68.027,-79.462,-36.692,True,-81.529,-33.766,-86.959,168.037,-2.650,1.774,-95.167,30.713,15.705,-67.405,69.210,-2.682,2.698,3.805,0.430
17:49:38.703,68.048,-86.525,-28.538,True,-84.137,-29.907,-86.900,176.692,-1.949,2.763,-93.797,34.671,7.272,-63.209,63.626,-2.153,3.519,4.125,0.417
17:49:38.724,68.068,-86.525,-22.423,True,-86.042,-25.363,-80.716,187.468,-1.272,3.205,-92.263,38.568,5.738,-60.992,61.261,-1.335,3.838,4.063,0.769
17:49:38.744,68.089,-88.291,-22.423,True,-87.813,-21.814,-73.822,188.946,-1.553,3.285,-90.567,42.398,2.276,-64.821,64.861,-1.299,4.118,4.318,0.731
17:49:38.764,68.109,-91.823,-10.192,True,-89.903,-16.136,-69.247,203.651,-0.342,3.757,-88.712,46.154,-3.111,-56.346,56.432,0.033,4.645,4.645,0.737
17:49:38.792,68.136,-93.589,-8.154,True,-91.836,-11.132,-63.203,209.529,0.136,4.354,-86.702,49.828,-6.887,-57.982,58.389,0.682,5.078,5.123,0.429
17:49:38.813,68.157,-97.120,-18.346,True,-94.048,-9.629,-58.865,190.838,-1.587,4.929,-84.539,53.415,-12.581,-71.761,72.856,-0.937,5.708,5.785,1.045
17:49:38.832,68.177,-100.652,-10.192,True,-96.495,-6.837,-55.363,186.123,-2.083,5.903,-82.228,56.908,-18.424,-67.101,69.584,-1.382,6.471,6.617,0.742
17:49:38.854,68.198,-98.886,-16.308,True,-97.901,-6.190,-44.016,168.933,-3.744,6.392,-79.773,60.302,-19.113,-76.609,78.958,-3.042,6.551,7.222,0.679
17:49:38.874,68.219,-100.652,2.038,True,-99.217,-1.683,-33.403,182.561,-2.861,6.281,-77.178,63.589,-23.474,-61.551,65.875,-1.924,6.686,6.958,1.175
17:49:38.905,68.249,-100.652,6.115,True,-100.063,2.932,-20.834,192.837,-1.778,6.157,-74.447,66.765,-26.205,-60.650,66.069,-0.973,6.629,6.700,0.474
17:49:38.925,68.270,-102.418,10.192,True,-100.930,7.579,-10.174,200.036,-1.149,6.293,-71.586,69.824,-30.832,-59.632,67.131,-0.187,6.724,6.727,0.853
17:49:38.945,68.290,-104.184,18.346,True,-101.842,13.152,-1.024,210.768,0.199,6.500,-68.599,72.761,-35.584,-54.415,65.017,1.041,6.950,7.028,0.742
17:49:38.966,68.310,-104.184,22.423,True,-102.402,18.543,9.704,216.368,0.977,6.449,-65.492,75.570,-38.691,-53.147,65.739,1.931,7.029,7.289,0.808
17:49:38.989,68.334,-104.184,28.538,True,-102.667,24.188,21.120,221.081,1.809,6.518,-62.270,78.246,-41.913,-49.707,65.020,2.845,7.026,7.580,0.503
17:49:39.010,68.355,-104.184,32.615,True,-102.696,29.541,32.586,221.369,2.595,6.559,-58.939,80.785,-45.244,-48.169,66.086,3.447,6.993,7.796,0.429
17:49:39.031,68.375,-104.184,36.692,True,-102.542,34.602,43.679,218.459,2.671,6.605,-55.504,83.182,-48.679,-46.490,67.312,3.813,6.968,7.943,0.807
17:49:39.051,68.396,-104.184,44.846,True,-102.253,40.338,54.145,219.617,3.582,6.339,-51.972,85.433,-52.211,-40.587,66.131,4.609,6.975,8.360,1.053
17:49:39.071,68.416,-104.184,44.846,True,-101.871,44.757,63.866,210.326,3.449,6.319,-48.349,87.535,-55.834,-42.689,70.284,4.499,7.029,8.345,0.871
17:49:39.096,68.440,-102.418,55.038,True,-101.018,50.376,75.518,210.375,4.373,6.004,-44.641,89.483,-57.776,-34.444,67.265,5.262,6.880,8.662,0.475
17:49:39.119,68.463,-100.652,55.038,True,-99.774,54.689,87.904,200.259,4.410,5.430,-40.855,91.274,-59.797,-36.235,69.919,5.142,6.620,8.383,0.476
17:49:39.139,68.483,-97.120,61.154,True,-97.807,59.266,102.875,193.453,4.664,4.875,-36.997,92.904,-60.123,-31.751,67.992,5.320,6.061,8.065,0.394
17:49:39.159,68.504,-97.120,61.154,True,-96.068,62.675,113.234,179.494,4.289,4.701,-33.074,94.372,-64.046,-33.218,72.148,4.835,5.856,7.594,0.829
17:49:39.180,68.524,-93.589,73.385,True,-93.754,67.920,125.593,180.438,5.061,4.529,-29.093,95.674,-64.495,-22.290,68.238,5.712,5.416,7.871,0.820
17:49:39.200,68.545,-91.823,71.346,True,-91.377,71.486,135.833,168.424,4.824,4.316,-25.061,96.809,-66.762,-25.463,71.452,5.453,5.108,7.471,0.765
17:49:39.232,68.576,-90.057,73.385,True,-88.985,74.513,144.194,154.976,4.357,4.085,-20.985,97.773,-69.072,-24.389,73.251,5.026,4.926,7.037,0.518
17:49:39.252,68.597,-91.823,67.269,True,-87.430,75.209,145.576,128.854,2.483,4.643,-16.873,98.566,-74.950,-31.297,81.222,3.346,5.368,6.326,0.478
17:49:39.272,68.617,-86.525,73.385,True,-84.985,76.763,153.541,115.256,1.648,4.402,-12.730,99.186,-73.795,-25.802,78.176,2.676,5.213,5.860,0.448
17:49:39.292,68.637,-82.994,77.462,True,-82.165,78.695,162.604,107.304,1.520,4.102,-8.566,99.632,-74.428,-22.171,77.660,2.479,4.916,5.506,0.394
17:49:39.316,68.661,-79.462,79.500,True,-79.041,80.530,171.867,100.162,1.139,3.643,-4.386,99.904,-75.076,-20.404,77.799,2.349,4.547,5.118,0.422
17:49:39.337,68.681,-75.930,85.615,True,-75.679,83.249,180.708,100.044,1.790,3.109,-0.199,100.000,-75.732,-14.384,77.086,2.885,4.156,5.059,0.485
17:49:39.358,68.702,-72.399,87.654,True,-72.143,85.808,188.738,97.788,2.030,2.699,3.989,99.920,-76.388,-12.267,77.367,3.288,3.781,5.011,0.699
17:49:39.378,68.723,-68.867,93.769,True,-68.484,89.159,195.744,100.202,3.052,2.350,8.170,99.666,-77.037,-5.896,77.262,4.188,3.444,5.422,0.809
17:49:39.398,68.743,-65.335,91.731,True,-64.747,91.295,201.649,92.464,3.109,2.008,12.336,99.236,-77.672,-7.505,78.034,4.228,3.158,5.277,0.555
17:49:39.421,68.766,-61.804,95.808,True,-60.967,93.763,206.473,87.844,3.432,1.756,16.481,98.633,-78.285,-2.825,78.336,4.571,2.927,5.428,0.730
17:49:39.444,68.789,-61.804,95.808,True,-56.838,95.520,212.488,78.453,3.407,1.292,20.597,97.856,-82.401,-2.048,82.426,4.499,2.542,5.168,0.392
17:49:39.465,68.809,-54.741,103.962,True,-53.195,99.027,213.828,81.606,4.558,1.235,24.677,96.908,-79.417,7.054,79.730,5.622,2.548,6.172,0.979
17:49:39.486,68.830,-51.209,110.077,True,-49.530,103.172,215.205,85.916,6.120,1.262,28.713,95.789,-79.922,14.288,81.189,6.986,2.537,7.432,0.752
17:49:39.506,68.850,-45.911,101.923,True,-45.401,104.131,219.315,66.791,5.535,0.831,32.699,94.503,-78.610,7.420,78.960,6.237,2.246,6.629,0.812
17:49:39.527,68.871,-33.551,110.077,True,-39.165,106.609,235.584,61.175,5.716,-0.857,36.628,93.051,-70.178,17.026,72.214,6.694,0.735,6.734,0.810
17:49:39.555,68.899,-44.146,110.077,True,-36.800,108.376,222.220,50.865,5.931,0.494,40.492,91.435,-84.638,18.642,86.666,6.740,1.895,7.001,0.425
17:49:39.575,68.920,-37.082,114.154,True,-33.482,110.528,218.923,44.259,6.216,0.964,44.286,89.659,-81.368,24.495,84.975,7.133,2.202,7.466,0.736
17:49:39.596,68.941,-37.082,106.000,True,-30.984,110.137,211.352,21.397,4.908,1.922,48.001,87.726,-85.084,18.274,87.024,6.001,2.936,6.680,0.712
17:49:39.617,68.962,-33.551,118.231,True,-28.347,112.359,207.085,20.687,6.175,2.188,51.633,85.639,-85.183,32.592,91.205,6.848,3.413,7.651,0.766
17:49:39.644,68.988,-30.019,116.192,True,-25.560,113.570,205.270,11.807,6.276,2.187,55.174,83.402,-85.193,32.790,91.285,6.998,3.684,7.909,0.892
17:49:39.668,69.012,-26.487,114.154,True,-22.625,113.887,205.183,-2.043,6.004,2.813,58.618,81.018,-85.105,33.136,91.328,6.678,3.795,7.681,0.579
17:49:39.689,69.033,-19.424,120.269,True,-18.731,115.339,211.604,-5.971,6.417,2.371,61.959,78.493,-81.383,41.777,91.480,7.252,3.273,7.957,0.795
17:49:39.709,69.053,-15.892,122.308,True,-14.823,116.866,216.200,-10.045,6.920,1.876,65.192,75.829,-81.084,46.479,93.461,7.862,2.841,8.359,0.795
17:49:39.729,69.074,-8.829,116.192,True,-10.111,116.555,224.591,-26.921,6.384,1.006,68.310,73.033,-77.139,43.160,88.392,7.305,1.978,7.568,0.778
17:49:39.750,69.094,-5.297,122.308,True,-5.544,117.479,229.147,-32.300,6.893,0.324,71.308,70.108,-76.606,52.200,92.700,7.760,1.364,7.879,0.827
17:49:39.775,69.119,-1.766,122.308,True,-1.148,118.106,230.716,-39.861,7.403,-0.050,74.181,67.060,-75.947,55.247,93.916,8.041,0.949,8.097,0.632
17:49:39.795,69.140,0.000,116.192,True,2.660,117.049,227.358,-58.091,6.703,0.155,76.925,63.895,-76.925,52.297,93.018,7.320,0.941,7.380,0.826
17:49:39.815,69.160,5.297,120.269,True,6.763,116.906,226.368,-66.421,7.321,-0.078,79.533,60.618,-74.235,59.651,95.232,7.440,0.695,7.472,0.597
17:49:39.836,69.180,8.829,118.231,True,10.718,116.195,224.027,-77.646,7.526,-0.240,82.001,57.234,-73.172,60.996,95.262,7.280,0.535,7.300,0.812
17:49:39.856,69.201,12.361,112.115,True,14.538,114.054,220.785,-96.471,6.779,-0.017,84.326,53.750,-71.965,58.365,92.658,6.363,0.431,6.378,0.810
17:49:39.884,69.228,15.892,112.115,True,18.242,112.123,216.988,-109.559,6.138,0.145,86.503,50.172,-70.611,61.944,93.930,5.873,0.356,5.884,0.458
17:49:39.905,69.250,22.956,108.038,True,22.669,109.491,218.292,-124.520,5.581,-0.283,88.528,46.505,-65.572,61.533,89.923,5.137,-0.224,5.142,0.832
17:49:39.925,69.270,28.253,108.038,True,27.318,107.242,219.695,-133.488,5.245,-0.851,90.398,42.758,-62.145,65.281,90.131,4.878,-0.889,4.958,0.807
17:49:39.946,69.290,30.019,106.000,True,31.318,104.904,215.282,-141.329,5.193,-1.264,92.109,38.935,-62.090,67.065,91.395,4.687,-1.082,4.811,0.748
17:49:39.971,69.316,33.551,108.038,True,35.142,103.463,209.890,-141.852,5.631,-1.490,93.659,35.043,-60.108,72.995,94.558,5.162,-1.211,5.302,0.852
17:49:39.994,69.339,38.848,93.769,True,39.226,99.033,206.651,-162.932,4.149,-1.781,95.044,31.090,-56.196,62.679,84.182,3.724,-1.564,4.039,0.507
17:49:40.015,69.359,40.614,93.769,True,42.721,95.308,199.245,-173.644,3.187,-1.582,96.263,27.083,-55.649,66.686,86.855,3.102,-1.565,3.474,0.736
17:49:40.035,69.380,44.146,95.808,True,46.111,92.758,192.119,-173.950,3.549,-1.591,97.312,23.028,-53.167,72.779,90.131,3.394,-1.597,3.751,0.485
17:49:40.056,69.400,47.677,89.692,True,49.424,89.375,185.361,-180.293,3.421,-2.002,98.191,18.933,-50.514,70.759,86.940,3.139,-1.672,3.557,0.796
17:49:40.076,69.420,54.741,83.577,True,53.505,85.260,184.382,-190.090,2.681,-2.663,98.898,14.805,-44.158,68.772,81.728,2.519,-2.309,3.417,0.817
17:49:40.103,69.447,56.506,79.500,True,57.033,81.003,178.588,-198.257,2.221,-3.250,99.431,10.650,-42.925,68.850,81.135,1.979,-2.562,3.237,0.430
17:49:40.123,69.468,61.804,75.423,True,60.884,76.663,175.156,-204.790,1.670,-3.501,99.790,6.477,-37.986,68.946,78.718,1.530,-3.067,3.427,0.400
17:49:40.144,69.489,65.335,69.308,True,64.607,71.810,170.304,-212.911,0.815,-3.751,99.974,2.293,-34.638,67.015,75.437,0.876,-3.492,3.600,0.787
17:49:40.164,69.509,68.867,69.308,True,68.212,67.960,164.434,-212.028,1.041,-4.092,99.982,-1.896,-31.115,71.203,77.705,1.002,-3.864,3.991,0.503
17:49:40.185,69.530,72.399,69.308,True,71.709,65.017,157.867,-205.551,1.853,-4.685,99.815,-6.081,-27.416,75.389,80.219,1.670,-4.206,4.525,0.470
17:49:40.209,69.553,72.399,65.231,True,74.293,61.911,145.458,-202.379,1.970,-4.680,99.473,-10.255,-27.074,75.486,80.194,2.093,-4.024,4.535,0.684
17:49:40.229,69.574,75.930,61.154,True,76.907,58.628,135.249,-201.655,2.220,-4.709,98.956,-14.412,-23.026,75.566,78.996,2.320,-4.023,4.644,1.011
17:49:40.249,69.594,79.462,55.038,True,79.577,54.698,126.754,-205.744,1.835,-4.856,98.266,-18.543,-18.804,73.582,75.946,2.102,-4.180,4.679,1.038
17:49:40.270,69.614,82.994,50.962,True,82.317,50.671,119.512,-209.485,1.501,-5.178,97.403,-22.642,-14.409,73.603,75.000,1.879,-4.466,4.845,0.892
17:49:40.290,69.635,82.994,44.846,True,84.309,46.101,107.719,-215.843,0.946,-5.231,96.369,-26.701,-13.376,71.547,72.786,1.370,-4.344,4.555,0.775
17:49:40.321,69.665,86.525,40.769,True,86.478,41.549,98.889,-220.208,0.646,-5.387,95.167,-30.713,-8.642,71.482,72.002,0.980,-4.481,4.587,0.806
17:49:40.341,69.685,90.057,30.577,True,88.828,35.619,92.127,-232.252,-0.600,-5.583,93.797,-34.671,-3.740,65.248,65.355,-0.193,-4.822,4.826,0.768
17:49:40.362,69.706,90.057,24.462,True,90.528,29.461,81.283,-241.801,-1.722,-5.451,92.263,-38.568,-2.206,63.030,63.069,-1.268,-4.803,4.968,0.754
17:49:40.382,69.727,93.589,22.423,True,92.487,24.113,73.606,-242.558,-2.257,-5.841,90.567,-42.398,3.022,64.821,64.892,-1.630,-5.073,5.328,0.791
17:49:40.405,69.750,93.589,14.269,True,93.873,18.102,62.618,-246.834,-3.243,-5.352,88.712,-46.154,4.876,60.423,60.619,-2.369,-5.046,5.574,0.390
17:49:40.431,69.775,97.120,12.231,True,95.589,12.948,55.297,-243.394,-3.086,-5.553,86.702,-49.828,10.419,62.059,62.927,-2.457,-5.353,5.890,0.483
17:49:40.451,69.796,97.120,12.231,True,96.794,9.045,44.949,-232.008,-2.174,-5.553,84.539,-53.415,12.581,65.646,66.840,-1.799,-5.393,5.685,0.609
17:49:40.471,69.816,97.120,10.192,True,97.560,5.749,32.994,-219.473,-1.404,-5.431,82.228,-56.908,14.892,67.101,68.733,-0.962,-5.271,5.358,0.399
17:49:40.492,69.837,97.120,6.115,True,97.964,2.465,20.485,-210.233,-0.853,-4.925,79.773,-60.302,17.347,66.417,68.645,-0.353,-5.069,5.081,0.805
17:49:40.519,69.863,97.120,0.000,True,98.083,-1.336,8.156,-206.851,-0.693,-4.813,77.178,-63.589,19.943,63.589,66.643,-0.244,-4.848,4.854,0.427
17:49:40.543,69.887,97.120,-2.038,True,97.984,-4.675,-3.523,-201.105,-0.334,-4.865,74.447,-66.765,22.673,64.727,68.583,0.087,-4.651,4.652,0.498
17:49:40.563,69.908,97.120,-10.192,True,97.729,-9.044,-14.291,-203.567,-0.875,-4.816,71.586,-69.824,25.534,59.632,64.869,-0.341,-4.507,4.520,0.586
17:49:40.584,69.928,97.120,-18.346,True,97.368,-14.331,-24.046,-210.855,-1.851,-4.893,68.599,-72.761,28.521,54.415,61.436,-1.290,-4.431,4.616,0.517
17:49:40.604,69.949,97.120,-24.462,True,96.942,-19.922,-32.795,-217.235,-2.878,-4.917,65.492,-75.570,31.628,51.108,60.103,-2.272,-4.431,4.979,0.789
17:49:40.624,69.969,93.589,-26.500,True,95.659,-24.785,-46.018,-215.978,-3.462,-4.263,62.270,-78.246,31.318,51.746,60.485,-2.645,-3.993,4.789,0.627
17:49:40.649,69.993,93.589,-28.538,True,94.472,-28.973,-55.978,-209.678,-3.531,-3.789,58.939,-80.785,34.650,52.246,62.692,-2.586,-3.804,4.600,0.446
17:49:40.670,70.014,93.589,-32.615,True,93.407,-33.039,-63.432,-203.522,-3.588,-3.943,55.504,-83.182,38.084,50.567,63.304,-2.541,-3.822,4.589,0.749
17:49:40.690,70.034,93.589,-38.731,True,92.475,-37.486,-69.069,-200.778,-3.939,-4.236,51.972,-85.433,41.616,46.703,62.554,-2.821,-4.002,4.897,0.775
17:49:40.710,70.055,90.057,-40.769,True,90.853,-41.331,-78.876,-193.862,-3.773,-4.053,48.349,-87.535,41.708,46.766,62.662,-2.743,-3.794,4.682,0.884
17:49:40.731,70.075,90.057,-38.731,True,89.457,-43.704,-85.477,-178.333,-2.736,-4.046,44.641,-89.483,45.416,50.752,68.105,-1.845,-3.853,4.272,0.738
17:49:40.752,70.096,86.525,-46.885,True,87.464,-47.181,-95.260,-173.953,-2.795,-3.678,40.855,-91.274,45.670,44.389,63.688,-1.916,-3.603,4.081,0.441
17:49:40.773,70.117,86.525,-50.962,True,85.783,-50.730,-101.187,-170.478,-2.924,-3.655,36.997,-92.904,49.528,41.943,64.902,-2.093,-3.678,4.231,0.799
17:49:40.793,70.138,82.994,-46.885,True,83.581,-52.454,-109.912,-155.099,-1.904,-3.514,33.074,-94.372,49.920,47.488,68.899,-1.169,-3.480,3.671,0.775
17:49:40.813,70.157,82.994,-50.962,True,81.757,-54.489,-114.603,-145.681,-1.461,-3.707,29.093,-95.674,53.900,44.713,70.032,-0.722,-3.629,3.700,0.563
17:49:40.833,70.178,79.462,-53.000,True,79.465,-56.379,-122.064,-137.474,-1.115,-3.194,25.061,-96.809,54.401,43.809,69.847,-0.358,-3.515,3.533,0.581
17:49:40.861,70.206,75.930,-57.077,True,76.769,-58.652,-130.955,-133.605,-1.282,-2.881,20.985,-97.773,54.945,40.696,68.375,-0.383,-3.236,3.259,0.446
17:49:40.882,70.226,72.399,-61.154,True,73.743,-61.285,-140.280,-132.558,-1.823,-2.312,16.873,-98.566,55.526,37.412,66.954,-0.698,-2.869,2.953,0.753
17:49:40.902,70.247,68.867,-63.192,True,70.457,-63.763,-149.337,-129.989,-1.926,-1.882,12.730,-99.186,56.137,35.994,66.685,-0.919,-2.471,2.637,0.448
17:49:40.923,70.268,63.570,-65.231,True,66.564,-66.100,-160.371,-126.371,-2.043,-1.343,8.566,-99.632,55.004,34.402,64.876,-1.081,-1.827,2.123,0.691
17:49:40.944,70.289,61.804,-69.308,True,62.996,-68.785,-166.495,-125.189,-2.777,-1.166,4.386,-99.904,57.418,30.596,65.061,-1.506,-1.564,2.172,0.809
17:49:40.972,70.317,58.272,-71.346,True,59.342,-71.302,-171.838,-122.182,-2.793,-0.891,0.199,-100.000,58.074,28.654,64.758,-1.817,-1.336,2.255,0.746
17:49:40.992,70.336,58.272,-69.308,True,56.455,-72.715,-170.967,-111.672,-2.362,-1.170,-3.989,-99.920,62.261,30.613,69.380,-1.458,-1.660,2.210,0.485
17:49:41.013,70.357,54.741,-81.538,True,53.432,-76.479,-171.776,-118.740,-3.786,-1.263,-8.170,-99.666,62.910,18.127,65.470,-2.739,-1.849,3.305,0.568
17:49:41.033,70.378,49.443,-75.423,True,49.868,-78.057,-176.419,-107.872,-3.665,-1.001,-12.336,-99.236,61.779,23.813,66.210,-2.465,-1.679,2.982,0.727
17:49:41.055,70.399,47.677,-81.538,True,46.650,-80.522,-177.825,-104.830,-4.274,-1.263,-16.481,-98.633,64.158,17.094,66.396,-2.907,-1.781,3.410,0.781
17:49:41.082,70.426,44.146,-81.538,True,43.338,-82.368,-179.878,-97.207,-3.990,-1.670,-20.597,-97.856,64.742,16.317,66.767,-2.966,-1.817,3.479,0.451
17:49:41.102,70.446,37.082,-85.615,True,39.123,-84.615,-187.672,-93.103,-4.279,-1.388,-24.677,-96.908,61.759,11.292,62.783,-3.367,-1.294,3.608,0.409
17:49:41.123,70.467,33.551,-79.500,True,34.947,-84.856,-193.109,-75.530,-3.357,-0.930,-28.713,-95.789,62.264,16.289,64.359,-2.533,-0.920,2.695,0.762
17:49:41.143,70.488,30.019,-81.538,True,30.837,-85.245,-196.627,-62.953,-2.493,-0.576,-32.699,-94.503,62.718,12.964,64.044,-2.081,-0.671,2.186,0.775
17:49:41.164,70.508,30.019,-87.654,True,27.628,-86.771,-193.250,-60.434,-2.767,-1.149,-36.628,-93.051,66.647,5.397,66.865,-2.538,-1.035,2.741,0.351
17:49:41.188,70.532,22.956,-77.462,True,23.576,-85.536,-196.608,-39.157,-1.217,-0.819,-40.492,-91.435,63.448,13.974,64.968,-1.265,-0.782,1.488,0.674
17:49:41.208,70.553,19.424,-77.462,True,19.592,-84.261,-198.551,-23.030,-0.414,-0.747,-44.286,-89.659,63.710,12.198,64.867,-0.345,-0.620,0.709,0.821
17:49:41.229,70.573,19.424,-83.577,True,16.505,-84.456,-194.017,-20.573,-0.652,-1.239,-48.001,-87.726,67.425,4.149,67.553,-0.629,-1.038,1.214,0.750
17:49:41.249,70.593,15.892,-83.577,True,13.384,-84.568,-191.158,-17.309,-0.926,-1.384,-51.633,-85.639,67.525,2.062,67.557,-0.877,-1.325,1.589,0.782
17:49:41.269,70.613,12.361,-77.462,True,10.211,-83.182,-189.604,-4.126,-0.442,-1.737,-55.174,-83.402,67.534,5.940,67.795,-0.217,-1.500,1.516,0.596
17:49:41.295,70.640,8.829,-75.423,True,6.979,-81.443,-189.005,8.295,0.093,-1.770,-58.618,-81.018,67.447,5.595,67.679,0.439,-1.582,1.642,0.421
17:49:41.316,70.660,5.297,-85.615,True,3.686,-82.285,-189.051,0.768,-1.116,-1.735,-61.959,-78.493,67.257,-7.123,67.633,-0.737,-1.589,1.752,0.561
17:49:41.336,70.680,1.766,-89.692,True,0.338,-83.994,-189.474,-9.053,-2.742,-1.419,-65.192,-75.829,66.957,-13.863,68.378,-2.266,-1.538,2.739,0.716
17:49:41.356,70.701,-1.766,-83.577,True,-3.060,-84.036,-190.060,-3.484,-3.096,-1.448,-68.310,-73.033,66.544,-10.544,67.374,-2.500,-1.443,2.887,0.420
17:49:41.377,70.721,-5.297,-83.577,True,-6.498,-83.983,-190.636,2.461,-3.407,-1.737,-71.308,-70.108,66.011,-13.469,67.371,-2.717,-1.315,3.019,0.793
17:49:41.406,70.750,-8.829,-85.615,True,-9.967,-84.324,-191.076,5.477,-4.019,-1.299,-74.181,-67.060,65.352,-18.555,67.935,-3.228,-1.164,3.431,0.718
17:49:41.426,70.770,-15.892,-79.500,True,-14.277,-83.120,-196.682,19.309,-3.756,-0.298,-76.925,-63.895,61.032,-15.605,62.996,-2.755,-0.483,2.797,0.726
17:49:41.446,70.790,-22.956,-77.462,True,-19.313,-81.509,-204.922,33.021,-2.861,0.860,-79.533,-60.618,56.577,-16.844,59.031,-2.230,0.543,2.295,0.444
17:49:41.467,70.812,-22.956,-77.462,True,-23.306,-80.061,-203.111,42.774,-2.394,1.017,-82.001,-57.234,59.046,-20.227,62.414,-2.011,0.743,2.144,0.821
17:49:41.488,70.832,-26.487,-75.423,True,-27.163,-78.327,-200.239,52.683,-1.801,1.097,-84.326,-53.750,57.839,-21.673,61.766,-1.744,0.878,1.953,0.757
17:49:41.512,70.857,-30.019,-71.346,True,-30.901,-75.896,-196.679,65.319,-1.195,1.113,-86.503,-50.172,56.484,-21.174,60.323,-1.179,0.976,1.531,0.503
17:49:41.533,70.878,-33.551,-73.385,True,-34.536,-74.310,-192.714,69.583,-1.358,1.300,-88.528,-46.505,54.978,-26.879,61.197,-1.339,1.057,1.706,0.743
17:49:41.553,70.898,-38.848,-75.423,True,-38.497,-73.500,-191.240,68.509,-1.994,1.676,-90.398,-42.758,51.550,-32.666,61.028,-2.016,1.397,2.453,0.499
17:49:41.574,70.918,-40.614,-67.269,True,-41.925,-71.001,-185.762,80.075,-1.677,1.730,-92.109,-38.935,51.495,-28.335,58.776,-1.556,1.404,2.096,0.806
17:49:41.594,70.939,-44.146,-67.269,True,-45.293,-68.904,-180.594,86.524,-1.653,1.720,-93.659,-35.043,49.513,-32.226,59.077,-1.518,1.453,2.101,0.735
17:49:41.626,70.971,-47.677,-65.231,True,-48.620,-66.722,-175.735,92.610,-1.606,1.873,-95.044,-31.090,47.367,-34.140,58.388,-1.498,1.546,2.153,0.502
17:49:41.647,70.991,-52.975,-65.231,True,-52.330,-64.954,-173.841,95.137,-1.860,2.221,-96.263,-27.083,43.288,-38.148,57.698,-1.801,1.942,2.649,0.676
17:49:41.668,71.012,-56.506,-65.231,True,-55.969,-63.558,-170.920,95.510,-2.390,2.548,-97.312,-23.028,40.806,-42.202,58.704,-2.328,2.293,3.268,0.796
17:49:41.688,71.032,-61.804,-71.346,True,-59.949,-63.901,-169.899,85.482,-3.876,3.051,-98.191,-18.933,36.388,-52.413,63.806,-3.884,2.870,4.830,0.781
17:49:41.713,71.058,-65.335,-61.154,True,-63.809,-61.950,-167.039,95.047,-3.570,3.508,-98.898,-14.805,33.563,-46.349,57.225,-3.728,3.342,5.006,0.439
17:49:41.735,71.080,-65.335,-67.269,True,-66.728,-61.727,-157.403,91.680,-4.592,2.995,-99.431,-10.650,34.096,-56.619,66.093,-4.756,3.224,5.746,0.771
17:49:41.756,71.100,-68.867,-57.077,True,-69.642,-59.239,-149.238,105.752,-4.143,2.903,-99.790,-6.477,30.923,-50.600,59.301,-4.211,3.234,5.310,0.394
17:49:41.776,71.121,-72.399,-55.038,True,-72.574,-56.639,-142.245,117.589,-3.444,2.864,-99.974,-2.293,27.575,-52.746,59.519,-3.788,3.359,5.063,0.774
17:49:41.797,71.141,-75.930,-53.000,True,-75.537,-53.988,-136.124,127.338,-3.319,3.484,-99.982,1.896,24.052,-54.896,59.933,-3.487,3.583,5.000,0.828
17:49:41.819,71.163,-79.462,-48.923,True,-78.539,-50.856,-130.598,138.348,-3.063,4.002,-99.815,6.081,20.353,-55.004,58.649,-3.006,3.888,4.915,0.622
17:49:41.842,71.187,-79.462,-46.885,True,-80.759,-47.810,-120.030,146.364,-2.861,3.957,-99.473,10.255,20.011,-57.140,60.543,-2.730,3.748,4.637,0.484
17:49:41.863,71.207,-82.994,-48.923,True,-83.121,-45.821,-112.077,145.803,-3.436,3.975,-98.956,14.412,15.962,-63.335,65.315,-3.215,3.839,5.007,0.762
17:49:41.883,71.228,-86.525,-42.808,True,-85.633,-42.882,-105.966,152.557,-3.259,4.097,-98.266,18.543,11.740,-61.351,62.464,-3.033,4.114,5.111,0.620
17:49:41.904,71.248,-88.291,-32.615,True,-87.877,-38.155,-98.337,169.808,-1.851,4.198,-97.403,22.642,9.112,-55.257,56.003,-1.807,4.273,4.639,0.805
17:49:41.926,71.271,-90.057,-32.615,True,-89.893,-34.261,-89.884,176.794,-1.474,4.371,-96.369,26.701,6.313,-59.316,59.651,-1.397,4.368,4.586,0.673
17:49:41.950,71.295,-90.057,-30.577,True,-91.311,-30.691,-78.414,179.891,-1.499,3.973,-95.167,30.713,5.110,-61.290,61.502,-1.292,4.182,4.377,0.464
17:49:41.971,71.315,-93.589,-24.462,True,-93.044,-26.481,-70.905,186.564,-1.108,4.205,-93.797,34.671,0.209,-59.133,59.133,-0.816,4.348,4.424,0.806
17:49:41.991,71.336,-97.120,-22.423,True,-95.080,-22.674,-66.031,188.741,-0.973,4.704,-92.263,38.568,-4.857,-60.992,61.185,-0.697,4.777,4.828,0.777
17:49:42.012,71.356,-102.418,-20.385,True,-97.799,-19.244,-65.404,187.904,-1.096,5.634,-90.567,42.398,-11.851,-62.783,63.891,-0.833,5.652,5.713,0.840
17:49:42.032,71.376,-102.418,-20.385,True,-99.876,-16.624,-58.848,182.135,-1.640,5.936,-88.712,46.154,-13.706,-66.538,67.935,-1.434,6.050,6.218,0.547
17:49:42.058,71.403,-100.652,-10.192,True,-100.960,-12.334,-45.806,189.342,-0.975,5.686,-86.702,49.828,-13.950,-60.020,61.620,-0.849,5.863,5.924,0.647
17:49:42.078,71.423,-100.652,-2.038,True,-101.591,-7.035,-31.891,201.025,0.373,5.472,-84.539,53.415,-16.113,-55.453,57.747,0.248,5.558,5.563,0.549
17:49:42.099,71.443,-102.418,2.038,True,-102.273,-1.840,-20.761,208.233,1.050,5.776,-82.228,56.908,-20.190,-54.870,58.466,1.058,5.470,5.572,0.390
17:49:42.119,71.463,-100.652,0.000,True,-102.215,1.784,-6.411,202.510,0.376,5.082,-79.773,60.302,-20.879,-60.302,63.814,0.742,5.056,5.110,0.453
17:49:42.140,71.484,-102.418,8.154,True,-102.361,6.373,3.862,204.527,0.759,5.009,-77.178,63.589,-25.240,-55.435,60.911,1.140,4.971,5.100,0.822
17:49:42.168,71.513,-100.652,12.231,True,-101.904,10.874,16.567,204.883,1.083,4.758,-74.447,66.765,-26.205,-54.535,60.504,1.437,4.635,4.852,0.733
17:49:42.189,71.534,-100.652,22.423,True,-101.359,16.703,27.496,213.310,2.309,4.670,-71.586,69.824,-29.066,-47.401,55.603,2.546,4.420,5.101,0.787
17:49:42.209,71.554,-100.652,22.423,True,-100.773,21.307,36.818,210.300,2.466,4.720,-68.599,72.761,-32.053,-50.338,59.676,2.700,4.325,5.099,0.451
17:49:42.230,71.575,-100.652,32.615,True,-100.179,27.163,44.765,215.599,3.514,4.799,-65.492,75.570,-35.160,-42.954,55.509,3.668,4.341,5.683,0.903
17:49:42.252,71.596,-100.652,34.654,True,-99.602,32.214,51.595,212.917,3.709,5.105,-62.270,78.246,-38.382,-43.592,58.081,3.989,4.455,5.980,0.812
17:49:42.277,71.622,-97.120,40.769,True,-98.233,37.470,62.962,211.284,3.888,4.938,-58.939,80.785,-38.181,-40.016,55.309,4.448,4.140,6.077,0.429
17:49:42.298,71.643,-95.354,48.923,True,-96.598,43.375,73.941,213.181,4.678,4.600,-55.504,83.182,-39.850,-34.259,52.552,5.295,3.815,6.526,0.766
17:49:42.318,71.663,-93.589,50.962,True,-94.763,48.411,84.116,207.376,5.101,4.242,-51.972,85.433,-41.616,-34.472,54.039,5.503,3.520,6.533,0.530
17:49:42.339,71.684,-91.823,55.038,True,-92.789,53.134,93.270,199.857,5.060,3.871,-48.349,87.535,-43.474,-32.496,54.277,5.569,3.280,6.463,0.836
17:49:42.367,71.711,-90.057,57.077,True,-90.722,57.119,101.333,188.332,4.558,3.581,-44.641,89.483,-45.416,-32.406,55.792,5.259,3.108,6.109,0.818
17:49:42.388,71.733,-90.057,57.077,True,-88.695,60.885,107.719,177.528,4.153,3.811,-40.855,91.274,-49.202,-34.197,59.919,4.982,3.067,5.850,0.448
17:49:42.408,71.753,-84.759,53.000,True,-86.039,61.212,117.234,146.662,2.083,3.303,-36.997,92.904,-47.762,-39.904,62.238,2.751,2.712,3.863,0.407
17:49:42.429,71.774,-82.994,59.115,True,-83.507,62.803,123.985,132.540,1.251,3.103,-33.074,94.372,-49.920,-35.257,61.115,1.880,2.571,3.185,0.678
17:49:42.450,71.794,-82.994,63.192,True,-81.530,64.875,126.106,125.042,0.407,3.440,-29.093,95.674,-53.900,-32.482,62.931,1.563,2.851,3.252,0.822
17:49:42.475,71.819,-79.462,61.154,True,-79.121,65.834,131.255,112.116,-0.564,3.107,-25.061,96.809,-54.401,-35.655,65.044,0.706,2.860,2.946,0.404
17:49:42.496,71.841,-75.930,63.192,True,-76.359,66.894,138.000,103.171,-1.290,3.471,-20.985,97.773,-54.945,-34.581,64.921,0.157,2.704,2.709,0.516
17:49:42.517,71.861,-72.399,61.154,True,-73.313,67.098,145.381,90.978,-2.101,3.065,-16.873,98.566,-55.526,-37.412,66.954,-0.739,2.456,2.565,0.586
17:49:42.537,71.881,-68.867,67.269,True,-70.043,68.529,152.759,89.998,-2.007,2.593,-12.730,99.186,-56.137,-31.917,64.576,-0.634,2.168,2.259,0.405
17:49:42.557,71.902,-63.570,73.385,True,-66.188,71.044,162.395,95.931,-1.182,2.166,-8.566,99.632,-55.004,-26.248,60.946,0.172,1.620,1.629,0.495
17:49:42.578,71.923,-63.570,73.385,True,-62.940,72.963,165.724,95.578,-0.647,2.318,-4.386,99.904,-59.184,-26.519,64.853,0.491,1.602,1.675,0.602
17:49:42.603,71.948,-61.804,75.423,True,-60.241,75.029,165.101,95.556,-0.061,2.653,-0.199,100.000,-61.605,-24.577,66.327,0.897,1.950,2.146,0.435
17:49:42.623,71.968,-58.272,79.500,True,-57.295,77.624,166.866,98.012,0.748,2.820,3.989,99.920,-62.261,-20.420,65.525,1.607,2.095,2.640,0.402
17:49:42.643,71.988,-54.741,75.423,True,-54.158,78.520,169.911,88.025,0.494,2.728,8.170,99.666,-62.910,-24.243,67.420,1.211,2.118,2.439,0.407
17:49:42.663,72.008,-49.443,97.846,True,-50.433,84.633,176.319,112.981,3.365,2.244,12.336,99.236,-61.779,-1.390,61.795,4.151,1.802,4.526,0.441
17:49:42.684,72.029,-45.911,93.769,True,-46.666,88.558,181.551,115.023,4.622,2.150,16.481,98.633,-62.392,-4.863,62.582,5.219,1.548,5.444,0.809
17:49:42.709,72.054,-30.019,93.769,True,-39.932,91.553,204.576,108.737,5.162,-0.054,20.597,97.856,-50.616,-4.087,50.781,5.601,-0.457,5.619,0.418
17:49:42.730,72.074,-40.614,91.731,True,-36.966,93.256,196.383,94.195,4.679,0.782,24.677,96.908,-65.291,-5.177,65.495,5.227,0.294,5.235,0.697
17:49:42.750,72.095,-37.082,99.885,True,-33.986,96.252,190.843,90.666,4.959,1.395,28.713,95.789,-65.795,4.095,65.923,5.854,0.865,5.918,0.853
17:49:42.771,72.115,-33.551,99.885,True,-30.958,98.490,187.475,81.406,4.694,1.963,32.699,94.503,-66.250,5.382,66.468,5.996,1.277,6.131,0.818
17:49:42.791,72.135,-30.019,97.846,True,-27.863,99.589,185.815,65.624,4.153,1.707,36.628,93.051,-66.647,4.796,66.819,5.522,1.555,5.737,0.762
17:49:42.818,72.162,-30.019,106.000,True,-25.512,102.087,180.043,62.064,4.947,2.183,40.492,91.435,-70.511,14.565,72.000,6.148,2.236,6.542,0.739
17:49:42.838,72.182,-19.424,114.154,True,-21.333,105.846,188.440,65.987,6.269,1.764,44.286,89.659,-63.710,24.495,68.256,7.544,1.622,7.716,0.587
17:49:42.858,72.203,-15.892,112.115,True,-17.176,108.316,194.333,58.066,6.733,1.341,48.001,87.726,-63.894,24.389,68.390,7.953,1.157,8.036,0.783
17:49:42.879,72.223,-15.892,118.231,True,-13.894,111.513,192.721,55.134,8.356,1.308,51.633,85.639,-67.525,32.592,74.979,8.861,1.331,8.960,0.685
17:49:42.899,72.244,-10.595,120.269,True,-10.169,114.396,194.607,48.653,8.924,1.103,55.174,83.402,-65.769,36.867,75.397,9.510,1.174,9.582,0.683
17:49:42.926,72.271,-5.297,124.346,True,-6.049,117.458,198.518,42.866,10.130,0.678,58.618,81.018,-63.915,43.328,77.217,10.270,0.785,10.300,0.640
17:49:42.947,72.292,-1.766,124.346,True,-2.006,119.718,200.610,31.002,10.031,0.475,61.959,78.493,-63.725,45.854,78.507,10.508,0.507,10.520,1.142
17:49:42.967,72.312,1.766,124.346,True,1.950,121.270,201.284,15.548,9.925,0.097,65.192,75.829,-63.426,48.517,79.854,10.399,0.314,10.404,0.712
17:49:42.988,72.332,5.297,128.423,True,5.818,123.173,200.891,4.651,10.377,0.306,68.310,73.033,-63.012,55.390,83.897,10.681,0.184,10.682,0.741
17:49:43.008,72.353,12.361,130.462,True,10.423,124.939,205.130,-6.287,10.802,-0.165,71.308,70.108,-58.947,60.353,84.364,10.957,-0.418,10.965,1.092
17:49:43.040,72.385,14.127,130.462,True,14.433,126.127,203.661,-20.165,10.834,-0.396,74.181,67.060,-60.055,63.401,87.329,10.953,-0.560,10.968,0.795
17:49:43.060,72.405,19.424,128.423,True,18.720,126.351,203.913,-38.543,10.160,-0.798,76.925,63.895,-57.501,64.528,86.430,10.488,-0.896,10.526,0.710
17:49:43.081,72.425,26.487,128.423,True,23.655,126.241,207.710,-55.748,9.405,-1.688,79.533,60.618,-53.045,67.805,86.089,10.051,-1.619,10.181,0.817
17:49:43.101,72.446,24.722,126.385,True,27.092,125.419,199.665,-74.476,8.757,-1.059,82.001,57.234,-57.280,69.150,89.793,9.392,-1.309,9.483,0.853
17:49:43.124,72.469,31.785,114.154,True,31.248,121.657,198.045,-108.706,6.542,-1.376,84.326,53.750,-52.541,60.404,80.057,7.161,-1.585,7.334,0.674
17:49:43.146,72.491,31.785,114.154,True,35.209,119.483,194.788,-123.418,6.121,-1.577,86.503,50.172,-54.718,63.982,84.189,6.517,-1.748,6.747,0.522
17:49:43.166,72.511,37.082,122.308,True,38.534,118.507,187.549,-127.259,6.261,-1.487,88.528,46.505,-51.446,75.802,91.611,6.830,-1.557,7.006,0.433
17:49:43.187,72.531,40.614,114.154,True,41.839,115.480,181.534,-144.339,5.694,-1.174,90.398,42.758,-49.784,71.396,87.040,5.895,-1.473,6.076,0.594
17:49:43.207,72.552,44.146,106.000,True,45.131,110.906,176.380,-167.051,4.130,-1.059,92.109,38.935,-47.964,67.065,82.452,4.297,-1.473,4.542,0.759
17:49:43.233,72.577,47.677,101.923,True,48.415,106.167,171.822,-184.688,2.790,-1.293,93.659,35.043,-45.982,66.880,81.162,3.001,-1.542,3.374,0.671
17:49:43.255,72.600,47.677,97.846,True,50.841,101.353,162.246,-197.955,1.717,-0.972,95.044,31.090,-47.367,66.756,81.853,1.980,-1.150,2.289,0.757
17:49:43.276,72.620,54.741,91.731,True,54.242,96.045,160.880,-210.637,0.649,-1.122,96.263,27.083,-41.522,64.648,76.834,0.905,-1.515,1.765,0.797
17:49:43.296,72.640,56.506,89.692,True,57.235,91.328,156.323,-215.739,0.214,-1.087,97.312,23.028,-40.806,66.664,78.161,0.444,-1.628,1.687,0.586
17:49:43.317,72.661,58.272,87.654,True,59.872,87.163,149.811,-215.679,0.099,-1.032,98.191,18.933,-39.919,68.721,79.474,0.433,-1.579,1.637,0.781
17:49:43.341,72.686,61.804,83.577,True,62.620,83.019,144.951,-215.464,-0.314,-1.148,98.898,14.805,-37.094,68.772,78.138,0.443,-1.693,1.750,0.775
17:49:43.364,72.708,67.101,81.538,True,65.887,79.368,143.880,-212.072,0.081,-1.775,99.431,10.650,-32.330,70.888,77.913,0.763,-2.191,2.320,0.495
17:49:43.384,72.728,67.101,87.654,True,68.378,78.037,136.842,-194.540,1.693,-1.867,99.790,6.477,-32.689,81.177,87.511,2.465,-2.185,3.295,0.702
17:49:43.404,72.749,72.399,71.346,True,71.413,73.496,134.312,-203.882,1.022,-2.363,99.974,2.293,-27.575,69.053,74.356,1.798,-2.615,3.174,0.411
17:49:43.425,72.769,75.930,61.154,True,74.525,67.498,131.739,-220.216,-0.598,-2.890,99.982,-1.896,-24.052,63.050,67.481,0.386,-3.095,3.119,0.764
17:49:43.445,72.790,79.462,61.154,True,77.695,62.643,128.904,-223.978,-1.029,-3.524,99.815,-6.081,-20.353,67.235,70.248,0.008,-3.606,3.606,0.699
17:49:43.472,72.816,82.994,57.077,True,80.906,57.911,125.662,-225.658,-1.229,-3.734,99.473,-10.255,-16.479,67.332,69.320,-0.214,-4.136,4.141,0.431
17:49:43.492,72.837,82.994,50.962,True,83.320,52.831,116.514,-228.949,-1.686,-3.769,98.956,-14.412,-15.962,65.373,67.294,-0.614,-4.162,4.207,0.680
17:49:43.513,72.857,86.525,48.923,True,85.854,48.408,109.303,-226.659,-1.661,-3.685,98.266,-18.543,-11.740,67.466,68.480,-0.529,-4.372,4.403,0.786
17:49:43.533,72.877,90.057,40.769,True,88.509,43.153,103.409,-230.326,-2.249,-4.042,97.403,-22.642,-7.346,63.411,63.835,-1.002,-4.726,4.831,0.812
17:49:43.560,72.904,90.057,36.692,True,90.456,38.115,92.903,-231.104,-2.586,-3.967,96.369,-26.701,-6.313,63.393,63.707,-1.254,-4.676,4.841,0.943
17:49:43.582,72.926,93.589,34.654,True,92.611,33.763,85.245,-226.752,-2.440,-4.090,95.167,-30.713,-1.578,65.367,65.386,-1.048,-4.885,4.996,0.878
17:49:43.602,72.946,97.120,24.462,True,94.968,28.120,79.497,-231.887,-2.849,-4.403,93.797,-34.671,3.323,59.133,59.226,-1.723,-5.292,5.565,0.505
17:49:43.622,72.966,100.652,28.538,True,97.509,24.657,74.883,-220.618,-2.038,-4.890,92.263,-38.568,8.389,67.107,67.629,-0.917,-5.843,5.914,0.445
17:49:43.643,72.987,100.652,26.500,True,99.389,21.699,65.392,-209.175,-1.178,-4.970,90.567,-42.398,10.085,68.898,69.632,-0.010,-5.981,5.981,0.693
17:49:43.664,73.009,102.418,24.462,True,101.097,19.130,55.732,-198.543,-0.152,-5.244,88.712,-46.154,13.706,70.615,71.933,0.911,-6.105,6.173,0.684
17:49:43.689,73.033,104.184,8.154,True,102.670,13.531,46.201,-211.116,-1.266,-5.443,86.702,-49.828,17.482,57.982,60.560,-0.286,-6.242,6.248,0.431
17:49:43.710,73.055,105.949,16.308,True,104.141,10.935,36.974,-199.839,-0.150,-5.584,84.539,-53.415,21.410,69.723,72.936,0.636,-6.408,6.440,0.842
17:49:43.730,73.075,104.184,14.269,True,104.719,8.642,22.742,-189.948,0.730,-4.746,82.228,-56.908,21.955,71.177,74.487,1.512,-6.103,6.287,0.728
17:49:43.751,73.096,107.715,12.231,True,105.764,6.559,14.084,-181.773,1.519,-5.206,79.773,-60.302,27.942,72.532,77.729,2.303,-6.278,6.687,0.837
17:49:43.779,73.123,107.715,12.231,True,106.434,5.086,3.735,-172.292,2.402,-5.543,77.178,-63.589,30.537,75.820,81.739,3.281,-6.297,7.100,0.684
17:49:43.801,73.145,107.715,6.115,True,106.789,2.680,-7.360,-172.199,2.708,-5.472,74.447,-66.765,33.268,72.881,80.115,3.446,-6.231,7.121,0.490
17:49:43.822,73.166,107.715,2.038,True,106.891,-0.113,-18.523,-175.001,2.557,-5.469,71.586,-69.824,36.129,71.863,80.434,3.324,-6.136,6.978,0.828
17:49:43.842,73.186,107.715,0.000,True,106.798,-2.773,-29.306,-176.313,2.577,-5.456,68.599,-72.761,39.116,72.761,82.609,3.297,-6.051,6.891,0.411
17:49:43.862,73.207,107.715,-4.077,True,106.561,-5.783,-39.441,-179.693,2.236,-5.406,65.492,-75.570,42.223,71.493,83.030,3.041,-6.001,6.728,0.629
17:49:43.884,73.228,107.715,-10.192,True,106.224,-9.567,-48.805,-187.186,1.574,-5.399,62.270,-78.246,45.445,68.054,81.832,2.336,-6.004,6.442,0.712
17:49:43.904,73.249,107.715,-10.192,True,105.248,-13.310,-61.140,-191.986,1.035,-5.145,58.939,-80.785,48.776,70.593,85.805,1.782,-5.708,5.980,0.365
17:49:43.925,73.270,107.715,-14.269,True,105.065,-16.338,-66.211,-190.449,1.096,-5.615,55.504,-83.182,52.211,68.913,86.458,1.749,-6.060,6.307,0.670
17:49:43.945,73.290,107.715,-18.346,True,104.802,-19.666,-71.969,-191.010,0.803,-6.187,51.972,-85.433,55.743,67.087,87.224,1.490,-6.371,6.543,0.739
17:49:43.966,73.310,104.184,-24.462,True,103.572,-23.736,-83.738,-195.638,0.149,-6.070,48.349,-87.535,55.834,63.073,84.236,0.788,-6.119,6.170,0.767
17:49:43.986,73.331,104.184,-26.500,True,102.464,-27.364,-92.742,-195.464,-0.141,-5.924,44.641,-89.483,59.542,62.983,86.672,0.451,-6.086,6.103,0.646
17:49:44.013,73.358,104.184,-28.538,True,101.475,-30.611,-99.760,-192.195,-0.278,-6.238,40.855,-91.274,63.329,62.735,89.141,0.357,-6.219,6.230,0.424
17:49:44.034,73.379,100.652,-32.615,True,99.759,-34.017,-110.755,-190.130,-0.224,-5.956,36.997,-92.904,63.655,60.289,87.674,0.121,-5.965,5.966,0.700
17:49:44.054,73.399,100.652,-36.692,True,98.276,-37.554,-118.298,-188.670,-0.468,-6.005,33.074,-94.372,67.578,57.680,88.847,-0.215,-5.991,5.995,0.403
17:49:44.075,73.420,97.120,-34.654,True,96.193,-39.765,-128.773,-178.113,-0.047,-5.715,29.093,-95.674,68.027,61.021,91.385,0.267,-5.719,5.725,0.694
17:49:44.103,73.448,93.589,-40.769,True,93.611,-42.731,-140.568,-174.778,-0.204,-5.267,25.061,-96.809,68.527,56.040,88.524,0.100,-5.270,5.271,0.487
17:49:44.126,73.471,93.589,-40.769,True,90.800,-46.227,-151.396,-174.983,-0.732,-4.811,20.985,-97.773,72.603,57.004,92.308,-0.438,-4.844,4.864,0.557
17:49:44.147,73.492,86.525,-55.038,True,87.420,-51.225,-163.593,-183.646,-2.060,-4.226,16.873,-98.566,69.653,43.528,82.135,-1.859,-4.221,4.613,0.642
17:49:44.168,73.512,86.525,-50.962,True,84.783,-53.847,-168.265,-173.202,-1.882,-4.534,12.730,-99.186,73.795,48.225,88.155,-1.610,-4.236,4.532,0.799
17:49:44.188,73.533,82.994,-55.038,True,81.821,-56.730,-174.432,-166.236,-1.979,-4.574,8.566,-99.632,74.428,44.594,86.765,-1.672,-4.094,4.422,0.738
17:49:44.210,73.554,79.462,-67.269,True,78.612,-61.843,-181.076,-174.083,-3.101,-4.239,4.386,-99.904,75.076,32.635,81.862,-3.174,-3.873,5.007,0.808
17:49:44.233,73.578,75.930,-73.385,True,75.218,-67.277,-187.587,-179.960,-4.562,-3.772,0.199,-100.000,75.732,26.615,80.273,-4.653,-3.624,5.897,0.669
17:49:44.254,73.598,72.399,-65.231,True,71.689,-69.530,-193.611,-161.791,-3.899,-3.599,-3.989,-99.920,76.388,34.690,83.896,-3.982,-3.377,5.221,0.724
17:49:44.274,73.618,68.867,-73.385,True,68.064,-72.912,-198.953,-154.550,-4.438,-3.190,-8.170,-99.666,77.037,26.281,81.397,-4.275,-3.153,5.312,0.448
17:49:44.295,73.639,65.335,-69.308,True,64.378,-74.435,-203.533,-135.595,-3.640,-3.056,-12.336,-99.236,77.672,29.928,83.238,-3.475,-2.962,4.566,0.586
17:49:44.316,73.661,60.038,-73.385,True,60.245,-76.269,-210.028,-122.732,-3.061,-2.538,-16.481,-98.633,76.519,25.248,80.577,-3.163,-2.552,4.064,0.763
17:49:44.339,73.683,58.272,-75.423,True,56.563,-77.955,-211.876,-111.203,-2.863,-2.435,-20.597,-97.856,78.869,22.433,81.997,-2.941,-2.524,3.876,0.427
17:49:44.359,73.704,51.209,-79.500,True,52.066,-80.021,-218.766,-104.123,-3.086,-2.182,-24.677,-96.908,75.885,17.408,77.856,-3.116,-2.000,3.703,0.707
17:49:44.380,73.724,44.146,-81.538,True,46.866,-81.972,-228.295,-96.857,-3.181,-1.142,-28.713,-95.789,72.859,14.251,74.239,-3.290,-1.154,3.487,0.905
17:49:44.400,73.745,40.614,-81.538,True,41.908,-83.358,-233.247,-86.469,-2.867,-0.419,-32.699,-94.503,73.313,12.964,74.450,-3.184,-0.638,3.247,0.882
17:49:44.421,73.765,37.082,-85.615,True,37.206,-85.210,-234.804,-80.735,-3.097,-0.014,-36.628,-93.051,73.710,7.435,74.084,-3.504,-0.379,3.524,0.908
17:49:44.441,73.786,33.551,-91.731,True,32.752,-87.966,-233.989,-81.051,-4.168,0.301,-40.492,-91.435,74.043,-0.296,74.043,-4.429,-0.309,4.440,1.086
17:49:44.462,73.806,26.487,-93.769,True,27.703,-90.560,-237.050,-78.356,-4.808,0.623,-44.286,-89.659,70.773,-4.110,70.892,-5.163,0.146,5.165,1.100
17:49:44.486,73.831,26.487,-93.769,True,22.962,-92.127,-236.751,-67.747,-4.859,0.817,-48.001,-87.726,74.489,-6.043,74.733,-5.214,0.339,5.225,0.443
17:49:44.507,73.852,15.892,-97.846,True,17.568,-94.714,-240.277,-64.927,-5.654,1.281,-51.633,-85.639,67.525,-12.207,68.620,-6.003,0.928,6.075,1.064
17:49:44.528,73.872,14.127,-95.808,True,13.127,-95.958,-236.068,-52.246,-5.287,1.002,-55.174,-83.402,69.300,-12.406,70.402,-5.919,0.847,5.979,0.989
17:49:44.548,73.892,14.127,-95.808,True,8.406,-97.003,-234.328,-40.085,-5.795,1.066,-58.618,-81.018,72.744,-14.789,74.233,-5.857,1.001,5.942,0.670
17:49:44.583,73.927,3.532,-97.846,True,3.662,-97.817,-232.622,-28.130,-5.758,1.120,-61.959,-78.493,65.491,-19.354,68.291,-5.789,1.183,5.909,0.885
17:49:44.603,73.947,-5.297,-99.885,True,-2.202,-98.803,-237.534,-18.801,-5.947,1.923,-65.192,-75.829,59.894,-24.056,64.544,-5.953,2.040,6.293,0.642
17:49:44.623,73.968,-7.063,-99.885,True,-6.982,-99.365,-233.520,-7.704,-5.945,2.050,-68.310,-73.033,61.247,-26.852,66.874,-5.943,2.130,6.313,0.641
17:49:44.644,73.988,-14.127,-93.769,True,-12.277,-98.068,-232.981,13.422,-4.910,2.459,-71.308,-70.108,57.182,-23.661,61.884,-4.939,2.571,5.568,0.837
17:49:44.664,74.009,-15.892,-93.769,True,-16.681,-96.814,-226.109,29.703,-4.277,2.419,-74.181,-67.060,58.289,-26.709,64.117,-4.276,2.452,4.929,0.673
17:49:44.685,74.029,-15.892,-93.769,True,-21.203,-96.220,-221.072,38.488,-4.179,2.416,-76.925,-63.895,61.032,-29.874,67.951,-4.251,2.500,4.931,0.768
17:49:44.705,74.049,-22.956,-97.846,True,-24.856,-96.140,-211.165,42.939,-4.651,1.981,-79.533,-60.618,56.577,-37.228,67.727,-4.630,2.087,5.079,0.827
17:49:44.725,74.069,-30.019,-89.692,True,-29.333,-93.774,-208.443,61.769,-3.615,2.227,-82.001,-57.234,51.982,-32.458,61.284,-3.645,2.330,4.326,0.481
17:49:44.745,74.090,-35.316,-101.923,True,-33.968,-94.951,-206.550,54.287,-4.967,2.527,-84.326,-53.750,49.010,-48.173,68.721,-5.086,2.689,5.753,0.578
17:49:44.766,74.111,-37.082,-99.885,True,-37.847,-95.360,-199.445,55.380,-5.526,2.361,-86.503,-50.172,49.421,-49.713,70.098,-5.842,2.590,6.390,0.826
17:49:44.787,74.131,-37.082,-99.885,True,-41.836,-94.252,-194.124,67.383,-5.291,2.415,-88.528,-46.505,51.446,-53.379,74.135,-5.610,2.659,6.208,0.584
17:49:44.807,74.152,-38.848,-93.769,True,-43.716,-93.157,-176.234,77.344,-5.048,1.296,-90.398,-42.758,51.550,-51.012,72.523,-5.526,1.525,5.733,0.446
17:49:44.828,74.172,-45.911,-83.577,True,-46.879,-89.424,-170.870,102.188,-3.506,1.265,-92.109,-38.935,46.198,-44.642,64.243,-3.967,1.485,4.236,0.842
17:49:44.848,74.192,-47.677,-81.538,True,-49.619,-85.870,-163.624,119.698,-2.195,1.060,-93.659,-35.043,45.982,-46.495,65.392,-2.925,1.271,3.189,0.661
17:49:44.869,74.213,-51.209,-77.462,True,-52.472,-81.976,-158.392,135.074,-1.431,0.987,-95.044,-31.090,43.835,-46.371,63.811,-1.960,1.243,2.321,0.788
17:49:44.895,74.239,-52.975,-83.577,True,-54.992,-80.320,-151.750,132.501,-2.492,1.338,-96.263,-27.083,43.288,-56.494,71.172,-2.611,1.090,2.829,0.414
17:49:44.915,74.259,-58.272,-73.385,True,-58.086,-76.647,-149.883,144.395,-1.766,1.361,-97.312,-23.028,39.040,-50.356,63.717,-1.934,1.395,2.385,0.758
17:49:44.935,74.279,-58.272,-69.308,True,-60.420,-72.708,-142.741,155.140,-1.173,1.650,-98.191,-18.933,39.919,-50.375,64.274,-1.284,1.243,1.787,0.416
17:49:44.956,74.300,-61.804,-67.269,True,-62.930,-69.057,-137.949,161.335,-0.891,1.787,-98.898,-14.805,37.094,-52.465,64.253,-0.990,1.312,1.643,0.766
17:49:44.976,74.321,-61.804,-65.231,True,-64.781,-65.691,-129.327,164.284,-0.805,1.622,-99.431,-10.650,37.627,-54.580,66.294,-0.966,1.037,1.417,0.873
17:49:45.003,74.347,-68.867,-59.115,True,-67.717,-61.638,-129.487,171.296,-0.417,2.239,-99.790,-6.477,30.923,-52.638,61.049,-0.545,1.581,1.673,0.417
17:49:45.024,74.369,-72.399,-55.038,True,-70.794,-57.473,-129.442,177.277,-0.157,2.672,-99.974,-2.293,27.575,-52.746,59.519,-0.169,2.178,2.184,0.821
17:49:45.045,74.389,-77.696,-42.808,True,-74.387,-51.339,-131.581,194.677,1.293,3.613,-99.982,1.896,22.286,-44.703,49.951,1.339,3.056,3.336,0.510
17:49:45.066,74.410,-75.930,-40.769,True,-76.765,-45.891,-123.632,202.171,1.929,3.537,-99.815,6.081,23.885,-46.850,52.587,2.076,3.078,3.713,0.834
17:49:45.087,74.431,-82.994,-38.731,True,-80.112,-41.122,-123.071,202.689,2.170,4.296,-99.473,10.255,16.479,-48.986,51.684,2.232,3.807,4.413,0.706
17:49:45.112,74.457,-82.994,-38.731,True,-82.672,-37.455,-115.894,195.551,1.812,4.641,-98.956,14.412,15.962,-53.143,55.488,1.678,3.988,4.327,0.686
17:49:45.132,74.477,-82.994,-36.692,True,-84.525,-34.277,-104.639,187.276,0.971,4.528,-98.266,18.543,15.272,-55.235,57.308,0.955,3.800,3.918,0.458
17:49:45.153,74.497,-84.759,-30.577,True,-86.185,-30.542,-93.983,185.245,0.672,4.170,-97.403,22.642,12.644,-53.219,54.700,0.750,3.646,3.722,0.721
17:49:45.174,74.518,-86.525,-28.538,True,-87.706,-27.233,-84.134,181.098,0.268,4.158,-96.369,26.701,9.844,-55.239,56.109,0.331,3.549,3.565,0.729
17:49:45.194,74.539,-90.057,-22.423,True,-89.544,-23.335,-77.864,182.236,0.483,4.590,-95.167,30.713,5.110,-53.136,53.381,0.380,3.781,3.800,0.796
17:49:45.221,74.565,-90.057,-20.385,True,-90.859,-19.852,-68.497,180.392,0.459,4.353,-93.797,34.671,3.740,-55.056,55.183,0.165,3.742,3.746,0.454
17:49:45.241,74.586,-93.589,-12.231,True,-92.545,-15.310,-62.888,186.191,0.926,4.282,-92.263,38.568,-1.326,-50.799,50.816,0.666,4.053,4.107,0.790
17:49:45.261,74.606,-93.589,-8.154,True,-93.753,-10.788,-54.234,190.069,1.119,4.344,-90.567,42.398,-3.022,-50.552,50.642,1.056,4.105,4.238,0.456
17:49:45.281,74.626,-97.120,-4.077,True,-95.368,-6.310,-49.289,192.347,1.232,4.836,-88.712,46.154,-8.408,-50.230,50.929,1.350,4.509,4.707,0.510
17:49:45.301,74.646,-97.120,0.000,True,-96.532,-1.891,-41.195,193.336,1.772,5.098,-86.702,49.828,-10.419,-49.828,50.906,1.568,4.653,4.910,0.398
17:49:45.330,74.674,-97.120,2.038,True,-97.301,1.990,-31.276,190.211,1.730,4.770,-84.539,53.415,-12.581,-51.376,52.895,1.430,4.630,4.846,0.561
17:49:45.350,74.694,-97.120,10.192,True,-97.739,6.817,-20.531,193.989,2.030,4.594,-82.228,56.908,-14.892,-46.716,49.032,1.946,4.517,4.918,0.800
17:49:45.371,74.715,-102.418,10.192,True,-99.142,10.579,-17.769,189.221,2.010,5.195,-79.773,60.302,-22.645,-50.109,54.988,1.720,5.140,5.420,0.775
17:49:45.391,74.736,-98.886,4.077,True,-99.355,11.974,-6.275,169.978,0.260,5.141,-77.178,63.589,-21.708,-59.512,63.348,0.105,4.992,4.993,0.770
17:49:45.411,74.756,-104.184,14.269,True,-100.573,15.117,-3.200,168.076,0.228,5.701,-74.447,66.765,-29.736,-52.496,60.333,-0.022,5.615,5.615,0.511
17:49:45.440,74.784,-100.652,20.385,True,-100.641,18.921,8.313,171.033,0.382,5.489,-71.586,69.824,-29.066,-49.440,57.351,0.320,5.490,5.499,0.534
17:49:45.461,74.805,-98.886,28.538,True,-100.105,23.781,22.018,179.839,1.300,5.162,-68.599,72.761,-30.287,-44.222,53.599,1.278,5.127,5.284,0.967
17:49:45.481,74.825,-98.886,24.462,True,-99.484,26.701,33.742,172.759,0.804,4.831,-65.492,75.570,-33.394,-51.108,61.051,0.851,4.897,4.971,0.565
17:49:45.502,74.846,-97.120,26.500,True,-98.417,29.306,46.383,165.428,0.334,4.373,-62.270,78.246,-34.850,-51.746,62.387,0.371,4.541,4.556,0.782
17:49:45.524,74.868,-97.120,32.615,True,-97.403,32.615,56.276,164.667,0.466,3.995,-58.939,80.785,-38.181,-48.169,61.466,0.482,4.392,4.419,0.780
17:49:45.547,74.891,-97.120,34.654,True,-96.474,35.617,64.015,161.761,0.178,3.937,-55.504,83.182,-41.616,-48.528,63.929,0.422,4.420,4.440,0.421
17:49:45.567,74.912,-95.354,34.654,True,-95.231,37.877,72.849,154.482,-0.221,3.881,-51.972,85.433,-43.382,-50.780,66.787,-0.038,4.333,4.333,0.727
17:49:45.588,74.932,-93.589,38.731,True,-93.731,40.447,82.034,151.146,-0.286,3.635,-48.349,87.535,-45.239,-48.804,66.546,-0.153,4.189,4.192,0.810
17:49:45.608,74.953,-91.823,44.846,True,-92.028,43.790,91.049,153.562,0.121,3.499,-44.641,89.483,-47.182,-44.637,64.950,0.289,4.032,4.042,0.766
17:49:45.628,74.973,-90.057,44.846,True,-90.172,46.393,99.562,149.890,0.079,3.473,-40.855,91.274,-49.202,-46.427,67.649,0.224,3.891,3.897,0.660
17:49:45.654,74.999,-88.291,42.808,True,-88.206,47.861,107.388,139.376,-0.391,3.593,-36.997,92.904,-51.294,-50.097,71.699,-0.477,3.786,3.816,0.500
17:49:45.675,75.020,-86.525,50.962,True,-86.167,50.721,114.454,140.833,0.014,3.384,-33.074,94.372,-53.451,-43.411,68.859,-0.096,3.727,3.728,0.713
17:49:45.696,75.040,-82.994,57.077,True,-83.673,54.360,123.463,146.435,0.872,3.635,-29.093,95.674,-53.900,-38.597,66.295,0.744,3.463,3.542,0.880
17:49:45.718,75.062,-86.525,55.038,True,-82.440,56.766,122.450,141.470,0.572,4.114,-25.061,96.809,-61.464,-41.770,74.314,0.692,4.107,4.165,1.272
17:49:45.738,75.083,-77.696,65.231,True,-79.458,60.905,134.392,148.655,1.713,3.780,-20.985,97.773,-56.711,-32.543,65.385,1.806,3.575,4.005,1.106
17:49:45.765,75.109,-77.696,65.231,True,-76.770,63.878,141.738,144.945,1.907,3.717,-16.873,98.566,-60.824,-33.336,69.360,2.021,3.404,3.959,0.369
17:49:45.785,75.130,-72.399,71.346,True,-73.502,68.065,151.502,149.035,2.778,3.297,-12.730,99.186,-59.668,-27.840,65.844,3.020,2.965,4.232,0.728
17:49:45.805,75.150,-67.101,65.231,True,-69.572,69.494,163.269,133.037,2.088,2.727,-8.566,99.632,-58.536,-34.402,67.896,2.208,2.266,3.163,0.446
17:49:45.826,75.170,-67.101,67.269,True,-66.510,70.905,166.648,120.646,1.513,2.613,-4.386,99.904,-62.715,-32.635,70.698,1.657,2.283,2.820,0.643
17:49:45.846,75.190,-65.335,71.346,True,-63.712,72.829,167.968,114.164,1.716,2.823,-0.199,100.000,-65.137,-28.654,71.161,1.624,2.487,2.970,0.405
17:49:45.872,75.216,-60.038,77.462,True,-60.276,75.681,173.560,114.432,2.303,2.600,3.989,99.920,-64.027,-22.459,67.852,2.248,2.287,3.207,0.412
17:49:45.894,75.238,-58.272,83.577,True,-57.155,79.306,176.028,118.343,3.314,2.630,8.170,99.666,-66.442,-16.089,68.362,3.300,2.350,4.051,1.179
17:49:45.914,75.258,-56.506,83.577,True,-54.311,82.121,176.502,114.450,3.696,2.810,12.336,99.236,-68.843,-15.659,70.601,3.724,2.594,4.539,0.891
17:49:45.934,75.278,-54.741,83.577,True,-51.708,84.215,175.829,105.535,3.670,3.139,16.481,98.633,-71.222,-15.056,72.795,3.717,2.956,4.749,0.773
17:49:45.955,75.299,-47.677,79.500,True,-48.071,84.735,182.682,87.535,2.861,2.881,20.597,97.856,-68.274,-18.356,70.699,2.842,2.620,3.865,0.810
17:49:45.982,75.326,-45.911,93.769,True,-44.765,88.180,185.792,92.776,4.180,2.839,24.677,96.908,-70.588,-3.138,70.658,4.085,2.582,4.833,0.432
17:49:46.002,75.347,-40.614,87.654,True,-40.948,89.482,191.761,80.752,3.975,2.382,28.713,95.789,-69.327,-8.135,69.803,3.823,2.249,4.435,0.767
17:49:46.022,75.367,-33.551,95.808,True,-36.285,92.191,201.822,80.093,4.729,1.675,32.699,94.503,-66.250,1.305,66.263,4.608,1.469,4.837,0.816
17:49:46.043,75.388,-30.019,99.885,True,-31.731,95.209,208.252,79.941,5.506,1.272,36.628,93.051,-66.647,6.834,66.996,5.524,0.931,5.602,0.865
17:49:46.064,75.408,-28.253,97.846,True,-27.725,97.049,209.113,70.180,5.300,1.314,40.492,91.435,-68.745,6.411,69.044,5.620,0.848,5.684,0.843
17:49:46.093,75.437,-24.722,103.962,True,-23.817,99.733,209.050,67.069,5.851,1.269,44.286,89.659,-69.007,14.302,70.474,6.346,0.828,6.400,0.554
17:49:46.113,75.458,-22.956,106.000,True,-20.408,102.220,205.667,61.572,6.388,1.650,48.001,87.726,-70.957,18.274,73.272,6.913,1.106,7.001,0.857
17:49:46.133,75.477,-15.892,101.923,True,-16.201,103.096,208.556,45.029,6.071,1.372,51.633,85.639,-67.525,16.284,69.461,6.476,0.803,6.525,0.433
17:49:46.153,75.498,-12.361,108.038,True,-12.107,104.937,209.701,37.910,6.377,1.091,55.174,83.402,-67.534,24.637,71.888,6.868,0.616,6.896,0.527
17:49:46.174,75.518,-8.829,99.885,True,-8.126,104.344,209.565,14.908,5.194,0.981,58.618,81.018,-67.447,18.866,70.036,5.778,0.514,5.801,0.533
17:49:46.198,75.543,-5.297,99.885,True,-4.252,103.535,208.536,-4.240,4.679,0.869,61.959,78.493,-67.257,21.392,70.577,4.918,0.469,4.940,0.548
17:49:46.219,75.564,3.532,112.115,True,0.759,105.465,215.022,-1.095,5.668,0.056,65.192,75.829,-61.660,36.286,71.545,6.069,-0.312,6.077,0.838
17:49:46.240,75.584,7.063,110.077,True,5.525,106.521,217.445,-6.482,5.940,-0.633,68.310,73.033,-61.247,37.044,71.578,6.524,-0.807,6.574,0.802
17:49:46.260,75.605,8.829,110.077,True,9.631,107.248,214.190,-14.255,5.841,-0.845,71.308,70.108,-62.479,39.969,74.170,6.787,-0.830,6.838,0.873
17:49:46.280,75.625,15.892,108.038,True,14.375,107.213,215.506,-26.556,5.365,-1.325,74.181,67.060,-58.289,40.978,71.252,6.630,-1.301,6.756,0.853
17:49:46.309,75.654,19.424,110.077,True,18.857,107.471,213.963,-34.991,5.576,-1.619,76.925,63.895,-57.501,46.182,73.750,6.803,-1.563,6.980,0.805
17:49:46.329,75.674,22.956,108.038,True,23.094,107.065,210.477,-47.033,5.410,-1.740,79.533,60.618,-56.577,47.421,73.822,6.633,-1.679,6.842,0.455
17:49:46.350,75.694,26.487,108.038,True,27.114,106.569,205.782,-57.738,5.294,-1.875,82.001,57.234,-55.514,50.804,75.252,6.551,-1.702,6.769,0.836
17:49:46.370,75.714,33.551,106.000,True,31.769,105.551,205.830,-70.304,5.195,-2.539,84.326,53.750,-50.776,52.250,72.857,6.264,-2.187,6.635,0.446
17:49:46.391,75.735,35.316,99.885,True,35.753,103.155,200.467,-89.679,4.513,-2.788,86.503,50.172,-51.187,49.713,71.354,5.278,-2.221,5.726,0.797
17:49:46.416,75.761,38.848,99.885,True,39.550,101.018,194.506,-102.779,4.285,-2.533,88.528,46.505,-49.680,53.379,72.921,4.763,-2.210,5.250,0.454
17:49:46.437,75.781,44.146,95.808,True,43.604,98.230,191.044,-117.382,3.410,-2.757,90.398,42.758,-46.252,53.050,70.382,4.034,-2.442,4.716,0.913
17:49:46.457,75.802,44.146,95.808,True,47.425,95.882,186.026,-125.671,3.264,-2.972,92.109,38.935,-47.964,56.873,74.398,3.813,-2.560,4.593,0.620
17:49:46.478,75.822,52.975,93.769,True,51.661,93.482,184.065,-132.782,3.392,-3.266,93.659,35.043,-40.684,58.726,71.442,3.670,-2.992,4.735,0.804
17:49:46.498,75.842,54.741,91.731,True,55.182,91.067,176.904,-138.799,3.443,-3.279,95.044,31.090,-40.304,60.640,72.812,3.607,-2.980,4.678,0.739
17:49:46.527,75.872,52.975,77.462,True,57.250,85.521,161.544,-163.623,1.631,-2.407,96.263,27.083,-43.288,50.378,66.422,1.711,-2.180,2.772,0.448
17:49:46.548,75.893,61.804,89.692,True,60.809,84.093,159.129,-155.517,2.724,-2.680,97.312,23.028,-35.509,66.664,75.531,2.770,-2.546,3.763,0.758
17:49:46.569,75.914,65.335,85.615,True,64.317,82.105,155.960,-154.100,3.326,-2.984,98.191,18.933,-32.856,66.682,74.337,3.297,-2.890,4.384,0.809
17:49:46.589,75.934,63.570,83.577,True,66.515,80.108,144.141,-153.946,3.919,-2.576,98.898,14.805,-35.328,68.772,77.316,3.748,-2.448,4.476,0.790
17:49:46.612,75.956,68.867,81.538,True,69.273,78.091,138.307,-154.809,4.307,-2.858,99.431,10.650,-30.564,70.888,77.196,4.136,-2.538,4.853,0.406
17:49:46.635,75.980,72.399,77.462,True,72.123,75.572,133.638,-159.568,4.714,-3.198,99.790,6.477,-27.391,70.984,76.086,4.176,-2.758,5.004,0.487
17:49:46.656,76.000,74.165,75.423,True,74.649,73.090,127.014,-163.531,4.702,-3.191,99.974,2.293,-25.809,73.130,77.551,4.277,-2.822,5.124,0.761
17:49:46.676,76.020,75.930,69.308,True,76.896,69.700,119.301,-173.097,4.010,-3.048,99.982,-1.896,-24.052,71.203,75.156,3.835,-2.796,4.746,0.778
17:49:46.696,76.040,79.462,73.385,True,79.324,67.899,113.831,-170.081,4.766,-3.299,99.815,-6.081,-20.353,79.465,82.031,4.520,-2.986,5.417,0.413
17:49:46.718,76.062,79.462,65.231,True,81.104,64.668,104.429,-178.249,4.618,-3.170,99.473,-10.255,-20.011,75.486,78.093,4.197,-2.828,5.061,0.504
17:49:46.744,76.089,82.994,61.154,True,83.146,61.115,98.315,-186.793,4.155,-3.352,98.956,-14.412,-15.962,75.566,77.233,3.779,-2.970,4.806,0.461
17:49:46.765,76.110,86.525,53.000,True,85.441,56.361,94.375,-201.260,3.225,-3.664,98.266,-18.543,-11.740,71.543,72.500,2.731,-3.338,4.313,0.959
17:49:46.786,76.130,86.525,48.923,True,87.142,51.542,86.287,-212.098,2.316,-3.613,97.403,-22.642,-10.878,71.565,72.387,1.894,-3.355,3.853,0.849
17:49:46.806,76.150,90.057,50.962,True,89.144,48.152,81.215,-210.382,2.885,-3.833,96.369,-26.701,-6.313,77.662,77.918,2.141,-3.662,4.242,0.784
17:49:46.826,76.171,90.057,38.731,True,90.603,42.732,72.603,-222.764,1.805,-3.893,95.167,-30.713,-5.110,69.444,69.631,1.063,-3.666,3.817,0.864
17:49:46.848,76.192,90.057,34.654,True,91.590,37.434,62.012,-230.493,0.705,-3.558,93.797,-34.671,-3.740,69.325,69.426,0.295,-3.482,3.494,0.796
17:49:46.868,76.212,93.589,38.731,True,93.007,34.198,56.019,-222.061,1.384,-4.102,92.263,-38.568,1.326,77.299,77.311,0.967,-3.712,3.836,0.742
17:49:46.889,76.233,93.589,32.615,True,94.002,30.421,47.568,-219.676,1.823,-4.115,90.567,-42.398,3.022,75.014,75.074,1.130,-3.733,3.900,0.823
17:49:46.909,76.254,93.589,28.538,True,94.636,26.612,37.812,-218.158,1.907,-4.049,88.712,-46.154,4.876,74.692,74.851,1.215,-3.629,3.827,0.826
17:49:46.930,76.274,97.120,24.462,True,95.794,22.763,32.998,-217.272,1.782,-4.410,86.702,-49.828,10.419,74.289,75.016,1.235,-3.979,4.166,0.824
17:49:46.950,76.294,97.120,18.346,True,96.609,18.401,25.841,-219.919,1.216,-4.581,84.539,-53.415,12.581,71.761,72.856,0.907,-4.141,4.239,0.526
17:49:46.970,76.315,97.120,14.269,True,97.124,14.065,17.324,-221.374,1.491,-4.317,82.228,-56.908,14.892,71.177,72.719,0.639,-4.186,4.234,0.398
17:49:46.991,76.335,97.120,10.192,True,97.389,9.766,8.188,-221.840,1.456,-4.224,79.773,-60.302,17.347,70.494,72.597,0.422,-4.169,4.190,0.753
17:49:47.011,76.356,97.120,2.038,True,97.453,4.565,-1.038,-227.734,0.833,-4.272,77.178,-63.589,19.943,65.628,68.591,-0.348,-4.133,4.148,0.483
17:49:47.031,76.376,97.120,0.000,True,97.359,0.008,-10.006,-227.033,0.467,-4.117,74.447,-66.765,22.673,66.765,70.510,-0.590,-4.110,4.152,0.543
17:49:47.052,76.396,97.120,-6.115,True,97.150,-4.901,-18.511,-228.238,-0.005,-4.119,71.586,-69.824,25.534,63.709,68.635,-1.049,-4.119,4.251,0.709
17:49:47.075,76.420,97.120,-18.346,True,96.859,-11.529,-26.454,-239.644,-1.572,-4.047,68.599,-72.761,28.521,54.415,61.436,-2.538,-4.173,4.884,0.683
17:49:47.096,76.440,97.120,-24.462,True,96.514,-18.213,-33.821,-246.859,-2.783,-4.402,65.492,-75.570,31.628,51.108,60.103,-3.799,-4.277,5.721,0.769
17:49:47.116,76.461,97.120,-28.538,True,96.135,-24.402,-40.650,-247.282,-3.734,-5.033,62.270,-78.246,34.850,49.707,60.707,-4.554,-4.432,6.355,0.881
17:49:47.137,76.482,91.823,-22.423,True,94.509,-27.739,-55.100,-227.351,-2.780,-4.458,58.939,-80.785,32.884,58.362,66.988,-3.453,-3.868,5.185,0.740
17:49:47.158,76.502,95.354,-28.538,True,93.860,-31.415,-60.073,-214.533,-2.484,-4.763,55.504,-83.182,39.850,54.644,67.631,-2.904,-4.129,5.048,0.675
17:49:47.180,76.524,93.589,-32.615,True,92.874,-34.988,-67.135,-203.847,-2.289,-4.846,51.972,-85.433,41.616,52.818,67.243,-2.499,-4.208,4.894,0.590
17:49:47.200,76.544,90.057,-40.769,True,91.189,-39.461,-78.032,-201.315,-2.654,-4.550,48.349,-87.535,41.708,46.766,62.662,-2.829,-3.917,4.832,0.409
17:49:47.220,76.565,90.057,-44.846,True,89.728,-43.803,-85.425,-197.578,-2.472,-4.725,44.641,-89.483,45.416,44.637,63.679,-3.088,-3.913,4.984,0.714
17:49:47.241,76.585,86.525,-50.962,True,87.672,-48.500,-95.746,-196.131,-2.916,-4.454,40.855,-91.274,45.670,40.312,60.917,-3.598,-3.616,5.101,0.779
17:49:47.261,76.606,86.525,-57.077,True,85.936,-53.504,-102.002,-195.848,-3.703,-4.323,36.997,-92.904,49.528,35.827,61.128,-4.278,-3.658,5.629,0.878
17:49:47.285,76.630,86.525,-57.077,True,83.896,-57.421,-109.517,-187.057,-3.704,-4.354,33.074,-94.372,53.451,37.295,65.176,-4.227,-3.570,5.533,0.375
17:49:47.307,76.651,82.994,-71.346,True,82.069,-64.033,-114.529,-196.744,-5.198,-4.277,29.093,-95.674,53.900,24.328,59.136,-5.943,-3.698,6.999,0.701
17:49:47.327,76.671,79.462,-79.500,True,79.694,-71.045,-122.659,-203.955,-6.814,-4.058,25.061,-96.809,54.401,17.309,57.088,-7.618,-3.525,8.394,0.479
17:49:47.347,76.692,75.930,-73.385,True,76.905,-74.679,-132.008,-185.506,-5.919,-3.922,20.985,-97.773,54.945,24.389,60.115,-6.999,-3.198,7.695,0.584
17:49:47.368,76.712,75.930,-83.577,True,74.678,-79.675,-135.979,-179.225,-6.561,-3.946,16.873,-98.566,59.058,14.989,60.930,-7.471,-3.336,8.182,0.719
17:49:47.395,76.740,72.399,-75.423,True,72.065,-81.362,-142.157,-151.850,-5.062,-4.456,12.730,-99.186,59.668,23.763,64.226,-5.953,-3.260,6.787,0.811
17:49:47.416,76.760,68.867,-77.462,True,69.137,-82.746,-149.396,-129.066,-3.593,-4.682,8.566,-99.632,60.301,22.171,64.248,-4.700,-3.057,5.607,0.800
17:49:47.436,76.780,65.335,-79.500,True,65.958,-83.954,-156.910,-110.575,-2.642,-3.701,4.386,-99.904,60.950,20.404,64.274,-3.720,-2.787,4.648,0.795
17:49:47.456,76.801,61.804,-81.538,True,62.582,-85.083,-164.175,-95.919,-1.343,-3.641,0.199,-100.000,61.605,18.461,64.312,-3.003,-2.493,3.903,0.802
17:49:47.479,76.823,60.038,-83.577,True,59.471,-86.203,-168.175,-84.551,-0.267,-3.038,-3.989,-99.920,64.027,16.343,66.080,-2.529,-2.462,3.530,0.710
17:49:47.504,76.848,58.272,-85.615,True,56.611,-87.364,-169.940,-75.888,-1.015,-2.637,-8.170,-99.666,66.442,14.050,67.911,-2.272,-2.624,3.471,0.427
17:49:47.524,76.869,47.677,-89.692,True,51.926,-89.070,-183.769,-72.456,-1.400,-1.233,-12.336,-99.236,60.014,9.544,60.768,-2.496,-1.638,2.986,0.712
17:49:47.544,76.889,44.146,-89.692,True,47.297,-90.327,-193.404,-66.063,-1.570,-0.730,-16.481,-98.633,60.627,8.940,61.282,-2.476,-0.926,2.643,0.502
17:49:47.565,76.910,40.614,-89.692,True,42.775,-91.194,-199.611,-57.985,-1.976,-0.140,-20.597,-97.856,61.211,8.164,61.753,-2.303,-0.447,2.346,0.781
17:49:47.591,76.936,33.551,-99.885,True,37.566,-94.104,-208.538,-64.780,-3.625,0.988,-24.677,-96.908,58.227,-2.977,58.303,-3.534,0.353,3.552,0.421
17:49:47.612,76.957,31.785,-99.885,True,33.021,-96.442,-210.279,-64.387,-4.488,1.303,-28.713,-95.789,60.498,-4.095,60.636,-4.225,0.569,4.263,0.415
17:49:47.633,76.977,28.253,-101.923,True,28.685,-98.705,-209.970,-62.128,-4.693,1.354,-32.699,-94.503,60.952,-7.420,61.402,-4.816,0.622,4.857,0.527
17:49:47.654,76.998,24.722,-106.000,True,24.540,-101.355,-208.330,-61.499,-5.586,1.023,-36.628,-93.051,61.349,-12.949,62.701,-5.626,0.563,5.654,0.796
17:49:47.674,77.019,15.892,-103.962,True,19.331,-102.905,-214.033,-52.046,-5.781,1.457,-40.492,-91.435,56.385,-12.526,57.759,-5.681,1.204,5.808,0.763
17:49:47.695,77.039,12.361,-101.923,True,14.425,-103.476,-215.676,-37.277,-5.278,1.573,-44.286,-89.659,56.646,-12.264,57.959,-5.229,1.538,5.451,0.466
17:49:47.720,77.064,10.595,-101.923,True,10.224,-103.687,-211.776,-23.017,-4.783,1.440,-48.001,-87.726,58.596,-14.197,60.292,-4.768,1.391,4.967,0.420
17:49:47.741,77.085,1.766,-103.962,True,5.007,-104.104,-215.374,-12.938,-4.765,1.921,-51.633,-85.639,53.399,-18.322,56.455,-4.646,1.948,5.038,0.797
17:49:47.761,77.105,-5.297,-101.923,True,-0.695,-103.796,-220.538,0.338,-4.234,2.591,-55.174,-83.402,49.876,-18.521,53.204,-4.203,2.724,5.008,0.557
17:49:47.781,77.126,-5.297,-103.962,True,-5.150,-103.829,-215.234,8.708,-3.985,2.440,-58.618,-81.018,53.320,-22.943,58.047,-4.172,2.596,4.913,0.779
17:49:47.801,77.146,-10.595,-101.923,True,-9.720,-103.252,-211.642,19.925,-3.601,2.518,-61.959,-78.493,51.364,-23.431,56.456,-3.863,2.623,4.669,0.478
17:49:47.829,77.173,-14.127,-108.038,True,-13.993,-104.059,-206.519,19.942,-4.583,2.753,-65.192,-75.829,51.065,-32.209,60.375,-4.580,2.513,5.224,0.425
17:49:47.849,77.194,-19.424,-103.962,True,-18.426,-103.730,-203.343,28.892,-4.605,3.087,-68.310,-73.033,48.886,-30.929,57.848,-4.523,2.583,5.209,0.814
17:49:47.870,77.214,-22.956,-99.885,True,-22.600,-102.393,-198.742,43.175,-4.196,3.213,-71.308,-70.108,48.353,-29.777,56.786,-3.945,2.535,4.689,0.838
17:49:47.890,77.235,-26.487,-99.885,True,-26.555,-101.147,-193.401,53.792,-4.169,3.211,-74.181,-67.060,47.694,-32.824,57.898,-3.644,2.419,4.374,0.792
17:49:47.911,77.255,-31.785,-91.731,True,-30.739,-98.134,-190.510,74.015,-2.840,3.306,-76.925,-63.895,45.140,-27.836,53.032,-2.390,2.534,3.484,0.880
17:49:47.935,77.279,-33.551,-101.923,True,-34.317,-97.878,-183.778,70.879,-3.859,2.908,-79.533,-60.618,45.982,-41.305,61.810,-3.215,2.308,3.958,0.431
17:49:47.955,77.300,-35.316,-91.731,True,-37.371,-95.361,-174.950,84.708,-3.132,2.395,-82.001,-57.234,46.685,-34.496,58.047,-2.517,1.868,3.134,0.816
17:49:47.976,77.320,-37.082,-95.808,True,-39.990,-94.164,-165.327,86.610,-3.454,1.820,-84.326,-53.750,47.244,-42.057,63.252,-2.870,1.318,3.158,0.479
17:49:47.996,77.340,-40.614,-89.692,True,-42.673,-91.796,-158.523,96.690,-3.148,1.381,-86.503,-50.172,45.889,-39.520,60.561,-2.480,0.990,2.670,0.447
17:49:48.016,77.361,-47.677,-89.692,True,-46.270,-89.822,-159.288,102.044,-3.183,1.945,-88.528,-46.505,40.851,-43.187,59.447,-2.491,1.365,2.840,0.732
17:49:48.036,77.381,-47.677,-81.538,True,-49.042,-86.331,-153.769,116.696,-2.303,1.820,-90.398,-42.758,42.721,-38.781,57.698,-1.613,1.201,2.011,0.750
17:49:48.056,77.401,-49.443,-81.538,True,-51.496,-83.426,-147.217,123.765,-1.996,1.690,-92.109,-38.935,42.666,-42.604,60.295,-1.354,0.939,1.648,0.714
17:49:48.076,77.421,-51.209,-75.423,True,-53.690,-79.667,-140.353,134.989,-1.361,1.629,-93.659,-35.043,42.450,-40.380,58.588,-0.669,0.636,0.923,0.466
17:49:48.097,77.442,-52.975,-77.462,True,-55.679,-77.082,-133.667,135.607,-1.710,1.530,-95.044,-31.090,42.069,-46.371,62.611,-0.913,0.336,0.973,0.692
17:49:48.117,77.461,-56.506,-67.269,True,-57.923,-72.720,-130.157,148.326,-0.877,1.541,-96.263,-27.083,39.756,-40.186,56.529,-0.031,0.326,0.327,0.469
17:49:48.137,77.482,-58.272,-65.231,True,-60.003,-68.703,-126.045,155.297,-0.263,1.457,-97.312,-23.028,39.040,-42.202,57.491,0.404,0.278,0.490,0.406
17:49:48.158,77.503,-61.804,-63.192,True,-62.356,-65.038,-124.375,158.140,-0.182,1.589,-98.191,-18.933,36.388,-44.259,57.297,0.495,0.477,0.688,0.509
17:49:48.179,77.524,-65.335,-48.923,True,-64.958,-58.866,-124.144,176.904,1.642,2.055,-98.898,-14.805,33.563,-34.118,47.859,2.110,0.855,2.277,0.869
17:49:48.199,77.544,-65.335,-53.000,True,-66.952,-54.787,-119.172,176.124,1.654,1.767,-99.431,-10.650,34.096,-42.350,54.369,2.045,0.842,2.211,0.608
17:49:48.220,77.565,-68.867,-44.846,True,-69.226,-49.774,-116.727,181.725,2.211,2.175,-99.790,-6.477,30.923,-38.369,49.279,2.575,1.084,2.793,0.800
17:49:48.241,77.585,-68.867,-50.962,True,-70.935,-47.259,-110.387,169.071,0.756,2.568,-99.974,-2.293,31.107,-48.669,57.760,1.425,0.997,1.739,0.636
17:49:48.264,77.608,-68.867,-50.962,True,-73.143,-43.878,-108.339,166.143,0.581,2.865,-99.982,1.896,31.115,-52.857,61.335,1.072,1.322,1.702,0.388
17:49:48.285,77.629,-60.038,-34.654,True,-71.004,-38.891,-78.073,174.586,1.245,0.642,-99.815,6.081,39.777,-40.735,56.934,1.774,-1.009,2.041,0.862
17:49:48.305,77.649,-74.165,-38.731,True,-72.992,-36.288,-82.839,165.331,0.684,1.294,-99.473,10.255,25.308,-48.986,55.138,0.861,-0.223,0.889,0.806
17:49:48.325,77.669,-81.228,-44.846,True,-76.332,-36.017,-93.876,144.486,-0.954,2.999,-98.956,14.412,17.728,-59.258,61.853,-1.268,1.277,1.799,0.851
17:49:48.345,77.689,-79.462,-40.769,True,-78.520,-35.021,-93.209,135.160,-1.843,4.163,-98.266,18.543,18.804,-59.312,62.222,-2.510,1.830,3.106,0.504
17:49:48.375,77.719,-82.994,-36.692,True,-81.016,-33.377,-93.453,133.602,-2.795,4.960,-97.403,22.642,14.409,-59.334,61.059,-3.117,2.542,4.022,0.508
17:49:48.395,77.740,-81.228,-26.500,True,-82.490,-29.703,-85.711,146.402,-2.140,4.761,-96.369,26.701,15.142,-53.201,55.313,-2.384,2.569,3.505,0.507
17:49:48.415,77.760,-82.994,-22.423,True,-83.919,-25.749,-78.597,157.897,-1.383,4.980,-95.167,30.713,12.173,-53.136,54.512,-1.666,2.662,3.141,0.443
17:49:48.436,77.780,-82.994,-20.385,True,-84.907,-22.075,-69.341,164.665,-1.305,4.589,-93.797,34.671,10.804,-55.056,56.106,-1.295,2.563,2.871,0.690
17:49:48.456,77.800,-86.525,-14.269,True,-86.347,-17.730,-64.428,174.175,-0.756,5.130,-92.263,38.568,5.738,-52.838,53.148,-0.598,2.867,2.929,0.702
17:49:48.481,77.826,-88.291,-12.231,True,-87.788,-13.778,-59.535,178.470,-0.433,5.424,-90.567,42.398,2.276,-54.629,54.676,-0.300,3.206,3.220,0.444
17:49:48.501,77.846,-90.057,-4.077,True,-89.230,-8.783,-54.591,188.434,0.444,5.673,-88.712,46.154,-1.345,-50.230,50.248,0.590,3.575,3.623,0.402
17:49:48.522,77.867,-90.057,-2.038,True,-90.260,-4.323,-46.843,191.768,0.923,5.681,-86.702,49.828,-3.355,-51.866,51.975,0.964,3.712,3.835,0.785
17:49:48.542,77.887,-88.291,2.038,True,-90.522,0.099,-34.772,193.651,0.941,5.331,-84.539,53.415,-3.752,-51.376,51.513,1.257,3.448,3.670,0.827
17:49:48.562,77.907,-90.057,0.000,True,-90.947,3.049,-25.913,184.989,0.374,5.348,-82.228,56.908,-7.829,-56.908,57.444,0.594,3.452,3.503,0.789
17:49:48.591,77.935,-90.057,8.154,True,-91.138,7.075,-16.664,185.920,0.705,5.354,-79.773,60.302,-10.284,-52.148,53.152,0.784,3.412,3.501,0.451
17:49:48.611,77.956,-90.057,10.192,True,-91.143,10.654,-7.486,183.387,0.600,5.178,-77.178,63.589,-12.879,-53.397,54.928,0.684,3.368,3.437,0.635
17:49:48.632,77.976,-91.823,20.385,True,-91.416,15.732,-1.379,191.266,1.484,5.267,-74.447,66.765,-17.376,-46.381,49.529,1.578,3.602,3.933,0.774
17:49:48.651,77.996,-86.525,14.269,True,-90.299,18.327,13.550,179.930,0.541,4.779,-71.586,69.824,-14.939,-55.555,57.529,0.762,3.015,3.110,0.512
17:49:48.672,78.017,-86.525,20.385,True,-89.214,21.567,25.105,176.006,0.343,4.441,-68.599,72.761,-17.926,-52.376,55.359,0.576,2.675,2.736,0.813
17:49:48.697,78.042,-90.057,20.385,True,-89.024,23.994,28.544,167.630,-0.080,4.839,-65.492,75.570,-24.565,-55.185,60.405,-0.036,3.061,3.061,0.421
17:49:48.717,78.062,-86.525,30.577,True,-88.005,28.098,37.781,172.642,0.628,4.952,-62.270,78.246,-24.255,-47.669,53.485,0.579,2.931,2.987,0.452
17:49:48.738,78.082,-81.228,32.615,True,-85.850,31.798,53.007,173.081,0.925,3.643,-58.939,80.785,-22.289,-48.169,53.076,0.847,2.207,2.364,0.452
17:49:48.758,78.103,-79.462,38.731,True,-83.551,36.067,65.683,176.645,1.395,3.374,-55.504,83.182,-23.958,-44.451,50.496,1.461,1.637,2.194,0.658
17:49:48.779,78.123,-75.930,44.846,True,-80.772,40.819,78.682,181.660,1.779,3.053,-51.972,85.433,-23.958,-40.587,47.131,2.297,0.967,2.493,0.800
17:49:48.807,78.151,-74.165,38.731,True,-78.028,43.122,88.359,168.200,0.971,2.558,-48.349,87.535,-25.815,-48.804,55.211,1.484,0.535,1.578,0.418
17:49:48.827,78.172,-72.399,50.962,True,-75.363,47.526,95.357,171.985,1.895,2.417,-44.641,89.483,-27.757,-38.521,47.480,2.234,0.307,2.254,0.829
17:49:48.848,78.192,-70.633,53.000,True,-72.800,51.439,100.299,170.502,2.462,2.358,-40.855,91.274,-29.778,-38.274,48.493,2.579,0.246,2.590,0.743
17:49:48.868,78.212,-68.867,55.038,True,-70.346,54.893,103.748,165.494,2.482,1.808,-36.997,92.904,-31.870,-37.866,49.493,2.638,0.318,2.657,0.629
17:49:48.888,78.233,-65.335,55.038,True,-67.589,57.468,108.885,155.241,2.067,1.551,-33.074,94.372,-32.261,-39.334,50.872,2.216,0.233,2.229,0.798
17:49:48.915,78.259,-61.804,57.077,True,-64.573,59.760,114.874,145.349,1.589,1.230,-29.093,95.674,-32.711,-38.597,50.594,1.793,0.053,1.794,0.484
17:49:48.936,78.281,-60.038,59.115,True,-61.756,61.842,118.399,136.241,1.041,1.400,-25.061,96.809,-34.977,-37.693,51.421,1.411,0.080,1.413,0.956
17:49:48.956,78.300,-56.506,63.192,True,-58.719,64.247,122.965,131.243,1.177,1.535,-20.985,97.773,-35.521,-34.581,49.574,1.392,0.005,1.392,0.539
17:49:48.976,78.321,-52.975,69.308,True,-55.496,67.438,127.991,132.102,1.788,1.305,-16.873,98.566,-36.102,-29.259,46.470,1.943,-0.130,1.947,0.583
17:49:48.997,78.342,-47.677,69.308,True,-51.715,69.901,135.757,126.930,1.833,0.712,-12.730,99.186,-34.947,-29.879,45.979,1.996,-0.548,2.070,0.808
17:49:49.025,78.370,-47.677,69.308,True,-48.999,72.439,134.631,122.828,2.096,1.251,-8.566,99.632,-39.112,-30.325,49.490,2.169,-0.176,2.176,0.385
17:49:49.046,78.390,-40.614,75.423,True,-44.702,75.045,144.538,119.323,2.388,0.323,-4.386,99.904,-36.228,-24.481,43.724,2.430,-0.830,2.568,0.466
17:49:49.066,78.411,-40.614,75.423,True,-41.492,76.895,144.848,110.949,2.463,0.406,-0.199,100.000,-40.415,-24.577,47.301,2.261,-0.647,2.352,0.793
17:49:49.087,78.431,-37.082,79.500,True,-38.208,79.213,145.950,106.923,2.794,0.422,3.989,99.920,-41.071,-20.420,45.868,2.502,-0.530,2.558,0.857
17:49:49.107,78.452,-33.551,81.538,True,-34.858,81.398,147.575,102.074,2.989,0.393,8.170,99.666,-41.721,-18.127,45.488,2.700,-0.461,2.739,0.786
17:49:49.136,78.481,-31.785,83.577,True,-31.877,83.473,146.814,96.739,3.237,0.585,12.336,99.236,-44.121,-15.659,46.818,2.879,-0.167,2.884,0.416
17:49:49.157,78.501,-26.487,87.654,True,-28.356,85.943,150.202,94.240,3.475,0.467,16.481,98.633,-42.968,-10.979,44.349,3.357,-0.253,3.367,0.821
17:49:49.177,78.521,-24.722,89.692,True,-25.204,88.267,150.638,90.170,3.773,0.593,20.597,97.856,-45.318,-8.164,46.048,3.741,-0.081,3.742,0.461
17:49:49.197,78.542,-19.424,93.769,True,-21.543,90.936,154.665,88.090,4.034,0.478,24.677,96.908,-44.101,-3.138,44.212,4.358,-0.250,4.365,0.718
17:49:49.220,78.564,-14.127,97.846,True,-17.442,93.898,160.714,86.952,4.722,0.249,28.713,95.789,-42.840,2.057,42.889,5.131,-0.648,5.172,0.487
17:49:49.245,78.590,-14.127,97.846,True,-14.228,95.637,159.383,76.410,4.471,0.632,32.699,94.503,-46.826,3.343,46.945,5.088,-0.404,5.104,0.479
17:49:49.266,78.610,-7.063,93.769,True,-9.919,96.207,165.713,59.842,4.070,-0.061,36.628,93.051,-43.691,0.719,43.697,4.455,-0.884,4.542,0.886
17:49:49.286,78.631,-7.063,103.962,True,-6.727,99.154,163.124,61.728,5.182,0.069,40.492,91.435,-47.555,12.526,49.178,5.519,-0.581,5.550,0.801
17:49:49.307,78.651,-7.063,97.846,True,-4.385,99.738,156.139,46.297,4.921,0.922,44.286,89.659,-51.349,8.187,51.997,5.028,0.164,5.031,0.825
17:49:49.327,78.672,-1.766,103.962,True,-1.387,101.481,155.688,41.123,5.665,1.161,48.001,87.726,-49.767,16.235,52.348,5.461,0.341,5.472,0.517
17:49:49.352,78.697,-1.766,108.038,True,0.881,103.693,151.016,38.724,6.803,1.585,51.633,85.639,-53.399,22.399,57.906,6.199,0.920,6.267,0.588
17:49:49.372,78.717,5.297,103.962,True,4.234,104.347,155.036,25.216,6.566,1.194,55.174,83.402,-49.876,20.560,53.948,5.940,0.704,5.981,0.443
17:49:49.393,78.737,5.297,114.154,True,6.854,107.045,153.386,27.150,7.687,1.395,58.618,81.018,-53.320,33.136,62.778,7.115,0.979,7.182,0.548
17:49:49.413,78.758,12.361,106.000,True,10.493,107.216,159.103,10.117,7.057,1.061,61.959,78.493,-49.598,27.507,56.716,6.592,0.554,6.615,0.762
17:49:49.433,78.778,12.361,116.192,True,13.369,109.466,158.242,9.919,7.976,1.254,65.192,75.829,-52.831,40.363,66.485,7.597,0.683,7.628,0.730
17:49:49.459,78.804,15.892,116.192,True,16.384,111.184,158.669,4.258,8.525,1.242,68.310,73.033,-52.417,43.160,67.900,8.172,0.677,8.200,0.448
17:49:49.480,78.825,22.956,116.192,True,20.348,112.414,165.248,-5.017,8.753,0.583,71.308,70.108,-48.353,46.084,66.796,8.444,0.059,8.444,1.013
17:49:49.500,78.844,26.487,116.192,True,24.312,113.215,169.703,-16.436,8.986,-0.051,74.181,67.060,-47.694,49.132,68.474,8.516,-0.450,8.528,0.569
17:49:49.520,78.865,28.253,116.192,True,27.833,113.655,169.617,-28.873,8.926,-0.126,76.925,63.895,-48.671,52.297,71.442,8.473,-0.605,8.494,0.753
17:49:49.541,78.885,30.019,116.192,True,30.945,113.802,166.526,-41.511,8.965,-0.050,79.533,60.618,-49.514,55.574,74.432,8.379,-0.513,8.395,0.785
17:49:49.568,78.912,37.082,108.038,True,34.928,111.824,169.771,-66.283,7.766,-0.667,82.001,57.234,-44.919,50.804,67.814,7.097,-1.033,7.172,0.414
17:49:49.588,78.933,38.848,106.000,True,38.446,109.452,168.452,-87.755,6.573,-0.899,84.326,53.750,-45.478,52.250,69.270,5.963,-1.196,6.082,0.801
17:49:49.609,78.954,40.614,103.962,True,41.535,106.828,164.155,-105.728,5.704,-0.701,86.503,50.172,-45.889,53.790,70.705,5.019,-1.112,5.141,0.913
17:49:49.629,78.974,44.146,103.962,True,44.662,104.539,160.839,-117.192,5.121,-1.106,88.528,46.505,-44.383,57.456,72.602,4.577,-1.130,4.714,0.901
17:49:49.650,78.994,42.380,93.769,True,46.600,100.235,150.103,-139.488,3.616,-0.663,90.398,42.758,-48.018,51.012,70.057,3.045,-0.462,3.080,0.799
17:49:49.677,79.022,51.209,95.808,True,49.976,97.065,151.612,-148.250,2.810,-0.830,92.109,38.935,-40.900,56.873,70.053,2.624,-0.903,2.775,0.478
17:49:49.698,79.043,54.741,89.692,True,53.411,93.075,152.406,-160.380,2.028,-1.386,93.659,35.043,-38.918,54.649,67.091,1.833,-1.344,2.273,0.895
17:49:49.718,79.063,58.272,91.731,True,56.880,90.300,152.417,-161.297,2.115,-1.875,95.044,31.090,-36.772,60.640,70.918,2.019,-1.776,2.689,0.519
17:49:49.739,79.084,61.804,79.500,True,60.365,85.314,151.633,-177.020,0.893,-2.398,96.263,27.083,-34.459,52.417,62.729,0.817,-2.196,2.343,0.803
17:49:49.759,79.104,60.038,81.538,True,62.616,81.719,141.989,-179.058,0.872,-2.209,97.312,23.028,-37.274,58.510,69.374,0.783,-1.832,1.993,0.833
17:49:49.785,79.130,60.038,81.538,True,65.456,78.138,138.225,-180.667,0.615,-1.943,98.191,18.933,-38.153,62.605,73.315,0.787,-1.999,2.149,0.384
17:49:49.806,79.151,68.867,71.346,True,68.403,73.628,135.284,-188.020,0.066,-2.292,98.898,14.805,-30.031,56.541,64.022,0.242,-2.276,2.289,0.818
17:49:49.826,79.171,72.399,63.192,True,71.453,68.086,132.779,-199.759,-1.100,-2.623,99.431,10.650,-27.033,52.542,59.088,-0.791,-2.639,2.755,0.793
17:49:49.847,79.191,74.165,55.038,True,74.123,61.775,127.448,-212.689,-2.340,-2.648,99.790,6.477,-25.625,48.561,54.908,-2.055,-2.779,3.456,0.750
17:49:49.867,79.211,75.930,61.154,True,76.488,58.422,120.582,-202.794,-1.546,-2.244,99.974,2.293,-24.043,58.861,63.582,-1.255,-2.794,3.063,0.615
17:49:49.893,79.237,77.696,50.962,True,78.608,53.541,112.993,-205.440,-1.728,-2.300,99.982,-1.896,-22.286,52.857,57.363,-1.566,-2.750,3.165,0.439
17:49:49.914,79.259,79.462,53.000,True,80.533,50.282,105.205,-196.795,-0.962,-2.183,99.815,-6.081,-20.353,59.081,62.488,-0.825,-2.688,2.812,0.912
17:49:49.935,79.279,82.994,44.846,True,82.721,45.993,100.221,-197.374,-0.619,-2.466,99.473,-10.255,-16.479,55.102,57.513,-0.886,-2.896,3.028,0.658
17:49:49.955,79.300,84.759,46.885,True,84.734,43.178,94.323,-188.219,0.329,-2.730,98.956,-14.412,-14.197,61.296,62.919,-0.027,-3.045,3.045,0.778
17:49:49.976,79.320,86.525,42.808,True,86.598,40.205,87.922,-183.012,0.922,-2.789,98.266,-18.543,-11.740,61.351,62.464,0.544,-3.168,3.214,0.501
17:49:50.003,79.347,86.525,38.731,True,87.931,37.053,78.628,-180.803,1.521,-2.507,97.403,-22.642,-10.878,61.372,62.329,0.880,-3.032,3.157,0.413
17:49:50.023,79.367,93.589,34.654,True,90.452,33.720,78.627,-180.757,1.971,-3.596,96.369,-26.701,-2.781,61.355,61.418,1.034,-3.768,3.908,0.528
17:49:50.043,79.388,93.589,32.615,True,92.388,30.688,73.273,-179.046,1.996,-4.222,95.167,-30.713,-1.578,63.328,63.348,1.345,-4.078,4.295,0.558
17:49:50.064,79.409,93.589,20.385,True,93.792,25.545,64.488,-192.091,0.948,-4.335,93.797,-34.671,-0.209,55.056,55.056,0.271,-4.095,4.104,0.852
17:49:50.093,79.437,97.120,22.423,True,95.556,21.870,59.194,-191.547,1.162,-4.386,92.263,-38.568,4.857,60.992,61.185,0.352,-4.442,4.456,0.414
17:49:50.114,79.459,97.120,18.346,True,96.828,18.111,50.651,-191.801,1.154,-4.607,90.567,-42.398,6.553,60.744,61.097,0.351,-4.514,4.528,0.623
17:49:50.134,79.479,100.652,18.346,True,98.495,15.222,45.682,-186.286,1.607,-5.078,88.712,-46.154,11.940,64.500,65.595,0.880,-4.928,5.006,0.738
17:49:50.155,79.499,100.652,14.269,True,99.698,12.141,37.461,-183.848,1.642,-4.988,86.702,-49.828,13.950,64.097,65.598,1.158,-5.071,5.202,0.836
17:49:50.174,79.519,100.652,6.115,True,100.495,7.918,27.356,-189.822,1.031,-5.140,84.539,-53.415,16.113,59.530,61.672,0.647,-5.042,5.084,0.509
17:49:50.199,79.543,104.184,-2.038,True,101.772,2.689,21.804,-200.576,0.520,-5.006,82.228,-56.908,21.955,54.870,59.099,-0.396,-5.433,5.447,0.659
17:49:50.221,79.566,104.184,-2.038,True,102.208,-1.323,10.641,-199.763,0.279,-5.057,79.773,-60.302,24.411,58.263,63.170,-0.472,-5.323,5.344,0.477
17:49:50.242,79.586,104.184,-8.154,True,102.919,-6.118,2.888,-203.916,-0.411,-4.806,77.178,-63.589,27.006,55.435,61.664,-1.048,-5.515,5.614,0.963
17:49:50.262,79.606,104.184,-20.385,True,103.299,-12.917,-6.408,-218.936,-1.979,-4.835,74.447,-66.765,29.736,46.381,55.095,-2.753,-5.569,6.212,0.474
17:49:50.282,79.627,104.184,-16.308,True,103.430,-17.043,-16.220,-211.691,-1.727,-4.564,71.586,-69.824,32.597,53.517,62.663,-2.513,-5.565,6.107,0.642
17:49:50.304,79.649,104.184,-20.385,True,103.373,-21.056,-25.970,-205.133,-1.839,-4.619,68.599,-72.761,35.584,52.376,63.321,-2.320,-5.553,6.018,0.511
17:49:50.327,79.671,104.184,-22.423,True,103.176,-24.496,-35.337,-196.168,-1.352,-5.330,65.492,-75.570,38.691,53.147,65.739,-1.881,-5.561,5.870,0.430
17:49:50.347,79.692,104.184,-34.654,True,102.877,-29.905,-44.153,-201.789,-1.989,-5.541,62.270,-78.246,41.913,43.592,60.473,-2.804,-5.606,6.268,0.764
17:49:50.367,79.712,104.184,-38.731,True,102.510,-35.070,-52.353,-203.290,-2.694,-5.863,58.939,-80.785,45.244,42.054,61.771,-3.443,-5.699,6.659,0.442
17:49:50.387,79.732,100.652,-34.654,True,101.273,-38.087,-65.293,-189.422,-2.224,-5.463,55.504,-83.182,45.147,48.528,66.282,-2.691,-5.333,5.973,0.395
17:49:50.409,79.753,100.652,-36.692,True,100.127,-40.667,-75.210,-176.025,-1.603,-5.328,51.972,-85.433,48.679,48.741,68.887,-1.908,-5.197,5.536,0.892
17:49:50.435,79.779,100.652,-36.692,True,99.095,-42.444,-82.801,-160.702,-0.126,-5.422,48.349,-87.535,52.303,50.843,72.942,-0.868,-5.251,5.323,0.448
17:49:50.455,79.800,97.120,-46.885,True,97.365,-45.943,-94.076,-160.789,-0.549,-5.011,44.641,-89.483,52.479,42.598,67.592,-1.195,-4.945,5.087,0.712
17:49:50.476,79.820,97.120,-44.846,True,95.864,-48.157,-101.736,-151.748,0.182,-4.829,40.855,-91.274,56.265,46.427,72.947,-0.708,-4.932,4.982,0.749
17:49:50.497,79.841,95.354,-46.885,True,94.183,-50.191,-109.536,-143.706,0.755,-4.492,36.997,-92.904,58.357,46.020,74.320,-0.281,-4.887,4.895,0.901
17:49:50.516,79.861,93.589,-59.115,True,92.364,-54.471,-117.134,-152.390,-0.299,-4.364,33.074,-94.372,60.514,35.257,70.036,-1.415,-4.840,5.043,0.466
17:49:50.542,79.887,90.057,-65.231,True,90.029,-59.312,-127.024,-161.292,-1.609,-4.089,29.093,-95.674,60.964,30.444,68.142,-2.713,-4.553,5.300,0.516
17:49:50.563,79.907,86.525,-61.154,True,87.265,-62.216,-137.855,-153.598,-2.175,-3.529,25.061,-96.809,61.464,35.655,71.057,-2.591,-4.128,4.874,0.743
17:49:50.583,79.927,82.994,-65.231,True,84.156,-65.275,-148.654,-148.187,-2.825,-2.895,20.985,-97.773,62.008,32.543,70.029,-2.681,-3.642,4.523,0.459
17:49:50.603,79.947,79.462,-79.500,True,80.782,-70.858,-158.771,-159.917,-4.026,-2.492,16.873,-98.566,62.589,19.066,65.429,-4.418,-3.153,5.428,0.450
17:49:50.624,79.968,75.930,-69.308,True,77.217,-72.952,-167.814,-143.574,-3.233,-2.447,12.730,-99.186,63.200,29.879,69.907,-3.685,-2.698,4.567,0.838
17:49:50.652,79.997,72.399,-73.385,True,73.521,-75.256,-175.593,-132.272,-2.894,-1.899,8.566,-99.632,63.833,26.248,69.019,-3.352,-2.301,4.066,0.449
17:49:50.673,80.017,70.633,-73.385,True,70.154,-76.851,-179.366,-118.478,-2.339,-1.451,4.386,-99.904,66.247,26.519,71.358,-2.750,-2.230,3.541,0.396
17:49:50.693,80.037,65.335,-77.462,True,66.280,-78.812,-185.829,-110.138,-2.310,-0.709,0.199,-100.000,65.137,22.538,68.926,-2.607,-1.884,3.216,0.416
17:49:50.713,80.058,61.804,-79.500,True,62.387,-80.663,-190.862,-102.467,-2.321,-0.482,-3.989,-99.920,65.793,20.420,68.889,-2.519,-1.625,2.998,0.470
17:49:50.734,80.078,61.804,-79.500,True,59.322,-81.965,-189.261,-92.384,-1.552,-0.963,-8.170,-99.666,69.974,20.166,72.822,-2.202,-1.958,2.946,0.816
17:49:50.760,80.105,58.272,-81.538,True,56.172,-83.284,-189.105,-84.386,-1.666,-1.679,-12.336,-99.236,70.608,17.698,72.793,-2.056,-2.179,2.995,0.530
17:49:50.781,80.126,49.443,-85.615,True,51.705,-85.122,-198.082,-81.144,-1.838,-0.996,-16.481,-98.633,65.924,13.017,67.197,-2.355,-1.542,2.815,0.817
17:49:50.801,80.146,47.677,-87.654,True,47.728,-86.956,-201.351,-77.694,-2.206,-1.387,-20.597,-97.856,68.274,10.202,69.032,-2.677,-1.363,3.004,0.426
17:49:50.822,80.167,44.146,-89.692,True,43.804,-88.784,-203.473,-73.999,-2.714,-1.494,-24.677,-96.908,68.822,7.215,69.199,-3.018,-1.260,3.270,0.770
17:49:50.842,80.187,40.614,-89.692,True,39.939,-90.132,-204.720,-66.926,-2.649,-1.725,-28.713,-95.789,69.327,6.097,69.595,-3.079,-1.217,3.311,0.718
17:49:50.867,80.211,37.082,-91.731,True,36.132,-91.531,-205.330,-60.998,-2.420,-1.193,-32.699,-94.503,69.781,2.772,69.836,-3.259,-1.215,3.478,0.429
17:49:50.887,80.232,33.551,-91.731,True,32.380,-92.514,-205.497,-52.745,-2.724,-1.100,-36.628,-93.051,70.178,1.320,70.191,-3.239,-1.241,3.468,0.663
17:49:50.908,80.252,30.019,-91.731,True,28.676,-93.142,-205.376,-43.284,-3.137,-0.756,-40.492,-91.435,70.511,-0.296,70.512,-3.103,-1.282,3.357,0.601
17:49:50.928,80.273,26.487,-97.846,True,25.015,-94.899,-205.080,-42.772,-3.998,-1.109,-44.286,-89.659,70.773,-8.187,71.245,-3.802,-1.328,4.027,0.814
17:49:50.949,80.293,22.956,-106.000,True,21.388,-98.135,-204.689,-50.607,-6.235,-1.074,-48.001,-87.726,70.957,-18.274,73.272,-5.370,-1.371,5.542,0.650
17:49:50.978,80.322,19.424,-106.000,True,17.789,-100.739,-204.253,-50.039,-7.149,-1.473,-51.633,-85.639,71.057,-20.361,73.916,-6.306,-1.406,6.461,0.658
17:49:51.000,80.344,14.127,-106.000,True,13.802,-102.730,-206.495,-43.589,-7.627,-1.368,-55.174,-83.402,69.300,-22.598,72.892,-6.772,-1.171,6.872,1.140
17:49:51.020,80.365,8.829,-106.000,True,9.476,-104.159,-210.188,-33.338,-7.841,-1.207,-58.618,-81.018,67.447,-24.982,71.925,-6.910,-0.754,6.951,0.816
17:49:51.041,80.385,1.766,-99.885,True,4.458,-103.678,-217.091,-11.595,-7.074,-0.028,-61.959,-78.493,63.725,-21.392,67.220,-5.953,0.032,5.953,0.837
17:49:51.061,80.406,0.000,-97.846,True,0.089,-102.501,-217.202,9.895,-5.821,0.176,-65.192,-75.829,65.192,-22.017,68.809,-4.896,0.275,4.904,0.801
17:49:51.090,80.434,-3.532,-103.962,True,-4.087,-102.688,-215.534,17.421,-5.587,0.433,-68.310,-73.033,64.778,-30.929,71.783,-5.036,0.388,5.051,0.466
17:49:51.111,80.455,-5.297,-106.000,True,-7.677,-103.190,-210.003,22.178,-5.845,0.166,-71.308,-70.108,66.011,-35.892,75.138,-5.443,0.159,5.446,1.065
17:49:51.131,80.476,-12.361,-101.923,True,-11.990,-102.555,-210.414,34.620,-5.305,0.521,-74.181,-67.060,61.821,-34.863,70.973,-5.153,0.483,5.176,0.769
17:49:51.151,80.496,-15.892,-101.923,True,-16.127,-101.877,-208.955,45.115,-5.510,0.780,-76.925,-63.895,61.032,-38.028,71.910,-5.001,0.679,5.047,0.450
17:49:51.175,80.519,-17.658,-99.885,True,-19.691,-100.721,-203.515,57.055,-5.295,0.566,-79.533,-60.618,61.875,-39.267,73.283,-4.682,0.532,4.713,0.409
17:49:51.196,80.540,-19.424,-97.846,True,-22.754,-99.177,-195.799,69.324,-4.865,-0.094,-82.001,-57.234,62.577,-40.612,74.601,-4.284,0.165,4.287,0.407
17:49:51.217,80.561,-26.487,-89.692,True,-26.627,-95.909,-195.183,90.494,-3.295,0.151,-84.326,-53.750,57.839,-35.942,68.097,-2.984,0.446,3.018,0.695
17:49:51.237,80.582,-35.316,-83.577,True,-31.643,-91.655,-201.574,112.696,-1.474,0.761,-86.503,-50.172,51.187,-33.405,61.123,-1.434,1.440,2.032,0.707
17:49:51.258,80.602,-33.551,-85.615,True,-35.181,-88.521,-195.372,121.423,-1.265,1.298,-88.528,-46.505,54.978,-39.110,67.469,-0.990,1.360,1.682,0.585
17:49:51.278,80.622,-37.082,-83.577,True,-38.622,-85.508,-189.515,127.300,-1.151,1.163,-90.398,-42.758,53.316,-40.819,67.148,-0.769,1.313,1.522,0.445
17:49:51.304,80.648,-37.082,-83.577,True,-42.413,-82.962,-186.817,128.881,-1.180,1.762,-92.109,-38.935,55.027,-44.642,70.858,-0.933,1.572,1.829,0.366
17:49:51.325,80.670,-44.146,-69.308,True,-45.584,-77.262,-179.973,150.781,0.690,1.717,-93.659,-35.043,49.513,-34.264,60.213,0.832,1.474,1.692,1.102
17:49:51.345,80.690,-47.677,-67.269,True,-48.782,-72.384,-174.408,160.820,1.296,1.771,-95.044,-31.090,47.367,-36.179,59.603,1.662,1.496,2.236,0.881
17:49:51.366,80.711,-47.677,-59.115,True,-51.095,-66.597,-163.951,173.570,2.388,0.787,-96.263,-27.083,48.585,-32.032,58.195,2.840,1.058,3.031,0.841
17:49:51.388,80.732,-52.975,-57.077,True,-54.027,-61.627,-159.592,177.178,2.753,0.665,-97.312,-23.028,44.338,-34.049,55.903,3.259,1.171,3.463,0.381
17:49:51.412,80.756,-54.741,-53.000,True,-56.619,-56.852,-153.382,178.282,3.323,0.391,-98.191,-18.933,43.451,-34.067,55.213,3.470,1.132,3.650,0.418
17:49:51.433,80.777,-56.506,-42.808,True,-58.929,-50.790,-146.220,187.093,4.401,0.170,-98.898,-14.805,42.392,-28.003,50.806,4.430,1.009,4.543,0.616
17:49:51.453,80.798,-60.038,-42.808,True,-61.426,-46.049,-141.395,184.420,4.265,0.406,-99.431,-10.650,39.393,-32.157,50.852,4.382,1.109,4.520,0.806
17:49:51.473,80.818,-63.570,-24.462,True,-64.093,-38.172,-138.080,202.549,5.993,0.758,-99.790,-6.477,36.220,-17.984,40.439,6.300,1.377,6.449,0.411
17:49:51.494,80.838,-70.633,-24.462,True,-67.736,-31.869,-140.987,204.268,6.749,1.486,-99.974,-2.293,29.341,-22.169,36.774,6.848,2.278,7.217,0.640
17:49:51.523,80.867,-67.101,-28.538,True,-69.752,-27.959,-131.053,189.050,5.860,1.862,-99.982,1.896,32.881,-30.434,44.804,5.824,2.063,6.178,0.429
17:49:51.543,80.888,-70.633,-32.615,True,-71.969,-26.139,-124.162,164.221,3.567,2.149,-99.815,6.081,29.182,-38.696,48.466,3.757,2.119,4.313,0.571
17:49:51.563,80.908,-74.165,-28.538,True,-74.385,-24.175,-119.371,147.820,1.994,2.629,-99.473,10.255,25.308,-38.794,46.319,2.258,2.386,3.284,0.796
17:49:51.584,80.928,-77.696,-26.500,True,-76.987,-22.446,-115.882,135.105,0.788,3.201,-98.956,14.412,21.260,-40.912,46.106,0.947,2.810,2.965,0.800
17:49:51.605,80.949,-72.399,-20.385,True,-77.700,-19.893,-99.537,132.178,0.063,2.583,-98.266,18.543,25.867,-38.928,46.738,0.434,2.062,2.108,0.762
17:49:51.630,80.975,-81.228,-20.385,True,-80.048,-17.978,-97.654,126.484,-0.790,3.281,-97.403,22.642,16.175,-43.026,45.966,-0.380,2.608,2.635,0.435
17:49:51.651,80.996,-86.525,-18.346,True,-83.053,-16.122,-99.225,122.827,-0.817,3.858,-96.369,26.701,9.844,-45.047,46.110,-1.068,3.544,3.702,0.791
17:49:51.672,81.016,-88.291,-18.346,True,-85.794,-14.754,-96.925,117.855,-1.780,3.975,-95.167,30.713,6.876,-49.059,49.538,-1.932,4.215,4.636,0.773
17:49:51.692,81.036,-90.057,-14.269,True,-88.273,-12.833,-91.822,118.958,-2.120,4.793,-93.797,34.671,3.740,-48.940,49.083,-2.283,4.688,5.215,0.460
17:49:51.712,81.057,-91.823,-12.231,True,-90.508,-10.867,-84.812,120.930,-2.398,4.701,-92.263,38.568,0.440,-50.799,50.801,-2.558,5.023,5.637,0.507
17:49:51.739,81.083,-93.589,-8.154,True,-92.526,-8.380,-76.608,126.637,-2.201,4.539,-90.567,42.398,-3.022,-50.552,50.642,-2.474,5.272,5.823,0.720
17:49:51.759,81.104,-100.652,14.269,True,-95.592,-1.170,-75.858,162.477,0.633,5.411,-88.712,46.154,-11.940,-31.884,34.047,0.518,6.243,6.264,0.781
17:49:51.779,81.124,-98.886,-6.115,True,-97.522,0.175,-65.748,148.886,-0.821,5.712,-86.702,49.828,-12.184,-55.943,57.255,-0.828,6.417,6.470,0.748
17:49:51.799,81.144,-100.652,-8.154,True,-99.259,0.524,-55.337,133.310,-2.554,5.637,-84.539,53.415,-16.113,-61.569,63.642,-2.488,6.564,7.019,0.810
17:49:51.820,81.164,-105.949,-8.154,True,-101.663,0.554,-50.382,121.089,-4.416,6.229,-82.228,56.908,-23.721,-65.062,69.251,-3.981,7.226,8.250,0.828
17:49:51.848,81.193,-104.184,4.077,True,-103.023,3.231,-37.847,130.952,-4.188,5.717,-79.773,60.302,-24.411,-56.225,61.295,-3.503,7.219,8.024,0.411
17:49:51.868,81.213,-104.184,6.115,True,-103.873,5.912,-23.631,138.554,-4.231,5.248,-77.178,63.589,-27.006,-57.474,63.502,-3.146,7.030,7.702,0.393
17:49:51.889,81.233,-104.184,4.077,True,-104.308,7.613,-8.939,137.983,-4.472,4.857,-74.447,66.765,-29.736,-62.688,69.384,-3.488,6.753,7.600,0.713
17:49:51.909,81.254,-104.184,18.346,True,-104.417,12.225,5.399,157.326,-3.381,4.120,-71.586,69.824,-32.597,-51.478,60.931,-1.938,6.457,6.741,0.775
17:49:51.930,81.274,-104.184,16.308,True,-104.280,15.589,18.856,162.737,-3.146,3.895,-68.599,72.761,-35.584,-56.453,66.732,-1.505,6.193,6.373,0.618
17:49:51.956,81.300,-102.418,16.308,True,-103.557,18.255,33.847,161.956,-3.306,3.570,-65.492,75.570,-36.925,-59.262,69.825,-1.585,5.734,5.949,0.482
17:49:51.976,81.321,-102.418,26.500,True,-102.773,22.657,46.335,172.857,-2.141,3.442,-62.270,78.246,-40.147,-51.746,65.494,-0.535,5.446,5.472,0.755
17:49:51.997,81.342,-100.652,28.538,True,-101.569,26.677,59.349,177.658,-1.684,3.175,-58.939,80.785,-41.713,-52.246,66.855,0.077,5.060,5.061,0.764
17:49:52.018,81.362,-100.652,34.654,True,-100.445,31.258,69.333,184.255,-0.736,3.069,-55.504,83.182,-45.147,-48.528,66.282,0.948,4.904,4.995,0.623
17:49:52.039,81.383,-98.886,40.769,True,-99.018,36.297,79.672,191.204,0.175,3.285,-51.972,85.433,-46.914,-44.664,64.775,1.967,4.684,5.080,0.814
17:49:52.065,81.409,-98.886,40.769,True,-97.425,40.121,89.295,187.162,0.163,3.187,-48.349,87.535,-50.537,-46.766,68.855,2.067,4.493,4.946,0.366
17:49:52.085,81.430,-93.589,46.885,True,-95.061,44.716,102.225,188.364,0.839,2.957,-44.641,89.483,-48.947,-42.598,64.888,2.692,3.950,4.780,0.785
17:49:52.106,81.450,-93.589,48.923,True,-93.169,48.600,109.377,183.575,1.168,2.624,-40.855,91.274,-52.734,-42.351,67.634,2.821,3.888,4.804,0.721
17:49:52.126,81.470,-93.589,57.077,True,-91.648,53.501,113.174,185.504,2.070,3.182,-36.997,92.904,-56.592,-35.827,66.979,3.621,4.131,5.494,0.689
17:49:52.146,81.491,-90.057,61.154,True,-89.551,58.188,120.612,184.221,2.691,3.082,-33.074,94.372,-56.983,-33.218,65.958,4.206,4.037,5.830,0.899
17:49:52.166,81.511,-86.525,67.269,True,-86.990,63.179,129.849,183.860,3.433,3.059,-29.093,95.674,-57.432,-28.405,64.073,4.947,3.744,6.205,0.619
17:49:52.187,81.531,-86.525,71.346,True,-84.901,67.926,134.299,180.525,3.847,3.257,-25.061,96.809,-61.464,-25.463,66.529,5.484,3.864,6.709,0.394
17:49:52.207,81.552,-86.525,69.308,True,-83.231,71.011,135.705,165.879,3.411,3.628,-20.985,97.773,-65.540,-28.466,71.455,4.993,4.273,6.572,0.637
17:49:52.228,81.572,-82.994,77.462,True,-81.097,75.062,140.730,160.369,3.655,3.661,-16.873,98.566,-66.121,-21.105,69.408,5.318,4.364,6.879,0.841
17:49:52.248,81.593,-81.228,77.462,True,-78.969,78.081,145.224,148.217,3.424,3.640,-12.730,99.186,-68.498,-21.725,71.860,5.043,4.496,6.756,0.781
17:49:52.268,81.613,-79.462,79.500,True,-76.854,80.686,149.291,135.505,3.095,4.011,-8.566,99.632,-70.896,-20.132,73.699,4.682,4.662,6.607,0.459
17:49:52.290,81.634,-79.462,79.500,True,-73.869,83.396,158.870,125.885,3.107,3.541,-4.386,99.904,-75.076,-20.404,77.799,4.576,4.301,6.280,0.455
17:49:52.311,81.655,-75.930,87.654,True,-72.168,86.404,158.257,119.620,3.322,4.128,-0.199,100.000,-75.732,-12.346,76.732,4.782,4.855,6.814,0.903
17:49:52.331,81.675,-72.399,89.692,True,-69.909,89.036,162.508,111.305,3.418,4.274,3.989,99.920,-76.388,-10.228,77.070,4.815,4.984,6.930,0.762
17:49:52.351,81.695,-70.633,93.769,True,-67.676,91.903,166.348,105.451,3.748,4.476,8.170,99.666,-78.803,-5.896,79.023,5.090,5.144,7.236,0.415
17:49:52.372,81.717,-68.867,95.808,True,-65.469,94.458,169.846,97.802,3.860,4.668,12.336,99.236,-81.203,-3.428,81.276,5.222,5.327,7.460,0.642
17:49:52.393,81.738,-65.335,95.808,True,-62.863,96.267,175.772,86.141,3.630,4.616,16.481,98.633,-81.817,-2.825,81.865,4.981,5.270,7.251,0.417
17:49:52.413,81.758,-65.335,101.923,True,-60.775,98.928,177.468,81.904,4.142,4.917,20.597,97.856,-85.932,4.067,86.029,5.424,5.582,7.783,0.402
17:49:52.434,81.778,-58.272,103.962,True,-57.473,101.367,187.348,75.920,4.376,4.525,24.677,96.908,-82.949,7.054,83.248,5.746,5.116,7.693,0.591
17:49:52.454,81.799,-56.506,108.038,True,-54.377,104.092,193.636,71.941,5.022,4.320,28.713,95.789,-85.219,12.249,86.095,6.289,4.911,7.979,0.934
17:49:52.475,81.819,-54.741,110.077,True,-51.493,106.592,197.285,65.932,5.349,4.381,32.699,94.503,-87.440,15.574,88.816,6.692,4.907,8.298,0.850
17:49:52.501,81.846,-51.209,114.154,True,-48.399,109.364,201.790,61.694,5.987,4.100,36.628,93.051,-87.837,21.103,90.336,7.297,4.794,8.731,0.416
17:49:52.522,81.867,-44.146,120.269,True,-44.313,112.846,211.973,61.461,7.126,3.606,40.492,91.435,-84.638,28.834,89.415,8.338,4.102,9.293,0.821
17:49:52.543,81.887,-40.614,114.154,True,-40.199,114.094,219.574,44.448,6.671,3.053,44.286,89.659,-84.900,24.495,88.362,7.884,3.552,8.647,0.778
17:49:52.563,81.907,-37.082,118.231,True,-36.104,115.738,224.922,33.219,6.737,2.688,48.001,87.726,-85.084,30.505,90.387,7.912,3.134,8.510,0.602
17:49:52.583,81.927,-35.316,118.231,True,-32.468,116.827,225.680,19.763,6.333,2.626,51.633,85.639,-86.949,32.592,92.857,7.715,3.085,8.309,0.504
17:49:52.608,81.953,-30.019,120.269,True,-28.435,117.931,228.857,8.578,6.441,2.272,55.174,83.402,-85.193,36.867,92.828,7.697,2.781,8.184,0.751
17:49:52.629,81.973,-26.487,122.308,True,-24.469,119.081,230.544,-0.795,6.574,2.016,58.618,81.018,-85.105,41.289,94.592,7.833,2.566,8.243,0.893
17:49:52.649,81.994,-21.190,122.308,True,-20.168,119.819,233.778,-11.924,6.480,1.818,61.959,78.493,-83.149,43.815,93.987,7.802,2.162,8.096,0.758
17:49:52.670,82.015,-19.424,126.385,True,-16.407,121.163,232.202,-17.539,7.063,1.905,65.192,75.829,-84.616,50.556,98.568,8.276,2.153,8.551,0.985
17:49:52.693,82.038,-12.361,126.385,True,-11.902,122.108,235.710,-26.017,7.324,1.545,68.310,73.033,-80.671,53.352,96.717,8.512,1.643,8.669,0.473
17:49:52.718,82.062,-8.829,126.385,True,-7.570,122.704,236.574,-36.169,7.464,1.150,71.308,70.108,-80.137,56.277,97.924,8.596,1.311,8.696,0.427
17:49:52.738,82.083,-1.766,118.231,True,-2.589,121.108,240.908,-59.564,6.235,0.498,74.181,67.060,-75.947,51.170,91.577,7.411,0.600,7.436,0.755
17:49:52.759,82.103,5.297,118.231,True,2.943,119.525,246.829,-77.369,5.370,-0.407,76.925,63.895,-71.627,54.336,89.904,6.608,-0.354,6.618,0.533
17:49:52.779,82.123,8.829,116.192,True,8.100,117.563,247.553,-93.674,4.523,-0.965,79.533,60.618,-70.704,55.574,89.931,5.845,-0.928,5.918,0.452
17:49:52.799,82.144,14.127,114.154,True,13.301,115.332,247.289,-108.029,3.844,-1.417,82.001,57.234,-67.875,56.920,88.582,5.172,-1.477,5.379,0.439
17:49:52.828,82.172,19.424,112.115,True,18.520,112.926,246.053,-120.269,3.416,-1.904,84.326,53.750,-64.902,58.365,87.286,4.618,-1.998,5.032,0.415
17:49:52.848,82.193,22.956,108.038,True,23.329,109.944,241.205,-133.548,2.723,-2.148,86.503,50.172,-63.547,57.867,85.947,3.898,-2.235,4.493,0.692
17:49:52.869,82.213,30.019,106.000,True,28.586,106.977,239.463,-143.501,2.308,-2.759,88.528,46.505,-58.509,59.495,83.444,3.411,-2.794,4.409,0.806
17:49:52.889,82.234,33.551,99.885,True,33.416,103.126,233.989,-156.957,1.560,-3.318,90.398,42.758,-56.847,57.127,80.592,2.535,-3.060,3.973,0.791
17:49:52.913,82.257,35.316,97.846,True,37.450,99.490,223.458,-165.434,0.994,-2.918,92.109,38.935,-56.793,58.912,81.829,2.035,-2.872,3.520,0.779
17:49:52.935,82.279,38.848,95.808,True,41.206,96.094,212.867,-170.185,0.619,-2.474,93.659,35.043,-54.811,60.764,81.832,1.836,-2.656,3.229,0.460
17:49:52.955,82.300,45.911,95.808,True,45.567,93.415,208.094,-169.196,0.949,-2.807,95.044,31.090,-49.133,64.717,81.255,2.162,-2.969,3.673,0.812
17:49:52.976,82.320,47.677,93.769,True,49.252,90.899,198.860,-167.929,0.965,-2.748,96.263,27.083,-48.585,66.686,82.508,2.552,-2.894,3.858,0.847
17:49:52.996,82.341,51.209,91.731,True,52.760,88.514,189.828,-166.773,1.100,-2.720,97.312,23.028,-46.103,68.702,82.738,2.971,-2.829,4.103,0.763
17:49:53.018,82.362,61.804,85.615,True,57.776,85.280,192.028,-172.211,0.776,-3.584,98.191,18.933,-36.388,66.682,75.964,2.804,-3.826,4.743,0.743
17:49:53.044,82.388,61.804,85.615,True,61.616,81.836,184.168,-177.972,0.415,-3.809,98.898,14.805,-37.094,70.811,79.938,2.580,-3.976,4.739,0.355
17:49:53.064,82.409,67.101,81.538,True,65.808,79.196,179.250,-177.388,0.621,-4.348,99.431,10.650,-32.330,70.888,77.913,2.931,-4.421,5.304,0.720
17:49:53.085,82.429,70.633,79.500,True,69.724,76.676,172.255,-176.923,1.015,-4.790,99.790,6.477,-29.157,73.023,78.629,3.303,-4.713,5.755,0.818
17:49:53.105,82.449,72.399,77.462,True,72.972,74.244,161.333,-176.756,1.389,-4.987,99.974,2.293,-27.575,75.169,80.067,3.676,-4.654,5.931,0.444
17:49:53.126,82.470,77.696,69.308,True,76.570,70.361,154.109,-186.496,0.885,-5.300,99.982,-1.896,-22.286,71.203,74.610,3.121,-4.939,5.842,0.485
17:49:53.154,82.499,79.462,73.385,True,79.606,68.267,143.670,-182.544,1.546,-5.260,99.815,-6.081,-20.353,79.465,82.031,3.805,-4.939,6.235,0.424
17:49:53.175,82.519,82.994,67.269,True,82.602,65.248,134.304,-186.325,1.666,-5.126,99.473,-10.255,-16.479,77.525,79.257,3.804,-5.036,6.311,0.772
17:49:53.195,82.539,82.994,73.385,True,84.747,64.317,120.479,-176.156,3.124,-4.928,98.956,-14.412,-15.962,87.796,89.236,5.118,-4.709,6.955,0.421
17:49:53.216,82.560,88.291,67.269,True,87.422,62.309,112.523,-176.856,3.686,-5.204,98.266,-18.543,-9.975,85.812,86.390,5.513,-4.901,7.377,0.724
17:49:53.237,82.581,90.057,67.269,True,89.762,60.753,103.037,-175.285,4.282,-5.215,97.403,-22.642,-7.346,89.911,90.211,6.140,-4.962,7.894,0.621
17:49:53.260,82.605,91.823,65.231,True,91.823,59.104,92.842,-175.753,4.946,-5.047,96.369,-26.701,-4.547,91.931,92.044,6.609,-4.955,8.260,0.464
17:49:53.281,82.626,97.120,55.038,True,94.479,55.461,87.906,-190.171,4.131,-5.313,95.167,-30.713,1.953,85.751,85.774,5.770,-5.441,7.931,0.795
17:49:53.301,82.646,97.120,55.038,True,96.442,52.443,78.076,-196.862,3.883,-5.258,93.797,-34.671,3.323,89.709,89.771,5.540,-5.507,7.811,0.612
17:49:53.322,82.666,98.886,48.923,True,98.209,48.603,68.110,-207.606,3.321,-5.296,92.263,-38.568,6.623,87.492,87.742,4.869,-5.558,7.389,0.397
17:49:53.342,82.686,100.652,44.846,True,99.822,44.543,58.346,-217.004,2.767,-5.486,90.567,-42.398,10.085,87.244,87.825,4.224,-5.623,7.033,0.502
17:49:53.370,82.715,100.652,36.692,True,100.911,39.386,46.277,-231.059,1.564,-5.419,88.712,-46.154,11.940,82.846,83.702,3.042,-5.466,6.255,0.521
17:49:53.391,82.736,102.418,36.692,True,101.972,35.213,35.937,-234.357,1.281,-5.369,86.702,-49.828,15.716,86.520,87.936,2.729,-5.445,6.091,1.133
17:49:53.411,82.755,104.184,28.538,True,103.038,30.064,27.035,-243.007,0.283,-5.510,84.539,-53.415,19.645,81.953,84.275,1.856,-5.549,5.851,0.772
17:49:53.431,82.776,104.184,22.423,True,103.719,24.557,16.561,-251.076,-0.576,-5.201,82.228,-56.908,21.955,79.331,82.313,0.926,-5.503,5.581,0.849
17:49:53.455,82.800,104.184,20.385,True,104.081,19.733,5.458,-251.680,-0.973,-5.157,79.773,-60.302,24.411,80.686,84.298,0.592,-5.382,5.414,0.631
17:49:53.476,82.821,104.184,24.462,True,104.189,16.970,-5.609,-237.963,-0.160,-4.868,77.178,-63.589,27.006,88.051,92.099,1.571,-5.238,5.469,0.718
17:49:53.498,82.842,102.418,36.692,True,103.691,17.903,-18.908,-203.759,2.928,-4.612,74.447,-66.765,27.971,103.458,107.172,4.595,-4.856,6.685,0.899
17:49:53.517,82.862,97.120,12.231,True,101.873,13.456,-38.351,-215.641,1.916,-3.627,71.586,-69.824,25.534,82.055,85.936,3.553,-3.837,5.230,0.392
17:49:53.539,82.883,100.652,6.115,True,101.000,8.440,-46.929,-227.568,1.164,-3.488,68.599,-72.761,32.053,78.876,85.140,2.364,-3.730,4.417,0.813
17:49:53.559,82.903,100.652,0.000,True,100.199,2.985,-53.692,-238.366,-0.129,-3.438,65.492,-75.570,35.160,75.570,83.348,1.130,-3.778,3.944,0.642
17:49:53.586,82.930,100.652,0.000,True,99.125,-1.783,-61.455,-240.689,-0.721,-3.683,62.270,-78.246,38.382,78.246,87.153,0.550,-3.730,3.770,0.363
17:49:53.606,82.951,97.120,-4.077,True,97.677,-5.886,-70.519,-237.273,-0.562,-3.727,58.939,-80.785,38.181,76.708,85.685,0.443,-3.545,3.572,0.523
17:49:53.626,82.971,97.120,-12.231,True,96.495,-11.058,-76.364,-240.876,-1.504,-3.834,55.504,-83.182,41.616,70.951,82.255,-0.361,-3.640,3.658,0.498
17:49:53.647,82.991,93.589,-18.346,True,94.615,-16.508,-86.059,-244.107,-2.328,-3.521,51.972,-85.433,41.616,67.087,78.947,-1.228,-3.366,3.583,0.744
17:49:53.666,83.011,93.589,-20.385,True,93.066,-21.141,-91.890,-240.014,-2.536,-3.626,48.349,-87.535,45.239,67.150,80.968,-1.493,-3.425,3.737,0.427
17:49:53.695,83.040,90.057,-28.538,True,90.944,-26.570,-100.725,-240.933,-3.184,-3.276,44.641,-89.483,45.416,60.944,76.005,-2.272,-3.193,3.919,0.501
17:49:53.716,83.060,90.057,-28.538,True,89.198,-30.710,-105.571,-231.929,-3.211,-3.370,40.855,-91.274,49.202,62.735,79.728,-2.187,-3.308,3.965,0.871
17:49:53.737,83.081,86.525,-38.731,True,86.955,-36.145,-113.218,-232.564,-4.241,-3.392,36.997,-92.904,49.528,54.174,73.402,-3.015,-3.156,4.365,0.763
17:49:53.757,83.101,82.994,-38.731,True,84.293,-40.313,-122.275,-223.237,-3.937,-3.124,33.074,-94.372,49.920,55.641,74.752,-2.982,-2.842,4.120,0.753
17:49:53.779,83.123,82.994,-42.808,True,82.115,-44.319,-126.375,-214.119,-3.857,-3.144,29.093,-95.674,53.900,52.867,75.499,-2.963,-2.955,4.185,0.493
17:49:53.802,83.146,82.994,-42.808,True,79.587,-48.601,-132.447,-208.032,-4.093,-3.037,25.061,-96.809,57.932,54.001,79.198,-3.228,-2.881,4.327,0.355
17:49:53.822,83.167,75.930,-42.808,True,76.654,-49.954,-140.181,-183.479,-2.555,-2.737,20.985,-97.773,54.945,54.966,77.719,-1.749,-2.627,3.156,0.505
17:49:53.843,83.187,72.399,-48.923,True,73.463,-52.369,-148.022,-171.973,-2.122,-2.405,16.873,-98.566,55.526,49.643,74.482,-1.354,-2.320,2.686,0.737
17:49:53.864,83.208,70.633,-50.962,True,70.536,-54.569,-152.578,-161.389,-1.662,-2.392,12.730,-99.186,57.903,48.225,75.355,-1.009,-2.282,2.495,0.756
17:49:53.884,83.228,65.335,-59.115,True,66.952,-58.124,-160.627,-161.378,-2.018,-1.783,8.566,-99.632,56.770,40.517,69.746,-1.653,-1.891,2.511,0.703
17:49:53.909,83.254,61.804,-57.077,True,63.270,-60.316,-167.489,-151.408,-1.953,-1.609,4.386,-99.904,57.418,42.827,71.631,-1.417,-1.558,2.106,0.480
17:49:53.929,83.274,60.038,-59.115,True,59.949,-62.336,-170.511,-142.049,-1.600,-1.647,0.199,-100.000,59.839,40.884,72.473,-1.221,-1.546,1.970,0.403
17:49:53.951,83.295,58.272,-61.154,True,56.947,-64.228,-171.052,-133.426,-1.416,-1.847,-3.989,-99.920,62.261,38.767,73.344,-1.082,-1.757,2.063,0.815
17:49:53.971,83.315,54.741,-67.269,True,53.811,-66.984,-172.817,-131.770,-1.946,-1.886,-8.170,-99.666,62.910,32.396,70.762,-1.600,-1.861,2.454,0.704
17:49:53.991,83.336,51.209,-77.462,True,50.554,-71.449,-175.341,-140.411,-3.699,-2.060,-12.336,-99.236,63.545,21.775,67.172,-3.163,-1.889,3.684,0.805
17:49:54.016,83.361,47.677,-79.500,True,47.194,-75.478,-178.262,-141.902,-4.711,-1.812,-16.481,-98.633,64.158,19.133,66.950,-4.217,-1.866,4.611,0.431
17:49:54.037,83.382,42.380,-81.538,True,43.338,-79.065,-184.002,-138.158,-5.785,-1.359,-20.597,-97.856,62.977,16.317,65.056,-4.883,-1.555,5.125,0.976
17:49:54.057,83.402,42.380,-81.538,True,39.658,-81.828,-187.198,-128.125,-5.579,-1.831,-24.677,-96.908,67.056,15.369,68.795,-5.015,-1.435,5.216,0.575
17:49:54.077,83.422,35.316,-77.462,True,35.745,-82.436,-191.227,-105.297,-4.179,-1.299,-28.713,-95.789,64.029,18.328,66.601,-3.922,-1.205,4.103,0.421
17:49:54.098,83.443,30.019,-77.462,True,31.413,-82.651,-196.914,-85.286,-2.863,-1.024,-32.699,-94.503,62.718,17.041,64.992,-2.962,-0.772,3.061,0.745
17:49:54.127,83.471,28.253,-75.423,True,27.674,-82.069,-197.245,-64.797,-1.113,-0.969,-36.628,-93.051,64.881,17.627,67.233,-1.841,-0.790,2.004,0.424
17:49:54.147,83.492,21.190,-77.462,True,23.099,-81.901,-202.844,-51.772,-0.867,-0.545,-40.492,-91.435,61.682,13.974,63.245,-1.314,-0.288,1.345,0.714
17:49:54.168,83.512,22.956,-83.577,True,19.991,-83.091,-197.414,-50.060,-1.938,-0.525,-44.286,-89.659,67.241,6.082,67.516,-1.819,-0.774,1.977,0.806
17:49:54.188,83.532,14.127,-77.462,True,15.586,-82.511,-201.926,-36.212,-1.607,-0.220,-48.001,-87.726,62.128,10.265,62.970,-1.220,-0.345,1.268,0.458
17:49:54.213,83.557,12.361,-81.538,True,11.739,-82.835,-201.399,-31.128,-1.968,-0.521,-51.633,-85.639,63.994,4.101,64.125,-1.396,-0.334,1.436,0.452
17:49:54.233,83.578,8.829,-87.654,True,7.973,-84.441,-200.388,-34.630,-2.678,-0.670,-55.174,-83.402,64.003,-4.252,64.144,-2.415,-0.351,2.440,0.501
17:49:54.254,83.599,1.766,-87.654,True,3.452,-85.721,-204.453,-33.500,-3.315,0.134,-58.618,-81.018,60.384,-6.636,60.747,-3.102,0.130,3.105,0.698
17:49:54.274,83.619,-1.766,-81.538,True,-0.900,-85.262,-205.905,-19.737,-2.755,0.361,-61.959,-78.493,60.193,-3.046,60.270,-2.656,0.431,2.690,0.504
17:49:54.295,83.640,-5.297,-87.654,True,-5.083,-86.121,-205.446,-17.328,-2.996,0.141,-65.192,-75.829,59.894,-11.825,61.050,-3.232,0.599,3.287,0.858
17:49:54.315,83.660,-8.829,-87.654,True,-9.107,-86.743,-203.661,-12.500,-3.735,0.246,-68.310,-73.033,59.481,-14.621,61.251,-3.634,0.673,3.696,0.739
17:49:54.341,83.686,-14.127,-81.538,True,-13.401,-85.725,-203.725,3.311,-2.950,0.369,-71.308,-70.108,57.182,-11.430,58.313,-3.024,0.946,3.169,0.519
17:49:54.361,83.706,-21.190,-81.538,True,-18.339,-84.701,-207.469,15.833,-2.651,0.950,-74.181,-67.060,52.992,-14.478,54.934,-2.648,1.611,3.100,0.565
17:49:54.382,83.727,-26.487,-89.692,True,-23.418,-85.619,-210.284,13.145,-3.658,1.682,-76.925,-63.895,50.437,-25.797,56.652,-3.665,2.274,4.313,0.681
17:49:54.402,83.747,-30.019,-77.462,True,-28.181,-83.520,-209.280,32.764,-2.663,2.184,-79.533,-60.618,49.514,-16.844,52.300,-2.662,2.656,3.761,0.523
17:49:54.423,83.767,-33.551,-73.385,True,-32.642,-80.660,-205.636,52.750,-1.294,2.036,-82.001,-57.234,48.451,-16.150,51.072,-1.501,2.837,3.210,0.425
17:49:54.447,83.791,-35.316,-75.423,True,-36.420,-78.632,-197.605,62.236,-1.086,1.936,-84.326,-53.750,49.010,-21.673,53.588,-1.201,2.628,2.890,0.414
17:49:54.467,83.812,-40.614,-69.308,True,-40.428,-75.508,-192.574,77.065,-0.040,1.769,-86.503,-50.172,45.889,-19.136,49.719,-0.353,2.688,2.711,0.396
17:49:54.488,83.832,-44.146,-69.308,True,-44.249,-72.883,-186.846,84.917,0.386,1.807,-88.528,-46.505,44.383,-22.802,49.897,-0.070,2.696,2.697,0.747
17:49:54.508,83.852,-47.677,-69.308,True,-47.914,-70.748,-180.834,87.931,0.266,1.777,-90.398,-42.758,42.721,-26.550,50.299,-0.213,2.686,2.695,0.435
17:49:54.528,83.873,-51.209,-63.192,True,-51.456,-67.642,-174.823,97.229,0.719,1.548,-92.109,-38.935,40.900,-24.258,47.553,0.230,2.684,2.693,0.707
17:49:54.555,83.899,-58.272,-61.154,True,-55.724,-64.641,-174.383,103.701,0.912,2.082,-93.659,-35.043,35.387,-26.111,43.977,0.456,3.219,3.251,0.425
17:49:54.576,83.920,-56.506,-73.385,True,-58.583,-65.081,-163.636,86.237,-1.135,1.872,-95.044,-31.090,38.538,-42.294,57.218,-1.563,2.841,3.243,0.709
17:49:54.596,83.940,-58.272,-55.038,True,-61.023,-61.424,-152.324,102.155,-0.278,1.520,-96.263,-27.083,37.991,-27.955,47.168,-0.624,2.376,2.457,0.601
17:49:54.617,83.961,-51.209,-55.038,True,-61.081,-58.371,-127.800,110.069,0.147,-0.308,-97.312,-23.028,46.103,-32.010,56.126,-0.329,0.613,0.696,0.851
17:49:54.637,83.981,-81.228,-48.923,True,-67.724,-54.486,-153.407,121.814,0.688,2.500,-98.191,-18.933,16.963,-29.990,34.455,0.373,3.433,3.453,0.757
17:49:54.659,84.004,-81.228,-48.923,True,-73.217,-51.323,-162.290,125.823,0.672,4.203,-98.898,-14.805,17.670,-34.118,38.423,0.428,4.989,5.007,0.495
17:49:54.680,84.025,-65.335,-46.885,True,-73.878,-48.360,-135.047,127.879,1.218,2.069,-99.431,-10.650,34.096,-36.234,49.754,0.312,3.285,3.300,0.711
17:49:54.700,84.045,-79.462,-50.962,True,-77.248,-47.001,-132.702,119.361,0.092,2.732,-99.790,-6.477,20.328,-44.484,48.909,-0.812,3.760,3.846,0.405
17:49:54.721,84.065,-81.228,-48.923,True,-80.210,-45.615,-127.001,114.449,-1.398,2.507,-99.974,-2.293,18.746,-46.630,50.257,-1.704,3.973,4.323,0.397
17:49:54.741,84.086,-82.994,-46.885,True,-82.807,-44.153,-119.209,112.516,-2.361,2.041,-99.982,1.896,16.988,-48.780,51.654,-2.391,4.014,4.673,0.487
17:49:54.769,84.114,-90.057,-42.808,True,-86.322,-42.113,-118.393,116.047,-2.423,2.687,-99.815,6.081,9.758,-48.889,49.853,-2.611,4.725,5.399,0.608
17:49:54.790,84.134,-93.589,-50.962,True,-89.828,-42.387,-116.166,104.354,-3.793,3.035,-99.473,10.255,5.884,-61.217,61.499,-4.275,5.381,6.872,0.620
17:49:54.809,84.154,-93.589,-44.846,True,-92.485,-41.356,-107.307,106.195,-4.122,3.045,-98.956,14.412,5.367,-59.258,59.501,-4.806,5.475,7.285,0.420
17:49:54.830,84.175,-95.354,-42.808,True,-94.799,-40.063,-97.162,110.609,-4.521,3.066,-98.266,18.543,2.911,-61.351,61.420,-5.113,5.453,7.476,0.776
17:49:54.850,84.195,-100.652,-36.692,True,-97.651,-37.582,-91.928,122.884,-4.258,3.285,-97.403,22.642,-3.249,-59.334,59.423,-4.669,5.890,7.516,0.774
17:49:54.877,84.222,-104.184,-28.538,True,-100.580,-33.594,-86.995,142.533,-2.806,3.854,-96.369,26.701,-7.814,-55.239,55.789,-3.435,6.398,7.262,0.435
17:49:54.899,84.243,-109.481,-36.692,True,-103.983,-32.125,-84.787,140.506,-3.575,4.644,-95.167,30.713,-14.314,-67.405,68.908,-4.091,7.211,8.291,0.829
17:49:54.919,84.263,-109.481,-22.423,True,-106.562,-27.714,-75.777,159.437,-2.453,4.920,-93.797,34.671,-15.684,-57.094,59.209,-2.795,7.457,7.963,0.751
17:49:54.939,84.284,-113.013,-30.577,True,-109.224,-25.931,-67.991,155.937,-2.988,5.136,-92.263,38.568,-20.750,-69.145,72.192,-3.455,7.832,8.560,0.901
17:49:54.959,84.304,-116.544,-28.538,True,-111.969,-24.143,-61.003,154.291,-3.701,5.846,-90.567,42.398,-25.977,-70.937,75.544,-3.982,8.307,9.213,0.428
17:49:54.982,84.327,-116.544,-28.538,True,-113.189,-21.057,-43.934,162.473,-3.382,5.334,-88.712,46.154,-27.832,-74.692,79.709,-3.601,7.860,8.646,0.462
17:49:55.003,84.348,-116.544,-20.385,True,-114.766,-18.534,-32.252,165.224,-3.204,5.309,-86.702,49.828,-29.843,-70.213,76.291,-3.665,7.861,8.674,0.641
17:49:55.024,84.368,-114.778,-6.115,True,-115.242,-12.798,-15.035,188.103,-1.194,4.911,-84.539,53.415,-30.239,-59.530,66.770,-1.767,7.314,7.525,0.815
17:49:55.044,84.388,-116.544,-4.077,True,-115.799,-7.767,-1.617,199.706,-0.149,4.452,-82.228,56.908,-34.316,-60.985,69.977,-0.711,7.056,7.092,0.522
17:49:55.064,84.409,-118.310,-4.077,True,-116.446,-3.848,9.010,200.693,0.021,4.896,-79.773,60.302,-38.537,-64.379,75.031,-0.540,7.024,7.044,0.797
17:49:55.092,84.436,-116.544,2.038,True,-116.333,0.619,23.013,204.677,0.262,4.864,-77.178,63.589,-39.367,-61.551,73.063,-0.043,6.648,6.648,0.728
17:49:55.112,84.456,-116.544,16.308,True,-116.033,7.475,35.651,222.402,2.144,4.573,-74.447,66.765,-42.097,-50.458,65.713,1.846,6.349,6.612,0.704
17:49:55.132,84.477,-116.544,20.385,True,-115.608,13.917,46.839,231.439,3.437,4.103,-71.586,69.824,-44.958,-49.440,66.825,3.120,6.143,6.890,0.842
17:49:55.153,84.497,-116.544,20.385,True,-115.110,18.976,56.621,227.815,3.496,4.004,-68.599,72.761,-47.945,-52.376,71.007,3.330,6.037,6.894,0.813
17:49:55.173,84.518,-114.778,24.462,True,-114.164,23.749,67.809,222.384,3.973,3.738,-65.492,75.570,-49.286,-51.108,71.001,3.392,5.774,6.697,0.800
17:49:55.200,84.545,-111.247,34.654,True,-112.445,29.699,82.048,225.240,4.944,3.200,-62.270,78.246,-48.977,-43.592,65.567,4.251,5.181,6.702,0.798
17:49:55.220,84.565,-114.778,36.692,True,-111.727,34.782,86.633,220.301,5.124,3.601,-58.939,80.785,-55.839,-44.093,71.149,4.464,5.431,7.030,0.491
17:49:55.240,84.585,-114.778,42.808,True,-111.106,40.029,90.485,216.658,5.302,3.994,-55.504,83.182,-59.274,-40.374,71.718,4.823,5.769,7.520,0.501
17:49:55.261,84.606,-114.778,44.846,True,-110.570,44.474,93.955,207.489,4.846,4.388,-51.972,85.433,-62.806,-40.587,74.779,4.695,6.169,7.753,0.622
17:49:55.281,84.626,-111.247,46.885,True,-109.285,48.220,102.719,195.180,4.428,4.250,-48.349,87.535,-62.898,-40.650,74.890,4.254,6.097,7.434,0.787
17:49:55.307,84.651,-111.247,48.923,True,-108.165,51.379,109.096,181.539,3.780,4.526,-44.641,89.483,-66.606,-40.560,77.983,3.638,6.228,7.213,0.501
17:49:55.327,84.672,-107.715,53.000,True,-106.386,54.543,119.239,170.985,3.627,4.327,-40.855,91.274,-66.860,-38.274,77.040,3.252,5.999,6.824,0.422
17:49:55.347,84.692,-107.715,59.115,True,-104.865,58.231,125.878,166.068,3.658,4.328,-36.997,92.904,-70.718,-33.789,78.376,3.366,6.062,6.934,0.429
17:49:55.368,84.713,-105.949,63.192,True,-103.185,61.933,132.818,161.663,3.699,4.451,-33.074,94.372,-72.875,-31.180,79.265,3.549,6.086,7.045,0.781
17:49:55.389,84.733,-104.184,63.192,True,-101.379,64.708,139.729,151.350,3.326,4.494,-29.093,95.674,-75.090,-32.482,81.815,3.199,6.097,6.885,0.801
17:49:55.409,84.753,-104.184,69.308,True,-99.886,68.100,143.691,147.183,3.744,4.845,-25.061,96.809,-79.122,-27.501,83.765,3.402,6.371,7.223,0.585
17:49:55.429,84.774,-100.652,69.308,True,-97.859,70.640,151.217,137.538,3.579,5.100,-20.985,97.773,-79.667,-28.466,84.599,3.116,6.318,7.044,0.826
17:49:55.450,84.794,-98.886,77.462,True,-95.776,74.337,158.004,137.358,4.178,5.096,-16.873,98.566,-82.013,-21.105,84.685,3.706,6.307,7.315,0.814
17:49:55.470,84.814,-95.354,73.385,True,-93.253,76.224,166.778,124.090,3.529,4.889,-12.730,99.186,-82.624,-25.802,86.559,3.126,6.085,6.841,0.430
17:49:55.491,84.836,-95.354,75.423,True,-91.181,77.943,170.974,112.652,3.109,4.863,-8.566,99.632,-86.789,-24.209,90.102,2.663,6.252,6.796,0.470
17:49:55.512,84.856,-93.589,83.577,True,-89.116,80.982,174.918,112.345,3.720,5.108,-4.386,99.904,-89.203,-16.327,90.685,3.216,6.440,7.198,0.654
17:49:55.532,84.876,-88.291,85.615,True,-86.239,83.783,184.065,109.382,3.875,4.886,-0.199,100.000,-88.093,-14.384,89.259,3.589,6.130,7.103,0.520
17:49:55.552,84.897,-86.525,93.769,True,-83.479,87.783,190.599,113.919,5.031,4.927,3.989,99.920,-90.514,-6.151,90.723,4.722,6.011,7.644,0.730
17:49:55.573,84.917,-82.994,79.500,True,-80.440,87.607,197.869,88.088,3.512,4.594,8.170,99.666,-91.164,-20.166,93.367,3.097,5.786,6.562,0.670
17:49:55.593,84.938,-82.994,75.423,True,-77.996,86.129,199.813,60.426,1.568,4.902,12.336,99.236,-95.330,-23.813,98.259,1.123,6.019,6.123,0.730
17:49:55.614,84.958,-79.462,91.731,True,-75.268,88.358,203.837,64.828,2.120,4.882,16.481,98.633,-95.943,-6.902,96.191,1.989,6.057,6.375,0.757
17:49:55.634,84.979,-72.399,93.769,True,-71.472,90.611,214.438,67.023,2.914,4.555,20.597,97.856,-92.996,-4.087,93.085,2.756,5.450,6.107,0.734
17:49:55.655,84.999,-70.633,95.808,True,-67.985,92.847,220.367,67.250,3.504,4.058,24.677,96.908,-95.310,-1.100,95.316,3.430,5.196,6.226,0.811
17:49:55.675,85.019,-68.867,93.769,True,-64.806,94.094,222.964,59.556,3.417,4.070,28.713,95.789,-97.580,-2.020,97.601,3.432,5.208,6.237,0.651
17:49:55.695,85.040,-65.335,93.769,True,-61.506,94.933,226.047,50.190,3.322,3.783,32.699,94.503,-98.035,-0.734,98.037,3.277,5.155,6.108,0.772
17:49:55.716,85.060,-58.272,81.538,True,-57.284,92.592,234.672,21.470,1.348,3.254,36.628,93.051,-94.900,-11.512,95.596,1.269,4.546,4.720,0.583
17:49:55.741,85.085,-56.506,85.615,True,-53.500,91.300,238.033,7.554,0.679,3.290,40.492,91.435,-96.999,-5.820,97.173,0.452,4.349,4.373,0.452
17:49:55.761,85.106,-49.443,95.808,True,-48.903,92.464,245.895,13.278,1.734,2.570,44.286,89.659,-93.729,6.148,93.930,1.424,3.683,3.949,0.460
17:49:55.782,85.126,-44.146,93.769,True,-44.022,92.971,253.218,11.940,1.929,1.961,48.001,87.726,-92.147,6.043,92.345,1.845,2.977,3.502,0.738
17:49:55.802,85.146,-37.082,85.615,True,-38.522,91.445,262.199,-3.448,1.355,1.049,51.633,85.639,-88.715,-0.024,88.715,0.984,2.020,2.246,0.776
17:49:55.822,85.167,-33.551,89.692,True,-33.342,90.985,265.933,-8.040,1.695,0.554,55.174,83.402,-88.724,6.290,88.947,1.060,1.443,1.790,0.785
17:49:55.852,85.196,-30.019,93.769,True,-28.487,91.508,265.849,-5.721,2.251,0.203,58.618,81.018,-88.637,12.751,89.549,1.809,1.156,2.147,0.418
17:49:55.872,85.216,-26.487,89.692,True,-23.940,90.999,263.157,-12.037,2.341,0.386,61.959,78.493,-88.446,11.200,89.153,1.826,1.077,2.120,0.417
17:49:55.892,85.237,-19.424,89.692,True,-18.851,90.510,264.230,-17.416,2.595,0.172,65.192,75.829,-84.616,13.863,85.744,1.935,0.624,2.033,0.559
17:49:55.913,85.258,-15.892,89.692,True,-14.107,90.053,261.961,-22.108,2.806,0.186,68.310,73.033,-84.202,16.660,85.834,2.121,0.432,2.165,0.896
17:49:55.934,85.278,-12.361,89.692,True,-9.679,89.630,257.513,-26.342,2.883,-0.090,71.308,70.108,-83.669,19.584,85.930,2.370,0.418,2.407,0.821
17:49:55.962,85.306,-8.829,89.692,True,-5.528,89.240,251.805,-30.311,3.151,0.034,74.181,67.060,-83.011,22.632,86.040,2.669,0.516,2.718,0.421
17:49:55.982,85.327,5.297,87.654,True,0.853,88.406,261.707,-37.291,3.155,-1.335,76.925,63.895,-71.627,23.759,75.465,2.708,-0.866,2.843,0.819
17:49:56.002,85.347,8.829,87.654,True,6.724,87.659,264.114,-42.865,3.298,-2.123,79.533,60.618,-70.704,27.036,75.696,2.878,-1.695,3.340,0.776
17:49:56.023,85.367,12.361,85.615,True,12.089,86.526,261.172,-50.589,3.351,-2.379,82.001,57.234,-69.641,28.381,75.202,2.854,-2.108,3.548,0.852
17:49:56.045,85.390,19.424,85.615,True,17.803,85.538,260.066,-56.298,3.723,-2.901,84.326,53.750,-64.902,31.865,72.303,3.008,-2.740,4.069,0.680
17:49:56.069,85.414,22.956,85.615,True,22.993,84.691,254.363,-60.640,4.061,-2.924,86.503,50.172,-63.547,35.444,72.763,3.298,-3.002,4.460,0.426
17:49:56.090,85.435,26.487,83.577,True,27.710,83.501,245.764,-67.266,3.839,-3.092,88.528,46.505,-62.041,37.071,72.273,3.390,-3.013,4.536,1.089
17:49:56.111,85.455,30.019,81.538,True,32.020,82.013,235.593,-75.175,3.758,-3.067,90.398,42.758,-60.379,38.781,71.761,3.356,-2.872,4.417,0.895
17:49:56.131,85.476,33.551,81.538,True,35.993,80.748,224.833,-80.498,3.932,-2.920,92.109,38.935,-58.559,42.604,72.417,3.548,-2.657,4.433,0.804
17:49:56.151,85.496,35.316,77.462,True,39.288,78.749,211.474,-90.348,3.657,-2.335,93.659,35.043,-58.342,42.418,72.133,3.314,-2.170,3.961,0.824
17:49:56.179,85.523,38.848,77.462,True,42.432,77.063,199.885,-96.363,3.730,-2.021,95.044,31.090,-56.196,46.371,72.858,3.401,-1.799,3.848,0.731
17:49:56.199,85.543,47.677,87.654,True,46.720,78.044,198.094,-84.234,5.326,-2.573,96.263,27.083,-48.585,60.571,77.649,5.205,-2.320,5.699,0.726
17:49:56.219,85.564,54.741,81.538,True,51.625,77.562,199.525,-87.018,5.963,-3.589,97.312,23.028,-42.572,58.510,72.359,5.768,-3.210,6.601,0.808
17:49:56.239,85.584,58.272,79.500,True,56.232,76.676,196.987,-93.252,6.135,-4.102,98.191,18.933,-39.919,60.567,72.539,6.037,-3.821,7.145,0.624
17:49:56.260,85.604,61.804,71.346,True,60.551,74.006,191.628,-110.948,5.159,-4.225,98.898,14.805,-37.094,56.541,67.623,5.215,-4.229,6.714,0.880
17:49:56.288,85.632,61.804,81.538,True,63.784,74.053,179.000,-106.772,6.425,-3.960,99.431,10.650,-37.627,70.888,80.256,6.350,-3.986,7.498,0.625
17:49:56.308,85.653,68.867,73.385,True,67.714,72.258,173.105,-117.579,6.254,-4.192,99.790,6.477,-30.923,66.907,73.708,6.157,-4.351,7.539,0.613
17:49:56.328,85.673,72.399,71.346,True,71.460,70.241,166.033,-128.030,6.028,-4.498,99.974,2.293,-27.575,69.053,74.356,5.942,-4.640,7.539,0.645
17:49:56.349,85.693,72.399,73.385,True,74.227,69.006,152.863,-131.527,6.463,-4.259,99.982,-1.896,-27.583,75.280,80.175,6.331,-4.375,7.696,0.489
17:49:56.370,85.714,75.930,71.346,True,76.970,67.530,141.807,-136.944,6.691,-4.148,99.815,-6.081,-23.885,77.427,81.027,6.548,-4.275,7.820,0.585
17:49:56.397,85.742,77.696,61.154,True,79.316,63.946,129.802,-155.953,5.522,-3.972,99.473,-10.255,-21.777,71.409,74.656,5.463,-4.069,6.812,0.493
17:49:56.418,85.762,82.994,57.077,True,82.163,59.956,123.093,-172.905,4.501,-4.121,98.956,-14.412,-15.962,71.489,73.249,4.421,-4.340,6.195,0.401
17:49:56.439,85.783,86.525,53.000,True,85.067,55.685,117.078,-187.331,3.664,-4.538,98.266,-18.543,-11.740,71.543,72.500,3.476,-4.702,5.848,0.762
17:49:56.459,85.803,86.525,48.923,True,87.203,51.238,106.068,-199.077,3.118,-4.329,97.403,-22.642,-10.878,71.565,72.387,2.658,-4.624,5.334,0.564
17:49:56.479,85.824,91.823,36.692,True,89.905,44.802,100.383,-220.671,1.558,-4.777,96.369,-26.701,-4.547,63.393,63.556,0.794,-5.037,5.099,0.808
17:49:56.505,85.850,91.823,36.692,True,91.912,40.389,90.034,-222.302,1.540,-4.724,95.167,-30.713,-3.344,67.405,67.488,0.607,-5.044,5.081,0.351
17:49:56.526,85.870,93.589,34.654,True,93.678,35.579,79.445,-225.875,1.033,-4.529,93.797,-34.671,-0.209,69.325,69.325,0.204,-5.021,5.025,0.659
17:49:56.546,85.890,93.589,30.577,True,94.819,30.932,66.302,-227.110,1.023,-4.389,92.263,-38.568,1.326,69.145,69.158,-0.030,-4.741,4.741,0.888
17:49:56.566,85.911,97.120,24.462,True,96.395,25.897,58.130,-230.150,0.703,-4.605,90.567,-42.398,6.553,66.860,67.180,-0.473,-4.899,4.922,0.773
17:49:56.587,85.931,97.120,24.462,True,97.449,22.079,47.382,-224.234,1.202,-4.347,88.712,-46.154,8.408,70.615,71.114,-0.110,-4.819,4.820,0.843
17:49:56.615,85.959,97.120,12.231,True,98.087,16.295,35.522,-232.239,0.253,-4.229,86.702,-49.828,10.419,62.059,62.927,-1.055,-4.614,4.734,0.434
17:49:56.636,85.980,98.886,8.154,True,98.819,10.818,26.175,-235.391,-0.435,-4.218,84.539,-53.415,14.347,61.569,63.218,-1.647,-4.620,4.905,0.688
17:49:56.656,86.001,100.652,12.231,True,99.651,7.552,18.668,-222.727,0.282,-4.483,82.228,-56.908,18.424,69.139,71.552,-0.795,-4.794,4.860,0.627
17:49:56.677,86.021,100.652,2.038,True,100.171,2.850,9.768,-222.699,0.180,-4.873,79.773,-60.302,20.879,62.340,65.744,-1.065,-4.845,4.961,0.467
17:49:56.697,86.042,100.652,-8.154,True,100.433,-3.131,0.246,-230.454,-0.745,-4.764,77.178,-63.589,23.474,55.435,60.201,-2.115,-4.832,5.275,0.811
17:49:56.725,86.070,100.652,-8.154,True,100.438,-7.740,-9.682,-226.109,-1.154,-4.847,74.447,-66.765,26.205,58.612,64.203,-2.136,-4.768,5.225,0.373
17:49:56.746,86.091,100.652,-20.385,True,100.359,-14.553,-18.746,-236.344,-2.597,-4.890,71.586,-69.824,29.066,49.440,57.351,-3.563,-4.769,5.953,0.942
17:49:56.766,86.111,100.652,-22.423,True,100.163,-20.119,-27.421,-234.313,-2.883,-4.581,68.599,-72.761,32.053,50.338,59.676,-3.979,-4.796,6.232,0.401
17:49:56.787,86.132,100.652,-26.500,True,99.880,-25.238,-35.604,-228.865,-2.743,-4.711,65.492,-75.570,35.160,49.070,60.366,-4.112,-4.861,6.367,0.758
17:49:56.811,86.156,100.652,-30.577,True,99.535,-30.004,-43.270,-221.608,-2.663,-5.097,62.270,-78.246,38.382,47.669,61.200,-4.084,-4.970,6.433,0.650
17:49:56.835,86.179,97.120,-32.615,True,98.295,-33.995,-55.865,-210.417,-1.906,-4.699,58.939,-80.785,38.181,48.169,61.466,-3.673,-4.603,5.889,0.422
17:49:56.855,86.200,97.120,-36.692,True,97.164,-37.843,-65.410,-200.564,-1.743,-4.722,55.504,-83.182,41.616,46.490,62.395,-3.348,-4.474,5.588,0.765
17:49:56.876,86.220,97.120,-40.769,True,96.154,-41.599,-72.680,-192.035,-1.803,-4.991,51.972,-85.433,45.148,44.664,63.508,-3.118,-4.535,5.503,0.854
17:49:56.896,86.241,95.354,-44.846,True,94.853,-45.300,-81.003,-184.728,-1.827,-4.881,48.349,-87.535,47.005,42.689,63.497,-2.985,-4.487,5.389,0.831
17:49:56.916,86.261,93.589,-48.923,True,93.316,-48.978,-89.682,-178.485,-1.773,-4.951,44.641,-89.483,48.947,40.560,63.568,-2.947,-4.386,5.284,0.762
17:49:56.944,86.289,90.057,-55.038,True,91.181,-53.128,-100.926,-176.225,-2.170,-4.592,40.855,-91.274,49.202,36.235,61.105,-3.292,-4.013,5.191,0.444
17:49:56.965,86.310,84.759,-63.192,True,88.139,-58.173,-115.894,-179.445,-3.139,-3.848,36.997,-92.904,47.762,29.712,56.250,-4.204,-3.232,5.302,0.866
17:49:56.986,86.330,82.994,-69.308,True,85.164,-63.516,-126.856,-182.344,-4.168,-3.280,33.074,-94.372,49.920,25.064,55.859,-5.191,-2.732,5.866,0.759
17:49:57.007,86.351,79.462,-71.346,True,81.891,-68.136,-137.312,-178.081,-4.878,-2.672,29.093,-95.674,50.369,24.328,55.936,-5.607,-2.214,6.028,1.129
17:49:57.028,86.372,75.930,-71.346,True,78.397,-71.616,-146.783,-166.023,-4.595,-1.941,25.061,-96.809,50.869,25.463,56.886,-5.327,-1.724,5.599,0.967
17:49:57.057,86.402,74.165,-75.423,True,75.160,-75.049,-152.312,-155.824,-4.495,-2.123,20.985,-97.773,53.179,22.350,57.685,-5.191,-1.547,5.416,0.560
17:49:57.078,86.422,65.335,-81.538,True,70.537,-78.950,-165.872,-150.326,-5.102,-1.342,16.873,-98.566,48.463,17.028,51.367,-5.485,-0.580,5.516,0.491
17:49:57.098,86.442,65.335,-83.577,True,66.781,-82.334,-169.948,-141.537,-5.276,-1.053,12.730,-99.186,52.605,15.609,54.872,-5.499,-0.401,5.514,0.542
17:49:57.118,86.463,63.570,-85.615,True,63.426,-85.269,-170.485,-130.928,-5.137,-1.133,8.566,-99.632,55.004,14.017,56.762,-5.341,-0.534,5.368,0.442
17:49:57.138,86.483,58.272,-87.654,True,59.611,-87.833,-174.252,-119.597,-4.764,-0.790,4.386,-99.904,53.886,12.250,55.261,-5.096,-0.371,5.110,0.409
17:49:57.165,86.510,58.272,-87.654,True,56.125,-90.225,-175.013,-109.126,-4.517,-0.931,0.199,-100.000,58.074,12.346,59.371,-4.907,-0.468,4.929,0.355
17:49:57.186,86.531,51.209,-91.731,True,52.225,-92.217,-178.533,-97.822,-4.210,-0.782,-3.989,-99.920,55.198,8.190,55.802,-4.618,-0.304,4.628,0.545
17:49:57.206,86.551,47.677,-91.731,True,48.394,-93.521,-180.805,-84.217,-3.793,-0.683,-8.170,-99.666,55.847,7.935,56.408,-4.076,-0.232,4.083,0.639
17:49:57.227,86.572,45.911,-93.769,True,45.068,-94.838,-179.457,-73.531,-3.506,-0.922,-12.336,-99.236,58.248,5.467,58.504,-3.759,-0.491,3.791,0.635
17:49:57.248,86.592,44.146,-93.769,True,42.140,-95.679,-176.301,-61.841,-3.084,-1.457,-16.481,-98.633,60.627,4.863,60.821,-3.316,-0.944,3.448,0.683
17:49:57.273,86.617,37.082,-101.923,True,38.243,-98.129,-180.592,-62.714,-3.865,-1.198,-20.597,-97.856,57.679,-4.067,57.822,-4.040,-0.717,4.103,0.574
17:49:57.294,86.638,33.551,-101.923,True,34.374,-99.988,-183.708,-58.279,-4.269,-0.897,-24.677,-96.908,58.227,-5.016,58.443,-4.340,-0.562,4.376,0.892
17:49:57.314,86.658,33.551,-103.962,True,31.371,-101.816,-180.541,-53.619,-4.570,-1.182,-28.713,-95.789,62.264,-8.172,62.798,-4.654,-0.978,4.755,0.698
17:49:57.334,86.679,30.019,-106.000,True,28.289,-103.616,-179.126,-48.775,-4.846,-1.608,-32.699,-94.503,62.718,-11.497,63.763,-4.986,-1.255,5.141,0.735
17:49:57.354,86.699,22.956,-101.923,True,24.299,-103.970,-184.363,-34.480,-4.128,-1.434,-36.628,-93.051,59.583,-8.873,60.240,-4.452,-0.909,4.544,0.583
17:49:57.384,86.728,21.190,-106.000,True,20.746,-104.971,-185.351,-27.373,-4.496,-1.317,-40.492,-91.435,61.682,-14.565,63.378,-4.542,-0.911,4.633,0.495
17:49:57.404,86.748,15.892,-101.923,True,16.772,-104.683,-188.971,-12.559,-3.629,-1.226,-44.286,-89.659,60.178,-12.264,61.415,-3.909,-0.644,3.962,0.481
17:49:57.424,86.769,12.361,-97.846,True,12.846,-103.288,-191.260,6.299,-2.554,-1.039,-48.001,-87.726,60.362,-10.120,61.204,-2.823,-0.455,2.859,0.596
17:49:57.445,86.789,8.829,-95.808,True,8.976,-101.453,-192.488,23.346,-1.463,-1.024,-51.633,-85.639,60.462,-10.169,61.311,-1.793,-0.328,1.822,0.843
17:49:57.471,86.815,5.297,-93.769,True,5.166,-99.308,-192.900,38.075,-0.444,-1.068,-55.174,-83.402,60.471,-10.367,61.353,-0.876,-0.246,0.910,0.637
17:49:57.494,86.838,1.766,-91.731,True,1.415,-96.962,-192.704,50.313,0.111,-0.982,-58.618,-81.018,60.384,-10.713,61.326,-0.107,-0.194,0.222,0.513
17:49:57.514,86.859,0.000,-91.731,True,-1.872,-94.973,-189.368,57.003,0.185,-1.278,-61.959,-78.493,61.959,-13.238,63.358,0.207,-0.418,0.466,0.744
17:49:57.535,86.880,-5.297,-79.500,True,-5.575,-90.500,-189.672,78.524,1.127,-1.292,-65.192,-75.829,59.894,-3.671,60.007,1.949,-0.301,1.972,0.774
17:49:57.556,86.900,-8.829,-83.577,True,-9.243,-87.684,-189.464,82.713,1.120,-0.935,-68.310,-73.033,59.481,-10.544,60.408,2.219,-0.200,2.228,0.875
17:49:57.577,86.921,-10.595,-79.500,True,-12.466,-84.511,-186.145,88.146,1.368,-1.020,-71.308,-70.108,60.713,-9.392,61.435,2.615,-0.365,2.641,0.564
17:49:57.603,86.948,-14.127,-75.423,True,-15.709,-81.045,-183.741,93.978,1.818,-1.227,-74.181,-67.060,60.055,-8.363,60.634,3.072,-0.441,3.104,0.483
17:49:57.624,86.968,-19.424,-75.423,True,-19.393,-78.295,-184.708,93.387,1.599,-0.969,-76.925,-63.895,57.501,-11.528,58.645,2.949,-0.184,2.955,0.718
17:49:57.645,86.989,-24.722,-71.346,True,-23.467,-75.246,-187.584,95.095,1.871,-0.434,-79.533,-60.618,54.811,-10.728,55.851,3.010,0.302,3.025,0.784
17:49:57.665,87.009,-24.722,-69.308,True,-26.638,-72.406,-183.148,95.079,1.805,-0.543,-82.001,-57.234,57.280,-12.073,58.539,2.897,0.166,2.901,0.447
17:49:57.688,87.033,-31.785,-73.385,True,-30.646,-71.174,-185.074,84.727,0.751,-0.096,-84.326,-53.750,52.541,-19.634,56.090,1.773,0.637,1.883,0.399
17:49:57.710,87.055,-31.785,-73.385,True,-34.348,-69.479,-183.766,81.085,0.420,0.131,-86.503,-50.172,54.718,-23.213,59.438,1.151,0.869,1.442,0.477
17:49:57.731,87.075,-38.848,-69.308,True,-38.256,-68.267,-183.468,76.104,-0.244,0.649,-88.528,-46.505,49.680,-22.802,54.663,0.327,1.240,1.283,0.803
17:49:57.751,87.096,-40.614,-63.192,True,-41.575,-65.796,-178.712,81.415,0.112,0.529,-90.398,-42.758,49.784,-20.435,53.815,0.399,1.239,1.301,0.802
17:49:57.771,87.116,-42.380,-63.192,True,-44.441,-63.919,-171.713,82.164,-0.238,0.337,-92.109,-38.935,49.729,-24.258,55.330,0.044,1.033,1.034,0.771
17:49:57.796,87.140,-47.677,-59.115,True,-47.826,-61.492,-169.282,87.007,-0.633,0.726,-93.659,-35.043,45.982,-24.072,51.902,0.048,1.259,1.260,0.708
17:49:57.818,87.162,-51.209,-57.077,True,-51.211,-59.104,-166.691,91.014,-0.589,1.024,-95.044,-31.090,43.835,-25.986,50.959,-0.022,1.509,1.509,0.514
17:49:57.838,87.183,-56.506,-55.038,True,-55.012,-56.749,-166.575,94.474,-1.103,1.986,-96.263,-27.083,39.756,-27.955,48.601,-0.144,2.036,2.041,0.775
17:49:57.859,87.203,-61.804,-59.115,True,-59.159,-55.862,-167.637,88.318,-2.241,2.971,-97.312,-23.028,35.509,-36.087,50.627,-1.191,2.745,2.992,0.507
17:49:57.879,87.224,-65.335,-59.115,True,-63.173,-55.271,-166.277,83.157,-3.306,3.163,-98.191,-18.933,32.856,-40.182,51.905,-2.245,3.308,3.998,0.606
17:49:57.903,87.247,-65.335,-59.115,True,-66.498,-53.608,-159.481,87.769,-3.211,3.106,-98.898,-14.805,33.563,-44.311,55.587,-2.462,3.419,4.213,0.447
17:49:57.925,87.270,-67.101,-57.077,True,-68.957,-53.328,-147.809,83.440,-4.084,2.609,-99.431,-10.650,32.330,-46.427,56.574,-3.540,3.076,4.690,0.504
17:49:57.946,87.290,-75.930,-53.000,True,-72.986,-52.017,-148.238,88.460,-4.570,3.751,-99.790,-6.477,23.860,-46.523,52.284,-3.814,3.864,5.429,0.902
17:49:57.967,87.311,-79.462,-48.923,True,-76.849,-49.909,-145.942,98.424,-4.483,4.430,-99.974,-2.293,20.512,-46.630,50.942,-3.611,4.480,5.754,0.786
17:49:57.987,87.331,-79.462,-46.885,True,-79.692,-47.679,-136.260,107.493,-4.530,4.673,-99.982,1.896,20.520,-48.780,52.921,-3.441,4.452,5.627,0.446
17:49:58.007,87.351,-82.994,-46.885,True,-82.557,-45.857,-127.999,112.478,-4.680,4.721,-99.815,6.081,16.821,-52.965,55.572,-3.614,4.555,5.815,0.355
17:49:58.030,87.374,-84.759,-40.769,True,-85.032,-42.931,-118.095,124.230,-4.444,4.545,-99.473,10.255,14.713,-51.025,53.104,-3.126,4.510,5.487,0.469
17:49:58.051,87.395,-90.057,-30.577,True,-88.022,-38.119,-112.878,145.653,-3.029,4.746,-98.956,14.412,8.899,-44.989,45.860,-1.629,4.905,5.168,0.802
17:49:58.071,87.415,-90.057,-30.577,True,-90.227,-34.122,-102.463,156.035,-2.110,4.211,-98.266,18.543,8.209,-49.120,49.801,-0.997,4.843,4.945,0.442
17:49:58.091,87.435,-79.462,-22.423,True,-89.287,-29.000,-73.014,171.136,-1.103,2.696,-97.403,22.642,17.941,-45.065,48.505,0.174,2.956,2.961,0.821
17:49:58.111,87.456,-91.823,-22.423,True,-90.997,-24.843,-68.580,175.587,-0.972,3.364,-96.369,26.701,4.547,-49.124,49.334,0.477,3.243,3.278,0.865
17:49:58.137,87.482,-82.994,-12.231,True,-90.188,-19.214,-47.599,188.505,0.900,1.435,-95.167,30.713,12.173,-42.944,44.636,1.632,1.992,2.575,0.706
17:49:58.158,87.502,-86.525,-6.115,True,-90.067,-13.275,-36.448,199.419,1.959,1.105,-93.797,34.671,7.272,-40.786,41.430,2.735,1.542,3.140,0.588
17:49:58.179,87.523,-86.525,-4.077,True,-89.803,-8.075,-26.740,201.775,2.480,0.367,-92.263,38.568,5.738,-42.645,43.030,3.155,1.189,3.371,0.928
17:49:58.199,87.544,-86.525,2.038,True,-89.451,-2.626,-18.458,204.603,3.044,0.056,-90.567,42.398,4.042,-40.360,40.562,3.670,0.941,3.789,0.801
17:49:58.220,87.565,-93.589,4.077,True,-90.697,2.073,-22.297,201.063,3.722,0.904,-88.712,46.154,-4.876,-42.077,42.358,3.641,1.827,4.073,0.816
17:49:58.248,87.592,-100.652,4.077,True,-93.355,5.625,-33.109,190.493,3.124,2.470,-86.702,49.828,-13.950,-45.751,47.831,2.944,3.481,4.559,0.501
17:49:58.269,87.613,-100.652,6.115,True,-95.561,8.663,-36.118,179.361,2.973,2.711,-84.539,53.415,-16.113,-47.300,49.969,2.123,4.577,5.045,0.793
17:49:58.289,87.633,-104.184,10.192,True,-98.121,11.771,-38.809,171.849,2.190,4.654,-82.228,56.908,-21.955,-46.716,51.618,1.566,5.757,5.966,0.768
17:49:58.309,87.654,-107.715,16.308,True,-100.948,15.464,-40.475,170.313,2.345,6.120,-79.773,60.302,-27.942,-43.994,52.118,1.531,6.957,7.123,0.702
17:49:58.329,87.674,-105.949,18.346,True,-102.733,18.748,-32.594,166.367,2.049,6.756,-77.178,63.589,-28.772,-45.243,53.617,1.279,7.363,7.473,0.891
17:49:58.357,87.701,-107.715,22.423,True,-104.391,22.156,-24.087,164.270,1.855,7.557,-74.447,66.765,-33.268,-44.342,55.435,1.194,7.732,7.824,0.408
17:49:58.377,87.722,-113.013,32.615,True,-106.766,27.110,-20.642,172.781,2.767,8.079,-71.586,69.824,-41.427,-37.209,55.684,2.127,8.598,8.857,0.496
17:49:58.398,87.742,-111.247,34.654,True,-108.124,31.516,-9.194,174.659,2.914,8.018,-68.599,72.761,-42.648,-38.107,57.192,2.551,8.770,9.134,0.772
17:49:58.418,87.763,-113.013,38.731,True,-109.402,35.874,1.638,175.104,3.085,8.135,-65.492,75.570,-47.520,-36.839,60.127,2.900,8.991,9.447,0.810
17:49:58.438,87.783,-113.013,42.808,True,-110.216,40.174,14.544,174.388,3.378,8.194,-62.270,78.246,-50.742,-35.438,61.892,3.191,9.007,9.555,0.756
17:49:58.463,87.808,-113.013,42.808,True,-109.925,43.661,33.049,167.833,3.087,7.932,-58.939,80.785,-54.074,-37.977,66.077,2.971,8.461,8.968,0.380
17:49:58.485,87.830,-111.247,53.000,True,-109.823,48.705,46.856,172.521,3.947,7.797,-55.504,83.182,-55.742,-30.182,63.389,3.817,8.275,9.112,1.183
17:49:58.506,87.851,-111.247,57.077,True,-109.516,53.469,59.880,172.968,4.643,7.608,-51.972,85.433,-59.274,-28.356,65.708,4.365,8.115,9.215,1.170
17:49:58.526,87.870,-111.247,59.115,True,-109.067,57.488,71.845,167.516,4.660,7.285,-48.349,87.535,-62.898,-28.419,69.020,4.416,8.013,9.149,0.395
17:49:58.548,87.892,-111.247,57.077,True,-108.527,59.906,82.663,152.570,3.610,7.130,-44.641,89.483,-66.606,-32.406,74.070,3.564,7.982,8.742,0.426
17:49:58.574,87.918,-107.715,59.115,True,-107.077,62.027,97.770,139.351,2.882,6.642,-40.855,91.274,-66.860,-32.158,74.192,2.793,7.506,8.009,0.463
17:49:58.594,87.939,-104.184,61.154,True,-104.898,63.942,114.620,128.044,2.145,5.927,-36.997,92.904,-67.187,-31.751,74.311,2.134,6.784,7.112,0.417
17:49:58.615,87.960,-102.418,63.192,True,-102.562,65.723,128.843,118.641,1.502,5.322,-33.074,94.372,-69.344,-31.180,76.031,1.602,6.209,6.412,1.273
17:49:58.635,87.980,-100.652,63.192,True,-100.141,66.948,140.589,107.918,0.489,4.983,-29.093,95.674,-71.559,-32.482,78.586,0.905,5.786,5.856,0.734
17:49:58.656,88.000,-97.120,61.154,True,-97.280,67.253,152.794,93.987,-0.673,4.553,-25.061,96.809,-72.059,-35.655,80.398,-0.152,5.254,5.256,0.874
17:49:58.685,88.029,-93.589,65.231,True,-94.077,68.225,164.555,88.363,-1.260,4.343,-20.985,97.773,-72.603,-32.543,79.563,-0.508,4.687,4.715,0.579
17:49:58.705,88.049,-90.057,67.269,True,-90.616,69.360,175.296,85.255,-1.455,4.107,-16.873,98.566,-73.184,-31.297,79.596,-0.634,4.140,4.188,0.436
17:49:58.725,88.069,-82.994,67.269,True,-86.154,70.183,190.090,80.761,-1.319,2.645,-12.730,99.186,-70.263,-31.917,77.173,-0.878,3.134,3.255,0.549
17:49:58.745,88.090,-79.462,69.308,True,-81.681,71.219,200.949,78.756,-1.536,1.847,-8.566,99.632,-70.896,-30.325,77.110,-0.883,2.380,2.539,0.878
17:49:58.766,88.110,-77.696,67.269,True,-77.670,71.510,205.787,72.112,-2.034,1.893,-4.386,99.904,-73.310,-32.635,80.246,-1.301,2.108,2.477,0.791
17:49:58.792,88.136,-75.930,71.346,True,-74.106,72.579,206.479,72.325,-1.558,1.989,-0.199,100.000,-75.732,-28.654,80.971,-1.086,2.193,2.447,0.418
17:49:58.813,88.157,-72.399,71.346,True,-70.540,73.402,207.277,70.452,-1.873,1.889,3.989,99.920,-76.388,-28.574,81.557,-1.018,2.271,2.489,0.908
17:49:58.833,88.177,-65.335,73.385,True,-66.148,74.480,213.566,70.359,-1.507,1.488,8.170,99.666,-73.505,-26.281,78.062,-0.748,1.828,1.975,0.785
17:49:58.853,88.197,-61.804,75.423,True,-61.860,75.779,217.434,71.185,-1.105,1.288,12.336,99.236,-74.140,-23.813,77.871,-0.337,1.557,1.593,0.504
17:49:58.874,88.218,-58.272,75.423,True,-57.688,76.789,219.469,69.155,-0.874,1.049,16.481,98.633,-74.753,-23.209,78.273,-0.132,1.423,1.429,0.859
17:49:58.906,88.250,-54.741,73.385,True,-53.634,77.059,220.187,62.104,-1.208,1.036,20.597,97.856,-75.337,-24.471,79.212,-0.363,1.390,1.436,0.552
17:49:58.926,88.271,-44.146,77.462,True,-48.048,78.106,230.817,61.566,-0.800,0.069,24.677,96.908,-68.822,-19.446,71.517,0.016,0.403,0.403,0.790
17:49:58.947,88.291,-42.380,87.654,True,-43.187,81.270,233.252,74.246,0.837,-0.259,28.713,95.789,-71.093,-8.135,71.557,1.709,0.077,1.710,0.642
17:49:58.967,88.311,-38.848,89.692,True,-38.598,84.368,232.912,81.336,2.230,-0.535,32.699,94.503,-71.547,-4.810,71.709,3.067,-0.026,3.067,0.717
17:49:58.987,88.332,-31.785,91.731,True,-33.439,87.328,236.150,83.798,3.327,-1.022,36.628,93.051,-68.413,-1.320,68.425,4.137,-0.487,4.166,0.646
17:49:59.010,88.354,-28.253,93.769,True,-28.608,90.111,235.857,82.578,4.361,-1.143,40.492,91.435,-68.745,2.334,68.785,4.971,-0.668,5.015,0.763
17:49:59.030,88.374,-26.487,97.846,True,-24.494,93.176,230.519,81.656,5.258,-1.478,44.286,89.659,-70.773,8.187,71.245,5.915,-0.396,5.928,0.503
17:49:59.050,88.395,-22.956,99.885,True,-20.598,95.989,225.015,77.254,6.217,-0.795,48.001,87.726,-70.957,12.158,71.991,6.618,-0.083,6.619,0.736
17:49:59.071,88.415,-19.424,95.808,True,-16.870,97.133,219.763,61.020,5.630,-0.182,51.633,85.639,-71.057,10.169,71.781,6.256,0.230,6.261,0.734
17:49:59.091,88.435,-12.361,106.000,True,-12.449,100.130,220.411,59.844,6.676,-0.243,55.174,83.402,-67.534,22.598,71.215,7.266,0.007,7.266,0.520
17:49:59.120,88.465,-8.829,108.038,True,-8.224,102.886,219.220,55.165,7.573,-0.414,58.618,81.018,-67.447,27.020,72.658,8.033,-0.079,8.034,0.463
17:49:59.141,88.485,-5.297,112.115,True,-4.178,105.877,216.830,51.070,8.448,-0.234,61.959,78.493,-67.257,33.623,75.193,8.916,-0.073,8.916,0.850
17:49:59.161,88.506,1.766,114.154,True,0.532,108.584,219.134,43.831,8.752,-0.901,65.192,75.829,-63.426,38.325,74.105,9.568,-0.526,9.583,0.898
17:49:59.181,88.526,5.297,110.077,True,5.004,109.604,218.638,25.113,8.461,-1.260,68.310,73.033,-63.012,37.044,73.095,9.170,-0.775,9.202,0.429
17:49:59.203,88.547,8.829,112.115,True,9.249,110.573,216.210,9.340,8.387,-1.404,71.308,70.108,-62.479,42.007,75.288,8.974,-0.879,9.017,0.791
17:49:59.231,88.576,12.361,110.077,True,13.292,110.601,212.553,-10.141,7.367,-1.485,74.181,67.060,-61.821,43.016,75.314,8.374,-0.889,8.421,0.722
17:49:59.252,88.596,17.658,112.115,True,17.570,110.797,210.903,-24.725,7.291,-1.157,76.925,63.895,-59.266,48.220,76.405,8.144,-1.102,8.218,0.706
17:49:59.272,88.617,19.424,112.115,True,21.239,110.724,205.030,-38.690,7.450,-1.114,79.533,60.618,-60.109,51.497,79.152,7.921,-0.948,7.977,0.766
17:49:59.292,88.636,22.956,112.115,True,24.785,110.453,199.442,-51.657,7.222,-0.981,82.001,57.234,-59.046,54.881,80.612,7.742,-0.817,7.785,0.431
17:49:59.313,88.657,26.487,110.077,True,28.243,109.573,194.271,-66.560,6.796,-0.798,84.326,53.750,-57.839,56.327,80.734,7.335,-0.723,7.370,0.590
17:49:59.336,88.681,30.019,110.077,True,31.638,108.668,189.564,-78.826,6.617,-0.878,86.503,50.172,-56.484,59.905,82.335,7.109,-0.676,7.141,0.449
17:49:59.357,88.701,33.551,108.038,True,34.993,107.311,185.305,-91.987,6.280,-0.833,88.528,46.505,-54.978,61.533,82.516,6.752,-0.681,6.786,0.829
17:49:59.377,88.722,40.614,106.000,True,39.144,105.594,186.829,-105.052,5.955,-1.304,90.398,42.758,-49.784,63.242,80.486,6.343,-1.251,6.465,0.769
17:49:59.398,88.742,42.380,110.077,True,42.764,105.023,183.495,-108.029,6.439,-1.413,92.109,38.935,-49.729,71.142,86.800,6.827,-1.434,6.976,0.854
17:49:59.418,88.763,47.677,101.923,True,46.723,102.644,182.446,-123.490,5.783,-1.808,93.659,35.043,-45.982,66.880,81.162,6.158,-1.867,6.435,0.958
17:49:59.439,88.783,51.209,99.885,True,50.566,100.107,179.890,-136.585,5.232,-2.164,95.044,31.090,-43.835,68.794,81.573,5.620,-2.213,6.040,1.114
17:49:59.460,88.805,51.209,99.885,True,54.164,97.375,175.342,-148.131,4.813,-2.326,96.263,27.083,-45.054,72.801,85.615,5.151,-2.417,5.690,0.758
17:49:59.481,88.825,54.741,93.769,True,56.845,94.231,165.089,-159.874,4.649,-1.933,97.312,23.028,-42.572,70.741,82.563,4.593,-2.104,5.052,0.942
17:49:59.501,88.845,61.804,95.808,True,60.589,92.308,163.557,-161.272,4.865,-2.348,98.191,18.933,-36.388,76.875,85.051,4.954,-2.600,5.595,0.670
17:49:59.521,88.866,61.804,93.769,True,63.334,90.281,154.910,-163.915,4.969,-2.191,98.898,14.805,-37.094,78.965,87.243,5.222,-2.473,5.778,0.664
17:49:59.545,88.889,61.804,93.769,True,66.432,87.003,149.829,-174.644,4.287,-2.299,99.431,10.650,-37.627,83.119,91.239,4.722,-2.682,5.430,0.552
17:49:59.566,88.910,68.867,81.538,True,69.262,82.924,143.291,-187.953,3.316,-2.429,99.790,6.477,-30.923,75.061,81.181,3.896,-2.778,4.785,1.150
17:49:59.587,88.931,68.867,81.538,True,72.128,79.165,137.583,-195.958,2.896,-2.622,99.974,2.293,-31.107,79.246,85.132,3.476,-2.971,4.572,0.255
17:49:59.608,88.952,72.399,79.500,True,74.070,76.634,126.669,-194.848,3.600,-2.493,99.982,-1.896,-27.583,81.396,85.942,3.889,-2.678,4.722,0.712
17:49:59.629,88.973,75.930,75.423,True,76.406,73.523,120.003,-198.198,3.772,-2.420,99.815,-6.081,-23.885,81.504,84.932,3.899,-2.774,4.785,0.774
17:49:59.655,89.000,77.696,71.346,True,78.506,70.043,112.517,-203.333,3.254,-2.358,99.473,-10.255,-21.777,81.602,84.457,3.717,-2.804,4.656,0.913
17:49:59.682,89.027,79.462,69.308,True,80.424,66.830,104.755,-205.817,3.736,-2.602,98.956,-14.412,-19.494,83.720,85.959,3.755,-2.815,4.693,0.672
17:49:59.702,89.047,84.759,53.000,True,83.072,60.318,102.368,-228.262,1.926,-3.259,98.266,-18.543,-13.506,71.543,72.807,1.836,-3.355,3.824,0.843
17:49:59.723,89.067,86.525,55.038,True,85.458,55.581,97.591,-233.109,1.192,-3.366,97.403,-22.642,-10.878,77.680,78.438,1.396,-3.724,3.977,0.634
17:49:59.743,89.087,86.525,46.885,True,87.200,49.964,88.608,-242.050,0.367,-3.281,96.369,-26.701,-9.844,73.585,74.241,0.505,-3.729,3.763,0.608
17:49:59.764,89.108,90.057,38.731,True,89.227,43.624,82.586,-252.749,-0.599,-3.825,95.167,-30.713,-5.110,69.444,69.631,-0.656,-4.015,4.068,0.723
17:49:59.785,89.130,90.057,38.731,True,90.878,38.569,74.337,-251.400,-0.871,-3.604,93.797,-34.671,-3.740,73.402,73.497,-0.798,-4.117,4.194,0.776
17:49:59.806,89.150,91.823,34.654,True,92.212,33.856,64.901,-247.757,-0.761,-3.883,92.263,-38.568,-0.440,73.222,73.224,-0.736,-4.112,4.177,0.809
17:49:59.826,89.171,93.589,20.385,True,93.531,26.625,56.587,-260.608,-2.396,-3.905,90.567,-42.398,3.022,62.783,62.855,-2.256,-4.208,4.775,0.745
17:49:59.847,89.191,93.589,26.500,True,94.387,22.716,46.207,-247.760,-2.136,-3.394,88.712,-46.154,4.876,72.654,72.817,-1.472,-4.110,4.366,0.788
17:49:59.867,89.212,93.589,10.192,True,94.884,15.882,35.057,-256.619,-3.197,-3.246,86.702,-49.828,6.887,60.020,60.414,-2.689,-3.921,4.755,0.735
17:49:59.893,89.238,95.354,4.077,True,95.529,9.130,26.644,-261.401,-4.321,-3.268,84.539,-53.415,10.815,57.492,58.500,-3.648,-3.969,5.391,0.454
17:49:59.913,89.258,97.120,2.038,True,96.315,3.457,20.110,-256.759,-4.218,-3.605,82.228,-56.908,14.892,58.947,60.799,-3.805,-4.195,5.664,0.537
17:49:59.934,89.278,97.120,0.000,True,96.812,-1.281,12.107,-246.381,-3.903,-3.734,79.773,-60.302,17.347,60.302,62.747,-3.425,-4.298,5.496,0.700
17:49:59.954,89.299,97.120,-2.038,True,97.070,-5.230,3.376,-232.987,-3.006,-3.503,77.178,-63.589,19.943,61.551,64.701,-2.711,-4.335,5.112,0.688
17:49:59.976,89.321,97.120,-12.231,True,97.133,-10.437,-5.556,-230.988,-3.466,-3.730,74.447,-66.765,22.673,54.535,59.060,-3.004,-4.346,5.283,0.736
17:50:00.000,89.345,97.120,-10.192,True,97.045,-13.923,-14.335,-217.386,-2.799,-3.868,71.586,-69.824,25.534,59.632,64.869,-2.229,-4.363,4.899,0.394
17:50:00.021,89.365,97.120,-20.385,True,96.843,-18.763,-22.745,-216.039,-3.172,-3.913,68.599,-72.761,28.521,52.376,59.638,-2.538,-4.405,5.084,0.759
17:50:00.042,89.386,97.120,-20.385,True,96.558,-22.455,-30.675,-206.694,-2.730,-4.096,65.492,-75.570,31.628,55.185,63.606,-2.127,-4.486,4.965,1.158
17:50:00.061,89.406,97.120,-26.500,True,96.218,-26.569,-38.091,-202.187,-2.657,-4.185,62.270,-78.246,34.850,51.746,62.387,-2.138,-4.612,5.084,0.458
17:50:00.082,89.426,97.120,-28.538,True,95.844,-30.130,-45.018,-194.616,-2.372,-4.422,58.939,-80.785,38.181,52.246,64.711,-1.869,-4.784,5.137,0.704
17:50:00.105,89.449,97.120,-36.692,True,95.450,-34.643,-51.512,-194.867,-2.835,-4.667,55.504,-83.182,41.616,46.490,62.395,-2.324,-5.002,5.515,0.498
17:50:00.125,89.470,95.354,-36.692,True,94.637,-38.111,-60.356,-187.261,-2.637,-4.688,51.972,-85.433,43.382,48.741,65.251,-2.092,-5.003,5.423,0.469
17:50:00.146,89.490,93.589,-38.731,True,93.467,-41.129,-70.393,-178.176,-2.040,-4.498,48.349,-87.535,45.239,48.804,66.546,-1.705,-4.874,5.164,0.727
17:50:00.167,89.511,93.589,-40.769,True,92.415,-43.780,-78.065,-168.667,-1.601,-4.513,44.641,-89.483,48.947,48.713,69.057,-1.247,-4.937,5.092,0.806
17:50:00.187,89.532,93.589,-42.808,True,91.490,-46.142,-84.023,-159.457,-1.155,-4.669,40.855,-91.274,52.734,48.466,71.622,-0.780,-5.151,5.210,0.786
17:50:00.208,89.552,90.057,-46.885,True,89.867,-48.762,-94.227,-154.111,-1.193,-4.857,36.997,-92.904,53.060,46.020,70.237,-0.646,-4.966,5.008,0.834
17:50:00.228,89.572,90.057,-46.885,True,88.465,-50.691,-101.258,-145.202,-0.758,-4.680,33.074,-94.372,56.983,47.488,74.176,-0.175,-5.041,5.044,0.865
17:50:00.248,89.592,88.291,-50.962,True,86.870,-52.983,-108.786,-140.816,-0.582,-4.747,29.093,-95.674,59.198,44.713,74.186,-0.102,-5.057,5.058,0.818
17:50:00.268,89.612,86.525,-53.000,True,85.120,-55.148,-116.379,-136.330,-0.537,-4.747,25.061,-96.809,61.464,43.809,75.479,-0.030,-5.048,5.048,0.705
17:50:00.289,89.633,82.994,-57.077,True,82.839,-57.690,-126.442,-135.049,-0.935,-4.472,20.985,-97.773,62.008,40.696,74.170,-0.275,-4.780,4.788,0.893
17:50:00.309,89.654,82.994,-57.077,True,80.934,-59.620,-132.165,-129.421,-0.765,-4.640,16.873,-98.566,66.121,41.489,78.060,-0.154,-4.874,4.877,0.989
17:50:00.330,89.674,79.462,-59.115,True,78.563,-61.490,-140.390,-124.381,-0.598,-4.429,12.730,-99.186,66.732,40.071,77.838,-0.092,-4.719,4.719,0.835
17:50:00.350,89.694,77.696,-61.154,True,76.206,-63.321,-147.120,-119.878,-0.623,-4.323,8.566,-99.632,69.131,38.479,79.118,-0.093,-4.666,4.666,0.699
17:50:00.370,89.715,72.399,-63.192,True,73.063,-65.132,-158.027,-115.828,-0.654,-3.982,4.386,-99.904,68.013,36.711,77.288,-0.155,-4.187,4.190,0.811
17:50:00.391,89.735,72.399,-65.231,True,70.482,-66.933,-162.818,-112.123,-0.749,-4.047,0.199,-100.000,72.200,34.769,80.136,-0.273,-4.216,4.225,0.796
17:50:00.411,89.756,68.867,-67.269,True,67.607,-68.733,-168.974,-108.651,-0.907,-3.940,-3.989,-99.920,72.856,32.651,79.838,-0.441,-4.097,4.121,0.378
17:50:00.433,89.778,65.335,-65.231,True,64.485,-69.587,-175.699,-99.078,-0.462,-3.700,-8.170,-99.666,73.505,34.435,81.171,-0.063,-3.889,3.889,0.734
17:50:00.454,89.798,63.570,-73.385,True,61.575,-71.991,-179.721,-101.721,-1.276,-3.731,-12.336,-99.236,75.906,25.852,80.187,-0.818,-3.894,3.979,0.820
17:50:00.474,89.819,58.272,-75.423,True,58.048,-74.350,-187.276,-102.176,-1.864,-3.483,-16.481,-98.633,74.753,23.209,78.273,-1.460,-3.542,3.831,1.048
17:50:00.494,89.838,54.741,-75.423,True,54.404,-76.168,-193.884,-97.694,-2.190,-3.212,-20.597,-97.856,75.337,22.433,78.606,-1.713,-3.220,3.647,0.421
17:50:00.514,89.859,52.975,-71.346,True,51.095,-76.548,-196.761,-83.827,-1.681,-3.044,-24.677,-96.908,77.651,25.561,81.750,-1.107,-3.197,3.383,0.665
17:50:00.539,89.883,49.443,-73.385,True,47.691,-77.100,-199.843,-74.161,-1.086,-3.376,-28.713,-95.789,78.156,22.405,81.304,-0.839,-3.132,3.242,0.471
17:50:00.559,89.904,37.082,-77.462,True,42.158,-78.323,-216.375,-70.724,-1.366,-2.275,-32.699,-94.503,69.781,17.041,71.832,-1.141,-1.761,2.099,0.785
17:50:00.580,89.924,40.614,-77.462,True,38.477,-79.208,-215.743,-64.905,-1.609,-2.379,-36.628,-93.051,77.242,15.589,78.799,-1.255,-1.853,2.238,0.813
17:50:00.600,89.944,31.785,-77.462,True,33.610,-79.799,-223.180,-57.675,-2.108,-1.613,-40.492,-91.435,72.277,13.974,73.615,-1.253,-1.173,1.716,0.745
17:50:00.620,89.965,22.956,-79.500,True,27.708,-80.615,-235.044,-52.882,-2.203,-0.498,-44.286,-89.659,67.241,10.159,68.004,-1.486,0.017,1.486,0.781
17:50:00.640,89.985,21.190,-81.538,True,22.585,-81.642,-237.783,-49.625,-3.368,0.028,-48.001,-87.726,69.191,6.188,69.467,-1.892,0.483,1.952,0.467
17:50:00.661,90.005,17.658,-75.423,True,17.790,-80.959,-237.053,-34.726,-2.413,-0.113,-51.633,-85.639,69.291,10.216,70.040,-1.236,0.677,1.410,0.906
17:50:00.681,90.026,14.127,-81.538,True,13.299,-81.627,-234.014,-32.011,-3.030,-0.060,-55.174,-83.402,69.300,1.863,69.325,-1.665,0.681,1.799,0.768
17:50:00.701,90.046,10.595,-79.500,True,9.078,-81.624,-229.596,-24.364,-3.284,0.363,-58.618,-81.018,69.213,1.518,69.229,-1.673,0.562,1.765,0.794
17:50:00.722,90.066,1.766,-85.615,True,3.854,-82.925,-232.597,-26.278,-4.200,1.237,-61.959,-78.493,63.725,-7.123,64.122,-2.587,1.142,2.828,1.044
17:50:00.742,90.086,-1.766,-85.615,True,-1.023,-83.954,-231.728,-24.267,-4.482,1.283,-65.192,-75.829,63.426,-9.786,64.176,-3.224,1.427,3.526,0.406
17:50:00.762,90.106,-5.297,-85.615,True,-5.574,-84.712,-228.246,-19.439,-4.666,1.125,-68.310,-73.033,63.012,-12.583,64.256,-3.654,1.503,3.951,0.389
17:50:00.783,90.127,-8.829,-87.654,True,-9.834,-85.694,-223.158,-15.830,-5.041,1.001,-71.308,-70.108,62.479,-17.546,64.896,-4.234,1.441,4.472,0.853
17:50:00.803,90.148,-15.892,-83.577,True,-14.668,-85.445,-222.632,-3.415,-4.795,1.290,-74.181,-67.060,58.289,-16.516,60.584,-4.025,1.814,4.415,0.809
17:50:00.823,90.168,-19.424,-81.538,True,-19.191,-84.590,-219.368,10.925,-4.154,1.420,-76.925,-63.895,57.501,-17.643,60.146,-3.592,1.975,4.100,0.528
17:50:00.848,90.192,-22.956,-81.538,True,-23.434,-83.713,-214.359,22.633,-3.704,1.690,-79.533,-60.618,56.577,-20.921,60.321,-3.346,1.996,3.896,0.467
17:50:00.870,90.215,-26.487,-81.538,True,-27.434,-82.861,-208.374,32.138,-3.490,1.738,-82.001,-57.234,55.514,-24.304,60.601,-3.267,1.933,3.796,0.504
17:50:00.891,90.235,-33.551,-75.423,True,-32.055,-80.639,-207.379,49.226,-2.368,2.315,-84.326,-53.750,50.776,-21.673,55.208,-2.443,2.345,3.386,0.790
17:50:00.911,90.255,-37.082,-75.423,True,-36.407,-78.672,-203.905,60.707,-1.998,2.484,-86.503,-50.172,49.421,-25.251,55.498,-2.047,2.575,3.290,0.475
17:50:00.931,90.276,-40.614,-69.308,True,-40.515,-75.564,-198.812,77.359,-1.030,2.924,-88.528,-46.505,47.914,-22.802,53.063,-1.105,2.683,2.902,0.803
17:50:00.951,90.296,-44.146,-71.346,True,-44.411,-73.396,-192.772,83.709,-0.939,3.083,-90.398,-42.758,46.252,-28.589,54.375,-1.029,2.719,2.907,0.740
17:50:00.978,90.323,-44.146,-69.308,True,-47.309,-71.161,-180.893,89.511,-0.732,2.643,-92.109,-38.935,47.964,-30.373,56.772,-0.990,2.210,2.422,0.445
17:50:00.999,90.344,-40.614,-65.231,True,-48.531,-68.409,-160.602,97.867,-0.338,1.181,-93.659,-35.043,53.045,-30.188,61.033,-0.695,0.854,1.101,0.812
17:50:01.020,90.364,-56.506,-65.231,True,-52.850,-66.168,-166.123,101.159,-0.387,2.258,-95.044,-31.090,38.538,-34.140,51.485,-0.840,1.812,1.997,0.673
17:50:01.040,90.385,-60.038,-59.115,True,-57.070,-62.976,-168.304,110.567,-0.371,3.039,-96.263,-27.083,36.225,-32.032,48.356,-0.412,2.572,2.605,0.862
17:50:01.061,90.405,-63.570,-61.154,True,-61.164,-60.855,-167.805,110.819,-0.820,3.582,-97.312,-23.028,33.743,-38.125,50.913,-0.796,3.171,3.269,0.716
17:50:01.086,90.431,-52.975,-55.038,True,-61.838,-57.803,-143.657,117.953,-0.626,2.078,-98.191,-18.933,45.217,-36.105,57.863,-0.559,1.595,1.690,0.410
17:50:01.107,90.451,-61.804,-50.962,True,-64.036,-54.402,-135.941,125.946,0.018,2.305,-98.898,-14.805,37.094,-36.157,51.801,-0.202,1.414,1.428,0.837
17:50:01.127,90.472,-65.335,-48.923,True,-66.425,-51.196,-130.870,130.882,0.521,2.301,-99.431,-10.650,34.096,-38.273,51.257,-0.085,1.476,1.478,0.762
17:50:01.147,90.492,-77.696,-40.769,True,-71.053,-46.764,-141.053,142.982,1.519,4.003,-99.790,-6.477,22.094,-34.292,40.793,0.737,3.007,3.096,0.772
17:50:01.168,90.512,-77.696,-48.923,True,-74.762,-45.070,-140.713,133.802,0.446,4.808,-99.974,-2.293,22.278,-46.630,51.679,-0.362,3.715,3.733,0.768
17:50:01.188,90.533,-81.228,-28.538,True,-78.424,-39.175,-138.656,155.705,1.841,5.383,-99.982,1.896,18.754,-30.434,35.749,1.383,4.342,4.557,0.776
17:50:01.209,90.553,-82.994,-34.654,True,-81.615,-35.734,-132.478,155.013,1.291,4.657,-99.815,6.081,16.821,-40.735,44.071,1.185,4.645,4.793,0.654
17:50:01.229,90.574,-84.759,-36.692,True,-84.379,-33.577,-123.691,146.380,0.015,4.561,-99.473,10.255,14.713,-46.948,49.199,0.219,4.730,4.735,0.852
17:50:01.250,90.594,-90.057,-38.731,True,-87.598,-32.527,-118.865,133.589,-1.433,5.156,-98.956,14.412,8.899,-53.143,53.883,-1.237,5.197,5.342,0.813
17:50:01.270,90.614,-91.823,-38.731,True,-90.404,-31.917,-111.009,122.576,-3.062,5.265,-98.266,18.543,6.443,-57.274,57.635,-2.666,5.422,6.042,0.447
17:50:01.290,90.635,-98.886,-40.769,True,-94.079,-32.092,-109.431,110.791,-4.686,5.963,-97.403,22.642,-1.483,-63.411,63.428,-4.300,6.262,7.596,0.723
17:50:01.311,90.655,-97.120,-28.538,True,-96.466,-29.565,-97.867,121.667,-4.329,5.720,-96.369,26.701,-0.751,-55.239,55.244,-3.926,6.236,7.369,0.800
17:50:01.331,90.675,-100.652,-24.462,True,-98.941,-26.511,-88.458,133.812,-3.877,6.372,-95.167,30.713,-5.485,-55.174,55.446,-3.353,6.400,7.225,0.422
17:50:01.351,90.696,-100.652,-28.538,True,-100.697,-24.928,-75.219,133.519,-4.228,6.309,-93.797,34.671,-6.855,-63.209,63.580,-3.864,6.207,7.311,0.627
17:50:01.372,90.716,-102.418,-24.462,True,-102.251,-22.770,-62.798,138.092,-4.457,5.940,-92.263,38.568,-10.155,-63.030,63.843,-3.934,6.057,7.223,0.783
17:50:01.395,90.740,-104.184,-18.346,True,-103.664,-19.622,-51.385,148.711,-3.771,5.812,-90.567,42.398,-13.616,-60.744,62.252,-3.400,5.977,6.876,0.570
17:50:01.416,90.760,-104.184,-8.154,True,-104.574,-14.674,-38.329,168.668,-2.231,5.693,-88.712,46.154,-15.471,-54.307,56.468,-1.886,5.720,6.023,0.827
17:50:01.436,90.780,-105.949,-8.154,True,-105.482,-10.570,-27.507,177.349,-1.588,5.691,-86.702,49.828,-19.248,-57.982,61.093,-1.245,5.637,5.773,0.776
17:50:01.456,90.801,-104.184,-2.038,True,-105.603,-5.865,-13.102,187.519,-0.712,5.048,-84.539,53.415,-19.645,-55.453,58.830,-0.368,5.195,5.208,0.767
17:50:01.477,90.822,-105.949,-10.192,True,-105.884,-3.991,-2.558,175.939,-1.724,4.417,-82.228,56.908,-23.721,-67.101,71.170,-1.439,5.062,5.263,0.593
17:50:01.501,90.845,-104.184,-2.038,True,-105.529,-0.836,10.518,176.503,-1.514,3.703,-79.773,60.302,-24.411,-62.340,66.949,-1.452,4.667,4.887,0.452
17:50:01.525,90.869,-104.184,2.038,True,-105.055,2.542,21.839,178.487,-1.437,3.359,-77.178,63.589,-27.006,-61.551,67.215,-1.308,4.387,4.578,0.467
17:50:01.545,90.890,-104.184,14.269,True,-104.517,8.007,31.515,193.632,0.047,3.145,-74.447,66.765,-29.736,-52.496,60.333,0.128,4.226,4.228,0.691
17:50:01.566,90.910,-100.652,18.346,True,-103.135,13.382,45.139,203.244,1.062,2.900,-71.586,69.824,-29.066,-51.478,59.117,1.219,3.668,3.865,0.645
17:50:01.586,90.931,-100.652,20.385,True,-101.865,18.129,55.088,205.227,1.446,2.663,-68.599,72.761,-32.053,-52.376,61.405,1.720,3.391,3.802,0.795
17:50:01.608,90.952,-100.652,20.385,True,-100.737,21.804,62.225,198.870,1.415,2.692,-65.492,75.570,-35.160,-55.185,65.434,1.495,3.348,3.667,0.466
17:50:01.631,90.976,-97.120,24.462,True,-98.942,25.475,72.727,193.783,1.426,2.286,-62.270,78.246,-34.850,-53.784,64.088,1.378,2.976,3.280,0.671
17:50:01.652,90.996,-95.354,28.538,True,-96.992,29.162,82.099,189.711,1.231,1.953,-58.939,80.785,-36.415,-52.246,63.685,1.357,2.667,2.993,0.743
17:50:01.672,91.016,-93.589,36.692,True,-94.941,33.824,90.269,192.628,2.066,1.585,-55.504,83.182,-38.084,-46.490,60.097,2.012,2.435,3.158,0.503
17:50:01.693,91.038,-90.057,42.808,True,-92.420,38.869,99.972,196.331,2.762,0.940,-51.972,85.433,-38.085,-42.626,57.161,2.825,2.028,3.478,0.813
17:50:01.714,91.058,-90.057,40.769,True,-90.336,42.325,104.694,187.432,2.491,0.923,-48.349,87.535,-41.708,-46.766,62.662,2.541,2.047,3.263,0.731
17:50:01.741,91.085,-90.057,42.808,True,-88.664,45.315,106.128,177.225,2.115,0.983,-44.641,89.483,-45.416,-46.675,65.124,2.108,2.377,3.177,0.624
17:50:01.761,91.105,-82.994,48.923,True,-85.717,48.874,116.430,172.991,2.310,0.508,-40.855,91.274,-42.139,-42.351,59.743,2.206,1.897,2.909,0.596
17:50:01.782,91.126,-82.994,57.077,True,-83.297,53.436,120.930,175.703,3.245,0.443,-36.997,92.904,-45.997,-35.827,58.304,2.985,1.909,3.543,0.784
17:50:01.802,91.147,-82.994,59.115,True,-81.370,57.453,121.622,172.877,3.523,1.078,-33.074,94.372,-49.920,-35.257,61.115,3.333,2.278,4.038,0.807
17:50:01.830,91.175,-79.462,61.154,True,-79.059,60.967,125.501,166.400,3.123,1.365,-29.093,95.674,-50.369,-34.521,61.063,3.380,2.378,4.133,0.478
17:50:01.854,91.199,-79.462,73.385,True,-77.226,66.407,125.938,173.336,5.170,2.195,-25.061,96.809,-54.401,-23.424,59.229,4.713,2.805,5.484,0.809
17:50:01.874,91.219,-75.930,75.423,True,-74.991,71.163,129.834,172.129,5.531,2.732,-20.985,97.773,-54.945,-22.350,59.317,5.421,2.939,6.167,0.774
17:50:01.894,91.239,-72.399,79.500,True,-72.396,75.742,135.867,168.465,5.930,2.596,-16.873,98.566,-55.526,-19.066,58.708,5.973,2.870,6.627,0.445
17:50:01.915,91.260,-74.165,67.269,True,-70.721,76.360,134.914,138.108,4.297,3.031,-12.730,99.186,-61.434,-31.917,69.231,4.044,3.442,5.311,0.827
17:50:01.936,91.280,-67.101,83.577,True,-67.808,80.157,143.392,136.601,4.974,2.814,-8.566,99.632,-58.536,-16.056,60.698,4.643,3.163,5.618,0.776
17:50:01.962,91.306,-67.101,85.615,True,-65.442,83.523,146.591,131.226,5.654,3.149,-4.386,99.904,-62.715,-14.288,64.322,4.942,3.335,5.962,0.432
17:50:01.982,91.327,-65.335,87.654,True,-63.167,86.497,149.130,123.373,5.794,3.199,-0.199,100.000,-65.137,-12.346,66.297,5.039,3.570,6.176,0.398
17:50:02.003,91.348,-61.804,93.769,True,-60.561,90.081,153.992,120.356,6.045,3.454,3.989,99.920,-65.793,-6.151,66.080,5.606,3.589,6.657,0.777
17:50:02.024,91.369,-56.506,91.731,True,-57.254,92.312,162.854,107.680,5.782,2.682,8.170,99.666,-64.676,-7.935,65.161,5.316,3.207,6.209,0.838
17:50:02.046,91.390,-54.741,101.923,True,-54.170,96.198,168.308,108.146,6.541,2.327,12.336,99.236,-67.077,2.687,67.131,6.240,3.085,6.961,0.514
17:50:02.072,91.416,-51.209,99.885,True,-50.898,98.715,174.028,97.652,6.068,2.327,16.481,98.633,-67.690,1.252,67.702,6.220,2.902,6.863,0.719
17:50:02.092,91.436,-47.677,99.885,True,-47.478,100.486,179.594,83.677,5.925,2.488,20.597,97.856,-68.274,2.029,68.304,5.860,2.693,6.449,0.579
17:50:02.112,91.456,-44.146,108.038,True,-43.946,103.525,184.730,80.616,6.454,2.314,24.677,96.908,-68.822,11.131,69.717,6.491,2.480,6.949,0.656
17:50:02.132,91.477,-40.614,101.923,True,-40.336,104.391,189.273,62.370,5.747,2.053,28.713,95.789,-69.327,6.134,69.598,5.743,2.280,6.179,0.739
17:50:02.155,91.499,-37.082,101.923,True,-36.674,104.775,193.144,44.897,5.035,1.868,32.699,94.503,-69.781,7.420,70.175,4.979,2.101,5.404,1.024
17:50:02.180,91.525,-37.082,110.077,True,-33.803,106.696,190.939,41.391,5.441,2.215,36.628,93.051,-73.710,17.026,75.651,5.455,2.460,5.984,0.581
17:50:02.201,91.545,-26.487,101.923,True,-29.172,106.223,201.334,21.629,4.347,1.780,40.492,91.435,-66.980,10.488,67.796,4.437,1.641,4.731,0.754
17:50:02.221,91.565,-24.722,103.962,True,-25.047,106.030,205.354,8.400,3.745,1.508,44.286,89.659,-69.007,14.302,70.474,3.924,1.317,4.139,0.529
17:50:02.242,91.586,-21.190,103.962,True,-20.998,105.678,207.679,-3.077,3.364,1.125,48.001,87.726,-69.191,16.235,71.070,3.523,1.101,3.691,0.855
17:50:02.269,91.613,-15.892,101.923,True,-16.623,104.758,211.394,-15.956,2.744,0.621,51.633,85.639,-67.525,16.284,69.461,2.947,0.711,3.031,0.490
17:50:02.290,91.635,-12.361,99.885,True,-12.387,103.381,212.906,-28.966,2.007,0.478,55.174,83.402,-67.534,16.483,69.517,2.298,0.471,2.346,0.666
17:50:02.310,91.655,-12.361,91.731,True,-9.112,100.230,207.411,-50.595,0.481,0.921,58.618,81.018,-70.979,10.713,71.782,0.766,0.855,1.147,0.627
17:50:02.331,91.676,-8.829,97.846,True,-5.862,98.899,203.265,-54.263,0.543,0.982,61.959,78.493,-70.788,19.354,73.386,0.780,1.137,1.379,0.798
17:50:02.352,91.696,-5.297,99.885,True,-2.610,98.295,200.254,-52.704,0.907,1.255,65.192,75.829,-70.489,24.056,74.481,1.306,1.324,1.860,0.806
17:50:02.373,91.718,1.766,95.808,True,1.481,96.908,203.541,-57.575,0.957,0.671,68.310,73.033,-66.544,22.775,70.334,1.288,0.914,1.579,0.433
17:50:02.398,91.742,5.297,91.731,True,5.493,94.821,205.030,-66.370,1.104,-0.173,71.308,70.108,-66.011,21.623,69.462,0.903,0.609,1.090,0.601
17:50:02.418,91.763,10.595,87.654,True,9.826,92.137,207.811,-77.144,0.283,-0.780,74.181,67.060,-63.587,20.593,66.838,0.294,0.130,0.322,0.744
17:50:02.439,91.784,15.892,89.692,True,14.426,90.385,210.996,-79.125,0.174,-1.505,76.925,63.895,-61.032,25.797,66.260,0.461,-0.457,0.649,0.770
17:50:02.459,91.804,19.424,89.692,True,18.827,89.009,211.246,-78.713,0.023,-1.588,79.533,60.618,-60.109,29.074,66.771,0.881,-0.844,1.220,0.643
17:50:02.482,91.826,22.956,83.577,True,23.029,86.538,209.366,-86.414,-0.683,-1.701,82.001,57.234,-59.046,26.343,64.656,0.581,-1.083,1.229,0.387
17:50:02.505,91.849,22.956,83.577,True,27.217,84.810,207.140,-87.608,-0.020,-2.491,84.326,53.750,-61.371,29.827,68.235,0.869,-1.328,1.587,0.404
17:50:02.526,91.870,31.785,83.577,True,31.479,83.204,205.179,-88.457,0.286,-2.825,86.503,50.172,-54.718,33.405,64.109,1.223,-1.635,2.042,0.831
17:50:02.545,91.890,33.551,83.577,True,35.041,82.007,198.396,-87.364,0.806,-2.937,88.528,46.505,-54.978,37.071,66.309,1.804,-1.523,2.361,0.529
17:50:02.566,91.911,37.082,77.462,True,38.516,79.544,192.170,-95.569,0.481,-2.748,90.398,42.758,-53.316,34.704,63.616,1.549,-1.460,2.129,0.765
17:50:02.589,91.934,40.614,81.538,True,41.927,78.600,186.446,-92.654,1.130,-2.289,92.109,38.935,-51.495,42.604,66.835,2.331,-1.448,2.744,0.680
17:50:02.612,91.956,44.146,79.500,True,45.290,77.414,181.153,-93.218,1.670,-2.412,93.659,35.043,-49.513,44.457,66.543,2.855,-1.488,3.220,0.431
17:50:02.632,91.977,47.677,79.500,True,48.619,76.491,176.217,-93.075,2.365,-2.498,95.044,31.090,-47.367,48.410,67.728,3.492,-1.577,3.831,0.675
17:50:02.653,91.997,51.209,81.538,True,51.923,76.257,171.561,-89.774,3.527,-2.471,96.263,27.083,-45.054,54.455,70.677,4.483,-1.713,4.799,0.785
17:50:02.673,92.017,54.741,75.423,True,55.210,74.687,167.112,-97.528,3.528,-2.432,97.312,23.028,-42.572,52.395,67.510,4.505,-1.894,4.887,0.806
17:50:02.693,92.037,54.741,83.577,True,57.664,75.263,157.433,-90.327,4.946,-1.771,98.191,18.933,-43.451,64.644,77.890,5.930,-1.605,6.144,0.471
17:50:02.722,92.066,58.272,75.423,True,60.222,73.914,150.270,-99.519,5.072,-2.108,98.898,14.805,-40.626,60.618,72.973,5.922,-1.534,6.117,0.433
17:50:02.743,92.087,65.335,75.423,True,63.717,72.737,150.333,-106.351,5.230,-2.389,99.431,10.650,-34.096,64.773,73.199,6.105,-2.151,6.473,0.800
17:50:02.763,92.108,67.101,81.538,True,66.812,73.149,146.489,-102.201,6.474,-2.617,99.790,6.477,-32.689,75.061,81.870,7.318,-2.474,7.725,0.809
17:50:02.783,92.128,72.399,77.462,True,70.359,72.582,145.471,-107.514,6.912,-3.224,99.974,2.293,-27.575,75.169,80.067,7.730,-3.106,8.330,0.890
17:50:02.805,92.149,72.399,77.462,True,73.066,72.065,137.759,-112.635,7.464,-3.230,99.982,-1.896,-27.583,79.357,84.014,8.165,-3.175,8.761,0.968
17:50:02.831,92.175,75.930,75.423,True,75.847,71.117,131.403,-120.820,7.515,-3.621,99.815,-6.081,-23.885,81.504,84.932,8.316,-3.382,8.977,0.432
17:50:02.853,92.197,77.696,67.269,True,78.294,68.368,123.263,-140.098,6.720,-3.719,99.473,-10.255,-21.777,77.525,80.525,7.386,-3.442,8.149,0.773
17:50:02.874,92.218,79.462,67.269,True,80.457,65.962,114.204,-152.666,6.305,-3.997,98.956,-14.412,-19.494,81.681,83.975,6.951,-3.422,7.747,0.889
17:50:02.894,92.239,82.994,65.231,True,82.800,63.449,107.559,-163.392,6.345,-4.708,98.266,-18.543,-15.272,83.774,85.155,6.605,-3.628,7.536,0.796
17:50:02.915,92.259,86.525,61.154,True,85.317,60.407,102.513,-175.473,6.232,-5.108,97.403,-22.642,-10.878,83.796,84.499,6.056,-4.008,7.262,0.674
17:50:02.936,92.281,86.525,59.115,True,87.172,57.413,92.990,-184.524,6.096,-5.059,96.369,-26.701,-9.844,85.816,86.379,5.702,-4.001,6.966,0.447
17:50:02.957,92.302,88.291,55.038,True,88.859,54.029,83.637,-194.228,5.156,-4.808,95.167,-30.713,-6.876,85.751,86.026,5.216,-4.006,6.576,0.966
17:50:02.977,92.322,90.057,48.923,True,90.422,49.860,74.680,-206.810,4.197,-5.075,93.797,-34.671,-3.740,83.594,83.678,4.373,-4.044,5.956,0.842
17:50:02.998,92.342,88.291,32.615,True,91.073,42.677,60.833,-235.826,1.638,-4.797,92.263,-38.568,-3.972,71.184,71.295,1.849,-3.617,4.063,0.798
17:50:03.018,92.362,88.291,30.577,True,91.360,36.244,47.292,-250.906,0.250,-4.153,90.567,-42.398,-2.276,72.975,73.011,0.352,-3.168,3.188,0.439
17:50:03.046,92.391,88.291,30.577,True,92.306,31.226,40.783,-251.630,0.154,-4.601,88.712,-46.154,-0.421,76.730,76.732,0.045,-3.335,3.335,0.436
17:50:03.067,92.411,93.589,30.577,True,93.253,27.430,34.774,-243.813,0.651,-4.900,86.702,-49.828,6.887,80.405,80.699,0.516,-3.566,3.603,0.718
17:50:03.087,92.431,93.589,30.577,True,93.853,24.695,26.841,-231.360,1.533,-4.835,84.539,-53.415,9.050,83.992,84.478,1.483,-3.634,3.925,0.763
17:50:03.107,92.451,93.589,22.423,True,94.185,20.670,18.087,-230.621,1.423,-4.957,82.228,-56.908,11.361,79.331,80.141,1.420,-3.625,3.894,0.421
17:50:03.127,92.472,93.589,16.308,True,94.309,16.120,9.143,-233.149,1.086,-5.135,79.773,-60.302,13.816,76.609,77.845,1.020,-3.592,3.734,0.659
17:50:03.159,92.503,93.589,8.154,True,94.273,10.657,0.378,-240.313,0.182,-5.119,77.178,-63.589,16.411,71.743,73.596,0.115,-3.565,3.567,0.493
17:50:03.180,92.524,93.589,0.000,True,94.116,4.457,-7.999,-249.448,-0.730,-5.323,74.447,-66.765,19.141,66.765,69.455,-1.092,-3.566,3.729,0.866
17:50:03.200,92.545,93.589,0.000,True,93.869,-0.407,-15.882,-246.398,-0.793,-5.344,71.586,-69.824,22.003,69.824,73.209,-1.272,-3.607,3.824,0.797
17:50:03.221,92.565,93.589,-16.308,True,93.560,-7.903,-23.236,-260.417,-2.642,-5.260,68.599,-72.761,24.989,56.453,61.737,-3.107,-3.694,4.827,0.767
17:50:03.242,92.586,91.823,-12.231,True,92.799,-12.906,-32.758,-252.697,-2.400,-5.275,65.492,-75.570,26.331,63.339,68.594,-3.071,-3.575,4.713,0.762
17:50:03.264,92.609,91.823,-12.231,True,92.144,-17.960,-40.104,-246.388,-2.600,-5.487,62.270,-78.246,29.553,66.015,72.328,-3.163,-3.640,4.822,0.358
17:50:03.285,92.629,90.057,-22.423,True,90.979,-22.757,-49.896,-239.053,-2.511,-5.436,58.939,-80.785,31.118,58.362,66.139,-3.165,-3.467,4.694,0.751
17:50:03.305,92.650,86.525,-24.462,True,89.059,-26.717,-62.837,-227.373,-2.116,-4.780,55.504,-83.182,31.021,58.721,66.411,-2.746,-2.959,4.037,0.846
17:50:03.326,92.670,86.525,-28.538,True,87.476,-30.567,-70.972,-217.344,-1.893,-4.422,51.972,-85.433,34.553,56.895,66.565,-2.441,-2.846,3.749,0.733
17:50:03.346,92.690,82.994,-32.615,True,85.297,-34.344,-81.608,-208.735,-1.774,-4.169,48.349,-87.535,34.644,54.919,64.934,-2.241,-2.469,3.335,0.491
17:50:03.371,92.715,82.994,-36.692,True,83.502,-38.076,-87.715,-201.322,-1.742,-4.104,44.641,-89.483,38.352,52.790,65.251,-2.140,-2.478,3.274,0.630
17:50:03.391,92.736,79.462,-40.769,True,81.203,-41.785,-96.292,-194.892,-1.808,-3.802,40.855,-91.274,38.607,50.504,63.570,-2.128,-2.241,3.091,0.637
17:50:03.411,92.756,75.930,-46.885,True,78.488,-45.966,-105.983,-192.346,-2.238,-3.334,36.997,-92.904,38.933,46.020,60.280,-2.495,-1.862,3.113,0.433
17:50:03.432,92.776,75.930,-50.962,True,76.266,-50.082,-110.474,-188.964,-2.561,-3.234,33.074,-94.372,42.856,43.411,61.001,-2.829,-1.929,3.424,0.803
17:50:03.452,92.796,72.399,-50.962,True,73.669,-53.185,-116.959,-178.742,-2.406,-3.254,29.093,-95.674,43.306,44.713,62.246,-2.552,-1.804,3.126,0.438
17:50:03.481,92.826,68.867,-61.154,True,70.757,-57.783,-124.419,-180.194,-3.106,-3.137,25.061,-96.809,43.806,35.655,56.482,-3.362,-1.562,3.707,0.595
17:50:03.502,92.846,61.804,-71.346,True,66.765,-63.703,-137.497,-188.491,-4.572,-2.325,20.985,-97.773,40.818,26.427,48.627,-4.915,-0.749,4.972,0.442
17:50:03.522,92.867,58.272,-73.385,True,62.680,-68.847,-147.816,-187.430,-5.352,-1.523,16.873,-98.566,41.400,25.182,48.457,-5.749,-0.099,5.750,0.487
17:50:03.543,92.887,58.272,-79.500,True,59.386,-74.201,-150.241,-186.185,-6.180,-1.573,12.730,-99.186,45.542,19.686,49.615,-6.651,-0.121,6.652,0.862
17:50:03.569,92.914,51.209,-69.308,True,55.179,-75.921,-158.411,-159.325,-4.709,-1.076,8.566,-99.632,42.643,30.325,52.326,-5.208,0.407,5.224,0.726
17:50:03.591,92.936,51.209,-75.423,True,51.824,-78.250,-158.802,-142.981,-4.097,-1.206,4.386,-99.904,46.823,24.481,52.836,-4.597,0.261,4.604,0.496
17:50:03.612,92.956,45.911,-77.462,True,48.011,-80.261,-162.458,-127.948,-3.635,-1.495,0.199,-100.000,45.713,22.538,50.967,-4.038,0.415,4.060,0.419
17:50:03.632,92.977,45.911,-79.500,True,45.030,-82.048,-159.845,-114.566,-3.410,-1.857,-3.989,-99.920,49.901,20.420,53.917,-3.575,-0.000,3.575,0.563
17:50:03.653,92.997,52.975,-81.538,True,44.424,-83.688,-142.789,-102.934,-3.196,-3.583,-8.170,-99.666,61.145,18.127,63.775,-3.228,-1.824,3.708,0.772
17:50:03.675,93.020,33.551,-87.654,True,39.704,-86.190,-158.806,-99.219,-3.377,-2.675,-12.336,-99.236,45.887,11.582,47.326,-3.600,-0.692,3.666,0.674
17:50:03.699,93.043,30.019,-85.615,True,35.014,-87.579,-170.183,-87.909,-3.000,-1.698,-16.481,-98.633,46.500,13.017,48.288,-3.294,0.143,3.297,0.783
17:50:03.719,93.063,26.487,-97.846,True,30.419,-91.316,-177.721,-94.150,-4.612,-1.188,-20.597,-97.856,47.084,0.010,47.084,-4.625,0.721,4.681,0.512
17:50:03.739,93.084,19.424,-95.808,True,25.135,-93.805,-187.612,-88.634,-4.841,-0.280,-24.677,-96.908,44.101,1.100,44.114,-4.987,1.599,5.237,0.778
17:50:03.760,93.105,15.892,-99.885,True,20.106,-96.579,-192.716,-84.968,-5.345,0.121,-28.713,-95.789,44.605,-4.095,44.793,-5.560,2.129,5.954,0.881
17:50:03.780,93.124,12.361,-87.654,True,15.348,-95.809,-194.287,-57.311,-3.409,0.627,-32.699,-94.503,45.060,6.849,45.577,-3.911,2.389,4.582,0.483
17:50:03.807,93.152,8.829,-89.692,True,10.850,-95.267,-193.401,-38.182,-2.057,0.886,-36.628,-93.051,45.457,3.358,45.581,-2.884,2.450,3.784,0.729
17:50:03.827,93.172,1.766,-93.769,True,5.770,-95.505,-196.334,-28.801,-1.885,1.508,-40.492,-91.435,42.258,-2.334,42.322,-2.672,2.888,3.935,0.416
17:50:03.848,93.192,-1.766,-93.769,True,1.005,-95.544,-195.912,-19.779,-1.629,1.796,-44.286,-89.659,42.520,-4.110,42.718,-2.475,3.063,3.938,0.695
17:50:03.868,93.213,-3.532,-95.808,True,-3.057,-95.909,-190.563,-14.492,-1.669,1.010,-48.001,-87.726,44.470,-8.082,45.198,-2.615,2.795,3.828,0.758
17:50:03.888,93.233,-5.297,-93.769,True,-6.503,-95.634,-182.422,-5.408,-1.690,0.746,-51.633,-85.639,46.335,-8.130,47.043,-2.414,2.239,3.292,0.513
17:50:03.914,93.258,-8.829,-93.769,True,-9.845,-95.284,-175.801,2.565,-1.630,0.526,-55.174,-83.402,46.345,-10.367,47.490,-2.298,1.777,2.905,0.415
17:50:03.934,93.279,-15.892,-87.654,True,-13.949,-93.472,-176.015,18.861,-0.803,0.772,-58.618,-81.018,42.725,-6.636,43.238,-1.381,1.928,2.372,0.407
17:50:03.955,93.299,-19.424,-87.654,True,-17.923,-91.831,-175.040,30.008,-0.230,1.119,-61.959,-78.493,42.535,-9.161,43.510,-0.857,1.997,2.173,0.466
17:50:03.975,93.320,-21.190,-87.654,True,-21.370,-90.400,-170.580,37.230,-0.032,0.861,-65.192,-75.829,44.002,-11.825,45.563,-0.653,1.758,1.875,0.451
17:50:03.996,93.341,-26.487,-85.615,True,-25.178,-88.716,-169.573,44.742,0.037,1.038,-68.310,-73.033,41.822,-12.583,43.674,-0.407,1.837,1.881,0.787
17:50:04.019,93.363,-30.019,-85.615,True,-28.906,-87.309,-168.014,48.946,-0.034,1.099,-71.308,-70.108,41.289,-15.507,44.105,-0.454,1.889,1.943,0.693
17:50:04.039,93.384,-35.316,-95.808,True,-32.975,-88.532,-168.791,35.405,-1.934,1.462,-74.181,-67.060,38.865,-28.747,48.341,-2.198,2.186,3.100,0.521
17:50:04.060,93.405,-37.082,-93.769,True,-36.521,-89.205,-165.417,30.843,-3.025,1.413,-76.925,-63.895,39.842,-29.874,49.798,-3.283,2.138,3.918,0.750
17:50:04.081,93.425,-47.677,-85.615,True,-41.652,-87.898,-173.010,42.129,-2.494,2.522,-79.533,-60.618,31.856,-24.997,40.493,-2.974,3.143,4.327,0.804
17:50:04.101,93.446,-49.443,-93.769,True,-46.119,-88.615,-173.166,37.986,-3.513,2.874,-82.001,-57.234,32.558,-36.535,48.937,-4.087,3.567,5.424,0.738
17:50:04.128,93.472,-49.443,-93.769,True,-49.550,-89.229,-165.626,37.352,-4.405,2.364,-84.326,-53.750,34.883,-40.019,53.088,-4.976,3.317,5.980,0.432
17:50:04.148,93.493,-56.506,-87.654,True,-53.709,-88.290,-164.377,48.841,-3.065,3.032,-86.503,-50.172,29.997,-37.482,48.007,-4.793,3.648,6.023,0.694
17:50:04.168,93.513,-52.975,-79.500,True,-56.062,-85.498,-150.740,70.620,-1.694,2.246,-88.528,-46.505,35.554,-32.995,48.505,-3.591,2.850,4.584,0.720
17:50:04.189,93.533,-60.038,-79.500,True,-59.300,-83.020,-146.353,85.000,0.004,2.853,-90.398,-42.758,30.360,-36.742,47.663,-2.941,2.855,4.098,0.501
17:50:04.209,93.553,-61.804,-77.462,True,-62.129,-80.424,-139.841,96.934,0.788,2.727,-92.109,-38.935,30.305,-38.527,49.018,-2.437,2.672,3.616,0.507
17:50:04.237,93.582,-51.209,-71.346,True,-61.739,-76.826,-113.403,112.842,1.094,0.958,-93.659,-35.043,42.450,-36.303,55.856,-1.487,0.591,1.600,0.850
17:50:04.257,93.602,-68.867,-71.346,True,-65.136,-73.821,-119.610,120.820,1.867,1.301,-95.044,-31.090,26.177,-40.256,48.018,-1.176,1.402,1.831,0.465
17:50:04.278,93.622,-70.633,-73.385,True,-68.250,-71.864,-121.470,120.213,0.747,1.370,-96.263,-27.083,25.630,-46.301,52.922,-1.640,1.913,2.520,0.433
17:50:04.298,93.643,-70.633,-69.308,True,-70.668,-69.425,-117.469,123.815,0.040,1.325,-97.312,-23.028,26.679,-46.279,53.419,-1.746,1.942,2.612,0.816
17:50:04.321,93.665,-74.165,-67.269,True,-73.284,-67.023,-115.229,126.912,-0.568,2.017,-98.191,-18.933,24.027,-48.336,53.978,-1.900,2.160,2.876,0.607
17:50:04.344,93.688,-74.165,-67.269,True,-75.589,-64.485,-110.792,130.815,-0.702,1.943,-98.898,-14.805,24.733,-52.465,58.002,-1.981,2.209,2.967,0.499
17:50:04.365,93.709,-79.462,-65.231,True,-78.272,-62.816,-109.243,128.820,-1.670,2.452,-99.431,-10.650,19.969,-54.580,58.119,-2.623,2.556,3.662,0.788
17:50:04.385,93.730,-84.759,-71.346,True,-81.605,-63.203,-111.238,115.505,-3.527,3.353,-99.790,-6.477,15.031,-64.869,66.588,-4.413,3.299,5.510,0.796
17:50:04.406,93.750,-88.291,-69.308,True,-84.971,-63.046,-111.634,111.043,-4.500,4.181,-99.974,-2.293,11.683,-67.015,68.026,-5.530,3.983,6.815,0.726
17:50:04.431,93.776,-256.044,201.808,False,-87.203,-60.825,-103.450,122.405,-4.500,4.181,-99.982,1.896,-156.062,199.912,253.614,0.000,0.000,0.000,0.311
17:50:04.452,93.797,-82.994,-50.962,True,-87.406,-56.172,-83.777,147.338,-3.182,3.472,-99.815,6.081,16.821,-57.042,59.471,-3.536,2.751,4.480,0.476
17:50:04.473,93.817,-90.057,-53.000,True,-89.350,-53.163,-79.767,154.983,-2.994,3.704,-99.473,10.255,9.416,-63.255,63.952,-3.292,2.970,4.433,0.435
17:50:04.494,93.838,-91.823,-46.885,True,-91.174,-49.235,-75.066,166.824,-2.291,3.607,-98.956,14.412,7.133,-61.296,61.710,-2.587,3.156,4.081,0.824
17:50:04.514,93.858,-91.823,-53.000,True,-92.462,-47.676,-67.261,161.143,-2.888,3.411,-98.266,18.543,6.443,-71.543,71.833,-3.480,3.070,4.641,0.785
17:50:04.534,93.879,-95.354,-44.846,True,-94.184,-44.549,-63.311,167.695,-2.825,3.820,-97.403,22.642,2.049,-67.488,67.519,-3.266,3.354,4.681,0.657
17:50:04.560,93.905,-95.354,-42.808,True,-95.427,-41.580,-56.274,171.963,-2.773,3.583,-96.369,26.701,1.015,-69.508,69.516,-3.220,3.379,4.668,0.452
17:50:04.581,93.926,-97.120,-38.731,True,-96.686,-38.280,-50.190,177.687,-2.421,3.708,-95.167,30.713,-1.953,-69.444,69.471,-3.004,3.503,4.614,0.746
17:50:04.601,93.946,-98.886,-34.654,True,-97.970,-34.709,-44.805,183.969,-2.204,3.658,-93.797,34.671,-5.089,-69.325,69.511,-2.685,3.710,4.580,0.466
17:50:04.621,93.966,-98.886,-36.692,True,-98.871,-32.350,-37.213,180.880,-2.929,3.723,-92.263,38.568,-6.623,-75.261,75.552,-3.200,3.732,4.916,0.465
17:50:04.642,93.987,-102.418,-40.769,True,-100.267,-31.533,-33.818,169.101,-4.357,3.927,-90.567,42.398,-11.851,-83.167,84.007,-4.572,4.157,6.180,0.851
17:50:04.670,94.015,-98.886,-30.577,True,-100.465,-28.715,-22.131,174.786,-4.371,3.345,-88.712,46.154,-10.174,-76.730,77.402,-4.405,3.840,5.844,0.454
17:50:04.691,94.035,-100.652,-24.462,True,-100.848,-25.043,-13.850,184.998,-3.876,3.961,-86.702,49.828,-13.950,-74.289,75.588,-3.757,3.810,5.351,0.668
17:50:04.711,94.056,-100.652,-20.385,True,-101.015,-21.120,-5.296,194.188,-3.099,3.732,-84.539,53.415,-16.113,-73.800,75.538,-3.104,3.749,4.867,0.832
17:50:04.731,94.076,-100.652,-16.308,True,-101.012,-17.020,3.127,201.991,-2.552,3.632,-82.228,56.908,-18.424,-73.216,75.498,-2.483,3.692,4.449,0.792
17:50:04.751,94.096,-100.652,-12.231,True,-100.880,-12.806,11.169,208.242,-2.450,4.019,-79.773,60.302,-20.879,-72.532,75.478,-1.916,3.662,4.133,0.433
17:50:04.777,94.122,-100.652,-10.192,True,-100.656,-9.002,18.701,209.798,-2.755,4.323,-77.178,63.589,-23.474,-73.782,77.426,-1.710,3.675,4.053,0.445
17:50:04.798,94.142,-97.120,8.154,True,-99.546,-1.789,31.099,233.184,-0.453,3.989,-74.447,66.765,-22.673,-58.612,62.844,0.612,3.223,3.281,0.670
17:50:04.818,94.162,-97.120,12.231,True,-98.504,5.052,40.485,246.265,1.388,3.792,-71.586,69.824,-25.534,-57.594,63.000,2.226,3.004,3.739,0.404
17:50:04.838,94.183,-97.120,12.231,True,-97.561,10.502,47.536,245.142,1.597,4.057,-68.599,72.761,-28.521,-60.530,66.913,2.675,2.979,4.004,0.489
17:50:04.861,94.205,-91.823,8.154,True,-95.496,13.718,60.983,228.549,0.462,3.636,-65.492,75.570,-26.331,-67.416,72.375,1.705,2.341,2.896,1.268
17:50:04.885,94.229,-91.823,8.154,True,-94.276,18.289,65.793,225.045,0.468,3.960,-62.270,78.246,-29.553,-70.092,76.067,1.875,2.450,3.086,0.557
17:50:04.905,94.250,-93.589,12.231,True,-93.138,19.809,69.693,202.120,-1.388,4.340,-58.939,80.785,-34.650,-68.554,76.813,0.208,2.657,2.665,0.719
17:50:04.926,94.270,-90.057,24.462,True,-91.293,24.014,77.995,202.720,-0.917,3.925,-55.504,83.182,-34.553,-58.721,68.132,0.621,2.459,2.536,0.696
17:50:04.947,94.291,-86.525,30.577,True,-88.912,28.711,88.208,205.480,-0.150,3.368,-51.972,85.433,-34.553,-54.856,64.832,1.303,2.049,2.428,0.862
17:50:04.967,94.311,-86.525,36.692,True,-86.994,33.780,93.390,208.850,0.974,3.913,-48.349,87.535,-38.176,-50.843,63.580,2.131,2.072,2.973,0.774
17:50:04.995,94.340,-82.994,34.654,True,-84.610,37.157,100.921,199.401,0.836,3.803,-44.641,89.483,-38.352,-54.829,66.911,1.827,1.868,2.613,0.415
17:50:05.016,94.360,-82.994,44.846,True,-82.687,42.027,104.147,201.277,1.736,3.771,-40.855,91.274,-42.139,-46.427,62.699,2.584,2.049,3.298,0.775
17:50:05.036,94.381,-81.228,48.923,True,-80.751,46.729,107.412,200.320,2.390,3.788,-36.997,92.904,-44.231,-43.981,62.376,3.159,2.240,3.873,0.761
17:50:05.057,94.401,-75.930,57.077,True,-77.977,52.220,116.066,203.441,3.410,3.611,-33.074,94.372,-42.856,-37.295,56.812,4.191,1.929,4.613,0.753
17:50:05.077,94.422,-72.399,55.038,True,-74.897,55.997,124.973,192.932,3.261,3.296,-29.093,95.674,-43.306,-40.636,59.386,4.036,1.549,4.323,0.694
17:50:05.104,94.449,-72.399,59.115,True,-72.398,59.684,128.154,183.513,3.269,3.503,-25.061,96.809,-47.337,-37.693,60.511,3.966,1.665,4.302,0.452
17:50:05.125,94.470,-67.101,71.346,True,-69.199,65.211,135.742,187.549,4.449,3.179,-20.985,97.773,-46.116,-26.427,53.151,5.168,1.365,5.345,0.815
17:50:05.146,94.490,-63.570,73.385,True,-65.807,69.990,142.998,183.686,4.891,2.856,-16.873,98.566,-46.697,-25.182,53.054,5.748,1.053,5.844,0.762
17:50:05.166,94.511,-61.804,75.423,True,-62.682,74.072,146.910,174.568,5.130,2.626,-12.730,99.186,-49.074,-23.763,54.524,5.886,1.015,5.973,0.747
17:50:05.187,94.531,-60.038,79.500,True,-59.812,78.014,148.545,165.438,5.449,2.629,-8.566,99.632,-51.472,-20.132,55.270,6.030,1.179,6.144,0.791
17:50:05.216,94.560,-54.741,83.577,True,-56.353,81.847,154.185,156.501,5.574,2.524,-4.386,99.904,-50.355,-16.327,52.935,6.200,0.970,6.276,0.481
17:50:05.237,94.581,-52.975,85.615,True,-53.201,85.125,156.629,144.741,5.398,2.420,-0.199,100.000,-52.776,-14.384,54.701,6.112,1.030,6.198,0.851
17:50:05.257,94.601,-51.209,93.769,True,-50.333,89.357,156.998,140.985,6.013,2.657,3.989,99.920,-55.198,-6.151,55.540,6.767,1.280,6.887,0.488
17:50:05.278,94.622,-47.677,97.846,True,-47.306,93.495,158.886,135.760,6.238,2.641,8.170,99.666,-55.847,-1.820,55.877,7.345,1.399,7.477,0.705
17:50:05.299,94.643,-44.146,101.923,True,-44.132,97.539,161.733,129.411,6.546,2.632,12.336,99.236,-56.482,2.687,56.546,7.868,1.423,7.996,0.574
17:50:05.324,94.669,-40.614,99.885,True,-40.832,100.071,165.092,112.874,6.367,2.484,16.481,98.633,-57.095,1.252,57.109,7.467,1.385,7.594,0.722
17:50:05.345,94.689,-33.551,106.000,True,-36.605,103.182,174.021,103.146,6.643,1.154,20.597,97.856,-54.148,8.144,54.757,7.655,0.795,7.696,0.564
17:50:05.365,94.710,-28.253,114.154,True,-31.992,107.316,183.099,101.036,7.619,0.455,24.677,96.908,-52.930,17.246,55.669,8.573,0.108,8.574,0.862
17:50:05.386,94.730,-22.956,110.077,True,-27.080,109.509,191.533,84.552,7.369,-0.396,28.713,95.789,-51.669,14.288,53.608,8.212,-0.609,8.235,0.791
17:50:05.406,94.750,-21.190,116.192,True,-22.771,112.360,193.429,75.307,8.096,-1.045,32.699,94.503,-53.889,21.690,58.090,8.482,-0.797,8.519,0.550
17:50:05.432,94.777,-19.424,110.077,True,-19.024,112.986,190.995,52.091,7.321,-0.935,36.628,93.051,-56.052,17.026,58.581,7.438,-0.604,7.462,0.433
17:50:05.452,94.797,-15.892,112.115,True,-15.364,113.583,188.702,33.889,6.730,-0.998,40.492,91.435,-56.385,20.680,60.057,6.740,-0.416,6.753,0.407
17:50:05.473,94.818,-8.829,118.231,True,-10.948,115.183,192.062,26.104,7.191,-1.061,44.286,89.659,-53.115,28.571,60.312,6.945,-0.759,6.986,0.674
17:50:05.493,94.838,-5.297,114.154,True,-6.687,115.345,193.267,9.466,6.741,-1.326,48.001,87.726,-53.299,26.428,59.491,6.322,-0.948,6.392,0.805
17:50:05.514,94.859,-1.766,112.115,True,-2.576,114.740,192.931,-8.744,5.909,-1.436,51.633,85.639,-53.399,26.476,59.602,5.472,-1.026,5.567,0.776
17:50:05.540,94.885,1.766,122.308,True,1.395,116.364,191.560,-8.163,6.771,-1.323,55.174,83.402,-53.408,38.906,66.076,6.309,-1.028,6.392,0.438
17:50:05.561,94.905,8.829,118.231,True,6.063,116.672,194.950,-18.025,6.604,-1.959,58.618,81.018,-49.789,37.213,62.159,6.240,-1.497,6.417,0.818
17:50:05.581,94.926,12.361,120.269,True,10.519,117.231,195.537,-24.802,6.788,-2.356,61.959,78.493,-49.598,41.777,64.848,6.448,-1.765,6.686,0.801
17:50:05.601,94.946,15.892,118.231,True,14.770,117.083,194.143,-35.767,6.546,-2.558,65.192,75.829,-49.299,42.402,65.025,6.273,-1.888,6.551,0.798
17:50:05.621,94.966,14.127,103.962,True,17.601,113.485,183.353,-67.600,4.405,-1.309,68.310,73.033,-54.183,30.929,62.389,4.085,-1.143,4.242,0.514
17:50:05.649,94.993,22.956,108.038,True,21.660,111.182,183.582,-82.247,3.457,-1.577,71.308,70.108,-48.353,37.930,61.455,3.283,-1.377,3.560,0.418
17:50:05.669,95.014,26.487,108.038,True,25.600,109.189,182.517,-91.281,2.889,-1.640,74.181,67.060,-47.694,40.978,62.880,2.928,-1.530,3.304,0.818
17:50:05.689,95.034,30.019,106.000,True,29.429,107.046,180.546,-99.379,2.856,-1.963,76.925,63.895,-46.906,42.105,63.031,2.626,-1.630,3.090,0.424
17:50:05.710,95.054,31.785,103.962,True,32.748,104.804,175.280,-106.449,2.600,-1.849,79.533,60.618,-47.748,43.344,64.487,2.391,-1.443,2.792,0.592
17:50:05.730,95.075,37.082,97.846,True,36.447,101.553,173.580,-118.736,1.693,-1.760,82.001,57.234,-44.919,40.612,60.556,1.638,-1.590,2.282,0.765
17:50:05.759,95.104,37.082,101.923,True,39.259,99.816,165.984,-117.909,2.353,-1.232,84.326,53.750,-47.244,48.173,67.473,2.052,-1.208,2.381,0.710
17:50:05.780,95.124,40.614,89.692,True,42.122,95.654,160.501,-133.985,1.267,-1.148,86.503,50.172,-45.889,39.520,60.561,0.910,-1.002,1.354,0.762
17:50:05.800,95.144,44.146,89.692,True,45.057,92.212,156.630,-140.867,0.849,-1.131,88.528,46.505,-44.383,43.187,61.927,0.520,-0.944,1.078,0.803
17:50:05.820,95.165,47.677,87.654,True,48.070,88.990,153.907,-144.593,1.065,-1.072,90.398,42.758,-42.721,44.896,61.974,0.392,-1.008,1.082,0.816
17:50:05.845,95.189,45.911,77.462,True,49.932,84.092,143.837,-158.587,0.101,-0.230,92.109,38.935,-46.198,38.527,60.155,-0.720,-0.400,0.823,0.417
17:50:05.867,95.211,51.209,85.615,True,52.437,82.011,140.573,-149.938,0.982,0.049,93.659,35.043,-42.450,50.572,66.027,0.205,-0.390,0.441,0.448
17:50:05.887,95.231,54.741,75.423,True,55.130,78.178,138.995,-155.839,0.435,0.089,95.044,31.090,-40.304,44.333,59.915,-0.145,-0.561,0.580,0.711
17:50:05.907,95.252,58.272,81.538,True,57.994,76.566,138.395,-145.650,1.877,-0.444,96.263,27.083,-37.991,54.455,66.398,0.998,-0.864,1.320,0.509
17:50:05.928,95.272,58.272,73.385,True,60.184,73.591,132.817,-148.110,1.895,-0.073,97.312,23.028,-39.040,50.356,63.717,1.065,-0.746,1.300,0.701
17:50:05.954,95.299,61.804,71.346,True,62.599,70.795,129.702,-149.204,2.154,-0.171,98.191,18.933,-36.388,52.413,63.806,1.265,-0.866,1.533,0.471
17:50:05.976,95.321,61.804,67.269,True,64.406,67.685,122.746,-152.631,2.280,-0.257,98.898,14.805,-37.094,52.465,64.253,1.258,-0.652,1.417,0.526
17:50:05.997,95.342,67.101,65.231,True,66.917,64.772,121.774,-154.303,2.502,-0.765,99.431,10.650,-32.330,54.580,63.437,1.409,-1.000,1.728,0.829
17:50:06.017,95.362,70.633,59.115,True,69.650,61.088,121.675,-161.123,2.277,-1.303,99.790,6.477,-29.157,52.638,60.174,1.077,-1.485,1.835,0.807
17:50:06.037,95.382,72.399,59.115,True,72.157,58.156,119.105,-161.429,2.255,-1.536,99.974,2.293,-27.575,56.823,63.160,1.317,-1.803,2.233,0.450
17:50:06.058,95.403,72.399,59.115,True,74.539,54.928,115.400,-164.136,2.154,-1.895,99.982,-1.896,-27.583,61.011,66.957,1.344,-2.060,2.460,0.403
17:50:06.084,95.428,74.165,53.000,True,76.090,52.027,106.330,-164.453,2.579,-1.811,99.815,-6.081,-25.650,59.081,64.409,1.590,-1.840,2.432,0.677
17:50:06.104,95.449,79.462,46.885,True,78.549,48.243,104.647,-170.842,2.248,-2.360,99.473,-10.255,-20.011,57.140,60.543,1.265,-2.313,2.636,0.644
17:50:06.125,95.469,82.994,40.769,True,81.244,43.789,103.675,-179.965,1.585,-3.307,98.956,-14.412,-15.962,55.181,57.443,0.624,-2.916,2.982,0.426
17:50:06.145,95.490,82.994,48.923,True,83.237,42.354,97.179,-167.612,2.983,-3.485,98.266,-18.543,-15.272,67.466,69.173,1.967,-3.060,3.637,0.712
17:50:06.166,95.511,86.525,42.808,True,85.506,39.923,92.956,-165.813,3.521,-3.855,97.403,-22.642,-10.878,65.449,66.347,2.427,-3.440,4.210,0.769
17:50:06.192,95.537,86.525,38.731,True,87.165,37.113,84.611,-167.568,3.999,-4.046,96.369,-26.701,-9.844,65.431,66.168,2.574,-3.468,4.319,0.506
17:50:06.214,95.558,90.057,36.692,True,89.140,34.452,79.305,-168.414,4.232,-4.293,95.167,-30.713,-5.110,67.405,67.599,2.800,-3.789,4.711,0.831
17:50:06.234,95.579,90.057,28.538,True,90.570,30.488,70.506,-178.026,3.358,-4.102,93.797,-34.671,-3.740,63.209,63.320,2.189,-3.810,4.394,0.811
17:50:06.254,95.599,93.589,28.538,True,92.355,27.303,65.121,-180.077,3.320,-4.262,92.263,-38.568,1.326,67.107,67.120,2.206,-4.155,4.704,0.703
17:50:06.275,95.619,97.120,22.423,True,94.463,23.404,61.852,-186.554,2.674,-4.979,90.567,-42.398,6.553,64.821,65.152,1.780,-4.735,5.059,0.556
17:50:06.303,95.648,97.120,20.385,True,96.030,19.838,54.289,-189.127,2.790,-5.391,88.712,-46.154,8.408,66.538,67.067,1.656,-4.964,5.233,0.484
17:50:06.324,95.668,97.120,16.308,True,97.117,16.114,44.098,-192.145,2.569,-5.373,86.702,-49.828,10.419,66.136,66.951,1.454,-4.958,5.167,0.777
17:50:06.344,95.689,100.652,6.115,True,98.615,10.841,37.969,-204.547,1.408,-5.797,84.539,-53.415,16.113,59.530,61.672,0.317,-5.327,5.336,0.756
17:50:06.365,95.709,100.652,4.077,True,99.671,6.129,28.979,-209.290,0.971,-5.815,82.228,-56.908,18.424,60.985,63.707,-0.237,-5.454,5.459,0.802
17:50:06.388,95.733,100.652,-2.038,True,100.344,1.017,18.388,-214.901,0.045,-5.763,79.773,-60.302,20.879,58.263,61.891,-0.949,-5.429,5.511,0.816
17:50:06.411,95.755,100.652,0.000,True,100.698,-2.518,7.142,-207.927,0.551,-5.665,77.178,-63.589,23.474,63.589,67.784,-0.557,-5.325,5.354,0.501
17:50:06.432,95.776,100.652,-10.192,True,100.797,-7.494,-4.088,-212.166,-0.087,-5.749,74.447,-66.765,26.205,56.573,62.347,-1.199,-5.198,5.335,0.713
17:50:06.452,95.797,100.652,-20.385,True,100.700,-13.749,-14.865,-222.938,-1.455,-5.468,71.586,-69.824,29.066,49.440,57.351,-2.545,-5.086,5.687,0.930
17:50:06.472,95.817,100.652,-14.269,True,100.461,-17.291,-24.934,-211.682,-0.876,-5.451,68.599,-72.761,32.053,58.492,66.698,-1.956,-5.016,5.384,0.494
17:50:06.493,95.837,100.652,-18.346,True,100.123,-20.786,-34.184,-202.801,-0.404,-5.538,65.492,-75.570,35.160,57.223,67.162,-1.534,-5.002,5.231,0.696
17:50:06.520,95.864,97.120,-26.500,True,98.900,-25.227,-48.006,-202.185,-0.763,-5.018,62.270,-78.246,34.850,51.746,62.387,-1.860,-4.538,4.904,0.812
17:50:06.540,95.885,97.120,-34.654,True,97.749,-30.523,-58.582,-206.590,-1.587,-4.780,58.939,-80.785,38.181,46.131,59.882,-2.711,-4.318,5.098,0.852
17:50:06.560,95.905,93.589,-36.692,True,95.883,-35.128,-72.020,-204.134,-2.076,-4.169,55.504,-83.182,38.084,46.490,60.097,-3.013,-3.789,4.841,0.556
17:50:06.581,95.925,93.589,-40.769,True,94.244,-39.573,-81.109,-200.325,-2.640,-3.900,51.972,-85.433,41.616,44.664,61.047,-3.225,-3.604,4.836,0.805
17:50:06.601,95.946,90.057,-53.000,True,92.026,-45.769,-92.431,-208.090,-3.956,-3.063,48.349,-87.535,41.708,34.535,54.150,-4.566,-3.176,5.562,0.597
17:50:06.630,95.975,90.057,-63.192,True,90.149,-53.012,-99.139,-218.964,-5.822,-3.011,44.641,-89.483,45.416,26.290,52.476,-6.354,-3.129,7.082,0.489
17:50:06.651,95.995,86.525,-55.038,True,87.785,-56.845,-108.074,-202.316,-5.217,-2.945,40.855,-91.274,45.670,36.235,58.299,-5.719,-2.856,6.393,0.770
17:50:06.671,96.016,84.759,-67.269,True,85.423,-62.373,-115.262,-200.306,-5.731,-3.025,36.997,-92.904,47.762,25.635,54.207,-6.399,-2.709,6.949,0.809
17:50:06.692,96.036,81.228,-65.231,True,82.679,-66.112,-123.714,-185.405,-5.157,-2.823,33.074,-94.372,48.154,29.141,56.285,-5.923,-2.416,6.397,0.896
17:50:06.711,96.056,79.462,-65.231,True,80.032,-68.754,-129.812,-166.227,-4.025,-2.843,29.093,-95.674,50.369,30.444,58.854,-4.982,-2.305,5.490,0.645
17:50:06.735,96.079,77.696,-69.308,True,77.496,-71.435,-134.151,-151.759,-3.405,-3.028,25.061,-96.809,52.635,27.501,59.386,-4.383,-2.340,4.969,0.419
17:50:06.755,96.100,75.930,-73.385,True,75.073,-74.218,-137.252,-141.095,-3.254,-3.060,20.985,-97.773,54.945,24.389,60.115,-4.083,-2.485,4.780,0.777
17:50:06.776,96.120,72.399,-75.423,True,72.344,-76.664,-142.250,-130.238,-2.907,-2.845,16.873,-98.566,55.526,23.143,60.156,-3.736,-2.454,4.470,0.826
17:50:06.796,96.141,68.867,-79.500,True,69.352,-79.323,-148.258,-122.915,-2.867,-2.649,12.730,-99.186,56.137,19.686,59.489,-3.693,-2.311,4.356,0.809
17:50:06.816,96.161,65.335,-81.538,True,66.143,-81.725,-154.612,-114.958,-2.703,-2.468,8.566,-99.632,56.770,18.094,59.584,-3.592,-2.105,4.164,0.713
17:50:06.845,96.189,65.335,-83.577,True,63.581,-83.920,-155.449,-106.894,-2.651,-2.777,4.386,-99.904,60.950,16.327,63.098,-3.479,-2.387,4.219,0.431
17:50:06.866,96.210,54.741,-87.654,True,59.141,-86.429,-169.107,-102.184,-2.847,-1.900,0.199,-100.000,54.542,12.346,55.922,-3.679,-1.467,3.961,0.712
17:50:06.886,96.231,51.209,-93.769,True,54.702,-89.703,-179.070,-102.714,-3.499,-1.217,-3.989,-99.920,55.198,6.151,55.540,-4.408,-0.783,4.477,0.847
17:50:06.906,96.251,51.209,-99.885,True,51.141,-93.645,-180.543,-106.070,-4.293,-1.276,-8.170,-99.666,59.379,-0.219,59.379,-5.490,-0.817,5.551,0.474
17:50:06.927,96.272,47.677,-99.885,True,47.564,-96.723,-181.997,-101.078,-4.623,-1.359,-12.336,-99.236,60.014,-0.648,60.017,-5.900,-0.847,5.960,0.799
17:50:06.956,96.300,42.380,-99.885,True,43.565,-99.010,-186.096,-90.697,-4.819,-1.110,-16.481,-98.633,58.861,-1.252,58.874,-5.839,-0.617,5.871,0.408
17:50:06.976,96.320,40.614,-103.962,True,40.022,-101.553,-186.188,-83.493,-4.971,-1.165,-20.597,-97.856,61.211,-6.106,61.515,-6.069,-0.730,6.113,0.560
17:50:06.996,96.341,37.082,-106.000,True,36.481,-103.868,-186.491,-75.266,-5.156,-1.207,-24.677,-96.908,61.759,-9.092,62.425,-6.222,-0.822,6.276,0.751
17:50:07.017,96.361,33.551,-95.808,True,32.937,-103.151,-186.959,-47.874,-3.525,-1.272,-28.713,-95.789,62.264,-0.019,62.264,-4.565,-0.894,4.652,0.693
17:50:07.038,96.383,24.722,-101.923,True,28.158,-103.601,-195.632,-35.156,-3.058,-0.521,-32.699,-94.503,57.421,-7.420,57.898,-4.117,-0.179,4.121,0.596
17:50:07.064,96.408,24.722,-101.923,True,24.245,-104.304,-196.000,-26.697,-2.882,-0.528,-36.628,-93.051,61.349,-8.873,61.988,-4.026,-0.159,4.030,0.371
17:50:07.084,96.429,19.424,-99.885,True,20.071,-103.441,-197.952,-9.489,-1.921,-0.170,-40.492,-91.435,59.916,-8.449,60.509,-3.089,0.029,3.090,0.559
17:50:07.105,96.449,12.361,-95.808,True,15.111,-101.544,-204.210,10.034,-0.612,0.472,-44.286,-89.659,56.646,-6.148,56.979,-1.824,0.668,1.943,0.525
17:50:07.125,96.469,10.595,-95.808,True,10.916,-99.927,-203.532,22.682,0.348,0.536,-48.001,-87.726,58.596,-8.082,59.151,-1.086,0.724,1.306,0.402
17:50:07.145,96.490,8.829,-99.885,True,7.337,-99.575,-198.948,24.272,0.128,0.115,-51.633,-85.639,60.462,-14.245,62.117,-1.345,0.422,1.410,0.681
17:50:07.169,96.514,5.297,-97.846,True,3.828,-98.789,-195.104,28.944,-0.216,-0.492,-55.174,-83.402,60.471,-14.444,62.172,-1.349,0.172,1.359,0.773
17:50:07.190,96.534,15.892,-91.731,True,3.730,-96.666,-170.464,41.570,0.456,-2.491,-58.618,-81.018,74.510,-10.713,75.276,-0.601,-2.087,2.171,0.756
17:50:07.211,96.555,-5.297,-77.462,True,-1.004,-91.505,-183.268,70.659,2.929,-1.203,-61.959,-78.493,56.662,1.031,56.671,1.793,-0.985,2.046,0.886
17:50:07.231,96.575,-5.297,-87.654,True,-4.816,-89.521,-186.244,70.671,2.251,-0.837,-65.192,-75.829,59.894,-11.825,61.050,1.653,-0.676,1.786,0.831
17:50:07.251,96.595,-7.063,-75.423,True,-8.196,-85.151,-185.390,86.532,3.717,-0.297,-68.310,-73.033,61.247,-2.390,61.293,2.986,-0.676,3.062,0.498
17:50:07.278,96.623,-10.595,-73.385,True,-11.600,-81.086,-184.786,95.666,4.133,-0.379,-71.308,-70.108,60.713,-3.277,60.802,3.802,-0.630,3.854,0.437
17:50:07.299,96.643,-19.424,-83.577,True,-16.255,-80.196,-192.376,81.139,2.595,0.371,-74.181,-67.060,54.757,-16.516,57.194,2.433,0.221,2.443,0.619
17:50:07.319,96.664,-19.424,-83.577,True,-19.945,-79.736,-190.886,68.499,1.313,0.454,-76.925,-63.895,57.501,-19.682,60.776,1.070,0.322,1.117,0.791
17:50:07.339,96.684,-22.956,-89.692,True,-23.575,-80.998,-188.990,48.979,-0.760,0.898,-79.533,-60.618,56.577,-29.074,63.610,-1.110,0.414,1.185,0.460
17:50:07.361,96.705,-28.253,-87.654,True,-27.564,-81.793,-189.515,39.573,-2.301,1.415,-82.001,-57.234,53.748,-30.420,61.759,-2.573,0.762,2.684,0.800
17:50:07.386,96.730,-33.551,-79.500,True,-31.865,-80.652,-191.314,47.159,-2.089,1.938,-84.326,-53.750,50.776,-25.750,56.932,-2.577,1.285,2.880,0.449
17:50:07.407,96.751,-35.316,-83.577,True,-35.604,-80.609,-188.100,46.530,-2.944,2.193,-86.503,-50.172,51.187,-33.405,61.123,-3.349,1.405,3.631,0.881
17:50:07.427,96.771,-38.848,-83.577,True,-39.245,-80.585,-184.421,47.441,-3.473,2.170,-88.528,-46.505,49.680,-37.071,61.987,-4.045,1.506,4.317,0.775
17:50:07.447,96.792,-42.380,-83.577,True,-42.805,-80.553,-180.478,49.720,-4.504,2.132,-90.398,-42.758,48.018,-40.819,63.024,-4.670,1.606,4.938,0.460
17:50:07.469,96.813,-47.677,-81.538,True,-46.708,-80.019,-179.112,56.286,-5.060,2.302,-92.109,-38.935,44.432,-42.604,61.557,-4.934,1.973,5.314,0.668
17:50:07.497,96.841,-51.209,-81.538,True,-50.504,-79.508,-176.463,62.378,-5.312,2.619,-93.659,-35.043,42.450,-46.495,62.959,-5.248,2.270,5.718,0.749
17:50:07.517,96.862,-56.506,-79.500,True,-54.608,-78.549,-175.581,71.265,-5.360,3.044,-95.044,-31.090,38.538,-48.410,61.876,-5.303,2.777,5.986,0.787
17:50:07.538,96.883,-61.804,-87.654,True,-58.976,-79.572,-175.507,66.065,-6.983,3.847,-96.263,-27.083,34.459,-60.571,69.687,-6.675,3.424,7.503,0.879
17:50:07.558,96.903,-63.570,-75.423,True,-62.738,-77.593,-170.126,84.101,-6.229,4.101,-97.312,-23.028,33.743,-52.395,62.320,-5.960,3.644,6.986,0.778
17:50:07.579,96.924,-65.335,-75.423,True,-65.954,-75.798,-161.407,97.092,-6.079,4.009,-98.191,-18.933,32.856,-56.490,65.350,-5.611,3.575,6.653,0.805
17:50:07.606,96.950,-65.335,-75.423,True,-69.182,-73.856,-154.063,108.621,-5.350,4.227,-98.898,-14.805,33.563,-60.618,69.289,-5.332,3.630,6.450,0.373
17:50:07.627,96.971,-74.165,-81.538,True,-72.799,-74.463,-150.035,101.794,-6.705,4.601,-99.431,-10.650,25.267,-70.888,75.256,-6.752,4.013,7.854,0.863
17:50:07.647,96.991,-72.399,-77.462,True,-74.892,-73.771,-136.060,107.186,-6.962,3.947,-99.790,-6.477,27.391,-70.984,76.086,-7.130,3.485,7.936,0.796
17:50:07.667,97.011,-75.930,-75.423,True,-77.183,-72.598,-126.194,115.731,-6.997,3.626,-99.974,-2.293,24.043,-73.130,76.981,-7.211,3.295,7.928,0.826
17:50:07.687,97.032,-77.696,-71.346,True,-79.209,-70.547,-116.285,128.888,-6.591,3.278,-99.982,1.896,22.286,-73.242,76.557,-6.818,3.083,7.483,0.664
17:50:07.714,97.059,-79.462,-63.192,True,-81.032,-66.812,-106.771,150.227,-5.333,3.061,-99.815,6.081,20.353,-69.273,72.201,-5.556,2.891,6.263,0.556
17:50:07.735,97.080,-82.994,-61.154,True,-83.126,-63.175,-100.565,165.680,-4.404,3.227,-99.473,10.255,16.479,-71.409,73.286,-4.686,3.002,5.565,0.782
17:50:07.755,97.100,-82.994,-57.077,True,-84.632,-59.206,-91.148,179.530,-3.875,2.684,-98.956,14.412,15.962,-71.489,73.249,-3.845,2.823,4.770,0.443
17:50:07.776,97.121,-70.633,-50.962,True,-82.752,-54.526,-61.365,194.483,-3.197,0.874,-98.266,18.543,27.633,-69.505,74.796,-2.782,0.684,2.865,0.876
17:50:07.804,97.148,-84.759,-42.808,True,-84.161,-48.812,-61.143,212.083,-1.891,1.685,-97.403,22.642,12.644,-65.449,66.659,-1.329,1.141,1.752,0.485
17:50:07.827,97.171,-74.165,-38.731,True,-82.775,-43.212,-41.729,223.697,-1.025,0.477,-96.369,26.701,22.205,-65.431,69.097,-0.272,-0.165,0.319,0.487
17:50:07.848,97.192,-86.525,-36.692,True,-84.287,-38.263,-46.515,227.375,-0.355,1.120,-95.167,30.713,8.642,-67.405,67.957,0.155,0.701,0.718,0.713
17:50:07.868,97.212,-84.759,-34.654,True,-85.111,-33.933,-44.376,225.622,-0.427,1.631,-93.797,34.671,9.038,-69.325,69.912,0.121,1.019,1.027,0.437
17:50:07.889,97.233,-88.291,-24.462,True,-86.531,-28.268,-45.788,232.958,0.771,2.058,-92.263,38.568,3.972,-63.030,63.155,0.953,1.721,1.967,0.687
17:50:07.911,97.256,-88.291,-20.385,True,-87.643,-22.860,-43.544,235.936,1.401,2.238,-90.567,42.398,2.276,-62.783,62.824,1.469,2.160,2.612,0.817
17:50:07.932,97.277,-88.291,-16.308,True,-88.462,-17.715,-38.764,235.725,1.849,1.965,-88.712,46.154,0.421,-62.461,62.463,1.744,2.410,2.975,0.415
17:50:07.954,97.298,-90.057,-12.231,True,-89.428,-12.821,-35.067,233.321,1.854,2.327,-86.702,49.828,-3.355,-62.059,62.149,1.843,2.792,3.346,0.986
17:50:07.974,97.318,-90.057,-8.154,True,-90.113,-8.155,-29.220,229.535,1.973,2.256,-84.539,53.415,-5.518,-61.569,61.816,1.827,3.010,3.521,0.805
17:50:07.994,97.339,-93.589,2.038,True,-91.369,-2.261,-27.461,234.358,2.704,2.993,-82.228,56.908,-11.361,-54.870,56.033,2.630,3.638,4.489,0.824
17:50:08.016,97.361,-93.589,4.077,True,-92.307,2.810,-22.542,231.480,2.801,3.334,-79.773,60.302,-13.816,-56.225,57.897,2.795,4.028,4.902,0.405
17:50:08.043,97.387,-93.589,8.154,True,-92.951,7.606,-15.537,226.831,2.870,3.432,-77.178,63.589,-16.411,-55.435,57.814,2.812,4.254,5.099,0.487
17:50:08.064,97.408,-93.589,20.385,True,-93.338,14.059,-7.297,233.656,3.875,3.563,-74.447,66.765,-19.141,-46.381,50.175,3.924,4.376,5.878,0.842
17:50:08.084,97.429,-93.589,20.385,True,-93.508,19.116,1.534,228.120,3.968,3.775,-71.586,69.824,-22.003,-49.440,54.115,3.986,4.443,5.969,0.783
17:50:08.104,97.448,-97.120,34.654,True,-94.324,26.230,5.096,236.701,5.387,4.294,-68.599,72.761,-28.521,-38.107,47.598,5.396,5.005,7.360,0.485
17:50:08.127,97.472,-97.120,36.692,True,-94.896,32.295,10.951,234.365,5.794,4.663,-65.492,75.570,-31.628,-38.877,50.118,5.923,5.395,8.011,0.697
17:50:08.148,97.492,-97.120,36.692,True,-94.677,36.983,22.035,222.197,5.537,4.486,-62.270,78.246,-34.850,-41.554,54.233,5.566,5.313,7.695,0.488
17:50:08.169,97.513,-95.354,42.808,True,-94.552,41.816,30.933,213.252,5.507,4.555,-58.939,80.785,-36.415,-37.977,52.615,5.473,5.411,7.697,0.749
17:50:08.189,97.534,-95.354,44.846,True,-94.312,45.752,39.657,199.926,4.787,4.853,-55.504,83.182,-39.850,-38.336,55.296,4.946,5.519,7.411,0.798
17:50:08.210,97.554,-97.120,50.962,True,-94.440,50.060,45.206,191.713,4.525,5.240,-51.972,85.433,-45.148,-34.472,56.803,4.850,5.925,7.657,0.832
17:50:08.232,97.576,-95.354,50.962,True,-93.987,53.167,54.540,177.169,3.764,5.027,-48.349,87.535,-47.005,-36.573,59.557,4.135,5.988,7.277,0.696
17:50:08.255,97.599,-93.589,55.038,True,-93.064,56.306,65.781,166.108,3.261,4.943,-44.641,89.483,-48.947,-34.444,59.852,3.679,5.851,6.912,0.451
17:50:08.276,97.620,-93.589,59.115,True,-92.187,59.506,75.004,157.770,3.030,5.101,-40.855,91.274,-52.734,-32.158,61.766,3.441,5.868,6.803,0.746
17:50:08.295,97.640,-93.589,59.115,True,-91.370,61.826,82.661,145.324,2.324,5.403,-36.997,92.904,-56.592,-33.789,65.911,2.793,6.012,6.629,0.403
17:50:08.316,97.661,-93.589,65.231,True,-90.623,64.849,89.144,140.341,2.409,5.622,-33.074,94.372,-60.514,-29.141,67.166,2.799,6.258,6.855,0.780
17:50:08.336,97.680,-90.057,67.269,True,-89.124,67.566,100.155,134.004,2.277,5.542,-29.093,95.674,-60.964,-28.405,67.256,2.689,6.072,6.641,0.555
17:50:08.364,97.709,-88.291,77.462,True,-87.393,71.924,110.851,139.457,3.243,5.161,-25.061,96.809,-63.230,-19.347,66.124,3.703,5.870,6.940,0.728
17:50:08.384,97.729,-84.759,77.462,True,-85.079,75.352,123.545,136.038,3.563,4.570,-20.985,97.773,-63.774,-20.312,66.931,3.996,5.428,6.741,0.818
17:50:08.405,97.749,-82.994,89.692,True,-82.698,80.772,134.110,145.574,4.932,4.061,-16.873,98.566,-66.121,-8.874,66.714,5.561,5.116,7.556,0.539
17:50:08.425,97.770,-72.399,81.538,True,-78.246,83.185,156.270,130.869,4.113,2.573,-12.730,99.186,-59.668,-17.648,62.224,4.998,3.644,6.185,0.466
17:50:08.446,97.790,-77.696,83.577,True,-75.719,85.285,159.815,117.194,3.347,2.517,-8.566,99.632,-69.131,-16.056,70.971,4.472,3.758,5.842,0.779
17:50:08.475,97.819,-75.930,85.615,True,-73.315,87.161,162.319,104.922,3.096,2.881,-4.386,99.904,-71.544,-14.288,72.957,4.025,3.967,5.651,0.412
17:50:08.495,97.840,-75.930,79.500,True,-71.432,86.990,161.493,81.707,1.711,3.523,-0.199,100.000,-75.732,-20.500,78.457,2.495,4.497,5.143,0.843
17:50:08.516,97.860,-68.867,81.538,True,-68.357,86.976,169.714,65.732,0.854,3.184,3.989,99.920,-72.856,-18.382,75.139,1.494,4.205,4.463,0.775
17:50:08.536,97.880,-68.867,79.500,True,-65.871,86.246,172.376,49.207,-0.051,3.286,8.170,99.666,-77.037,-20.166,79.633,0.346,4.387,4.401,0.730
17:50:08.558,97.903,-65.335,85.615,True,-63.100,86.855,176.933,46.025,-0.117,3.483,12.336,99.236,-77.672,-13.621,78.857,0.359,4.387,4.401,0.438
17:50:08.583,97.927,-61.804,85.615,True,-60.083,87.273,182.517,41.984,-0.376,3.368,16.481,98.633,-78.285,-13.017,79.360,0.314,4.266,4.277,0.420
17:50:08.604,97.948,-54.741,89.692,True,-56.039,88.480,193.868,43.755,0.137,2.707,20.597,97.856,-75.337,-8.164,75.778,0.837,3.560,3.657,1.137
17:50:08.624,97.968,-54.741,87.654,True,-52.761,88.960,197.240,39.435,0.191,2.537,24.677,96.908,-79.417,-9.254,79.954,0.858,3.511,3.615,0.508
17:50:08.644,97.989,-54.741,97.846,True,-50.194,91.631,195.403,50.045,1.606,3.098,28.713,95.789,-83.454,2.057,83.479,2.317,3.932,4.564,0.433
17:50:08.665,98.009,-44.146,97.846,True,-45.788,93.844,206.751,53.251,2.709,2.186,32.699,94.503,-76.845,3.343,76.917,3.246,3.125,4.505,0.769
17:50:08.691,98.036,-40.614,95.808,True,-41.412,95.118,214.759,47.956,3.033,1.449,36.628,93.051,-77.242,2.757,77.291,3.474,2.523,4.294,0.483
17:50:08.711,98.056,-40.614,106.000,True,-37.929,98.383,214.601,55.975,4.645,1.708,40.492,91.435,-81.106,14.565,82.404,4.994,2.612,5.636,0.424
17:50:08.732,98.076,-37.082,101.923,True,-34.438,100.065,214.707,49.411,4.532,1.662,44.286,89.659,-81.368,12.264,82.287,5.294,2.668,5.928,0.855
17:50:08.753,98.097,-33.551,106.000,True,-30.935,102.202,214.986,46.090,5.083,2.211,48.001,87.726,-81.552,18.274,83.574,5.926,2.695,6.510,0.948
17:50:08.773,98.117,-26.487,110.077,True,-26.601,104.740,220.749,44.533,5.661,2.264,51.633,85.639,-78.120,24.438,81.853,6.785,2.183,7.127,0.784
17:50:08.798,98.142,-22.956,106.000,True,-22.365,105.716,224.059,31.158,5.519,1.751,55.174,83.402,-78.129,22.598,81.332,6.601,1.829,6.849,0.429
17:50:08.819,98.163,-17.658,112.115,True,-17.831,107.681,228.161,26.417,6.229,1.073,58.618,81.018,-76.276,31.097,82.371,7.200,1.343,7.325,0.828
17:50:08.838,98.183,-12.361,103.962,True,-13.057,107.223,232.305,5.136,5.128,0.545,61.959,78.493,-74.320,25.469,78.563,6.277,0.783,6.325,0.465
17:50:08.860,98.204,-12.361,106.000,True,-9.329,107.017,227.882,-9.785,4.737,1.260,65.192,75.829,-77.552,30.171,83.215,5.838,0.961,5.917,1.003
17:50:08.880,98.224,-8.829,110.077,True,-5.714,107.578,223.659,-16.809,4.825,1.337,68.310,73.033,-77.139,37.044,85.573,6.088,1.126,6.191,0.758
17:50:08.906,98.251,-8.829,110.077,True,-1.241,107.242,225.973,-29.317,4.749,0.479,71.308,70.108,-80.137,39.969,89.552,5.829,0.674,5.868,0.390
17:50:08.927,98.272,1.766,110.077,True,2.852,107.620,224.628,-35.121,5.240,0.341,74.181,67.060,-72.416,43.016,84.229,6.170,0.507,6.191,0.733
17:50:08.948,98.292,5.297,110.077,True,6.798,107.761,222.222,-42.478,5.389,0.345,76.925,63.895,-71.627,46.182,85.224,6.388,0.410,6.401,0.698
17:50:08.968,98.313,8.829,106.000,True,10.625,106.678,219.183,-57.067,4.865,0.372,79.533,60.618,-70.704,45.382,84.015,5.916,0.351,5.926,0.675
17:50:08.989,98.334,10.595,116.192,True,13.915,108.177,213.012,-52.585,6.214,0.567,82.001,57.234,-71.407,58.958,92.601,7.212,0.573,7.234,0.785
17:50:09.016,98.361,15.892,112.115,True,17.623,108.334,210.685,-59.744,6.500,0.388,84.326,53.750,-68.434,58.365,89.943,7.511,0.434,7.523,0.417
17:50:09.037,98.382,19.424,103.962,True,21.262,106.382,207.908,-80.009,5.777,0.267,86.503,50.172,-67.079,53.790,85.982,6.561,0.308,6.568,0.459
17:50:09.058,98.402,26.487,101.923,True,25.671,104.108,210.158,-97.822,4.958,-0.570,88.528,46.505,-62.041,55.418,83.188,5.718,-0.329,5.727,0.692
17:50:09.079,98.423,30.019,101.923,True,29.908,102.098,209.701,-109.916,4.923,-1.037,90.398,42.758,-60.379,59.166,84.535,5.309,-0.790,5.368,0.830
17:50:09.099,98.444,31.785,93.769,True,33.562,98.471,204.559,-130.132,4.242,-1.141,92.109,38.935,-60.324,54.835,81.522,4.066,-0.866,4.157,0.780
17:50:09.126,98.470,38.848,103.962,True,37.931,97.751,204.597,-126.173,5.369,-1.858,93.659,35.043,-54.811,68.918,88.056,4.974,-1.453,5.182,0.421
17:50:09.146,98.491,40.614,95.808,True,41.696,95.362,199.464,-135.508,4.856,-2.139,95.044,31.090,-54.430,64.717,84.563,4.705,-1.619,4.976,0.437
17:50:09.167,98.512,44.146,95.808,True,45.327,93.385,193.785,-140.356,4.748,-2.411,96.263,27.083,-52.117,68.725,86.251,4.818,-1.758,5.129,0.762
17:50:09.188,98.532,51.209,91.731,True,49.669,90.846,193.240,-148.491,4.925,-3.494,97.312,23.028,-46.103,68.702,82.738,4.615,-2.406,5.204,0.738
17:50:09.208,98.553,49.443,93.769,True,52.583,89.246,182.036,-148.953,5.644,-3.521,98.191,18.933,-48.748,74.836,89.313,5.103,-2.116,5.524,0.884
17:50:09.238,98.582,52.975,79.500,True,55.468,84.693,172.714,-169.799,4.433,-3.096,98.898,14.805,-45.923,64.695,79.337,3.691,-1.975,4.186,0.424
17:50:09.258,98.603,60.038,75.423,True,59.182,79.931,170.365,-186.378,3.322,-3.425,99.431,10.650,-39.393,64.773,75.811,2.512,-2.484,3.533,0.738
17:50:09.279,98.623,65.335,83.577,True,63.228,77.919,169.465,-180.249,3.914,-4.462,99.790,6.477,-34.455,77.100,84.448,3.349,-3.191,4.625,0.857
17:50:09.299,98.643,68.867,81.538,True,67.141,75.994,166.353,-176.070,4.536,-4.887,99.974,2.293,-31.107,79.246,85.132,4.082,-3.765,5.554,0.514
17:50:09.321,98.665,72.399,77.462,True,70.917,73.633,161.572,-176.824,4.822,-5.543,99.982,-1.896,-27.583,79.357,84.014,4.413,-4.242,6.121,0.511
17:50:09.346,98.691,72.399,77.462,True,74.148,70.096,152.856,-185.890,4.979,-5.738,99.815,-6.081,-27.416,83.542,87.926,3.971,-4.392,5.922,0.421
17:50:09.366,98.711,79.462,61.154,True,77.842,64.904,147.907,-203.488,3.669,-6.101,99.473,-10.255,-20.011,71.409,74.160,2.643,-4.914,5.580,0.406
17:50:09.387,98.732,79.462,59.115,True,80.443,60.375,135.555,-211.815,2.913,-5.746,98.956,-14.412,-19.494,73.527,76.068,2.037,-4.775,5.191,0.737
17:50:09.408,98.752,82.994,59.115,True,83.113,56.901,125.485,-211.210,3.011,-5.761,98.266,-18.543,-15.272,77.658,79.146,2.211,-4.832,5.314,0.745
17:50:09.430,98.774,82.994,53.000,True,84.971,52.757,111.452,-215.248,2.686,-5.477,97.403,-22.642,-14.409,75.642,77.002,1.945,-4.504,4.906,0.573
17:50:09.455,98.799,86.525,46.885,True,87.037,48.072,101.162,-221.651,1.933,-5.492,96.369,-26.701,-9.844,73.585,74.241,1.409,-4.492,4.708,0.645
17:50:09.475,98.819,86.525,42.808,True,88.456,43.441,88.076,-225.811,1.216,-5.214,95.167,-30.713,-8.642,73.520,74.027,1.017,-4.204,4.325,0.580
17:50:09.495,98.840,90.057,42.808,True,90.180,39.840,79.195,-222.012,1.351,-5.259,93.797,-34.671,-3.740,77.479,77.569,1.332,-4.281,4.483,0.400
17:50:09.516,98.860,90.057,36.692,True,91.364,35.702,67.813,-222.789,1.306,-5.226,92.263,-38.568,-2.206,75.261,75.293,1.233,-4.121,4.301,0.719
17:50:09.537,98.881,93.589,32.615,True,92.923,31.566,60.664,-223.244,1.181,-5.510,90.567,-42.398,3.022,75.014,75.074,1.140,-4.341,4.488,0.861
17:50:09.564,98.908,93.589,18.346,True,94.009,25.064,50.913,-238.905,-0.504,-5.664,88.712,-46.154,4.876,64.500,64.684,-0.423,-4.331,4.351,0.415
17:50:09.584,98.929,93.589,14.269,True,94.693,18.888,39.822,-247.209,-1.655,-5.473,86.702,-49.828,6.887,64.097,64.466,-1.469,-4.184,4.435,0.814
17:50:09.604,98.949,93.589,16.308,True,95.048,14.493,28.322,-240.581,-1.396,-5.399,84.539,-53.415,9.050,69.723,70.307,-1.215,-3.975,4.157,0.496
17:50:09.625,98.970,93.589,2.038,True,95.143,7.906,17.056,-249.773,-2.439,-5.226,82.228,-56.908,11.361,58.947,60.031,-2.440,-3.758,4.481,0.667
17:50:09.646,98.990,93.589,0.000,True,95.044,2.234,6.432,-249.214,-2.781,-5.053,79.773,-60.302,13.816,60.302,61.864,-2.876,-3.572,4.586,0.810
17:50:09.673,99.018,93.589,-6.115,True,94.804,-3.533,-3.331,-248.457,-3.113,-4.840,77.178,-63.589,16.411,57.474,59.771,-3.342,-3.439,4.795,0.412
17:50:09.694,99.039,93.589,-10.192,True,94.470,-8.895,-12.157,-244.179,-3.242,-4.687,74.447,-66.765,19.141,56.573,59.724,-3.523,-3.375,4.879,0.764
17:50:09.715,99.059,93.589,-24.462,True,94.079,-16.263,-20.069,-253.298,-4.644,-4.661,71.586,-69.824,22.003,45.363,50.417,-4.995,-3.384,6.033,0.795
17:50:09.735,99.079,93.589,-28.538,True,93.657,-23.006,-27.158,-254.072,-5.365,-4.701,68.599,-72.761,24.989,44.222,50.794,-5.832,-3.465,6.784,0.821
17:50:09.754,99.099,91.823,-32.615,True,92.813,-29.140,-36.252,-249.018,-5.695,-4.465,65.492,-75.570,26.331,42.954,50.382,-6.200,-3.356,7.050,0.467
17:50:09.783,99.127,91.823,-20.385,True,92.027,-30.926,-43.554,-215.269,-3.116,-4.646,62.270,-78.246,29.553,57.861,64.971,-3.872,-3.397,5.151,0.705
17:50:09.804,99.148,88.291,-32.615,True,90.489,-34.623,-54.913,-203.313,-2.876,-4.041,58.939,-80.785,29.352,48.169,56.408,-3.352,-3.047,4.530,0.888
17:50:09.824,99.168,86.525,-36.692,True,88.725,-38.225,-65.554,-193.372,-2.712,-3.691,55.504,-83.182,31.021,46.490,55.889,-2.971,-2.717,4.026,0.846
17:50:09.844,99.189,86.525,-38.731,True,87.207,-41.311,-72.494,-182.132,-1.881,-3.838,51.972,-85.433,34.553,46.703,58.095,-2.429,-2.693,3.627,0.773
17:50:09.865,99.209,82.994,-38.731,True,85.115,-43.508,-82.251,-167.632,-0.881,-3.778,48.349,-87.535,34.644,48.804,59.850,-1.528,-2.391,2.838,0.771
17:50:09.897,99.241,81.228,-48.923,True,82.949,-47.340,-90.588,-167.644,-1.298,-3.384,44.641,-89.483,36.587,40.560,54.623,-1.919,-2.181,2.905,0.476
17:50:09.918,99.262,75.930,-59.115,True,79.927,-52.650,-103.021,-176.566,-2.689,-2.619,40.855,-91.274,35.075,32.158,47.586,-3.215,-1.549,3.569,0.905
17:50:09.938,99.282,75.930,-57.077,True,77.417,-56.389,-109.162,-171.329,-2.876,-1.964,36.997,-92.904,38.933,35.827,52.909,-3.319,-1.438,3.617,0.497
17:50:09.958,99.303,72.399,-63.192,True,74.575,-60.600,-116.447,-169.667,-3.480,-1.369,33.074,-94.372,39.325,31.180,50.186,-3.781,-1.200,3.967,0.805
17:50:09.982,99.327,72.399,-63.192,True,72.246,-63.994,-118.912,-161.897,-2.964,-1.908,29.093,-95.674,43.306,32.482,54.134,-3.721,-1.385,3.971,0.376
17:50:10.004,99.349,68.867,-63.192,True,69.586,-66.093,-123.563,-146.965,-2.379,-1.730,25.061,-96.809,43.806,33.616,55.218,-2.973,-1.374,3.275,0.562
17:50:10.025,99.369,65.335,-67.269,True,66.640,-68.562,-129.382,-137.889,-1.989,-1.724,20.985,-97.773,44.350,30.504,53.828,-2.708,-1.238,2.977,0.745
17:50:10.045,99.389,61.804,-77.462,True,63.477,-72.891,-135.541,-142.202,-3.140,-1.665,16.873,-98.566,44.931,21.105,49.641,-3.714,-1.044,3.858,0.676
17:50:10.066,99.410,58.272,-81.538,True,60.148,-77.173,-141.579,-143.632,-3.986,-1.710,12.730,-99.186,45.542,17.648,48.842,-4.563,-0.829,4.638,0.812
17:50:10.086,99.431,54.741,-77.462,True,56.693,-79.420,-147.236,-130.291,-3.014,-1.624,8.566,-99.632,46.175,22.171,51.222,-4.089,-0.617,4.135,0.417
17:50:10.110,99.454,54.741,-83.577,True,53.985,-82.395,-146.993,-124.250,-3.115,-1.489,4.386,-99.904,50.355,16.327,52.935,-4.265,-0.937,4.367,0.422
17:50:10.130,99.474,51.209,-79.500,True,51.083,-83.612,-148.668,-107.330,-2.370,-1.518,0.199,-100.000,51.010,20.500,54.975,-3.423,-1.097,3.594,0.697
17:50:10.151,99.495,47.677,-87.654,True,48.009,-86.202,-151.578,-103.170,-2.626,-1.399,-3.989,-99.920,51.666,12.267,53.103,-3.712,-1.142,3.883,0.783
17:50:10.171,99.515,44.146,-79.500,True,44.783,-86.223,-155.187,-82.237,-1.263,-0.999,-8.170,-99.666,52.315,20.166,56.067,-2.439,-1.111,2.680,0.909
17:50:10.191,99.536,40.614,-83.577,True,41.432,-86.869,-159.091,-70.698,-0.589,-0.858,-12.336,-99.236,52.950,15.659,55.217,-1.929,-1.032,2.188,0.965
17:50:10.218,99.563,40.614,-85.615,True,38.799,-87.663,-157.607,-62.667,-0.467,-1.008,-16.481,-98.633,57.095,13.017,58.560,-1.708,-1.439,2.234,0.477
17:50:10.239,99.584,31.785,-87.654,True,34.750,-88.623,-166.464,-57.228,-0.456,-0.418,-20.597,-97.856,52.382,10.202,53.366,-1.723,-0.891,1.939,1.010
17:50:10.259,99.603,28.253,-83.577,True,30.685,-88.329,-173.138,-44.220,0.244,-0.160,-24.677,-96.908,52.930,13.331,54.583,-1.032,-0.470,1.134,0.394
17:50:10.279,99.624,26.487,-89.692,True,27.051,-89.325,-175.227,-42.833,-0.164,-0.107,-28.713,-95.789,55.200,6.097,55.536,-1.382,-0.420,1.444,0.793
17:50:10.300,99.644,21.190,-91.731,True,22.999,-90.542,-179.699,-42.366,-0.700,0.175,-32.699,-94.503,53.889,2.772,53.960,-1.870,-0.123,1.874,0.811
17:50:10.327,99.671,19.424,-97.846,True,19.409,-92.891,-179.922,-48.411,-1.928,0.154,-36.628,-93.051,56.052,-4.796,56.257,-3.042,-0.179,3.047,0.497
17:50:10.347,99.691,15.892,-95.808,True,15.830,-94.312,-180.164,-45.145,-2.704,0.168,-40.492,-91.435,56.385,-4.373,56.554,-3.463,-0.222,3.470,0.402
17:50:10.368,99.713,8.829,-91.731,True,11.436,-94.405,-185.821,-32.696,-2.220,0.923,-44.286,-89.659,53.115,-2.071,53.155,-3.060,0.261,3.071,0.899
17:50:10.388,99.732,7.063,-101.923,True,7.567,-96.655,-186.289,-36.914,-3.420,0.963,-48.001,-87.726,55.065,-14.197,56.865,-4.194,0.323,4.206,0.514
17:50:10.410,99.754,7.063,-95.808,True,4.591,-97.025,-180.698,-25.871,-3.401,0.549,-51.633,-85.639,58.696,-10.169,59.570,-4.001,-0.168,4.005,0.754
17:50:10.437,99.781,3.532,-95.808,True,1.571,-97.139,-177.137,-14.998,-2.788,-0.241,-55.174,-83.402,58.705,-12.406,60.002,-3.798,-0.502,3.831,0.408
17:50:10.457,99.802,-1.766,-97.846,True,-1.924,-97.533,-177.854,-7.818,-3.017,-0.468,-58.618,-81.018,56.852,-16.828,59.290,-3.917,-0.446,3.943,0.440
17:50:10.478,99.822,-5.297,-89.692,True,-5.438,-95.831,-178.490,12.452,-2.009,-0.500,-61.959,-78.493,56.662,-11.200,57.758,-2.800,-0.370,2.825,0.648
17:50:10.498,99.843,-10.595,-93.769,True,-9.377,-95.160,-181.674,20.974,-1.781,-0.052,-65.192,-75.829,54.597,-17.940,57.469,-2.672,-0.021,2.672,0.801
17:50:10.519,99.863,-12.361,-93.769,True,-12.859,-94.515,-180.725,27.948,-1.879,-0.006,-68.310,-73.033,55.949,-20.737,59.668,-2.674,-0.006,2.674,0.393
17:50:10.543,99.887,-12.361,-93.769,True,-16.474,-93.956,-180.738,33.443,-2.133,0.217,-71.308,-70.108,58.947,-23.661,63.519,-2.815,0.122,2.818,0.448
17:50:10.563,99.908,-19.424,-89.692,True,-19.901,-92.274,-179.288,45.713,-1.663,0.236,-74.181,-67.060,54.757,-22.632,59.250,-2.319,0.145,2.323,0.432
17:50:10.584,99.928,-22.956,-89.692,True,-23.345,-90.914,-178.095,53.285,-1.572,0.308,-76.925,-63.895,53.969,-25.797,59.817,-2.212,0.214,2.222,0.777
17:50:10.603,99.948,-22.956,-87.654,True,-25.896,-89.287,-171.302,61.358,-1.437,-0.176,-79.533,-60.618,56.577,-27.036,62.705,-2.041,-0.229,2.054,0.421
17:50:10.624,99.969,-26.487,-97.846,True,-28.620,-90.485,-167.346,50.273,-3.158,-0.306,-82.001,-57.234,55.514,-40.612,68.783,-3.694,-0.428,3.719,0.837
17:50:10.654,99.998,-30.019,-87.654,True,-31.495,-89.038,-165.235,60.665,-2.986,-0.273,-84.326,-53.750,54.307,-33.904,64.021,-3.456,-0.448,3.485,0.549
17:50:10.674,100.019,-33.551,-85.615,True,-34.502,-87.298,-164.255,71.125,-2.732,-0.032,-86.503,-50.172,52.952,-35.444,63.720,-3.172,-0.338,3.190,0.880
17:50:10.695,100.039,-38.848,-97.846,True,-38.037,-88.697,-166.557,59.495,-4.441,0.414,-88.528,-46.505,49.680,-51.341,71.442,-4.960,0.121,4.961,0.765
17:50:10.716,100.060,-37.082,-83.577,True,-40.365,-86.587,-159.812,75.642,-3.701,0.099,-90.398,-42.758,53.316,-40.819,67.148,-4.274,-0.212,4.279,0.833
17:50:10.739,100.083,-40.614,-87.654,True,-42.875,-85.675,-155.773,80.506,-3.991,-0.006,-92.109,-38.935,51.495,-48.719,70.890,-4.568,-0.304,4.578,0.688
17:50:10.760,100.104,-44.146,-85.615,True,-45.561,-84.426,-153.591,87.533,-3.944,0.082,-93.659,-35.043,49.513,-50.572,70.775,-4.669,-0.207,4.673,0.713
17:50:10.780,100.125,-47.677,-79.500,True,-48.411,-81.937,-152.559,101.966,-3.380,0.371,-95.044,-31.090,47.367,-48.410,67.728,-4.055,0.031,4.055,0.734
17:50:10.801,100.145,-49.443,-89.692,True,-50.993,-82.173,-149.412,95.338,-4.706,0.509,-96.263,-27.083,46.820,-62.609,78.179,-5.355,0.114,5.356,0.761
17:50:10.821,100.166,-54.741,-77.462,True,-54.158,-79.615,-150.340,110.631,-4.046,0.978,-97.312,-23.028,42.572,-54.433,69.104,-4.694,0.611,4.733,0.754
17:50:10.841,100.186,-54.741,-79.500,True,-56.601,-77.890,-145.375,117.064,-4.207,0.694,-98.191,-18.933,43.451,-60.567,74.541,-4.776,0.619,4.816,0.472
17:50:10.870,100.215,-58.272,-73.385,True,-59.221,-75.045,-142.210,130.190,-3.558,1.105,-98.898,-14.805,40.626,-58.580,71.289,-4.208,0.814,4.286,0.460
17:50:10.891,100.235,-60.038,-73.385,True,-61.594,-72.661,-137.432,137.392,-3.646,0.986,-99.431,-10.650,39.393,-62.734,74.077,-4.117,0.892,4.213,0.550
17:50:10.911,100.256,-61.804,-69.308,True,-63.752,-69.772,-131.712,146.779,-3.575,1.083,-99.790,-6.477,37.986,-62.830,73.421,-3.787,0.901,3.893,0.775
17:50:10.931,100.276,-63.570,-65.231,True,-65.731,-66.463,-125.549,157.018,-3.151,0.949,-99.974,-2.293,36.404,-62.938,72.708,-3.318,0.882,3.433,0.399
17:50:10.952,100.296,-67.101,-63.192,True,-67.977,-63.292,-121.991,164.035,-3.033,1.077,-99.982,1.896,32.881,-65.088,72.922,-3.083,1.119,3.280,0.578
17:50:10.977,100.322,-68.867,-61.154,True,-70.056,-60.277,-117.321,168.623,-2.974,1.212,-99.815,6.081,30.948,-67.235,74.015,-3.034,1.288,3.296,0.720
17:50:10.998,100.342,-72.399,-53.000,True,-72.402,-55.997,-114.669,180.828,-2.128,1.687,-99.473,10.255,27.074,-63.255,68.806,-2.237,1.676,2.795,0.683
17:50:11.018,100.363,-75.930,-40.769,True,-74.982,-49.681,-113.113,203.172,-0.308,2.476,-98.956,14.412,23.026,-55.181,59.792,-0.371,2.219,2.250,0.812
17:50:11.038,100.383,-75.930,-42.808,True,-76.939,-44.964,-106.546,208.227,-0.031,2.921,-98.266,18.543,22.335,-61.351,65.290,0.072,2.350,2.351,0.420
17:50:11.059,100.403,-75.930,-42.808,True,-78.340,-41.266,-96.921,205.012,-0.177,2.836,-97.403,22.642,21.473,-65.449,68.882,-0.215,2.208,2.218,0.815
17:50:11.087,100.431,-75.930,-42.808,True,-80.279,-37.166,-92.385,205.455,-0.065,3.386,-96.369,26.701,20.439,-69.508,72.451,-0.179,2.535,2.541,0.357
17:50:11.108,100.452,-84.759,-14.269,True,-82.869,-27.759,-91.927,239.721,3.159,4.041,-95.167,30.713,10.407,-44.982,46.170,3.115,3.292,4.532,0.952
17:50:11.127,100.472,-81.228,-36.692,True,-83.779,-26.628,-79.304,210.199,0.696,3.759,-93.797,34.671,12.569,-71.363,72.462,0.654,2.962,3.033,0.419
17:50:11.148,100.493,-81.228,-36.692,True,-84.307,-26.074,-66.566,185.912,-1.214,3.061,-92.263,38.568,11.035,-75.261,76.065,-1.581,2.580,3.026,0.779
17:50:11.169,100.513,-86.525,-22.423,True,-85.858,-22.372,-62.650,189.054,-1.014,3.900,-90.567,42.398,4.042,-64.821,64.947,-1.408,3.004,3.317,0.760
17:50:11.194,100.539,-90.057,-22.423,True,-87.824,-19.519,-61.000,186.067,-1.324,4.595,-88.712,46.154,-1.345,-68.577,68.590,-1.784,3.691,4.099,0.491
17:50:11.215,100.559,-90.057,-16.308,True,-89.286,-15.919,-54.958,188.957,-1.454,5.278,-86.702,49.828,-3.355,-66.136,66.221,-1.616,4.026,4.338,0.815
17:50:11.236,100.580,-90.057,-12.231,True,-90.307,-12.162,-46.189,192.140,-1.416,5.428,-84.539,53.415,-5.518,-65.646,65.877,-1.379,4.129,4.353,0.914
17:50:11.256,100.600,-90.057,-10.192,True,-90.956,-8.757,-35.927,192.133,-2.252,5.449,-82.228,56.908,-7.829,-67.101,67.556,-1.397,4.090,4.322,0.849
17:50:11.276,100.621,-93.589,-2.038,True,-92.121,-4.244,-30.429,199.370,-1.493,5.872,-79.773,60.302,-13.816,-62.340,63.853,-0.706,4.490,4.545,0.423
17:50:11.303,100.648,-93.589,0.000,True,-92.929,-0.197,-22.510,201.211,-1.098,6.175,-77.178,63.589,-16.411,-63.589,65.673,-0.432,4.692,4.712,0.419
17:50:11.324,100.668,-93.589,8.154,True,-93.428,4.833,-13.188,208.695,-0.378,6.802,-74.447,66.765,-19.141,-58.612,61.658,0.428,4.769,4.788,0.508
17:50:11.345,100.689,-93.589,12.231,True,-93.668,9.756,-3.232,212.741,0.076,7.296,-71.586,69.824,-22.003,-57.594,61.653,1.071,4.779,4.897,0.766
17:50:11.365,100.709,-98.886,34.654,True,-94.930,18.807,-1.295,242.113,3.354,7.813,-68.599,72.761,-30.287,-38.107,48.677,4.203,5.536,6.951,0.481
17:50:11.386,100.730,-93.589,14.269,True,-94.638,21.469,12.172,219.120,1.864,7.257,-65.492,75.570,-28.096,-61.300,67.433,2.712,5.264,5.921,0.786
17:50:11.413,100.758,-93.589,18.346,True,-94.207,24.107,24.221,202.055,0.868,7.014,-62.270,78.246,-31.318,-59.900,67.593,1.620,5.076,5.329,0.405
17:50:11.434,100.779,-93.589,30.577,True,-93.692,28.713,34.857,202.447,1.317,7.137,-58.939,80.785,-34.650,-50.208,61.003,2.073,4.984,5.398,0.855
17:50:11.454,100.799,-91.823,38.731,True,-92.722,34.150,46.891,207.327,2.549,7.055,-55.504,83.182,-36.318,-44.451,57.402,3.013,4.730,5.608,0.508
17:50:11.475,100.820,-90.057,36.692,True,-91.382,37.923,59.254,198.682,2.473,6.623,-51.972,85.433,-38.085,-48.741,61.856,2.779,4.399,5.203,0.782
17:50:11.496,100.840,-90.057,38.731,True,-90.165,41.161,68.508,188.128,2.024,6.422,-48.349,87.535,-41.708,-48.804,64.198,2.344,4.310,4.906,0.754
17:50:11.523,100.868,-90.057,42.808,True,-89.088,44.431,75.431,180.077,1.812,6.298,-44.641,89.483,-45.416,-46.675,65.124,2.106,4.415,4.892,0.418
17:50:11.544,100.888,-88.291,42.808,True,-87.745,46.818,83.414,167.760,1.087,6.478,-40.855,91.274,-47.436,-48.466,67.817,1.447,4.414,4.645,0.837
17:50:11.564,100.908,-82.994,55.038,True,-85.360,51.304,97.195,172.223,1.983,5.914,-36.997,92.904,-45.997,-37.866,59.578,2.322,3.844,4.491,0.402
17:50:11.585,100.929,-79.462,50.962,True,-82.497,53.868,111.135,161.664,1.575,5.113,-33.074,94.372,-46.388,-43.411,63.532,1.879,3.178,3.692,0.770
17:50:11.611,100.956,-75.930,59.115,True,-79.265,57.570,124.301,160.880,2.151,4.005,-29.093,95.674,-46.837,-36.559,59.416,2.326,2.497,3.412,0.422
17:50:11.634,100.978,-72.399,61.154,True,-75.761,60.872,136.121,156.662,2.144,3.350,-25.061,96.809,-47.337,-35.655,59.263,2.507,1.855,3.119,0.511
17:50:11.655,100.999,-72.399,63.192,True,-72.890,63.817,140.909,150.268,2.128,3.037,-20.985,97.773,-51.413,-34.581,61.961,2.511,1.801,3.090,1.099
17:50:11.675,101.019,-61.804,67.269,True,-68.150,66.926,157.236,145.792,2.229,1.762,-16.873,98.566,-44.931,-31.297,54.757,2.707,0.634,2.780,0.805
17:50:11.695,101.039,-61.804,71.346,True,-64.262,70.191,163.428,142.528,2.405,1.310,-12.730,99.186,-49.074,-27.840,56.421,3.047,0.293,3.061,0.827
17:50:11.720,101.065,-58.272,85.615,True,-60.361,75.963,168.186,155.469,4.636,0.869,-8.566,99.632,-49.707,-14.017,51.645,4.972,0.046,4.972,0.484
17:50:11.744,101.088,-44.146,81.538,True,-54.011,79.646,187.906,149.019,5.212,-0.862,-4.386,99.904,-39.760,-18.365,43.796,5.269,-1.656,5.523,0.546
17:50:11.765,101.109,-51.209,81.538,True,-50.475,82.373,183.044,136.533,4.889,0.191,-0.199,100.000,-51.010,-18.461,54.248,5.021,-1.213,5.165,0.715
17:50:11.785,101.130,-45.911,83.577,True,-46.605,84.749,181.931,123.885,4.479,1.108,3.989,99.920,-49.901,-16.343,52.509,4.726,-1.076,4.847,0.761
17:50:11.806,101.150,-44.146,89.692,True,-43.240,87.800,177.918,117.939,4.584,1.495,8.170,99.666,-52.315,-9.973,53.258,5.033,-0.652,5.075,0.804
17:50:11.829,101.174,-40.614,91.731,True,-39.898,90.524,175.154,109.999,4.041,1.481,12.336,99.236,-52.950,-7.505,53.480,5.182,-0.306,5.191,0.808
17:50:11.850,101.195,-37.082,95.808,True,-36.555,93.440,173.476,104.062,4.774,1.574,16.481,98.633,-53.563,-2.825,53.638,5.534,-0.033,5.534,0.628
17:50:11.871,101.216,-30.019,99.885,True,-32.373,96.535,178.090,99.355,4.987,0.622,20.597,97.856,-50.616,2.029,50.657,6.037,-0.340,6.047,1.023
17:50:11.891,101.235,-26.487,106.000,True,-28.271,100.259,180.940,98.371,5.679,0.380,24.677,96.908,-51.164,9.092,51.966,6.942,-0.526,6.962,0.562
17:50:11.911,101.256,-24.722,108.038,True,-24.668,103.577,179.754,92.982,6.475,-0.166,28.713,95.789,-53.435,12.249,54.821,7.519,-0.361,7.527,0.777
17:50:11.933,101.277,-21.190,110.077,True,-21.100,106.515,178.836,84.621,6.841,-0.066,32.699,94.503,-53.889,15.574,56.094,7.863,-0.216,7.866,0.496
17:50:11.957,101.301,-15.892,110.077,True,-17.145,108.642,180.884,71.321,6.892,-0.549,36.628,93.051,-52.520,17.026,55.211,7.759,-0.351,7.767,0.427
17:50:11.977,101.322,-8.829,103.962,True,-12.436,108.649,187.336,46.054,5.691,-1.006,40.492,91.435,-49.321,12.526,50.887,6.491,-0.936,6.558,0.680
17:50:11.998,101.342,-8.829,116.192,True,-8.721,111.109,185.199,42.831,6.339,-1.221,44.286,89.659,-53.115,26.533,59.373,7.163,-0.784,7.206,0.601
17:50:12.019,101.363,-3.532,106.000,True,-4.672,110.580,185.857,19.003,5.081,-1.245,48.001,87.726,-51.533,18.274,54.677,5.940,-0.895,6.007,0.841
17:50:12.040,101.384,1.766,114.154,True,-0.323,111.702,188.174,11.676,5.471,-1.862,51.633,85.639,-49.867,28.515,57.444,6.140,-1.191,6.254,0.600
17:50:12.064,101.408,1.766,114.154,True,3.440,111.935,185.728,-0.939,5.516,-2.030,55.174,83.402,-53.408,30.752,61.629,5.850,-1.081,5.949,0.377
17:50:12.085,101.429,8.829,110.077,True,7.627,111.398,186.526,-16.277,4.849,-2.178,58.618,81.018,-49.789,29.059,57.648,5.258,-1.286,5.413,0.918
17:50:12.105,101.449,8.829,118.231,True,10.683,112.982,179.626,-15.026,5.584,-1.445,61.959,78.493,-53.130,39.738,66.347,6.189,-0.788,6.239,0.475
17:50:12.125,101.470,15.892,118.231,True,14.689,114.101,180.606,-18.820,6.210,-1.544,65.192,75.829,-49.299,42.402,65.025,6.732,-1.011,6.807,0.709
17:50:12.145,101.490,19.424,116.192,True,18.579,114.336,180.282,-28.799,5.980,-1.628,68.310,73.033,-48.886,43.160,65.212,6.726,-1.150,6.823,0.400
17:50:12.174,101.518,21.190,116.192,True,21.944,114.349,176.391,-38.885,5.976,-1.430,71.308,70.108,-50.118,46.084,68.085,6.694,-0.979,6.765,0.705
17:50:12.194,101.538,22.956,116.192,True,24.872,114.196,170.552,-48.651,5.960,-1.178,74.181,67.060,-51.226,49.132,70.979,6.673,-0.620,6.701,0.482
17:50:12.214,101.559,26.487,106.000,True,27.860,111.521,166.556,-73.311,4.517,-1.111,76.925,63.895,-50.437,42.105,65.702,5.208,-0.416,5.225,0.611
17:50:12.235,101.579,30.019,114.154,True,30.917,111.014,163.923,-77.797,4.619,-0.659,79.533,60.618,-49.514,53.536,72.923,5.497,-0.342,5.507,0.801
17:50:12.256,101.600,33.551,106.000,True,34.045,108.652,162.241,-94.341,3.986,-0.758,82.001,57.234,-48.451,48.766,68.743,4.658,-0.372,4.673,0.965
17:50:12.283,101.627,33.551,101.923,True,36.420,105.639,155.788,-111.277,3.137,-0.501,84.326,53.750,-50.776,48.173,69.991,3.680,0.027,3.680,0.445
17:50:12.303,101.648,40.614,99.885,True,39.787,102.593,157.488,-124.217,2.459,-0.880,86.503,50.172,-45.889,49.713,67.655,2.968,-0.327,2.986,0.882
17:50:12.324,101.668,42.380,95.808,True,42.807,99.110,155.967,-136.885,1.658,-0.760,88.528,46.505,-46.148,49.302,67.531,2.201,-0.436,2.244,0.854
17:50:12.344,101.689,44.146,95.808,True,45.513,96.241,152.347,-142.271,1.584,-0.948,90.398,42.758,-46.252,53.050,70.382,2.041,-0.380,2.076,0.771
17:50:12.364,101.709,47.677,87.654,True,48.354,92.061,150.217,-155.253,0.505,-1.097,92.109,38.935,-44.432,48.719,65.938,1.143,-0.478,1.239,0.456
17:50:12.394,101.738,45.911,81.538,True,50.092,87.231,140.892,-168.959,-0.603,-0.696,93.659,35.043,-47.747,46.495,66.645,0.078,0.075,0.108,0.525
17:50:12.415,101.759,52.975,81.538,True,52.925,83.314,141.145,-172.663,-0.994,-1.070,95.044,31.090,-42.069,50.448,65.687,-0.150,-0.241,0.284,0.776
17:50:12.435,101.780,54.741,85.615,True,55.514,81.199,139.107,-163.544,0.118,-1.225,96.263,27.083,-41.522,58.532,71.764,0.821,-0.395,0.911,0.867
17:50:12.455,101.799,54.741,87.654,True,57.469,80.190,132.853,-150.344,1.575,-0.978,97.312,23.028,-42.572,64.625,77.387,2.290,-0.186,2.298,0.421
17:50:12.476,101.820,60.038,71.346,True,60.106,75.826,132.337,-163.982,0.545,-2.154,98.191,18.933,-38.153,52.413,64.829,1.368,-0.517,1.463,0.680
17:50:12.498,101.843,61.804,81.538,True,62.532,74.637,129.824,-153.039,2.146,-2.487,98.898,14.805,-37.094,66.734,76.350,2.672,-0.713,2.766,0.399
17:50:12.519,101.863,65.335,75.423,True,65.176,72.471,128.675,-152.649,2.335,-2.858,99.431,10.650,-34.096,64.773,73.199,3.109,-1.078,3.291,0.979
17:50:12.539,101.883,65.335,75.423,True,67.189,70.814,122.770,-149.858,2.247,-1.820,99.790,6.477,-34.455,68.946,77.076,3.807,-1.045,3.948,0.645
17:50:12.560,101.904,68.867,67.269,True,69.463,67.690,119.435,-158.517,1.809,-1.716,99.974,2.293,-31.107,64.976,72.039,3.477,-1.267,3.700,0.889
17:50:12.580,101.924,72.399,69.308,True,71.979,65.632,117.668,-158.345,2.395,-2.074,99.982,-1.896,-27.583,71.203,76.359,3.929,-1.674,4.271,0.810
17:50:12.605,101.950,72.399,69.308,True,74.332,62.465,114.229,-166.418,2.080,-2.470,99.815,-6.081,-27.416,75.389,80.219,3.627,-1.977,4.131,0.475
17:50:12.626,101.970,75.930,61.154,True,76.423,59.706,108.928,-170.232,2.105,-2.800,99.473,-10.255,-23.542,71.409,75.190,3.678,-2.145,4.258,0.707
17:50:12.646,101.990,75.930,57.077,True,77.889,56.508,100.022,-176.483,1.921,-2.693,98.956,-14.412,-23.026,71.489,75.105,3.480,-1.989,4.008,0.720
17:50:12.666,102.011,79.462,55.038,True,79.780,53.505,95.247,-180.320,2.031,-3.009,98.266,-18.543,-18.804,73.582,75.946,3.470,-2.221,4.120,0.603
17:50:12.686,102.031,79.462,55.038,True,81.134,51.173,87.214,-179.425,2.559,-2.909,97.403,-22.642,-17.941,77.680,79.725,3.892,-2.170,4.456,0.566
17:50:12.715,102.059,79.462,50.962,True,82.051,48.402,77.513,-182.240,2.493,-2.686,96.369,-26.701,-16.907,77.662,79.481,3.981,-1.958,4.436,0.675
17:50:12.735,102.080,82.994,48.923,True,83.457,45.750,72.567,-184.081,2.639,-2.889,95.167,-30.713,-12.173,79.636,80.561,4.145,-2.184,4.685,0.812
17:50:12.755,102.099,82.994,50.962,True,84.457,44.164,65.178,-179.116,3.312,-2.880,93.797,-34.671,-10.804,85.633,86.311,4.952,-2.205,5.421,0.470
17:50:12.776,102.120,86.525,42.808,True,85.939,41.103,61.807,-185.916,3.075,-3.432,92.263,-38.568,-5.738,81.376,81.578,4.693,-2.616,5.373,0.720
17:50:12.796,102.141,86.525,36.692,True,87.024,37.223,55.445,-196.609,2.284,-3.502,90.567,-42.398,-4.042,79.090,79.194,4.004,-2.788,4.879,0.850
17:50:12.821,102.166,86.525,40.769,True,87.759,35.030,47.272,-193.458,2.713,-3.433,88.712,-46.154,-2.187,86.923,86.950,4.528,-2.805,5.326,0.672
17:50:12.842,102.186,88.291,36.692,True,88.608,32.446,40.878,-194.327,2.813,-3.718,86.702,-49.828,1.589,86.520,86.535,4.698,-2.991,5.570,0.838
17:50:12.862,102.207,90.057,34.654,True,89.573,29.976,35.696,-194.672,3.053,-4.160,84.539,-53.415,5.518,88.069,88.241,4.907,-3.310,5.919,0.816
17:50:12.882,102.227,91.823,20.385,True,90.643,24.758,31.245,-213.469,1.433,-4.487,82.228,-56.908,9.595,77.293,77.886,3.357,-3.728,5.016,0.724
17:50:12.902,102.247,90.057,22.423,True,90.987,20.938,21.732,-217.404,1.272,-5.108,79.773,-60.302,10.284,82.725,83.362,3.018,-3.703,4.777,0.652
17:50:12.932,102.276,90.057,24.462,True,91.104,18.420,12.035,-211.553,1.800,-5.611,77.178,-63.589,12.879,88.051,88.988,3.549,-3.649,5.090,0.426
17:50:12.952,102.297,90.057,22.423,True,91.045,16.104,2.566,-206.236,2.485,-5.552,74.447,-66.765,15.610,89.188,90.544,4.065,-3.601,5.431,0.759
17:50:12.973,102.317,90.057,20.385,True,90.855,13.934,-6.425,-201.718,2.927,-5.547,71.586,-69.824,18.471,90.209,92.081,4.536,-3.583,5.781,0.739
17:50:12.993,102.338,86.525,12.231,True,89.749,10.442,-20.217,-207.470,2.667,-5.170,68.599,-72.761,17.926,84.992,86.861,4.056,-3.097,5.103,0.924
17:50:13.013,102.358,86.525,4.077,True,88.689,5.777,-30.894,-219.193,1.572,-4.406,65.492,-75.570,21.033,79.647,82.377,2.927,-2.842,4.080,0.427
17:50:13.037,102.382,86.525,2.038,True,87.712,1.543,-39.098,-224.220,0.896,-4.091,62.270,-78.246,24.255,80.284,83.868,2.285,-2.786,3.603,0.419
17:50:13.058,102.402,86.525,0.000,True,86.836,-2.257,-45.441,-224.417,0.810,-4.606,58.939,-80.785,27.586,80.785,85.365,2.011,-2.892,3.522,0.861
17:50:13.078,102.422,82.994,-12.231,True,85.245,-8.021,-55.866,-236.934,0.060,-4.867,55.504,-83.182,27.489,70.951,76.090,0.519,-2.612,2.663,0.809
17:50:13.098,102.442,82.994,-18.346,True,83.864,-14.058,-62.965,-246.537,-1.407,-5.038,51.972,-85.433,31.021,67.087,73.912,-0.875,-2.606,2.749,0.801
17:50:13.118,102.463,81.228,-20.385,True,82.285,-19.313,-70.424,-246.871,-2.241,-5.041,48.349,-87.535,32.879,67.150,74.767,-1.550,-2.556,2.989,0.874
17:50:13.138,102.483,79.462,-22.423,True,80.548,-23.826,-77.835,-240.895,-2.164,-4.862,44.641,-89.483,34.821,67.060,75.561,-1.701,-2.493,3.019,0.672
17:50:13.159,102.504,75.930,-26.500,True,78.280,-28.146,-87.633,-234.124,-2.304,-4.685,40.855,-91.274,35.075,64.774,73.661,-1.795,-2.186,2.828,0.789
17:50:13.179,102.524,75.930,-38.731,True,76.388,-34.200,-93.034,-239.451,-3.535,-4.985,36.997,-92.904,38.933,54.174,66.713,-3.050,-2.250,3.790,0.831
17:50:13.200,102.544,74.165,-28.538,True,74.443,-36.561,-98.211,-217.226,-2.278,-5.257,33.074,-94.372,41.090,65.834,77.605,-1.823,-2.331,2.959,0.790
17:50:13.220,102.564,72.399,-38.731,True,72.460,-40.400,-103.122,-210.159,-2.327,-5.415,29.093,-95.674,43.306,56.944,71.540,-1.900,-2.433,3.086,0.834
17:50:13.240,102.585,68.867,-42.808,True,70.042,-44.186,-110.458,-203.514,-2.729,-5.222,25.061,-96.809,43.806,54.001,69.535,-2.027,-2.301,3.066,0.689
17:50:13.261,102.605,65.335,-50.962,True,67.253,-48.885,-119.000,-203.481,-3.679,-4.476,20.985,-97.773,44.350,46.812,64.485,-2.798,-2.025,3.454,0.818
17:50:13.281,102.625,61.804,-46.885,True,64.160,-51.544,-127.847,-188.463,-3.212,-4.225,16.873,-98.566,44.931,51.682,68.482,-2.231,-1.674,2.789,0.690
17:50:13.301,102.646,61.804,-48.923,True,61.650,-53.829,-130.979,-174.120,-2.689,-4.361,12.730,-99.186,49.074,50.263,70.247,-1.665,-1.813,2.461,0.793
17:50:13.321,102.666,58.272,-59.115,True,58.854,-57.730,-135.862,-173.455,-3.198,-4.257,8.566,-99.632,49.707,40.517,64.128,-2.338,-1.787,2.943,0.625
17:50:13.343,102.688,51.209,-59.115,True,54.992,-60.715,-147.058,-165.468,-3.586,-3.470,4.386,-99.904,46.823,40.788,62.097,-2.393,-1.141,2.651,0.662
17:50:13.364,102.708,47.677,-63.192,True,51.035,-63.831,-156.082,-159.281,-3.664,-2.876,0.199,-100.000,47.479,36.807,60.075,-2.625,-0.616,2.697,0.733
17:50:13.384,102.729,45.911,-65.231,True,47.448,-66.602,-160.404,-151.159,-3.800,-2.458,-3.989,-99.920,49.901,34.690,60.774,-2.700,-0.466,2.740,0.818
17:50:13.405,102.749,44.146,-73.385,True,44.218,-70.499,-161.505,-151.353,-4.554,-2.516,-8.170,-99.666,52.315,26.281,58.546,-3.572,-0.593,3.621,0.814
17:50:13.425,102.769,37.082,-67.269,True,40.081,-72.072,-168.687,-134.460,-3.768,-1.943,-12.336,-99.236,49.419,31.967,58.856,-2.914,-0.143,2.917,0.427
17:50:13.450,102.795,33.551,-67.269,True,35.974,-73.021,-173.800,-117.031,-2.768,-1.585,-16.481,-98.633,50.032,31.363,59.049,-2.128,0.174,2.136,0.815
17:50:13.473,102.818,30.019,-73.385,True,31.922,-74.902,-177.227,-109.639,-2.868,-1.501,-20.597,-97.856,50.616,24.471,56.221,-2.210,0.379,2.242,0.723
17:50:13.493,102.838,26.487,-71.346,True,27.938,-75.759,-179.334,-96.320,-2.610,-1.578,-24.677,-96.908,51.164,25.561,57.194,-1.738,0.493,1.806,0.412
17:50:13.514,102.858,19.424,-73.385,True,23.207,-76.686,-185.847,-86.182,-2.346,-1.011,-28.713,-95.789,48.137,22.405,53.096,-1.517,1.050,1.845,0.550
17:50:13.535,102.879,15.892,-77.462,True,18.654,-78.190,-189.183,-81.616,-2.638,-0.436,-32.699,-94.503,48.591,17.041,51.493,-1.805,1.380,2.272,0.740
17:50:13.555,102.900,12.361,-79.500,True,14.287,-79.747,-190.181,-77.416,-3.108,-0.051,-36.628,-93.051,48.989,13.551,50.828,-2.162,1.534,2.650,0.581
17:50:13.581,102.925,8.829,-81.538,True,10.099,-81.352,-189.556,-73.345,-3.218,-0.334,-40.492,-91.435,49.321,9.897,50.304,-2.570,1.561,3.007,0.426
17:50:13.602,102.946,-1.766,-83.577,True,4.432,-82.995,-198.679,-69.222,-3.536,0.747,-44.286,-89.659,42.520,6.082,42.953,-3.016,2.529,3.936,1.077
17:50:13.623,102.967,-5.297,-81.538,True,-0.879,-83.719,-202.275,-58.686,-3.416,1.403,-48.001,-87.726,42.704,6.188,43.150,-2.898,3.087,4.234,1.071
17:50:13.642,102.987,-8.829,-83.577,True,-5.831,-84.587,-201.895,-50.723,-3.699,1.588,-51.633,-85.639,42.804,2.062,42.853,-3.004,3.337,4.490,0.831
17:50:13.663,103.007,-15.892,-85.615,True,-11.269,-85.605,-204.238,-44.572,-3.994,1.919,-55.174,-83.402,39.281,-2.214,39.344,-3.287,3.878,5.084,0.725
17:50:13.689,103.033,-17.658,-83.577,True,-15.889,-85.818,-199.789,-33.359,-3.722,1.891,-58.618,-81.018,40.960,-2.559,41.039,-3.113,3.839,4.943,0.440
17:50:13.709,103.054,-21.190,-89.692,True,-20.188,-87.230,-193.894,-31.861,-4.423,1.776,-61.959,-78.493,40.769,-11.200,42.280,-3.833,3.663,5.302,0.800
17:50:13.729,103.074,-26.487,-87.654,True,-24.628,-87.818,-190.065,-23.658,-4.552,1.871,-65.192,-75.829,38.704,-11.825,40.470,-3.986,3.670,5.418,0.748
17:50:13.750,103.094,-30.019,-81.538,True,-28.799,-86.722,-184.951,-5.157,-3.768,1.773,-68.310,-73.033,38.291,-8.506,39.224,-3.163,3.564,4.765,0.818
17:50:13.770,103.115,-35.316,-83.577,True,-33.153,-86.071,-181.934,6.303,-3.472,2.017,-71.308,-70.108,35.992,-13.469,38.429,-2.906,3.653,4.668,0.768
17:50:13.797,103.141,-38.848,-81.538,True,-37.269,-84.921,-177.570,19.002,-2.991,2.109,-74.181,-67.060,35.333,-14.478,38.185,-2.492,3.633,4.406,0.402
17:50:13.818,103.163,-44.146,-81.538,True,-41.593,-83.843,-175.183,28.708,-2.860,2.495,-76.925,-63.895,32.779,-17.643,37.226,-2.308,3.809,4.454,1.065
17:50:13.838,103.182,-49.443,-81.538,True,-46.106,-82.867,-173.995,36.094,-2.694,3.019,-79.533,-60.618,30.090,-20.921,36.648,-2.316,4.128,4.733,0.400
17:50:13.858,103.203,-52.975,-79.500,True,-50.374,-81.531,-170.688,44.892,-2.537,3.511,-82.001,-57.234,29.027,-22.266,36.583,-2.181,4.290,4.813,0.710
17:50:13.879,103.223,-58.272,-85.615,True,-54.829,-81.790,-168.722,41.764,-3.519,3.805,-84.326,-53.750,26.054,-31.865,41.161,-3.155,4.607,5.584,0.800
17:50:13.906,103.251,-58.272,-79.500,True,-58.220,-80.617,-159.361,50.469,-3.430,3.538,-86.503,-50.172,28.231,-29.328,40.708,-3.100,4.264,5.272,0.475
17:50:13.927,103.271,-61.804,-77.462,True,-61.499,-79.109,-151.207,60.116,-3.521,3.205,-88.528,-46.505,26.724,-30.956,40.896,-2.935,4.006,4.966,0.550
17:50:13.947,103.292,-65.335,-71.346,True,-64.712,-76.383,-144.218,76.165,-2.664,2.962,-90.398,-42.758,25.063,-28.589,38.019,-2.127,3.840,4.390,0.774
17:50:13.968,103.312,-68.867,-73.385,True,-67.892,-74.517,-138.269,82.787,-2.644,2.691,-92.109,-38.935,23.242,-34.450,41.557,-2.112,3.766,4.318,0.837
17:50:13.988,103.333,-70.633,-67.269,True,-70.651,-71.562,-130.495,95.665,-1.961,2.246,-93.659,-35.043,23.026,-32.226,39.607,-1.488,3.523,3.824,0.511
17:50:14.015,103.360,-72.399,-67.269,True,-73.061,-69.096,-121.939,102.355,-1.980,1.900,-95.044,-31.090,22.645,-36.179,42.682,-1.371,3.192,3.474,0.424
17:50:14.036,103.380,-75.930,-65.231,True,-75.600,-66.626,-116.039,107.947,-2.059,1.852,-96.263,-27.083,20.332,-38.148,43.228,-1.334,3.090,3.366,0.647
17:50:14.056,103.401,-79.462,-59.115,True,-78.279,-63.224,-112.044,118.862,-1.394,1.439,-97.312,-23.028,17.850,-36.087,40.261,-0.776,3.174,3.268,0.501
17:50:14.077,103.421,-79.462,-57.077,True,-80.274,-59.971,-103.907,126.213,-1.224,1.159,-98.191,-18.933,18.729,-38.144,42.494,-0.483,2.889,2.929,0.803
17:50:14.097,103.442,-86.525,-48.923,True,-83.322,-55.466,-104.346,140.223,-0.149,1.855,-98.898,-14.805,12.373,-34.118,36.293,0.484,3.401,3.436,0.804
17:50:14.118,103.462,-86.525,-48.923,True,-85.668,-51.793,-99.063,144.938,0.195,2.002,-99.431,-10.650,12.906,-38.273,40.390,0.684,3.441,3.509,0.903
17:50:14.138,103.482,-90.057,-44.846,True,-88.209,-47.954,-95.670,149.715,0.490,2.365,-99.790,-6.477,9.733,-38.369,39.584,0.918,3.678,3.791,0.804
17:50:14.158,103.503,-90.057,-44.846,True,-90.107,-44.933,-88.014,148.001,-0.131,2.554,-99.974,-2.293,9.917,-42.553,43.694,0.568,3.547,3.592,0.746
17:50:14.179,103.524,-90.057,-40.769,True,-91.447,-41.694,-77.963,148.672,-0.378,2.131,-99.982,1.896,9.925,-42.665,43.804,0.415,3.184,3.211,0.733
17:50:14.199,103.544,-93.589,-30.577,True,-93.141,-36.828,-72.311,160.256,0.235,2.159,-99.815,6.081,6.226,-36.658,37.183,1.291,3.211,3.461,0.875
17:50:14.219,103.564,-95.354,-28.538,True,-94.766,-32.442,-66.886,165.368,0.643,2.189,-99.473,10.255,4.118,-38.794,39.012,1.660,3.273,3.670,0.510
17:50:14.240,103.584,-97.120,-24.462,True,-96.340,-28.049,-61.713,169.094,1.158,2.205,-98.956,14.412,1.836,-38.873,38.917,1.945,3.378,3.898,0.663
17:50:14.260,103.605,-102.418,-8.154,True,-98.699,-20.831,-62.171,190.315,3.065,3.062,-98.266,18.543,-4.152,-26.697,27.018,3.933,4.039,5.637,0.704
17:50:14.281,103.625,-86.525,-16.308,True,-96.825,-16.858,-33.383,183.329,2.426,0.991,-97.403,22.642,10.878,-38.949,40.440,3.463,2.001,3.999,0.811
17:50:14.301,103.646,-100.652,-18.346,True,-98.227,-14.389,-34.096,168.342,1.354,1.373,-96.369,26.701,-4.282,-45.047,45.250,2.182,2.550,3.356,0.842
17:50:14.324,103.668,-100.652,-18.346,True,-98.909,-11.022,-28.856,163.859,1.416,1.698,-95.167,30.713,-5.485,-49.059,49.365,1.763,2.608,3.148,0.615
17:50:14.346,103.690,-105.949,-26.500,True,-101.308,-13.033,-35.157,126.403,-2.097,3.103,-93.797,34.671,-12.152,-61.171,62.366,-1.852,3.789,4.217,0.523
17:50:14.368,103.713,-104.184,-18.346,True,-102.591,-12.597,-31.031,117.003,-3.423,3.674,-92.263,38.568,-11.920,-56.915,58.150,-3.166,4.110,5.188,1.197
17:50:14.388,103.733,-111.247,-12.231,True,-105.267,-10.762,-35.506,120.334,-3.390,5.160,-90.567,42.398,-20.680,-54.629,58.412,-3.368,5.300,6.279,0.973
17:50:14.409,103.753,-109.481,-14.269,True,-106.845,-9.821,-30.088,118.020,-4.195,5.167,-88.712,46.154,-20.769,-60.423,63.893,-4.098,5.667,6.993,0.854
17:50:14.430,103.774,-111.247,-6.115,True,-108.367,-7.135,-24.276,128.502,-3.803,5.534,-86.702,49.828,-24.545,-55.943,61.091,-3.636,6.029,7.041,0.918
17:50:14.450,103.795,-111.247,-2.038,True,-109.423,-3.963,-15.530,139.816,-3.284,5.555,-84.539,53.415,-26.708,-55.453,61.550,-3.004,6.140,6.836,0.858
17:50:14.478,103.823,-118.310,6.115,True,-111.755,0.550,-15.916,157.027,-2.073,6.680,-82.228,56.908,-36.082,-50.793,62.304,-1.700,7.127,7.326,0.902
17:50:14.499,103.843,-114.778,8.154,True,-112.706,4.735,-5.374,167.285,-0.721,7.056,-79.773,60.302,-35.006,-52.148,62.808,-0.884,7.163,7.217,1.042
17:50:14.520,103.864,-114.778,12.231,True,-113.272,9.048,6.359,175.402,0.032,7.235,-77.178,63.589,-37.601,-51.359,63.651,-0.156,7.072,7.074,0.907
17:50:14.556,103.900,-116.544,24.462,True,-113.935,15.325,15.717,193.836,1.794,7.211,-74.447,66.765,-42.097,-42.304,59.681,1.657,7.181,7.369,0.993
17:50:14.583,103.928,-114.778,18.346,True,-113.890,19.003,28.705,189.127,1.566,6.959,-71.586,69.824,-43.192,-51.478,67.198,1.486,6.939,7.096,0.890
17:50:14.604,103.948,-114.778,24.462,True,-113.656,23.175,40.728,188.634,1.934,6.696,-68.599,72.761,-46.179,-48.299,66.823,1.711,6.745,6.959,0.874
17:50:14.624,103.968,-113.013,42.808,True,-112.881,30.633,54.324,209.375,4.616,6.404,-65.492,75.570,-47.520,-32.762,57.719,3.991,6.365,7.513,0.621
17:50:14.644,103.989,-111.247,32.615,True,-111.667,34.308,68.240,197.800,3.850,5.966,-62.270,78.246,-48.977,-45.630,66.939,3.463,5.897,6.838,0.623
17:50:14.668,104.013,-111.247,38.731,True,-110.522,38.372,78.909,191.401,3.958,5.863,-58.939,80.785,-52.308,-42.054,67.117,3.372,5.672,6.599,0.659
17:50:14.693,104.038,-111.247,50.962,True,-109.479,44.238,87.036,197.889,4.566,5.829,-55.504,83.182,-55.742,-32.221,64.385,4.503,5.651,7.226,0.542
17:50:14.714,104.058,-113.013,53.000,True,-108.965,49.313,90.572,195.994,4.644,6.391,-51.972,85.433,-61.040,-32.433,69.122,4.967,6.052,7.829,0.551
17:50:14.734,104.078,-105.949,59.115,True,-106.874,54.601,104.850,194.793,5.339,6.055,-48.349,87.535,-57.600,-28.419,64.230,5.551,5.462,7.788,0.696
17:50:14.754,104.099,-104.184,61.154,True,-104.639,59.115,116.980,187.453,5.639,5.914,-44.641,89.483,-59.542,-28.329,65.938,5.616,4.997,7.517,0.732
17:50:14.777,104.121,-100.652,55.038,True,-101.916,61.044,129.766,163.945,4.191,5.292,-40.855,91.274,-59.797,-36.235,69.919,4.152,4.405,6.053,0.589
17:50:14.802,104.146,-100.652,65.231,True,-99.630,64.534,136.781,156.803,4.431,4.894,-36.997,92.904,-63.655,-27.674,69.410,4.083,4.285,5.919,0.855
17:50:14.822,104.166,-93.589,63.192,True,-96.126,66.629,150.639,141.569,4.019,3.988,-33.074,94.372,-60.514,-31.180,68.075,3.246,3.492,4.767,0.552
17:50:14.842,104.187,-90.057,71.346,True,-92.403,69.899,162.483,137.782,4.206,3.374,-29.093,95.674,-60.964,-24.328,65.639,3.413,2.793,4.410,0.836
17:50:14.863,104.207,-88.291,73.385,True,-88.953,72.824,169.538,131.886,4.263,3.065,-25.061,96.809,-63.230,-23.424,67.429,3.409,2.465,4.207,0.490
17:50:14.884,104.229,-82.994,71.346,True,-84.965,74.505,178.526,118.595,3.634,2.356,-20.985,97.773,-62.008,-26.427,67.405,2.713,1.913,3.320,0.526
17:50:14.905,104.250,-82.994,71.346,True,-81.395,76.877,182.456,113.020,3.726,2.182,-16.873,98.566,-66.121,-27.220,71.505,2.686,1.775,3.220,0.576
17:50:14.926,104.271,-75.930,71.346,True,-77.234,76.940,189.378,93.444,2.393,1.809,-12.730,99.186,-63.200,-27.840,69.060,1.327,1.332,1.880,0.934
17:50:14.947,104.291,-72.399,71.346,True,-73.167,76.818,193.878,78.148,1.136,1.442,-8.566,99.632,-63.833,-28.286,69.820,0.238,1.066,1.092,0.752
17:50:14.968,104.312,-68.867,71.346,True,-69.181,76.581,196.747,66.348,0.378,1.497,-4.386,99.904,-64.481,-28.558,70.522,-0.617,0.924,1.111,0.867
17:50:14.991,104.336,-60.038,73.385,True,-63.955,76.787,206.777,60.552,0.149,0.332,-0.199,100.000,-59.839,-26.615,65.491,-0.962,0.072,0.965,0.841
17:50:15.017,104.362,-58.272,73.385,True,-59.445,76.881,209.300,55.448,-0.379,0.344,3.989,99.920,-62.261,-26.536,67.680,-1.250,-0.155,1.260,0.545
17:50:15.038,104.382,-52.975,71.346,True,-54.715,76.407,212.457,47.911,-0.823,0.184,8.170,99.666,-61.145,-28.320,67.384,-1.774,-0.469,1.835,0.789
17:50:15.058,104.403,-47.677,73.385,True,-49.809,76.427,215.720,45.522,-0.862,-0.188,12.336,99.236,-60.014,-25.852,65.345,-1.833,-0.830,2.012,0.839
17:50:15.078,104.423,-44.146,73.385,True,-45.179,76.413,216.059,43.296,-1.075,-0.070,16.481,98.633,-60.627,-25.248,65.674,-1.852,-0.952,2.083,0.783
17:50:15.107,104.451,-40.614,73.385,True,-40.801,76.371,214.473,41.190,-0.988,0.119,20.597,97.856,-61.211,-24.471,65.921,-1.834,-0.905,2.045,0.786
17:50:15.129,104.474,-40.614,73.385,True,-36.511,77.195,212.613,44.958,-0.534,0.294,24.677,96.908,-65.291,-23.523,69.399,-1.227,-0.831,1.482,0.703
17:50:15.149,104.494,-30.019,71.346,True,-31.627,76.191,214.938,35.332,-1.163,-0.094,28.713,95.789,-58.732,-24.443,63.615,-1.815,-1.154,2.151,0.402
17:50:15.170,104.514,-26.487,75.423,True,-27.104,76.504,213.983,36.580,-0.798,-0.222,32.699,94.503,-59.186,-19.080,62.186,-1.405,-1.205,1.850,0.738
17:50:15.190,104.535,-24.722,83.577,True,-23.310,78.858,208.455,49.670,0.709,0.098,36.628,93.051,-61.349,-9.474,62.076,0.215,-0.826,0.853,0.800
17:50:15.212,104.556,-22.956,77.462,True,-20.086,79.259,200.792,45.491,0.834,0.681,40.492,91.435,-63.448,-13.974,64.968,0.367,-0.206,0.421,0.467
17:50:15.236,104.581,-19.424,79.500,True,-16.883,80.007,195.210,43.708,1.315,0.903,44.286,89.659,-63.710,-10.159,64.515,0.777,0.271,0.823,0.464
17:50:15.256,104.601,-12.361,79.500,True,-12.831,80.552,196.708,40.006,1.586,0.998,48.001,87.726,-60.362,-8.226,60.920,1.055,0.106,1.060,0.407
17:50:15.277,104.621,-10.595,73.385,True,-9.298,79.473,194.345,25.730,1.025,1.235,51.633,85.639,-62.228,-12.255,63.423,0.357,0.276,0.451,0.563
17:50:15.297,104.642,-5.297,81.538,True,-5.384,80.351,195.085,27.354,1.827,1.047,55.174,83.402,-60.471,-1.863,60.500,1.105,0.152,1.116,0.634
17:50:15.318,104.662,-5.297,81.538,True,-1.482,80.898,195.397,25.083,2.363,0.826,58.618,81.018,-63.915,0.520,63.917,1.568,0.037,1.569,0.712
17:50:15.342,104.687,1.766,85.615,True,2.239,82.591,194.287,29.450,3.484,0.614,61.959,78.493,-60.193,7.123,60.613,2.719,0.029,2.720,0.410
17:50:15.362,104.707,8.829,93.769,True,6.847,86.010,198.897,41.677,5.512,-0.102,65.192,75.829,-56.363,17.940,59.149,4.756,-0.549,4.787,0.392
17:50:15.383,104.727,8.829,87.654,True,10.314,87.051,194.559,33.210,5.769,-0.145,68.310,73.033,-59.481,14.621,61.251,5.013,-0.345,5.025,0.410
17:50:15.403,104.748,15.892,87.654,True,14.624,87.700,196.488,22.816,5.814,-0.712,71.308,70.108,-55.416,17.546,58.127,5.093,-0.739,5.146,0.535
17:50:15.424,104.769,19.424,91.731,True,18.764,89.022,196.308,17.850,5.951,-1.324,74.181,67.060,-54.757,24.670,60.058,5.683,-0.990,5.768,0.781
17:50:15.453,104.798,22.956,95.808,True,22.754,90.912,194.677,15.979,6.721,-1.398,76.925,63.895,-53.969,31.912,62.698,6.611,-1.145,6.709,0.440
17:50:15.474,104.818,26.487,89.692,True,26.610,90.869,192.081,0.057,6.109,-1.394,79.533,60.618,-53.045,29.074,60.491,6.269,-1.238,6.390,0.861
17:50:15.494,104.838,30.019,91.731,True,30.350,91.071,188.880,-11.515,6.314,-1.411,82.001,57.234,-51.982,34.496,62.387,6.277,-1.299,6.410,0.741
17:50:15.514,104.859,35.316,97.846,True,34.405,92.476,188.021,-13.753,7.342,-1.670,84.326,53.750,-49.010,44.096,65.927,7.147,-1.602,7.325,0.422
17:50:15.535,104.880,37.082,93.769,True,37.913,92.566,183.078,-26.046,7.363,-1.517,86.503,50.172,-49.421,43.597,65.903,7.126,-1.564,7.296,0.451
17:50:15.561,104.905,40.614,89.692,True,41.351,91.498,178.397,-44.281,6.565,-1.446,88.528,46.505,-47.914,43.187,64.505,6.506,-1.559,6.691,0.418
17:50:15.581,104.926,51.209,87.654,True,46.382,89.924,184.812,-62.173,5.859,-2.486,90.398,42.758,-39.189,44.896,59.594,5.820,-2.622,6.384,0.776
17:50:15.602,104.946,52.975,85.615,True,50.752,87.968,183.860,-78.825,4.921,-2.934,92.109,38.935,-39.135,46.681,60.915,5.149,-3.112,6.017,0.719
17:50:15.623,104.968,54.741,79.500,True,54.501,84.789,177.944,-99.960,3.906,-3.231,93.659,35.043,-38.918,44.457,59.085,3.954,-3.192,5.082,0.825
17:50:15.647,104.991,58.272,93.769,True,58.109,85.343,171.711,-91.264,5.254,-3.062,95.044,31.090,-36.772,62.679,72.669,5.440,-3.256,6.340,0.428
17:50:15.670,105.015,60.038,73.385,True,61.193,81.161,162.714,-117.965,3.416,-2.996,96.263,27.083,-36.225,46.301,58.788,3.708,-3.071,4.815,0.419
17:50:15.691,105.036,65.335,85.615,True,64.654,80.387,157.764,-115.149,4.257,-3.069,97.312,23.028,-31.977,62.587,70.283,4.567,-3.256,5.609,0.833
17:50:15.711,105.056,65.335,85.615,True,67.234,79.836,147.286,-113.001,4.940,-2.741,98.191,18.933,-32.856,66.682,74.337,5.437,-2.943,6.182,0.515
17:50:15.731,105.076,67.101,69.308,True,69.464,75.653,136.529,-136.824,3.403,-2.107,98.898,14.805,-31.797,54.503,63.100,3.913,-2.575,4.684,0.459
17:50:15.752,105.096,70.633,67.269,True,71.831,71.603,128.850,-153.500,2.264,-1.687,99.431,10.650,-28.798,56.619,63.522,2.875,-2.467,3.789,0.499
17:50:15.779,105.124,75.930,75.423,True,74.762,70.135,126.108,-148.872,2.915,-2.078,99.790,6.477,-23.860,68.946,72.958,3.729,-2.826,4.679,0.468
17:50:15.800,105.145,82.994,65.231,True,78.612,66.710,129.029,-159.480,1.977,-2.489,99.974,2.293,-16.980,62.938,65.188,3.213,-3.771,4.954,1.119
17:50:15.820,105.165,82.994,65.231,True,81.611,63.918,124.034,-163.466,2.181,-2.597,99.982,-1.896,-16.988,67.126,69.243,3.249,-4.073,5.210,0.416
17:50:15.841,105.185,86.525,65.231,True,84.657,61.713,119.384,-163.141,3.170,-3.416,99.815,-6.081,-13.290,71.312,72.539,3.680,-4.443,5.769,0.747
17:50:15.861,105.205,90.057,55.038,True,87.745,57.658,114.856,-175.914,2.565,-3.924,99.473,-10.255,-9.416,65.294,65.969,2.893,-4.866,5.661,0.806
17:50:15.885,105.230,90.057,55.038,True,90.042,54.139,104.858,-181.858,2.407,-3.727,98.956,-14.412,-8.899,69.450,70.018,2.648,-4.814,5.494,0.383
17:50:15.905,105.250,93.589,46.885,True,92.548,49.482,97.583,-193.825,1.560,-3.400,98.266,-18.543,-4.677,65.428,65.595,1.779,-5.014,5.320,0.583
17:50:15.926,105.270,97.120,40.769,True,95.199,44.315,91.695,-205.625,0.786,-3.553,97.403,-22.642,-0.283,63.411,63.412,0.808,-5.368,5.428,0.786
17:50:15.946,105.291,97.120,48.923,True,97.055,42.433,80.807,-193.263,2.190,-2.846,96.369,-26.701,0.751,75.624,75.627,2.044,-5.275,5.657,0.678
17:50:15.968,105.312,98.886,40.769,True,98.725,39.113,70.305,-194.026,2.405,-2.533,95.167,-30.713,3.719,71.482,71.579,2.139,-5.202,5.625,0.855
17:50:15.994,105.338,100.652,42.808,True,100.257,37.067,60.417,-186.796,3.276,-2.835,93.797,-34.671,6.855,77.479,77.781,2.994,-5.175,5.979,0.417
17:50:16.015,105.359,100.652,38.731,True,101.271,34.618,48.546,-184.735,3.860,-2.736,92.263,-38.568,8.389,77.299,77.753,3.425,-4.949,6.019,0.799
17:50:16.035,105.379,100.652,34.654,True,101.868,31.802,35.966,-186.116,3.854,-2.176,90.567,-42.398,10.085,77.052,77.709,3.547,-4.625,5.829,0.612
17:50:16.055,105.400,104.184,30.577,True,102.961,28.664,28.884,-189.619,3.798,-2.346,88.712,-46.154,15.471,76.730,78.275,3.453,-4.786,5.901,0.874
17:50:16.076,105.420,104.184,28.538,True,103.689,25.726,20.031,-191.147,3.899,-2.542,86.702,-49.828,17.482,78.366,80.293,3.508,-4.791,5.938,0.660
17:50:16.102,105.446,104.184,24.462,True,104.111,22.498,10.331,-194.464,3.982,-2.444,84.539,-53.415,19.645,77.876,80.316,3.372,-4.710,5.793,0.466
17:50:16.123,105.467,105.949,16.308,True,104.697,18.074,3.141,-204.901,2.995,-2.683,82.228,-56.908,23.721,73.216,76.963,2.516,-4.853,5.467,0.864
17:50:16.143,105.487,107.715,12.231,True,105.446,13.571,-2.316,-212.737,2.390,-3.180,79.773,-60.302,27.942,72.532,77.729,1.789,-5.170,5.471,0.726
17:50:16.163,105.508,107.715,8.154,True,105.938,9.046,-9.399,-218.190,1.634,-3.315,77.178,-63.589,30.537,71.743,77.972,1.186,-5.360,5.490,0.462
17:50:16.184,105.528,107.715,-2.038,True,106.207,3.120,-17.403,-230.914,0.120,-3.086,74.447,-66.765,33.268,64.727,72.776,-0.192,-5.473,5.476,0.830
17:50:16.211,105.555,107.715,-8.154,True,106.290,-3.046,-25.805,-240.712,-1.160,-3.125,71.586,-69.824,36.129,61.670,71.474,-1.457,-5.549,5.737,0.712
17:50:16.232,105.576,107.715,-8.154,True,106.226,-7.928,-34.234,-238.168,-1.355,-3.450,68.599,-72.761,39.116,64.607,75.526,-1.699,-5.619,5.870,0.744
17:50:16.251,105.596,107.715,-20.385,True,106.047,-14.481,-42.449,-246.456,-2.465,-3.818,65.492,-75.570,42.223,55.185,69.485,-3.001,-5.704,6.445,0.544
17:50:16.272,105.616,107.715,-28.538,True,105.783,-21.533,-50.314,-254.264,-3.789,-4.020,62.270,-78.246,45.445,49.707,67.350,-4.403,-5.817,7.295,0.761
17:50:16.292,105.637,107.715,-30.577,True,105.460,-27.539,-57.769,-251.275,-4.818,-4.665,58.939,-80.785,48.776,50.208,70.000,-4.931,-5.966,7.741,0.799
17:50:16.318,105.663,107.715,-26.500,True,105.098,-31.154,-64.812,-231.867,-3.672,-5.038,55.504,-83.182,52.211,56.682,77.064,-3.951,-6.155,7.314,0.421
17:50:16.339,105.683,113.013,-36.692,True,105.943,-36.001,-63.375,-225.127,-3.791,-6.382,51.972,-85.433,61.040,48.741,78.113,-4.060,-7.153,8.225,0.850
17:50:16.358,105.703,105.949,-44.846,True,104.972,-41.513,-76.126,-223.422,-4.339,-6.302,48.349,-87.535,57.600,42.689,71.694,-4.659,-6.893,8.319,0.403
17:50:16.379,105.724,104.184,-42.808,True,103.620,-45.244,-89.166,-209.001,-3.890,-6.118,44.641,-89.483,59.542,46.675,75.656,-4.112,-6.552,7.736,0.708
17:50:16.399,105.744,104.184,-46.885,True,102.382,-48.834,-99.043,-196.673,-3.107,-6.004,40.855,-91.274,63.329,44.389,77.336,-3.701,-6.453,7.439,0.590
17:50:16.428,105.772,104.184,-53.000,True,101.280,-52.821,-106.524,-189.424,-3.233,-6.109,36.997,-92.904,67.187,39.904,78.143,-3.729,-6.549,7.536,0.415
17:50:16.449,105.793,100.652,-59.115,True,99.499,-57.192,-117.685,-185.589,-3.617,-5.917,33.074,-94.372,67.578,35.257,76.222,-4.087,-6.283,7.496,0.802
17:50:16.469,105.813,100.652,-67.269,True,97.960,-62.383,-125.239,-186.914,-4.472,-5.929,29.093,-95.674,71.559,28.405,76.990,-4.976,-6.309,8.036,0.619
17:50:16.489,105.834,97.120,-63.192,True,95.842,-65.441,-135.659,-172.217,-4.033,-5.679,25.061,-96.809,72.059,33.616,79.515,-4.441,-6.044,7.500,0.768
17:50:16.510,105.854,95.354,-65.231,True,93.646,-68.036,-144.678,-157.511,-3.507,-5.478,20.985,-97.773,74.369,32.543,81.177,-3.845,-5.860,7.009,0.866
17:50:16.538,105.882,91.823,-73.385,True,91.001,-71.697,-155.085,-152.968,-3.862,-5.185,16.873,-98.566,74.950,25.182,79.067,-4.151,-5.503,6.893,0.429
17:50:16.558,105.902,86.525,-71.346,True,87.580,-73.964,-168.491,-139.233,-3.560,-4.583,12.730,-99.186,73.795,27.840,78.872,-3.619,-4.801,6.013,0.406
17:50:16.578,105.923,86.525,-83.577,True,84.748,-78.335,-174.820,-142.224,-4.557,-4.349,8.566,-99.632,77.960,16.056,79.596,-4.622,-4.675,6.575,0.493
17:50:16.599,105.944,82.994,-81.538,True,81.656,-81.263,-181.766,-133.276,-4.569,-4.173,4.386,-99.904,78.608,18.365,80.725,-4.604,-4.460,6.410,0.808
17:50:16.619,105.964,77.696,-77.462,True,77.946,-82.426,-191.425,-113.940,-3.418,-3.767,0.199,-100.000,77.498,22.538,80.708,-3.597,-3.945,5.339,0.557
17:50:16.650,105.994,75.930,-79.500,True,74.538,-83.496,-196.761,-98.601,-2.800,-3.662,-3.989,-99.920,79.920,20.420,82.487,-2.861,-3.768,4.731,0.476
17:50:16.670,106.015,72.399,-79.500,True,71.020,-84.081,-201.760,-83.610,-2.302,-3.347,-8.170,-99.666,80.569,20.166,83.054,-2.083,-3.587,4.148,0.521
17:50:16.690,106.035,68.867,-81.538,True,67.422,-84.774,-206.256,-72.894,-1.995,-3.211,-12.336,-99.236,81.203,17.698,83.110,-1.634,-3.419,3.790,0.395
17:50:16.711,106.056,61.804,-81.538,True,62.950,-85.142,-215.563,-62.368,-1.375,-2.568,-16.481,-98.633,78.285,17.094,80.129,-1.167,-2.761,2.997,0.719
17:50:16.732,106.077,58.272,-81.538,True,58.554,-85.262,-221.795,-52.563,-0.987,-2.254,-20.597,-97.856,78.869,16.317,80.539,-0.730,-2.307,2.419,0.467
17:50:16.757,106.102,54.741,-83.577,True,54.263,-85.678,-225.583,-46.884,-0.738,-1.745,-24.677,-96.908,79.417,13.331,80.528,-0.652,-2.022,2.125,0.420
17:50:16.778,106.122,47.677,-83.577,True,49.269,-85.909,-232.905,-40.904,-0.826,-1.104,-28.713,-95.789,76.390,12.212,77.360,-0.552,-1.359,1.467,0.834
17:50:16.798,106.142,42.380,-85.615,True,44.093,-86.469,-239.104,-38.073,-0.820,-0.403,-32.699,-94.503,75.079,8.887,75.603,-0.754,-0.719,1.042,0.775
17:50:16.818,106.163,38.848,-85.615,True,39.203,-86.855,-241.287,-34.056,-1.097,-0.079,-36.628,-93.051,75.476,7.435,75.841,-0.880,-0.381,0.959,0.806
17:50:16.838,106.183,30.019,-85.615,True,33.365,-87.090,-248.725,-29.315,-1.044,0.839,-40.492,-91.435,70.511,5.820,70.751,-0.962,0.500,1.084,0.613
17:50:16.866,106.210,30.019,-85.615,True,28.390,-87.676,-247.697,-27.338,-1.434,1.115,-44.286,-89.659,74.305,4.044,74.415,-1.326,0.680,1.490,0.407
17:50:16.887,106.231,21.190,-99.885,True,22.803,-91.511,-250.353,-45.651,-3.754,1.763,-48.001,-87.726,69.191,-12.158,70.251,-3.683,1.236,3.885,0.739
17:50:16.907,106.252,21.190,-87.654,True,18.702,-91.151,-242.098,-30.049,-2.927,1.125,-51.633,-85.639,72.823,-2.015,72.850,-3.050,0.809,3.156,0.812
17:50:16.928,106.272,17.658,-89.692,True,14.831,-91.225,-234.328,-20.470,-2.631,0.810,-55.174,-83.402,72.832,-6.290,73.103,-2.921,0.384,2.946,0.622
17:50:16.954,106.299,14.127,-85.615,True,11.131,-90.143,-227.323,-5.072,-1.976,0.591,-58.618,-81.018,72.744,-4.597,72.889,-2.212,-0.008,2.212,0.466
17:50:16.976,106.321,7.063,-79.500,True,6.701,-87.643,-226.605,15.962,-0.550,0.662,-61.959,-78.493,69.022,-1.007,69.030,-0.881,0.172,0.898,0.548
17:50:16.997,106.341,3.532,-79.500,True,2.493,-85.460,-224.179,29.674,0.195,0.511,-65.192,-75.829,68.723,-3.671,68.821,-0.110,0.220,0.246,0.819
17:50:17.017,106.362,-3.532,-83.577,True,-2.353,-84.562,-226.065,31.855,-0.185,1.067,-68.310,-73.033,64.778,-10.544,65.631,-0.365,0.697,0.787,0.783
17:50:17.038,106.382,-8.829,-81.538,True,-7.332,-83.367,-227.594,36.222,-0.332,1.290,-71.308,-70.108,62.479,-11.430,63.516,-0.446,1.205,1.284,0.538
17:50:17.059,106.404,-8.829,-81.538,True,-11.884,-82.642,-225.119,37.137,-0.622,1.037,-74.181,-67.060,65.352,-14.478,66.937,-0.869,1.395,1.643,0.398
17:50:17.082,106.426,-12.361,-91.731,True,-15.249,-84.676,-215.019,21.258,-2.769,0.482,-76.925,-63.895,64.564,-27.836,70.309,-2.954,0.883,3.083,0.427
17:50:17.102,106.447,-17.658,-87.654,True,-19.045,-85.159,-210.027,21.609,-3.244,0.299,-79.533,-60.618,61.875,-27.036,67.523,-3.711,0.811,3.798,0.575
17:50:17.123,106.467,-21.190,-85.615,True,-22.720,-84.954,-205.057,27.806,-3.565,0.662,-82.001,-57.234,60.812,-28.381,67.108,-3.975,0.746,4.045,0.809
17:50:17.143,106.487,-30.019,-81.538,True,-27.613,-83.690,-208.522,40.442,-3.315,1.380,-84.326,-53.750,54.307,-27.788,61.004,-3.632,1.498,3.929,0.431
17:50:17.164,106.508,-31.785,-79.500,True,-31.784,-82.062,-205.446,53.102,-2.857,1.240,-86.503,-50.172,54.718,-29.328,62.082,-3.232,1.715,3.659,0.781
17:50:17.184,106.529,-33.551,-85.615,True,-35.335,-82.100,-198.351,52.706,-3.542,1.093,-88.528,-46.505,54.978,-39.110,67.469,-4.025,1.581,4.324,0.411
17:50:17.205,106.550,-37.082,-81.538,True,-38.778,-81.162,-191.730,60.227,-3.742,1.243,-90.398,-42.758,53.316,-38.781,65.928,-4.129,1.486,4.388,0.774
17:50:17.225,106.570,-44.146,-75.423,True,-42.972,-78.895,-191.006,75.601,-2.940,1.655,-92.109,-38.935,47.964,-36.489,60.265,-3.475,1.954,3.987,0.470
17:50:17.246,106.590,-44.146,-73.385,True,-46.175,-76.450,-182.964,88.826,-2.315,1.528,-93.659,-35.043,49.513,-38.341,62.623,-2.935,1.786,3.435,0.763
17:50:17.266,106.610,-47.677,-71.346,True,-49.332,-73.899,-176.007,99.928,-1.954,1.823,-95.044,-31.090,47.367,-40.256,62.162,-2.520,1.711,3.046,0.704
17:50:17.286,106.630,-51.209,-69.308,True,-52.470,-71.298,-169.982,109.065,-1.801,2.126,-96.263,-27.083,45.054,-42.225,61.748,-2.231,1.726,2.820,0.497
17:50:17.310,106.654,-51.209,-69.308,True,-55.869,-69.116,-166.436,113.647,-2.083,2.312,-97.312,-23.028,46.103,-46.279,65.325,-2.328,1.987,3.061,0.652
17:50:17.330,106.675,-58.272,-59.115,True,-58.937,-64.662,-160.679,132.402,-0.781,2.313,-98.191,-18.933,39.919,-40.182,56.641,-1.062,2.075,2.331,0.556
17:50:17.351,106.695,-61.804,-59.115,True,-62.058,-61.240,-155.830,139.480,-0.408,2.389,-98.898,-14.805,37.094,-44.311,57.788,-0.759,2.267,2.391,0.772
17:50:17.371,106.716,-67.101,-69.308,True,-65.668,-61.231,-154.279,123.531,-2.263,2.838,-99.431,-10.650,32.330,-58.657,66.977,-2.630,2.806,3.846,0.632
17:50:17.394,106.739,-70.633,-63.192,True,-69.220,-59.860,-151.457,121.995,-2.953,3.408,-99.790,-6.477,29.157,-56.715,63.771,-3.308,3.288,4.664,0.675
17:50:17.417,106.761,-75.930,-61.154,True,-73.141,-58.325,-150.366,123.046,-3.390,4.092,-99.974,-2.293,24.043,-58.861,63.582,-3.790,3.993,5.505,0.505
17:50:17.437,106.782,-79.462,-55.038,True,-76.939,-55.667,-147.214,132.092,-3.183,5.110,-99.982,1.896,20.520,-56.934,60.519,-3.533,4.578,5.782,0.702
17:50:17.458,106.802,-63.570,-42.808,True,-76.035,-50.615,-113.029,154.871,-1.634,2.943,-99.815,6.081,36.245,-48.889,60.859,-1.906,2.254,2.952,0.657
17:50:17.478,106.823,-75.930,-36.692,True,-77.741,-44.982,-104.808,175.222,0.089,2.570,-99.473,10.255,23.542,-46.948,52.520,-0.312,2.156,2.178,0.603
17:50:17.503,106.848,-75.930,-36.692,True,-79.837,-41.477,-100.379,175.863,-0.023,2.652,-98.956,14.412,23.026,-51.104,56.052,-0.406,2.416,2.450,0.540
17:50:17.525,106.869,-81.228,-38.731,True,-81.671,-38.178,-94.306,175.310,-0.533,3.186,-98.266,18.543,17.038,-57.274,59.754,-0.613,2.553,2.625,0.606
17:50:17.546,106.890,-84.759,-34.654,True,-83.878,-34.667,-91.083,176.600,-0.588,3.265,-97.403,22.642,12.644,-57.296,58.674,-0.653,2.984,3.054,0.860
17:50:17.566,106.911,-90.057,-26.500,True,-86.815,-29.949,-91.958,185.393,-0.123,3.517,-96.369,26.701,6.313,-53.201,53.574,0.042,3.862,3.862,1.044
17:50:17.586,106.931,-90.057,-26.500,True,-89.002,-26.305,-86.216,184.902,-0.293,4.252,-95.167,30.713,5.110,-57.213,57.441,-0.066,4.199,4.200,0.757
17:50:17.608,106.953,-93.589,-22.423,True,-91.420,-22.562,-81.990,185.319,-0.212,4.532,-93.797,34.671,0.209,-57.094,57.094,-0.084,4.715,4.716,0.356
17:50:17.629,106.974,-93.589,-18.346,True,-93.186,-18.735,-73.109,186.269,-0.405,4.961,-92.263,38.568,-1.326,-56.915,56.930,-0.038,4.835,4.835,0.494
17:50:17.650,106.995,-93.589,-16.308,True,-94.398,-15.315,-61.566,184.373,-0.485,5.064,-90.567,42.398,-3.022,-58.706,58.784,-0.243,4.704,4.710,1.055
17:50:17.670,107.015,-97.120,-6.115,True,-95.979,-10.337,-54.168,193.250,0.604,5.358,-88.712,46.154,-8.408,-52.269,52.941,0.574,4.945,4.979,0.514
17:50:17.691,107.035,-97.120,-6.115,True,-97.075,-6.388,-44.095,192.613,0.762,4.933,-86.702,49.828,-10.419,-55.943,56.905,0.590,4.949,4.984,0.771
17:50:17.711,107.055,-102.418,-10.192,True,-98.996,-4.319,-40.726,179.729,-0.275,5.936,-84.539,53.415,-17.879,-63.607,66.072,-0.542,5.581,5.607,0.656
17:50:17.738,107.082,-102.418,-8.154,True,-100.417,-2.452,-33.241,169.498,-1.211,6.343,-82.228,56.908,-20.190,-65.062,68.123,-1.529,5.879,6.074,0.444
17:50:17.758,107.103,-100.652,6.115,True,-100.982,2.142,-20.505,180.558,-0.053,6.207,-79.773,60.302,-20.879,-54.186,58.070,-0.578,5.695,5.724,0.760
17:50:17.778,107.123,-102.418,10.192,True,-101.630,6.785,-10.374,188.542,0.666,6.271,-77.178,63.589,-25.240,-53.397,59.062,0.210,5.724,5.727,0.525
17:50:17.799,107.144,-100.652,12.231,True,-101.562,10.945,3.202,190.676,0.997,5.967,-74.447,66.765,-26.205,-54.535,60.504,0.549,5.413,5.441,0.761
17:50:17.819,107.164,-100.652,10.192,True,-101.301,13.697,15.619,182.551,0.774,5.717,-71.586,69.824,-29.066,-59.632,66.339,-0.031,5.163,5.163,0.752
17:50:17.848,107.192,-100.652,18.346,True,-100.910,17.580,26.743,184.144,1.409,5.293,-68.599,72.761,-32.053,-54.415,63.153,0.267,4.994,5.001,0.435
17:50:17.868,107.213,-100.652,22.423,True,-100.440,21.533,36.580,185.372,1.653,5.135,-65.492,75.570,-35.160,-53.147,63.724,0.582,4.915,4.949,0.868
17:50:17.889,107.234,-100.652,28.538,True,-99.928,26.008,45.234,189.226,2.107,5.068,-62.270,78.246,-38.382,-49.707,62.801,1.199,4.927,5.071,0.764
17:50:17.910,107.255,-98.886,36.692,True,-98.991,31.397,55.566,197.322,3.227,4.842,-58.939,80.785,-39.947,-44.093,59.497,2.304,4.766,5.294,0.763
17:50:17.931,107.275,-97.120,36.692,True,-97.703,35.657,66.521,194.652,3.414,4.328,-55.504,83.182,-41.616,-46.490,62.395,2.520,4.515,5.171,0.824
17:50:17.956,107.301,-95.354,38.731,True,-96.136,39.360,77.355,188.222,3.312,3.945,-51.972,85.433,-43.382,-46.703,63.743,2.412,4.234,4.873,0.510
17:50:17.977,107.321,-93.589,46.885,True,-94.356,43.998,87.583,189.014,3.962,3.948,-48.349,87.535,-45.239,-40.650,60.820,2.988,3.966,4.966,0.775
17:50:17.997,107.341,-93.589,44.846,True,-92.833,47.097,94.229,178.394,3.148,4.090,-44.641,89.483,-48.947,-44.637,66.244,2.552,3.997,4.742,0.492
17:50:18.017,107.362,-90.057,55.038,True,-90.742,51.681,103.803,179.833,3.720,3.496,-40.855,91.274,-49.202,-36.235,61.105,3.222,3.740,4.936,0.845
17:50:18.037,107.382,-86.525,59.115,True,-88.168,56.170,114.756,179.076,4.081,2.954,-36.997,92.904,-49.528,-33.789,59.956,3.765,3.310,5.013,0.920
17:50:18.064,107.409,-84.759,63.192,True,-85.614,60.551,123.257,176.595,4.653,2.702,-33.074,94.372,-51.685,-31.180,60.362,4.211,3.054,5.202,0.425
17:50:18.085,107.429,-79.462,57.077,True,-82.292,62.455,135.162,157.242,3.389,2.040,-29.093,95.674,-50.369,-38.597,63.457,3.107,2.434,3.947,0.627
17:50:18.105,107.450,-75.930,59.115,True,-78.739,64.093,145.751,140.956,2.457,1.738,-25.061,96.809,-50.869,-37.693,63.312,2.177,1.861,2.863,0.848
17:50:18.126,107.470,-75.930,61.154,True,-75.849,65.574,149.411,127.690,1.685,1.694,-20.985,97.773,-54.945,-36.619,66.030,1.441,1.874,2.364,0.656
17:50:18.147,107.491,-72.399,59.115,True,-72.753,66.034,153.965,110.965,0.583,1.502,-16.873,98.566,-55.526,-39.451,68.114,0.310,1.795,1.822,0.766
17:50:18.175,107.520,-67.101,69.308,True,-69.076,68.498,161.582,111.938,1.014,1.207,-12.730,99.186,-54.371,-29.879,62.040,0.754,1.408,1.597,0.420
17:50:18.196,107.540,-65.335,67.269,True,-65.726,69.931,165.252,105.094,0.788,1.184,-8.566,99.632,-56.770,-32.363,65.347,0.523,1.343,1.442,0.719
17:50:18.216,107.561,-61.804,69.308,True,-62.278,71.400,168.955,99.856,0.763,1.203,-4.386,99.904,-57.418,-30.596,65.061,0.439,1.260,1.334,0.800
17:50:18.236,107.581,-61.804,73.385,True,-59.574,73.394,167.106,98.936,1.202,1.702,-0.199,100.000,-61.605,-26.615,67.109,0.773,1.684,1.853,0.785
17:50:18.256,107.601,-58.272,69.308,True,-56.706,73.964,167.450,88.084,0.566,2.061,3.989,99.920,-62.261,-30.613,69.380,0.219,1.936,1.948,0.540
17:50:18.282,107.627,-56.506,69.308,True,-54.088,74.235,166.617,77.834,0.014,2.283,8.170,99.666,-64.676,-30.358,71.447,-0.324,2.312,2.335,0.476
17:50:18.303,107.648,-47.677,85.615,True,-50.041,78.074,176.070,93.502,1.778,1.683,12.336,99.236,-60.014,-13.621,61.540,1.556,1.737,2.331,1.026
17:50:18.324,107.668,-45.911,81.538,True,-46.378,80.314,180.566,92.742,2.200,2.023,16.481,98.633,-62.392,-17.094,64.692,2.096,1.551,2.608,0.762
17:50:18.344,107.689,-40.614,83.577,True,-42.267,82.496,187.040,90.585,2.558,2.191,20.597,97.856,-61.211,-14.279,62.854,2.572,1.141,2.814,0.722
17:50:18.365,107.709,-38.848,77.462,True,-38.601,82.717,188.892,74.845,1.582,2.236,24.677,96.908,-63.525,-19.446,66.434,1.815,1.109,2.127,0.763
17:50:18.392,107.737,-35.316,85.615,True,-34.938,84.540,190.416,73.256,2.164,2.170,28.713,95.789,-64.029,-10.174,64.833,2.323,1.089,2.566,0.539
17:50:18.412,107.757,-31.785,89.692,True,-31.282,86.862,191.653,74.115,3.052,2.065,32.699,94.503,-64.484,-4.810,64.663,3.125,1.079,3.306,0.724
17:50:18.433,107.777,-26.487,89.692,True,-27.225,88.657,195.337,69.754,3.642,1.654,36.628,93.051,-63.115,-3.358,63.204,3.520,0.819,3.614,0.795
17:50:18.454,107.798,-26.487,93.769,True,-24.055,90.916,192.180,68.198,4.127,2.061,40.492,91.435,-66.980,2.334,67.020,4.224,1.163,4.381,0.847
17:50:18.474,107.819,-22.956,89.692,True,-20.849,91.679,190.377,55.568,3.743,2.152,44.286,89.659,-67.241,0.033,67.241,3.948,1.399,4.188,0.809
17:50:18.502,107.846,-19.424,89.692,True,-17.595,92.070,189.613,42.726,3.555,2.207,48.001,87.726,-67.425,1.966,67.454,3.614,1.543,3.929,0.504
17:50:18.522,107.867,-12.361,97.846,True,-13.468,94.068,194.985,42.818,4.348,1.747,51.633,85.639,-63.994,12.207,65.147,4.465,1.099,4.599,0.878
17:50:18.542,107.887,-8.829,106.000,True,-9.396,97.498,198.372,50.557,6.068,1.451,55.174,83.402,-64.003,22.598,67.875,6.131,0.774,6.179,0.444
17:50:18.563,107.907,-5.297,99.885,True,-5.398,98.828,200.163,40.062,6.097,1.214,58.618,81.018,-63.915,18.866,66.642,6.233,0.546,6.257,0.766
17:50:18.583,107.928,-1.766,101.923,True,-1.481,100.162,200.718,30.757,6.200,0.955,61.959,78.493,-63.725,23.431,67.896,6.442,0.391,6.454,0.758
17:50:18.607,107.952,1.766,106.000,True,2.355,101.991,200.350,25.497,6.952,0.584,65.192,75.829,-63.426,30.171,70.236,7.038,0.290,7.044,0.542
17:50:18.628,107.972,7.063,110.077,True,6.525,104.261,202.016,22.606,7.949,0.175,68.310,73.033,-61.247,37.044,71.578,7.904,-0.034,7.904,0.459
17:50:18.648,107.993,8.829,103.962,True,10.162,104.538,199.295,5.219,7.292,0.139,71.308,70.108,-62.479,33.853,71.061,7.463,0.007,7.463,0.425
17:50:18.669,108.013,12.361,108.038,True,13.733,105.432,196.580,-4.928,6.789,0.162,74.181,67.060,-61.821,40.978,74.169,7.635,0.035,7.635,0.742
17:50:18.689,108.034,21.190,110.077,True,18.483,106.435,202.035,-13.370,7.114,-0.781,76.925,63.895,-55.735,46.182,72.382,7.962,-0.728,7.995,0.760
17:50:18.710,108.054,24.722,110.077,True,23.035,107.076,203.896,-23.759,7.238,-0.935,79.533,60.618,-54.811,49.459,73.827,8.114,-1.248,8.209,0.737
17:50:18.730,108.074,26.487,103.962,True,26.967,105.988,200.376,-44.459,6.556,-1.057,82.001,57.234,-55.514,46.727,72.562,7.274,-1.328,7.394,0.389
17:50:18.751,108.095,30.019,108.038,True,30.753,105.782,196.188,-54.915,6.569,-1.069,84.326,53.750,-54.307,54.288,76.789,7.289,-1.365,7.416,0.848
17:50:18.771,108.115,31.785,101.923,True,34.005,104.042,188.968,-74.106,5.804,-0.794,86.503,50.172,-54.718,51.751,75.315,6.451,-1.129,6.549,0.778
17:50:18.791,108.136,37.082,99.885,True,37.621,101.938,185.577,-91.445,5.083,-0.843,88.528,46.505,-51.446,53.379,74.135,5.673,-1.243,5.808,0.776
17:50:18.812,108.156,42.380,103.962,True,41.576,101.004,184.623,-97.219,5.201,-1.290,90.398,42.758,-48.018,61.204,77.793,5.889,-1.614,6.107,0.816
17:50:18.832,108.176,44.146,99.885,True,45.007,99.252,179.592,-108.060,4.995,-1.390,92.109,38.935,-47.964,60.950,77.559,5.630,-1.651,5.867,0.449
17:50:18.852,108.197,47.677,97.846,True,48.385,97.266,174.792,-118.472,4.774,-1.683,93.659,35.043,-45.982,62.803,77.836,5.363,-1.725,5.633,0.766
17:50:18.872,108.217,52.975,85.615,True,52.135,92.740,172.919,-143.665,3.013,-2.043,95.044,31.090,-42.069,54.525,68.868,3.644,-2.095,4.204,0.790
17:50:18.893,108.237,54.741,85.615,True,55.395,88.879,167.311,-157.645,2.571,-2.235,96.263,27.083,-41.522,58.532,71.764,2.787,-2.162,3.527,0.802
17:50:18.915,108.260,58.272,93.769,True,58.632,87.595,162.152,-151.087,3.702,-2.155,97.312,23.028,-39.040,70.741,80.799,3.777,-2.288,4.416,0.539
17:50:18.940,108.284,61.804,91.731,True,61.859,86.236,157.342,-147.917,4.685,-2.026,98.191,18.933,-36.388,72.798,81.385,4.545,-2.468,5.172,0.575
17:50:18.960,108.305,68.867,77.462,True,65.903,81.926,158.168,-166.137,3.341,-2.516,98.898,14.805,-30.031,62.657,69.482,3.350,-3.212,4.641,0.824
17:50:18.980,108.325,72.399,75.423,True,69.840,77.865,156.658,-177.878,2.667,-3.726,99.431,10.650,-27.033,64.773,70.187,2.624,-3.821,4.635,0.393
17:50:19.001,108.345,72.399,73.385,True,72.840,74.093,147.929,-184.677,2.153,-4.025,99.790,6.477,-27.391,66.907,72.297,2.275,-3.814,4.441,0.481
17:50:19.024,108.369,75.930,69.308,True,75.829,70.146,140.294,-191.019,1.969,-4.164,99.974,2.293,-24.043,67.015,71.197,1.921,-3.910,4.357,0.804
17:50:19.047,108.392,75.930,69.308,True,78.635,66.325,132.261,-194.966,1.849,-4.670,99.982,-1.896,-24.052,71.203,75.156,1.747,-3.979,4.346,0.552
17:50:19.068,108.412,82.994,63.192,True,81.763,62.642,127.176,-197.173,1.710,-5.053,99.815,-6.081,-16.821,69.273,71.286,1.711,-4.339,4.664,0.561
17:50:19.088,108.433,86.525,63.192,True,84.899,59.898,121.998,-193.120,2.381,-5.380,99.473,-10.255,-12.947,73.448,74.580,2.264,-4.730,5.244,0.808
17:50:19.109,108.453,86.525,53.000,True,87.131,55.259,110.971,-202.652,1.717,-5.338,98.956,-14.412,-12.431,67.412,68.548,1.559,-4.599,4.856,0.723
17:50:19.129,108.473,90.057,46.885,True,89.525,50.135,102.626,-212.602,0.888,-5.450,98.266,-18.543,-8.209,65.428,65.941,0.721,-4.708,4.763,0.791
17:50:19.155,108.500,91.823,40.769,True,91.637,44.645,93.329,-221.932,-0.270,-5.499,97.403,-22.642,-5.580,63.411,63.656,-0.159,-4.734,4.736,0.660
17:50:19.176,108.520,93.589,46.885,True,93.524,41.797,83.732,-211.445,0.401,-5.461,96.369,-26.701,-2.781,73.585,73.638,0.758,-4.729,4.789,0.699
17:50:19.196,108.540,93.589,42.808,True,94.819,38.803,71.576,-205.058,0.872,-5.036,95.167,-30.713,-1.578,73.520,73.537,1.374,-4.474,4.680,0.813
17:50:19.216,108.561,97.120,34.654,True,96.454,34.691,63.701,-207.954,0.604,-4.992,93.797,-34.671,3.323,69.325,69.404,1.158,-4.596,4.740,0.776
17:50:19.238,108.583,97.120,30.577,True,97.587,30.542,53.335,-210.265,0.492,-5.158,92.263,-38.568,4.857,69.145,69.316,0.959,-4.490,4.592,0.513
17:50:19.261,108.606,97.120,20.385,True,98.297,24.952,41.777,-221.291,-0.507,-5.003,90.567,-42.398,6.553,62.783,63.124,-0.105,-4.254,4.256,0.453
17:50:19.282,108.627,100.652,18.346,True,99.485,20.020,35.353,-224.399,-0.784,-5.354,88.712,-46.154,11.940,64.500,65.595,-0.547,-4.477,4.510,0.792
17:50:19.302,108.646,100.652,10.192,True,100.299,14.291,26.856,-231.431,-1.752,-5.463,86.702,-49.828,13.950,60.020,61.620,-1.419,-4.522,4.739,0.469
17:50:19.323,108.667,100.652,4.077,True,100.793,8.365,17.283,-237.059,-2.800,-4.915,84.539,-53.415,16.113,57.492,59.707,-2.261,-4.464,5.004,0.810
17:50:19.344,108.689,100.652,0.000,True,101.026,2.781,7.365,-237.960,-3.237,-4.683,82.228,-56.908,18.424,56.908,59.816,-2.751,-4.361,5.156,0.720
17:50:19.370,108.714,100.652,-4.077,True,101.052,-2.466,-2.394,-235.523,-3.503,-4.114,79.773,-60.302,20.879,56.225,59.976,-2.980,-4.255,5.195,0.745
17:50:19.390,108.734,102.418,-10.192,True,101.333,-7.878,-8.972,-234.018,-3.920,-4.371,77.178,-63.589,25.240,53.397,59.062,-3.325,-4.433,5.541,0.471
17:50:19.410,108.754,100.652,-14.269,True,101.037,-12.956,-18.848,-229.808,-4.087,-4.158,74.447,-66.765,26.205,52.496,58.673,-3.451,-4.310,5.522,0.447
17:50:19.431,108.776,100.652,-12.231,True,100.658,-16.314,-27.716,-214.572,-3.192,-4.209,71.586,-69.824,29.066,57.594,64.512,-2.545,-4.261,4.963,0.724
17:50:19.452,108.796,100.652,-16.308,True,100.231,-19.606,-35.632,-202.765,-2.515,-4.180,68.599,-72.761,32.053,56.453,64.918,-1.869,-4.289,4.678,0.332
17:50:19.478,108.822,98.886,-22.423,True,99.371,-23.374,-45.410,-197.030,-2.331,-4.034,65.492,-75.570,33.394,53.147,62.767,-1.703,-4.133,4.470,0.446
17:50:19.498,108.843,97.120,-26.500,True,98.151,-27.125,-55.955,-192.286,-2.239,-3.828,62.270,-78.246,34.850,51.746,62.387,-1.625,-3.878,4.204,0.677
17:50:19.518,108.863,97.120,-32.615,True,97.052,-31.353,-63.787,-191.462,-2.513,-3.870,58.939,-80.785,38.181,48.169,61.466,-1.922,-3.843,4.297,0.722
17:50:19.539,108.883,95.354,-34.654,True,95.679,-35.059,-72.328,-186.705,-2.314,-3.719,55.504,-83.182,39.850,48.528,62.793,-1.891,-3.727,4.179,0.848
17:50:19.561,108.905,93.589,-46.885,True,94.082,-40.674,-80.968,-195.181,-3.472,-3.726,51.972,-85.433,41.616,38.549,56.727,-3.126,-3.579,4.752,0.528
17:50:19.590,108.935,93.589,-46.885,True,92.463,-44.578,-88.322,-188.757,-3.450,-3.751,48.349,-87.535,45.239,40.650,60.820,-3.092,-3.527,4.690,0.507
17:50:19.611,108.956,90.057,-48.923,True,90.516,-48.514,-96.723,-183.434,-3.305,-3.657,44.641,-89.483,45.416,40.560,60.891,-3.165,-3.358,4.615,0.836
17:50:19.631,108.976,90.057,-55.038,True,88.975,-52.945,-101.139,-181.742,-3.724,-3.896,40.855,-91.274,49.202,36.235,61.105,-3.605,-3.543,5.054,0.411
17:50:19.652,108.996,86.525,-50.962,True,86.843,-55.142,-109.105,-165.302,-2.720,-3.684,36.997,-92.904,49.528,41.943,64.902,-2.678,-3.394,4.324,0.530
17:50:19.673,109.017,84.759,-50.962,True,84.686,-56.593,-115.926,-148.112,-1.611,-3.656,33.074,-94.372,51.685,43.411,67.497,-1.582,-3.327,3.684,0.820
17:50:19.695,109.039,82.994,-63.192,True,82.519,-60.436,-121.800,-150.442,-2.361,-3.790,29.093,-95.674,53.900,32.482,62.931,-2.257,-3.330,4.022,0.417
17:50:19.715,109.060,81.228,-59.115,True,80.356,-62.413,-126.899,-139.220,-1.914,-3.870,25.061,-96.809,56.167,37.693,67.642,-1.718,-3.393,3.803,0.456
17:50:19.736,109.080,75.930,-63.192,True,77.373,-64.725,-136.731,-132.649,-2.027,-3.612,20.985,-97.773,54.945,34.581,64.921,-1.580,-2.995,3.386,0.702
17:50:19.756,109.101,74.165,-71.346,True,74.527,-68.307,-143.602,-135.417,-2.702,-3.373,16.873,-98.566,57.292,27.220,63.430,-2.334,-2.821,3.661,0.850
17:50:19.776,109.121,72.399,-63.192,True,71.829,-69.192,-148.269,-118.747,-1.651,-3.200,12.730,-99.186,59.668,35.994,69.684,-1.330,-2.823,3.121,0.708
17:50:19.808,109.152,68.867,-65.231,True,68.864,-70.093,-154.064,-106.376,-1.022,-2.933,8.566,-99.632,60.301,34.402,69.424,-0.638,-2.704,2.778,0.607
17:50:19.828,109.173,61.804,-65.231,True,64.858,-70.596,-165.686,-94.408,-0.469,-2.252,4.386,-99.904,57.418,34.673,67.075,0.074,-2.002,2.003,0.824
17:50:19.848,109.193,58.272,-67.269,True,60.784,-71.273,-174.796,-86.594,-0.006,-1.902,0.199,-100.000,58.074,32.731,66.662,0.450,-1.446,1.515,0.506
17:50:19.869,109.213,54.741,-65.231,True,56.696,-71.198,-181.665,-75.629,0.806,-1.584,-3.989,-99.920,58.730,34.690,68.210,1.145,-1.031,1.541,0.510
17:50:19.891,109.235,51.209,-67.269,True,52.632,-71.446,-186.621,-69.653,1.199,-1.183,-8.170,-99.666,59.379,32.396,67.641,1.421,-0.740,1.602,0.742
17:50:19.916,109.260,47.677,-69.308,True,48.615,-72.018,-190.014,-67.165,1.206,-0.823,-12.336,-99.236,60.014,29.928,67.062,1.371,-0.556,1.480,0.442
17:50:19.936,109.281,44.146,-69.308,True,44.659,-72.419,-192.181,-63.775,1.192,-0.582,-16.481,-98.633,60.627,29.325,67.346,1.379,-0.457,1.453,0.611
17:50:19.957,109.301,40.614,-75.423,True,40.769,-74.096,-193.430,-69.255,0.434,-0.757,-20.597,-97.856,61.211,22.433,65.192,0.522,-0.425,0.673,0.728
17:50:19.977,109.322,28.253,-83.577,True,34.889,-77.364,-207.538,-82.720,-1.420,0.415,-24.677,-96.908,52.930,13.331,54.583,-1.206,0.844,1.472,0.749
17:50:19.997,109.342,28.253,-83.577,True,30.738,-79.019,-205.803,-80.242,-1.721,0.279,-28.713,-95.789,56.966,12.212,58.261,-1.623,0.758,1.791,0.602
17:50:20.023,109.368,30.019,-83.577,True,27.581,-81.457,-198.108,-82.244,-2.495,-0.235,-32.699,-94.503,62.718,10.926,63.663,-2.522,0.097,2.524,0.680
17:50:20.043,109.388,22.956,-77.462,True,23.442,-81.596,-199.026,-67.552,-1.910,-0.319,-36.628,-93.051,59.583,15.589,61.589,-1.918,0.199,1.928,0.465
17:50:20.064,109.408,17.658,-77.462,True,19.000,-81.543,-201.518,-54.783,-1.539,0.028,-40.492,-91.435,58.150,13.974,59.806,-1.431,0.477,1.508,0.410
17:50:20.085,109.429,19.424,-73.385,True,16.074,-80.344,-193.578,-37.387,-0.497,-0.552,-44.286,-89.659,63.710,16.275,65.755,-0.445,-0.207,0.491,0.838
17:50:20.107,109.452,22.956,-73.385,True,14.807,-79.225,-177.493,-24.640,0.065,-2.289,-48.001,-87.726,70.957,14.342,72.392,0.196,-1.736,1.747,0.568
17:50:20.130,109.474,8.829,-69.308,True,10.679,-77.237,-184.754,-9.203,0.996,-1.781,-51.633,-85.639,60.462,16.331,62.629,1.156,-1.171,1.646,0.434
17:50:20.151,109.495,5.297,-79.500,True,6.586,-77.911,-189.717,-14.731,0.196,-1.579,-55.174,-83.402,60.471,3.902,60.597,0.202,-0.742,0.769,0.687
17:50:20.171,109.516,0.000,-79.500,True,2.138,-78.508,-195.474,-17.108,-0.563,-0.984,-58.618,-81.018,58.618,1.518,58.637,-0.567,-0.168,0.591,0.803
17:50:20.192,109.536,-3.532,-79.500,True,-2.182,-79.002,-198.493,-16.929,-1.189,-0.663,-61.959,-78.493,58.427,-1.007,58.436,-1.181,0.226,1.202,0.803
17:50:20.215,109.560,-7.063,-81.538,True,-6.363,-79.852,-199.416,-17.847,-2.012,-0.541,-65.192,-75.829,58.128,-5.709,58.408,-1.967,0.481,2.025,0.830
17:50:20.236,109.580,-8.829,-81.538,True,-9.998,-80.518,-196.106,-15.834,-2.482,-0.284,-68.310,-73.033,59.481,-8.506,60.086,-2.556,0.378,2.584,0.406
17:50:20.256,109.601,-15.892,-85.615,True,-14.378,-81.945,-198.341,-17.884,-3.609,0.216,-71.308,-70.108,55.416,-15.507,57.545,-3.588,0.806,3.677,0.457
17:50:20.277,109.622,-19.424,-77.462,True,-18.596,-81.178,-198.335,-3.109,-3.143,0.562,-74.181,-67.060,54.757,-10.401,55.736,-3.122,1.084,3.304,0.821
17:50:20.297,109.642,-24.722,-81.538,True,-23.064,-81.309,-199.412,2.848,-3.447,1.350,-76.925,-63.895,52.203,-17.643,55.104,-3.426,1.510,3.744,0.511
17:50:20.318,109.662,-30.019,-85.615,True,-27.742,-82.267,-200.852,3.206,-3.941,1.641,-79.533,-60.618,49.514,-24.997,55.466,-4.280,2.030,4.737,0.591
17:50:20.348,109.693,-33.551,-79.500,True,-32.176,-81.574,-199.424,16.139,-3.911,1.863,-82.001,-57.234,48.451,-22.266,53.322,-4.016,2.346,4.651,0.533
17:50:20.369,109.714,-40.614,-89.692,True,-37.199,-83.215,-201.416,11.467,-5.437,2.391,-84.326,-53.750,43.712,-35.942,56.592,-5.374,3.032,6.171,1.087
17:50:20.390,109.734,-40.614,-79.500,True,-41.085,-82.175,-194.247,27.844,-4.678,2.477,-86.503,-50.172,45.889,-29.328,54.461,-4.860,2.930,5.675,0.942
17:50:20.410,109.755,-42.380,-77.462,True,-44.367,-80.651,-184.263,44.189,-4.002,2.291,-88.528,-46.505,46.148,-30.956,55.569,-4.266,2.557,4.973,0.967
17:50:20.432,109.777,-42.380,-73.385,True,-46.733,-78.283,-170.333,62.716,-3.089,1.523,-90.398,-42.758,48.018,-30.627,56.954,-3.375,1.775,3.813,0.870
17:50:20.454,109.799,-51.209,-73.385,True,-50.389,-76.181,-168.321,75.222,-2.746,1.831,-92.109,-38.935,40.900,-34.450,53.476,-2.937,2.050,3.581,0.716
17:50:20.475,109.819,-54.741,-71.346,True,-53.984,-73.903,-165.616,86.347,-2.153,2.229,-93.659,-35.043,38.918,-36.303,53.222,-2.564,2.302,3.446,0.466
17:50:20.495,109.840,-52.975,-73.385,True,-56.292,-72.457,-154.283,89.768,-2.438,1.827,-95.044,-31.090,42.069,-42.294,59.654,-2.866,1.773,3.370,0.760
17:50:20.516,109.860,-61.804,-65.231,True,-59.941,-69.399,-154.347,103.954,-1.884,2.340,-96.263,-27.083,34.459,-38.148,51.407,-2.162,2.280,3.142,0.834
17:50:20.536,109.881,-63.570,-63.192,True,-63.154,-66.361,-150.489,114.701,-1.414,2.403,-97.312,-23.028,33.743,-40.164,52.457,-1.690,2.483,3.004,0.792
17:50:20.562,109.906,-65.335,-65.231,True,-65.971,-64.337,-144.121,116.395,-1.463,2.317,-98.191,-18.933,32.856,-46.298,56.771,-2.011,2.480,3.193,0.421
17:50:20.583,109.927,-77.696,-69.308,True,-70.908,-63.705,-152.529,109.381,-2.710,3.729,-98.898,-14.805,21.202,-54.503,58.482,-3.181,3.891,5.026,0.963
17:50:20.603,109.947,-79.462,-69.308,True,-75.238,-63.328,-152.940,104.020,-4.133,4.283,-99.431,-10.650,19.969,-58.657,61.963,-4.304,4.703,6.375,0.502
17:50:20.624,109.968,-79.462,-69.308,True,-78.567,-63.120,-145.057,100.553,-5.390,4.368,-99.790,-6.477,20.328,-62.830,66.037,-5.345,4.818,7.196,0.731
17:50:20.643,109.988,-82.994,-55.038,True,-81.823,-59.699,-137.488,120.806,-4.396,4.176,-99.974,-2.293,16.980,-52.746,55.411,-4.217,4.973,6.520,0.438
17:50:20.669,110.014,-86.525,-53.000,True,-85.026,-56.287,-130.252,136.010,-3.957,4.376,-99.982,1.896,13.457,-54.896,56.521,-3.412,5.175,6.199,0.439
17:50:20.690,110.034,-88.291,-59.115,True,-87.785,-54.856,-120.627,134.549,-4.555,4.462,-99.815,6.081,11.524,-65.196,66.207,-4.076,5.170,6.583,0.709
17:50:20.710,110.055,-84.759,-46.885,True,-88.934,-50.938,-101.701,150.987,-3.660,3.915,-99.473,10.255,14.713,-57.140,59.004,-3.085,4.277,5.273,0.773
17:50:20.731,110.076,-90.057,-46.885,True,-90.756,-47.678,-91.523,158.904,-3.514,3.794,-98.956,14.412,8.899,-61.296,61.939,-2.768,4.115,4.959,0.800
17:50:20.751,110.096,-90.057,-42.808,True,-91.999,-44.107,-79.206,167.175,-3.089,3.306,-98.266,18.543,8.209,-61.351,61.897,-2.358,3.733,4.415,0.515
17:50:20.778,110.123,-93.589,-34.654,True,-93.584,-39.344,-71.545,181.351,-2.392,3.241,-97.403,22.642,3.814,-57.296,57.422,-1.320,3.753,3.979,0.425
17:50:20.799,110.143,-97.120,-28.538,True,-95.504,-34.049,-67.048,195.026,-1.433,3.792,-96.369,26.701,-0.751,-55.239,55.244,-0.196,4.079,4.084,0.758
17:50:20.819,110.163,-97.120,-24.462,True,-96.909,-28.828,-59.086,204.113,-0.801,3.718,-95.167,30.713,-1.953,-55.174,55.209,0.632,4.114,4.162,0.703
17:50:20.839,110.183,-97.120,-22.423,True,-97.865,-24.206,-49.152,206.361,0.034,3.152,-93.797,34.671,-3.323,-57.094,57.191,0.912,3.965,4.068,0.726
17:50:20.859,110.204,-98.886,-14.269,True,-98.857,-18.729,-41.064,213.358,0.787,3.308,-92.263,38.568,-6.623,-52.838,53.251,1.684,3.974,4.316,0.737
17:50:20.888,110.233,-98.886,-14.269,True,-99.678,-14.462,-32.899,209.899,0.391,3.827,-90.567,42.398,-8.319,-56.667,57.275,1.555,3.977,4.270,0.406
17:50:20.909,110.253,-98.886,-10.192,True,-99.928,-10.244,-22.112,206.833,0.192,3.418,-88.712,46.154,-10.174,-56.346,57.257,1.456,3.727,4.002,0.705
17:50:20.929,110.274,-100.652,-4.077,True,-100.445,-5.565,-14.929,207.261,0.505,3.508,-86.702,49.828,-13.950,-53.905,55.681,1.691,3.795,4.154,0.786
17:50:20.949,110.294,-100.652,10.192,True,-100.720,1.550,-6.985,222.458,2.416,3.586,-84.539,53.415,-16.113,-43.223,46.128,3.387,3.795,5.087,0.515
17:50:20.971,110.315,-100.652,2.038,True,-100.808,5.018,1.137,209.315,1.541,3.305,-82.228,56.908,-18.424,-54.870,57.880,2.547,3.776,4.555,0.342
17:50:20.994,110.339,-100.652,10.192,True,-100.753,9.443,9.101,205.598,1.775,3.450,-79.773,60.302,-20.879,-50.109,54.285,2.525,3.767,4.535,0.436
17:50:21.015,110.360,-100.652,10.192,True,-100.590,12.754,16.719,195.295,1.138,3.328,-77.178,63.589,-23.474,-53.397,58.329,1.875,3.787,4.226,0.744
17:50:21.036,110.380,-88.291,24.462,True,-97.436,18.499,42.640,203.270,2.146,1.522,-74.447,66.765,-13.844,-42.304,44.511,2.914,2.053,3.564,0.864
17:50:21.056,110.401,-100.652,18.346,True,-97.536,21.577,40.692,190.890,1.257,2.155,-71.586,69.824,-29.066,-51.478,59.117,2.131,2.790,3.511,0.797
17:50:21.076,110.421,-100.652,26.500,True,-97.638,25.652,40.458,188.189,1.133,2.819,-68.599,72.761,-32.053,-46.261,56.280,2.196,3.445,4.085,0.655
17:50:21.102,110.446,-100.652,28.538,True,-97.718,29.212,41.720,182.343,1.021,3.269,-65.492,75.570,-35.160,-47.031,58.721,1.980,4.025,4.485,0.491
17:50:21.123,110.467,-100.652,38.731,True,-97.759,34.223,44.244,187.228,1.723,3.778,-62.270,78.246,-38.382,-39.515,55.087,2.774,4.540,5.321,0.522
17:50:21.143,110.488,-100.652,40.769,True,-97.752,38.619,47.803,185.808,2.133,4.442,-58.939,80.785,-41.713,-40.016,57.803,3.068,5.003,5.869,0.789
17:50:21.164,110.508,-100.652,46.885,True,-97.692,43.392,52.185,186.462,2.842,5.156,-55.504,83.182,-45.147,-36.297,57.929,3.602,5.423,6.511,0.782
17:50:21.185,110.529,-97.120,48.923,True,-96.758,47.540,62.605,181.820,3.107,5.026,-51.972,85.433,-45.148,-36.510,58.063,3.700,5.300,6.463,0.719
17:50:21.211,110.556,-97.120,57.077,True,-95.881,52.548,71.022,183.254,3.775,4.997,-48.349,87.535,-48.771,-30.458,57.500,4.393,5.334,6.910,0.694
17:50:21.232,110.576,-97.120,61.154,True,-95.079,57.362,77.908,181.794,4.213,5.113,-44.641,89.483,-52.479,-28.329,59.637,4.894,5.499,7.361,0.816
17:50:21.252,110.596,-97.120,75.423,True,-94.358,64.353,83.694,193.826,6.008,5.552,-40.855,91.274,-56.265,-15.851,58.455,6.735,5.766,8.866,0.422
17:50:21.272,110.617,-82.994,69.308,True,-90.430,68.480,110.374,181.639,5.909,3.720,-36.997,92.904,-45.997,-23.597,51.696,6.478,4.057,7.643,0.761
17:50:21.292,110.637,-79.462,69.308,True,-86.185,71.461,132.115,164.036,5.203,2.317,-33.074,94.372,-46.388,-25.064,52.726,5.673,2.609,6.245,0.445
17:50:21.321,110.665,-93.589,63.192,True,-85.879,72.056,122.111,134.715,3.750,3.167,-29.093,95.674,-64.495,-32.482,72.213,3.664,4.006,5.429,0.686
17:50:21.341,110.686,-90.057,81.538,True,-84.976,76.328,120.219,137.566,4.603,4.007,-25.061,96.809,-64.996,-15.270,66.765,4.496,4.774,6.558,0.504
17:50:21.361,110.706,-86.525,79.500,True,-83.491,79.177,123.985,128.972,4.381,4.118,-20.985,97.773,-65.540,-18.273,68.040,4.340,5.071,6.675,0.426
17:50:21.382,110.726,-82.994,75.423,True,-81.472,80.285,131.375,110.376,3.298,3.918,-16.873,98.566,-66.121,-23.143,70.054,3.224,5.036,5.979,0.745
17:50:21.402,110.747,-81.228,79.500,True,-79.399,81.797,138.081,99.181,2.440,4.066,-12.730,99.186,-68.498,-19.686,71.270,2.698,5.038,5.715,0.608
17:50:21.429,110.773,-79.462,81.538,True,-77.293,83.259,144.117,90.214,2.103,4.329,-8.566,99.632,-70.896,-18.094,73.169,2.339,5.082,5.594,0.836
17:50:21.450,110.794,-79.462,87.654,True,-75.585,85.665,146.843,89.365,2.721,4.312,-4.386,99.904,-75.076,-12.250,76.069,2.727,5.420,6.068,1.195
17:50:21.469,110.814,-74.165,87.654,True,-73.000,87.499,155.663,84.069,2.511,4.044,-0.199,100.000,-73.966,-12.346,74.989,2.751,5.192,5.876,0.706
17:50:21.490,110.834,-72.399,91.731,True,-70.471,89.773,162.494,82.312,2.477,3.764,3.989,99.920,-76.388,-8.190,76.826,3.126,5.101,5.983,0.395
17:50:21.510,110.855,-68.867,93.769,True,-67.603,91.965,170.462,79.477,2.932,3.624,8.170,99.666,-77.037,-5.896,77.262,3.453,4.867,5.968,0.744
17:50:21.538,110.882,-65.335,91.731,True,-64.459,93.131,178.720,69.596,2.520,3.242,12.336,99.236,-77.672,-7.505,78.034,3.156,4.555,5.541,0.478
17:50:21.558,110.903,-56.506,93.769,True,-59.868,94.348,194.764,61.961,2.696,2.368,16.481,98.633,-72.987,-4.863,73.149,3.048,3.443,4.598,0.728
17:50:21.578,110.923,-56.506,95.808,True,-56.096,95.638,201.023,56.035,2.718,2.064,20.597,97.856,-77.103,-2.048,77.130,3.100,3.117,4.396,0.391
17:50:21.599,110.943,-54.741,101.923,True,-52.695,97.959,203.358,57.552,3.407,2.206,24.677,96.908,-79.417,5.016,79.575,3.873,3.109,4.967,0.591
17:50:21.620,110.964,-47.677,93.769,True,-48.407,97.869,211.198,41.438,2.522,1.667,28.713,95.789,-76.390,-2.020,76.417,3.063,2.559,3.991,0.811
17:50:21.647,110.991,-47.677,91.731,True,-44.995,97.079,211.119,24.506,1.458,1.607,32.699,94.503,-80.376,-2.772,80.424,2.090,2.683,3.401,0.424
17:50:21.667,111.012,-44.146,99.885,True,-41.556,98.107,211.480,23.747,2.067,1.718,36.628,93.051,-80.773,6.834,81.062,2.556,2.761,3.763,0.714
17:50:21.688,111.032,-40.614,99.885,True,-38.090,98.885,212.134,20.485,2.247,1.797,40.492,91.435,-81.106,8.449,81.545,2.844,2.803,3.993,0.699
17:50:21.708,111.052,-37.082,99.885,True,-34.599,99.432,212.952,15.543,2.511,1.809,44.286,89.659,-81.368,10.225,82.008,3.011,2.813,4.121,0.662
17:50:21.728,111.072,-35.316,91.731,True,-31.496,97.881,211.132,-2.879,1.431,1.998,48.001,87.726,-83.318,4.005,83.414,1.920,3.056,3.609,0.449
17:50:21.756,111.100,-30.019,99.885,True,-27.911,98.302,213.217,-3.677,1.920,1.969,51.633,85.639,-81.652,14.245,82.885,2.389,2.933,3.783,0.472
17:50:21.776,111.121,-26.487,99.885,True,-24.307,98.614,214.906,-6.058,2.085,1.813,55.174,83.402,-81.661,16.483,83.308,2.766,2.812,3.945,0.728
17:50:21.796,111.140,-22.956,106.000,True,-20.693,100.237,216.184,-0.275,3.052,1.799,58.618,81.018,-81.573,24.982,85.313,3.963,2.696,4.793,0.479
17:50:21.816,111.161,-17.658,106.000,True,-16.669,101.571,219.756,0.392,3.834,1.679,61.959,78.493,-79.617,27.507,84.235,4.805,2.328,5.339,0.431
17:50:21.837,111.181,-14.127,108.038,True,-12.704,103.080,221.709,0.384,4.560,1.366,65.192,75.829,-79.318,32.209,85.609,5.669,2.052,6.029,0.839
17:50:21.866,111.210,-10.595,108.038,True,-8.810,104.238,222.376,-3.702,5.007,1.295,68.310,73.033,-78.905,35.006,86.321,6.228,1.849,6.497,0.454
17:50:21.887,111.231,-1.766,103.962,True,-3.759,104.117,230.141,-16.807,5.166,0.423,71.308,70.108,-73.074,33.853,80.535,5.976,0.931,6.049,0.902
17:50:21.907,111.251,1.766,99.885,True,1.058,102.875,233.462,-35.036,4.481,0.074,74.181,67.060,-72.416,32.824,79.508,5.193,0.317,5.202,0.393
17:50:21.928,111.272,5.297,112.115,True,5.627,104.484,233.458,-30.524,5.858,-0.192,76.925,63.895,-71.627,48.220,86.346,6.468,-0.061,6.468,0.822
17:50:21.950,111.294,8.829,106.000,True,9.955,104.368,231.092,-40.567,5.823,-0.323,79.533,60.618,-70.704,45.382,84.015,6.485,-0.267,6.490,0.458
17:50:21.973,111.318,12.361,101.923,True,14.062,103.177,227.159,-56.385,5.492,-0.563,82.001,57.234,-69.641,44.689,82.746,5.934,-0.356,5.945,0.720
17:50:21.994,111.338,17.658,101.923,True,18.385,102.020,224.981,-68.771,5.265,-0.545,84.326,53.750,-66.668,48.173,82.251,5.630,-0.632,5.665,0.820
17:50:22.014,111.358,19.424,101.923,True,22.081,100.942,218.397,-78.385,4.960,-0.306,86.503,50.172,-67.079,51.751,84.722,5.537,-0.528,5.562,0.429
17:50:22.034,111.379,24.722,101.923,True,26.048,99.966,214.674,-85.868,4.897,-0.190,88.528,46.505,-63.807,55.418,84.513,5.619,-0.694,5.662,0.679
17:50:22.055,111.399,26.487,101.923,True,29.446,99.102,207.363,-91.802,5.264,-0.043,90.398,42.758,-63.911,59.166,87.093,5.840,-0.546,5.865,0.790
17:50:22.083,111.427,33.551,99.885,True,33.583,97.875,206.176,-99.801,5.290,-0.439,92.109,38.935,-58.559,60.950,84.522,5.869,-0.973,5.949,0.444
17:50:22.104,111.448,40.614,97.846,True,38.382,96.336,208.616,-108.855,5.242,-1.267,93.659,35.043,-53.045,62.803,82.207,5.781,-1.801,6.055,0.767
17:50:22.124,111.469,44.146,89.692,True,42.924,93.121,207.345,-127.553,4.246,-1.906,95.044,31.090,-50.899,58.602,77.620,4.746,-2.374,5.307,0.807
17:50:22.145,111.489,49.443,95.808,True,47.622,91.787,206.090,-129.306,4.863,-2.660,96.263,27.083,-46.820,68.725,83.157,5.189,-3.015,6.001,0.554
17:50:22.173,111.517,52.975,95.808,True,52.030,90.736,201.774,-129.877,5.486,-3.044,97.312,23.028,-44.338,72.779,85.221,5.775,-3.437,6.720,0.757
17:50:22.195,111.539,54.741,85.615,True,55.758,87.552,192.690,-145.594,4.893,-2.909,98.191,18.933,-43.451,66.682,79.590,4.965,-3.450,6.046,0.827
17:50:22.215,111.560,58.272,87.654,True,59.300,85.340,183.557,-151.193,4.590,-3.032,98.898,14.805,-40.626,72.849,83.411,5.006,-3.457,6.084,0.865
17:50:22.236,111.580,65.335,81.538,True,63.521,82.136,180.065,-162.667,4.003,-3.872,99.431,10.650,-34.096,70.888,78.662,4.474,-3.999,6.001,0.840
17:50:22.257,111.601,65.335,79.500,True,66.707,79.026,169.120,-170.917,3.839,-3.503,99.790,6.477,-34.455,73.023,80.743,4.171,-3.889,5.703,0.754
17:50:22.277,111.622,68.867,85.615,True,69.805,77.933,159.263,-164.203,4.811,-3.732,99.974,2.293,-31.107,83.323,88.940,5.237,-3.867,6.510,0.796
17:50:22.304,111.648,75.930,71.346,True,73.674,73.881,155.807,-180.007,3.871,-3.952,99.982,-1.896,-24.052,73.242,77.090,4.262,-4.447,6.160,0.611
17:50:22.325,111.669,79.462,75.423,True,77.411,71.476,150.751,-180.911,4.250,-4.720,99.815,-6.081,-20.353,81.504,84.007,4.573,-4.935,6.728,0.817
17:50:22.345,111.690,79.462,67.269,True,80.202,67.721,139.141,-191.205,3.639,-4.610,99.473,-10.255,-20.011,77.525,80.066,4.006,-4.846,6.288,0.806
17:50:22.365,111.710,82.994,67.269,True,82.987,64.680,129.198,-194.286,3.306,-5.018,98.956,-14.412,-15.962,81.681,83.226,4.042,-4.898,6.351,0.739
17:50:22.389,111.733,86.525,63.192,True,85.792,61.352,120.592,-198.929,3.408,-5.329,98.266,-18.543,-11.740,81.735,82.574,3.913,-5.076,6.409,0.533
17:50:22.409,111.754,90.057,61.154,True,88.635,58.251,112.992,-201.194,3.587,-5.498,97.403,-22.642,-7.346,83.796,84.117,3.976,-5.361,6.674,0.624
17:50:22.430,111.775,90.057,55.038,True,90.700,54.416,100.699,-208.125,3.373,-5.247,96.369,-26.701,-6.313,81.739,81.983,3.582,-5.222,6.332,0.761
17:50:22.451,111.795,91.823,50.962,True,92.507,50.418,88.610,-214.403,2.697,-4.941,95.167,-30.713,-3.344,81.674,81.743,3.186,-5.077,5.994,0.827
17:50:22.471,111.816,93.589,48.923,True,94.119,46.779,77.124,-216.684,2.462,-4.813,93.797,-34.671,-0.209,83.594,83.594,3.107,-4.965,5.857,0.932
17:50:22.492,111.837,95.354,36.692,True,95.590,41.109,66.454,-231.854,1.268,-4.853,92.263,-38.568,3.091,75.261,75.324,1.777,-4.910,5.221,0.576
17:50:22.517,111.861,97.120,34.654,True,96.966,36.049,56.674,-238.280,0.580,-4.590,90.567,-42.398,6.553,77.052,77.330,1.114,-4.925,5.049,0.408
17:50:22.538,111.882,97.120,22.423,True,97.872,29.225,45.060,-254.100,-0.979,-4.654,88.712,-46.154,8.408,68.577,69.090,-0.527,-4.759,4.788,0.600
17:50:22.558,111.903,100.652,20.385,True,99.209,23.270,38.151,-258.758,-1.788,-4.667,86.702,-49.828,13.950,70.213,71.585,-1.295,-5.014,5.178,0.798
17:50:22.578,111.923,100.652,6.115,True,100.130,15.312,28.887,-274.392,-3.718,-4.732,84.539,-53.415,16.113,59.530,61.672,-3.193,-5.064,5.987,0.728
17:50:22.599,111.944,100.652,2.038,True,100.695,8.015,18.397,-279.721,-5.200,-4.764,82.228,-56.908,18.424,58.947,61.759,-4.319,-4.993,6.602,0.731
17:50:22.627,111.971,100.652,-4.077,True,100.967,0.911,7.509,-280.769,-6.234,-4.941,79.773,-60.302,20.879,56.225,59.976,-5.155,-4.867,7.089,0.597
17:50:22.647,111.992,98.886,-10.192,True,100.599,-5.979,-5.898,-278.559,-6.429,-5.584,77.178,-63.589,21.708,53.397,57.641,-5.760,-4.477,7.295,0.603
17:50:22.667,112.012,100.652,-4.077,True,100.521,-9.814,-14.835,-255.311,-4.365,-5.630,74.447,-66.765,26.205,62.688,67.945,-4.420,-4.458,6.278,0.411
17:50:22.688,112.033,98.886,-6.115,True,99.913,-12.875,-26.038,-232.783,-2.715,-5.079,71.586,-69.824,27.300,63.709,69.312,-2.990,-4.213,5.166,0.781
17:50:22.708,112.052,98.886,-6.115,True,99.275,-14.878,-35.469,-209.208,-1.067,-5.155,68.599,-72.761,30.287,66.645,73.204,-1.299,-4.101,4.302,0.439
17:50:22.736,112.080,98.886,-12.231,True,98.640,-17.475,-43.405,-196.105,-0.351,-5.043,65.492,-75.570,33.394,63.339,71.603,-0.423,-4.109,4.131,0.463
17:50:22.757,112.101,97.120,-20.385,True,97.621,-21.162,-52.842,-193.689,-0.128,-4.999,62.270,-78.246,34.850,57.861,67.546,-0.479,-3.966,3.994,0.793
17:50:22.777,112.121,95.354,-28.538,True,96.283,-25.850,-62.836,-198.054,-1.190,-4.163,58.939,-80.785,36.415,52.246,63.685,-1.201,-3.744,3.932,0.650
17:50:22.798,112.142,93.589,-26.500,True,94.692,-29.042,-72.723,-190.530,-0.860,-3.574,55.504,-83.182,38.084,56.682,68.288,-0.888,-3.498,3.609,0.769
17:50:22.818,112.162,90.057,-32.615,True,92.499,-32.797,-84.767,-188.345,-0.860,-3.210,51.972,-85.433,38.085,52.818,65.117,-1.061,-3.010,3.191,0.667
17:50:22.845,112.189,90.057,-32.615,True,90.803,-36.564,-90.951,-186.166,-1.082,-3.347,48.349,-87.535,41.708,54.919,68.961,-1.267,-3.016,3.272,0.388
17:50:22.866,112.210,86.525,-48.923,True,88.291,-42.722,-101.584,-199.140,-2.842,-2.713,44.641,-89.483,41.884,40.560,58.304,-2.963,-2.589,3.935,1.106
17:50:22.886,112.230,82.994,-38.731,True,85.388,-44.577,-112.403,-179.623,-1.472,-2.016,40.855,-91.274,42.139,52.543,67.353,-1.737,-2.085,2.713,0.720
17:50:22.906,112.250,82.994,-46.885,True,83.102,-47.841,-116.921,-173.988,-1.513,-2.230,36.997,-92.904,45.997,46.020,65.065,-1.717,-2.123,2.731,0.710
17:50:22.927,112.271,79.462,-53.000,True,80.441,-51.737,-123.316,-173.082,-1.791,-2.245,33.074,-94.372,46.388,41.372,62.157,-2.163,-1.978,2.931,0.760
17:50:22.957,112.302,75.930,-50.962,True,77.480,-54.173,-130.519,-162.136,-0.950,-1.573,29.093,-95.674,46.837,44.713,64.753,-1.702,-1.732,2.428,0.509
17:50:22.978,112.323,72.399,-53.000,True,74.281,-56.363,-137.836,-151.923,-0.805,-1.205,25.061,-96.809,47.337,43.809,64.498,-1.272,-1.440,1.921,0.717
17:50:22.998,112.343,65.335,-57.077,True,70.066,-58.854,-150.177,-145.784,-0.804,-0.479,20.985,-97.773,44.350,40.696,60.192,-1.198,-0.627,1.353,0.413
17:50:23.019,112.364,61.804,-57.077,True,65.832,-60.671,-159.436,-136.209,-0.398,-0.237,16.873,-98.566,44.931,41.489,61.157,-0.802,-0.014,0.803,0.792
17:50:23.042,112.387,61.804,-57.077,True,62.643,-63.396,-159.465,-134.560,-0.641,-0.425,12.730,-99.186,49.074,42.109,64.664,-1.134,-0.210,1.153,0.305
17:50:23.064,112.408,61.804,-61.154,True,60.117,-64.694,-155.673,-123.368,-0.059,-0.901,8.566,-99.632,53.238,38.479,65.688,-0.599,-0.790,0.991,0.440
17:50:23.084,112.429,54.741,-67.269,True,56.400,-67.190,-161.099,-122.319,-0.455,-0.464,4.386,-99.904,50.355,32.635,60.005,-0.993,-0.541,1.131,0.497
17:50:23.105,112.450,51.209,-77.462,True,52.674,-71.638,-165.374,-132.852,-2.089,-0.568,0.199,-100.000,51.010,22.538,55.768,-2.564,-0.365,2.590,0.806
17:50:23.125,112.470,47.677,-81.538,True,48.948,-76.090,-168.763,-138.901,-3.279,-0.832,-3.989,-99.920,51.666,18.382,54.839,-3.887,-0.245,3.894,0.462
17:50:23.146,112.490,44.146,-73.385,True,45.227,-77.540,-171.462,-122.487,-2.864,-1.015,-8.170,-99.666,52.315,26.281,58.546,-3.197,-0.169,3.201,0.723
17:50:23.168,112.513,40.614,-73.385,True,41.516,-78.415,-173.614,-105.848,-2.076,-1.109,-12.336,-99.236,52.950,25.852,58.924,-2.410,-0.127,2.414,0.403
17:50:23.189,112.534,37.082,-91.731,True,37.817,-83.173,-175.336,-117.916,-4.113,-1.217,-16.481,-98.633,53.563,6.902,54.006,-4.287,-0.110,4.289,0.854
17:50:23.209,112.554,33.551,-85.615,True,34.132,-85.551,-176.715,-109.234,-4.329,-1.141,-20.597,-97.856,54.148,12.240,55.514,-4.389,-0.112,4.391,0.823
17:50:23.230,112.574,30.019,-89.692,True,30.463,-88.192,-177.825,-103.193,-4.242,-1.651,-24.677,-96.908,54.696,7.215,55.169,-4.749,-0.126,4.751,0.851
17:50:23.250,112.594,22.956,-95.808,True,25.987,-91.549,-184.106,-101.898,-4.759,-0.977,-28.713,-95.789,51.669,-0.019,51.669,-5.594,0.364,5.606,0.535
17:50:23.276,112.621,17.658,-71.346,True,21.224,-88.414,-190.454,-56.440,-1.444,-0.494,-32.699,-94.503,50.357,23.157,55.426,-2.324,0.928,2.502,0.428
17:50:23.297,112.641,21.190,-87.654,True,18.292,-89.103,-182.773,-48.778,-1.486,-1.165,-36.628,-93.051,57.818,5.397,58.069,-2.281,0.234,2.293,0.740
17:50:23.317,112.662,17.658,-93.769,True,15.340,-90.937,-177.668,-49.742,-1.791,-2.359,-40.492,-91.435,58.150,-2.334,58.197,-3.056,-0.279,3.069,0.742
17:50:23.338,112.682,15.892,-85.615,True,12.741,-90.463,-171.952,-33.787,-0.482,-3.108,-44.286,-89.659,60.178,4.044,60.314,-2.312,-0.890,2.478,0.839
17:50:23.358,112.703,5.297,-91.731,True,8.371,-91.276,-179.916,-29.943,-0.628,-2.748,-48.001,-87.726,53.299,-4.005,53.449,-2.637,-0.249,2.649,0.796
17:50:23.383,112.727,5.297,-91.731,True,4.772,-91.875,-180.427,-24.525,-1.181,-2.424,-51.633,-85.639,56.930,-6.092,57.255,-2.849,-0.223,2.858,0.474
17:50:23.404,112.748,-1.766,-95.808,True,0.337,-93.338,-186.185,-24.898,-1.722,-1.196,-55.174,-83.402,53.408,-12.406,54.830,-3.639,0.328,3.654,0.684
17:50:23.425,112.769,-5.297,-97.846,True,-3.898,-94.907,-188.736,-24.192,-2.821,-0.833,-58.618,-81.018,53.320,-16.828,55.913,-4.413,0.654,4.461,0.800
17:50:23.445,112.789,-10.595,-101.923,True,-8.421,-97.064,-192.102,-25.649,-3.703,-0.342,-61.959,-78.493,51.364,-23.431,56.456,-5.476,1.112,5.587,0.394
17:50:23.466,112.810,-12.361,-101.923,True,-12.287,-98.655,-189.969,-21.195,-4.206,0.099,-65.192,-75.829,52.831,-26.094,58.924,-6.074,1.108,6.174,0.805
17:50:23.495,112.840,-15.892,-103.962,True,-16.039,-100.262,-187.394,-16.217,-4.732,0.204,-68.310,-73.033,52.417,-30.929,60.862,-6.670,1.076,6.756,0.434
17:50:23.516,112.861,-22.956,-99.885,True,-20.543,-100.419,-190.007,-1.445,-4.516,0.519,-71.308,-70.108,48.353,-29.777,56.786,-6.370,1.554,6.557,0.741
17:50:23.536,112.880,-28.253,-97.846,True,-25.265,-99.835,-192.747,15.590,-4.404,0.717,-74.181,-67.060,45.928,-30.786,55.292,-5.798,2.111,6.170,0.459
17:50:23.557,112.901,-35.316,-106.000,True,-30.571,-101.039,-197.807,17.680,-5.126,1.415,-76.925,-63.895,41.608,-42.105,59.195,-6.570,2.963,7.208,0.629
17:50:23.582,112.926,-33.551,-101.923,True,-34.299,-100.974,-190.238,29.301,-4.923,1.067,-79.533,-60.618,45.982,-41.305,61.810,-6.498,2.714,7.042,0.709
17:50:23.603,112.948,-37.082,-97.846,True,-37.866,-99.797,-183.107,46.519,-4.210,0.832,-82.001,-57.234,44.919,-40.612,60.556,-5.861,2.489,6.367,0.633
17:50:23.623,112.968,-47.677,-93.769,True,-42.957,-97.682,-187.369,66.333,-3.411,1.452,-84.326,-53.750,36.649,-40.019,54.265,-4.886,3.332,5.914,0.408
17:50:23.644,112.988,-51.209,-93.769,True,-47.751,-95.754,-187.402,80.322,-2.778,2.034,-86.503,-50.172,35.294,-43.597,56.093,-4.340,3.876,5.819,0.803
17:50:23.664,113.009,-54.741,-91.731,True,-52.253,-93.586,-184.394,92.934,-2.520,2.795,-88.528,-46.505,33.788,-45.225,56.453,-3.849,4.198,5.696,0.785
17:50:23.690,113.035,-58.272,-87.654,True,-56.482,-90.781,-179.337,107.077,-2.104,3.795,-90.398,-42.758,32.126,-44.896,55.206,-3.146,4.366,5.381,0.724
17:50:23.711,113.056,-61.804,-83.577,True,-60.472,-87.462,-173.023,121.292,-1.185,4.348,-92.109,-38.935,30.305,-44.642,53.957,-2.347,4.437,5.020,0.518
17:50:23.732,113.076,-65.335,-81.538,True,-64.259,-84.223,-166.055,131.471,-1.454,4.478,-93.659,-35.043,28.323,-46.495,54.443,-1.836,4.458,4.821,0.935
17:50:23.752,113.097,-68.867,-79.500,True,-67.879,-81.107,-158.867,138.448,-1.021,4.595,-95.044,-31.090,26.177,-48.410,55.034,-1.566,4.464,4.731,0.914
17:50:23.772,113.116,-72.399,-75.423,True,-71.369,-77.660,-151.749,146.127,-0.642,4.665,-96.263,-27.083,23.864,-48.340,53.909,-1.194,4.482,4.639,0.410
17:50:23.793,113.138,-60.038,-71.346,True,-71.063,-73.949,-120.558,153.769,0.169,2.226,-97.312,-23.028,37.274,-48.318,61.024,-0.780,2.220,2.353,0.416
17:50:23.817,113.162,-77.696,-65.231,True,-74.456,-69.561,-122.454,164.002,0.866,2.556,-98.191,-18.933,20.495,-46.298,50.631,-0.070,2.862,2.862,0.431
17:50:23.838,113.182,-70.633,-71.346,True,-75.447,-67.459,-106.985,156.401,0.020,1.617,-98.898,-14.805,28.265,-56.541,63.213,-0.972,1.938,2.168,0.897
17:50:23.857,113.202,-84.759,-71.346,True,-79.254,-65.962,-113.968,147.675,-1.492,2.424,-99.431,-10.650,14.672,-60.696,62.444,-2.077,3.060,3.698,0.398
17:50:23.878,113.223,-88.291,-63.192,True,-83.104,-63.051,-118.009,151.660,-1.582,3.488,-99.790,-6.477,11.499,-56.715,57.869,-2.085,4.039,4.546,0.698
17:50:23.898,113.243,-88.291,-65.231,True,-86.121,-61.229,-114.028,147.980,-1.893,3.495,-99.974,-2.293,11.683,-62.938,64.013,-2.808,4.373,5.197,0.489
17:50:23.925,113.270,-88.291,-65.231,True,-88.402,-58.270,-105.043,153.749,-1.783,3.434,-99.982,1.896,11.691,-67.126,68.137,-2.696,4.273,5.053,0.531
17:50:23.946,113.290,-91.823,-59.115,True,-90.875,-56.301,-98.644,152.215,-2.501,3.942,-99.815,6.081,7.992,-65.196,65.684,-3.253,4.414,5.483,0.789
17:50:23.966,113.310,-97.120,-55.038,True,-93.988,-53.732,-96.772,155.896,-2.758,4.597,-99.473,10.255,2.352,-65.294,65.336,-3.351,5.010,6.028,0.610
17:50:23.987,113.331,-97.120,-57.077,True,-96.230,-52.267,-88.401,152.390,-3.738,4.846,-98.956,14.412,1.836,-71.489,71.512,-4.132,5.050,6.525,0.823
17:50:24.007,113.351,-100.652,-53.000,True,-98.656,-50.156,-82.169,154.977,-3.981,4.917,-98.266,18.543,-2.386,-71.543,71.583,-4.386,5.300,6.879,0.805
17:50:24.034,113.378,-104.184,-48.923,True,-101.240,-47.509,-77.242,161.124,-3.978,5.312,-97.403,22.642,-6.781,-71.565,71.885,-4.296,5.701,7.138,0.465
17:50:24.055,113.400,-109.481,-53.000,True,-104.380,-46.362,-75.716,156.696,-4.819,6.230,-96.369,26.701,-13.112,-79.701,80.772,-5.180,6.468,8.287,0.644
17:50:24.076,113.420,-107.715,-38.731,True,-106.323,-42.168,-65.187,174.158,-3.684,5.980,-95.167,30.713,-12.548,-69.444,70.568,-4.034,6.451,7.608,0.863
17:50:24.097,113.441,-109.481,-46.885,True,-108.061,-40.604,-54.742,170.017,-4.617,5.892,-93.797,34.671,-15.684,-81.556,83.050,-4.793,6.431,8.021,0.744
17:50:24.117,113.461,-109.481,-44.846,True,-109.232,-38.985,-42.022,168.262,-4.997,5.502,-92.263,38.568,-17.218,-83.415,85.173,-5.376,6.184,8.194,0.423
17:50:24.144,113.489,-107.715,-36.692,True,-109.524,-35.869,-25.732,177.676,-4.276,4.970,-90.567,42.398,-17.148,-79.090,80.928,-4.926,5.561,7.429,0.529
17:50:24.165,113.510,-109.481,-20.385,True,-109.909,-29.543,-13.457,205.987,-1.963,4.741,-88.712,46.154,-20.769,-66.538,69.704,-2.595,5.245,5.852,1.146
17:50:24.185,113.529,-111.247,-16.308,True,-110.426,-23.306,-4.313,225.243,-0.093,5.164,-86.702,49.828,-24.545,-66.136,70.544,-0.841,5.188,5.256,0.529
17:50:24.205,113.550,-123.608,-12.231,True,-113.555,-17.274,-13.681,237.020,1.121,7.108,-84.539,53.415,-39.069,-65.646,76.392,0.413,6.879,6.891,0.737
17:50:24.232,113.577,-107.715,-10.192,True,-112.408,-11.990,9.811,239.755,1.443,5.448,-82.228,56.908,-25.487,-67.101,71.778,0.958,5.628,5.709,0.493
17:50:24.253,113.598,-107.715,-8.154,True,-111.166,-7.418,28.259,236.318,0.999,4.919,-79.773,60.302,-27.942,-68.455,73.939,0.984,4.707,4.809,0.693
17:50:24.273,113.618,-107.715,2.038,True,-109.930,-1.591,42.351,241.540,1.429,4.831,-77.178,63.589,-30.537,-61.551,68.710,1.841,4.094,4.489,0.467
17:50:24.294,113.639,-107.715,8.154,True,-108.765,4.382,52.856,245.282,2.369,4.350,-74.447,66.765,-33.268,-58.612,67.395,2.658,3.751,4.597,0.775
17:50:24.315,113.659,-104.184,14.269,True,-106.888,10.447,65.957,247.445,3.622,3.682,-71.586,69.824,-32.597,-55.555,64.412,3.418,3.123,4.630,0.872
17:50:24.336,113.680,-102.418,18.346,True,-104.836,16.082,77.195,244.938,3.963,3.125,-68.599,72.761,-33.818,-54.415,64.067,3.818,2.602,4.620,0.559
17:50:24.360,113.704,-100.652,26.500,True,-102.678,22.264,86.580,245.536,4.409,2.795,-65.492,75.570,-35.160,-49.070,60.366,4.554,2.203,5.059,0.467
17:50:24.381,113.725,-97.120,32.615,True,-100.057,28.440,96.957,244.497,5.377,1.849,-62.270,78.246,-34.850,-45.630,57.417,5.213,1.668,5.474,0.737
17:50:24.401,113.745,-91.823,34.654,True,-96.654,33.638,110.006,235.810,5.339,0.997,-58.939,80.785,-32.884,-46.131,56.652,5.212,0.825,5.277,0.532
17:50:24.421,113.765,-90.057,38.731,True,-93.432,38.441,118.420,225.677,5.016,0.740,-55.504,83.182,-34.553,-44.451,56.301,5.067,0.334,5.078,0.586
17:50:24.441,113.785,-90.057,42.808,True,-90.830,42.921,120.645,215.041,4.321,0.705,-51.972,85.433,-38.085,-42.626,57.161,4.853,0.385,4.868,0.434
17:50:24.467,113.811,-90.057,42.808,True,-88.417,47.222,121.436,205.070,4.239,1.061,-48.349,87.535,-41.708,-44.727,61.156,4.675,0.586,4.712,0.419
17:50:24.487,113.832,-84.759,50.962,True,-85.642,51.221,124.857,194.812,4.025,1.330,-44.641,89.483,-40.118,-38.521,55.618,4.449,0.562,4.484,0.707
17:50:24.507,113.852,-82.994,48.923,True,-83.104,53.464,126.265,175.239,2.846,1.536,-40.855,91.274,-42.139,-42.351,59.743,3.299,0.731,3.379,0.676
17:50:24.528,113.872,-82.994,55.038,True,-81.197,56.475,123.884,165.357,2.593,2.073,-36.997,92.904,-45.997,-37.866,59.578,2.957,1.286,3.225,0.648
17:50:24.548,113.893,-79.462,55.038,True,-78.903,58.607,125.367,151.874,2.026,2.243,-33.074,94.372,-46.388,-39.334,60.819,2.238,1.530,2.711,0.783
17:50:24.577,113.921,-75.930,65.231,True,-76.283,62.513,129.223,152.779,2.625,2.236,-29.093,95.674,-46.837,-30.444,55.862,2.835,1.566,3.239,0.420
17:50:24.597,113.941,-74.165,67.269,True,-73.810,65.973,131.733,149.541,2.952,2.725,-25.061,96.809,-49.103,-29.540,57.304,3.111,1.730,3.560,0.418
17:50:24.617,113.962,-68.867,77.462,True,-70.631,70.967,138.786,156.031,4.137,2.456,-20.985,97.773,-47.882,-20.312,52.012,4.358,1.468,4.599,0.631
17:50:24.637,113.982,-256.044,201.808,False,-67.855,74.087,141.802,147.076,4.137,2.456,-16.873,98.566,-239.172,103.241,260.503,0.000,0.000,0.000,0.541
17:50:24.658,114.003,-65.335,89.692,True,-65.109,80.616,144.250,160.838,6.225,2.414,-12.730,99.186,-52.605,-9.494,53.455,6.369,1.687,6.589,0.659
17:50:24.685,114.030,-65.335,89.692,True,-62.224,83.832,147.716,147.752,5.967,2.616,-8.566,99.632,-56.770,-9.940,57.633,6.112,1.732,6.352,0.368
17:50:24.706,114.050,-60.038,89.692,True,-59.514,87.713,149.785,140.824,6.239,2.744,-4.386,99.904,-55.652,-10.211,56.581,6.419,1.905,6.696,0.552
17:50:24.726,114.071,-58.272,91.731,True,-57.025,90.876,150.651,129.723,6.039,2.865,-0.199,100.000,-58.074,-8.269,58.659,6.350,2.201,6.720,0.761
17:50:24.746,114.091,-52.975,85.615,True,-53.733,91.358,156.857,103.930,4.601,2.719,3.989,99.920,-56.964,-14.305,58.733,4.828,1.993,5.223,0.392
17:50:24.767,114.112,-51.209,85.615,True,-50.753,91.438,159.996,81.825,3.538,2.808,8.170,99.666,-59.379,-14.050,61.018,3.493,2.042,4.046,0.752
17:50:24.793,114.137,-47.677,89.692,True,-47.583,92.240,164.002,69.491,3.278,2.652,12.336,99.236,-60.014,-9.544,60.768,2.965,1.994,3.573,0.408
17:50:24.813,114.158,-47.677,99.885,True,-45.115,95.135,163.000,72.852,4.223,3.049,16.481,98.633,-64.158,1.252,64.170,3.903,2.405,4.584,0.723
17:50:24.833,114.178,-40.614,97.846,True,-41.561,96.889,169.814,66.726,4.282,2.512,20.597,97.856,-61.211,-0.010,61.211,4.038,2.089,4.546,0.421
17:50:24.854,114.198,-37.082,101.923,True,-37.911,99.091,175.742,64.024,4.751,2.162,24.677,96.908,-61.759,5.016,61.962,4.519,1.801,4.865,0.489
17:50:24.877,114.221,-37.082,101.923,True,-35.023,100.734,175.365,57.093,4.991,2.462,28.713,95.789,-65.795,6.134,66.081,4.650,2.063,5.087,0.430
17:50:24.900,114.245,-33.551,101.923,True,-31.989,101.887,176.502,47.611,4.791,2.531,32.699,94.503,-66.250,7.420,66.664,4.553,2.188,5.052,0.423
17:50:24.921,114.265,-22.956,106.000,True,-27.179,103.574,189.413,43.088,5.344,1.612,36.628,93.051,-59.583,12.949,60.974,4.916,1.185,5.057,0.788
17:50:24.941,114.285,-19.424,106.000,True,-22.468,104.800,197.929,35.384,5.590,0.878,40.492,91.435,-59.916,14.565,61.661,5.016,0.469,5.037,0.440
17:50:24.962,114.306,-17.658,106.000,True,-18.312,105.622,200.200,25.835,5.771,0.572,44.286,89.659,-61.944,16.341,64.063,4.947,0.250,4.954,0.824
17:50:24.981,114.326,-15.892,101.923,True,-14.676,105.157,198.277,9.194,5.074,0.762,48.001,87.726,-63.894,14.197,65.452,4.194,0.388,4.212,0.480
17:50:25.012,114.357,-8.829,101.923,True,-10.273,104.545,201.967,-4.676,4.573,-0.016,51.633,85.639,-60.462,16.284,62.616,3.619,-0.006,3.619,0.415
17:50:25.033,114.378,-5.297,101.923,True,-6.015,103.863,203.392,-15.995,4.184,-0.203,55.174,83.402,-60.471,18.521,63.244,3.222,-0.245,3.231,0.909
17:50:25.053,114.398,-1.766,97.846,True,-1.905,102.216,203.168,-31.359,3.245,-0.254,58.618,81.018,-60.384,16.828,62.685,2.399,-0.369,2.427,0.449
17:50:25.074,114.418,1.766,97.846,True,2.067,100.717,201.809,-42.028,3.202,-0.437,61.959,78.493,-60.193,19.354,63.228,1.934,-0.413,1.977,0.611
17:50:25.098,114.443,5.297,89.692,True,5.915,97.506,199.727,-61.608,1.540,-0.505,65.192,75.829,-59.894,13.863,61.478,0.577,-0.408,0.707,0.550
17:50:25.122,114.466,8.829,95.808,True,9.658,96.165,197.233,-63.506,1.775,-0.411,68.310,73.033,-59.481,22.775,63.692,0.758,-0.379,0.847,0.534
17:50:25.142,114.487,15.892,93.769,True,14.136,94.633,199.957,-66.785,1.570,-0.641,71.308,70.108,-55.416,23.661,60.256,0.838,-0.859,1.200,0.699
17:50:25.163,114.507,22.956,93.769,True,19.256,93.407,205.565,-67.785,1.813,-1.506,74.181,67.060,-51.226,26.709,57.771,1.152,-1.680,2.037,0.768
17:50:25.183,114.528,26.487,95.808,True,24.093,92.925,206.882,-64.409,2.357,-2.500,76.925,63.895,-50.437,31.912,59.685,1.922,-2.198,2.919,0.827
17:50:25.204,114.549,26.487,95.808,True,27.825,92.606,199.703,-61.984,3.380,-2.519,79.533,60.618,-53.045,35.190,63.656,2.689,-1.974,3.336,0.681
17:50:25.228,114.573,26.487,95.808,True,31.819,91.367,195.646,-67.508,4.243,-2.143,82.001,57.234,-55.514,38.573,67.600,2.782,-2.033,3.445,0.648
17:50:25.248,114.593,35.316,89.692,True,35.615,89.925,190.720,-73.809,3.720,-2.173,84.326,53.750,-49.010,35.942,60.777,2.805,-2.024,3.459,0.804
17:50:25.269,114.613,40.614,83.577,True,39.746,87.149,188.555,-87.777,3.146,-2.091,86.503,50.172,-45.889,33.405,56.760,2.084,-2.292,3.097,0.710
17:50:25.289,114.633,44.146,85.615,True,43.678,85.450,184.858,-91.700,3.439,-2.513,88.528,46.505,-44.383,39.110,59.156,2.242,-2.452,3.322,0.744
17:50:25.315,114.660,45.911,83.577,True,47.012,83.606,177.536,-96.368,3.573,-2.655,90.398,42.758,-44.487,40.819,60.376,2.340,-2.290,3.274,0.739
17:50:25.339,114.683,47.677,83.577,True,49.864,82.139,168.403,-98.262,3.799,-2.280,92.109,38.935,-44.432,44.642,62.985,2.707,-1.946,3.334,0.505
17:50:25.359,114.704,54.741,85.615,True,53.591,81.470,166.699,-95.547,4.823,-2.804,93.659,35.043,-38.918,50.572,63.814,3.547,-2.289,4.222,0.425
17:50:25.380,114.724,58.272,77.462,True,57.243,79.065,164.037,-106.015,4.398,-3.028,95.044,31.090,-36.772,46.371,59.182,3.203,-2.589,4.119,0.399
17:50:25.400,114.745,61.804,71.346,True,60.823,75.634,160.658,-121.081,3.583,-3.436,96.263,27.083,-34.459,44.263,56.095,2.366,-2.864,3.714,0.721
17:50:25.421,114.765,65.335,71.346,True,64.339,72.778,156.746,-128.775,2.949,-4.441,97.312,23.028,-31.977,48.318,57.941,2.125,-3.126,3.780,0.401
17:50:25.443,114.787,65.335,71.346,True,67.474,70.202,150.323,-133.141,2.559,-4.103,98.191,18.933,-32.856,52.413,61.860,2.162,-3.186,3.850,0.420
17:50:25.464,114.808,68.867,75.423,True,70.025,69.763,140.873,-123.391,3.872,-3.589,98.898,14.805,-30.031,60.618,67.649,3.546,-2.967,4.624,0.789
17:50:25.484,114.829,72.399,73.385,True,72.724,68.920,134.029,-120.426,5.105,-3.540,99.431,10.650,-27.033,62.734,68.311,4.420,-2.981,5.332,0.526
17:50:25.504,114.849,72.399,63.192,True,74.636,65.662,123.066,-134.849,4.582,-2.882,99.790,6.477,-27.391,56.715,62.983,3.694,-2.607,4.521,0.590
17:50:25.525,114.870,75.930,63.192,True,76.808,63.022,115.885,-142.083,4.719,-2.876,99.974,2.293,-24.043,60.900,65.474,3.554,-2.562,4.381,0.793
17:50:25.552,114.897,79.462,63.192,True,79.207,60.910,111.138,-144.751,5.004,-3.277,99.982,-1.896,-20.520,65.088,68.246,3.815,-2.756,4.706,0.480
17:50:25.573,114.917,79.462,59.115,True,80.961,58.277,102.474,-150.910,4.991,-3.125,99.815,-6.081,-20.353,65.196,68.299,3.745,-2.604,4.561,0.841
17:50:25.593,114.937,81.228,50.962,True,82.590,54.245,94.416,-165.136,3.964,-2.984,99.473,-10.255,-18.245,61.217,63.878,2.871,-2.500,3.807,0.697
17:50:25.614,114.958,82.994,46.885,True,84.130,49.992,87.024,-177.200,2.857,-3.047,98.956,-14.412,-15.962,61.296,63.341,2.085,-2.457,3.222,0.749
17:50:25.640,114.985,84.759,42.808,True,85.612,45.599,80.286,-187.020,2.078,-2.965,98.266,-18.543,-13.506,61.351,62.820,1.407,-2.478,2.850,0.640
17:50:25.662,115.007,86.525,38.731,True,87.056,41.130,74.140,-194.676,1.503,-2.957,97.403,-22.642,-10.878,61.372,62.329,0.844,-2.566,2.701,0.690
17:50:25.683,115.028,90.057,22.423,True,88.892,33.792,71.185,-219.023,-0.819,-3.316,96.369,-26.701,-6.313,49.124,49.528,-1.382,-2.973,3.278,1.062
17:50:25.703,115.048,90.057,18.346,True,90.256,26.839,64.682,-233.101,-2.407,-3.531,95.167,-30.713,-5.110,49.059,49.324,-2.885,-3.091,4.228,0.665
17:50:25.724,115.068,91.823,12.231,True,91.613,19.864,58.750,-242.394,-3.803,-3.726,93.797,-34.671,-1.974,46.902,46.943,-4.100,-3.279,5.250,0.791
17:50:25.748,115.093,91.823,8.154,True,92.563,13.421,50.535,-244.479,-4.516,-3.855,92.263,-38.568,-0.440,46.722,46.724,-4.760,-3.272,5.776,0.405
17:50:25.771,115.115,88.291,4.077,True,92.345,7.495,35.720,-241.522,-4.853,-2.880,90.567,-42.398,-2.276,46.475,46.531,-5.006,-2.637,5.658,0.500
17:50:25.791,115.135,93.589,12.231,True,93.183,4.890,31.112,-216.584,-3.087,-3.384,88.712,-46.154,4.876,58.384,58.588,-3.184,-2.902,4.308,0.844
17:50:25.811,115.156,93.589,6.115,True,93.755,1.851,24.818,-201.532,-1.691,-3.529,86.702,-49.828,6.887,55.943,56.366,-2.096,-3.037,3.690,0.851
17:50:25.831,115.176,93.589,-2.038,True,94.097,-2.147,17.564,-197.008,-1.134,-3.074,84.539,-53.415,9.050,51.376,52.167,-1.894,-3.095,3.629,0.802
17:50:25.852,115.197,90.057,-8.154,True,93.427,-6.568,4.485,-196.279,-1.446,-2.590,82.228,-56.908,7.829,48.754,49.379,-2.040,-2.604,3.308,0.682
17:50:25.879,115.224,90.057,-12.231,True,92.712,-10.897,-6.158,-194.745,-1.823,-1.275,79.773,-60.302,10.284,48.071,49.159,-2.136,-2.289,3.131,0.811
17:50:25.900,115.244,91.823,-16.308,True,92.411,-15.145,-12.032,-192.672,-2.132,-1.332,77.178,-63.589,14.645,47.282,49.498,-2.204,-2.391,3.252,0.953
17:50:25.919,115.264,90.057,-18.346,True,91.679,-18.847,-20.174,-187.148,-1.686,-1.547,74.447,-66.765,15.610,48.419,50.873,-1.962,-2.288,3.014,0.478
17:50:25.940,115.284,90.057,-28.538,True,90.992,-23.972,-26.736,-192.208,-2.089,-2.032,71.586,-69.824,18.471,41.286,45.229,-2.711,-2.321,3.569,0.618
17:50:25.962,115.306,90.057,-32.615,True,90.364,-28.932,-32.117,-193.969,-2.177,-1.833,68.599,-72.761,21.458,40.145,45.520,-3.242,-2.468,4.075,0.775
17:50:25.987,115.332,84.759,-40.769,True,88.569,-34.661,-44.769,-199.464,-2.666,-0.637,65.492,-75.570,19.267,34.800,39.778,-4.196,-1.936,4.621,0.547
17:50:26.008,115.352,86.525,-34.654,True,87.407,-37.721,-50.500,-184.740,-2.121,-0.988,62.270,-78.246,24.255,43.592,49.886,-3.340,-1.999,3.893,0.812
17:50:26.028,115.373,88.291,-40.769,True,86.837,-41.266,-51.713,-176.889,-1.634,-2.057,58.939,-80.785,29.352,40.016,49.627,-3.050,-2.494,3.940,0.557
17:50:26.049,115.393,86.525,-46.885,True,85.970,-45.287,-55.733,-173.801,-1.727,-2.251,55.504,-83.182,31.021,36.297,47.747,-3.190,-2.770,4.225,0.509
17:50:26.069,115.413,86.525,-36.692,True,85.244,-45.959,-58.875,-148.812,0.549,-2.022,51.972,-85.433,34.553,48.741,59.746,-1.276,-3.152,3.400,0.628
17:50:26.093,115.438,82.994,-46.885,True,83.817,-48.459,-66.989,-143.060,0.973,-2.108,48.349,-87.535,34.644,40.650,53.410,-0.993,-3.091,3.247,0.440
17:50:26.114,115.459,82.994,-46.885,True,82.597,-50.289,-72.552,-134.247,1.369,-2.291,44.641,-89.483,38.352,42.598,57.319,-0.409,-3.253,3.279,0.858
17:50:26.134,115.479,81.228,-44.846,True,81.165,-51.086,-79.111,-120.994,2.313,-2.079,40.855,-91.274,40.373,46.427,61.526,0.639,-3.324,3.385,0.522
17:50:26.155,115.500,79.462,-46.885,True,79.555,-51.968,-86.126,-112.196,2.962,-2.185,36.997,-92.904,42.465,46.020,62.619,1.353,-3.344,3.608,0.934
17:50:26.175,115.520,77.696,-48.923,True,77.801,-52.983,-93.206,-106.899,3.517,-2.207,33.074,-94.372,44.622,45.449,63.693,1.783,-3.344,3.790,0.781
17:50:26.203,115.547,75.930,-50.962,True,75.935,-54.154,-100.085,-104.211,3.320,-2.153,29.093,-95.674,46.837,44.713,64.753,1.981,-3.345,3.888,0.436
17:50:26.223,115.568,72.399,-57.077,True,73.577,-56.433,-109.302,-109.560,2.860,-1.897,25.061,-96.809,47.337,39.732,61.802,1.404,-3.106,3.409,0.449
17:50:26.243,115.588,72.399,-61.154,True,71.625,-59.212,-114.145,-116.307,1.854,-1.628,20.985,-97.773,51.413,36.619,63.121,0.600,-3.239,3.294,0.500
17:50:26.264,115.609,70.633,-63.192,True,69.642,-61.923,-118.828,-120.065,1.534,-1.798,16.873,-98.566,53.760,35.374,64.354,-0.036,-3.382,3.383,0.658
17:50:26.285,115.629,68.867,-65.231,True,67.638,-64.535,-123.332,-121.376,1.235,-2.270,12.730,-99.186,56.137,33.956,65.607,-0.532,-3.539,3.579,0.456
17:50:26.310,115.654,65.335,-71.346,True,65.209,-67.981,-130.352,-126.978,0.633,-2.053,8.566,-99.632,56.770,28.286,63.427,-1.509,-3.453,3.768,0.483
17:50:26.331,115.676,65.335,-73.385,True,63.237,-71.186,-133.272,-128.251,-0.146,-2.513,4.386,-99.904,60.950,26.519,66.469,-2.198,-3.725,4.325,1.130
17:50:26.351,115.695,61.804,-79.500,True,60.858,-75.086,-139.043,-132.516,-1.313,-2.686,0.199,-100.000,61.605,20.500,64.926,-3.257,-3.733,4.954,0.586
