timestamp,elapsed_time,ball_x,ball_y,ball_detected,target_x,target_y,error_x,error_y,error_magnitude,controller_rx,controller_ry,tilt_magnitude,loop_time_ms
16:10:08.793,0.002,-1.822,-2.773,True,0.000,0.000,-1.822,-2.773,3.318,0.000,0.000,0.000,0.964
16:10:08.812,0.022,-3.969,-4.813,True,0.000,0.000,-3.969,-4.813,6.239,0.000,0.000,0.000,0.661
16:10:08.833,0.042,-3.273,-3.734,True,0.000,0.000,-3.273,-3.734,4.965,0.000,0.000,0.000,1.002
16:10:08.853,0.063,-4.982,-5.555,True,0.000,0.000,-4.982,-5.555,7.462,0.000,0.000,0.000,1.121
16:10:08.874,0.083,-6.202,-6.900,True,0.000,0.000,-6.202,-6.900,9.277,0.000,0.000,0.000,1.133
16:10:08.894,0.103,-4.713,-4.298,True,0.000,0.000,-4.713,-4.298,6.379,0.000,0.000,0.000,1.026
16:10:08.914,0.124,-5.040,-5.823,True,0.000,0.000,-5.040,-5.823,7.701,0.000,0.000,0.000,1.087
16:10:08.934,0.143,-4.495,-6.967,True,0.000,0.000,-4.495,-6.967,8.291,0.000,0.000,0.000,0.602
16:10:08.955,0.164,-3.309,-4.244,True,0.000,0.000,-3.309,-4.244,5.381,0.000,0.000,0.000,0.800
16:10:08.975,0.184,-4.736,-5.706,True,0.000,0.000,-4.736,-5.706,7.415,0.000,0.000,0.000,0.735
16:10:08.996,0.205,-3.539,-3.313,True,0.000,0.000,-3.539,-3.313,4.848,0.000,0.000,0.000,0.936
16:10:09.017,0.226,-2.648,-1.559,True,0.000,0.000,-2.648,-1.559,3.073,0.000,0.000,0.000,1.117
16:10:09.037,0.246,-4.321,-3.891,True,0.000,0.000,-4.321,-3.891,5.815,0.000,0.000,0.000,0.942
16:10:09.057,0.266,-5.597,-6.603,True,0.000,0.000,-5.597,-6.603,8.656,0.000,0.000,0.000,0.978
16:10:09.077,0.286,-6.498,-7.692,True,0.000,0.000,-6.498,-7.692,10.069,0.000,0.000,0.000,1.000
16:10:09.097,0.306,-7.077,-8.367,True,0.000,0.000,-7.077,-8.367,10.958,0.000,0.000,0.000,0.896
16:10:09.117,0.327,-5.121,-5.210,True,0.000,0.000,-5.121,-5.210,7.305,0.000,0.000,0.000,0.579
16:10:09.138,0.347,-3.610,-2.796,True,0.000,0.000,-3.610,-2.796,4.566,0.000,0.000,0.000,0.646
16:10:09.158,0.367,-4.816,-4.606,True,0.000,0.000,-4.816,-4.606,6.664,0.000,0.000,0.000,0.505
16:10:09.178,0.388,-5.007,-6.057,True,0.000,0.000,-5.007,-6.057,7.859,0.000,0.000,0.000,1.152
16:10:09.198,0.407,-5.912,-7.131,True,0.000,0.000,-5.912,-7.131,9.263,0.000,0.000,0.000,0.513
16:10:09.219,0.428,-6.563,-7.864,True,0.000,0.000,-6.563,-7.864,10.242,0.000,0.000,0.000,1.082
16:10:09.239,0.448,-4.709,-4.799,True,0.000,0.000,-4.709,-4.799,6.723,0.000,0.000,0.000,1.015
16:10:09.259,0.468,-6.350,-4.244,True,0.000,0.000,-6.350,-4.244,7.638,0.000,0.000,0.000,0.525
16:10:09.280,0.489,-4.533,-2.151,True,0.000,0.000,-4.533,-2.151,5.017,0.000,0.000,0.000,1.121
16:10:09.300,0.509,-5.454,-3.342,True,0.000,0.000,-5.454,-3.342,6.397,0.000,0.000,0.000,0.969
16:10:09.320,0.530,-3.886,-1.711,True,0.000,0.000,-3.886,-1.711,4.246,0.000,0.000,0.000,0.860
16:10:09.340,0.549,-3.503,-0.581,True,0.000,0.000,-3.503,-0.581,3.551,0.000,0.000,0.000,0.713
16:10:09.361,0.570,-4.812,-3.385,True,0.000,0.000,-4.812,-3.385,5.883,0.000,0.000,0.000,1.081
16:10:09.381,0.590,-3.539,-2.030,True,0.000,0.000,-3.539,-2.030,4.080,0.000,0.000,0.000,0.815
16:10:09.402,0.611,-2.605,-1.018,True,0.000,0.000,-2.605,-1.018,2.797,0.000,0.000,0.000,0.986
16:10:09.422,0.631,-4.258,-2.959,True,0.000,0.000,-4.258,-2.959,5.185,0.000,0.000,0.000,0.876
16:10:09.442,0.651,-4.008,-1.800,True,0.000,0.000,-4.008,-1.800,4.394,0.000,0.000,0.000,0.779
16:10:09.463,0.672,-3.810,-3.564,True,0.000,0.000,-3.810,-3.564,5.217,0.000,0.000,0.000,1.028
16:10:09.483,0.692,-4.425,-5.749,True,0.000,0.000,-4.425,-5.749,7.255,0.000,0.000,0.000,0.823
16:10:09.504,0.713,-3.356,-2.883,True,0.000,0.000,-3.356,-2.883,4.425,0.000,0.000,0.000,1.082
16:10:09.524,0.733,-4.843,-5.063,True,0.000,0.000,-4.843,-5.063,7.007,0.000,0.000,0.000,1.199
16:10:09.544,0.753,-5.953,-6.670,True,0.000,0.000,-5.953,-6.670,8.940,0.000,0.000,0.000,0.791
16:10:09.565,0.774,-4.431,-4.245,True,0.000,0.000,-4.431,-4.245,6.136,0.000,0.000,0.000,1.075
16:10:09.585,0.794,-4.773,-5.877,True,0.000,0.000,-4.773,-5.877,7.571,0.000,0.000,0.000,0.545
16:10:09.605,0.815,-5.029,-7.954,True,0.000,0.000,-5.029,-7.954,9.411,0.000,0.000,0.000,0.832
16:10:09.626,0.835,-3.684,-5.886,True,0.000,0.000,-3.684,-5.886,6.944,0.000,0.000,0.000,1.001
16:10:09.646,0.855,-2.691,-3.374,True,0.000,0.000,-2.691,-3.374,4.316,0.000,0.000,0.000,0.491
16:10:09.667,0.876,-2.017,-0.666,True,0.000,0.000,-2.017,-0.666,2.124,0.000,0.000,0.000,1.033
16:10:09.687,0.896,-3.887,-4.078,True,0.000,0.000,-3.887,-4.078,5.634,0.000,0.000,0.000,0.718
16:10:09.708,0.917,-3.044,-1.471,True,0.000,0.000,-3.044,-1.471,3.381,0.000,0.000,0.000,0.496
16:10:09.729,0.938,-2.413,-0.451,True,0.000,0.000,-2.413,-0.451,2.455,0.000,0.000,0.000,1.234
16:10:09.749,0.958,-1.977,-3.332,True,0.000,0.000,-1.977,-3.332,3.874,0.000,0.000,0.000,1.051
16:10:09.769,0.978,-2.465,-2.907,True,0.000,0.000,-2.465,-2.907,3.811,0.000,0.000,0.000,0.607
16:10:09.790,0.999,-2.108,-1.683,True,0.000,0.000,-2.108,-1.683,2.698,0.000,0.000,0.000,0.503
16:10:09.811,1.020,-2.626,-4.302,True,0.000,0.000,-2.626,-4.302,5.040,0.000,0.000,0.000,0.973
16:10:09.830,1.040,-3.028,-2.734,True,0.000,0.000,-3.028,-2.734,4.080,0.000,0.000,0.000,0.529
16:10:09.851,1.060,-2.555,-1.518,True,0.000,0.000,-2.555,-1.518,2.972,0.000,0.000,0.000,0.972
16:10:09.871,1.080,-4.476,-2.403,True,0.000,0.000,-4.476,-2.403,5.081,0.000,0.000,0.000,0.684
16:10:09.892,1.101,-3.592,-1.348,True,0.000,0.000,-3.592,-1.348,3.837,0.000,0.000,0.000,0.869
16:10:09.913,1.122,-2.873,0.291,True,0.000,0.000,-2.873,0.291,2.887,0.000,0.000,0.000,1.110
16:10:09.933,1.142,-4.616,-2.963,True,0.000,0.000,-4.616,-2.963,5.485,0.000,0.000,0.000,0.597
16:10:09.954,1.163,-5.137,-5.431,True,0.000,0.000,-5.137,-5.431,7.475,0.000,0.000,0.000,0.555
16:10:09.975,1.184,-4.691,-3.642,True,0.000,0.000,-4.691,-3.642,5.938,0.000,0.000,0.000,1.184
16:10:09.994,1.204,-5.822,-5.707,True,0.000,0.000,-5.822,-5.707,8.153,0.000,0.000,0.000,0.893
16:10:10.015,1.224,-6.613,-7.173,True,0.000,0.000,-6.613,-7.173,9.756,0.000,0.000,0.000,0.527
16:10:10.035,1.244,-4.832,-5.486,True,0.000,0.000,-4.832,-5.486,7.311,0.000,0.000,0.000,0.983
16:10:10.056,1.265,-3.456,-4.118,True,0.000,0.000,-3.456,-4.118,5.376,0.000,0.000,0.000,1.119
16:10:10.076,1.285,-2.472,-2.214,True,0.000,0.000,-2.472,-2.214,3.318,0.000,0.000,0.000,1.490
16:10:10.096,1.305,-2.590,-4.383,True,0.000,0.000,-2.590,-4.383,5.091,0.000,0.000,0.000,0.552
16:10:10.116,1.325,-4.291,-6.065,True,0.000,0.000,-4.291,-6.065,7.430,0.000,0.000,0.000,0.493
16:10:10.137,1.346,-5.588,-7.269,True,0.000,0.000,-5.588,-7.269,9.169,0.000,0.000,0.000,1.400
16:10:10.157,1.366,-5.740,-8.059,True,0.000,0.000,-5.740,-8.059,9.894,0.000,0.000,0.000,0.572
16:10:10.178,1.387,-4.251,-5.005,True,0.000,0.000,-4.251,-5.005,6.566,0.000,0.000,0.000,1.173
16:10:10.198,1.407,-3.109,-2.673,True,0.000,0.000,-3.109,-2.673,4.100,0.000,0.000,0.000,1.064
16:10:10.219,1.428,-4.584,-4.545,True,0.000,0.000,-4.584,-4.545,6.455,0.000,0.000,0.000,1.111
16:10:10.239,1.448,-3.433,-2.523,True,0.000,0.000,-3.433,-2.523,4.260,0.000,0.000,0.000,0.947
16:10:10.259,1.468,-2.581,-1.073,True,0.000,0.000,-2.581,-1.073,2.795,0.000,0.000,0.000,0.512
16:10:10.279,1.489,-2.761,-1.879,True,0.000,0.000,-2.761,-1.879,3.339,0.000,0.000,0.000,1.119
16:10:10.299,1.509,-2.193,-0.840,True,0.000,0.000,-2.193,-0.840,2.348,0.000,0.000,0.000,0.559
16:10:10.321,1.530,-4.103,-4.544,True,0.000,0.000,-4.103,-4.544,6.123,0.000,0.000,0.000,1.141
16:10:10.340,1.550,-5.541,-6.442,True,0.000,0.000,-5.541,-6.442,8.498,0.000,0.000,0.000,0.786
16:10:10.361,1.570,-6.540,-7.725,True,0.000,0.000,-6.540,-7.725,10.122,0.000,0.000,0.000,0.875
16:10:10.381,1.590,-4.886,-5.869,True,0.000,0.000,-4.886,-5.869,7.637,0.000,0.000,0.000,0.688
16:10:10.402,1.611,-5.859,-6.995,True,0.000,0.000,-5.859,-6.995,9.125,0.000,0.000,0.000,0.932
16:10:10.422,1.631,-4.271,-4.258,True,0.000,0.000,-4.271,-4.258,6.031,0.000,0.000,0.000,0.528
16:10:10.443,1.652,-5.355,-5.711,True,0.000,0.000,-5.355,-5.711,7.829,0.000,0.000,0.000,1.159
16:10:10.463,1.672,-6.174,-6.828,True,0.000,0.000,-6.174,-6.828,9.205,0.000,0.000,0.000,0.827
16:10:10.484,1.693,-4.462,-3.226,True,0.000,0.000,-4.462,-3.226,5.506,0.000,0.000,0.000,1.071
16:10:10.503,1.712,-3.168,-1.431,True,0.000,0.000,-3.168,-1.431,3.476,0.000,0.000,0.000,0.679
16:10:10.524,1.733,-4.549,-4.635,True,0.000,0.000,-4.549,-4.635,6.494,0.000,0.000,0.000,0.756
16:10:10.544,1.753,-4.111,-4.480,True,0.000,0.000,-4.111,-4.480,6.080,0.000,0.000,0.000,0.597
16:10:10.564,1.773,-3.031,-3.465,True,0.000,0.000,-3.031,-3.465,4.604,0.000,0.000,0.000,0.518
16:10:10.585,1.794,-2.267,-1.840,True,0.000,0.000,-2.267,-1.840,2.920,0.000,0.000,0.000,1.299
16:10:10.606,1.815,-3.296,-5.091,True,0.000,0.000,-3.296,-5.091,6.065,0.000,0.000,0.000,1.077
16:10:10.626,1.835,-3.357,-3.152,True,0.000,0.000,-3.357,-3.152,4.604,0.000,0.000,0.000,0.720
16:10:10.646,1.855,-4.935,-6.069,True,0.000,0.000,-4.935,-6.069,7.822,0.000,0.000,0.000,1.015
16:10:10.666,1.875,-6.847,-5.581,True,0.000,0.000,-6.847,-5.581,8.833,0.000,0.000,0.000,0.524
16:10:10.687,1.896,-7.408,-7.761,True,0.000,0.000,-7.408,-7.761,10.729,0.000,0.000,0.000,1.038
16:10:10.708,1.917,-5.402,-4.896,True,0.000,0.000,-5.402,-4.896,7.291,0.000,0.000,0.000,1.046
16:10:10.727,1.937,-5.395,-4.720,True,0.000,0.000,-5.395,-4.720,7.168,0.000,0.000,0.000,0.473
16:10:10.748,1.957,-6.331,-6.577,True,0.000,0.000,-6.331,-6.577,9.129,0.000,0.000,0.000,1.096
16:10:10.769,1.978,-6.804,-7.513,True,0.000,0.000,-6.804,-7.513,10.136,0.000,0.000,0.000,0.891
16:10:10.789,1.998,-4.699,-4.403,True,0.000,0.000,-4.699,-4.403,6.440,0.000,0.000,0.000,0.745
16:10:10.809,2.018,-6.312,-4.010,True,0.000,0.000,-6.312,-4.010,7.478,0.000,0.000,0.000,0.631
16:10:10.829,2.039,-4.458,-5.553,True,0.000,0.000,-4.458,-5.553,7.121,0.000,0.000,0.000,0.951
16:10:10.850,2.059,-4.611,-6.736,True,0.000,0.000,-4.611,-6.736,8.163,0.000,0.000,0.000,1.048
16:10:10.870,2.079,-3.255,-4.058,True,0.000,0.000,-3.255,-4.058,5.202,0.000,0.000,0.000,0.713
16:10:10.890,2.099,-2.306,-2.050,True,0.000,0.000,-2.306,-2.050,3.086,0.000,0.000,0.000,0.553
16:10:10.911,2.120,-3.992,-5.069,True,0.000,0.000,-3.992,-5.069,6.452,0.000,0.000,0.000,0.982
16:10:10.931,2.141,-5.314,-7.393,True,0.000,0.000,-5.314,-7.393,9.105,0.000,0.000,0.000,1.025
16:10:10.952,2.161,-6.273,-8.166,True,0.000,0.000,-6.273,-8.166,10.297,0.000,0.000,0.000,1.035
16:10:10.972,2.181,-6.151,-9.483,True,0.000,0.000,-6.151,-9.483,11.303,0.000,0.000,0.000,1.412
16:10:10.992,2.201,-5.980,-9.438,True,0.000,0.000,-5.980,-9.438,11.172,0.000,0.000,0.000,1.036
16:10:11.012,2.221,-6.563,-9.259,True,0.000,0.000,-6.563,-9.259,11.349,0.000,0.000,0.000,0.527
16:10:11.033,2.242,-4.670,-5.511,True,0.000,0.000,-4.670,-5.511,7.224,0.000,0.000,0.000,0.871
16:10:11.053,2.263,-4.771,-6.241,True,0.000,0.000,-4.771,-6.241,7.856,0.000,0.000,0.000,0.701
16:10:11.073,2.283,-5.653,-6.883,True,0.000,0.000,-5.653,-6.883,8.907,0.000,0.000,0.000,0.545
16:10:11.094,2.303,-6.322,-7.399,True,0.000,0.000,-6.322,-7.399,9.732,0.000,0.000,0.000,0.553
16:10:11.115,2.324,-7.551,-6.024,True,0.000,0.000,-7.551,-6.024,9.660,0.000,0.000,0.000,0.747
16:10:11.135,2.344,-6.880,-6.769,True,0.000,0.000,-6.880,-6.769,9.651,0.000,0.000,0.000,0.567
16:10:11.155,2.364,-4.787,-4.720,True,0.000,0.000,-4.787,-4.720,6.723,0.000,0.000,0.000,0.546
16:10:11.176,2.385,-4.761,-6.752,True,0.000,0.000,-4.761,-6.752,8.262,0.000,0.000,0.000,0.746
16:10:11.197,2.406,-3.287,-3.922,True,0.000,0.000,-3.287,-3.922,5.117,0.000,0.000,0.000,1.046
16:10:11.217,2.426,-2.269,-1.847,True,0.000,0.000,-2.269,-1.847,2.925,0.000,0.000,0.000,1.046
16:10:11.237,2.446,-1.629,-0.447,True,0.000,0.000,-1.629,-0.447,1.689,0.000,0.000,0.000,0.550
16:10:11.257,2.467,-3.566,-3.113,True,0.000,0.000,-3.566,-3.113,4.734,0.000,0.000,0.000,0.884
16:10:11.278,2.487,-2.798,-2.591,True,0.000,0.000,-2.798,-2.591,3.814,0.000,0.000,0.000,1.116
16:10:11.299,2.508,-3.762,-5.744,True,0.000,0.000,-3.762,-5.744,6.867,0.000,0.000,0.000,0.973
16:10:11.319,2.529,-4.492,-8.066,True,0.000,0.000,-4.492,-8.066,9.232,0.000,0.000,0.000,1.199
16:10:11.339,2.548,-3.481,-5.244,True,0.000,0.000,-3.481,-5.244,6.294,0.000,0.000,0.000,0.754
16:10:11.360,2.569,-2.702,-3.017,True,0.000,0.000,-2.702,-3.017,4.050,0.000,0.000,0.000,1.003
16:10:11.380,2.589,-3.670,-4.907,True,0.000,0.000,-3.670,-4.907,6.128,0.000,0.000,0.000,0.894
16:10:11.400,2.609,-5.176,-7.247,True,0.000,0.000,-5.176,-7.247,8.905,0.000,0.000,0.000,0.863
16:10:11.420,2.629,-3.972,-4.533,True,0.000,0.000,-3.972,-4.533,6.027,0.000,0.000,0.000,0.610
16:10:11.441,2.650,-5.309,-5.967,True,0.000,0.000,-5.309,-5.967,7.987,0.000,0.000,0.000,0.836
16:10:11.461,2.670,-6.278,-6.163,True,0.000,0.000,-6.278,-6.163,8.798,0.000,0.000,0.000,0.575
16:10:11.482,2.691,-6.923,-7.148,True,0.000,0.000,-6.923,-7.148,9.951,0.000,0.000,0.000,0.904
16:10:11.503,2.712,-7.306,-7.827,True,0.000,0.000,-7.306,-7.827,10.707,0.000,0.000,0.000,0.547
16:10:11.523,2.732,-5.211,-4.737,True,0.000,0.000,-5.211,-4.737,7.042,0.000,0.000,0.000,0.641
16:10:11.544,2.753,-3.611,-3.296,True,0.000,0.000,-3.611,-3.296,4.889,0.000,0.000,0.000,0.641
16:10:11.564,2.773,-2.481,-1.448,True,0.000,0.000,-2.481,-1.448,2.873,0.000,0.000,0.000,0.852
16:10:11.585,2.794,-2.516,-0.225,True,0.000,0.000,-2.516,-0.225,2.526,0.000,0.000,0.000,0.995
16:10:11.605,2.814,-1.894,0.497,True,0.000,0.000,-1.894,0.497,1.958,0.000,0.000,0.000,0.559
16:10:11.625,2.835,-3.809,-2.667,True,0.000,0.000,-3.809,-2.667,4.650,0.000,0.000,0.000,0.608
16:10:11.646,2.855,-4.524,-5.996,True,0.000,0.000,-4.524,-5.996,7.511,0.000,0.000,0.000,0.966
16:10:11.667,2.876,-5.783,-7.509,True,0.000,0.000,-5.783,-7.509,9.478,0.000,0.000,0.000,1.103
16:10:11.687,2.896,-6.651,-8.446,True,0.000,0.000,-6.651,-8.446,10.751,0.000,0.000,0.000,0.675
16:10:11.707,2.917,-7.194,-8.066,True,0.000,0.000,-7.194,-8.066,10.808,0.000,0.000,0.000,1.134
16:10:11.728,2.937,-8.249,-6.739,True,0.000,0.000,-8.249,-6.739,10.652,0.000,0.000,0.000,0.830
16:10:11.749,2.958,-5.872,-3.032,True,0.000,0.000,-5.872,-3.032,6.609,0.000,0.000,0.000,0.925
16:10:11.769,2.978,-5.556,-4.716,True,0.000,0.000,-5.556,-4.716,7.287,0.000,0.000,0.000,1.263
16:10:11.789,2.998,-6.106,-6.082,True,0.000,0.000,-6.106,-6.082,8.618,0.000,0.000,0.000,1.052
16:10:11.810,3.019,-4.249,-3.589,True,0.000,0.000,-4.249,-3.589,5.562,0.000,0.000,0.000,0.952
16:10:11.830,3.039,-2.898,-1.745,True,0.000,0.000,-2.898,-1.745,3.383,0.000,0.000,0.000,1.004
16:10:11.851,3.060,-2.757,-4.005,True,0.000,0.000,-2.757,-4.005,4.862,0.000,0.000,0.000,1.063
16:10:11.871,3.080,-2.007,-2.267,True,0.000,0.000,-2.007,-2.267,3.027,0.000,0.000,0.000,0.843
16:10:11.891,3.100,-3.074,-4.525,True,0.000,0.000,-3.074,-4.525,5.470,0.000,0.000,0.000,0.576
16:10:11.911,3.120,-2.422,-1.846,True,0.000,0.000,-2.422,-1.846,3.045,0.000,0.000,0.000,0.586
16:10:11.932,3.141,-5.019,-2.497,True,0.000,0.000,-5.019,-2.497,5.606,0.000,0.000,0.000,1.065
16:10:11.953,3.162,-3.903,-1.298,True,0.000,0.000,-3.903,-1.298,4.113,0.000,0.000,0.000,1.198
16:10:11.973,3.182,-5.299,-3.977,True,0.000,0.000,-5.299,-3.977,6.625,0.000,0.000,0.000,0.611
16:10:11.994,3.203,-4.018,-5.996,True,0.000,0.000,-4.018,-5.996,7.218,0.000,0.000,0.000,1.332
16:10:12.013,3.223,-3.022,-3.886,True,0.000,0.000,-3.022,-3.886,4.922,0.000,0.000,0.000,0.532
16:10:12.033,3.243,-4.591,-5.739,True,0.000,0.000,-4.591,-5.739,7.349,0.000,0.000,0.000,0.528
16:10:12.054,3.263,-6.537,-5.323,True,0.000,0.000,-6.537,-5.323,8.430,0.000,0.000,0.000,0.896
16:10:12.074,3.283,-4.872,-4.059,True,0.000,0.000,-4.872,-4.059,6.341,0.000,0.000,0.000,0.586
16:10:12.095,3.304,-3.555,-2.222,True,0.000,0.000,-3.555,-2.222,4.192,0.000,0.000,0.000,0.863
16:10:12.116,3.325,-2.594,-1.792,True,0.000,0.000,-2.594,-1.792,3.153,0.000,0.000,0.000,1.084
16:10:12.136,3.345,-2.711,-4.213,True,0.000,0.000,-2.711,-4.213,5.010,0.000,0.000,0.000,1.108
16:10:12.157,3.366,-2.113,-2.542,True,0.000,0.000,-2.113,-2.542,3.306,0.000,0.000,0.000,1.054
16:10:12.177,3.386,-4.016,-4.806,True,0.000,0.000,-4.016,-4.806,6.263,0.000,0.000,0.000,1.070
16:10:12.198,3.407,-5.460,-6.491,True,0.000,0.000,-5.460,-6.491,8.482,0.000,0.000,0.000,1.312
16:10:12.218,3.427,-4.187,-5.010,True,0.000,0.000,-4.187,-5.010,6.529,0.000,0.000,0.000,0.926
16:10:12.238,3.447,-3.176,-2.936,True,0.000,0.000,-3.176,-2.936,4.325,0.000,0.000,0.000,0.702
16:10:12.259,3.468,-5.479,-3.166,True,0.000,0.000,-5.479,-3.166,6.328,0.000,0.000,0.000,1.026
16:10:12.279,3.488,-7.187,-3.405,True,0.000,0.000,-7.187,-3.405,7.952,0.000,0.000,0.000,0.993
16:10:12.299,3.508,-7.591,-5.378,True,0.000,0.000,-7.591,-5.378,9.303,0.000,0.000,0.000,1.031
16:10:12.320,3.529,-7.759,-6.830,True,0.000,0.000,-7.759,-6.830,10.337,0.000,0.000,0.000,1.136
16:10:12.340,3.549,-6.249,-7.813,True,0.000,0.000,-6.249,-7.813,10.005,0.000,0.000,0.000,0.947
16:10:12.359,3.569,-6.591,-8.412,True,0.000,0.000,-6.591,-8.412,10.687,0.000,0.000,0.000,0.577
16:10:12.381,3.590,-7.602,-6.965,True,0.000,0.000,-7.602,-6.965,10.310,0.000,0.000,0.000,1.176
16:10:12.401,3.610,-7.562,-7.557,True,0.000,0.000,-7.562,-7.557,10.691,0.000,0.000,0.000,0.551
16:10:12.421,3.630,-7.480,-7.964,True,0.000,0.000,-7.480,-7.964,10.926,0.000,0.000,0.000,0.950
16:10:12.441,3.650,-7.384,-8.219,True,0.000,0.000,-7.384,-8.219,11.048,0.000,0.000,0.000,0.791
16:10:12.462,3.671,-7.291,-8.356,True,0.000,0.000,-7.291,-8.356,11.089,0.000,0.000,0.000,1.128
16:10:12.481,3.691,-7.211,-8.410,True,0.000,0.000,-7.211,-8.410,11.078,0.000,0.000,0.000,0.611
16:10:12.502,3.711,-6.387,-8.410,True,0.000,0.000,-6.387,-8.410,10.560,0.000,0.000,0.000,0.837
16:10:12.522,3.731,-4.266,-8.380,True,0.000,0.000,-4.266,-8.380,9.403,0.000,0.000,0.000,0.884
16:10:12.543,3.752,-2.763,-4.820,True,0.000,0.000,-2.763,-4.820,5.556,0.000,0.000,0.000,1.354
16:10:12.563,3.772,-1.790,-2.224,True,0.000,0.000,-1.790,-2.224,2.854,0.000,0.000,0.000,1.127
16:10:12.583,3.792,-3.517,-3.998,True,0.000,0.000,-3.517,-3.998,5.325,0.000,0.000,0.000,0.948
16:10:12.603,3.812,-2.637,-1.985,True,0.000,0.000,-2.637,-1.985,3.300,0.000,0.000,0.000,0.748
16:10:12.623,3.832,-2.032,-0.605,True,0.000,0.000,-2.032,-0.605,2.120,0.000,0.000,0.000,0.667
16:10:12.644,3.853,-1.657,0.253,True,0.000,0.000,-1.657,0.253,1.676,0.000,0.000,0.000,0.986
16:10:12.664,3.873,-1.456,0.710,True,0.000,0.000,-1.456,0.710,1.620,0.000,0.000,0.000,0.615
16:10:12.684,3.894,-2.902,-2.629,True,0.000,0.000,-2.902,-2.629,3.916,0.000,0.000,0.000,1.280
16:10:12.705,3.914,-2.485,-1.669,True,0.000,0.000,-2.485,-1.669,2.994,0.000,0.000,0.000,1.217
16:10:12.725,3.934,-2.163,-0.925,True,0.000,0.000,-2.163,-0.925,2.352,0.000,0.000,0.000,0.797
16:10:12.745,3.955,-3.455,-3.907,True,0.000,0.000,-3.455,-3.907,5.216,0.000,0.000,0.000,1.308
16:10:12.766,3.975,-2.886,-6.107,True,0.000,0.000,-2.886,-6.107,6.755,0.000,0.000,0.000,1.236
16:10:12.787,3.996,-2.430,-4.965,True,0.000,0.000,-2.430,-4.965,5.528,0.000,0.000,0.000,1.731
16:10:12.807,4.017,-2.091,-3.968,True,0.000,0.000,-2.091,-3.968,4.486,0.000,0.000,0.000,1.424
16:10:12.827,4.037,-1.860,-2.293,True,0.000,0.000,-1.860,-2.293,2.953,0.000,0.000,0.000,1.329
16:10:12.848,4.057,-1.717,-1.068,True,0.000,0.000,-1.717,-1.068,2.023,0.000,0.000,0.000,1.363
16:10:12.869,4.078,-1.642,-0.245,True,0.000,0.000,-1.642,-0.245,1.660,0.000,0.000,0.000,1.524
16:10:12.889,4.098,-1.614,0.253,True,0.000,0.000,-1.614,0.253,1.633,0.000,0.000,0.000,1.491
16:10:12.909,4.118,-3.900,-3.889,True,0.000,0.000,-3.900,-3.889,5.507,0.000,0.000,0.000,1.493
16:10:12.930,4.139,-3.291,-2.598,True,0.000,0.000,-3.291,-2.598,4.193,0.000,0.000,0.000,1.358
16:10:12.950,4.159,-2.764,-1.556,True,0.000,0.000,-2.764,-1.556,3.172,0.000,0.000,0.000,1.226
16:10:12.970,4.180,-2.346,0.101,True,0.000,0.000,-2.346,0.101,2.348,0.000,0.000,0.000,1.261
16:10:12.991,4.201,-2.039,-0.485,True,0.000,0.000,-2.039,-0.485,2.096,0.000,0.000,0.000,1.491
16:10:13.012,4.221,-1.832,-1.002,True,0.000,0.000,-1.832,-1.002,2.089,0.000,0.000,0.000,1.687
16:10:13.032,4.241,-1.707,-1.420,True,0.000,0.000,-1.707,-1.420,2.220,0.000,0.000,0.000,1.486
16:10:13.053,4.262,-1.642,-0.851,True,0.000,0.000,-1.642,-0.851,1.850,0.000,0.000,0.000,1.413
16:10:13.073,4.282,-2.382,-0.427,True,0.000,0.000,-2.382,-0.427,2.420,0.000,0.000,0.000,1.316
16:10:13.093,4.303,-2.177,-0.135,True,0.000,0.000,-2.177,-0.135,2.181,0.000,0.000,0.000,1.507
16:10:13.114,4.323,-2.012,0.047,True,0.000,0.000,-2.012,0.047,2.013,0.000,0.000,0.000,1.704
16:10:13.134,4.343,-1.889,0.145,True,0.000,0.000,-1.889,0.145,1.895,0.000,0.000,0.000,0.964
16:10:13.154,4.364,-3.327,-3.332,True,0.000,0.000,-3.327,-3.332,4.709,0.000,0.000,0.000,1.047
16:10:13.175,4.384,-2.856,-5.882,True,0.000,0.000,-2.856,-5.882,6.539,0.000,0.000,0.000,0.780
16:10:13.195,4.404,-4.743,-8.481,True,0.000,0.000,-4.743,-8.481,9.717,0.000,0.000,0.000,0.664
16:10:13.215,4.424,-6.092,-8.405,True,0.000,0.000,-6.092,-8.405,10.380,0.000,0.000,0.000,0.751
16:10:13.236,4.445,-7.735,-7.211,True,0.000,0.000,-7.735,-7.211,10.575,0.000,0.000,0.000,0.900
16:10:13.256,4.465,-5.755,-5.281,True,0.000,0.000,-5.755,-5.281,7.811,0.000,0.000,0.000,1.195
16:10:13.277,4.486,-4.155,-3.798,True,0.000,0.000,-4.155,-3.798,5.630,0.000,0.000,0.000,0.858
16:10:13.297,4.506,-3.723,-1.867,True,0.000,0.000,-3.723,-1.867,4.165,0.000,0.000,0.000,0.820
16:10:13.318,4.527,-3.454,-0.547,True,0.000,0.000,-3.454,-0.547,3.497,0.000,0.000,0.000,1.042
16:10:13.338,4.547,-4.072,-3.247,True,0.000,0.000,-4.072,-3.247,5.208,0.000,0.000,0.000,1.068
16:10:13.358,4.567,-3.046,-1.850,True,0.000,0.000,-3.046,-1.850,3.564,0.000,0.000,0.000,0.601
16:10:13.379,4.589,-4.595,-2.593,True,0.000,0.000,-4.595,-2.593,5.276,0.000,0.000,0.000,1.149
16:10:13.399,4.608,-5.768,-4.949,True,0.000,0.000,-5.768,-4.949,7.601,0.000,0.000,0.000,0.527
16:10:13.420,4.629,-5.067,-4.034,True,0.000,0.000,-5.067,-4.034,6.476,0.000,0.000,0.000,0.876
16:10:13.440,4.649,-3.725,-3.276,True,0.000,0.000,-3.725,-3.276,4.960,0.000,0.000,0.000,0.551
16:10:13.461,4.670,-2.729,-1.819,True,0.000,0.000,-2.729,-1.819,3.279,0.000,0.000,0.000,0.898
16:10:13.482,4.691,-4.332,-1.654,True,0.000,0.000,-4.332,-1.654,4.637,0.000,0.000,0.000,0.913
16:10:13.502,4.711,-5.568,-2.484,True,0.000,0.000,-5.568,-2.484,6.097,0.000,0.000,0.000,0.990
16:10:13.522,4.731,-4.164,-1.387,True,0.000,0.000,-4.164,-1.387,4.389,0.000,0.000,0.000,0.916
16:10:13.543,4.752,-4.604,-4.115,True,0.000,0.000,-4.604,-4.115,6.175,0.000,0.000,0.000,1.008
16:10:13.563,4.772,-3.414,-2.630,True,0.000,0.000,-3.414,-2.630,4.309,0.000,0.000,0.000,0.975
16:10:13.585,4.794,-4.825,-4.989,True,0.000,0.000,-4.825,-4.989,6.940,0.000,0.000,0.000,1.586
16:10:13.605,4.814,-3.610,-3.190,True,0.000,0.000,-3.610,-3.190,4.817,0.000,0.000,0.000,1.063
16:10:13.625,4.834,-2.699,-1.789,True,0.000,0.000,-2.699,-1.789,3.238,0.000,0.000,0.000,0.943
16:10:13.645,4.855,-2.071,-0.780,True,0.000,0.000,-2.071,-0.780,2.213,0.000,0.000,0.000,0.839
16:10:13.666,4.875,-2.438,-0.992,True,0.000,0.000,-2.438,-0.992,2.632,0.000,0.000,0.000,1.028
16:10:13.686,4.895,-2.016,0.521,True,0.000,0.000,-2.016,0.521,2.082,0.000,0.000,0.000,0.602
16:10:13.707,4.916,-1.746,0.683,True,0.000,0.000,-1.746,0.683,1.875,0.000,0.000,0.000,0.760
16:10:13.727,4.936,-3.879,-2.822,True,0.000,0.000,-3.879,-2.822,4.796,0.000,0.000,0.000,0.948
16:10:13.748,4.957,-5.470,-5.448,True,0.000,0.000,-5.470,-5.448,7.720,0.000,0.000,0.000,0.948
16:10:13.768,4.977,-4.280,-3.747,True,0.000,0.000,-4.280,-3.747,5.688,0.000,0.000,0.000,1.180
16:10:13.789,4.998,-3.305,-5.851,True,0.000,0.000,-3.305,-5.851,6.720,0.000,0.000,0.000,1.057
16:10:13.809,5.018,-5.613,-5.563,True,0.000,0.000,-5.613,-5.563,7.902,0.000,0.000,0.000,1.168
16:10:13.829,5.038,-5.785,-6.981,True,0.000,0.000,-5.785,-6.981,9.066,0.000,0.000,0.000,0.525
16:10:13.850,5.059,-5.063,-7.047,True,0.000,0.000,-5.063,-7.047,8.678,0.000,0.000,0.000,0.913
16:10:13.870,5.080,-4.471,-6.975,True,0.000,0.000,-4.471,-6.975,8.285,0.000,0.000,0.000,1.116
16:10:13.891,5.100,-5.546,-8.589,True,0.000,0.000,-5.546,-8.589,10.224,0.000,0.000,0.000,1.229
16:10:13.911,5.120,-4.053,-5.303,True,0.000,0.000,-4.053,-5.303,6.675,0.000,0.000,0.000,0.572
16:10:13.932,5.141,-2.932,-6.321,True,0.000,0.000,-2.932,-6.321,6.968,0.000,0.000,0.000,0.935
16:10:13.952,5.161,-2.157,-3.601,True,0.000,0.000,-2.157,-3.601,4.198,0.000,0.000,0.000,0.637
16:10:13.973,5.182,-1.669,-5.143,True,0.000,0.000,-1.669,-5.143,5.407,0.000,0.000,0.000,1.065
16:10:13.993,5.202,-3.687,-6.377,True,0.000,0.000,-3.687,-6.377,7.366,0.000,0.000,0.000,0.876
16:10:14.013,5.222,-3.713,-5.532,True,0.000,0.000,-3.713,-5.532,6.662,0.000,0.000,0.000,0.532
16:10:14.033,5.242,-3.706,-6.636,True,0.000,0.000,-3.706,-6.636,7.601,0.000,0.000,0.000,0.618
16:10:14.053,5.263,-2.920,-3.929,True,0.000,0.000,-2.920,-3.929,4.895,0.000,0.000,0.000,0.521
16:10:14.074,5.283,-2.336,-1.923,True,0.000,0.000,-2.336,-1.923,3.026,0.000,0.000,0.000,1.029
16:10:14.095,5.304,-2.698,-2.311,True,0.000,0.000,-2.698,-2.311,3.552,0.000,0.000,0.000,0.994
16:10:14.115,5.324,-2.241,-0.984,True,0.000,0.000,-2.241,-0.984,2.447,0.000,0.000,0.000,0.487
16:10:14.136,5.345,-1.925,-0.112,True,0.000,0.000,-1.925,-0.112,1.928,0.000,0.000,0.000,1.110
16:10:14.156,5.365,-4.010,-3.119,True,0.000,0.000,-4.010,-3.119,5.080,0.000,0.000,0.000,0.936
16:10:14.177,5.386,-4.036,-3.668,True,0.000,0.000,-4.036,-3.668,5.454,0.000,0.000,0.000,0.923
16:10:14.197,5.406,-3.229,-3.151,True,0.000,0.000,-3.229,-3.151,4.512,0.000,0.000,0.000,0.606
16:10:14.217,5.426,-5.642,-2.724,True,0.000,0.000,-5.642,-2.724,6.265,0.000,0.000,0.000,0.696
16:10:14.238,5.447,-5.109,-5.037,True,0.000,0.000,-5.109,-5.037,7.174,0.000,0.000,0.000,0.790
16:10:14.258,5.467,-3.857,-2.328,True,0.000,0.000,-3.857,-2.328,4.505,0.000,0.000,0.000,1.045
16:10:14.278,5.487,-2.897,-1.148,True,0.000,0.000,-2.897,-1.148,3.116,0.000,0.000,0.000,0.543
16:10:14.299,5.508,-3.739,-3.856,True,0.000,0.000,-3.739,-3.856,5.371,0.000,0.000,0.000,0.950
16:10:14.319,5.528,-3.642,-5.906,True,0.000,0.000,-3.642,-5.906,6.939,0.000,0.000,0.000,0.566
16:10:14.340,5.549,-2.812,-3.824,True,0.000,0.000,-2.812,-3.824,4.746,0.000,0.000,0.000,0.843
16:10:14.360,5.569,-2.216,-2.185,True,0.000,0.000,-2.216,-2.185,3.112,0.000,0.000,0.000,0.962
16:10:14.380,5.589,-3.346,-4.510,True,0.000,0.000,-3.346,-4.510,5.615,0.000,0.000,0.000,0.984
16:10:14.401,5.610,-2.698,-2.749,True,0.000,0.000,-2.698,-2.749,3.851,0.000,0.000,0.000,0.899
16:10:14.422,5.631,-2.218,-1.421,True,0.000,0.000,-2.218,-1.421,2.634,0.000,0.000,0.000,1.034
16:10:14.442,5.651,-1.892,-0.497,True,0.000,0.000,-1.892,-0.497,1.956,0.000,0.000,0.000,0.713
16:10:14.462,5.671,-4.737,-1.670,True,0.000,0.000,-4.737,-1.670,5.023,0.000,0.000,0.000,0.837
16:10:14.482,5.691,-5.318,-4.381,True,0.000,0.000,-5.318,-4.381,6.890,0.000,0.000,0.000,0.625
16:10:14.503,5.712,-4.123,-3.734,True,0.000,0.000,-4.123,-3.734,5.563,0.000,0.000,0.000,0.674
16:10:14.524,5.733,-3.164,-3.165,True,0.000,0.000,-3.164,-3.165,4.475,0.000,0.000,0.000,0.887
16:10:14.544,5.753,-3.214,-4.465,True,0.000,0.000,-3.214,-4.465,5.501,0.000,0.000,0.000,0.812
16:10:14.564,5.774,-2.519,-2.764,True,0.000,0.000,-2.519,-2.764,3.739,0.000,0.000,0.000,1.043
16:10:14.585,5.794,-3.556,-4.984,True,0.000,0.000,-3.556,-4.984,6.123,0.000,0.000,0.000,1.171
16:10:14.605,5.814,-2.831,-2.228,True,0.000,0.000,-2.831,-2.228,3.602,0.000,0.000,0.000,0.684
16:10:14.625,5.834,-2.292,-1.912,True,0.000,0.000,-2.292,-1.912,2.985,0.000,0.000,0.000,0.557
16:10:14.646,5.855,-1.922,-1.748,True,0.000,0.000,-1.922,-1.748,2.598,0.000,0.000,0.000,1.013
16:10:14.667,5.876,-4.739,-2.567,True,0.000,0.000,-4.739,-2.567,5.390,0.000,0.000,0.000,1.052
16:10:14.687,5.896,-3.781,-1.455,True,0.000,0.000,-3.781,-1.455,4.052,0.000,0.000,0.000,0.525
16:10:14.707,5.917,-2.997,-5.044,True,0.000,0.000,-2.997,-5.044,5.867,0.000,0.000,0.000,0.916
16:10:14.728,5.937,-2.405,-3.302,True,0.000,0.000,-2.405,-3.302,4.085,0.000,0.000,0.000,0.944
16:10:14.748,5.957,-1.993,-2.798,True,0.000,0.000,-1.993,-2.798,3.435,0.000,0.000,0.000,1.072
16:10:14.768,5.977,-4.015,-5.058,True,0.000,0.000,-4.015,-5.058,6.458,0.000,0.000,0.000,0.592
16:10:14.789,5.998,-3.243,-3.195,True,0.000,0.000,-3.243,-3.195,4.553,0.000,0.000,0.000,1.134
16:10:14.809,6.018,-2.629,-1.757,True,0.000,0.000,-2.629,-1.757,3.162,0.000,0.000,0.000,0.523
16:10:14.830,6.039,-2.177,0.149,True,0.000,0.000,-2.177,0.149,2.182,0.000,0.000,0.000,0.679
16:10:14.851,6.060,-4.155,-2.058,True,0.000,0.000,-4.155,-2.058,4.637,0.000,0.000,0.000,0.931
16:10:14.870,6.080,-4.103,-4.674,True,0.000,0.000,-4.103,-4.674,6.219,0.000,0.000,0.000,0.574
16:10:14.891,6.100,-3.244,-3.059,True,0.000,0.000,-3.244,-3.059,4.459,0.000,0.000,0.000,0.703
16:10:14.911,6.120,-3.341,-5.294,True,0.000,0.000,-3.341,-5.294,6.260,0.000,0.000,0.000,0.550
16:10:14.932,6.141,-3.419,-5.146,True,0.000,0.000,-3.419,-5.146,6.178,0.000,0.000,0.000,0.798
16:10:14.952,6.161,-2.716,-3.177,True,0.000,0.000,-2.716,-3.177,4.180,0.000,0.000,0.000,0.818
16:10:14.972,6.181,-4.487,-5.196,True,0.000,0.000,-4.487,-5.196,6.865,0.000,0.000,0.000,0.589
16:10:14.993,6.202,-5.039,-7.574,True,0.000,0.000,-5.039,-7.574,9.097,0.000,0.000,0.000,0.796
16:10:15.013,6.223,-5.383,-8.359,True,0.000,0.000,-5.383,-8.359,9.942,0.000,0.000,0.000,0.998
16:10:15.034,6.243,-4.046,-5.265,True,0.000,0.000,-4.046,-5.265,6.640,0.000,0.000,0.000,0.993
16:10:15.054,6.263,-3.015,-6.396,True,0.000,0.000,-3.015,-6.396,7.071,0.000,0.000,0.000,0.886
16:10:15.074,6.283,-2.281,-4.612,True,0.000,0.000,-2.281,-4.612,5.145,0.000,0.000,0.000,0.494
16:10:15.095,6.304,-1.802,-2.412,True,0.000,0.000,-1.802,-2.412,3.011,0.000,0.000,0.000,1.052
16:10:15.115,6.324,-1.525,-4.390,True,0.000,0.000,-1.525,-4.390,4.648,0.000,0.000,0.000,0.488
16:10:15.136,6.345,-1.396,-2.447,True,0.000,0.000,-1.396,-2.447,2.817,0.000,0.000,0.000,0.961
16:10:15.156,6.365,-1.367,-1.930,True,0.000,0.000,-1.367,-1.930,2.365,0.000,0.000,0.000,0.913
16:10:15.176,6.386,-1.397,-1.648,True,0.000,0.000,-1.397,-1.648,2.161,0.000,0.000,0.000,0.848
16:10:15.197,6.406,-1.458,-0.656,True,0.000,0.000,-1.458,-0.656,1.599,0.000,0.000,0.000,1.101
16:10:15.217,6.426,-1.530,-0.892,True,0.000,0.000,-1.530,-0.892,1.771,0.000,0.000,0.000,1.121
16:10:15.237,6.446,-1.598,-0.284,True,0.000,0.000,-1.598,-0.284,1.623,0.000,0.000,0.000,0.611
16:10:15.258,6.467,-1.657,0.096,True,0.000,0.000,-1.657,0.096,1.660,0.000,0.000,0.000,1.119
16:10:15.278,6.487,-1.703,-0.578,True,0.000,0.000,-1.703,-0.578,1.799,0.000,0.000,0.000,0.582
16:10:15.298,6.508,-1.737,-0.256,True,0.000,0.000,-1.737,-0.256,1.756,0.000,0.000,0.000,0.926
16:10:15.319,6.528,-3.283,-4.437,True,0.000,0.000,-3.283,-4.437,5.519,0.000,0.000,0.000,0.769
16:10:15.340,6.549,-2.878,-3.104,True,0.000,0.000,-2.878,-3.104,4.233,0.000,0.000,0.000,1.034
16:10:15.359,6.568,-2.516,-2.856,True,0.000,0.000,-2.516,-2.856,3.806,0.000,0.000,0.000,0.536
16:10:15.380,6.589,-2.221,-1.739,True,0.000,0.000,-2.221,-1.739,2.821,0.000,0.000,0.000,1.108
16:10:15.401,6.610,-1.999,-1.776,True,0.000,0.000,-1.999,-1.776,2.674,0.000,0.000,0.000,1.128
16:10:15.421,6.630,-3.368,-5.344,True,0.000,0.000,-3.368,-5.344,6.317,0.000,0.000,0.000,1.048
16:10:15.441,6.650,-3.614,-7.070,True,0.000,0.000,-3.614,-7.070,7.940,0.000,0.000,0.000,0.976
16:10:15.461,6.670,-2.983,-4.665,True,0.000,0.000,-2.983,-4.665,5.537,0.000,0.000,0.000,0.928
16:10:15.481,6.690,-3.241,-2.743,True,0.000,0.000,-3.241,-2.743,4.246,0.000,0.000,0.000,0.541
16:10:15.502,6.711,-2.661,-1.325,True,0.000,0.000,-2.661,-1.325,2.972,0.000,0.000,0.000,0.821
16:10:15.522,6.731,-2.225,-0.361,True,0.000,0.000,-2.225,-0.361,2.254,0.000,0.000,0.000,0.769
16:10:15.543,6.752,-2.683,0.231,True,0.000,0.000,-2.683,0.231,2.693,0.000,0.000,0.000,0.912
16:10:15.563,6.772,-2.284,0.540,True,0.000,0.000,-2.284,0.540,2.347,0.000,0.000,0.000,0.774
16:10:15.584,6.793,-1.995,0.651,True,0.000,0.000,-1.995,0.651,2.099,0.000,0.000,0.000,0.862
16:10:15.604,6.813,-1.803,-0.241,True,0.000,0.000,-1.803,-0.241,1.819,0.000,0.000,0.000,0.628
16:10:15.625,6.834,-1.690,-0.962,True,0.000,0.000,-1.690,-0.962,1.945,0.000,0.000,0.000,1.076
16:10:15.646,6.855,-1.635,-0.621,True,0.000,0.000,-1.635,-0.621,1.749,0.000,0.000,0.000,0.505
16:10:15.666,6.875,-1.619,-0.353,True,0.000,0.000,-1.619,-0.353,1.657,0.000,0.000,0.000,0.841
16:10:15.687,6.896,-1.627,-0.159,True,0.000,0.000,-1.627,-0.159,1.635,0.000,0.000,0.000,0.797
16:10:15.708,6.917,-1.648,-0.030,True,0.000,0.000,-1.648,-0.030,1.648,0.000,0.000,0.000,1.001
16:10:15.729,6.938,-1.605,0.083,True,0.000,0.000,-1.605,0.083,1.607,0.000,0.000,0.000,1.013
16:10:15.750,6.959,-3.665,-4.506,True,0.000,0.000,-3.665,-4.506,5.809,0.000,0.000,0.000,0.764
16:10:15.771,6.980,-2.995,-2.874,True,0.000,0.000,-2.995,-2.874,4.151,0.000,0.000,0.000,1.031
16:10:15.791,7.000,-2.550,-0.881,True,0.000,0.000,-2.550,-0.881,2.698,0.000,0.000,0.000,0.600
16:10:15.811,7.020,-2.225,-1.258,True,0.000,0.000,-2.225,-1.258,2.556,0.000,0.000,0.000,1.021
16:10:15.831,7.041,-1.990,-1.558,True,0.000,0.000,-1.990,-1.558,2.527,0.000,0.000,0.000,0.982
16:10:15.852,7.061,-3.353,-4.422,True,0.000,0.000,-3.353,-4.422,5.549,0.000,0.000,0.000,0.660
16:10:15.872,7.081,-3.597,-6.496,True,0.000,0.000,-3.597,-6.496,7.426,0.000,0.000,0.000,0.542
16:10:15.893,7.102,-2.966,-5.231,True,0.000,0.000,-2.966,-5.231,6.013,0.000,0.000,0.000,1.136
16:10:15.914,7.123,-2.464,-3.251,True,0.000,0.000,-2.464,-3.251,4.079,0.000,0.000,0.000,0.936
16:10:15.934,7.143,-2.096,-0.859,True,0.000,0.000,-2.096,-0.859,2.265,0.000,0.000,0.000,1.041
16:10:15.955,7.164,-1.847,-0.036,True,0.000,0.000,-1.847,-0.036,1.848,0.000,0.000,0.000,1.238
16:10:15.975,7.184,-1.697,1.316,True,0.000,0.000,-1.697,1.316,2.147,0.000,0.000,0.000,0.855
16:10:15.995,7.204,-3.142,-2.226,True,0.000,0.000,-3.142,-2.226,3.850,0.000,0.000,0.000,0.931
16:10:16.015,7.224,-4.981,-4.943,True,0.000,0.000,-4.981,-4.943,7.017,0.000,0.000,0.000,0.779
16:10:16.035,7.244,-3.990,-3.353,True,0.000,0.000,-3.990,-3.353,5.212,0.000,0.000,0.000,0.565
16:10:16.055,7.265,-3.924,-3.809,True,0.000,0.000,-3.924,-3.809,5.469,0.000,0.000,0.000,0.485
16:10:16.076,7.285,-3.078,-5.858,True,0.000,0.000,-3.078,-5.858,6.618,0.000,0.000,0.000,0.525
16:10:16.097,7.306,-2.442,-3.780,True,0.000,0.000,-2.442,-3.780,4.500,0.000,0.000,0.000,0.536
16:10:16.118,7.327,-1.999,-1.271,True,0.000,0.000,-1.999,-1.271,2.369,0.000,0.000,0.000,0.912
16:10:16.139,7.348,-1.720,-0.330,True,0.000,0.000,-1.720,-0.330,1.751,0.000,0.000,0.000,0.907
16:10:16.160,7.369,-2.328,-1.513,True,0.000,0.000,-2.328,-1.513,2.776,0.000,0.000,0.000,1.571
16:10:16.180,7.389,-2.055,-0.733,True,0.000,0.000,-2.055,-0.733,2.182,0.000,0.000,0.000,1.008
16:10:16.200,7.410,-1.866,-1.081,True,0.000,0.000,-1.866,-1.081,2.156,0.000,0.000,0.000,1.071
16:10:16.220,7.429,-1.746,-0.513,True,0.000,0.000,-1.746,-0.513,1.820,0.000,0.000,0.000,0.778
16:10:16.241,7.450,-3.203,-4.524,True,0.000,0.000,-3.203,-4.524,5.543,0.000,0.000,0.000,0.881
16:10:16.262,7.471,-2.758,-3.084,True,0.000,0.000,-2.758,-3.084,4.137,0.000,0.000,0.000,1.013
16:10:16.282,7.491,-2.387,-1.898,True,0.000,0.000,-2.387,-1.898,3.050,0.000,0.000,0.000,0.530
16:10:16.302,7.511,-2.102,-4.515,True,0.000,0.000,-2.102,-4.515,4.980,0.000,0.000,0.000,0.698
16:10:16.323,7.532,-1.900,-2.919,True,0.000,0.000,-1.900,-2.919,3.483,0.000,0.000,0.000,1.207
16:10:16.343,7.553,-1.769,-1.665,True,0.000,0.000,-1.769,-1.665,2.430,0.000,0.000,0.000,1.145
16:10:16.364,7.573,-3.217,-4.270,True,0.000,0.000,-3.217,-4.270,5.346,0.000,0.000,0.000,0.686
16:10:16.385,7.594,-2.765,-2.697,True,0.000,0.000,-2.765,-2.697,3.862,0.000,0.000,0.000,1.643
16:10:16.404,7.613,-5.435,-3.240,True,0.000,0.000,-5.435,-3.240,6.327,0.000,0.000,0.000,0.877
16:10:16.424,7.633,-4.310,-1.890,True,0.000,0.000,-4.310,-1.890,4.707,0.000,0.000,0.000,0.512
16:10:16.445,7.654,-5.653,-4.414,True,0.000,0.000,-5.653,-4.414,7.172,0.000,0.000,0.000,0.511
16:10:16.465,7.675,-4.300,-2.777,True,0.000,0.000,-4.300,-2.777,5.119,0.000,0.000,0.000,1.162
16:10:16.486,7.695,-5.514,-5.033,True,0.000,0.000,-5.514,-5.033,7.465,0.000,0.000,0.000,0.940
16:10:16.506,7.715,-4.104,-6.686,True,0.000,0.000,-4.104,-6.686,7.845,0.000,0.000,0.000,0.940
16:10:16.526,7.735,-3.025,-4.285,True,0.000,0.000,-3.025,-4.285,5.245,0.000,0.000,0.000,0.931
16:10:16.547,7.756,-2.261,-2.411,True,0.000,0.000,-2.261,-2.411,3.305,0.000,0.000,0.000,0.986
16:10:16.566,7.775,-1.768,-0.180,True,0.000,0.000,-1.768,-0.180,1.778,0.000,0.000,0.000,0.524
16:10:16.587,7.796,-2.249,-1.284,True,0.000,0.000,-2.249,-1.284,2.590,0.000,0.000,0.000,0.631
16:10:16.607,7.816,-1.913,-4.001,True,0.000,0.000,-1.913,-4.001,4.435,0.000,0.000,0.000,0.542
16:10:16.627,7.836,-1.705,-2.524,True,0.000,0.000,-1.705,-2.524,3.046,0.000,0.000,0.000,0.758
16:10:16.648,7.857,-3.877,-4.900,True,0.000,0.000,-3.877,-4.900,6.249,0.000,0.000,0.000,1.070
16:10:16.669,7.878,-4.300,-5.488,True,0.000,0.000,-4.300,-5.488,6.972,0.000,0.000,0.000,1.000
16:10:16.689,7.898,-6.041,-8.394,True,0.000,0.000,-6.041,-8.394,10.342,0.000,0.000,0.000,0.928
16:10:16.709,7.919,-4.359,-4.933,True,0.000,0.000,-4.359,-4.933,6.583,0.000,0.000,0.000,1.046
16:10:16.730,7.939,-4.066,-3.638,True,0.000,0.000,-4.066,-3.638,5.456,0.000,0.000,0.000,0.996
16:10:16.750,7.959,-3.082,-1.868,True,0.000,0.000,-3.082,-1.868,3.604,0.000,0.000,0.000,0.563
16:10:16.771,7.980,-2.377,-1.536,True,0.000,0.000,-2.377,-1.536,2.830,0.000,0.000,0.000,0.680
16:10:16.791,8.000,-3.427,-4.923,True,0.000,0.000,-3.427,-4.923,5.998,0.000,0.000,0.000,1.084
16:10:16.811,8.020,-2.723,-3.077,True,0.000,0.000,-2.723,-3.077,4.109,0.000,0.000,0.000,0.503
16:10:16.831,8.040,-2.972,-5.184,True,0.000,0.000,-2.972,-5.184,5.975,0.000,0.000,0.000,0.511
16:10:16.852,8.062,-2.417,-4.092,True,0.000,0.000,-2.417,-4.092,4.752,0.000,0.000,0.000,1.224
16:10:16.873,8.082,-2.024,-2.348,True,0.000,0.000,-2.024,-2.348,3.100,0.000,0.000,0.000,0.825
16:10:16.893,8.103,-3.294,-4.597,True,0.000,0.000,-3.294,-4.597,5.655,0.000,0.000,0.000,1.199
16:10:16.914,8.123,-4.254,-7.177,True,0.000,0.000,-4.254,-7.177,8.343,0.000,0.000,0.000,1.053
16:10:16.934,8.143,-3.400,-4.606,True,0.000,0.000,-3.400,-4.606,5.725,0.000,0.000,0.000,0.818
16:10:16.955,8.164,-4.244,-6.113,True,0.000,0.000,-4.244,-6.113,7.442,0.000,0.000,0.000,1.097
16:10:16.975,8.184,-3.326,-3.697,True,0.000,0.000,-3.326,-3.697,4.973,0.000,0.000,0.000,1.308
16:10:16.996,8.205,-2.619,-1.884,True,0.000,0.000,-2.619,-1.884,3.226,0.000,0.000,0.000,1.470
16:10:17.016,8.225,-2.115,-0.629,True,0.000,0.000,-2.115,-0.629,2.207,0.000,0.000,0.000,1.066
16:10:17.037,8.246,-1.787,-3.356,True,0.000,0.000,-1.787,-3.356,3.803,0.000,0.000,0.000,0.870
16:10:17.057,8.267,-1.598,-1.961,True,0.000,0.000,-1.598,-1.961,2.530,0.000,0.000,0.000,1.135
16:10:17.078,8.287,-1.511,-0.935,True,0.000,0.000,-1.511,-0.935,1.777,0.000,0.000,0.000,0.947
16:10:17.098,8.308,-1.491,-1.119,True,0.000,0.000,-1.491,-1.119,1.864,0.000,0.000,0.000,1.221
16:10:17.118,8.327,-2.274,-2.212,True,0.000,0.000,-2.274,-2.212,3.172,0.000,0.000,0.000,0.615
16:10:17.138,8.348,-2.107,-1.297,True,0.000,0.000,-2.107,-1.297,2.474,0.000,0.000,0.000,0.591
16:10:17.159,8.368,-4.256,-3.259,True,0.000,0.000,-4.256,-3.259,5.360,0.000,0.000,0.000,0.520
16:10:17.180,8.389,-5.811,-5.593,True,0.000,0.000,-5.811,-5.593,8.065,0.000,0.000,0.000,1.036
16:10:17.200,8.410,-4.560,-2.830,True,0.000,0.000,-4.560,-2.830,5.367,0.000,0.000,0.000,1.277
16:10:17.220,8.429,-3.517,-1.560,True,0.000,0.000,-3.517,-1.560,3.848,0.000,0.000,0.000,0.551
16:10:17.241,8.450,-2.716,-1.531,True,0.000,0.000,-2.716,-1.531,3.118,0.000,0.000,0.000,1.054
16:10:17.261,8.471,-2.148,-0.696,True,0.000,0.000,-2.148,-0.696,2.258,0.000,0.000,0.000,1.031
16:10:17.282,8.491,-1.779,-0.138,True,0.000,0.000,-1.779,-0.138,1.784,0.000,0.000,0.000,1.122
16:10:17.302,8.512,-1.568,-0.684,True,0.000,0.000,-1.568,-0.684,1.710,0.000,0.000,0.000,0.986
16:10:17.323,8.532,-1.471,-0.276,True,0.000,0.000,-1.471,-0.276,1.497,0.000,0.000,0.000,0.727
16:10:17.343,8.552,-1.451,-0.011,True,0.000,0.000,-1.451,-0.011,1.451,0.000,0.000,0.000,0.625
16:10:17.364,8.573,-1.477,-2.496,True,0.000,0.000,-1.477,-2.496,2.900,0.000,0.000,0.000,1.144
16:10:17.384,8.593,-1.526,-0.823,True,0.000,0.000,-1.526,-0.823,1.734,0.000,0.000,0.000,0.904
16:10:17.404,8.613,-1.582,0.468,True,0.000,0.000,-1.582,0.468,1.650,0.000,0.000,0.000,0.679
16:10:17.424,8.633,-3.920,-3.006,True,0.000,0.000,-3.920,-3.006,4.940,0.000,0.000,0.000,1.071
16:10:17.445,8.654,-4.100,-3.835,True,0.000,0.000,-4.100,-3.835,5.614,0.000,0.000,0.000,1.076
16:10:17.465,8.674,-3.374,-2.577,True,0.000,0.000,-3.374,-2.577,4.246,0.000,0.000,0.000,1.052
16:10:17.485,8.694,-3.531,-2.435,True,0.000,0.000,-3.531,-2.435,4.290,0.000,0.000,0.000,0.575
16:10:17.505,8.714,-2.860,-4.944,True,0.000,0.000,-2.860,-4.944,5.711,0.000,0.000,0.000,0.534
16:10:17.526,8.735,-4.632,-6.752,True,0.000,0.000,-4.632,-6.752,8.188,0.000,0.000,0.000,1.018
16:10:17.546,8.755,-5.928,-7.947,True,0.000,0.000,-5.928,-7.947,9.914,0.000,0.000,0.000,0.855
16:10:17.566,8.775,-4.516,-5.135,True,0.000,0.000,-4.516,-5.135,6.839,0.000,0.000,0.000,0.896
16:10:17.587,8.796,-3.387,-5.563,True,0.000,0.000,-3.387,-5.563,6.513,0.000,0.000,0.000,1.075
16:10:17.607,8.816,-3.314,-3.236,True,0.000,0.000,-3.314,-3.236,4.631,0.000,0.000,0.000,0.892
16:10:17.627,8.836,-2.536,-4.165,True,0.000,0.000,-2.536,-4.165,4.876,0.000,0.000,0.000,0.703
16:10:17.647,8.856,-2.003,-2.288,True,0.000,0.000,-2.003,-2.288,3.040,0.000,0.000,0.000,0.567
16:10:17.668,8.877,-1.671,-1.827,True,0.000,0.000,-1.671,-1.827,2.476,0.000,0.000,0.000,0.852
16:10:17.689,8.898,-1.494,-1.591,True,0.000,0.000,-1.494,-1.591,2.182,0.000,0.000,0.000,1.081
16:10:17.710,8.919,-1.425,-0.630,True,0.000,0.000,-1.425,-0.630,1.558,0.000,0.000,0.000,1.013
16:10:17.730,8.939,-2.188,-2.646,True,0.000,0.000,-2.188,-2.646,3.433,0.000,0.000,0.000,0.660
16:10:17.751,8.960,-2.020,-1.567,True,0.000,0.000,-2.020,-1.567,2.557,0.000,0.000,0.000,1.240
16:10:17.771,8.980,-1.894,-0.768,True,0.000,0.000,-1.894,-0.768,2.044,0.000,0.000,0.000,1.077
16:10:17.792,9.001,-1.807,-0.222,True,0.000,0.000,-1.807,-0.222,1.821,0.000,0.000,0.000,1.068
16:10:17.812,9.022,-1.753,0.115,True,0.000,0.000,-1.753,0.115,1.757,0.000,0.000,0.000,1.100
16:10:17.833,9.042,-4.008,-4.102,True,0.000,0.000,-4.008,-4.102,5.735,0.000,0.000,0.000,0.760
16:10:17.853,9.063,-3.369,-1.949,True,0.000,0.000,-3.369,-1.949,3.892,0.000,0.000,0.000,1.185
16:10:17.874,9.083,-5.099,-4.646,True,0.000,0.000,-5.099,-4.646,6.899,0.000,0.000,0.000,0.933
16:10:17.894,9.103,-5.555,-6.597,True,0.000,0.000,-5.555,-6.597,8.624,0.000,0.000,0.000,0.879
16:10:17.914,9.123,-5.784,-8.770,True,0.000,0.000,-5.784,-8.770,10.505,0.000,0.000,0.000,0.560
16:10:17.934,9.143,-4.334,-5.780,True,0.000,0.000,-4.334,-5.780,7.224,0.000,0.000,0.000,1.076
16:10:17.955,9.164,-6.249,-5.152,True,0.000,0.000,-6.249,-5.152,8.099,0.000,0.000,0.000,0.975
16:10:17.975,9.184,-6.884,-7.303,True,0.000,0.000,-6.884,-7.303,10.036,0.000,0.000,0.000,1.041
16:10:17.995,9.205,-8.027,-7.112,True,0.000,0.000,-8.027,-7.112,10.725,0.000,0.000,0.000,1.169
16:10:18.015,9.224,-5.728,-5.127,True,0.000,0.000,-5.728,-5.127,7.688,0.000,0.000,0.000,0.599
16:10:18.036,9.245,-3.950,-2.753,True,0.000,0.000,-3.950,-2.753,4.814,0.000,0.000,0.000,0.854
16:10:18.057,9.266,-2.679,-0.197,True,0.000,0.000,-2.679,-0.197,2.686,0.000,0.000,0.000,1.069
16:10:18.077,9.286,-4.132,-2.872,True,0.000,0.000,-4.132,-2.872,5.032,0.000,0.000,0.000,0.596
16:10:18.097,9.307,-3.022,-1.505,True,0.000,0.000,-3.022,-1.505,3.376,0.000,0.000,0.000,0.883
16:10:18.118,9.327,-3.764,-4.064,True,0.000,0.000,-3.764,-4.064,5.540,0.000,0.000,0.000,1.084
16:10:18.139,9.348,-2.846,-2.490,True,0.000,0.000,-2.846,-2.490,3.781,0.000,0.000,0.000,0.998
16:10:18.159,9.368,-2.957,-3.935,True,0.000,0.000,-2.957,-3.935,4.922,0.000,0.000,0.000,1.094
16:10:18.179,9.388,-4.610,-5.016,True,0.000,0.000,-4.610,-5.016,6.813,0.000,0.000,0.000,0.952
16:10:18.199,9.409,-3.558,-3.125,True,0.000,0.000,-3.558,-3.125,4.736,0.000,0.000,0.000,1.048
16:10:18.220,9.429,-2.747,-1.678,True,0.000,0.000,-2.747,-1.678,3.219,0.000,0.000,0.000,1.213
16:10:18.240,9.450,-4.453,-4.172,True,0.000,0.000,-4.453,-4.172,6.102,0.000,0.000,0.000,0.566
16:10:18.261,9.470,-3.449,-2.547,True,0.000,0.000,-3.449,-2.547,4.288,0.000,0.000,0.000,0.935
16:10:18.282,9.491,-2.679,-1.321,True,0.000,0.000,-2.679,-1.321,2.987,0.000,0.000,0.000,0.956
16:10:18.301,9.511,-2.132,-0.466,True,0.000,0.000,-2.132,-0.466,2.182,0.000,0.000,0.000,0.514
16:10:18.322,9.531,-4.823,-1.683,True,0.000,0.000,-4.823,-1.683,5.108,0.000,0.000,0.000,0.603
16:10:18.343,9.552,-3.783,-0.901,True,0.000,0.000,-3.783,-0.901,3.889,0.000,0.000,0.000,0.685
16:10:18.363,9.573,-2.953,-0.350,True,0.000,0.000,-2.953,-0.350,2.974,0.000,0.000,0.000,0.868
16:10:18.384,9.593,-4.624,-3.510,True,0.000,0.000,-4.624,-3.510,5.805,0.000,0.000,0.000,0.914
16:10:18.403,9.613,-4.341,-3.222,True,0.000,0.000,-4.341,-3.222,5.406,0.000,0.000,0.000,0.609
16:10:18.423,9.632,-3.323,-2.039,True,0.000,0.000,-3.323,-2.039,3.898,0.000,0.000,0.000,0.503
16:10:18.444,9.653,-2.559,-1.124,True,0.000,0.000,-2.559,-1.124,2.795,0.000,0.000,0.000,1.143
16:10:18.465,9.674,-5.075,-1.349,True,0.000,0.000,-5.075,-1.349,5.252,0.000,0.000,0.000,1.050
16:10:18.484,9.693,-5.430,-4.195,True,0.000,0.000,-5.430,-4.195,6.862,0.000,0.000,0.000,0.583
16:10:18.505,9.714,-5.616,-7.163,True,0.000,0.000,-5.616,-7.163,9.102,0.000,0.000,0.000,0.833
16:10:18.525,9.735,-4.922,-5.695,True,0.000,0.000,-4.922,-5.695,7.528,0.000,0.000,0.000,1.055
16:10:18.545,9.754,-3.601,-3.547,True,0.000,0.000,-3.601,-3.547,5.055,0.000,0.000,0.000,0.604
16:10:18.566,9.775,-4.916,-5.420,True,0.000,0.000,-4.916,-5.420,7.318,0.000,0.000,0.000,1.064
16:10:18.586,9.795,-3.635,-4.173,True,0.000,0.000,-3.635,-4.173,5.535,0.000,0.000,0.000,0.857
16:10:18.607,9.816,-2.684,-2.332,True,0.000,0.000,-2.684,-2.332,3.556,0.000,0.000,0.000,1.200
16:10:18.627,9.836,-2.035,-1.008,True,0.000,0.000,-2.035,-1.008,2.271,0.000,0.000,0.000,0.857
16:10:18.647,9.856,-1.633,-0.135,True,0.000,0.000,-1.633,-0.135,1.639,0.000,0.000,0.000,0.667
16:10:18.667,9.877,-2.182,0.378,True,0.000,0.000,-2.182,0.378,2.214,0.000,0.000,0.000,0.634
16:10:18.688,9.897,-1.893,-0.255,True,0.000,0.000,-1.893,-0.255,1.910,0.000,0.000,0.000,0.631
16:10:18.709,9.918,-1.713,-0.826,True,0.000,0.000,-1.713,-0.826,1.902,0.000,0.000,0.000,1.118
16:10:18.729,9.938,-1.617,-1.295,True,0.000,0.000,-1.617,-1.295,2.072,0.000,0.000,0.000,1.038
16:10:18.750,9.959,-3.103,-4.286,True,0.000,0.000,-3.103,-4.286,5.292,0.000,0.000,0.000,1.093
16:10:18.769,9.979,-2.686,-3.810,True,0.000,0.000,-2.686,-3.810,4.662,0.000,0.000,0.000,0.645
16:10:18.791,10.000,-4.623,-6.845,True,0.000,0.000,-4.623,-6.845,8.260,0.000,0.000,0.000,1.173
16:10:18.811,10.020,-4.492,-6.331,True,0.000,0.000,-4.492,-6.331,7.763,0.000,0.000,0.000,0.954
16:10:18.831,10.040,-3.543,-4.014,True,0.000,0.000,-3.543,-4.014,5.354,0.000,0.000,0.000,1.027
16:10:18.852,10.061,-2.791,-2.220,True,0.000,0.000,-2.791,-2.220,3.566,0.000,0.000,0.000,0.795
16:10:18.872,10.081,-2.242,-0.057,True,0.000,0.000,-2.242,-0.057,2.243,0.000,0.000,0.000,0.603
16:10:18.893,10.102,-1.874,-1.215,True,0.000,0.000,-1.874,-1.215,2.233,0.000,0.000,0.000,1.068
16:10:18.914,10.123,-1.651,-0.455,True,0.000,0.000,-1.651,-0.455,1.713,0.000,0.000,0.000,1.153
16:10:18.935,10.144,-1.538,0.031,True,0.000,0.000,-1.538,0.031,1.538,0.000,0.000,0.000,0.989
16:10:18.955,10.164,-2.262,-3.211,True,0.000,0.000,-2.262,-3.211,3.928,0.000,0.000,0.000,0.713
16:10:18.975,10.184,-2.063,-2.127,True,0.000,0.000,-2.063,-2.127,2.963,0.000,0.000,0.000,0.578
16:10:18.996,10.205,-1.915,-1.258,True,0.000,0.000,-1.915,-1.258,2.291,0.000,0.000,0.000,0.920
16:10:19.016,10.225,-1.813,0.265,True,0.000,0.000,-1.813,0.265,1.832,0.000,0.000,0.000,0.596
16:10:19.037,10.246,-1.749,0.463,True,0.000,0.000,-1.749,0.463,1.809,0.000,0.000,0.000,1.298
16:10:19.057,10.266,-4.760,-1.238,True,0.000,0.000,-4.760,-1.238,4.918,0.000,0.000,0.000,0.921
16:10:19.077,10.286,-4.672,-0.784,True,0.000,0.000,-4.672,-0.784,4.737,0.000,0.000,0.000,0.580
16:10:19.098,10.307,-3.725,-0.433,True,0.000,0.000,-3.725,-0.433,3.750,0.000,0.000,0.000,0.536
16:10:19.118,10.327,-2.954,-1.061,True,0.000,0.000,-2.954,-1.061,3.139,0.000,0.000,0.000,0.783
16:10:19.139,10.348,-2.374,-1.534,True,0.000,0.000,-2.374,-1.534,2.827,0.000,0.000,0.000,0.757
16:10:19.160,10.369,-2.734,-1.863,True,0.000,0.000,-2.734,-1.863,3.308,0.000,0.000,0.000,1.070
16:10:19.180,10.389,-2.272,-2.071,True,0.000,0.000,-2.272,-2.071,3.074,0.000,0.000,0.000,0.994
16:10:19.200,10.409,-1.949,-1.306,True,0.000,0.000,-1.949,-1.306,2.346,0.000,0.000,0.000,0.643
16:10:19.221,10.430,-1.743,-0.717,True,0.000,0.000,-1.743,-0.717,1.885,0.000,0.000,0.000,1.039
16:10:19.241,10.450,-1.629,-0.296,True,0.000,0.000,-1.629,-0.296,1.656,0.000,0.000,0.000,0.573
16:10:19.262,10.471,-2.342,-0.022,True,0.000,0.000,-2.342,-0.022,2.342,0.000,0.000,0.000,1.111
16:10:19.282,10.491,-2.127,-0.742,True,0.000,0.000,-2.127,-0.742,2.253,0.000,0.000,0.000,0.570
16:10:19.302,10.511,-3.485,-3.942,True,0.000,0.000,-3.485,-3.942,5.261,0.000,0.000,0.000,0.871
16:10:19.323,10.532,-3.711,-3.626,True,0.000,0.000,-3.711,-3.626,5.188,0.000,0.000,0.000,0.700
16:10:19.344,10.553,-6.102,-4.136,True,0.000,0.000,-6.102,-4.136,7.372,0.000,0.000,0.000,1.138
16:10:19.364,10.573,-4.740,-1.783,True,0.000,0.000,-4.740,-1.783,5.065,0.000,0.000,0.000,1.078
16:10:19.384,10.593,-4.374,-2.627,True,0.000,0.000,-4.374,-2.627,5.103,0.000,0.000,0.000,0.604
16:10:19.404,10.613,-3.305,-1.522,True,0.000,0.000,-3.305,-1.522,3.639,0.000,0.000,0.000,0.637
16:10:19.424,10.634,-2.514,-1.592,True,0.000,0.000,-2.514,-1.592,2.975,0.000,0.000,0.000,0.864
16:10:19.445,10.654,-1.975,-0.805,True,0.000,0.000,-1.975,-0.805,2.133,0.000,0.000,0.000,0.751
16:10:19.466,10.675,-1.644,-0.263,True,0.000,0.000,-1.644,-0.263,1.665,0.000,0.000,0.000,1.081
16:10:19.486,10.695,-1.470,0.077,True,0.000,0.000,-1.470,0.077,1.472,0.000,0.000,0.000,0.609
16:10:19.507,10.716,-3.690,-4.133,True,0.000,0.000,-3.690,-4.133,5.540,0.000,0.000,0.000,0.984
16:10:19.527,10.736,-3.830,-3.731,True,0.000,0.000,-3.830,-3.731,5.347,0.000,0.000,0.000,0.541
16:10:19.548,10.757,-3.114,-2.423,True,0.000,0.000,-3.114,-2.423,3.945,0.000,0.000,0.000,1.075
16:10:19.568,10.777,-2.546,-1.391,True,0.000,0.000,-2.546,-1.391,2.901,0.000,0.000,0.000,0.857
16:10:19.588,10.797,-2.130,-0.639,True,0.000,0.000,-2.130,-0.639,2.224,0.000,0.000,0.000,0.613
16:10:19.609,10.818,-4.135,-3.651,True,0.000,0.000,-4.135,-3.651,5.516,0.000,0.000,0.000,0.733
16:10:19.630,10.839,-5.622,-5.899,True,0.000,0.000,-5.622,-5.899,8.149,0.000,0.000,0.000,0.935
16:10:19.651,10.860,-6.640,-7.445,True,0.000,0.000,-6.640,-7.445,9.976,0.000,0.000,0.000,1.338
16:10:19.670,10.879,-6.507,-8.408,True,0.000,0.000,-6.507,-8.408,10.632,0.000,0.000,0.000,0.556
16:10:19.691,10.900,-7.050,-8.926,True,0.000,0.000,-7.050,-8.926,11.374,0.000,0.000,0.000,1.130
16:10:19.711,10.920,-5.076,-5.614,True,0.000,0.000,-5.076,-5.614,7.568,0.000,0.000,0.000,0.539
16:10:19.732,10.941,-4.322,-3.063,True,0.000,0.000,-4.322,-3.063,5.297,0.000,0.000,0.000,1.079
16:10:19.753,10.962,-5.322,-4.765,True,0.000,0.000,-5.322,-4.765,7.143,0.000,0.000,0.000,1.618
16:10:19.772,10.981,-4.574,-6.135,True,0.000,0.000,-4.574,-6.135,7.652,0.000,0.000,0.000,1.024
16:10:19.792,11.002,-3.264,-3.638,True,0.000,0.000,-3.264,-3.638,4.888,0.000,0.000,0.000,0.778
16:10:19.813,11.022,-2.341,-1.786,True,0.000,0.000,-2.341,-1.786,2.945,0.000,0.000,0.000,0.982
16:10:19.833,11.042,-1.748,-0.521,True,0.000,0.000,-1.748,-0.521,1.824,0.000,0.000,0.000,0.578
16:10:19.853,11.062,-3.697,-1.497,True,0.000,0.000,-3.697,-1.497,3.988,0.000,0.000,0.000,0.844
16:10:19.873,11.083,-2.920,-0.601,True,0.000,0.000,-2.920,-0.601,2.982,0.000,0.000,0.000,0.860
16:10:19.894,11.103,-3.865,-3.535,True,0.000,0.000,-3.865,-3.535,5.237,0.000,0.000,0.000,1.076
16:10:19.914,11.123,-3.049,-2.237,True,0.000,0.000,-3.049,-2.237,3.781,0.000,0.000,0.000,0.536
16:10:19.935,11.144,-2.433,-1.233,True,0.000,0.000,-2.433,-1.233,2.727,0.000,0.000,0.000,1.003
16:10:19.955,11.164,-2.003,-0.515,True,0.000,0.000,-2.003,-0.515,2.068,0.000,0.000,0.000,0.907
16:10:19.975,11.185,-3.253,-3.562,True,0.000,0.000,-3.253,-3.562,4.824,0.000,0.000,0.000,1.114
16:10:19.996,11.205,-2.684,-3.203,True,0.000,0.000,-2.684,-3.203,4.179,0.000,0.000,0.000,0.801
16:10:20.016,11.225,-2.252,-1.982,True,0.000,0.000,-2.252,-1.982,2.999,0.000,0.000,0.000,0.840
16:10:20.037,11.246,-1.948,-4.567,True,0.000,0.000,-1.948,-4.567,4.965,0.000,0.000,0.000,1.118
16:10:20.057,11.266,-4.037,-7.343,True,0.000,0.000,-4.037,-7.343,8.379,0.000,0.000,0.000,0.954
16:10:20.078,11.287,-3.301,-3.986,True,0.000,0.000,-3.301,-3.986,5.176,0.000,0.000,0.000,1.050
16:10:20.098,11.307,-3.461,-5.756,True,0.000,0.000,-3.461,-5.756,6.717,0.000,0.000,0.000,0.924
16:10:20.118,11.327,-2.800,-3.532,True,0.000,0.000,-2.800,-3.532,4.507,0.000,0.000,0.000,0.604
16:10:20.139,11.348,-3.823,-5.364,True,0.000,0.000,-3.823,-5.364,6.587,0.000,0.000,0.000,1.140
16:10:20.159,11.368,-5.342,-6.736,True,0.000,0.000,-5.342,-6.736,8.597,0.000,0.000,0.000,0.928
16:10:20.179,11.388,-4.126,-5.049,True,0.000,0.000,-4.126,-5.049,6.520,0.000,0.000,0.000,0.956
16:10:20.199,11.408,-4.677,-6.368,True,0.000,0.000,-4.677,-6.368,7.901,0.000,0.000,0.000,0.553
16:10:20.219,11.428,-3.541,-3.815,True,0.000,0.000,-3.541,-3.815,5.205,0.000,0.000,0.000,0.524
16:10:20.239,11.448,-3.446,-6.305,True,0.000,0.000,-3.446,-6.305,7.185,0.000,0.000,0.000,0.821
16:10:20.260,11.469,-4.925,-7.303,True,0.000,0.000,-4.925,-7.303,8.808,0.000,0.000,0.000,1.124
16:10:20.280,11.489,-6.019,-6.214,True,0.000,0.000,-6.019,-6.214,8.652,0.000,0.000,0.000,0.979
16:10:20.300,11.510,0.847,-1.826,True,0.000,0.000,0.847,-1.826,2.013,0.000,0.000,0.000,0.973
16:10:20.321,11.530,-1.704,-3.024,True,0.000,0.000,-1.704,-3.024,3.470,0.000,0.000,0.000,1.132
16:10:20.341,11.550,-1.506,-1.435,True,0.000,0.000,-1.506,-1.435,2.081,0.000,0.000,0.000,0.597
16:10:20.361,11.571,-2.186,-2.998,True,0.000,0.000,-2.186,-2.998,3.710,0.000,0.000,0.000,0.891
16:10:20.382,11.591,-1.971,-1.620,True,0.000,0.000,-1.971,-1.620,2.552,0.000,0.000,0.000,1.107
16:10:20.402,11.612,-2.586,-0.644,True,0.000,0.000,-2.586,-0.644,2.665,0.000,0.000,0.000,0.762
16:10:20.423,11.632,-3.048,-3.528,True,0.000,0.000,-3.048,-3.528,4.662,0.000,0.000,0.000,1.017
16:10:20.444,11.653,-2.607,-2.202,True,0.000,0.000,-2.607,-2.202,3.412,0.000,0.000,0.000,0.757
16:10:20.464,11.673,-2.256,-4.702,True,0.000,0.000,-2.256,-4.702,5.215,0.000,0.000,0.000,0.964
16:10:20.484,11.693,-1.998,-3.897,True,0.000,0.000,-1.998,-3.897,4.379,0.000,0.000,0.000,0.778
16:10:20.504,11.714,-3.347,-6.734,True,0.000,0.000,-3.347,-6.734,7.520,0.000,0.000,0.000,1.000
16:10:20.525,11.734,-2.823,-7.879,True,0.000,0.000,-2.823,-7.879,8.369,0.000,0.000,0.000,1.105
16:10:20.545,11.754,-2.399,-5.048,True,0.000,0.000,-2.399,-5.048,5.589,0.000,0.000,0.000,0.965
16:10:20.566,11.775,-2.844,-4.596,True,0.000,0.000,-2.844,-4.596,5.405,0.000,0.000,0.000,1.059
16:10:20.586,11.795,-2.418,-1.641,True,0.000,0.000,-2.418,-1.641,2.922,0.000,0.000,0.000,0.626
16:10:20.607,11.816,-2.098,-0.402,True,0.000,0.000,-2.098,-0.402,2.136,0.000,0.000,0.000,1.120
16:10:20.627,11.836,-1.876,-1.408,True,0.000,0.000,-1.876,-1.408,2.346,0.000,0.000,0.000,1.257
16:10:20.647,11.856,-3.260,-4.054,True,0.000,0.000,-3.260,-4.054,5.202,0.000,0.000,0.000,0.879
16:10:20.667,11.876,-2.766,-3.409,True,0.000,0.000,-2.766,-3.409,4.390,0.000,0.000,0.000,0.807
16:10:20.688,11.897,-4.651,-5.516,True,0.000,0.000,-4.651,-5.516,7.215,0.000,0.000,0.000,1.069
16:10:20.708,11.917,-3.725,-3.512,True,0.000,0.000,-3.725,-3.512,5.120,0.000,0.000,0.000,0.498
16:10:20.728,11.937,-2.966,-1.077,True,0.000,0.000,-2.966,-1.077,3.155,0.000,0.000,0.000,0.760
16:10:20.749,11.958,-2.392,-0.201,True,0.000,0.000,-2.392,-0.201,2.400,0.000,0.000,0.000,1.073
16:10:20.769,11.978,-2.161,0.565,True,0.000,0.000,-2.161,0.565,2.234,0.000,0.000,0.000,0.951
16:10:20.789,11.999,-1.838,-4.011,True,0.000,0.000,-1.838,-4.011,4.412,0.000,0.000,0.000,0.828
16:10:20.809,12.018,-1.672,-2.364,True,0.000,0.000,-1.672,-2.364,2.896,0.000,0.000,0.000,0.612
16:10:20.830,12.040,-1.587,-1.311,True,0.000,0.000,-1.587,-1.311,2.059,0.000,0.000,0.000,1.084
16:10:20.851,12.060,-1.555,-1.482,True,0.000,0.000,-1.555,-1.482,2.148,0.000,0.000,0.000,0.673
16:10:20.872,12.081,-1.561,-0.760,True,0.000,0.000,-1.561,-0.760,1.736,0.000,0.000,0.000,1.168
16:10:20.892,12.101,-1.588,-0.261,True,0.000,0.000,-1.588,-0.261,1.609,0.000,0.000,0.000,1.047
16:10:20.912,12.121,-2.387,0.054,True,0.000,0.000,-2.387,0.054,2.388,0.000,0.000,0.000,0.592
16:10:20.933,12.142,-2.215,0.227,True,0.000,0.000,-2.215,0.227,2.227,0.000,0.000,0.000,0.747
16:10:20.954,12.163,-2.064,0.298,True,0.000,0.000,-2.064,0.298,2.085,0.000,0.000,0.000,1.007
16:10:20.975,12.184,-1.942,1.183,True,0.000,0.000,-1.942,1.183,2.274,0.000,0.000,0.000,0.817
16:10:20.995,12.204,-1.853,0.908,True,0.000,0.000,-1.853,0.908,2.063,0.000,0.000,0.000,0.743
16:10:21.016,12.225,-1.791,0.644,True,0.000,0.000,-1.791,0.644,1.903,0.000,0.000,0.000,0.921
16:10:21.036,12.245,-1.753,0.417,True,0.000,0.000,-1.753,0.417,1.802,0.000,0.000,0.000,0.671
16:10:21.057,12.266,-3.256,-3.277,True,0.000,0.000,-3.256,-3.277,4.619,0.000,0.000,0.000,0.881
16:10:21.077,12.286,-5.114,-5.957,True,0.000,0.000,-5.114,-5.957,7.851,0.000,0.000,0.000,0.856
16:10:21.097,12.307,-5.641,-8.620,True,0.000,0.000,-5.641,-8.620,10.302,0.000,0.000,0.000,1.099
16:10:21.117,12.326,-4.377,-5.928,True,0.000,0.000,-4.377,-5.928,7.369,0.000,0.000,0.000,0.646
16:10:21.138,12.347,-3.349,-4.572,True,0.000,0.000,-3.349,-4.572,5.667,0.000,0.000,0.000,0.932
16:10:21.158,12.368,-2.576,-3.500,True,0.000,0.000,-2.576,-3.500,4.346,0.000,0.000,0.000,0.806
16:10:21.179,12.388,-2.040,-1.838,True,0.000,0.000,-2.040,-1.838,2.746,0.000,0.000,0.000,1.033
16:10:21.200,12.409,-1.703,-1.553,True,0.000,0.000,-1.703,-1.553,2.305,0.000,0.000,0.000,0.996
16:10:21.219,12.429,-1.518,-0.570,True,0.000,0.000,-1.518,-0.570,1.622,0.000,0.000,0.000,0.580
16:10:21.241,12.450,-3.727,-3.459,True,0.000,0.000,-3.727,-3.459,5.084,0.000,0.000,0.000,1.073
16:10:21.261,12.470,-3.095,-2.143,True,0.000,0.000,-3.095,-2.143,3.765,0.000,0.000,0.000,0.946
16:10:21.283,12.492,-4.862,-4.656,True,0.000,0.000,-4.862,-4.656,6.732,0.000,0.000,0.000,1.140
16:10:21.303,12.512,-3.844,-2.985,True,0.000,0.000,-3.844,-2.985,4.867,0.000,0.000,0.000,0.581
16:10:21.323,12.533,-3.780,-3.438,True,0.000,0.000,-3.780,-3.438,5.110,0.000,0.000,0.000,0.505
16:10:21.344,12.553,-5.237,-5.530,True,0.000,0.000,-5.237,-5.530,7.616,0.000,0.000,0.000,0.654
16:10:21.365,12.574,-3.998,-3.515,True,0.000,0.000,-3.998,-3.515,5.323,0.000,0.000,0.000,1.078
16:10:21.385,12.594,-5.313,-5.467,True,0.000,0.000,-5.313,-5.467,7.623,0.000,0.000,0.000,0.794
16:10:21.405,12.614,-7.029,-5.139,True,0.000,0.000,-7.029,-5.139,8.708,0.000,0.000,0.000,0.706
16:10:21.426,12.635,-5.174,-3.069,True,0.000,0.000,-5.174,-3.069,6.016,0.000,0.000,0.000,1.125
16:10:21.446,12.655,-5.999,-5.042,True,0.000,0.000,-5.999,-5.042,7.836,0.000,0.000,0.000,0.494
16:10:21.467,12.676,-5.071,-3.897,True,0.000,0.000,-5.071,-3.897,6.396,0.000,0.000,0.000,0.832
16:10:21.488,12.697,-3.600,-2.147,True,0.000,0.000,-3.600,-2.147,4.191,0.000,0.000,0.000,0.987
16:10:21.509,12.718,-4.068,-5.291,True,0.000,0.000,-4.068,-5.291,6.674,0.000,0.000,0.000,1.067
16:10:21.529,12.738,-2.957,-3.266,True,0.000,0.000,-2.957,-3.266,4.406,0.000,0.000,0.000,0.983
16:10:21.550,12.759,-2.184,-2.606,True,0.000,0.000,-2.184,-2.606,3.400,0.000,0.000,0.000,1.223
16:10:21.569,12.779,-3.979,-5.679,True,0.000,0.000,-3.979,-5.679,6.934,0.000,0.000,0.000,0.626
16:10:21.590,12.799,-3.081,-2.689,True,0.000,0.000,-3.081,-2.689,4.090,0.000,0.000,0.000,0.560
16:10:21.611,12.820,-3.176,-3.943,True,0.000,0.000,-3.176,-3.943,5.063,0.000,0.000,0.000,1.078
16:10:21.631,12.840,-2.511,-1.398,True,0.000,0.000,-2.511,-1.398,2.874,0.000,0.000,0.000,1.046
16:10:21.652,12.861,-2.044,-1.301,True,0.000,0.000,-2.044,-1.301,2.423,0.000,0.000,0.000,1.118
16:10:21.672,12.881,-1.746,-0.454,True,0.000,0.000,-1.746,-0.454,1.804,0.000,0.000,0.000,0.718
16:10:21.694,12.903,-1.578,-0.797,True,0.000,0.000,-1.578,-0.797,1.768,0.000,0.000,0.000,1.110
16:10:21.714,12.923,-1.505,-0.261,True,0.000,0.000,-1.505,-0.261,1.528,0.000,0.000,0.000,1.051
16:10:21.734,12.943,-1.495,0.075,True,0.000,0.000,-1.495,0.075,1.497,0.000,0.000,0.000,0.788
16:10:21.755,12.964,-1.521,0.257,True,0.000,0.000,-1.521,0.257,1.542,0.000,0.000,0.000,1.022
16:10:21.775,12.984,-3.087,-4.064,True,0.000,0.000,-3.087,-4.064,5.104,0.000,0.000,0.000,0.960
16:10:21.795,13.004,-2.718,-2.855,True,0.000,0.000,-2.718,-2.855,3.942,0.000,0.000,0.000,0.750
16:10:21.816,13.025,-2.395,-2.707,True,0.000,0.000,-2.395,-2.707,3.614,0.000,0.000,0.000,0.640
16:10:21.836,13.045,-2.137,-1.665,True,0.000,0.000,-2.137,-1.665,2.709,0.000,0.000,0.000,1.051
16:10:21.857,13.066,-3.468,-5.269,True,0.000,0.000,-3.468,-5.269,6.308,0.000,0.000,0.000,1.226
16:10:21.877,13.086,-2.920,-2.630,True,0.000,0.000,-2.920,-2.630,3.930,0.000,0.000,0.000,1.118
16:10:21.898,13.107,-2.471,-4.090,True,0.000,0.000,-2.471,-4.090,4.779,0.000,0.000,0.000,1.145
16:10:21.918,13.127,-2.894,-5.161,True,0.000,0.000,-2.894,-5.161,5.917,0.000,0.000,0.000,1.097
16:10:21.938,13.148,-2.448,-3.247,True,0.000,0.000,-2.448,-3.247,4.067,0.000,0.000,0.000,1.104
16:10:21.958,13.168,-2.114,-1.773,True,0.000,0.000,-2.114,-1.773,2.759,0.000,0.000,0.000,0.621
16:10:21.979,13.188,-2.644,-4.240,True,0.000,0.000,-2.644,-4.240,4.996,0.000,0.000,0.000,1.063
16:10:22.000,13.210,-2.289,-3.471,True,0.000,0.000,-2.289,-3.471,4.158,0.000,0.000,0.000,1.181
16:10:22.020,13.229,-3.548,-5.500,True,0.000,0.000,-3.548,-5.500,6.545,0.000,0.000,0.000,0.520
16:10:22.040,13.249,-5.233,-6.969,True,0.000,0.000,-5.233,-6.969,8.715,0.000,0.000,0.000,0.606
16:10:22.061,13.270,-4.125,-5.309,True,0.000,0.000,-4.125,-5.309,6.723,0.000,0.000,0.000,0.774
16:10:22.082,13.291,-3.214,-3.097,True,0.000,0.000,-3.214,-3.097,4.464,0.000,0.000,0.000,1.109
16:10:22.102,13.311,-3.286,-4.109,True,0.000,0.000,-3.286,-4.109,5.261,0.000,0.000,0.000,0.657
16:10:22.122,13.331,-2.595,-2.285,True,0.000,0.000,-2.595,-2.285,3.457,0.000,0.000,0.000,1.067
16:10:22.142,13.352,-2.864,-1.856,True,0.000,0.000,-2.864,-1.856,3.413,0.000,0.000,0.000,0.960
16:10:22.163,13.372,-2.335,-0.754,True,0.000,0.000,-2.335,-0.754,2.454,0.000,0.000,0.000,1.053
16:10:22.183,13.392,-1.967,-0.917,True,0.000,0.000,-1.967,-0.917,2.170,0.000,0.000,0.000,0.654
16:10:22.205,13.414,-4.018,-2.022,True,0.000,0.000,-4.018,-2.022,4.498,0.000,0.000,0.000,1.158
16:10:22.225,13.434,-3.262,-1.136,True,0.000,0.000,-3.262,-1.136,3.454,0.000,0.000,0.000,1.049
16:10:22.245,13.454,-2.654,-0.497,True,0.000,0.000,-2.654,-0.497,2.700,0.000,0.000,0.000,0.905
16:10:22.265,13.474,-2.203,-0.075,True,0.000,0.000,-2.203,-0.075,2.204,0.000,0.000,0.000,0.597
16:10:22.286,13.495,-2.656,0.174,True,0.000,0.000,-2.656,0.174,2.662,0.000,0.000,0.000,1.327
16:10:22.306,13.515,-4.540,-3.221,True,0.000,0.000,-4.540,-3.221,5.566,0.000,0.000,0.000,1.030
16:10:22.326,13.536,-5.150,-6.616,True,0.000,0.000,-5.150,-6.616,8.384,0.000,0.000,0.000,0.906
16:10:22.347,13.556,-3.992,-4.577,True,0.000,0.000,-3.992,-4.577,6.073,0.000,0.000,0.000,1.061
16:10:22.367,13.576,-3.069,-2.874,True,0.000,0.000,-3.069,-2.874,4.204,0.000,0.000,0.000,0.982
16:10:22.387,13.596,-3.150,-1.565,True,0.000,0.000,-3.150,-1.565,3.518,0.000,0.000,0.000,0.571
16:10:22.408,13.618,-2.481,-0.634,True,0.000,0.000,-2.481,-0.634,2.561,0.000,0.000,0.000,0.967
16:10:22.429,13.638,-2.015,-0.029,True,0.000,0.000,-2.015,-0.029,2.015,0.000,0.000,0.000,0.894
16:10:22.449,13.658,-2.482,-0.561,True,0.000,0.000,-2.482,-0.561,2.545,0.000,0.000,0.000,1.012
16:10:22.469,13.679,-2.111,-1.039,True,0.000,0.000,-2.111,-1.039,2.352,0.000,0.000,0.000,0.772
16:10:22.489,13.699,-1.859,-1.429,True,0.000,0.000,-1.859,-1.429,2.344,0.000,0.000,0.000,0.596
16:10:22.512,13.721,-1.657,-1.484,True,0.000,0.000,-1.657,-1.484,2.225,0.000,0.000,0.000,0.880
16:10:22.532,13.742,-1.631,-0.673,True,0.000,0.000,-1.631,-0.673,1.764,0.000,0.000,0.000,1.094
16:10:22.553,13.762,-1.615,0.724,True,0.000,0.000,-1.615,0.724,1.770,0.000,0.000,0.000,1.067
16:10:22.574,13.783,-1.616,0.658,True,0.000,0.000,-1.616,0.658,1.744,0.000,0.000,0.000,0.864
16:10:22.594,13.804,-1.630,0.559,True,0.000,0.000,-1.630,0.559,1.723,0.000,0.000,0.000,1.018
16:10:22.615,13.824,-1.653,0.441,True,0.000,0.000,-1.653,0.441,1.711,0.000,0.000,0.000,1.036
16:10:22.636,13.845,-3.203,-4.073,True,0.000,0.000,-3.203,-4.073,5.182,0.000,0.000,0.000,1.321
16:10:22.656,13.865,-5.096,-5.611,True,0.000,0.000,-5.096,-5.611,7.580,0.000,0.000,0.000,0.997
16:10:22.677,13.886,-4.119,-3.902,True,0.000,0.000,-4.119,-3.902,5.674,0.000,0.000,0.000,1.213
16:10:22.696,13.905,-3.283,-2.467,True,0.000,0.000,-3.283,-2.467,4.106,0.000,0.000,0.000,0.656
16:10:22.717,13.926,-2.628,-0.478,True,0.000,0.000,-2.628,-0.478,2.671,0.000,0.000,0.000,0.539
16:10:22.738,13.947,-2.153,-0.808,True,0.000,0.000,-2.153,-0.808,2.300,0.000,0.000,0.000,1.151
16:10:22.758,13.967,-1.837,-0.263,True,0.000,0.000,-1.837,-0.263,1.856,0.000,0.000,0.000,0.988
16:10:22.779,13.988,-1.649,-0.800,True,0.000,0.000,-1.649,-0.800,1.833,0.000,0.000,0.000,1.069
16:10:22.799,14.008,-1.556,-1.253,True,0.000,0.000,-1.556,-1.253,1.998,0.000,0.000,0.000,0.646
16:10:22.819,14.028,-2.289,-1.604,True,0.000,0.000,-2.289,-1.604,2.795,0.000,0.000,0.000,0.559
16:10:22.840,14.049,-2.093,-1.855,True,0.000,0.000,-2.093,-1.855,2.796,0.000,0.000,0.000,1.148
16:10:22.860,14.070,-1.942,-1.140,True,0.000,0.000,-1.942,-1.140,2.252,0.000,0.000,0.000,0.970
16:10:22.881,14.090,-1.835,-0.599,True,0.000,0.000,-1.835,-0.599,1.930,0.000,0.000,0.000,1.012
16:10:22.901,14.110,-1.766,-0.220,True,0.000,0.000,-1.766,-0.220,1.780,0.000,0.000,0.000,0.968
16:10:22.921,14.130,-4.772,-1.736,True,0.000,0.000,-4.772,-1.736,5.078,0.000,0.000,0.000,0.570
16:10:22.941,14.151,-4.680,-1.997,True,0.000,0.000,-4.680,-1.997,5.088,0.000,0.000,0.000,1.048
16:10:22.961,14.170,-3.729,-1.272,True,0.000,0.000,-3.729,-1.272,3.940,0.000,0.000,0.000,0.601
16:10:22.983,14.192,-2.956,-0.708,True,0.000,0.000,-2.956,-0.708,3.040,0.000,0.000,0.000,1.409
16:10:23.003,14.212,-5.420,-2.061,True,0.000,0.000,-5.420,-2.061,5.799,0.000,0.000,0.000,0.930
16:10:23.023,14.232,-4.942,-1.313,True,0.000,0.000,-4.942,-1.313,5.114,0.000,0.000,0.000,1.124
16:10:23.043,14.252,-6.026,-5.125,True,0.000,0.000,-6.026,-5.125,7.911,0.000,0.000,0.000,0.564
16:10:23.064,14.273,-4.481,-3.501,True,0.000,0.000,-4.481,-3.501,5.687,0.000,0.000,0.000,0.880
16:10:23.084,14.293,-3.280,-3.040,True,0.000,0.000,-3.280,-3.040,4.473,0.000,0.000,0.000,0.551
16:10:23.105,14.314,-4.702,-5.296,True,0.000,0.000,-4.702,-5.296,7.082,0.000,0.000,0.000,1.051
16:10:23.125,14.334,-3.506,-3.403,True,0.000,0.000,-3.506,-3.403,4.886,0.000,0.000,0.000,0.638
16:10:23.145,14.355,-2.620,-1.922,True,0.000,0.000,-2.620,-1.922,3.249,0.000,0.000,0.000,0.523
16:10:23.166,14.375,-2.014,-0.852,True,0.000,0.000,-2.014,-0.852,2.187,0.000,0.000,0.000,0.886
16:10:23.187,14.396,-1.640,-0.142,True,0.000,0.000,-1.640,-0.142,1.646,0.000,0.000,0.000,1.158
16:10:23.208,14.417,-4.488,-2.358,True,0.000,0.000,-4.488,-2.358,5.070,0.000,0.000,0.000,1.086
16:10:23.228,14.438,-3.577,-2.306,True,0.000,0.000,-3.577,-2.306,4.256,0.000,0.000,0.000,1.016
16:10:23.249,14.458,-2.844,-1.367,True,0.000,0.000,-2.844,-1.367,3.156,0.000,0.000,0.000,1.099
16:10:23.270,14.479,-2.300,0.209,True,0.000,0.000,-2.300,0.209,2.309,0.000,0.000,0.000,1.083
16:10:23.290,14.499,-1.926,0.444,True,0.000,0.000,-1.926,0.444,1.977,0.000,0.000,0.000,1.134
16:10:23.310,14.519,-1.695,-0.355,True,0.000,0.000,-1.695,-0.355,1.732,0.000,0.000,0.000,1.112
16:10:23.330,14.539,-1.572,-1.008,True,0.000,0.000,-1.572,-1.008,1.867,0.000,0.000,0.000,0.823
16:10:23.351,14.560,-1.525,-0.624,True,0.000,0.000,-1.525,-0.624,1.647,0.000,0.000,0.000,0.598
16:10:23.372,14.581,-3.811,-4.725,True,0.000,0.000,-3.811,-4.725,6.070,0.000,0.000,0.000,1.214
16:10:23.392,14.601,-3.213,-4.191,True,0.000,0.000,-3.213,-4.191,5.281,0.000,0.000,0.000,1.165
16:10:23.413,14.622,-2.701,-2.753,True,0.000,0.000,-2.701,-2.753,3.857,0.000,0.000,0.000,0.949
16:10:23.433,14.642,-2.299,-1.609,True,0.000,0.000,-2.299,-1.609,2.806,0.000,0.000,0.000,0.794
16:10:23.454,14.663,-3.530,-4.282,True,0.000,0.000,-3.530,-4.282,5.550,0.000,0.000,0.000,0.968
16:10:23.474,14.683,-4.439,-6.263,True,0.000,0.000,-4.439,-6.263,7.676,0.000,0.000,0.000,0.718
16:10:23.494,14.703,-4.298,-7.613,True,0.000,0.000,-4.298,-7.613,8.742,0.000,0.000,0.000,1.004
16:10:23.514,14.723,-3.365,-4.930,True,0.000,0.000,-3.365,-4.930,5.969,0.000,0.000,0.000,0.730
16:10:23.535,14.744,-2.644,-2.819,True,0.000,0.000,-2.644,-2.819,3.865,0.000,0.000,0.000,0.938
16:10:23.555,14.764,-2.130,-4.799,True,0.000,0.000,-2.130,-4.799,5.251,0.000,0.000,0.000,0.959
16:10:23.575,14.785,-4.840,-5.445,True,0.000,0.000,-4.840,-5.445,7.285,0.000,0.000,0.000,1.039
16:10:23.596,14.805,-3.809,-3.255,True,0.000,0.000,-3.809,-3.255,5.010,0.000,0.000,0.000,0.828
16:10:23.616,14.825,-2.981,-1.623,True,0.000,0.000,-2.981,-1.623,3.394,0.000,0.000,0.000,0.722
16:10:23.637,14.846,-2.365,-1.381,True,0.000,0.000,-2.365,-1.381,2.739,0.000,0.000,0.000,1.105
16:10:23.656,14.865,-4.228,-3.958,True,0.000,0.000,-4.228,-3.958,5.791,0.000,0.000,0.000,0.610
16:10:23.677,14.886,-3.340,-2.406,True,0.000,0.000,-3.340,-2.406,4.116,0.000,0.000,0.000,0.544
16:10:23.697,14.906,-4.171,-4.754,True,0.000,0.000,-4.171,-4.754,6.324,0.000,0.000,0.000,0.494
16:10:23.718,14.927,-3.254,-2.977,True,0.000,0.000,-3.254,-2.977,4.410,0.000,0.000,0.000,0.637
16:10:23.739,14.948,-3.318,-1.613,True,0.000,0.000,-3.318,-1.613,3.689,0.000,0.000,0.000,1.119
16:10:23.759,14.968,-3.379,-3.282,True,0.000,0.000,-3.379,-3.282,4.711,0.000,0.000,0.000,1.105
16:10:23.779,14.988,-2.671,-1.931,True,0.000,0.000,-2.671,-1.931,3.296,0.000,0.000,0.000,1.038
16:10:23.799,15.008,-2.161,-0.055,True,0.000,0.000,-2.161,-0.055,2.161,0.000,0.000,0.000,0.540
16:10:23.819,15.028,-1.824,0.382,True,0.000,0.000,-1.824,0.382,1.863,0.000,0.000,0.000,0.497
16:10:23.840,15.049,-1.625,0.585,True,0.000,0.000,-1.625,0.585,1.727,0.000,0.000,0.000,1.131
16:10:23.860,15.069,-1.529,-0.248,True,0.000,0.000,-1.529,-0.248,1.549,0.000,0.000,0.000,0.922
16:10:23.881,15.090,-1.502,-3.570,True,0.000,0.000,-1.502,-3.570,3.873,0.000,0.000,0.000,1.032
16:10:23.901,15.110,-1.518,-2.489,True,0.000,0.000,-1.518,-2.489,2.915,0.000,0.000,0.000,0.514
16:10:23.922,15.131,-1.557,-1.578,True,0.000,0.000,-1.557,-1.578,2.217,0.000,0.000,0.000,1.005
16:10:23.942,15.151,-4.649,-3.510,True,0.000,0.000,-4.649,-3.510,5.825,0.000,0.000,0.000,1.114
16:10:23.963,15.172,-3.858,-2.281,True,0.000,0.000,-3.858,-2.281,4.482,0.000,0.000,0.000,1.072
16:10:23.983,15.192,-5.444,-5.706,True,0.000,0.000,-5.444,-5.706,7.887,0.000,0.000,0.000,0.594
16:10:24.004,15.213,-4.255,-4.671,True,0.000,0.000,-4.255,-4.671,6.318,0.000,0.000,0.000,0.898
16:10:24.024,15.233,-3.283,-3.770,True,0.000,0.000,-3.283,-3.770,4.999,0.000,0.000,0.000,1.076
16:10:24.045,15.254,-2.550,-3.052,True,0.000,0.000,-2.550,-3.052,3.977,0.000,0.000,0.000,1.104
16:10:24.066,15.275,-2.040,-1.644,True,0.000,0.000,-2.040,-1.644,2.620,0.000,0.000,0.000,1.193
16:10:24.087,15.296,-1.717,-0.648,True,0.000,0.000,-1.717,-0.648,1.836,0.000,0.000,0.000,0.580
16:10:24.108,15.317,-1.540,-0.884,True,0.000,0.000,-1.540,-0.884,1.775,0.000,0.000,0.000,0.982
16:10:24.128,15.337,-1.465,0.603,True,0.000,0.000,-1.465,0.603,1.584,0.000,0.000,0.000,0.768
16:10:24.148,15.358,-1.459,0.740,True,0.000,0.000,-1.459,0.740,1.636,0.000,0.000,0.000,1.172
16:10:24.169,15.378,-3.775,-3.664,True,0.000,0.000,-3.775,-3.664,5.261,0.000,0.000,0.000,0.736
16:10:24.189,15.398,-4.722,-6.065,True,0.000,0.000,-4.722,-6.065,7.686,0.000,0.000,0.000,1.110
16:10:24.209,15.419,-3.806,-5.042,True,0.000,0.000,-3.806,-5.042,6.317,0.000,0.000,0.000,0.649
16:10:24.231,15.440,-3.043,-3.225,True,0.000,0.000,-3.043,-3.225,4.434,0.000,0.000,0.000,1.304
16:10:24.250,15.459,-3.980,-5.324,True,0.000,0.000,-3.980,-5.324,6.647,0.000,0.000,0.000,0.644
16:10:24.270,15.479,-5.431,-7.733,True,0.000,0.000,-5.431,-7.733,9.449,0.000,0.000,0.000,0.578
16:10:24.291,15.500,-4.166,-5.000,True,0.000,0.000,-4.166,-5.000,6.508,0.000,0.000,0.000,1.137
16:10:24.312,15.521,-3.161,-2.853,True,0.000,0.000,-3.161,-2.853,4.258,0.000,0.000,0.000,1.037
16:10:24.332,15.541,-2.424,-1.293,True,0.000,0.000,-2.424,-1.293,2.748,0.000,0.000,0.000,1.085
16:10:24.352,15.561,-1.927,-0.252,True,0.000,0.000,-1.927,-0.252,1.943,0.000,0.000,0.000,1.113
16:10:24.372,15.582,-1.625,0.370,True,0.000,0.000,-1.625,0.370,1.667,0.000,0.000,0.000,0.813
16:10:24.393,15.602,-1.470,0.680,True,0.000,0.000,-1.470,0.680,1.620,0.000,0.000,0.000,1.056
16:10:24.414,15.623,-1.417,-0.103,True,0.000,0.000,-1.417,-0.103,1.421,0.000,0.000,0.000,1.153
16:10:24.434,15.643,-3.712,-3.415,True,0.000,0.000,-3.712,-3.415,5.044,0.000,0.000,0.000,1.074
16:10:24.456,15.665,-3.131,-2.346,True,0.000,0.000,-3.131,-2.346,3.912,0.000,0.000,0.000,1.144
16:10:24.476,15.685,-4.923,-4.096,True,0.000,0.000,-4.923,-4.096,6.404,0.000,0.000,0.000,0.509
16:10:24.497,15.706,-6.196,-5.331,True,0.000,0.000,-6.196,-5.331,8.174,0.000,0.000,0.000,0.873
16:10:24.517,15.726,-6.262,-7.005,True,0.000,0.000,-6.262,-7.005,9.396,0.000,0.000,0.000,0.907
16:10:24.538,15.747,-4.662,-3.700,True,0.000,0.000,-4.662,-3.700,5.952,0.000,0.000,0.000,1.017
16:10:24.559,15.768,-3.409,-2.018,True,0.000,0.000,-3.409,-2.018,3.961,0.000,0.000,0.000,1.104
16:10:24.579,15.788,-2.501,-4.337,True,0.000,0.000,-2.501,-4.337,5.006,0.000,0.000,0.000,1.127
16:10:24.600,15.809,-1.897,-2.593,True,0.000,0.000,-1.897,-2.593,3.213,0.000,0.000,0.000,0.953
16:10:24.620,15.829,-2.299,-2.173,True,0.000,0.000,-2.299,-2.173,3.164,0.000,0.000,0.000,0.814
16:10:24.640,15.850,-1.913,-1.039,True,0.000,0.000,-1.913,-1.039,2.177,0.000,0.000,0.000,1.247
16:10:24.662,15.872,-3.960,-2.028,True,0.000,0.000,-3.960,-2.028,4.449,0.000,0.000,0.000,0.980
16:10:24.683,15.892,-3.208,-1.955,True,0.000,0.000,-3.208,-1.955,3.757,0.000,0.000,0.000,0.921
16:10:24.704,15.913,-4.132,-5.439,True,0.000,0.000,-4.132,-5.439,6.831,0.000,0.000,0.000,1.104
16:10:24.724,15.933,-3.274,-4.469,True,0.000,0.000,-3.274,-4.469,5.540,0.000,0.000,0.000,1.220
16:10:24.744,15.953,-2.606,-3.629,True,0.000,0.000,-2.606,-3.629,4.468,0.000,0.000,0.000,0.901
16:10:24.765,15.974,-2.127,-2.963,True,0.000,0.000,-2.127,-2.963,3.647,0.000,0.000,0.000,1.201
16:10:24.785,15.994,-1.811,-1.595,True,0.000,0.000,-1.811,-1.595,2.413,0.000,0.000,0.000,1.030
16:10:24.805,16.014,-1.626,-0.628,True,0.000,0.000,-1.626,-0.628,1.743,0.000,0.000,0.000,1.014
16:10:24.826,16.035,-3.822,-4.397,True,0.000,0.000,-3.822,-4.397,5.826,0.000,0.000,0.000,1.097
16:10:24.846,16.055,-3.171,-3.714,True,0.000,0.000,-3.171,-3.714,4.884,0.000,0.000,0.000,1.120
16:10:24.866,16.075,-2.634,-1.368,True,0.000,0.000,-2.634,-1.368,2.969,0.000,0.000,0.000,0.832
16:10:24.886,16.096,-2.226,-0.509,True,0.000,0.000,-2.226,-0.509,2.283,0.000,0.000,0.000,0.938
16:10:24.907,16.116,-1.939,0.040,True,0.000,0.000,-1.939,0.040,1.939,0.000,0.000,0.000,1.091
16:10:24.927,16.136,-1.747,0.612,False,0.000,0.000,-1.747,0.612,1.851,0.000,0.000,0.000,0.993
16:10:24.948,16.157,-4.657,-4.075,True,0.000,0.000,-4.657,-4.075,6.189,0.000,0.000,0.000,0.879
16:10:24.968,16.177,-3.559,-2.487,True,0.000,0.000,-3.559,-2.487,4.342,0.000,0.000,0.000,0.606
16:10:24.989,16.198,-2.844,-2.375,True,0.000,0.000,-2.844,-2.375,3.705,0.000,0.000,0.000,1.101
16:10:25.009,16.218,-4.646,-4.944,True,0.000,0.000,-4.646,-4.944,6.784,0.000,0.000,0.000,0.747
16:10:25.029,16.238,-5.082,-5.698,True,0.000,0.000,-5.082,-5.698,7.635,0.000,0.000,0.000,0.935
16:10:25.049,16.258,-3.405,-3.967,True,0.000,0.000,-3.405,-3.967,5.227,0.000,0.000,0.000,0.593
16:10:25.070,16.279,-3.311,-4.098,True,0.000,0.000,-3.311,-4.098,5.269,0.000,0.000,0.000,0.860
16:10:25.090,16.299,-2.340,-1.671,True,0.000,0.000,-2.340,-1.671,2.875,0.000,0.000,0.000,0.807
16:10:25.110,16.319,-1.905,-0.611,True,0.000,0.000,-1.905,-0.611,2.001,0.000,0.000,0.000,1.045
16:10:25.130,16.339,-1.661,0.918,True,0.000,0.000,-1.661,0.918,1.898,0.000,0.000,0.000,0.925
16:10:25.151,16.360,-1.533,0.103,True,0.000,0.000,-1.533,0.103,1.536,0.000,0.000,0.000,0.676
16:10:25.173,16.382,-1.486,0.284,True,0.000,0.000,-1.486,0.284,1.513,0.000,0.000,0.000,0.884
16:10:25.193,16.402,-3.019,-3.172,True,0.000,0.000,-3.019,-3.172,4.379,0.000,0.000,0.000,0.936
16:10:25.213,16.422,-4.164,-6.615,True,0.000,0.000,-4.164,-6.615,7.817,0.000,0.000,0.000,0.624
16:10:25.234,16.443,-3.420,-4.584,True,0.000,0.000,-3.420,-4.584,5.720,0.000,0.000,0.000,0.659
16:10:25.254,16.463,-3.565,-6.414,True,0.000,0.000,-3.565,-6.414,7.338,0.000,0.000,0.000,0.693
16:10:25.274,16.484,-3.643,-7.659,True,0.000,0.000,-3.643,-7.659,8.481,0.000,0.000,0.000,0.859
16:10:25.295,16.504,-2.912,-4.904,True,0.000,0.000,-2.912,-4.904,5.703,0.000,0.000,0.000,0.995
16:10:25.315,16.524,-3.884,-7.155,True,0.000,0.000,-3.884,-7.155,8.142,0.000,0.000,0.000,0.773
16:10:25.335,16.544,-3.082,-5.279,True,0.000,0.000,-3.082,-5.279,6.112,0.000,0.000,0.000,1.097
16:10:25.356,16.565,-2.469,-2.948,True,0.000,0.000,-2.469,-2.948,3.846,0.000,0.000,0.000,1.068
16:10:25.376,16.586,-4.321,-5.668,True,0.000,0.000,-4.321,-5.668,7.127,0.000,0.000,0.000,0.872
16:10:25.398,16.607,-4.939,-6.872,True,0.000,0.000,-4.939,-6.872,8.463,0.000,0.000,0.000,0.878
16:10:25.418,16.627,-6.094,-7.710,True,0.000,0.000,-6.094,-7.710,9.827,0.000,0.000,0.000,0.536
16:10:25.438,16.647,-4.582,-4.723,True,0.000,0.000,-4.582,-4.723,6.581,0.000,0.000,0.000,0.553
16:10:25.459,16.668,-3.388,-2.464,True,0.000,0.000,-3.388,-2.464,4.189,0.000,0.000,0.000,1.060
16:10:25.479,16.689,-2.516,-1.765,True,0.000,0.000,-2.516,-1.765,3.074,0.000,0.000,0.000,0.853
16:10:25.500,16.709,-1.931,-1.400,True,0.000,0.000,-1.931,-1.400,2.386,0.000,0.000,0.000,0.605
16:10:25.520,16.729,-1.579,-0.390,True,0.000,0.000,-1.579,-0.390,1.626,0.000,0.000,0.000,0.668
16:10:25.541,16.750,-1.401,-3.284,True,0.000,0.000,-1.401,-3.284,3.570,0.000,0.000,0.000,0.953
16:10:25.561,16.770,-1.343,-2.871,True,0.000,0.000,-1.343,-2.871,3.170,0.000,0.000,0.000,1.037
16:10:25.581,16.790,-4.405,-2.538,True,0.000,0.000,-4.405,-2.538,5.084,0.000,0.000,0.000,0.513
16:10:25.602,16.811,-6.672,-3.168,True,0.000,0.000,-6.672,-3.168,7.386,0.000,0.000,0.000,0.991
16:10:25.622,16.831,-5.172,-1.876,True,0.000,0.000,-5.172,-1.876,5.502,0.000,0.000,0.000,0.912
16:10:25.642,16.851,-3.915,-0.919,True,0.000,0.000,-3.915,-0.919,4.021,0.000,0.000,0.000,0.895
16:10:25.663,16.872,-2.945,-0.265,True,0.000,0.000,-2.945,-0.265,2.957,0.000,0.000,0.000,1.116
16:10:25.683,16.892,-2.253,1.017,True,0.000,0.000,-2.253,1.017,2.472,0.000,0.000,0.000,0.703
16:10:25.703,16.913,-3.324,-2.527,True,0.000,0.000,-3.324,-2.527,4.176,0.000,0.000,0.000,1.008
16:10:25.724,16.933,-2.645,-0.816,True,0.000,0.000,-2.645,-0.816,2.768,0.000,0.000,0.000,0.876
16:10:25.745,16.954,-2.155,-1.262,True,0.000,0.000,-2.155,-1.262,2.497,0.000,0.000,0.000,1.104
16:10:25.765,16.974,-1.829,0.150,True,0.000,0.000,-1.829,0.150,1.835,0.000,0.000,0.000,0.718
16:10:25.787,16.996,-1.637,0.298,True,0.000,0.000,-1.637,0.298,1.664,0.000,0.000,0.000,1.688
16:10:25.807,17.017,-1.543,0.347,True,0.000,0.000,-1.543,0.347,1.581,0.000,0.000,0.000,0.966
16:10:25.828,17.037,-2.277,0.334,True,0.000,0.000,-2.277,0.334,2.301,0.000,0.000,0.000,0.569
16:10:25.848,17.057,-2.082,0.287,True,0.000,0.000,-2.082,0.287,2.102,0.000,0.000,0.000,0.540
16:10:25.869,17.078,-1.934,0.226,True,0.000,0.000,-1.934,0.226,1.947,0.000,0.000,0.000,0.777
16:10:25.889,17.099,-4.113,-4.230,True,0.000,0.000,-4.113,-4.230,5.900,0.000,0.000,0.000,0.687
16:10:25.910,17.119,-4.181,-3.078,True,0.000,0.000,-4.181,-3.078,5.191,0.000,0.000,0.000,1.050
16:10:25.931,17.140,-3.381,-1.178,True,0.000,0.000,-3.381,-1.178,3.580,0.000,0.000,0.000,1.143
16:10:25.951,17.160,-2.734,-0.595,True,0.000,0.000,-2.734,-0.595,2.798,0.000,0.000,0.000,0.556
16:10:25.971,17.180,-2.251,-1.071,True,0.000,0.000,-2.251,-1.071,2.493,0.000,0.000,0.000,0.617
16:10:25.992,17.202,-3.442,-4.094,True,0.000,0.000,-3.442,-4.094,5.348,0.000,0.000,0.000,1.612
16:10:26.012,17.221,-5.100,-6.295,True,0.000,0.000,-5.100,-6.295,8.102,0.000,0.000,0.000,0.656
16:10:26.033,17.242,-4.754,-5.131,True,0.000,0.000,-4.754,-5.131,6.995,0.000,0.000,0.000,0.857
16:10:26.053,17.262,-3.651,-4.102,True,0.000,0.000,-3.651,-4.102,5.491,0.000,0.000,0.000,0.723
16:10:26.073,17.282,-2.800,-2.393,True,0.000,0.000,-2.800,-2.393,3.683,0.000,0.000,0.000,0.613
16:10:26.094,17.303,-2.193,-1.137,True,0.000,0.000,-2.193,-1.137,2.470,0.000,0.000,0.000,1.113
16:10:26.115,17.324,-1.797,-0.287,True,0.000,0.000,-1.797,-0.287,1.820,0.000,0.000,0.000,1.038
16:10:26.136,17.345,-1.568,0.230,True,0.000,0.000,-1.568,0.230,1.585,0.000,0.000,0.000,1.049
16:10:26.156,17.365,-1.461,-0.382,True,0.000,0.000,-1.461,-0.382,1.510,0.000,0.000,0.000,0.782
16:10:26.176,17.386,-2.959,-3.563,True,0.000,0.000,-2.959,-3.563,4.632,0.000,0.000,0.000,1.117
16:10:26.197,17.406,-3.328,-4.160,True,0.000,0.000,-3.328,-4.160,5.327,0.000,0.000,0.000,0.995
16:10:26.217,17.426,-2.800,-2.732,True,0.000,0.000,-2.800,-2.732,3.912,0.000,0.000,0.000,0.822
16:10:26.237,17.446,-2.377,-2.474,True,0.000,0.000,-2.377,-2.474,3.431,0.000,0.000,0.000,1.239
16:10:26.257,17.467,-2.064,-0.518,True,0.000,0.000,-2.064,-0.518,2.128,0.000,0.000,0.000,1.214
16:10:26.277,17.487,-1.851,0.898,True,0.000,0.000,-1.851,0.898,2.057,0.000,0.000,0.000,0.585
16:10:26.298,17.508,-1.719,0.960,True,0.000,0.000,-1.719,0.960,1.969,0.000,0.000,0.000,1.076
16:10:26.319,17.528,-3.934,-2.634,True,0.000,0.000,-3.934,-2.634,4.734,0.000,0.000,0.000,0.679
16:10:26.341,17.550,-3.281,-1.818,True,0.000,0.000,-3.281,-1.818,3.751,0.000,0.000,0.000,1.145
16:10:26.360,17.570,-5.014,-5.533,True,0.000,0.000,-5.014,-5.533,7.466,0.000,0.000,0.000,0.592
16:10:26.382,17.591,-3.959,-3.804,True,0.000,0.000,-3.959,-3.804,5.490,0.000,0.000,0.000,1.099
16:10:26.402,17.611,-3.098,-3.248,True,0.000,0.000,-3.098,-3.248,4.489,0.000,0.000,0.000,1.102
16:10:26.422,17.631,-3.212,-5.425,True,0.000,0.000,-3.212,-5.425,6.305,0.000,0.000,0.000,0.993
16:10:26.442,17.652,-4.076,-6.987,True,0.000,0.000,-4.076,-6.987,8.089,0.000,0.000,0.000,0.849
16:10:26.463,17.672,-3.190,-5.378,True,0.000,0.000,-3.190,-5.378,6.253,0.000,0.000,0.000,0.565
16:10:26.483,17.692,-2.517,-3.187,True,0.000,0.000,-2.517,-3.187,4.061,0.000,0.000,0.000,0.776
16:10:26.503,17.713,-2.045,-2.442,True,0.000,0.000,-2.045,-2.442,3.185,0.000,0.000,0.000,0.601
16:10:26.524,17.733,-1.743,-0.212,True,0.000,0.000,-1.743,-0.212,1.756,0.000,0.000,0.000,0.645
16:10:26.544,17.754,-1.574,-2.192,True,0.000,0.000,-1.574,-2.192,2.699,0.000,0.000,0.000,0.853
16:10:26.565,17.774,-1.501,-1.147,True,0.000,0.000,-1.501,-1.147,1.889,0.000,0.000,0.000,0.905
16:10:26.585,17.794,-3.775,-3.933,True,0.000,0.000,-3.775,-3.933,5.451,0.000,0.000,0.000,0.617
16:10:26.606,17.815,-3.174,-2.502,True,0.000,0.000,-3.174,-2.502,4.042,0.000,0.000,0.000,1.190
16:10:26.626,17.835,-4.950,-4.907,True,0.000,0.000,-4.950,-4.907,6.970,0.000,0.000,0.000,0.626
16:10:26.646,17.855,-3.926,-6.660,True,0.000,0.000,-3.926,-6.660,7.731,0.000,0.000,0.000,0.512
16:10:26.667,17.876,-4.610,-6.077,True,0.000,0.000,-4.610,-6.077,7.628,0.000,0.000,0.000,0.786
16:10:26.687,17.896,-3.559,-3.750,True,0.000,0.000,-3.559,-3.750,5.170,0.000,0.000,0.000,0.746
16:10:26.708,17.917,-2.747,-1.103,True,0.000,0.000,-2.747,-1.103,2.961,0.000,0.000,0.000,1.062
16:10:26.728,17.937,-4.454,-3.619,True,0.000,0.000,-4.454,-3.619,5.738,0.000,0.000,0.000,1.058
16:10:26.748,17.957,-4.211,-5.588,True,0.000,0.000,-4.211,-5.588,6.997,0.000,0.000,0.000,0.712
16:10:26.768,17.978,-5.515,-7.012,True,0.000,0.000,-5.515,-7.012,8.921,0.000,0.000,0.000,0.779
16:10:26.789,17.998,-4.157,-5.321,True,0.000,0.000,-4.157,-5.321,6.753,0.000,0.000,0.000,0.576
16:10:26.809,18.018,-3.100,-3.091,True,0.000,0.000,-3.100,-3.091,4.378,0.000,0.000,0.000,0.784
16:10:26.830,18.039,-2.341,-2.335,True,0.000,0.000,-2.341,-2.335,3.306,0.000,0.000,0.000,1.093
16:10:26.849,18.058,-2.602,-1.869,True,0.000,0.000,-2.602,-1.869,3.204,0.000,0.000,0.000,0.603
16:10:26.870,18.080,-2.100,-0.746,True,0.000,0.000,-2.100,-0.746,2.228,0.000,0.000,0.000,0.752
16:10:26.891,18.100,-1.774,-0.018,True,0.000,0.000,-1.774,-0.018,1.774,0.000,0.000,0.000,1.037
16:10:26.911,18.120,-1.588,0.398,True,0.000,0.000,-1.588,0.398,1.637,0.000,0.000,0.000,0.788
16:10:26.932,18.141,-3.787,-2.928,True,0.000,0.000,-3.787,-2.928,4.787,0.000,0.000,0.000,1.065
16:10:26.952,18.161,-3.143,-5.440,True,0.000,0.000,-3.143,-5.440,6.283,0.000,0.000,0.000,0.948
16:10:26.973,18.182,-2.613,-4.554,True,0.000,0.000,-2.613,-4.554,5.251,0.000,0.000,0.000,1.148
16:10:26.993,18.202,-2.211,-3.752,True,0.000,0.000,-2.211,-3.752,4.355,0.000,0.000,0.000,1.042
16:10:27.013,18.222,-1.930,-2.213,True,0.000,0.000,-1.930,-2.213,2.936,0.000,0.000,0.000,0.973
16:10:27.034,18.243,-4.034,-4.591,True,0.000,0.000,-4.034,-4.591,6.112,0.000,0.000,0.000,0.827
16:10:27.054,18.263,-4.829,-6.366,True,0.000,0.000,-4.829,-6.366,7.991,0.000,0.000,0.000,0.827
16:10:27.075,18.284,-3.814,-4.073,True,0.000,0.000,-3.814,-4.073,5.580,0.000,0.000,0.000,1.123
16:10:27.095,18.304,-5.278,-6.679,True,0.000,0.000,-5.278,-6.679,8.513,0.000,0.000,0.000,0.982
16:10:27.115,18.324,-4.039,-5.063,True,0.000,0.000,-4.039,-5.063,6.477,0.000,0.000,0.000,0.683
16:10:27.136,18.345,-3.064,-3.785,True,0.000,0.000,-3.064,-3.785,4.870,0.000,0.000,0.000,1.032
16:10:27.157,18.366,-2.355,-1.972,True,0.000,0.000,-2.355,-1.972,3.072,0.000,0.000,0.000,0.966
16:10:27.177,18.386,-3.405,-4.222,True,0.000,0.000,-3.405,-4.222,5.424,0.000,0.000,0.000,0.515
16:10:27.198,18.407,-2.704,-2.453,True,0.000,0.000,-2.704,-2.453,3.651,0.000,0.000,0.000,1.114
16:10:27.218,18.427,-4.478,-4.671,True,0.000,0.000,-4.478,-4.671,6.471,0.000,0.000,0.000,0.985
16:10:27.238,18.447,-3.510,-2.831,True,0.000,0.000,-3.510,-2.831,4.509,0.000,0.000,0.000,1.033
16:10:27.258,18.468,-2.752,-2.327,True,0.000,0.000,-2.752,-2.327,3.604,0.000,0.000,0.000,1.056
16:10:27.279,18.488,-2.965,-2.885,True,0.000,0.000,-2.965,-2.885,4.137,0.000,0.000,0.000,1.118
16:10:27.299,18.508,-3.154,-1.586,True,0.000,0.000,-3.154,-1.586,3.530,0.000,0.000,0.000,0.613
16:10:27.320,18.529,-2.545,-0.659,True,0.000,0.000,-2.545,-0.659,2.629,0.000,0.000,0.000,1.283
16:10:27.340,18.549,-3.628,-3.569,True,0.000,0.000,-3.628,-3.569,5.089,0.000,0.000,0.000,0.851
16:10:27.361,18.570,-2.920,-2.253,True,0.000,0.000,-2.920,-2.253,3.688,0.000,0.000,0.000,1.115
16:10:27.381,18.590,-2.380,-1.237,True,0.000,0.000,-2.380,-1.237,2.682,0.000,0.000,0.000,0.600
16:10:27.402,18.611,-2.000,-0.512,True,0.000,0.000,-2.000,-0.512,2.065,0.000,0.000,0.000,1.124
16:10:27.423,18.632,-1.756,-0.039,True,0.000,0.000,-1.756,-0.039,1.757,0.000,0.000,0.000,1.081
16:10:27.443,18.652,-1.619,0.235,True,0.000,0.000,-1.619,0.235,1.636,0.000,0.000,0.000,0.982
16:10:27.464,18.673,-1.558,0.362,True,0.000,0.000,-1.558,0.362,1.599,0.000,0.000,0.000,0.768
16:10:27.484,18.693,-1.548,0.392,True,0.000,0.000,-1.548,0.392,1.597,0.000,0.000,0.000,0.802
16:10:27.505,18.714,-1.568,-0.516,True,0.000,0.000,-1.568,-0.516,1.651,0.000,0.000,0.000,1.089
16:10:27.527,18.736,-1.603,-1.214,True,0.000,0.000,-1.603,-1.214,2.011,0.000,0.000,0.000,0.972
16:10:27.547,18.756,-1.642,0.050,True,0.000,0.000,-1.642,0.050,1.643,0.000,0.000,0.000,0.843
16:10:27.566,18.776,-1.679,0.125,True,0.000,0.000,-1.679,0.125,1.684,0.000,0.000,0.000,0.526
16:10:27.587,18.796,-1.710,-0.726,True,0.000,0.000,-1.710,-0.726,1.858,0.000,0.000,0.000,0.667
16:10:27.607,18.816,-1.711,-0.855,False,0.000,0.000,-1.711,-0.855,1.913,0.000,0.000,0.000,0.986
16:10:27.629,18.838,-2.737,-5.022,True,0.000,0.000,-2.737,-5.022,5.719,0.000,0.000,0.000,1.047
16:10:27.650,18.859,-2.400,-3.179,True,0.000,0.000,-2.400,-3.179,3.983,0.000,0.000,0.000,1.274
16:10:27.670,18.879,-2.175,-1.968,True,0.000,0.000,-2.175,-1.968,2.933,0.000,0.000,0.000,0.837
16:10:27.691,18.900,-4.317,-5.539,True,0.000,0.000,-4.317,-5.539,7.022,0.000,0.000,0.000,1.041
16:10:27.711,18.920,-3.551,-3.683,True,0.000,0.000,-3.551,-3.683,5.116,0.000,0.000,0.000,0.974
16:10:27.731,18.941,-2.906,-2.195,True,0.000,0.000,-2.906,-2.195,3.642,0.000,0.000,0.000,1.144
16:10:27.752,18.961,-2.403,-1.087,True,0.000,0.000,-2.403,-1.087,2.637,0.000,0.000,0.000,1.215
16:10:27.772,18.981,-2.804,-0.327,True,0.000,0.000,-2.804,-0.327,2.823,0.000,0.000,0.000,1.209
16:10:27.793,19.002,-2.355,0.143,True,0.000,0.000,-2.355,0.143,2.360,0.000,0.000,0.000,1.253
16:10:27.813,19.022,-2.031,0.394,True,0.000,0.000,-2.031,0.394,2.068,0.000,0.000,0.000,1.132
16:10:27.833,19.043,-4.101,-1.270,True,0.000,0.000,-4.101,-1.270,4.293,0.000,0.000,0.000,1.027
16:10:27.854,19.063,-3.344,-0.790,True,0.000,0.000,-3.344,-0.790,3.436,0.000,0.000,0.000,1.052
16:10:27.874,19.083,-2.726,-0.423,True,0.000,0.000,-2.726,-0.423,2.759,0.000,0.000,0.000,0.978
16:10:27.894,19.104,-2.261,-0.165,True,0.000,0.000,-2.261,-0.165,2.267,0.000,0.000,0.000,1.097
16:10:27.915,19.124,-2.699,0.002,True,0.000,0.000,-2.699,0.002,2.699,0.000,0.000,0.000,1.220
16:10:27.936,19.145,-4.570,-3.419,True,0.000,0.000,-4.570,-3.419,5.707,0.000,0.000,0.000,1.352
16:10:27.955,19.165,-6.691,-4.169,True,0.000,0.000,-6.691,-4.169,7.883,0.000,0.000,0.000,0.849
16:10:27.975,19.184,-7.390,-7.221,True,0.000,0.000,-7.390,-7.221,10.332,0.000,0.000,0.000,0.652
16:10:27.996,19.205,-5.465,-4.916,True,0.000,0.000,-5.465,-4.916,7.350,0.000,0.000,0.000,0.616
16:10:28.016,19.226,-5.454,-7.415,True,0.000,0.000,-5.454,-7.415,9.205,0.000,0.000,0.000,0.780
16:10:28.037,19.247,-3.906,-5.651,True,0.000,0.000,-3.906,-5.651,6.870,0.000,0.000,0.000,1.172
16:10:28.057,19.267,-2.772,-4.219,True,0.000,0.000,-2.772,-4.219,5.048,0.000,0.000,0.000,1.002
16:10:28.078,19.287,-2.768,-5.782,True,0.000,0.000,-2.768,-5.782,6.411,0.000,0.000,0.000,0.790
16:10:28.099,19.308,-2.096,-2.559,True,0.000,0.000,-2.096,-2.559,3.307,0.000,0.000,0.000,1.139
16:10:28.119,19.328,-2.435,-4.574,True,0.000,0.000,-2.435,-4.574,5.182,0.000,0.000,0.000,0.879
16:10:28.142,19.351,-4.281,-6.145,True,0.000,0.000,-4.281,-6.145,7.489,0.000,0.000,0.000,1.048
16:10:28.162,19.371,-3.377,-3.761,True,0.000,0.000,-3.377,-3.761,5.055,0.000,0.000,0.000,0.641
16:10:28.183,19.392,-2.672,-1.959,True,0.000,0.000,-2.672,-1.959,3.313,0.000,0.000,0.000,1.078
16:10:28.203,19.413,-3.686,-4.217,True,0.000,0.000,-3.686,-4.217,5.601,0.000,0.000,0.000,1.100
16:10:28.224,19.433,-3.693,-2.453,True,0.000,0.000,-3.693,-2.453,4.433,0.000,0.000,0.000,1.041
16:10:28.245,19.454,-5.200,-5.553,True,0.000,0.000,-5.200,-5.553,7.608,0.000,0.000,0.000,1.118
16:10:28.265,19.474,-3.994,-4.351,True,0.000,0.000,-3.994,-4.351,5.907,0.000,0.000,0.000,0.796
16:10:28.285,19.495,-3.044,-2.514,True,0.000,0.000,-3.044,-2.514,3.948,0.000,0.000,0.000,0.609
16:10:28.306,19.515,-2.352,-1.171,True,0.000,0.000,-2.352,-1.171,2.628,0.000,0.000,0.000,0.994
16:10:28.326,19.536,-1.889,-0.268,True,0.000,0.000,-1.889,-0.268,1.908,0.000,0.000,0.000,0.992
16:10:28.348,19.557,-1.611,0.277,True,0.000,0.000,-1.611,0.277,1.634,0.000,0.000,0.000,1.129
16:10:28.368,19.577,-1.471,1.434,True,0.000,0.000,-1.471,1.434,2.054,0.000,0.000,0.000,0.837
16:10:28.388,19.598,-1.169,2.258,True,0.000,0.000,-1.169,2.258,2.542,0.000,0.000,0.000,0.910
16:10:28.409,19.618,-1.373,2.494,True,0.000,0.000,-1.373,2.494,2.847,0.000,0.000,0.000,0.544
16:10:28.429,19.638,-1.473,1.635,True,0.000,0.000,-1.473,1.635,2.201,0.000,0.000,0.000,0.899
16:10:28.450,19.659,-1.367,1.928,True,0.000,0.000,-1.367,1.928,2.363,0.000,0.000,0.000,0.914
16:10:28.470,19.679,-3.582,-4.917,True,0.000,0.000,-3.582,-4.917,6.083,0.000,0.000,0.000,1.068
16:10:28.491,19.700,-5.507,-7.224,True,0.000,0.000,-5.507,-7.224,9.084,0.000,0.000,0.000,1.129
16:10:28.511,19.720,-5.862,-8.547,True,0.000,0.000,-5.862,-8.547,10.364,0.000,0.000,0.000,1.040
16:10:28.531,19.741,-5.239,-5.702,True,0.000,0.000,-5.239,-5.702,7.743,0.000,0.000,0.000,1.044
16:10:28.556,19.765,-3.932,-3.451,True,0.000,0.000,-3.932,-3.451,5.231,0.000,0.000,0.000,1.769
16:10:28.575,19.784,-5.222,-3.526,True,0.000,0.000,-5.222,-3.526,6.301,0.000,0.000,0.000,1.101
16:10:28.595,19.804,-3.884,-1.871,True,0.000,0.000,-3.884,-1.871,4.312,0.000,0.000,0.000,0.976
16:10:28.615,19.824,-5.163,-4.236,True,0.000,0.000,-5.163,-4.236,6.678,0.000,0.000,0.000,0.639
16:10:28.636,19.845,-3.825,-3.401,True,0.000,0.000,-3.825,-3.401,5.118,0.000,0.000,0.000,0.838
16:10:28.656,19.866,-2.821,-1.003,True,0.000,0.000,-2.821,-1.003,2.994,0.000,0.000,0.000,1.008
16:10:28.676,19.885,-2.887,0.719,True,0.000,0.000,-2.887,0.719,2.975,0.000,0.000,0.000,0.538
16:10:28.697,19.907,-3.001,-2.542,True,0.000,0.000,-3.001,-2.542,3.933,0.000,0.000,0.000,1.208
16:10:28.717,19.927,-2.367,-2.424,True,0.000,0.000,-2.367,-2.424,3.389,0.000,0.000,0.000,0.660
16:10:28.738,19.948,-1.936,-1.433,True,0.000,0.000,-1.936,-1.433,2.408,0.000,0.000,0.000,1.123
16:10:28.758,19.968,-1.670,0.180,True,0.000,0.000,-1.670,0.180,1.680,0.000,0.000,0.000,1.110
16:10:28.779,19.988,-1.530,0.439,True,0.000,0.000,-1.530,0.439,1.592,0.000,0.000,0.000,1.041
16:10:28.799,20.008,-1.478,0.534,True,0.000,0.000,-1.478,0.534,1.572,0.000,0.000,0.000,0.867
16:10:28.819,20.028,-1.483,0.525,True,0.000,0.000,-1.483,0.525,1.574,0.000,0.000,0.000,0.869
16:10:28.840,20.049,-1.519,-2.179,True,0.000,0.000,-1.519,-2.179,2.656,0.000,0.000,0.000,0.958
16:10:28.860,20.069,-2.331,-4.184,True,0.000,0.000,-2.331,-4.184,4.790,0.000,0.000,0.000,0.985
16:10:28.881,20.090,-3.696,-6.433,True,0.000,0.000,-3.696,-6.433,7.419,0.000,0.000,0.000,1.143
16:10:28.900,20.109,-3.140,-5.280,True,0.000,0.000,-3.140,-5.280,6.143,0.000,0.000,0.000,0.583
16:10:28.922,20.131,-2.661,-4.239,True,0.000,0.000,-2.661,-4.239,5.005,0.000,0.000,0.000,1.166
16:10:28.941,20.151,-3.043,-2.507,True,0.000,0.000,-3.043,-2.507,3.943,0.000,0.000,0.000,0.668
16:10:28.962,20.171,-2.557,-0.346,True,0.000,0.000,-2.557,-0.346,2.581,0.000,0.000,0.000,0.903
16:10:28.982,20.191,-2.187,0.288,True,0.000,0.000,-2.187,0.288,2.206,0.000,0.000,0.000,0.538
16:10:29.003,20.212,-1.926,0.614,True,0.000,0.000,-1.926,0.614,2.022,0.000,0.000,0.000,0.732
16:10:29.023,20.233,-2.521,1.606,True,0.000,0.000,-2.521,1.606,2.989,0.000,0.000,0.000,0.607
16:10:29.044,20.253,-4.501,-2.173,True,0.000,0.000,-4.501,-2.173,4.998,0.000,0.000,0.000,1.033
16:10:29.065,20.274,-3.648,-1.517,True,0.000,0.000,-3.648,-1.517,3.951,0.000,0.000,0.000,1.128
16:10:29.084,20.294,-4.462,-4.479,True,0.000,0.000,-4.462,-4.479,6.322,0.000,0.000,0.000,0.627
16:10:29.105,20.314,-3.501,-3.085,True,0.000,0.000,-3.501,-3.085,4.666,0.000,0.000,0.000,0.765
16:10:29.125,20.334,-2.749,-2.804,True,0.000,0.000,-2.749,-2.804,3.927,0.000,0.000,0.000,0.678
16:10:29.145,20.355,-2.204,-0.796,True,0.000,0.000,-2.204,-0.796,2.344,0.000,0.000,0.000,1.000
16:10:29.166,20.375,-1.843,-0.196,True,0.000,0.000,-1.843,-0.196,1.853,0.000,0.000,0.000,1.191
16:10:29.186,20.395,-1.628,0.168,True,0.000,0.000,-1.628,0.168,1.636,0.000,0.000,0.000,0.589
16:10:29.206,20.416,-1.522,0.355,True,0.000,0.000,-1.522,0.355,1.563,0.000,0.000,0.000,1.120
16:10:29.226,20.435,-1.491,0.420,True,0.000,0.000,-1.491,0.420,1.549,0.000,0.000,0.000,0.494
16:10:29.247,20.456,-1.505,0.407,True,0.000,0.000,-1.505,0.407,1.559,0.000,0.000,0.000,0.642
16:10:29.267,20.476,-1.545,0.351,True,0.000,0.000,-1.545,0.351,1.584,0.000,0.000,0.000,0.530
16:10:29.288,20.497,-1.593,0.278,True,0.000,0.000,-1.593,0.278,1.617,0.000,0.000,0.000,1.029
16:10:29.309,20.518,-1.641,0.203,True,0.000,0.000,-1.641,0.203,1.654,0.000,0.000,0.000,1.061
16:10:29.329,20.538,-1.684,0.136,True,0.000,0.000,-1.684,0.136,1.689,0.000,0.000,0.000,0.998
16:10:29.349,20.559,-1.717,0.082,True,0.000,0.000,-1.717,0.082,1.719,0.000,0.000,0.000,0.951
16:10:29.370,20.579,-2.504,-0.837,True,0.000,0.000,-2.504,-0.837,2.640,0.000,0.000,0.000,0.976
16:10:29.390,20.599,-3.834,-4.139,True,0.000,0.000,-3.834,-4.139,5.642,0.000,0.000,0.000,0.990
16:10:29.410,20.619,-5.526,-6.494,True,0.000,0.000,-5.526,-6.494,8.527,0.000,0.000,0.000,0.510
16:10:29.430,20.640,-4.387,-4.515,True,0.000,0.000,-4.387,-4.515,6.295,0.000,0.000,0.000,1.050
16:10:29.451,20.660,-3.428,-2.853,True,0.000,0.000,-3.428,-2.853,4.460,0.000,0.000,0.000,1.012
16:10:29.471,20.680,-2.685,-1.570,True,0.000,0.000,-2.685,-1.570,3.110,0.000,0.000,0.000,1.131
16:10:29.492,20.701,-2.154,-0.653,True,0.000,0.000,-2.154,-0.653,2.250,0.000,0.000,0.000,1.030
16:10:29.512,20.721,-1.805,-0.055,True,0.000,0.000,-1.805,-0.055,1.806,0.000,0.000,0.000,1.049
16:10:29.532,20.742,-1.602,1.171,True,0.000,0.000,-1.602,1.171,1.985,0.000,0.000,0.000,0.819
16:10:29.553,20.762,-1.506,1.093,True,0.000,0.000,-1.506,1.093,1.861,0.000,0.000,0.000,0.892
16:10:29.573,20.782,-2.244,-2.597,True,0.000,0.000,-2.244,-2.597,3.432,0.000,0.000,0.000,0.610
16:10:29.593,20.803,-2.055,-1.840,True,0.000,0.000,-2.055,-1.840,2.758,0.000,0.000,0.000,1.063
16:10:29.614,20.823,-1.913,-2.070,True,0.000,0.000,-1.913,-2.070,2.818,0.000,0.000,0.000,1.169
16:10:29.634,20.844,-1.815,-2.197,True,0.000,0.000,-1.815,-2.197,2.849,0.000,0.000,0.000,1.189
16:10:29.655,20.864,-2.515,-3.129,True,0.000,0.000,-2.515,-3.129,4.014,0.000,0.000,0.000,1.126
16:10:29.675,20.884,-3.795,-6.409,True,0.000,0.000,-3.795,-6.409,7.448,0.000,0.000,0.000,1.105
16:10:29.695,20.904,-3.178,-3.450,True,0.000,0.000,-3.178,-3.450,4.691,0.000,0.000,0.000,0.725
16:10:29.716,20.925,-2.660,-1.994,True,0.000,0.000,-2.660,-1.994,3.325,0.000,0.000,0.000,0.605
16:10:29.736,20.945,-2.259,-0.930,True,0.000,0.000,-2.259,-0.930,2.443,0.000,0.000,0.000,0.833
16:10:29.757,20.966,-1.973,-0.214,True,0.000,0.000,-1.973,-0.214,1.984,0.000,0.000,0.000,0.810
16:10:29.778,20.987,-1.785,1.097,True,0.000,0.000,-1.785,1.097,2.096,0.000,0.000,0.000,0.804
16:10:29.798,21.007,-1.676,-2.439,True,0.000,0.000,-1.676,-2.439,2.960,0.000,0.000,0.000,0.747
16:10:29.818,21.027,-1.625,-1.614,True,0.000,0.000,-1.625,-1.614,2.290,0.000,0.000,0.000,0.708
16:10:29.838,21.047,-1.612,-1.831,True,0.000,0.000,-1.612,-1.831,2.440,0.000,0.000,0.000,0.673
16:10:29.859,21.068,-1.623,-1.101,True,0.000,0.000,-1.623,-1.101,1.962,0.000,0.000,0.000,1.020
16:10:29.881,21.090,-4.692,-2.313,True,0.000,0.000,-4.692,-2.313,5.231,0.000,0.000,0.000,0.924
16:10:29.902,21.111,-3.883,-1.453,True,0.000,0.000,-3.883,-1.453,4.146,0.000,0.000,0.000,1.024
16:10:29.922,21.131,-3.933,-0.792,True,0.000,0.000,-3.933,-0.792,4.012,0.000,0.000,0.000,1.141
16:10:29.942,21.151,-3.152,-0.322,True,0.000,0.000,-3.152,-0.322,3.169,0.000,0.000,0.000,1.068
16:10:29.962,21.171,-2.544,-0.016,True,0.000,0.000,-2.544,-0.016,2.544,0.000,0.000,0.000,0.867
16:10:29.983,21.192,-4.389,-1.598,True,0.000,0.000,-4.389,-1.598,4.671,0.000,0.000,0.000,1.120
16:10:30.003,21.213,-3.473,-1.913,True,0.000,0.000,-3.473,-1.913,3.965,0.000,0.000,0.000,1.142
16:10:30.024,21.233,-4.271,-4.744,True,0.000,0.000,-4.271,-4.744,6.384,0.000,0.000,0.000,1.018
16:10:30.044,21.254,-3.324,-3.243,True,0.000,0.000,-3.324,-3.243,4.645,0.000,0.000,0.000,0.957
16:10:30.064,21.274,-2.601,-2.005,True,0.000,0.000,-2.601,-2.005,3.284,0.000,0.000,0.000,0.712
16:10:30.085,21.295,-2.090,-1.063,True,0.000,0.000,-2.090,-1.063,2.345,0.000,0.000,0.000,1.132
16:10:30.106,21.315,-1.762,-4.795,True,0.000,0.000,-1.762,-4.795,5.108,0.000,0.000,0.000,0.925
16:10:30.126,21.335,-1.575,-3.164,True,0.000,0.000,-1.575,-3.164,3.534,0.000,0.000,0.000,0.966
16:10:30.146,21.356,-1.491,-1.861,True,0.000,0.000,-1.491,-1.861,2.385,0.000,0.000,0.000,1.123
16:10:30.167,21.376,-1.476,-0.899,True,0.000,0.000,-1.476,-0.899,1.728,0.000,0.000,0.000,0.740
16:10:30.188,21.397,-1.502,-0.245,True,0.000,0.000,-1.502,-0.245,1.522,0.000,0.000,0.000,1.023
16:10:30.208,21.417,-1.548,0.156,True,0.000,0.000,-1.548,0.156,1.556,0.000,0.000,0.000,0.910
16:10:30.228,21.437,-1.475,0.643,True,0.000,0.000,-1.475,0.643,1.609,0.000,0.000,0.000,0.513
16:10:30.249,21.458,-1.606,0.494,True,0.000,0.000,-1.606,0.494,1.681,0.000,0.000,0.000,0.857
16:10:30.269,21.479,-3.382,-4.512,True,0.000,0.000,-3.382,-4.512,5.639,0.000,0.000,0.000,1.098
16:10:30.290,21.499,-2.891,-3.039,True,0.000,0.000,-2.891,-3.039,4.195,0.000,0.000,0.000,1.051
16:10:30.309,21.519,-2.508,-2.809,True,0.000,0.000,-2.508,-2.809,3.766,0.000,0.000,0.000,0.528
16:10:30.330,21.539,-2.209,-2.594,True,0.000,0.000,-2.209,-2.594,3.407,0.000,0.000,0.000,0.843
16:10:30.350,21.559,-1.986,-2.406,True,0.000,0.000,-1.986,-2.406,3.120,0.000,0.000,0.000,0.694
16:10:30.371,21.580,-1.834,-1.375,True,0.000,0.000,-1.834,-1.375,2.292,0.000,0.000,0.000,0.604
16:10:30.391,21.600,-1.718,-1.101,True,0.000,0.000,-1.718,-1.101,2.040,0.000,0.000,0.000,0.947
16:10:30.411,21.621,-1.695,-0.360,True,0.000,0.000,-1.695,-0.360,1.732,0.000,0.000,0.000,0.847
16:10:30.432,21.641,-2.538,-0.972,True,0.000,0.000,-2.538,-0.972,2.718,0.000,0.000,0.000,1.153
16:10:30.452,21.661,-2.269,-0.458,True,0.000,0.000,-2.269,-0.458,2.314,0.000,0.000,0.000,0.883
16:10:30.472,21.682,-2.070,-0.124,True,0.000,0.000,-2.070,-0.124,2.073,0.000,0.000,0.000,0.894
16:10:30.494,21.703,-1.923,0.079,True,0.000,0.000,-1.923,0.079,1.925,0.000,0.000,0.000,1.114
16:10:30.514,21.723,-1.821,-0.694,True,0.000,0.000,-1.821,-0.694,1.949,0.000,0.000,0.000,1.128
16:10:30.534,21.744,-1.757,-1.294,True,0.000,0.000,-1.757,-1.294,2.182,0.000,0.000,0.000,0.905
16:10:30.555,21.764,-1.721,-0.843,True,0.000,0.000,-1.721,-0.843,1.917,0.000,0.000,0.000,0.990
16:10:30.575,21.784,-1.706,-1.367,True,0.000,0.000,-1.706,-1.367,2.187,0.000,0.000,0.000,1.031
16:10:30.596,21.805,-1.705,-0.865,True,0.000,0.000,-1.705,-0.865,1.912,0.000,0.000,0.000,1.039
16:10:30.616,21.825,-1.711,-0.476,True,0.000,0.000,-1.711,-0.476,1.776,0.000,0.000,0.000,0.909
16:10:30.636,21.846,-1.721,-0.199,True,0.000,0.000,-1.721,-0.199,1.733,0.000,0.000,0.000,1.153
16:10:30.657,21.866,-1.732,-0.018,True,0.000,0.000,-1.732,-0.018,1.733,0.000,0.000,0.000,1.105
16:10:30.677,21.886,-1.743,0.087,True,0.000,0.000,-1.743,0.087,1.745,0.000,0.000,0.000,0.584
16:10:30.697,21.907,-4.035,-3.379,True,0.000,0.000,-4.035,-3.379,5.263,0.000,0.000,0.000,0.647
16:10:30.718,21.927,-4.937,-5.917,True,0.000,0.000,-4.937,-5.917,7.706,0.000,0.000,0.000,0.671
16:10:30.739,21.948,-3.970,-4.111,True,0.000,0.000,-3.970,-4.111,5.715,0.000,0.000,0.000,1.089
16:10:30.758,21.967,-6.204,-4.353,True,0.000,0.000,-6.204,-4.353,7.579,0.000,0.000,0.000,0.536
16:10:30.779,21.989,-5.502,-6.216,True,0.000,0.000,-5.502,-6.216,8.302,0.000,0.000,0.000,1.055
16:10:30.802,22.011,-4.108,-3.990,True,0.000,0.000,-4.108,-3.990,5.727,0.000,0.000,0.000,1.008
16:10:30.823,22.032,-3.037,-3.129,True,0.000,0.000,-3.037,-3.129,4.361,0.000,0.000,0.000,1.155
16:10:30.843,22.052,-2.277,-1.632,True,0.000,0.000,-2.277,-1.632,2.801,0.000,0.000,0.000,1.036
16:10:30.864,22.073,-1.784,-0.586,True,0.000,0.000,-1.784,-0.586,1.878,0.000,0.000,0.000,1.207
16:10:30.884,22.093,-1.501,0.078,True,0.000,0.000,-1.501,0.078,1.503,0.000,0.000,0.000,0.726
16:10:30.905,22.114,-2.133,-3.068,True,0.000,0.000,-2.133,-3.068,3.737,0.000,0.000,0.000,1.196
16:10:30.925,22.134,-2.659,-1.946,True,0.000,0.000,-2.659,-1.946,3.295,0.000,0.000,0.000,0.683
16:10:30.945,22.154,-4.584,-2.835,True,0.000,0.000,-4.584,-2.835,5.390,0.000,0.000,0.000,0.982
16:10:30.965,22.175,-3.689,-1.730,True,0.000,0.000,-3.689,-1.730,4.075,0.000,0.000,0.000,0.796
16:10:30.986,22.195,-2.952,-1.775,True,0.000,0.000,-2.952,-1.775,3.444,0.000,0.000,0.000,0.586
16:10:31.006,22.215,-2.392,-0.953,True,0.000,0.000,-2.392,-0.953,2.575,0.000,0.000,0.000,0.821
16:10:31.027,22.236,-5.044,-2.130,True,0.000,0.000,-5.044,-2.130,5.476,0.000,0.000,0.000,1.051
16:10:31.047,22.256,-4.718,-4.788,True,0.000,0.000,-4.718,-4.788,6.722,0.000,0.000,0.000,1.159
16:10:31.067,22.277,-3.631,-4.063,True,0.000,0.000,-3.631,-4.063,5.449,0.000,0.000,0.000,0.901
16:10:31.088,22.297,-2.791,-3.411,True,0.000,0.000,-2.791,-3.411,4.407,0.000,0.000,0.000,0.822
16:10:31.108,22.317,-2.191,-1.998,True,0.000,0.000,-2.191,-1.998,2.965,0.000,0.000,0.000,0.647
16:10:31.129,22.338,-3.323,-4.472,True,0.000,0.000,-3.323,-4.472,5.571,0.000,0.000,0.000,1.093
16:10:31.148,22.358,-2.678,-2.801,True,0.000,0.000,-2.678,-2.801,3.875,0.000,0.000,0.000,0.624
16:10:31.169,22.378,-2.203,-2.397,True,0.000,0.000,-2.203,-2.397,3.256,0.000,0.000,0.000,1.115
16:10:31.189,22.398,-2.642,-1.246,True,0.000,0.000,-2.642,-1.246,2.921,0.000,0.000,0.000,0.643
16:10:31.210,22.419,-2.592,-0.779,True,0.000,0.000,-2.592,-0.779,2.707,0.000,0.000,0.000,0.915
16:10:31.231,22.440,-4.094,-5.877,True,0.000,0.000,-4.094,-5.877,7.162,0.000,0.000,0.000,0.947
16:10:31.251,22.460,-3.142,-3.510,True,0.000,0.000,-3.142,-3.510,4.710,0.000,0.000,0.000,1.076
16:10:31.271,22.480,-3.326,-2.905,True,0.000,0.000,-3.326,-2.905,4.416,0.000,0.000,0.000,0.592
16:10:31.292,22.501,-2.680,-1.595,True,0.000,0.000,-2.680,-1.595,3.119,0.000,0.000,0.000,1.083
16:10:31.314,22.523,-2.974,0.206,True,0.000,0.000,-2.974,0.206,2.981,0.000,0.000,0.000,1.268
16:10:31.334,22.543,-2.445,0.566,True,0.000,0.000,-2.445,0.566,2.510,0.000,0.000,0.000,1.060
16:10:31.354,22.563,-2.064,0.703,True,0.000,0.000,-2.064,0.703,2.180,0.000,0.000,0.000,0.995
16:10:31.374,22.583,-4.100,-2.826,True,0.000,0.000,-4.100,-2.826,4.980,0.000,0.000,0.000,0.728
16:10:31.395,22.604,-5.610,-5.466,True,0.000,0.000,-5.610,-5.466,7.833,0.000,0.000,0.000,0.987
16:10:31.417,22.627,-5.878,-7.286,True,0.000,0.000,-5.878,-7.286,9.361,0.000,0.000,0.000,0.896
16:10:31.438,22.647,-4.437,-4.904,True,0.000,0.000,-4.437,-4.904,6.613,0.000,0.000,0.000,0.543
16:10:31.458,22.667,-3.302,-2.968,True,0.000,0.000,-3.302,-2.968,4.440,0.000,0.000,0.000,0.522
16:10:31.479,22.688,-3.997,-5.032,True,0.000,0.000,-3.997,-5.032,6.426,0.000,0.000,0.000,1.021
16:10:31.500,22.709,-5.308,-6.576,True,0.000,0.000,-5.308,-6.576,8.451,0.000,0.000,0.000,1.094
16:10:31.520,22.729,-3.978,-5.005,True,0.000,0.000,-3.978,-5.005,6.393,0.000,0.000,0.000,0.994
16:10:31.540,22.750,-2.959,-6.396,True,0.000,0.000,-2.959,-6.396,7.047,0.000,0.000,0.000,1.117
16:10:31.560,22.770,-5.283,-5.638,True,0.000,0.000,-5.283,-5.638,7.726,0.000,0.000,0.000,0.875
16:10:31.581,22.790,-4.742,-5.022,True,0.000,0.000,-4.742,-5.022,6.906,0.000,0.000,0.000,0.533
16:10:31.601,22.811,-4.290,-6.317,True,0.000,0.000,-4.290,-6.317,7.636,0.000,0.000,0.000,1.104
16:10:31.622,22.831,-3.182,-3.756,True,0.000,0.000,-3.182,-3.756,4.923,0.000,0.000,0.000,0.996
16:10:31.642,22.851,-2.384,-1.853,True,0.000,0.000,-2.384,-1.853,3.020,0.000,0.000,0.000,1.005
16:10:31.662,22.871,-1.856,-0.551,True,0.000,0.000,-1.856,-0.551,1.936,0.000,0.000,0.000,0.607
16:10:31.683,22.892,-1.546,1.134,True,0.000,0.000,-1.546,1.134,1.917,0.000,0.000,0.000,1.159
16:10:31.704,22.913,-4.440,-0.437,True,0.000,0.000,-4.440,-0.437,4.462,0.000,0.000,0.000,1.120
16:10:31.724,22.933,-4.324,-3.520,True,0.000,0.000,-4.324,-3.520,5.575,0.000,0.000,0.000,1.096
16:10:31.745,22.954,-5.686,-5.824,True,0.000,0.000,-5.686,-5.824,8.139,0.000,0.000,0.000,1.106
16:10:31.765,22.975,-6.624,-7.411,True,0.000,0.000,-6.624,-7.411,9.940,0.000,0.000,0.000,1.235
16:10:31.786,22.995,-4.926,-4.886,True,0.000,0.000,-4.926,-4.886,6.938,0.000,0.000,0.000,0.969
16:10:31.806,23.015,-3.585,-3.749,True,0.000,0.000,-3.585,-3.749,5.187,0.000,0.000,0.000,0.867
16:10:31.826,23.036,-2.607,-2.899,True,0.000,0.000,-2.607,-2.899,3.899,0.000,0.000,0.000,1.008
16:10:31.847,23.056,-4.996,-3.193,True,0.000,0.000,-4.996,-3.193,5.929,0.000,0.000,0.000,1.046
16:10:31.867,23.076,-3.764,-0.828,True,0.000,0.000,-3.764,-0.828,3.854,0.000,0.000,0.000,0.841
16:10:31.888,23.097,-5.872,-1.779,True,0.000,0.000,-5.872,-1.779,6.135,0.000,0.000,0.000,1.020
16:10:31.908,23.117,-4.376,-0.835,True,0.000,0.000,-4.376,-0.835,4.455,0.000,0.000,0.000,0.712
16:10:31.929,23.138,-4.315,-0.350,True,0.000,0.000,-4.315,-0.350,4.329,0.000,0.000,0.000,0.947
16:10:31.950,23.159,-2.852,0.059,True,0.000,0.000,-2.852,0.059,2.853,0.000,0.000,0.000,0.675
16:10:31.970,23.179,-2.113,0.271,True,0.000,0.000,-2.113,0.271,2.131,0.000,0.000,0.000,0.558
16:10:31.991,23.200,-1.685,-0.545,True,0.000,0.000,-1.685,-0.545,1.771,0.000,0.000,0.000,0.918
16:10:32.011,23.220,-3.758,-3.811,True,0.000,0.000,-3.758,-3.811,5.352,0.000,0.000,0.000,0.531
16:10:32.032,23.241,-5.301,-6.145,True,0.000,0.000,-5.301,-6.145,8.116,0.000,0.000,0.000,1.146
16:10:32.052,23.261,-4.863,-4.193,True,0.000,0.000,-4.863,-4.193,6.421,0.000,0.000,0.000,1.126
16:10:32.073,23.282,-4.454,-6.102,True,0.000,0.000,-4.454,-6.102,7.555,0.000,0.000,0.000,1.026
16:10:32.094,23.303,-3.349,-3.909,True,0.000,0.000,-3.349,-3.909,5.147,0.000,0.000,0.000,0.945
16:10:32.114,23.323,-2.532,-2.197,True,0.000,0.000,-2.532,-2.197,3.353,0.000,0.000,0.000,0.710
16:10:32.134,23.343,-1.977,-0.964,True,0.000,0.000,-1.977,-0.964,2.199,0.000,0.000,0.000,0.949
16:10:32.154,23.364,-1.636,-0.148,True,0.000,0.000,-1.636,-0.148,1.643,0.000,0.000,0.000,0.580
16:10:32.176,23.385,-1.458,1.212,True,0.000,0.000,-1.458,1.212,1.896,0.000,0.000,0.000,1.128
16:10:32.196,23.405,-3.678,-0.553,True,0.000,0.000,-3.678,-0.553,3.719,0.000,0.000,0.000,0.901
16:10:32.217,23.426,-3.819,-1.975,True,0.000,0.000,-3.819,-1.975,4.299,0.000,0.000,0.000,0.792
16:10:32.238,23.447,-5.388,-4.791,True,0.000,0.000,-5.388,-4.791,7.210,0.000,0.000,0.000,1.062
16:10:32.258,23.467,-4.956,-2.397,True,0.000,0.000,-4.956,-2.397,5.506,0.000,0.000,0.000,1.031
16:10:32.278,23.487,-3.780,-1.388,True,0.000,0.000,-3.780,-1.388,4.027,0.000,0.000,0.000,0.675
16:10:32.299,23.508,-2.873,-1.529,True,0.000,0.000,-2.873,-1.529,3.254,0.000,0.000,0.000,1.078
16:10:32.318,23.528,-2.225,0.089,True,0.000,0.000,-2.225,0.089,2.227,0.000,0.000,0.000,0.641
16:10:32.338,23.548,-1.802,-0.517,True,0.000,0.000,-1.802,-0.517,1.875,0.000,0.000,0.000,0.603
16:10:32.359,23.569,-1.557,0.715,True,0.000,0.000,-1.557,0.715,1.713,0.000,0.000,0.000,1.148
16:10:32.380,23.589,-2.965,-2.821,True,0.000,0.000,-2.965,-2.821,4.093,0.000,0.000,0.000,1.132
16:10:32.400,23.609,-4.043,-6.345,True,0.000,0.000,-4.043,-6.345,7.523,0.000,0.000,0.000,0.713
16:10:32.421,23.630,-5.566,-7.926,True,0.000,0.000,-5.566,-7.926,9.685,0.000,0.000,0.000,1.097
16:10:32.441,23.650,-4.326,-6.216,True,0.000,0.000,-4.326,-6.216,7.574,0.000,0.000,0.000,1.012
16:10:32.462,23.671,-3.317,-3.869,True,0.000,0.000,-3.317,-3.869,5.097,0.000,0.000,0.000,1.009
16:10:32.482,23.691,-2.559,-1.196,True,0.000,0.000,-2.559,-1.196,2.825,0.000,0.000,0.000,0.649
16:10:32.502,23.711,-4.318,-3.686,True,0.000,0.000,-4.318,-3.686,5.677,0.000,0.000,0.000,1.002
16:10:32.523,23.732,-3.360,-1.238,True,0.000,0.000,-3.360,-1.238,3.581,0.000,0.000,0.000,1.217
16:10:32.543,23.752,-2.626,-0.336,True,0.000,0.000,-2.626,-0.336,2.647,0.000,0.000,0.000,1.021
16:10:32.563,23.773,-2.106,0.217,True,0.000,0.000,-2.106,0.217,2.118,0.000,0.000,0.000,0.758
16:10:32.584,23.793,-1.770,-3.009,True,0.000,0.000,-1.770,-3.009,3.492,0.000,0.000,0.000,1.117
16:10:32.604,23.814,-1.579,-1.940,True,0.000,0.000,-1.579,-1.940,2.501,0.000,0.000,0.000,0.775
16:10:32.625,23.834,-1.492,-1.101,True,0.000,0.000,-1.492,-1.101,1.854,0.000,0.000,0.000,1.084
16:10:32.645,23.855,-1.475,-0.493,True,0.000,0.000,-1.475,-0.493,1.555,0.000,0.000,0.000,1.048
16:10:32.665,23.874,-1.500,-0.089,True,0.000,0.000,-1.500,-0.089,1.503,0.000,0.000,0.000,0.725
16:10:32.686,23.895,-1.546,1.030,True,0.000,0.000,-1.546,1.030,1.858,0.000,0.000,0.000,0.869
16:10:32.706,23.915,-3.120,-3.487,True,0.000,0.000,-3.120,-3.487,4.679,0.000,0.000,0.000,1.013
16:10:32.726,23.936,-2.752,-3.336,True,0.000,0.000,-2.752,-3.336,4.325,0.000,0.000,0.000,0.998
16:10:32.747,23.956,-2.425,-2.218,True,0.000,0.000,-2.425,-2.218,3.286,0.000,0.000,0.000,1.014
16:10:32.767,23.976,-2.161,-1.318,True,0.000,0.000,-2.161,-1.318,2.532,0.000,0.000,0.000,0.650
16:10:32.787,23.997,-1.964,-1.529,True,0.000,0.000,-1.964,-1.529,2.489,0.000,0.000,0.000,0.541
16:10:32.808,24.017,-1.828,-1.710,True,0.000,0.000,-1.828,-1.710,2.503,0.000,0.000,0.000,0.731
16:10:32.828,24.038,-3.267,-4.488,True,0.000,0.000,-3.267,-4.488,5.551,0.000,0.000,0.000,0.980
16:10:32.850,24.059,-2.803,-2.988,True,0.000,0.000,-2.803,-2.988,4.097,0.000,0.000,0.000,1.009
16:10:32.870,24.079,-2.416,-2.659,True,0.000,0.000,-2.416,-2.659,3.593,0.000,0.000,0.000,1.145
16:10:32.890,24.099,-2.880,-5.035,True,0.000,0.000,-2.880,-5.035,5.800,0.000,0.000,0.000,1.022
16:10:32.910,24.119,-2.460,-3.241,True,0.000,0.000,-2.460,-3.241,4.069,0.000,0.000,0.000,0.809
16:10:32.931,24.140,-3.662,-5.351,True,0.000,0.000,-3.662,-5.351,6.484,0.000,0.000,0.000,1.129
16:10:32.952,24.161,-3.016,-2.490,True,0.000,0.000,-3.016,-2.490,3.911,0.000,0.000,0.000,1.113
16:10:32.972,24.181,-2.501,-2.962,True,0.000,0.000,-2.501,-2.962,3.876,0.000,0.000,0.000,1.058
16:10:32.992,24.201,-2.121,-1.605,True,0.000,0.000,-2.121,-1.605,2.659,0.000,0.000,0.000,0.570
16:10:33.012,24.222,-1.862,-0.642,True,0.000,0.000,-1.862,-0.642,1.970,0.000,0.000,0.000,0.594
16:10:33.033,24.242,-1.704,-0.898,True,0.000,0.000,-1.704,-0.898,1.926,0.000,0.000,0.000,0.698
16:10:33.054,24.263,-2.382,-1.178,True,0.000,0.000,-2.382,-1.178,2.658,0.000,0.000,0.000,0.738
16:10:33.074,24.283,-4.427,-4.076,True,0.000,0.000,-4.427,-4.076,6.018,0.000,0.000,0.000,0.594
16:10:33.094,24.303,-3.619,-2.693,True,0.000,0.000,-3.619,-2.693,4.511,0.000,0.000,0.000,1.071
16:10:33.114,24.323,-2.940,-0.708,True,0.000,0.000,-2.940,-0.708,3.024,0.000,0.000,0.000,0.689
16:10:33.135,24.344,-5.459,-1.890,True,0.000,0.000,-5.459,-1.890,5.777,0.000,0.000,0.000,0.807
16:10:33.155,24.364,-4.247,-1.064,True,0.000,0.000,-4.247,-1.064,4.378,0.000,0.000,0.000,0.842
16:10:33.175,24.385,-3.263,0.412,True,0.000,0.000,-3.263,0.412,3.289,0.000,0.000,0.000,1.102
16:10:33.197,24.406,-2.526,0.565,True,0.000,0.000,-2.526,0.565,2.588,0.000,0.000,0.000,1.182
16:10:33.217,24.427,-2.016,0.585,True,0.000,0.000,-2.016,0.585,2.099,0.000,0.000,0.000,1.119
16:10:33.238,24.447,-1.696,1.406,True,0.000,0.000,-1.696,1.406,2.203,0.000,0.000,0.000,0.827
16:10:33.258,24.467,-1.523,1.069,True,0.000,0.000,-1.523,1.069,1.861,0.000,0.000,0.000,1.018
16:10:33.279,24.488,-1.453,0.751,True,0.000,0.000,-1.453,0.751,1.635,0.000,0.000,0.000,1.025
16:10:33.299,24.508,-2.212,-0.398,True,0.000,0.000,-2.212,-0.398,2.247,0.000,0.000,0.000,0.674
16:10:33.319,24.529,-2.800,-3.883,True,0.000,0.000,-2.800,-3.883,4.787,0.000,0.000,0.000,0.612
16:10:33.340,24.549,-4.744,-6.372,True,0.000,0.000,-4.744,-6.372,7.944,0.000,0.000,0.000,0.530
16:10:33.361,24.570,-3.841,-5.363,True,0.000,0.000,-3.841,-5.363,6.597,0.000,0.000,0.000,1.120
16:10:33.381,24.590,-3.081,-3.515,True,0.000,0.000,-3.081,-3.515,4.675,0.000,0.000,0.000,0.564
16:10:33.402,24.611,-2.493,-2.926,True,0.000,0.000,-2.493,-2.926,3.844,0.000,0.000,0.000,1.266
16:10:33.422,24.631,-2.072,-2.486,True,0.000,0.000,-2.072,-2.486,3.236,0.000,0.000,0.000,1.025
16:10:33.442,24.651,-2.558,-3.061,True,0.000,0.000,-2.558,-3.061,3.989,0.000,0.000,0.000,0.945
16:10:33.462,24.671,-2.188,-1.751,True,0.000,0.000,-2.188,-1.751,2.802,0.000,0.000,0.000,0.951
16:10:33.482,24.692,-3.450,-4.314,True,0.000,0.000,-3.450,-4.314,5.524,0.000,0.000,0.000,0.607
16:10:33.503,24.712,-2.865,-2.711,True,0.000,0.000,-2.865,-2.711,3.945,0.000,0.000,0.000,1.015
16:10:33.524,24.733,-3.924,-4.994,True,0.000,0.000,-3.924,-4.994,6.351,0.000,0.000,0.000,1.065
16:10:33.544,24.753,-3.928,-4.030,True,0.000,0.000,-3.928,-4.030,5.628,0.000,0.000,0.000,1.153
16:10:33.565,24.774,-3.122,-2.367,True,0.000,0.000,-3.122,-2.367,3.918,0.000,0.000,0.000,1.185
16:10:33.585,24.794,-2.503,-1.140,True,0.000,0.000,-2.503,-1.140,2.750,0.000,0.000,0.000,1.103
16:10:33.605,24.814,-2.063,-1.186,True,0.000,0.000,-2.063,-1.186,2.380,0.000,0.000,0.000,1.115
16:10:33.625,24.835,-1.778,-0.434,True,0.000,0.000,-1.778,-0.434,1.830,0.000,0.000,0.000,0.966
16:10:33.646,24.855,-3.898,-3.470,True,0.000,0.000,-3.898,-3.470,5.219,0.000,0.000,0.000,0.798
16:10:33.666,24.875,-3.195,-3.117,True,0.000,0.000,-3.195,-3.117,4.464,0.000,0.000,0.000,1.119
16:10:33.686,24.895,-2.626,-1.909,True,0.000,0.000,-2.626,-1.909,3.247,0.000,0.000,0.000,1.035
16:10:33.706,24.916,-2.200,-0.116,True,0.000,0.000,-2.200,-0.116,2.204,0.000,0.000,0.000,0.965
16:10:33.727,24.936,-1.907,0.280,True,0.000,0.000,-1.907,0.280,1.927,0.000,0.000,0.000,1.056
16:10:33.748,24.957,-1.723,1.351,True,0.000,0.000,-1.723,1.351,2.190,0.000,0.000,0.000,1.109
16:10:33.770,24.979,-1.623,1.163,True,0.000,0.000,-1.623,1.163,1.997,0.000,0.000,0.000,0.752
16:10:33.790,24.999,-1.584,0.918,True,0.000,0.000,-1.584,0.918,1.831,0.000,0.000,0.000,0.556
16:10:33.811,25.020,-1.583,-0.209,True,0.000,0.000,-1.583,-0.209,1.596,0.000,0.000,0.000,0.869
16:10:33.832,25.041,-1.604,-0.188,True,0.000,0.000,-1.604,-0.188,1.615,0.000,0.000,0.000,0.909
16:10:33.852,25.061,-1.635,-0.154,True,0.000,0.000,-1.635,-0.154,1.642,0.000,0.000,0.000,0.617
16:10:33.873,25.082,-1.668,-0.117,True,0.000,0.000,-1.668,-0.117,1.672,0.000,0.000,0.000,0.804
16:10:33.894,25.103,-1.699,-0.081,True,0.000,0.000,-1.699,-0.081,1.701,0.000,0.000,0.000,1.095
16:10:33.914,25.123,-1.724,-3.567,True,0.000,0.000,-1.724,-3.567,3.962,0.000,0.000,0.000,1.147
16:10:33.935,25.144,-1.744,-2.579,True,0.000,0.000,-1.744,-2.579,3.113,0.000,0.000,0.000,1.088
16:10:33.955,25.164,-1.757,-1.710,True,0.000,0.000,-1.757,-1.710,2.452,0.000,0.000,0.000,1.081
16:10:33.975,25.184,-4.811,-2.771,True,0.000,0.000,-4.811,-2.771,5.552,0.000,0.000,0.000,1.013
16:10:33.996,25.205,-5.503,-5.288,True,0.000,0.000,-5.503,-5.288,7.631,0.000,0.000,0.000,1.182
16:10:34.016,25.225,-7.394,-5.301,True,0.000,0.000,-7.394,-5.301,9.098,0.000,0.000,0.000,0.961
16:10:34.036,25.245,-6.356,-6.921,True,0.000,0.000,-6.356,-6.921,9.397,0.000,0.000,0.000,0.615
16:10:34.057,25.266,-4.670,-5.353,True,0.000,0.000,-4.670,-5.353,7.103,0.000,0.000,0.000,0.840
16:10:34.077,25.286,-3.366,-3.188,True,0.000,0.000,-3.366,-3.188,4.636,0.000,0.000,0.000,0.973
16:10:34.097,25.306,-5.479,-2.458,True,0.000,0.000,-5.479,-2.458,6.005,0.000,0.000,0.000,0.581
16:10:34.118,25.327,-4.034,-1.113,True,0.000,0.000,-4.034,-1.113,4.185,0.000,0.000,0.000,1.265
16:10:34.138,25.347,-5.226,-3.732,True,0.000,0.000,-5.226,-3.732,6.422,0.000,0.000,0.000,0.559
16:10:34.158,25.367,-4.600,-3.110,True,0.000,0.000,-4.600,-3.110,5.553,0.000,0.000,0.000,0.549
16:10:34.179,25.388,-5.640,-3.508,True,0.000,0.000,-5.640,-3.508,6.642,0.000,0.000,0.000,0.830
16:10:34.199,25.408,-4.116,-2.044,True,0.000,0.000,-4.116,-2.044,4.595,0.000,0.000,0.000,0.659
16:10:34.220,25.429,-5.254,-2.726,True,0.000,0.000,-5.254,-2.726,5.920,0.000,0.000,0.000,1.149
16:10:34.240,25.449,-3.833,-1.517,True,0.000,0.000,-3.833,-1.517,4.122,0.000,0.000,0.000,0.773
16:10:34.261,25.470,-5.824,-2.407,True,0.000,0.000,-5.824,-2.407,6.302,0.000,0.000,0.000,1.052
16:10:34.281,25.490,-4.268,-1.353,True,0.000,0.000,-4.268,-1.353,4.477,0.000,0.000,0.000,1.056
16:10:34.301,25.511,-5.370,-4.988,True,0.000,0.000,-5.370,-4.988,7.329,0.000,0.000,0.000,1.031
16:10:34.322,25.531,-3.914,-3.279,True,0.000,0.000,-3.914,-3.279,5.106,0.000,0.000,0.000,1.059
16:10:34.342,25.551,-2.830,-1.038,True,0.000,0.000,-2.830,-1.038,3.015,0.000,0.000,0.000,0.683
16:10:34.363,25.572,-2.088,-0.278,True,0.000,0.000,-2.088,-0.278,2.106,0.000,0.000,0.000,1.206
16:10:34.383,25.592,3.702,1.946,True,0.000,0.000,3.702,1.946,4.182,0.000,0.000,0.000,1.141
16:10:34.403,25.612,0.200,-1.810,True,0.000,0.000,0.200,-1.810,1.821,0.000,0.000,0.000,1.070
16:10:34.423,25.632,-0.370,-1.184,True,0.000,0.000,-0.370,-1.184,1.240,0.000,0.000,0.000,0.573
16:10:34.444,25.653,-1.621,-4.202,True,0.000,0.000,-1.621,-4.202,4.504,0.000,0.000,0.000,1.050
16:10:34.465,25.674,-2.559,-6.388,True,0.000,0.000,-2.559,-6.388,6.882,0.000,0.000,0.000,1.134
16:10:34.486,25.695,-2.447,-5.205,True,0.000,0.000,-2.447,-5.205,5.751,0.000,0.000,0.000,1.489
16:10:34.506,25.715,-2.302,-3.277,True,0.000,0.000,-2.302,-3.277,4.005,0.000,0.000,0.000,1.124
16:10:34.526,25.735,-2.156,-2.670,True,0.000,0.000,-2.156,-2.670,3.432,0.000,0.000,0.000,0.992
16:10:34.547,25.756,-2.027,-1.371,True,0.000,0.000,-2.027,-1.371,2.447,0.000,0.000,0.000,1.109
16:10:34.567,25.777,-3.445,-3.985,True,0.000,0.000,-3.445,-3.985,5.268,0.000,0.000,0.000,1.196
16:10:34.587,25.796,-2.949,-1.572,True,0.000,0.000,-2.949,-1.572,3.342,0.000,0.000,0.000,0.645
16:10:34.608,25.817,-2.526,-0.650,True,0.000,0.000,-2.526,-0.650,2.609,0.000,0.000,0.000,1.062
16:10:34.628,25.837,-4.480,-4.443,True,0.000,0.000,-4.480,-4.443,6.309,0.000,0.000,0.000,1.079
16:10:34.648,25.857,-3.613,-3.767,True,0.000,0.000,-3.613,-3.767,5.220,0.000,0.000,0.000,1.073
16:10:34.668,25.878,-2.901,-2.299,True,0.000,0.000,-2.901,-2.299,3.702,0.000,0.000,0.000,1.037
16:10:34.689,25.898,-2.362,-1.191,True,0.000,0.000,-2.362,-1.191,2.645,0.000,0.000,0.000,1.121
16:10:34.709,25.918,-4.268,-4.813,True,0.000,0.000,-4.268,-4.813,6.433,0.000,0.000,0.000,1.111
16:10:34.730,25.939,-3.400,-3.997,True,0.000,0.000,-3.400,-3.997,5.247,0.000,0.000,0.000,1.108
16:10:34.750,25.959,-2.712,-2.421,True,0.000,0.000,-2.712,-2.421,3.636,0.000,0.000,0.000,1.127
16:10:34.770,25.979,-2.209,-1.238,True,0.000,0.000,-2.209,-1.238,2.532,0.000,0.000,0.000,0.963
16:10:34.790,25.999,-1.870,-0.417,True,0.000,0.000,-1.870,-0.417,1.916,0.000,0.000,0.000,1.081
16:10:34.811,26.020,-1.665,-0.780,True,0.000,0.000,-1.665,-0.780,1.839,0.000,0.000,0.000,1.150
16:10:34.830,26.040,-1.560,-1.136,True,0.000,0.000,-1.560,-1.136,1.930,0.000,0.000,0.000,0.563
16:10:34.851,26.061,-1.525,-0.566,True,0.000,0.000,-1.525,-0.566,1.627,0.000,0.000,0.000,1.107
16:10:34.872,26.081,-1.533,-0.175,True,0.000,0.000,-1.533,-0.175,1.543,0.000,0.000,0.000,1.144
16:10:34.892,26.101,-1.566,0.947,True,0.000,0.000,-1.566,0.947,1.830,0.000,0.000,0.000,0.961
16:10:34.913,26.122,-1.608,0.836,True,0.000,0.000,-1.608,0.836,1.812,0.000,0.000,0.000,1.102
16:10:34.933,26.142,-1.651,0.674,True,0.000,0.000,-1.651,0.674,1.783,0.000,0.000,0.000,0.682
16:10:34.954,26.163,-3.973,-3.014,True,0.000,0.000,-3.973,-3.014,4.987,0.000,0.000,0.000,1.074
16:10:34.974,26.183,-3.376,-2.206,True,0.000,0.000,-3.376,-2.206,4.033,0.000,0.000,0.000,0.599
16:10:34.995,26.204,-3.607,-4.122,True,0.000,0.000,-3.607,-4.122,5.477,0.000,0.000,0.000,1.393
16:10:35.015,26.224,-3.730,-3.690,True,0.000,0.000,-3.730,-3.690,5.246,0.000,0.000,0.000,0.613
16:10:35.035,26.244,-3.014,-1.491,True,0.000,0.000,-3.014,-1.491,3.363,0.000,0.000,0.000,0.710
16:10:35.055,26.264,-2.459,-0.700,True,0.000,0.000,-2.459,-0.700,2.557,0.000,0.000,0.000,0.935
16:10:35.075,26.285,-2.061,-0.167,True,0.000,0.000,-2.061,-0.167,2.068,0.000,0.000,0.000,0.705
16:10:35.096,26.306,-1.800,0.156,True,0.000,0.000,-1.800,0.156,1.807,0.000,0.000,0.000,0.795
16:10:35.117,26.326,-1.647,0.321,True,0.000,0.000,-1.647,0.321,1.678,0.000,0.000,0.000,0.632
16:10:35.137,26.347,-1.574,0.377,True,0.000,0.000,-1.574,0.377,1.619,0.000,0.000,0.000,0.835
16:10:35.158,26.367,-2.317,1.243,True,0.000,0.000,-2.317,1.243,2.629,0.000,0.000,0.000,1.021
16:10:35.179,26.388,-2.122,0.072,True,0.000,0.000,-2.122,0.072,2.123,0.000,0.000,0.000,0.891
16:10:35.199,26.408,-1.969,0.914,True,0.000,0.000,-1.969,0.914,2.171,0.000,0.000,0.000,0.994
16:10:35.220,26.429,-1.858,0.647,True,0.000,0.000,-1.858,0.647,1.967,0.000,0.000,0.000,0.873
16:10:35.240,26.449,-1.784,0.418,True,0.000,0.000,-1.784,0.418,1.832,0.000,0.000,0.000,1.065
16:10:35.260,26.469,-1.739,0.239,True,0.000,0.000,-1.739,0.239,1.756,0.000,0.000,0.000,0.856
16:10:35.280,26.489,-1.717,0.108,True,0.000,0.000,-1.717,0.108,1.721,0.000,0.000,0.000,0.698
16:10:35.301,26.510,-1.711,0.021,True,0.000,0.000,-1.711,0.021,1.711,0.000,0.000,0.000,1.125
16:10:35.322,26.531,-1.713,-0.031,True,0.000,0.000,-1.713,-0.031,1.713,0.000,0.000,0.000,1.133
16:10:35.342,26.551,-1.721,-0.057,True,0.000,0.000,-1.721,-0.057,1.722,0.000,0.000,0.000,0.924
16:10:35.362,26.571,-1.731,-0.065,True,0.000,0.000,-1.731,-0.065,1.732,0.000,0.000,0.000,0.793
16:10:35.383,26.592,-1.740,-0.062,True,0.000,0.000,-1.740,-0.062,1.742,0.000,0.000,0.000,1.064
16:10:35.404,26.613,-4.033,-4.447,True,0.000,0.000,-4.033,-4.447,6.003,0.000,0.000,0.000,1.078
16:10:35.424,26.633,-3.413,-6.744,True,0.000,0.000,-3.413,-6.744,7.559,0.000,0.000,0.000,1.119
16:10:35.444,26.653,-2.864,-4.703,True,0.000,0.000,-2.864,-4.703,5.506,0.000,0.000,0.000,0.600
16:10:35.464,26.673,-4.706,-6.499,True,0.000,0.000,-4.706,-6.499,8.024,0.000,0.000,0.000,0.607
16:10:35.485,26.694,-6.033,-7.717,True,0.000,0.000,-6.033,-7.717,9.796,0.000,0.000,0.000,1.378
16:10:35.508,26.717,-4.627,-6.704,True,0.000,0.000,-4.627,-6.704,8.146,0.000,0.000,0.000,1.004
16:10:35.529,26.738,-3.487,-4.059,True,0.000,0.000,-3.487,-4.059,5.351,0.000,0.000,0.000,1.082
16:10:35.549,26.758,-4.919,-5.588,True,0.000,0.000,-4.919,-5.588,7.444,0.000,0.000,0.000,1.111
16:10:35.570,26.779,-3.703,-3.246,True,0.000,0.000,-3.703,-3.246,4.925,0.000,0.000,0.000,0.935
16:10:35.590,26.799,-2.782,-1.529,True,0.000,0.000,-2.782,-1.529,3.175,0.000,0.000,0.000,1.108
16:10:35.610,26.819,-2.138,-0.371,True,0.000,0.000,-2.138,-0.371,2.170,0.000,0.000,0.000,0.958
16:10:35.630,26.839,-1.727,0.332,True,0.000,0.000,-1.727,0.332,1.758,0.000,0.000,0.000,0.614
16:10:35.651,26.860,-1.498,0.692,True,0.000,0.000,-1.498,0.692,1.650,0.000,0.000,0.000,0.657
16:10:35.672,26.881,-3.683,-1.822,True,0.000,0.000,-3.683,-1.822,4.109,0.000,0.000,0.000,0.937
16:10:35.692,26.901,-5.328,-4.640,True,0.000,0.000,-5.328,-4.640,7.065,0.000,0.000,0.000,1.119
16:10:35.712,26.921,-4.185,-2.265,True,0.000,0.000,-4.185,-2.265,4.759,0.000,0.000,0.000,0.607
16:10:35.732,26.941,-3.248,-1.283,True,0.000,0.000,-3.248,-1.283,3.492,0.000,0.000,0.000,0.730
16:10:35.753,26.962,-3.300,-0.572,True,0.000,0.000,-3.300,-0.572,3.349,0.000,0.000,0.000,0.883
16:10:35.773,26.982,-2.596,-0.100,True,0.000,0.000,-2.596,-0.100,2.598,0.000,0.000,0.000,1.128
16:10:35.794,27.003,-2.097,0.181,True,0.000,0.000,-2.097,0.181,2.105,0.000,0.000,0.000,1.014
16:10:35.814,27.023,-4.819,-1.439,True,0.000,0.000,-4.819,-1.439,5.030,0.000,0.000,0.000,1.046
16:10:35.835,27.044,-3.798,-0.036,True,0.000,0.000,-3.798,-0.036,3.798,0.000,0.000,0.000,0.983
16:10:35.855,27.064,-2.976,-0.750,True,0.000,0.000,-2.976,-0.750,3.069,0.000,0.000,0.000,0.514
16:10:35.875,27.084,-2.365,0.448,True,0.000,0.000,-2.365,0.448,2.407,0.000,0.000,0.000,0.846
16:10:35.896,27.105,-1.946,-0.439,True,0.000,0.000,-1.946,-0.439,1.995,0.000,0.000,0.000,1.042
16:10:35.917,27.126,-1.687,-1.133,True,0.000,0.000,-1.687,-1.133,2.032,0.000,0.000,0.000,1.486
16:10:35.937,27.146,-2.310,-2.514,True,0.000,0.000,-2.310,-2.514,3.414,0.000,0.000,0.000,1.172
16:10:35.956,27.166,-2.048,-2.607,True,0.000,0.000,-2.048,-2.607,3.315,0.000,0.000,0.000,0.570
16:10:35.977,27.186,-2.627,-2.592,True,0.000,0.000,-2.627,-2.592,3.690,0.000,0.000,0.000,0.557
16:10:35.997,27.206,-2.302,-2.518,True,0.000,0.000,-2.302,-2.518,3.411,0.000,0.000,0.000,0.595
16:10:36.018,27.227,-2.054,-1.540,True,0.000,0.000,-2.054,-1.540,2.567,0.000,0.000,0.000,0.750
16:10:36.039,27.248,-1.878,-0.801,True,0.000,0.000,-1.878,-0.801,2.042,0.000,0.000,0.000,1.208
16:10:36.059,27.268,-4.049,-4.680,True,0.000,0.000,-4.049,-4.680,6.188,0.000,0.000,0.000,1.096
16:10:36.079,27.288,-5.642,-6.662,True,0.000,0.000,-5.642,-6.662,8.730,0.000,0.000,0.000,0.594
16:10:36.100,27.309,-5.194,-4.450,True,0.000,0.000,-5.194,-4.450,6.839,0.000,0.000,0.000,1.103
16:10:36.120,27.329,-3.980,-2.665,True,0.000,0.000,-3.980,-2.665,4.790,0.000,0.000,0.000,1.124
16:10:36.141,27.350,-3.027,-1.333,True,0.000,0.000,-3.027,-1.333,3.308,0.000,0.000,0.000,1.108
16:10:36.161,27.370,-2.335,-0.417,True,0.000,0.000,-2.335,-0.417,2.372,0.000,0.000,0.000,1.194
16:10:36.181,27.390,-1.874,-0.725,True,0.000,0.000,-1.874,-0.725,2.010,0.000,0.000,0.000,0.502
16:10:36.201,27.411,-1.599,-3.693,True,0.000,0.000,-1.599,-3.693,4.025,0.000,0.000,0.000,1.091
16:10:36.221,27.431,-2.224,-4.153,True,0.000,0.000,-2.224,-4.153,4.711,0.000,0.000,0.000,0.844
16:10:36.242,27.452,-4.257,-6.163,True,0.000,0.000,-4.257,-6.163,7.490,0.000,0.000,0.000,1.094
16:10:36.263,27.472,-3.462,-4.027,True,0.000,0.000,-3.462,-4.027,5.311,0.000,0.000,0.000,0.976
16:10:36.283,27.492,-2.809,-2.335,True,0.000,0.000,-2.809,-2.335,3.653,0.000,0.000,0.000,0.852
16:10:36.303,27.513,-2.314,-1.095,True,0.000,0.000,-2.314,-1.095,2.560,0.000,0.000,0.000,1.267
16:10:36.324,27.533,-1.967,-0.260,True,0.000,0.000,-1.967,-0.260,1.984,0.000,0.000,0.000,1.194
16:10:36.344,27.554,-1.746,0.246,True,0.000,0.000,-1.746,0.246,1.763,0.000,0.000,0.000,1.095
16:10:36.365,27.574,-1.622,-0.374,True,0.000,0.000,-1.622,-0.374,1.665,0.000,0.000,0.000,1.375
16:10:36.385,27.594,-1.569,-0.045,True,0.000,0.000,-1.569,-0.045,1.570,0.000,0.000,0.000,0.851
16:10:36.405,27.614,-1.562,0.147,True,0.000,0.000,-1.562,0.147,1.569,0.000,0.000,0.000,0.582
16:10:36.426,27.635,-1.582,0.239,True,0.000,0.000,-1.582,0.239,1.600,0.000,0.000,0.000,0.941
16:10:36.446,27.655,-1.616,-0.616,True,0.000,0.000,-1.616,-0.616,1.729,0.000,0.000,0.000,0.735
16:10:36.467,27.676,-1.652,-1.271,True,0.000,0.000,-1.652,-1.271,2.085,0.000,0.000,0.000,1.013
16:10:36.486,27.696,-1.687,-1.735,True,0.000,0.000,-1.687,-1.735,2.420,0.000,0.000,0.000,0.587
16:10:36.507,27.716,-2.477,-4.671,True,0.000,0.000,-2.477,-4.671,5.287,0.000,0.000,0.000,0.892
16:10:36.528,27.737,-4.574,-7.634,True,0.000,0.000,-4.574,-7.634,8.899,0.000,0.000,0.000,1.128
16:10:36.548,27.757,-3.779,-5.228,True,0.000,0.000,-3.779,-5.228,6.451,0.000,0.000,0.000,0.903
16:10:36.568,27.777,-3.087,-4.118,True,0.000,0.000,-3.087,-4.118,5.147,0.000,0.000,0.000,0.623
16:10:36.589,27.798,-2.537,-2.361,True,0.000,0.000,-2.537,-2.361,3.466,0.000,0.000,0.000,1.171
16:10:36.609,27.818,-3.655,-5.476,True,0.000,0.000,-3.655,-5.476,6.584,0.000,0.000,0.000,1.059
16:10:36.630,27.839,-3.872,-6.000,True,0.000,0.000,-3.872,-6.000,7.141,0.000,0.000,0.000,0.947
16:10:36.651,27.860,-2.780,-2.850,True,0.000,0.000,-2.780,-2.850,3.981,0.000,0.000,0.000,1.099
16:10:36.671,27.880,-2.231,-1.265,True,0.000,0.000,-2.231,-1.265,2.565,0.000,0.000,0.000,0.493
16:10:36.692,27.901,-2.694,-3.062,True,0.000,0.000,-2.694,-3.062,4.079,0.000,0.000,0.000,0.911
16:10:36.712,27.921,-2.265,-5.252,True,0.000,0.000,-2.265,-5.252,5.720,0.000,0.000,0.000,0.983
16:10:36.733,27.942,-1.966,-3.298,True,0.000,0.000,-1.966,-3.298,3.839,0.000,0.000,0.000,0.991
16:10:36.753,27.962,-1.772,-1.799,True,0.000,0.000,-1.772,-1.799,2.526,0.000,0.000,0.000,0.830
16:10:36.774,27.983,-1.662,-0.732,True,0.000,0.000,-1.662,-0.732,1.816,0.000,0.000,0.000,1.059
16:10:36.793,28.003,-1.611,-3.561,True,0.000,0.000,-1.611,-3.561,3.909,0.000,0.000,0.000,0.591
16:10:36.814,28.024,-1.601,-2.193,True,0.000,0.000,-1.601,-2.193,2.715,0.000,0.000,0.000,1.095
16:10:36.835,28.044,-2.377,-3.796,True,0.000,0.000,-2.377,-3.796,4.479,0.000,0.000,0.000,0.749
16:10:36.856,28.065,-2.193,-2.343,True,0.000,0.000,-2.193,-2.343,3.209,0.000,0.000,0.000,0.947
16:10:36.876,28.085,-2.038,-2.118,True,0.000,0.000,-2.038,-2.118,2.940,0.000,0.000,0.000,1.008
16:10:36.897,28.106,-1.917,-1.102,True,0.000,0.000,-1.917,-1.102,2.212,0.000,0.000,0.000,0.995
16:10:36.918,28.127,-1.831,-1.272,True,0.000,0.000,-1.831,-1.272,2.230,0.000,0.000,0.000,1.111
16:10:36.938,28.147,-2.535,-1.460,True,0.000,0.000,-2.535,-1.460,2.926,0.000,0.000,0.000,1.017
16:10:36.958,28.168,-2.293,-0.757,True,0.000,0.000,-2.293,-0.757,2.414,0.000,0.000,0.000,1.105
16:10:36.978,28.188,-2.092,-1.145,True,0.000,0.000,-2.092,-1.145,2.385,0.000,0.000,0.000,0.607
16:10:36.999,28.208,-1.940,0.285,True,0.000,0.000,-1.940,0.285,1.960,0.000,0.000,0.000,0.724
16:10:37.020,28.229,-4.877,-1.330,True,0.000,0.000,-4.877,-1.330,5.055,0.000,0.000,0.000,0.875
16:10:37.041,28.250,-3.972,-1.695,True,0.000,0.000,-3.972,-1.695,4.319,0.000,0.000,0.000,1.134
16:10:37.061,28.271,-5.479,-3.702,True,0.000,0.000,-5.479,-3.702,6.613,0.000,0.000,0.000,0.918
16:10:37.082,28.291,-4.241,-2.493,True,0.000,0.000,-4.241,-2.493,4.919,0.000,0.000,0.000,1.135
16:10:37.102,28.311,-3.242,-1.509,True,0.000,0.000,-3.242,-1.509,3.577,0.000,0.000,0.000,1.027
16:10:37.122,28.332,-2.499,-0.771,True,0.000,0.000,-2.499,-0.771,2.616,0.000,0.000,0.000,0.946
16:10:37.143,28.352,-1.990,-0.259,True,0.000,0.000,-1.990,-0.259,2.007,0.000,0.000,0.000,1.001
16:10:37.163,28.372,-2.435,0.062,True,0.000,0.000,-2.435,0.062,2.435,0.000,0.000,0.000,0.591
16:10:37.183,28.393,-2.056,0.238,True,0.000,0.000,-2.056,0.238,2.070,0.000,0.000,0.000,1.011
16:10:37.203,28.413,-1.807,0.310,True,0.000,0.000,-1.807,0.310,1.833,0.000,0.000,0.000,0.686
16:10:37.223,28.433,-1.660,1.193,True,0.000,0.000,-1.660,1.193,2.044,0.000,0.000,0.000,0.573
16:10:37.245,28.454,-2.350,-2.599,True,0.000,0.000,-2.350,-2.599,3.504,0.000,0.000,0.000,1.211
16:10:37.265,28.474,-2.122,-2.779,True,0.000,0.000,-2.122,-2.779,3.496,0.000,0.000,0.000,0.872
16:10:37.285,28.494,-4.234,-5.429,True,0.000,0.000,-4.234,-5.429,6.885,0.000,0.000,0.000,0.822
16:10:37.305,28.514,-3.487,-3.745,True,0.000,0.000,-3.487,-3.745,5.117,0.000,0.000,0.000,0.507
16:10:37.326,28.535,-5.142,-5.858,True,0.000,0.000,-5.142,-5.858,7.794,0.000,0.000,0.000,1.061
16:10:37.347,28.557,-4.027,-3.817,True,0.000,0.000,-4.027,-3.817,5.548,0.000,0.000,0.000,1.110
16:10:37.367,28.577,-3.886,-3.082,True,0.000,0.000,-3.886,-3.082,4.960,0.000,0.000,0.000,0.663
16:10:37.388,28.597,-3.002,-1.661,True,0.000,0.000,-3.002,-1.661,3.431,0.000,0.000,0.000,1.044
16:10:37.408,28.617,-4.637,-5.050,True,0.000,0.000,-4.637,-5.050,6.856,0.000,0.000,0.000,1.029
16:10:37.429,28.638,-3.571,-3.194,True,0.000,0.000,-3.571,-3.194,4.791,0.000,0.000,0.000,1.076
16:10:37.450,28.659,-3.496,-3.092,True,0.000,0.000,-3.496,-3.092,4.667,0.000,0.000,0.000,0.979
16:10:37.470,28.679,-2.489,-1.306,True,0.000,0.000,-2.489,-1.306,2.811,0.000,0.000,0.000,0.854
16:10:37.491,28.700,-1.980,-0.403,True,0.000,0.000,-1.980,-0.403,2.020,0.000,0.000,0.000,1.233
16:10:37.511,28.720,-4.067,-3.546,True,0.000,0.000,-4.067,-3.546,5.396,0.000,0.000,0.000,1.014
16:10:37.531,28.740,-3.988,-5.753,True,0.000,0.000,-3.988,-5.753,7.000,0.000,0.000,0.000,0.622
16:10:37.552,28.762,-5.418,-7.273,True,0.000,0.000,-5.418,-7.273,9.069,0.000,0.000,0.000,1.074
16:10:37.573,28.782,-4.139,-4.724,True,0.000,0.000,-4.139,-4.724,6.281,0.000,0.000,0.000,1.047
16:10:37.593,28.802,-5.416,-7.111,True,0.000,0.000,-5.416,-7.111,8.938,0.000,0.000,0.000,0.899
16:10:37.613,28.823,-4.050,-3.551,True,0.000,0.000,-4.050,-3.551,5.386,0.000,0.000,0.000,0.788
16:10:37.634,28.843,-6.053,-4.385,True,0.000,0.000,-6.053,-4.385,7.474,0.000,0.000,0.000,0.900
16:10:37.655,28.864,-5.233,-4.185,True,0.000,0.000,-5.233,-4.185,6.700,0.000,0.000,0.000,1.180
16:10:37.676,28.885,-3.803,-2.298,True,0.000,0.000,-3.803,-2.298,4.444,0.000,0.000,0.000,1.145
16:10:37.696,28.905,-4.273,-4.471,True,0.000,0.000,-4.273,-4.471,6.184,0.000,0.000,0.000,0.768
16:10:37.716,28.926,-3.138,-2.626,True,0.000,0.000,-3.138,-2.626,4.092,0.000,0.000,0.000,1.065
16:10:37.736,28.945,-3.852,-4.782,True,0.000,0.000,-3.852,-4.782,6.141,0.000,0.000,0.000,0.606
16:10:37.757,28.966,-2.908,-2.013,True,0.000,0.000,-2.908,-2.013,3.537,0.000,0.000,0.000,0.993
16:10:37.778,28.987,-2.996,-0.837,True,0.000,0.000,-2.996,-0.837,3.111,0.000,0.000,0.000,1.145
16:10:37.799,29.008,-2.349,-0.068,True,0.000,0.000,-2.349,-0.068,2.350,0.000,0.000,0.000,0.924
16:10:37.819,29.028,-1.911,0.377,True,0.000,0.000,-1.911,0.377,1.948,0.000,0.000,0.000,0.604
16:10:37.840,29.049,-1.645,-0.293,True,0.000,0.000,-1.645,-0.293,1.671,0.000,0.000,0.000,1.136
16:10:37.862,29.071,-1.508,-0.003,True,0.000,0.000,-1.508,-0.003,1.508,0.000,0.000,0.000,1.309
16:10:37.882,29.091,-1.461,0.163,True,0.000,0.000,-1.461,0.163,1.470,0.000,0.000,0.000,0.725
16:10:37.903,29.112,-1.470,0.238,True,0.000,0.000,-1.470,0.238,1.489,0.000,0.000,0.000,0.827
16:10:37.924,29.133,-2.272,-3.263,True,0.000,0.000,-2.272,-3.263,3.976,0.000,0.000,0.000,1.239
16:10:37.944,29.153,-2.116,-2.320,True,0.000,0.000,-2.116,-2.320,3.140,0.000,0.000,0.000,1.041
16:10:37.964,29.173,-2.747,-3.265,True,0.000,0.000,-2.747,-3.265,4.267,0.000,0.000,0.000,1.090
16:10:37.984,29.193,-3.960,-5.657,True,0.000,0.000,-3.960,-5.657,6.906,0.000,0.000,0.000,0.977
16:10:38.004,29.213,-4.048,-7.314,True,0.000,0.000,-4.048,-7.314,8.360,0.000,0.000,0.000,0.864
16:10:38.025,29.234,-3.275,-8.356,True,0.000,0.000,-3.275,-8.356,8.975,0.000,0.000,0.000,1.109
16:10:38.045,29.254,-2.657,-5.410,True,0.000,0.000,-2.657,-5.410,6.027,0.000,0.000,0.000,0.990
16:10:38.065,29.274,-2.199,-3.092,True,0.000,0.000,-2.199,-3.092,3.794,0.000,0.000,0.000,0.990
16:10:38.086,29.296,-1.887,-1.406,True,0.000,0.000,-1.887,-1.406,2.354,0.000,0.000,0.000,1.051
16:10:38.107,29.316,-1.696,-0.281,True,0.000,0.000,-1.696,-0.281,1.719,0.000,0.000,0.000,1.024
16:10:38.127,29.336,-1.595,-0.486,True,0.000,0.000,-1.595,-0.486,1.667,0.000,0.000,0.000,0.536
16:10:38.148,29.357,-1.558,-0.787,True,0.000,0.000,-1.558,-0.787,1.745,0.000,0.000,0.000,0.951
16:10:38.168,29.378,-3.845,-4.622,True,0.000,0.000,-3.845,-4.622,6.013,0.000,0.000,0.000,1.059
16:10:38.188,29.398,-4.006,-3.949,True,0.000,0.000,-4.006,-3.949,5.625,0.000,0.000,0.000,0.669
16:10:38.209,29.418,-3.280,-2.461,True,0.000,0.000,-3.280,-2.461,4.100,0.000,0.000,0.000,1.061
16:10:38.229,29.438,-2.687,-1.322,True,0.000,0.000,-2.687,-1.322,2.994,0.000,0.000,0.000,0.624
16:10:38.250,29.459,-3.002,-4.033,True,0.000,0.000,-3.002,-4.033,5.027,0.000,0.000,0.000,0.950
16:10:38.270,29.479,-2.482,-2.549,True,0.000,0.000,-2.482,-2.549,3.558,0.000,0.000,0.000,0.979
16:10:38.290,29.499,-2.102,-0.523,True,0.000,0.000,-2.102,-0.523,2.166,0.000,0.000,0.000,1.002
16:10:38.311,29.520,-1.846,0.054,True,0.000,0.000,-1.846,0.054,1.846,0.000,0.000,0.000,1.123
16:10:38.331,29.540,-1.690,0.376,True,0.000,0.000,-1.690,0.376,1.732,0.000,0.000,0.000,0.841
16:10:38.351,29.560,-1.611,-0.364,True,0.000,0.000,-1.611,-0.364,1.652,0.000,0.000,0.000,0.719
16:10:38.372,29.581,-1.584,-0.105,True,0.000,0.000,-1.584,-0.105,1.588,0.000,0.000,0.000,1.044
16:10:38.391,29.601,-2.352,-2.582,True,0.000,0.000,-2.352,-2.582,3.492,0.000,0.000,0.000,0.503
16:10:38.412,29.621,-2.167,-2.652,True,0.000,0.000,-2.167,-2.652,3.425,0.000,0.000,0.000,0.567
16:10:38.433,29.642,-4.298,-6.135,True,0.000,0.000,-4.298,-6.135,7.491,0.000,0.000,0.000,0.994
16:10:38.453,29.662,-3.555,-4.203,True,0.000,0.000,-3.555,-4.203,5.505,0.000,0.000,0.000,0.614
16:10:38.474,29.683,-2.920,-2.605,True,0.000,0.000,-2.920,-2.605,3.913,0.000,0.000,0.000,0.964
16:10:38.494,29.703,-3.944,-3.145,True,0.000,0.000,-3.944,-3.145,5.045,0.000,0.000,0.000,1.088
16:10:38.514,29.723,-3.165,-1.805,True,0.000,0.000,-3.165,-1.805,3.643,0.000,0.000,0.000,0.649
16:10:38.535,29.744,-2.555,-0.829,True,0.000,0.000,-2.555,-0.829,2.686,0.000,0.000,0.000,1.153
16:10:38.555,29.764,-2.115,-0.175,True,0.000,0.000,-2.115,-0.175,2.122,0.000,0.000,0.000,0.864
16:10:38.578,29.787,-1.823,0.218,True,0.000,0.000,-1.823,0.218,1.836,0.000,0.000,0.000,1.333
16:10:38.598,29.807,-1.650,-0.464,True,0.000,0.000,-1.650,-0.464,1.714,0.000,0.000,0.000,0.936
16:10:38.619,29.828,-3.088,-4.554,True,0.000,0.000,-3.088,-4.554,5.502,0.000,0.000,0.000,1.101
16:10:38.639,29.848,-5.691,-5.791,True,0.000,0.000,-5.691,-5.791,8.120,0.000,0.000,0.000,0.608
16:10:38.659,29.868,-5.260,-3.897,True,0.000,0.000,-5.260,-3.897,6.546,0.000,0.000,0.000,1.074
16:10:38.680,29.890,-6.332,-4.115,True,0.000,0.000,-6.332,-4.115,7.552,0.000,0.000,0.000,0.717
16:10:38.701,29.911,-4.745,-2.477,True,0.000,0.000,-4.745,-2.477,5.353,0.000,0.000,0.000,1.209
16:10:38.721,29.931,-3.489,-1.251,True,0.000,0.000,-3.489,-1.251,3.706,0.000,0.000,0.000,0.942
16:10:38.742,29.951,-3.331,-0.405,True,0.000,0.000,-3.331,-0.405,3.356,0.000,0.000,0.000,1.121
16:10:38.762,29.971,-5.549,-1.634,True,0.000,0.000,-5.549,-1.634,5.785,0.000,0.000,0.000,0.631
16:10:38.784,29.993,-4.155,-0.865,True,0.000,0.000,-4.155,-0.865,4.244,0.000,0.000,0.000,1.112
16:10:38.805,30.014,-6.123,-2.083,True,0.000,0.000,-6.123,-2.083,6.468,0.000,0.000,0.000,0.983
16:10:38.825,30.034,-4.519,-1.254,True,0.000,0.000,-4.519,-1.254,4.690,0.000,0.000,0.000,1.102
16:10:38.846,30.055,-4.041,-1.513,True,0.000,0.000,-4.041,-1.513,4.315,0.000,0.000,0.000,0.979
16:10:38.866,30.076,-2.947,0.035,True,0.000,0.000,-2.947,0.035,2.947,0.000,0.000,0.000,1.207
16:10:38.887,30.096,-2.185,0.275,True,0.000,0.000,-2.185,0.275,2.202,0.000,0.000,0.000,0.975
16:10:38.907,30.116,-3.986,-4.016,True,0.000,0.000,-3.986,-4.016,5.658,0.000,0.000,0.000,0.811
16:10:38.928,30.137,-5.375,-6.311,True,0.000,0.000,-5.375,-6.311,8.290,0.000,0.000,0.000,1.109
16:10:38.948,30.157,-5.604,-4.319,True,0.000,0.000,-5.604,-4.319,7.076,0.000,0.000,0.000,1.028
16:10:38.968,30.178,-4.176,-2.674,True,0.000,0.000,-4.176,-2.674,4.958,0.000,0.000,0.000,1.191
16:10:38.989,30.198,-3.077,-1.421,True,0.000,0.000,-3.077,-1.421,3.389,0.000,0.000,0.000,1.164
16:10:39.009,30.218,-2.699,-0.948,True,0.000,0.000,-2.699,-0.948,2.861,0.000,0.000,0.000,0.865
16:10:39.029,30.238,-4.992,-4.800,True,0.000,0.000,-4.992,-4.800,6.925,0.000,0.000,0.000,0.768
16:10:39.049,30.259,-6.145,-6.739,True,0.000,0.000,-6.145,-6.739,9.120,0.000,0.000,0.000,0.824
16:10:39.070,30.279,-4.456,-4.230,True,0.000,0.000,-4.456,-4.230,6.144,0.000,0.000,0.000,0.986
16:10:39.090,30.299,-5.557,-5.080,True,0.000,0.000,-5.557,-5.080,7.529,0.000,0.000,0.000,0.878
16:10:39.111,30.320,-4.063,-3.038,True,0.000,0.000,-4.063,-3.038,5.073,0.000,0.000,0.000,1.163
16:10:39.131,30.340,-2.944,-1.520,True,0.000,0.000,-2.944,-1.520,3.313,0.000,0.000,0.000,0.988
16:10:39.152,30.361,-2.166,-1.355,True,0.000,0.000,-2.166,-1.355,2.555,0.000,0.000,0.000,1.042
16:10:39.172,30.381,-1.677,0.418,True,0.000,0.000,-1.677,0.418,1.728,0.000,0.000,0.000,0.927
16:10:39.192,30.402,-1.410,1.618,True,0.000,0.000,-1.410,1.618,2.146,0.000,0.000,0.000,0.938
16:10:39.213,30.422,-2.062,2.350,True,0.000,0.000,-2.062,2.350,3.127,0.000,0.000,0.000,0.533
16:10:39.233,30.442,-3.370,-1.670,True,0.000,0.000,-3.370,-1.670,3.761,0.000,0.000,0.000,0.567
16:10:39.254,30.463,-2.818,-1.206,True,0.000,0.000,-2.818,-1.206,3.065,0.000,0.000,0.000,1.051
16:10:39.274,30.483,-4.664,-4.316,True,0.000,0.000,-4.664,-4.316,6.355,0.000,0.000,0.000,0.606
16:10:39.296,30.505,-5.999,-6.540,True,0.000,0.000,-5.999,-6.540,8.874,0.000,0.000,0.000,0.734
16:10:39.317,30.526,-6.884,-7.996,True,0.000,0.000,-6.884,-7.996,10.551,0.000,0.000,0.000,0.881
16:10:39.338,30.547,-5.125,-5.328,True,0.000,0.000,-5.125,-5.328,7.393,0.000,0.000,0.000,1.060
16:10:39.358,30.568,-4.487,-3.178,True,0.000,0.000,-4.487,-3.178,5.498,0.000,0.000,0.000,1.051
16:10:39.379,30.588,-3.250,-0.699,True,0.000,0.000,-3.250,-0.699,3.324,0.000,0.000,0.000,1.003
16:10:39.399,30.608,-2.370,-0.722,True,0.000,0.000,-2.370,-0.722,2.477,0.000,0.000,0.000,1.041
16:10:39.419,30.628,-4.081,-3.528,True,0.000,0.000,-4.081,-3.528,5.395,0.000,0.000,0.000,0.707
16:10:39.440,30.649,-3.125,-1.278,True,0.000,0.000,-3.125,-1.278,3.376,0.000,0.000,0.000,0.793
16:10:39.461,30.670,-2.420,-0.484,True,0.000,0.000,-2.420,-0.484,2.467,0.000,0.000,0.000,1.279
16:10:39.481,30.690,-1.941,0.025,True,0.000,0.000,-1.941,0.025,1.941,0.000,0.000,0.000,0.634
16:10:39.502,30.711,-1.648,0.312,True,0.000,0.000,-1.648,0.312,1.677,0.000,0.000,0.000,1.400
16:10:39.522,30.731,-1.495,-0.441,True,0.000,0.000,-1.495,-0.441,1.559,0.000,0.000,0.000,0.891
16:10:39.543,30.752,-1.440,-0.180,True,0.000,0.000,-1.440,-0.180,1.451,0.000,0.000,0.000,1.098
16:10:39.563,30.772,-2.209,-1.768,True,0.000,0.000,-2.209,-1.768,2.829,0.000,0.000,0.000,1.001
16:10:39.584,30.793,-2.042,-2.066,True,0.000,0.000,-2.042,-2.066,2.905,0.000,0.000,0.000,1.042
16:10:39.604,30.813,-1.914,-1.354,True,0.000,0.000,-1.914,-1.354,2.344,0.000,0.000,0.000,0.667
16:10:39.624,30.834,-3.347,-4.303,True,0.000,0.000,-3.347,-4.303,5.451,0.000,0.000,0.000,0.738
16:10:39.644,30.854,-2.870,-2.922,True,0.000,0.000,-2.870,-2.922,4.096,0.000,0.000,0.000,0.738
16:10:39.665,30.874,-4.752,-5.306,True,0.000,0.000,-4.752,-5.306,7.123,0.000,0.000,0.000,0.915
16:10:39.685,30.895,-3.813,-6.999,True,0.000,0.000,-3.813,-6.999,7.971,0.000,0.000,0.000,0.849
16:10:39.706,30.915,-3.036,-4.584,True,0.000,0.000,-3.036,-4.584,5.498,0.000,0.000,0.000,0.659
16:10:39.726,30.935,-2.443,-5.303,True,0.000,0.000,-2.443,-5.303,5.839,0.000,0.000,0.000,1.150
16:10:39.746,30.956,-2.025,-3.172,True,0.000,0.000,-2.025,-3.172,3.763,0.000,0.000,0.000,0.978
16:10:39.767,30.976,-1.757,-2.462,True,0.000,0.000,-1.757,-2.462,3.025,0.000,0.000,0.000,1.128
16:10:39.787,30.996,-2.367,-1.129,True,0.000,0.000,-2.367,-1.129,2.622,0.000,0.000,0.000,0.939
16:10:39.807,31.016,-2.852,-1.116,True,0.000,0.000,-2.852,-1.116,3.062,0.000,0.000,0.000,0.872
16:10:39.827,31.037,-3.208,-2.097,True,0.000,0.000,-3.208,-2.097,3.833,0.000,0.000,0.000,1.139
16:10:39.848,31.057,-2.688,-2.011,True,0.000,0.000,-2.688,-2.011,3.357,0.000,0.000,0.000,1.123
16:10:39.868,31.077,-3.044,-4.602,True,0.000,0.000,-3.044,-4.602,5.517,0.000,0.000,0.000,0.840
16:10:39.888,31.097,-4.827,-6.497,True,0.000,0.000,-4.827,-6.497,8.094,0.000,0.000,0.000,0.691
16:10:39.908,31.117,-3.823,-5.135,True,0.000,0.000,-3.823,-5.135,6.402,0.000,0.000,0.000,0.586
16:10:39.929,31.138,-3.948,-5.474,True,0.000,0.000,-3.948,-5.474,6.750,0.000,0.000,0.000,0.924
16:10:39.949,31.158,-2.774,-2.539,True,0.000,0.000,-2.774,-2.539,3.761,0.000,0.000,0.000,0.884
16:10:39.969,31.178,-2.183,-2.048,True,0.000,0.000,-2.183,-2.048,2.993,0.000,0.000,0.000,0.620
16:10:39.991,31.200,-2.625,-2.694,True,0.000,0.000,-2.625,-2.694,3.761,0.000,0.000,0.000,1.039
16:10:40.011,31.220,-2.190,-2.300,True,0.000,0.000,-2.190,-2.300,3.176,0.000,0.000,0.000,0.988
16:10:40.031,31.240,-1.897,-1.168,True,0.000,0.000,-1.897,-1.168,2.227,0.000,0.000,0.000,0.681
16:10:40.052,31.261,-1.714,-0.387,True,0.000,0.000,-1.714,-0.387,1.757,0.000,0.000,0.000,1.150
16:10:40.072,31.281,-2.379,0.104,True,0.000,0.000,-2.379,0.104,2.381,0.000,0.000,0.000,0.685
16:10:40.092,31.301,-5.184,-2.273,True,0.000,0.000,-5.184,-2.273,5.660,0.000,0.000,0.000,0.592
16:10:40.112,31.321,-6.448,-4.961,True,0.000,0.000,-6.448,-4.961,8.136,0.000,0.000,0.000,0.729
16:10:40.133,31.342,-6.478,-7.748,True,0.000,0.000,-6.478,-7.748,10.099,0.000,0.000,0.000,0.954
16:10:40.153,31.362,-4.830,-6.983,True,0.000,0.000,-4.830,-6.983,8.491,0.000,0.000,0.000,1.031
16:10:40.174,31.383,-4.292,-7.962,True,0.000,0.000,-4.292,-7.962,9.045,0.000,0.000,0.000,0.982
16:10:40.194,31.403,-3.134,-5.026,True,0.000,0.000,-3.134,-5.026,5.923,0.000,0.000,0.000,0.780
16:10:40.214,31.423,-3.836,-7.154,True,0.000,0.000,-3.836,-7.154,8.118,0.000,0.000,0.000,0.789
16:10:40.235,31.444,-2.886,-4.331,True,0.000,0.000,-2.886,-4.331,5.205,0.000,0.000,0.000,1.114
16:10:40.255,31.464,-2.213,-3.090,True,0.000,0.000,-2.213,-3.090,3.801,0.000,0.000,0.000,1.057
16:10:40.275,31.484,-1.777,-0.502,True,0.000,0.000,-1.777,-0.502,1.846,0.000,0.000,0.000,0.484
16:10:40.295,31.505,-1.528,0.393,True,0.000,0.000,-1.528,0.393,1.577,0.000,0.000,0.000,0.536
16:10:40.316,31.525,-1.414,1.735,True,0.000,0.000,-1.414,1.735,2.238,0.000,0.000,0.000,0.626
16:10:40.337,31.546,-2.152,-1.861,True,0.000,0.000,-2.152,-1.861,2.845,0.000,0.000,0.000,1.044
16:10:40.357,31.566,-1.975,-1.137,True,0.000,0.000,-1.975,-1.137,2.279,0.000,0.000,0.000,1.033
16:10:40.378,31.587,-1.849,-0.591,True,0.000,0.000,-1.849,-0.591,1.941,0.000,0.000,0.000,1.099
16:10:40.397,31.606,-1.767,-3.725,True,0.000,0.000,-1.767,-3.725,4.123,0.000,0.000,0.000,0.657
16:10:40.418,31.627,-3.244,-6.034,True,0.000,0.000,-3.244,-6.034,6.850,0.000,0.000,0.000,1.073
16:10:40.438,31.648,-2.804,-4.083,True,0.000,0.000,-2.804,-4.083,4.953,0.000,0.000,0.000,1.128
16:10:40.459,31.668,-2.431,-2.489,True,0.000,0.000,-2.431,-2.489,3.479,0.000,0.000,0.000,1.078
16:10:40.480,31.689,-4.424,-4.802,True,0.000,0.000,-4.424,-4.802,6.529,0.000,0.000,0.000,1.312
16:10:40.500,31.709,-3.587,-3.879,True,0.000,0.000,-3.587,-3.879,5.283,0.000,0.000,0.000,0.884
16:10:40.521,31.730,-2.894,-2.257,True,0.000,0.000,-2.894,-2.257,3.670,0.000,0.000,0.000,1.199
16:10:40.541,31.750,-3.128,-4.582,True,0.000,0.000,-3.128,-4.582,5.548,0.000,0.000,0.000,0.886
16:10:40.561,31.770,-3.309,-2.813,True,0.000,0.000,-3.309,-2.813,4.343,0.000,0.000,0.000,0.638
16:10:40.582,31.791,-2.677,-2.351,True,0.000,0.000,-2.677,-2.351,3.563,0.000,0.000,0.000,1.112
16:10:40.602,31.811,-2.209,-1.173,True,0.000,0.000,-2.209,-1.173,2.501,0.000,0.000,0.000,0.719
16:10:40.623,31.832,-1.891,-0.364,True,0.000,0.000,-1.891,-0.364,1.925,0.000,0.000,0.000,0.986
16:10:40.644,31.853,-1.695,0.140,True,0.000,0.000,-1.695,0.140,1.700,0.000,0.000,0.000,1.101
16:10:40.664,31.873,-1.591,-0.469,True,0.000,0.000,-1.591,-0.469,1.659,0.000,0.000,0.000,1.091
16:10:40.684,31.893,-1.554,-1.002,True,0.000,0.000,-1.554,-1.002,1.848,0.000,0.000,0.000,0.587
16:10:40.704,31.914,-4.602,-2.306,True,0.000,0.000,-4.602,-2.306,5.148,0.000,0.000,0.000,0.906
16:10:40.725,31.934,-3.793,-0.622,True,0.000,0.000,-3.793,-0.622,3.844,0.000,0.000,0.000,1.103
16:10:40.745,31.954,-3.092,-0.227,True,0.000,0.000,-3.092,-0.227,3.100,0.000,0.000,0.000,0.727
16:10:40.766,31.975,-2.536,0.024,True,0.000,0.000,-2.536,0.024,2.536,0.000,0.000,0.000,1.218
16:10:40.786,31.995,-2.128,-0.714,True,0.000,0.000,-2.128,-0.714,2.245,0.000,0.000,0.000,1.114
16:10:40.806,32.015,-2.615,-0.413,True,0.000,0.000,-2.615,-0.413,2.647,0.000,0.000,0.000,1.068
16:10:40.827,32.036,-2.239,-1.071,True,0.000,0.000,-2.239,-1.071,2.482,0.000,0.000,0.000,1.179
16:10:40.847,32.056,-1.969,-0.681,True,0.000,0.000,-1.969,-0.681,2.083,0.000,0.000,0.000,0.588
16:10:40.868,32.077,-2.553,-0.379,True,0.000,0.000,-2.553,-0.379,2.581,0.000,0.000,0.000,0.779
16:10:40.888,32.098,-2.239,-0.162,True,0.000,0.000,-2.239,-0.162,2.245,0.000,0.000,0.000,1.085
16:10:40.909,32.118,-4.289,-3.535,True,0.000,0.000,-4.289,-3.535,5.558,0.000,0.000,0.000,1.033
16:10:40.929,32.138,-4.815,-4.370,True,0.000,0.000,-4.815,-4.370,6.502,0.000,0.000,0.000,0.733
16:10:40.950,32.159,-3.327,-1.126,True,0.000,0.000,-3.327,-1.126,3.513,0.000,0.000,0.000,1.095
16:10:40.970,32.179,-2.582,-0.484,True,0.000,0.000,-2.582,-0.484,2.627,0.000,0.000,0.000,0.963
16:10:40.990,32.199,-2.121,-0.101,True,0.000,0.000,-2.121,-0.101,2.124,0.000,0.000,0.000,0.584
16:10:41.010,32.219,-3.366,-3.427,True,0.000,0.000,-3.366,-3.427,4.803,0.000,0.000,0.000,0.865
16:10:41.034,32.243,-5.811,-4.079,True,0.000,0.000,-5.811,-4.079,7.099,0.000,0.000,0.000,1.280
16:10:41.053,32.263,-4.510,-2.692,True,0.000,0.000,-4.510,-2.692,5.252,0.000,0.000,0.000,0.742
16:10:41.074,32.283,-3.442,-2.461,True,0.000,0.000,-3.442,-2.461,4.231,0.000,0.000,0.000,1.020
16:10:41.094,32.304,-2.635,-2.280,True,0.000,0.000,-2.635,-2.280,3.484,0.000,0.000,0.000,1.188
16:10:41.115,32.324,-2.072,-1.267,True,0.000,0.000,-2.072,-1.267,2.429,0.000,0.000,0.000,1.227
16:10:41.135,32.344,-3.242,-4.062,True,0.000,0.000,-3.242,-4.062,5.197,0.000,0.000,0.000,1.108
16:10:41.155,32.365,-2.626,-2.617,True,0.000,0.000,-2.626,-2.617,3.707,0.000,0.000,0.000,1.037
16:10:41.176,32.385,-2.174,-2.365,True,0.000,0.000,-2.174,-2.365,3.212,0.000,0.000,0.000,1.092
16:10:41.196,32.405,-2.630,-2.182,True,0.000,0.000,-2.630,-2.182,3.417,0.000,0.000,0.000,0.640
16:10:41.216,32.425,-2.235,-1.183,True,0.000,0.000,-2.235,-1.183,2.528,0.000,0.000,0.000,1.112
16:10:41.237,32.446,-2.716,-3.989,True,0.000,0.000,-2.716,-3.989,4.826,0.000,0.000,0.000,1.073
16:10:41.257,32.466,-4.609,-6.959,True,0.000,0.000,-4.609,-6.959,8.347,0.000,0.000,0.000,0.525
16:10:41.278,32.487,-3.693,-4.637,True,0.000,0.000,-3.693,-4.637,5.928,0.000,0.000,0.000,0.646
16:10:41.298,32.507,-2.943,-3.645,True,0.000,0.000,-2.943,-3.645,4.685,0.000,0.000,0.000,1.017
16:10:41.319,32.528,-5.422,-4.648,True,0.000,0.000,-5.422,-4.648,7.142,0.000,0.000,0.000,0.978
16:10:41.339,32.549,-4.192,-2.756,True,0.000,0.000,-4.192,-2.756,5.016,0.000,0.000,0.000,0.951
16:10:41.360,32.569,-5.488,-4.868,True,0.000,0.000,-5.488,-4.868,7.336,0.000,0.000,0.000,1.362
16:10:41.379,32.588,-4.128,-3.823,True,0.000,0.000,-4.128,-3.823,5.626,0.000,0.000,0.000,0.555
16:10:41.400,32.609,-3.074,-2.138,True,0.000,0.000,-3.074,-2.138,3.744,0.000,0.000,0.000,0.736
16:10:41.420,32.630,-3.081,-0.047,True,0.000,0.000,-3.081,-0.047,3.081,0.000,0.000,0.000,1.049
16:10:41.441,32.651,-4.661,-3.004,True,0.000,0.000,-4.661,-3.004,5.545,0.000,0.000,0.000,1.076
16:10:41.461,32.670,-5.845,-5.297,True,0.000,0.000,-5.845,-5.297,7.888,0.000,0.000,0.000,0.516
16:10:41.482,32.691,-4.379,-4.304,True,0.000,0.000,-4.379,-4.304,6.140,0.000,0.000,0.000,1.001
16:10:41.503,32.712,-3.235,-2.592,True,0.000,0.000,-3.235,-2.592,4.145,0.000,0.000,0.000,0.963
16:10:41.522,32.732,-2.410,-1.310,True,0.000,0.000,-2.410,-1.310,2.743,0.000,0.000,0.000,0.601
16:10:41.544,32.753,-1.864,-0.425,True,0.000,0.000,-1.864,-0.425,1.912,0.000,0.000,0.000,0.867
16:10:41.564,32.774,-1.542,0.128,True,0.000,0.000,-1.542,0.128,1.547,0.000,0.000,0.000,0.646
16:10:41.585,32.794,-1.385,0.428,True,0.000,0.000,-1.385,0.428,1.450,0.000,0.000,0.000,1.025
16:10:41.605,32.815,-1.341,-0.331,True,0.000,0.000,-1.341,-0.331,1.382,0.000,0.000,0.000,1.041
16:10:41.626,32.835,-1.367,-0.087,True,0.000,0.000,-1.367,-0.087,1.369,0.000,0.000,0.000,1.070
16:10:41.646,32.856,-3.712,-3.453,True,0.000,0.000,-3.712,-3.453,5.070,0.000,0.000,0.000,0.669
16:10:41.667,32.876,-3.922,-2.410,True,0.000,0.000,-3.922,-2.410,4.603,0.000,0.000,0.000,1.116
16:10:41.687,32.896,-3.994,-4.167,True,0.000,0.000,-3.994,-4.167,5.773,0.000,0.000,0.000,0.516
16:10:41.708,32.917,-3.220,-6.277,True,0.000,0.000,-3.220,-6.277,7.055,0.000,0.000,0.000,1.051
16:10:41.729,32.938,-2.606,-5.063,True,0.000,0.000,-2.606,-5.063,5.695,0.000,0.000,0.000,1.127
16:10:41.749,32.958,-2.158,-3.135,True,0.000,0.000,-2.158,-3.135,3.806,0.000,0.000,0.000,1.019
16:10:41.769,32.979,-1.856,-2.545,True,0.000,0.000,-1.856,-2.545,3.150,0.000,0.000,0.000,0.810
16:10:41.790,32.999,-1.674,-2.149,True,0.000,0.000,-1.674,-2.149,2.724,0.000,0.000,0.000,0.872
16:10:41.810,33.019,-1.581,-1.032,True,0.000,0.000,-1.581,-1.032,1.888,0.000,0.000,0.000,0.632
16:10:41.830,33.040,-1.550,-0.274,True,0.000,0.000,-1.550,-0.274,1.574,0.000,0.000,0.000,1.050
16:10:41.850,33.060,-1.401,0.333,True,0.000,0.000,-1.401,0.333,1.440,0.000,0.000,0.000,0.580
16:10:41.872,33.081,-2.536,-4.181,True,0.000,0.000,-2.536,-4.181,4.890,0.000,0.000,0.000,1.028
16:10:41.892,33.101,-4.817,-6.454,True,0.000,0.000,-4.817,-6.454,8.054,0.000,0.000,0.000,0.936
16:10:41.912,33.121,-6.212,-7.810,True,0.000,0.000,-6.212,-7.810,9.980,0.000,0.000,0.000,0.695
16:10:41.933,33.142,-7.080,-8.608,True,0.000,0.000,-7.080,-8.608,11.146,0.000,0.000,0.000,1.029
16:10:41.954,33.164,-5.285,-6.373,True,0.000,0.000,-5.285,-6.373,8.279,0.000,0.000,0.000,1.208
16:10:41.975,33.184,-6.135,-7.229,True,0.000,0.000,-6.135,-7.229,9.482,0.000,0.000,0.000,0.978
16:10:41.995,33.204,-5.967,-7.827,True,0.000,0.000,-5.967,-7.827,9.842,0.000,0.000,0.000,0.585
16:10:42.015,33.224,-6.554,-8.205,True,0.000,0.000,-6.554,-8.205,10.502,0.000,0.000,0.000,1.088
16:10:42.035,33.244,-4.660,-5.772,True,0.000,0.000,-4.660,-5.772,7.418,0.000,0.000,0.000,0.652
16:10:42.057,33.266,-3.240,-3.066,True,0.000,0.000,-3.240,-3.066,4.460,0.000,0.000,0.000,0.857
16:10:42.077,33.286,-4.544,-2.044,True,0.000,0.000,-4.544,-2.044,4.983,0.000,0.000,0.000,0.605
16:10:42.099,33.308,-3.299,-0.583,True,0.000,0.000,-3.299,-0.583,3.350,0.000,0.000,0.000,1.141
16:10:42.119,33.328,-2.409,0.317,True,0.000,0.000,-2.409,0.317,2.430,0.000,0.000,0.000,1.053
16:10:42.139,33.349,-1.827,0.792,True,0.000,0.000,-1.827,0.792,1.991,0.000,0.000,0.000,0.925
16:10:42.160,33.369,-3.772,-2.548,True,0.000,0.000,-3.772,-2.548,4.552,0.000,0.000,0.000,1.154
16:10:42.180,33.389,-5.269,-2.476,True,0.000,0.000,-5.269,-2.476,5.822,0.000,0.000,0.000,0.541
16:10:42.201,33.410,-4.050,-1.504,True,0.000,0.000,-4.050,-1.504,4.320,0.000,0.000,0.000,0.667
16:10:42.221,33.430,-3.846,-4.289,True,0.000,0.000,-3.846,-4.289,5.761,0.000,0.000,0.000,0.544
16:10:42.242,33.451,-2.932,-2.816,True,0.000,0.000,-2.932,-2.816,4.065,0.000,0.000,0.000,1.025
16:10:42.262,33.471,-3.035,-5.159,True,0.000,0.000,-3.035,-5.159,5.986,0.000,0.000,0.000,1.001
16:10:42.282,33.491,-2.391,-6.847,True,0.000,0.000,-2.391,-6.847,7.253,0.000,0.000,0.000,1.063
16:10:42.302,33.512,-4.235,-7.963,True,0.000,0.000,-4.235,-7.963,9.019,0.000,0.000,0.000,1.060
16:10:42.324,33.533,-5.619,-9.499,True,0.000,0.000,-5.619,-9.499,11.036,0.000,0.000,0.000,1.127
16:10:42.344,33.553,-4.294,-6.939,True,0.000,0.000,-4.294,-6.939,8.160,0.000,0.000,0.000,0.666
16:10:42.364,33.573,-3.240,-4.023,True,0.000,0.000,-3.240,-4.023,5.166,0.000,0.000,0.000,0.702
16:10:42.385,33.594,-2.466,-2.766,True,0.000,0.000,-2.466,-2.766,3.705,0.000,0.000,0.000,0.958
16:10:42.405,33.614,-1.942,-1.085,True,0.000,0.000,-1.942,-1.085,2.225,0.000,0.000,0.000,0.702
16:10:42.426,33.635,-1.623,-0.880,True,0.000,0.000,-1.623,-0.880,1.846,0.000,0.000,0.000,1.040
16:10:42.446,33.655,-1.459,-0.021,True,0.000,0.000,-1.459,-0.021,1.459,0.000,0.000,0.000,0.664
16:10:42.467,33.676,-1.402,-0.409,True,0.000,0.000,-1.402,-0.409,1.460,0.000,0.000,0.000,1.042
16:10:42.487,33.696,-1.413,0.056,True,0.000,0.000,-1.413,0.056,1.414,0.000,0.000,0.000,0.809
16:10:42.507,33.717,-1.461,-0.565,True,0.000,0.000,-1.461,-0.565,1.566,0.000,0.000,0.000,1.062
16:10:42.527,33.737,-1.524,-1.093,True,0.000,0.000,-1.524,-1.093,1.876,0.000,0.000,0.000,0.564
16:10:42.548,33.757,-3.112,-4.143,True,0.000,0.000,-3.112,-4.143,5.181,0.000,0.000,0.000,0.866
16:10:42.568,33.778,-3.513,-2.837,True,0.000,0.000,-3.513,-2.837,4.515,0.000,0.000,0.000,0.892
16:10:42.589,33.798,-3.903,-3.091,True,0.000,0.000,-3.903,-3.091,4.979,0.000,0.000,0.000,0.976
16:10:42.610,33.819,-2.870,-1.461,True,0.000,0.000,-2.870,-1.461,3.221,0.000,0.000,0.000,1.296
16:10:42.629,33.839,-2.353,-0.641,True,0.000,0.000,-2.353,-0.641,2.438,0.000,0.000,0.000,0.587
16:10:42.650,33.859,-2.032,0.767,True,0.000,0.000,-2.032,0.767,2.171,0.000,0.000,0.000,1.038
16:10:42.671,33.880,-2.594,0.793,True,0.000,0.000,-2.594,0.793,2.713,0.000,0.000,0.000,1.176
16:10:42.690,33.899,-2.256,0.720,True,0.000,0.000,-2.256,0.720,2.368,0.000,0.000,0.000,0.518
16:10:42.711,33.920,-2.006,0.594,True,0.000,0.000,-2.006,0.594,2.092,0.000,0.000,0.000,0.993
16:10:42.732,33.941,-2.597,-0.428,True,0.000,0.000,-2.597,-0.428,2.632,0.000,0.000,0.000,1.090
16:10:42.752,33.962,-2.282,-1.202,True,0.000,0.000,-2.282,-1.202,2.579,0.000,0.000,0.000,1.033
16:10:42.773,33.982,-2.042,-0.861,True,0.000,0.000,-2.042,-0.861,2.216,0.000,0.000,0.000,0.955
16:10:42.794,34.003,-1.872,-0.564,True,0.000,0.000,-1.872,-0.564,1.955,0.000,0.000,0.000,1.460
16:10:42.814,34.023,-1.763,-0.329,True,0.000,0.000,-1.763,-0.329,1.794,0.000,0.000,0.000,1.158
16:10:42.834,34.043,-3.225,-3.674,True,0.000,0.000,-3.225,-3.674,4.889,0.000,0.000,0.000,1.053
16:10:42.855,34.064,-2.779,-3.470,True,0.000,0.000,-2.779,-3.470,4.445,0.000,0.000,0.000,1.185
16:10:42.875,34.085,-3.167,-2.305,True,0.000,0.000,-3.167,-2.305,3.917,0.000,0.000,0.000,1.092
16:10:42.896,34.105,-2.669,-1.369,True,0.000,0.000,-2.669,-1.369,3.000,0.000,0.000,0.000,1.043
16:10:42.917,34.126,-2.279,-0.674,True,0.000,0.000,-2.279,-0.674,2.376,0.000,0.000,0.000,1.371
16:10:42.937,34.146,-1.996,-1.078,True,0.000,0.000,-1.996,-1.078,2.268,0.000,0.000,0.000,1.249
16:10:42.957,34.167,-2.569,-0.543,True,0.000,0.000,-2.569,-0.543,2.626,0.000,0.000,0.000,1.321
16:10:42.977,34.187,-2.248,-0.174,True,0.000,0.000,-2.248,-0.174,2.255,0.000,0.000,0.000,1.044
16:10:42.998,34.207,-2.008,0.057,True,0.000,0.000,-2.008,0.057,2.009,0.000,0.000,0.000,1.032
16:10:43.018,34.227,-1.843,0.181,True,0.000,0.000,-1.843,0.181,1.852,0.000,0.000,0.000,0.875
16:10:43.038,34.247,-1.740,0.230,True,0.000,0.000,-1.740,0.230,1.755,0.000,0.000,0.000,0.782
16:10:43.059,34.268,-3.968,-4.163,True,0.000,0.000,-3.968,-4.163,5.752,0.000,0.000,0.000,1.136
16:10:43.079,34.288,-4.080,-6.499,True,0.000,0.000,-4.080,-6.499,7.674,0.000,0.000,0.000,0.682
16:10:43.100,34.309,-3.318,-4.509,True,0.000,0.000,-3.318,-4.509,5.598,0.000,0.000,0.000,1.159
16:10:43.120,34.329,-2.700,-3.720,True,0.000,0.000,-2.700,-3.720,4.597,0.000,0.000,0.000,0.876
16:10:43.140,34.350,-2.238,-2.193,True,0.000,0.000,-2.238,-2.193,3.133,0.000,0.000,0.000,0.863
16:10:43.161,34.370,-1.919,-1.065,True,0.000,0.000,-1.919,-1.065,2.194,0.000,0.000,0.000,0.820
16:10:43.181,34.390,-2.480,-3.812,True,0.000,0.000,-2.480,-3.812,4.548,0.000,0.000,0.000,0.862
16:10:43.202,34.411,-4.447,-5.890,True,0.000,0.000,-4.447,-5.890,7.380,0.000,0.000,0.000,1.262
16:10:43.222,34.431,-3.593,-3.825,True,0.000,0.000,-3.593,-3.825,5.247,0.000,0.000,0.000,1.094
16:10:43.243,34.452,-2.890,-3.075,True,0.000,0.000,-2.890,-3.075,4.220,0.000,0.000,0.000,1.299
16:10:43.263,34.472,-4.640,-5.162,True,0.000,0.000,-4.640,-5.162,6.942,0.000,0.000,0.000,1.382
16:10:43.283,34.492,-3.640,-4.068,True,0.000,0.000,-3.640,-4.068,5.459,0.000,0.000,0.000,0.959
16:10:43.303,34.513,-2.848,-1.447,True,0.000,0.000,-2.848,-1.447,3.195,0.000,0.000,0.000,0.805
16:10:43.324,34.534,-2.270,-0.421,True,0.000,0.000,-2.270,-0.421,2.308,0.000,0.000,0.000,1.181
16:10:43.344,34.553,-1.881,0.212,True,0.000,0.000,-1.881,0.212,1.893,0.000,0.000,0.000,0.642
16:10:43.365,34.574,-1.646,0.547,True,0.000,0.000,-1.646,0.547,1.734,0.000,0.000,0.000,1.062
16:10:43.385,34.594,-3.049,-2.843,True,0.000,0.000,-3.049,-2.843,4.169,0.000,0.000,0.000,0.756
16:10:43.405,34.615,-2.591,-1.885,True,0.000,0.000,-2.591,-1.885,3.205,0.000,0.000,0.000,0.744
16:10:43.427,34.636,-2.233,-1.117,True,0.000,0.000,-2.233,-1.117,2.497,0.000,0.000,0.000,1.198
16:10:43.447,34.656,-1.974,-1.427,True,0.000,0.000,-1.974,-1.427,2.435,0.000,0.000,0.000,1.052
16:10:43.467,34.677,-4.086,-4.312,True,0.000,0.000,-4.086,-4.312,5.940,0.000,0.000,0.000,1.071
16:10:43.488,34.697,-4.879,-6.409,True,0.000,0.000,-4.879,-6.409,8.055,0.000,0.000,0.000,1.070
16:10:43.508,34.717,-6.141,-8.688,True,0.000,0.000,-6.141,-8.688,10.639,0.000,0.000,0.000,1.113
16:10:43.528,34.737,-7.730,-7.526,True,0.000,0.000,-7.730,-7.526,10.788,0.000,0.000,0.000,0.644
16:10:43.549,34.758,-8.715,-8.259,True,0.000,0.000,-8.715,-8.259,12.006,0.000,0.000,0.000,0.922
16:10:43.569,34.778,-5.231,-3.928,True,0.000,0.000,-5.231,-3.928,6.542,0.000,0.000,0.000,0.824
16:10:43.589,34.799,-3.483,-1.749,True,0.000,0.000,-3.483,-1.749,3.898,0.000,0.000,0.000,1.115
16:10:43.610,34.819,-2.415,-0.441,True,0.000,0.000,-2.415,-0.441,2.455,0.000,0.000,0.000,1.328
16:10:43.630,34.839,-1.751,0.338,True,0.000,0.000,-1.751,0.338,1.783,0.000,0.000,0.000,0.769
16:10:43.651,34.860,-1.375,0.744,True,0.000,0.000,-1.375,0.744,1.563,0.000,0.000,0.000,0.880
16:10:43.672,34.881,-1.207,0.009,True,0.000,0.000,-1.207,0.009,1.207,0.000,0.000,0.000,1.101
16:10:43.691,34.901,-1.178,0.226,True,0.000,0.000,-1.178,0.226,1.200,0.000,0.000,0.000,0.705
16:10:43.712,34.922,-3.521,-3.201,True,0.000,0.000,-3.521,-3.201,4.759,0.000,0.000,0.000,1.110
16:10:43.732,34.942,-2.986,-2.215,True,0.000,0.000,-2.986,-2.215,3.718,0.000,0.000,0.000,0.827
16:10:43.754,34.963,-2.537,-1.392,True,0.000,0.000,-2.537,-1.392,2.894,0.000,0.000,0.000,1.131
16:10:43.774,34.983,-2.190,-0.759,True,0.000,0.000,-2.190,-0.759,2.318,0.000,0.000,0.000,1.074
16:10:43.794,35.003,-1.943,-0.309,True,0.000,0.000,-1.943,-0.309,1.967,0.000,0.000,0.000,0.718
16:10:43.814,35.023,-1.781,-0.017,True,0.000,0.000,-1.781,-0.017,1.781,0.000,0.000,0.000,0.581
16:10:43.835,35.044,-1.687,0.152,True,0.000,0.000,-1.687,0.152,1.694,0.000,0.000,0.000,0.959
16:10:43.855,35.064,-1.643,-0.650,True,0.000,0.000,-1.643,-0.650,1.767,0.000,0.000,0.000,0.997
16:10:43.876,35.085,-1.633,-0.391,True,0.000,0.000,-1.633,-0.391,1.679,0.000,0.000,0.000,0.986
16:10:43.896,35.105,-1.643,-1.077,True,0.000,0.000,-1.643,-1.077,1.964,0.000,0.000,0.000,0.949
16:10:43.917,35.126,-1.663,-0.702,True,0.000,0.000,-1.663,-0.702,1.805,0.000,0.000,0.000,1.143
16:10:43.937,35.146,-1.686,-0.405,True,0.000,0.000,-1.686,-0.405,1.735,0.000,0.000,0.000,0.883
16:10:43.957,35.166,-1.709,-3.704,True,0.000,0.000,-1.709,-3.704,4.079,0.000,0.000,0.000,1.113
16:10:43.977,35.186,-1.729,-3.472,True,0.000,0.000,-1.729,-3.472,3.879,0.000,0.000,0.000,0.677
16:10:43.998,35.207,-1.745,-1.412,True,0.000,0.000,-1.745,-1.412,2.244,0.000,0.000,0.000,1.033
16:10:44.019,35.228,-3.279,-5.104,True,0.000,0.000,-3.279,-5.104,6.066,0.000,0.000,0.000,0.766
16:10:44.040,35.249,-2.868,-3.414,True,0.000,0.000,-2.868,-3.414,4.459,0.000,0.000,0.000,0.869
16:10:44.060,35.269,-4.788,-5.563,True,0.000,0.000,-4.788,-5.563,7.339,0.000,0.000,0.000,1.041
16:10:44.080,35.290,-6.150,-7.092,True,0.000,0.000,-6.150,-7.092,9.387,0.000,0.000,0.000,0.725
16:10:44.101,35.310,-7.033,-8.089,True,0.000,0.000,-7.033,-8.089,10.719,0.000,0.000,0.000,0.842
16:10:44.122,35.331,-7.539,-8.663,True,0.000,0.000,-7.539,-8.663,11.484,0.000,0.000,0.000,1.069
16:10:44.142,35.351,-7.009,-8.929,True,0.000,0.000,-7.009,-8.929,11.352,0.000,0.000,0.000,0.597
16:10:44.163,35.372,-4.982,-5.473,True,0.000,0.000,-4.982,-5.473,7.401,0.000,0.000,0.000,1.063
16:10:44.183,35.392,-5.731,-6.374,True,0.000,0.000,-5.731,-6.374,8.571,0.000,0.000,0.000,1.018
16:10:44.203,35.412,-4.031,-2.702,True,0.000,0.000,-4.031,-2.702,4.853,0.000,0.000,0.000,0.602
16:10:44.224,35.433,-3.557,-1.809,True,0.000,0.000,-3.557,-1.809,3.991,0.000,0.000,0.000,1.062
16:10:44.244,35.453,-3.284,-3.965,True,0.000,0.000,-3.284,-3.965,5.149,0.000,0.000,0.000,0.486
16:10:44.265,35.474,-3.158,-3.052,True,0.000,0.000,-3.158,-3.052,4.392,0.000,0.000,0.000,1.060
16:10:44.285,35.494,-2.370,-1.533,True,0.000,0.000,-2.370,-1.533,2.822,0.000,0.000,0.000,0.663
16:10:44.306,35.515,-1.849,-0.487,True,0.000,0.000,-1.849,-0.487,1.913,0.000,0.000,0.000,1.103
16:10:44.326,35.535,-1.544,0.165,True,0.000,0.000,-1.544,0.165,1.552,0.000,0.000,0.000,0.947
16:10:44.346,35.555,-2.919,-2.999,True,0.000,0.000,-2.919,-2.999,4.184,0.000,0.000,0.000,1.101
16:10:44.366,35.576,-2.460,-2.773,True,0.000,0.000,-2.460,-2.773,3.707,0.000,0.000,0.000,0.535
16:10:44.387,35.596,-3.640,-6.073,True,0.000,0.000,-3.640,-6.073,7.081,0.000,0.000,0.000,0.545
16:10:44.410,35.619,-2.985,-4.045,True,0.000,0.000,-2.985,-4.045,5.027,0.000,0.000,0.000,0.917
16:10:44.430,35.639,-2.468,-1.532,True,0.000,0.000,-2.468,-1.532,2.905,0.000,0.000,0.000,0.725
16:10:44.451,35.660,-3.613,-4.074,True,0.000,0.000,-3.613,-4.074,5.445,0.000,0.000,0.000,1.079
16:10:44.471,35.680,-2.941,-3.367,True,0.000,0.000,-2.941,-3.367,4.471,0.000,0.000,0.000,1.068
16:10:44.491,35.700,-2.420,-2.807,True,0.000,0.000,-2.420,-2.807,3.706,0.000,0.000,0.000,0.500
16:10:44.513,35.722,-2.046,-1.519,True,0.000,0.000,-2.046,-1.519,2.548,0.000,0.000,0.000,0.671
16:10:44.534,35.743,-1.800,-1.484,True,0.000,0.000,-1.800,-1.484,2.333,0.000,0.000,0.000,1.100
16:10:44.555,35.764,-1.656,-4.167,True,0.000,0.000,-1.656,-4.167,4.484,0.000,0.000,0.000,1.116
16:10:44.575,35.785,-1.587,-1.772,True,0.000,0.000,-1.587,-1.772,2.379,0.000,0.000,0.000,1.191
16:10:44.596,35.805,-1.569,-0.836,True,0.000,0.000,-1.569,-0.836,1.778,0.000,0.000,0.000,1.102
16:10:44.616,35.825,-1.582,-1.084,True,0.000,0.000,-1.582,-1.084,1.918,0.000,0.000,0.000,0.819
16:10:44.637,35.846,-2.373,-1.338,True,0.000,0.000,-2.373,-1.338,2.724,0.000,0.000,0.000,1.108
16:10:44.657,35.866,-2.199,-1.565,True,0.000,0.000,-2.199,-1.565,2.699,0.000,0.000,0.000,0.934
16:10:44.678,35.887,-4.332,-4.388,True,0.000,0.000,-4.332,-4.388,6.166,0.000,0.000,0.000,1.211
16:10:44.698,35.907,-5.870,-5.561,True,0.000,0.000,-5.870,-5.561,8.086,0.000,0.000,0.000,1.082
16:10:44.718,35.927,-4.602,-3.658,True,0.000,0.000,-4.602,-3.658,5.879,0.000,0.000,0.000,0.850
16:10:44.739,35.948,-5.829,-5.656,True,0.000,0.000,-5.829,-5.656,8.122,0.000,0.000,0.000,1.053
16:10:44.759,35.968,-4.389,-3.574,True,0.000,0.000,-4.389,-3.574,5.660,0.000,0.000,0.000,0.613
16:10:44.780,35.989,-3.258,-2.845,True,0.000,0.000,-3.258,-2.845,4.325,0.000,0.000,0.000,1.114
16:10:44.800,36.009,-2.438,-1.455,True,0.000,0.000,-2.438,-1.455,2.840,0.000,0.000,0.000,0.558
16:10:44.821,36.030,-3.415,-4.886,True,0.000,0.000,-3.415,-4.886,5.961,0.000,0.000,0.000,0.962
16:10:44.842,36.051,-2.671,-3.073,True,0.000,0.000,-2.671,-3.073,4.072,0.000,0.000,0.000,0.963
16:10:44.862,36.072,-2.140,-0.799,True,0.000,0.000,-2.140,-0.799,2.285,0.000,0.000,0.000,1.116
16:10:44.883,36.092,-4.839,-0.926,True,0.000,0.000,-4.839,-0.926,4.927,0.000,0.000,0.000,0.617
16:10:44.904,36.113,-3.803,-1.130,True,0.000,0.000,-3.803,-1.130,3.967,0.000,0.000,0.000,1.046
16:10:44.924,36.133,-2.971,-0.475,True,0.000,0.000,-2.971,-0.475,3.009,0.000,0.000,0.000,0.823
16:10:44.945,36.154,-4.640,-4.441,True,0.000,0.000,-4.640,-4.441,6.422,0.000,0.000,0.000,1.071
16:10:44.965,36.174,-3.592,-6.500,True,0.000,0.000,-3.592,-6.500,7.426,0.000,0.000,0.000,1.060
16:10:44.985,36.194,-3.541,-4.352,True,0.000,0.000,-3.541,-4.352,5.610,0.000,0.000,0.000,0.626
16:10:45.005,36.215,-5.033,-6.129,True,0.000,0.000,-5.033,-6.129,7.931,0.000,0.000,0.000,0.939
16:10:45.027,36.236,-6.123,-8.260,True,0.000,0.000,-6.123,-8.260,10.282,0.000,0.000,0.000,1.610
16:10:45.047,36.256,-6.093,-8.822,True,0.000,0.000,-6.093,-8.822,10.721,0.000,0.000,0.000,1.045
16:10:45.067,36.276,-4.459,-5.547,True,0.000,0.000,-4.459,-5.547,7.117,0.000,0.000,0.000,0.878
16:10:45.088,36.297,-4.733,-6.541,True,0.000,0.000,-4.733,-6.541,8.074,0.000,0.000,0.000,1.023
16:10:45.108,36.317,-3.433,-3.783,True,0.000,0.000,-3.433,-3.783,5.108,0.000,0.000,0.000,1.033
16:10:45.129,36.338,-3.048,-3.102,True,0.000,0.000,-3.048,-3.102,4.349,0.000,0.000,0.000,1.140
16:10:45.149,36.358,-2.158,-2.206,True,0.000,0.000,-2.158,-2.206,3.086,0.000,0.000,0.000,1.025
16:10:45.169,36.378,-1.705,-4.707,True,0.000,0.000,-1.705,-4.707,5.007,0.000,0.000,0.000,1.132
16:10:45.189,36.398,-1.459,-2.633,True,0.000,0.000,-1.459,-2.633,3.010,0.000,0.000,0.000,0.528
16:10:45.209,36.419,-3.656,-4.767,True,0.000,0.000,-3.656,-4.767,6.007,0.000,0.000,0.000,0.704
16:10:45.231,36.440,-3.928,-4.985,True,0.000,0.000,-3.928,-4.985,6.347,0.000,0.000,0.000,1.077
16:10:45.251,36.460,-2.829,-2.273,True,0.000,0.000,-2.829,-2.273,3.629,0.000,0.000,0.000,0.594
16:10:45.272,36.481,-2.277,-0.906,True,0.000,0.000,-2.277,-0.906,2.451,0.000,0.000,0.000,1.032
16:10:45.293,36.502,-1.941,-0.097,True,0.000,0.000,-1.941,-0.097,1.944,0.000,0.000,0.000,1.220
16:10:45.313,36.522,-1.735,0.368,True,0.000,0.000,-1.735,0.368,1.774,0.000,0.000,0.000,0.707
16:10:45.333,36.542,-2.385,0.592,True,0.000,0.000,-2.385,0.592,2.457,0.000,0.000,0.000,1.075
16:10:45.353,36.563,-2.126,-0.231,True,0.000,0.000,-2.126,-0.231,2.139,0.000,0.000,0.000,0.899
16:10:45.374,36.583,-2.699,-1.795,True,0.000,0.000,-2.699,-1.795,3.242,0.000,0.000,0.000,0.850
16:10:45.394,36.603,-3.124,-2.956,True,0.000,0.000,-3.124,-2.956,4.301,0.000,0.000,0.000,0.656
16:10:45.414,36.623,-2.651,-1.987,True,0.000,0.000,-2.651,-1.987,3.313,0.000,0.000,0.000,0.533
16:10:45.435,36.644,-2.277,-1.201,True,0.000,0.000,-2.277,-1.201,2.575,0.000,0.000,0.000,0.827
16:10:45.455,36.664,-2.004,-1.492,True,0.000,0.000,-2.004,-1.492,2.498,0.000,0.000,0.000,0.853
16:10:45.475,36.685,-2.582,-1.722,True,0.000,0.000,-2.582,-1.722,3.104,0.000,0.000,0.000,1.102
16:10:45.496,36.705,-3.785,-5.406,True,0.000,0.000,-3.785,-5.406,6.600,0.000,0.000,0.000,1.168
16:10:45.516,36.725,-3.126,-3.675,True,0.000,0.000,-3.126,-3.675,4.824,0.000,0.000,0.000,0.915
16:10:45.538,36.747,-4.112,-5.770,True,0.000,0.000,-4.112,-5.770,7.085,0.000,0.000,0.000,1.050
16:10:45.558,36.767,-4.814,-8.123,True,0.000,0.000,-4.814,-8.123,9.442,0.000,0.000,0.000,0.896
16:10:45.579,36.788,-3.748,-4.434,True,0.000,0.000,-3.748,-4.434,5.806,0.000,0.000,0.000,0.962
16:10:45.599,36.808,-5.190,-5.962,True,0.000,0.000,-5.190,-5.962,7.905,0.000,0.000,0.000,0.712
16:10:45.620,36.829,-3.949,-7.091,True,0.000,0.000,-3.949,-7.091,8.117,0.000,0.000,0.000,0.920
16:10:45.641,36.850,-5.268,-7.860,True,0.000,0.000,-5.268,-7.860,9.462,0.000,0.000,0.000,1.033
16:10:45.662,36.871,-6.231,-7.453,True,0.000,0.000,-6.231,-7.453,9.714,0.000,0.000,0.000,1.217
16:10:45.682,36.891,-4.594,-4.426,True,0.000,0.000,-4.594,-4.426,6.379,0.000,0.000,0.000,1.531
16:10:45.702,36.911,-4.850,-5.695,True,0.000,0.000,-4.850,-5.695,7.480,0.000,0.000,0.000,1.077
16:10:45.722,36.931,-3.526,-2.314,True,0.000,0.000,-3.526,-2.314,4.217,0.000,0.000,0.000,0.998
16:10:45.742,36.951,-4.848,-4.269,True,0.000,0.000,-4.848,-4.269,6.459,0.000,0.000,0.000,1.049
16:10:45.762,36.971,-3.579,-3.205,True,0.000,0.000,-3.579,-3.205,4.804,0.000,0.000,0.000,0.670
16:10:45.783,36.992,-2.642,-1.582,True,0.000,0.000,-2.642,-1.582,3.079,0.000,0.000,0.000,0.959
16:10:45.803,37.012,-2.766,-0.472,True,0.000,0.000,-2.766,-0.472,2.806,0.000,0.000,0.000,1.142
16:10:45.824,37.033,-2.166,1.095,True,0.000,0.000,-2.166,1.095,2.427,0.000,0.000,0.000,1.121
16:10:45.844,37.053,-3.300,-2.296,True,0.000,0.000,-3.300,-2.296,4.021,0.000,0.000,0.000,0.657
16:10:45.864,37.074,-2.660,-1.405,True,0.000,0.000,-2.660,-1.405,3.008,0.000,0.000,0.000,1.220
16:10:45.885,37.094,-4.473,-4.247,True,0.000,0.000,-4.473,-4.247,6.168,0.000,0.000,0.000,1.110
16:10:45.905,37.114,-3.528,-3.690,True,0.000,0.000,-3.528,-3.690,5.105,0.000,0.000,0.000,1.100
16:10:45.925,37.135,-5.827,-4.056,True,0.000,0.000,-5.827,-4.056,7.100,0.000,0.000,0.000,0.978
16:10:45.947,37.156,-4.445,-3.388,True,0.000,0.000,-4.445,-3.388,5.589,0.000,0.000,0.000,0.954
16:10:45.967,37.176,-5.625,-5.485,True,0.000,0.000,-5.625,-5.485,7.857,0.000,0.000,0.000,0.859
16:10:45.988,37.197,-4.183,-3.479,True,0.000,0.000,-4.183,-3.479,5.441,0.000,0.000,0.000,1.191
16:10:46.008,37.217,-5.360,-3.682,True,0.000,0.000,-5.360,-3.682,6.503,0.000,0.000,0.000,1.113
16:10:46.028,37.237,-3.948,-2.087,True,0.000,0.000,-3.948,-2.087,4.466,0.000,0.000,0.000,0.995
16:10:46.048,37.257,-5.169,-5.327,True,0.000,0.000,-5.169,-5.327,7.423,0.000,0.000,0.000,1.019
16:10:46.069,37.278,-5.351,-5.893,True,0.000,0.000,-5.351,-5.893,7.960,0.000,0.000,0.000,0.919
16:10:46.089,37.298,-6.394,-7.414,True,0.000,0.000,-6.394,-7.414,9.790,0.000,0.000,0.000,0.833
16:10:46.109,37.318,-6.068,-9.175,True,0.000,0.000,-6.068,-9.175,11.000,0.000,0.000,0.000,0.893
16:10:46.129,37.338,-4.254,-6.543,True,0.000,0.000,-4.254,-6.543,7.804,0.000,0.000,0.000,1.059
16:10:46.153,37.362,-2.996,-5.521,True,0.000,0.000,-2.996,-5.521,6.282,0.000,0.000,0.000,1.016
16:10:46.173,37.383,-2.145,-3.022,True,0.000,0.000,-2.145,-3.022,3.706,0.000,0.000,0.000,1.113
16:10:46.193,37.403,-1.616,-2.125,True,0.000,0.000,-1.616,-2.125,2.670,0.000,0.000,0.000,0.677
16:10:46.214,37.423,-3.621,-4.245,True,0.000,0.000,-3.621,-4.245,5.579,0.000,0.000,0.000,1.052
16:10:46.235,37.444,-2.883,-2.394,True,0.000,0.000,-2.883,-2.394,3.748,0.000,0.000,0.000,1.098
16:10:46.255,37.464,-3.094,-4.580,True,0.000,0.000,-3.094,-4.580,5.527,0.000,0.000,0.000,0.939
16:10:46.275,37.484,-2.503,-3.606,True,0.000,0.000,-2.503,-3.606,4.390,0.000,0.000,0.000,0.655
16:10:46.296,37.505,-4.366,-6.386,True,0.000,0.000,-4.366,-6.386,7.736,0.000,0.000,0.000,1.127
16:10:46.316,37.525,-3.460,-4.020,True,0.000,0.000,-3.460,-4.020,5.304,0.000,0.000,0.000,0.582
16:10:46.337,37.546,-2.743,-2.199,True,0.000,0.000,-2.743,-2.199,3.516,0.000,0.000,0.000,1.016
16:10:46.357,37.566,-2.982,-0.902,True,0.000,0.000,-2.982,-0.902,3.115,0.000,0.000,0.000,0.546
16:10:46.377,37.587,-3.182,-0.057,True,0.000,0.000,-3.182,-0.057,3.183,0.000,0.000,0.000,0.921
16:10:46.398,37.607,-2.577,-0.449,True,0.000,0.000,-2.577,-0.449,2.615,0.000,0.000,0.000,0.999
16:10:46.418,37.627,-3.658,-3.497,True,0.000,0.000,-3.658,-3.497,5.061,0.000,0.000,0.000,0.530
16:10:46.438,37.647,-4.468,-5.783,True,0.000,0.000,-4.468,-5.783,7.308,0.000,0.000,0.000,0.552
16:10:46.459,37.668,-5.789,-7.365,True,0.000,0.000,-5.789,-7.365,9.368,0.000,0.000,0.000,0.890
16:10:46.479,37.688,-5.168,-4.843,True,0.000,0.000,-5.168,-4.843,7.083,0.000,0.000,0.000,0.863
16:10:46.500,37.709,-3.860,-2.834,True,0.000,0.000,-3.860,-2.834,4.788,0.000,0.000,0.000,0.897
16:10:46.520,37.729,-4.390,-5.749,True,0.000,0.000,-4.390,-5.749,7.233,0.000,0.000,0.000,1.077
16:10:46.541,37.750,-6.322,-5.298,True,0.000,0.000,-6.322,-5.298,8.248,0.000,0.000,0.000,1.108
16:10:46.561,37.770,-4.673,-3.139,True,0.000,0.000,-4.673,-3.139,5.629,0.000,0.000,0.000,1.113
16:10:46.582,37.791,-3.390,-1.538,True,0.000,0.000,-3.390,-1.538,3.722,0.000,0.000,0.000,1.197
16:10:46.602,37.811,-2.467,-0.445,True,0.000,0.000,-2.467,-0.445,2.507,0.000,0.000,0.000,1.073
16:10:46.622,37.832,-1.859,1.108,True,0.000,0.000,-1.859,1.108,2.165,0.000,0.000,0.000,1.042
16:10:46.642,37.852,-1.503,1.224,True,0.000,0.000,-1.503,1.224,1.938,0.000,0.000,0.000,0.600
16:10:46.663,37.872,-4.376,-0.614,True,0.000,0.000,-4.376,-0.614,4.419,0.000,0.000,0.000,1.150
16:10:46.684,37.893,-4.255,-3.828,True,0.000,0.000,-4.255,-3.828,5.723,0.000,0.000,0.000,1.010
16:10:46.704,37.913,-4.862,-6.169,True,0.000,0.000,-4.862,-6.169,7.854,0.000,0.000,0.000,0.958
16:10:46.723,37.933,-3.736,-4.221,True,0.000,0.000,-3.736,-4.221,5.637,0.000,0.000,0.000,0.581
16:10:46.744,37.953,-2.862,-3.491,True,0.000,0.000,-2.862,-3.491,4.514,0.000,0.000,0.000,0.601
16:10:46.765,37.974,-2.234,-2.024,True,0.000,0.000,-2.234,-2.024,3.015,0.000,0.000,0.000,0.860
16:10:46.785,37.994,-1.822,-0.950,True,0.000,0.000,-1.822,-0.950,2.055,0.000,0.000,0.000,0.960
16:10:46.805,38.015,-1.581,-0.226,True,0.000,0.000,-1.581,-0.226,1.597,0.000,0.000,0.000,1.091
16:10:46.826,38.035,-1.465,0.212,True,0.000,0.000,-1.465,0.212,1.481,0.000,0.000,0.000,0.734
16:10:46.846,38.055,-1.435,-3.958,True,0.000,0.000,-1.435,-3.958,4.210,0.000,0.000,0.000,0.690
16:10:46.867,38.076,-1.458,-3.554,True,0.000,0.000,-1.458,-3.554,3.841,0.000,0.000,0.000,0.681
16:10:46.888,38.097,-1.507,-2.266,True,0.000,0.000,-1.507,-2.266,2.721,0.000,0.000,0.000,1.067
16:10:46.908,38.117,-1.566,-2.143,True,0.000,0.000,-1.566,-2.143,2.654,0.000,0.000,0.000,0.887
16:10:46.928,38.138,-2.384,-3.818,True,0.000,0.000,-2.384,-3.818,4.502,0.000,0.000,0.000,1.035
16:10:46.949,38.158,-2.224,-2.407,True,0.000,0.000,-2.224,-2.407,3.278,0.000,0.000,0.000,1.114
16:10:46.972,38.181,-2.841,-2.198,True,0.000,0.000,-2.841,-2.198,3.592,0.000,0.000,0.000,0.925
16:10:46.993,38.202,-2.512,-1.181,True,0.000,0.000,-2.512,-1.181,2.776,0.000,0.000,0.000,1.182
16:10:47.012,38.221,-2.236,0.416,True,0.000,0.000,-2.236,0.416,2.275,0.000,0.000,0.000,0.582
16:10:47.033,38.242,-2.785,0.639,True,0.000,0.000,-2.785,0.639,2.857,0.000,0.000,0.000,0.626
16:10:47.054,38.263,-2.424,1.568,True,0.000,0.000,-2.424,1.568,2.887,0.000,0.000,0.000,1.163
16:10:47.074,38.283,-2.141,1.274,True,0.000,0.000,-2.141,1.274,2.491,0.000,0.000,0.000,0.844
16:10:47.094,38.303,-1.935,0.955,True,0.000,0.000,-1.935,0.955,2.158,0.000,0.000,0.000,0.595
16:10:47.115,38.324,-1.798,0.661,True,0.000,0.000,-1.798,0.661,1.916,0.000,0.000,0.000,1.156
16:10:47.135,38.344,-1.717,0.415,True,0.000,0.000,-1.717,0.415,1.766,0.000,0.000,0.000,0.984
16:10:47.155,38.365,-3.198,-3.290,True,0.000,0.000,-3.198,-3.290,4.588,0.000,0.000,0.000,0.768
16:10:47.176,38.385,-4.290,-5.974,True,0.000,0.000,-4.290,-5.974,7.355,0.000,0.000,0.000,0.759
16:10:47.196,38.405,-5.792,-6.002,True,0.000,0.000,-5.792,-6.002,8.341,0.000,0.000,0.000,0.591
16:10:47.217,38.426,-4.514,-4.032,True,0.000,0.000,-4.514,-4.032,6.052,0.000,0.000,0.000,1.224
16:10:47.237,38.446,-4.222,-5.069,True,0.000,0.000,-4.222,-5.069,6.597,0.000,0.000,0.000,1.011
16:10:47.257,38.466,-3.212,-3.147,True,0.000,0.000,-3.212,-3.147,4.497,0.000,0.000,0.000,0.825
16:10:47.278,38.487,-2.466,-0.801,True,0.000,0.000,-2.466,-0.801,2.593,0.000,0.000,0.000,0.610
16:10:47.299,38.508,-1.959,-0.888,True,0.000,0.000,-1.959,-0.888,2.151,0.000,0.000,0.000,1.135
16:10:47.319,38.528,-2.409,-0.195,True,0.000,0.000,-2.409,-0.195,2.417,0.000,0.000,0.000,0.991
16:10:47.339,38.549,-2.037,-0.656,True,0.000,0.000,-2.037,-0.656,2.140,0.000,0.000,0.000,0.933
16:10:47.360,38.569,-1.793,-1.083,True,0.000,0.000,-1.793,-1.083,2.094,0.000,0.000,0.000,1.156
16:10:47.382,38.591,-1.651,-0.560,True,0.000,0.000,-1.651,-0.560,1.743,0.000,0.000,0.000,0.779
16:10:47.402,38.612,-2.345,-1.075,True,0.000,0.000,-2.345,-1.075,2.580,0.000,0.000,0.000,1.063
16:10:47.423,38.632,-3.642,-4.998,True,0.000,0.000,-3.642,-4.998,6.184,0.000,0.000,0.000,1.122
16:10:47.443,38.652,-3.054,-6.967,True,0.000,0.000,-3.054,-6.967,7.606,0.000,0.000,0.000,0.522
16:10:47.464,38.673,-2.566,-4.712,True,0.000,0.000,-2.566,-4.712,5.365,0.000,0.000,0.000,1.146
16:10:47.484,38.693,-2.955,-2.870,True,0.000,0.000,-2.955,-2.870,4.120,0.000,0.000,0.000,0.889
16:10:47.504,38.713,-2.484,-1.482,True,0.000,0.000,-2.484,-1.482,2.892,0.000,0.000,0.000,1.008
16:10:47.524,38.733,-2.130,0.362,True,0.000,0.000,-2.130,0.362,2.161,0.000,0.000,0.000,0.587
16:10:47.544,38.753,-1.886,0.731,True,0.000,0.000,-1.886,0.731,2.023,0.000,0.000,0.000,0.632
16:10:47.565,38.774,-1.733,0.855,True,0.000,0.000,-1.733,0.855,1.932,0.000,0.000,0.000,1.017
16:10:47.586,38.795,-1.649,0.823,True,0.000,0.000,-1.649,0.823,1.843,0.000,0.000,0.000,0.940
16:10:47.607,38.816,-2.377,0.708,True,0.000,0.000,-2.377,0.708,2.480,0.000,0.000,0.000,0.950
16:10:47.628,38.837,-2.167,0.558,True,0.000,0.000,-2.167,0.558,2.238,0.000,0.000,0.000,1.187
16:10:47.648,38.857,-2.000,-0.472,True,0.000,0.000,-2.000,-0.472,2.055,0.000,0.000,0.000,1.021
16:10:47.668,38.877,-1.877,-0.365,True,0.000,0.000,-1.877,-0.365,1.912,0.000,0.000,0.000,0.830
16:10:47.689,38.898,-1.794,-1.140,True,0.000,0.000,-1.794,-1.140,2.125,0.000,0.000,0.000,1.119
16:10:47.709,38.918,-4.027,-5.203,True,0.000,0.000,-4.027,-5.203,6.579,0.000,0.000,0.000,0.620
16:10:47.730,38.939,-3.374,-3.711,True,0.000,0.000,-3.374,-3.711,5.016,0.000,0.000,0.000,0.943
16:10:47.750,38.960,-2.811,-3.302,True,0.000,0.000,-2.811,-3.302,4.336,0.000,0.000,0.000,0.721
16:10:47.771,38.980,-3.129,-4.676,True,0.000,0.000,-3.129,-4.676,5.627,0.000,0.000,0.000,1.171
16:10:47.791,39.000,-2.596,-2.993,True,0.000,0.000,-2.596,-2.993,3.961,0.000,0.000,0.000,1.161
16:10:47.811,39.020,-2.519,-2.953,False,0.000,0.000,-2.519,-2.953,3.881,0.000,0.000,0.000,0.477
16:10:47.832,39.041,-4.050,-5.865,True,0.000,0.000,-4.050,-5.865,7.127,0.000,0.000,0.000,1.004
16:10:47.852,39.061,-3.112,-4.373,True,0.000,0.000,-3.112,-4.373,5.367,0.000,0.000,0.000,0.662
16:10:47.872,39.081,-2.512,-2.491,True,0.000,0.000,-2.512,-2.491,3.538,0.000,0.000,0.000,0.918
16:10:47.893,39.102,-2.873,-1.195,True,0.000,0.000,-2.873,-1.195,3.111,0.000,0.000,0.000,0.787
16:10:47.913,39.123,-2.388,-0.326,True,0.000,0.000,-2.388,-0.326,2.411,0.000,0.000,0.000,1.006
16:10:47.933,39.142,-2.040,0.206,True,0.000,0.000,-2.040,0.206,2.050,0.000,0.000,0.000,0.545
16:10:47.954,39.163,-1.809,-0.396,True,0.000,0.000,-1.809,-0.396,1.852,0.000,0.000,0.000,1.113
16:10:47.975,39.184,-3.961,-0.935,True,0.000,0.000,-3.961,-0.935,4.070,0.000,0.000,0.000,0.976
16:10:47.995,39.204,-5.554,-4.014,True,0.000,0.000,-5.554,-4.014,6.853,0.000,0.000,0.000,1.047
16:10:48.016,39.225,-4.350,-2.735,True,0.000,0.000,-4.350,-2.735,5.139,0.000,0.000,0.000,0.995
16:10:48.037,39.246,-4.884,-5.203,True,0.000,0.000,-4.884,-5.203,7.136,0.000,0.000,0.000,0.933
16:10:48.057,39.266,-3.713,-6.955,True,0.000,0.000,-3.713,-6.955,7.884,0.000,0.000,0.000,0.816
16:10:48.077,39.286,-3.578,-7.215,True,0.000,0.000,-3.578,-7.215,8.053,0.000,0.000,0.000,0.633
16:10:48.099,39.308,-2.734,-4.596,True,0.000,0.000,-2.734,-4.596,5.347,0.000,0.000,0.000,1.082
16:10:48.118,39.327,-5.185,-5.197,True,0.000,0.000,-5.185,-5.197,7.341,0.000,0.000,0.000,0.515
16:10:48.139,39.348,-5.488,-6.527,True,0.000,0.000,-5.488,-6.527,8.528,0.000,0.000,0.000,1.104
16:10:48.159,39.368,-4.116,-3.961,True,0.000,0.000,-4.116,-3.961,5.712,0.000,0.000,0.000,0.770
16:10:48.180,39.389,-3.056,-2.032,True,0.000,0.000,-3.056,-2.032,3.670,0.000,0.000,0.000,1.082
16:10:48.200,39.409,-2.300,-1.572,True,0.000,0.000,-2.300,-1.572,2.786,0.000,0.000,0.000,0.797
16:10:48.220,39.430,-2.568,-4.002,True,0.000,0.000,-2.568,-4.002,4.756,0.000,0.000,0.000,1.006
16:10:48.241,39.450,-2.074,-2.362,True,0.000,0.000,-2.074,-2.362,3.143,0.000,0.000,0.000,1.069
16:10:48.261,39.470,-1.756,-1.149,True,0.000,0.000,-1.756,-1.149,2.098,0.000,0.000,0.000,0.613
16:10:48.282,39.491,-1.576,-0.322,True,0.000,0.000,-1.576,-0.322,1.609,0.000,0.000,0.000,0.646
16:10:48.302,39.512,-3.780,-3.329,True,0.000,0.000,-3.780,-3.329,5.037,0.000,0.000,0.000,0.792
16:10:48.323,39.532,-5.424,-5.612,True,0.000,0.000,-5.424,-5.612,7.805,0.000,0.000,0.000,1.048
16:10:48.344,39.553,-4.269,-3.697,True,0.000,0.000,-4.269,-3.697,5.647,0.000,0.000,0.000,1.074
16:10:48.364,39.573,-3.315,-1.290,True,0.000,0.000,-3.315,-1.290,3.557,0.000,0.000,0.000,1.056
16:10:48.384,39.594,-2.589,-0.405,True,0.000,0.000,-2.589,-0.405,2.620,0.000,0.000,0.000,1.009
16:10:48.405,39.614,-2.078,-0.732,True,0.000,0.000,-2.078,-0.732,2.203,0.000,0.000,0.000,1.189
16:10:48.425,39.634,-1.750,-3.710,True,0.000,0.000,-1.750,-3.710,4.102,0.000,0.000,0.000,1.099
16:10:48.445,39.655,-1.566,-3.294,True,0.000,0.000,-1.566,-3.294,3.648,0.000,0.000,0.000,1.041
16:10:48.466,39.675,-1.485,-2.909,True,0.000,0.000,-1.485,-2.909,3.266,0.000,0.000,0.000,0.692
16:10:48.486,39.695,-1.472,-1.708,True,0.000,0.000,-1.472,-1.708,2.254,0.000,0.000,0.000,0.515
16:10:48.507,39.716,-1.499,-0.822,True,0.000,0.000,-1.499,-0.822,1.710,0.000,0.000,0.000,0.877
16:10:48.527,39.736,-1.547,-0.220,True,0.000,0.000,-1.547,-0.220,1.562,0.000,0.000,0.000,0.697
16:10:48.548,39.758,-3.122,-3.367,True,0.000,0.000,-3.122,-3.367,4.592,0.000,0.000,0.000,1.095
16:10:48.569,39.778,-2.754,-2.210,True,0.000,0.000,-2.754,-2.210,3.531,0.000,0.000,0.000,1.070
16:10:48.589,39.798,-3.950,-4.805,True,0.000,0.000,-3.950,-4.805,6.220,0.000,0.000,0.000,1.125
16:10:48.609,39.818,-3.267,-3.163,True,0.000,0.000,-3.267,-3.163,4.547,0.000,0.000,0.000,0.683
16:10:48.630,39.839,-3.462,-6.248,True,0.000,0.000,-3.462,-6.248,7.143,0.000,0.000,0.000,1.202
16:10:48.650,39.859,-5.104,-7.592,True,0.000,0.000,-5.104,-7.592,9.148,0.000,0.000,0.000,0.830
16:10:48.670,39.880,-6.270,-7.544,True,0.000,0.000,-6.270,-7.544,9.810,0.000,0.000,0.000,1.028
16:10:48.691,39.900,-6.267,-8.227,True,0.000,0.000,-6.267,-8.227,10.342,0.000,0.000,0.000,1.150
16:10:48.711,39.921,-4.627,-5.090,True,0.000,0.000,-4.627,-5.090,6.879,0.000,0.000,0.000,1.200
16:10:48.732,39.941,-3.355,-2.703,True,0.000,0.000,-3.355,-2.703,4.308,0.000,0.000,0.000,0.998
16:10:48.753,39.962,-3.965,-4.539,True,0.000,0.000,-3.965,-4.539,6.027,0.000,0.000,0.000,1.073
16:10:48.773,39.982,-2.948,-2.497,True,0.000,0.000,-2.948,-2.497,3.863,0.000,0.000,0.000,1.027
16:10:48.793,40.002,-2.229,-1.039,True,0.000,0.000,-2.229,-1.039,2.459,0.000,0.000,0.000,0.609
16:10:48.813,40.022,-4.049,-3.602,True,0.000,0.000,-4.049,-3.602,5.419,0.000,0.000,0.000,0.539
16:10:48.834,40.043,-3.158,-2.964,True,0.000,0.000,-3.158,-2.964,4.331,0.000,0.000,0.000,1.003
16:10:48.855,40.064,-2.486,-1.612,True,0.000,0.000,-2.486,-1.612,2.963,0.000,0.000,0.000,1.109
16:10:48.875,40.084,-2.018,-0.651,True,0.000,0.000,-2.018,-0.651,2.121,0.000,0.000,0.000,1.028
16:10:48.895,40.104,-1.722,-0.028,True,0.000,0.000,-1.722,-0.028,1.722,0.000,0.000,0.000,1.145
16:10:48.916,40.125,-2.320,-3.185,True,0.000,0.000,-2.320,-3.185,3.941,0.000,0.000,0.000,0.844
16:10:48.936,40.145,-2.043,-2.055,True,0.000,0.000,-2.043,-2.055,2.898,0.000,0.000,0.000,0.897
16:10:48.957,40.166,-1.852,-1.169,True,0.000,0.000,-1.852,-1.169,2.190,0.000,0.000,0.000,0.944
16:10:48.976,40.185,-1.734,0.353,True,0.000,0.000,-1.734,0.353,1.769,0.000,0.000,0.000,0.601
16:10:48.997,40.206,-1.670,0.540,True,0.000,0.000,-1.670,0.540,1.755,0.000,0.000,0.000,1.165
16:10:49.018,40.227,-1.645,0.582,True,0.000,0.000,-1.645,0.582,1.745,0.000,0.000,0.000,1.025
16:10:49.038,40.247,-1.645,0.537,True,0.000,0.000,-1.645,0.537,1.731,0.000,0.000,0.000,0.884
16:10:49.058,40.268,-1.660,0.448,True,0.000,0.000,-1.660,0.448,1.719,0.000,0.000,0.000,1.159
16:10:49.079,40.288,-1.680,0.344,True,0.000,0.000,-1.680,0.344,1.715,0.000,0.000,0.000,1.015
16:10:49.099,40.308,-3.225,-4.151,True,0.000,0.000,-3.225,-4.151,5.256,0.000,0.000,0.000,0.590
16:10:49.120,40.329,-2.827,-3.908,True,0.000,0.000,-2.827,-3.908,4.824,0.000,0.000,0.000,1.186
16:10:49.140,40.349,-3.997,-6.185,True,0.000,0.000,-3.997,-6.185,7.365,0.000,0.000,0.000,1.115
16:10:49.160,40.369,-3.295,-4.199,True,0.000,0.000,-3.295,-4.199,5.337,0.000,0.000,0.000,0.981
16:10:49.180,40.389,-2.713,-2.570,True,0.000,0.000,-2.713,-2.570,3.738,0.000,0.000,0.000,0.600
16:10:49.201,40.410,-3.032,-4.855,True,0.000,0.000,-3.032,-4.855,5.724,0.000,0.000,0.000,1.112
16:10:49.222,40.431,-2.511,-3.030,True,0.000,0.000,-2.511,-3.030,3.935,0.000,0.000,0.000,0.836
16:10:49.243,40.452,-4.410,-5.148,True,0.000,0.000,-4.410,-5.148,6.779,0.000,0.000,0.000,0.540
16:10:49.264,40.473,-3.521,-4.073,True,0.000,0.000,-3.521,-4.073,5.384,0.000,0.000,0.000,1.039
16:10:49.284,40.493,-2.807,-2.341,True,0.000,0.000,-2.807,-2.341,3.655,0.000,0.000,0.000,1.097
16:10:49.304,40.513,-2.278,-1.078,True,0.000,0.000,-2.278,-1.078,2.520,0.000,0.000,0.000,0.869
16:10:49.325,40.534,-1.916,-1.111,True,0.000,0.000,-1.916,-1.111,2.214,0.000,0.000,0.000,0.620
16:10:49.345,40.554,-2.453,-3.876,True,0.000,0.000,-2.453,-3.876,4.587,0.000,0.000,0.000,1.169
16:10:49.365,40.575,-2.126,-2.441,True,0.000,0.000,-2.126,-2.441,3.237,0.000,0.000,0.000,1.126
16:10:49.386,40.595,-1.897,-2.214,True,0.000,0.000,-1.897,-2.214,2.915,0.000,0.000,0.000,1.112
16:10:49.405,40.615,-2.512,-1.185,True,0.000,0.000,-2.512,-1.185,2.778,0.000,0.000,0.000,0.823
16:10:49.425,40.635,-3.745,-3.975,True,0.000,0.000,-3.745,-3.975,5.461,0.000,0.000,0.000,0.701
16:10:49.447,40.656,-3.107,-3.421,True,0.000,0.000,-3.107,-3.421,4.621,0.000,0.000,0.000,1.084
16:10:49.467,40.676,-2.586,-1.184,True,0.000,0.000,-2.586,-1.184,2.844,0.000,0.000,0.000,0.799
16:10:49.487,40.696,-2.191,-0.408,True,0.000,0.000,-2.191,-0.408,2.229,0.000,0.000,0.000,0.622
16:10:49.508,40.717,-1.917,0.961,True,0.000,0.000,-1.917,0.961,2.144,0.000,0.000,0.000,1.030
16:10:49.528,40.738,-1.743,0.988,True,0.000,0.000,-1.743,0.988,2.003,0.000,0.000,0.000,1.016
16:10:49.549,40.758,-1.646,0.887,True,0.000,0.000,-1.646,0.887,1.870,0.000,0.000,0.000,1.073
16:10:49.569,40.778,-1.606,-0.155,True,0.000,0.000,-1.606,-0.155,1.613,0.000,0.000,0.000,0.749
16:10:49.590,40.799,-3.886,-4.487,True,0.000,0.000,-3.886,-4.487,5.935,0.000,0.000,0.000,1.060
16:10:49.610,40.819,-3.276,-4.112,True,0.000,0.000,-3.276,-4.112,5.257,0.000,0.000,0.000,0.870
16:10:49.633,40.842,-3.511,-3.653,True,0.000,0.000,-3.511,-3.653,5.067,0.000,0.000,0.000,0.985
16:10:49.653,40.862,-2.886,-2.321,True,0.000,0.000,-2.886,-2.321,3.704,0.000,0.000,0.000,0.952
16:10:49.673,40.882,-2.397,-4.804,True,0.000,0.000,-2.397,-4.804,5.369,0.000,0.000,0.000,0.625
16:10:49.694,40.903,-2.806,-5.735,True,0.000,0.000,-2.806,-5.735,6.384,0.000,0.000,0.000,0.626
16:10:49.714,40.923,-4.647,-7.188,True,0.000,0.000,-4.647,-7.188,8.560,0.000,0.000,0.000,0.957
16:10:49.735,40.944,-3.697,-5.493,True,0.000,0.000,-3.697,-5.493,6.621,0.000,0.000,0.000,1.134
16:10:49.756,40.965,-2.928,-3.240,True,0.000,0.000,-2.928,-3.240,4.367,0.000,0.000,0.000,1.036
16:10:49.776,40.985,-4.636,-5.089,True,0.000,0.000,-4.636,-5.089,6.884,0.000,0.000,0.000,1.033
16:10:49.797,41.006,-5.896,-7.384,True,0.000,0.000,-5.896,-7.384,9.449,0.000,0.000,0.000,1.172
16:10:49.817,41.026,-4.467,-4.628,True,0.000,0.000,-4.467,-4.628,6.432,0.000,0.000,0.000,1.259
16:10:49.837,41.046,-3.334,-1.632,True,0.000,0.000,-3.334,-1.632,3.712,0.000,0.000,0.000,0.492
16:10:49.857,41.066,-2.503,-0.372,True,0.000,0.000,-2.503,-0.372,2.530,0.000,0.000,0.000,0.550
16:10:49.878,41.087,-3.466,-4.005,True,0.000,0.000,-3.466,-4.005,5.296,0.000,0.000,0.000,0.650
16:10:49.898,41.107,-2.708,-3.290,True,0.000,0.000,-2.708,-3.290,4.261,0.000,0.000,0.000,1.002
16:10:49.918,41.127,-2.165,-0.977,True,0.000,0.000,-2.165,-0.977,2.375,0.000,0.000,0.000,0.669
16:10:49.939,41.148,-4.093,-4.577,True,0.000,0.000,-4.093,-4.577,6.140,0.000,0.000,0.000,1.105
16:10:49.959,41.168,-4.019,-3.776,True,0.000,0.000,-4.019,-3.776,5.515,0.000,0.000,0.000,0.681
16:10:49.980,41.189,-5.442,-5.750,True,0.000,0.000,-5.442,-5.750,7.917,0.000,0.000,0.000,1.163
16:10:50.000,41.210,-5.683,-8.037,True,0.000,0.000,-5.683,-8.037,9.843,0.000,0.000,0.000,1.068
16:10:50.021,41.230,-4.251,-4.321,True,0.000,0.000,-4.251,-4.321,6.062,0.000,0.000,0.000,1.042
16:10:50.041,41.250,-6.187,-4.089,True,0.000,0.000,-6.187,-4.089,7.416,0.000,0.000,0.000,0.645
16:10:50.062,41.271,-6.079,-5.713,True,0.000,0.000,-6.079,-5.713,8.343,0.000,0.000,0.000,0.950
16:10:50.082,41.291,-4.403,-3.411,True,0.000,0.000,-4.403,-3.411,5.570,0.000,0.000,0.000,1.030
16:10:50.102,41.311,-3.136,-1.697,True,0.000,0.000,-3.136,-1.697,3.566,0.000,0.000,0.000,1.030
16:10:50.123,41.333,-3.775,-4.036,True,0.000,0.000,-3.775,-4.036,5.527,0.000,0.000,0.000,1.081
16:10:50.143,41.352,-5.081,-5.855,True,0.000,0.000,-5.081,-5.855,7.753,0.000,0.000,0.000,0.708
16:10:50.164,41.373,-3.775,-3.647,True,0.000,0.000,-3.775,-3.647,5.249,0.000,0.000,0.000,0.728
16:10:50.185,41.394,-2.794,-1.959,True,0.000,0.000,-2.794,-1.959,3.412,0.000,0.000,0.000,0.550
16:10:50.205,41.414,-2.114,-0.766,True,0.000,0.000,-2.114,-0.766,2.248,0.000,0.000,0.000,0.545
16:10:50.225,41.434,-1.685,-0.875,True,0.000,0.000,-1.685,-0.875,1.899,0.000,0.000,0.000,0.808
16:10:50.246,41.455,-2.974,-4.591,True,0.000,0.000,-2.974,-4.591,5.470,0.000,0.000,0.000,0.511
16:10:50.266,41.475,-2.460,-2.975,True,0.000,0.000,-2.460,-2.975,3.860,0.000,0.000,0.000,0.744
16:10:50.287,41.496,-2.847,-5.218,True,0.000,0.000,-2.847,-5.218,5.944,0.000,0.000,0.000,0.933
16:10:50.308,41.517,-2.386,-3.327,True,0.000,0.000,-2.386,-3.327,4.094,0.000,0.000,0.000,1.308
16:10:50.328,41.537,-4.335,-5.372,True,0.000,0.000,-4.335,-5.372,6.903,0.000,0.000,0.000,1.078
16:10:50.347,41.557,-3.483,-2.471,True,0.000,0.000,-3.483,-2.471,4.271,0.000,0.000,0.000,0.637
16:10:50.368,41.577,-3.556,-2.922,True,0.000,0.000,-3.556,-2.922,4.603,0.000,0.000,0.000,0.565
16:10:50.388,41.598,-3.595,-1.558,True,0.000,0.000,-3.595,-1.558,3.918,0.000,0.000,0.000,0.868
16:10:50.409,41.618,-5.132,-4.113,True,0.000,0.000,-5.132,-4.113,6.577,0.000,0.000,0.000,0.740
16:10:50.429,41.639,-6.235,-6.046,True,0.000,0.000,-6.235,-6.046,8.685,0.000,0.000,0.000,1.085
16:10:50.449,41.659,-6.961,-5.637,True,0.000,0.000,-6.961,-5.637,8.958,0.000,0.000,0.000,0.930
16:10:50.469,41.679,-5.102,-2.583,True,0.000,0.000,-5.102,-2.583,5.719,0.000,0.000,0.000,0.503
16:10:50.490,41.699,-3.649,-1.177,True,0.000,0.000,-3.649,-1.177,3.834,0.000,0.000,0.000,1.098
16:10:50.510,41.719,-2.599,-0.237,True,0.000,0.000,-2.599,-0.237,2.610,0.000,0.000,0.000,0.562
16:10:50.530,41.739,-3.425,-4.069,True,0.000,0.000,-3.425,-4.069,5.319,0.000,0.000,0.000,0.612
16:10:50.552,41.761,-3.356,-6.096,True,0.000,0.000,-3.356,-6.096,6.959,0.000,0.000,0.000,1.010
16:10:50.572,41.781,-2.576,-3.978,True,0.000,0.000,-2.576,-3.978,4.739,0.000,0.000,0.000,0.529
16:10:50.593,41.802,-2.037,-3.180,True,0.000,0.000,-2.037,-3.180,3.776,0.000,0.000,0.000,1.110
16:10:50.612,41.822,-1.697,-1.712,True,0.000,0.000,-1.697,-1.712,2.411,0.000,0.000,0.000,0.680
16:10:50.633,41.842,-1.513,-0.673,True,0.000,0.000,-1.513,-0.673,1.656,0.000,0.000,0.000,0.927
16:10:50.654,41.864,-3.722,-3.518,True,0.000,0.000,-3.722,-3.518,5.121,0.000,0.000,0.000,1.126
16:10:50.675,41.884,-3.091,-2.171,True,0.000,0.000,-3.091,-2.171,3.777,0.000,0.000,0.000,1.031
16:10:50.695,41.904,-2.574,-1.147,True,0.000,0.000,-2.574,-1.147,2.818,0.000,0.000,0.000,1.054
16:10:50.715,41.924,-4.469,-4.823,True,0.000,0.000,-4.469,-4.823,6.575,0.000,0.000,0.000,0.849
16:10:50.735,41.944,-3.570,-4.036,True,0.000,0.000,-3.570,-4.036,5.388,0.000,0.000,0.000,0.832
16:10:50.756,41.965,-2.845,-2.472,True,0.000,0.000,-2.845,-2.472,3.769,0.000,0.000,0.000,1.021
16:10:50.776,41.985,-2.305,-1.289,True,0.000,0.000,-2.305,-1.289,2.641,0.000,0.000,0.000,0.826
16:10:50.798,42.007,-1.933,-1.342,True,0.000,0.000,-1.933,-1.342,2.353,0.000,0.000,0.000,1.051
16:10:50.818,42.027,-3.225,-4.092,True,0.000,0.000,-3.225,-4.092,5.210,0.000,0.000,0.000,1.152
16:10:50.839,42.048,-4.967,-6.138,True,0.000,0.000,-4.967,-6.138,7.895,0.000,0.000,0.000,1.065
16:10:50.859,42.068,-4.684,-4.904,True,0.000,0.000,-4.684,-4.904,6.781,0.000,0.000,0.000,0.781
16:10:50.879,42.089,-5.909,-7.378,True,0.000,0.000,-5.909,-7.378,9.452,0.000,0.000,0.000,0.752
16:10:50.900,42.109,-4.458,-4.725,True,0.000,0.000,-4.458,-4.725,6.496,0.000,0.000,0.000,1.131
16:10:50.920,42.130,-5.598,-5.291,True,0.000,0.000,-5.598,-5.291,7.703,0.000,0.000,0.000,0.911
16:10:50.941,42.150,-4.136,-3.954,True,0.000,0.000,-4.136,-3.954,5.722,0.000,0.000,0.000,1.224
16:10:50.962,42.171,-3.023,-2.087,True,0.000,0.000,-3.023,-2.087,3.674,0.000,0.000,0.000,1.322
16:10:50.982,42.191,-2.241,-0.777,True,0.000,0.000,-2.241,-0.777,2.372,0.000,0.000,0.000,0.987
16:10:51.002,42.211,-4.785,-1.698,True,0.000,0.000,-4.785,-1.698,5.077,0.000,0.000,0.000,0.541
16:10:51.023,42.232,-3.667,-0.746,True,0.000,0.000,-3.667,-0.746,3.742,0.000,0.000,0.000,0.882
16:10:51.043,42.252,-2.805,0.763,True,0.000,0.000,-2.805,0.763,2.907,0.000,0.000,0.000,0.985
16:10:51.063,42.273,-4.475,-2.622,True,0.000,0.000,-4.475,-2.622,5.187,0.000,0.000,0.000,1.102
16:10:51.084,42.293,-3.449,-1.688,True,0.000,0.000,-3.449,-1.688,3.840,0.000,0.000,0.000,1.122
16:10:51.104,42.313,-2.665,-0.957,True,0.000,0.000,-2.665,-0.957,2.832,0.000,0.000,0.000,1.164
16:10:51.125,42.334,-4.397,-3.943,True,0.000,0.000,-4.397,-3.943,5.905,0.000,0.000,0.000,1.081
16:10:51.146,42.356,-3.414,-1.746,True,0.000,0.000,-3.414,-1.746,3.835,0.000,0.000,0.000,1.259
16:10:51.167,42.376,-2.659,-0.927,True,0.000,0.000,-2.659,-0.927,2.816,0.000,0.000,0.000,1.140
16:10:51.187,42.397,-2.886,-3.866,True,0.000,0.000,-2.886,-3.866,4.824,0.000,0.000,0.000,1.091
16:10:51.207,42.417,-2.329,-3.410,True,0.000,0.000,-2.329,-3.410,4.130,0.000,0.000,0.000,0.622
16:10:51.228,42.437,-1.946,-2.109,True,0.000,0.000,-1.946,-2.109,2.870,0.000,0.000,0.000,0.619
16:10:51.248,42.457,-3.991,-4.635,True,0.000,0.000,-3.991,-4.635,6.116,0.000,0.000,0.000,0.956
16:10:51.271,42.480,-3.234,-2.973,True,0.000,0.000,-3.234,-2.973,4.393,0.000,0.000,0.000,0.858
16:10:51.292,42.501,-2.630,-1.675,True,0.000,0.000,-2.630,-1.675,3.118,0.000,0.000,0.000,1.126
16:10:51.313,42.522,-2.184,-0.738,True,0.000,0.000,-2.184,-0.738,2.305,0.000,0.000,0.000,1.175
16:10:51.333,42.542,-3.403,-3.633,True,0.000,0.000,-3.403,-3.633,4.978,0.000,0.000,0.000,0.802
16:10:51.354,42.563,-2.798,-2.301,True,0.000,0.000,-2.798,-2.301,3.623,0.000,0.000,0.000,1.062
16:10:51.374,42.583,-2.332,-1.270,True,0.000,0.000,-2.332,-1.270,2.655,0.000,0.000,0.000,0.831
16:10:51.394,42.604,-2.761,-0.533,True,0.000,0.000,-2.761,-0.533,2.812,0.000,0.000,0.000,0.808
16:10:51.415,42.624,-2.335,-0.050,True,0.000,0.000,-2.335,-0.050,2.336,0.000,0.000,0.000,1.130
16:10:51.435,42.644,-2.025,0.230,True,0.000,0.000,-2.025,0.230,2.038,0.000,0.000,0.000,0.839
16:10:51.456,42.665,-1.818,-0.516,True,0.000,0.000,-1.818,-0.516,1.890,0.000,0.000,0.000,0.890
16:10:51.476,42.685,-2.456,-2.001,True,0.000,0.000,-2.456,-2.001,3.167,0.000,0.000,0.000,0.630
16:10:51.497,42.706,-4.468,-4.849,True,0.000,0.000,-4.468,-4.849,6.594,0.000,0.000,0.000,0.944
16:10:51.517,42.727,-3.637,-6.861,True,0.000,0.000,-3.637,-6.861,7.766,0.000,0.000,0.000,1.230
16:10:51.538,42.747,-2.943,-5.523,True,0.000,0.000,-2.943,-5.523,6.258,0.000,0.000,0.000,0.910
16:10:51.557,42.767,-3.930,-7.864,True,0.000,0.000,-3.930,-7.864,8.791,0.000,0.000,0.000,0.553
16:10:51.578,42.787,-3.132,-5.077,True,0.000,0.000,-3.132,-5.077,5.965,0.000,0.000,0.000,0.973
16:10:51.598,42.807,-2.515,-3.768,True,0.000,0.000,-2.515,-3.768,4.531,0.000,0.000,0.000,0.963
16:10:51.618,42.828,-3.599,-3.698,True,0.000,0.000,-3.599,-3.698,5.160,0.000,0.000,0.000,1.003
16:10:51.638,42.848,-2.894,-2.823,True,0.000,0.000,-2.894,-2.823,4.043,0.000,0.000,0.000,0.593
16:10:51.659,42.868,-2.359,-1.354,True,0.000,0.000,-2.359,-1.354,2.720,0.000,0.000,0.000,0.622
16:10:51.679,42.889,-1.984,-0.358,True,0.000,0.000,-1.984,-0.358,2.016,0.000,0.000,0.000,1.162
16:10:51.700,42.909,-3.268,-3.264,True,0.000,0.000,-3.268,-3.264,4.619,0.000,0.000,0.000,1.051
16:10:51.720,42.930,-2.716,-5.497,True,0.000,0.000,-2.716,-5.497,6.132,0.000,0.000,0.000,1.152
16:10:51.741,42.950,-2.290,-4.446,True,0.000,0.000,-2.290,-4.446,5.001,0.000,0.000,0.000,0.994
16:10:51.761,42.970,-1.985,-3.563,True,0.000,0.000,-1.985,-3.563,4.078,0.000,0.000,0.000,0.793
16:10:51.781,42.990,-1.785,-2.000,True,0.000,0.000,-1.785,-2.000,2.681,0.000,0.000,0.000,0.959
16:10:51.801,43.010,-1.670,0.005,True,0.000,0.000,-1.670,0.005,1.670,0.000,0.000,0.000,0.889
16:10:51.821,43.031,-1.615,0.507,True,0.000,0.000,-1.615,0.507,1.693,0.000,0.000,0.000,0.631
16:10:51.842,43.051,-1.602,0.733,True,0.000,0.000,-1.602,0.733,1.762,0.000,0.000,0.000,0.590
16:10:51.863,43.072,-3.898,-2.741,True,0.000,0.000,-3.898,-2.741,4.765,0.000,0.000,0.000,1.058
16:10:51.885,43.094,-3.296,-2.722,True,0.000,0.000,-3.296,-2.722,4.275,0.000,0.000,0.000,1.074
16:10:51.906,43.115,-2.772,-2.631,True,0.000,0.000,-2.772,-2.631,3.821,0.000,0.000,0.000,1.128
16:10:51.926,43.135,-5.399,-3.387,True,0.000,0.000,-5.399,-3.387,6.374,0.000,0.000,0.000,1.168
16:10:51.946,43.155,-6.540,-5.657,True,0.000,0.000,-6.540,-5.657,8.647,0.000,0.000,0.000,1.178
16:10:51.966,43.175,-4.967,-3.729,True,0.000,0.000,-4.967,-3.729,6.211,0.000,0.000,0.000,0.517
16:10:51.986,43.196,-3.692,-3.069,True,0.000,0.000,-3.692,-3.069,4.801,0.000,0.000,0.000,0.745
16:10:52.007,43.216,-2.738,-1.692,True,0.000,0.000,-2.738,-1.692,3.219,0.000,0.000,0.000,1.174
16:10:52.028,43.237,-2.081,-0.708,True,0.000,0.000,-2.081,-0.708,2.198,0.000,0.000,0.000,1.020
16:10:52.048,43.257,-1.669,-0.064,True,0.000,0.000,-1.669,-0.064,1.670,0.000,0.000,0.000,1.133
16:10:52.068,43.277,-1.446,0.309,True,0.000,0.000,-1.446,0.309,1.479,0.000,0.000,0.000,1.054
16:10:52.088,43.297,-1.358,-0.394,True,0.000,0.000,-1.358,-0.394,1.414,0.000,0.000,0.000,0.605
16:10:52.108,43.317,-1.356,-0.110,True,0.000,0.000,-1.356,-0.110,1.360,0.000,0.000,0.000,0.571
16:10:52.129,43.339,-1.128,0.114,True,0.000,0.000,-1.128,0.114,1.134,0.000,0.000,0.000,0.932
16:10:52.150,43.359,-3.377,-4.445,True,0.000,0.000,-3.377,-4.445,5.582,0.000,0.000,0.000,0.880
16:10:52.170,43.379,-2.800,-2.795,True,0.000,0.000,-2.800,-2.795,3.956,0.000,0.000,0.000,0.972
16:10:52.190,43.400,-2.418,-2.631,True,0.000,0.000,-2.418,-2.631,3.573,0.000,0.000,0.000,1.125
16:10:52.210,43.419,-2.910,-1.594,True,0.000,0.000,-2.910,-1.594,3.318,0.000,0.000,0.000,0.532
16:10:52.230,43.440,-2.497,-0.829,True,0.000,0.000,-2.497,-0.829,2.631,0.000,0.000,0.000,0.556
16:10:52.250,43.460,-3.698,-4.692,True,0.000,0.000,-3.698,-4.692,5.974,0.000,0.000,0.000,0.532
16:10:52.271,43.480,-3.048,-5.785,True,0.000,0.000,-3.048,-5.785,6.539,0.000,0.000,0.000,0.893
16:10:52.291,43.501,-4.051,-7.326,True,0.000,0.000,-4.051,-7.326,8.372,0.000,0.000,0.000,0.795
16:10:52.312,43.521,-3.243,-3.897,True,0.000,0.000,-3.243,-3.897,5.070,0.000,0.000,0.000,0.733
16:10:52.333,43.542,-2.609,-3.004,True,0.000,0.000,-2.609,-3.004,3.979,0.000,0.000,0.000,1.099
16:10:52.353,43.562,-2.149,-1.502,True,0.000,0.000,-2.149,-1.502,2.622,0.000,0.000,0.000,1.210
16:10:52.373,43.582,-2.603,-0.470,True,0.000,0.000,-2.603,-0.470,2.645,0.000,0.000,0.000,1.023
16:10:52.395,43.605,-2.210,-0.707,True,0.000,0.000,-2.210,-0.707,2.320,0.000,0.000,0.000,0.944
16:10:52.416,43.625,-1.934,-0.120,True,0.000,0.000,-1.934,-0.120,1.938,0.000,0.000,0.000,1.064
16:10:52.436,43.645,-2.518,0.228,True,0.000,0.000,-2.518,0.228,2.529,0.000,0.000,0.000,1.169
16:10:52.456,43.665,-2.209,0.399,True,0.000,0.000,-2.209,0.399,2.245,0.000,0.000,0.000,1.043
16:10:52.477,43.686,-1.981,0.449,True,0.000,0.000,-1.981,0.449,2.031,0.000,0.000,0.000,0.884
16:10:52.498,43.707,-4.110,-3.092,True,0.000,0.000,-4.110,-3.092,5.143,0.000,0.000,0.000,0.812
16:10:52.518,43.727,-3.387,-2.191,True,0.000,0.000,-3.387,-2.191,4.034,0.000,0.000,0.000,0.688
16:10:52.538,43.748,-2.784,-2.297,True,0.000,0.000,-2.784,-2.297,3.609,0.000,0.000,0.000,0.946
16:10:52.559,43.768,-2.320,-1.448,True,0.000,0.000,-2.320,-1.448,2.734,0.000,0.000,0.000,0.977
16:10:52.580,43.789,-1.990,-0.793,True,0.000,0.000,-1.990,-0.793,2.142,0.000,0.000,0.000,1.206
16:10:52.602,43.811,-4.060,-4.721,True,0.000,0.000,-4.060,-4.721,6.227,0.000,0.000,0.000,1.002
16:10:52.622,43.831,-4.832,-7.605,True,0.000,0.000,-4.832,-7.605,9.010,0.000,0.000,0.000,1.095
16:10:52.643,43.852,-3.804,-5.157,True,0.000,0.000,-3.804,-5.157,6.409,0.000,0.000,0.000,0.997
16:10:52.663,43.872,-2.978,-3.153,True,0.000,0.000,-2.978,-3.153,4.337,0.000,0.000,0.000,1.123
16:10:52.685,43.894,-3.125,-5.155,True,0.000,0.000,-3.125,-5.155,6.028,0.000,0.000,0.000,1.015
16:10:52.705,43.914,-3.257,-6.649,True,0.000,0.000,-3.257,-6.649,7.404,0.000,0.000,0.000,1.046
16:10:52.725,43.934,-4.126,-7.678,True,0.000,0.000,-4.126,-7.678,8.716,0.000,0.000,0.000,0.566
16:10:52.745,43.954,-3.237,-4.804,True,0.000,0.000,-3.237,-4.804,5.793,0.000,0.000,0.000,0.888
16:10:52.766,43.975,-2.556,-2.599,True,0.000,0.000,-2.556,-2.599,3.646,0.000,0.000,0.000,1.059
16:10:52.786,43.995,-2.075,-1.037,True,0.000,0.000,-2.075,-1.037,2.320,0.000,0.000,0.000,0.894
16:10:52.807,44.016,-1.765,-0.025,True,0.000,0.000,-1.765,-0.025,1.765,0.000,0.000,0.000,1.255
16:10:52.827,44.036,-1.589,1.433,True,0.000,0.000,-1.589,1.433,2.139,0.000,0.000,0.000,0.981
16:10:52.847,44.056,-1.509,1.455,True,0.000,0.000,-1.509,1.455,2.096,0.000,0.000,0.000,0.721
16:10:52.868,44.077,-1.495,1.295,True,0.000,0.000,-1.495,1.295,1.977,0.000,0.000,0.000,1.118
16:10:52.888,44.097,-1.519,0.171,True,0.000,0.000,-1.519,0.171,1.528,0.000,0.000,0.000,0.873
16:10:52.909,44.118,-1.561,0.149,True,0.000,0.000,-1.561,0.149,1.568,0.000,0.000,0.000,0.668
16:10:52.929,44.138,-1.610,0.118,True,0.000,0.000,-1.610,0.118,1.614,0.000,0.000,0.000,0.483
16:10:52.950,44.159,-1.656,0.087,True,0.000,0.000,-1.656,0.087,1.658,0.000,0.000,0.000,0.972
16:10:52.970,44.179,-1.695,0.059,True,0.000,0.000,-1.695,0.059,1.696,0.000,0.000,0.000,0.517
16:10:52.991,44.200,-1.726,0.036,True,0.000,0.000,-1.726,0.036,1.726,0.000,0.000,0.000,1.299
16:10:53.011,44.220,-1.748,0.019,True,0.000,0.000,-1.748,0.019,1.748,0.000,0.000,0.000,0.662
16:10:53.032,44.241,-1.763,-2.630,True,0.000,0.000,-1.763,-2.630,3.166,0.000,0.000,0.000,0.839
16:10:53.052,44.261,-1.772,-1.914,True,0.000,0.000,-1.772,-1.914,2.608,0.000,0.000,0.000,0.556
16:10:53.072,44.281,-1.776,-1.279,True,0.000,0.000,-1.776,-1.279,2.189,0.000,0.000,0.000,0.594
16:10:53.092,44.301,-1.777,-0.766,True,0.000,0.000,-1.777,-0.766,1.935,0.000,0.000,0.000,0.571
16:10:53.113,44.323,-1.776,-0.384,True,0.000,0.000,-1.776,-0.384,1.817,0.000,0.000,0.000,1.528
16:10:53.134,44.343,-1.775,-0.121,True,0.000,0.000,-1.775,-0.121,1.779,0.000,0.000,0.000,1.154
16:10:53.154,44.363,-2.534,-0.835,True,0.000,0.000,-2.534,-0.835,2.668,0.000,0.000,0.000,0.967
16:10:53.174,44.383,-2.323,-0.506,True,0.000,0.000,-2.323,-0.506,2.378,0.000,0.000,0.000,1.062
16:10:53.194,44.403,-2.137,-0.259,True,0.000,0.000,-2.137,-0.259,2.153,0.000,0.000,0.000,0.630
16:10:53.214,44.423,-1.987,-0.087,True,0.000,0.000,-1.987,-0.087,1.989,0.000,0.000,0.000,0.660
16:10:53.235,44.444,-1.875,0.021,True,0.000,0.000,-1.875,0.021,1.876,0.000,0.000,0.000,1.033
16:10:53.256,44.465,-1.799,-0.799,True,0.000,0.000,-1.799,-0.799,1.969,0.000,0.000,0.000,1.064
16:10:53.276,44.485,-1.752,-0.534,True,0.000,0.000,-1.752,-0.534,1.831,0.000,0.000,0.000,1.212
16:10:53.296,44.505,-1.726,0.559,True,0.000,0.000,-1.726,0.559,1.815,0.000,0.000,0.000,1.070
16:10:53.316,44.525,-1.717,0.478,True,0.000,0.000,-1.717,0.478,1.782,0.000,0.000,0.000,0.903
16:10:53.337,44.546,-1.717,0.375,True,0.000,0.000,-1.717,0.375,1.757,0.000,0.000,0.000,0.992
16:10:53.357,44.566,-1.723,0.272,True,0.000,0.000,-1.723,0.272,1.744,0.000,0.000,0.000,0.662
16:10:53.378,44.587,-1.731,0.181,True,0.000,0.000,-1.731,0.181,1.741,0.000,0.000,0.000,1.055
16:10:53.398,44.607,-1.740,-2.529,True,0.000,0.000,-1.740,-2.529,3.070,0.000,0.000,0.000,0.991
16:10:53.418,44.628,-1.748,-1.859,True,0.000,0.000,-1.748,-1.859,2.552,0.000,0.000,0.000,0.730
16:10:53.439,44.648,-2.516,-3.894,True,0.000,0.000,-2.516,-3.894,4.637,0.000,0.000,0.000,1.031
16:10:53.460,44.669,-2.312,-2.679,True,0.000,0.000,-2.312,-2.679,3.539,0.000,0.000,0.000,1.128
16:10:53.480,44.689,-2.132,-1.670,True,0.000,0.000,-2.132,-1.670,2.708,0.000,0.000,0.000,0.775
16:10:53.500,44.709,-2.747,-4.413,True,0.000,0.000,-2.747,-4.413,5.198,0.000,0.000,0.000,1.058
16:10:53.521,44.730,-3.190,-2.902,True,0.000,0.000,-3.190,-2.902,4.312,0.000,0.000,0.000,1.118
16:10:53.541,44.750,-2.721,-0.819,True,0.000,0.000,-2.721,-0.819,2.841,0.000,0.000,0.000,1.082
16:10:53.562,44.771,-2.341,-0.174,True,0.000,0.000,-2.341,-0.174,2.347,0.000,0.000,0.000,0.886
16:10:53.582,44.791,-2.057,0.213,True,0.000,0.000,-2.057,0.213,2.068,0.000,0.000,0.000,0.885
16:10:53.602,44.811,-4.144,-3.107,True,0.000,0.000,-4.144,-3.107,5.180,0.000,0.000,0.000,0.799
16:10:53.623,44.833,-3.394,-2.958,True,0.000,0.000,-3.394,-2.958,4.502,0.000,0.000,0.000,1.173
16:10:53.644,44.853,-2.774,-1.006,True,0.000,0.000,-2.774,-1.006,2.951,0.000,0.000,0.000,0.993
16:10:53.664,44.873,-4.586,-3.929,True,0.000,0.000,-4.586,-3.929,6.039,0.000,0.000,0.000,0.913
16:10:53.684,44.893,-3.627,-2.578,True,0.000,0.000,-3.627,-2.578,4.449,0.000,0.000,0.000,0.639
16:10:53.705,44.914,-4.383,-5.019,True,0.000,0.000,-4.383,-5.019,6.663,0.000,0.000,0.000,1.085
16:10:53.725,44.935,-5.683,-6.779,True,0.000,0.000,-5.683,-6.779,8.846,0.000,0.000,0.000,1.176
16:10:53.745,44.954,-4.302,-5.307,True,0.000,0.000,-4.302,-5.307,6.832,0.000,0.000,0.000,0.669
16:10:53.765,44.975,-3.216,-3.203,True,0.000,0.000,-3.216,-3.203,4.539,0.000,0.000,0.000,0.724
16:10:53.786,44.995,-2.426,-1.626,True,0.000,0.000,-2.426,-1.626,2.920,0.000,0.000,0.000,0.938
16:10:53.806,45.015,-1.898,0.343,True,0.000,0.000,-1.898,0.343,1.929,0.000,0.000,0.000,0.866
16:10:53.828,45.037,-1.582,-0.094,True,0.000,0.000,-1.582,-0.094,1.585,0.000,0.000,0.000,0.944
16:10:53.848,45.058,-2.186,-2.331,True,0.000,0.000,-2.186,-2.331,3.195,0.000,0.000,0.000,0.541
16:10:53.869,45.078,-1.927,-1.415,True,0.000,0.000,-1.927,-1.415,2.391,0.000,0.000,0.000,0.907
16:10:53.890,45.099,-1.761,-0.727,True,0.000,0.000,-1.761,-0.727,1.905,0.000,0.000,0.000,1.218
16:10:53.910,45.119,-1.667,-1.128,True,0.000,0.000,-1.667,-1.128,2.013,0.000,0.000,0.000,1.133
16:10:53.931,45.140,-1.625,0.294,True,0.000,0.000,-1.625,0.294,1.652,0.000,0.000,0.000,1.085
16:10:53.951,45.160,-1.618,0.431,True,0.000,0.000,-1.618,0.431,1.675,0.000,0.000,0.000,0.919
16:10:53.971,45.180,-1.632,-0.422,True,0.000,0.000,-1.632,-0.422,1.685,0.000,0.000,0.000,1.055
16:10:53.991,45.200,-3.939,-3.735,True,0.000,0.000,-3.939,-3.735,5.428,0.000,0.000,0.000,0.681
16:10:54.012,45.221,-3.339,-3.507,True,0.000,0.000,-3.339,-3.507,4.842,0.000,0.000,0.000,1.185
16:10:54.032,45.241,-4.333,-6.719,True,0.000,0.000,-4.333,-6.719,7.995,0.000,0.000,0.000,0.520
16:10:54.053,45.262,-3.490,-4.564,True,0.000,0.000,-3.490,-4.564,5.745,0.000,0.000,0.000,1.108
16:10:54.073,45.282,-2.806,-1.917,True,0.000,0.000,-2.806,-1.917,3.399,0.000,0.000,0.000,1.002
16:10:54.093,45.302,-3.055,-0.821,True,0.000,0.000,-3.055,-0.821,3.164,0.000,0.000,0.000,1.154
16:10:54.114,45.323,-2.492,-0.101,True,0.000,0.000,-2.492,-0.101,2.494,0.000,0.000,0.000,1.096
16:10:54.137,45.346,-2.847,0.321,True,0.000,0.000,-2.847,0.321,2.865,0.000,0.000,0.000,1.123
16:10:54.157,45.367,-4.652,-2.992,True,0.000,0.000,-4.652,-2.992,5.532,0.000,0.000,0.000,1.003
16:10:54.178,45.387,-3.682,-1.095,True,0.000,0.000,-3.682,-1.095,3.841,0.000,0.000,0.000,1.029
16:10:54.198,45.407,-3.663,-3.160,True,0.000,0.000,-3.663,-3.160,4.838,0.000,0.000,0.000,0.618
16:10:54.218,45.427,-2.876,-2.048,True,0.000,0.000,-2.876,-2.048,3.531,0.000,0.000,0.000,0.738
16:10:54.240,45.449,-3.819,-4.688,True,0.000,0.000,-3.819,-4.688,6.047,0.000,0.000,0.000,0.706
16:10:54.262,45.471,-3.008,-3.086,True,0.000,0.000,-3.008,-3.086,4.310,0.000,0.000,0.000,0.871
16:10:54.282,45.492,-2.400,-2.687,True,0.000,0.000,-2.400,-2.687,3.603,0.000,0.000,0.000,1.203
16:10:54.303,45.512,-5.024,-2.383,True,0.000,0.000,-5.024,-2.383,5.560,0.000,0.000,0.000,1.007
16:10:54.324,45.533,-4.684,-4.806,True,0.000,0.000,-4.684,-4.806,6.711,0.000,0.000,0.000,1.143
16:10:54.343,45.553,-3.592,-3.945,True,0.000,0.000,-3.592,-3.945,5.336,0.000,0.000,0.000,0.543
16:10:54.365,45.574,-2.755,-3.229,True,0.000,0.000,-2.755,-3.229,4.244,0.000,0.000,0.000,1.179
16:10:54.385,45.595,-2.161,-1.801,True,0.000,0.000,-2.161,-1.801,2.813,0.000,0.000,0.000,1.076
16:10:54.406,45.615,-1.776,-1.655,True,0.000,0.000,-1.776,-1.655,2.428,0.000,0.000,0.000,1.113
16:10:54.426,45.636,-3.079,-5.132,True,0.000,0.000,-3.079,-5.132,5.985,0.000,0.000,0.000,1.128
16:10:54.446,45.655,-2.561,-5.953,True,0.000,0.000,-2.561,-5.953,6.480,0.000,0.000,0.000,0.713
16:10:54.467,45.676,-2.171,-3.802,True,0.000,0.000,-2.171,-3.802,4.379,0.000,0.000,0.000,0.951
16:10:54.487,45.696,-1.902,-2.128,True,0.000,0.000,-1.902,-2.128,2.854,0.000,0.000,0.000,0.568
16:10:54.507,45.717,-1.732,-0.923,True,0.000,0.000,-1.732,-0.923,1.963,0.000,0.000,0.000,0.634
16:10:54.528,45.737,-1.640,0.751,True,0.000,0.000,-1.640,0.751,1.804,0.000,0.000,0.000,1.111
16:10:54.549,45.758,-1.602,0.977,True,0.000,0.000,-1.602,0.977,1.877,0.000,0.000,0.000,1.181
16:10:54.569,45.778,-1.475,1.739,False,0.000,0.000,-1.475,1.739,2.281,0.000,0.000,0.000,0.950
16:10:54.589,45.799,-1.583,1.093,True,0.000,0.000,-1.583,1.093,1.924,0.000,0.000,0.000,1.026
16:10:54.609,45.818,-1.636,0.775,True,0.000,0.000,-1.636,0.775,1.810,0.000,0.000,0.000,0.582
16:10:54.629,45.838,-1.674,0.552,True,0.000,0.000,-1.674,0.552,1.762,0.000,0.000,0.000,0.542
16:10:54.650,45.859,-4.780,-1.402,True,0.000,0.000,-4.780,-1.402,4.981,0.000,0.000,0.000,0.694
16:10:54.671,45.880,-6.230,-4.567,True,0.000,0.000,-6.230,-4.567,7.725,0.000,0.000,0.000,0.959
16:10:54.691,45.900,-4.868,-2.393,True,0.000,0.000,-4.868,-2.393,5.425,0.000,0.000,0.000,0.980
16:10:54.711,45.921,-6.010,-5.027,True,0.000,0.000,-6.010,-5.027,7.836,0.000,0.000,0.000,1.250
16:10:54.732,45.941,-6.022,-6.898,True,0.000,0.000,-6.022,-6.898,9.157,0.000,0.000,0.000,1.134
16:10:54.752,45.962,-5.179,-6.349,True,0.000,0.000,-5.179,-6.349,8.194,0.000,0.000,0.000,1.162
16:10:54.772,45.981,-6.792,-7.528,True,0.000,0.000,-6.792,-7.528,10.139,0.000,0.000,0.000,0.629
16:10:54.793,46.002,-4.902,-4.753,True,0.000,0.000,-4.902,-4.753,6.828,0.000,0.000,0.000,0.623
16:10:54.813,46.022,-3.456,-2.612,True,0.000,0.000,-3.456,-2.612,4.332,0.000,0.000,0.000,0.957
16:10:54.834,46.043,-2.433,-1.085,True,0.000,0.000,-2.433,-1.085,2.664,0.000,0.000,0.000,0.978
16:10:54.854,46.063,-3.295,-3.604,True,0.000,0.000,-3.295,-3.604,4.883,0.000,0.000,0.000,0.900
16:10:54.874,46.083,-2.500,-2.939,True,0.000,0.000,-2.500,-2.939,3.859,0.000,0.000,0.000,0.742
16:10:54.894,46.104,-3.484,-5.970,True,0.000,0.000,-3.484,-5.970,6.912,0.000,0.000,0.000,0.631
16:10:54.916,46.125,-5.019,-7.316,True,0.000,0.000,-5.019,-7.316,8.872,0.000,0.000,0.000,1.155
16:10:54.936,46.145,-5.374,-8.181,True,0.000,0.000,-5.374,-8.181,9.788,0.000,0.000,0.000,0.592
16:10:54.957,46.166,-4.044,-5.154,True,0.000,0.000,-4.044,-5.154,6.552,0.000,0.000,0.000,1.088
16:10:54.977,46.186,-3.017,-2.821,True,0.000,0.000,-3.017,-2.821,4.131,0.000,0.000,0.000,0.988
16:10:54.998,46.207,-4.569,-4.675,True,0.000,0.000,-4.569,-4.675,6.537,0.000,0.000,0.000,1.088
16:10:55.018,46.227,-4.225,-6.142,True,0.000,0.000,-4.225,-6.142,7.455,0.000,0.000,0.000,0.731
16:10:55.038,46.248,-3.185,-2.821,True,0.000,0.000,-3.185,-2.821,4.255,0.000,0.000,0.000,1.022
16:10:55.060,46.269,-2.426,-1.234,True,0.000,0.000,-2.426,-1.234,2.721,0.000,0.000,0.000,1.082
16:10:55.080,46.289,-1.915,-0.185,True,0.000,0.000,-1.915,-0.185,1.924,0.000,0.000,0.000,0.823
16:10:55.101,46.310,-3.891,-1.324,True,0.000,0.000,-3.891,-1.324,4.110,0.000,0.000,0.000,1.132
16:10:55.121,46.330,-3.108,-0.541,True,0.000,0.000,-3.108,-0.541,3.154,0.000,0.000,0.000,0.953
16:10:55.141,46.350,-2.503,-0.031,True,0.000,0.000,-2.503,-0.031,2.503,0.000,0.000,0.000,0.773
16:10:55.162,46.371,-2.832,-2.374,True,0.000,0.000,-2.832,-2.374,3.696,0.000,0.000,0.000,1.058
16:10:55.182,46.392,-3.864,-5.030,True,0.000,0.000,-3.864,-5.030,6.343,0.000,0.000,0.000,1.047
16:10:55.203,46.412,-3.099,-3.395,True,0.000,0.000,-3.099,-3.395,4.597,0.000,0.000,0.000,1.010
16:10:55.223,46.432,-2.505,-2.942,True,0.000,0.000,-2.505,-2.942,3.864,0.000,0.000,0.000,1.029
16:10:55.244,46.453,-2.080,-1.698,True,0.000,0.000,-2.080,-1.698,2.685,0.000,0.000,0.000,1.203
16:10:55.265,46.474,-1.800,-0.789,True,0.000,0.000,-1.800,-0.789,1.966,0.000,0.000,0.000,0.871
16:10:55.286,46.495,-1.637,-0.178,True,0.000,0.000,-1.637,-0.178,1.647,0.000,0.000,0.000,1.069
16:10:55.306,46.515,-2.321,1.069,True,0.000,0.000,-2.321,1.069,2.556,0.000,0.000,0.000,1.054
16:10:55.326,46.535,-2.854,1.015,True,0.000,0.000,-2.854,1.015,3.029,0.000,0.000,0.000,1.133
16:10:55.347,46.556,-3.237,0.864,True,0.000,0.000,-3.237,0.864,3.351,0.000,0.000,0.000,1.188
16:10:55.368,46.577,-3.490,-2.840,True,0.000,0.000,-3.490,-2.840,4.500,0.000,0.000,0.000,0.829
16:10:55.389,46.598,-2.878,-2.062,True,0.000,0.000,-2.878,-2.062,3.540,0.000,0.000,0.000,1.122
16:10:55.409,46.618,-2.876,-2.417,True,0.000,0.000,-2.876,-2.417,3.757,0.000,0.000,0.000,0.511
16:10:55.429,46.639,-2.250,-1.211,True,0.000,0.000,-2.250,-1.211,2.555,0.000,0.000,0.000,1.125
16:10:55.449,46.659,-1.934,-0.606,True,0.000,0.000,-1.934,-0.606,2.027,0.000,0.000,0.000,0.806
16:10:55.470,46.679,-1.736,-0.427,True,0.000,0.000,-1.736,-0.427,1.788,0.000,0.000,0.000,0.903
16:10:55.490,46.699,-2.685,-4.794,True,0.000,0.000,-2.685,-4.794,5.495,0.000,0.000,0.000,1.170
16:10:55.511,46.720,-2.278,-6.898,True,0.000,0.000,-2.278,-6.898,7.265,0.000,0.000,0.000,0.920
16:10:55.530,46.740,-4.406,-8.128,True,0.000,0.000,-4.406,-8.128,9.246,0.000,0.000,0.000,0.633
16:10:55.551,46.760,-3.548,-5.270,True,0.000,0.000,-3.548,-5.270,6.353,0.000,0.000,0.000,0.618
16:10:55.574,46.783,-2.863,-3.060,True,0.000,0.000,-2.863,-3.060,4.190,0.000,0.000,0.000,0.733
16:10:55.595,46.804,-2.343,-1.443,True,0.000,0.000,-2.343,-1.443,2.752,0.000,0.000,0.000,1.061
16:10:55.615,46.825,-1.979,-0.352,True,0.000,0.000,-1.979,-0.352,2.010,0.000,0.000,0.000,1.051
16:10:55.635,46.844,-1.747,-0.572,True,0.000,0.000,-1.747,-0.572,1.838,0.000,0.000,0.000,0.751
16:10:55.655,46.865,-2.381,0.009,True,0.000,0.000,-2.381,0.009,2.381,0.000,0.000,0.000,0.634
16:10:55.677,46.886,-2.115,-0.542,True,0.000,0.000,-2.115,-0.542,2.183,0.000,0.000,0.000,0.764
16:10:55.698,46.907,-4.209,-3.673,True,0.000,0.000,-4.209,-3.673,5.586,0.000,0.000,0.000,1.063
16:10:55.718,46.927,-4.976,-5.983,True,0.000,0.000,-4.976,-5.983,7.782,0.000,0.000,0.000,1.074
16:10:55.738,46.947,-3.927,-4.038,True,0.000,0.000,-3.927,-4.038,5.632,0.000,0.000,0.000,0.857
16:10:55.758,46.967,-5.358,-5.968,True,0.000,0.000,-5.358,-5.968,8.021,0.000,0.000,0.000,0.651
16:10:55.779,46.988,-4.852,-4.689,True,0.000,0.000,-4.852,-4.689,6.748,0.000,0.000,0.000,1.148
16:10:55.799,47.008,-6.691,-3.647,True,0.000,0.000,-6.691,-3.647,7.621,0.000,0.000,0.000,0.640
16:10:55.819,47.028,-4.946,-2.863,True,0.000,0.000,-4.946,-2.863,5.715,0.000,0.000,0.000,0.720
16:10:55.840,47.049,-4.337,-4.956,True,0.000,0.000,-4.337,-4.956,6.586,0.000,0.000,0.000,1.041
16:10:55.860,47.069,-3.134,-3.890,True,0.000,0.000,-3.134,-3.890,4.995,0.000,0.000,0.000,0.793
16:10:55.882,47.091,-2.287,-2.184,True,0.000,0.000,-2.287,-2.184,3.163,0.000,0.000,0.000,1.198
16:10:55.902,47.111,-1.744,-0.955,True,0.000,0.000,-1.744,-0.955,1.988,0.000,0.000,0.000,1.148
16:10:55.922,47.131,-1.437,-0.143,True,0.000,0.000,-1.437,-0.143,1.444,0.000,0.000,0.000,0.542
16:10:55.943,47.152,-2.063,-2.300,True,0.000,0.000,-2.063,-2.300,3.090,0.000,0.000,0.000,0.706
16:10:55.963,47.172,-1.832,-1.343,True,0.000,0.000,-1.832,-1.343,2.272,0.000,0.000,0.000,0.991
16:10:55.984,47.193,-3.977,-5.034,True,0.000,0.000,-3.977,-5.034,6.415,0.000,0.000,0.000,1.149
16:10:56.004,47.214,-3.279,-3.351,True,0.000,0.000,-3.279,-3.351,4.689,0.000,0.000,0.000,1.233
16:10:56.025,47.234,-4.986,-2.875,True,0.000,0.000,-4.986,-2.875,5.756,0.000,0.000,0.000,0.927
16:10:56.045,47.254,-3.920,-2.505,True,0.000,0.000,-3.920,-2.505,4.652,0.000,0.000,0.000,1.157
16:10:56.065,47.275,-3.058,-4.876,True,0.000,0.000,-3.058,-4.876,5.756,0.000,0.000,0.000,0.959
16:10:56.086,47.296,-3.937,-6.613,True,0.000,0.000,-3.937,-6.613,7.697,0.000,0.000,0.000,1.062
16:10:56.107,47.316,-3.076,-4.269,True,0.000,0.000,-3.076,-4.269,5.262,0.000,0.000,0.000,1.101
16:10:56.127,47.336,-2.430,-3.308,True,0.000,0.000,-2.430,-3.308,4.105,0.000,0.000,0.000,0.807
16:10:56.148,47.357,-1.984,-2.610,True,0.000,0.000,-1.984,-2.610,3.279,0.000,0.000,0.000,1.087
16:10:56.168,47.377,-1.705,-1.267,True,0.000,0.000,-1.705,-1.267,2.124,0.000,0.000,0.000,0.939
16:10:56.188,47.397,-1.553,-0.352,True,0.000,0.000,-1.553,-0.352,1.592,0.000,0.000,0.000,0.837
16:10:56.209,47.418,-1.492,-0.669,True,0.000,0.000,-1.492,-0.669,1.635,0.000,0.000,0.000,1.224
16:10:56.228,47.437,-2.251,-3.649,True,0.000,0.000,-2.251,-3.649,4.287,0.000,0.000,0.000,0.545
16:10:56.249,47.458,-2.835,-5.878,True,0.000,0.000,-2.835,-5.878,6.526,0.000,0.000,0.000,0.974
16:10:56.270,47.479,-2.488,-3.900,True,0.000,0.000,-2.488,-3.900,4.626,0.000,0.000,0.000,0.937
16:10:56.290,47.499,-2.538,-4.066,True,0.000,0.000,-2.538,-4.066,4.793,0.000,0.000,0.000,0.652
16:10:56.311,47.520,-2.125,-2.996,True,0.000,0.000,-2.125,-2.996,3.674,0.000,0.000,0.000,1.386
16:10:56.330,47.540,-1.917,-1.471,True,0.000,0.000,-1.917,-1.471,2.416,0.000,0.000,0.000,0.924
16:10:56.351,47.560,-1.793,-1.456,True,0.000,0.000,-1.793,-1.456,2.310,0.000,0.000,0.000,0.957
16:10:56.371,47.580,-1.721,-0.615,True,0.000,0.000,-1.721,-0.615,1.827,0.000,0.000,0.000,0.881
16:10:56.393,47.603,-1.685,-0.069,True,0.000,0.000,-1.685,-0.069,1.686,0.000,0.000,0.000,0.810
16:10:56.414,47.623,-1.673,0.250,True,0.000,0.000,-1.673,0.250,1.692,0.000,0.000,0.000,0.873
16:10:56.435,47.644,-1.678,0.401,True,0.000,0.000,-1.678,0.401,1.725,0.000,0.000,0.000,0.656
16:10:56.455,47.664,-1.691,0.439,True,0.000,0.000,-1.691,0.439,1.747,0.000,0.000,0.000,0.913
16:10:56.475,47.684,-3.234,-3.115,True,0.000,0.000,-3.234,-3.115,4.490,0.000,0.000,0.000,0.601
16:10:56.496,47.705,-5.880,-3.972,True,0.000,0.000,-5.880,-3.972,7.096,0.000,0.000,0.000,1.019
16:10:56.516,47.725,-4.685,-2.712,True,0.000,0.000,-4.685,-2.712,5.414,0.000,0.000,0.000,0.571
16:10:56.537,47.746,-3.660,-0.795,True,0.000,0.000,-3.660,-0.795,3.746,0.000,0.000,0.000,0.763
16:10:56.557,47.766,-5.137,-3.765,True,0.000,0.000,-5.137,-3.765,6.369,0.000,0.000,0.000,0.968
16:10:56.577,47.786,-3.922,-2.458,True,0.000,0.000,-3.922,-2.458,4.628,0.000,0.000,0.000,0.521
16:10:56.599,47.809,-5.259,-4.939,True,0.000,0.000,-5.259,-4.939,7.214,0.000,0.000,0.000,0.997
16:10:56.620,47.830,-3.949,-4.095,True,0.000,0.000,-3.949,-4.095,5.689,0.000,0.000,0.000,1.045
16:10:56.641,47.850,-2.945,-3.371,True,0.000,0.000,-2.945,-3.371,4.476,0.000,0.000,0.000,0.751
16:10:56.661,47.870,-4.518,-5.438,True,0.000,0.000,-4.518,-5.438,7.070,0.000,0.000,0.000,0.736
16:10:56.681,47.890,-3.431,-3.420,True,0.000,0.000,-3.431,-3.420,4.844,0.000,0.000,0.000,0.560
16:10:56.702,47.911,-2.615,-2.745,True,0.000,0.000,-2.615,-2.745,3.791,0.000,0.000,0.000,0.912
16:10:56.722,47.931,-2.050,-1.399,True,0.000,0.000,-2.050,-1.399,2.482,0.000,0.000,0.000,1.043
16:10:56.743,47.952,-2.456,-3.982,True,0.000,0.000,-2.456,-3.982,4.679,0.000,0.000,0.000,1.126
16:10:56.763,47.973,-2.054,-5.947,True,0.000,0.000,-2.054,-5.947,6.292,0.000,0.000,0.000,0.869
16:10:56.784,47.993,-1.790,-3.811,True,0.000,0.000,-1.790,-3.811,4.211,0.000,0.000,0.000,1.060
16:10:56.804,48.014,-1.638,-2.144,True,0.000,0.000,-1.638,-2.144,2.698,0.000,0.000,0.000,0.988
16:10:56.825,48.034,-1.566,-0.941,True,0.000,0.000,-1.566,-0.941,1.827,0.000,0.000,0.000,1.141
16:10:56.845,48.054,-1.549,-0.145,True,0.000,0.000,-1.549,-0.145,1.556,0.000,0.000,0.000,1.043
16:10:56.865,48.074,-1.565,0.325,True,0.000,0.000,-1.565,0.325,1.598,0.000,0.000,0.000,0.787
16:10:56.886,48.095,-1.598,0.554,True,0.000,0.000,-1.598,0.554,1.691,0.000,0.000,0.000,0.836
16:10:56.906,48.115,-1.637,-0.261,True,0.000,0.000,-1.637,-0.261,1.657,0.000,0.000,0.000,1.084
16:10:56.926,48.135,-1.674,-0.056,True,0.000,0.000,-1.674,-0.056,1.675,0.000,0.000,0.000,0.825
16:10:56.946,48.156,-2.467,-0.812,True,0.000,0.000,-2.467,-0.812,2.598,0.000,0.000,0.000,0.784
16:10:56.967,48.176,-3.806,-4.024,True,0.000,0.000,-3.806,-4.024,5.539,0.000,0.000,0.000,0.970
16:10:56.988,48.197,-5.506,-6.341,True,0.000,0.000,-5.506,-6.341,8.398,0.000,0.000,0.000,1.068
16:10:57.008,48.217,-4.374,-4.359,True,0.000,0.000,-4.374,-4.359,6.175,0.000,0.000,0.000,0.695
16:10:57.029,48.238,-5.704,-6.230,True,0.000,0.000,-5.704,-6.230,8.447,0.000,0.000,0.000,1.060
16:10:57.049,48.258,-5.861,-7.522,True,0.000,0.000,-5.861,-7.522,9.536,0.000,0.000,0.000,1.108
16:10:57.069,48.278,-6.645,-8.332,True,0.000,0.000,-6.645,-8.332,10.657,0.000,0.000,0.000,0.618
16:10:57.090,48.299,-7.140,-8.772,True,0.000,0.000,-7.140,-8.772,11.311,0.000,0.000,0.000,0.841
16:10:57.111,48.321,-7.678,-9.551,True,0.000,0.000,-7.678,-9.551,12.255,0.000,0.000,0.000,0.854
16:10:57.131,48.341,-4.583,-5.661,True,0.000,0.000,-4.583,-5.661,7.283,0.000,0.000,0.000,0.512
16:10:57.152,48.361,-5.592,-6.666,True,0.000,0.000,-5.592,-6.666,8.701,0.000,0.000,0.000,1.059
16:10:57.173,48.382,-3.857,-4.563,True,0.000,0.000,-3.857,-4.563,5.975,0.000,0.000,0.000,1.163
16:10:57.193,48.402,-2.682,-2.251,True,0.000,0.000,-2.682,-2.251,3.501,0.000,0.000,0.000,0.966
16:10:57.216,48.426,-1.912,-0.688,True,0.000,0.000,-1.912,-0.688,2.032,0.000,0.000,0.000,1.231
16:10:57.237,48.446,-2.219,-0.598,True,0.000,0.000,-2.219,-0.598,2.298,0.000,0.000,0.000,0.993
16:10:57.258,48.467,-1.788,0.161,True,0.000,0.000,-1.788,0.161,1.795,0.000,0.000,0.000,1.101
16:10:57.278,48.487,-2.304,-0.308,True,0.000,0.000,-2.304,-0.308,2.324,0.000,0.000,0.000,0.913
16:10:57.298,48.507,-5.031,0.981,True,0.000,0.000,-5.031,0.981,5.126,0.000,0.000,0.000,0.664
16:10:57.319,48.528,-3.982,0.958,True,0.000,0.000,-3.982,0.958,4.096,0.000,0.000,0.000,1.247
16:10:57.340,48.549,-3.123,0.832,True,0.000,0.000,-3.123,0.832,3.232,0.000,0.000,0.000,1.051
16:10:57.360,48.569,-2.474,0.662,True,0.000,0.000,-2.474,0.662,2.561,0.000,0.000,0.000,1.121
16:10:57.381,48.590,-2.021,0.486,True,0.000,0.000,-2.021,0.486,2.079,0.000,0.000,0.000,1.113
16:10:57.401,48.610,-4.017,-4.066,True,0.000,0.000,-4.017,-4.066,5.716,0.000,0.000,0.000,1.199
16:10:57.421,48.630,-3.230,-2.108,True,0.000,0.000,-3.230,-2.108,3.857,0.000,0.000,0.000,0.949
16:10:57.442,48.651,-4.892,-4.898,True,0.000,0.000,-4.892,-4.898,6.922,0.000,0.000,0.000,1.076
16:10:57.462,48.671,-3.812,-4.234,True,0.000,0.000,-3.812,-4.234,5.697,0.000,0.000,0.000,1.017
16:10:57.482,48.691,-2.954,-3.596,True,0.000,0.000,-2.954,-3.596,4.654,0.000,0.000,0.000,0.698
16:10:57.503,48.712,-2.325,-2.169,True,0.000,0.000,-2.325,-2.169,3.180,0.000,0.000,0.000,1.106
16:10:57.523,48.732,-1.901,-1.100,True,0.000,0.000,-1.901,-1.100,2.197,0.000,0.000,0.000,0.815
16:10:57.543,48.753,-1.644,0.517,True,0.000,0.000,-1.644,0.517,1.723,0.000,0.000,0.000,1.189
16:10:57.564,48.773,-1.512,0.739,True,0.000,0.000,-1.512,0.739,1.683,0.000,0.000,0.000,1.065
16:10:57.584,48.794,-1.467,0.777,True,0.000,0.000,-1.467,0.777,1.660,0.000,0.000,0.000,1.014
16:10:57.605,48.814,-1.477,0.707,True,0.000,0.000,-1.477,0.707,1.637,0.000,0.000,0.000,1.002
16:10:57.625,48.834,-2.278,-2.932,True,0.000,0.000,-2.278,-2.932,3.713,0.000,0.000,0.000,1.050
16:10:57.645,48.855,-3.644,-6.501,True,0.000,0.000,-3.644,-6.501,7.453,0.000,0.000,0.000,0.892
16:10:57.666,48.875,-3.856,-4.575,True,0.000,0.000,-3.856,-4.575,5.983,0.000,0.000,0.000,0.774
16:10:57.686,48.895,-3.176,-2.936,True,0.000,0.000,-3.176,-2.936,4.326,0.000,0.000,0.000,0.679
16:10:57.707,48.916,-3.384,-6.050,True,0.000,0.000,-3.384,-6.050,6.932,0.000,0.000,0.000,0.893
16:10:57.727,48.936,-2.758,-3.918,True,0.000,0.000,-2.758,-3.918,4.792,0.000,0.000,0.000,1.014
16:10:57.748,48.957,-2.285,-2.241,True,0.000,0.000,-2.285,-2.241,3.200,0.000,0.000,0.000,1.175
16:10:57.768,48.977,-2.715,-2.779,True,0.000,0.000,-2.715,-2.779,3.885,0.000,0.000,0.000,1.132
16:10:57.788,48.998,-3.057,-0.602,True,0.000,0.000,-3.057,-0.602,3.115,0.000,0.000,0.000,1.167
16:10:57.809,49.018,-2.546,0.071,True,0.000,0.000,-2.546,0.071,2.547,0.000,0.000,0.000,1.288
16:10:57.829,49.038,-3.686,-3.071,True,0.000,0.000,-3.686,-3.071,4.797,0.000,0.000,0.000,1.218
16:10:57.850,49.059,-3.940,-3.419,True,0.000,0.000,-3.940,-3.419,5.217,0.000,0.000,0.000,1.000
16:10:57.870,49.079,-5.810,-6.238,True,0.000,0.000,-5.810,-6.238,8.525,0.000,0.000,0.000,1.041
16:10:57.891,49.100,-4.192,-3.716,True,0.000,0.000,-4.192,-3.716,5.602,0.000,0.000,0.000,1.341
16:10:57.912,49.121,-3.151,-1.182,True,0.000,0.000,-3.151,-1.182,3.365,0.000,0.000,0.000,1.165
16:10:57.932,49.141,-2.433,-1.225,True,0.000,0.000,-2.433,-1.225,2.724,0.000,0.000,0.000,1.231
16:10:57.953,49.162,-3.475,-3.978,True,0.000,0.000,-3.475,-3.978,5.282,0.000,0.000,0.000,1.278
16:10:57.974,49.183,-2.759,-2.518,True,0.000,0.000,-2.759,-2.518,3.735,0.000,0.000,0.000,1.384
16:10:57.993,49.203,-2.233,-1.387,True,0.000,0.000,-2.233,-1.387,2.629,0.000,0.000,0.000,0.721
16:10:58.014,49.223,-1.879,-0.578,True,0.000,0.000,-1.879,-0.578,1.966,0.000,0.000,0.000,0.688
16:10:58.037,49.247,-1.664,-0.050,True,0.000,0.000,-1.664,-0.050,1.665,0.000,0.000,0.000,0.785
16:10:58.058,49.267,-1.554,0.256,True,0.000,0.000,-1.554,0.256,1.575,0.000,0.000,0.000,0.599
16:10:58.078,49.288,-1.516,0.400,True,0.000,0.000,-1.516,0.400,1.568,0.000,0.000,0.000,1.096
16:10:58.098,49.308,-1.525,-0.445,True,0.000,0.000,-1.525,-0.445,1.588,0.000,0.000,0.000,0.604
16:10:58.119,49.328,-3.081,-3.752,True,0.000,0.000,-3.081,-3.752,4.855,0.000,0.000,0.000,1.136
16:10:58.139,49.348,-4.990,-4.397,True,0.000,0.000,-4.990,-4.397,6.651,0.000,0.000,0.000,0.743
16:10:58.159,49.368,-4.038,-2.968,True,0.000,0.000,-4.038,-2.968,5.012,0.000,0.000,0.000,0.865
16:10:58.180,49.389,-3.227,-1.803,True,0.000,0.000,-3.227,-1.803,3.697,0.000,0.000,0.000,1.083
16:10:58.201,49.410,-2.592,-0.926,True,0.000,0.000,-2.592,-0.926,2.753,0.000,0.000,0.000,1.065
16:10:58.220,49.430,-2.133,-0.318,True,0.000,0.000,-2.133,-0.318,2.157,0.000,0.000,0.000,0.592
16:10:58.242,49.451,-1.828,0.066,True,0.000,0.000,-1.828,0.066,1.830,0.000,0.000,0.000,1.173
16:10:58.262,49.471,-1.648,0.277,True,0.000,0.000,-1.648,0.277,1.671,0.000,0.000,0.000,1.041
16:10:58.282,49.491,-1.559,0.364,True,0.000,0.000,-1.559,0.364,1.601,0.000,0.000,0.000,0.660
16:10:58.303,49.512,-1.533,0.370,True,0.000,0.000,-1.533,0.370,1.577,0.000,0.000,0.000,1.046
16:10:58.323,49.532,-1.546,-0.549,True,0.000,0.000,-1.546,-0.549,1.640,0.000,0.000,0.000,0.553
16:10:58.345,49.554,-1.579,-0.370,True,0.000,0.000,-1.579,-0.370,1.622,0.000,0.000,0.000,0.862
16:10:58.366,49.575,-1.620,0.655,True,0.000,0.000,-1.620,0.655,1.748,0.000,0.000,0.000,1.100
16:10:58.387,49.596,-3.945,-2.992,True,0.000,0.000,-3.945,-2.992,4.952,0.000,0.000,0.000,1.099
16:10:58.407,49.616,-3.353,-2.164,True,0.000,0.000,-3.353,-2.164,3.991,0.000,0.000,0.000,1.044
16:10:58.427,49.636,-2.828,-2.315,True,0.000,0.000,-2.828,-2.315,3.655,0.000,0.000,0.000,0.779
16:10:58.448,49.657,-2.404,-1.489,True,0.000,0.000,-2.404,-1.489,2.828,0.000,0.000,0.000,0.619
16:10:58.469,49.678,-3.609,-5.237,True,0.000,0.000,-3.609,-5.237,6.360,0.000,0.000,0.000,0.779
16:10:58.489,49.698,-2.973,-2.684,True,0.000,0.000,-2.973,-2.684,4.005,0.000,0.000,0.000,0.697
16:10:58.509,49.718,-2.467,-1.550,True,0.000,0.000,-2.467,-1.550,2.914,0.000,0.000,0.000,0.639
16:10:58.530,49.739,-2.097,-0.721,True,0.000,0.000,-2.097,-0.721,2.217,0.000,0.000,0.000,0.884
16:10:58.550,49.759,-1.846,-1.043,True,0.000,0.000,-1.846,-1.043,2.121,0.000,0.000,0.000,0.971
16:10:58.570,49.780,-1.695,-0.465,True,0.000,0.000,-1.695,-0.465,1.757,0.000,0.000,0.000,0.792
16:10:58.591,49.800,-1.617,-0.081,True,0.000,0.000,-1.617,-0.081,1.619,0.000,0.000,0.000,0.678
16:10:58.611,49.821,-1.590,0.147,True,0.000,0.000,-1.590,0.147,1.597,0.000,0.000,0.000,1.060
16:10:58.631,49.840,-1.596,0.259,True,0.000,0.000,-1.596,0.259,1.617,0.000,0.000,0.000,0.618
16:10:58.652,49.861,-1.619,0.292,True,0.000,0.000,-1.619,0.292,1.645,0.000,0.000,0.000,0.900
16:10:58.673,49.882,-1.650,0.276,True,0.000,0.000,-1.650,0.276,1.673,0.000,0.000,0.000,0.929
16:10:58.693,49.903,-3.965,-1.523,True,0.000,0.000,-3.965,-1.523,4.248,0.000,0.000,0.000,1.128
16:10:58.713,49.922,-3.366,-1.092,True,0.000,0.000,-3.366,-1.092,3.538,0.000,0.000,0.000,0.629
16:10:58.734,49.943,-2.835,-0.717,True,0.000,0.000,-2.835,-0.717,2.924,0.000,0.000,0.000,1.091
16:10:58.755,49.964,-3.167,-3.934,True,0.000,0.000,-3.167,-3.934,5.051,0.000,0.000,0.000,1.071
16:10:58.775,49.984,-2.639,-2.750,True,0.000,0.000,-2.639,-2.750,3.811,0.000,0.000,0.000,0.966
16:10:58.796,50.005,-2.234,-3.507,True,0.000,0.000,-2.234,-3.507,4.158,0.000,0.000,0.000,1.502
16:10:58.815,50.025,-4.232,-5.763,True,0.000,0.000,-4.232,-5.763,7.151,0.000,0.000,0.000,1.006
16:10:58.835,50.045,-5.705,-4.694,True,0.000,0.000,-5.705,-4.694,7.388,0.000,0.000,0.000,0.629
16:10:58.856,50.065,-4.420,-2.892,True,0.000,0.000,-4.420,-2.892,5.282,0.000,0.000,0.000,0.762
16:10:58.877,50.086,-3.374,-1.523,True,0.000,0.000,-3.374,-1.523,3.702,0.000,0.000,0.000,1.065
16:10:58.897,50.106,-2.588,-0.564,True,0.000,0.000,-2.588,-0.564,2.649,0.000,0.000,0.000,0.856
16:10:58.918,50.127,-2.044,-3.467,True,0.000,0.000,-2.044,-3.467,4.025,0.000,0.000,0.000,1.020
16:10:58.937,50.147,-1.701,-2.159,True,0.000,0.000,-1.701,-2.159,2.749,0.000,0.000,0.000,0.854
16:10:58.961,50.170,-1.514,-1.159,True,0.000,0.000,-1.514,-1.159,1.906,0.000,0.000,0.000,1.131
16:10:58.981,50.191,-1.437,-0.452,True,0.000,0.000,-1.437,-0.452,1.507,0.000,0.000,0.000,1.040
16:10:59.001,50.211,-1.432,0.003,True,0.000,0.000,-1.432,0.003,1.432,0.000,0.000,0.000,0.913
16:10:59.022,50.231,-1.469,0.262,True,0.000,0.000,-1.469,0.262,1.493,0.000,0.000,0.000,0.654
16:10:59.042,50.251,-3.048,-3.137,True,0.000,0.000,-3.048,-3.137,4.374,0.000,0.000,0.000,0.604
16:10:59.063,50.272,-3.452,-4.787,True,0.000,0.000,-3.452,-4.787,5.902,0.000,0.000,0.000,1.215
16:10:59.083,50.292,-2.930,-3.247,True,0.000,0.000,-2.930,-3.247,4.373,0.000,0.000,0.000,1.082
16:10:59.104,50.313,-4.778,-5.501,True,0.000,0.000,-4.778,-5.501,7.287,0.000,0.000,0.000,0.943
16:10:59.124,50.333,-5.340,-7.977,True,0.000,0.000,-5.340,-7.977,9.599,0.000,0.000,0.000,1.165
16:10:59.145,50.354,-4.132,-5.254,True,0.000,0.000,-4.132,-5.254,6.684,0.000,0.000,0.000,1.077
16:10:59.165,50.375,-3.164,-3.081,True,0.000,0.000,-3.164,-3.081,4.416,0.000,0.000,0.000,1.093
16:10:59.186,50.395,-3.208,-4.995,True,0.000,0.000,-3.208,-4.995,5.937,0.000,0.000,0.000,1.093
16:10:59.206,50.415,-2.511,-2.944,True,0.000,0.000,-2.511,-2.944,3.869,0.000,0.000,0.000,0.813
16:10:59.226,50.435,-2.026,-1.427,True,0.000,0.000,-2.026,-1.427,2.478,0.000,0.000,0.000,0.681
16:10:59.247,50.456,-2.480,-1.274,True,0.000,0.000,-2.480,-1.274,2.788,0.000,0.000,0.000,0.848
16:10:59.267,50.476,-2.102,-0.399,True,0.000,0.000,-2.102,-0.399,2.140,0.000,0.000,0.000,1.113
16:10:59.287,50.496,-1.847,0.146,True,0.000,0.000,-1.847,0.146,1.853,0.000,0.000,0.000,1.120
16:10:59.308,50.517,-1.693,0.439,True,0.000,0.000,-1.693,0.439,1.749,0.000,0.000,0.000,1.241
16:10:59.328,50.537,-1.613,0.554,True,0.000,0.000,-1.613,0.554,1.706,0.000,0.000,0.000,0.816
16:10:59.349,50.558,-2.348,1.432,True,0.000,0.000,-2.348,1.432,2.750,0.000,0.000,0.000,1.113
16:10:59.370,50.579,-2.906,0.246,True,0.000,0.000,-2.906,0.246,2.916,0.000,0.000,0.000,1.168
16:10:59.390,50.599,-3.298,0.179,True,0.000,0.000,-3.298,0.179,3.302,0.000,0.000,0.000,1.031
16:10:59.410,50.619,-3.548,-3.396,True,0.000,0.000,-3.548,-3.396,4.911,0.000,0.000,0.000,1.113
16:10:59.430,50.639,-2.927,-1.599,True,0.000,0.000,-2.927,-1.599,3.336,0.000,0.000,0.000,0.572
16:10:59.451,50.660,-4.721,-4.540,True,0.000,0.000,-4.721,-4.540,6.550,0.000,0.000,0.000,1.084
16:10:59.472,50.681,-6.018,-6.642,True,0.000,0.000,-6.018,-6.642,8.963,0.000,0.000,0.000,1.201
16:10:59.492,50.701,-4.597,-4.501,True,0.000,0.000,-4.597,-4.501,6.434,0.000,0.000,0.000,1.112
16:10:59.512,50.721,-3.452,-2.750,True,0.000,0.000,-3.452,-2.750,4.413,0.000,0.000,0.000,0.628
16:10:59.533,50.742,-2.601,-2.306,True,0.000,0.000,-2.601,-2.306,3.476,0.000,0.000,0.000,1.122
16:10:59.554,50.763,-2.018,-1.143,True,0.000,0.000,-2.018,-1.143,2.319,0.000,0.000,0.000,1.041
16:10:59.574,50.783,-1.656,-0.346,True,0.000,0.000,-1.656,-0.346,1.692,0.000,0.000,0.000,0.554
16:10:59.594,50.804,-2.225,0.149,True,0.000,0.000,-2.225,0.149,2.230,0.000,0.000,0.000,1.149
16:10:59.615,50.824,-1.942,-0.466,True,0.000,0.000,-1.942,-0.466,1.997,0.000,0.000,0.000,0.980
16:10:59.635,50.844,-1.760,-0.124,True,0.000,0.000,-1.760,-0.124,1.764,0.000,0.000,0.000,1.088
16:10:59.656,50.865,-1.657,-0.793,True,0.000,0.000,-1.657,-0.793,1.837,0.000,0.000,0.000,0.989
16:10:59.676,50.885,-3.896,-3.959,True,0.000,0.000,-3.896,-3.959,5.554,0.000,0.000,0.000,1.100
16:10:59.696,50.905,-5.545,-5.378,True,0.000,0.000,-5.545,-5.378,7.724,0.000,0.000,0.000,1.094
16:10:59.717,50.926,-4.379,-4.515,True,0.000,0.000,-4.379,-4.515,6.290,0.000,0.000,0.000,1.077
16:10:59.737,50.946,-5.690,-5.488,True,0.000,0.000,-5.690,-5.488,7.905,0.000,0.000,0.000,0.685
16:10:59.758,50.967,-5.076,-3.479,True,0.000,0.000,-5.076,-3.479,6.154,0.000,0.000,0.000,1.041
16:10:59.778,50.987,-3.782,-6.318,True,0.000,0.000,-3.782,-6.318,7.364,0.000,0.000,0.000,1.078
16:10:59.799,51.008,-2.807,-4.877,True,0.000,0.000,-2.807,-4.877,5.627,0.000,0.000,0.000,0.892
16:10:59.820,51.029,-3.651,-6.358,True,0.000,0.000,-3.651,-6.358,7.331,0.000,0.000,0.000,1.200
16:10:59.840,51.049,-2.804,-4.776,True,0.000,0.000,-2.804,-4.776,5.538,0.000,0.000,0.000,0.914
16:10:59.860,51.069,-2.199,-1.794,True,0.000,0.000,-2.199,-1.794,2.838,0.000,0.000,0.000,0.916
16:10:59.880,51.089,-1.804,-1.400,True,0.000,0.000,-1.804,-1.400,2.284,0.000,0.000,0.000,0.732
16:10:59.901,51.110,-1.574,0.505,True,0.000,0.000,-1.574,0.505,1.653,0.000,0.000,0.000,0.957
16:10:59.921,51.131,-1.466,0.892,True,0.000,0.000,-1.466,0.892,1.717,0.000,0.000,0.000,1.053
16:10:59.942,51.151,-1.441,0.128,True,0.000,0.000,-1.441,0.128,1.446,0.000,0.000,0.000,1.054
16:10:59.962,51.171,-1.464,0.315,True,0.000,0.000,-1.464,0.315,1.498,0.000,0.000,0.000,0.579
16:10:59.982,51.191,-1.514,-0.495,True,0.000,0.000,-1.514,-0.495,1.593,0.000,0.000,0.000,0.692
16:11:00.003,51.212,-3.094,-4.654,True,0.000,0.000,-3.094,-4.654,5.589,0.000,0.000,0.000,1.009
16:11:00.024,51.233,-2.732,-3.283,True,0.000,0.000,-2.732,-3.283,4.271,0.000,0.000,0.000,1.160
16:11:00.044,51.253,-2.412,-2.113,True,0.000,0.000,-2.412,-2.113,3.207,0.000,0.000,0.000,1.111
16:11:00.064,51.274,-2.153,-2.076,True,0.000,0.000,-2.153,-2.076,2.991,0.000,0.000,0.000,0.790
16:11:00.085,51.294,-4.243,-4.687,True,0.000,0.000,-4.243,-4.687,6.323,0.000,0.000,0.000,0.955
16:11:00.105,51.315,-5.006,-5.705,True,0.000,0.000,-5.006,-5.705,7.590,0.000,0.000,0.000,1.049
16:11:00.126,51.335,-3.952,-3.696,True,0.000,0.000,-3.952,-3.696,5.411,0.000,0.000,0.000,0.886
16:11:00.146,51.355,-3.093,-2.993,True,0.000,0.000,-3.093,-2.993,4.304,0.000,0.000,0.000,1.008
16:11:00.166,51.376,-3.969,-5.117,True,0.000,0.000,-3.969,-5.117,6.476,0.000,0.000,0.000,0.957
16:11:00.187,51.396,-3.864,-4.049,True,0.000,0.000,-3.864,-4.049,5.597,0.000,0.000,0.000,1.269
16:11:00.207,51.417,-4.526,-5.839,True,0.000,0.000,-4.526,-5.839,7.388,0.000,0.000,0.000,0.967
16:11:00.228,51.437,-3.472,-3.617,True,0.000,0.000,-3.472,-3.617,5.013,0.000,0.000,0.000,1.076
16:11:00.248,51.457,-2.669,-2.802,True,0.000,0.000,-2.669,-2.802,3.870,0.000,0.000,0.000,1.019
16:11:00.268,51.477,-2.106,-1.370,True,0.000,0.000,-2.106,-1.370,2.512,0.000,0.000,0.000,0.918
16:11:00.289,51.499,-1.745,0.487,True,0.000,0.000,-1.745,0.487,1.812,0.000,0.000,0.000,0.602
16:11:00.311,51.520,-1.542,0.848,True,0.000,0.000,-1.542,0.848,1.760,0.000,0.000,0.000,1.117
16:11:00.331,51.540,-1.453,0.953,True,0.000,0.000,-1.453,0.953,1.738,0.000,0.000,0.000,0.952
16:11:00.351,51.560,-3.724,-2.616,True,0.000,0.000,-3.724,-2.616,4.551,0.000,0.000,0.000,0.569
16:11:00.372,51.581,-3.128,-1.788,True,0.000,0.000,-3.128,-1.788,3.602,0.000,0.000,0.000,0.888
16:11:00.392,51.601,-2.627,-1.104,True,0.000,0.000,-2.627,-1.104,2.850,0.000,0.000,0.000,0.572
16:11:00.413,51.622,-4.524,-4.100,True,0.000,0.000,-4.524,-4.100,6.105,0.000,0.000,0.000,1.062
16:11:00.433,51.643,-3.620,-2.770,True,0.000,0.000,-3.620,-2.770,4.558,0.000,0.000,0.000,1.069
16:11:00.454,51.663,-3.648,-1.684,True,0.000,0.000,-3.648,-1.684,4.018,0.000,0.000,0.000,1.042
16:11:00.475,51.684,-2.888,-0.867,True,0.000,0.000,-2.888,-0.867,3.015,0.000,0.000,0.000,1.186
16:11:00.495,51.705,-4.607,-3.815,True,0.000,0.000,-4.607,-3.815,5.981,0.000,0.000,0.000,0.984
16:11:00.516,51.725,-3.592,-2.491,True,0.000,0.000,-3.592,-2.491,4.371,0.000,0.000,0.000,0.550
16:11:00.536,51.745,-2.798,-1.442,True,0.000,0.000,-2.798,-1.442,3.148,0.000,0.000,0.000,0.863
16:11:00.557,51.766,-4.508,-4.190,True,0.000,0.000,-4.508,-4.190,6.155,0.000,0.000,0.000,1.118
16:11:00.577,51.786,-3.500,-2.708,True,0.000,0.000,-3.500,-2.708,4.425,0.000,0.000,0.000,1.124
16:11:00.598,51.807,-2.721,-1.544,True,0.000,0.000,-2.721,-1.544,3.128,0.000,0.000,0.000,1.043
16:11:00.619,51.828,-4.448,-4.214,True,0.000,0.000,-4.448,-4.214,6.127,0.000,0.000,0.000,1.013
16:11:00.639,51.849,-5.741,-6.200,True,0.000,0.000,-5.741,-6.200,8.450,0.000,0.000,0.000,0.965
16:11:00.659,51.868,-5.111,-7.562,True,0.000,0.000,-5.111,-7.562,9.127,0.000,0.000,0.000,0.630
16:11:00.680,51.889,-3.803,-4.891,True,0.000,0.000,-3.803,-4.891,6.196,0.000,0.000,0.000,0.713
16:11:00.701,51.910,-2.818,-2.792,True,0.000,0.000,-2.818,-2.792,3.967,0.000,0.000,0.000,1.202
16:11:00.722,51.931,-2.133,-1.266,True,0.000,0.000,-2.133,-1.266,2.480,0.000,0.000,0.000,1.073
16:11:00.742,51.951,-1.699,-0.248,True,0.000,0.000,-1.699,-0.248,1.717,0.000,0.000,0.000,1.149
16:11:00.763,51.972,-1.461,0.360,True,0.000,0.000,-1.461,0.360,1.505,0.000,0.000,0.000,0.770
16:11:00.784,51.993,-1.361,0.664,True,0.000,0.000,-1.361,0.664,1.514,0.000,0.000,0.000,0.971
16:11:00.804,52.013,-1.353,0.758,True,0.000,0.000,-1.353,0.758,1.550,0.000,0.000,0.000,0.947
16:11:00.824,52.033,-1.397,0.721,True,0.000,0.000,-1.397,0.721,1.572,0.000,0.000,0.000,0.838
16:11:00.844,52.053,-2.227,1.494,True,0.000,0.000,-2.227,1.494,2.681,0.000,0.000,0.000,0.956
16:11:00.865,52.074,-3.615,-2.397,True,0.000,0.000,-3.615,-2.397,4.338,0.000,0.000,0.000,1.058
16:11:00.885,52.094,-3.082,-1.777,True,0.000,0.000,-3.082,-1.777,3.558,0.000,0.000,0.000,1.013
16:11:00.905,52.115,-2.622,-4.729,True,0.000,0.000,-2.622,-4.729,5.408,0.000,0.000,0.000,1.049
16:11:00.925,52.134,-2.259,-3.300,True,0.000,0.000,-2.259,-3.300,3.999,0.000,0.000,0.000,0.576
16:11:00.946,52.155,-1.994,-2.095,True,0.000,0.000,-1.994,-2.095,2.892,0.000,0.000,0.000,0.970
16:11:00.966,52.175,-1.816,-1.161,True,0.000,0.000,-1.816,-1.161,2.156,0.000,0.000,0.000,0.575
16:11:00.986,52.196,-1.709,-1.371,True,0.000,0.000,-1.709,-1.371,2.191,0.000,0.000,0.000,0.739
16:11:01.007,52.216,-2.416,-1.569,True,0.000,0.000,-2.416,-1.569,2.881,0.000,0.000,0.000,1.098
16:11:01.027,52.236,-2.190,-0.859,True,0.000,0.000,-2.190,-0.859,2.352,0.000,0.000,0.000,0.993
16:11:01.048,52.257,-2.010,-0.353,True,0.000,0.000,-2.010,-0.353,2.041,0.000,0.000,0.000,0.946
16:11:01.068,52.277,-1.879,-0.023,True,0.000,0.000,-1.879,-0.023,1.879,0.000,0.000,0.000,0.516
16:11:01.088,52.297,-1.791,0.167,True,0.000,0.000,-1.791,0.167,1.799,0.000,0.000,0.000,0.575
16:11:01.112,52.321,-1.738,-0.624,True,0.000,0.000,-1.738,-0.624,1.847,0.000,0.000,0.000,0.929
16:11:01.132,52.341,-4.757,-2.120,True,0.000,0.000,-4.757,-2.120,5.208,0.000,0.000,0.000,1.111
16:11:01.153,52.362,-5.434,-4.961,True,0.000,0.000,-5.434,-4.961,7.358,0.000,0.000,0.000,1.049
16:11:01.173,52.382,-4.281,-3.440,True,0.000,0.000,-4.281,-3.440,5.492,0.000,0.000,0.000,0.535
16:11:01.194,52.403,-5.610,-5.683,True,0.000,0.000,-5.610,-5.683,7.986,0.000,0.000,0.000,1.217
16:11:01.214,52.423,-4.255,-3.736,True,0.000,0.000,-4.255,-3.736,5.662,0.000,0.000,0.000,0.677
16:11:01.234,52.444,-3.189,-2.185,True,0.000,0.000,-3.189,-2.185,3.866,0.000,0.000,0.000,1.165
16:11:01.254,52.463,-2.413,-1.044,True,0.000,0.000,-2.413,-1.044,2.629,0.000,0.000,0.000,0.698
16:11:01.274,52.483,-4.941,-1.150,True,0.000,0.000,-4.941,-1.150,5.073,0.000,0.000,0.000,0.681
16:11:01.295,52.504,-3.794,-0.436,True,0.000,0.000,-3.794,-0.436,3.819,0.000,0.000,0.000,1.080
16:11:01.317,52.526,-5.186,-3.494,True,0.000,0.000,-5.186,-3.494,6.253,0.000,0.000,0.000,0.662
16:11:01.337,52.546,-3.916,-2.271,True,0.000,0.000,-3.916,-2.271,4.527,0.000,0.000,0.000,0.743
16:11:01.357,52.566,-2.938,-1.306,True,0.000,0.000,-2.938,-1.306,3.216,0.000,0.000,0.000,0.672
16:11:01.377,52.587,-5.289,-2.360,True,0.000,0.000,-5.289,-2.360,5.791,0.000,0.000,0.000,0.667
16:11:01.398,52.607,-4.000,-2.284,True,0.000,0.000,-4.000,-2.284,4.606,0.000,0.000,0.000,0.946
16:11:01.419,52.628,-3.002,-1.333,True,0.000,0.000,-3.002,-1.333,3.285,0.000,0.000,0.000,1.126
16:11:01.439,52.648,-2.288,-0.634,True,0.000,0.000,-2.288,-0.634,2.374,0.000,0.000,0.000,0.547
16:11:01.459,52.668,-4.104,-3.676,True,0.000,0.000,-4.104,-3.676,5.510,0.000,0.000,0.000,0.939
16:11:01.480,52.689,-3.204,-1.544,True,0.000,0.000,-3.204,-1.544,3.556,0.000,0.000,0.000,1.054
16:11:01.500,52.709,-2.521,-0.785,True,0.000,0.000,-2.521,-0.785,2.640,0.000,0.000,0.000,0.835
16:11:01.523,52.732,-2.043,-0.260,True,0.000,0.000,-2.043,-0.260,2.060,0.000,0.000,0.000,1.047
16:11:01.543,52.753,-1.738,-0.809,True,0.000,0.000,-1.738,-0.809,1.918,0.000,0.000,0.000,1.085
16:11:01.563,52.772,-3.852,-4.783,True,0.000,0.000,-3.852,-4.783,6.142,0.000,0.000,0.000,0.508
16:11:01.583,52.793,-3.913,-5.928,True,0.000,0.000,-3.913,-5.928,7.103,0.000,0.000,0.000,0.563
16:11:01.604,52.814,-3.902,-3.964,True,0.000,0.000,-3.902,-3.964,5.563,0.000,0.000,0.000,1.181
16:11:01.624,52.834,-3.091,-2.377,True,0.000,0.000,-3.091,-2.377,3.899,0.000,0.000,0.000,0.696
16:11:01.645,52.854,-2.472,-1.192,True,0.000,0.000,-2.472,-1.192,2.745,0.000,0.000,0.000,1.060
16:11:01.665,52.875,-4.320,-3.892,True,0.000,0.000,-4.320,-3.892,5.815,0.000,0.000,0.000,0.910
16:11:01.686,52.895,-3.413,-2.418,True,0.000,0.000,-3.413,-2.418,4.183,0.000,0.000,0.000,0.564
16:11:01.707,52.916,-2.702,-1.293,True,0.000,0.000,-2.702,-1.293,2.995,0.000,0.000,0.000,0.818
16:11:01.727,52.937,-2.947,-0.499,True,0.000,0.000,-2.947,-0.499,2.989,0.000,0.000,0.000,1.250
16:11:01.747,52.956,-2.395,0.011,True,0.000,0.000,-2.395,0.011,2.395,0.000,0.000,0.000,0.570
16:11:01.768,52.977,-2.006,0.300,True,0.000,0.000,-2.006,0.300,2.028,0.000,0.000,0.000,0.985
16:11:01.788,52.997,-1.756,0.429,True,0.000,0.000,-1.756,0.429,1.808,0.000,0.000,0.000,0.644
16:11:01.810,53.019,-1.615,0.452,True,0.000,0.000,-1.615,0.452,1.677,0.000,0.000,0.000,0.878
16:11:01.830,53.039,-2.314,-3.105,True,0.000,0.000,-2.314,-3.105,3.872,0.000,0.000,0.000,1.002
16:11:01.850,53.060,-2.857,-3.090,True,0.000,0.000,-2.857,-3.090,4.208,0.000,0.000,0.000,1.011
16:11:01.871,53.080,-4.768,-6.473,True,0.000,0.000,-4.768,-6.473,8.039,0.000,0.000,0.000,1.079
16:11:01.890,53.100,-5.366,-7.959,True,0.000,0.000,-5.366,-7.959,9.599,0.000,0.000,0.000,0.595
16:11:01.911,53.120,-4.175,-5.312,True,0.000,0.000,-4.175,-5.312,6.757,0.000,0.000,0.000,0.842
16:11:01.932,53.141,-5.496,-6.692,True,0.000,0.000,-5.496,-6.692,8.660,0.000,0.000,0.000,0.991
16:11:01.952,53.161,-4.150,-4.135,True,0.000,0.000,-4.150,-4.135,5.858,0.000,0.000,0.000,0.774
16:11:01.973,53.182,-3.101,-3.068,True,0.000,0.000,-3.101,-3.068,4.362,0.000,0.000,0.000,1.012
16:11:01.993,53.202,-2.346,-2.340,True,0.000,0.000,-2.346,-2.340,3.313,0.000,0.000,0.000,1.003
16:11:02.014,53.223,-2.609,-1.010,True,0.000,0.000,-2.609,-1.010,2.798,0.000,0.000,0.000,0.976
16:11:02.035,53.244,-2.107,-1.013,True,0.000,0.000,-2.107,-1.013,2.338,0.000,0.000,0.000,1.115
16:11:02.055,53.264,-1.780,-0.258,True,0.000,0.000,-1.780,-0.258,1.799,0.000,0.000,0.000,1.084
16:11:02.075,53.284,-1.593,0.203,True,0.000,0.000,-1.593,0.203,1.606,0.000,0.000,0.000,0.578
16:11:02.096,53.305,-3.791,-3.954,True,0.000,0.000,-3.791,-3.954,5.478,0.000,0.000,0.000,1.225
16:11:02.116,53.325,-3.907,-5.301,True,0.000,0.000,-3.907,-5.301,6.585,0.000,0.000,0.000,0.621
16:11:02.136,53.346,-3.167,-3.527,True,0.000,0.000,-3.167,-3.527,4.740,0.000,0.000,0.000,0.831
16:11:02.157,53.366,-4.864,-6.494,True,0.000,0.000,-4.864,-6.494,8.113,0.000,0.000,0.000,0.948
16:11:02.177,53.386,-3.806,-4.226,True,0.000,0.000,-3.806,-4.226,5.687,0.000,0.000,0.000,0.505
16:11:02.198,53.407,-3.724,-5.950,True,0.000,0.000,-3.724,-5.950,7.019,0.000,0.000,0.000,0.553
16:11:02.218,53.428,-5.177,-8.071,True,0.000,0.000,-5.177,-8.071,9.588,0.000,0.000,0.000,1.098
16:11:02.238,53.448,-5.466,-9.529,True,0.000,0.000,-5.466,-9.529,10.985,0.000,0.000,0.000,1.052
16:11:02.258,53.467,-4.087,-6.922,True,0.000,0.000,-4.087,-6.922,8.039,0.000,0.000,0.000,0.626
16:11:02.279,53.488,-4.551,-8.375,True,0.000,0.000,-4.551,-8.375,9.531,0.000,0.000,0.000,1.100
16:11:02.299,53.508,-3.380,-5.902,True,0.000,0.000,-3.380,-5.902,6.801,0.000,0.000,0.000,1.072
16:11:02.320,53.529,-3.284,-3.157,True,0.000,0.000,-3.284,-3.157,4.556,0.000,0.000,0.000,1.072
16:11:02.340,53.549,-2.497,-1.222,True,0.000,0.000,-2.497,-1.222,2.780,0.000,0.000,0.000,0.884
16:11:02.360,53.569,-1.963,0.903,True,0.000,0.000,-1.963,0.903,2.161,0.000,0.000,0.000,0.785
16:11:02.380,53.589,-3.159,-2.148,True,0.000,0.000,-3.159,-2.148,3.820,0.000,0.000,0.000,0.592
16:11:02.401,53.610,-2.570,-0.201,True,0.000,0.000,-2.570,-0.201,2.577,0.000,0.000,0.000,0.764
16:11:02.421,53.630,-2.139,1.171,True,0.000,0.000,-2.139,1.171,2.439,0.000,0.000,0.000,0.576
16:11:02.442,53.651,-4.134,-2.339,True,0.000,0.000,-4.134,-2.339,4.750,0.000,0.000,0.000,0.765
16:11:02.463,53.672,-4.094,-2.389,True,0.000,0.000,-4.094,-2.389,4.740,0.000,0.000,0.000,1.003
16:11:02.483,53.692,-3.243,-1.497,True,0.000,0.000,-3.243,-1.497,3.572,0.000,0.000,0.000,0.855
16:11:02.503,53.712,-2.583,-0.812,True,0.000,0.000,-2.583,-0.812,2.708,0.000,0.000,0.000,0.620
16:11:02.524,53.733,-2.111,-0.326,True,0.000,0.000,-2.111,-0.326,2.136,0.000,0.000,0.000,1.125
16:11:02.546,53.755,-1.802,-0.011,True,0.000,0.000,-1.802,-0.011,1.802,0.000,0.000,0.000,1.118
16:11:02.566,53.775,-1.622,-0.709,True,0.000,0.000,-1.622,-0.709,1.770,0.000,0.000,0.000,1.036
16:11:02.586,53.795,-1.536,-0.385,True,0.000,0.000,-1.536,-0.385,1.584,0.000,0.000,0.000,1.063
16:11:02.606,53.816,-2.276,-3.671,True,0.000,0.000,-2.276,-3.671,4.319,0.000,0.000,0.000,1.108
16:11:02.627,53.836,-2.085,-2.556,True,0.000,0.000,-2.085,-2.556,3.298,0.000,0.000,0.000,0.816
16:11:02.647,53.856,-1.938,-1.619,True,0.000,0.000,-1.938,-1.619,2.525,0.000,0.000,0.000,0.799
16:11:02.667,53.876,-4.118,-4.409,True,0.000,0.000,-4.118,-4.409,6.033,0.000,0.000,0.000,0.559
16:11:02.688,53.897,-6.469,-4.683,True,0.000,0.000,-6.469,-4.683,7.986,0.000,0.000,0.000,0.848
16:11:02.708,53.917,-5.041,-3.888,True,0.000,0.000,-5.041,-3.888,6.366,0.000,0.000,0.000,0.788
16:11:02.729,53.938,-4.601,-3.216,True,0.000,0.000,-4.601,-3.216,5.614,0.000,0.000,0.000,0.874
16:11:02.749,53.959,-3.463,-1.815,True,0.000,0.000,-3.463,-1.815,3.910,0.000,0.000,0.000,1.054
16:11:02.770,53.979,-2.614,-0.803,True,0.000,0.000,-2.614,-0.803,2.735,0.000,0.000,0.000,0.958
16:11:02.790,53.999,-2.792,0.747,True,0.000,0.000,-2.792,0.747,2.890,0.000,0.000,0.000,0.764
16:11:02.811,54.020,-2.220,1.782,True,0.000,0.000,-2.220,1.782,2.846,0.000,0.000,0.000,0.880
16:11:02.831,54.040,-1.840,0.643,True,0.000,0.000,-1.840,0.643,1.949,0.000,0.000,0.000,1.024
16:11:02.852,54.061,-3.899,-2.959,True,0.000,0.000,-3.899,-2.959,4.895,0.000,0.000,0.000,1.002
16:11:02.872,54.081,-5.446,-5.625,True,0.000,0.000,-5.446,-5.625,7.829,0.000,0.000,0.000,0.808
16:11:02.893,54.102,-6.518,-7.441,True,0.000,0.000,-6.518,-7.441,9.892,0.000,0.000,0.000,1.112
16:11:02.912,54.122,-4.908,-5.043,True,0.000,0.000,-4.908,-5.043,7.038,0.000,0.000,0.000,0.594
16:11:02.934,54.143,-3.620,-3.081,True,0.000,0.000,-3.620,-3.081,4.754,0.000,0.000,0.000,1.061
16:11:02.954,54.164,-2.667,-0.720,True,0.000,0.000,-2.667,-0.720,2.763,0.000,0.000,0.000,0.604
16:11:02.975,54.184,-4.302,-1.687,True,0.000,0.000,-4.302,-1.687,4.621,0.000,0.000,0.000,1.131
16:11:02.995,54.204,-3.276,-0.762,True,0.000,0.000,-3.276,-0.762,3.363,0.000,0.000,0.000,0.692
16:11:03.016,54.225,-2.513,-0.146,True,0.000,0.000,-2.513,-0.146,2.517,0.000,0.000,0.000,1.095
16:11:03.036,54.245,-1.990,0.222,True,0.000,0.000,-1.990,0.222,2.002,0.000,0.000,0.000,0.783
16:11:03.056,54.265,-1.666,0.405,True,0.000,0.000,-1.666,0.405,1.715,0.000,0.000,0.000,0.759
16:11:03.076,54.286,-1.494,0.461,True,0.000,0.000,-1.494,0.461,1.563,0.000,0.000,0.000,0.607
16:11:03.097,54.306,-1.428,0.438,True,0.000,0.000,-1.428,0.438,1.494,0.000,0.000,0.000,1.085
16:11:03.117,54.326,-1.431,-3.142,True,0.000,0.000,-1.431,-3.142,3.453,0.000,0.000,0.000,0.537
16:11:03.137,54.347,-1.472,-2.258,True,0.000,0.000,-1.472,-2.258,2.695,0.000,0.000,0.000,0.663
16:11:03.158,54.368,-1.530,-2.366,True,0.000,0.000,-1.530,-2.366,2.818,0.000,0.000,0.000,1.134
16:11:03.179,54.388,-1.591,-1.510,True,0.000,0.000,-1.591,-1.510,2.194,0.000,0.000,0.000,1.015
16:11:03.199,54.409,-1.557,-1.483,False,0.000,0.000,-1.557,-1.483,2.150,0.000,0.000,0.000,1.031
16:11:03.220,54.429,-2.654,-0.636,True,0.000,0.000,-2.654,-0.636,2.729,0.000,0.000,0.000,1.018
16:11:03.241,54.450,-2.352,-0.208,True,0.000,0.000,-2.352,-0.208,2.361,0.000,0.000,0.000,0.867
16:11:03.261,54.470,-2.150,0.040,True,0.000,0.000,-2.150,0.040,2.150,0.000,0.000,0.000,1.328
16:11:03.282,54.491,-2.000,1.065,True,0.000,0.000,-2.000,1.065,2.265,0.000,0.000,0.000,1.082
16:11:03.302,54.511,-1.888,0.875,True,0.000,0.000,-1.888,0.875,2.081,0.000,0.000,0.000,1.028
16:11:03.322,54.531,-2.572,-2.852,True,0.000,0.000,-2.572,-2.852,3.841,0.000,0.000,0.000,0.997
16:11:03.342,54.551,-3.076,-3.845,True,0.000,0.000,-3.076,-3.845,4.924,0.000,0.000,0.000,1.050
16:11:03.364,54.573,-2.653,-2.675,True,0.000,0.000,-2.653,-2.675,3.768,0.000,0.000,0.000,0.923
16:11:03.385,54.594,-2.308,0.070,True,0.000,0.000,-2.308,0.070,2.309,0.000,0.000,0.000,1.074
16:11:03.404,54.613,-2.047,0.345,True,0.000,0.000,-2.047,0.345,2.076,0.000,0.000,0.000,0.543
16:11:03.425,54.634,-3.389,-3.938,True,0.000,0.000,-3.389,-3.938,5.196,0.000,0.000,0.000,1.065
16:11:03.445,54.654,-3.617,-3.597,True,0.000,0.000,-3.617,-3.597,5.101,0.000,0.000,0.000,0.838
16:11:03.466,54.675,-3.737,-4.098,True,0.000,0.000,-3.737,-4.098,5.546,0.000,0.000,0.000,1.031
16:11:03.488,54.697,-6.064,-5.259,True,0.000,0.000,-6.064,-5.259,8.027,0.000,0.000,0.000,1.241
16:11:03.508,54.717,-4.671,-2.505,True,0.000,0.000,-4.671,-2.505,5.300,0.000,0.000,0.000,0.993
16:11:03.528,54.737,-3.534,-1.279,True,0.000,0.000,-3.534,-1.279,3.758,0.000,0.000,0.000,0.886
16:11:03.549,54.758,-2.677,-0.430,True,0.000,0.000,-2.677,-0.430,2.711,0.000,0.000,0.000,1.133
16:11:03.569,54.778,-2.082,0.105,True,0.000,0.000,-2.082,0.105,2.084,0.000,0.000,0.000,0.940
16:11:03.589,54.798,-1.706,-0.483,True,0.000,0.000,-1.706,-0.483,1.773,0.000,0.000,0.000,0.745
16:11:03.610,54.819,-3.021,-3.638,True,0.000,0.000,-3.021,-3.638,4.729,0.000,0.000,0.000,1.108
16:11:03.630,54.840,-2.517,-1.574,True,0.000,0.000,-2.517,-1.574,2.969,0.000,0.000,0.000,0.847
16:11:03.651,54.860,-2.141,-0.851,True,0.000,0.000,-2.141,-0.851,2.304,0.000,0.000,0.000,0.868
16:11:03.671,54.881,-4.167,-3.854,True,0.000,0.000,-4.167,-3.854,5.676,0.000,0.000,0.000,1.219
16:11:03.692,54.901,-5.663,-6.072,True,0.000,0.000,-5.663,-6.072,8.303,0.000,0.000,0.000,0.902
16:11:03.712,54.921,-4.396,-4.944,True,0.000,0.000,-4.396,-4.944,6.616,0.000,0.000,0.000,0.660
16:11:03.732,54.942,-3.363,-3.958,True,0.000,0.000,-3.363,-3.958,5.194,0.000,0.000,0.000,0.976
16:11:03.753,54.962,-3.348,-5.806,True,0.000,0.000,-3.348,-5.806,6.702,0.000,0.000,0.000,1.110
16:11:03.773,54.983,-4.883,-7.136,True,0.000,0.000,-4.883,-7.136,8.647,0.000,0.000,0.000,1.093
16:11:03.794,55.003,-3.731,-3.618,True,0.000,0.000,-3.731,-3.618,5.198,0.000,0.000,0.000,1.010
16:11:03.814,55.023,-2.843,-0.947,True,0.000,0.000,-2.843,-0.947,2.996,0.000,0.000,0.000,1.086
16:11:03.834,55.043,-2.210,0.049,True,0.000,0.000,-2.210,0.049,2.210,0.000,0.000,0.000,0.605
16:11:03.854,55.063,-1.797,0.609,True,0.000,0.000,-1.797,0.609,1.897,0.000,0.000,0.000,0.629
16:11:03.877,55.086,-1.558,0.855,True,0.000,0.000,-1.558,0.855,1.778,0.000,0.000,0.000,1.149
16:11:03.898,55.107,-1.447,0.894,True,0.000,0.000,-1.447,0.894,1.701,0.000,0.000,0.000,1.076
16:11:03.919,55.129,-1.422,-0.069,True,0.000,0.000,-1.422,-0.069,1.424,0.000,0.000,0.000,1.055
16:11:03.939,55.149,-2.210,0.029,True,0.000,0.000,-2.210,0.029,2.210,0.000,0.000,0.000,0.698
16:11:03.960,55.169,-2.053,0.081,True,0.000,0.000,-2.053,0.081,2.055,0.000,0.000,0.000,1.084
16:11:03.980,55.189,-4.214,-3.415,True,0.000,0.000,-4.214,-3.415,5.424,0.000,0.000,0.000,0.523
16:11:04.000,55.209,-5.020,-6.844,True,0.000,0.000,-5.020,-6.844,8.488,0.000,0.000,0.000,0.753
16:11:04.021,55.230,-3.989,-4.798,True,0.000,0.000,-3.989,-4.798,6.239,0.000,0.000,0.000,1.157
16:11:04.041,55.250,-3.138,-3.065,True,0.000,0.000,-3.138,-3.065,4.387,0.000,0.000,0.000,0.977
16:11:04.062,55.271,-2.492,-1.715,True,0.000,0.000,-2.492,-1.715,3.025,0.000,0.000,0.000,1.053
16:11:04.082,55.291,-3.561,-4.260,True,0.000,0.000,-3.561,-4.260,5.552,0.000,0.000,0.000,1.045
16:11:04.102,55.311,-5.136,-7.048,True,0.000,0.000,-5.136,-7.048,8.721,0.000,0.000,0.000,0.956
16:11:04.123,55.332,-3.977,-3.734,True,0.000,0.000,-3.977,-3.734,5.455,0.000,0.000,0.000,0.766
16:11:04.143,55.352,-3.055,-2.042,True,0.000,0.000,-3.055,-2.042,3.675,0.000,0.000,0.000,0.585
16:11:04.163,55.372,-2.378,-0.838,True,0.000,0.000,-2.378,-0.838,2.521,0.000,0.000,0.000,0.568
16:11:04.184,55.393,-1.920,-0.054,True,0.000,0.000,-1.920,-0.054,1.921,0.000,0.000,0.000,0.613
16:11:04.204,55.413,-1.641,0.399,True,0.000,0.000,-1.641,0.399,1.689,0.000,0.000,0.000,0.605
16:11:04.224,55.433,-1.497,-1.149,True,0.000,0.000,-1.497,-1.149,1.887,0.000,0.000,0.000,0.610
16:11:04.245,55.454,-3.731,-4.134,True,0.000,0.000,-3.731,-4.134,5.569,0.000,0.000,0.000,1.060
16:11:04.265,55.475,-3.875,-1.915,True,0.000,0.000,-3.875,-1.915,4.322,0.000,0.000,0.000,1.003
16:11:04.286,55.495,-3.154,-0.184,True,0.000,0.000,-3.154,-0.184,3.160,0.000,0.000,0.000,0.683
16:11:04.306,55.515,-2.580,0.186,True,0.000,0.000,-2.580,0.186,2.587,0.000,0.000,0.000,0.589
16:11:04.327,55.536,-2.918,-0.505,True,0.000,0.000,-2.918,-0.505,2.961,0.000,0.000,0.000,0.929
16:11:04.346,55.555,-2.422,-3.716,True,0.000,0.000,-2.422,-3.716,4.435,0.000,0.000,0.000,0.515
16:11:04.367,55.576,-2.061,-3.433,True,0.000,0.000,-2.061,-3.433,4.004,0.000,0.000,0.000,1.061
16:11:04.387,55.597,-2.583,-2.227,True,0.000,0.000,-2.583,-2.227,3.411,0.000,0.000,0.000,0.685
16:11:04.408,55.617,-2.231,-0.399,True,0.000,0.000,-2.231,-0.399,2.266,0.000,0.000,0.000,0.762
16:11:04.428,55.638,-1.975,-0.827,True,0.000,0.000,-1.975,-0.827,2.141,0.000,0.000,0.000,1.187
16:11:04.449,55.658,-1.805,-0.335,True,0.000,0.000,-1.805,-0.335,1.836,0.000,0.000,0.000,0.977
16:11:04.469,55.678,-1.704,-0.016,True,0.000,0.000,-1.704,-0.016,1.704,0.000,0.000,0.000,0.981
16:11:04.491,55.700,-3.937,-3.348,True,0.000,0.000,-3.937,-3.348,5.168,0.000,0.000,0.000,1.016
16:11:04.511,55.720,-4.056,-5.813,True,0.000,0.000,-4.056,-5.813,7.089,0.000,0.000,0.000,0.928
16:11:04.531,55.740,-3.300,-3.978,True,0.000,0.000,-3.300,-3.978,5.169,0.000,0.000,0.000,0.599
16:11:04.552,55.761,-2.688,-2.462,True,0.000,0.000,-2.688,-2.462,3.645,0.000,0.000,0.000,0.560
16:11:04.573,55.782,-2.230,-1.308,True,0.000,0.000,-2.230,-1.308,2.586,0.000,0.000,0.000,1.111
16:11:04.596,55.805,-2.676,-4.011,True,0.000,0.000,-2.676,-4.011,4.822,0.000,0.000,0.000,0.687
16:11:04.617,55.826,-3.032,-3.404,True,0.000,0.000,-3.032,-3.404,4.558,0.000,0.000,0.000,1.022
16:11:04.637,55.846,-2.532,-2.018,True,0.000,0.000,-2.532,-2.018,3.237,0.000,0.000,0.000,0.782
16:11:04.657,55.867,-2.156,-4.505,True,0.000,0.000,-2.156,-4.505,4.995,0.000,0.000,0.000,0.894
16:11:04.678,55.887,-1.896,-1.959,True,0.000,0.000,-1.896,-1.959,2.726,0.000,0.000,0.000,1.131
16:11:04.698,55.907,-2.495,-1.794,True,0.000,0.000,-2.495,-1.794,3.073,0.000,0.000,0.000,0.919
16:11:04.719,55.928,-2.196,-1.729,True,0.000,0.000,-2.196,-1.729,2.795,0.000,0.000,0.000,0.913
16:11:04.739,55.948,-2.737,-3.486,True,0.000,0.000,-2.737,-3.486,4.433,0.000,0.000,0.000,0.655
16:11:04.760,55.969,-2.378,-2.162,True,0.000,0.000,-2.378,-2.162,3.213,0.000,0.000,0.000,0.983
16:11:04.780,55.989,-4.385,-4.667,True,0.000,0.000,-4.385,-4.667,6.403,0.000,0.000,0.000,1.092
16:11:04.800,56.009,-4.321,-5.627,True,0.000,0.000,-4.321,-5.627,7.095,0.000,0.000,0.000,0.566
16:11:04.821,56.030,-3.430,-3.594,True,0.000,0.000,-3.430,-3.594,4.969,0.000,0.000,0.000,0.719
16:11:04.842,56.051,-2.726,-2.012,True,0.000,0.000,-2.726,-2.012,3.388,0.000,0.000,0.000,1.012
16:11:04.862,56.071,-2.211,-1.752,True,0.000,0.000,-2.211,-1.752,2.821,0.000,0.000,0.000,1.117
16:11:04.883,56.092,-1.866,-0.759,True,0.000,0.000,-1.866,-0.759,2.014,0.000,0.000,0.000,0.963
16:11:04.903,56.112,-1.657,-0.104,True,0.000,0.000,-1.657,-0.104,1.661,0.000,0.000,0.000,1.445
16:11:04.923,56.132,-1.552,-3.235,True,0.000,0.000,-1.552,-3.235,3.588,0.000,0.000,0.000,0.634
16:11:04.943,56.152,-1.517,-2.084,True,0.000,0.000,-1.517,-2.084,2.577,0.000,0.000,0.000,0.637
16:11:04.964,56.173,-3.811,-4.697,True,0.000,0.000,-3.811,-4.697,6.049,0.000,0.000,0.000,0.813
16:11:04.985,56.194,-3.217,-3.957,True,0.000,0.000,-3.217,-3.957,5.100,0.000,0.000,0.000,1.130
16:11:05.004,56.214,-2.708,-2.430,True,0.000,0.000,-2.708,-2.430,3.638,0.000,0.000,0.000,0.654
16:11:05.025,56.234,-2.306,-1.273,True,0.000,0.000,-2.306,-1.273,2.634,0.000,0.000,0.000,0.650
16:11:05.046,56.255,-2.013,-0.464,True,0.000,0.000,-2.013,-0.464,2.066,0.000,0.000,0.000,1.067
16:11:05.066,56.275,-1.818,-1.706,True,0.000,0.000,-1.818,-1.706,2.493,0.000,0.000,0.000,0.757
16:11:05.086,56.295,-1.700,-0.936,True,0.000,0.000,-1.700,-0.936,1.941,0.000,0.000,0.000,1.056
16:11:05.106,56.315,-1.641,-0.387,True,0.000,0.000,-1.641,-0.387,1.686,0.000,0.000,0.000,0.666
16:11:05.126,56.335,-1.622,-0.029,True,0.000,0.000,-1.622,-0.029,1.622,0.000,0.000,0.000,0.997
16:11:05.148,56.357,-1.629,-0.701,True,0.000,0.000,-1.629,-0.701,1.773,0.000,0.000,0.000,1.054
16:11:05.168,56.377,-4.694,-2.120,True,0.000,0.000,-4.694,-2.120,5.151,0.000,0.000,0.000,1.081
16:11:05.189,56.398,-6.928,-3.160,True,0.000,0.000,-6.928,-3.160,7.615,0.000,0.000,0.000,1.118
16:11:05.210,56.419,-5.379,-2.103,True,0.000,0.000,-5.379,-2.103,5.776,0.000,0.000,0.000,1.072
16:11:05.230,56.440,-5.592,-4.767,True,0.000,0.000,-5.592,-4.767,7.348,0.000,0.000,0.000,1.083
16:11:05.251,56.461,-4.156,-3.169,True,0.000,0.000,-4.156,-3.169,5.226,0.000,0.000,0.000,1.005
16:11:05.272,56.481,-5.339,-5.400,True,0.000,0.000,-5.339,-5.400,7.593,0.000,0.000,0.000,0.890
16:11:05.292,56.501,-6.217,-6.995,True,0.000,0.000,-6.217,-6.995,9.358,0.000,0.000,0.000,1.200
16:11:05.312,56.521,-4.532,-5.404,True,0.000,0.000,-4.532,-5.404,7.053,0.000,0.000,0.000,0.507
16:11:05.333,56.542,-3.246,-3.220,True,0.000,0.000,-3.246,-3.220,4.572,0.000,0.000,0.000,1.033
16:11:05.353,56.562,-2.339,-2.475,True,0.000,0.000,-2.339,-2.475,3.405,0.000,0.000,0.000,0.640
16:11:05.374,56.583,-1.755,-1.120,True,0.000,0.000,-1.755,-1.120,2.082,0.000,0.000,0.000,0.905
16:11:05.394,56.603,-1.424,-1.096,True,0.000,0.000,-1.424,-1.096,1.797,0.000,0.000,0.000,0.972
16:11:05.414,56.623,-1.276,0.564,True,0.000,0.000,-1.276,0.564,1.395,0.000,0.000,0.000,0.786
16:11:05.435,56.644,-1.250,0.804,True,0.000,0.000,-1.250,0.804,1.487,0.000,0.000,0.000,0.953
16:11:05.455,56.664,-2.058,0.846,True,0.000,0.000,-2.058,0.846,2.225,0.000,0.000,0.000,0.806
16:11:05.475,56.685,-1.931,0.769,True,0.000,0.000,-1.931,0.769,2.078,0.000,0.000,0.000,0.687
16:11:05.496,56.705,-1.839,-2.882,True,0.000,0.000,-1.839,-2.882,3.419,0.000,0.000,0.000,0.826
16:11:05.516,56.726,-1.778,-1.189,True,0.000,0.000,-1.778,-1.189,2.139,0.000,0.000,0.000,1.089
16:11:05.536,56.745,-4.026,-5.117,True,0.000,0.000,-4.026,-5.117,6.511,0.000,0.000,0.000,0.788
16:11:05.556,56.766,-3.381,-3.559,True,0.000,0.000,-3.381,-3.559,4.909,0.000,0.000,0.000,0.507
16:11:05.577,56.786,-2.823,-1.372,True,0.000,0.000,-2.823,-1.372,3.138,0.000,0.000,0.000,0.773
16:11:05.598,56.807,-3.141,-4.117,True,0.000,0.000,-3.141,-4.117,5.178,0.000,0.000,0.000,0.589
16:11:05.619,56.828,-2.607,-2.642,True,0.000,0.000,-2.607,-2.642,3.712,0.000,0.000,0.000,1.049
16:11:05.639,56.848,-2.203,-1.490,True,0.000,0.000,-2.203,-1.490,2.660,0.000,0.000,0.000,0.895
16:11:05.659,56.868,-1.922,-0.658,True,0.000,0.000,-1.922,-0.658,2.031,0.000,0.000,0.000,0.504
16:11:05.680,56.889,-1.743,-0.985,True,0.000,0.000,-1.743,-0.985,2.002,0.000,0.000,0.000,1.030
16:11:05.700,56.910,-1.644,-1.296,True,0.000,0.000,-1.644,-1.296,2.094,0.000,0.000,0.000,0.941
16:11:05.721,56.930,-3.125,-2.440,True,0.000,0.000,-3.125,-2.440,3.965,0.000,0.000,0.000,1.214
16:11:05.741,56.950,-2.703,-1.527,True,0.000,0.000,-2.703,-1.527,3.104,0.000,0.000,0.000,1.014
16:11:05.762,56.971,-2.351,-0.827,True,0.000,0.000,-2.351,-0.827,2.492,0.000,0.000,0.000,1.140
16:11:05.782,56.991,-5.127,-1.209,True,0.000,0.000,-5.127,-1.209,5.268,0.000,0.000,0.000,0.910
16:11:05.802,57.011,-4.100,-0.646,True,0.000,0.000,-4.100,-0.646,4.151,0.000,0.000,0.000,0.724
16:11:05.823,57.032,-4.000,-1.128,True,0.000,0.000,-4.000,-1.128,4.156,0.000,0.000,0.000,1.319
16:11:05.843,57.052,-3.126,-0.631,True,0.000,0.000,-3.126,-0.631,3.190,0.000,0.000,0.000,0.912
16:11:05.863,57.072,-3.991,-4.668,True,0.000,0.000,-3.991,-4.668,6.142,0.000,0.000,0.000,1.065
16:11:05.883,57.093,-3.115,-3.226,True,0.000,0.000,-3.115,-3.226,4.484,0.000,0.000,0.000,1.121
16:11:05.903,57.112,-3.218,-4.659,True,0.000,0.000,-3.218,-4.659,5.662,0.000,0.000,0.000,0.564
16:11:05.924,57.133,-2.552,-3.010,True,0.000,0.000,-2.552,-3.010,3.947,0.000,0.000,0.000,0.981
16:11:05.944,57.154,-2.080,-1.716,True,0.000,0.000,-2.080,-1.716,2.696,0.000,0.000,0.000,0.930
16:11:05.965,57.174,-1.775,-1.654,True,0.000,0.000,-1.775,-1.654,2.426,0.000,0.000,0.000,1.051
16:11:05.985,57.194,-1.600,-0.786,True,0.000,0.000,-1.600,-0.786,1.782,0.000,0.000,0.000,0.590
16:11:06.006,57.215,-1.520,-0.199,True,0.000,0.000,-1.520,-0.199,1.533,0.000,0.000,0.000,1.187
16:11:06.026,57.235,-1.504,0.159,True,0.000,0.000,-1.504,0.159,1.512,0.000,0.000,0.000,1.242
16:11:06.046,57.255,-1.525,-0.536,True,0.000,0.000,-1.525,-0.536,1.617,0.000,0.000,0.000,0.711
16:11:06.066,57.275,-3.089,-4.624,True,0.000,0.000,-3.089,-4.624,5.561,0.000,0.000,0.000,0.997
16:11:06.086,57.295,-2.718,-3.216,True,0.000,0.000,-2.718,-3.216,4.211,0.000,0.000,0.000,0.921
16:11:06.106,57.315,-2.394,-1.155,True,0.000,0.000,-2.394,-1.155,2.658,0.000,0.000,0.000,0.607
16:11:06.127,57.336,-5.180,-1.361,True,0.000,0.000,-5.180,-1.361,5.356,0.000,0.000,0.000,0.971
16:11:06.147,57.356,-4.153,-0.680,True,0.000,0.000,-4.153,-0.680,4.208,0.000,0.000,0.000,0.598
16:11:06.167,57.376,-3.285,-0.212,True,0.000,0.000,-3.285,-0.212,3.292,0.000,0.000,0.000,0.807
16:11:06.187,57.397,-4.134,-4.315,True,0.000,0.000,-4.134,-4.315,5.976,0.000,0.000,0.000,0.891
16:11:06.208,57.417,-3.232,-2.952,True,0.000,0.000,-3.232,-2.952,4.377,0.000,0.000,0.000,1.076
16:11:06.228,57.438,-2.545,-1.826,True,0.000,0.000,-2.545,-1.826,3.133,0.000,0.000,0.000,1.005
16:11:06.249,57.458,-2.062,-0.969,True,0.000,0.000,-2.062,-0.969,2.279,0.000,0.000,0.000,1.001
16:11:06.270,57.479,-1.752,-0.367,True,0.000,0.000,-1.752,-0.367,1.790,0.000,0.000,0.000,1.163
16:11:06.290,57.499,-1.577,-0.859,True,0.000,0.000,-1.577,-0.859,1.796,0.000,0.000,0.000,0.594
16:11:06.311,57.520,-3.784,-3.916,True,0.000,0.000,-3.784,-3.916,5.446,0.000,0.000,0.000,0.928
16:11:06.331,57.540,-3.145,-2.642,True,0.000,0.000,-3.145,-2.642,4.107,0.000,0.000,0.000,0.839
16:11:06.351,57.560,-2.617,-1.604,True,0.000,0.000,-2.617,-1.604,3.070,0.000,0.000,0.000,0.951
16:11:06.372,57.581,-2.216,-0.823,True,0.000,0.000,-2.216,-0.823,2.364,0.000,0.000,0.000,0.821
16:11:06.392,57.601,-3.457,-3.797,True,0.000,0.000,-3.457,-3.797,5.135,0.000,0.000,0.000,0.804
16:11:06.412,57.621,-2.859,-2.490,True,0.000,0.000,-2.859,-2.490,3.791,0.000,0.000,0.000,0.975
16:11:06.433,57.642,-2.389,-1.451,True,0.000,0.000,-2.389,-1.451,2.795,0.000,0.000,0.000,0.759
16:11:06.454,57.663,-2.048,-0.688,True,0.000,0.000,-2.048,-0.688,2.160,0.000,0.000,0.000,1.226
16:11:06.474,57.683,-1.820,-1.051,True,0.000,0.000,-1.820,-1.051,2.102,0.000,0.000,0.000,0.756
16:11:06.494,57.703,-1.684,-0.496,True,0.000,0.000,-1.684,-0.496,1.756,0.000,0.000,0.000,0.614
16:11:06.515,57.724,-1.617,-0.121,True,0.000,0.000,-1.617,-0.121,1.621,0.000,0.000,0.000,1.059
16:11:06.535,57.744,-1.596,0.106,True,0.000,0.000,-1.596,0.106,1.599,0.000,0.000,0.000,1.020
16:11:06.555,57.764,-1.604,0.223,True,0.000,0.000,-1.604,0.223,1.620,0.000,0.000,0.000,0.881
16:11:06.575,57.785,-1.628,0.263,True,0.000,0.000,-1.628,0.263,1.649,0.000,0.000,0.000,1.130
16:11:06.596,57.805,-1.658,-0.624,True,0.000,0.000,-1.658,-0.624,1.772,0.000,0.000,0.000,1.083
16:11:06.615,57.824,-4.733,-2.176,True,0.000,0.000,-4.733,-2.176,5.209,0.000,0.000,0.000,0.722
16:11:06.636,57.845,-3.923,-1.526,True,0.000,0.000,-3.923,-1.526,4.209,0.000,0.000,0.000,0.769
16:11:06.657,57.866,-3.206,-5.370,True,0.000,0.000,-3.206,-5.370,6.254,0.000,0.000,0.000,0.951
16:11:06.678,57.887,-2.628,-3.734,True,0.000,0.000,-2.628,-3.734,4.566,0.000,0.000,0.000,1.067
16:11:06.698,57.907,-2.196,-3.239,True,0.000,0.000,-2.196,-3.239,3.914,0.000,0.000,0.000,0.818
16:11:06.718,57.927,-1.900,-2.816,True,0.000,0.000,-1.900,-2.816,3.397,0.000,0.000,0.000,0.629
16:11:06.738,57.947,-1.715,-2.482,True,0.000,0.000,-1.715,-2.482,3.017,0.000,0.000,0.000,0.610
16:11:06.759,57.968,-3.900,-4.877,True,0.000,0.000,-3.900,-4.877,6.245,0.000,0.000,0.000,0.812
16:11:06.779,57.988,-3.996,-2.233,True,0.000,0.000,-3.996,-2.233,4.578,0.000,0.000,0.000,0.844
16:11:06.799,58.008,-3.995,-2.859,True,0.000,0.000,-3.995,-2.859,4.913,0.000,0.000,0.000,0.548
16:11:06.820,58.029,-3.178,-0.723,True,0.000,0.000,-3.178,-0.723,3.260,0.000,0.000,0.000,0.592
16:11:06.841,58.050,-4.830,-3.575,True,0.000,0.000,-4.830,-3.575,6.009,0.000,0.000,0.000,1.027
16:11:06.861,58.070,-3.751,-2.225,True,0.000,0.000,-3.751,-2.225,4.361,0.000,0.000,0.000,0.932
16:11:06.881,58.090,-2.901,-0.314,True,0.000,0.000,-2.901,-0.314,2.918,0.000,0.000,0.000,0.773
16:11:06.901,58.110,-2.283,0.173,True,0.000,0.000,-2.283,0.173,2.290,0.000,0.000,0.000,0.767
16:11:06.921,58.130,-1.870,0.430,True,0.000,0.000,-1.870,0.430,1.919,0.000,0.000,0.000,0.599
16:11:06.943,58.152,-1.623,0.525,True,0.000,0.000,-1.623,0.525,1.706,0.000,0.000,0.000,1.075
16:11:06.963,58.172,-1.499,-0.362,True,0.000,0.000,-1.499,-0.362,1.543,0.000,0.000,0.000,1.089
16:11:06.983,58.192,-1.461,-0.187,True,0.000,0.000,-1.461,-0.187,1.472,0.000,0.000,0.000,0.664
16:11:07.004,58.213,-1.475,-0.065,True,0.000,0.000,-1.475,-0.065,1.476,0.000,0.000,0.000,1.007
16:11:07.024,58.233,-3.801,-4.382,True,0.000,0.000,-3.801,-4.382,5.801,0.000,0.000,0.000,0.891
16:11:07.045,58.254,-5.512,-6.649,True,0.000,0.000,-5.512,-6.649,8.636,0.000,0.000,0.000,0.859
16:11:07.065,58.274,-6.669,-5.480,True,0.000,0.000,-6.669,-5.480,8.631,0.000,0.000,0.000,0.742
16:11:07.086,58.295,-5.090,-4.407,True,0.000,0.000,-5.090,-4.407,6.732,0.000,0.000,0.000,0.685
16:11:07.106,58.315,-3.797,-2.636,True,0.000,0.000,-3.797,-2.636,4.623,0.000,0.000,0.000,0.960
16:11:07.127,58.336,-2.821,-1.316,True,0.000,0.000,-2.821,-1.316,3.113,0.000,0.000,0.000,0.789
16:11:07.149,58.358,-2.140,-0.410,True,0.000,0.000,-2.140,-0.410,2.179,0.000,0.000,0.000,0.976
16:11:07.170,58.379,-1.709,0.155,True,0.000,0.000,-1.709,0.155,1.716,0.000,0.000,0.000,1.288
16:11:07.190,58.399,-1.470,0.458,True,0.000,0.000,-1.470,0.458,1.540,0.000,0.000,0.000,1.090
16:11:07.210,58.419,-1.369,0.576,True,0.000,0.000,-1.369,0.576,1.485,0.000,0.000,0.000,0.962
16:11:07.230,58.440,-3.643,-2.062,True,0.000,0.000,-3.643,-2.062,4.186,0.000,0.000,0.000,0.993
16:11:07.251,58.461,-4.038,-2.473,True,0.000,0.000,-4.038,-2.473,4.735,0.000,0.000,0.000,0.903
16:11:07.272,58.481,-2.931,-0.112,True,0.000,0.000,-2.931,-0.112,2.933,0.000,0.000,0.000,0.859
16:11:07.292,58.502,-2.376,0.089,True,0.000,0.000,-2.376,0.089,2.378,0.000,0.000,0.000,1.128
16:11:07.312,58.521,-2.033,0.194,True,0.000,0.000,-2.033,0.194,2.042,0.000,0.000,0.000,0.544
16:11:07.333,58.542,-2.583,-2.429,True,0.000,0.000,-2.583,-2.429,3.546,0.000,0.000,0.000,0.714
16:11:07.354,58.563,-2.239,-0.808,True,0.000,0.000,-2.239,-0.808,2.380,0.000,0.000,0.000,1.266
16:11:07.373,58.582,-1.987,0.449,True,0.000,0.000,-1.987,0.449,2.037,0.000,0.000,0.000,0.548
16:11:07.394,58.603,-4.105,-3.927,True,0.000,0.000,-4.105,-3.927,5.681,0.000,0.000,0.000,1.021
16:11:07.415,58.624,-3.373,-3.640,True,0.000,0.000,-3.373,-3.640,4.963,0.000,0.000,0.000,1.099
16:11:07.435,58.644,-2.766,-2.406,True,0.000,0.000,-2.766,-2.406,3.666,0.000,0.000,0.000,0.811
16:11:07.455,58.664,-2.302,-4.940,True,0.000,0.000,-2.302,-4.940,5.450,0.000,0.000,0.000,1.118
16:11:07.475,58.685,-1.975,-3.242,True,0.000,0.000,-1.975,-3.242,3.796,0.000,0.000,0.000,1.065
16:11:07.495,58.705,-1.764,-1.892,True,0.000,0.000,-1.764,-1.892,2.587,0.000,0.000,0.000,0.486
16:11:07.516,58.726,-1.644,-1.780,True,0.000,0.000,-1.644,-1.780,2.423,0.000,0.000,0.000,1.054
16:11:07.536,58.746,-1.591,-0.867,True,0.000,0.000,-1.591,-0.867,1.812,0.000,0.000,0.000,0.664
16:11:07.557,58.766,-1.581,-0.246,True,0.000,0.000,-1.581,-0.246,1.600,0.000,0.000,0.000,1.163
16:11:07.577,58.786,-2.359,-0.742,True,0.000,0.000,-2.359,-0.742,2.472,0.000,0.000,0.000,0.754
16:11:07.598,58.807,-2.179,0.580,True,0.000,0.000,-2.179,0.580,2.255,0.000,0.000,0.000,1.080
16:11:07.619,58.828,-2.028,0.626,True,0.000,0.000,-2.028,0.626,2.122,0.000,0.000,0.000,1.092
16:11:07.639,58.848,-1.910,0.578,True,0.000,0.000,-1.910,0.578,1.996,0.000,0.000,0.000,0.673
16:11:07.661,58.870,-1.827,0.482,True,0.000,0.000,-1.827,0.482,1.889,0.000,0.000,0.000,1.120
16:11:07.681,58.890,-1.772,0.370,True,0.000,0.000,-1.772,0.370,1.810,0.000,0.000,0.000,1.046
16:11:07.702,58.911,-1.740,-0.616,True,0.000,0.000,-1.740,-0.616,1.846,0.000,0.000,0.000,1.072
16:11:07.722,58.931,-2.486,-0.467,True,0.000,0.000,-2.486,-0.467,2.530,0.000,0.000,0.000,1.009
16:11:07.743,58.952,-2.273,-1.206,True,0.000,0.000,-2.273,-1.206,2.573,0.000,0.000,0.000,0.797
16:11:07.763,58.972,-2.092,-1.725,True,0.000,0.000,-2.092,-1.725,2.711,0.000,0.000,0.000,1.132
16:11:07.783,58.993,-3.473,-4.694,True,0.000,0.000,-3.473,-4.694,5.839,0.000,0.000,0.000,1.086
16:11:07.804,59.013,-2.952,-4.157,True,0.000,0.000,-2.952,-4.157,5.098,0.000,0.000,0.000,0.640
16:11:07.824,59.033,-3.277,-4.479,True,0.000,0.000,-3.277,-4.479,5.549,0.000,0.000,0.000,0.689
16:11:07.845,59.054,-2.730,-2.856,True,0.000,0.000,-2.730,-2.856,3.951,0.000,0.000,0.000,0.899
16:11:07.865,59.074,-3.066,-1.595,True,0.000,0.000,-3.066,-1.595,3.456,0.000,0.000,0.000,1.117
16:11:07.885,59.094,-2.551,-0.688,True,0.000,0.000,-2.551,-0.688,2.642,0.000,0.000,0.000,1.067
16:11:07.905,59.114,-2.165,-0.969,True,0.000,0.000,-2.165,-0.969,2.372,0.000,0.000,0.000,0.567
16:11:07.925,59.135,-1.898,-0.377,True,0.000,0.000,-1.898,-0.377,1.935,0.000,0.000,0.000,0.550
16:11:07.946,59.155,-1.730,-0.875,True,0.000,0.000,-1.730,-0.875,1.939,0.000,0.000,0.000,0.788
16:11:07.969,59.178,-3.162,-3.932,True,0.000,0.000,-3.162,-3.932,5.046,0.000,0.000,0.000,1.187
16:11:07.989,59.198,-2.707,-2.657,True,0.000,0.000,-2.707,-2.657,3.793,0.000,0.000,0.000,1.208
16:11:08.009,59.218,-2.337,-2.495,True,0.000,0.000,-2.337,-2.495,3.418,0.000,0.000,0.000,1.126
16:11:08.029,59.238,-4.342,-4.986,True,0.000,0.000,-4.342,-4.986,6.611,0.000,0.000,0.000,1.037
16:11:08.049,59.258,-3.522,-3.263,True,0.000,0.000,-3.522,-3.263,4.801,0.000,0.000,0.000,0.933
16:11:08.069,59.278,-3.666,-3.332,True,0.000,0.000,-3.666,-3.332,4.954,0.000,0.000,0.000,0.834
16:11:08.089,59.299,-2.659,-1.486,True,0.000,0.000,-2.659,-1.486,3.046,0.000,0.000,0.000,0.580
16:11:08.110,59.319,-3.007,-4.503,True,0.000,0.000,-3.007,-4.503,5.415,0.000,0.000,0.000,0.540
16:11:08.131,59.340,-2.438,-2.725,True,0.000,0.000,-2.438,-2.725,3.656,0.000,0.000,0.000,1.075
16:11:08.151,59.360,-5.130,-4.129,True,0.000,0.000,-5.130,-4.129,6.585,0.000,0.000,0.000,1.102
16:11:08.173,59.382,-4.020,-3.387,True,0.000,0.000,-4.020,-3.387,5.256,0.000,0.000,0.000,1.176
16:11:08.193,59.402,-3.124,-1.927,True,0.000,0.000,-3.124,-1.927,3.670,0.000,0.000,0.000,1.132
16:11:08.213,59.422,-4.739,-4.387,True,0.000,0.000,-4.739,-4.387,6.458,0.000,0.000,0.000,0.940
16:11:08.233,59.442,-5.935,-6.236,True,0.000,0.000,-5.935,-6.236,8.609,0.000,0.000,0.000,0.576
16:11:08.254,59.463,-6.749,-7.515,True,0.000,0.000,-6.749,-7.515,10.100,0.000,0.000,0.000,0.791
16:11:08.274,59.483,-4.961,-3.916,True,0.000,0.000,-4.961,-3.916,6.320,0.000,0.000,0.000,1.250
16:11:08.294,59.503,-3.566,-2.044,True,0.000,0.000,-3.566,-2.044,4.110,0.000,0.000,0.000,0.492
16:11:08.314,59.523,-2.560,-1.617,True,0.000,0.000,-2.560,-1.617,3.028,0.000,0.000,0.000,0.535
16:11:08.335,59.544,-4.178,-4.940,True,0.000,0.000,-4.178,-4.940,6.470,0.000,0.000,0.000,0.816
16:11:08.355,59.564,-3.156,-3.059,True,0.000,0.000,-3.156,-3.059,4.395,0.000,0.000,0.000,1.173
16:11:08.376,59.585,-2.410,-1.625,True,0.000,0.000,-2.410,-1.625,2.907,0.000,0.000,0.000,1.036
16:11:08.395,59.604,-2.670,-0.617,True,0.000,0.000,-2.670,-0.617,2.741,0.000,0.000,0.000,0.606
16:11:08.416,59.625,-2.921,-3.486,True,0.000,0.000,-2.921,-3.486,4.548,0.000,0.000,0.000,0.858
16:11:08.437,59.646,-2.374,-2.156,True,0.000,0.000,-2.374,-2.156,3.207,0.000,0.000,0.000,1.172
16:11:08.457,59.666,-1.991,-1.144,True,0.000,0.000,-1.991,-1.144,2.297,0.000,0.000,0.000,0.993
16:11:08.478,59.687,-1.747,-0.432,True,0.000,0.000,-1.747,-0.432,1.799,0.000,0.000,0.000,1.168
16:11:08.497,59.706,-3.894,-2.613,True,0.000,0.000,-3.894,-2.613,4.689,0.000,0.000,0.000,0.634
16:11:08.518,59.727,-3.207,-2.511,True,0.000,0.000,-3.207,-2.511,4.073,0.000,0.000,0.000,1.150
16:11:08.538,59.747,-4.168,-5.034,True,0.000,0.000,-4.168,-5.034,6.536,0.000,0.000,0.000,0.714
16:11:08.559,59.768,-3.326,-4.202,True,0.000,0.000,-3.326,-4.202,5.359,0.000,0.000,0.000,0.827
16:11:08.579,59.788,-3.424,-6.109,True,0.000,0.000,-3.424,-6.109,7.003,0.000,0.000,0.000,0.650
16:11:08.601,59.810,-2.730,-3.921,True,0.000,0.000,-2.730,-3.921,4.778,0.000,0.000,0.000,1.046
16:11:08.621,59.830,-2.983,-2.211,True,0.000,0.000,-2.983,-2.211,3.713,0.000,0.000,0.000,1.230
16:11:08.642,59.851,-2.430,-1.855,True,0.000,0.000,-2.430,-1.855,3.057,0.000,0.000,0.000,1.234
16:11:08.662,59.871,-2.799,-3.432,True,0.000,0.000,-2.799,-3.432,4.428,0.000,0.000,0.000,1.071
16:11:08.682,59.891,-2.334,-2.011,True,0.000,0.000,-2.334,-2.011,3.080,0.000,0.000,0.000,0.588
16:11:08.702,59.911,-2.002,-0.964,True,0.000,0.000,-2.002,-0.964,2.222,0.000,0.000,0.000,0.897
16:11:08.723,59.932,-1.785,-0.254,True,0.000,0.000,-1.785,-0.254,1.803,0.000,0.000,0.000,1.121
16:11:08.743,59.953,-4.705,-0.699,True,0.000,0.000,-4.705,-0.699,4.756,0.000,0.000,0.000,1.162
16:11:08.764,59.973,-3.810,-0.232,True,0.000,0.000,-3.810,-0.232,3.817,0.000,0.000,0.000,0.675
16:11:08.784,59.993,-5.342,-3.454,True,0.000,0.000,-5.342,-3.454,6.362,0.000,0.000,0.000,1.109
16:11:08.804,60.013,-4.134,-3.208,True,0.000,0.000,-4.134,-3.208,5.233,0.000,0.000,0.000,0.514
16:11:08.825,60.034,-3.927,-4.687,True,0.000,0.000,-3.927,-4.687,6.115,0.000,0.000,0.000,1.078
16:11:08.845,60.054,-3.001,-3.061,True,0.000,0.000,-3.001,-3.061,4.287,0.000,0.000,0.000,1.087
16:11:08.865,60.075,-2.328,-2.652,True,0.000,0.000,-2.328,-2.652,3.529,0.000,0.000,0.000,1.041
16:11:08.886,60.095,-4.162,-5.862,True,0.000,0.000,-4.162,-5.862,7.190,0.000,0.000,0.000,1.089
16:11:08.906,60.115,-3.266,-3.807,True,0.000,0.000,-3.266,-3.807,5.016,0.000,0.000,0.000,0.677
16:11:08.927,60.136,-2.578,-2.187,True,0.000,0.000,-2.578,-2.187,3.381,0.000,0.000,0.000,1.233
16:11:08.947,60.156,-4.374,-4.521,True,0.000,0.000,-4.374,-4.521,6.291,0.000,0.000,0.000,0.869
16:11:08.967,60.176,-4.193,-2.764,True,0.000,0.000,-4.193,-2.764,5.022,0.000,0.000,0.000,0.582
16:11:08.988,60.197,-3.249,-2.316,True,0.000,0.000,-3.249,-2.316,3.990,0.000,0.000,0.000,0.639
16:11:09.008,60.218,-5.582,-2.907,True,0.000,0.000,-5.582,-2.907,6.294,0.000,0.000,0.000,0.989
16:11:09.029,60.238,-4.249,-5.140,True,0.000,0.000,-4.249,-5.140,6.669,0.000,0.000,0.000,1.049
16:11:09.049,60.258,-3.957,-3.252,True,0.000,0.000,-3.957,-3.252,5.122,0.000,0.000,0.000,0.576
16:11:09.069,60.278,-2.980,-2.671,True,0.000,0.000,-2.980,-2.671,4.002,0.000,0.000,0.000,0.940
16:11:09.091,60.300,-3.041,-1.387,True,0.000,0.000,-3.041,-1.387,3.342,0.000,0.000,0.000,0.927
16:11:09.112,60.321,-3.134,-2.249,True,0.000,0.000,-3.134,-2.249,3.858,0.000,0.000,0.000,1.100
16:11:09.132,60.341,-3.234,-4.715,True,0.000,0.000,-3.234,-4.715,5.717,0.000,0.000,0.000,0.849
16:11:09.152,60.362,-2.565,-3.888,True,0.000,0.000,-2.565,-3.888,4.658,0.000,0.000,0.000,0.610
16:11:09.174,60.383,3.240,1.195,True,0.000,0.000,3.240,1.195,3.453,0.000,0.000,0.000,1.074
16:11:09.194,60.403,2.085,1.397,True,0.000,0.000,2.085,1.397,2.510,0.000,0.000,0.000,0.691
16:11:09.215,60.424,-1.313,-2.169,True,0.000,0.000,-1.313,-2.169,2.535,0.000,0.000,0.000,1.119
16:11:09.235,60.444,-2.405,-4.908,True,0.000,0.000,-2.405,-4.908,5.465,0.000,0.000,0.000,0.694
16:11:09.256,60.465,-4.683,-6.851,True,0.000,0.000,-4.683,-6.851,8.298,0.000,0.000,0.000,1.213
16:11:09.277,60.486,-3.977,-4.595,True,0.000,0.000,-3.977,-4.595,6.077,0.000,0.000,0.000,0.794
16:11:09.297,60.507,-3.313,-4.525,True,0.000,0.000,-3.313,-4.525,5.608,0.000,0.000,0.000,0.857
16:11:09.318,60.527,-2.752,-2.674,True,0.000,0.000,-2.752,-2.674,3.837,0.000,0.000,0.000,1.097
16:11:09.338,60.547,-2.316,-1.304,True,0.000,0.000,-2.316,-1.304,2.657,0.000,0.000,0.000,0.552
16:11:09.359,60.568,-3.525,-4.764,True,0.000,0.000,-3.525,-4.764,5.926,0.000,0.000,0.000,0.858
16:11:09.379,60.588,-2.900,-2.982,True,0.000,0.000,-2.900,-2.982,4.160,0.000,0.000,0.000,0.966
16:11:09.400,60.609,-2.411,-1.614,True,0.000,0.000,-2.411,-1.614,2.901,0.000,0.000,0.000,1.115
16:11:09.420,60.629,-2.055,-0.645,True,0.000,0.000,-2.055,-0.645,2.154,0.000,0.000,0.000,0.545
16:11:09.441,60.650,-1.819,-0.017,True,0.000,0.000,-1.819,-0.017,1.819,0.000,0.000,0.000,1.075
16:11:09.461,60.671,-2.440,0.342,True,0.000,0.000,-2.440,0.342,2.464,0.000,0.000,0.000,1.095
16:11:09.482,60.692,-4.445,-3.010,True,0.000,0.000,-4.445,-3.010,5.368,0.000,0.000,0.000,1.129
16:11:09.503,60.712,-3.612,-2.011,True,0.000,0.000,-3.612,-2.011,4.134,0.000,0.000,0.000,1.174
16:11:09.523,60.732,-5.203,-3.841,True,0.000,0.000,-5.203,-3.841,6.468,0.000,0.000,0.000,0.908
16:11:09.543,60.752,-4.045,-2.515,True,0.000,0.000,-4.045,-2.515,4.763,0.000,0.000,0.000,0.785
16:11:09.564,60.773,-3.877,-4.978,True,0.000,0.000,-3.877,-4.978,6.310,0.000,0.000,0.000,1.026
16:11:09.584,60.793,-2.980,-4.119,True,0.000,0.000,-2.980,-4.119,5.084,0.000,0.000,0.000,1.079
16:11:09.604,60.813,-2.325,-3.384,True,0.000,0.000,-2.325,-3.384,4.106,0.000,0.000,0.000,0.527
16:11:09.624,60.833,-3.409,-5.443,True,0.000,0.000,-3.409,-5.443,6.422,0.000,0.000,0.000,0.622
16:11:09.645,60.854,-3.488,-4.299,True,0.000,0.000,-3.488,-4.299,5.536,0.000,0.000,0.000,1.040
16:11:09.666,60.875,-2.777,-1.622,True,0.000,0.000,-2.777,-1.622,3.216,0.000,0.000,0.000,1.056
16:11:09.686,60.895,-2.253,-0.544,True,0.000,0.000,-2.253,-0.544,2.317,0.000,0.000,0.000,1.064
16:11:09.706,60.915,-1.896,0.134,True,0.000,0.000,-1.896,0.134,1.901,0.000,0.000,0.000,0.630
16:11:09.726,60.936,-2.440,-3.012,True,0.000,0.000,-2.440,-3.012,3.876,0.000,0.000,0.000,0.576
16:11:09.747,60.956,-2.117,-1.017,True,0.000,0.000,-2.117,-1.017,2.349,0.000,0.000,0.000,0.582
16:11:09.767,60.977,-1.892,-1.278,True,0.000,0.000,-1.892,-1.278,2.283,0.000,0.000,0.000,0.924
16:11:09.788,60.997,-1.749,-0.637,True,0.000,0.000,-1.749,-0.637,1.861,0.000,0.000,0.000,1.164
16:11:09.808,61.017,-2.431,-0.197,True,0.000,0.000,-2.431,-0.197,2.439,0.000,0.000,0.000,0.533
16:11:09.829,61.038,-2.188,0.076,True,0.000,0.000,-2.188,0.076,2.189,0.000,0.000,0.000,1.119
16:11:09.849,61.058,-5.045,-1.535,True,0.000,0.000,-5.045,-1.535,5.273,0.000,0.000,0.000,0.598
16:11:09.870,61.079,-4.835,-0.995,True,0.000,0.000,-4.835,-0.995,4.937,0.000,0.000,0.000,1.098
16:11:09.890,61.099,-3.800,-0.570,True,0.000,0.000,-3.800,-0.570,3.842,0.000,0.000,0.000,0.854
16:11:09.910,61.119,-2.970,-0.261,True,0.000,0.000,-2.970,-0.261,2.981,0.000,0.000,0.000,1.044
16:11:09.930,61.139,-4.639,-1.811,True,0.000,0.000,-4.639,-1.811,4.980,0.000,0.000,0.000,0.528
16:11:09.950,61.159,-3.592,-1.205,True,0.000,0.000,-3.592,-1.205,3.788,0.000,0.000,0.000,0.540
16:11:09.971,61.181,-2.779,-0.717,True,0.000,0.000,-2.779,-0.717,2.870,0.000,0.000,0.000,1.189
16:11:09.992,61.201,-2.197,-0.354,True,0.000,0.000,-2.197,-0.354,2.225,0.000,0.000,0.000,1.067
16:11:10.012,61.222,-1.815,-0.106,True,0.000,0.000,-1.815,-0.106,1.818,0.000,0.000,0.000,1.116
16:11:10.032,61.241,-1.591,-3.467,True,0.000,0.000,-1.591,-3.467,3.815,0.000,0.000,0.000,0.605
16:11:10.053,61.262,-1.485,-1.541,True,0.000,0.000,-1.485,-1.541,2.140,0.000,0.000,0.000,1.037
16:11:10.073,61.283,-2.219,-0.900,True,0.000,0.000,-2.219,-0.900,2.395,0.000,0.000,0.000,1.046
16:11:10.094,61.303,-2.031,-0.428,True,0.000,0.000,-2.031,-0.428,2.076,0.000,0.000,0.000,1.065
16:11:10.114,61.324,-1.893,-0.109,True,0.000,0.000,-1.893,-0.109,1.896,0.000,0.000,0.000,1.075
16:11:10.135,61.344,-4.083,-3.430,True,0.000,0.000,-4.083,-3.430,5.333,0.000,0.000,0.000,1.261
16:11:10.154,61.363,-3.398,-2.364,True,0.000,0.000,-3.398,-2.364,4.140,0.000,0.000,0.000,0.552
16:11:10.175,61.384,-2.815,-1.477,True,0.000,0.000,-2.815,-1.477,3.179,0.000,0.000,0.000,1.051
16:11:10.196,61.405,-3.120,-4.313,True,0.000,0.000,-3.120,-4.313,5.324,0.000,0.000,0.000,1.050
16:11:10.216,61.425,-2.582,-5.503,True,0.000,0.000,-2.582,-5.503,6.078,0.000,0.000,0.000,1.032
16:11:10.236,61.445,-2.178,-4.495,True,0.000,0.000,-2.178,-4.495,4.995,0.000,0.000,0.000,0.556
16:11:10.256,61.465,-4.184,-6.267,True,0.000,0.000,-4.184,-6.267,7.535,0.000,0.000,0.000,0.709
16:11:10.276,61.486,-4.144,-5.740,True,0.000,0.000,-4.144,-5.740,7.080,0.000,0.000,0.000,0.719
16:11:10.297,61.506,-4.810,-7.881,True,0.000,0.000,-4.810,-7.881,9.232,0.000,0.000,0.000,1.129
16:11:10.318,61.527,-6.769,-6.736,True,0.000,0.000,-6.769,-6.736,9.549,0.000,0.000,0.000,1.102
16:11:10.338,61.548,-7.367,-7.527,True,0.000,0.000,-7.367,-7.527,10.532,0.000,0.000,0.000,1.153
16:11:10.359,61.568,-7.671,-8.051,True,0.000,0.000,-7.671,-8.051,11.120,0.000,0.000,0.000,0.776
16:11:10.379,61.588,-5.487,-4.846,True,0.000,0.000,-5.487,-4.846,7.321,0.000,0.000,0.000,1.061
16:11:10.400,61.609,-3.804,-2.448,True,0.000,0.000,-3.804,-2.448,4.524,0.000,0.000,0.000,1.032
16:11:10.419,61.629,-4.889,-5.188,True,0.000,0.000,-4.889,-5.188,7.128,0.000,0.000,0.000,0.547
16:11:10.440,61.649,-6.525,-3.824,True,0.000,0.000,-6.525,-3.824,7.563,0.000,0.000,0.000,0.912
16:11:10.461,61.670,-6.968,-5.474,True,0.000,0.000,-6.968,-5.474,8.861,0.000,0.000,0.000,1.009
16:11:10.481,61.690,-4.947,-2.336,True,0.000,0.000,-4.947,-2.336,5.471,0.000,0.000,0.000,0.827
16:11:10.502,61.711,-3.420,-0.910,True,0.000,0.000,-3.420,-0.910,3.539,0.000,0.000,0.000,1.376
16:11:10.521,61.730,-2.355,0.008,True,0.000,0.000,-2.355,0.008,2.355,0.000,0.000,0.000,0.617
16:11:10.541,61.751,-1.680,1.409,True,0.000,0.000,-1.680,1.409,2.192,0.000,0.000,0.000,0.521
16:11:10.563,61.772,-1.305,0.523,True,0.000,0.000,-1.305,0.523,1.406,0.000,0.000,0.000,1.148
16:11:10.582,61.791,-1.909,-2.922,True,0.000,0.000,-1.909,-2.922,3.490,0.000,0.000,0.000,0.554
16:11:10.603,61.812,-1.683,-5.502,True,0.000,0.000,-1.683,-5.502,5.754,0.000,0.000,0.000,0.732
16:11:10.624,61.833,-1.564,-3.769,True,0.000,0.000,-1.564,-3.769,4.081,0.000,0.000,0.000,1.196
16:11:10.644,61.853,-1.521,-2.336,True,0.000,0.000,-1.521,-2.336,2.787,0.000,0.000,0.000,1.297
16:11:10.664,61.873,-2.286,-1.244,True,0.000,0.000,-2.286,-1.244,2.603,0.000,0.000,0.000,0.526
16:11:10.685,61.894,-2.108,-0.475,True,0.000,0.000,-2.108,-0.475,2.161,0.000,0.000,0.000,1.085
16:11:10.705,61.914,-1.966,-0.860,True,0.000,0.000,-1.966,-0.860,2.146,0.000,0.000,0.000,0.948
16:11:10.726,61.935,-2.623,-3.855,True,0.000,0.000,-2.623,-3.855,4.663,0.000,0.000,0.000,1.149
16:11:10.746,61.955,-2.343,-2.554,True,0.000,0.000,-2.343,-2.554,3.466,0.000,0.000,0.000,0.527
16:11:10.766,61.975,-4.400,-5.905,True,0.000,0.000,-4.400,-5.905,7.364,0.000,0.000,0.000,0.774
16:11:10.787,61.996,-3.601,-4.804,True,0.000,0.000,-3.601,-4.804,6.004,0.000,0.000,0.000,0.650
16:11:10.807,62.016,-3.691,-2.971,True,0.000,0.000,-3.691,-2.971,4.738,0.000,0.000,0.000,0.517
16:11:10.828,62.037,-4.484,-5.970,True,0.000,0.000,-4.484,-5.970,7.467,0.000,0.000,0.000,1.022
16:11:10.848,62.057,-5.793,-7.298,True,0.000,0.000,-5.793,-7.298,9.318,0.000,0.000,0.000,1.072
16:11:10.869,62.078,-4.405,-5.519,True,0.000,0.000,-4.405,-5.519,7.061,0.000,0.000,0.000,0.991
16:11:10.889,62.099,-5.586,-6.730,True,0.000,0.000,-5.586,-6.730,8.746,0.000,0.000,0.000,1.106
16:11:10.910,62.119,-5.955,-7.159,True,0.000,0.000,-5.955,-7.159,9.312,0.000,0.000,0.000,0.872
16:11:10.931,62.140,-3.757,-2.167,True,0.000,0.000,-3.757,-2.167,4.337,0.000,0.000,0.000,0.946
16:11:10.951,62.160,-2.651,0.349,True,0.000,0.000,-2.651,0.349,2.674,0.000,0.000,0.000,0.934
16:11:10.971,62.180,-3.575,-2.742,True,0.000,0.000,-3.575,-2.742,4.505,0.000,0.000,0.000,0.801
16:11:10.992,62.201,-2.720,-1.444,True,0.000,0.000,-2.720,-1.444,3.079,0.000,0.000,0.000,1.298
16:11:11.012,62.221,-2.129,0.333,True,0.000,0.000,-2.129,0.333,2.155,0.000,0.000,0.000,1.071
16:11:11.033,62.243,-1.750,0.665,True,0.000,0.000,-1.750,0.665,1.872,0.000,0.000,0.000,0.997
16:11:11.054,62.263,-3.824,-2.747,True,0.000,0.000,-3.824,-2.747,4.708,0.000,0.000,0.000,0.905
16:11:11.074,62.284,-3.101,-1.809,True,0.000,0.000,-3.101,-1.809,3.590,0.000,0.000,0.000,1.090
16:11:11.094,62.304,-2.531,-1.942,True,0.000,0.000,-2.531,-1.942,3.190,0.000,0.000,0.000,0.957
16:11:11.115,62.324,-2.116,-2.909,True,0.000,0.000,-2.116,-2.909,3.597,0.000,0.000,0.000,1.063
16:11:11.136,62.345,-1.839,-1.837,True,0.000,0.000,-1.839,-1.837,2.600,0.000,0.000,0.000,0.619
16:11:11.157,62.367,-1.673,-0.131,True,0.000,0.000,-1.673,-0.131,1.678,0.000,0.000,0.000,1.002
16:11:11.178,62.387,-1.589,-0.662,True,0.000,0.000,-1.589,-0.662,1.722,0.000,0.000,0.000,0.984
16:11:11.198,62.407,-1.563,-0.248,True,0.000,0.000,-1.563,-0.248,1.582,0.000,0.000,0.000,0.865
16:11:11.218,62.428,-1.572,-0.862,True,0.000,0.000,-1.572,-0.862,1.792,0.000,0.000,0.000,0.642
16:11:11.240,62.449,-1.600,0.407,True,0.000,0.000,-1.600,0.407,1.651,0.000,0.000,0.000,0.815
16:11:11.260,62.469,-1.635,-0.435,True,0.000,0.000,-1.635,-0.435,1.692,0.000,0.000,0.000,0.974
16:11:11.280,62.489,-1.671,-1.105,True,0.000,0.000,-1.671,-1.105,2.003,0.000,0.000,0.000,0.522
16:11:11.301,62.510,-3.987,-4.233,True,0.000,0.000,-3.987,-4.233,5.815,0.000,0.000,0.000,1.165
16:11:11.321,62.531,-5.669,-7.357,True,0.000,0.000,-5.669,-7.357,9.287,0.000,0.000,0.000,0.874
16:11:11.342,62.551,-4.507,-5.075,True,0.000,0.000,-4.507,-5.075,6.788,0.000,0.000,0.000,1.039
16:11:11.362,62.571,-3.521,-3.176,True,0.000,0.000,-3.521,-3.176,4.742,0.000,0.000,0.000,1.035
16:11:11.382,62.592,-2.752,-2.597,True,0.000,0.000,-2.752,-2.597,3.784,0.000,0.000,0.000,0.845
16:11:11.403,62.612,-2.198,-2.202,True,0.000,0.000,-2.198,-2.202,3.111,0.000,0.000,0.000,0.801
16:11:11.423,62.632,-1.831,-1.079,True,0.000,0.000,-1.831,-1.079,2.125,0.000,0.000,0.000,0.583
16:11:11.443,62.652,-1.615,-0.312,True,0.000,0.000,-1.615,-0.312,1.644,0.000,0.000,0.000,0.565
16:11:11.464,62.673,-1.509,0.162,True,0.000,0.000,-1.509,0.162,1.518,0.000,0.000,0.000,1.072
16:11:11.485,62.694,-1.480,-0.467,True,0.000,0.000,-1.480,-0.467,1.552,0.000,0.000,0.000,1.236
16:11:11.505,62.714,-1.497,-0.133,True,0.000,0.000,-1.497,-0.133,1.503,0.000,0.000,0.000,0.818
16:11:11.526,62.735,-2.300,-3.442,True,0.000,0.000,-2.300,-3.442,4.140,0.000,0.000,0.000,0.965
16:11:11.546,62.755,-2.142,-2.368,True,0.000,0.000,-2.142,-2.368,3.193,0.000,0.000,0.000,0.737
16:11:11.566,62.776,-2.007,-1.476,True,0.000,0.000,-2.007,-1.476,2.491,0.000,0.000,0.000,0.526
16:11:11.587,62.796,-4.947,-2.551,True,0.000,0.000,-4.947,-2.551,5.566,0.000,0.000,0.000,1.156
16:11:11.608,62.817,-6.319,-2.465,True,0.000,0.000,-6.319,-2.465,6.783,0.000,0.000,0.000,1.070
16:11:11.628,62.837,-4.903,-1.487,True,0.000,0.000,-4.903,-1.487,5.124,0.000,0.000,0.000,1.000
16:11:11.648,62.858,-3.726,-1.633,True,0.000,0.000,-3.726,-1.633,4.068,0.000,0.000,0.000,1.080
16:11:11.668,62.877,-5.108,-2.643,True,0.000,0.000,-5.108,-2.643,5.751,0.000,0.000,0.000,0.678
16:11:11.690,62.899,-3.842,-1.629,True,0.000,0.000,-3.842,-1.629,4.173,0.000,0.000,0.000,1.072
16:11:11.710,62.919,-2.875,-0.860,True,0.000,0.000,-2.875,-0.860,3.001,0.000,0.000,0.000,0.564
16:11:11.731,62.940,-2.194,-0.320,True,0.000,0.000,-2.194,-0.320,2.217,0.000,0.000,0.000,1.129
16:11:11.751,62.960,-1.755,0.025,True,0.000,0.000,-1.755,0.025,1.756,0.000,0.000,0.000,1.077
16:11:11.772,62.981,-3.791,-3.297,True,0.000,0.000,-3.791,-3.297,5.025,0.000,0.000,0.000,0.980
16:11:11.792,63.001,-3.054,-3.127,True,0.000,0.000,-3.054,-3.127,4.370,0.000,0.000,0.000,1.067
16:11:11.812,63.021,-2.481,-2.900,True,0.000,0.000,-2.481,-2.900,3.817,0.000,0.000,0.000,1.112
16:11:11.832,63.041,-4.355,-3.548,True,0.000,0.000,-4.355,-3.548,5.617,0.000,0.000,0.000,1.065
16:11:11.853,63.062,-3.458,-2.222,True,0.000,0.000,-3.458,-2.222,4.110,0.000,0.000,0.000,0.703
16:11:11.874,63.083,-5.031,-4.719,True,0.000,0.000,-5.031,-4.719,6.898,0.000,0.000,0.000,1.028
16:11:11.894,63.104,-3.883,-3.032,True,0.000,0.000,-3.883,-3.032,4.926,0.000,0.000,0.000,1.129
16:11:11.914,63.124,-3.740,-5.228,True,0.000,0.000,-3.740,-5.228,6.428,0.000,0.000,0.000,1.007
16:11:11.935,63.144,-3.634,-2.430,True,0.000,0.000,-3.634,-2.430,4.371,0.000,0.000,0.000,1.046
16:11:11.957,63.166,-2.800,-4.702,True,0.000,0.000,-2.800,-4.702,5.473,0.000,0.000,0.000,0.925
16:11:11.977,63.186,-2.203,-2.010,True,0.000,0.000,-2.203,-2.010,2.982,0.000,0.000,0.000,1.025
16:11:11.998,63.207,-3.334,-4.393,True,0.000,0.000,-3.334,-4.393,5.515,0.000,0.000,0.000,1.100
16:11:12.018,63.227,-2.688,-2.679,True,0.000,0.000,-2.688,-2.679,3.795,0.000,0.000,0.000,0.897
16:11:12.038,63.248,-2.211,-1.386,True,0.000,0.000,-2.211,-1.386,2.610,0.000,0.000,0.000,1.018
16:11:12.059,63.268,-1.887,-0.486,True,0.000,0.000,-1.887,-0.486,1.948,0.000,0.000,0.000,1.067
16:11:12.079,63.288,-2.449,0.083,True,0.000,0.000,-2.449,0.083,2.451,0.000,0.000,0.000,0.821
16:11:12.099,63.308,-2.898,0.397,True,0.000,0.000,-2.898,0.397,2.925,0.000,0.000,0.000,1.030
16:11:12.120,63.329,-2.467,0.529,True,0.000,0.000,-2.467,0.529,2.523,0.000,0.000,0.000,1.246
16:11:12.140,63.349,-4.422,-3.853,True,0.000,0.000,-4.422,-3.853,5.866,0.000,0.000,0.000,1.081
16:11:12.160,63.369,-3.564,-3.583,True,0.000,0.000,-3.564,-3.583,5.054,0.000,0.000,0.000,0.942
16:11:12.180,63.390,-4.385,-6.761,True,0.000,0.000,-4.385,-6.761,8.059,0.000,0.000,0.000,1.057
16:11:12.201,63.410,-5.722,-8.097,True,0.000,0.000,-5.722,-8.097,9.915,0.000,0.000,0.000,0.556
16:11:12.222,63.431,-4.357,-5.349,True,0.000,0.000,-4.357,-5.349,6.899,0.000,0.000,0.000,1.101
16:11:12.242,63.451,-5.558,-6.666,True,0.000,0.000,-5.558,-6.666,8.679,0.000,0.000,0.000,0.579
16:11:12.263,63.472,-4.135,-4.076,True,0.000,0.000,-4.135,-4.076,5.807,0.000,0.000,0.000,1.096
16:11:12.284,63.493,-5.329,-2.999,True,0.000,0.000,-5.329,-2.999,6.115,0.000,0.000,0.000,1.116
16:11:12.304,63.513,-6.214,-4.908,True,0.000,0.000,-6.214,-4.908,7.918,0.000,0.000,0.000,1.132
16:11:12.325,63.534,-4.534,-3.743,True,0.000,0.000,-4.534,-3.743,5.879,0.000,0.000,0.000,1.169
16:11:12.345,63.554,-4.772,-5.514,True,0.000,0.000,-4.772,-5.514,7.293,0.000,0.000,0.000,1.111
16:11:12.365,63.575,-3.448,-2.441,True,0.000,0.000,-3.448,-2.441,4.224,0.000,0.000,0.000,0.862
16:11:12.386,63.595,-2.495,-0.161,True,0.000,0.000,-2.495,-0.161,2.500,0.000,0.000,0.000,0.722
16:11:12.406,63.616,-1.866,0.518,True,0.000,0.000,-1.866,0.518,1.937,0.000,0.000,0.000,0.948
16:11:12.427,63.636,-1.497,0.843,True,0.000,0.000,-1.497,0.843,1.718,0.000,0.000,0.000,0.815
16:11:12.448,63.657,-2.841,-2.588,True,0.000,0.000,-2.841,-2.588,3.843,0.000,0.000,0.000,0.905
16:11:12.468,63.677,-2.375,-4.321,True,0.000,0.000,-2.375,-4.321,4.931,0.000,0.000,0.000,0.815
16:11:12.488,63.697,-2.037,-2.883,True,0.000,0.000,-2.037,-2.883,3.530,0.000,0.000,0.000,0.657
16:11:12.509,63.718,-2.574,-1.723,True,0.000,0.000,-2.574,-1.723,3.098,0.000,0.000,0.000,0.961
16:11:12.530,63.739,-2.232,-0.859,True,0.000,0.000,-2.232,-0.859,2.391,0.000,0.000,0.000,0.872
16:11:12.550,63.759,-2.146,-0.466,True,0.000,0.000,-2.146,-0.466,2.196,0.000,0.000,0.000,0.951
16:11:12.570,63.779,-1.894,-0.032,True,0.000,0.000,-1.894,-0.032,1.894,0.000,0.000,0.000,0.514
16:11:12.591,63.800,-1.766,0.191,True,0.000,0.000,-1.766,0.191,1.777,0.000,0.000,0.000,0.936
16:11:12.611,63.821,-2.489,-0.614,True,0.000,0.000,-2.489,-0.614,2.564,0.000,0.000,0.000,0.991
16:11:12.631,63.840,-3.765,-3.866,True,0.000,0.000,-3.765,-3.866,5.396,0.000,0.000,0.000,0.551
16:11:12.652,63.861,-4.659,-6.187,True,0.000,0.000,-4.659,-6.187,7.745,0.000,0.000,0.000,1.060
16:11:12.673,63.882,-3.719,-4.222,True,0.000,0.000,-3.719,-4.222,5.627,0.000,0.000,0.000,1.304
16:11:12.693,63.902,-2.952,-2.600,True,0.000,0.000,-2.952,-2.600,3.934,0.000,0.000,0.000,1.141
16:11:12.713,63.922,-2.373,-1.368,True,0.000,0.000,-2.373,-1.368,2.739,0.000,0.000,0.000,0.566
16:11:12.734,63.943,-1.973,-4.027,True,0.000,0.000,-1.973,-4.027,4.484,0.000,0.000,0.000,1.179
16:11:12.754,63.963,-1.720,-2.507,True,0.000,0.000,-1.720,-2.507,3.041,0.000,0.000,0.000,0.973
16:11:12.775,63.984,-1.582,-1.346,True,0.000,0.000,-1.582,-1.346,2.077,0.000,0.000,0.000,1.082
16:11:12.795,64.005,-4.573,-1.406,True,0.000,0.000,-4.573,-1.406,4.784,0.000,0.000,0.000,1.099
16:11:12.815,64.025,-3.731,-0.636,True,0.000,0.000,-3.731,-0.636,3.785,0.000,0.000,0.000,1.044
16:11:12.836,64.045,-5.304,-1.880,True,0.000,0.000,-5.304,-1.880,5.628,0.000,0.000,0.000,1.225
16:11:12.857,64.066,-4.123,-1.970,True,0.000,0.000,-4.123,-1.970,4.570,0.000,0.000,0.000,1.068
16:11:12.877,64.086,-3.172,-1.150,True,0.000,0.000,-3.172,-1.150,3.374,0.000,0.000,0.000,1.083
16:11:12.898,64.107,-2.464,-0.547,True,0.000,0.000,-2.464,-0.547,2.524,0.000,0.000,0.000,1.000
16:11:12.918,64.127,-1.979,-1.018,True,0.000,0.000,-1.979,-1.018,2.225,0.000,0.000,0.000,0.975
16:11:12.939,64.148,-1.677,-0.528,True,0.000,0.000,-1.677,-0.528,1.758,0.000,0.000,0.000,1.336
16:11:12.959,64.168,-1.516,-1.066,True,0.000,0.000,-1.516,-1.066,1.853,0.000,0.000,0.000,1.113
16:11:12.980,64.189,-2.215,-1.487,True,0.000,0.000,-2.215,-1.487,2.668,0.000,0.000,0.000,1.199
16:11:13.000,64.209,-4.292,-5.308,True,0.000,0.000,-4.292,-5.308,6.826,0.000,0.000,0.000,0.808
16:11:13.020,64.229,-3.518,-2.787,True,0.000,0.000,-3.518,-2.787,4.488,0.000,0.000,0.000,0.728
16:11:13.041,64.250,-4.393,-5.175,True,0.000,0.000,-4.393,-5.175,6.788,0.000,0.000,0.000,0.722
16:11:13.062,64.271,-3.475,-2.493,True,0.000,0.000,-3.475,-2.493,4.277,0.000,0.000,0.000,1.116
16:11:13.082,64.291,-3.511,-2.187,True,0.000,0.000,-3.511,-2.187,4.137,0.000,0.000,0.000,0.972
16:11:13.102,64.311,-2.773,-1.117,True,0.000,0.000,-2.773,-1.117,2.989,0.000,0.000,0.000,0.718
16:11:13.123,64.332,-2.995,-1.254,True,0.000,0.000,-2.995,-1.254,3.247,0.000,0.000,0.000,1.107
16:11:13.143,64.352,-2.424,-0.546,True,0.000,0.000,-2.424,-0.546,2.484,0.000,0.000,0.000,0.622
16:11:13.163,64.372,-2.021,-0.079,True,0.000,0.000,-2.021,-0.079,2.022,0.000,0.000,0.000,0.659
16:11:13.184,64.393,-1.761,-0.683,True,0.000,0.000,-1.761,-0.683,1.889,0.000,0.000,0.000,0.653
16:11:13.204,64.413,-1.614,-0.308,True,0.000,0.000,-1.614,-0.308,1.643,0.000,0.000,0.000,0.708
16:11:13.224,64.433,-1.548,-0.058,True,0.000,0.000,-1.548,-0.058,1.549,0.000,0.000,0.000,0.855
16:11:13.244,64.454,-1.537,0.091,True,0.000,0.000,-1.537,0.091,1.539,0.000,0.000,0.000,0.952
16:11:13.265,64.474,-2.319,-3.351,True,0.000,0.000,-2.319,-3.351,4.075,0.000,0.000,0.000,1.312
16:11:13.286,64.496,-2.146,-2.363,True,0.000,0.000,-2.146,-2.363,3.192,0.000,0.000,0.000,0.800
16:11:13.307,64.516,-2.003,-2.399,True,0.000,0.000,-2.003,-2.399,3.125,0.000,0.000,0.000,0.539
16:11:13.327,64.536,-1.893,-2.377,True,0.000,0.000,-1.893,-2.377,3.039,0.000,0.000,0.000,1.005
16:11:13.348,64.557,-1.816,-1.446,True,0.000,0.000,-1.816,-1.446,2.321,0.000,0.000,0.000,1.074
16:11:13.368,64.577,-1.766,-0.744,True,0.000,0.000,-1.766,-0.744,1.916,0.000,0.000,0.000,0.737
16:11:13.388,64.597,-1.737,-1.136,True,0.000,0.000,-1.737,-1.136,2.076,0.000,0.000,0.000,0.687
16:11:13.408,64.617,-1.724,-0.587,True,0.000,0.000,-1.724,-0.587,1.822,0.000,0.000,0.000,0.535
16:11:13.429,64.638,-1.722,-1.084,True,0.000,0.000,-1.722,-1.084,2.035,0.000,0.000,0.000,1.115
16:11:13.450,64.659,-2.487,-0.601,True,0.000,0.000,-2.487,-0.601,2.559,0.000,0.000,0.000,0.984
16:11:13.470,64.679,-3.808,-3.770,True,0.000,0.000,-3.808,-3.770,5.359,0.000,0.000,0.000,0.592
16:11:13.490,64.699,-5.497,-6.093,True,0.000,0.000,-5.497,-6.093,8.206,0.000,0.000,0.000,0.969
16:11:13.511,64.721,-4.360,-4.144,True,0.000,0.000,-4.360,-4.144,6.015,0.000,0.000,0.000,1.204
16:11:13.531,64.741,-3.405,-3.422,True,0.000,0.000,-3.405,-3.422,4.827,0.000,0.000,0.000,0.974
16:11:13.552,64.761,-2.668,-1.968,True,0.000,0.000,-2.668,-1.968,3.315,0.000,0.000,0.000,0.971
16:11:13.572,64.781,-2.141,-0.908,True,0.000,0.000,-2.141,-0.908,2.326,0.000,0.000,0.000,0.997
16:11:13.592,64.801,-4.081,-4.591,True,0.000,0.000,-4.081,-4.591,6.143,0.000,0.000,0.000,0.619
16:11:13.613,64.822,-5.538,-7.351,True,0.000,0.000,-5.538,-7.351,9.204,0.000,0.000,0.000,1.021
16:11:13.633,64.842,-4.264,-4.864,True,0.000,0.000,-4.264,-4.864,6.468,0.000,0.000,0.000,1.081
16:11:13.654,64.863,-4.766,-6.387,True,0.000,0.000,-4.766,-6.387,7.969,0.000,0.000,0.000,1.035
16:11:13.674,64.883,-3.591,-3.069,True,0.000,0.000,-3.591,-3.069,4.724,0.000,0.000,0.000,0.890
16:11:13.694,64.904,-3.468,-3.212,True,0.000,0.000,-3.468,-3.212,4.727,0.000,0.000,0.000,1.138
16:11:13.715,64.924,-4.167,-5.154,True,0.000,0.000,-4.167,-5.154,6.628,0.000,0.000,0.000,1.111
16:11:13.735,64.944,-5.460,-3.978,True,0.000,0.000,-5.460,-3.978,6.755,0.000,0.000,0.000,1.101
16:11:13.755,64.964,-4.863,-5.715,True,0.000,0.000,-4.863,-5.715,7.504,0.000,0.000,0.000,0.621
16:11:13.776,64.985,-3.604,-3.478,True,0.000,0.000,-3.604,-3.478,5.008,0.000,0.000,0.000,1.103
16:11:13.796,65.005,-4.954,-5.307,True,0.000,0.000,-4.954,-5.307,7.260,0.000,0.000,0.000,1.134
16:11:13.816,65.025,-4.449,-3.171,True,0.000,0.000,-4.449,-3.171,5.463,0.000,0.000,0.000,1.009
16:11:13.837,65.046,-3.292,-2.458,True,0.000,0.000,-3.292,-2.458,4.108,0.000,0.000,0.000,0.888
16:11:13.857,65.066,-2.453,-1.124,True,0.000,0.000,-2.453,-1.124,2.698,0.000,0.000,0.000,1.023
16:11:13.877,65.087,-3.416,-4.626,True,0.000,0.000,-3.416,-4.626,5.751,0.000,0.000,0.000,0.645
16:11:13.898,65.107,-2.665,-2.884,True,0.000,0.000,-2.665,-2.884,3.927,0.000,0.000,0.000,1.110
16:11:13.918,65.127,-2.892,-2.430,True,0.000,0.000,-2.892,-2.430,3.778,0.000,0.000,0.000,0.592
16:11:13.939,65.148,-3.098,-3.004,True,0.000,0.000,-3.098,-3.004,4.315,0.000,0.000,0.000,1.184
16:11:13.959,65.168,-2.504,-0.821,True,0.000,0.000,-2.504,-0.821,2.636,0.000,0.000,0.000,1.026
16:11:13.979,65.188,-2.841,-0.119,True,0.000,0.000,-2.841,-0.119,2.843,0.000,0.000,0.000,1.120
16:11:14.000,65.209,-2.353,1.173,True,0.000,0.000,-2.353,1.173,2.629,0.000,0.000,0.000,1.223
16:11:14.020,65.229,-4.289,-2.383,True,0.000,0.000,-4.289,-2.383,4.907,0.000,0.000,0.000,0.924
16:11:14.041,65.250,-3.436,-1.576,True,0.000,0.000,-3.436,-1.576,3.780,0.000,0.000,0.000,1.113
16:11:14.060,65.269,-5.798,-2.687,True,0.000,0.000,-5.798,-2.687,6.390,0.000,0.000,0.000,0.485
16:11:14.081,65.291,-4.456,-1.726,True,0.000,0.000,-4.456,-1.726,4.779,0.000,0.000,0.000,1.111
16:11:14.101,65.310,-5.657,-2.733,True,0.000,0.000,-5.657,-2.733,6.283,0.000,0.000,0.000,0.816
16:11:14.122,65.331,-4.223,-1.707,True,0.000,0.000,-4.223,-1.707,4.555,0.000,0.000,0.000,1.119
16:11:14.142,65.351,-5.400,-4.436,True,0.000,0.000,-5.400,-4.436,6.989,0.000,0.000,0.000,1.017
16:11:14.162,65.372,-3.983,-2.915,True,0.000,0.000,-3.983,-2.915,4.936,0.000,0.000,0.000,1.046
16:11:14.182,65.392,-2.914,-1.703,True,0.000,0.000,-2.914,-1.703,3.375,0.000,0.000,0.000,0.675
16:11:14.203,65.412,-2.931,-1.691,True,0.000,0.000,-2.931,-1.691,3.383,0.000,0.000,0.000,0.579
16:11:14.223,65.432,-2.250,-0.846,True,0.000,0.000,-2.250,-0.846,2.404,0.000,0.000,0.000,0.623
16:11:14.244,65.453,-2.567,-2.902,True,0.000,0.000,-2.567,-2.902,3.874,0.000,0.000,0.000,1.038
16:11:14.265,65.474,-2.100,-2.695,True,0.000,0.000,-2.100,-2.695,3.417,0.000,0.000,0.000,1.114
16:11:14.285,65.494,-1.795,-1.620,True,0.000,0.000,-1.795,-1.620,2.418,0.000,0.000,0.000,1.043
16:11:14.305,65.514,-1.618,-0.817,True,0.000,0.000,-1.618,-0.817,1.813,0.000,0.000,0.000,0.934
16:11:14.326,65.535,-1.535,-1.142,True,0.000,0.000,-1.535,-1.142,1.913,0.000,0.000,0.000,1.050
16:11:14.346,65.555,-3.799,-3.191,True,0.000,0.000,-3.799,-3.191,4.961,0.000,0.000,0.000,1.099
16:11:14.366,65.575,-3.190,-2.067,True,0.000,0.000,-3.190,-2.067,3.801,0.000,0.000,0.000,0.540
16:11:14.386,65.595,-4.198,-4.697,True,0.000,0.000,-4.198,-4.697,6.300,0.000,0.000,0.000,0.902
16:11:14.406,65.616,-3.378,-3.967,True,0.000,0.000,-3.378,-3.967,5.211,0.000,0.000,0.000,0.904
16:11:14.427,65.636,-2.721,-2.444,True,0.000,0.000,-2.721,-2.444,3.658,0.000,0.000,0.000,1.133
16:11:14.447,65.656,-3.757,-4.804,True,0.000,0.000,-3.757,-4.804,6.098,0.000,0.000,0.000,1.033
16:11:14.468,65.677,-4.528,-4.785,True,0.000,0.000,-4.528,-4.785,6.588,0.000,0.000,0.000,1.109
16:11:14.488,65.698,-3.536,-2.933,True,0.000,0.000,-3.536,-2.933,4.594,0.000,0.000,0.000,1.144
16:11:14.508,65.717,-2.761,-1.532,True,0.000,0.000,-2.761,-1.532,3.158,0.000,0.000,0.000,0.618
16:11:14.529,65.738,-4.487,-4.068,True,0.000,0.000,-4.487,-4.068,6.056,0.000,0.000,0.000,1.036
16:11:14.549,65.759,-3.490,-2.480,True,0.000,0.000,-3.490,-2.480,4.281,0.000,0.000,0.000,1.137
16:11:14.569,65.778,-2.718,-1.283,True,0.000,0.000,-2.718,-1.283,3.006,0.000,0.000,0.000,0.606
16:11:14.590,65.799,-2.166,0.430,True,0.000,0.000,-2.166,0.430,2.209,0.000,0.000,0.000,1.147
16:11:14.610,65.819,-1.805,0.716,True,0.000,0.000,-1.805,0.716,1.942,0.000,0.000,0.000,0.621
16:11:14.631,65.840,-1.595,0.793,True,0.000,0.000,-1.595,0.793,1.781,0.000,0.000,0.000,1.097
16:11:14.651,65.860,-1.495,-0.135,True,0.000,0.000,-1.495,-0.135,1.501,0.000,0.000,0.000,0.948
16:11:14.671,65.880,-3.755,-1.768,True,0.000,0.000,-3.755,-1.768,4.150,0.000,0.000,0.000,0.682
16:11:14.692,65.901,-3.149,-1.213,True,0.000,0.000,-3.149,-1.213,3.374,0.000,0.000,0.000,0.873
16:11:14.713,65.922,-2.640,-0.754,True,0.000,0.000,-2.640,-0.754,2.745,0.000,0.000,0.000,1.037
16:11:14.733,65.942,-2.247,-0.403,True,0.000,0.000,-2.247,-0.403,2.283,0.000,0.000,0.000,0.565
16:11:14.753,65.962,-1.966,-0.155,True,0.000,0.000,-1.966,-0.155,1.972,0.000,0.000,0.000,0.667
16:11:14.774,65.983,-1.783,0.004,True,0.000,0.000,-1.783,0.004,1.783,0.000,0.000,0.000,1.029
16:11:14.794,66.003,-1.676,0.094,True,0.000,0.000,-1.676,0.094,1.679,0.000,0.000,0.000,1.128
16:11:14.815,66.024,-1.626,-2.503,True,0.000,0.000,-1.626,-2.503,2.985,0.000,0.000,0.000,1.038
16:11:14.835,66.044,-3.899,-3.529,True,0.000,0.000,-3.899,-3.529,5.259,0.000,0.000,0.000,1.025
16:11:14.856,66.065,-3.283,-3.300,True,0.000,0.000,-3.283,-3.300,4.654,0.000,0.000,0.000,0.950
16:11:14.876,66.085,-2.752,-3.019,True,0.000,0.000,-2.752,-3.019,4.085,0.000,0.000,0.000,0.710
16:11:14.896,66.105,-2.333,-2.743,True,0.000,0.000,-2.333,-2.743,3.602,0.000,0.000,0.000,0.581
16:11:14.917,66.126,-4.312,-5.139,True,0.000,0.000,-4.312,-5.139,6.709,0.000,0.000,0.000,1.113
16:11:14.937,66.146,-4.241,-5.981,True,0.000,0.000,-4.241,-5.981,7.332,0.000,0.000,0.000,0.855
16:11:14.957,66.166,-5.639,-7.355,True,0.000,0.000,-5.639,-7.355,9.268,0.000,0.000,0.000,0.538
16:11:14.977,66.186,-4.320,-5.594,True,0.000,0.000,-4.320,-5.594,7.068,0.000,0.000,0.000,0.604
16:11:14.998,66.207,-3.266,-3.292,True,0.000,0.000,-3.266,-3.292,4.637,0.000,0.000,0.000,1.000
16:11:15.018,66.227,-4.011,-5.108,True,0.000,0.000,-4.011,-5.108,6.494,0.000,0.000,0.000,0.688
16:11:15.039,66.248,-3.065,-2.986,True,0.000,0.000,-3.065,-2.986,4.279,0.000,0.000,0.000,1.197
16:11:15.059,66.268,-4.657,-5.819,True,0.000,0.000,-4.657,-5.819,7.453,0.000,0.000,0.000,0.749
16:11:15.079,66.288,-3.564,-2.677,True,0.000,0.000,-3.564,-2.677,4.457,0.000,0.000,0.000,0.768
16:11:15.099,66.308,-2.729,-4.724,True,0.000,0.000,-2.729,-4.724,5.455,0.000,0.000,0.000,0.558
16:11:15.120,66.329,-2.139,-5.417,True,0.000,0.000,-2.139,-5.417,5.824,0.000,0.000,0.000,0.825
16:11:15.140,66.350,-1.760,-4.136,True,0.000,0.000,-1.760,-4.136,4.495,0.000,0.000,0.000,1.166
16:11:15.161,66.370,-1.545,-3.158,True,0.000,0.000,-1.545,-3.158,3.516,0.000,0.000,0.000,1.123
16:11:15.181,66.390,-3.732,-5.106,True,0.000,0.000,-3.732,-5.106,6.325,0.000,0.000,0.000,0.872
16:11:15.201,66.410,-4.611,-6.576,True,0.000,0.000,-4.611,-6.576,8.031,0.000,0.000,0.000,0.582
16:11:15.222,66.431,-3.669,-4.083,True,0.000,0.000,-3.669,-4.083,5.490,0.000,0.000,0.000,1.145
16:11:15.242,66.451,-2.908,-3.060,True,0.000,0.000,-2.908,-3.060,4.221,0.000,0.000,0.000,0.861
16:11:15.263,66.473,-2.339,-1.478,True,0.000,0.000,-2.339,-1.478,2.767,0.000,0.000,0.000,1.066
16:11:15.283,66.492,-1.948,-0.402,True,0.000,0.000,-1.948,-0.402,1.989,0.000,0.000,0.000,0.671
16:11:15.303,66.513,-1.703,0.257,True,0.000,0.000,-1.703,0.257,1.723,0.000,0.000,0.000,0.616
16:11:15.327,66.536,-1.572,0.602,True,0.000,0.000,-1.572,0.602,1.683,0.000,0.000,0.000,2.637
16:11:15.345,66.554,-1.520,1.605,True,0.000,0.000,-1.520,1.605,2.211,0.000,0.000,0.000,0.526
16:11:15.366,66.575,-2.281,-2.167,True,0.000,0.000,-2.281,-2.167,3.146,0.000,0.000,0.000,1.299
16:11:15.387,66.596,-2.862,-5.023,True,0.000,0.000,-2.862,-5.023,5.781,0.000,0.000,0.000,1.158
16:11:15.407,66.616,-2.511,-3.504,True,0.000,0.000,-2.511,-3.504,4.310,0.000,0.000,0.000,0.669
16:11:15.427,66.637,-2.223,-2.224,True,0.000,0.000,-2.223,-2.224,3.144,0.000,0.000,0.000,1.013
16:11:15.448,66.657,-2.005,-2.111,True,0.000,0.000,-2.005,-2.111,2.911,0.000,0.000,0.000,0.892
16:11:15.468,66.677,-1.852,-1.159,True,0.000,0.000,-1.852,-1.159,2.185,0.000,0.000,0.000,0.628
16:11:15.488,66.697,-2.517,-2.238,True,0.000,0.000,-2.517,-2.238,3.368,0.000,0.000,0.000,0.580
16:11:15.509,66.718,-5.299,-0.433,True,0.000,0.000,-5.299,-0.433,5.317,0.000,0.000,0.000,0.940
16:11:15.529,66.738,-4.255,0.008,True,0.000,0.000,-4.255,0.008,4.255,0.000,0.000,0.000,1.077
16:11:15.550,66.759,-3.366,-0.621,True,0.000,0.000,-3.366,-0.621,3.423,0.000,0.000,0.000,1.126
16:11:15.570,66.780,-3.432,-0.268,True,0.000,0.000,-3.432,-0.268,3.442,0.000,0.000,0.000,1.032
16:11:15.590,66.800,-2.720,-0.036,True,0.000,0.000,-2.720,-0.036,2.720,0.000,0.000,0.000,0.615
16:11:15.611,66.820,-2.201,-0.778,True,0.000,0.000,-2.201,-0.778,2.335,0.000,0.000,0.000,0.624
16:11:15.632,66.841,-1.855,-0.471,True,0.000,0.000,-1.855,-0.471,1.914,0.000,0.000,0.000,0.935
16:11:15.652,66.861,-1.647,-0.240,True,0.000,0.000,-1.647,-0.240,1.665,0.000,0.000,0.000,0.576
16:11:15.672,66.882,-1.543,-0.960,True,0.000,0.000,-1.543,-0.960,1.817,0.000,0.000,0.000,0.918
16:11:15.692,66.902,-4.556,-2.376,True,0.000,0.000,-4.556,-2.376,5.138,0.000,0.000,0.000,0.550
16:11:15.713,66.922,-5.254,-5.141,True,0.000,0.000,-5.254,-5.141,7.350,0.000,0.000,0.000,0.780
16:11:15.733,66.943,-4.133,-3.556,True,0.000,0.000,-4.133,-3.556,5.452,0.000,0.000,0.000,0.750
16:11:15.754,66.963,-3.215,-2.232,True,0.000,0.000,-3.215,-2.232,3.914,0.000,0.000,0.000,0.809
16:11:15.775,66.984,-2.521,-1.214,True,0.000,0.000,-2.521,-1.214,2.798,0.000,0.000,0.000,0.960
16:11:15.795,67.004,-2.798,-1.370,True,0.000,0.000,-2.798,-1.370,3.115,0.000,0.000,0.000,1.084
16:11:15.816,67.025,-4.565,-2.417,True,0.000,0.000,-4.565,-2.417,5.165,0.000,0.000,0.000,1.075
16:11:15.836,67.045,-3.583,-2.331,True,0.000,0.000,-3.583,-2.331,4.274,0.000,0.000,0.000,0.585
16:11:15.856,67.065,-5.092,-4.005,True,0.000,0.000,-5.092,-4.005,6.478,0.000,0.000,0.000,0.931
16:11:15.877,67.086,-3.901,-2.571,True,0.000,0.000,-3.901,-2.571,4.672,0.000,0.000,0.000,0.917
16:11:15.898,67.107,-2.970,-0.571,True,0.000,0.000,-2.970,-0.571,3.024,0.000,0.000,0.000,1.097
16:11:15.918,67.127,-2.297,-3.518,True,0.000,0.000,-2.297,-3.518,4.202,0.000,0.000,0.000,0.752
16:11:15.938,67.148,-1.852,-3.108,True,0.000,0.000,-1.852,-3.108,3.618,0.000,0.000,0.000,1.022
16:11:15.959,67.168,-1.588,-1.869,True,0.000,0.000,-1.588,-1.869,2.453,0.000,0.000,0.000,1.105
16:11:15.979,67.188,-1.459,-0.943,True,0.000,0.000,-1.459,-0.943,1.737,0.000,0.000,0.000,1.226
16:11:16.000,67.209,-3.706,-2.061,True,0.000,0.000,-3.706,-2.061,4.241,0.000,0.000,0.000,1.057
16:11:16.021,67.230,-6.144,-2.937,True,0.000,0.000,-6.144,-2.937,6.810,0.000,0.000,0.000,1.130
16:11:16.041,67.250,-4.804,-1.813,True,0.000,0.000,-4.804,-1.813,5.135,0.000,0.000,0.000,0.823
16:11:16.062,67.271,-3.681,-0.958,True,0.000,0.000,-3.681,-0.958,3.804,0.000,0.000,0.000,1.015
16:11:16.082,67.291,-5.099,-1.237,True,0.000,0.000,-5.099,-1.237,5.247,0.000,0.000,0.000,1.062
16:11:16.102,67.311,-6.900,-2.370,True,0.000,0.000,-6.900,-2.370,7.296,0.000,0.000,0.000,0.550
16:11:16.123,67.332,-7.392,-4.974,True,0.000,0.000,-7.392,-4.974,8.910,0.000,0.000,0.000,0.719
16:11:16.144,67.353,-8.395,-5.075,True,0.000,0.000,-8.395,-5.075,9.810,0.000,0.000,0.000,1.118
16:11:16.164,67.373,-5.971,-4.136,True,0.000,0.000,-5.971,-4.136,7.263,0.000,0.000,0.000,0.894
16:11:16.185,67.394,-4.093,-2.473,True,0.000,0.000,-4.093,-2.473,4.782,0.000,0.000,0.000,1.066
16:11:16.205,67.414,-2.749,-1.234,True,0.000,0.000,-2.749,-1.234,3.013,0.000,0.000,0.000,0.646
16:11:16.226,67.435,-2.629,-3.899,True,0.000,0.000,-2.629,-3.899,4.702,0.000,0.000,0.000,1.125
16:11:16.245,67.455,-1.907,-2.403,True,0.000,0.000,-1.907,-2.403,3.068,0.000,0.000,0.000,0.619
16:11:16.266,67.476,-1.479,-1.268,True,0.000,0.000,-1.479,-1.268,1.948,0.000,0.000,0.000,1.178
16:11:16.286,67.495,-1.270,-0.471,True,0.000,0.000,-1.270,-0.471,1.354,0.000,0.000,0.000,0.635
16:11:16.307,67.516,-1.209,-0.841,True,0.000,0.000,-1.209,-0.841,1.473,0.000,0.000,0.000,1.091
16:11:16.327,67.536,-1.241,-2.073,True,0.000,0.000,-1.241,-2.073,2.416,0.000,0.000,0.000,0.903
16:11:16.348,67.557,-1.322,-1.253,True,0.000,0.000,-1.322,-1.253,1.821,0.000,0.000,0.000,1.129
16:11:16.368,67.578,-1.420,-0.638,True,0.000,0.000,-1.420,-0.638,1.557,0.000,0.000,0.000,1.039
16:11:16.389,67.598,-1.517,-1.092,True,0.000,0.000,-1.517,-1.092,1.869,0.000,0.000,0.000,0.910
16:11:16.409,67.618,-2.363,-1.462,True,0.000,0.000,-2.363,-1.462,2.779,0.000,0.000,0.000,0.697
16:11:16.430,67.639,-2.222,-0.862,True,0.000,0.000,-2.222,-0.862,2.383,0.000,0.000,0.000,0.943
16:11:16.450,67.659,-2.848,-0.419,True,0.000,0.000,-2.848,-0.419,2.879,0.000,0.000,0.000,1.254
16:11:16.470,67.680,-3.286,0.762,True,0.000,0.000,-3.286,0.762,3.373,0.000,0.000,0.000,0.966
16:11:16.491,67.700,-5.087,-2.809,True,0.000,0.000,-5.087,-2.809,5.811,0.000,0.000,0.000,0.812
16:11:16.512,67.721,-4.062,-1.080,True,0.000,0.000,-4.062,-1.080,4.203,0.000,0.000,0.000,1.062
16:11:16.533,67.742,-3.206,-0.606,True,0.000,0.000,-3.206,-0.606,3.263,0.000,0.000,0.000,1.152
16:11:16.552,67.762,-4.833,-3.779,True,0.000,0.000,-4.833,-3.779,6.135,0.000,0.000,0.000,0.568
16:11:16.573,67.782,-3.738,-2.588,True,0.000,0.000,-3.738,-2.588,4.547,0.000,0.000,0.000,0.975
16:11:16.594,67.803,-5.166,-3.361,True,0.000,0.000,-5.166,-3.361,6.163,0.000,0.000,0.000,0.830
16:11:16.615,67.824,-4.680,-5.644,True,0.000,0.000,-4.680,-5.644,7.332,0.000,0.000,0.000,0.802
16:11:16.635,67.844,-4.268,-6.361,True,0.000,0.000,-4.268,-6.361,7.660,0.000,0.000,0.000,0.549
16:11:16.656,67.865,-3.185,-4.982,True,0.000,0.000,-3.185,-4.982,5.913,0.000,0.000,0.000,1.097
16:11:16.676,67.885,-2.400,-2.970,True,0.000,0.000,-2.400,-2.970,3.818,0.000,0.000,0.000,0.981
16:11:16.696,67.905,-4.163,-4.988,True,0.000,0.000,-4.163,-4.988,6.497,0.000,0.000,0.000,0.994
16:11:16.716,67.925,-4.748,-6.512,True,0.000,0.000,-4.748,-6.512,8.059,0.000,0.000,0.000,0.775
16:11:16.737,67.946,-5.146,-7.573,True,0.000,0.000,-5.146,-7.573,9.156,0.000,0.000,0.000,1.008
16:11:16.757,67.966,-4.629,-4.731,True,0.000,0.000,-4.629,-4.731,6.619,0.000,0.000,0.000,0.899
16:11:16.777,67.986,-3.444,-2.552,True,0.000,0.000,-3.444,-2.552,4.286,0.000,0.000,0.000,0.772
16:11:16.798,68.007,-2.570,-1.010,True,0.000,0.000,-2.570,-1.010,2.762,0.000,0.000,0.000,1.181
16:11:16.818,68.027,-2.739,-1.771,True,0.000,0.000,-2.739,-1.771,3.262,0.000,0.000,0.000,0.867
16:11:16.839,68.048,-2.168,-1.599,True,0.000,0.000,-2.168,-1.599,2.694,0.000,0.000,0.000,1.001
16:11:16.859,68.068,-1.795,-0.674,True,0.000,0.000,-1.795,-0.674,1.918,0.000,0.000,0.000,0.535
16:11:16.880,68.089,-1.580,-0.068,True,0.000,0.000,-1.580,-0.068,1.581,0.000,0.000,0.000,1.094
16:11:16.900,68.109,-1.479,0.285,True,0.000,0.000,-1.479,0.285,1.507,0.000,0.000,0.000,0.765
16:11:16.921,68.130,-2.218,-0.427,True,0.000,0.000,-2.218,-0.427,2.258,0.000,0.000,0.000,0.973
16:11:16.941,68.150,-2.032,-0.144,True,0.000,0.000,-2.032,-0.144,2.037,0.000,0.000,0.000,1.168
16:11:16.962,68.171,-1.895,-2.603,True,0.000,0.000,-1.895,-2.603,3.220,0.000,0.000,0.000,0.964
16:11:16.982,68.191,-1.802,-1.782,True,0.000,0.000,-1.802,-1.782,2.534,0.000,0.000,0.000,0.956
16:11:17.002,68.212,-1.744,-1.103,True,0.000,0.000,-1.744,-1.103,2.064,0.000,0.000,0.000,0.971
16:11:17.023,68.232,-2.476,-0.586,True,0.000,0.000,-2.476,-0.586,2.544,0.000,0.000,0.000,1.077
16:11:17.044,68.253,-2.255,-0.223,True,0.000,0.000,-2.255,-0.223,2.266,0.000,0.000,0.000,1.137
16:11:17.064,68.273,-4.356,-4.384,True,0.000,0.000,-4.356,-4.384,6.180,0.000,0.000,0.000,0.875
16:11:17.084,68.293,-3.588,-3.046,True,0.000,0.000,-3.588,-3.046,4.707,0.000,0.000,0.000,0.842
16:11:17.105,68.314,-2.935,-1.923,True,0.000,0.000,-2.935,-1.923,3.509,0.000,0.000,0.000,0.974
16:11:17.125,68.334,-2.425,-0.177,True,0.000,0.000,-2.425,-0.177,2.432,0.000,0.000,0.000,0.947
16:11:17.146,68.355,-3.579,-4.195,True,0.000,0.000,-3.579,-4.195,5.514,0.000,0.000,0.000,1.051
16:11:17.166,68.375,-2.917,-2.797,True,0.000,0.000,-2.917,-2.797,4.042,0.000,0.000,0.000,1.015
16:11:17.186,68.395,-4.688,-5.186,True,0.000,0.000,-4.688,-5.186,6.991,0.000,0.000,0.000,0.897
16:11:17.206,68.415,-5.977,-6.897,True,0.000,0.000,-5.977,-6.897,9.126,0.000,0.000,0.000,0.807
16:11:17.226,68.435,-4.555,-4.504,True,0.000,0.000,-4.555,-4.504,6.406,0.000,0.000,0.000,0.731
16:11:17.247,68.456,-3.415,-2.608,True,0.000,0.000,-3.415,-2.608,4.297,0.000,0.000,0.000,0.908
16:11:17.268,68.477,-2.571,-1.220,True,0.000,0.000,-2.571,-1.220,2.846,0.000,0.000,0.000,1.195
16:11:17.288,68.497,-2.757,-0.286,True,0.000,0.000,-2.757,-0.286,2.772,0.000,0.000,0.000,1.108
16:11:17.308,68.517,-2.193,0.279,True,0.000,0.000,-2.193,0.279,2.211,0.000,0.000,0.000,0.496
16:11:17.328,68.537,-1.822,0.568,True,0.000,0.000,-1.822,0.568,1.908,0.000,0.000,0.000,0.566
16:11:17.349,68.558,-1.604,0.664,True,0.000,0.000,-1.604,0.664,1.736,0.000,0.000,0.000,0.978
16:11:17.369,68.579,-1.499,1.520,True,0.000,0.000,-1.499,1.520,2.135,0.000,0.000,0.000,0.584
16:11:17.390,68.599,-1.471,1.189,True,0.000,0.000,-1.471,1.189,1.891,0.000,0.000,0.000,0.939
16:11:17.411,68.620,-1.490,1.738,True,0.000,0.000,-1.490,1.738,2.290,0.000,0.000,0.000,1.083
16:11:17.431,68.640,-1.534,1.208,True,0.000,0.000,-1.534,1.208,1.952,0.000,0.000,0.000,0.963
16:11:17.451,68.660,-1.586,0.763,True,0.000,0.000,-1.586,0.763,1.760,0.000,0.000,0.000,0.608
16:11:17.472,68.682,-1.637,1.298,True,0.000,0.000,-1.637,1.298,2.089,0.000,0.000,0.000,1.092
16:11:17.493,68.702,-1.681,1.690,True,0.000,0.000,-1.681,1.690,2.384,0.000,0.000,0.000,0.978
16:11:17.513,68.722,-1.717,1.076,True,0.000,0.000,-1.717,1.076,2.026,0.000,0.000,0.000,1.106
16:11:17.533,68.742,-1.743,0.599,True,0.000,0.000,-1.743,0.599,1.843,0.000,0.000,0.000,0.617
16:11:17.554,68.763,-2.521,0.256,True,0.000,0.000,-2.521,0.256,2.534,0.000,0.000,0.000,1.024
16:11:17.574,68.783,-2.323,0.031,True,0.000,0.000,-2.323,0.031,2.323,0.000,0.000,0.000,1.051
16:11:17.595,68.804,-5.189,-1.859,True,0.000,0.000,-5.189,-1.859,5.512,0.000,0.000,0.000,1.199
16:11:17.615,68.824,-4.206,-1.439,True,0.000,0.000,-4.206,-1.439,4.446,0.000,0.000,0.000,0.890
16:11:17.636,68.845,-5.642,-4.545,True,0.000,0.000,-5.642,-4.545,7.245,0.000,0.000,0.000,1.143
16:11:17.655,68.864,-4.343,-4.103,True,0.000,0.000,-4.343,-4.103,5.975,0.000,0.000,0.000,0.582
16:11:17.676,68.885,-3.298,-3.607,True,0.000,0.000,-3.298,-3.607,4.888,0.000,0.000,0.000,0.650
16:11:17.697,68.906,-2.522,-3.139,True,0.000,0.000,-2.522,-3.139,4.027,0.000,0.000,0.000,1.088
16:11:17.717,68.927,-1.991,-1.863,True,0.000,0.000,-1.991,-1.863,2.727,0.000,0.000,0.000,1.251
16:11:17.737,68.947,-2.423,-0.916,True,0.000,0.000,-2.423,-0.916,2.591,0.000,0.000,0.000,0.872
16:11:17.758,68.967,-2.040,-1.148,True,0.000,0.000,-2.040,-1.148,2.340,0.000,0.000,0.000,0.608
16:11:17.778,68.987,-4.073,-4.901,True,0.000,0.000,-4.073,-4.901,6.372,0.000,0.000,0.000,0.625
16:11:17.799,69.008,-3.300,-3.269,True,0.000,0.000,-3.300,-3.269,4.645,0.000,0.000,0.000,1.072
16:11:17.819,69.028,-2.679,-1.074,True,0.000,0.000,-2.679,-1.074,2.886,0.000,0.000,0.000,1.119
16:11:17.840,69.049,-2.217,-0.335,True,0.000,0.000,-2.217,-0.335,2.242,0.000,0.000,0.000,1.076
16:11:17.860,69.069,-1.901,-0.754,True,0.000,0.000,-1.901,-0.754,2.045,0.000,0.000,0.000,1.106
16:11:17.880,69.089,-1.705,-0.266,True,0.000,0.000,-1.705,-0.266,1.725,0.000,0.000,0.000,0.903
16:11:17.901,69.110,-3.884,-1.714,True,0.000,0.000,-3.884,-1.714,4.246,0.000,0.000,0.000,1.032
16:11:17.922,69.131,-3.218,-1.061,True,0.000,0.000,-3.218,-1.061,3.388,0.000,0.000,0.000,1.144
16:11:17.942,69.151,-4.950,-4.957,True,0.000,0.000,-4.950,-4.957,7.006,0.000,0.000,0.000,1.016
16:11:17.962,69.171,-3.902,-6.037,True,0.000,0.000,-3.902,-6.037,7.189,0.000,0.000,0.000,0.544
16:11:17.983,69.193,-3.053,-4.024,True,0.000,0.000,-3.053,-4.024,5.051,0.000,0.000,0.000,1.100
16:11:18.004,69.213,-3.178,-2.402,True,0.000,0.000,-3.178,-2.402,3.984,0.000,0.000,0.000,0.743
16:11:18.024,69.234,-4.053,-4.709,True,0.000,0.000,-4.053,-4.709,6.213,0.000,0.000,0.000,0.998
16:11:18.045,69.254,-3.175,-2.915,True,0.000,0.000,-3.175,-2.915,4.311,0.000,0.000,0.000,0.858
16:11:18.065,69.274,-4.793,-5.064,True,0.000,0.000,-4.793,-5.064,6.973,0.000,0.000,0.000,0.695
16:11:18.086,69.295,-3.698,-3.138,True,0.000,0.000,-3.698,-3.138,4.850,0.000,0.000,0.000,1.031
16:11:18.105,69.315,-2.847,-1.670,True,0.000,0.000,-2.847,-1.670,3.300,0.000,0.000,0.000,0.570
16:11:18.126,69.335,-2.234,0.243,True,0.000,0.000,-2.234,0.243,2.247,0.000,0.000,0.000,0.858
16:11:18.146,69.355,-1.830,-0.214,True,0.000,0.000,-1.830,-0.214,1.842,0.000,0.000,0.000,0.570
16:11:18.167,69.376,-1.592,0.188,True,0.000,0.000,-1.592,0.188,1.603,0.000,0.000,0.000,1.206
16:11:18.187,69.396,3.852,2.152,True,0.000,0.000,3.852,2.152,4.412,0.000,0.000,0.000,0.587
16:11:18.207,69.416,2.419,1.741,True,0.000,0.000,2.419,1.741,2.980,0.000,0.000,0.000,0.831
16:11:18.227,69.436,-1.176,-2.216,True,0.000,0.000,-1.176,-2.216,2.509,0.000,0.000,0.000,0.508
16:11:18.248,69.457,-1.636,-1.655,True,0.000,0.000,-1.636,-1.655,2.327,0.000,0.000,0.000,1.094
16:11:18.268,69.477,-1.913,-1.140,True,0.000,0.000,-1.913,-1.140,2.227,0.000,0.000,0.000,0.665
16:11:18.288,69.497,-2.053,-1.591,True,0.000,0.000,-2.053,-1.591,2.597,0.000,0.000,0.000,0.586
16:11:18.308,69.517,-3.621,-4.537,True,0.000,0.000,-3.621,-4.537,5.805,0.000,0.000,0.000,0.561
16:11:18.329,69.538,-5.474,-6.642,True,0.000,0.000,-5.474,-6.642,8.607,0.000,0.000,0.000,0.945
16:11:18.349,69.558,-4.432,-4.503,True,0.000,0.000,-4.432,-4.503,6.318,0.000,0.000,0.000,1.011
16:11:18.370,69.579,-3.523,-3.631,True,0.000,0.000,-3.523,-3.631,5.059,0.000,0.000,0.000,0.924
16:11:18.390,69.599,-3.559,-3.825,True,0.000,0.000,-3.559,-3.825,5.225,0.000,0.000,0.000,1.173
16:11:18.410,69.620,-4.337,-6.602,True,0.000,0.000,-4.337,-6.602,7.899,0.000,0.000,0.000,1.041
16:11:18.431,69.640,-3.371,-4.213,True,0.000,0.000,-3.371,-4.213,5.396,0.000,0.000,0.000,1.001
16:11:18.451,69.661,-2.631,-2.354,True,0.000,0.000,-2.631,-2.354,3.531,0.000,0.000,0.000,0.825
16:11:18.472,69.681,-2.869,-1.897,True,0.000,0.000,-2.869,-1.897,3.439,0.000,0.000,0.000,1.095
16:11:18.492,69.702,-2.322,-0.774,True,0.000,0.000,-2.322,-0.774,2.447,0.000,0.000,0.000,1.068
16:11:18.512,69.722,-1.944,-0.044,True,0.000,0.000,-1.944,-0.044,1.945,0.000,0.000,0.000,0.536
16:11:18.533,69.743,-3.992,-3.139,True,0.000,0.000,-3.992,-3.139,5.078,0.000,0.000,0.000,1.016
16:11:18.554,69.763,-3.238,-2.858,True,0.000,0.000,-3.238,-2.858,4.318,0.000,0.000,0.000,0.963
16:11:18.574,69.783,-2.634,-1.722,True,0.000,0.000,-2.634,-1.722,3.147,0.000,0.000,0.000,0.566
16:11:18.595,69.804,-2.187,-1.750,True,0.000,0.000,-2.187,-1.750,2.801,0.000,0.000,0.000,1.102
16:11:18.615,69.824,-1.883,-0.922,True,0.000,0.000,-1.883,-0.922,2.097,0.000,0.000,0.000,0.913
16:11:18.635,69.844,-1.697,-0.341,True,0.000,0.000,-1.697,-0.341,1.730,0.000,0.000,0.000,0.803
16:11:18.656,69.865,-3.121,-4.365,True,0.000,0.000,-3.121,-4.365,5.366,0.000,0.000,0.000,1.061
16:11:18.676,69.885,-2.667,-2.950,True,0.000,0.000,-2.667,-2.950,3.977,0.000,0.000,0.000,1.633
16:11:18.696,69.905,-2.302,-1.796,True,0.000,0.000,-2.302,-1.796,2.920,0.000,0.000,0.000,0.876
16:11:18.716,69.925,-2.030,-0.047,True,0.000,0.000,-2.030,-0.047,2.031,0.000,0.000,0.000,0.926
16:11:18.736,69.945,-1.845,0.316,True,0.000,0.000,-1.845,0.316,1.872,0.000,0.000,0.000,0.508
16:11:18.757,69.966,-1.730,0.485,True,0.000,0.000,-1.730,0.485,1.796,0.000,0.000,0.000,0.865
16:11:18.778,69.987,-1.669,0.524,True,0.000,0.000,-1.669,0.524,1.749,0.000,0.000,0.000,1.049
16:11:18.798,70.007,-2.407,-2.153,True,0.000,0.000,-2.407,-2.153,3.229,0.000,0.000,0.000,0.898
16:11:18.818,70.028,-4.483,-5.025,True,0.000,0.000,-4.483,-5.025,6.734,0.000,0.000,0.000,0.978
16:11:18.839,70.048,-4.447,-5.272,True,0.000,0.000,-4.447,-5.272,6.897,0.000,0.000,0.000,1.113
16:11:18.859,70.068,-3.557,-2.634,True,0.000,0.000,-3.557,-2.634,4.426,0.000,0.000,0.000,0.600
16:11:18.880,70.089,-5.122,-4.973,True,0.000,0.000,-5.122,-4.973,7.139,0.000,0.000,0.000,1.114
16:11:18.900,70.109,-3.959,-3.166,True,0.000,0.000,-3.959,-3.166,5.069,0.000,0.000,0.000,0.723
16:11:18.920,70.129,-3.037,-0.883,True,0.000,0.000,-3.037,-0.883,3.163,0.000,0.000,0.000,0.556
16:11:18.940,70.150,-2.362,-0.996,True,0.000,0.000,-2.362,-0.996,2.563,0.000,0.000,0.000,0.935
16:11:18.961,70.170,-1.907,-0.305,True,0.000,0.000,-1.907,-0.305,1.931,0.000,0.000,0.000,1.045
16:11:18.981,70.191,-1.631,0.124,True,0.000,0.000,-1.631,0.124,1.636,0.000,0.000,0.000,1.059
16:11:19.001,70.211,-1.491,0.354,True,0.000,0.000,-1.491,0.354,1.532,0.000,0.000,0.000,0.846
16:11:19.023,70.232,-1.443,-0.436,True,0.000,0.000,-1.443,-0.436,1.508,0.000,0.000,0.000,1.280
16:11:19.043,70.252,-1.455,-0.197,True,0.000,0.000,-1.455,-0.197,1.468,0.000,0.000,0.000,1.048
16:11:19.063,70.273,-1.498,-0.038,True,0.000,0.000,-1.498,-0.038,1.498,0.000,0.000,0.000,1.050
16:11:19.084,70.293,-1.554,0.057,True,0.000,0.000,-1.554,0.057,1.555,0.000,0.000,0.000,0.802
16:11:19.105,70.314,-3.896,-3.411,True,0.000,0.000,-3.896,-3.411,5.178,0.000,0.000,0.000,1.163
16:11:19.125,70.334,-3.319,-2.431,True,0.000,0.000,-3.319,-2.431,4.114,0.000,0.000,0.000,1.029
16:11:19.145,70.354,-2.807,-2.464,True,0.000,0.000,-2.807,-2.464,3.735,0.000,0.000,0.000,1.309
16:11:19.165,70.374,-2.392,-1.553,True,0.000,0.000,-2.392,-1.553,2.852,0.000,0.000,0.000,0.667
16:11:19.185,70.395,-2.843,-1.730,True,0.000,0.000,-2.843,-1.730,3.328,0.000,0.000,0.000,0.654
16:11:19.207,70.416,-4.704,-4.504,True,0.000,0.000,-4.704,-4.504,6.512,0.000,0.000,0.000,1.236
16:11:19.227,70.436,-6.043,-6.515,True,0.000,0.000,-6.043,-6.515,8.885,0.000,0.000,0.000,1.063
16:11:19.247,70.456,-4.641,-4.337,True,0.000,0.000,-4.641,-4.337,6.352,0.000,0.000,0.000,1.005
16:11:19.267,70.477,-3.503,-2.584,True,0.000,0.000,-3.503,-2.584,4.353,0.000,0.000,0.000,0.917
16:11:19.288,70.497,-2.649,-1.281,True,0.000,0.000,-2.649,-1.281,2.942,0.000,0.000,0.000,0.973
16:11:19.308,70.517,-3.581,-3.902,True,0.000,0.000,-3.581,-3.902,5.297,0.000,0.000,0.000,0.808
16:11:19.329,70.538,-2.793,-1.504,True,0.000,0.000,-2.793,-1.504,3.172,0.000,0.000,0.000,1.191
16:11:19.349,70.558,-2.222,-0.598,True,0.000,0.000,-2.222,-0.598,2.301,0.000,0.000,0.000,0.846
16:11:19.369,70.578,-1.843,0.867,True,0.000,0.000,-1.843,0.867,2.037,0.000,0.000,0.000,0.558
16:11:19.389,70.598,-1.619,0.961,True,0.000,0.000,-1.619,0.961,1.882,0.000,0.000,0.000,0.511
16:11:19.410,70.619,-1.509,0.900,True,0.000,0.000,-1.509,0.900,1.756,0.000,0.000,0.000,0.922
16:11:19.430,70.640,-2.238,-1.878,True,0.000,0.000,-2.238,-1.878,2.921,0.000,0.000,0.000,0.799
16:11:19.451,70.660,-2.045,-1.324,True,0.000,0.000,-2.045,-1.324,2.436,0.000,0.000,0.000,0.709
16:11:19.471,70.680,-1.902,-1.731,True,0.000,0.000,-1.902,-1.731,2.572,0.000,0.000,0.000,1.006
16:11:19.492,70.701,-2.566,-3.757,True,0.000,0.000,-2.566,-3.757,4.549,0.000,0.000,0.000,1.127
16:11:19.512,70.721,-2.297,-3.431,True,0.000,0.000,-2.297,-3.431,4.129,0.000,0.000,0.000,1.081
16:11:19.534,70.743,-2.081,-3.081,True,0.000,0.000,-2.081,-3.081,3.717,0.000,0.000,0.000,0.956
16:11:19.554,70.763,-1.920,-2.758,True,0.000,0.000,-1.920,-2.758,3.360,0.000,0.000,0.000,1.167
16:11:19.574,70.783,-1.811,-1.610,True,0.000,0.000,-1.811,-1.610,2.423,0.000,0.000,0.000,0.950
16:11:19.595,70.804,-2.505,-0.766,True,0.000,0.000,-2.505,-0.766,2.619,0.000,0.000,0.000,0.970
16:11:19.616,70.825,-2.260,-0.195,True,0.000,0.000,-2.260,-0.195,2.268,0.000,0.000,0.000,1.126
16:11:19.636,70.845,-2.062,0.153,True,0.000,0.000,-2.062,0.153,2.068,0.000,0.000,0.000,0.725
16:11:19.657,70.866,-1.914,-0.546,True,0.000,0.000,-1.914,-0.546,1.991,0.000,0.000,0.000,0.996
16:11:19.677,70.886,-1.813,0.637,True,0.000,0.000,-1.813,0.637,1.921,0.000,0.000,0.000,0.851
16:11:19.698,70.907,-2.511,-2.039,True,0.000,0.000,-2.511,-2.039,3.234,0.000,0.000,0.000,1.065
16:11:19.718,70.927,-2.267,-1.409,True,0.000,0.000,-2.267,-1.409,2.669,0.000,0.000,0.000,1.130
16:11:19.738,70.947,-2.070,-0.883,True,0.000,0.000,-2.070,-0.883,2.250,0.000,0.000,0.000,0.535
16:11:19.758,70.968,-4.205,-3.994,True,0.000,0.000,-4.205,-3.994,5.800,0.000,0.000,0.000,0.499
16:11:19.779,70.988,-4.236,-2.742,True,0.000,0.000,-4.236,-2.742,5.046,0.000,0.000,0.000,0.935
16:11:19.799,71.009,-5.693,-5.220,True,0.000,0.000,-5.693,-5.220,7.724,0.000,0.000,0.000,0.720
16:11:19.820,71.029,-5.923,-7.857,True,0.000,0.000,-5.923,-7.857,9.839,0.000,0.000,0.000,0.905
16:11:19.841,71.050,-4.457,-5.239,True,0.000,0.000,-4.457,-5.239,6.879,0.000,0.000,0.000,1.278
16:11:19.861,71.070,-3.304,-3.129,True,0.000,0.000,-3.304,-3.129,4.550,0.000,0.000,0.000,0.838
16:11:19.881,71.091,-3.227,-1.557,True,0.000,0.000,-3.227,-1.557,3.583,0.000,0.000,0.000,0.974
16:11:19.901,71.110,-2.458,-1.357,True,0.000,0.000,-2.458,-1.357,2.807,0.000,0.000,0.000,0.539
16:11:19.922,71.132,-4.222,-3.961,True,0.000,0.000,-4.222,-3.961,5.789,0.000,0.000,0.000,0.866
16:11:19.943,71.152,-4.040,-2.424,True,0.000,0.000,-4.040,-2.424,4.711,0.000,0.000,0.000,0.969
16:11:19.963,71.172,-3.115,-1.262,True,0.000,0.000,-3.115,-1.262,3.361,0.000,0.000,0.000,0.507
16:11:19.984,71.193,-2.429,-0.451,True,0.000,0.000,-2.429,-0.451,2.470,0.000,0.000,0.000,0.861
16:11:20.004,71.213,-2.721,-3.452,True,0.000,0.000,-2.721,-3.452,4.396,0.000,0.000,0.000,1.072
16:11:20.025,71.234,-3.745,-5.717,True,0.000,0.000,-3.745,-5.717,6.834,0.000,0.000,0.000,0.905
16:11:20.046,71.255,-2.989,-3.779,True,0.000,0.000,-2.989,-3.779,4.818,0.000,0.000,0.000,1.200
16:11:20.066,71.275,-2.414,-2.228,True,0.000,0.000,-2.414,-2.228,3.285,0.000,0.000,0.000,0.696
16:11:20.086,71.295,-2.009,-1.082,True,0.000,0.000,-2.009,-1.082,2.282,0.000,0.000,0.000,0.539
16:11:20.107,71.316,-1.751,-0.301,True,0.000,0.000,-1.751,-0.301,1.776,0.000,0.000,0.000,0.764
16:11:20.128,71.337,-1.605,0.179,True,0.000,0.000,-1.605,0.179,1.615,0.000,0.000,0.000,1.168
16:11:20.147,71.356,-4.587,-1.327,True,0.000,0.000,-4.587,-1.327,4.775,0.000,0.000,0.000,0.563
16:11:20.168,71.377,-3.741,-0.753,True,0.000,0.000,-3.741,-0.753,3.816,0.000,0.000,0.000,0.960
16:11:20.189,71.398,-4.548,-4.731,True,0.000,0.000,-4.548,-4.731,6.562,0.000,0.000,0.000,1.013
16:11:20.209,71.418,-3.574,-3.247,True,0.000,0.000,-3.574,-3.247,4.829,0.000,0.000,0.000,0.862
16:11:20.230,71.439,-2.805,-2.018,True,0.000,0.000,-2.805,-2.018,3.455,0.000,0.000,0.000,1.121
16:11:20.249,71.459,-2.244,-1.958,True,0.000,0.000,-2.244,-1.958,2.978,0.000,0.000,0.000,0.624
16:11:20.270,71.479,-1.868,-4.571,True,0.000,0.000,-1.868,-4.571,4.938,0.000,0.000,0.000,0.803
16:11:20.291,71.500,-1.643,-2.966,True,0.000,0.000,-1.643,-2.966,3.390,0.000,0.000,0.000,1.152
16:11:20.311,71.521,-1.529,-2.580,True,0.000,0.000,-1.529,-2.580,2.999,0.000,0.000,0.000,1.172
16:11:20.332,71.541,-3.776,-4.933,True,0.000,0.000,-3.776,-4.933,6.213,0.000,0.000,0.000,1.113
16:11:20.353,71.562,-3.160,-3.138,True,0.000,0.000,-3.160,-3.138,4.454,0.000,0.000,0.000,1.256
16:11:20.373,71.582,-2.645,-1.745,True,0.000,0.000,-2.645,-1.745,3.169,0.000,0.000,0.000,0.932
16:11:20.394,71.603,-2.247,0.134,True,0.000,0.000,-2.247,0.134,2.251,0.000,0.000,0.000,1.116
16:11:20.414,71.623,-3.487,-3.845,True,0.000,0.000,-3.487,-3.845,5.190,0.000,0.000,0.000,1.063
16:11:20.434,71.643,-2.884,-2.467,True,0.000,0.000,-2.884,-2.467,3.795,0.000,0.000,0.000,0.529
16:11:20.455,71.664,-2.408,-1.390,True,0.000,0.000,-2.408,-1.390,2.781,0.000,0.000,0.000,1.010
16:11:20.475,71.685,-2.062,-2.371,True,0.000,0.000,-2.062,-2.371,3.142,0.000,0.000,0.000,1.120
16:11:20.495,71.705,-1.829,-4.889,True,0.000,0.000,-1.829,-4.889,5.220,0.000,0.000,0.000,1.031
16:11:20.516,71.725,-1.690,-6.708,True,0.000,0.000,-1.690,-6.708,6.918,0.000,0.000,0.000,0.989
16:11:20.536,71.745,-1.619,-4.399,True,0.000,0.000,-1.619,-4.399,4.688,0.000,0.000,0.000,0.649
16:11:20.558,71.767,-1.596,-3.443,True,0.000,0.000,-1.596,-3.443,3.795,0.000,0.000,0.000,1.156
16:11:20.579,71.788,-2.365,-1.853,True,0.000,0.000,-2.365,-1.853,3.005,0.000,0.000,0.000,1.155
16:11:20.599,71.808,-2.179,-0.729,True,0.000,0.000,-2.179,-0.729,2.298,0.000,0.000,0.000,0.607
16:11:20.620,71.829,-2.025,-0.003,True,0.000,0.000,-2.025,-0.003,2.025,0.000,0.000,0.000,0.837
16:11:20.640,71.849,-1.906,-0.469,True,0.000,0.000,-1.906,-0.469,1.963,0.000,0.000,0.000,0.521
16:11:20.661,71.870,-2.583,-1.799,True,0.000,0.000,-2.583,-1.799,3.148,0.000,0.000,0.000,1.015
16:11:20.681,71.890,-2.319,-1.947,True,0.000,0.000,-2.319,-1.947,3.028,0.000,0.000,0.000,0.996
16:11:20.701,71.910,-2.104,-2.042,True,0.000,0.000,-2.104,-2.042,2.932,0.000,0.000,0.000,0.567
16:11:20.722,71.931,-2.702,-2.974,True,0.000,0.000,-2.702,-2.974,4.019,0.000,0.000,0.000,0.969
16:11:20.742,71.951,-3.141,-1.878,True,0.000,0.000,-3.141,-1.878,3.660,0.000,0.000,0.000,0.808
16:11:20.763,71.972,-2.676,0.726,True,0.000,0.000,-2.676,0.726,2.773,0.000,0.000,0.000,1.076
16:11:20.783,71.992,-2.303,0.848,True,0.000,0.000,-2.303,0.848,2.454,0.000,0.000,0.000,1.017
16:11:20.803,72.012,-2.027,0.816,True,0.000,0.000,-2.027,0.816,2.186,0.000,0.000,0.000,0.954
16:11:20.823,72.033,-1.840,0.701,True,0.000,0.000,-1.840,0.701,1.969,0.000,0.000,0.000,0.791
16:11:20.844,72.053,-1.724,-0.326,True,0.000,0.000,-1.724,-0.326,1.755,0.000,0.000,0.000,0.935
16:11:20.865,72.074,-2.424,-2.872,True,0.000,0.000,-2.424,-2.872,3.758,0.000,0.000,0.000,1.163
16:11:20.885,72.094,-2.193,-2.068,True,0.000,0.000,-2.193,-2.068,3.014,0.000,0.000,0.000,0.503
16:11:20.905,72.114,-2.011,-1.365,True,0.000,0.000,-2.011,-1.365,2.430,0.000,0.000,0.000,0.815
16:11:20.925,72.135,-3.400,-4.319,True,0.000,0.000,-3.400,-4.319,5.497,0.000,0.000,0.000,0.654
16:11:20.946,72.155,-2.894,-3.818,True,0.000,0.000,-2.894,-3.818,4.790,0.000,0.000,0.000,1.143
16:11:20.966,72.176,-2.471,-2.442,True,0.000,0.000,-2.471,-2.442,3.475,0.000,0.000,0.000,1.178
16:11:20.986,72.195,-2.147,-2.249,True,0.000,0.000,-2.147,-2.249,3.110,0.000,0.000,0.000,0.539
16:11:21.007,72.216,-2.679,-3.872,True,0.000,0.000,-2.679,-3.872,4.709,0.000,0.000,0.000,1.205
16:11:21.027,72.236,-2.322,-5.061,True,0.000,0.000,-2.322,-5.061,5.569,0.000,0.000,0.000,0.543
16:11:21.048,72.257,-2.814,-2.348,True,0.000,0.000,-2.814,-2.348,3.664,0.000,0.000,0.000,1.077
16:11:21.068,72.277,-2.417,-2.041,True,0.000,0.000,-2.417,-2.041,3.164,0.000,0.000,0.000,0.670
16:11:21.088,72.298,-2.115,-0.988,True,0.000,0.000,-2.115,-0.988,2.334,0.000,0.000,0.000,0.893
16:11:21.108,72.317,-1.901,-1.150,True,0.000,0.000,-1.901,-1.150,2.222,0.000,0.000,0.000,0.552
16:11:21.129,72.339,-1.763,-0.469,True,0.000,0.000,-1.763,-0.469,1.825,0.000,0.000,0.000,1.063
16:11:21.150,72.359,-1.685,-0.026,True,0.000,0.000,-1.685,-0.026,1.686,0.000,0.000,0.000,1.005
16:11:21.170,72.379,-1.563,0.403,True,0.000,0.000,-1.563,0.403,1.614,0.000,0.000,0.000,0.794
16:11:21.190,72.400,-1.624,0.363,True,0.000,0.000,-1.624,0.363,1.664,0.000,0.000,0.000,1.162
16:11:21.211,72.420,-3.364,-4.588,True,0.000,0.000,-3.364,-4.588,5.689,0.000,0.000,0.000,1.110
16:11:21.231,72.441,-2.854,-3.996,True,0.000,0.000,-2.854,-3.996,4.910,0.000,0.000,0.000,1.106
16:11:21.251,72.460,-2.464,-2.589,True,0.000,0.000,-2.464,-2.589,3.574,0.000,0.000,0.000,0.598
16:11:21.273,72.483,-2.165,-1.504,True,0.000,0.000,-2.165,-1.504,2.636,0.000,0.000,0.000,0.659
16:11:21.294,72.504,-1.948,0.168,True,0.000,0.000,-1.948,0.168,1.955,0.000,0.000,0.000,0.808
16:11:21.315,72.525,-4.090,-3.058,True,0.000,0.000,-4.090,-3.058,5.107,0.000,0.000,0.000,0.992
16:11:21.336,72.545,-4.137,-1.097,True,0.000,0.000,-4.137,-1.097,4.280,0.000,0.000,0.000,1.066
16:11:21.356,72.565,-3.329,-1.371,True,0.000,0.000,-3.329,-1.371,3.600,0.000,0.000,0.000,1.034
16:11:21.376,72.585,-4.971,-1.605,True,0.000,0.000,-4.971,-1.605,5.224,0.000,0.000,0.000,0.621
16:11:21.396,72.606,-3.867,-0.910,True,0.000,0.000,-3.867,-0.910,3.972,0.000,0.000,0.000,0.936
16:11:21.417,72.626,-2.990,-0.407,True,0.000,0.000,-2.990,-0.407,3.017,0.000,0.000,0.000,0.588
16:11:21.437,72.646,-2.346,-0.073,True,0.000,0.000,-2.346,-0.073,2.347,0.000,0.000,0.000,0.661
16:11:21.457,72.667,-1.911,-1.632,True,0.000,0.000,-1.911,-1.632,2.513,0.000,0.000,0.000,0.807
16:11:21.478,72.687,-1.646,-1.051,True,0.000,0.000,-1.646,-1.051,1.953,0.000,0.000,0.000,1.110
16:11:21.499,72.708,-1.510,-1.475,True,0.000,0.000,-1.510,-1.475,2.111,0.000,0.000,0.000,0.788
16:11:21.519,72.728,-1.463,-0.904,True,0.000,0.000,-1.463,-0.904,1.719,0.000,0.000,0.000,1.099
16:11:21.539,72.748,-2.233,-1.351,True,0.000,0.000,-2.233,-1.351,2.610,0.000,0.000,0.000,1.037
16:11:21.560,72.769,-2.064,-0.808,True,0.000,0.000,-2.064,-0.808,2.216,0.000,0.000,0.000,1.131
16:11:21.581,72.790,-1.933,-0.403,True,0.000,0.000,-1.933,-0.403,1.974,0.000,0.000,0.000,0.762
16:11:21.601,72.810,-4.122,-3.640,True,0.000,0.000,-4.122,-3.640,5.499,0.000,0.000,0.000,0.773
16:11:21.622,72.831,-3.432,-2.502,True,0.000,0.000,-3.432,-2.502,4.247,0.000,0.000,0.000,1.316
16:11:21.642,72.851,-3.604,-1.558,True,0.000,0.000,-3.604,-1.558,3.926,0.000,0.000,0.000,1.041
16:11:21.663,72.872,-3.693,-2.593,True,0.000,0.000,-3.693,-2.593,4.512,0.000,0.000,0.000,0.942
16:11:21.683,72.892,-2.963,-1.601,True,0.000,0.000,-2.963,-1.601,3.368,0.000,0.000,0.000,0.882
16:11:21.703,72.912,-2.406,-1.725,True,0.000,0.000,-2.406,-1.725,2.960,0.000,0.000,0.000,1.109
16:11:21.724,72.933,-3.535,-4.470,True,0.000,0.000,-3.535,-4.470,5.699,0.000,0.000,0.000,0.967
16:11:21.744,72.953,-5.148,-7.347,True,0.000,0.000,-5.148,-7.347,8.971,0.000,0.000,0.000,1.066
16:11:21.765,72.974,-6.293,-8.442,True,0.000,0.000,-6.293,-8.442,10.530,0.000,0.000,0.000,1.121
16:11:21.786,72.995,-4.752,-5.516,True,0.000,0.000,-4.752,-5.516,7.280,0.000,0.000,0.000,1.153
16:11:21.805,73.015,-3.521,-3.196,True,0.000,0.000,-3.521,-3.196,4.755,0.000,0.000,0.000,0.540
16:11:21.826,73.035,-4.896,-5.892,True,0.000,0.000,-4.896,-5.892,7.661,0.000,0.000,0.000,0.815
16:11:21.846,73.056,-5.174,-7.057,True,0.000,0.000,-5.174,-7.057,8.751,0.000,0.000,0.000,0.756
16:11:21.867,73.076,-3.825,-5.213,True,0.000,0.000,-3.825,-5.213,6.466,0.000,0.000,0.000,0.674
16:11:21.887,73.096,-2.813,-2.909,True,0.000,0.000,-2.813,-2.909,4.046,0.000,0.000,0.000,0.847
16:11:21.908,73.117,-2.874,-3.889,True,0.000,0.000,-2.874,-3.889,4.836,0.000,0.000,0.000,1.124
16:11:21.929,73.138,-2.226,-2.075,True,0.000,0.000,-2.226,-2.075,3.043,0.000,0.000,0.000,1.119
16:11:21.949,73.158,-1.802,-1.675,True,0.000,0.000,-1.802,-1.675,2.461,0.000,0.000,0.000,1.082
16:11:21.969,73.179,-1.557,-0.612,True,0.000,0.000,-1.557,-0.612,1.673,0.000,0.000,0.000,1.101
16:11:21.990,73.199,-1.442,0.065,True,0.000,0.000,-1.442,0.065,1.444,0.000,0.000,0.000,0.977
16:11:22.010,73.219,-2.938,-3.073,True,0.000,0.000,-2.938,-3.073,4.251,0.000,0.000,0.000,1.072
16:11:22.030,73.240,-2.546,-2.824,True,0.000,0.000,-2.546,-2.824,3.802,0.000,0.000,0.000,0.814
16:11:22.051,73.260,-2.992,-5.226,True,0.000,0.000,-2.992,-5.226,6.022,0.000,0.000,0.000,1.168
16:11:22.071,73.280,-4.832,-6.940,True,0.000,0.000,-4.832,-6.940,8.456,0.000,0.000,0.000,0.586
16:11:22.092,73.301,-3.860,-4.543,True,0.000,0.000,-3.860,-4.543,5.961,0.000,0.000,0.000,1.099
16:11:22.113,73.322,-3.820,-6.156,True,0.000,0.000,-3.820,-6.156,7.245,0.000,0.000,0.000,1.062
16:11:22.133,73.342,-3.001,-3.795,True,0.000,0.000,-3.001,-3.795,4.839,0.000,0.000,0.000,0.614
16:11:22.154,73.363,-3.150,-3.760,True,0.000,0.000,-3.150,-3.760,4.905,0.000,0.000,0.000,1.360
16:11:22.174,73.383,-4.042,-5.535,True,0.000,0.000,-4.042,-5.535,6.854,0.000,0.000,0.000,0.914
16:11:22.194,73.403,-3.175,-3.340,True,0.000,0.000,-3.175,-3.340,4.608,0.000,0.000,0.000,0.950
16:11:22.214,73.423,-2.515,-2.574,True,0.000,0.000,-2.515,-2.574,3.599,0.000,0.000,0.000,0.502
16:11:22.235,73.444,-4.335,-3.833,True,0.000,0.000,-4.335,-3.833,5.786,0.000,0.000,0.000,0.922
16:11:22.255,73.464,-4.171,-3.940,True,0.000,0.000,-4.171,-3.940,5.738,0.000,0.000,0.000,0.567
16:11:22.276,73.485,-3.240,-2.260,True,0.000,0.000,-3.240,-2.260,3.951,0.000,0.000,0.000,1.062
16:11:22.296,73.505,-4.820,-2.794,True,0.000,0.000,-4.820,-2.794,5.571,0.000,0.000,0.000,0.681
16:11:22.317,73.526,-4.462,-5.008,True,0.000,0.000,-4.462,-5.008,6.707,0.000,0.000,0.000,0.838
16:11:22.338,73.547,-3.387,-4.003,True,0.000,0.000,-3.387,-4.003,5.244,0.000,0.000,0.000,1.126
16:11:22.358,73.567,-3.344,-2.320,True,0.000,0.000,-3.344,-2.320,4.070,0.000,0.000,0.000,0.609
16:11:22.379,73.588,-2.581,-0.209,True,0.000,0.000,-2.581,-0.209,2.589,0.000,0.000,0.000,1.147
16:11:22.399,73.608,-2.050,0.380,True,0.000,0.000,-2.050,0.380,2.085,0.000,0.000,0.000,0.931
16:11:22.420,73.629,-3.237,-2.845,True,0.000,0.000,-3.237,-2.845,4.310,0.000,0.000,0.000,1.211
16:11:22.440,73.649,-2.634,-2.673,True,0.000,0.000,-2.634,-2.673,3.753,0.000,0.000,0.000,0.973
16:11:22.461,73.670,-2.949,-1.621,True,0.000,0.000,-2.949,-1.621,3.365,0.000,0.000,0.000,1.038
16:11:22.482,73.691,-2.436,-0.831,True,0.000,0.000,-2.436,-0.831,2.574,0.000,0.000,0.000,1.224
16:11:22.502,73.711,-2.826,-3.798,True,0.000,0.000,-2.826,-3.798,4.734,0.000,0.000,0.000,0.650
16:11:22.523,73.733,-3.893,-6.881,True,0.000,0.000,-3.893,-6.881,7.906,0.000,0.000,0.000,0.969
16:11:22.544,73.754,-3.905,-3.755,True,0.000,0.000,-3.905,-3.755,5.418,0.000,0.000,0.000,1.060
16:11:22.564,73.774,-3.107,-2.168,True,0.000,0.000,-3.107,-2.168,3.788,0.000,0.000,0.000,0.691
16:11:22.585,73.795,-2.493,-1.887,True,0.000,0.000,-2.493,-1.887,3.127,0.000,0.000,0.000,1.194
16:11:22.606,73.815,-2.058,-0.866,True,0.000,0.000,-2.058,-0.866,2.233,0.000,0.000,0.000,0.863
16:11:22.626,73.835,-1.776,-1.062,True,0.000,0.000,-1.776,-1.062,2.069,0.000,0.000,0.000,0.995
16:11:22.646,73.855,-1.614,-0.410,True,0.000,0.000,-1.614,-0.410,1.665,0.000,0.000,0.000,0.748
16:11:22.666,73.875,-1.540,-0.869,True,0.000,0.000,-1.540,-0.869,1.768,0.000,0.000,0.000,0.719
16:11:22.687,73.896,-1.525,-0.391,True,0.000,0.000,-1.525,-0.391,1.574,0.000,0.000,0.000,0.907
16:11:22.707,73.916,-1.545,-0.072,True,0.000,0.000,-1.545,-0.072,1.546,0.000,0.000,0.000,1.014
16:11:22.727,73.937,-3.866,-3.398,True,0.000,0.000,-3.866,-3.398,5.147,0.000,0.000,0.000,1.088
16:11:22.748,73.957,-3.282,-1.459,True,0.000,0.000,-3.282,-1.459,3.592,0.000,0.000,0.000,1.116
16:11:22.768,73.977,-4.293,-5.215,True,0.000,0.000,-4.293,-5.215,6.754,0.000,0.000,0.000,0.937
16:11:22.788,73.998,-3.464,-3.548,True,0.000,0.000,-3.464,-3.548,4.958,0.000,0.000,0.000,0.963
16:11:22.808,74.017,-5.075,-6.573,True,0.000,0.000,-5.075,-6.573,8.304,0.000,0.000,0.000,0.521
16:11:22.829,74.038,-3.944,-4.328,True,0.000,0.000,-3.944,-4.328,5.855,0.000,0.000,0.000,0.754
16:11:22.849,74.058,-3.041,-2.538,True,0.000,0.000,-3.041,-2.538,3.961,0.000,0.000,0.000,0.756
16:11:22.870,74.079,-2.377,-1.219,True,0.000,0.000,-2.377,-1.219,2.671,0.000,0.000,0.000,1.155
16:11:22.890,74.099,-2.048,-0.569,True,0.000,0.000,-2.048,-0.569,2.126,0.000,0.000,0.000,0.909
16:11:22.910,74.119,-1.746,0.035,True,0.000,0.000,-1.746,0.035,1.746,0.000,0.000,0.000,0.989
16:11:22.930,74.139,-2.444,-0.640,True,0.000,0.000,-2.444,-0.640,2.527,0.000,0.000,0.000,0.585
16:11:22.951,74.160,-2.896,-3.846,True,0.000,0.000,-2.896,-3.846,4.815,0.000,0.000,0.000,0.664
16:11:22.972,74.182,-2.442,-2.509,True,0.000,0.000,-2.442,-2.509,3.501,0.000,0.000,0.000,0.990
16:11:22.992,74.202,-4.395,-4.112,True,0.000,0.000,-4.395,-4.112,6.019,0.000,0.000,0.000,0.531
16:11:23.013,74.222,-3.535,-3.501,True,0.000,0.000,-3.535,-3.501,4.975,0.000,0.000,0.000,1.013
16:11:23.033,74.243,-2.835,-2.098,True,0.000,0.000,-2.835,-2.098,3.527,0.000,0.000,0.000,0.609
16:11:23.054,74.263,-2.309,-0.170,True,0.000,0.000,-2.309,-0.170,2.315,0.000,0.000,0.000,0.964
16:11:23.075,74.284,-1.945,0.308,True,0.000,0.000,-1.945,0.308,1.969,0.000,0.000,0.000,1.031
16:11:23.095,74.304,-1.717,0.543,True,0.000,0.000,-1.717,0.543,1.801,0.000,0.000,0.000,0.979
16:11:23.115,74.324,-4.642,-1.147,True,0.000,0.000,-4.642,-1.147,4.782,0.000,0.000,0.000,0.532
16:11:23.136,74.345,-6.039,-4.214,True,0.000,0.000,-6.039,-4.214,7.364,0.000,0.000,0.000,1.023
16:11:23.156,74.365,-4.671,-3.788,True,0.000,0.000,-4.671,-3.788,6.013,0.000,0.000,0.000,1.043
16:11:23.176,74.385,-4.309,-5.975,True,0.000,0.000,-4.309,-5.975,7.367,0.000,0.000,0.000,0.793
16:11:23.196,74.405,-3.250,-3.962,True,0.000,0.000,-3.250,-3.962,5.124,0.000,0.000,0.000,0.660
16:11:23.217,74.426,-3.233,-4.104,True,0.000,0.000,-3.233,-4.104,5.225,0.000,0.000,0.000,0.703
16:11:23.237,74.446,-3.259,-2.425,True,0.000,0.000,-3.259,-2.425,4.062,0.000,0.000,0.000,0.689
16:11:23.258,74.467,-2.544,-0.302,True,0.000,0.000,-2.544,-0.302,2.562,0.000,0.000,0.000,0.941
16:11:23.278,74.488,-2.807,-3.212,True,0.000,0.000,-2.807,-3.212,4.266,0.000,0.000,0.000,1.103
16:11:23.298,74.507,-2.281,-1.059,True,0.000,0.000,-2.281,-1.059,2.515,0.000,0.000,0.000,0.527
16:11:23.319,74.528,-2.682,-3.861,True,0.000,0.000,-2.682,-3.861,4.701,0.000,0.000,0.000,1.154
16:11:23.339,74.548,-2.250,-2.449,True,0.000,0.000,-2.250,-2.449,3.325,0.000,0.000,0.000,0.761
16:11:23.360,74.569,-2.708,-4.871,True,0.000,0.000,-2.708,-4.871,5.573,0.000,0.000,0.000,1.076
16:11:23.380,74.589,-2.304,-4.001,True,0.000,0.000,-2.304,-4.001,4.617,0.000,0.000,0.000,0.534
16:11:23.401,74.610,-2.011,-2.395,True,0.000,0.000,-2.011,-2.395,3.127,0.000,0.000,0.000,0.589
16:11:23.422,74.631,-3.338,-4.712,True,0.000,0.000,-3.338,-4.712,5.775,0.000,0.000,0.000,0.779
16:11:23.442,74.652,-4.325,-6.439,True,0.000,0.000,-4.325,-6.439,7.757,0.000,0.000,0.000,0.597
16:11:23.463,74.672,-3.480,-4.109,True,0.000,0.000,-3.480,-4.109,5.384,0.000,0.000,0.000,0.923
16:11:23.483,74.693,-2.795,-3.175,True,0.000,0.000,-2.795,-3.175,4.230,0.000,0.000,0.000,0.684
16:11:23.504,74.713,-2.284,-2.509,True,0.000,0.000,-2.284,-2.509,3.393,0.000,0.000,0.000,1.192
16:11:23.524,74.733,-1.931,-2.074,True,0.000,0.000,-1.931,-2.074,2.834,0.000,0.000,0.000,0.561
16:11:23.544,74.753,-1.711,-0.944,True,0.000,0.000,-1.711,-0.944,1.954,0.000,0.000,0.000,0.491
16:11:23.565,74.774,-1.592,-1.068,True,0.000,0.000,-1.592,-1.068,1.917,0.000,0.000,0.000,1.344
16:11:23.585,74.794,-1.546,-0.374,True,0.000,0.000,-1.546,-0.374,1.590,0.000,0.000,0.000,0.676
16:11:23.605,74.815,-1.545,0.064,True,0.000,0.000,-1.545,0.064,1.546,0.000,0.000,0.000,1.003
16:11:23.628,74.837,-1.571,0.306,True,0.000,0.000,-1.571,0.306,1.600,0.000,0.000,0.000,1.134
16:11:23.648,74.858,-3.131,-3.108,True,0.000,0.000,-3.131,-3.108,4.412,0.000,0.000,0.000,0.947
16:11:23.668,74.878,-2.753,-3.012,True,0.000,0.000,-2.753,-3.012,4.081,0.000,0.000,0.000,0.730
16:11:23.689,74.898,-2.421,-2.842,True,0.000,0.000,-2.421,-2.842,3.734,0.000,0.000,0.000,1.113
16:11:23.710,74.919,-2.154,-1.771,True,0.000,0.000,-2.154,-1.771,2.789,0.000,0.000,0.000,1.235
16:11:23.730,74.939,-2.101,-1.673,True,0.000,0.000,-2.101,-1.673,2.686,0.000,0.000,0.000,0.821
16:11:23.751,74.960,-1.889,0.460,True,0.000,0.000,-1.889,0.460,1.944,0.000,0.000,0.000,1.026
16:11:23.772,74.981,-1.781,0.551,True,0.000,0.000,-1.781,0.551,1.865,0.000,0.000,0.000,1.174
16:11:23.792,75.001,-3.308,-3.098,True,0.000,0.000,-3.308,-3.098,4.532,0.000,0.000,0.000,0.873
16:11:23.813,75.022,-2.819,-2.081,True,0.000,0.000,-2.819,-2.081,3.504,0.000,0.000,0.000,1.041
16:11:23.833,75.043,-2.425,-1.274,True,0.000,0.000,-2.425,-1.274,2.739,0.000,0.000,0.000,1.126
16:11:23.853,75.062,-2.123,-0.665,True,0.000,0.000,-2.123,-0.665,2.225,0.000,0.000,0.000,0.564
16:11:23.874,75.083,-1.909,-0.239,True,0.000,0.000,-1.909,-0.239,1.924,0.000,0.000,0.000,1.099
16:11:23.894,75.103,-1.770,0.031,True,0.000,0.000,-1.770,0.031,1.770,0.000,0.000,0.000,1.055
16:11:23.914,75.123,-1.691,0.181,True,0.000,0.000,-1.691,0.181,1.700,0.000,0.000,0.000,0.518
16:11:23.934,75.144,-1.655,-0.636,True,0.000,0.000,-1.655,-0.636,1.773,0.000,0.000,0.000,0.795
16:11:23.955,75.164,-1.647,-0.386,True,0.000,0.000,-1.647,-0.386,1.692,0.000,0.000,0.000,0.557
16:11:23.975,75.184,-2.419,-1.958,True,0.000,0.000,-2.419,-1.958,3.112,0.000,0.000,0.000,1.007
16:11:23.996,75.205,-2.228,-1.344,True,0.000,0.000,-2.228,-1.344,2.602,0.000,0.000,0.000,0.986
16:11:24.016,75.225,-2.826,-0.836,True,0.000,0.000,-2.826,-0.836,2.947,0.000,0.000,0.000,0.615
16:11:24.037,75.246,-2.489,-0.448,True,0.000,0.000,-2.489,-0.448,2.529,0.000,0.000,0.000,0.689
16:11:24.057,75.267,-2.211,-3.689,True,0.000,0.000,-2.211,-3.689,4.301,0.000,0.000,0.000,1.043
16:11:24.077,75.287,-2.000,-3.426,True,0.000,0.000,-2.000,-3.426,3.967,0.000,0.000,0.000,0.836
16:11:24.098,75.307,-1.852,-2.233,True,0.000,0.000,-1.852,-2.233,2.901,0.000,0.000,0.000,1.243
16:11:24.118,75.328,-3.281,-5.684,True,0.000,0.000,-3.281,-5.684,6.563,0.000,0.000,0.000,1.104
16:11:24.142,75.351,-2.810,-4.666,True,0.000,0.000,-2.810,-4.666,5.447,0.000,0.000,0.000,0.865
16:11:24.162,75.371,-2.418,-2.897,True,0.000,0.000,-2.418,-2.897,3.773,0.000,0.000,0.000,0.760
16:11:24.182,75.391,-2.879,-2.425,True,0.000,0.000,-2.879,-2.425,3.765,0.000,0.000,0.000,0.602
16:11:24.203,75.412,-2.458,-2.111,True,0.000,0.000,-2.458,-2.111,3.240,0.000,0.000,0.000,1.008
16:11:24.222,75.432,-4.420,-4.561,True,0.000,0.000,-4.420,-4.561,6.351,0.000,0.000,0.000,0.504
16:11:24.243,75.452,-3.565,-1.986,True,0.000,0.000,-3.565,-1.986,4.081,0.000,0.000,0.000,0.760
16:11:24.264,75.473,-2.866,-0.923,True,0.000,0.000,-2.866,-0.923,3.011,0.000,0.000,0.000,1.138
16:11:24.283,75.493,-2.338,0.671,True,0.000,0.000,-2.338,0.671,2.432,0.000,0.000,0.000,0.595
16:11:24.304,75.513,-1.969,0.860,True,0.000,0.000,-1.969,0.860,2.149,0.000,0.000,0.000,0.565
16:11:24.326,75.535,-1.736,-0.013,True,0.000,0.000,-1.736,-0.013,1.736,0.000,0.000,0.000,1.202
16:11:24.347,75.556,-1.606,-0.750,True,0.000,0.000,-1.606,-0.750,1.773,0.000,0.000,0.000,1.206
16:11:24.367,75.576,-1.552,-0.443,True,0.000,0.000,-1.552,-0.443,1.614,0.000,0.000,0.000,0.840
16:11:24.387,75.596,-1.546,-0.216,True,0.000,0.000,-1.546,-0.216,1.561,0.000,0.000,0.000,0.992
16:11:24.408,75.617,-3.853,-3.577,True,0.000,0.000,-3.853,-3.577,5.257,0.000,0.000,0.000,0.935
16:11:24.428,75.637,-5.546,-6.031,True,0.000,0.000,-5.546,-6.031,8.194,0.000,0.000,0.000,0.816
16:11:24.448,75.657,-6.689,-7.680,True,0.000,0.000,-6.689,-7.680,10.184,0.000,0.000,0.000,0.870
16:11:24.468,75.677,-7.384,-8.673,True,0.000,0.000,-7.384,-8.673,11.391,0.000,0.000,0.000,0.603
16:11:24.489,75.698,-5.457,-5.662,True,0.000,0.000,-5.457,-5.662,7.863,0.000,0.000,0.000,1.101
16:11:24.510,75.719,-5.446,-7.671,True,0.000,0.000,-5.446,-7.671,9.407,0.000,0.000,0.000,1.139
16:11:24.530,75.739,-3.899,-4.719,True,0.000,0.000,-3.899,-4.719,6.121,0.000,0.000,0.000,1.067
16:11:24.550,75.760,-2.766,-3.359,True,0.000,0.000,-2.766,-3.359,4.351,0.000,0.000,0.000,0.947
16:11:24.570,75.780,-2.003,-2.428,True,0.000,0.000,-2.003,-2.428,3.148,0.000,0.000,0.000,0.528
16:11:24.591,75.800,-1.541,-4.489,True,0.000,0.000,-1.541,-4.489,4.746,0.000,0.000,0.000,1.099
16:11:24.611,75.820,-3.588,-6.096,True,0.000,0.000,-3.588,-6.096,7.074,0.000,0.000,0.000,0.571
16:11:24.632,75.841,-2.882,-3.739,True,0.000,0.000,-2.882,-3.739,4.721,0.000,0.000,0.000,1.002
16:11:24.653,75.862,-2.347,-5.470,True,0.000,0.000,-2.347,-5.470,5.953,0.000,0.000,0.000,1.291
16:11:24.673,75.882,-1.974,-3.258,True,0.000,0.000,-1.974,-3.258,3.809,0.000,0.000,0.000,1.060
16:11:24.694,75.903,-3.260,-5.128,True,0.000,0.000,-3.260,-5.128,6.077,0.000,0.000,0.000,1.091
16:11:24.714,75.923,-2.710,-2.157,True,0.000,0.000,-2.710,-2.157,3.464,0.000,0.000,0.000,1.184
16:11:24.735,75.944,-3.047,-1.727,True,0.000,0.000,-3.047,-1.727,3.502,0.000,0.000,0.000,0.943
16:11:24.756,75.966,-3.296,-0.640,True,0.000,0.000,-3.296,-0.640,3.358,0.000,0.000,0.000,1.086
16:11:24.777,75.986,-5.750,-2.583,True,0.000,0.000,-5.750,-2.583,6.303,0.000,0.000,0.000,1.105
16:11:24.797,76.006,-4.465,-1.470,True,0.000,0.000,-4.465,-1.470,4.701,0.000,0.000,0.000,1.043
16:11:24.817,76.027,-3.415,-0.663,True,0.000,0.000,-3.415,-0.663,3.478,0.000,0.000,0.000,0.657
16:11:24.838,76.047,-4.144,-3.641,True,0.000,0.000,-4.144,-3.641,5.516,0.000,0.000,0.000,0.555
16:11:24.859,76.068,-3.173,-1.475,True,0.000,0.000,-3.173,-1.475,3.499,0.000,0.000,0.000,1.057
16:11:24.879,76.088,-2.454,-0.706,True,0.000,0.000,-2.454,-0.706,2.553,0.000,0.000,0.000,0.823
16:11:24.900,76.109,-1.963,-0.184,True,0.000,0.000,-1.963,-0.184,1.972,0.000,0.000,0.000,1.149
16:11:24.920,76.129,-2.422,0.134,True,0.000,0.000,-2.422,0.134,2.425,0.000,0.000,0.000,1.068
16:11:24.940,76.150,-2.053,-0.579,True,0.000,0.000,-2.053,-0.579,2.133,0.000,0.000,0.000,1.028
16:11:24.961,76.170,-1.809,-1.158,True,0.000,0.000,-1.809,-1.158,2.148,0.000,0.000,0.000,1.062
16:11:24.981,76.190,-1.665,-0.713,True,0.000,0.000,-1.665,-0.713,1.812,0.000,0.000,0.000,1.106
16:11:25.001,76.210,-2.357,-2.133,True,0.000,0.000,-2.357,-2.133,3.179,0.000,0.000,0.000,0.952
16:11:25.021,76.230,-2.128,-1.414,True,0.000,0.000,-2.128,-1.414,2.555,0.000,0.000,0.000,0.548
16:11:25.042,76.251,-1.955,-0.837,True,0.000,0.000,-1.955,-0.837,2.127,0.000,0.000,0.000,0.693
16:11:25.063,76.272,-1.834,-0.409,True,0.000,0.000,-1.834,-0.409,1.879,0.000,0.000,0.000,0.970
16:11:25.082,76.292,-1.757,-0.118,True,0.000,0.000,-1.757,-0.118,1.761,0.000,0.000,0.000,0.691
16:11:25.103,76.312,-1.715,0.062,True,0.000,0.000,-1.715,0.062,1.716,0.000,0.000,0.000,0.759
16:11:25.123,76.332,-1.696,0.157,True,0.000,0.000,-1.696,0.157,1.704,0.000,0.000,0.000,0.667
16:11:25.144,76.353,-4.740,-1.565,True,0.000,0.000,-4.740,-1.565,4.991,0.000,0.000,0.000,0.846
16:11:25.165,76.374,-6.195,-4.601,True,0.000,0.000,-6.195,-4.601,7.716,0.000,0.000,0.000,0.633
16:11:25.185,76.395,-4.841,-3.233,True,0.000,0.000,-4.841,-3.233,5.822,0.000,0.000,0.000,0.578
16:11:25.205,76.415,-3.707,-2.072,True,0.000,0.000,-3.707,-2.072,4.246,0.000,0.000,0.000,0.559
16:11:25.227,76.436,-5.115,-4.681,True,0.000,0.000,-5.115,-4.681,6.934,0.000,0.000,0.000,1.123
16:11:25.247,76.456,-3.863,-3.941,True,0.000,0.000,-3.863,-3.941,5.518,0.000,0.000,0.000,1.079
16:11:25.268,76.477,-2.902,-2.415,True,0.000,0.000,-2.902,-2.415,3.776,0.000,0.000,0.000,0.817
16:11:25.289,76.498,-5.266,-3.018,True,0.000,0.000,-5.266,-3.018,6.070,0.000,0.000,0.000,1.043
16:11:25.309,76.518,-3.988,-1.729,True,0.000,0.000,-3.988,-1.729,4.347,0.000,0.000,0.000,1.042
16:11:25.329,76.538,-2.998,-0.791,True,0.000,0.000,-2.998,-0.791,3.100,0.000,0.000,0.000,0.875
16:11:25.349,76.559,-2.288,-0.163,True,0.000,0.000,-2.288,-0.163,2.294,0.000,0.000,0.000,0.821
16:11:25.370,76.579,-1.822,0.213,True,0.000,0.000,-1.822,0.213,1.835,0.000,0.000,0.000,0.874
16:11:25.390,76.600,-1.551,-0.477,True,0.000,0.000,-1.551,-0.477,1.622,0.000,0.000,0.000,1.104
16:11:25.411,76.620,-1.422,-1.055,True,0.000,0.000,-1.422,-1.055,1.770,0.000,0.000,0.000,1.120
16:11:25.430,76.639,-1.389,-0.621,True,0.000,0.000,-1.389,-0.621,1.522,0.000,0.000,0.000,0.532
16:11:25.451,76.660,-1.415,-0.301,True,0.000,0.000,-1.415,-0.301,1.447,0.000,0.000,0.000,0.708
16:11:25.474,76.683,-4.517,-1.841,True,0.000,0.000,-4.517,-1.841,4.878,0.000,0.000,0.000,0.956
16:11:25.494,76.703,-6.032,-5.619,True,0.000,0.000,-6.032,-5.619,8.243,0.000,0.000,0.000,1.052
16:11:25.514,76.723,-4.732,-4.795,True,0.000,0.000,-4.732,-4.795,6.737,0.000,0.000,0.000,0.554
16:11:25.535,76.744,-4.402,-3.999,True,0.000,0.000,-4.402,-3.999,5.947,0.000,0.000,0.000,1.065
16:11:25.555,76.764,-4.111,-2.435,True,0.000,0.000,-4.111,-2.435,4.778,0.000,0.000,0.000,1.089
16:11:25.575,76.784,-6.161,-3.014,True,0.000,0.000,-6.161,-3.014,6.858,0.000,0.000,0.000,1.016
16:11:25.595,76.804,-4.598,-1.712,True,0.000,0.000,-4.598,-1.712,4.906,0.000,0.000,0.000,0.573
16:11:25.615,76.825,-3.373,-0.768,True,0.000,0.000,-3.373,-0.768,3.459,0.000,0.000,0.000,0.601
16:11:25.636,76.846,-2.485,-0.140,True,0.000,0.000,-2.485,-0.140,2.489,0.000,0.000,0.000,1.073
16:11:25.656,76.865,-2.657,-0.645,True,0.000,0.000,-2.657,-0.645,2.734,0.000,0.000,0.000,0.636
16:11:25.678,76.887,-3.619,-4.613,True,0.000,0.000,-3.619,-4.613,5.863,0.000,0.000,0.000,0.968
16:11:25.698,76.907,-2.843,-3.138,True,0.000,0.000,-2.843,-3.138,4.234,0.000,0.000,0.000,0.681
16:11:25.719,76.928,-2.274,-2.805,True,0.000,0.000,-2.274,-2.805,3.611,0.000,0.000,0.000,0.986
16:11:25.739,76.948,-2.651,-4.283,True,0.000,0.000,-2.651,-4.283,5.037,0.000,0.000,0.000,1.056
16:11:25.759,76.968,-2.209,-2.704,True,0.000,0.000,-2.209,-2.704,3.492,0.000,0.000,0.000,1.059
16:11:25.780,76.989,-1.905,-2.364,True,0.000,0.000,-1.905,-2.364,3.036,0.000,0.000,0.000,1.086
16:11:25.800,77.009,-1.715,-1.253,True,0.000,0.000,-1.715,-1.253,2.124,0.000,0.000,0.000,1.337
16:11:25.820,77.029,-1.613,-0.473,True,0.000,0.000,-1.613,-0.473,1.681,0.000,0.000,0.000,0.800
16:11:25.840,77.049,-1.574,0.027,True,0.000,0.000,-1.574,0.027,1.574,0.000,0.000,0.000,0.820
16:11:25.861,77.070,-1.574,0.309,True,0.000,0.000,-1.574,0.309,1.604,0.000,0.000,0.000,1.061
16:11:25.882,77.091,-1.597,-0.447,True,0.000,0.000,-1.597,-0.447,1.658,0.000,0.000,0.000,0.609
16:11:25.903,77.112,-1.630,-1.065,True,0.000,0.000,-1.630,-1.065,1.947,0.000,0.000,0.000,1.122
16:11:25.923,77.132,-1.665,-1.533,True,0.000,0.000,-1.665,-1.533,2.263,0.000,0.000,0.000,0.535
16:11:25.943,77.152,-1.697,-0.980,True,0.000,0.000,-1.697,-0.980,1.959,0.000,0.000,0.000,0.778
16:11:25.964,77.173,-1.723,-0.549,True,0.000,0.000,-1.723,-0.549,1.808,0.000,0.000,0.000,0.744
16:11:25.987,77.196,-3.266,-4.633,True,0.000,0.000,-3.266,-4.633,5.668,0.000,0.000,0.000,1.430
16:11:26.006,77.215,-3.623,-5.858,True,0.000,0.000,-3.623,-5.858,6.888,0.000,0.000,0.000,0.836
16:11:26.027,77.236,-3.054,-4.828,True,0.000,0.000,-3.054,-4.828,5.713,0.000,0.000,0.000,1.158
16:11:26.047,77.256,-2.578,-3.032,True,0.000,0.000,-2.578,-3.032,3.979,0.000,0.000,0.000,0.769
16:11:26.067,77.276,-2.210,-1.651,True,0.000,0.000,-2.210,-1.651,2.759,0.000,0.000,0.000,0.713
16:11:26.088,77.297,-1.949,0.210,True,0.000,0.000,-1.949,0.210,1.960,0.000,0.000,0.000,1.115
16:11:26.108,77.317,-1.778,0.606,True,0.000,0.000,-1.778,0.606,1.879,0.000,0.000,0.000,1.054
16:11:26.128,77.338,-1.680,0.760,True,0.000,0.000,-1.680,0.760,1.843,0.000,0.000,0.000,1.095
16:11:26.149,77.358,-1.634,0.757,True,0.000,0.000,-1.634,0.757,1.801,0.000,0.000,0.000,0.944
16:11:26.169,77.379,-3.907,-2.850,True,0.000,0.000,-3.907,-2.850,4.836,0.000,0.000,0.000,1.108
16:11:26.189,77.398,-4.052,-2.015,True,0.000,0.000,-4.052,-2.015,4.526,0.000,0.000,0.000,0.611
16:11:26.210,77.419,-4.835,-4.817,True,0.000,0.000,-4.835,-4.817,6.825,0.000,0.000,0.000,0.980
16:11:26.230,77.439,-3.812,-2.412,True,0.000,0.000,-3.812,-2.412,4.511,0.000,0.000,0.000,0.522
16:11:26.251,77.460,-2.987,-1.395,True,0.000,0.000,-2.987,-1.395,3.297,0.000,0.000,0.000,0.572
16:11:26.272,77.481,-3.896,-4.167,True,0.000,0.000,-3.896,-4.167,5.704,0.000,0.000,0.000,1.044
16:11:26.292,77.501,-3.818,-5.337,True,0.000,0.000,-3.818,-5.337,6.562,0.000,0.000,0.000,0.802
16:11:26.313,77.522,-5.262,-6.974,True,0.000,0.000,-5.262,-6.974,8.737,0.000,0.000,0.000,1.168
16:11:26.332,77.542,-4.013,-3.651,True,0.000,0.000,-4.013,-3.651,5.426,0.000,0.000,0.000,0.633
16:11:26.353,77.563,-4.559,-6.359,True,0.000,0.000,-4.559,-6.359,7.824,0.000,0.000,0.000,1.418
16:11:26.373,77.582,-3.434,-3.960,True,0.000,0.000,-3.434,-3.960,5.242,0.000,0.000,0.000,0.862
16:11:26.394,77.604,-2.597,-2.125,True,0.000,0.000,-2.597,-2.125,3.355,0.000,0.000,0.000,0.993
16:11:26.415,77.624,-2.022,-0.829,True,0.000,0.000,-2.022,-0.829,2.185,0.000,0.000,0.000,1.128
16:11:26.435,77.644,-3.187,-3.510,True,0.000,0.000,-3.187,-3.510,4.740,0.000,0.000,0.000,0.665
16:11:26.455,77.665,-2.577,-2.948,True,0.000,0.000,-2.577,-2.948,3.916,0.000,0.000,0.000,1.192
16:11:26.476,77.685,-2.134,-2.521,True,0.000,0.000,-2.134,-2.521,3.303,0.000,0.000,0.000,1.018
16:11:26.496,77.706,-1.839,-2.221,True,0.000,0.000,-1.839,-2.221,2.883,0.000,0.000,0.000,1.195
16:11:26.517,77.726,-1.662,-4.665,True,0.000,0.000,-1.662,-4.665,4.952,0.000,0.000,0.000,1.126
16:11:26.537,77.746,-1.574,-3.833,True,0.000,0.000,-1.574,-3.833,4.143,0.000,0.000,0.000,1.077
16:11:26.558,77.767,-1.546,-3.146,True,0.000,0.000,-1.546,-3.146,3.506,0.000,0.000,0.000,0.969
16:11:26.578,77.787,-2.318,-3.503,True,0.000,0.000,-2.318,-3.503,4.201,0.000,0.000,0.000,1.048
16:11:26.598,77.807,-2.140,-2.017,True,0.000,0.000,-2.140,-2.017,2.940,0.000,0.000,0.000,0.578
16:11:26.619,77.828,-1.994,-0.053,True,0.000,0.000,-1.994,-0.053,1.995,0.000,0.000,0.000,1.063
16:11:26.639,77.848,-4.168,-3.961,True,0.000,0.000,-4.168,-3.961,5.750,0.000,0.000,0.000,1.114
16:11:26.660,77.869,-3.464,-1.650,True,0.000,0.000,-3.464,-1.650,3.837,0.000,0.000,0.000,1.069
16:11:26.680,77.889,-4.385,-4.292,True,0.000,0.000,-4.385,-4.292,6.136,0.000,0.000,0.000,1.180
16:11:26.701,77.911,-3.494,-2.738,True,0.000,0.000,-3.494,-2.738,4.439,0.000,0.000,0.000,1.408
16:11:26.722,77.931,-3.544,-5.044,True,0.000,0.000,-3.544,-5.044,6.165,0.000,0.000,0.000,1.023
16:11:26.742,77.951,-2.809,-3.210,True,0.000,0.000,-2.809,-3.210,4.266,0.000,0.000,0.000,0.985
16:11:26.763,77.972,-3.029,-5.301,True,0.000,0.000,-3.029,-5.301,6.105,0.000,0.000,0.000,1.047
16:11:26.783,77.992,-3.975,-6.829,True,0.000,0.000,-3.975,-6.829,7.902,0.000,0.000,0.000,1.146
16:11:26.805,78.014,-3.147,-4.340,True,0.000,0.000,-3.147,-4.340,5.361,0.000,0.000,0.000,0.823
16:11:26.825,78.034,-4.797,-5.925,True,0.000,0.000,-4.797,-5.925,7.623,0.000,0.000,0.000,1.096
16:11:26.845,78.054,-6.004,-7.090,True,0.000,0.000,-6.004,-7.090,9.291,0.000,0.000,0.000,0.712
16:11:26.866,78.075,-6.816,-8.759,True,0.000,0.000,-6.816,-8.759,11.098,0.000,0.000,0.000,1.148
16:11:26.886,78.095,-5.785,-6.362,True,0.000,0.000,-5.785,-6.362,8.599,0.000,0.000,0.000,0.632
16:11:26.907,78.116,-4.170,-4.486,True,0.000,0.000,-4.170,-4.486,6.125,0.000,0.000,0.000,1.146
16:11:26.927,78.136,-2.966,-3.128,True,0.000,0.000,-2.966,-3.128,4.311,0.000,0.000,0.000,0.781
16:11:26.947,78.156,-2.138,-0.469,True,0.000,0.000,-2.138,-0.469,2.189,0.000,0.000,0.000,0.639
16:11:26.968,78.177,-2.385,0.462,True,0.000,0.000,-2.385,0.462,2.429,0.000,0.000,0.000,1.154
16:11:26.988,78.197,-1.900,0.058,True,0.000,0.000,-1.900,0.058,1.901,0.000,0.000,0.000,0.660
16:11:27.009,78.218,-1.608,0.459,True,0.000,0.000,-1.608,0.459,1.672,0.000,0.000,0.000,0.932
16:11:27.029,78.238,-1.461,-1.126,True,0.000,0.000,-1.461,-1.126,1.844,0.000,0.000,0.000,0.949
16:11:27.049,78.259,-2.936,-5.014,True,0.000,0.000,-2.936,-5.014,5.810,0.000,0.000,0.000,0.619
16:11:27.070,78.279,-5.578,-5.203,True,0.000,0.000,-5.578,-5.203,7.628,0.000,0.000,0.000,0.522
16:11:27.090,78.299,-4.421,-2.541,True,0.000,0.000,-4.421,-2.541,5.099,0.000,0.000,0.000,0.526
16:11:27.111,78.320,-6.493,-3.120,True,0.000,0.000,-6.493,-3.120,7.204,0.000,0.000,0.000,0.703
16:11:27.131,78.340,-4.904,-1.805,True,0.000,0.000,-4.904,-1.805,5.225,0.000,0.000,0.000,0.661
16:11:27.151,78.361,-5.912,-5.237,True,0.000,0.000,-5.912,-5.237,7.898,0.000,0.000,0.000,1.173
16:11:27.172,78.381,-7.383,-6.020,True,0.000,0.000,-7.383,-6.020,9.526,0.000,0.000,0.000,0.938
16:11:27.192,78.402,-5.346,-3.839,True,0.000,0.000,-5.346,-3.839,6.582,0.000,0.000,0.000,1.113
16:11:27.215,78.424,-6.046,-5.659,True,0.000,0.000,-6.046,-5.659,8.282,0.000,0.000,0.000,1.275
16:11:27.235,78.444,-5.043,-5.233,True,0.000,0.000,-5.043,-5.233,7.267,0.000,0.000,0.000,1.129
16:11:27.256,78.465,-3.531,-3.095,True,0.000,0.000,-3.531,-3.095,4.696,0.000,0.000,0.000,1.196
16:11:27.276,78.485,-5.508,-3.270,True,0.000,0.000,-5.508,-3.270,6.405,0.000,0.000,0.000,1.053
16:11:27.296,78.505,-3.980,-1.707,True,0.000,0.000,-3.980,-1.707,4.331,0.000,0.000,0.000,0.864
16:11:27.317,78.526,-3.610,-1.495,True,0.000,0.000,-3.610,-1.495,3.907,0.000,0.000,0.000,1.041
16:11:27.337,78.546,-2.629,-1.438,True,0.000,0.000,-2.629,-1.438,2.997,0.000,0.000,0.000,0.860
16:11:27.357,78.567,-1.968,-0.598,True,0.000,0.000,-1.968,-0.598,2.057,0.000,0.000,0.000,1.118
16:11:27.377,78.587,-3.091,-3.565,True,0.000,0.000,-3.091,-3.565,4.719,0.000,0.000,0.000,1.100
16:11:27.397,78.606,-2.469,-2.282,True,0.000,0.000,-2.469,-2.282,3.362,0.000,0.000,0.000,0.544
16:11:27.420,78.629,-2.032,-1.281,True,0.000,0.000,-2.032,-1.281,2.402,0.000,0.000,0.000,0.930
16:11:27.440,78.649,-4.035,-4.075,True,0.000,0.000,-4.035,-4.075,5.735,0.000,0.000,0.000,0.520
16:11:27.461,78.670,-3.250,-2.633,True,0.000,0.000,-3.250,-2.633,4.183,0.000,0.000,0.000,1.124
16:11:27.481,78.690,-2.628,-0.621,True,0.000,0.000,-2.628,-0.621,2.700,0.000,0.000,0.000,0.762
16:11:27.501,78.710,-2.933,-0.040,True,0.000,0.000,-2.933,-0.040,2.933,0.000,0.000,0.000,0.856
16:11:27.522,78.731,-2.416,1.174,True,0.000,0.000,-2.416,1.174,2.686,0.000,0.000,0.000,0.797
16:11:27.543,78.752,-4.329,-3.306,True,0.000,0.000,-4.329,-3.306,5.447,0.000,0.000,0.000,1.049
16:11:27.563,78.773,-3.457,-2.277,True,0.000,0.000,-3.457,-2.277,4.140,0.000,0.000,0.000,0.963
16:11:27.584,78.793,-2.761,-2.301,True,0.000,0.000,-2.761,-2.301,3.594,0.000,0.000,0.000,1.184
16:11:27.604,78.813,-2.247,-2.283,True,0.000,0.000,-2.247,-2.283,3.203,0.000,0.000,0.000,0.594
16:11:27.624,78.834,-1.897,-0.486,True,0.000,0.000,-1.897,-0.486,1.958,0.000,0.000,0.000,1.096
16:11:27.644,78.853,-1.683,-0.043,True,0.000,0.000,-1.683,-0.043,1.683,0.000,0.000,0.000,0.529
16:11:27.665,78.874,-1.571,-0.665,True,0.000,0.000,-1.571,-0.665,1.706,0.000,0.000,0.000,0.753
16:11:27.685,78.895,-1.530,-0.303,True,0.000,0.000,-1.530,-0.303,1.560,0.000,0.000,0.000,1.101
16:11:27.705,78.914,-1.535,-0.061,True,0.000,0.000,-1.535,-0.061,1.536,0.000,0.000,0.000,0.561
16:11:27.726,78.935,-1.565,0.963,True,0.000,0.000,-1.565,0.963,1.837,0.000,0.000,0.000,1.003
16:11:27.747,78.956,-1.606,-0.085,True,0.000,0.000,-1.606,-0.085,1.608,0.000,0.000,0.000,1.127
16:11:27.767,78.976,-1.648,0.845,True,0.000,0.000,-1.648,0.845,1.852,0.000,0.000,0.000,1.054
16:11:27.788,78.997,-2.448,-1.121,True,0.000,0.000,-2.448,-1.121,2.692,0.000,0.000,0.000,1.070
16:11:27.808,79.017,-2.270,-0.832,True,0.000,0.000,-2.270,-0.832,2.417,0.000,0.000,0.000,1.158
16:11:27.828,79.038,-5.154,-2.327,True,0.000,0.000,-5.154,-2.327,5.655,0.000,0.000,0.000,1.104
16:11:27.849,79.058,-4.185,-0.748,True,0.000,0.000,-4.185,-0.748,4.252,0.000,0.000,0.000,1.043
16:11:27.869,79.079,-3.347,-1.277,True,0.000,0.000,-3.347,-1.277,3.583,0.000,0.000,0.000,1.103
16:11:27.890,79.099,-2.683,-0.790,True,0.000,0.000,-2.683,-0.790,2.797,0.000,0.000,0.000,1.029
16:11:27.910,79.119,-2.196,-0.419,True,0.000,0.000,-2.196,-0.419,2.236,0.000,0.000,0.000,1.282
16:11:27.931,79.140,-1.868,0.721,True,0.000,0.000,-1.868,0.721,2.003,0.000,0.000,0.000,1.321
16:11:27.951,79.160,-1.670,0.647,True,0.000,0.000,-1.670,0.647,1.790,0.000,0.000,0.000,1.347
16:11:27.971,79.180,-2.329,-1.230,True,0.000,0.000,-2.329,-1.230,2.634,0.000,0.000,0.000,1.053
16:11:27.992,79.201,-2.847,-0.878,True,0.000,0.000,-2.847,-0.878,2.979,0.000,0.000,0.000,1.271
16:11:28.012,79.221,-2.462,-4.089,True,0.000,0.000,-2.462,-4.089,4.772,0.000,0.000,0.000,0.940
16:11:28.032,79.241,-2.160,-2.882,True,0.000,0.000,-2.160,-2.882,3.601,0.000,0.000,0.000,0.770
16:11:28.052,79.261,-1.941,-4.490,True,0.000,0.000,-1.941,-4.490,4.892,0.000,0.000,0.000,0.616
16:11:28.072,79.281,-1.796,-2.961,True,0.000,0.000,-1.796,-2.961,3.463,0.000,0.000,0.000,0.662
16:11:28.093,79.302,-1.710,-1.740,True,0.000,0.000,-1.710,-1.740,2.440,0.000,0.000,0.000,0.633
16:11:28.113,79.322,-1.668,-1.718,True,0.000,0.000,-1.668,-1.718,2.394,0.000,0.000,0.000,0.658
16:11:28.137,79.346,-1.655,-0.865,True,0.000,0.000,-1.655,-0.865,1.867,0.000,0.000,0.000,4.127
16:11:28.154,79.363,-1.661,-0.276,True,0.000,0.000,-1.661,-0.276,1.684,0.000,0.000,0.000,0.834
16:11:28.174,79.383,-1.677,0.970,True,0.000,0.000,-1.677,0.970,1.937,0.000,0.000,0.000,0.543
16:11:28.194,79.403,-1.697,0.927,True,0.000,0.000,-1.697,0.927,1.933,0.000,0.000,0.000,0.505
16:11:28.215,79.424,-2.477,-0.087,True,0.000,0.000,-2.477,-0.087,2.479,0.000,0.000,0.000,0.729
16:11:28.235,79.444,-2.285,-0.016,True,0.000,0.000,-2.285,-0.016,2.285,0.000,0.000,0.000,0.996
16:11:28.256,79.465,-3.637,-1.731,True,0.000,0.000,-3.637,-1.731,4.028,0.000,0.000,0.000,1.114
16:11:28.276,79.485,-3.841,-2.107,True,0.000,0.000,-3.841,-2.107,4.381,0.000,0.000,0.000,0.595
16:11:28.297,79.506,-3.160,-1.433,True,0.000,0.000,-3.160,-1.433,3.470,0.000,0.000,0.000,0.852
16:11:28.318,79.527,-2.607,-0.880,True,0.000,0.000,-2.607,-0.880,2.751,0.000,0.000,0.000,1.175
16:11:28.338,79.547,-2.192,-0.461,True,0.000,0.000,-2.192,-0.461,2.240,0.000,0.000,0.000,0.995
16:11:28.358,79.567,-2.667,-0.168,True,0.000,0.000,-2.667,-0.168,2.672,0.000,0.000,0.000,0.753
16:11:28.379,79.588,-2.279,-3.497,True,0.000,0.000,-2.279,-3.497,4.174,0.000,0.000,0.000,1.013
16:11:28.399,79.608,-1.997,-2.427,True,0.000,0.000,-1.997,-2.427,3.143,0.000,0.000,0.000,0.934
16:11:28.419,79.628,-1.809,-1.531,True,0.000,0.000,-1.809,-1.531,2.370,0.000,0.000,0.000,1.142
16:11:28.439,79.648,-1.697,-0.840,True,0.000,0.000,-1.697,-0.840,1.893,0.000,0.000,0.000,0.599
16:11:28.459,79.669,-4.687,-2.104,True,0.000,0.000,-4.687,-2.104,5.138,0.000,0.000,0.000,0.600
16:11:28.480,79.689,-3.834,-1.300,True,0.000,0.000,-3.834,-1.300,4.048,0.000,0.000,0.000,1.152
16:11:28.501,79.710,-3.864,-0.688,True,0.000,0.000,-3.864,-0.688,3.925,0.000,0.000,0.000,1.522
16:11:28.521,79.730,-3.081,0.620,True,0.000,0.000,-3.081,0.620,3.143,0.000,0.000,0.000,1.197
16:11:28.541,79.750,-2.479,-1.983,True,0.000,0.000,-2.479,-1.983,3.175,0.000,0.000,0.000,1.052
16:11:28.561,79.770,-4.337,-3.954,True,0.000,0.000,-4.337,-3.954,5.868,0.000,0.000,0.000,0.497
16:11:28.582,79.791,-4.194,-2.695,True,0.000,0.000,-4.194,-2.695,4.985,0.000,0.000,0.000,1.131
16:11:28.602,79.811,-5.557,-5.174,True,0.000,0.000,-5.557,-5.174,7.593,0.000,0.000,0.000,1.015
16:11:28.623,79.832,-4.227,-3.423,True,0.000,0.000,-4.227,-3.423,5.439,0.000,0.000,0.000,1.087
16:11:28.643,79.852,-3.940,-5.536,True,0.000,0.000,-3.940,-5.536,6.795,0.000,0.000,0.000,1.105
16:11:28.663,79.872,-2.966,-4.412,True,0.000,0.000,-2.966,-4.412,5.316,0.000,0.000,0.000,0.813
16:11:28.684,79.893,-2.270,-7.006,True,0.000,0.000,-2.270,-7.006,7.365,0.000,0.000,0.000,1.300
16:11:28.704,79.914,-2.576,-4.466,True,0.000,0.000,-2.576,-4.466,5.156,0.000,0.000,0.000,1.082
16:11:28.725,79.934,-2.102,-2.491,True,0.000,0.000,-2.102,-2.491,3.259,0.000,0.000,0.000,0.982
16:11:28.745,79.954,-4.076,-3.709,True,0.000,0.000,-4.076,-3.709,5.511,0.000,0.000,0.000,0.530
16:11:28.766,79.975,-5.554,-5.566,True,0.000,0.000,-5.554,-5.566,7.863,0.000,0.000,0.000,0.861
16:11:28.786,79.995,-4.289,-3.414,True,0.000,0.000,-4.289,-3.414,5.482,0.000,0.000,0.000,0.589
16:11:28.807,80.016,-3.271,-2.663,True,0.000,0.000,-3.271,-2.663,4.218,0.000,0.000,0.000,1.037
16:11:28.828,80.037,-2.513,-0.405,True,0.000,0.000,-2.513,-0.405,2.545,0.000,0.000,0.000,1.122
16:11:28.848,80.057,-1.993,-0.588,True,0.000,0.000,-1.993,-0.588,2.078,0.000,0.000,0.000,0.634
16:11:28.869,80.078,-3.193,-1.743,True,0.000,0.000,-3.193,-1.743,3.638,0.000,0.000,0.000,1.019
16:11:28.889,80.098,-2.603,-0.919,True,0.000,0.000,-2.603,-0.919,2.760,0.000,0.000,0.000,0.543
16:11:28.910,80.119,-2.168,-1.220,True,0.000,0.000,-2.168,-1.220,2.487,0.000,0.000,0.000,1.094
16:11:28.930,80.140,-1.872,-2.368,True,0.000,0.000,-1.872,-2.368,3.018,0.000,0.000,0.000,0.538
16:11:28.951,80.160,-2.453,-1.465,True,0.000,0.000,-2.453,-1.465,2.857,0.000,0.000,0.000,0.922
16:11:28.972,80.181,-2.911,-1.657,True,0.000,0.000,-2.911,-1.657,3.350,0.000,0.000,0.000,0.986
16:11:28.992,80.202,-2.484,-0.933,True,0.000,0.000,-2.484,-0.933,2.654,0.000,0.000,0.000,1.010
16:11:29.012,80.222,-4.440,-3.925,True,0.000,0.000,-4.440,-3.925,5.926,0.000,0.000,0.000,0.816
16:11:29.033,80.242,-3.580,-5.250,True,0.000,0.000,-3.580,-5.250,6.355,0.000,0.000,0.000,0.521
16:11:29.053,80.262,-2.875,-3.470,True,0.000,0.000,-2.875,-3.470,4.507,0.000,0.000,0.000,0.933
16:11:29.073,80.283,-2.343,-1.167,True,0.000,0.000,-2.343,-1.167,2.618,0.000,0.000,0.000,0.736
16:11:29.094,80.303,-1.972,-1.234,True,0.000,0.000,-1.972,-1.234,2.326,0.000,0.000,0.000,0.974
16:11:29.114,80.323,-1.736,-0.489,True,0.000,0.000,-1.736,-0.489,1.804,0.000,0.000,0.000,0.552
16:11:29.135,80.344,-3.128,-3.523,True,0.000,0.000,-3.128,-3.523,4.711,0.000,0.000,0.000,0.968
16:11:29.155,80.364,-2.655,-2.282,True,0.000,0.000,-2.655,-2.282,3.501,0.000,0.000,0.000,0.591
16:11:29.176,80.385,-2.280,-1.306,True,0.000,0.000,-2.280,-1.306,2.627,0.000,0.000,0.000,1.064
16:11:29.197,80.406,-5.051,-3.232,True,0.000,0.000,-5.051,-3.232,5.997,0.000,0.000,0.000,1.184
16:11:29.218,80.427,-6.314,-6.428,True,0.000,0.000,-6.314,-6.428,9.010,0.000,0.000,0.000,1.110
16:11:29.238,80.447,-5.599,-4.298,True,0.000,0.000,-5.599,-4.298,7.058,0.000,0.000,0.000,1.027
16:11:29.259,80.468,-4.186,-5.213,True,0.000,0.000,-4.186,-5.213,6.685,0.000,0.000,0.000,1.137
16:11:29.279,80.488,-3.095,-3.204,True,0.000,0.000,-3.095,-3.204,4.454,0.000,0.000,0.000,1.113
16:11:29.299,80.508,-3.839,-5.197,True,0.000,0.000,-3.839,-5.197,6.461,0.000,0.000,0.000,0.585
16:11:29.320,80.529,-2.913,-2.286,True,0.000,0.000,-2.913,-2.286,3.703,0.000,0.000,0.000,1.064
16:11:29.341,80.550,-2.250,-0.997,True,0.000,0.000,-2.250,-0.997,2.461,0.000,0.000,0.000,1.019
16:11:29.362,80.571,-1.815,-0.145,True,0.000,0.000,-1.815,-0.145,1.821,0.000,0.000,0.000,1.120
16:11:29.382,80.591,-2.324,-3.159,True,0.000,0.000,-2.324,-3.159,3.921,0.000,0.000,0.000,1.054
16:11:29.402,80.612,-1.995,-1.950,True,0.000,0.000,-1.995,-1.950,2.790,0.000,0.000,0.000,1.089
16:11:29.423,80.632,-1.780,-1.031,True,0.000,0.000,-1.780,-1.031,2.058,0.000,0.000,0.000,1.137
16:11:29.442,80.652,-1.657,-0.386,True,0.000,0.000,-1.657,-0.386,1.701,0.000,0.000,0.000,0.532
16:11:29.463,80.672,-1.599,-2.610,True,0.000,0.000,-1.599,-2.610,3.061,0.000,0.000,0.000,0.911
16:11:29.483,80.693,-1.587,-1.654,True,0.000,0.000,-1.587,-1.654,2.292,0.000,0.000,0.000,0.793
16:11:29.504,80.713,-1.600,-0.914,True,0.000,0.000,-1.600,-0.914,1.843,0.000,0.000,0.000,1.165
16:11:29.524,80.733,-1.628,-0.385,True,0.000,0.000,-1.628,-0.385,1.673,0.000,0.000,0.000,0.843
16:11:29.545,80.754,-3.944,-4.433,True,0.000,0.000,-3.944,-4.433,5.933,0.000,0.000,0.000,1.126
16:11:29.565,80.774,-3.348,-3.024,True,0.000,0.000,-3.348,-3.024,4.511,0.000,0.000,0.000,0.516
16:11:29.585,80.794,-2.821,-1.864,True,0.000,0.000,-2.821,-1.864,3.381,0.000,0.000,0.000,0.776
16:11:29.606,80.815,-2.396,-0.983,True,0.000,0.000,-2.396,-0.983,2.590,0.000,0.000,0.000,1.041
16:11:29.626,80.835,-2.079,-1.244,True,0.000,0.000,-2.079,-1.244,2.423,0.000,0.000,0.000,1.098
16:11:29.646,80.855,-1.862,-0.608,True,0.000,0.000,-1.862,-0.608,1.959,0.000,0.000,0.000,0.652
16:11:29.666,80.875,-3.250,-3.689,True,0.000,0.000,-3.250,-3.689,4.917,0.000,0.000,0.000,0.620
16:11:29.687,80.896,-2.759,-3.335,True,0.000,0.000,-2.759,-3.335,4.329,0.000,0.000,0.000,1.118
16:11:29.707,80.916,-2.363,-2.980,True,0.000,0.000,-2.363,-2.980,3.803,0.000,0.000,0.000,0.495
16:11:29.728,80.937,-2.066,-1.787,True,0.000,0.000,-2.066,-1.787,2.732,0.000,0.000,0.000,0.836
16:11:29.748,80.957,-3.384,-4.412,True,0.000,0.000,-3.384,-4.412,5.561,0.000,0.000,0.000,0.798
16:11:29.769,80.978,-4.361,-6.350,True,0.000,0.000,-4.361,-6.350,7.703,0.000,0.000,0.000,0.822
16:11:29.789,80.998,-3.505,-5.029,True,0.000,0.000,-3.505,-5.029,6.130,0.000,0.000,0.000,1.055
16:11:29.809,81.019,-3.574,-3.923,True,0.000,0.000,-3.574,-3.923,5.306,0.000,0.000,0.000,1.046
16:11:29.829,81.038,-2.846,-2.191,True,0.000,0.000,-2.846,-2.191,3.592,0.000,0.000,0.000,0.709
16:11:29.850,81.059,-2.304,-0.946,True,0.000,0.000,-2.304,-0.946,2.491,0.000,0.000,0.000,0.873
16:11:29.870,81.079,-1.932,-0.126,True,0.000,0.000,-1.932,-0.126,1.936,0.000,0.000,0.000,1.041
16:11:29.891,81.100,-1.700,0.356,True,0.000,0.000,-1.700,0.356,1.737,0.000,0.000,0.000,1.018
16:11:29.911,81.120,-1.576,-0.291,True,0.000,0.000,-1.576,-0.291,1.603,0.000,0.000,0.000,0.516
16:11:29.931,81.140,-1.528,-0.867,True,0.000,0.000,-1.528,-0.867,1.757,0.000,0.000,0.000,0.913
16:11:29.952,81.161,-1.529,-0.454,True,0.000,0.000,-1.529,-0.454,1.595,0.000,0.000,0.000,1.267
16:11:29.972,81.181,-1.558,-1.044,True,0.000,0.000,-1.558,-1.044,1.876,0.000,0.000,0.000,0.573
16:11:29.993,81.202,-1.599,-0.619,True,0.000,0.000,-1.599,-0.619,1.715,0.000,0.000,0.000,0.996
16:11:30.013,81.222,-3.926,-3.819,True,0.000,0.000,-3.926,-3.819,5.477,0.000,0.000,0.000,1.056
16:11:30.034,81.243,-3.338,-3.518,True,0.000,0.000,-3.338,-3.518,4.849,0.000,0.000,0.000,1.068
16:11:30.054,81.263,-2.817,-2.291,True,0.000,0.000,-2.817,-2.291,3.631,0.000,0.000,0.000,1.041
16:11:30.074,81.283,-5.441,-3.959,True,0.000,0.000,-5.441,-3.959,6.729,0.000,0.000,0.000,1.021
16:11:30.095,81.304,-5.813,-6.921,True,0.000,0.000,-5.813,-6.921,9.038,0.000,0.000,0.000,1.013
16:11:30.115,81.324,-4.441,-4.599,True,0.000,0.000,-4.441,-4.599,6.394,0.000,0.000,0.000,0.541
16:11:30.135,81.345,-5.627,-7.128,True,0.000,0.000,-5.627,-7.128,9.081,0.000,0.000,0.000,0.938
16:11:30.156,81.365,-4.188,-4.535,True,0.000,0.000,-4.188,-4.535,6.173,0.000,0.000,0.000,1.209
16:11:30.176,81.386,-3.082,-3.401,True,0.000,0.000,-3.082,-3.401,4.590,0.000,0.000,0.000,0.829
16:11:30.197,81.406,-2.297,-2.594,True,0.000,0.000,-2.297,-2.594,3.465,0.000,0.000,0.000,0.735
16:11:30.218,81.427,-1.787,-0.312,True,0.000,0.000,-1.787,-0.312,1.814,0.000,0.000,0.000,1.056
16:11:30.238,81.447,-1.495,0.387,True,0.000,0.000,-1.495,0.387,1.544,0.000,0.000,0.000,1.085
16:11:30.258,81.467,-1.361,-2.777,True,0.000,0.000,-1.361,-2.777,3.093,0.000,0.000,0.000,0.795
16:11:30.280,81.489,-1.332,-1.700,True,0.000,0.000,-1.332,-1.700,2.160,0.000,0.000,0.000,0.685
16:11:30.301,81.510,-1.368,-0.885,True,0.000,0.000,-1.368,-0.885,1.629,0.000,0.000,0.000,1.161
16:11:30.320,81.529,-2.958,-4.711,True,0.000,0.000,-2.958,-4.711,5.562,0.000,0.000,0.000,0.485
16:11:30.341,81.550,-2.617,-4.022,True,0.000,0.000,-2.617,-4.022,4.799,0.000,0.000,0.000,1.050
16:11:30.362,81.571,-2.322,-3.395,True,0.000,0.000,-2.322,-3.395,4.113,0.000,0.000,0.000,1.099
16:11:30.383,81.592,-2.089,-1.998,True,0.000,0.000,-2.089,-1.998,2.891,0.000,0.000,0.000,0.911
16:11:30.403,81.613,-1.917,-0.967,True,0.000,0.000,-1.917,-0.967,2.147,0.000,0.000,0.000,1.008
16:11:30.424,81.633,-2.563,-1.144,True,0.000,0.000,-2.563,-1.144,2.807,0.000,0.000,0.000,0.929
16:11:30.445,81.654,-2.284,-1.351,True,0.000,0.000,-2.284,-1.351,2.654,0.000,0.000,0.000,1.108
16:11:30.465,81.674,-2.064,0.207,True,0.000,0.000,-2.064,0.207,2.074,0.000,0.000,0.000,1.154
16:11:30.485,81.694,-1.903,-0.447,True,0.000,0.000,-1.903,-0.447,1.955,0.000,0.000,0.000,0.670
16:11:30.505,81.714,-2.557,-0.129,True,0.000,0.000,-2.557,-0.129,2.560,0.000,0.000,0.000,0.972
16:11:30.526,81.735,-2.283,0.067,True,0.000,0.000,-2.283,0.067,2.284,0.000,0.000,0.000,0.881
16:11:30.547,81.756,-4.350,-3.344,True,0.000,0.000,-4.350,-3.344,5.487,0.000,0.000,0.000,1.172
16:11:30.567,81.777,-4.325,-5.856,True,0.000,0.000,-4.325,-5.856,7.280,0.000,0.000,0.000,1.126
16:11:30.587,81.797,-3.455,-3.163,True,0.000,0.000,-3.455,-3.163,4.684,0.000,0.000,0.000,0.813
16:11:30.608,81.817,-2.760,-1.893,True,0.000,0.000,-2.760,-1.893,3.347,0.000,0.000,0.000,0.540
16:11:30.628,81.838,-2.247,-1.824,True,0.000,0.000,-2.247,-1.824,2.894,0.000,0.000,0.000,1.147
16:11:30.648,81.857,-4.182,-5.327,True,0.000,0.000,-4.182,-5.327,6.772,0.000,0.000,0.000,0.961
16:11:30.669,81.878,-4.101,-5.259,True,0.000,0.000,-4.101,-5.259,6.670,0.000,0.000,0.000,0.828
16:11:30.689,81.898,-3.227,-3.323,True,0.000,0.000,-3.227,-3.323,4.632,0.000,0.000,0.000,1.055
16:11:30.710,81.919,-2.556,-2.706,True,0.000,0.000,-2.556,-2.706,3.723,0.000,0.000,0.000,1.030
16:11:30.730,81.939,-3.603,-4.913,True,0.000,0.000,-3.603,-4.913,6.093,0.000,0.000,0.000,1.183
16:11:30.750,81.959,-2.878,-2.158,True,0.000,0.000,-2.878,-2.158,3.597,0.000,0.000,0.000,0.915
16:11:30.771,81.980,-3.094,-0.972,True,0.000,0.000,-3.094,-0.972,3.243,0.000,0.000,0.000,0.927
16:11:30.791,82.000,-3.269,-2.819,True,0.000,0.000,-3.269,-2.819,4.317,0.000,0.000,0.000,0.945
16:11:30.811,82.020,-2.639,-1.624,True,0.000,0.000,-2.639,-1.624,3.098,0.000,0.000,0.000,1.044
16:11:30.832,82.041,-4.460,-4.267,True,0.000,0.000,-4.460,-4.267,6.172,0.000,0.000,0.000,1.045
16:11:30.851,82.060,-5.805,-6.231,True,0.000,0.000,-5.805,-6.231,8.517,0.000,0.000,0.000,0.560
16:11:30.872,82.081,-4.436,-4.062,True,0.000,0.000,-4.436,-4.062,6.014,0.000,0.000,0.000,0.894
16:11:30.893,82.102,-4.101,-5.861,True,0.000,0.000,-4.101,-5.861,7.153,0.000,0.000,0.000,1.094
16:11:30.913,82.122,-3.082,-3.641,True,0.000,0.000,-3.082,-3.641,4.770,0.000,0.000,0.000,0.891
16:11:30.933,82.142,-2.346,-1.946,True,0.000,0.000,-2.346,-1.946,3.048,0.000,0.000,0.000,1.046
16:11:30.954,82.163,-1.859,-0.751,True,0.000,0.000,-1.859,-0.751,2.005,0.000,0.000,0.000,1.168
16:11:30.974,82.183,-1.570,-0.861,True,0.000,0.000,-1.570,-0.861,1.791,0.000,0.000,0.000,1.042
16:11:30.994,82.203,-1.430,0.694,True,0.000,0.000,-1.430,0.694,1.589,0.000,0.000,0.000,0.850
16:11:31.015,82.224,-2.151,0.860,True,0.000,0.000,-2.151,0.860,2.316,0.000,0.000,0.000,1.589
16:11:31.035,82.244,-1.963,0.852,True,0.000,0.000,-1.963,0.852,2.140,0.000,0.000,0.000,1.043
16:11:31.056,82.265,-1.833,0.746,True,0.000,0.000,-1.833,0.746,1.979,0.000,0.000,0.000,1.012
16:11:31.076,82.285,-1.751,0.598,True,0.000,0.000,-1.751,0.598,1.851,0.000,0.000,0.000,1.223
16:11:31.096,82.305,-1.707,0.442,True,0.000,0.000,-1.707,0.442,1.763,0.000,0.000,0.000,1.088
16:11:31.116,82.326,-1.688,1.180,True,0.000,0.000,-1.688,1.180,2.060,0.000,0.000,0.000,0.720
16:11:31.137,82.346,-1.687,0.823,True,0.000,0.000,-1.687,0.823,1.877,0.000,0.000,0.000,1.027
16:11:31.158,82.367,-1.695,0.522,True,0.000,0.000,-1.695,0.522,1.774,0.000,0.000,0.000,1.055
16:11:31.178,82.387,-1.709,0.289,True,0.000,0.000,-1.709,0.289,1.733,0.000,0.000,0.000,1.095
16:11:31.199,82.408,-1.723,0.122,True,0.000,0.000,-1.723,0.122,1.727,0.000,0.000,0.000,1.170
16:11:31.219,82.428,-4.020,-3.503,True,0.000,0.000,-4.020,-3.503,5.332,0.000,0.000,0.000,0.846
16:11:31.239,82.448,-4.165,-2.601,True,0.000,0.000,-4.165,-2.601,4.911,0.000,0.000,0.000,1.067
16:11:31.260,82.469,-4.173,-1.780,True,0.000,0.000,-4.173,-1.780,4.536,0.000,0.000,0.000,0.855
16:11:31.280,82.489,-3.340,-1.101,True,0.000,0.000,-3.340,-1.101,3.516,0.000,0.000,0.000,0.620
16:11:31.301,82.510,-2.679,-2.342,True,0.000,0.000,-2.679,-2.342,3.559,0.000,0.000,0.000,0.920
16:11:31.321,82.530,-2.195,-0.618,True,0.000,0.000,-2.195,-0.618,2.280,0.000,0.000,0.000,0.953
16:11:31.342,82.552,-3.391,-3.716,True,0.000,0.000,-3.391,-3.716,5.031,0.000,0.000,0.000,1.020
16:11:31.363,82.572,-2.775,-3.368,True,0.000,0.000,-2.775,-3.368,4.364,0.000,0.000,0.000,0.634
16:11:31.383,82.592,-2.305,-2.134,True,0.000,0.000,-2.305,-2.134,3.141,0.000,0.000,0.000,0.689
16:11:31.404,82.613,-1.974,-1.178,True,0.000,0.000,-1.974,-1.178,2.299,0.000,0.000,0.000,0.928
16:11:31.424,82.633,-3.283,-4.011,True,0.000,0.000,-3.283,-4.011,5.183,0.000,0.000,0.000,0.985
16:11:31.445,82.654,-5.028,-6.113,True,0.000,0.000,-5.028,-6.113,7.916,0.000,0.000,0.000,1.233
16:11:31.465,82.674,-3.979,-4.036,True,0.000,0.000,-3.979,-4.036,5.667,0.000,0.000,0.000,1.113
16:11:31.485,82.694,-3.119,-3.254,True,0.000,0.000,-3.119,-3.254,4.508,0.000,0.000,0.000,0.840
16:11:31.506,82.715,-2.469,-2.665,True,0.000,0.000,-2.469,-2.665,3.633,0.000,0.000,0.000,1.082
16:11:31.526,82.735,-2.016,-1.377,True,0.000,0.000,-2.016,-1.377,2.442,0.000,0.000,0.000,1.165
16:11:31.546,82.755,-1.729,-0.481,True,0.000,0.000,-1.729,-0.481,1.795,0.000,0.000,0.000,0.652
16:11:31.566,82.775,-1.570,-0.793,True,0.000,0.000,-1.570,-0.793,1.759,0.000,0.000,0.000,0.611
16:11:31.587,82.796,-2.264,-0.239,True,0.000,0.000,-2.264,-0.239,2.277,0.000,0.000,0.000,0.700
16:11:31.607,82.817,-3.570,-3.412,True,0.000,0.000,-3.570,-3.412,4.938,0.000,0.000,0.000,0.996
16:11:31.628,82.837,-2.996,-2.263,True,0.000,0.000,-2.996,-2.263,3.755,0.000,0.000,0.000,0.766
16:11:31.648,82.857,-2.523,-0.463,True,0.000,0.000,-2.523,-0.463,2.565,0.000,0.000,0.000,1.062
16:11:31.668,82.877,-2.926,0.859,True,0.000,0.000,-2.926,0.859,3.049,0.000,0.000,0.000,0.638
16:11:31.689,82.898,-2.465,0.871,True,0.000,0.000,-2.465,0.871,2.615,0.000,0.000,0.000,0.635
16:11:31.710,82.919,-2.120,0.775,True,0.000,0.000,-2.120,0.775,2.258,0.000,0.000,0.000,1.048
16:11:31.730,82.939,-1.882,0.628,True,0.000,0.000,-1.882,0.628,1.984,0.000,0.000,0.000,0.687
16:11:31.750,82.959,-2.494,-3.045,True,0.000,0.000,-2.494,-3.045,3.936,0.000,0.000,0.000,0.537
16:11:31.770,82.980,-4.488,-3.983,True,0.000,0.000,-4.488,-3.983,6.001,0.000,0.000,0.000,0.968
16:11:31.791,83.000,-3.644,-1.891,True,0.000,0.000,-3.644,-1.891,4.105,0.000,0.000,0.000,0.573
16:11:31.812,83.021,-2.941,-1.114,True,0.000,0.000,-2.941,-1.114,3.145,0.000,0.000,0.000,0.767
16:11:31.833,83.042,-3.924,-2.297,True,0.000,0.000,-3.924,-2.297,4.547,0.000,0.000,0.000,0.837
16:11:31.853,83.062,-4.646,-4.939,True,0.000,0.000,-4.646,-4.939,6.781,0.000,0.000,0.000,1.137
16:11:31.874,83.083,-5.135,-6.824,True,0.000,0.000,-5.135,-6.824,8.540,0.000,0.000,0.000,1.139
16:11:31.893,83.102,-5.432,-8.053,True,0.000,0.000,-5.432,-8.053,9.714,0.000,0.000,0.000,0.568
16:11:31.914,83.123,-5.585,-8.765,True,0.000,0.000,-5.585,-8.765,10.393,0.000,0.000,0.000,1.078
16:11:31.934,83.144,-4.115,-4.703,True,0.000,0.000,-4.115,-4.703,6.249,0.000,0.000,0.000,0.912
16:11:31.955,83.164,-3.000,-3.350,True,0.000,0.000,-3.000,-3.350,4.497,0.000,0.000,0.000,0.962
16:11:31.976,83.185,-4.504,-5.061,True,0.000,0.000,-4.504,-5.061,6.775,0.000,0.000,0.000,1.117
16:11:31.996,83.205,-3.379,-3.765,True,0.000,0.000,-3.379,-3.765,5.059,0.000,0.000,0.000,0.603
16:11:32.016,83.225,-5.593,-3.702,True,0.000,0.000,-5.593,-3.702,6.707,0.000,0.000,0.000,1.028
16:11:32.037,83.246,-5.713,-5.468,True,0.000,0.000,-5.713,-5.468,7.908,0.000,0.000,0.000,1.098
16:11:32.057,83.266,-4.210,-4.155,True,0.000,0.000,-4.210,-4.155,5.915,0.000,0.000,0.000,1.070
16:11:32.077,83.287,-3.065,-5.793,True,0.000,0.000,-3.065,-5.793,6.554,0.000,0.000,0.000,0.987
16:11:32.097,83.307,-2.259,-3.490,True,0.000,0.000,-2.259,-3.490,4.157,0.000,0.000,0.000,0.648
16:11:32.118,83.327,-4.788,-2.644,True,0.000,0.000,-4.788,-2.644,5.470,0.000,0.000,0.000,1.098
16:11:32.138,83.347,-3.660,-1.213,True,0.000,0.000,-3.660,-1.213,3.856,0.000,0.000,0.000,0.494
16:11:32.159,83.369,-5.078,-3.770,True,0.000,0.000,-5.078,-3.770,6.325,0.000,0.000,0.000,0.851
16:11:32.180,83.389,-3.836,-2.229,True,0.000,0.000,-3.836,-2.229,4.437,0.000,0.000,0.000,1.130
16:11:32.200,83.409,-2.884,-1.088,True,0.000,0.000,-2.884,-1.088,3.083,0.000,0.000,0.000,0.685
16:11:32.220,83.429,-2.210,-0.310,True,0.000,0.000,-2.210,-0.310,2.232,0.000,0.000,0.000,0.608
16:11:32.241,83.450,-4.819,-1.588,True,0.000,0.000,-4.819,-1.588,5.074,0.000,0.000,0.000,1.110
16:11:32.262,83.471,-3.734,-0.853,True,0.000,0.000,-3.734,-0.853,3.830,0.000,0.000,0.000,0.956
16:11:32.282,83.491,-2.883,-0.334,True,0.000,0.000,-2.883,-0.334,2.902,0.000,0.000,0.000,0.685
16:11:32.302,83.512,-2.266,0.002,True,0.000,0.000,-2.266,0.002,2.266,0.000,0.000,0.000,0.982
16:11:32.323,83.532,-1.856,-1.566,True,0.000,0.000,-1.856,-1.566,2.428,0.000,0.000,0.000,1.052
16:11:32.343,83.553,-1.612,-0.998,True,0.000,0.000,-1.612,-0.998,1.896,0.000,0.000,0.000,1.101
16:11:32.363,83.573,-2.253,-4.071,True,0.000,0.000,-2.253,-4.071,4.653,0.000,0.000,0.000,0.602
16:11:32.384,83.593,-2.008,-2.789,True,0.000,0.000,-2.008,-2.789,3.436,0.000,0.000,0.000,1.364
16:11:32.404,83.613,-3.362,-6.123,True,0.000,0.000,-3.362,-6.123,6.985,0.000,0.000,0.000,1.003
16:11:32.425,83.634,-3.601,-5.865,True,0.000,0.000,-3.601,-5.865,6.883,0.000,0.000,0.000,1.055
16:11:32.446,83.655,-2.967,-3.749,True,0.000,0.000,-2.967,-3.749,4.781,0.000,0.000,0.000,1.316
16:11:32.466,83.675,-2.464,-2.979,True,0.000,0.000,-2.464,-2.979,3.866,0.000,0.000,0.000,1.077
16:11:32.487,83.696,-2.095,-1.551,True,0.000,0.000,-2.095,-1.551,2.607,0.000,0.000,0.000,0.611
16:11:32.507,83.716,-4.130,-4.070,True,0.000,0.000,-4.130,-4.070,5.799,0.000,0.000,0.000,0.655
16:11:32.528,83.737,-3.352,-2.472,True,0.000,0.000,-3.352,-2.472,4.165,0.000,0.000,0.000,1.100
16:11:32.548,83.757,-3.482,-4.785,True,0.000,0.000,-3.482,-4.785,5.918,0.000,0.000,0.000,0.618
16:11:32.569,83.778,-2.801,-2.985,True,0.000,0.000,-2.801,-2.985,4.093,0.000,0.000,0.000,1.036
16:11:32.588,83.798,-4.575,-6.001,True,0.000,0.000,-4.575,-6.001,7.546,0.000,0.000,0.000,0.648
16:11:32.609,83.818,-3.595,-4.699,True,0.000,0.000,-3.595,-4.699,5.916,0.000,0.000,0.000,0.884
16:11:32.629,83.838,-5.104,-6.279,True,0.000,0.000,-5.104,-6.279,8.092,0.000,0.000,0.000,0.761
16:11:32.649,83.859,-6.196,-7.400,True,0.000,0.000,-6.196,-7.400,9.651,0.000,0.000,0.000,0.663
16:11:32.670,83.879,-4.635,-5.491,True,0.000,0.000,-4.635,-5.491,7.186,0.000,0.000,0.000,1.077
16:11:32.691,83.900,-4.169,-5.753,True,0.000,0.000,-4.169,-5.753,7.104,0.000,0.000,0.000,1.025
16:11:32.710,83.919,-3.066,-3.308,True,0.000,0.000,-3.066,-3.308,4.511,0.000,0.000,0.000,0.527
16:11:32.731,83.940,-2.285,-1.525,True,0.000,0.000,-2.285,-1.525,2.747,0.000,0.000,0.000,0.563
16:11:32.751,83.961,-2.540,-2.967,True,0.000,0.000,-2.540,-2.967,3.905,0.000,0.000,0.000,0.932
16:11:32.772,83.981,-2.042,-0.645,True,0.000,0.000,-2.042,-0.645,2.141,0.000,0.000,0.000,1.041
16:11:32.793,84.002,-1.725,0.116,True,0.000,0.000,-1.725,0.116,1.729,0.000,0.000,0.000,1.075
16:11:32.813,84.022,-3.834,-0.344,True,0.000,0.000,-3.834,-0.344,3.850,0.000,0.000,0.000,0.646
16:11:32.833,84.042,-5.417,-3.444,True,0.000,0.000,-5.417,-3.444,6.419,0.000,0.000,0.000,1.037
16:11:32.853,84.063,-4.229,-3.129,True,0.000,0.000,-4.229,-3.129,5.260,0.000,0.000,0.000,1.140
16:11:32.874,84.083,-3.260,-1.942,True,0.000,0.000,-3.260,-1.942,3.795,0.000,0.000,0.000,1.014
16:11:32.894,84.103,-3.294,-1.915,True,0.000,0.000,-3.294,-1.915,3.810,0.000,0.000,0.000,1.120
16:11:32.914,84.123,-2.580,-1.035,True,0.000,0.000,-2.580,-1.035,2.780,0.000,0.000,0.000,0.585
16:11:32.935,84.144,-2.077,-0.412,True,0.000,0.000,-2.077,-0.412,2.117,0.000,0.000,0.000,0.949
16:11:32.955,84.164,-3.276,-3.524,True,0.000,0.000,-3.276,-3.524,4.812,0.000,0.000,0.000,0.728
16:11:32.976,84.185,-2.676,-2.328,True,0.000,0.000,-2.676,-2.328,3.547,0.000,0.000,0.000,1.053
16:11:32.996,84.205,-2.227,-1.372,True,0.000,0.000,-2.227,-1.372,2.615,0.000,0.000,0.000,0.821
16:11:33.017,84.226,-1.916,-0.665,True,0.000,0.000,-1.916,-0.665,2.028,0.000,0.000,0.000,1.119
16:11:33.037,84.246,-4.006,-4.578,True,0.000,0.000,-4.006,-4.578,6.083,0.000,0.000,0.000,0.997
16:11:33.057,84.266,-3.273,-6.592,True,0.000,0.000,-3.273,-6.592,7.360,0.000,0.000,0.000,0.755
16:11:33.078,84.287,-4.962,-7.922,True,0.000,0.000,-4.962,-7.922,9.348,0.000,0.000,0.000,1.095
16:11:33.098,84.307,-3.887,-5.191,True,0.000,0.000,-3.887,-5.191,6.485,0.000,0.000,0.000,0.955
16:11:33.118,84.328,-4.547,-7.416,True,0.000,0.000,-4.547,-7.416,8.699,0.000,0.000,0.000,0.730
16:11:33.139,84.348,-3.489,-4.617,True,0.000,0.000,-3.489,-4.617,5.787,0.000,0.000,0.000,1.040
16:11:33.160,84.369,-2.683,-2.477,True,0.000,0.000,-2.683,-2.477,3.651,0.000,0.000,0.000,1.038
16:11:33.180,84.389,-3.638,-5.360,True,0.000,0.000,-3.638,-5.360,6.478,0.000,0.000,0.000,1.062
16:11:33.201,84.410,-2.855,-3.179,True,0.000,0.000,-2.855,-3.179,4.273,0.000,0.000,0.000,0.999
16:11:33.221,84.431,-2.281,-1.561,True,0.000,0.000,-2.281,-1.561,2.764,0.000,0.000,0.000,0.856
16:11:33.242,84.451,-1.893,-1.334,True,0.000,0.000,-1.893,-1.334,2.316,0.000,0.000,0.000,0.984
16:11:33.263,84.472,-1.657,-1.289,True,0.000,0.000,-1.657,-1.289,2.100,0.000,0.000,0.000,1.187
16:11:33.283,84.492,-3.059,-2.231,True,0.000,0.000,-3.059,-2.231,3.786,0.000,0.000,0.000,1.191
16:11:33.304,84.513,-4.883,-3.865,True,0.000,0.000,-4.883,-3.865,6.227,0.000,0.000,0.000,0.890
16:11:33.324,84.533,-3.895,-5.061,True,0.000,0.000,-3.895,-5.061,6.387,0.000,0.000,0.000,1.036
16:11:33.344,84.553,-3.081,-4.109,True,0.000,0.000,-3.081,-4.109,5.136,0.000,0.000,0.000,0.621
16:11:33.366,84.575,-3.984,-5.958,True,0.000,0.000,-3.984,-5.958,7.168,0.000,0.000,0.000,1.068
16:11:33.386,84.595,-3.131,-4.634,True,0.000,0.000,-3.131,-4.634,5.593,0.000,0.000,0.000,0.830
16:11:33.406,84.615,-3.245,-6.210,True,0.000,0.000,-3.245,-6.210,7.007,0.000,0.000,0.000,1.026
16:11:33.426,84.635,-2.583,-3.821,True,0.000,0.000,-2.583,-3.821,4.612,0.000,0.000,0.000,0.835
16:11:33.446,84.656,-2.109,-1.130,True,0.000,0.000,-2.109,-1.130,2.393,0.000,0.000,0.000,0.631
16:11:33.467,84.676,-1.799,-0.102,True,0.000,0.000,-1.799,-0.102,1.802,0.000,0.000,0.000,0.974
16:11:33.487,84.696,-1.618,0.495,True,0.000,0.000,-1.618,0.495,1.692,0.000,0.000,0.000,0.966
16:11:33.507,84.717,-3.817,1.654,True,0.000,0.000,-3.817,1.654,4.160,0.000,0.000,0.000,0.935
16:11:33.527,84.736,-3.169,1.481,True,0.000,0.000,-3.169,1.481,3.498,0.000,0.000,0.000,0.710
16:11:33.548,84.757,-2.634,1.206,True,0.000,0.000,-2.634,1.206,2.897,0.000,0.000,0.000,1.139
16:11:33.567,84.776,-2.227,0.028,True,0.000,0.000,-2.227,0.028,2.227,0.000,0.000,0.000,0.531
16:11:33.588,84.797,-4.224,-2.645,True,0.000,0.000,-4.224,-2.645,4.984,0.000,0.000,0.000,1.062
16:11:33.608,84.817,-3.413,-1.941,True,0.000,0.000,-3.413,-1.941,3.926,0.000,0.000,0.000,0.591
16:11:33.629,84.838,-3.518,-1.310,True,0.000,0.000,-3.518,-1.310,3.754,0.000,0.000,0.000,1.184
16:11:33.649,84.858,-2.818,-0.795,True,0.000,0.000,-2.818,-0.795,2.928,0.000,0.000,0.000,1.105
16:11:33.669,84.878,-2.295,-0.409,True,0.000,0.000,-2.295,-0.409,2.331,0.000,0.000,0.000,1.020
16:11:33.690,84.899,-3.457,-3.656,True,0.000,0.000,-3.457,-3.656,5.031,0.000,0.000,0.000,1.085
16:11:33.710,84.919,-2.814,-2.521,True,0.000,0.000,-2.814,-2.521,3.778,0.000,0.000,0.000,0.715
16:11:33.730,84.940,-2.324,-1.576,True,0.000,0.000,-2.324,-1.576,2.808,0.000,0.000,0.000,1.048
16:11:33.751,84.960,-1.979,-0.852,True,0.000,0.000,-1.979,-0.852,2.154,0.000,0.000,0.000,0.968
16:11:33.771,84.980,-1.757,-0.339,True,0.000,0.000,-1.757,-0.339,1.790,0.000,0.000,0.000,0.492
16:11:33.791,85.000,-1.632,-0.886,True,0.000,0.000,-1.632,-0.886,1.857,0.000,0.000,0.000,1.118
16:11:33.812,85.021,-1.577,-0.455,True,0.000,0.000,-1.577,-0.455,1.641,0.000,0.000,0.000,1.123
16:11:33.832,85.041,-2.329,-0.155,True,0.000,0.000,-2.329,-0.155,2.334,0.000,0.000,0.000,1.132
16:11:33.853,85.062,-2.139,0.033,True,0.000,0.000,-2.139,0.033,2.139,0.000,0.000,0.000,0.942
16:11:33.873,85.082,-2.747,0.137,True,0.000,0.000,-2.747,0.137,2.751,0.000,0.000,0.000,1.028
16:11:33.893,85.102,-2.425,0.179,True,0.000,0.000,-2.425,0.179,2.432,0.000,0.000,0.000,0.517
16:11:33.914,85.123,-2.164,0.182,True,0.000,0.000,-2.164,0.182,2.171,0.000,0.000,0.000,0.769
16:11:33.935,85.144,-1.968,0.162,True,0.000,0.000,-1.968,0.162,1.974,0.000,0.000,0.000,1.115
16:11:33.954,85.164,-1.832,0.132,True,0.000,0.000,-1.832,0.132,1.837,0.000,0.000,0.000,0.536
16:11:33.975,85.184,-1.747,0.099,True,0.000,0.000,-1.747,0.099,1.750,0.000,0.000,0.000,0.878
16:11:33.995,85.205,-1.701,-0.811,True,0.000,0.000,-1.701,-0.811,1.885,0.000,0.000,0.000,1.035
16:11:34.016,85.225,-3.967,-4.110,True,0.000,0.000,-3.967,-4.110,5.712,0.000,0.000,0.000,1.002
16:11:34.036,85.245,-3.339,-2.951,True,0.000,0.000,-3.339,-2.951,4.456,0.000,0.000,0.000,0.521
16:11:34.056,85.265,-2.795,-1.942,True,0.000,0.000,-2.795,-1.942,3.403,0.000,0.000,0.000,1.081
16:11:34.077,85.286,-2.364,-2.016,True,0.000,0.000,-2.364,-2.016,3.107,0.000,0.000,0.000,1.185
16:11:34.096,85.306,-2.047,-2.061,True,0.000,0.000,-2.047,-2.061,2.905,0.000,0.000,0.000,0.641
16:11:34.117,85.326,-1.834,-1.205,True,0.000,0.000,-1.834,-1.205,2.194,0.000,0.000,0.000,0.519
16:11:34.137,85.347,-1.704,-1.454,True,0.000,0.000,-1.704,-1.454,2.240,0.000,0.000,0.000,0.700
16:11:34.158,85.367,-2.399,-1.665,True,0.000,0.000,-2.399,-1.665,2.921,0.000,0.000,0.000,0.586
16:11:34.178,85.387,-2.168,-0.950,True,0.000,0.000,-2.168,-0.950,2.367,0.000,0.000,0.000,0.620
16:11:34.199,85.408,-4.272,-3.947,True,0.000,0.000,-4.272,-3.947,5.816,0.000,0.000,0.000,1.227
16:11:34.219,85.428,-3.517,-2.635,True,0.000,0.000,-3.517,-2.635,4.394,0.000,0.000,0.000,0.844
16:11:34.239,85.449,-2.879,-0.697,True,0.000,0.000,-2.879,-0.697,2.962,0.000,0.000,0.000,1.112
16:11:34.259,85.469,-2.384,-0.149,True,0.000,0.000,-2.384,-0.149,2.389,0.000,0.000,0.000,0.875
16:11:34.280,85.489,-2.791,0.180,True,0.000,0.000,-2.791,0.180,2.797,0.000,0.000,0.000,0.729
16:11:34.300,85.509,-2.349,0.346,True,0.000,0.000,-2.349,0.346,2.374,0.000,0.000,0.000,0.596
16:11:34.320,85.529,-2.789,-0.479,True,0.000,0.000,-2.789,-0.479,2.830,0.000,0.000,0.000,0.531
16:11:34.340,85.550,-2.367,-0.255,True,0.000,0.000,-2.367,-0.255,2.380,0.000,0.000,0.000,0.592
16:11:34.362,85.571,-2.055,-0.976,True,0.000,0.000,-2.055,-0.976,2.275,0.000,0.000,0.000,1.182
16:11:34.382,85.591,-2.605,-4.149,True,0.000,0.000,-2.605,-4.149,4.899,0.000,0.000,0.000,1.064
16:11:34.402,85.611,-3.027,-3.792,True,0.000,0.000,-3.027,-3.792,4.852,0.000,0.000,0.000,1.000
16:11:34.423,85.632,-2.566,-1.624,True,0.000,0.000,-2.566,-1.624,3.037,0.000,0.000,0.000,1.075
16:11:34.442,85.652,-2.209,-0.834,True,0.000,0.000,-2.209,-0.834,2.361,0.000,0.000,0.000,0.533
16:11:34.464,85.673,-4.237,-3.802,True,0.000,0.000,-4.237,-3.802,5.693,0.000,0.000,0.000,1.178
16:11:34.483,85.692,-5.726,-6.885,True,0.000,0.000,-5.726,-6.885,8.955,0.000,0.000,0.000,0.528
16:11:34.504,85.713,-4.448,-3.758,True,0.000,0.000,-4.448,-3.758,5.823,0.000,0.000,0.000,1.025
16:11:34.524,85.734,-4.164,-5.686,True,0.000,0.000,-4.164,-5.686,7.048,0.000,0.000,0.000,1.071
16:11:34.545,85.754,-4.689,-7.076,True,0.000,0.000,-4.689,-7.076,8.488,0.000,0.000,0.000,1.104
16:11:34.565,85.774,-3.537,-4.478,True,0.000,0.000,-3.537,-4.478,5.706,0.000,0.000,0.000,1.119
16:11:34.586,85.795,-4.955,-5.985,True,0.000,0.000,-4.955,-5.985,7.770,0.000,0.000,0.000,1.161
16:11:34.606,85.815,-4.490,-7.100,True,0.000,0.000,-4.490,-7.100,8.400,0.000,0.000,0.000,0.514
16:11:34.626,85.835,-3.350,-4.343,True,0.000,0.000,-3.350,-4.343,5.485,0.000,0.000,0.000,0.898
16:11:34.647,85.856,-2.514,-2.260,True,0.000,0.000,-2.514,-2.260,3.380,0.000,0.000,0.000,1.222
16:11:34.667,85.876,-1.949,-1.686,True,0.000,0.000,-1.949,-1.686,2.577,0.000,0.000,0.000,1.121
16:11:34.687,85.896,-3.890,-4.037,True,0.000,0.000,-3.890,-4.037,5.607,0.000,0.000,0.000,0.573
16:11:34.708,85.917,-3.087,-3.227,True,0.000,0.000,-3.087,-3.227,4.466,0.000,0.000,0.000,1.077
16:11:34.729,85.939,-2.473,-1.746,True,0.000,0.000,-2.473,-1.746,3.027,0.000,0.000,0.000,1.039
16:11:34.750,85.959,-4.324,-4.212,True,0.000,0.000,-4.324,-4.212,6.037,0.000,0.000,0.000,1.169
16:11:34.770,85.979,-4.670,-4.512,True,0.000,0.000,-4.670,-4.512,6.494,0.000,0.000,0.000,1.013
16:11:34.790,85.999,-3.186,-2.102,True,0.000,0.000,-3.186,-2.102,3.817,0.000,0.000,0.000,0.976
16:11:34.811,86.020,-4.150,-5.824,True,0.000,0.000,-4.150,-5.824,7.152,0.000,0.000,0.000,0.968
16:11:34.831,86.041,-3.959,-6.311,True,0.000,0.000,-3.959,-6.311,7.450,0.000,0.000,0.000,1.216
16:11:34.851,86.060,-3.041,-4.792,True,0.000,0.000,-3.041,-4.792,5.675,0.000,0.000,0.000,0.553
16:11:34.872,86.081,-3.141,-6.264,True,0.000,0.000,-3.141,-6.264,7.007,0.000,0.000,0.000,1.153
16:11:34.892,86.101,-2.482,-3.807,True,0.000,0.000,-2.482,-3.807,4.545,0.000,0.000,0.000,1.096
16:11:34.912,86.122,-2.022,-1.955,True,0.000,0.000,-2.022,-1.955,2.813,0.000,0.000,0.000,1.008
16:11:34.932,86.142,-1.730,-1.550,True,0.000,0.000,-1.730,-1.550,2.323,0.000,0.000,0.000,0.601
16:11:34.953,86.162,-1.568,-0.497,True,0.000,0.000,-1.568,-0.497,1.645,0.000,0.000,0.000,0.644
16:11:34.974,86.183,-1.500,0.160,True,0.000,0.000,-1.500,0.160,1.509,0.000,0.000,0.000,1.109
16:11:34.995,86.204,-1.493,-0.365,True,0.000,0.000,-1.493,-0.365,1.537,0.000,0.000,0.000,1.278
16:11:35.015,86.224,-2.283,0.017,True,0.000,0.000,-2.283,0.017,2.283,0.000,0.000,0.000,1.033
16:11:35.035,86.244,-4.403,-3.284,True,0.000,0.000,-4.403,-3.284,5.493,0.000,0.000,0.000,0.931
16:11:35.056,86.265,-3.640,-2.223,True,0.000,0.000,-3.640,-2.223,4.265,0.000,0.000,0.000,1.130
16:11:35.076,86.285,-5.268,-4.871,True,0.000,0.000,-5.268,-4.871,7.175,0.000,0.000,0.000,1.063
16:11:35.096,86.305,-4.123,-3.252,True,0.000,0.000,-4.123,-3.252,5.251,0.000,0.000,0.000,0.589
16:11:35.116,86.325,-5.476,-3.702,True,0.000,0.000,-5.476,-3.702,6.610,0.000,0.000,0.000,0.863
16:11:35.137,86.346,-4.150,-2.245,True,0.000,0.000,-4.150,-2.245,4.718,0.000,0.000,0.000,1.120
16:11:35.157,86.366,-4.635,-4.666,True,0.000,0.000,-4.635,-4.666,6.577,0.000,0.000,0.000,1.062
16:11:35.178,86.387,-3.468,-2.941,True,0.000,0.000,-3.468,-2.941,4.547,0.000,0.000,0.000,1.083
16:11:35.197,86.407,-2.601,-2.490,True,0.000,0.000,-2.601,-2.490,3.601,0.000,0.000,0.000,0.598
16:11:35.218,86.428,-2.009,-4.816,True,0.000,0.000,-2.009,-4.816,5.218,0.000,0.000,0.000,0.923
16:11:35.239,86.448,-3.166,-6.535,True,0.000,0.000,-3.166,-6.535,7.262,0.000,0.000,0.000,0.625
16:11:35.259,86.468,-2.555,-4.190,True,0.000,0.000,-2.555,-4.190,4.907,0.000,0.000,0.000,1.108
16:11:35.279,86.489,-2.113,-3.238,True,0.000,0.000,-2.113,-3.238,3.866,0.000,0.000,0.000,1.016
16:11:35.299,86.509,-2.582,-1.675,True,0.000,0.000,-2.582,-1.675,3.078,0.000,0.000,0.000,0.843
16:11:35.320,86.529,-2.200,-0.587,True,0.000,0.000,-2.200,-0.587,2.277,0.000,0.000,0.000,1.069
16:11:35.340,86.549,-2.693,-0.777,True,0.000,0.000,-2.693,-0.777,2.803,0.000,0.000,0.000,0.639
16:11:35.361,86.570,-2.311,-0.156,True,0.000,0.000,-2.311,-0.156,2.316,0.000,0.000,0.000,1.158
16:11:35.381,86.590,-2.029,1.094,True,0.000,0.000,-2.029,1.094,2.306,0.000,0.000,0.000,0.858
16:11:35.402,86.612,-1.838,1.039,True,0.000,0.000,-1.838,1.039,2.111,0.000,0.000,0.000,1.111
16:11:35.423,86.632,-1.720,0.884,True,0.000,0.000,-1.720,0.884,1.934,0.000,0.000,0.000,1.093
16:11:35.443,86.652,-1.659,0.691,True,0.000,0.000,-1.659,0.691,1.797,0.000,0.000,0.000,0.780
16:11:35.463,86.673,-1.637,0.499,True,0.000,0.000,-1.637,0.499,1.711,0.000,0.000,0.000,1.146
16:11:35.483,86.692,-1.639,-0.548,True,0.000,0.000,-1.639,-0.548,1.728,0.000,0.000,0.000,0.531
16:11:35.504,86.713,-2.417,-0.441,True,0.000,0.000,-2.417,-0.441,2.457,0.000,0.000,0.000,0.921
16:11:35.525,86.734,-4.514,-2.965,True,0.000,0.000,-4.514,-2.965,5.401,0.000,0.000,0.000,0.905
16:11:35.545,86.754,-3.726,-2.138,True,0.000,0.000,-3.726,-2.138,4.296,0.000,0.000,0.000,0.951
16:11:35.565,86.774,-4.568,-4.929,True,0.000,0.000,-4.568,-4.929,6.720,0.000,0.000,0.000,0.610
16:11:35.585,86.795,-5.133,-6.900,True,0.000,0.000,-5.133,-6.900,8.600,0.000,0.000,0.000,0.717
16:11:35.606,86.815,-5.474,-8.169,True,0.000,0.000,-5.474,-8.169,9.834,0.000,0.000,0.000,1.047
16:11:35.627,86.836,-4.124,-4.495,True,0.000,0.000,-4.124,-4.495,6.101,0.000,0.000,0.000,1.082
16:11:35.647,86.856,-3.077,-2.509,True,0.000,0.000,-3.077,-2.509,3.970,0.000,0.000,0.000,0.678
16:11:35.668,86.877,-2.325,-1.082,True,0.000,0.000,-2.325,-1.082,2.565,0.000,0.000,0.000,1.094
16:11:35.688,86.897,-4.116,-1.899,True,0.000,0.000,-4.116,-1.899,4.533,0.000,0.000,0.000,0.966
16:11:35.708,86.917,-3.200,-1.743,True,0.000,0.000,-3.200,-1.743,3.644,0.000,0.000,0.000,0.854
16:11:35.728,86.938,-2.509,-0.811,True,0.000,0.000,-2.509,-0.811,2.636,0.000,0.000,0.000,0.761
16:11:35.749,86.958,-2.789,-0.184,True,0.000,0.000,-2.789,-0.184,2.795,0.000,0.000,0.000,0.727
16:11:35.769,86.979,-2.275,0.194,True,0.000,0.000,-2.275,0.194,2.283,0.000,0.000,0.000,0.993
16:11:35.790,86.999,-1.922,0.386,True,0.000,0.000,-1.922,0.386,1.960,0.000,0.000,0.000,1.132
16:11:35.810,87.019,-3.226,-3.066,True,0.000,0.000,-3.226,-3.066,4.450,0.000,0.000,0.000,1.067
16:11:35.830,87.039,-2.690,-2.118,True,0.000,0.000,-2.690,-2.118,3.424,0.000,0.000,0.000,0.645
16:11:35.851,87.060,-3.037,-0.448,True,0.000,0.000,-3.037,-0.448,3.070,0.000,0.000,0.000,0.805
16:11:35.871,87.081,-2.532,-0.082,True,0.000,0.000,-2.532,-0.082,2.533,0.000,0.000,0.000,1.146
16:11:35.892,87.101,-3.676,-3.380,True,0.000,0.000,-3.676,-3.380,4.994,0.000,0.000,0.000,1.105
16:11:35.913,87.122,-2.997,-3.186,True,0.000,0.000,-2.997,-3.186,4.374,0.000,0.000,0.000,1.028
16:11:35.933,87.143,-2.465,-2.060,True,0.000,0.000,-2.465,-2.060,3.212,0.000,0.000,0.000,1.121
16:11:35.953,87.162,-2.079,-2.054,True,0.000,0.000,-2.079,-2.054,2.922,0.000,0.000,0.000,0.642
16:11:35.974,87.183,-1.822,-1.170,True,0.000,0.000,-1.822,-1.170,2.165,0.000,0.000,0.000,1.049
16:11:35.995,87.204,-2.431,-1.407,True,0.000,0.000,-2.431,-1.407,2.809,0.000,0.000,0.000,1.134
16:11:36.015,87.224,-2.146,0.141,True,0.000,0.000,-2.146,0.141,2.151,0.000,0.000,0.000,0.995
16:11:36.035,87.244,-3.462,-4.027,True,0.000,0.000,-3.462,-4.027,5.311,0.000,0.000,0.000,0.870
16:11:36.056,87.265,-2.906,-2.735,True,0.000,0.000,-2.906,-2.735,3.990,0.000,0.000,0.000,1.042
16:11:36.076,87.285,-2.454,-1.675,True,0.000,0.000,-2.454,-1.675,2.971,0.000,0.000,0.000,0.907
16:11:36.096,87.305,-2.115,-0.874,True,0.000,0.000,-2.115,-0.874,2.289,0.000,0.000,0.000,0.685
16:11:36.118,87.327,-1.881,-0.314,True,0.000,0.000,-1.881,-0.314,1.907,0.000,0.000,0.000,1.090
16:11:36.138,87.347,-4.780,-1.716,True,0.000,0.000,-4.780,-1.716,5.078,0.000,0.000,0.000,1.080
16:11:36.157,87.366,-3.864,-1.036,True,0.000,0.000,-3.864,-1.036,4.000,0.000,0.000,0.000,0.512
16:11:36.178,87.387,-3.855,-3.163,True,0.000,0.000,-3.855,-3.163,4.987,0.000,0.000,0.000,0.892
16:11:36.200,87.409,-3.050,-2.965,True,0.000,0.000,-3.050,-2.965,4.254,0.000,0.000,0.000,1.050
16:11:36.220,87.429,-4.724,-6.259,True,0.000,0.000,-4.724,-6.259,7.841,0.000,0.000,0.000,1.004
16:11:36.240,87.449,-3.670,-4.204,True,0.000,0.000,-3.670,-4.204,5.581,0.000,0.000,0.000,1.006
16:11:36.261,87.470,-3.606,-1.658,True,0.000,0.000,-3.606,-1.658,3.968,0.000,0.000,0.000,1.121
16:11:36.282,87.491,-5.083,-4.165,True,0.000,0.000,-5.083,-4.165,6.572,0.000,0.000,0.000,1.106
16:11:36.302,87.511,-6.158,-6.065,True,0.000,0.000,-6.158,-6.065,8.643,0.000,0.000,0.000,0.808
16:11:36.323,87.532,-4.593,-4.757,True,0.000,0.000,-4.593,-4.757,6.612,0.000,0.000,0.000,0.807
16:11:36.343,87.552,-5.652,-6.327,True,0.000,0.000,-5.652,-6.327,8.483,0.000,0.000,0.000,1.121
16:11:36.363,87.573,-4.137,-3.921,True,0.000,0.000,-4.137,-3.921,5.700,0.000,0.000,0.000,1.123
16:11:36.383,87.592,-3.756,-2.087,True,0.000,0.000,-3.756,-2.087,4.297,0.000,0.000,0.000,0.567
16:11:36.403,87.613,-2.751,-1.675,True,0.000,0.000,-2.751,-1.675,3.221,0.000,0.000,0.000,0.604
16:11:36.424,87.633,-2.062,-1.484,True,0.000,0.000,-2.062,-1.484,2.541,0.000,0.000,0.000,0.628
16:11:36.445,87.654,-2.397,-0.562,True,0.000,0.000,-2.397,-0.562,2.462,0.000,0.000,0.000,0.976
16:11:36.465,87.674,-1.960,0.029,True,0.000,0.000,-1.960,0.029,1.961,0.000,0.000,0.000,1.045
16:11:36.486,87.695,-1.689,0.362,True,0.000,0.000,-1.689,0.362,1.727,0.000,0.000,0.000,1.040
16:11:36.506,87.715,-1.544,0.508,True,0.000,0.000,-1.544,0.508,1.625,0.000,0.000,0.000,1.049
16:11:36.528,87.738,-1.488,-0.348,True,0.000,0.000,-1.488,-0.348,1.528,0.000,0.000,0.000,0.696
16:11:36.549,87.758,-1.489,-0.156,True,0.000,0.000,-1.489,-0.156,1.497,0.000,0.000,0.000,0.578
16:11:36.569,87.778,-1.522,-0.029,True,0.000,0.000,-1.522,-0.029,1.522,0.000,0.000,0.000,0.732
16:11:36.589,87.799,-1.570,0.047,True,0.000,0.000,-1.570,0.047,1.571,0.000,0.000,0.000,1.038
16:11:36.610,87.819,-1.620,0.085,True,0.000,0.000,-1.620,0.085,1.623,0.000,0.000,0.000,0.628
16:11:36.631,87.840,-3.189,-4.298,True,0.000,0.000,-3.189,-4.298,5.352,0.000,0.000,0.000,0.801
16:11:36.652,87.861,-2.809,-2.218,True,0.000,0.000,-2.809,-2.218,3.579,0.000,0.000,0.000,1.104
16:11:36.673,87.882,-2.469,-2.287,True,0.000,0.000,-2.469,-2.287,3.365,0.000,0.000,0.000,1.028
16:11:36.693,87.902,-2.192,-1.418,True,0.000,0.000,-2.192,-1.418,2.611,0.000,0.000,0.000,1.022
16:11:36.713,87.922,-1.984,-0.755,True,0.000,0.000,-1.984,-0.755,2.123,0.000,0.000,0.000,0.582
16:11:36.734,87.943,-1.840,0.590,True,0.000,0.000,-1.840,0.590,1.932,0.000,0.000,0.000,0.830
16:11:36.754,87.963,-1.749,1.527,True,0.000,0.000,-1.749,1.527,2.322,0.000,0.000,0.000,0.819
16:11:36.775,87.984,-1.699,1.242,True,0.000,0.000,-1.699,1.242,2.105,0.000,0.000,0.000,0.921
16:11:36.795,88.004,-1.679,0.933,True,0.000,0.000,-1.679,0.933,1.921,0.000,0.000,0.000,0.618
16:11:36.816,88.025,-3.200,-3.749,True,0.000,0.000,-3.200,-3.749,4.929,0.000,0.000,0.000,1.092
16:11:36.836,88.045,-5.076,-6.297,True,0.000,0.000,-5.076,-6.297,8.088,0.000,0.000,0.000,0.689
16:11:36.856,88.065,-4.095,-4.451,True,0.000,0.000,-4.095,-4.451,6.048,0.000,0.000,0.000,0.712
16:11:36.877,88.086,-3.260,-2.874,True,0.000,0.000,-3.260,-2.874,4.346,0.000,0.000,0.000,0.674
16:11:36.897,88.107,-2.608,-1.635,True,0.000,0.000,-2.608,-1.635,3.078,0.000,0.000,0.000,0.634
16:11:36.918,88.127,-2.137,-0.736,True,0.000,0.000,-2.137,-0.736,2.261,0.000,0.000,0.000,0.867
16:11:36.939,88.148,-4.871,-1.896,True,0.000,0.000,-4.871,-1.896,5.227,0.000,0.000,0.000,0.741
16:11:36.960,88.169,-3.850,-1.056,True,0.000,0.000,-3.850,-1.056,3.992,0.000,0.000,0.000,1.047
16:11:36.980,88.189,-3.022,-0.453,True,0.000,0.000,-3.022,-0.453,3.056,0.000,0.000,0.000,0.962
16:11:37.001,88.210,-4.686,-1.814,True,0.000,0.000,-4.686,-1.814,5.025,0.000,0.000,0.000,1.195
16:11:37.021,88.230,-4.392,-2.857,True,0.000,0.000,-4.392,-2.857,5.239,0.000,0.000,0.000,1.030
16:11:37.042,88.251,-3.361,-1.837,True,0.000,0.000,-3.361,-1.837,3.831,0.000,0.000,0.000,1.118
16:11:37.062,88.271,-4.870,-5.433,True,0.000,0.000,-4.870,-5.433,7.296,0.000,0.000,0.000,0.970
16:11:37.083,88.292,-3.704,-3.649,True,0.000,0.000,-3.704,-3.649,5.200,0.000,0.000,0.000,1.009
16:11:37.103,88.312,-2.811,-3.080,True,0.000,0.000,-2.811,-3.080,4.170,0.000,0.000,0.000,1.025
16:11:37.124,88.333,-2.179,-1.754,True,0.000,0.000,-2.179,-1.754,2.797,0.000,0.000,0.000,1.060
16:11:37.144,88.353,-4.816,-2.550,True,0.000,0.000,-4.816,-2.550,5.449,0.000,0.000,0.000,1.080
16:11:37.164,88.373,-3.747,-0.546,True,0.000,0.000,-3.747,-0.546,3.786,0.000,0.000,0.000,0.838
16:11:37.184,88.393,-2.903,0.021,True,0.000,0.000,-2.903,0.021,2.903,0.000,0.000,0.000,0.604
16:11:37.205,88.414,-4.573,-4.053,True,0.000,0.000,-4.573,-4.053,6.111,0.000,0.000,0.000,1.065
16:11:37.225,88.434,-5.818,-6.220,True,0.000,0.000,-5.818,-6.220,8.517,0.000,0.000,0.000,0.487
16:11:37.246,88.455,-5.151,-7.683,True,0.000,0.000,-5.151,-7.683,9.250,0.000,0.000,0.000,0.831
16:11:37.266,88.475,-6.102,-8.570,True,0.000,0.000,-6.102,-8.570,10.521,0.000,0.000,0.000,1.003
16:11:37.286,88.495,-4.474,-5.510,True,0.000,0.000,-4.474,-5.510,7.098,0.000,0.000,0.000,0.581
16:11:37.306,88.515,-3.987,-2.237,True,0.000,0.000,-3.987,-2.237,4.572,0.000,0.000,0.000,0.579
16:11:37.327,88.536,-2.895,-0.747,True,0.000,0.000,-2.895,-0.747,2.990,0.000,0.000,0.000,1.176
16:11:37.349,88.558,-2.140,0.190,True,0.000,0.000,-2.140,0.190,2.148,0.000,0.000,0.000,1.097
16:11:37.369,88.578,-3.189,-2.816,True,0.000,0.000,-3.189,-2.816,4.254,0.000,0.000,0.000,1.116
16:11:37.390,88.599,-2.513,-2.522,True,0.000,0.000,-2.513,-2.522,3.560,0.000,0.000,0.000,1.044
16:11:37.409,88.618,-5.085,-3.176,True,0.000,0.000,-5.085,-3.176,5.995,0.000,0.000,0.000,0.498
16:11:37.430,88.639,-3.947,-1.019,True,0.000,0.000,-3.947,-1.019,4.076,0.000,0.000,0.000,0.941
16:11:37.451,88.660,-4.007,-0.541,True,0.000,0.000,-4.007,-0.541,4.044,0.000,0.000,0.000,0.864
16:11:37.471,88.680,-5.755,-4.620,True,0.000,0.000,-5.755,-4.620,7.380,0.000,0.000,0.000,1.038
16:11:37.491,88.700,-4.072,-2.725,True,0.000,0.000,-4.072,-2.725,4.900,0.000,0.000,0.000,0.573
16:11:37.511,88.720,-3.004,-1.514,True,0.000,0.000,-3.004,-1.514,3.363,0.000,0.000,0.000,0.660
16:11:37.532,88.741,-2.284,0.200,True,0.000,0.000,-2.284,0.200,2.293,0.000,0.000,0.000,0.862
16:11:37.552,88.761,-1.817,-0.382,True,0.000,0.000,-1.817,-0.382,1.857,0.000,0.000,0.000,0.566
16:11:37.573,88.782,-1.546,-0.029,True,0.000,0.000,-1.546,-0.029,1.546,0.000,0.000,0.000,1.018
16:11:37.593,88.802,-1.418,0.176,True,0.000,0.000,-1.418,0.176,1.429,0.000,0.000,0.000,0.857
16:11:37.613,88.823,-1.387,0.270,True,0.000,0.000,-1.387,0.270,1.414,0.000,0.000,0.000,1.147
16:11:37.634,88.843,-1.415,0.292,True,0.000,0.000,-1.415,0.292,1.445,0.000,0.000,0.000,1.138
16:11:37.654,88.863,-1.472,1.150,True,0.000,0.000,-1.472,1.150,1.868,0.000,0.000,0.000,0.938
16:11:37.674,88.883,-1.540,0.863,True,0.000,0.000,-1.540,0.863,1.765,0.000,0.000,0.000,0.518
16:11:37.694,88.903,-1.605,0.598,True,0.000,0.000,-1.605,0.598,1.712,0.000,0.000,0.000,0.745
16:11:37.715,88.924,-1.661,1.255,True,0.000,0.000,-1.661,1.255,2.082,0.000,0.000,0.000,1.040
16:11:37.735,88.944,-1.705,-0.036,True,0.000,0.000,-1.705,-0.036,1.706,0.000,0.000,0.000,1.108
16:11:37.755,88.964,-1.738,-0.129,True,0.000,0.000,-1.738,-0.129,1.742,0.000,0.000,0.000,0.861
16:11:37.776,88.985,-4.043,-3.682,True,0.000,0.000,-4.043,-3.682,5.469,0.000,0.000,0.000,1.224
16:11:37.796,89.005,-3.429,-2.718,True,0.000,0.000,-3.429,-2.718,4.376,0.000,0.000,0.000,1.143
16:11:37.816,89.026,-2.883,-0.969,True,0.000,0.000,-2.883,-0.969,3.041,0.000,0.000,0.000,0.918
16:11:37.837,89.047,-2.439,-0.496,True,0.000,0.000,-2.439,-0.496,2.489,0.000,0.000,0.000,0.878
16:11:37.858,89.067,-2.107,-0.168,True,0.000,0.000,-2.107,-0.168,2.114,0.000,0.000,0.000,0.929
16:11:37.878,89.087,-4.923,-1.719,True,0.000,0.000,-4.923,-1.719,5.214,0.000,0.000,0.000,0.986
16:11:37.898,89.107,-3.943,-1.123,True,0.000,0.000,-3.943,-1.123,4.100,0.000,0.000,0.000,0.540
16:11:37.919,89.129,-3.127,-0.651,True,0.000,0.000,-3.127,-0.651,3.194,0.000,0.000,0.000,1.063
16:11:37.940,89.150,-2.501,-1.184,True,0.000,0.000,-2.501,-1.184,2.768,0.000,0.000,0.000,1.120
16:11:37.961,89.170,-4.342,-4.226,True,0.000,0.000,-4.342,-4.226,6.059,0.000,0.000,0.000,1.365
16:11:37.981,89.190,-3.428,-4.664,True,0.000,0.000,-3.428,-4.664,5.788,0.000,0.000,0.000,0.609
16:11:38.001,89.210,-2.711,-3.086,True,0.000,0.000,-2.711,-3.086,4.108,0.000,0.000,0.000,0.583
16:11:38.022,89.232,-2.191,-0.943,True,0.000,0.000,-2.191,-0.943,2.385,0.000,0.000,0.000,1.097
16:11:38.043,89.252,-1.845,-0.249,True,0.000,0.000,-1.845,-0.249,1.862,0.000,0.000,0.000,0.940
16:11:38.063,89.272,-2.400,0.175,True,0.000,0.000,-2.400,0.175,2.406,0.000,0.000,0.000,0.691
16:11:38.083,89.293,-2.088,-0.484,True,0.000,0.000,-2.088,-0.484,2.144,0.000,0.000,0.000,0.525
16:11:38.104,89.313,-1.873,-0.164,True,0.000,0.000,-1.873,-0.164,1.880,0.000,0.000,0.000,0.920
16:11:38.125,89.334,-4.022,-3.478,True,0.000,0.000,-4.022,-3.478,5.317,0.000,0.000,0.000,1.103
16:11:38.145,89.354,-3.321,-3.281,True,0.000,0.000,-3.321,-3.281,4.668,0.000,0.000,0.000,1.129
16:11:38.166,89.375,-2.738,-2.143,True,0.000,0.000,-2.738,-2.143,3.477,0.000,0.000,0.000,1.262
16:11:38.186,89.395,-2.291,-2.120,True,0.000,0.000,-2.291,-2.120,3.121,0.000,0.000,0.000,0.502
16:11:38.207,89.416,-1.974,-1.219,True,0.000,0.000,-1.974,-1.219,2.320,0.000,0.000,0.000,1.051
16:11:38.227,89.436,-1.769,0.318,True,0.000,0.000,-1.769,0.318,1.798,0.000,0.000,0.000,0.920
16:11:38.248,89.457,-4.698,-2.120,True,0.000,0.000,-4.698,-2.120,5.154,0.000,0.000,0.000,1.137
16:11:38.268,89.477,-4.570,-4.859,True,0.000,0.000,-4.570,-4.859,6.670,0.000,0.000,0.000,1.026
16:11:38.288,89.497,-3.612,-4.172,True,0.000,0.000,-3.612,-4.172,5.518,0.000,0.000,0.000,0.506
16:11:38.308,89.518,-2.849,-3.528,True,0.000,0.000,-2.849,-3.528,4.534,0.000,0.000,0.000,0.842
16:11:38.328,89.538,-4.570,-6.500,True,0.000,0.000,-4.570,-6.500,7.946,0.000,0.000,0.000,0.628
16:11:38.349,89.559,-3.561,-4.235,True,0.000,0.000,-3.561,-4.235,5.533,0.000,0.000,0.000,0.939
16:11:38.371,89.580,-2.774,-2.443,True,0.000,0.000,-2.774,-2.443,3.697,0.000,0.000,0.000,1.082
16:11:38.391,89.600,-2.207,-1.135,True,0.000,0.000,-2.207,-1.135,2.481,0.000,0.000,0.000,0.993
16:11:38.411,89.620,-2.593,-0.256,True,0.000,0.000,-2.593,-0.256,2.605,0.000,0.000,0.000,0.565
16:11:38.432,89.641,-2.924,-1.483,True,0.000,0.000,-2.924,-1.483,3.279,0.000,0.000,0.000,1.111
16:11:38.452,89.662,-2.423,-1.610,True,0.000,0.000,-2.423,-1.610,2.909,0.000,0.000,0.000,1.055
16:11:38.473,89.682,-2.060,-0.854,True,0.000,0.000,-2.060,-0.854,2.230,0.000,0.000,0.000,0.956
16:11:38.493,89.702,-1.819,-0.323,True,0.000,0.000,-1.819,-0.323,1.847,0.000,0.000,0.000,1.106
16:11:38.514,89.723,-1.675,0.018,True,0.000,0.000,-1.675,0.018,1.675,0.000,0.000,0.000,1.123
16:11:38.534,89.743,-1.604,-0.670,True,0.000,0.000,-1.604,-0.670,1.739,0.000,0.000,0.000,1.124
16:11:38.554,89.763,-2.344,-0.344,True,0.000,0.000,-2.344,-0.344,2.370,0.000,0.000,0.000,0.565
16:11:38.575,89.784,-2.145,-0.997,True,0.000,0.000,-2.145,-0.997,2.365,0.000,0.000,0.000,1.074
16:11:38.595,89.804,-2.748,-4.129,True,0.000,0.000,-2.748,-4.129,4.959,0.000,0.000,0.000,0.869
16:11:38.616,89.825,-3.184,-3.751,True,0.000,0.000,-3.184,-3.751,4.920,0.000,0.000,0.000,1.146
16:11:38.636,89.845,-2.712,-2.454,True,0.000,0.000,-2.712,-2.454,3.657,0.000,0.000,0.000,1.083
16:11:38.656,89.865,-2.331,-2.304,True,0.000,0.000,-2.331,-2.304,3.277,0.000,0.000,0.000,1.063
16:11:38.677,89.887,-4.331,-4.824,True,0.000,0.000,-4.331,-4.824,6.483,0.000,0.000,0.000,1.130
16:11:38.698,89.907,-3.509,-4.016,True,0.000,0.000,-3.509,-4.016,5.333,0.000,0.000,0.000,1.175
16:11:38.718,89.927,-2.835,-2.442,True,0.000,0.000,-2.835,-2.442,3.742,0.000,0.000,0.000,0.785
16:11:38.739,89.948,-2.324,-1.258,True,0.000,0.000,-2.324,-1.258,2.643,0.000,0.000,0.000,0.831
16:11:38.759,89.968,-1.968,-3.950,True,0.000,0.000,-1.968,-3.950,4.413,0.000,0.000,0.000,1.086
16:11:38.779,89.988,-1.741,-2.465,True,0.000,0.000,-1.741,-2.465,3.018,0.000,0.000,0.000,0.667
16:11:38.799,90.008,-1.615,-1.328,True,0.000,0.000,-1.615,-1.328,2.091,0.000,0.000,0.000,0.522
16:11:38.820,90.029,-1.561,0.356,True,0.000,0.000,-1.561,0.356,1.601,0.000,0.000,0.000,1.111
16:11:38.841,90.050,-1.555,0.634,True,0.000,0.000,-1.555,0.634,1.679,0.000,0.000,0.000,1.045
16:11:38.861,90.070,-1.576,-0.162,True,0.000,0.000,-1.576,-0.162,1.584,0.000,0.000,0.000,0.885
16:11:38.882,90.092,-3.895,-3.474,True,0.000,0.000,-3.895,-3.474,5.219,0.000,0.000,0.000,1.169
16:11:38.902,90.111,-4.067,-2.397,True,0.000,0.000,-4.067,-2.397,4.721,0.000,0.000,0.000,0.598
16:11:38.923,90.132,-3.340,-1.501,True,0.000,0.000,-3.340,-1.501,3.662,0.000,0.000,0.000,0.817
16:11:38.943,90.153,-2.740,-0.813,True,0.000,0.000,-2.740,-0.813,2.858,0.000,0.000,0.000,1.196
16:11:38.963,90.173,-2.283,-1.204,True,0.000,0.000,-2.283,-1.204,2.581,0.000,0.000,0.000,0.609
16:11:38.984,90.194,-1.962,-0.646,True,0.000,0.000,-1.962,-0.646,2.065,0.000,0.000,0.000,1.219
16:11:39.005,90.214,-1.756,0.626,True,0.000,0.000,-1.756,0.626,1.864,0.000,0.000,0.000,1.002
16:11:39.025,90.234,-1.640,0.639,True,0.000,0.000,-1.640,0.639,1.760,0.000,0.000,0.000,1.016
16:11:39.046,90.255,-3.111,-2.945,True,0.000,0.000,-3.111,-2.945,4.284,0.000,0.000,0.000,0.973
16:11:39.066,90.276,-4.969,-3.844,True,0.000,0.000,-4.969,-3.844,6.283,0.000,0.000,0.000,1.192
16:11:39.087,90.296,-3.990,-2.626,True,0.000,0.000,-3.990,-2.626,4.777,0.000,0.000,0.000,1.092
16:11:39.107,90.316,-3.170,-1.621,True,0.000,0.000,-3.170,-1.621,3.560,0.000,0.000,0.000,0.544
16:11:39.128,90.337,-2.536,-0.857,True,0.000,0.000,-2.536,-0.857,2.677,0.000,0.000,0.000,1.023
16:11:39.148,90.357,-2.085,-3.836,True,0.000,0.000,-2.085,-3.836,4.366,0.000,0.000,0.000,0.729
16:11:39.168,90.377,-1.790,-2.528,True,0.000,0.000,-1.790,-2.528,3.097,0.000,0.000,0.000,0.580
16:11:39.189,90.398,-1.619,-1.484,True,0.000,0.000,-1.619,-1.484,2.196,0.000,0.000,0.000,1.013
16:11:39.209,90.418,-2.301,-4.229,True,0.000,0.000,-2.301,-4.229,4.815,0.000,0.000,0.000,0.941
16:11:39.230,90.439,-2.835,-3.620,True,0.000,0.000,-2.835,-3.620,4.598,0.000,0.000,0.000,1.217
16:11:39.250,90.459,-2.460,-3.086,True,0.000,0.000,-2.460,-3.086,3.946,0.000,0.000,0.000,0.996
16:11:39.271,90.480,-4.448,-5.294,True,0.000,0.000,-4.448,-5.294,6.915,0.000,0.000,0.000,0.796
16:11:39.291,90.501,-3.605,-3.374,True,0.000,0.000,-3.605,-3.374,4.938,0.000,0.000,0.000,1.086
16:11:39.312,90.521,-3.669,-1.882,True,0.000,0.000,-3.669,-1.882,4.124,0.000,0.000,0.000,1.137
16:11:39.333,90.542,-2.928,-0.810,True,0.000,0.000,-2.928,-0.810,3.038,0.000,0.000,0.000,0.987
16:11:39.352,90.562,-2.368,-0.104,True,0.000,0.000,-2.368,-0.104,2.370,0.000,0.000,0.000,0.830
16:11:39.373,90.582,-4.262,-3.205,True,0.000,0.000,-4.262,-3.205,5.333,0.000,0.000,0.000,1.121
16:11:39.394,90.603,-3.388,-2.041,True,0.000,0.000,-3.388,-2.041,3.956,0.000,0.000,0.000,0.798
16:11:39.415,90.624,-2.698,-1.137,True,0.000,0.000,-2.698,-1.137,2.928,0.000,0.000,0.000,1.378
16:11:39.435,90.644,-2.957,-1.366,True,0.000,0.000,-2.957,-1.366,3.257,0.000,0.000,0.000,1.130
16:11:39.455,90.664,-3.933,-4.213,True,0.000,0.000,-3.933,-4.213,5.764,0.000,0.000,0.000,0.713
16:11:39.477,90.686,-3.128,-2.785,True,0.000,0.000,-3.128,-2.785,4.188,0.000,0.000,0.000,1.246
16:11:39.498,90.707,-2.508,-1.642,True,0.000,0.000,-2.508,-1.642,2.998,0.000,0.000,0.000,0.793
16:11:39.519,90.728,-5.113,-3.433,True,0.000,0.000,-5.113,-3.433,6.159,0.000,0.000,0.000,1.161
16:11:39.539,90.748,-3.990,-2.134,True,0.000,0.000,-3.990,-2.134,4.525,0.000,0.000,0.000,0.873
16:11:39.559,90.768,-3.088,-1.142,True,0.000,0.000,-3.088,-1.142,3.292,0.000,0.000,0.000,0.763
16:11:39.580,90.789,-4.701,-3.957,True,0.000,0.000,-4.701,-3.957,6.145,0.000,0.000,0.000,0.835
16:11:39.600,90.810,-5.138,-6.936,True,0.000,0.000,-5.138,-6.936,8.632,0.000,0.000,0.000,0.970
16:11:39.621,90.830,-3.883,-4.622,True,0.000,0.000,-3.883,-4.622,6.037,0.000,0.000,0.000,1.086
16:11:39.642,90.851,-2.918,-2.757,True,0.000,0.000,-2.918,-2.757,4.015,0.000,0.000,0.000,1.007
16:11:39.661,90.871,-2.232,-1.370,True,0.000,0.000,-2.232,-1.370,2.619,0.000,0.000,0.000,0.669
16:11:39.683,90.892,-1.787,-1.297,True,0.000,0.000,-1.787,-1.297,2.208,0.000,0.000,0.000,1.118
16:11:39.703,90.912,-1.531,-0.464,True,0.000,0.000,-1.531,-0.464,1.600,0.000,0.000,0.000,1.103
16:11:39.723,90.932,-2.936,-3.451,True,0.000,0.000,-2.936,-3.451,4.531,0.000,0.000,0.000,0.816
16:11:39.744,90.953,-4.777,-6.587,True,0.000,0.000,-4.777,-6.587,8.137,0.000,0.000,0.000,0.808
16:11:39.764,90.973,-3.811,-4.404,True,0.000,0.000,-3.811,-4.404,5.824,0.000,0.000,0.000,1.011
16:11:39.785,90.994,-3.019,-2.640,True,0.000,0.000,-3.019,-2.640,4.011,0.000,0.000,0.000,0.888
16:11:39.805,91.015,-2.420,-1.323,True,0.000,0.000,-2.420,-1.323,2.758,0.000,0.000,0.000,0.642
16:11:39.826,91.036,-2.001,-0.417,True,0.000,0.000,-2.001,-0.417,2.045,0.000,0.000,0.000,0.948
16:11:39.847,91.056,-2.497,-1.610,True,0.000,0.000,-2.497,-1.610,2.971,0.000,0.000,0.000,0.630
16:11:39.867,91.076,-3.663,-4.339,True,0.000,0.000,-3.663,-4.339,5.678,0.000,0.000,0.000,0.632
16:11:39.888,91.097,-3.759,-3.707,True,0.000,0.000,-3.759,-3.707,5.279,0.000,0.000,0.000,1.016
16:11:39.908,91.117,-3.786,-4.029,True,0.000,0.000,-3.786,-4.029,5.529,0.000,0.000,0.000,0.779
16:11:39.927,91.137,-3.010,-3.339,True,0.000,0.000,-3.010,-3.339,4.495,0.000,0.000,0.000,0.553
16:11:39.948,91.157,-2.421,-1.913,True,0.000,0.000,-2.421,-1.913,3.086,0.000,0.000,0.000,1.071
16:11:39.968,91.177,-2.009,-1.754,True,0.000,0.000,-2.009,-1.754,2.666,0.000,0.000,0.000,0.538
16:11:39.988,91.197,-1.745,-0.818,True,0.000,0.000,-1.745,-0.818,1.927,0.000,0.000,0.000,0.508
16:11:40.009,91.218,-3.881,-4.583,True,0.000,0.000,-3.881,-4.583,6.006,0.000,0.000,0.000,0.900
16:11:40.029,91.238,-3.190,-2.996,True,0.000,0.000,-3.190,-2.996,4.377,0.000,0.000,0.000,0.711
16:11:40.050,91.259,-2.628,-1.738,True,0.000,0.000,-2.628,-1.738,3.151,0.000,0.000,0.000,1.032
16:11:40.070,91.279,-2.206,-1.695,True,0.000,0.000,-2.206,-1.695,2.782,0.000,0.000,0.000,1.014
16:11:40.090,91.299,-2.675,-0.832,True,0.000,0.000,-2.675,-0.832,2.801,0.000,0.000,0.000,1.064
16:11:40.111,91.321,-2.673,-0.427,True,0.000,0.000,-2.673,-0.427,2.707,0.000,0.000,0.000,0.989
16:11:40.132,91.341,-2.162,-0.009,True,0.000,0.000,-2.162,-0.009,2.162,0.000,0.000,0.000,0.996
16:11:40.152,91.361,-1.903,0.206,True,0.000,0.000,-1.903,0.206,1.914,0.000,0.000,0.000,0.936
16:11:40.173,91.382,-1.752,0.312,True,0.000,0.000,-1.752,0.312,1.780,0.000,0.000,0.000,1.190
16:11:40.194,91.403,-3.207,-3.210,True,0.000,0.000,-3.207,-3.210,4.537,0.000,0.000,0.000,1.183
16:11:40.215,91.424,-3.502,-5.757,True,0.000,0.000,-3.502,-5.757,6.738,0.000,0.000,0.000,1.122
16:11:40.235,91.444,-5.196,-7.487,True,0.000,0.000,-5.196,-7.487,9.113,0.000,0.000,0.000,1.114
16:11:40.255,91.464,-4.096,-5.029,True,0.000,0.000,-4.096,-5.029,6.486,0.000,0.000,0.000,1.138
16:11:40.276,91.485,-3.191,-3.031,True,0.000,0.000,-3.191,-3.031,4.401,0.000,0.000,0.000,1.149
16:11:40.296,91.505,-2.508,-5.057,True,0.000,0.000,-2.508,-5.057,5.645,0.000,0.000,0.000,0.632
16:11:40.317,91.526,-2.031,-3.936,True,0.000,0.000,-2.031,-3.936,4.429,0.000,0.000,0.000,0.653
16:11:40.338,91.547,-1.729,-2.193,True,0.000,0.000,-1.729,-2.193,2.793,0.000,0.000,0.000,0.647
16:11:40.359,91.568,-3.846,-4.460,True,0.000,0.000,-3.846,-4.460,5.890,0.000,0.000,0.000,0.988
16:11:40.379,91.589,-3.147,-3.550,True,0.000,0.000,-3.147,-3.550,4.744,0.000,0.000,0.000,1.110
16:11:40.399,91.609,-2.586,-1.095,True,0.000,0.000,-2.586,-1.095,2.808,0.000,0.000,0.000,0.641
16:11:40.421,91.630,-5.215,-1.085,True,0.000,0.000,-5.215,-1.085,5.327,0.000,0.000,0.000,0.814
16:11:40.441,91.650,-4.094,-0.313,True,0.000,0.000,-4.094,-0.313,4.106,0.000,0.000,0.000,0.947
16:11:40.461,91.670,-3.941,-3.353,True,0.000,0.000,-3.941,-3.353,5.174,0.000,0.000,0.000,0.605
16:11:40.482,91.691,-3.044,-3.015,True,0.000,0.000,-3.044,-3.015,4.284,0.000,0.000,0.000,0.918
16:11:40.502,91.711,-2.383,-1.828,True,0.000,0.000,-2.383,-1.828,3.003,0.000,0.000,0.000,0.965
16:11:40.522,91.732,-1.933,-0.936,True,0.000,0.000,-1.933,-0.936,2.147,0.000,0.000,0.000,1.090
16:11:40.543,91.752,-1.657,-1.196,True,0.000,0.000,-1.657,-1.196,2.044,0.000,0.000,0.000,1.139
16:11:40.562,91.772,-3.797,-4.081,True,0.000,0.000,-3.797,-4.081,5.574,0.000,0.000,0.000,0.544
16:11:40.583,91.792,-3.118,-3.568,True,0.000,0.000,-3.118,-3.568,4.739,0.000,0.000,0.000,0.853
16:11:40.603,91.812,-2.571,-1.338,True,0.000,0.000,-2.571,-1.338,2.899,0.000,0.000,0.000,0.545
16:11:40.624,91.834,-2.165,-0.547,True,0.000,0.000,-2.165,-0.547,2.233,0.000,0.000,0.000,1.068
16:11:40.644,91.853,-1.886,-0.032,True,0.000,0.000,-1.886,-0.032,1.886,0.000,0.000,0.000,0.514
16:11:40.665,91.874,-1.713,-0.615,True,0.000,0.000,-1.713,-0.615,1.820,0.000,0.000,0.000,0.892
16:11:40.686,91.895,-1.621,-1.115,True,0.000,0.000,-1.621,-1.115,1.968,0.000,0.000,0.000,1.090
16:11:40.706,91.915,-1.586,-0.630,True,0.000,0.000,-1.586,-0.630,1.707,0.000,0.000,0.000,1.113
16:11:40.726,91.935,-1.587,-0.279,True,0.000,0.000,-1.587,-0.279,1.612,0.000,0.000,0.000,1.196
16:11:40.746,91.956,3.720,2.590,True,0.000,0.000,3.720,2.590,4.533,0.000,0.000,0.000,0.959
16:11:40.766,91.976,2.225,2.003,True,0.000,0.000,2.225,2.003,2.994,0.000,0.000,0.000,0.685
16:11:40.787,91.996,0.902,1.432,True,0.000,0.000,0.902,1.432,1.693,0.000,0.000,0.000,1.072
16:11:40.807,92.017,-2.452,-2.578,True,0.000,0.000,-2.452,-2.578,3.558,0.000,0.000,0.000,1.112
16:11:40.827,92.037,-4.906,-5.521,True,0.000,0.000,-4.906,-5.521,7.386,0.000,0.000,0.000,0.645
16:11:40.848,92.057,-4.275,-3.992,True,0.000,0.000,-4.275,-3.992,5.849,0.000,0.000,0.000,0.805
16:11:40.868,92.077,-3.618,-2.648,True,0.000,0.000,-3.618,-2.648,4.483,0.000,0.000,0.000,0.588
16:11:40.889,92.098,-3.024,-2.449,True,0.000,0.000,-3.024,-2.449,3.891,0.000,0.000,0.000,1.122
16:11:40.909,92.118,-2.537,-1.408,True,0.000,0.000,-2.537,-1.408,2.902,0.000,0.000,0.000,1.073
16:11:40.930,92.139,-3.692,-4.164,True,0.000,0.000,-3.692,-4.164,5.565,0.000,0.000,0.000,0.940
16:11:40.950,92.159,-6.061,-2.690,True,0.000,0.000,-6.061,-2.690,6.631,0.000,0.000,0.000,1.029
16:11:40.970,92.179,-4.692,-2.411,True,0.000,0.000,-4.692,-2.411,5.275,0.000,0.000,0.000,0.603
16:11:40.990,92.199,-3.566,-2.208,True,0.000,0.000,-3.566,-2.208,4.195,0.000,0.000,0.000,0.742
16:11:41.011,92.220,-2.712,-1.194,True,0.000,0.000,-2.712,-1.194,2.963,0.000,0.000,0.000,1.129
16:11:41.032,92.241,-2.876,-0.475,True,0.000,0.000,-2.876,-0.475,2.915,0.000,0.000,0.000,1.070
16:11:41.052,92.261,-3.046,-2.647,True,0.000,0.000,-3.046,-2.647,4.035,0.000,0.000,0.000,1.035
16:11:41.072,92.281,-2.440,-2.536,True,0.000,0.000,-2.440,-2.536,3.519,0.000,0.000,0.000,0.810
16:11:41.092,92.301,-2.015,-1.535,True,0.000,0.000,-2.015,-1.535,2.532,0.000,0.000,0.000,0.919
16:11:41.112,92.321,-4.027,-4.299,True,0.000,0.000,-4.027,-4.299,5.890,0.000,0.000,0.000,0.638
16:11:41.134,92.343,-3.248,-2.813,True,0.000,0.000,-3.248,-2.813,4.297,0.000,0.000,0.000,0.882
16:11:41.155,92.364,-2.629,-1.634,True,0.000,0.000,-2.629,-1.634,3.096,0.000,0.000,0.000,1.092
16:11:41.175,92.384,-3.698,-4.285,True,0.000,0.000,-3.698,-4.285,5.660,0.000,0.000,0.000,0.966
16:11:41.195,92.404,-2.972,-6.252,True,0.000,0.000,-2.972,-6.252,6.923,0.000,0.000,0.000,0.550
16:11:41.215,92.424,-3.939,-7.597,True,0.000,0.000,-3.939,-7.597,8.557,0.000,0.000,0.000,0.986
16:11:41.236,92.445,-5.412,-8.428,True,0.000,0.000,-5.412,-8.428,10.016,0.000,0.000,0.000,0.993
16:11:41.256,92.465,-4.161,-6.231,True,0.000,0.000,-4.161,-6.231,7.493,0.000,0.000,0.000,0.558
16:11:41.277,92.486,-3.166,-2.727,True,0.000,0.000,-3.166,-2.727,4.178,0.000,0.000,0.000,1.194
16:11:41.297,92.506,-3.195,-1.047,True,0.000,0.000,-3.195,-1.047,3.362,0.000,0.000,0.000,0.613
16:11:41.318,92.527,-2.490,-0.846,True,0.000,0.000,-2.490,-0.846,2.630,0.000,0.000,0.000,1.085
16:11:41.338,92.547,-5.048,-2.631,True,0.000,0.000,-5.048,-2.631,5.693,0.000,0.000,0.000,0.827
16:11:41.359,92.569,-6.191,-4.938,True,0.000,0.000,-6.191,-4.938,7.919,0.000,0.000,0.000,1.179
16:11:41.380,92.589,-4.660,-3.117,True,0.000,0.000,-4.660,-3.117,5.607,0.000,0.000,0.000,0.782
16:11:41.400,92.609,-3.446,-2.590,True,0.000,0.000,-3.446,-2.590,4.311,0.000,0.000,0.000,0.582
16:11:41.421,92.630,-2.556,-1.346,True,0.000,0.000,-2.556,-1.346,2.889,0.000,0.000,0.000,1.139
16:11:41.441,92.650,-4.240,-4.873,True,0.000,0.000,-4.240,-4.873,6.460,0.000,0.000,0.000,0.833
16:11:41.461,92.670,-3.249,-3.995,True,0.000,0.000,-3.249,-3.995,5.149,0.000,0.000,0.000,0.756
16:11:41.481,92.690,-2.509,-2.384,True,0.000,0.000,-2.509,-2.384,3.461,0.000,0.000,0.000,0.633
16:11:41.502,92.711,-2.000,-1.185,True,0.000,0.000,-2.000,-1.185,2.325,0.000,0.000,0.000,1.138
16:11:41.522,92.732,-2.444,-1.242,True,0.000,0.000,-2.444,-1.242,2.741,0.000,0.000,0.000,1.061
16:11:41.543,92.752,-2.826,-0.489,True,0.000,0.000,-2.826,-0.489,2.868,0.000,0.000,0.000,0.763
16:11:41.564,92.773,-4.649,-4.398,True,0.000,0.000,-4.649,-4.398,6.400,0.000,0.000,0.000,1.018
16:11:41.585,92.794,-6.734,-4.672,True,0.000,0.000,-6.734,-4.672,8.196,0.000,0.000,0.000,1.151
16:11:41.604,92.814,-5.885,-6.515,True,0.000,0.000,-5.885,-6.515,8.779,0.000,0.000,0.000,0.508
16:11:41.625,92.834,-4.361,-4.242,True,0.000,0.000,-4.361,-4.242,6.084,0.000,0.000,0.000,0.913
16:11:41.646,92.855,-3.186,-2.446,True,0.000,0.000,-3.186,-2.446,4.017,0.000,0.000,0.000,1.188
16:11:41.666,92.875,-2.350,-4.650,True,0.000,0.000,-2.350,-4.650,5.210,0.000,0.000,0.000,0.968
16:11:41.686,92.896,3.525,0.712,True,0.000,0.000,3.525,0.712,3.596,0.000,0.000,0.000,1.180
16:11:41.706,92.915,1.615,1.129,True,0.000,0.000,1.615,1.129,1.971,0.000,0.000,0.000,0.696
16:11:41.726,92.936,0.679,0.354,True,0.000,0.000,0.679,0.354,0.766,0.000,0.000,0.000,0.524
16:11:41.748,92.957,-0.143,-0.371,True,0.000,0.000,-0.143,-0.371,0.398,0.000,0.000,0.000,1.217
16:11:41.769,92.978,-0.804,-0.102,True,0.000,0.000,-0.804,-0.102,0.810,0.000,0.000,0.000,1.098
16:11:41.788,92.997,-4.339,-0.816,True,0.000,0.000,-4.339,-0.816,4.415,0.000,0.000,0.000,0.520
16:11:41.808,93.018,-3.837,0.390,True,0.000,0.000,-3.837,0.390,3.857,0.000,0.000,0.000,0.851
16:11:41.829,93.038,-3.306,0.393,True,0.000,0.000,-3.306,0.393,3.329,0.000,0.000,0.000,0.982
16:11:41.851,93.060,-5.105,-3.167,True,0.000,0.000,-5.105,-3.167,6.008,0.000,0.000,0.000,1.048
16:11:41.871,93.080,-4.077,-2.268,True,0.000,0.000,-4.077,-2.268,4.666,0.000,0.000,0.000,1.106
16:11:41.891,93.101,-3.218,-0.609,True,0.000,0.000,-3.218,-0.609,3.275,0.000,0.000,0.000,1.106
16:11:41.912,93.121,-2.557,-0.230,True,0.000,0.000,-2.557,-0.230,2.567,0.000,0.000,0.000,1.074
16:11:41.932,93.141,-2.087,-0.866,True,0.000,0.000,-2.087,-0.866,2.260,0.000,0.000,0.000,0.600
16:11:41.953,93.162,-1.794,-0.858,True,0.000,0.000,-1.794,-0.858,1.988,0.000,0.000,0.000,0.896
16:11:41.973,93.182,-1.650,-0.371,True,0.000,0.000,-1.650,-0.371,1.691,0.000,0.000,0.000,0.807
16:11:41.993,93.202,-1.574,-0.125,True,0.000,0.000,-1.574,-0.125,1.579,0.000,0.000,0.000,0.617
16:11:42.013,93.223,-1.544,0.934,True,0.000,0.000,-1.544,0.934,1.805,0.000,0.000,0.000,0.695
16:11:42.035,93.244,-2.317,-1.916,True,0.000,0.000,-2.317,-1.916,3.007,0.000,0.000,0.000,1.022
16:11:42.056,93.265,-5.177,-2.240,True,0.000,0.000,-5.177,-2.240,5.641,0.000,0.000,0.000,1.022
16:11:42.076,93.285,-4.948,-4.158,True,0.000,0.000,-4.948,-4.158,6.463,0.000,0.000,0.000,0.885
16:11:42.096,93.305,-3.886,-2.842,True,0.000,0.000,-3.886,-2.842,4.814,0.000,0.000,0.000,0.728
16:11:42.117,93.326,-3.028,-1.755,True,0.000,0.000,-3.028,-1.755,3.500,0.000,0.000,0.000,1.204
16:11:42.137,93.347,-3.917,-4.450,True,0.000,0.000,-3.917,-4.450,5.928,0.000,0.000,0.000,1.147
16:11:42.158,93.367,-3.060,-2.020,True,0.000,0.000,-3.060,-2.020,3.667,0.000,0.000,0.000,1.020
16:11:42.178,93.388,-3.182,-3.677,True,0.000,0.000,-3.182,-3.677,4.863,0.000,0.000,0.000,1.216
16:11:42.199,93.408,-4.817,-5.788,True,0.000,0.000,-4.817,-5.788,7.530,0.000,0.000,0.000,1.067
16:11:42.219,93.428,-4.489,-3.752,True,0.000,0.000,-4.489,-3.752,5.850,0.000,0.000,0.000,1.012
16:11:42.240,93.449,-4.189,-5.665,True,0.000,0.000,-4.189,-5.665,7.046,0.000,0.000,0.000,1.124
16:11:42.260,93.469,-3.180,-3.533,True,0.000,0.000,-3.180,-3.533,4.753,0.000,0.000,0.000,0.988
16:11:42.280,93.489,-2.437,-1.901,True,0.000,0.000,-2.437,-1.901,3.091,0.000,0.000,0.000,0.769
16:11:42.301,93.510,-1.936,-0.747,True,0.000,0.000,-1.936,-0.747,2.075,0.000,0.000,0.000,1.119
16:11:42.321,93.530,-2.391,-2.639,True,0.000,0.000,-2.391,-2.639,3.561,0.000,0.000,0.000,0.958
16:11:42.342,93.551,-2.024,-1.491,True,0.000,0.000,-2.024,-1.491,2.514,0.000,0.000,0.000,1.051
16:11:42.363,93.573,-1.785,0.218,True,0.000,0.000,-1.785,0.218,1.798,0.000,0.000,0.000,0.833
16:11:42.384,93.593,-1.647,0.527,True,0.000,0.000,-1.647,0.527,1.729,0.000,0.000,0.000,0.508
16:11:42.404,93.613,-3.866,-2.875,True,0.000,0.000,-3.866,-2.875,4.818,0.000,0.000,0.000,0.607
16:11:42.424,93.633,-5.508,-5.437,True,0.000,0.000,-5.508,-5.437,7.739,0.000,0.000,0.000,0.512
16:11:42.444,93.653,-4.342,-4.579,True,0.000,0.000,-4.342,-4.579,6.311,0.000,0.000,0.000,0.623
16:11:42.466,93.675,-4.896,-6.427,True,0.000,0.000,-4.896,-6.427,8.080,0.000,0.000,0.000,1.397
16:11:42.485,93.695,-3.736,-4.167,True,0.000,0.000,-3.736,-4.167,5.597,0.000,0.000,0.000,0.872
16:11:42.506,93.715,-5.127,-5.903,True,0.000,0.000,-5.127,-5.903,7.819,0.000,0.000,0.000,1.040
16:11:42.526,93.736,-3.863,-3.642,True,0.000,0.000,-3.863,-3.642,5.309,0.000,0.000,0.000,1.158
16:11:42.547,93.756,-5.941,-2.803,True,0.000,0.000,-5.941,-2.803,6.569,0.000,0.000,0.000,1.003
16:11:42.566,93.775,-5.182,-1.356,True,0.000,0.000,-5.182,-1.356,5.356,0.000,0.000,0.000,0.630
16:11:42.587,93.796,-3.793,-0.372,True,0.000,0.000,-3.793,-0.372,3.811,0.000,0.000,0.000,0.535
16:11:42.607,93.816,-2.762,0.232,True,0.000,0.000,-2.762,0.232,2.772,0.000,0.000,0.000,0.533
16:11:42.628,93.837,-2.058,0.548,True,0.000,0.000,-2.058,0.548,2.129,0.000,0.000,0.000,0.926
16:11:42.649,93.858,-1.622,0.663,True,0.000,0.000,-1.622,0.663,1.752,0.000,0.000,0.000,1.190
16:11:42.670,93.879,-2.914,-2.866,True,0.000,0.000,-2.914,-2.866,4.087,0.000,0.000,0.000,0.900
16:11:42.690,93.899,-4.693,-5.501,True,0.000,0.000,-4.693,-5.501,7.231,0.000,0.000,0.000,0.845
16:11:42.710,93.919,-5.225,-8.193,True,0.000,0.000,-5.225,-8.193,9.718,0.000,0.000,0.000,0.787
16:11:42.730,93.939,-4.014,-6.446,True,0.000,0.000,-4.014,-6.446,7.594,0.000,0.000,0.000,0.618
16:11:42.750,93.959,-3.819,-4.051,True,0.000,0.000,-3.819,-4.051,5.567,0.000,0.000,0.000,0.514
16:11:42.771,93.980,-2.913,-2.208,True,0.000,0.000,-2.913,-2.208,3.655,0.000,0.000,0.000,0.661
16:11:42.792,94.001,-4.545,-2.655,True,0.000,0.000,-4.545,-2.655,5.264,0.000,0.000,0.000,1.065
16:11:42.812,94.021,-3.489,-1.320,True,0.000,0.000,-3.489,-1.320,3.730,0.000,0.000,0.000,1.254
16:11:42.832,94.041,-2.683,0.474,True,0.000,0.000,-2.683,0.474,2.725,0.000,0.000,0.000,1.161
16:11:42.853,94.062,-2.116,0.802,True,0.000,0.000,-2.116,0.802,2.263,0.000,0.000,0.000,1.045
16:11:42.873,94.082,-1.752,1.772,True,0.000,0.000,-1.752,1.772,2.492,0.000,0.000,0.000,1.276
16:11:42.894,94.103,-3.069,-1.160,True,0.000,0.000,-3.069,-1.160,3.281,0.000,0.000,0.000,1.612
16:11:42.915,94.124,-4.083,-4.295,True,0.000,0.000,-4.083,-4.295,5.926,0.000,0.000,0.000,1.275
16:11:42.935,94.144,-3.281,-3.020,True,0.000,0.000,-3.281,-3.020,4.459,0.000,0.000,0.000,1.163
16:11:42.955,94.165,-3.406,-2.816,True,0.000,0.000,-3.406,-2.816,4.419,0.000,0.000,0.000,1.156
16:11:42.976,94.185,-3.492,-5.244,True,0.000,0.000,-3.492,-5.244,6.300,0.000,0.000,0.000,1.238
16:11:42.996,94.205,-2.785,-3.455,True,0.000,0.000,-2.785,-3.455,4.437,0.000,0.000,0.000,1.413
16:11:43.016,94.225,-4.545,-5.543,True,0.000,0.000,-4.545,-5.543,7.168,0.000,0.000,0.000,1.224
16:11:43.036,94.245,-3.562,-4.404,True,0.000,0.000,-3.562,-4.404,5.664,0.000,0.000,0.000,0.622
16:11:43.057,94.266,-5.834,-3.475,True,0.000,0.000,-5.834,-3.475,6.791,0.000,0.000,0.000,0.711
16:11:43.081,94.290,-4.437,-1.898,True,0.000,0.000,-4.437,-1.898,4.826,0.000,0.000,0.000,1.085
16:11:43.101,94.311,-3.325,-0.775,True,0.000,0.000,-3.325,-0.775,3.414,0.000,0.000,0.000,1.621
16:11:43.121,94.330,-4.792,-4.439,True,0.000,0.000,-4.792,-4.439,6.532,0.000,0.000,0.000,0.638
16:11:43.141,94.350,-3.612,-2.811,True,0.000,0.000,-3.612,-2.811,4.577,0.000,0.000,0.000,0.831
16:11:43.162,94.371,-2.721,-1.552,True,0.000,0.000,-2.721,-1.552,3.133,0.000,0.000,0.000,1.039
16:11:43.182,94.391,-2.101,-0.651,True,0.000,0.000,-2.101,-0.651,2.200,0.000,0.000,0.000,0.929
16:11:43.203,94.412,-1.709,-0.062,True,0.000,0.000,-1.709,-0.062,1.710,0.000,0.000,0.000,1.201
16:11:43.223,94.432,-2.254,-3.235,True,0.000,0.000,-2.254,-3.235,3.942,0.000,0.000,0.000,1.033
16:11:43.243,94.452,-1.954,-2.108,True,0.000,0.000,-1.954,-2.108,2.874,0.000,0.000,0.000,0.640
16:11:43.263,94.472,-1.761,-4.732,True,0.000,0.000,-1.761,-4.732,5.049,0.000,0.000,0.000,0.835
16:11:43.284,94.493,-1.652,-3.115,True,0.000,0.000,-1.652,-3.115,3.526,0.000,0.000,0.000,1.100
16:11:43.304,94.513,-3.887,-6.220,True,0.000,0.000,-3.887,-6.220,7.335,0.000,0.000,0.000,0.511
16:11:43.325,94.534,-3.252,-4.064,True,0.000,0.000,-3.252,-4.064,5.205,0.000,0.000,0.000,1.074
16:11:43.345,94.554,-2.714,-3.233,True,0.000,0.000,-2.714,-3.233,4.221,0.000,0.000,0.000,0.632
16:11:43.366,94.575,-3.818,-5.256,True,0.000,0.000,-3.818,-5.256,6.497,0.000,0.000,0.000,1.321
16:11:43.386,94.595,-5.383,-6.750,True,0.000,0.000,-5.383,-6.750,8.634,0.000,0.000,0.000,1.007
16:11:43.407,94.616,-4.189,-3.373,True,0.000,0.000,-4.189,-3.373,5.378,0.000,0.000,0.000,1.143
16:11:43.427,94.636,-5.506,-5.204,True,0.000,0.000,-5.506,-5.204,7.576,0.000,0.000,0.000,0.956
16:11:43.447,94.657,-4.156,-3.959,True,0.000,0.000,-4.156,-3.959,5.739,0.000,0.000,0.000,0.696
16:11:43.468,94.677,-5.388,-5.659,True,0.000,0.000,-5.388,-5.659,7.814,0.000,0.000,0.000,1.064
16:11:43.488,94.697,-4.004,-3.407,True,0.000,0.000,-4.004,-3.407,5.257,0.000,0.000,0.000,0.537
16:11:43.508,94.717,-2.951,-0.843,True,0.000,0.000,-2.951,-0.843,3.069,0.000,0.000,0.000,0.537
16:11:43.528,94.737,-2.212,0.079,True,0.000,0.000,-2.212,0.079,2.213,0.000,0.000,0.000,0.579
16:11:43.549,94.758,-1.738,-0.285,True,0.000,0.000,-1.738,-0.285,1.761,0.000,0.000,0.000,0.561
16:11:43.570,94.779,-1.472,0.179,True,0.000,0.000,-1.472,0.179,1.483,0.000,0.000,0.000,1.064
16:11:43.590,94.799,-2.878,-3.973,True,0.000,0.000,-2.878,-3.973,4.906,0.000,0.000,0.000,0.944
16:11:43.610,94.819,-2.442,-3.557,True,0.000,0.000,-2.442,-3.557,4.315,0.000,0.000,0.000,0.750
16:11:43.631,94.840,-4.398,-5.777,True,0.000,0.000,-4.398,-5.777,7.261,0.000,0.000,0.000,1.260
16:11:43.652,94.861,-3.543,-7.322,True,0.000,0.000,-3.543,-7.322,8.134,0.000,0.000,0.000,1.148
16:11:43.672,94.881,-4.368,-9.178,True,0.000,0.000,-4.368,-9.178,10.165,0.000,0.000,0.000,1.050
16:11:43.693,94.902,-4.948,-8.597,True,0.000,0.000,-4.948,-8.597,9.919,0.000,0.000,0.000,1.006
16:11:43.713,94.922,-4.558,-6.214,True,0.000,0.000,-4.558,-6.214,7.706,0.000,0.000,0.000,0.669
16:11:43.733,94.942,-3.453,-7.000,True,0.000,0.000,-3.453,-7.000,7.805,0.000,0.000,0.000,0.511
16:11:43.753,94.962,-5.670,-4.947,True,0.000,0.000,-5.670,-4.947,7.524,0.000,0.000,0.000,0.543
16:11:43.773,94.983,-5.021,-5.192,True,0.000,0.000,-5.021,-5.192,7.223,0.000,0.000,0.000,0.629
16:11:43.796,95.005,-3.714,-2.804,True,0.000,0.000,-3.714,-2.804,4.654,0.000,0.000,0.000,1.119
16:11:43.816,95.026,-2.740,-1.113,True,0.000,0.000,-2.740,-1.113,2.957,0.000,0.000,0.000,1.017
16:11:43.837,95.046,-3.593,-3.535,True,0.000,0.000,-3.593,-3.535,5.040,0.000,0.000,0.000,1.116
16:11:43.857,95.067,-2.757,-2.824,True,0.000,0.000,-2.757,-2.824,3.947,0.000,0.000,0.000,0.891
16:11:43.877,95.086,-2.164,-1.447,True,0.000,0.000,-2.164,-1.447,2.604,0.000,0.000,0.000,0.607
16:11:43.898,95.107,-2.541,-1.371,True,0.000,0.000,-2.541,-1.371,2.888,0.000,0.000,0.000,0.947
16:11:43.918,95.128,-2.112,-0.528,True,0.000,0.000,-2.112,-0.528,2.177,0.000,0.000,0.000,0.781
16:11:43.939,95.148,-2.588,-3.502,True,0.000,0.000,-2.588,-3.502,4.354,0.000,0.000,0.000,0.664
16:11:43.959,95.168,-4.493,-5.745,True,0.000,0.000,-4.493,-5.745,7.293,0.000,0.000,0.000,0.641
16:11:43.980,95.189,-3.598,-2.913,True,0.000,0.000,-3.598,-2.913,4.629,0.000,0.000,0.000,0.798
16:11:44.000,95.210,-2.871,-1.593,True,0.000,0.000,-2.871,-1.593,3.284,0.000,0.000,0.000,1.156
16:11:44.021,95.230,-2.327,-4.169,True,0.000,0.000,-2.327,-4.169,4.774,0.000,0.000,0.000,0.802
16:11:44.041,95.250,-2.712,-5.228,True,0.000,0.000,-2.712,-5.228,5.889,0.000,0.000,0.000,0.970
16:11:44.061,95.270,-2.267,-3.299,True,0.000,0.000,-2.267,-3.299,4.003,0.000,0.000,0.000,1.039
16:11:44.082,95.291,-4.238,-4.447,True,0.000,0.000,-4.238,-4.447,6.143,0.000,0.000,0.000,0.968
16:11:44.102,95.312,-3.411,-2.661,True,0.000,0.000,-3.411,-2.661,4.326,0.000,0.000,0.000,1.109
16:11:44.123,95.332,-2.745,-2.209,True,0.000,0.000,-2.745,-2.209,3.523,0.000,0.000,0.000,1.030
16:11:44.143,95.352,-3.011,-1.052,True,0.000,0.000,-3.011,-1.052,3.190,0.000,0.000,0.000,0.919
16:11:44.163,95.372,-2.463,0.609,True,0.000,0.000,-2.463,0.609,2.538,0.000,0.000,0.000,0.699
16:11:44.184,95.393,-2.069,0.845,True,0.000,0.000,-2.069,0.845,2.235,0.000,0.000,0.000,1.069
16:11:44.204,95.413,-1.808,0.879,True,0.000,0.000,-1.808,0.879,2.011,0.000,0.000,0.000,0.737
16:11:44.226,95.435,-1.655,0.794,True,0.000,0.000,-1.655,0.794,1.836,0.000,0.000,0.000,1.136
16:11:44.246,95.455,-1.581,-0.227,True,0.000,0.000,-1.581,-0.227,1.598,0.000,0.000,0.000,1.111
16:11:44.268,95.477,-2.322,-3.660,True,0.000,0.000,-2.322,-3.660,4.335,0.000,0.000,0.000,1.320
16:11:44.288,95.497,-2.126,-2.630,True,0.000,0.000,-2.126,-2.630,3.382,0.000,0.000,0.000,1.124
16:11:44.308,95.517,-1.972,-2.611,True,0.000,0.000,-1.972,-2.611,3.272,0.000,0.000,0.000,0.634
16:11:44.328,95.537,-1.859,-0.775,True,0.000,0.000,-1.859,-0.775,2.014,0.000,0.000,0.000,0.931
16:11:44.349,95.558,-4.068,-3.791,True,0.000,0.000,-4.068,-3.791,5.561,0.000,0.000,0.000,1.152
16:11:44.369,95.578,-3.396,-2.508,True,0.000,0.000,-3.396,-2.508,4.222,0.000,0.000,0.000,1.080
16:11:44.389,95.598,-2.821,-1.481,True,0.000,0.000,-2.821,-1.481,3.186,0.000,0.000,0.000,1.061
16:11:44.409,95.618,-2.368,0.157,True,0.000,0.000,-2.368,0.157,2.373,0.000,0.000,0.000,0.661
16:11:44.431,95.640,-2.039,0.434,True,0.000,0.000,-2.039,0.434,2.085,0.000,0.000,0.000,1.167
16:11:44.451,95.660,-1.820,-0.339,True,0.000,0.000,-1.820,-0.339,1.851,0.000,0.000,0.000,0.935
16:11:44.471,95.680,-3.972,-2.738,True,0.000,0.000,-3.972,-2.738,4.825,0.000,0.000,0.000,0.913
16:11:44.492,95.701,-3.280,-1.867,True,0.000,0.000,-3.280,-1.867,3.774,0.000,0.000,0.000,1.086
16:11:44.512,95.721,-4.229,-4.665,True,0.000,0.000,-4.229,-4.665,6.297,0.000,0.000,0.000,1.083
16:11:44.532,95.741,-4.134,-5.792,True,0.000,0.000,-4.134,-5.792,7.116,0.000,0.000,0.000,0.960
16:11:44.553,95.762,-3.247,-3.835,True,0.000,0.000,-3.247,-3.835,5.025,0.000,0.000,0.000,1.150
16:11:44.573,95.782,-2.567,-1.388,True,0.000,0.000,-2.567,-1.388,2.918,0.000,0.000,0.000,1.380
16:11:44.594,95.803,-2.085,-0.468,True,0.000,0.000,-2.085,-0.468,2.137,0.000,0.000,0.000,1.134
16:11:44.614,95.823,-1.773,0.111,True,0.000,0.000,-1.773,0.111,1.777,0.000,0.000,0.000,1.046
16:11:44.635,95.844,-1.595,-3.089,True,0.000,0.000,-1.595,-3.089,3.476,0.000,0.000,0.000,0.836
16:11:44.655,95.864,-1.514,-1.994,True,0.000,0.000,-1.514,-1.994,2.504,0.000,0.000,0.000,0.670
16:11:44.676,95.885,-1.497,-2.014,True,0.000,0.000,-1.497,-2.014,2.509,0.000,0.000,0.000,0.991
16:11:44.696,95.905,-3.804,-5.543,True,0.000,0.000,-3.804,-5.543,6.723,0.000,0.000,0.000,1.009
16:11:44.716,95.925,-3.219,-4.587,True,0.000,0.000,-3.219,-4.587,5.604,0.000,0.000,0.000,0.779
16:11:44.736,95.945,-2.713,-1.983,True,0.000,0.000,-2.713,-1.983,3.361,0.000,0.000,0.000,0.778
16:11:44.757,95.966,-3.836,-5.298,True,0.000,0.000,-3.836,-5.298,6.541,0.000,0.000,0.000,1.154
16:11:44.777,95.986,-3.126,-3.370,True,0.000,0.000,-3.126,-3.370,4.596,0.000,0.000,0.000,1.034
16:11:44.797,96.006,-3.321,-1.873,True,0.000,0.000,-3.321,-1.873,3.813,0.000,0.000,0.000,0.969
16:11:44.817,96.026,-2.696,-0.800,True,0.000,0.000,-2.696,-0.800,2.813,0.000,0.000,0.000,1.002
16:11:44.838,96.047,-2.992,-0.094,True,0.000,0.000,-2.992,-0.094,2.993,0.000,0.000,0.000,1.030
16:11:44.858,96.067,-4.747,-3.197,True,0.000,0.000,-4.747,-3.197,5.723,0.000,0.000,0.000,0.637
16:11:44.878,96.087,-3.736,-2.035,True,0.000,0.000,-3.736,-2.035,4.254,0.000,0.000,0.000,0.526
16:11:44.899,96.108,-2.927,-1.132,True,0.000,0.000,-2.927,-1.132,3.138,0.000,0.000,0.000,1.099
16:11:44.919,96.129,-2.329,-0.484,True,0.000,0.000,-2.329,-0.484,2.379,0.000,0.000,0.000,0.827
16:11:44.940,96.149,-1.922,-0.937,True,0.000,0.000,-1.922,-0.937,2.139,0.000,0.000,0.000,1.058
16:11:44.960,96.170,-1.672,-1.326,True,0.000,0.000,-1.672,-1.326,2.134,0.000,0.000,0.000,0.969
16:11:44.981,96.191,-1.541,0.127,True,0.000,0.000,-1.541,0.127,1.546,0.000,0.000,0.000,1.209
16:11:45.001,96.211,-4.538,-1.457,True,0.000,0.000,-4.538,-1.457,4.767,0.000,0.000,0.000,0.899
16:11:45.022,96.231,-4.469,-0.911,True,0.000,0.000,-4.469,-0.911,4.560,0.000,0.000,0.000,0.644
16:11:45.042,96.251,-3.556,-0.492,True,0.000,0.000,-3.556,-0.492,3.590,0.000,0.000,0.000,0.559
16:11:45.063,96.272,-2.825,-0.196,True,0.000,0.000,-2.825,-0.196,2.832,0.000,0.000,0.000,1.145
16:11:45.083,96.292,-2.283,-0.883,True,0.000,0.000,-2.283,-0.883,2.448,0.000,0.000,0.000,0.852
16:11:45.103,96.312,-3.436,-4.047,True,0.000,0.000,-3.436,-4.047,5.309,0.000,0.000,0.000,0.541
16:11:45.124,96.333,-2.791,-1.940,True,0.000,0.000,-2.791,-1.940,3.399,0.000,0.000,0.000,1.074
16:11:45.144,96.353,-2.302,-1.148,True,0.000,0.000,-2.302,-1.148,2.572,0.000,0.000,0.000,0.839
16:11:45.165,96.374,-4.244,-4.956,True,0.000,0.000,-4.244,-4.956,6.525,0.000,0.000,0.000,0.990
16:11:45.185,96.394,-3.399,-3.349,True,0.000,0.000,-3.399,-3.349,4.772,0.000,0.000,0.000,0.880
16:11:45.205,96.414,-2.725,-1.159,True,0.000,0.000,-2.725,-1.159,2.961,0.000,0.000,0.000,0.589
16:11:45.226,96.435,-3.750,-4.807,True,0.000,0.000,-3.750,-4.807,6.097,0.000,0.000,0.000,0.796
16:11:45.247,96.456,-2.994,-6.642,True,0.000,0.000,-2.994,-6.642,7.286,0.000,0.000,0.000,0.988
16:11:45.266,96.476,-2.419,-4.350,True,0.000,0.000,-2.419,-4.350,4.977,0.000,0.000,0.000,0.549
16:11:45.287,96.496,-2.014,-2.530,True,0.000,0.000,-2.014,-2.530,3.233,0.000,0.000,0.000,0.515
16:11:45.307,96.516,-1.754,-2.073,True,0.000,0.000,-1.754,-2.073,2.716,0.000,0.000,0.000,0.745
16:11:45.330,96.539,-1.608,-0.931,True,0.000,0.000,-1.608,-0.931,1.857,0.000,0.000,0.000,1.013
16:11:45.350,96.559,-3.066,-4.564,True,0.000,0.000,-3.066,-4.564,5.499,0.000,0.000,0.000,0.809
16:11:45.371,96.580,-2.637,-3.784,True,0.000,0.000,-2.637,-3.784,4.612,0.000,0.000,0.000,1.118
16:11:45.391,96.600,-3.052,-4.890,True,0.000,0.000,-3.052,-4.890,5.764,0.000,0.000,0.000,1.138
16:11:45.411,96.621,-2.583,-3.908,True,0.000,0.000,-2.583,-3.908,4.684,0.000,0.000,0.000,0.940
16:11:45.432,96.641,-2.219,-1.369,True,0.000,0.000,-2.219,-1.369,2.607,0.000,0.000,0.000,1.186
16:11:45.452,96.661,-1.959,-0.399,True,0.000,0.000,-1.959,-0.399,1.999,0.000,0.000,0.000,1.034
16:11:45.473,96.682,-1.788,-0.679,True,0.000,0.000,-1.788,-0.679,1.912,0.000,0.000,0.000,0.899
16:11:45.493,96.703,-3.972,-1.000,True,0.000,0.000,-3.972,-1.000,4.096,0.000,0.000,0.000,1.079
16:11:45.513,96.723,-3.297,-0.427,True,0.000,0.000,-3.297,-0.427,3.324,0.000,0.000,0.000,0.917
16:11:45.537,96.746,-3.493,-0.050,True,0.000,0.000,-3.493,-0.050,3.493,0.000,0.000,0.000,0.967
16:11:45.557,96.766,-4.370,-3.345,True,0.000,0.000,-4.370,-3.345,5.503,0.000,0.000,0.000,0.793
16:11:45.577,96.787,-3.456,-2.275,True,0.000,0.000,-3.456,-2.275,4.138,0.000,0.000,0.000,1.175
16:11:45.597,96.807,-3.498,-3.154,True,0.000,0.000,-3.498,-3.154,4.709,0.000,0.000,0.000,1.114
16:11:45.618,96.827,-2.764,-2.005,True,0.000,0.000,-2.764,-2.005,3.415,0.000,0.000,0.000,1.109
16:11:45.638,96.848,-2.228,-1.114,True,0.000,0.000,-2.228,-1.114,2.491,0.000,0.000,0.000,1.159
16:11:45.658,96.868,-2.629,-3.991,True,0.000,0.000,-2.629,-3.991,4.779,0.000,0.000,0.000,0.712
16:11:45.679,96.888,-2.204,-2.605,True,0.000,0.000,-2.204,-2.605,3.412,0.000,0.000,0.000,0.827
16:11:45.699,96.908,-1.910,-1.508,True,0.000,0.000,-1.910,-1.508,2.433,0.000,0.000,0.000,0.523
16:11:45.719,96.928,-1.725,-0.705,True,0.000,0.000,-1.725,-0.705,1.864,0.000,0.000,0.000,0.848
16:11:45.740,96.949,-1.625,-0.165,True,0.000,0.000,-1.625,-0.165,1.633,0.000,0.000,0.000,0.919
16:11:45.760,96.970,-1.585,0.162,True,0.000,0.000,-1.585,0.162,1.593,0.000,0.000,0.000,1.093
16:11:45.781,96.990,-2.345,1.208,True,0.000,0.000,-2.345,1.208,2.638,0.000,0.000,0.000,1.331
16:11:45.801,97.010,-2.157,0.144,True,0.000,0.000,-2.157,0.144,2.161,0.000,0.000,0.000,0.532
16:11:45.821,97.030,-5.048,-1.600,True,0.000,0.000,-5.048,-1.600,5.296,0.000,0.000,0.000,0.602
16:11:45.842,97.051,-4.097,-0.249,True,0.000,0.000,-4.097,-0.249,4.104,0.000,0.000,0.000,1.075
16:11:45.862,97.071,-3.279,-0.966,True,0.000,0.000,-3.279,-0.966,3.418,0.000,0.000,0.000,0.973
16:11:45.882,97.092,-4.157,-4.139,True,0.000,0.000,-4.157,-4.139,5.866,0.000,0.000,0.000,0.846
16:11:45.903,97.112,-5.553,-6.419,True,0.000,0.000,-5.553,-6.419,8.488,0.000,0.000,0.000,1.127
16:11:45.923,97.132,-4.242,-4.407,True,0.000,0.000,-4.242,-4.407,6.117,0.000,0.000,0.000,1.036
16:11:45.944,97.153,-5.487,-6.255,True,0.000,0.000,-5.487,-6.255,8.321,0.000,0.000,0.000,0.757
16:11:45.964,97.174,-5.620,-7.532,True,0.000,0.000,-5.620,-7.532,9.398,0.000,0.000,0.000,1.134
16:11:45.984,97.194,-6.420,-8.332,True,0.000,0.000,-6.420,-8.332,10.518,0.000,0.000,0.000,0.789
16:11:46.005,97.214,-4.667,-5.250,True,0.000,0.000,-4.667,-5.250,7.024,0.000,0.000,0.000,0.628
16:11:46.026,97.235,-3.325,-2.874,True,0.000,0.000,-3.325,-2.874,4.395,0.000,0.000,0.000,1.036
16:11:46.047,97.256,-5.422,-2.940,True,0.000,0.000,-5.422,-2.940,6.168,0.000,0.000,0.000,1.181
16:11:46.067,97.277,-3.974,-1.354,True,0.000,0.000,-3.974,-1.354,4.199,0.000,0.000,0.000,1.028
16:11:46.088,97.297,-3.650,-0.291,True,0.000,0.000,-3.650,-0.291,3.661,0.000,0.000,0.000,0.959
16:11:46.108,97.317,-2.690,-3.168,True,0.000,0.000,-2.690,-3.168,4.156,0.000,0.000,0.000,0.528
16:11:46.129,97.338,-4.318,-5.396,True,0.000,0.000,-4.318,-5.396,6.911,0.000,0.000,0.000,1.100
16:11:46.149,97.358,-4.809,-6.111,True,0.000,0.000,-4.809,-6.111,7.776,0.000,0.000,0.000,0.898
16:11:46.170,97.379,-3.623,-3.882,True,0.000,0.000,-3.623,-3.882,5.310,0.000,0.000,0.000,1.121
16:11:46.190,97.399,-3.490,-2.154,True,0.000,0.000,-3.490,-2.154,4.101,0.000,0.000,0.000,1.068
16:11:46.210,97.419,-2.657,-0.915,True,0.000,0.000,-2.657,-0.915,2.811,0.000,0.000,0.000,0.867
16:11:46.231,97.440,-2.078,-0.102,True,0.000,0.000,-2.078,-0.102,2.081,0.000,0.000,0.000,0.978
16:11:46.251,97.461,-3.234,-3.142,True,0.000,0.000,-3.234,-3.142,4.510,0.000,0.000,0.000,1.084
16:11:46.271,97.480,-2.614,-1.951,True,0.000,0.000,-2.614,-1.951,3.262,0.000,0.000,0.000,0.687
16:11:46.292,97.501,-3.683,-4.558,True,0.000,0.000,-3.683,-4.558,5.860,0.000,0.000,0.000,0.631
16:11:46.312,97.521,-2.960,-2.951,True,0.000,0.000,-2.960,-2.951,4.180,0.000,0.000,0.000,0.727
16:11:46.332,97.542,-2.407,-2.567,True,0.000,0.000,-2.407,-2.567,3.519,0.000,0.000,0.000,0.649
16:11:46.354,97.563,-2.017,-1.406,True,0.000,0.000,-2.017,-1.406,2.458,0.000,0.000,0.000,1.134
16:11:46.374,97.583,-1.765,-3.216,True,0.000,0.000,-1.765,-3.216,3.668,0.000,0.000,0.000,0.867
16:11:46.394,97.603,-3.144,-5.468,True,0.000,0.000,-3.144,-5.468,6.308,0.000,0.000,0.000,0.512
16:11:46.415,97.624,-3.423,-7.068,True,0.000,0.000,-3.423,-7.068,7.853,0.000,0.000,0.000,0.877
16:11:46.436,97.645,-2.833,-4.591,True,0.000,0.000,-2.833,-4.591,5.395,0.000,0.000,0.000,1.052
16:11:46.456,97.665,-2.371,-3.517,True,0.000,0.000,-2.371,-3.517,4.241,0.000,0.000,0.000,1.084
16:11:46.477,97.686,-2.036,-1.851,True,0.000,0.000,-2.036,-1.851,2.752,0.000,0.000,0.000,1.381
16:11:46.496,97.705,-1.814,-0.684,True,0.000,0.000,-1.814,-0.684,1.939,0.000,0.000,0.000,0.619
16:11:46.517,97.726,-1.682,0.061,True,0.000,0.000,-1.682,0.061,1.683,0.000,0.000,0.000,1.154
16:11:46.537,97.746,-1.616,1.356,True,0.000,0.000,-1.616,1.356,2.110,0.000,0.000,0.000,1.012
16:11:46.558,97.767,-1.597,0.417,True,0.000,0.000,-1.597,0.417,1.650,0.000,0.000,0.000,1.060
16:11:46.578,97.787,-1.606,0.469,True,0.000,0.000,-1.606,0.469,1.673,0.000,0.000,0.000,0.938
16:11:46.598,97.807,-1.630,0.444,True,0.000,0.000,-1.630,0.444,1.689,0.000,0.000,0.000,1.150
16:11:46.618,97.827,-3.944,-3.139,True,0.000,0.000,-3.944,-3.139,5.040,0.000,0.000,0.000,0.536
16:11:46.639,97.848,-4.107,-2.256,True,0.000,0.000,-4.107,-2.256,4.686,0.000,0.000,0.000,1.082
16:11:46.660,97.869,-3.371,-1.487,True,0.000,0.000,-3.371,-1.487,3.684,0.000,0.000,0.000,1.027
16:11:46.680,97.889,-2.762,-0.872,True,0.000,0.000,-2.762,-0.872,2.896,0.000,0.000,0.000,1.016
16:11:46.700,97.910,-4.581,-3.935,True,0.000,0.000,-4.581,-3.935,6.039,0.000,0.000,0.000,1.035
16:11:46.721,97.930,-3.626,-2.662,True,0.000,0.000,-3.626,-2.662,4.498,0.000,0.000,0.000,1.111
16:11:46.741,97.950,-5.146,-5.138,True,0.000,0.000,-5.146,-5.138,7.272,0.000,0.000,0.000,1.003
16:11:46.761,97.970,-3.955,-3.388,True,0.000,0.000,-3.955,-3.388,5.208,0.000,0.000,0.000,0.578
16:11:46.782,97.991,-3.778,-1.991,True,0.000,0.000,-3.778,-1.991,4.271,0.000,0.000,0.000,1.077
16:11:46.802,98.011,-4.410,-4.476,True,0.000,0.000,-4.410,-4.476,6.283,0.000,0.000,0.000,0.835
16:11:46.822,98.031,-4.113,-2.810,True,0.000,0.000,-4.113,-2.810,4.982,0.000,0.000,0.000,0.694
16:11:46.843,98.052,-5.398,-5.044,True,0.000,0.000,-5.398,-5.044,7.388,0.000,0.000,0.000,0.600
16:11:46.864,98.074,-4.043,-3.169,True,0.000,0.000,-4.043,-3.169,5.137,0.000,0.000,0.000,1.262
16:11:46.884,98.093,-3.002,-1.726,True,0.000,0.000,-3.002,-1.726,3.462,0.000,0.000,0.000,0.506
16:11:46.905,98.114,-4.547,-4.216,True,0.000,0.000,-4.547,-4.216,6.201,0.000,0.000,0.000,1.047
16:11:46.925,98.134,-4.963,-6.979,True,0.000,0.000,-4.963,-6.979,8.563,0.000,0.000,0.000,0.974
16:11:46.945,98.154,-3.717,-5.416,True,0.000,0.000,-3.717,-5.416,6.568,0.000,0.000,0.000,0.664
16:11:46.966,98.175,-2.776,-3.247,True,0.000,0.000,-2.776,-3.247,4.272,0.000,0.000,0.000,1.119
16:11:46.987,98.196,-2.121,-1.628,True,0.000,0.000,-2.121,-1.628,2.674,0.000,0.000,0.000,1.059
16:11:47.007,98.216,-3.991,-4.030,True,0.000,0.000,-3.991,-4.030,5.671,0.000,0.000,0.000,0.802
16:11:47.028,98.237,-3.135,-2.370,True,0.000,0.000,-3.135,-2.370,3.930,0.000,0.000,0.000,1.140
16:11:47.048,98.257,-2.485,-2.023,True,0.000,0.000,-2.485,-2.023,3.205,0.000,0.000,0.000,0.809
16:11:47.068,98.277,-2.031,-0.949,True,0.000,0.000,-2.031,-0.949,2.241,0.000,0.000,0.000,0.641
16:11:47.090,98.299,-2.502,-0.225,True,0.000,0.000,-2.502,-0.225,2.512,0.000,0.000,0.000,0.944
16:11:47.110,98.319,-2.131,0.213,True,0.000,0.000,-2.131,0.213,2.141,0.000,0.000,0.000,0.862
16:11:47.130,98.339,-1.960,0.769,True,0.000,0.000,-1.960,0.769,2.105,0.000,0.000,0.000,1.011
16:11:47.150,98.359,-4.760,-2.866,True,0.000,0.000,-4.760,-2.866,5.556,0.000,0.000,0.000,0.660
16:11:47.171,98.380,-3.606,-1.733,True,0.000,0.000,-3.606,-1.733,4.001,0.000,0.000,0.000,0.732
16:11:47.192,98.401,-2.857,-1.003,True,0.000,0.000,-2.857,-1.003,3.028,0.000,0.000,0.000,1.051
16:11:47.212,98.422,-2.331,-0.496,True,0.000,0.000,-2.331,-0.496,2.384,0.000,0.000,0.000,1.071
16:11:47.233,98.442,-4.257,-3.672,True,0.000,0.000,-4.257,-3.672,5.622,0.000,0.000,0.000,0.935
16:11:47.253,98.462,-3.397,-2.489,True,0.000,0.000,-3.397,-2.489,4.211,0.000,0.000,0.000,0.650
16:11:47.275,98.484,-2.713,-1.518,True,0.000,0.000,-2.713,-1.518,3.109,0.000,0.000,0.000,1.449
16:11:47.295,98.504,-2.974,-2.546,True,0.000,0.000,-2.974,-2.546,3.915,0.000,0.000,0.000,1.170
16:11:47.315,98.524,-2.426,-1.552,True,0.000,0.000,-2.426,-1.552,2.880,0.000,0.000,0.000,0.779
16:11:47.336,98.545,-2.036,-1.683,True,0.000,0.000,-2.036,-1.683,2.641,0.000,0.000,0.000,1.161
16:11:47.356,98.565,-3.307,-5.318,True,0.000,0.000,-3.307,-5.318,6.262,0.000,0.000,0.000,0.879
16:11:47.377,98.586,-5.027,-7.083,True,0.000,0.000,-5.027,-7.083,8.686,0.000,0.000,0.000,0.908
16:11:47.397,98.606,-4.723,-8.214,True,0.000,0.000,-4.723,-8.214,9.475,0.000,0.000,0.000,0.798
16:11:47.418,98.627,-3.648,-5.334,True,0.000,0.000,-3.648,-5.334,6.462,0.000,0.000,0.000,1.112
16:11:47.438,98.647,-2.813,-3.064,True,0.000,0.000,-2.813,-3.064,4.159,0.000,0.000,0.000,0.928
16:11:47.458,98.667,-2.214,-0.530,True,0.000,0.000,-2.214,-0.530,2.276,0.000,0.000,0.000,0.652
16:11:47.479,98.688,-1.820,0.338,True,0.000,0.000,-1.820,0.338,1.851,0.000,0.000,0.000,0.840
16:11:47.499,98.708,-1.589,0.791,True,0.000,0.000,-1.589,0.791,1.775,0.000,0.000,0.000,1.056
16:11:47.519,98.729,-3.763,-2.561,True,0.000,0.000,-3.763,-2.561,4.552,0.000,0.000,0.000,0.819
16:11:47.540,98.749,-3.107,-1.615,True,0.000,0.000,-3.107,-1.615,3.502,0.000,0.000,0.000,1.035
16:11:47.561,98.770,-2.575,-0.886,True,0.000,0.000,-2.575,-0.886,2.723,0.000,0.000,0.000,1.302
16:11:47.581,98.790,-2.176,-0.366,True,0.000,0.000,-2.176,-0.366,2.207,0.000,0.000,0.000,1.052
16:11:47.601,98.810,-1.901,-0.905,True,0.000,0.000,-1.901,-0.905,2.105,0.000,0.000,0.000,1.004
16:11:47.621,98.830,-1.728,-1.347,True,0.000,0.000,-1.728,-1.347,2.191,0.000,0.000,0.000,0.694
16:11:47.642,98.851,-1.634,-2.559,True,0.000,0.000,-1.634,-2.559,3.036,0.000,0.000,0.000,1.046
16:11:47.662,98.871,-1.596,-1.671,True,0.000,0.000,-1.596,-1.671,2.311,0.000,0.000,0.000,0.713
16:11:47.682,98.891,-1.595,-1.846,True,0.000,0.000,-1.595,-1.846,2.440,0.000,0.000,0.000,1.111
16:11:47.703,98.912,-2.376,-1.969,True,0.000,0.000,-2.376,-1.969,3.086,0.000,0.000,0.000,1.109
16:11:47.723,98.932,-3.719,-5.562,True,0.000,0.000,-3.719,-5.562,6.691,0.000,0.000,0.000,1.042
16:11:47.743,98.952,-3.908,-4.640,True,0.000,0.000,-3.908,-4.640,6.067,0.000,0.000,0.000,0.712
16:11:47.763,98.973,-3.210,-2.928,True,0.000,0.000,-3.210,-2.928,4.345,0.000,0.000,0.000,1.051
16:11:47.784,98.993,-4.926,-5.122,True,0.000,0.000,-4.926,-5.122,7.106,0.000,0.000,0.000,0.953
16:11:47.804,99.013,-3.871,-3.215,True,0.000,0.000,-3.871,-3.215,5.032,0.000,0.000,0.000,0.934
16:11:47.825,99.034,-5.306,-5.264,True,0.000,0.000,-5.306,-5.264,7.474,0.000,0.000,0.000,0.883
16:11:47.845,99.054,-4.046,-3.257,True,0.000,0.000,-4.046,-3.257,5.194,0.000,0.000,0.000,0.645
16:11:47.866,99.075,-3.059,-1.728,True,0.000,0.000,-3.059,-1.728,3.514,0.000,0.000,0.000,0.623
16:11:47.886,99.095,-3.867,-4.170,True,0.000,0.000,-3.867,-4.170,5.687,0.000,0.000,0.000,0.823
16:11:47.907,99.116,-2.973,-3.394,True,0.000,0.000,-2.973,-3.394,4.513,0.000,0.000,0.000,1.137
16:11:47.927,99.136,-5.367,-3.671,True,0.000,0.000,-5.367,-3.671,6.503,0.000,0.000,0.000,1.136
16:11:47.948,99.157,-4.094,-2.119,True,0.000,0.000,-4.094,-2.119,4.610,0.000,0.000,0.000,1.217
16:11:47.967,99.177,-3.094,-0.985,True,0.000,0.000,-3.094,-0.985,3.247,0.000,0.000,0.000,0.772
16:11:47.988,99.197,-2.367,0.656,True,0.000,0.000,-2.367,0.656,2.457,0.000,0.000,0.000,0.627
16:11:48.008,99.217,-1.883,0.875,True,0.000,0.000,-1.883,0.875,2.076,0.000,0.000,0.000,0.516
16:11:48.029,99.238,-3.877,-2.620,True,0.000,0.000,-3.877,-2.620,4.680,0.000,0.000,0.000,1.065
16:11:48.049,99.259,-3.106,-1.749,True,0.000,0.000,-3.106,-1.749,3.564,0.000,0.000,0.000,1.018
16:11:48.070,99.279,-5.553,-2.804,True,0.000,0.000,-5.553,-2.804,6.221,0.000,0.000,0.000,1.106
16:11:48.090,99.299,-4.289,-0.919,True,0.000,0.000,-4.289,-0.919,4.386,0.000,0.000,0.000,0.750
16:11:48.111,99.320,-5.554,-3.889,True,0.000,0.000,-5.554,-3.889,6.781,0.000,0.000,0.000,0.938
16:11:48.131,99.340,-4.169,-2.570,True,0.000,0.000,-4.169,-2.570,4.897,0.000,0.000,0.000,1.096
16:11:48.151,99.360,-3.096,-0.635,True,0.000,0.000,-3.096,-0.635,3.161,0.000,0.000,0.000,0.620
16:11:48.171,99.381,-5.373,-1.855,True,0.000,0.000,-5.373,-1.855,5.684,0.000,0.000,0.000,0.612
16:11:48.192,99.401,-4.033,-0.175,True,0.000,0.000,-4.033,-0.175,4.037,0.000,0.000,0.000,0.583
16:11:48.213,99.422,-3.002,0.164,True,0.000,0.000,-3.002,0.164,3.006,0.000,0.000,0.000,1.072
16:11:48.233,99.442,-2.269,1.216,True,0.000,0.000,-2.269,1.216,2.574,0.000,0.000,0.000,1.061
16:11:48.253,99.463,-3.315,-2.482,True,0.000,0.000,-3.315,-2.482,4.141,0.000,0.000,0.000,1.022
16:11:48.275,99.484,-3.383,-5.258,True,0.000,0.000,-3.383,-5.258,6.253,0.000,0.000,0.000,1.286
16:11:48.296,99.505,-4.202,-7.181,True,0.000,0.000,-4.202,-7.181,8.320,0.000,0.000,0.000,1.006
16:11:48.316,99.526,-3.274,-4.875,True,0.000,0.000,-3.274,-4.875,5.873,0.000,0.000,0.000,1.086
16:11:48.337,99.546,-2.568,-2.985,True,0.000,0.000,-2.568,-2.985,3.937,0.000,0.000,0.000,0.627
16:11:48.358,99.567,-2.071,-1.556,True,0.000,0.000,-2.071,-1.556,2.590,0.000,0.000,0.000,1.199
16:11:48.378,99.587,-4.036,-4.073,True,0.000,0.000,-4.036,-4.073,5.734,0.000,0.000,0.000,0.623
16:11:48.398,99.607,-3.990,-3.353,True,0.000,0.000,-3.990,-3.353,5.212,0.000,0.000,0.000,0.840
16:11:48.418,99.627,-3.149,-1.909,True,0.000,0.000,-3.149,-1.909,3.682,0.000,0.000,0.000,0.512
16:11:48.439,99.648,-3.267,-0.860,True,0.000,0.000,-3.267,-0.860,3.378,0.000,0.000,0.000,0.680
16:11:48.459,99.668,-2.604,-3.678,True,0.000,0.000,-2.604,-3.678,4.506,0.000,0.000,0.000,0.963
16:11:48.480,99.689,-2.128,-2.296,True,0.000,0.000,-2.128,-2.296,3.130,0.000,0.000,0.000,1.129
16:11:48.501,99.710,-1.814,-2.116,True,0.000,0.000,-1.814,-2.116,2.787,0.000,0.000,0.000,1.120
16:11:48.521,99.730,-1.630,-1.126,True,0.000,0.000,-1.630,-1.126,1.981,0.000,0.000,0.000,0.763
16:11:48.541,99.750,-2.302,-3.066,True,0.000,0.000,-2.302,-3.066,3.834,0.000,0.000,0.000,1.160
16:11:48.561,99.770,-4.354,-5.410,True,0.000,0.000,-4.354,-5.410,6.944,0.000,0.000,0.000,1.118
16:11:48.582,99.792,-3.558,-2.674,True,0.000,0.000,-3.558,-2.674,4.451,0.000,0.000,0.000,0.934
16:11:48.603,99.812,-5.177,-4.954,True,0.000,0.000,-5.177,-4.954,7.165,0.000,0.000,0.000,1.191
16:11:48.623,99.833,-4.037,-3.993,True,0.000,0.000,-4.037,-3.993,5.678,0.000,0.000,0.000,1.143
16:11:48.644,99.853,-3.120,-2.336,True,0.000,0.000,-3.120,-2.336,3.897,0.000,0.000,0.000,1.125
16:11:48.665,99.874,-2.437,-1.995,True,0.000,0.000,-2.437,-1.995,3.150,0.000,0.000,0.000,1.554
16:11:48.684,99.893,-1.969,-0.927,True,0.000,0.000,-1.969,-0.927,2.177,0.000,0.000,0.000,0.621
16:11:48.705,99.914,-1.679,-0.210,True,0.000,0.000,-1.679,-0.210,1.692,0.000,0.000,0.000,1.053
16:11:48.724,99.934,-2.285,0.223,True,0.000,0.000,-2.285,0.223,2.296,0.000,0.000,0.000,0.542
16:11:48.746,99.955,-2.017,-0.436,True,0.000,0.000,-2.017,-0.436,2.064,0.000,0.000,0.000,1.188
16:11:48.766,99.975,-2.596,-0.122,True,0.000,0.000,-2.596,-0.122,2.599,0.000,0.000,0.000,0.909
16:11:48.786,99.995,-2.275,0.071,True,0.000,0.000,-2.275,0.071,2.276,0.000,0.000,0.000,1.055
16:11:48.806,100.016,-2.032,-0.707,True,0.000,0.000,-2.032,-0.707,2.151,0.000,0.000,0.000,0.839
16:11:48.827,100.036,-1.862,-0.428,True,0.000,0.000,-1.862,-0.428,1.910,0.000,0.000,0.000,0.586
16:11:48.847,100.056,-1.754,-0.219,True,0.000,0.000,-1.754,-0.219,1.768,0.000,0.000,0.000,0.565
16:11:48.867,100.076,-1.694,-0.953,True,0.000,0.000,-1.694,-0.953,1.943,0.000,0.000,0.000,0.520
16:11:48.888,100.097,-3.191,-2.378,True,0.000,0.000,-3.191,-2.378,3.979,0.000,0.000,0.000,1.111
16:11:48.908,100.117,-5.054,-3.390,True,0.000,0.000,-5.054,-3.390,6.086,0.000,0.000,0.000,0.535
16:11:48.929,100.138,-4.068,-1.411,True,0.000,0.000,-4.068,-1.411,4.306,0.000,0.000,0.000,1.118
16:11:48.949,100.158,-3.234,-0.755,True,0.000,0.000,-3.234,-0.755,3.321,0.000,0.000,0.000,0.560
16:11:48.969,100.178,-2.585,-0.292,True,0.000,0.000,-2.585,-0.292,2.602,0.000,0.000,0.000,1.026
16:11:48.990,100.199,-2.119,0.006,True,0.000,0.000,-2.119,0.006,2.119,0.000,0.000,0.000,1.074
16:11:49.011,100.220,-4.096,-3.341,True,0.000,0.000,-4.096,-3.341,5.286,0.000,0.000,0.000,0.728
16:11:49.031,100.240,-4.811,-5.815,True,0.000,0.000,-4.811,-5.815,7.548,0.000,0.000,0.000,0.758
16:11:49.051,100.260,-3.753,-3.985,True,0.000,0.000,-3.753,-3.985,5.474,0.000,0.000,0.000,0.568
16:11:49.073,100.282,-2.916,-2.471,True,0.000,0.000,-2.916,-2.471,3.822,0.000,0.000,0.000,0.951
16:11:49.093,100.303,-4.587,-4.832,True,0.000,0.000,-4.587,-4.832,6.662,0.000,0.000,0.000,1.165
16:11:49.116,100.325,-3.547,-3.054,True,0.000,0.000,-3.547,-3.054,4.681,0.000,0.000,0.000,1.160
16:11:49.136,100.345,-4.267,-5.196,True,0.000,0.000,-4.267,-5.196,6.723,0.000,0.000,0.000,1.115
16:11:49.156,100.365,-4.037,-5.886,True,0.000,0.000,-4.037,-5.886,7.138,0.000,0.000,0.000,0.519
16:11:49.177,100.386,-5.370,-8.064,True,0.000,0.000,-5.370,-8.064,9.688,0.000,0.000,0.000,0.702
16:11:49.198,100.407,-6.328,-7.797,True,0.000,0.000,-6.328,-7.797,10.042,0.000,0.000,0.000,0.792
16:11:49.219,100.428,-4.677,-6.567,True,0.000,0.000,-4.677,-6.567,8.062,0.000,0.000,0.000,1.041
16:11:49.239,100.448,-3.392,-4.693,True,0.000,0.000,-3.392,-4.693,5.791,0.000,0.000,0.000,0.517
16:11:49.259,100.469,-4.752,-5.949,True,0.000,0.000,-4.752,-5.949,7.614,0.000,0.000,0.000,1.156
16:11:49.279,100.488,-3.516,-3.409,True,0.000,0.000,-3.516,-3.409,4.898,0.000,0.000,0.000,0.940
16:11:49.300,100.509,-2.605,-1.560,True,0.000,0.000,-2.605,-1.560,3.037,0.000,0.000,0.000,1.061
16:11:49.320,100.530,-1.988,0.556,True,0.000,0.000,-1.988,0.556,2.064,0.000,0.000,0.000,1.078
16:11:49.341,100.550,-3.894,-2.459,True,0.000,0.000,-3.894,-2.459,4.605,0.000,0.000,0.000,1.168
16:11:49.361,100.570,-5.354,-5.729,True,0.000,0.000,-5.354,-5.729,7.841,0.000,0.000,0.000,1.134
16:11:49.381,100.590,-4.104,-3.724,True,0.000,0.000,-4.104,-3.724,5.541,0.000,0.000,0.000,0.576
16:11:49.402,100.611,-3.876,-4.778,True,0.000,0.000,-3.876,-4.778,6.153,0.000,0.000,0.000,1.104
16:11:49.422,100.631,-5.229,-4.658,True,0.000,0.000,-5.229,-4.658,7.002,0.000,0.000,0.000,0.515
16:11:49.442,100.651,-3.932,-5.399,True,0.000,0.000,-3.932,-5.399,6.679,0.000,0.000,0.000,0.544
16:11:49.463,100.672,-2.937,-2.390,True,0.000,0.000,-2.937,-2.390,3.787,0.000,0.000,0.000,1.116
16:11:49.483,100.692,-2.232,-1.032,True,0.000,0.000,-2.232,-1.032,2.459,0.000,0.000,0.000,0.543
16:11:49.503,100.713,-2.537,-0.137,True,0.000,0.000,-2.537,-0.137,2.541,0.000,0.000,0.000,1.043
16:11:49.525,100.734,-2.067,0.388,True,0.000,0.000,-2.067,0.388,2.104,0.000,0.000,0.000,0.724
16:11:49.545,100.755,-1.764,0.641,True,0.000,0.000,-1.764,0.641,1.877,0.000,0.000,0.000,0.913
16:11:49.566,100.775,-3.876,-3.686,True,0.000,0.000,-3.876,-3.686,5.349,0.000,0.000,0.000,1.104
16:11:49.586,100.795,-3.933,-5.161,True,0.000,0.000,-3.933,-5.161,6.489,0.000,0.000,0.000,0.662
16:11:49.606,100.815,-3.156,-2.598,True,0.000,0.000,-3.156,-2.598,4.088,0.000,0.000,0.000,0.576
16:11:49.627,100.836,-2.549,-2.348,True,0.000,0.000,-2.549,-2.348,3.466,0.000,0.000,0.000,1.053
16:11:49.648,100.857,-2.111,-1.290,True,0.000,0.000,-2.111,-1.290,2.474,0.000,0.000,0.000,0.993
16:11:49.668,100.877,-1.821,-0.535,True,0.000,0.000,-1.821,-0.535,1.898,0.000,0.000,0.000,0.940
16:11:49.688,100.897,-1.649,-0.042,True,0.000,0.000,-1.649,-0.042,1.650,0.000,0.000,0.000,1.027
16:11:49.708,100.917,-1.566,0.243,True,0.000,0.000,-1.566,0.243,1.584,0.000,0.000,0.000,0.617
16:11:49.729,100.938,-1.542,0.377,True,0.000,0.000,-1.542,0.377,1.587,0.000,0.000,0.000,1.148
16:11:49.749,100.958,-1.555,0.408,True,0.000,0.000,-1.555,0.408,1.607,0.000,0.000,0.000,0.990
16:11:49.769,100.978,-1.587,0.377,True,0.000,0.000,-1.587,0.377,1.631,0.000,0.000,0.000,0.580
16:11:49.790,100.999,-1.627,-2.322,True,0.000,0.000,-1.627,-2.322,2.835,0.000,0.000,0.000,1.078
16:11:49.810,101.019,-1.666,-1.670,True,0.000,0.000,-1.666,-1.670,2.359,0.000,0.000,0.000,0.932
16:11:49.830,101.040,-1.700,-1.102,True,0.000,0.000,-1.700,-1.102,2.026,0.000,0.000,0.000,1.020
16:11:49.851,101.060,-1.727,-0.647,True,0.000,0.000,-1.727,-0.647,1.844,0.000,0.000,0.000,0.898
16:11:49.871,101.081,-3.270,-4.707,True,0.000,0.000,-3.270,-4.707,5.731,0.000,0.000,0.000,0.849
16:11:49.892,101.101,-2.865,-4.151,True,0.000,0.000,-2.865,-4.151,5.044,0.000,0.000,0.000,0.855
16:11:49.912,101.121,-4.027,-7.100,True,0.000,0.000,-4.027,-7.100,8.163,0.000,0.000,0.000,1.006
16:11:49.932,101.141,-3.316,-4.750,True,0.000,0.000,-3.316,-4.750,5.793,0.000,0.000,0.000,0.842
16:11:49.953,101.162,-3.489,-2.849,True,0.000,0.000,-3.489,-2.849,4.505,0.000,0.000,0.000,1.022
16:11:49.974,101.183,-2.832,-2.309,True,0.000,0.000,-2.832,-2.309,3.654,0.000,0.000,0.000,1.075
16:11:49.994,101.203,-2.331,-1.091,True,0.000,0.000,-2.331,-1.091,2.574,0.000,0.000,0.000,1.120
16:11:50.015,101.224,-1.979,-0.269,True,0.000,0.000,-1.979,-0.269,1.997,0.000,0.000,0.000,1.180
16:11:50.038,101.247,-1.754,0.231,True,0.000,0.000,-1.754,0.231,1.769,0.000,0.000,0.000,0.808
16:11:50.058,101.267,-4.672,-1.270,True,0.000,0.000,-4.672,-1.270,4.842,0.000,0.000,0.000,0.975
16:11:50.079,101.288,-4.541,-0.699,True,0.000,0.000,-4.541,-0.699,4.595,0.000,0.000,0.000,1.088
16:11:50.099,101.308,-3.586,-0.291,True,0.000,0.000,-3.586,-0.291,3.598,0.000,0.000,0.000,0.658
16:11:50.119,101.329,-2.827,-0.904,True,0.000,0.000,-2.827,-0.904,2.968,0.000,0.000,0.000,1.052
16:11:50.140,101.349,-2.269,0.371,True,0.000,0.000,-2.269,0.371,2.299,0.000,0.000,0.000,1.023
16:11:50.160,101.369,-1.892,-0.464,True,0.000,0.000,-1.892,-0.464,1.948,0.000,0.000,0.000,0.797
16:11:50.181,101.390,-1.662,-0.246,True,0.000,0.000,-1.662,-0.246,1.681,0.000,0.000,0.000,0.948
16:11:50.201,101.410,-3.828,-3.609,True,0.000,0.000,-3.828,-3.609,5.261,0.000,0.000,0.000,0.862
16:11:50.222,101.431,-5.444,-6.940,True,0.000,0.000,-5.444,-6.940,8.821,0.000,0.000,0.000,1.407
16:11:50.242,101.451,-4.271,-4.826,True,0.000,0.000,-4.271,-4.826,6.445,0.000,0.000,0.000,0.630
16:11:50.262,101.471,-3.307,-3.051,True,0.000,0.000,-3.307,-3.051,4.500,0.000,0.000,0.000,0.571
16:11:50.283,101.492,-2.575,-1.680,True,0.000,0.000,-2.575,-1.680,3.075,0.000,0.000,0.000,0.839
16:11:50.303,101.512,-2.063,0.179,True,0.000,0.000,-2.063,0.179,2.071,0.000,0.000,0.000,1.053
16:11:50.324,101.533,-4.021,-1.180,True,0.000,0.000,-4.021,-1.180,4.190,0.000,0.000,0.000,1.195
16:11:50.345,101.554,-3.211,-0.539,True,0.000,0.000,-3.211,-0.539,3.256,0.000,0.000,0.000,0.727
16:11:50.366,101.575,-5.625,-1.868,True,0.000,0.000,-5.625,-1.868,5.927,0.000,0.000,0.000,1.091
16:11:50.386,101.595,-4.332,-2.886,True,0.000,0.000,-4.332,-2.886,5.206,0.000,0.000,0.000,0.638
16:11:50.406,101.615,-3.293,-1.849,True,0.000,0.000,-3.293,-1.849,3.776,0.000,0.000,0.000,0.824
16:11:50.427,101.636,-2.520,-1.039,True,0.000,0.000,-2.520,-1.039,2.726,0.000,0.000,0.000,1.087
16:11:50.448,101.657,-1.991,-0.456,True,0.000,0.000,-1.991,-0.456,2.043,0.000,0.000,0.000,1.008
16:11:50.468,101.678,-4.709,-1.827,True,0.000,0.000,-4.709,-1.827,5.051,0.000,0.000,0.000,0.711
16:11:50.489,101.698,-3.698,-1.996,True,0.000,0.000,-3.698,-1.996,4.202,0.000,0.000,0.000,0.634
16:11:50.509,101.718,-2.894,-1.217,True,0.000,0.000,-2.894,-1.217,3.140,0.000,0.000,0.000,0.569
16:11:50.529,101.739,-2.303,0.248,True,0.000,0.000,-2.303,0.248,2.316,0.000,0.000,0.000,1.120
16:11:50.551,101.760,-4.187,-3.979,True,0.000,0.000,-4.187,-3.979,5.776,0.000,0.000,0.000,0.876
16:11:50.571,101.780,-3.316,-1.847,True,0.000,0.000,-3.316,-1.847,3.796,0.000,0.000,0.000,0.986
16:11:50.591,101.800,2.693,0.705,True,0.000,0.000,2.693,0.705,2.784,0.000,0.000,0.000,0.594
16:11:50.612,101.821,0.196,-2.716,True,0.000,0.000,0.196,-2.716,2.723,0.000,0.000,0.000,1.160
16:11:50.633,101.842,-0.353,-1.792,True,0.000,0.000,-0.353,-1.792,1.826,0.000,0.000,0.000,1.062
16:11:50.653,101.863,-1.594,-1.054,True,0.000,0.000,-1.594,-1.054,1.911,0.000,0.000,0.000,1.108
16:11:50.673,101.883,-1.769,-0.509,True,0.000,0.000,-1.769,-0.509,1.841,0.000,0.000,0.000,0.591
16:11:50.694,101.903,-2.629,-0.138,True,0.000,0.000,-2.629,-0.138,2.633,0.000,0.000,0.000,0.583
16:11:50.715,101.924,-3.987,-3.427,True,0.000,0.000,-3.987,-3.427,5.257,0.000,0.000,0.000,1.035
16:11:50.735,101.944,-3.392,-2.343,True,0.000,0.000,-3.392,-2.343,4.123,0.000,0.000,0.000,0.903
16:11:50.755,101.964,-2.861,-1.448,True,0.000,0.000,-2.861,-1.448,3.206,0.000,0.000,0.000,0.597
16:11:50.775,101.984,-2.429,-1.646,True,0.000,0.000,-2.429,-1.646,2.934,0.000,0.000,0.000,0.618
16:11:50.796,102.005,-2.104,-3.563,True,0.000,0.000,-2.104,-3.563,4.138,0.000,0.000,0.000,0.989
16:11:50.816,102.025,-1.880,-2.320,True,0.000,0.000,-1.880,-2.320,2.986,0.000,0.000,0.000,0.915
16:11:50.836,102.046,-1.738,-2.216,True,0.000,0.000,-1.738,-2.216,2.817,0.000,0.000,0.000,1.133
16:11:50.857,102.066,-1.661,-1.257,True,0.000,0.000,-1.661,-1.257,2.083,0.000,0.000,0.000,1.239
16:11:50.877,102.086,-2.391,-0.563,True,0.000,0.000,-2.391,-0.563,2.456,0.000,0.000,0.000,0.903
16:11:50.897,102.107,-2.942,0.778,True,0.000,0.000,-2.942,0.778,3.043,0.000,0.000,0.000,1.009
16:11:50.918,102.127,-2.563,-0.067,True,0.000,0.000,-2.563,-0.067,2.564,0.000,0.000,0.000,0.750
16:11:50.938,102.147,-2.254,0.097,True,0.000,0.000,-2.254,0.097,2.256,0.000,0.000,0.000,0.887
16:11:50.958,102.167,-2.020,-1.579,True,0.000,0.000,-2.020,-1.579,2.564,0.000,0.000,0.000,0.627
16:11:50.979,102.188,-1.856,-1.071,True,0.000,0.000,-1.856,-1.071,2.143,0.000,0.000,0.000,1.094
16:11:50.998,102.208,-1.753,-0.655,True,0.000,0.000,-1.753,-0.655,1.871,0.000,0.000,0.000,0.592
16:11:51.019,102.228,-1.695,-0.341,True,0.000,0.000,-1.695,-0.341,1.729,0.000,0.000,0.000,1.028
16:11:51.039,102.249,-1.671,-0.121,True,0.000,0.000,-1.671,-0.121,1.675,0.000,0.000,0.000,0.897
16:11:51.062,102.271,-2.430,-3.498,True,0.000,0.000,-2.430,-3.498,4.259,0.000,0.000,0.000,1.157
16:11:51.082,102.291,-2.231,-2.455,True,0.000,0.000,-2.231,-2.455,3.317,0.000,0.000,0.000,0.670
16:11:51.102,102.312,-4.346,-5.965,True,0.000,0.000,-4.346,-5.965,7.381,0.000,0.000,0.000,0.952
16:11:51.123,102.332,-3.588,-4.069,True,0.000,0.000,-3.588,-4.069,5.425,0.000,0.000,0.000,1.195
16:11:51.144,102.353,-2.941,-1.629,True,0.000,0.000,-2.941,-1.629,3.362,0.000,0.000,0.000,1.143
16:11:51.165,102.374,-2.433,-1.563,True,0.000,0.000,-2.433,-1.563,2.892,0.000,0.000,0.000,0.888
16:11:51.184,102.394,-4.349,-5.098,True,0.000,0.000,-4.349,-5.098,6.701,0.000,0.000,0.000,0.533
16:11:51.205,102.414,-4.238,-5.076,True,0.000,0.000,-4.238,-5.076,6.613,0.000,0.000,0.000,0.956
16:11:51.225,102.435,-3.330,-4.067,True,0.000,0.000,-3.330,-4.067,5.256,0.000,0.000,0.000,1.125
16:11:51.246,102.455,-2.628,-3.252,True,0.000,0.000,-2.628,-3.252,4.181,0.000,0.000,0.000,1.027
16:11:51.267,102.476,-2.126,-5.281,True,0.000,0.000,-2.126,-5.281,5.693,0.000,0.000,0.000,1.162
16:11:51.286,102.495,-1.798,-3.260,True,0.000,0.000,-1.798,-3.260,3.723,0.000,0.000,0.000,0.511
16:11:51.307,102.516,-1.608,-1.724,True,0.000,0.000,-1.608,-1.724,2.357,0.000,0.000,0.000,1.060
16:11:51.327,102.536,-3.802,-4.161,True,0.000,0.000,-3.802,-4.161,5.637,0.000,0.000,0.000,0.626
16:11:51.348,102.557,-3.153,-2.506,True,0.000,0.000,-3.153,-2.506,4.028,0.000,0.000,0.000,0.982
16:11:51.370,102.579,-4.142,-4.782,True,0.000,0.000,-4.142,-4.782,6.327,0.000,0.000,0.000,1.107
16:11:51.390,102.600,-3.319,-2.083,True,0.000,0.000,-3.319,-2.083,3.919,0.000,0.000,0.000,1.188
16:11:51.411,102.620,-2.667,-0.937,True,0.000,0.000,-2.667,-0.937,2.827,0.000,0.000,0.000,0.977
16:11:51.432,102.641,-2.189,-1.053,True,0.000,0.000,-2.189,-1.053,2.429,0.000,0.000,0.000,1.059
16:11:51.452,102.661,-1.867,-0.357,True,0.000,0.000,-1.867,-0.357,1.900,0.000,0.000,0.000,1.179
16:11:51.472,102.681,-1.671,0.081,True,0.000,0.000,-1.671,0.081,1.673,0.000,0.000,0.000,1.080
16:11:51.493,102.702,-1.572,1.200,True,0.000,0.000,-1.572,1.200,1.977,0.000,0.000,0.000,0.939
16:11:51.513,102.722,-1.538,1.057,True,0.000,0.000,-1.538,1.057,1.866,0.000,0.000,0.000,0.846
16:11:51.534,102.743,-3.830,-2.666,True,0.000,0.000,-3.830,-2.666,4.666,0.000,0.000,0.000,1.065
16:11:51.554,102.763,-3.233,-1.919,True,0.000,0.000,-3.233,-1.919,3.759,0.000,0.000,0.000,0.624
16:11:51.576,102.785,-3.481,-3.903,True,0.000,0.000,-3.481,-3.903,5.230,0.000,0.000,0.000,1.219
16:11:51.595,102.805,-2.867,-2.657,True,0.000,0.000,-2.867,-2.657,3.909,0.000,0.000,0.000,0.785
16:11:51.616,102.825,-2.387,-0.755,True,0.000,0.000,-2.387,-0.755,2.503,0.000,0.000,0.000,0.678
16:11:51.637,102.846,-2.801,-3.735,True,0.000,0.000,-2.801,-3.735,4.669,0.000,0.000,0.000,0.934
16:11:51.657,102.867,-2.362,-2.440,True,0.000,0.000,-2.362,-2.440,3.396,0.000,0.000,0.000,1.082
16:11:51.678,102.887,-2.803,-1.413,True,0.000,0.000,-2.803,-1.413,3.139,0.000,0.000,0.000,1.391
16:11:51.699,102.908,-3.902,-4.177,True,0.000,0.000,-3.902,-4.177,5.716,0.000,0.000,0.000,1.152
16:11:51.719,102.928,-3.170,-2.706,True,0.000,0.000,-3.170,-2.706,4.167,0.000,0.000,0.000,1.094
16:11:51.740,102.949,-2.587,-1.548,True,0.000,0.000,-2.587,-1.548,3.014,0.000,0.000,0.000,1.240
16:11:51.760,102.969,-4.442,-4.221,True,0.000,0.000,-4.442,-4.221,6.127,0.000,0.000,0.000,0.873
16:11:51.780,102.990,-3.524,-3.571,True,0.000,0.000,-3.524,-3.571,5.017,0.000,0.000,0.000,1.127
16:11:51.801,103.010,-2.793,-5.657,True,0.000,0.000,-2.793,-5.657,6.309,0.000,0.000,0.000,0.817
16:11:51.821,103.030,-3.017,-3.624,True,0.000,0.000,-3.017,-3.624,4.715,0.000,0.000,0.000,0.840
16:11:51.841,103.051,-5.489,-2.916,True,0.000,0.000,-5.489,-2.916,6.216,0.000,0.000,0.000,1.004
16:11:51.862,103.071,-4.247,-0.652,True,0.000,0.000,-4.247,-0.652,4.296,0.000,0.000,0.000,1.008
16:11:51.883,103.092,-3.245,0.077,True,0.000,0.000,-3.245,0.077,3.246,0.000,0.000,0.000,1.211
16:11:51.904,103.113,-4.784,-3.034,True,0.000,0.000,-4.784,-3.034,5.665,0.000,0.000,0.000,1.066
16:11:51.924,103.133,-5.930,-6.289,True,0.000,0.000,-5.930,-6.289,8.644,0.000,0.000,0.000,0.537
16:11:51.945,103.154,-5.955,-7.725,True,0.000,0.000,-5.955,-7.725,9.754,0.000,0.000,0.000,1.155
16:11:51.965,103.174,-5.891,-8.593,True,0.000,0.000,-5.891,-8.593,10.419,0.000,0.000,0.000,1.058
16:11:51.985,103.194,-4.262,-6.398,True,0.000,0.000,-4.262,-6.398,7.687,0.000,0.000,0.000,1.251
16:11:52.005,103.214,-3.039,-4.632,True,0.000,0.000,-3.039,-4.632,5.540,0.000,0.000,0.000,0.535
16:11:52.026,103.235,-2.953,-4.199,True,0.000,0.000,-2.953,-4.199,5.133,0.000,0.000,0.000,1.031
16:11:52.046,103.255,-2.212,-2.180,True,0.000,0.000,-2.212,-2.180,3.106,0.000,0.000,0.000,1.108
16:11:52.066,103.276,-3.260,-5.167,True,0.000,0.000,-3.260,-5.167,6.110,0.000,0.000,0.000,0.847
16:11:52.087,103.296,-2.575,-3.069,True,0.000,0.000,-2.575,-3.069,4.006,0.000,0.000,0.000,1.137
16:11:52.107,103.317,-2.090,-1.511,True,0.000,0.000,-2.090,-1.511,2.579,0.000,0.000,0.000,0.993
16:11:52.127,103.336,-2.536,-3.082,True,0.000,0.000,-2.536,-3.082,3.991,0.000,0.000,0.000,0.601
16:11:52.148,103.357,-2.147,-1.699,True,0.000,0.000,-2.147,-1.699,2.738,0.000,0.000,0.000,1.201
16:11:52.168,103.377,-1.881,-0.711,True,0.000,0.000,-1.881,-0.711,2.010,0.000,0.000,0.000,1.009
16:11:52.189,103.399,-1.715,-0.943,True,0.000,0.000,-1.715,-0.943,1.957,0.000,0.000,0.000,1.156
16:11:52.210,103.419,-3.911,-3.842,True,0.000,0.000,-3.911,-3.842,5.482,0.000,0.000,0.000,1.264
16:11:52.231,103.440,-3.250,-2.487,True,0.000,0.000,-3.250,-2.487,4.093,0.000,0.000,0.000,0.948
16:11:52.251,103.460,-4.982,-4.937,True,0.000,0.000,-4.982,-4.937,7.014,0.000,0.000,0.000,0.764
16:11:52.272,103.481,-3.930,-3.196,True,0.000,0.000,-3.930,-3.196,5.066,0.000,0.000,0.000,1.064
16:11:52.292,103.501,-3.837,-3.585,True,0.000,0.000,-3.837,-3.585,5.251,0.000,0.000,0.000,0.979
16:11:52.312,103.521,-3.747,-2.985,True,0.000,0.000,-3.747,-2.985,4.791,0.000,0.000,0.000,0.885
16:11:52.334,103.543,-2.909,-1.653,True,0.000,0.000,-2.909,-1.653,3.346,0.000,0.000,0.000,1.108
16:11:52.354,103.563,-3.820,-4.215,True,0.000,0.000,-3.820,-4.215,5.688,0.000,0.000,0.000,1.019
16:11:52.374,103.583,-5.274,-6.139,True,0.000,0.000,-5.274,-6.139,8.094,0.000,0.000,0.000,0.765
16:11:52.395,103.604,-4.030,-3.957,True,0.000,0.000,-4.030,-3.957,5.648,0.000,0.000,0.000,1.199
16:11:52.415,103.624,-5.337,-4.005,True,0.000,0.000,-5.337,-4.005,6.673,0.000,0.000,0.000,0.951
16:11:52.435,103.645,-4.002,-1.403,True,0.000,0.000,-4.002,-1.403,4.241,0.000,0.000,0.000,1.021
16:11:52.456,103.665,-2.977,0.485,True,0.000,0.000,-2.977,0.485,3.016,0.000,0.000,0.000,1.110
16:11:52.476,103.685,-2.250,0.864,True,0.000,0.000,-2.250,0.864,2.411,0.000,0.000,0.000,0.624
16:11:52.497,103.706,-4.063,-2.538,True,0.000,0.000,-4.063,-2.538,4.791,0.000,0.000,0.000,0.777
16:11:52.517,103.726,-5.451,-5.140,True,0.000,0.000,-5.451,-5.140,7.492,0.000,0.000,0.000,0.790
16:11:52.538,103.747,-4.909,-3.462,True,0.000,0.000,-4.909,-3.462,6.006,0.000,0.000,0.000,1.117
16:11:52.558,103.767,-4.437,-5.612,True,0.000,0.000,-4.437,-5.612,7.154,0.000,0.000,0.000,1.039
16:11:52.579,103.788,-3.300,-3.621,True,0.000,0.000,-3.300,-3.621,4.899,0.000,0.000,0.000,1.093
16:11:52.599,103.809,-2.471,-2.938,True,0.000,0.000,-2.471,-2.938,3.839,0.000,0.000,0.000,0.865
16:11:52.620,103.829,-4.200,-5.079,True,0.000,0.000,-4.200,-5.079,6.591,0.000,0.000,0.000,1.168
16:11:52.640,103.849,-3.239,-2.268,True,0.000,0.000,-3.239,-2.268,3.954,0.000,0.000,0.000,0.567
16:11:52.661,103.870,-2.518,-1.915,True,0.000,0.000,-2.518,-1.915,3.163,0.000,0.000,0.000,0.886
16:11:52.681,103.890,-2.018,-0.850,True,0.000,0.000,-2.018,-0.850,2.190,0.000,0.000,0.000,1.178
16:11:52.702,103.911,-1.704,-0.144,True,0.000,0.000,-1.704,-0.144,1.710,0.000,0.000,0.000,0.937
16:11:52.722,103.931,-1.533,-0.604,True,0.000,0.000,-1.533,-0.604,1.647,0.000,0.000,0.000,1.033
16:11:52.742,103.951,-1.463,-0.157,True,0.000,0.000,-1.463,-0.157,1.471,0.000,0.000,0.000,0.647
16:11:52.763,103.972,-2.220,-0.763,True,0.000,0.000,-2.220,-0.763,2.348,0.000,0.000,0.000,0.901
16:11:52.783,103.992,-2.046,0.499,True,0.000,0.000,-2.046,0.499,2.106,0.000,0.000,0.000,1.004
16:11:52.803,104.012,-1.913,1.399,True,0.000,0.000,-1.913,1.399,2.370,0.000,0.000,0.000,0.658
16:11:52.824,104.033,-1.820,1.108,True,0.000,0.000,-1.820,1.108,2.131,0.000,0.000,0.000,1.001
16:11:52.844,104.053,-3.283,-2.704,True,0.000,0.000,-3.283,-2.704,4.254,0.000,0.000,0.000,0.904
16:11:52.864,104.074,-2.832,-2.004,True,0.000,0.000,-2.832,-2.004,3.469,0.000,0.000,0.000,0.616
16:11:52.886,104.095,-4.733,-4.883,True,0.000,0.000,-4.733,-4.883,6.801,0.000,0.000,0.000,1.143
16:11:52.906,104.115,-3.807,-2.515,True,0.000,0.000,-3.807,-2.515,4.562,0.000,0.000,0.000,0.812
16:11:52.926,104.135,-6.083,-4.143,True,0.000,0.000,-6.083,-4.143,7.360,0.000,0.000,0.000,0.764
16:11:52.947,104.156,-5.420,-2.666,True,0.000,0.000,-5.420,-2.666,6.040,0.000,0.000,0.000,0.623
16:11:52.968,104.177,-7.102,-3.268,True,0.000,0.000,-7.102,-3.268,7.818,0.000,0.000,0.000,1.050
16:11:52.988,104.198,-5.219,-2.827,True,0.000,0.000,-5.219,-2.827,5.936,0.000,0.000,0.000,1.156
16:11:53.009,104.219,-4.499,-4.241,True,0.000,0.000,-4.499,-4.241,6.183,0.000,0.000,0.000,1.228
16:11:53.030,104.239,-3.214,-3.509,True,0.000,0.000,-3.214,-3.509,4.759,0.000,0.000,0.000,1.060
16:11:53.051,104.260,-4.595,-5.556,True,0.000,0.000,-4.595,-5.556,7.209,0.000,0.000,0.000,1.195
16:11:53.071,104.280,-3.389,-3.512,True,0.000,0.000,-3.389,-3.512,4.881,0.000,0.000,0.000,1.128
16:11:53.091,104.300,-3.272,-1.054,True,0.000,0.000,-3.272,-1.054,3.438,0.000,0.000,0.000,1.005
16:11:53.111,104.321,-4.759,-3.684,True,0.000,0.000,-4.759,-3.684,6.018,0.000,0.000,0.000,0.806
16:11:53.132,104.341,-3.594,-2.194,True,0.000,0.000,-3.594,-2.194,4.211,0.000,0.000,0.000,0.943
16:11:53.152,104.361,-2.715,-1.965,True,0.000,0.000,-2.715,-1.965,3.351,0.000,0.000,0.000,0.509
16:11:53.173,104.382,-2.102,-0.965,True,0.000,0.000,-2.102,-0.965,2.313,0.000,0.000,0.000,0.676
16:11:53.194,104.403,-1.713,-0.282,True,0.000,0.000,-1.713,-0.282,1.736,0.000,0.000,0.000,1.080
16:11:53.214,104.423,-1.499,0.141,True,0.000,0.000,-1.499,0.141,1.505,0.000,0.000,0.000,0.687
16:11:53.234,104.444,-1.408,-0.515,True,0.000,0.000,-1.408,-0.515,1.499,0.000,0.000,0.000,0.487
16:11:53.255,104.464,-3.683,-3.705,True,0.000,0.000,-3.683,-3.705,5.224,0.000,0.000,0.000,1.177
16:11:53.275,104.484,-3.094,-2.532,True,0.000,0.000,-3.094,-2.532,3.998,0.000,0.000,0.000,0.646
16:11:53.296,104.505,-2.602,-1.564,True,0.000,0.000,-2.602,-1.564,3.036,0.000,0.000,0.000,0.632
16:11:53.318,104.527,-2.222,0.051,True,0.000,0.000,-2.222,0.051,2.223,0.000,0.000,0.000,0.983
16:11:53.338,104.547,-1.952,0.326,True,0.000,0.000,-1.952,0.326,1.979,0.000,0.000,0.000,0.855
16:11:53.359,104.568,-2.538,-3.071,True,0.000,0.000,-2.538,-3.071,3.984,0.000,0.000,0.000,1.060
16:11:53.378,104.588,-2.989,-2.091,True,0.000,0.000,-2.989,-2.091,3.648,0.000,0.000,0.000,0.718
16:11:53.399,104.608,-2.549,-1.286,True,0.000,0.000,-2.549,-1.286,2.855,0.000,0.000,0.000,0.836
16:11:53.420,104.630,-2.205,0.204,True,0.000,0.000,-2.205,0.204,2.215,0.000,0.000,0.000,1.087
16:11:53.440,104.649,-1.958,-2.247,True,0.000,0.000,-1.958,-2.247,2.980,0.000,0.000,0.000,0.504
16:11:53.461,104.670,-4.078,-3.221,True,0.000,0.000,-4.078,-3.221,5.197,0.000,0.000,0.000,0.958
16:11:53.482,104.691,-3.355,-2.119,True,0.000,0.000,-3.355,-2.119,3.968,0.000,0.000,0.000,1.201
16:11:53.502,104.711,-2.754,-1.240,True,0.000,0.000,-2.754,-1.240,3.021,0.000,0.000,0.000,0.829
16:11:53.523,104.732,-2.296,-0.594,True,0.000,0.000,-2.296,-0.594,2.371,0.000,0.000,0.000,1.163
16:11:53.543,104.752,-1.972,-0.155,True,0.000,0.000,-1.972,-0.155,1.978,0.000,0.000,0.000,1.091
16:11:53.563,104.772,-1.763,0.113,True,0.000,0.000,-1.763,0.113,1.767,0.000,0.000,0.000,0.514
16:11:53.584,104.793,-3.929,-4.143,True,0.000,0.000,-3.929,-4.143,5.710,0.000,0.000,0.000,1.103
16:11:53.604,104.813,-3.249,-2.887,True,0.000,0.000,-3.249,-2.887,4.346,0.000,0.000,0.000,0.977
16:11:53.624,104.833,-2.686,-1.830,True,0.000,0.000,-2.686,-1.830,3.250,0.000,0.000,0.000,0.519
16:11:53.645,104.854,-2.256,-1.890,True,0.000,0.000,-2.256,-1.890,2.944,0.000,0.000,0.000,0.896
16:11:53.665,104.875,-1.954,-1.064,True,0.000,0.000,-1.954,-1.064,2.225,0.000,0.000,0.000,1.081
16:11:53.686,104.895,-1.760,-0.467,True,0.000,0.000,-1.760,-0.467,1.821,0.000,0.000,0.000,0.904
16:11:53.706,104.915,-1.650,0.807,True,0.000,0.000,-1.650,0.807,1.836,0.000,0.000,0.000,1.001
16:11:53.727,104.936,-2.362,-2.717,True,0.000,0.000,-2.362,-2.717,3.601,0.000,0.000,0.000,0.765
16:11:53.748,104.957,-2.145,-1.851,True,0.000,0.000,-2.145,-1.851,2.833,0.000,0.000,0.000,1.182
16:11:53.769,104.978,-3.499,-4.654,True,0.000,0.000,-3.499,-4.654,5.823,0.000,0.000,0.000,0.633
16:11:53.789,104.998,-2.960,-2.270,True,0.000,0.000,-2.960,-2.270,3.730,0.000,0.000,0.000,0.761
16:11:53.809,105.018,-2.512,-3.918,True,0.000,0.000,-2.512,-3.918,4.654,0.000,0.000,0.000,0.671
16:11:53.829,105.039,-2.168,-2.479,True,0.000,0.000,-2.168,-2.479,3.294,0.000,0.000,0.000,0.517
16:11:53.850,105.060,-1.925,-1.367,True,0.000,0.000,-1.925,-1.367,2.361,0.000,0.000,0.000,0.973
16:11:53.870,105.079,-3.291,-4.966,True,0.000,0.000,-3.291,-4.966,5.957,0.000,0.000,0.000,0.634
16:11:53.890,105.100,-5.067,-6.755,True,0.000,0.000,-5.067,-6.755,8.444,0.000,0.000,0.000,0.617
16:11:53.911,105.120,-4.030,-5.302,True,0.000,0.000,-4.030,-5.302,6.660,0.000,0.000,0.000,0.757
16:11:53.931,105.140,-3.933,-6.725,True,0.000,0.000,-3.933,-6.725,7.790,0.000,0.000,0.000,0.543
16:11:53.951,105.161,-4.591,-6.825,True,0.000,0.000,-4.591,-6.825,8.225,0.000,0.000,0.000,0.634
16:11:53.972,105.181,-3.527,-4.161,True,0.000,0.000,-3.527,-4.161,5.455,0.000,0.000,0.000,1.079
16:11:53.992,105.202,-4.997,-6.546,True,0.000,0.000,-4.997,-6.546,8.235,0.000,0.000,0.000,0.822
16:11:54.013,105.222,-3.794,-3.941,True,0.000,0.000,-3.794,-3.941,5.471,0.000,0.000,0.000,0.619
16:11:54.033,105.242,-2.869,-1.992,True,0.000,0.000,-2.869,-1.992,3.493,0.000,0.000,0.000,0.851
16:11:54.054,105.263,-2.212,-0.647,True,0.000,0.000,-2.212,-0.647,2.305,0.000,0.000,0.000,0.957
16:11:54.074,105.283,-1.785,0.195,True,0.000,0.000,-1.785,0.195,1.796,0.000,0.000,0.000,1.055
16:11:54.095,105.304,-3.063,-2.865,True,0.000,0.000,-3.063,-2.865,4.194,0.000,0.000,0.000,1.144
16:11:54.115,105.324,-2.532,-0.838,True,0.000,0.000,-2.532,-0.838,2.667,0.000,0.000,0.000,1.074
16:11:54.135,105.345,-4.423,-3.739,True,0.000,0.000,-4.423,-3.739,5.792,0.000,0.000,0.000,0.871
16:11:54.156,105.365,-3.528,-1.518,True,0.000,0.000,-3.528,-1.518,3.841,0.000,0.000,0.000,0.923
16:11:54.176,105.385,-3.571,-4.227,True,0.000,0.000,-3.571,-4.227,5.534,0.000,0.000,0.000,1.185
16:11:54.196,105.406,-2.830,-2.719,True,0.000,0.000,-2.830,-2.719,3.924,0.000,0.000,0.000,0.821
16:11:54.217,105.426,-3.043,-1.538,True,0.000,0.000,-3.043,-1.538,3.410,0.000,0.000,0.000,0.699
16:11:54.238,105.447,-2.461,-4.199,True,0.000,0.000,-2.461,-4.199,4.867,0.000,0.000,0.000,0.793
16:11:54.259,105.468,-2.048,-2.667,True,0.000,0.000,-2.048,-2.667,3.362,0.000,0.000,0.000,1.107
16:11:54.280,105.489,-1.779,-1.479,True,0.000,0.000,-1.779,-1.479,2.313,0.000,0.000,0.000,0.722
16:11:54.301,105.510,-1.624,-0.628,True,0.000,0.000,-1.624,-0.628,1.741,0.000,0.000,0.000,1.130
16:11:54.321,105.531,-1.553,-0.069,True,0.000,0.000,-1.553,-0.069,1.555,0.000,0.000,0.000,1.082
16:11:54.342,105.551,-3.061,-3.258,True,0.000,0.000,-3.061,-3.258,4.471,0.000,0.000,0.000,1.213
16:11:54.362,105.571,-2.661,-2.138,True,0.000,0.000,-2.661,-2.138,3.414,0.000,0.000,0.000,0.970
16:11:54.383,105.592,-2.327,-1.247,True,0.000,0.000,-2.327,-1.247,2.640,0.000,0.000,0.000,1.128
16:11:54.403,105.612,-2.071,-0.592,True,0.000,0.000,-2.071,-0.592,2.154,0.000,0.000,0.000,1.031
16:11:54.423,105.632,-4.173,-3.665,True,0.000,0.000,-4.173,-3.665,5.554,0.000,0.000,0.000,0.904
16:11:54.443,105.653,-3.428,-3.309,True,0.000,0.000,-3.428,-3.309,4.764,0.000,0.000,0.000,1.081
16:11:54.464,105.674,-2.806,-2.956,True,0.000,0.000,-2.806,-2.956,4.076,0.000,0.000,0.000,1.137
16:11:54.485,105.694,-2.330,-1.767,True,0.000,0.000,-2.330,-1.767,2.924,0.000,0.000,0.000,1.080
16:11:54.505,105.714,-1.991,-1.760,True,0.000,0.000,-1.991,-1.760,2.658,0.000,0.000,0.000,1.080
16:11:54.525,105.735,-1.772,-0.031,True,0.000,0.000,-1.772,-0.031,1.773,0.000,0.000,0.000,1.026
16:11:54.546,105.755,-2.408,-3.197,True,0.000,0.000,-2.408,-3.197,4.002,0.000,0.000,0.000,1.210
16:11:54.566,105.775,-2.142,-2.070,True,0.000,0.000,-2.142,-2.070,2.979,0.000,0.000,0.000,0.918
16:11:54.587,105.796,-1.946,-1.184,True,0.000,0.000,-1.946,-1.184,2.278,0.000,0.000,0.000,0.970
16:11:54.607,105.816,-1.813,-0.539,True,0.000,0.000,-1.813,-0.539,1.891,0.000,0.000,0.000,0.615
16:11:54.627,105.836,-4.016,-4.503,True,0.000,0.000,-4.016,-4.503,6.033,0.000,0.000,0.000,0.641
16:11:54.647,105.857,-3.346,-3.917,True,0.000,0.000,-3.346,-3.917,5.152,0.000,0.000,0.000,0.796
16:11:54.668,105.877,-2.778,-3.361,True,0.000,0.000,-2.778,-3.361,4.360,0.000,0.000,0.000,1.061
16:11:54.689,105.898,-2.335,-2.009,True,0.000,0.000,-2.335,-2.009,3.080,0.000,0.000,0.000,1.135
16:11:54.710,105.919,-2.015,-0.122,True,0.000,0.000,-2.015,-0.122,2.019,0.000,0.000,0.000,1.154
16:11:54.730,105.939,-1.804,0.328,True,0.000,0.000,-1.804,0.328,1.833,0.000,0.000,0.000,0.917
16:11:54.750,105.960,-3.202,-3.849,True,0.000,0.000,-3.202,-3.849,5.006,0.000,0.000,0.000,1.093
16:11:54.771,105.980,-2.723,-2.583,True,0.000,0.000,-2.723,-2.583,3.753,0.000,0.000,0.000,1.055
16:11:54.791,106.000,-2.337,-2.436,True,0.000,0.000,-2.337,-2.436,3.375,0.000,0.000,0.000,1.037
16:11:54.812,106.021,-2.050,-0.547,True,0.000,0.000,-2.050,-0.547,2.121,0.000,0.000,0.000,1.242
16:11:54.832,106.041,-1.852,-0.045,True,0.000,0.000,-1.852,-0.045,1.853,0.000,0.000,0.000,0.970
16:11:54.852,106.061,-4.014,-3.269,True,0.000,0.000,-4.014,-3.269,5.177,0.000,0.000,0.000,0.566
16:11:54.873,106.082,-3.321,-2.167,True,0.000,0.000,-3.321,-2.167,3.966,0.000,0.000,0.000,1.327
16:11:54.893,106.102,-2.743,-1.283,True,0.000,0.000,-2.743,-1.283,3.028,0.000,0.000,0.000,0.914
16:11:54.914,106.123,-2.298,-0.628,True,0.000,0.000,-2.298,-0.628,2.382,0.000,0.000,0.000,1.119
16:11:54.934,106.143,-4.266,-3.697,True,0.000,0.000,-4.266,-3.697,5.645,0.000,0.000,0.000,1.104
16:11:54.954,106.163,-5.717,-5.092,True,0.000,0.000,-5.717,-5.092,7.656,0.000,0.000,0.000,0.996
16:11:54.974,106.183,-4.418,-3.371,True,0.000,0.000,-4.418,-3.371,5.557,0.000,0.000,0.000,0.568
16:11:54.994,106.204,-4.887,-5.507,True,0.000,0.000,-4.887,-5.507,7.363,0.000,0.000,0.000,1.084
16:11:55.015,106.224,-5.964,-5.278,True,0.000,0.000,-5.964,-5.278,7.965,0.000,0.000,0.000,1.104
16:11:55.035,106.244,-4.423,-4.127,True,0.000,0.000,-4.423,-4.127,6.050,0.000,0.000,0.000,0.873
16:11:55.056,106.265,-3.231,-5.861,True,0.000,0.000,-3.231,-5.861,6.693,0.000,0.000,0.000,1.268
16:11:55.076,106.285,-3.141,-7.119,True,0.000,0.000,-3.141,-7.119,7.781,0.000,0.000,0.000,0.969
16:11:55.096,106.305,-2.374,-4.442,True,0.000,0.000,-2.374,-4.442,5.037,0.000,0.000,0.000,1.292
16:11:55.116,106.325,-1.866,-3.271,True,0.000,0.000,-1.866,-3.271,3.766,0.000,0.000,0.000,0.916
16:11:55.137,106.346,3.764,0.178,True,0.000,0.000,3.764,0.178,3.768,0.000,0.000,0.000,1.137
16:11:55.158,106.367,2.448,1.723,True,0.000,0.000,2.448,1.723,2.994,0.000,0.000,0.000,0.859
16:11:55.179,106.388,-0.323,-1.754,True,0.000,0.000,-0.323,-1.754,1.784,0.000,0.000,0.000,0.809
16:11:55.199,106.408,-2.490,-4.492,True,0.000,0.000,-2.490,-4.492,5.136,0.000,0.000,0.000,0.975
16:11:55.219,106.428,-2.533,-2.089,True,0.000,0.000,-2.533,-2.089,3.283,0.000,0.000,0.000,0.600
16:11:55.240,106.449,-3.227,-4.627,True,0.000,0.000,-3.227,-4.627,5.642,0.000,0.000,0.000,1.208
16:11:55.260,106.469,-5.181,-6.489,True,0.000,0.000,-5.181,-6.489,8.304,0.000,0.000,0.000,0.715
16:11:55.281,106.490,-4.232,-4.230,True,0.000,0.000,-4.232,-4.230,5.984,0.000,0.000,0.000,1.125
16:11:55.301,106.510,-4.922,-5.959,True,0.000,0.000,-4.922,-5.959,7.729,0.000,0.000,0.000,0.984
16:11:55.321,106.531,-3.837,-4.566,True,0.000,0.000,-3.837,-4.566,5.964,0.000,0.000,0.000,1.057
16:11:55.342,106.551,-2.973,-2.595,True,0.000,0.000,-2.973,-2.595,3.947,0.000,0.000,0.000,1.118
16:11:55.362,106.571,-4.623,-5.560,True,0.000,0.000,-4.623,-5.560,7.231,0.000,0.000,0.000,0.499
16:11:55.383,106.592,-3.567,-6.918,True,0.000,0.000,-3.567,-6.918,7.783,0.000,0.000,0.000,1.003
16:11:55.403,106.613,-2.753,-3.442,True,0.000,0.000,-2.753,-3.442,4.407,0.000,0.000,0.000,1.082
16:11:55.423,106.632,-2.172,-2.573,True,0.000,0.000,-2.172,-2.573,3.367,0.000,0.000,0.000,0.728
16:11:55.444,106.653,-4.839,-2.015,True,0.000,0.000,-4.839,-2.015,5.242,0.000,0.000,0.000,1.178
16:11:55.464,106.673,-3.784,0.058,True,0.000,0.000,-3.784,0.058,3.785,0.000,0.000,0.000,0.878
16:11:55.485,106.694,-3.706,-0.286,True,0.000,0.000,-3.706,-0.286,3.717,0.000,0.000,0.000,1.233
16:11:55.505,106.714,-3.641,-2.447,True,0.000,0.000,-3.641,-2.447,4.387,0.000,0.000,0.000,0.639
16:11:55.526,106.735,-2.830,-0.597,True,0.000,0.000,-2.830,-0.597,2.892,0.000,0.000,0.000,1.047
16:11:55.546,106.755,-2.242,-0.110,True,0.000,0.000,-2.242,-0.110,2.245,0.000,0.000,0.000,1.014
16:11:55.566,106.776,-1.851,0.180,True,0.000,0.000,-1.851,0.180,1.860,0.000,0.000,0.000,0.711
16:11:55.587,106.796,-1.619,1.202,True,0.000,0.000,-1.619,1.202,2.016,0.000,0.000,0.000,0.892
16:11:55.608,106.817,-1.504,1.004,True,0.000,0.000,-1.504,1.004,1.808,0.000,0.000,0.000,0.995
16:11:55.628,106.837,-2.992,-2.743,True,0.000,0.000,-2.992,-2.743,4.059,0.000,0.000,0.000,1.004
16:11:55.648,106.858,-4.874,-5.517,True,0.000,0.000,-4.874,-5.517,7.361,0.000,0.000,0.000,0.562
16:11:55.669,106.878,-3.920,-3.892,True,0.000,0.000,-3.920,-3.892,5.524,0.000,0.000,0.000,1.071
16:11:55.689,106.898,-3.122,-2.506,True,0.000,0.000,-3.122,-2.506,4.003,0.000,0.000,0.000,0.560
16:11:55.710,106.919,-3.268,-1.420,True,0.000,0.000,-3.268,-1.420,3.563,0.000,0.000,0.000,0.792
16:11:55.731,106.940,-2.621,-0.634,True,0.000,0.000,-2.621,-0.634,2.697,0.000,0.000,0.000,1.091
16:11:55.751,106.960,-3.675,-3.627,True,0.000,0.000,-3.675,-3.627,5.163,0.000,0.000,0.000,1.026
16:11:55.771,106.980,-2.944,-2.351,True,0.000,0.000,-2.944,-2.351,3.767,0.000,0.000,0.000,0.615
16:11:55.792,107.001,-3.149,-1.347,True,0.000,0.000,-3.149,-1.347,3.425,0.000,0.000,0.000,0.673
16:11:55.812,107.022,-2.550,-1.494,True,0.000,0.000,-2.550,-1.494,2.956,0.000,0.000,0.000,0.770
16:11:55.833,107.042,-2.117,-0.764,True,0.000,0.000,-2.117,-0.764,2.250,0.000,0.000,0.000,0.934
16:11:55.853,107.062,-2.590,-0.258,True,0.000,0.000,-2.590,-0.258,2.602,0.000,0.000,0.000,1.069
16:11:55.873,107.082,-2.209,0.061,True,0.000,0.000,-2.209,0.061,2.210,0.000,0.000,0.000,0.679
16:11:55.894,107.103,-1.940,0.235,True,0.000,0.000,-1.940,0.235,1.954,0.000,0.000,0.000,1.035
16:11:55.914,107.123,-1.766,-3.210,True,0.000,0.000,-1.766,-3.210,3.664,0.000,0.000,0.000,1.043
16:11:55.934,107.143,-1.667,-2.240,True,0.000,0.000,-1.667,-2.240,2.793,0.000,0.000,0.000,0.654
16:11:55.955,107.164,-1.623,-1.423,True,0.000,0.000,-1.623,-1.423,2.158,0.000,0.000,0.000,1.134
16:11:55.975,107.184,-2.376,-1.668,True,0.000,0.000,-2.376,-1.668,2.903,0.000,0.000,0.000,0.633
16:11:55.996,107.205,-2.180,-0.972,True,0.000,0.000,-2.180,-0.972,2.387,0.000,0.000,0.000,0.976
16:11:56.017,107.226,-3.542,-4.856,True,0.000,0.000,-3.542,-4.856,6.010,0.000,0.000,0.000,1.156
16:11:56.037,107.246,-3.002,-4.183,True,0.000,0.000,-3.002,-4.183,5.149,0.000,0.000,0.000,1.029
16:11:56.057,107.266,-2.549,-2.666,True,0.000,0.000,-2.549,-2.666,3.689,0.000,0.000,0.000,0.658
16:11:56.078,107.287,-2.198,-1.487,True,0.000,0.000,-2.198,-1.487,2.654,0.000,0.000,0.000,0.880
16:11:56.098,107.307,-4.231,-4.156,True,0.000,0.000,-4.231,-4.156,5.931,0.000,0.000,0.000,0.528
16:11:56.118,107.328,-4.201,-2.633,True,0.000,0.000,-4.201,-2.633,4.958,0.000,0.000,0.000,0.712
16:11:56.139,107.348,-4.104,-4.090,True,0.000,0.000,-4.104,-4.090,5.795,0.000,0.000,0.000,0.686
16:11:56.159,107.369,-3.220,-2.523,True,0.000,0.000,-3.220,-2.523,4.091,0.000,0.000,0.000,0.913
16:11:56.183,107.392,-2.545,-1.332,True,0.000,0.000,-2.545,-1.332,2.872,0.000,0.000,0.000,1.205
16:11:56.204,107.413,-2.068,-1.376,True,0.000,0.000,-2.068,-1.376,2.484,0.000,0.000,0.000,1.076
16:11:56.224,107.433,-1.761,-0.600,True,0.000,0.000,-1.761,-0.600,1.860,0.000,0.000,0.000,1.106
16:11:56.245,107.454,-1.587,-0.967,True,0.000,0.000,-1.587,-0.967,1.858,0.000,0.000,0.000,1.203
16:11:56.265,107.475,-1.509,0.455,True,0.000,0.000,-1.509,0.455,1.576,0.000,0.000,0.000,1.121
16:11:56.285,107.495,-3.779,-2.063,True,0.000,0.000,-3.779,-2.063,4.306,0.000,0.000,0.000,0.981
16:11:56.305,107.515,-3.176,-1.340,True,0.000,0.000,-3.176,-1.340,3.447,0.000,0.000,0.000,0.585
16:11:56.326,107.535,-2.666,-1.649,True,0.000,0.000,-2.666,-1.649,3.135,0.000,0.000,0.000,1.099
16:11:56.347,107.556,-2.269,-0.113,True,0.000,0.000,-2.269,-0.113,2.272,0.000,0.000,0.000,1.246
16:11:56.368,107.577,-1.983,0.137,True,0.000,0.000,-1.983,0.137,1.988,0.000,0.000,0.000,1.184
16:11:56.388,107.597,-1.795,0.263,True,0.000,0.000,-1.795,0.263,1.814,0.000,0.000,0.000,0.998
16:11:56.408,107.617,-1.684,0.304,True,0.000,0.000,-1.684,0.304,1.712,0.000,0.000,0.000,0.606
16:11:56.428,107.637,-1.631,0.291,True,0.000,0.000,-1.631,0.291,1.657,0.000,0.000,0.000,0.525
16:11:56.449,107.659,-1.617,-0.630,True,0.000,0.000,-1.617,-0.630,1.735,0.000,0.000,0.000,1.108
16:11:56.469,107.678,-4.672,-2.200,True,0.000,0.000,-4.672,-2.200,5.164,0.000,0.000,0.000,0.612
16:11:56.489,107.699,-3.857,-2.437,True,0.000,0.000,-3.857,-2.437,4.563,0.000,0.000,0.000,0.559
16:11:56.510,107.719,-3.146,-1.645,True,0.000,0.000,-3.146,-1.645,3.550,0.000,0.000,0.000,0.533
16:11:56.531,107.740,-2.578,-1.000,True,0.000,0.000,-2.578,-1.000,2.765,0.000,0.000,0.000,0.994
16:11:56.551,107.760,-2.158,-0.514,True,0.000,0.000,-2.158,-0.514,2.218,0.000,0.000,0.000,0.525
16:11:56.572,107.781,-3.395,-3.692,True,0.000,0.000,-3.395,-3.692,5.016,0.000,0.000,0.000,1.119
16:11:56.591,107.801,-2.802,-3.393,True,0.000,0.000,-2.802,-3.393,4.400,0.000,0.000,0.000,0.682
16:11:56.612,107.821,-3.865,-3.062,True,0.000,0.000,-3.865,-3.062,4.931,0.000,0.000,0.000,0.514
16:11:56.632,107.842,-5.400,-5.389,True,0.000,0.000,-5.400,-5.389,7.629,0.000,0.000,0.000,1.061
16:11:56.653,107.862,-4.187,-3.525,True,0.000,0.000,-4.187,-3.525,5.473,0.000,0.000,0.000,1.084
16:11:56.673,107.882,-5.494,-5.562,True,0.000,0.000,-5.494,-5.562,7.818,0.000,0.000,0.000,0.632
16:11:56.694,107.903,-5.662,-7.028,True,0.000,0.000,-5.662,-7.028,9.025,0.000,0.000,0.000,1.279
16:11:56.714,107.923,-4.192,-4.480,True,0.000,0.000,-4.192,-4.480,6.136,0.000,0.000,0.000,0.958
16:11:56.734,107.943,-3.829,-1.621,True,0.000,0.000,-3.829,-1.621,4.158,0.000,0.000,0.000,1.076
16:11:56.754,107.964,-5.110,-4.833,True,0.000,0.000,-5.110,-4.833,7.033,0.000,0.000,0.000,1.031
16:11:56.775,107.984,-3.786,-3.781,True,0.000,0.000,-3.786,-3.781,5.351,0.000,0.000,0.000,1.173
16:11:56.796,108.005,-5.078,-3.854,True,0.000,0.000,-5.078,-3.854,6.375,0.000,0.000,0.000,1.052
16:11:56.816,108.025,-3.764,-2.165,True,0.000,0.000,-3.764,-2.165,4.342,0.000,0.000,0.000,1.042
16:11:56.836,108.045,-5.063,-4.462,True,0.000,0.000,-5.063,-4.462,6.749,0.000,0.000,0.000,0.823
16:11:56.857,108.066,-3.756,-2.692,True,0.000,0.000,-3.756,-2.692,4.621,0.000,0.000,0.000,1.016
16:11:56.878,108.087,-3.537,-0.486,True,0.000,0.000,-3.537,-0.486,3.571,0.000,0.000,0.000,1.109
16:11:56.897,108.106,-2.651,0.189,True,0.000,0.000,-2.651,0.189,2.658,0.000,0.000,0.000,0.675
16:11:56.918,108.127,-4.326,-2.086,True,0.000,0.000,-4.326,-2.086,4.803,0.000,0.000,0.000,1.081
16:11:56.938,108.147,-3.319,-1.222,True,0.000,0.000,-3.319,-1.222,3.537,0.000,0.000,0.000,0.955
16:11:56.958,108.167,-2.562,-0.585,True,0.000,0.000,-2.562,-0.585,2.628,0.000,0.000,0.000,0.663
16:11:56.979,108.188,-2.037,-0.153,True,0.000,0.000,-2.037,-0.153,2.043,0.000,0.000,0.000,1.029
16:11:56.999,108.209,-1.707,0.110,True,0.000,0.000,-1.707,0.110,1.710,0.000,0.000,0.000,1.246
16:11:57.019,108.229,-1.525,1.126,True,0.000,0.000,-1.525,1.126,1.896,0.000,0.000,0.000,1.010
16:11:57.040,108.249,-1.451,0.933,True,0.000,0.000,-1.451,0.933,1.725,0.000,0.000,0.000,0.987
16:11:57.060,108.269,-2.968,-2.803,True,0.000,0.000,-2.968,-2.803,4.082,0.000,0.000,0.000,1.141
16:11:57.080,108.289,-2.585,-2.047,True,0.000,0.000,-2.585,-2.047,3.298,0.000,0.000,0.000,0.955
16:11:57.104,108.313,-2.270,-2.253,True,0.000,0.000,-2.270,-2.253,3.199,0.000,0.000,0.000,1.142
16:11:57.124,108.333,-2.031,-1.466,True,0.000,0.000,-2.031,-1.466,2.505,0.000,0.000,0.000,1.148
16:11:57.144,108.353,-1.864,-4.360,True,0.000,0.000,-1.864,-4.360,4.742,0.000,0.000,0.000,1.060
16:11:57.164,108.373,-2.518,-6.456,True,0.000,0.000,-2.518,-6.456,6.930,0.000,0.000,0.000,1.060
16:11:57.185,108.394,-2.249,-7.850,True,0.000,0.000,-2.249,-7.850,8.166,0.000,0.000,0.000,1.022
16:11:57.205,108.415,-2.039,-6.043,True,0.000,0.000,-2.039,-6.043,6.377,0.000,0.000,0.000,1.079
16:11:57.225,108.434,-2.648,-3.660,True,0.000,0.000,-2.648,-3.660,4.518,0.000,0.000,0.000,0.553
16:11:57.246,108.455,-2.338,-1.871,True,0.000,0.000,-2.338,-1.871,2.995,0.000,0.000,0.000,0.854
16:11:57.266,108.476,-2.094,-0.631,True,0.000,0.000,-2.094,-0.631,2.187,0.000,0.000,0.000,0.956
16:11:57.287,108.496,-1.916,0.149,True,0.000,0.000,-1.916,0.149,1.922,0.000,0.000,0.000,1.133
16:11:57.308,108.517,-1.797,0.575,True,0.000,0.000,-1.797,0.575,1.887,0.000,0.000,0.000,1.148
16:11:57.328,108.537,-1.726,0.749,True,0.000,0.000,-1.726,0.749,1.881,0.000,0.000,0.000,0.747
16:11:57.349,108.558,-1.690,0.760,True,0.000,0.000,-1.690,0.760,1.853,0.000,0.000,0.000,1.075
16:11:57.369,108.578,-2.440,-1.083,True,0.000,0.000,-2.440,-1.083,2.669,0.000,0.000,0.000,0.884
16:11:57.389,108.598,-2.235,-1.607,True,0.000,0.000,-2.235,-1.607,2.752,0.000,0.000,0.000,0.774
16:11:57.410,108.619,-2.062,-1.077,True,0.000,0.000,-2.062,-1.077,2.327,0.000,0.000,0.000,1.090
16:11:57.430,108.639,-1.929,-0.648,True,0.000,0.000,-1.929,-0.648,2.035,0.000,0.000,0.000,0.750
16:11:57.450,108.659,-1.834,-1.206,True,0.000,0.000,-1.834,-1.206,2.195,0.000,0.000,0.000,0.538
16:11:57.471,108.680,-2.533,-4.259,True,0.000,0.000,-2.533,-4.259,4.955,0.000,0.000,0.000,0.828
16:11:57.492,108.701,-4.572,-6.458,True,0.000,0.000,-4.572,-6.458,7.912,0.000,0.000,0.000,0.993
16:11:57.512,108.721,-3.743,-4.394,True,0.000,0.000,-3.743,-4.394,5.772,0.000,0.000,0.000,0.804
16:11:57.532,108.741,-3.037,-2.699,True,0.000,0.000,-3.037,-2.699,4.063,0.000,0.000,0.000,0.683
16:11:57.553,108.762,-2.485,-2.293,True,0.000,0.000,-2.485,-2.293,3.381,0.000,0.000,0.000,1.263
16:11:57.573,108.782,-2.085,-0.275,True,0.000,0.000,-2.085,-0.275,2.103,0.000,0.000,0.000,0.673
16:11:57.594,108.803,-4.104,-3.246,True,0.000,0.000,-4.104,-3.246,5.233,0.000,0.000,0.000,1.104
16:11:57.614,108.823,-4.081,-4.640,True,0.000,0.000,-4.081,-4.640,6.179,0.000,0.000,0.000,0.777
16:11:57.634,108.844,-3.241,-2.971,True,0.000,0.000,-3.241,-2.971,4.397,0.000,0.000,0.000,0.807
16:11:57.655,108.864,-2.589,-0.791,True,0.000,0.000,-2.589,-0.791,2.707,0.000,0.000,0.000,1.023
16:11:57.675,108.885,-2.120,-0.093,True,0.000,0.000,-2.120,-0.093,2.122,0.000,0.000,0.000,0.905
16:11:57.696,108.905,-2.572,-3.201,True,0.000,0.000,-2.572,-3.201,4.107,0.000,0.000,0.000,0.612
16:11:57.718,108.928,-3.705,-5.557,True,0.000,0.000,-3.705,-5.557,6.679,0.000,0.000,0.000,0.999
16:11:57.738,108.948,-3.777,-7.205,True,0.000,0.000,-3.777,-7.205,8.135,0.000,0.000,0.000,0.606
16:11:57.759,108.968,-3.027,-4.739,True,0.000,0.000,-3.027,-4.739,5.624,0.000,0.000,0.000,1.182
16:11:57.779,108.989,-2.451,-2.775,True,0.000,0.000,-2.451,-2.775,3.702,0.000,0.000,0.000,1.109
16:11:57.800,109.009,-2.804,-0.449,True,0.000,0.000,-2.804,-0.449,2.839,0.000,0.000,0.000,1.071
16:11:57.820,109.029,-4.613,-3.225,True,0.000,0.000,-4.613,-3.225,5.629,0.000,0.000,0.000,1.084
16:11:57.841,109.050,-3.649,-2.753,True,0.000,0.000,-3.649,-2.753,4.571,0.000,0.000,0.000,1.143
16:11:57.861,109.070,-5.161,-5.915,True,0.000,0.000,-5.161,-5.915,7.850,0.000,0.000,0.000,1.150
16:11:57.881,109.090,-4.724,-2.947,True,0.000,0.000,-4.724,-2.947,5.569,0.000,0.000,0.000,1.187
16:11:57.902,109.111,-4.335,-1.547,True,0.000,0.000,-4.335,-1.547,4.602,0.000,0.000,0.000,1.242
16:11:57.922,109.131,-3.256,-0.567,True,0.000,0.000,-3.256,-0.567,3.305,0.000,0.000,0.000,1.196
16:11:57.942,109.152,-3.227,-3.458,True,0.000,0.000,-3.227,-3.458,4.730,0.000,0.000,0.000,1.125
16:11:57.963,109.172,-2.485,-2.144,True,0.000,0.000,-2.485,-2.144,3.282,0.000,0.000,0.000,0.910
16:11:57.983,109.192,-1.978,-1.142,True,0.000,0.000,-1.978,-1.142,2.284,0.000,0.000,0.000,1.230
16:11:58.004,109.213,-3.948,-3.952,True,0.000,0.000,-3.948,-3.952,5.586,0.000,0.000,0.000,1.215
16:11:58.024,109.233,-5.439,-6.049,True,0.000,0.000,-5.439,-6.049,8.135,0.000,0.000,0.000,1.232
16:11:58.044,109.254,-4.195,-3.097,True,0.000,0.000,-4.195,-3.097,5.215,0.000,0.000,0.000,1.172
16:11:58.065,109.274,-3.961,-1.688,True,0.000,0.000,-3.961,-1.688,4.306,0.000,0.000,0.000,0.852
16:11:58.085,109.294,-3.777,-4.201,True,0.000,0.000,-3.777,-4.201,5.649,0.000,0.000,0.000,0.768
16:11:58.106,109.315,-2.882,-3.463,True,0.000,0.000,-2.882,-3.463,4.505,0.000,0.000,0.000,0.748
16:11:58.126,109.335,-4.524,-5.511,True,0.000,0.000,-4.524,-5.511,7.130,0.000,0.000,0.000,0.714
16:11:58.147,109.356,-3.476,-4.353,True,0.000,0.000,-3.476,-4.353,5.570,0.000,0.000,0.000,0.759
16:11:58.167,109.376,-4.960,-6.056,True,0.000,0.000,-4.960,-6.056,7.828,0.000,0.000,0.000,0.997
16:11:58.188,109.397,-5.293,-7.274,True,0.000,0.000,-5.293,-7.274,8.996,0.000,0.000,0.000,1.080
16:11:58.208,109.417,-3.960,-4.555,True,0.000,0.000,-3.960,-4.555,6.036,0.000,0.000,0.000,0.583
16:11:58.229,109.438,-2.942,-3.348,True,0.000,0.000,-2.942,-3.348,4.456,0.000,0.000,0.000,0.819
16:11:58.249,109.458,-2.223,-1.626,True,0.000,0.000,-2.223,-1.626,2.754,0.000,0.000,0.000,1.072
16:11:58.269,109.478,-1.760,-0.454,True,0.000,0.000,-1.760,-0.454,1.817,0.000,0.000,0.000,0.516
16:11:58.290,109.499,-1.497,0.267,True,0.000,0.000,-1.497,0.267,1.520,0.000,0.000,0.000,0.891
16:11:58.310,109.519,-1.379,0.645,True,0.000,0.000,-1.379,0.645,1.523,0.000,0.000,0.000,1.183
16:11:58.331,109.540,-4.404,-0.095,True,0.000,0.000,-4.404,-0.095,4.405,0.000,0.000,0.000,0.873
16:11:58.352,109.561,-3.604,-0.747,True,0.000,0.000,-3.604,-0.747,3.680,0.000,0.000,0.000,0.929
16:11:58.372,109.581,-5.215,-3.029,True,0.000,0.000,-5.215,-3.029,6.030,0.000,0.000,0.000,1.113
16:11:58.393,109.602,-4.066,-2.935,True,0.000,0.000,-4.066,-2.935,5.015,0.000,0.000,0.000,1.154
16:11:58.413,109.622,-3.140,-1.896,True,0.000,0.000,-3.140,-1.896,3.668,0.000,0.000,0.000,0.902
16:11:58.433,109.642,-2.450,-1.081,True,0.000,0.000,-2.450,-1.081,2.678,0.000,0.000,0.000,0.737
16:11:58.454,109.663,-5.022,-3.125,True,0.000,0.000,-5.022,-3.125,5.915,0.000,0.000,0.000,1.123
16:11:58.473,109.683,-3.891,-2.006,True,0.000,0.000,-3.891,-2.006,4.378,0.000,0.000,0.000,0.564
16:11:58.494,109.703,-2.996,-3.768,True,0.000,0.000,-2.996,-3.768,4.814,0.000,0.000,0.000,0.949
16:11:58.515,109.724,-2.341,-1.534,True,0.000,0.000,-2.341,-1.534,2.798,0.000,0.000,0.000,1.119
16:11:58.534,109.743,-3.422,-2.475,True,0.000,0.000,-3.422,-2.475,4.224,0.000,0.000,0.000,0.534
16:11:58.555,109.764,-2.737,-1.443,True,0.000,0.000,-2.737,-1.443,3.095,0.000,0.000,0.000,0.577
16:11:58.577,109.786,-2.233,0.194,True,0.000,0.000,-2.233,0.194,2.241,0.000,0.000,0.000,1.216
16:11:58.597,109.806,-1.890,0.465,True,0.000,0.000,-1.890,0.465,1.946,0.000,0.000,0.000,1.078
16:11:58.617,109.826,-1.680,0.564,True,0.000,0.000,-1.680,0.564,1.773,0.000,0.000,0.000,0.576
16:11:58.637,109.847,-1.571,0.554,True,0.000,0.000,-1.571,0.554,1.666,0.000,0.000,0.000,0.806
16:11:58.658,109.867,-1.532,0.482,True,0.000,0.000,-1.532,0.482,1.606,0.000,0.000,0.000,0.589
16:11:58.678,109.887,-1.538,-0.495,True,0.000,0.000,-1.538,-0.495,1.615,0.000,0.000,0.000,0.563
16:11:58.699,109.908,-3.852,-2.112,True,0.000,0.000,-3.852,-2.112,4.393,0.000,0.000,0.000,0.919
16:11:58.719,109.928,-3.265,-2.387,True,0.000,0.000,-3.265,-2.387,4.045,0.000,0.000,0.000,0.551
16:11:58.739,109.948,-2.754,-2.502,True,0.000,0.000,-2.754,-2.502,3.720,0.000,0.000,0.000,0.747
16:11:58.760,109.969,-3.868,-5.149,True,0.000,0.000,-3.868,-5.149,6.440,0.000,0.000,0.000,1.121
16:11:58.781,109.990,-5.433,-7.011,True,0.000,0.000,-5.433,-7.011,8.870,0.000,0.000,0.000,0.851
16:11:58.801,110.010,-4.233,-4.690,True,0.000,0.000,-4.233,-4.690,6.318,0.000,0.000,0.000,1.052
16:11:58.821,110.030,-3.257,-2.814,True,0.000,0.000,-3.257,-2.814,4.304,0.000,0.000,0.000,1.032
16:11:58.841,110.050,-2.525,-1.413,True,0.000,0.000,-2.525,-1.413,2.893,0.000,0.000,0.000,0.650
16:11:58.862,110.071,-2.019,-0.448,True,0.000,0.000,-2.019,-0.448,2.068,0.000,0.000,0.000,1.080
16:11:58.883,110.092,-1.701,-3.361,True,0.000,0.000,-1.701,-3.361,3.767,0.000,0.000,0.000,1.043
16:11:58.903,110.112,-2.289,-1.193,True,0.000,0.000,-2.289,-1.193,2.581,0.000,0.000,0.000,0.839
16:11:58.923,110.132,-3.532,-3.971,True,0.000,0.000,-3.532,-3.971,5.314,0.000,0.000,0.000,0.828
16:11:58.944,110.153,-3.688,-6.047,True,0.000,0.000,-3.688,-6.047,7.083,0.000,0.000,0.000,0.761
16:11:58.964,110.173,-3.757,-5.720,True,0.000,0.000,-3.757,-5.720,6.844,0.000,0.000,0.000,0.740
16:11:58.984,110.194,-3.009,-3.582,True,0.000,0.000,-3.009,-3.582,4.678,0.000,0.000,0.000,0.708
16:11:59.005,110.214,-4.720,-6.335,True,0.000,0.000,-4.720,-6.335,7.900,0.000,0.000,0.000,0.925
16:11:59.025,110.234,-3.687,-3.964,True,0.000,0.000,-3.687,-3.964,5.414,0.000,0.000,0.000,0.834
16:11:59.046,110.255,-5.156,-5.661,True,0.000,0.000,-5.156,-5.661,7.657,0.000,0.000,0.000,0.960
16:11:59.067,110.276,-5.456,-7.800,True,0.000,0.000,-5.456,-7.800,9.519,0.000,0.000,0.000,1.057
16:11:59.087,110.296,-4.085,-4.907,True,0.000,0.000,-4.085,-4.907,6.385,0.000,0.000,0.000,1.063
16:11:59.108,110.317,-3.792,-1.800,True,0.000,0.000,-3.792,-1.800,4.197,0.000,0.000,0.000,1.034
16:11:59.128,110.337,-5.117,-4.851,True,0.000,0.000,-5.117,-4.851,7.050,0.000,0.000,0.000,0.985
16:11:59.149,110.359,-3.817,-2.825,True,0.000,0.000,-3.817,-2.825,4.749,0.000,0.000,0.000,0.928
16:11:59.170,110.379,-2.835,-2.217,True,0.000,0.000,-2.835,-2.217,3.599,0.000,0.000,0.000,1.054
16:11:59.190,110.400,-4.433,-4.486,True,0.000,0.000,-4.433,-4.486,6.307,0.000,0.000,0.000,0.942
16:11:59.211,110.421,-3.370,-2.697,True,0.000,0.000,-3.370,-2.697,4.316,0.000,0.000,0.000,1.120
16:11:59.232,110.441,-4.098,-4.874,True,0.000,0.000,-4.098,-4.874,6.368,0.000,0.000,0.000,1.145
16:11:59.252,110.461,-3.132,-3.866,True,0.000,0.000,-3.132,-3.866,4.975,0.000,0.000,0.000,1.068
16:11:59.272,110.482,-4.704,-5.712,True,0.000,0.000,-4.704,-5.712,7.399,0.000,0.000,0.000,0.629
16:11:59.293,110.502,-5.117,-7.051,True,0.000,0.000,-5.117,-7.051,8.712,0.000,0.000,0.000,1.268
16:11:59.313,110.522,-3.850,-4.429,True,0.000,0.000,-3.850,-4.429,5.869,0.000,0.000,0.000,0.612
16:11:59.334,110.543,-4.405,-5.927,True,0.000,0.000,-4.405,-5.927,7.385,0.000,0.000,0.000,0.916
16:11:59.356,110.565,-4.827,-7.044,True,0.000,0.000,-4.827,-7.044,8.539,0.000,0.000,0.000,0.607
16:11:59.377,110.586,-3.600,-5.174,True,0.000,0.000,-3.600,-5.174,6.303,0.000,0.000,0.000,1.178
16:11:59.397,110.606,-2.684,-1.980,True,0.000,0.000,-2.684,-1.980,3.336,0.000,0.000,0.000,0.930
16:11:59.417,110.626,-2.055,-0.566,True,0.000,0.000,-2.055,-0.566,2.131,0.000,0.000,0.000,0.526
16:11:59.437,110.646,-1.662,0.306,True,0.000,0.000,-1.662,0.306,1.690,0.000,0.000,0.000,0.809
16:11:59.458,110.667,-1.451,-1.871,True,0.000,0.000,-1.451,-1.871,2.368,0.000,0.000,0.000,0.730
16:11:59.479,110.688,-1.368,-0.976,True,0.000,0.000,-1.368,-0.976,1.681,0.000,0.000,0.000,1.109
16:11:59.499,110.708,-1.368,-0.352,True,0.000,0.000,-1.368,-0.352,1.413,0.000,0.000,0.000,1.151
16:11:59.519,110.728,-3.700,-3.470,True,0.000,0.000,-3.700,-3.470,5.072,0.000,0.000,0.000,0.563
16:11:59.539,110.748,-3.141,-2.284,True,0.000,0.000,-3.141,-2.284,3.884,0.000,0.000,0.000,0.755
16:11:59.560,110.769,-2.660,-2.217,True,0.000,0.000,-2.660,-2.217,3.463,0.000,0.000,0.000,1.119
16:11:59.581,110.790,-4.564,-4.795,True,0.000,0.000,-4.564,-4.795,6.620,0.000,0.000,0.000,1.068
16:11:59.601,110.810,-3.660,-3.144,True,0.000,0.000,-3.660,-3.144,4.825,0.000,0.000,0.000,1.123
16:11:59.621,110.830,-2.921,-0.953,True,0.000,0.000,-2.921,-0.953,3.072,0.000,0.000,0.000,0.598
16:11:59.643,110.852,-2.363,0.648,True,0.000,0.000,-2.363,0.648,2.451,0.000,0.000,0.000,1.171
16:11:59.663,110.872,-1.975,-0.034,True,0.000,0.000,-1.975,-0.034,1.976,0.000,0.000,0.000,1.052
16:11:59.683,110.893,-2.491,-0.660,True,0.000,0.000,-2.491,-0.660,2.577,0.000,0.000,0.000,0.873
16:11:59.704,110.913,-2.147,-1.179,True,0.000,0.000,-2.147,-1.179,2.449,0.000,0.000,0.000,1.200
16:11:59.724,110.934,-1.905,-0.698,True,0.000,0.000,-1.905,-0.698,2.029,0.000,0.000,0.000,0.947
16:11:59.745,110.954,-3.274,-3.857,True,0.000,0.000,-3.274,-3.857,5.059,0.000,0.000,0.000,0.871
16:11:59.765,110.974,-5.054,-6.163,True,0.000,0.000,-5.054,-6.163,7.971,0.000,0.000,0.000,0.869
16:11:59.786,110.995,-4.021,-5.075,True,0.000,0.000,-4.021,-5.075,6.475,0.000,0.000,0.000,1.014
16:11:59.806,111.015,-5.450,-6.732,True,0.000,0.000,-5.450,-6.732,8.662,0.000,0.000,0.000,1.032
16:11:59.827,111.036,-6.454,-7.844,True,0.000,0.000,-6.454,-7.844,10.158,0.000,0.000,0.000,1.133
16:11:59.846,111.055,-4.814,-4.997,True,0.000,0.000,-4.814,-4.997,6.939,0.000,0.000,0.000,0.599
16:11:59.867,111.076,-5.803,-6.301,True,0.000,0.000,-5.803,-6.301,8.566,0.000,0.000,0.000,0.863
16:11:59.887,111.097,-4.992,-7.262,True,0.000,0.000,-4.992,-7.262,8.813,0.000,0.000,0.000,1.283
16:11:59.908,111.117,-3.597,-3.520,True,0.000,0.000,-3.597,-3.520,5.033,0.000,0.000,0.000,0.969
16:11:59.928,111.137,-2.586,-2.490,True,0.000,0.000,-2.586,-2.490,3.590,0.000,0.000,0.000,0.914
16:11:59.948,111.157,-1.913,-0.972,True,0.000,0.000,-1.913,-0.972,2.146,0.000,0.000,0.000,0.943
16:11:59.969,111.178,-1.513,0.008,True,0.000,0.000,-1.513,0.008,1.513,0.000,0.000,0.000,0.947
16:11:59.990,111.199,-2.077,-1.194,True,0.000,0.000,-2.077,-1.194,2.396,0.000,0.000,0.000,0.943
16:12:00.010,111.219,-1.809,-0.462,True,0.000,0.000,-1.809,-0.462,1.867,0.000,0.000,0.000,1.074
16:12:00.030,111.239,-1.651,-3.506,True,0.000,0.000,-1.651,-3.506,3.876,0.000,0.000,0.000,0.769
16:12:00.051,111.260,-1.431,-3.997,True,0.000,0.000,-1.431,-3.997,4.246,0.000,0.000,0.000,0.975
16:12:00.071,111.280,-3.512,-7.701,True,0.000,0.000,-3.512,-7.701,8.464,0.000,0.000,0.000,0.874
16:12:00.092,111.301,-5.416,-7.602,True,0.000,0.000,-5.416,-7.602,9.333,0.000,0.000,0.000,0.675
16:12:00.112,111.321,-4.185,-3.791,True,0.000,0.000,-4.185,-3.791,5.646,0.000,0.000,0.000,1.018
16:12:00.132,111.341,-4.032,-5.531,True,0.000,0.000,-4.032,-5.531,6.844,0.000,0.000,0.000,0.836
16:12:00.153,111.363,-3.127,-3.290,True,0.000,0.000,-3.127,-3.290,4.540,0.000,0.000,0.000,0.896
16:12:00.174,111.383,-2.453,-1.630,True,0.000,0.000,-2.453,-1.630,2.945,0.000,0.000,0.000,1.144
16:12:00.194,111.404,-1.988,-0.491,True,0.000,0.000,-1.988,-0.491,2.048,0.000,0.000,0.000,1.075
16:12:00.215,111.424,-3.223,-4.189,True,0.000,0.000,-3.223,-4.189,5.285,0.000,0.000,0.000,1.008
16:12:00.235,111.444,-2.646,-2.602,True,0.000,0.000,-2.646,-2.602,3.711,0.000,0.000,0.000,1.043
16:12:00.255,111.464,-2.213,-1.391,True,0.000,0.000,-2.213,-1.391,2.614,0.000,0.000,0.000,0.646
16:12:00.276,111.485,-2.677,-1.418,True,0.000,0.000,-2.677,-1.418,3.029,0.000,0.000,0.000,0.996
16:12:00.296,111.505,-3.041,-0.627,True,0.000,0.000,-3.041,-0.627,3.105,0.000,0.000,0.000,0.590
16:12:00.317,111.526,-2.545,-0.982,True,0.000,0.000,-2.545,-0.982,2.728,0.000,0.000,0.000,1.066
16:12:00.337,111.546,-2.171,-1.309,True,0.000,0.000,-2.171,-1.309,2.535,0.000,0.000,0.000,0.626
16:12:00.358,111.567,-2.671,-2.461,True,0.000,0.000,-2.671,-2.461,3.632,0.000,0.000,0.000,0.935
16:12:00.378,111.587,-3.058,-3.308,True,0.000,0.000,-3.058,-3.308,4.504,0.000,0.000,0.000,0.629
16:12:00.398,111.607,-2.573,-2.123,True,0.000,0.000,-2.573,-2.123,3.335,0.000,0.000,0.000,0.621
16:12:00.418,111.628,-2.201,-1.197,True,0.000,0.000,-2.201,-1.197,2.505,0.000,0.000,0.000,0.543
16:12:00.439,111.649,-1.938,-1.407,True,0.000,0.000,-1.938,-1.407,2.395,0.000,0.000,0.000,0.996
16:12:00.460,111.669,-1.768,-0.723,True,0.000,0.000,-1.768,-0.723,1.910,0.000,0.000,0.000,0.610
16:12:00.481,111.690,-3.193,-4.642,True,0.000,0.000,-3.193,-4.642,5.634,0.000,0.000,0.000,1.079
16:12:00.501,111.710,-2.731,-4.015,True,0.000,0.000,-2.731,-4.015,4.856,0.000,0.000,0.000,1.118
16:12:00.521,111.730,-2.354,-3.423,True,0.000,0.000,-2.354,-3.423,4.154,0.000,0.000,0.000,1.073
16:12:00.541,111.751,-4.354,-5.559,True,0.000,0.000,-4.354,-5.559,7.061,0.000,0.000,0.000,0.646
16:12:00.562,111.771,-5.051,-7.961,True,0.000,0.000,-5.051,-7.961,9.428,0.000,0.000,0.000,0.889
16:12:00.582,111.792,-3.955,-5.197,True,0.000,0.000,-3.955,-5.197,6.531,0.000,0.000,0.000,1.126
16:12:00.603,111.812,-3.071,-5.645,True,0.000,0.000,-3.071,-5.645,6.427,0.000,0.000,0.000,1.171
16:12:00.623,111.832,-2.414,-3.319,True,0.000,0.000,-2.414,-3.319,4.104,0.000,0.000,0.000,0.998
16:12:00.643,111.852,-1.963,-1.602,True,0.000,0.000,-1.963,-1.602,2.534,0.000,0.000,0.000,0.988
16:12:00.663,111.872,-1.683,-0.436,True,0.000,0.000,-1.683,-0.436,1.738,0.000,0.000,0.000,0.632
16:12:00.683,111.893,-1.534,0.280,True,0.000,0.000,-1.534,0.280,1.559,0.000,0.000,0.000,0.755
16:12:00.704,111.914,-1.476,0.654,True,0.000,0.000,-1.476,0.654,1.614,0.000,0.000,0.000,1.081
16:12:00.724,111.933,-1.478,0.789,True,0.000,0.000,-1.478,0.789,1.675,0.000,0.000,0.000,0.628
16:12:00.745,111.954,-1.513,-2.744,True,0.000,0.000,-1.513,-2.744,3.133,0.000,0.000,0.000,0.887
16:12:00.765,111.974,-1.563,-1.000,True,0.000,0.000,-1.563,-1.000,1.856,0.000,0.000,0.000,0.537
16:12:00.785,111.994,-1.615,-1.406,True,0.000,0.000,-1.615,-1.406,2.142,0.000,0.000,0.000,0.743
16:12:00.805,112.014,-2.425,-2.591,True,0.000,0.000,-2.425,-2.591,3.548,0.000,0.000,0.000,0.758
16:12:00.826,112.035,-2.255,-1.683,True,0.000,0.000,-2.255,-1.683,2.814,0.000,0.000,0.000,0.947
16:12:00.847,112.056,-2.100,-0.967,True,0.000,0.000,-2.100,-0.967,2.312,0.000,0.000,0.000,1.122
16:12:00.867,112.076,-1.973,-0.445,True,0.000,0.000,-1.973,-0.445,2.022,0.000,0.000,0.000,1.174
16:12:00.887,112.096,-1.875,-0.095,True,0.000,0.000,-1.875,-0.095,1.878,0.000,0.000,0.000,0.734
16:12:00.907,112.116,-1.807,0.994,True,0.000,0.000,-1.807,0.994,2.062,0.000,0.000,0.000,0.652
16:12:00.928,112.137,-1.763,-0.020,True,0.000,0.000,-1.763,-0.020,1.764,0.000,0.000,0.000,0.759
16:12:00.948,112.158,-1.739,0.042,True,0.000,0.000,-1.739,0.042,1.739,0.000,0.000,0.000,1.109
16:12:00.968,112.177,-2.489,-0.806,True,0.000,0.000,-2.489,-0.806,2.617,0.000,0.000,0.000,0.680
16:12:00.988,112.198,-2.279,-1.435,True,0.000,0.000,-2.279,-1.435,2.693,0.000,0.000,0.000,0.557
16:12:01.010,112.219,-2.859,-0.985,True,0.000,0.000,-2.859,-0.985,3.024,0.000,0.000,0.000,1.362
16:12:01.029,112.238,-3.269,-2.370,True,0.000,0.000,-3.269,-2.370,4.038,0.000,0.000,0.000,0.622
16:12:01.049,112.259,-3.534,-1.603,True,0.000,0.000,-3.534,-1.603,3.880,0.000,0.000,0.000,0.655
16:12:01.070,112.279,-2.923,-1.855,True,0.000,0.000,-2.923,-1.855,3.462,0.000,0.000,0.000,0.676
16:12:01.091,112.300,-2.438,-1.142,True,0.000,0.000,-2.438,-1.142,2.692,0.000,0.000,0.000,0.959
16:12:01.112,112.321,-2.082,-0.600,True,0.000,0.000,-2.082,-0.600,2.167,0.000,0.000,0.000,0.978
16:12:01.132,112.341,-4.888,-1.979,True,0.000,0.000,-4.888,-1.979,5.273,0.000,0.000,0.000,0.501
16:12:01.152,112.361,-3.906,-1.254,True,0.000,0.000,-3.906,-1.254,4.102,0.000,0.000,0.000,0.743
16:12:01.173,112.382,-3.093,-0.693,True,0.000,0.000,-3.093,-0.693,3.170,0.000,0.000,0.000,0.618
16:12:01.193,112.402,-2.474,-0.292,True,0.000,0.000,-2.474,-0.292,2.491,0.000,0.000,0.000,0.969
16:12:01.213,112.422,-2.037,-0.029,True,0.000,0.000,-2.037,-0.029,2.038,0.000,0.000,0.000,0.577
16:12:01.234,112.443,-1.757,1.003,True,0.000,0.000,-1.757,1.003,2.023,0.000,0.000,0.000,0.999
16:12:01.254,112.463,-4.644,-0.924,True,0.000,0.000,-4.644,-0.924,4.735,0.000,0.000,0.000,0.559
16:12:01.274,112.483,-6.021,-5.031,True,0.000,0.000,-6.021,-5.031,7.846,0.000,0.000,0.000,0.502
16:12:01.295,112.504,-5.406,-7.100,True,0.000,0.000,-5.406,-7.100,8.924,0.000,0.000,0.000,0.628
16:12:01.315,112.524,-4.833,-4.887,True,0.000,0.000,-4.833,-4.887,6.873,0.000,0.000,0.000,0.499
16:12:01.336,112.545,-3.592,-3.048,True,0.000,0.000,-3.592,-3.048,4.711,0.000,0.000,0.000,0.614
16:12:01.357,112.566,-2.669,-1.641,True,0.000,0.000,-2.669,-1.641,3.133,0.000,0.000,0.000,1.131
16:12:01.377,112.586,-2.037,-0.645,True,0.000,0.000,-2.037,-0.645,2.137,0.000,0.000,0.000,0.914
16:12:01.397,112.607,-1.645,-0.003,True,0.000,0.000,-1.645,-0.003,1.645,0.000,0.000,0.000,1.058
16:12:01.418,112.627,-2.198,0.363,True,0.000,0.000,-2.198,0.363,2.228,0.000,0.000,0.000,1.018
16:12:01.438,112.647,-2.671,-2.987,True,0.000,0.000,-2.671,-2.987,4.007,0.000,0.000,0.000,0.801
16:12:01.459,112.668,-2.280,-1.990,True,0.000,0.000,-2.280,-1.990,3.027,0.000,0.000,0.000,1.192
16:12:01.480,112.689,-4.281,-4.703,True,0.000,0.000,-4.281,-4.703,6.360,0.000,0.000,0.000,1.112
16:12:01.499,112.708,-3.466,-3.140,True,0.000,0.000,-3.466,-3.140,4.676,0.000,0.000,0.000,0.714
16:12:01.519,112.728,-2.800,-1.878,True,0.000,0.000,-2.800,-1.878,3.371,0.000,0.000,0.000,0.639
16:12:01.540,112.749,-2.299,-0.059,True,0.000,0.000,-2.299,-0.059,2.299,0.000,0.000,0.000,0.565
16:12:01.560,112.770,-1.950,0.346,True,0.000,0.000,-1.950,0.346,1.981,0.000,0.000,0.000,1.004
16:12:01.581,112.790,-1.730,0.535,True,0.000,0.000,-1.730,0.535,1.811,0.000,0.000,0.000,0.957
16:12:01.602,112.811,-3.893,-2.057,True,0.000,0.000,-3.893,-2.057,4.403,0.000,0.000,0.000,1.088
16:12:01.621,112.831,-3.216,-1.377,True,0.000,0.000,-3.216,-1.377,3.498,0.000,0.000,0.000,0.723
16:12:01.642,112.851,-3.420,-0.826,True,0.000,0.000,-3.420,-0.826,3.518,0.000,0.000,0.000,1.055
16:12:01.662,112.871,-2.788,-3.931,True,0.000,0.000,-2.788,-3.931,4.819,0.000,0.000,0.000,0.978
16:12:01.682,112.892,-3.830,-6.198,True,0.000,0.000,-3.830,-6.198,7.285,0.000,0.000,0.000,0.739
16:12:01.703,112.912,-3.835,-4.204,True,0.000,0.000,-3.835,-4.204,5.690,0.000,0.000,0.000,1.084
16:12:01.723,112.932,-3.041,-2.571,True,0.000,0.000,-3.041,-2.571,3.982,0.000,0.000,0.000,1.054
16:12:01.744,112.953,-4.722,-3.095,True,0.000,0.000,-4.722,-3.095,5.646,0.000,0.000,0.000,0.799
16:12:01.765,112.974,-3.672,-1.751,True,0.000,0.000,-3.672,-1.751,4.068,0.000,0.000,0.000,1.098
16:12:01.785,112.994,-4.371,-4.295,True,0.000,0.000,-4.371,-4.295,6.128,0.000,0.000,0.000,0.526
16:12:01.805,113.014,-4.117,-1.805,True,0.000,0.000,-4.117,-1.805,4.496,0.000,0.000,0.000,0.545
16:12:01.826,113.035,-3.142,-0.812,True,0.000,0.000,-3.142,-0.812,3.246,0.000,0.000,0.000,1.106
16:12:01.847,113.056,-2.424,-0.151,True,0.000,0.000,-2.424,-0.151,2.429,0.000,0.000,0.000,1.003
16:12:01.866,113.076,-1.938,-0.635,True,0.000,0.000,-1.938,-0.635,2.039,0.000,0.000,0.000,0.604
16:12:01.887,113.096,-1.641,-1.078,True,0.000,0.000,-1.641,-1.078,1.963,0.000,0.000,0.000,0.880
16:12:01.907,113.116,-1.486,0.315,True,0.000,0.000,-1.486,0.315,1.519,0.000,0.000,0.000,0.730
16:12:01.928,113.137,-1.432,0.432,True,0.000,0.000,-1.432,0.432,1.496,0.000,0.000,0.000,1.109
16:12:01.948,113.157,-2.202,0.448,True,0.000,0.000,-2.202,0.448,2.247,0.000,0.000,0.000,1.086
16:12:01.968,113.178,-2.036,1.282,True,0.000,0.000,-2.036,1.282,2.406,0.000,0.000,0.000,1.089
16:12:01.988,113.197,-3.433,-2.547,True,0.000,0.000,-3.433,-2.547,4.275,0.000,0.000,0.000,0.545
16:12:02.009,113.218,-3.687,-4.512,True,0.000,0.000,-3.687,-4.512,5.827,0.000,0.000,0.000,0.974
16:12:02.029,113.238,-3.052,-3.184,True,0.000,0.000,-3.052,-3.184,4.410,0.000,0.000,0.000,0.709
16:12:02.049,113.258,-3.299,-2.050,True,0.000,0.000,-3.299,-2.050,3.884,0.000,0.000,0.000,0.531
16:12:02.070,113.279,-2.706,-1.162,True,0.000,0.000,-2.706,-1.162,2.945,0.000,0.000,0.000,1.245
16:12:02.091,113.300,-5.303,-2.277,True,0.000,0.000,-5.303,-2.277,5.771,0.000,0.000,0.000,1.078
16:12:02.111,113.320,-4.153,-2.246,True,0.000,0.000,-4.153,-2.246,4.721,0.000,0.000,0.000,0.957
16:12:02.132,113.341,-3.215,-1.324,True,0.000,0.000,-3.215,-1.324,3.477,0.000,0.000,0.000,1.173
16:12:02.152,113.361,-2.510,-0.643,True,0.000,0.000,-2.510,-0.643,2.591,0.000,0.000,0.000,0.880
16:12:02.172,113.382,-2.021,-0.179,True,0.000,0.000,-2.021,-0.179,2.029,0.000,0.000,0.000,0.608
16:12:02.193,113.402,-1.712,-0.773,True,0.000,0.000,-1.712,-0.773,1.879,0.000,0.000,0.000,1.153
16:12:02.214,113.423,-1.543,-0.382,True,0.000,0.000,-1.543,-0.382,1.590,0.000,0.000,0.000,1.109
16:12:02.234,113.443,-3.757,-4.509,True,0.000,0.000,-3.757,-4.509,5.869,0.000,0.000,0.000,1.069
16:12:02.254,113.463,-3.886,-6.652,True,0.000,0.000,-3.886,-6.652,7.704,0.000,0.000,0.000,0.583
16:12:02.275,113.484,-3.918,-6.291,True,0.000,0.000,-3.918,-6.291,7.411,0.000,0.000,0.000,1.133
16:12:02.295,113.504,-4.651,-8.460,True,0.000,0.000,-4.651,-8.460,9.654,0.000,0.000,0.000,0.776
16:12:02.315,113.524,-5.906,-9.899,True,0.000,0.000,-5.906,-9.899,11.527,0.000,0.000,0.000,1.076
16:12:02.335,113.544,-6.758,-9.874,True,0.000,0.000,-6.758,-9.874,11.965,0.000,0.000,0.000,0.537
16:12:02.355,113.564,-4.994,-7.019,True,0.000,0.000,-4.994,-7.019,8.614,0.000,0.000,0.000,0.571
16:12:02.376,113.585,-5.131,-7.440,True,0.000,0.000,-5.131,-7.440,9.038,0.000,0.000,0.000,1.071
16:12:02.396,113.605,-3.705,-4.249,True,0.000,0.000,-3.705,-4.249,5.638,0.000,0.000,0.000,1.102
16:12:02.417,113.626,-2.665,-1.930,True,0.000,0.000,-2.665,-1.930,3.290,0.000,0.000,0.000,1.043
16:12:02.438,113.647,-2.727,-3.018,True,0.000,0.000,-2.727,-3.018,4.068,0.000,0.000,0.000,1.614
16:12:02.458,113.667,-4.381,-4.884,True,0.000,0.000,-4.381,-4.884,6.561,0.000,0.000,0.000,1.178
16:12:02.478,113.687,-4.879,-6.333,True,0.000,0.000,-4.879,-6.333,7.994,0.000,0.000,0.000,0.872
16:12:02.499,113.708,-3.689,-3.858,True,0.000,0.000,-3.689,-3.858,5.337,0.000,0.000,0.000,1.123
16:12:02.519,113.728,-2.784,-1.992,True,0.000,0.000,-2.784,-1.992,3.423,0.000,0.000,0.000,1.106
16:12:02.539,113.748,-2.148,-1.573,True,0.000,0.000,-2.148,-1.573,2.663,0.000,0.000,0.000,0.848
16:12:02.560,113.769,-2.503,0.367,True,0.000,0.000,-2.503,0.367,2.529,0.000,0.000,0.000,1.114
16:12:02.580,113.789,-2.065,0.791,True,0.000,0.000,-2.065,0.791,2.211,0.000,0.000,0.000,0.962
16:12:02.600,113.809,-1.781,0.938,True,0.000,0.000,-1.781,0.938,2.012,0.000,0.000,0.000,0.915
16:12:02.620,113.829,-3.140,-2.605,True,0.000,0.000,-3.140,-2.605,4.080,0.000,0.000,0.000,0.873
16:12:02.641,113.850,-2.646,-1.764,True,0.000,0.000,-2.646,-1.764,3.180,0.000,0.000,0.000,1.060
16:12:02.662,113.871,-2.261,-1.076,True,0.000,0.000,-2.261,-1.076,2.504,0.000,0.000,0.000,1.041
16:12:02.682,113.891,-4.267,-4.072,True,0.000,0.000,-4.267,-4.072,5.898,0.000,0.000,0.000,1.186
16:12:02.703,113.912,-6.501,-4.503,True,0.000,0.000,-6.501,-4.503,7.909,0.000,0.000,0.000,1.001
16:12:02.723,113.932,-7.287,-6.456,True,0.000,0.000,-7.287,-6.456,9.735,0.000,0.000,0.000,1.162
16:12:02.743,113.953,-5.424,-4.252,True,0.000,0.000,-5.424,-4.252,6.892,0.000,0.000,0.000,1.038
16:12:02.763,113.973,-5.452,-6.010,True,0.000,0.000,-5.452,-6.010,8.114,0.000,0.000,0.000,0.917
16:12:02.784,113.993,-3.927,-3.748,True,0.000,0.000,-3.927,-3.748,5.429,0.000,0.000,0.000,0.969
16:12:02.804,114.013,-2.804,-2.896,True,0.000,0.000,-2.804,-2.896,4.031,0.000,0.000,0.000,0.638
16:12:02.825,114.034,-4.325,-4.068,True,0.000,0.000,-4.325,-4.068,5.937,0.000,0.000,0.000,0.968
16:12:02.845,114.054,-3.232,-1.461,True,0.000,0.000,-3.232,-1.461,3.547,0.000,0.000,0.000,0.528
16:12:02.866,114.075,-2.436,-0.442,True,0.000,0.000,-2.436,-0.442,2.475,0.000,0.000,0.000,0.877
16:12:02.886,114.095,-1.903,0.190,True,0.000,0.000,-1.903,0.190,1.913,0.000,0.000,0.000,1.035
16:12:02.906,114.115,-1.584,-0.352,True,0.000,0.000,-1.584,-0.352,1.623,0.000,0.000,0.000,1.056
16:12:02.927,114.136,-1.424,0.897,True,0.000,0.000,-1.424,0.897,1.683,0.000,0.000,0.000,1.099
16:12:02.947,114.156,-1.374,0.865,True,0.000,0.000,-1.374,0.865,1.623,0.000,0.000,0.000,0.985
16:12:02.967,114.176,-2.153,-0.135,True,0.000,0.000,-2.153,-0.135,2.157,0.000,0.000,0.000,0.957
16:12:02.988,114.197,-1.998,-0.051,True,0.000,0.000,-1.998,-0.051,1.999,0.000,0.000,0.000,1.053
16:12:03.008,114.217,-2.644,0.003,True,0.000,0.000,-2.644,0.003,2.644,0.000,0.000,0.000,0.883
16:12:03.029,114.238,-3.117,-3.482,True,0.000,0.000,-3.117,-3.482,4.674,0.000,0.000,0.000,1.116
16:12:03.049,114.258,-4.196,-6.019,True,0.000,0.000,-4.196,-6.019,7.337,0.000,0.000,0.000,1.051
16:12:03.069,114.278,-3.418,-4.200,True,0.000,0.000,-3.418,-4.200,5.415,0.000,0.000,0.000,1.063
16:12:03.089,114.298,-2.780,-3.546,True,0.000,0.000,-2.780,-3.546,4.505,0.000,0.000,0.000,0.590
16:12:03.110,114.319,-3.057,-2.995,True,0.000,0.000,-3.057,-2.995,4.280,0.000,0.000,0.000,1.078
16:12:03.130,114.340,-2.510,-1.689,True,0.000,0.000,-2.510,-1.689,3.026,0.000,0.000,0.000,1.083
16:12:03.151,114.360,-2.372,-1.311,True,0.000,0.000,-2.372,-1.311,2.711,0.000,0.000,0.000,0.883
16:12:03.171,114.380,-1.970,-0.408,True,0.000,0.000,-1.970,-0.408,2.012,0.000,0.000,0.000,0.617
16:12:03.192,114.401,-4.331,-2.909,True,0.000,0.000,-4.331,-2.909,5.217,0.000,0.000,0.000,1.115
16:12:03.212,114.421,-5.007,-5.400,True,0.000,0.000,-5.007,-5.400,7.364,0.000,0.000,0.000,0.589
16:12:03.232,114.441,-3.877,-4.402,True,0.000,0.000,-3.877,-4.402,5.865,0.000,0.000,0.000,0.575
16:12:03.253,114.462,-4.526,-6.213,True,0.000,0.000,-4.526,-6.213,7.686,0.000,0.000,0.000,1.102
16:12:03.272,114.482,-5.747,-7.471,True,0.000,0.000,-5.747,-7.471,9.425,0.000,0.000,0.000,0.821
16:12:03.293,114.502,-6.599,-8.267,True,0.000,0.000,-6.599,-8.267,10.578,0.000,0.000,0.000,1.083
16:12:03.313,114.522,-4.849,-5.183,True,0.000,0.000,-4.849,-5.183,7.098,0.000,0.000,0.000,0.667
16:12:03.334,114.543,-3.488,-2.814,True,0.000,0.000,-3.488,-2.814,4.481,0.000,0.000,0.000,1.055
16:12:03.355,114.564,-2.510,-1.133,True,0.000,0.000,-2.510,-1.133,2.754,0.000,0.000,0.000,1.137
16:12:03.375,114.584,-1.866,-0.923,True,0.000,0.000,-1.866,-0.923,2.081,0.000,0.000,0.000,0.741
16:12:03.396,114.605,-1.488,-0.056,True,0.000,0.000,-1.488,-0.056,1.489,0.000,0.000,0.000,0.980
16:12:03.416,114.625,-2.067,-2.194,True,0.000,0.000,-2.067,-2.194,3.014,0.000,0.000,0.000,1.044
16:12:03.436,114.645,-1.809,-1.238,True,0.000,0.000,-1.809,-1.238,2.192,0.000,0.000,0.000,0.675
16:12:03.456,114.665,-3.941,-4.942,True,0.000,0.000,-3.941,-4.942,6.321,0.000,0.000,0.000,0.619
16:12:03.477,114.686,-3.240,-6.793,True,0.000,0.000,-3.240,-6.793,7.526,0.000,0.000,0.000,1.133
16:12:03.498,114.707,-3.428,-8.007,True,0.000,0.000,-3.428,-8.007,8.710,0.000,0.000,0.000,1.111
16:12:03.518,114.727,-3.547,-6.957,True,0.000,0.000,-3.547,-6.957,7.809,0.000,0.000,0.000,1.016
16:12:03.538,114.747,-2.852,-3.382,True,0.000,0.000,-2.852,-3.382,4.424,0.000,0.000,0.000,0.784
16:12:03.558,114.767,-2.327,-1.584,True,0.000,0.000,-2.327,-1.584,2.815,0.000,0.000,0.000,0.577
16:12:03.579,114.788,-5.008,-2.131,True,0.000,0.000,-5.008,-2.131,5.442,0.000,0.000,0.000,1.010
16:12:03.599,114.808,-3.940,-0.915,True,0.000,0.000,-3.940,-0.915,4.045,0.000,0.000,0.000,1.055
16:12:03.619,114.828,-5.359,-1.873,True,0.000,0.000,-5.359,-1.873,5.677,0.000,0.000,0.000,1.092
16:12:03.640,114.849,-4.085,-0.921,True,0.000,0.000,-4.085,-0.921,4.187,0.000,0.000,0.000,1.121
16:12:03.660,114.869,-3.084,-0.271,True,0.000,0.000,-3.084,-0.271,3.096,0.000,0.000,0.000,0.648
16:12:03.681,114.890,-2.359,0.131,True,0.000,0.000,-2.359,0.131,2.363,0.000,0.000,0.000,1.018
16:12:03.701,114.910,-1.876,-0.534,True,0.000,0.000,-1.876,-0.534,1.951,0.000,0.000,0.000,0.651
16:12:03.721,114.930,-1.588,-0.212,True,0.000,0.000,-1.588,-0.212,1.602,0.000,0.000,0.000,0.772
16:12:03.741,114.951,-1.446,-0.004,True,0.000,0.000,-1.446,-0.004,1.446,0.000,0.000,0.000,0.536
16:12:03.762,114.971,-1.402,0.115,True,0.000,0.000,-1.402,0.115,1.407,0.000,0.000,0.000,0.974
16:12:03.782,114.991,-1.421,-3.347,True,0.000,0.000,-1.421,-3.347,3.636,0.000,0.000,0.000,0.717
16:12:03.803,115.012,-1.472,-1.492,True,0.000,0.000,-1.472,-1.492,2.096,0.000,0.000,0.000,0.630
16:12:03.824,115.033,-3.820,-4.412,True,0.000,0.000,-3.820,-4.412,5.836,0.000,0.000,0.000,1.033
16:12:03.844,115.053,-3.257,-3.002,True,0.000,0.000,-3.257,-3.002,4.429,0.000,0.000,0.000,0.606
16:12:03.865,115.074,-2.759,-1.843,True,0.000,0.000,-2.759,-1.843,3.318,0.000,0.000,0.000,0.862
16:12:03.886,115.095,-4.643,-4.481,True,0.000,0.000,-4.643,-4.481,6.452,0.000,0.000,0.000,1.006
16:12:03.906,115.115,-3.717,-2.023,True,0.000,0.000,-3.717,-2.023,4.232,0.000,0.000,0.000,1.129
16:12:03.927,115.136,-2.959,-0.143,True,0.000,0.000,-2.959,-0.143,2.962,0.000,0.000,0.000,1.452
16:12:03.947,115.156,-5.432,-1.451,True,0.000,0.000,-5.432,-1.451,5.622,0.000,0.000,0.000,0.803
16:12:03.967,115.176,-4.957,-0.749,True,0.000,0.000,-4.957,-0.749,5.013,0.000,0.000,0.000,0.626
16:12:03.988,115.198,-4.518,-2.898,True,0.000,0.000,-4.518,-2.898,5.368,0.000,0.000,0.000,1.257
16:12:04.008,115.217,-3.390,-2.744,True,0.000,0.000,-3.390,-2.744,4.361,0.000,0.000,0.000,0.667
16:12:04.028,115.237,-2.556,-1.694,True,0.000,0.000,-2.556,-1.694,3.066,0.000,0.000,0.000,0.599
16:12:04.049,115.258,-4.271,-2.653,True,0.000,0.000,-4.271,-2.653,5.028,0.000,0.000,0.000,0.839
16:12:04.069,115.278,-3.295,-1.610,True,0.000,0.000,-3.295,-1.610,3.667,0.000,0.000,0.000,0.686
16:12:04.089,115.298,-2.557,0.053,True,0.000,0.000,-2.557,0.053,2.558,0.000,0.000,0.000,0.714
16:12:04.110,115.319,-4.328,-2.281,True,0.000,0.000,-4.328,-2.281,4.892,0.000,0.000,0.000,1.321
16:12:04.129,115.339,-5.660,-3.184,True,0.000,0.000,-5.660,-3.184,6.494,0.000,0.000,0.000,0.554
16:12:04.150,115.359,-7.345,-3.804,True,0.000,0.000,-7.345,-3.804,8.272,0.000,0.000,0.000,0.573
16:12:04.170,115.379,-6.958,-5.947,True,0.000,0.000,-6.958,-5.947,9.153,0.000,0.000,0.000,0.618
16:12:04.190,115.399,-5.017,-3.912,True,0.000,0.000,-5.017,-3.912,6.362,0.000,0.000,0.000,0.574
16:12:04.211,115.420,-3.528,-2.291,True,0.000,0.000,-3.528,-2.291,4.206,0.000,0.000,0.000,0.632
16:12:04.231,115.440,-4.755,-3.733,True,0.000,0.000,-4.755,-3.733,6.046,0.000,0.000,0.000,0.632
16:12:04.251,115.461,-4.205,-5.715,True,0.000,0.000,-4.205,-5.715,7.095,0.000,0.000,0.000,1.022
16:12:04.272,115.481,-4.024,-6.357,True,0.000,0.000,-4.024,-6.357,7.524,0.000,0.000,0.000,1.001
16:12:04.291,115.500,-2.674,-3.058,True,0.000,0.000,-2.674,-3.058,4.062,0.000,0.000,0.000,0.521
16:12:04.312,115.522,-2.845,-5.347,True,0.000,0.000,-2.845,-5.347,6.057,0.000,0.000,0.000,1.101
16:12:04.332,115.542,-2.188,-2.200,True,0.000,0.000,-2.188,-2.200,3.103,0.000,0.000,0.000,0.804
16:12:04.353,115.562,-1.777,-0.914,True,0.000,0.000,-1.777,-0.914,1.998,0.000,0.000,0.000,0.996
16:12:04.375,115.584,-1.543,-0.081,True,0.000,0.000,-1.543,-0.081,1.545,0.000,0.000,0.000,1.146
16:12:04.396,115.605,-3.720,-1.356,True,0.000,0.000,-3.720,-1.356,3.959,0.000,0.000,0.000,1.142
16:12:04.416,115.625,-3.070,-0.647,True,0.000,0.000,-3.070,-0.647,3.138,0.000,0.000,0.000,1.044
16:12:04.437,115.646,-4.071,-4.570,True,0.000,0.000,-4.071,-4.570,6.120,0.000,0.000,0.000,0.915
16:12:04.456,115.666,-3.260,-3.946,True,0.000,0.000,-3.260,-3.946,5.118,0.000,0.000,0.000,0.765
16:12:04.477,115.686,-2.621,-2.484,True,0.000,0.000,-2.621,-2.484,3.612,0.000,0.000,0.000,0.749
16:12:04.497,115.706,-2.157,-1.359,True,0.000,0.000,-2.157,-1.359,2.550,0.000,0.000,0.000,0.660
16:12:04.518,115.727,-1.847,-0.558,True,0.000,0.000,-1.847,-0.558,1.929,0.000,0.000,0.000,0.679
16:12:04.539,115.748,-1.661,-0.037,True,0.000,0.000,-1.661,-0.037,1.661,0.000,0.000,0.000,0.844
16:12:04.559,115.768,-1.567,-0.615,True,0.000,0.000,-1.567,-0.615,1.684,0.000,0.000,0.000,0.663
16:12:04.579,115.788,-1.538,-0.233,True,0.000,0.000,-1.538,-0.233,1.555,0.000,0.000,0.000,0.592
16:12:04.600,115.809,-1.548,0.011,True,0.000,0.000,-1.548,0.011,1.548,0.000,0.000,0.000,1.189
16:12:04.620,115.829,-1.580,-0.730,True,0.000,0.000,-1.580,-0.730,1.740,0.000,0.000,0.000,0.814
16:12:04.640,115.850,-1.620,0.451,True,0.000,0.000,-1.620,0.451,1.681,0.000,0.000,0.000,1.103
16:12:04.661,115.870,-3.944,-3.083,True,0.000,0.000,-3.944,-3.083,5.006,0.000,0.000,0.000,0.983
16:12:04.681,115.890,-3.352,-2.180,True,0.000,0.000,-3.352,-2.180,3.998,0.000,0.000,0.000,0.563
16:12:04.702,115.911,-2.827,-1.407,True,0.000,0.000,-2.827,-1.407,3.158,0.000,0.000,0.000,1.051
16:12:04.722,115.931,-2.403,0.078,True,0.000,0.000,-2.403,0.078,2.404,0.000,0.000,0.000,0.643
16:12:04.742,115.951,-4.370,-4.118,True,0.000,0.000,-4.370,-4.118,6.004,0.000,0.000,0.000,1.035
16:12:04.762,115.971,-5.808,-7.225,True,0.000,0.000,-5.808,-7.225,9.270,0.000,0.000,0.000,1.042
16:12:04.782,115.992,-6.775,-8.466,True,0.000,0.000,-6.775,-8.466,10.843,0.000,0.000,0.000,0.809
16:12:04.803,116.012,-5.837,-9.135,True,0.000,0.000,-5.837,-9.135,10.840,0.000,0.000,0.000,1.440
16:12:04.823,116.032,-5.030,-5.883,True,0.000,0.000,-5.030,-5.883,7.740,0.000,0.000,0.000,0.669
16:12:04.843,116.052,-5.915,-6.851,True,0.000,0.000,-5.915,-6.851,9.052,0.000,0.000,0.000,0.597
16:12:04.863,116.073,-5.033,-4.041,True,0.000,0.000,-5.033,-4.041,6.454,0.000,0.000,0.000,1.078
16:12:04.884,116.093,-5.114,-5.478,True,0.000,0.000,-5.114,-5.478,7.494,0.000,0.000,0.000,1.147
16:12:04.904,116.113,-5.943,-6.613,True,0.000,0.000,-5.943,-6.613,8.892,0.000,0.000,0.000,1.142
16:12:04.924,116.133,-5.025,-6.563,True,0.000,0.000,-5.025,-6.563,8.266,0.000,0.000,0.000,1.078
16:12:04.944,116.153,-5.848,-7.360,True,0.000,0.000,-5.848,-7.360,9.401,0.000,0.000,0.000,0.542
16:12:04.964,116.174,-4.938,-7.908,True,0.000,0.000,-4.938,-7.908,9.323,0.000,0.000,0.000,1.055
16:12:04.986,116.195,-3.492,-4.733,True,0.000,0.000,-3.492,-4.733,5.882,0.000,0.000,0.000,1.066
16:12:05.007,116.216,-2.465,-2.365,True,0.000,0.000,-2.465,-2.365,3.416,0.000,0.000,0.000,0.967
16:12:05.027,116.236,-4.081,-3.375,True,0.000,0.000,-4.081,-3.375,5.296,0.000,0.000,0.000,0.748
16:12:05.048,116.257,-4.594,-3.395,True,0.000,0.000,-4.594,-3.395,5.712,0.000,0.000,0.000,1.113
16:12:05.068,116.277,-5.730,-4.366,True,0.000,0.000,-5.730,-4.366,7.204,0.000,0.000,0.000,0.986
16:12:05.088,116.297,-4.250,-2.490,True,0.000,0.000,-4.250,-2.490,4.926,0.000,0.000,0.000,0.838
16:12:05.109,116.318,-3.875,-0.248,True,0.000,0.000,-3.875,-0.248,3.883,0.000,0.000,0.000,0.937
16:12:05.129,116.338,-2.860,1.298,True,0.000,0.000,-2.860,1.298,3.141,0.000,0.000,0.000,0.856
16:12:05.150,116.359,-2.152,1.387,True,0.000,0.000,-2.152,1.387,2.561,0.000,0.000,0.000,1.045
16:12:05.170,116.379,-3.227,-2.243,True,0.000,0.000,-3.227,-2.243,3.930,0.000,0.000,0.000,0.658
16:12:05.192,116.401,-5.606,-2.372,True,0.000,0.000,-5.606,-2.372,6.087,0.000,0.000,0.000,1.063
16:12:05.212,116.421,-4.297,-1.527,True,0.000,0.000,-4.297,-1.527,4.560,0.000,0.000,0.000,1.010
16:12:05.232,116.441,-3.252,-0.865,True,0.000,0.000,-3.252,-0.865,3.365,0.000,0.000,0.000,0.665
16:12:05.252,116.462,-4.765,-3.902,True,0.000,0.000,-4.765,-3.902,6.159,0.000,0.000,0.000,0.913
16:12:05.272,116.482,-3.614,-2.618,True,0.000,0.000,-3.614,-2.618,4.463,0.000,0.000,0.000,0.574
16:12:05.293,116.503,-2.741,-2.456,True,0.000,0.000,-2.741,-2.456,3.680,0.000,0.000,0.000,0.769
16:12:05.314,116.523,-4.412,-4.072,True,0.000,0.000,-4.412,-4.072,6.004,0.000,0.000,0.000,1.101
16:12:05.334,116.543,-4.916,-6.113,True,0.000,0.000,-4.916,-6.113,7.844,0.000,0.000,0.000,0.575
16:12:05.355,116.564,-3.725,-3.121,True,0.000,0.000,-3.725,-3.121,4.860,0.000,0.000,0.000,1.108
16:12:05.375,116.584,-3.577,-3.444,True,0.000,0.000,-3.577,-3.444,4.965,0.000,0.000,0.000,0.900
16:12:05.397,116.607,-5.010,-5.461,True,0.000,0.000,-5.010,-5.461,7.410,0.000,0.000,0.000,1.264
16:12:05.417,116.626,-3.784,-3.412,True,0.000,0.000,-3.784,-3.412,5.095,0.000,0.000,0.000,0.666
16:12:05.437,116.646,-2.848,-1.841,True,0.000,0.000,-2.848,-1.841,3.391,0.000,0.000,0.000,0.614
16:12:05.457,116.666,-2.187,-0.730,True,0.000,0.000,-2.187,-0.730,2.305,0.000,0.000,0.000,0.581
16:12:05.478,116.687,-4.045,-2.647,True,0.000,0.000,-4.045,-2.647,4.834,0.000,0.000,0.000,0.698
16:12:05.498,116.708,-5.460,-5.029,True,0.000,0.000,-5.460,-5.029,7.423,0.000,0.000,0.000,1.079
16:12:05.518,116.727,-4.171,-4.117,True,0.000,0.000,-4.171,-4.117,5.861,0.000,0.000,0.000,0.642
16:12:05.539,116.748,-5.437,-5.989,True,0.000,0.000,-5.437,-5.989,8.088,0.000,0.000,0.000,0.879
16:12:05.560,116.769,-4.065,-3.795,True,0.000,0.000,-4.065,-3.795,5.561,0.000,0.000,0.000,1.089
16:12:05.580,116.789,-5.297,-4.733,True,0.000,0.000,-5.297,-4.733,7.103,0.000,0.000,0.000,0.518
16:12:05.600,116.809,-5.445,-6.310,True,0.000,0.000,-5.445,-6.310,8.335,0.000,0.000,0.000,0.649
16:12:05.621,116.830,-5.512,-8.304,True,0.000,0.000,-5.512,-8.304,9.967,0.000,0.000,0.000,1.009
16:12:05.641,116.850,-4.764,-7.026,True,0.000,0.000,-4.764,-7.026,8.489,0.000,0.000,0.000,0.791
16:12:05.661,116.870,-3.430,-4.192,True,0.000,0.000,-3.430,-4.192,5.416,0.000,0.000,0.000,0.771
16:12:05.682,116.891,-2.474,-2.082,True,0.000,0.000,-2.474,-2.082,3.234,0.000,0.000,0.000,1.026
16:12:05.702,116.911,-4.892,-2.392,True,0.000,0.000,-4.892,-2.392,5.445,0.000,0.000,0.000,0.955
16:12:05.722,116.932,-3.689,-1.011,True,0.000,0.000,-3.689,-1.011,3.825,0.000,0.000,0.000,0.878
16:12:05.743,116.952,-4.299,-3.621,True,0.000,0.000,-4.299,-3.621,5.621,0.000,0.000,0.000,1.083
16:12:05.763,116.972,2.087,-0.370,True,0.000,0.000,2.087,-0.370,2.120,0.000,0.000,0.000,0.576
16:12:05.783,116.992,6.730,2.007,True,0.000,0.000,6.730,2.007,7.023,0.000,0.000,0.000,0.634
16:12:05.806,117.015,2.977,-1.669,True,0.000,0.000,2.977,-1.669,3.413,0.000,0.000,0.000,1.207
16:12:05.826,117.036,-0.901,-4.529,True,0.000,0.000,-0.901,-4.529,4.618,0.000,0.000,0.000,0.834
16:12:05.847,117.056,-1.554,-2.192,True,0.000,0.000,-1.554,-2.192,2.687,0.000,0.000,0.000,0.659
16:12:05.868,117.077,-4.234,-4.755,True,0.000,0.000,-4.234,-4.755,6.367,0.000,0.000,0.000,1.016
16:12:05.888,117.097,-6.095,-5.737,True,0.000,0.000,-6.095,-5.737,8.370,0.000,0.000,0.000,0.732
16:12:05.908,117.117,-7.268,-6.341,True,0.000,0.000,-7.268,-6.341,9.645,0.000,0.000,0.000,0.830
16:12:05.928,117.138,-5.627,-3.142,True,0.000,0.000,-5.627,-3.142,6.445,0.000,0.000,0.000,1.040
16:12:05.949,117.158,-4.236,-1.586,True,0.000,0.000,-4.236,-1.586,4.523,0.000,0.000,0.000,1.296
16:12:05.969,117.178,-3.151,-0.514,True,0.000,0.000,-3.151,-0.514,3.193,0.000,0.000,0.000,0.811
16:12:05.989,117.199,-2.370,0.158,True,0.000,0.000,-2.370,0.158,2.375,0.000,0.000,0.000,1.040
16:12:06.009,117.218,-1.854,0.521,True,0.000,0.000,-1.854,0.521,1.925,0.000,0.000,0.000,0.697
16:12:06.030,117.239,-4.595,-0.213,True,0.000,0.000,-4.595,-0.213,4.600,0.000,0.000,0.000,0.912
16:12:06.051,117.260,-3.611,0.910,True,0.000,0.000,-3.611,0.910,3.724,0.000,0.000,0.000,1.058
16:12:06.071,117.280,-2.833,-0.953,True,0.000,0.000,-2.833,-0.953,2.989,0.000,0.000,0.000,0.826
16:12:06.091,117.300,-5.309,-1.505,True,0.000,0.000,-5.309,-1.505,5.518,0.000,0.000,0.000,0.610
16:12:06.112,117.321,-4.090,-1.882,True,0.000,0.000,-4.090,-1.882,4.502,0.000,0.000,0.000,0.950
16:12:06.132,117.341,-6.166,-2.115,True,0.000,0.000,-6.166,-2.115,6.518,0.000,0.000,0.000,0.806
16:12:06.153,117.362,-6.140,-4.875,True,0.000,0.000,-6.140,-4.875,7.840,0.000,0.000,0.000,1.205
16:12:06.173,117.382,-5.264,-4.198,True,0.000,0.000,-5.264,-4.198,6.733,0.000,0.000,0.000,0.639
16:12:06.193,117.402,-6.083,-6.193,True,0.000,0.000,-6.083,-6.193,8.681,0.000,0.000,0.000,0.805
16:12:06.214,117.423,-4.381,-4.924,True,0.000,0.000,-4.381,-4.924,6.591,0.000,0.000,0.000,1.017
16:12:06.235,117.444,-3.103,-2.981,True,0.000,0.000,-3.103,-2.981,4.302,0.000,0.000,0.000,1.106
16:12:06.254,117.464,-4.501,-5.037,True,0.000,0.000,-4.501,-5.037,6.755,0.000,0.000,0.000,0.631
16:12:06.275,117.484,-5.600,-6.577,True,0.000,0.000,-5.600,-6.577,8.638,0.000,0.000,0.000,1.128
16:12:06.295,117.505,-4.115,-3.245,True,0.000,0.000,-4.115,-3.245,5.241,0.000,0.000,0.000,1.009
16:12:06.316,117.525,-3.753,-5.118,True,0.000,0.000,-3.753,-5.118,6.346,0.000,0.000,0.000,0.716
16:12:06.337,117.546,-5.043,-4.785,True,0.000,0.000,-5.043,-4.785,6.952,0.000,0.000,0.000,0.740
16:12:06.357,117.567,-4.494,-2.754,True,0.000,0.000,-4.494,-2.754,5.271,0.000,0.000,0.000,1.013
16:12:06.378,117.587,-5.591,-4.788,True,0.000,0.000,-5.591,-4.788,7.361,0.000,0.000,0.000,0.906
16:12:06.398,117.607,-4.105,-2.828,True,0.000,0.000,-4.105,-2.828,4.985,0.000,0.000,0.000,0.719
16:12:06.419,117.628,-4.505,-4.894,True,0.000,0.000,-4.505,-4.894,6.651,0.000,0.000,0.000,1.193
16:12:06.439,117.648,-3.304,-2.061,True,0.000,0.000,-3.304,-2.061,3.894,0.000,0.000,0.000,0.813
16:12:06.459,117.668,-2.438,-0.842,True,0.000,0.000,-2.438,-0.842,2.579,0.000,0.000,0.000,0.822
16:12:06.480,117.689,-3.389,-4.443,True,0.000,0.000,-3.389,-4.443,5.588,0.000,0.000,0.000,1.002
16:12:06.500,117.709,-2.633,-2.779,True,0.000,0.000,-2.633,-2.779,3.829,0.000,0.000,0.000,0.784
16:12:06.524,117.734,-2.100,-1.503,True,0.000,0.000,-2.100,-1.503,2.583,0.000,0.000,0.000,1.314
16:12:06.544,117.753,-1.758,-3.236,True,0.000,0.000,-1.758,-3.236,3.682,0.000,0.000,0.000,0.857
16:12:06.564,117.773,-1.564,-1.926,True,0.000,0.000,-1.564,-1.926,2.481,0.000,0.000,0.000,0.791
16:12:06.585,117.794,-3.761,-3.589,True,0.000,0.000,-3.761,-3.589,5.199,0.000,0.000,0.000,1.017
16:12:06.606,117.815,-3.119,-2.198,True,0.000,0.000,-3.119,-2.198,3.816,0.000,0.000,0.000,1.176
16:12:06.626,117.835,-4.877,-3.783,True,0.000,0.000,-4.877,-3.783,6.173,0.000,0.000,0.000,1.090
16:12:06.646,117.855,-3.853,-2.325,True,0.000,0.000,-3.853,-2.325,4.500,0.000,0.000,0.000,1.063
16:12:06.666,117.875,-3.022,-1.219,True,0.000,0.000,-3.022,-1.219,3.259,0.000,0.000,0.000,0.795
16:12:06.687,117.896,-2.401,-0.446,True,0.000,0.000,-2.401,-0.446,2.442,0.000,0.000,0.000,1.137
16:12:06.707,117.917,-1.972,-0.832,True,0.000,0.000,-1.972,-0.832,2.140,0.000,0.000,0.000,0.841
16:12:06.728,117.937,-1.704,0.563,True,0.000,0.000,-1.704,0.563,1.794,0.000,0.000,0.000,1.169
16:12:06.748,117.957,-1.558,-1.105,True,0.000,0.000,-1.558,-1.105,1.910,0.000,0.000,0.000,0.983
16:12:06.768,117.977,-1.500,-3.285,True,0.000,0.000,-1.500,-3.285,3.612,0.000,0.000,0.000,0.829
16:12:06.788,117.997,-2.260,-5.740,True,0.000,0.000,-2.260,-5.740,6.169,0.000,0.000,0.000,0.531
16:12:06.809,118.018,-4.366,-7.423,True,0.000,0.000,-4.366,-7.423,8.612,0.000,0.000,0.000,0.929
16:12:06.828,118.038,-4.361,-4.951,True,0.000,0.000,-4.361,-4.951,6.598,0.000,0.000,0.000,0.610
16:12:06.850,118.059,-4.260,-5.595,True,0.000,0.000,-4.260,-5.595,7.032,0.000,0.000,0.000,1.101
16:12:06.870,118.079,-3.355,-4.265,True,0.000,0.000,-3.355,-4.265,5.426,0.000,0.000,0.000,0.816
16:12:06.890,118.100,-2.651,-3.244,True,0.000,0.000,-2.651,-3.244,4.190,0.000,0.000,0.000,0.891
16:12:06.910,118.120,-4.430,-5.157,True,0.000,0.000,-4.430,-5.157,6.798,0.000,0.000,0.000,0.887
16:12:06.931,118.140,-3.470,-3.085,True,0.000,0.000,-3.470,-3.085,4.643,0.000,0.000,0.000,0.509
16:12:06.952,118.161,-2.722,-2.420,True,0.000,0.000,-2.722,-2.420,3.642,0.000,0.000,0.000,0.884
16:12:06.972,118.181,-2.944,-4.632,True,0.000,0.000,-2.944,-4.632,5.489,0.000,0.000,0.000,0.636
16:12:06.993,118.202,-2.379,-2.793,True,0.000,0.000,-2.379,-2.793,3.669,0.000,0.000,0.000,1.150
16:12:07.013,118.222,-1.985,-2.295,True,0.000,0.000,-1.985,-2.295,3.034,0.000,0.000,0.000,0.572
16:12:07.033,118.242,-1.735,-4.617,True,0.000,0.000,-1.735,-4.617,4.932,0.000,0.000,0.000,0.663
16:12:07.053,118.262,-3.119,-6.358,True,0.000,0.000,-3.119,-6.358,7.082,0.000,0.000,0.000,0.595
16:12:07.074,118.283,-2.642,-4.046,True,0.000,0.000,-2.642,-4.046,4.832,0.000,0.000,0.000,0.994
16:12:07.094,118.304,-2.267,-2.251,True,0.000,0.000,-2.267,-2.251,3.194,0.000,0.000,0.000,1.051
16:12:07.115,118.324,-1.994,-0.962,True,0.000,0.000,-1.994,-0.962,2.214,0.000,0.000,0.000,0.990
16:12:07.135,118.344,-1.811,-0.115,True,0.000,0.000,-1.811,-0.115,1.815,0.000,0.000,0.000,1.108
16:12:07.155,118.364,-1.702,0.380,True,0.000,0.000,-1.702,0.380,1.744,0.000,0.000,0.000,0.616
16:12:07.176,118.385,-1.648,-0.262,True,0.000,0.000,-1.648,-0.262,1.669,0.000,0.000,0.000,1.049
16:12:07.196,118.405,-1.631,-0.838,True,0.000,0.000,-1.631,-0.838,1.834,0.000,0.000,0.000,1.005
16:12:07.216,118.426,-1.637,-0.429,True,0.000,0.000,-1.637,-0.429,1.692,0.000,0.000,0.000,0.705
16:12:07.236,118.446,-1.656,-3.661,True,0.000,0.000,-1.656,-3.661,4.018,0.000,0.000,0.000,0.688
16:12:07.257,118.466,-1.680,-3.396,True,0.000,0.000,-1.680,-3.396,3.789,0.000,0.000,0.000,0.608
16:12:07.277,118.486,-1.704,-2.205,True,0.000,0.000,-1.704,-2.205,2.787,0.000,0.000,0.000,1.003
16:12:07.297,118.506,-1.724,-1.266,True,0.000,0.000,-1.724,-1.266,2.139,0.000,0.000,0.000,0.572
16:12:07.317,118.526,-2.503,-4.098,True,0.000,0.000,-2.503,-4.098,4.801,0.000,0.000,0.000,0.597
16:12:07.338,118.547,-2.306,-3.553,True,0.000,0.000,-2.306,-3.553,4.235,0.000,0.000,0.000,0.724
16:12:07.359,118.568,-3.653,-5.700,True,0.000,0.000,-3.653,-5.700,6.770,0.000,0.000,0.000,0.844
16:12:07.379,118.588,-3.091,-4.575,True,0.000,0.000,-3.091,-4.575,5.522,0.000,0.000,0.000,1.136
16:12:07.400,118.609,-2.615,-2.756,True,0.000,0.000,-2.615,-2.756,3.799,0.000,0.000,0.000,0.586
16:12:07.420,118.629,-2.243,-1.394,True,0.000,0.000,-2.243,-1.394,2.641,0.000,0.000,0.000,0.579
16:12:07.442,118.651,-2.736,-2.212,True,0.000,0.000,-2.736,-2.212,3.518,0.000,0.000,0.000,1.353
16:12:07.463,118.672,-2.350,-1.140,True,0.000,0.000,-2.350,-1.140,2.612,0.000,0.000,0.000,1.070
16:12:07.483,118.692,-3.583,-4.790,True,0.000,0.000,-3.583,-4.790,5.982,0.000,0.000,0.000,0.812
16:12:07.503,118.712,-2.966,-3.992,True,0.000,0.000,-2.966,-3.992,4.973,0.000,0.000,0.000,1.023
16:12:07.523,118.733,-2.472,-2.427,True,0.000,0.000,-2.472,-2.427,3.464,0.000,0.000,0.000,1.027
16:12:07.544,118.753,-2.107,-2.128,True,0.000,0.000,-2.107,-2.128,2.995,0.000,0.000,0.000,0.870
16:12:07.565,118.774,-1.860,-1.947,True,0.000,0.000,-1.860,-1.947,2.692,0.000,0.000,0.000,1.067
16:12:07.585,118.794,-1.707,-0.976,True,0.000,0.000,-1.707,-0.976,1.967,0.000,0.000,0.000,0.988
16:12:07.605,118.814,-1.628,-0.308,True,0.000,0.000,-1.628,-0.308,1.657,0.000,0.000,0.000,0.594
16:12:07.626,118.835,-1.599,0.109,True,0.000,0.000,-1.599,0.109,1.603,0.000,0.000,0.000,1.060
16:12:07.647,118.857,-1.602,0.333,True,0.000,0.000,-1.602,0.333,1.636,0.000,0.000,0.000,1.149
16:12:07.668,118.877,-1.624,0.421,True,0.000,0.000,-1.624,0.421,1.677,0.000,0.000,0.000,1.091
16:12:07.688,118.897,-1.653,0.421,True,0.000,0.000,-1.653,0.421,1.705,0.000,0.000,0.000,0.956
16:12:07.709,118.918,-1.682,-3.145,True,0.000,0.000,-1.682,-3.145,3.566,0.000,0.000,0.000,1.178
16:12:07.729,118.938,-1.709,-2.251,True,0.000,0.000,-1.709,-2.251,2.827,0.000,0.000,0.000,0.872
16:12:07.749,118.959,-1.731,-1.476,True,0.000,0.000,-1.731,-1.476,2.275,0.000,0.000,0.000,0.738
16:12:07.770,118.979,-1.748,-1.739,True,0.000,0.000,-1.748,-1.739,2.466,0.000,0.000,0.000,0.940
16:12:07.790,118.999,-2.521,-1.045,True,0.000,0.000,-2.521,-1.045,2.729,0.000,0.000,0.000,0.531
16:12:07.810,119.020,-2.319,-0.527,True,0.000,0.000,-2.319,-0.527,2.378,0.000,0.000,0.000,1.065
16:12:07.831,119.040,-2.139,-0.169,True,0.000,0.000,-2.139,-0.169,2.145,0.000,0.000,0.000,1.212
16:12:07.851,119.060,-2.163,0.096,True,0.000,0.000,-2.163,0.096,2.165,0.000,0.000,0.000,0.911
16:12:07.872,119.081,-1.950,0.157,True,0.000,0.000,-1.950,0.157,1.956,0.000,0.000,0.000,1.095
16:12:07.892,119.101,-1.843,-0.796,True,0.000,0.000,-1.843,-0.796,2.007,0.000,0.000,0.000,0.734
16:12:07.912,119.121,-1.779,-1.397,True,0.000,0.000,-1.779,-1.397,2.262,0.000,0.000,0.000,0.483
16:12:07.933,119.142,-2.511,-4.461,True,0.000,0.000,-2.511,-4.461,5.119,0.000,0.000,0.000,1.085
16:12:07.954,119.163,-3.039,-4.850,True,0.000,0.000,-3.039,-4.850,5.724,0.000,0.000,0.000,1.163
16:12:07.973,119.183,-2.636,-3.223,True,0.000,0.000,-2.636,-3.223,4.164,0.000,0.000,0.000,0.862
16:12:07.994,119.203,-2.303,-1.912,True,0.000,0.000,-2.303,-1.912,2.993,0.000,0.000,0.000,0.520
16:12:08.015,119.224,-2.049,-0.058,True,0.000,0.000,-2.049,-0.058,2.050,0.000,0.000,0.000,1.055
16:12:08.035,119.244,-1.872,0.365,True,0.000,0.000,-1.872,0.365,1.907,0.000,0.000,0.000,0.710
16:12:08.056,119.265,-1.758,-0.319,True,0.000,0.000,-1.758,-0.319,1.787,0.000,0.000,0.000,1.140
16:12:08.076,119.285,-1.694,-0.032,True,0.000,0.000,-1.694,-0.032,1.695,0.000,0.000,0.000,1.031
16:12:08.096,119.305,-1.667,0.136,True,0.000,0.000,-1.667,0.136,1.672,0.000,0.000,0.000,0.797
16:12:08.117,119.326,-1.663,0.215,True,0.000,0.000,-1.663,0.215,1.676,0.000,0.000,0.000,1.069
16:12:08.137,119.346,-1.673,0.234,True,0.000,0.000,-1.673,0.234,1.689,0.000,0.000,0.000,0.907
16:12:08.157,119.366,-1.689,-0.661,True,0.000,0.000,-1.689,-0.661,1.814,0.000,0.000,0.000,0.886
16:12:08.178,119.387,-1.708,-0.455,True,0.000,0.000,-1.708,-0.455,1.768,0.000,0.000,0.000,1.150
16:12:08.198,119.407,-1.725,-0.284,True,0.000,0.000,-1.725,-0.284,1.749,0.000,0.000,0.000,0.595
16:12:08.219,119.428,-1.740,-0.153,True,0.000,0.000,-1.740,-0.153,1.747,0.000,0.000,0.000,1.209
16:12:08.239,119.448,-1.751,-0.060,True,0.000,0.000,-1.751,-0.060,1.753,0.000,0.000,0.000,1.111
16:12:08.261,119.470,-3.282,-3.516,True,0.000,0.000,-3.282,-3.516,4.810,0.000,0.000,0.000,1.107
16:12:08.282,119.491,-2.870,-3.395,True,0.000,0.000,-2.870,-3.395,4.445,0.000,0.000,0.000,1.053
16:12:08.302,119.511,-4.027,-5.802,True,0.000,0.000,-4.027,-5.802,7.062,0.000,0.000,0.000,1.035
16:12:08.321,119.531,-3.313,-3.935,True,0.000,0.000,-3.313,-3.935,5.144,0.000,0.000,0.000,0.710
16:12:08.342,119.551,-5.007,-6.800,True,0.000,0.000,-5.007,-6.800,8.445,0.000,0.000,0.000,0.985
16:12:08.363,119.572,-3.931,-4.438,True,0.000,0.000,-3.931,-4.438,5.929,0.000,0.000,0.000,1.101
16:12:08.383,119.592,-3.062,-3.447,True,0.000,0.000,-3.062,-3.447,4.611,0.000,0.000,0.000,1.067
16:12:08.404,119.613,-2.414,-1.837,True,0.000,0.000,-2.414,-1.837,3.033,0.000,0.000,0.000,1.151
16:12:08.424,119.633,-1.968,-0.703,True,0.000,0.000,-1.968,-0.703,2.090,0.000,0.000,0.000,1.069
16:12:08.445,119.654,-3.975,-4.369,True,0.000,0.000,-3.975,-4.369,5.907,0.000,0.000,0.000,1.194
16:12:08.465,119.675,-3.199,-3.630,True,0.000,0.000,-3.199,-3.630,4.838,0.000,0.000,0.000,1.100
16:12:08.486,119.695,-2.587,-2.142,True,0.000,0.000,-2.587,-2.142,3.359,0.000,0.000,0.000,1.048
16:12:08.506,119.715,-2.142,-1.041,True,0.000,0.000,-2.142,-1.041,2.381,0.000,0.000,0.000,1.117
16:12:08.526,119.735,-1.844,-0.292,True,0.000,0.000,-1.844,-0.292,1.867,0.000,0.000,0.000,0.544
16:12:08.547,119.756,-1.665,0.170,True,0.000,0.000,-1.665,0.170,1.674,0.000,0.000,0.000,1.022
16:12:08.567,119.776,-1.575,-0.467,True,0.000,0.000,-1.575,-0.467,1.643,0.000,0.000,0.000,0.955
16:12:08.587,119.796,-1.547,-0.137,True,0.000,0.000,-1.547,-0.137,1.553,0.000,0.000,0.000,0.743
16:12:08.608,119.817,-1.557,-0.812,True,0.000,0.000,-1.557,-0.812,1.756,0.000,0.000,0.000,0.972
16:12:08.628,119.837,-1.587,-0.462,True,0.000,0.000,-1.587,-0.462,1.653,0.000,0.000,0.000,0.700
16:12:08.649,119.859,-2.387,-1.966,True,0.000,0.000,-2.387,-1.966,3.093,0.000,0.000,0.000,1.004
16:12:08.669,119.878,-2.216,-1.315,True,0.000,0.000,-2.216,-1.315,2.577,0.000,0.000,0.000,0.626
16:12:08.689,119.899,-2.066,-0.788,True,0.000,0.000,-2.066,-0.788,2.211,0.000,0.000,0.000,0.501
16:12:08.710,119.920,-1.945,-0.395,True,0.000,0.000,-1.945,-0.395,1.984,0.000,0.000,0.000,0.786
16:12:08.731,119.940,-1.855,-0.124,True,0.000,0.000,-1.855,-0.124,1.859,0.000,0.000,0.000,1.046
16:12:08.752,119.961,-1.793,-0.835,True,0.000,0.000,-1.793,-0.835,1.977,0.000,0.000,0.000,1.197
16:12:08.772,119.981,-1.754,-1.381,True,0.000,0.000,-1.754,-1.381,2.233,0.000,0.000,0.000,1.112
16:12:08.792,120.001,-1.734,-0.892,True,0.000,0.000,-1.734,-0.892,1.950,0.000,0.000,0.000,1.169
16:12:08.812,120.021,-1.726,-0.507,True,0.000,0.000,-1.726,-0.507,1.799,0.000,0.000,0.000,0.519
16:12:08.833,120.042,-1.726,-0.228,True,0.000,0.000,-1.726,-0.228,1.741,0.000,0.000,0.000,0.690
16:12:08.854,120.063,-2.492,-0.043,True,0.000,0.000,-2.492,-0.043,2.493,0.000,0.000,0.000,1.401
16:12:08.874,120.083,-2.290,-0.811,True,0.000,0.000,-2.290,-0.811,2.430,0.000,0.000,0.000,1.003
16:12:08.894,120.103,-2.113,0.364,True,0.000,0.000,-2.113,0.364,2.144,0.000,0.000,0.000,1.090
16:12:08.914,120.123,-1.971,0.353,True,0.000,0.000,-1.971,0.353,2.002,0.000,0.000,0.000,0.516
16:12:08.934,120.144,-1.866,0.304,True,0.000,0.000,-1.866,0.304,1.890,0.000,0.000,0.000,1.088
16:12:08.954,120.163,-1.794,0.240,True,0.000,0.000,-1.794,0.240,1.810,0.000,0.000,0.000,0.576
16:12:08.976,120.185,-1.750,0.176,True,0.000,0.000,-1.750,0.176,1.759,0.000,0.000,0.000,0.881
16:12:08.996,120.205,-1.727,0.118,True,0.000,0.000,-1.727,0.118,1.731,0.000,0.000,0.000,1.083
16:12:09.016,120.226,-1.718,-3.444,True,0.000,0.000,-1.718,-3.444,3.849,0.000,0.000,0.000,1.051
16:12:09.037,120.246,-1.719,-2.514,True,0.000,0.000,-1.719,-2.514,3.045,0.000,0.000,0.000,0.837
16:12:09.057,120.266,-1.725,-2.565,True,0.000,0.000,-1.725,-2.565,3.091,0.000,0.000,0.000,1.029
16:12:09.078,120.287,-2.495,-1.653,True,0.000,0.000,-2.495,-1.653,2.993,0.000,0.000,0.000,0.740
16:12:09.098,120.307,-2.294,-1.817,True,0.000,0.000,-2.294,-1.817,2.926,0.000,0.000,0.000,0.538
16:12:09.119,120.328,-2.117,-1.058,True,0.000,0.000,-2.117,-1.058,2.367,0.000,0.000,0.000,0.978
16:12:09.139,120.349,-1.975,-0.500,True,0.000,0.000,-1.975,-0.500,2.037,0.000,0.000,0.000,1.054
16:12:09.159,120.368,-1.869,-1.003,True,0.000,0.000,-1.869,-1.003,2.121,0.000,0.000,0.000,0.679
16:12:09.180,120.389,-1.797,-1.411,True,0.000,0.000,-1.797,-1.411,2.285,0.000,0.000,0.000,1.038
16:12:09.200,120.409,-1.752,-0.839,True,0.000,0.000,-1.752,-0.839,1.943,0.000,0.000,0.000,1.000
16:12:09.220,120.429,-1.728,0.465,True,0.000,0.000,-1.728,0.465,1.789,0.000,0.000,0.000,0.659
16:12:09.241,120.450,-1.719,-0.365,True,0.000,0.000,-1.719,-0.365,1.757,0.000,0.000,0.000,0.858
16:12:09.260,120.469,-1.719,-1.035,True,0.000,0.000,-1.719,-1.035,2.007,0.000,0.000,0.000,0.525
16:12:09.284,120.493,-4.009,-5.051,True,0.000,0.000,-4.009,-5.051,6.449,0.000,0.000,0.000,1.176
16:12:09.304,120.513,-4.151,-3.551,True,0.000,0.000,-4.151,-3.551,5.463,0.000,0.000,0.000,1.011
16:12:09.324,120.533,-3.397,-2.276,True,0.000,0.000,-3.397,-2.276,4.089,0.000,0.000,0.000,0.702
16:12:09.344,120.553,-2.775,-1.281,True,0.000,0.000,-2.775,-1.281,3.056,0.000,0.000,0.000,1.039
16:12:09.364,120.574,-2.301,-0.563,True,0.000,0.000,-2.301,-0.563,2.369,0.000,0.000,0.000,0.981
16:12:09.386,120.595,-1.968,-0.088,True,0.000,0.000,-1.968,-0.088,1.970,0.000,0.000,0.000,1.008
16:12:09.406,120.615,-1.755,0.193,True,0.000,0.000,-1.755,0.193,1.765,0.000,0.000,0.000,0.540
16:12:09.426,120.636,-1.635,0.330,True,0.000,0.000,-1.635,0.330,1.667,0.000,0.000,0.000,0.823
16:12:09.446,120.656,-2.343,-0.510,True,0.000,0.000,-2.343,-0.510,2.398,0.000,0.000,0.000,0.527
16:12:09.467,120.676,-2.126,-0.291,True,0.000,0.000,-2.126,-0.291,2.146,0.000,0.000,0.000,1.100
16:12:09.489,120.698,-1.960,-0.131,True,0.000,0.000,-1.960,-0.131,1.964,0.000,0.000,0.000,1.400
16:12:09.509,120.719,-1.842,0.854,True,0.000,0.000,-1.842,0.854,2.030,0.000,0.000,0.000,1.169
16:12:09.530,120.739,-1.766,0.676,True,0.000,0.000,-1.766,0.676,1.891,0.000,0.000,0.000,0.925
16:12:09.550,120.759,-1.723,-0.384,True,0.000,0.000,-1.723,-0.384,1.765,0.000,0.000,0.000,0.776
16:12:09.571,120.780,-1.703,-0.305,True,0.000,0.000,-1.703,-0.305,1.730,0.000,0.000,0.000,0.973
16:12:09.591,120.800,-1.700,-0.223,True,0.000,0.000,-1.700,-0.223,1.714,0.000,0.000,0.000,1.053
16:12:09.611,120.820,-1.705,-1.030,True,0.000,0.000,-1.705,-1.030,1.992,0.000,0.000,0.000,0.649
16:12:09.631,120.840,-1.716,-0.729,True,0.000,0.000,-1.716,-0.729,1.864,0.000,0.000,0.000,0.551
16:12:09.651,120.860,-1.728,-0.471,True,0.000,0.000,-1.728,-0.471,1.791,0.000,0.000,0.000,0.554
16:12:09.672,120.881,-3.262,-4.663,True,0.000,0.000,-3.262,-4.663,5.691,0.000,0.000,0.000,0.587
16:12:09.692,120.901,-3.677,-5.818,True,0.000,0.000,-3.677,-5.818,6.883,0.000,0.000,0.000,0.600
16:12:09.713,120.922,-2.782,-3.046,True,0.000,0.000,-2.782,-3.046,4.125,0.000,0.000,0.000,1.080
16:12:09.733,120.942,-2.335,-1.659,True,0.000,0.000,-2.335,-1.659,2.864,0.000,0.000,0.000,0.919
16:12:09.753,120.962,-2.053,-1.708,True,0.000,0.000,-2.053,-1.708,2.671,0.000,0.000,0.000,0.628
16:12:09.773,120.983,-1.867,-1.768,True,0.000,0.000,-1.867,-1.768,2.571,0.000,0.000,0.000,1.078
16:12:09.794,121.003,-1.751,-1.831,True,0.000,0.000,-1.751,-1.831,2.533,0.000,0.000,0.000,1.134
16:12:09.814,121.023,-1.686,-1.013,True,0.000,0.000,-1.686,-1.013,1.967,0.000,0.000,0.000,0.966
16:12:09.834,121.043,-1.659,-1.306,True,0.000,0.000,-1.659,-1.306,2.111,0.000,0.000,0.000,0.634
16:12:09.855,121.064,-1.656,-0.680,True,0.000,0.000,-1.656,-0.680,1.790,0.000,0.000,0.000,1.227
16:12:09.875,121.084,-1.668,0.637,True,0.000,0.000,-1.668,0.637,1.785,0.000,0.000,0.000,0.983
16:12:09.896,121.105,-1.686,-0.208,True,0.000,0.000,-1.686,-0.208,1.699,0.000,0.000,0.000,1.059
16:12:09.916,121.125,-2.468,-0.026,True,0.000,0.000,-2.468,-0.026,2.468,0.000,0.000,0.000,0.976
16:12:09.936,121.146,-2.277,0.081,True,0.000,0.000,-2.277,0.081,2.278,0.000,0.000,0.000,0.952
16:12:09.957,121.166,-2.108,-0.747,True,0.000,0.000,-2.108,-0.747,2.236,0.000,0.000,0.000,1.174
16:12:09.978,121.187,-1.971,-0.492,True,0.000,0.000,-1.971,-0.492,2.031,0.000,0.000,0.000,0.859
16:12:09.998,121.207,-1.869,-0.289,True,0.000,0.000,-1.869,-0.289,1.891,0.000,0.000,0.000,1.161
16:12:10.018,121.228,-1.798,-0.139,True,0.000,0.000,-1.798,-0.139,1.804,0.000,0.000,0.000,1.046
16:12:10.039,121.248,-1.755,-0.037,True,0.000,0.000,-1.755,-0.037,1.755,0.000,0.000,0.000,1.121
16:12:10.060,121.269,-2.492,-1.733,True,0.000,0.000,-2.492,-1.733,3.035,0.000,0.000,0.000,1.004
16:12:10.080,121.289,-2.274,-1.217,True,0.000,0.000,-2.274,-1.217,2.579,0.000,0.000,0.000,0.939
16:12:10.100,121.309,-2.089,-0.780,True,0.000,0.000,-2.089,-0.780,2.230,0.000,0.000,0.000,1.194
16:12:10.120,121.329,-4.230,-3.954,True,0.000,0.000,-4.230,-3.954,5.790,0.000,0.000,0.000,0.912
16:12:10.140,121.349,-5.023,-7.137,True,0.000,0.000,-5.023,-7.137,8.727,0.000,0.000,0.000,0.601
16:12:10.161,121.370,-4.745,-4.915,True,0.000,0.000,-4.745,-4.915,6.832,0.000,0.000,0.000,0.847
16:12:10.181,121.390,-3.681,-3.069,True,0.000,0.000,-3.681,-3.069,4.793,0.000,0.000,0.000,0.869
16:12:10.202,121.411,-2.849,-1.654,True,0.000,0.000,-2.849,-1.654,3.295,0.000,0.000,0.000,1.086
16:12:10.222,121.431,-2.247,-1.532,True,0.000,0.000,-2.247,-1.532,2.720,0.000,0.000,0.000,0.696
16:12:10.242,121.452,-1.848,-0.644,True,0.000,0.000,-1.848,-0.644,1.957,0.000,0.000,0.000,1.138
16:12:10.263,121.472,-2.372,-0.062,True,0.000,0.000,-2.372,-0.062,2.373,0.000,0.000,0.000,1.015
16:12:10.283,121.492,-2.047,-2.361,True,0.000,0.000,-2.047,-2.361,3.124,0.000,0.000,0.000,1.004
16:12:10.304,121.513,-2.590,-4.992,True,0.000,0.000,-2.590,-4.992,5.624,0.000,0.000,0.000,1.057
16:12:10.325,121.534,-2.249,-4.228,True,0.000,0.000,-2.249,-4.228,4.789,0.000,0.000,0.000,1.014
16:12:10.345,121.555,-1.998,-2.654,True,0.000,0.000,-1.998,-2.654,3.322,0.000,0.000,0.000,1.118
16:12:10.366,121.575,-1.827,-1.444,True,0.000,0.000,-1.827,-1.444,2.329,0.000,0.000,0.000,1.131
16:12:10.386,121.595,-1.723,-0.585,True,0.000,0.000,-1.723,-0.585,1.820,0.000,0.000,0.000,1.052
16:12:10.408,121.617,-1.669,-0.026,True,0.000,0.000,-1.669,-0.026,1.669,0.000,0.000,0.000,0.647
16:12:10.428,121.637,-3.934,-3.221,True,0.000,0.000,-3.934,-3.221,5.084,0.000,0.000,0.000,0.510
16:12:10.449,121.658,-3.309,-1.229,True,0.000,0.000,-3.309,-1.229,3.530,0.000,0.000,0.000,0.887
16:12:10.469,121.678,-2.771,-1.466,True,0.000,0.000,-2.771,-1.466,3.135,0.000,0.000,0.000,0.685
16:12:10.489,121.698,-2.345,-0.790,True,0.000,0.000,-2.345,-0.790,2.475,0.000,0.000,0.000,1.094
16:12:10.510,121.719,-4.319,-3.827,True,0.000,0.000,-4.319,-3.827,5.770,0.000,0.000,0.000,0.974
16:12:10.530,121.739,-3.483,-2.553,True,0.000,0.000,-3.483,-2.553,4.318,0.000,0.000,0.000,0.952
16:12:10.550,121.759,-2.804,-1.525,True,0.000,0.000,-2.804,-1.525,3.191,0.000,0.000,0.000,1.086
16:12:10.570,121.779,-3.055,-1.638,True,0.000,0.000,-3.055,-1.638,3.467,0.000,0.000,0.000,0.637
16:12:10.591,121.800,-2.494,-0.871,True,0.000,0.000,-2.494,-0.871,2.642,0.000,0.000,0.000,0.976
16:12:10.611,121.820,-2.088,-0.332,True,0.000,0.000,-2.088,-0.332,2.114,0.000,0.000,0.000,0.617
16:12:10.631,121.840,-1.859,0.026,True,0.000,0.000,-1.859,0.026,1.859,0.000,0.000,0.000,0.954
16:12:10.651,121.861,-1.707,0.168,True,0.000,0.000,-1.707,0.168,1.715,0.000,0.000,0.000,1.173
16:12:10.672,121.881,-3.337,-3.706,True,0.000,0.000,-3.337,-3.706,4.987,0.000,0.000,0.000,1.028
16:12:10.692,121.901,-2.769,-2.449,True,0.000,0.000,-2.769,-2.449,3.697,0.000,0.000,0.000,1.127
16:12:10.713,121.922,-2.354,-1.509,True,0.000,0.000,-2.354,-1.509,2.796,0.000,0.000,0.000,1.036
16:12:10.733,121.942,-2.053,-0.808,True,0.000,0.000,-2.053,-0.808,2.207,0.000,0.000,0.000,0.887
16:12:10.754,121.963,-1.848,-1.194,True,0.000,0.000,-1.848,-1.194,2.200,0.000,0.000,0.000,1.007
16:12:10.774,121.983,-4.009,-2.394,True,0.000,0.000,-4.009,-2.394,4.670,0.000,0.000,0.000,0.903
16:12:10.796,122.005,-3.314,-2.397,True,0.000,0.000,-3.314,-2.397,4.090,0.000,0.000,0.000,1.122
16:12:10.816,122.025,-2.734,-2.356,True,0.000,0.000,-2.734,-2.356,3.609,0.000,0.000,0.000,1.024
16:12:10.836,122.046,-2.290,-1.414,True,0.000,0.000,-2.290,-1.414,2.691,0.000,0.000,0.000,0.899
16:12:10.857,122.066,-1.975,-1.591,True,0.000,0.000,-1.975,-1.591,2.536,0.000,0.000,0.000,0.677
16:12:10.877,122.086,-2.533,-0.866,True,0.000,0.000,-2.533,-0.866,2.677,0.000,0.000,0.000,0.971
16:12:10.897,122.107,-2.207,-0.350,True,0.000,0.000,-2.207,-0.350,2.235,0.000,0.000,0.000,0.809
16:12:10.918,122.128,-1.969,-0.016,True,0.000,0.000,-1.969,-0.016,1.970,0.000,0.000,0.000,1.076
16:12:10.939,122.148,-2.572,0.177,True,0.000,0.000,-2.572,0.177,2.578,0.000,0.000,0.000,1.162
16:12:10.960,122.169,-2.267,-0.614,True,0.000,0.000,-2.267,-0.614,2.348,0.000,0.000,0.000,1.058
16:12:10.980,122.190,-2.034,-1.233,True,0.000,0.000,-2.034,-1.233,2.378,0.000,0.000,0.000,1.107
16:12:11.001,122.210,-1.869,-0.801,True,0.000,0.000,-1.869,-0.801,2.034,0.000,0.000,0.000,1.084
16:12:11.021,122.230,-1.764,-1.340,True,0.000,0.000,-1.764,-1.340,2.215,0.000,0.000,0.000,1.196
16:12:11.041,122.251,-1.704,-0.850,True,0.000,0.000,-1.704,-0.850,1.904,0.000,0.000,0.000,1.113
16:12:11.061,122.271,-1.677,-0.471,True,0.000,0.000,-1.677,-0.471,1.742,0.000,0.000,0.000,0.545
16:12:11.083,122.292,-1.672,-0.199,True,0.000,0.000,-1.672,-0.199,1.684,0.000,0.000,0.000,1.324
16:12:11.103,122.312,-1.681,-0.021,True,0.000,0.000,-1.681,-0.021,1.681,0.000,0.000,0.000,0.652
16:12:11.124,122.333,-1.696,0.083,True,0.000,0.000,-1.696,0.083,1.698,0.000,0.000,0.000,1.138
16:12:11.144,122.353,-1.712,0.132,True,0.000,0.000,-1.712,0.132,1.718,0.000,0.000,0.000,0.681
16:12:11.165,122.374,-1.728,0.144,True,0.000,0.000,-1.728,0.144,1.734,0.000,0.000,0.000,1.077
16:12:11.185,122.394,-1.742,0.134,True,0.000,0.000,-1.742,0.134,1.747,0.000,0.000,0.000,0.560
16:12:11.205,122.414,-1.752,-3.403,True,0.000,0.000,-1.752,-3.403,3.828,0.000,0.000,0.000,0.624
16:12:11.226,122.435,-1.760,-2.463,True,0.000,0.000,-1.760,-2.463,3.027,0.000,0.000,0.000,1.130
16:12:11.246,122.455,-2.526,-1.636,True,0.000,0.000,-2.526,-1.636,3.010,0.000,0.000,0.000,1.043
16:12:11.267,122.476,-2.320,-0.972,True,0.000,0.000,-2.320,-0.972,2.515,0.000,0.000,0.000,1.167
16:12:11.287,122.496,-2.137,-1.358,True,0.000,0.000,-2.137,-1.358,2.532,0.000,0.000,0.000,1.061
16:12:11.307,122.516,-1.989,-0.779,True,0.000,0.000,-1.989,-0.779,2.136,0.000,0.000,0.000,0.553
16:12:11.328,122.537,-4.162,-3.873,True,0.000,0.000,-4.162,-3.873,5.685,0.000,0.000,0.000,0.996
16:12:11.347,122.557,-3.459,-2.625,True,0.000,0.000,-3.459,-2.625,4.342,0.000,0.000,0.000,0.623
16:12:11.368,122.577,-3.619,-3.362,True,0.000,0.000,-3.619,-3.362,4.939,0.000,0.000,0.000,0.641
16:12:11.388,122.597,-2.938,-2.108,True,0.000,0.000,-2.938,-2.108,3.616,0.000,0.000,0.000,0.664
16:12:11.409,122.618,-2.412,-1.144,True,0.000,0.000,-2.412,-1.144,2.670,0.000,0.000,0.000,1.073
16:12:11.429,122.639,-4.320,-0.461,True,0.000,0.000,-4.320,-0.461,4.345,0.000,0.000,0.000,0.833
16:12:11.450,122.659,-4.970,-4.411,True,0.000,0.000,-4.970,-4.411,6.645,0.000,0.000,0.000,1.134
16:12:11.470,122.679,-3.855,-3.829,True,0.000,0.000,-3.855,-3.829,5.434,0.000,0.000,0.000,0.624
16:12:11.491,122.700,-2.974,-3.285,True,0.000,0.000,-2.974,-3.285,4.431,0.000,0.000,0.000,0.823
16:12:11.511,122.720,-2.329,-2.828,True,0.000,0.000,-2.329,-2.828,3.664,0.000,0.000,0.000,0.728
16:12:11.532,122.741,-1.895,-1.596,True,0.000,0.000,-1.895,-1.596,2.477,0.000,0.000,0.000,0.754
16:12:11.552,122.761,-1.633,-0.705,True,0.000,0.000,-1.633,-0.705,1.779,0.000,0.000,0.000,0.989
16:12:11.573,122.782,-1.500,-0.994,True,0.000,0.000,-1.500,-0.994,1.799,0.000,0.000,0.000,1.143
16:12:11.594,122.803,-1.456,-0.403,True,0.000,0.000,-1.456,-0.403,1.510,0.000,0.000,0.000,1.083
16:12:11.613,122.823,-1.467,-0.898,True,0.000,0.000,-1.467,-0.898,1.720,0.000,0.000,0.000,0.590
16:12:11.635,122.844,-1.509,-0.436,True,0.000,0.000,-1.509,-0.436,1.571,0.000,0.000,0.000,1.110
16:12:11.655,122.864,-1.564,-1.000,True,0.000,0.000,-1.564,-1.000,1.856,0.000,0.000,0.000,0.699
16:12:11.675,122.885,-2.380,-0.566,True,0.000,0.000,-2.380,-0.566,2.446,0.000,0.000,0.000,1.040
16:12:11.696,122.905,-2.219,-0.251,True,0.000,0.000,-2.219,-0.251,2.234,0.000,0.000,0.000,0.969
16:12:11.716,122.925,-2.074,-0.043,True,0.000,0.000,-2.074,-0.043,2.075,0.000,0.000,0.000,0.958
16:12:11.737,122.946,-2.717,0.081,True,0.000,0.000,-2.717,0.081,2.718,0.000,0.000,0.000,1.382
16:12:11.757,122.966,-2.417,-0.737,True,0.000,0.000,-2.417,-0.737,2.527,0.000,0.000,0.000,1.171
16:12:11.777,122.986,-2.170,-1.357,True,0.000,0.000,-2.170,-1.357,2.559,0.000,0.000,0.000,0.985
16:12:11.797,123.006,-1.981,-1.790,True,0.000,0.000,-1.981,-1.790,2.670,0.000,0.000,0.000,0.789
16:12:11.818,123.027,-1.848,-1.187,True,0.000,0.000,-1.848,-1.187,2.197,0.000,0.000,0.000,0.978
16:12:11.839,123.048,-1.763,-0.704,True,0.000,0.000,-1.763,-0.704,1.898,0.000,0.000,0.000,1.099
16:12:11.860,123.069,-1.715,-1.224,True,0.000,0.000,-1.715,-1.224,2.106,0.000,0.000,0.000,0.954
16:12:11.880,123.089,-1.693,-1.616,True,0.000,0.000,-1.693,-1.616,2.341,0.000,0.000,0.000,1.051
16:12:11.900,123.110,-2.451,-1.890,True,0.000,0.000,-2.451,-1.890,3.095,0.000,0.000,0.000,1.078
16:12:11.920,123.130,-2.249,-1.184,True,0.000,0.000,-2.249,-1.184,2.542,0.000,0.000,0.000,0.600
16:12:11.944,123.153,-2.077,-1.521,True,0.000,0.000,-2.077,-1.521,2.574,0.000,0.000,0.000,1.084
16:12:11.964,123.173,-1.942,-0.895,True,0.000,0.000,-1.942,-0.895,2.138,0.000,0.000,0.000,0.701
16:12:11.984,123.193,-1.844,-0.433,True,0.000,0.000,-1.844,-0.433,1.894,0.000,0.000,0.000,0.653
16:12:12.005,123.214,-1.779,-0.119,True,0.000,0.000,-1.779,-0.119,1.783,0.000,0.000,0.000,0.548
16:12:12.026,123.235,-2.502,0.074,True,0.000,0.000,-2.502,0.074,2.503,0.000,0.000,0.000,1.016
16:12:12.045,123.255,-2.274,1.054,True,0.000,0.000,-2.274,1.054,2.507,0.000,0.000,0.000,0.775
16:12:12.066,123.275,-2.084,0.849,True,0.000,0.000,-2.084,0.849,2.251,0.000,0.000,0.000,1.088
16:12:12.087,123.296,-1.938,0.632,True,0.000,0.000,-1.938,0.632,2.039,0.000,0.000,0.000,1.152
16:12:12.107,123.316,-1.835,0.433,True,0.000,0.000,-1.835,0.433,1.885,0.000,0.000,0.000,0.905
16:12:12.127,123.337,-1.768,0.269,True,0.000,0.000,-1.768,0.269,1.788,0.000,0.000,0.000,1.017
16:12:12.148,123.357,-1.729,0.144,True,0.000,0.000,-1.729,0.144,1.735,0.000,0.000,0.000,0.683
16:12:12.169,123.378,-1.712,0.055,True,0.000,0.000,-1.712,0.055,1.713,0.000,0.000,0.000,1.068
16:12:12.189,123.398,-1.708,-0.880,True,0.000,0.000,-1.708,-0.880,1.922,0.000,0.000,0.000,1.473
16:12:12.209,123.419,-3.997,-4.187,True,0.000,0.000,-3.997,-4.187,5.788,0.000,0.000,0.000,1.089
16:12:12.229,123.439,-3.379,-3.023,True,0.000,0.000,-3.379,-3.023,4.534,0.000,0.000,0.000,0.628
16:12:12.250,123.459,-2.836,-2.002,True,0.000,0.000,-2.836,-2.002,3.471,0.000,0.000,0.000,1.048
16:12:12.270,123.480,-2.400,-3.820,True,0.000,0.000,-2.400,-3.820,4.512,0.000,0.000,0.000,0.959
16:12:12.290,123.500,-2.077,-2.490,True,0.000,0.000,-2.077,-2.490,3.243,0.000,0.000,0.000,0.575
16:12:12.311,123.520,-1.856,-1.438,True,0.000,0.000,-1.856,-1.438,2.348,0.000,0.000,0.000,0.804
16:12:12.332,123.541,-1.720,-0.669,True,0.000,0.000,-1.720,-0.669,1.845,0.000,0.000,0.000,1.034
16:12:12.352,123.561,-1.648,-0.152,True,0.000,0.000,-1.648,-0.152,1.655,0.000,0.000,0.000,1.276
16:12:12.373,123.582,-1.621,0.160,True,0.000,0.000,-1.621,0.160,1.629,0.000,0.000,0.000,1.184
16:12:12.393,123.602,-1.623,0.318,True,0.000,0.000,-1.623,0.318,1.654,0.000,0.000,0.000,0.787
16:12:12.414,123.623,-1.641,0.371,True,0.000,0.000,-1.641,0.371,1.682,0.000,0.000,0.000,1.112
16:12:12.434,123.643,-1.666,-0.522,True,0.000,0.000,-1.666,-0.522,1.746,0.000,0.000,0.000,1.006
16:12:12.455,123.664,-1.692,-0.331,True,0.000,0.000,-1.692,-0.331,1.724,0.000,0.000,0.000,1.019
16:12:12.475,123.684,-1.716,-0.183,True,0.000,0.000,-1.716,-0.183,1.725,0.000,0.000,0.000,0.880
16:12:12.495,123.704,-1.735,-0.077,True,0.000,0.000,-1.735,-0.077,1.737,0.000,0.000,0.000,0.507
16:12:12.516,123.725,-1.750,-0.887,True,0.000,0.000,-1.750,-0.887,1.962,0.000,0.000,0.000,1.070
16:12:12.536,123.745,-1.760,-1.484,True,0.000,0.000,-1.760,-1.484,2.302,0.000,0.000,0.000,1.086
16:12:12.556,123.765,-1.767,-1.010,True,0.000,0.000,-1.767,-1.010,2.035,0.000,0.000,0.000,0.554
16:12:12.577,123.786,-1.770,-1.500,True,0.000,0.000,-1.770,-1.500,2.320,0.000,0.000,0.000,1.073
16:12:12.597,123.806,-1.772,-0.964,True,0.000,0.000,-1.772,-0.964,2.017,0.000,0.000,0.000,1.160
16:12:12.618,123.827,-1.772,-4.060,True,0.000,0.000,-1.772,-4.060,4.430,0.000,0.000,0.000,1.061
16:12:12.638,123.847,-1.771,-3.670,True,0.000,0.000,-1.771,-3.670,4.075,0.000,0.000,0.000,0.951
16:12:12.658,123.867,-1.770,-3.255,True,0.000,0.000,-1.770,-3.255,3.705,0.000,0.000,0.000,0.720
16:12:12.678,123.887,-1.769,-1.995,True,0.000,0.000,-1.769,-1.995,2.667,0.000,0.000,0.000,0.623
16:12:12.699,123.908,-1.768,-1.042,True,0.000,0.000,-1.768,-1.042,2.052,0.000,0.000,0.000,1.033
16:12:12.719,123.928,-1.767,-0.376,True,0.000,0.000,-1.767,-0.376,1.807,0.000,0.000,0.000,0.974
16:12:12.739,123.948,-1.767,0.047,True,0.000,0.000,-1.767,0.047,1.767,0.000,0.000,0.000,0.798
16:12:12.759,123.969,-1.766,0.282,True,0.000,0.000,-1.766,0.282,1.789,0.000,0.000,0.000,0.579
16:12:12.780,123.989,-1.766,-4.012,True,0.000,0.000,-1.766,-4.012,4.383,0.000,0.000,0.000,1.059
16:12:12.800,124.009,-1.766,-2.793,True,0.000,0.000,-1.766,-2.793,3.305,0.000,0.000,0.000,1.075
16:12:12.821,124.030,-1.766,-1.769,True,0.000,0.000,-1.766,-1.769,2.499,0.000,0.000,0.000,1.119
16:12:12.841,124.050,-3.288,-5.371,True,0.000,0.000,-3.288,-5.371,6.297,0.000,0.000,0.000,1.064
16:12:12.862,124.071,-2.870,-3.597,True,0.000,0.000,-2.870,-3.597,4.602,0.000,0.000,0.000,1.174
16:12:12.882,124.091,-4.785,-5.677,True,0.000,0.000,-4.785,-5.677,7.425,0.000,0.000,0.000,1.266
16:12:12.902,124.111,-3.861,-3.638,True,0.000,0.000,-3.861,-3.638,5.305,0.000,0.000,0.000,1.136
16:12:12.923,124.132,-3.087,-2.047,True,0.000,0.000,-3.087,-2.047,3.704,0.000,0.000,0.000,1.060
16:12:12.943,124.153,-2.489,-0.899,True,0.000,0.000,-2.489,-0.899,2.647,0.000,0.000,0.000,1.190
16:12:12.964,124.173,-2.825,-0.139,True,0.000,0.000,-2.825,-0.139,2.829,0.000,0.000,0.000,1.272
16:12:12.985,124.194,-2.339,0.309,True,0.000,0.000,-2.339,0.309,2.359,0.000,0.000,0.000,1.430
16:12:13.005,124.214,-1.994,-0.351,True,0.000,0.000,-1.994,-0.351,2.025,0.000,0.000,0.000,1.250
16:12:13.025,124.235,-1.771,-0.927,True,0.000,0.000,-1.771,-0.927,1.999,0.000,0.000,0.000,1.306
16:12:13.046,124.255,-1.643,-0.507,True,0.000,0.000,-1.643,-0.507,1.720,0.000,0.000,0.000,1.255
16:12:13.067,124.277,-1.585,-1.087,True,0.000,0.000,-1.585,-1.087,1.922,0.000,0.000,0.000,0.673
16:12:13.088,124.297,-1.574,-0.651,True,0.000,0.000,-1.574,-0.651,1.703,0.000,0.000,0.000,0.669
16:12:13.108,124.317,-1.590,-0.326,True,0.000,0.000,-1.590,-0.326,1.623,0.000,0.000,0.000,1.124
16:12:13.128,124.337,-1.620,-0.102,True,0.000,0.000,-1.620,-0.102,1.623,0.000,0.000,0.000,0.549
16:12:13.148,124.357,-3.177,-4.357,True,0.000,0.000,-3.177,-4.357,5.393,0.000,0.000,0.000,0.601
16:12:13.168,124.377,-5.076,-7.470,True,0.000,0.000,-5.076,-7.470,9.031,0.000,0.000,0.000,0.706
16:12:13.188,124.398,-4.108,-5.169,True,0.000,0.000,-4.108,-5.169,6.602,0.000,0.000,0.000,0.589
16:12:13.209,124.418,-3.279,-3.247,True,0.000,0.000,-3.279,-3.247,4.615,0.000,0.000,0.000,1.152
16:12:13.229,124.438,-2.628,-1.769,True,0.000,0.000,-2.628,-1.769,3.168,0.000,0.000,0.000,0.501
16:12:13.249,124.458,-3.678,-3.354,True,0.000,0.000,-3.678,-3.354,4.978,0.000,0.000,0.000,0.574
16:12:13.270,124.479,-3.706,-1.068,True,0.000,0.000,-3.706,-1.068,3.857,0.000,0.000,0.000,0.923
16:12:13.290,124.499,-2.940,-0.278,True,0.000,0.000,-2.940,-0.278,2.953,0.000,0.000,0.000,0.998
16:12:13.311,124.520,-2.365,0.204,True,0.000,0.000,-2.365,0.204,2.374,0.000,0.000,0.000,1.015
16:12:13.331,124.540,-1.967,0.454,True,0.000,0.000,-1.967,0.454,2.019,0.000,0.000,0.000,1.052
16:12:13.351,124.560,-1.717,-1.215,True,0.000,0.000,-1.717,-1.215,2.103,0.000,0.000,0.000,0.590
16:12:13.371,124.580,-1.580,-0.746,True,0.000,0.000,-1.580,-0.746,1.747,0.000,0.000,0.000,0.491
16:12:13.392,124.601,-1.524,-1.270,True,0.000,0.000,-1.524,-1.270,1.984,0.000,0.000,0.000,1.110
16:12:13.411,124.621,-1.521,-0.780,True,0.000,0.000,-1.521,-0.780,1.710,0.000,0.000,0.000,0.495
16:12:13.432,124.641,-1.549,-1.288,True,0.000,0.000,-1.549,-1.288,2.014,0.000,0.000,0.000,1.013
16:12:13.452,124.661,-1.590,-0.787,True,0.000,0.000,-1.590,-0.787,1.774,0.000,0.000,0.000,0.526
16:12:13.473,124.682,-2.396,-3.045,True,0.000,0.000,-2.396,-3.045,3.875,0.000,0.000,0.000,1.072
16:12:13.494,124.703,-2.227,-2.057,True,0.000,0.000,-2.227,-2.057,3.032,0.000,0.000,0.000,1.087
16:12:13.514,124.723,-2.077,-1.251,True,0.000,0.000,-2.077,-1.251,2.425,0.000,0.000,0.000,1.102
16:12:13.534,124.743,-2.716,-1.523,True,0.000,0.000,-2.716,-1.523,3.114,0.000,0.000,0.000,0.972
16:12:13.554,124.764,-2.415,-0.860,True,0.000,0.000,-2.415,-0.860,2.563,0.000,0.000,0.000,0.988
16:12:13.574,124.784,-2.166,-0.381,True,0.000,0.000,-2.166,-0.381,2.200,0.000,0.000,0.000,0.511
16:12:13.595,124.805,-1.978,-0.942,True,0.000,0.000,-1.978,-0.942,2.191,0.000,0.000,0.000,0.988
16:12:13.616,124.825,-1.845,-0.512,True,0.000,0.000,-1.845,-0.512,1.915,0.000,0.000,0.000,1.116
16:12:13.636,124.845,-4.044,-3.723,True,0.000,0.000,-4.044,-3.723,5.497,0.000,0.000,0.000,0.612
16:12:13.656,124.865,-3.370,-2.559,True,0.000,0.000,-3.370,-2.559,4.231,0.000,0.000,0.000,0.737
16:12:13.677,124.886,-2.795,-1.594,True,0.000,0.000,-2.795,-1.594,3.218,0.000,0.000,0.000,1.020
16:12:13.697,124.906,-2.347,-0.855,True,0.000,0.000,-2.347,-0.855,2.498,0.000,0.000,0.000,0.968
16:12:13.717,124.926,-2.022,-0.334,True,0.000,0.000,-2.022,-0.334,2.050,0.000,0.000,0.000,0.781
16:12:13.737,124.947,-1.808,0.002,True,0.000,0.000,-1.808,0.002,1.808,0.000,0.000,0.000,0.653
16:12:13.758,124.967,-1.680,0.193,True,0.000,0.000,-1.680,0.193,1.692,0.000,0.000,0.000,0.934
16:12:13.778,124.987,-3.141,-4.115,True,0.000,0.000,-3.141,-4.115,5.177,0.000,0.000,0.000,0.564
16:12:13.798,125.007,-2.705,-2.893,True,0.000,0.000,-2.705,-2.893,3.960,0.000,0.000,0.000,0.483
16:12:13.818,125.028,-3.107,-2.733,True,0.000,0.000,-3.107,-2.733,4.138,0.000,0.000,0.000,0.695
16:12:13.838,125.048,-3.386,-1.681,True,0.000,0.000,-3.386,-1.681,3.780,0.000,0.000,0.000,0.540
16:12:13.859,125.068,-2.800,-1.762,True,0.000,0.000,-2.800,-1.762,3.309,0.000,0.000,0.000,0.801
16:12:13.880,125.089,-2.345,-0.962,True,0.000,0.000,-2.345,-0.962,2.534,0.000,0.000,0.000,1.185
16:12:13.900,125.109,-2.017,-0.393,True,0.000,0.000,-2.017,-0.393,2.055,0.000,0.000,0.000,1.306
16:12:13.920,125.129,-1.801,-0.022,True,0.000,0.000,-1.801,-0.022,1.801,0.000,0.000,0.000,0.539
16:12:13.941,125.151,-3.196,-3.324,True,0.000,0.000,-3.196,-3.324,4.612,0.000,0.000,0.000,1.151
16:12:13.961,125.170,-2.717,-1.381,True,0.000,0.000,-2.717,-1.381,3.048,0.000,0.000,0.000,0.836
16:12:13.982,125.191,-2.331,-0.749,True,0.000,0.000,-2.331,-0.749,2.448,0.000,0.000,0.000,0.819
16:12:14.002,125.211,-2.045,-0.301,True,0.000,0.000,-2.045,-0.301,2.067,0.000,0.000,0.000,1.064
16:12:14.023,125.232,-1.849,-0.010,True,0.000,0.000,-1.849,-0.010,1.849,0.000,0.000,0.000,1.178
16:12:14.042,125.251,-1.727,0.157,True,0.000,0.000,-1.727,0.157,1.734,0.000,0.000,0.000,0.574
16:12:14.063,125.272,-1.663,-3.283,True,0.000,0.000,-1.663,-3.283,3.680,0.000,0.000,0.000,1.044
16:12:14.083,125.292,-1.638,-2.302,True,0.000,0.000,-1.638,-2.302,2.825,0.000,0.000,0.000,0.672
16:12:14.103,125.312,-2.401,-1.470,True,0.000,0.000,-2.401,-1.470,2.815,0.000,0.000,0.000,0.662
16:12:14.124,125.333,-2.208,-0.823,True,0.000,0.000,-2.208,-0.823,2.356,0.000,0.000,0.000,1.330
16:12:14.144,125.354,-2.045,-0.357,True,0.000,0.000,-2.045,-0.357,2.076,0.000,0.000,0.000,0.960
16:12:14.165,125.374,-1.920,-0.050,True,0.000,0.000,-1.920,-0.050,1.920,0.000,0.000,0.000,1.201
16:12:14.185,125.394,-1.830,0.131,True,0.000,0.000,-1.830,0.131,1.835,0.000,0.000,0.000,0.865
16:12:14.205,125.414,-1.771,-0.661,True,0.000,0.000,-1.771,-0.661,1.891,0.000,0.000,0.000,0.595
16:12:14.226,125.435,-3.260,-3.911,True,0.000,0.000,-3.260,-3.911,5.092,0.000,0.000,0.000,1.105
16:12:14.246,125.455,-2.826,-2.748,True,0.000,0.000,-2.826,-2.748,3.942,0.000,0.000,0.000,0.886
16:12:14.266,125.475,-2.453,-1.760,True,0.000,0.000,-2.453,-1.760,3.019,0.000,0.000,0.000,0.664
16:12:14.287,125.496,-2.160,-0.990,True,0.000,0.000,-2.160,-0.990,2.376,0.000,0.000,0.000,1.083
16:12:14.307,125.516,-1.946,-0.434,True,0.000,0.000,-1.946,-0.434,1.994,0.000,0.000,0.000,0.994
16:12:14.328,125.537,-1.803,-0.066,True,0.000,0.000,-1.803,-0.066,1.804,0.000,0.000,0.000,1.110
16:12:14.348,125.557,-3.240,-4.244,True,0.000,0.000,-3.240,-4.244,5.339,0.000,0.000,0.000,0.874
16:12:14.368,125.577,-2.779,-3.810,True,0.000,0.000,-2.779,-3.810,4.716,0.000,0.000,0.000,0.545
16:12:14.388,125.598,-2.396,-2.474,True,0.000,0.000,-2.396,-2.474,3.445,0.000,0.000,0.000,0.621
16:12:14.409,125.618,-2.104,-1.421,True,0.000,0.000,-2.104,-1.421,2.539,0.000,0.000,0.000,0.548
16:12:14.429,125.638,-1.897,-0.653,True,0.000,0.000,-1.897,-0.653,2.007,0.000,0.000,0.000,0.832
16:12:14.450,125.659,-1.764,-0.139,True,0.000,0.000,-1.764,-0.139,1.770,0.000,0.000,0.000,0.669
16:12:14.470,125.679,-1.689,-0.709,True,0.000,0.000,-1.689,-0.709,1.832,0.000,0.000,0.000,0.568
16:12:14.491,125.700,-1.655,-0.312,True,0.000,0.000,-1.655,-0.312,1.684,0.000,0.000,0.000,1.072
16:12:14.512,125.721,-1.649,-0.928,True,0.000,0.000,-1.649,-0.928,1.892,0.000,0.000,0.000,1.043
16:12:14.532,125.741,-1.659,-1.410,True,0.000,0.000,-1.659,-1.410,2.178,0.000,0.000,0.000,0.646
16:12:14.552,125.761,-2.439,-0.880,True,0.000,0.000,-2.439,-0.880,2.593,0.000,0.000,0.000,0.608
16:12:14.573,125.782,-2.251,-0.474,True,0.000,0.000,-2.251,-0.474,2.301,0.000,0.000,0.000,0.825
16:12:14.594,125.803,-2.087,-0.187,True,0.000,0.000,-2.087,-0.187,2.095,0.000,0.000,0.000,1.083
16:12:14.614,125.823,-4.239,-4.396,True,0.000,0.000,-4.239,-4.396,6.107,0.000,0.000,0.000,0.849
16:12:14.634,125.843,-3.514,-3.083,True,0.000,0.000,-3.514,-3.083,4.675,0.000,0.000,0.000,1.072
16:12:14.655,125.864,-2.895,-1.971,True,0.000,0.000,-2.895,-1.971,3.502,0.000,0.000,0.000,1.243
16:12:14.675,125.884,-2.408,-1.104,True,0.000,0.000,-2.408,-1.104,2.649,0.000,0.000,0.000,0.583
16:12:14.695,125.904,-2.817,-3.996,True,0.000,0.000,-2.817,-3.996,4.889,0.000,0.000,0.000,1.070
16:12:14.715,125.924,-2.373,-2.618,True,0.000,0.000,-2.373,-2.618,3.533,0.000,0.000,0.000,0.828
16:12:14.736,125.945,-2.048,-1.524,True,0.000,0.000,-2.048,-1.524,2.553,0.000,0.000,0.000,0.964
16:12:14.756,125.965,-3.352,-5.115,True,0.000,0.000,-3.352,-5.115,6.116,0.000,0.000,0.000,1.198
16:12:14.776,125.986,-3.564,-3.366,True,0.000,0.000,-3.564,-3.366,4.902,0.000,0.000,0.000,0.982
16:12:14.797,126.006,-2.919,-2.851,True,0.000,0.000,-2.919,-2.851,4.080,0.000,0.000,0.000,1.069
16:12:14.817,126.026,-2.415,-1.582,True,0.000,0.000,-2.415,-1.582,2.887,0.000,0.000,0.000,1.079
16:12:14.837,126.046,-2.052,-0.673,True,0.000,0.000,-2.052,-0.673,2.159,0.000,0.000,0.000,0.614
16:12:14.857,126.066,-2.572,-4.470,True,0.000,0.000,-2.572,-4.470,5.158,0.000,0.000,0.000,0.777
16:12:14.878,126.087,-2.221,-3.794,True,0.000,0.000,-2.221,-3.794,4.396,0.000,0.000,0.000,1.145
16:12:14.898,126.107,-1.967,-3.201,True,0.000,0.000,-1.967,-3.201,3.757,0.000,0.000,0.000,1.040
16:12:14.918,126.127,-1.799,-2.725,True,0.000,0.000,-1.799,-2.725,3.265,0.000,0.000,0.000,1.162
16:12:14.938,126.147,-1.699,-1.495,True,0.000,0.000,-1.699,-1.495,2.263,0.000,0.000,0.000,0.661
16:12:14.958,126.167,-3.173,-5.012,True,0.000,0.000,-3.173,-5.012,5.932,0.000,0.000,0.000,0.510
16:12:14.979,126.188,-2.741,-3.232,True,0.000,0.000,-2.741,-3.232,4.238,0.000,0.000,0.000,0.686
16:12:14.999,126.208,-2.379,-1.837,True,0.000,0.000,-2.379,-1.837,3.006,0.000,0.000,0.000,1.044
16:12:15.020,126.229,-2.101,-0.825,True,0.000,0.000,-2.101,-0.825,2.257,0.000,0.000,0.000,1.073
16:12:15.040,126.249,-1.903,-0.152,True,0.000,0.000,-1.903,-0.152,1.909,0.000,0.000,0.000,1.152
16:12:15.061,126.270,-1.774,0.249,True,0.000,0.000,-1.774,0.249,1.791,0.000,0.000,0.000,1.197
16:12:15.081,126.290,-1.699,0.448,True,0.000,0.000,-1.699,0.448,1.758,0.000,0.000,0.000,1.096
16:12:15.101,126.310,-3.188,-3.008,True,0.000,0.000,-3.188,-3.008,4.383,0.000,0.000,0.000,0.600
16:12:15.122,126.331,-2.762,-2.069,True,0.000,0.000,-2.762,-2.069,3.451,0.000,0.000,0.000,1.020
16:12:15.142,126.351,-2.402,-1.289,True,0.000,0.000,-2.402,-1.289,2.726,0.000,0.000,0.000,0.861
16:12:15.162,126.372,-2.121,-0.692,True,0.000,0.000,-2.121,-0.692,2.231,0.000,0.000,0.000,1.215
16:12:15.183,126.392,-1.919,-0.271,True,0.000,0.000,-1.919,-0.271,1.939,0.000,0.000,0.000,0.894
16:12:15.203,126.412,-1.787,-0.878,True,0.000,0.000,-1.787,-0.878,1.991,0.000,0.000,0.000,0.634
16:12:15.223,126.432,-1.708,-1.361,True,0.000,0.000,-1.708,-1.361,2.184,0.000,0.000,0.000,0.559
16:12:15.244,126.454,-1.671,0.042,True,0.000,0.000,-1.671,0.042,1.671,0.000,0.000,0.000,1.092
16:12:15.264,126.473,-1.661,0.198,True,0.000,0.000,-1.661,0.198,1.672,0.000,0.000,0.000,0.582
16:12:15.285,126.494,-2.429,-1.495,True,0.000,0.000,-2.429,-1.495,2.852,0.000,0.000,0.000,0.940
16:12:15.305,126.515,-2.996,-1.006,True,0.000,0.000,-2.996,-1.006,3.161,0.000,0.000,0.000,1.123
16:12:15.326,126.535,-2.622,-0.609,True,0.000,0.000,-2.622,-0.609,2.691,0.000,0.000,0.000,1.130
16:12:15.346,126.555,-2.307,-0.311,True,0.000,0.000,-2.307,-0.311,2.328,0.000,0.000,0.000,1.074
16:12:15.367,126.576,-2.064,-0.983,True,0.000,0.000,-2.064,-0.983,2.286,0.000,0.000,0.000,1.173
16:12:15.387,126.596,-1.890,-0.612,True,0.000,0.000,-1.890,-0.612,1.986,0.000,0.000,0.000,1.028
16:12:15.407,126.616,-1.776,-0.328,True,0.000,0.000,-1.776,-0.328,1.806,0.000,0.000,0.000,1.277
16:12:15.427,126.636,-1.711,0.751,True,0.000,0.000,-1.711,0.751,1.868,0.000,0.000,0.000,0.760
16:12:15.448,126.657,-1.680,0.639,True,0.000,0.000,-1.680,0.639,1.797,0.000,0.000,0.000,0.989
16:12:15.467,126.677,-1.672,0.499,True,0.000,0.000,-1.672,0.499,1.745,0.000,0.000,0.000,0.753
16:12:15.488,126.698,-1.679,-0.518,True,0.000,0.000,-1.679,-0.518,1.757,0.000,0.000,0.000,1.145
16:12:15.508,126.717,-1.693,-0.399,True,0.000,0.000,-1.693,-0.399,1.740,0.000,0.000,0.000,0.516
16:12:15.528,126.738,-1.710,-0.283,True,0.000,0.000,-1.710,-0.283,1.733,0.000,0.000,0.000,0.832
16:12:15.549,126.758,-3.249,-4.578,True,0.000,0.000,-3.249,-4.578,5.614,0.000,0.000,0.000,1.140
16:12:15.569,126.778,-2.845,-3.293,True,0.000,0.000,-2.845,-3.293,4.352,0.000,0.000,0.000,0.577
16:12:15.589,126.799,-2.487,-2.172,True,0.000,0.000,-2.487,-2.172,3.301,0.000,0.000,0.000,0.710
16:12:15.610,126.820,-2.197,-2.155,True,0.000,0.000,-2.197,-2.155,3.078,0.000,0.000,0.000,1.123
16:12:15.631,126.840,-1.982,-4.768,True,0.000,0.000,-1.982,-4.768,5.163,0.000,0.000,0.000,1.051
16:12:15.650,126.860,-1.885,-5.521,True,0.000,0.000,-1.885,-5.521,5.834,0.000,0.000,0.000,0.510
16:12:15.671,126.880,-1.775,-2.741,True,0.000,0.000,-1.775,-2.741,3.266,0.000,0.000,0.000,1.022
16:12:15.691,126.900,-1.719,-1.345,True,0.000,0.000,-1.719,-1.345,2.183,0.000,0.000,0.000,0.495
16:12:15.712,126.921,-1.691,-0.494,True,0.000,0.000,-1.691,-0.494,1.762,0.000,0.000,0.000,0.480
16:12:15.732,126.942,-2.451,-0.854,True,0.000,0.000,-2.451,-0.854,2.596,0.000,0.000,0.000,0.650
16:12:15.754,126.963,-3.003,-0.310,True,0.000,0.000,-3.003,-0.310,3.019,0.000,0.000,0.000,1.039
16:12:15.774,126.983,-2.617,0.036,True,0.000,0.000,-2.617,0.036,2.617,0.000,0.000,0.000,0.569
16:12:15.795,127.004,-2.296,0.228,True,0.000,0.000,-2.296,0.228,2.307,0.000,0.000,0.000,0.500
16:12:15.815,127.024,-2.050,0.310,True,0.000,0.000,-2.050,0.310,2.073,0.000,0.000,0.000,0.660
16:12:15.836,127.045,-1.876,0.319,True,0.000,0.000,-1.876,0.319,1.903,0.000,0.000,0.000,1.031
16:12:15.856,127.065,-1.765,0.287,True,0.000,0.000,-1.765,0.287,1.788,0.000,0.000,0.000,1.184
16:12:15.876,127.085,-1.701,-0.645,True,0.000,0.000,-1.701,-0.645,1.820,0.000,0.000,0.000,0.795
16:12:15.897,127.106,-1.673,-0.461,True,0.000,0.000,-1.673,-0.461,1.735,0.000,0.000,0.000,1.034
16:12:15.917,127.127,-1.668,-1.181,True,0.000,0.000,-1.668,-1.181,2.043,0.000,0.000,0.000,0.589
16:12:15.938,127.147,-1.676,-1.692,True,0.000,0.000,-1.676,-1.692,2.382,0.000,0.000,0.000,0.596
16:12:15.958,127.167,-2.453,-1.145,True,0.000,0.000,-2.453,-1.145,2.707,0.000,0.000,0.000,0.530
16:12:15.979,127.188,-2.262,-0.698,True,0.000,0.000,-2.262,-0.698,2.367,0.000,0.000,0.000,0.815
16:12:15.999,127.208,-2.094,-0.361,True,0.000,0.000,-2.094,-0.361,2.125,0.000,0.000,0.000,0.970
16:12:16.019,127.229,-1.960,-1.005,True,0.000,0.000,-1.960,-1.005,2.202,0.000,0.000,0.000,0.719
16:12:16.040,127.249,-1.860,-0.615,True,0.000,0.000,-1.860,-0.615,1.959,0.000,0.000,0.000,0.839
16:12:16.060,127.269,-1.792,-0.321,True,0.000,0.000,-1.792,-0.321,1.821,0.000,0.000,0.000,0.668
16:12:16.080,127.289,-1.751,-0.115,True,0.000,0.000,-1.751,-0.115,1.755,0.000,0.000,0.000,0.643
16:12:16.100,127.309,-1.729,0.016,True,0.000,0.000,-1.729,0.016,1.729,0.000,0.000,0.000,0.548
16:12:16.121,127.330,-4.766,-0.791,True,0.000,0.000,-4.766,-0.791,4.831,0.000,0.000,0.000,1.012
16:12:16.141,127.351,-4.692,-0.519,True,0.000,0.000,-4.692,-0.519,4.720,0.000,0.000,0.000,0.992
16:12:16.162,127.371,-3.751,-1.181,True,0.000,0.000,-3.751,-1.181,3.932,0.000,0.000,0.000,1.039
16:12:16.183,127.392,-2.980,-0.781,True,0.000,0.000,-2.980,-0.781,3.080,0.000,0.000,0.000,1.103
16:12:16.203,127.412,-5.443,-2.218,True,0.000,0.000,-5.443,-2.218,5.877,0.000,0.000,0.000,0.776
16:12:16.223,127.433,-4.200,-1.499,True,0.000,0.000,-4.200,-1.499,4.459,0.000,0.000,0.000,1.033
16:12:16.244,127.453,-3.204,-0.912,True,0.000,0.000,-3.204,-0.912,3.331,0.000,0.000,0.000,0.849
16:12:16.265,127.474,-2.467,-0.469,True,0.000,0.000,-2.467,-0.469,2.512,0.000,0.000,0.000,0.992
16:12:16.284,127.493,-4.249,-3.678,True,0.000,0.000,-4.249,-3.678,5.619,0.000,0.000,0.000,0.609
16:12:16.305,127.514,-3.312,-2.518,True,0.000,0.000,-3.312,-2.518,4.161,0.000,0.000,0.000,1.065
16:12:16.325,127.534,-3.357,-2.439,True,0.000,0.000,-3.357,-2.439,4.150,0.000,0.000,0.000,0.659
16:12:16.346,127.555,-2.642,-1.467,True,0.000,0.000,-2.642,-1.467,3.022,0.000,0.000,0.000,1.028
16:12:16.366,127.575,-2.131,-0.741,True,0.000,0.000,-2.131,-0.741,2.256,0.000,0.000,0.000,1.003
16:12:16.386,127.596,-1.798,-0.239,True,0.000,0.000,-1.798,-0.239,1.813,0.000,0.000,0.000,0.644
16:12:16.407,127.616,-1.604,0.074,True,0.000,0.000,-1.604,0.074,1.606,0.000,0.000,0.000,0.994
16:12:16.427,127.636,-1.513,-0.635,True,0.000,0.000,-1.513,-0.635,1.641,0.000,0.000,0.000,0.584
16:12:16.448,127.657,-1.491,-0.326,True,0.000,0.000,-1.491,-0.326,1.526,0.000,0.000,0.000,1.052
16:12:16.468,127.677,-4.557,-1.870,True,0.000,0.000,-4.557,-1.870,4.925,0.000,0.000,0.000,0.558
16:12:16.488,127.698,-4.523,-1.252,True,0.000,0.000,-4.523,-1.252,4.693,0.000,0.000,0.000,0.918
16:12:16.509,127.718,-3.625,-1.630,True,0.000,0.000,-3.625,-1.630,3.975,0.000,0.000,0.000,1.058
16:12:16.531,127.740,-3.655,-2.773,True,0.000,0.000,-3.655,-2.773,4.588,0.000,0.000,0.000,1.125
16:12:16.551,127.760,-2.896,-1.820,True,0.000,0.000,-2.896,-1.820,3.421,0.000,0.000,0.000,0.540
16:12:16.571,127.781,-2.331,-1.062,True,0.000,0.000,-2.331,-1.062,2.561,0.000,0.000,0.000,1.016
16:12:16.591,127.801,-1.942,-4.020,True,0.000,0.000,-1.942,-4.020,4.465,0.000,0.000,0.000,0.970
16:12:16.612,127.821,-1.700,-3.557,True,0.000,0.000,-1.700,-3.557,3.942,0.000,0.000,0.000,1.045
16:12:16.633,127.842,-1.570,-2.234,True,0.000,0.000,-1.570,-2.234,2.731,0.000,0.000,0.000,1.032
16:12:16.653,127.862,-1.519,-1.217,True,0.000,0.000,-1.519,-1.217,1.946,0.000,0.000,0.000,0.739
16:12:16.673,127.882,-1.520,-0.494,True,0.000,0.000,-1.520,-0.494,1.598,0.000,0.000,0.000,0.509
16:12:16.694,127.903,-1.549,-0.024,True,0.000,0.000,-1.549,-0.024,1.549,0.000,0.000,0.000,0.844
16:12:16.714,127.924,-2.353,0.246,True,0.000,0.000,-2.353,0.246,2.366,0.000,0.000,0.000,1.091
16:12:16.734,127.943,-2.189,0.371,True,0.000,0.000,-2.189,0.371,2.220,0.000,0.000,0.000,0.693
16:12:16.755,127.964,-2.045,0.398,True,0.000,0.000,-2.045,0.398,2.083,0.000,0.000,0.000,1.141
16:12:16.775,127.984,-1.930,-0.513,True,0.000,0.000,-1.930,-0.513,1.997,0.000,0.000,0.000,0.669
16:12:16.796,128.005,-1.845,-0.333,True,0.000,0.000,-1.845,-0.333,1.875,0.000,0.000,0.000,1.099
16:12:16.816,128.025,-1.788,0.687,True,0.000,0.000,-1.788,0.687,1.915,0.000,0.000,0.000,0.877
16:12:16.836,128.045,-1.752,-0.329,True,0.000,0.000,-1.752,-0.329,1.783,0.000,0.000,0.000,0.651
16:12:16.856,128.066,-3.256,-3.747,True,0.000,0.000,-3.256,-3.747,4.965,0.000,0.000,0.000,0.578
16:12:16.876,128.086,-2.832,-2.699,True,0.000,0.000,-2.832,-2.699,3.912,0.000,0.000,0.000,0.511
16:12:16.897,128.106,-2.463,-2.661,True,0.000,0.000,-2.463,-2.661,3.626,0.000,0.000,0.000,0.989
16:12:16.918,128.127,-2.171,-1.687,True,0.000,0.000,-2.171,-1.687,2.749,0.000,0.000,0.000,1.193
16:12:16.938,128.147,-1.957,-0.933,True,0.000,0.000,-1.957,-0.933,2.168,0.000,0.000,0.000,0.878
16:12:16.959,128.168,-1.812,-0.393,True,0.000,0.000,-1.812,-0.393,1.854,0.000,0.000,0.000,1.130
16:12:16.979,128.188,-1.725,-0.039,True,0.000,0.000,-1.725,-0.039,1.725,0.000,0.000,0.000,0.508
16:12:16.999,128.208,-1.680,0.167,True,0.000,0.000,-1.680,0.167,1.688,0.000,0.000,0.000,1.003
16:12:17.019,128.228,-1.664,-0.615,True,0.000,0.000,-1.664,-0.615,1.774,0.000,0.000,0.000,0.511
16:12:17.040,128.249,-1.667,-1.228,True,0.000,0.000,-1.667,-1.228,2.071,0.000,0.000,0.000,0.996
16:12:17.060,128.269,-1.681,-1.674,True,0.000,0.000,-1.681,-1.674,2.372,0.000,0.000,0.000,0.618
16:12:17.081,128.290,-1.699,-1.091,True,0.000,0.000,-1.699,-1.091,2.019,0.000,0.000,0.000,0.904
16:12:17.101,128.310,-1.717,0.249,True,0.000,0.000,-1.717,0.249,1.735,0.000,0.000,0.000,1.138
16:12:17.122,128.331,-1.733,0.344,True,0.000,0.000,-1.733,0.344,1.767,0.000,0.000,0.000,1.055
16:12:17.142,128.351,-1.746,0.358,True,0.000,0.000,-1.746,0.358,1.782,0.000,0.000,0.000,0.779
16:12:17.163,128.372,-1.756,0.323,True,0.000,0.000,-1.756,0.323,1.785,0.000,0.000,0.000,1.192
16:12:17.183,128.392,-1.763,0.265,True,0.000,0.000,-1.763,0.265,1.782,0.000,0.000,0.000,0.971
16:12:17.203,128.412,-1.767,0.200,True,0.000,0.000,-1.767,0.200,1.778,0.000,0.000,0.000,1.039
16:12:17.224,128.433,-1.769,0.140,True,0.000,0.000,-1.769,0.140,1.775,0.000,0.000,0.000,0.733
16:12:17.245,128.454,-3.293,-4.305,True,0.000,0.000,-3.293,-4.305,5.420,0.000,0.000,0.000,0.978
16:12:17.265,128.475,-3.636,-5.775,True,0.000,0.000,-3.636,-5.775,6.824,0.000,0.000,0.000,1.178
16:12:17.286,128.495,-3.057,-4.014,True,0.000,0.000,-3.057,-4.014,5.046,0.000,0.000,0.000,1.049
16:12:17.306,128.515,-2.575,-2.537,True,0.000,0.000,-2.575,-2.537,3.615,0.000,0.000,0.000,0.748
16:12:17.327,128.536,-3.727,-1.395,True,0.000,0.000,-3.727,-1.395,3.980,0.000,0.000,0.000,1.081
16:12:17.347,128.556,-3.047,-0.580,True,0.000,0.000,-3.047,-0.580,3.101,0.000,0.000,0.000,0.716
16:12:17.367,128.577,-2.507,-0.048,True,0.000,0.000,-2.507,-0.048,2.508,0.000,0.000,0.000,0.560
16:12:17.388,128.597,-2.113,-3.255,True,0.000,0.000,-2.113,-3.255,3.880,0.000,0.000,0.000,0.935
16:12:17.409,128.618,-1.847,-2.145,True,0.000,0.000,-1.847,-2.145,2.830,0.000,0.000,0.000,0.849
16:12:17.429,128.638,-1.686,-2.138,True,0.000,0.000,-1.686,-2.138,2.723,0.000,0.000,0.000,0.535
16:12:17.449,128.658,-1.604,-2.122,True,0.000,0.000,-1.604,-2.122,2.660,0.000,0.000,0.000,0.544
16:12:17.470,128.679,-1.577,-1.224,True,0.000,0.000,-1.577,-1.224,1.996,0.000,0.000,0.000,0.652
16:12:17.490,128.699,-2.345,-0.568,True,0.000,0.000,-2.345,-0.568,2.413,0.000,0.000,0.000,1.104
16:12:17.511,128.720,-2.161,-0.128,True,0.000,0.000,-2.161,-0.128,2.165,0.000,0.000,0.000,1.116
16:12:17.531,128.740,-2.195,0.243,True,0.000,0.000,-2.195,0.243,2.208,0.000,0.000,0.000,0.880
16:12:17.552,128.761,-1.968,-0.880,True,0.000,0.000,-1.968,-0.880,2.156,0.000,0.000,0.000,0.657
16:12:17.572,128.781,-1.854,-0.456,True,0.000,0.000,-1.854,-0.456,1.909,0.000,0.000,0.000,1.046
16:12:17.592,128.801,-1.785,-0.194,True,0.000,0.000,-1.785,-0.194,1.796,0.000,0.000,0.000,0.592
16:12:17.612,128.821,-1.745,-0.028,True,0.000,0.000,-1.745,-0.028,1.745,0.000,0.000,0.000,0.539
16:12:17.633,128.842,-1.724,0.069,True,0.000,0.000,-1.724,0.069,1.726,0.000,0.000,0.000,1.172
16:12:17.653,128.862,-1.717,0.117,True,0.000,0.000,-1.717,0.117,1.721,0.000,0.000,0.000,0.757
16:12:17.674,128.883,-1.719,0.129,True,0.000,0.000,-1.719,0.129,1.724,0.000,0.000,0.000,0.593
16:12:17.695,128.904,-1.726,0.121,True,0.000,0.000,-1.726,0.121,1.730,0.000,0.000,0.000,0.854
16:12:17.715,128.925,-1.734,0.102,True,0.000,0.000,-1.734,0.102,1.737,0.000,0.000,0.000,1.110
16:12:17.735,128.944,-1.743,0.079,True,0.000,0.000,-1.743,0.079,1.745,0.000,0.000,0.000,0.689
16:12:17.756,128.965,-1.751,0.057,True,0.000,0.000,-1.751,0.057,1.752,0.000,0.000,0.000,0.887
16:12:17.776,128.986,-1.757,0.917,True,0.000,0.000,-1.757,0.917,1.981,0.000,0.000,0.000,1.128
16:12:17.797,129.006,-2.523,0.659,True,0.000,0.000,-2.523,0.659,2.608,0.000,0.000,0.000,1.037
16:12:17.817,129.026,-4.601,-3.960,True,0.000,0.000,-4.601,-3.960,6.070,0.000,0.000,0.000,0.863
16:12:17.837,129.046,-3.791,-2.932,True,0.000,0.000,-3.791,-2.932,4.793,0.000,0.000,0.000,0.570
16:12:17.858,129.067,-3.090,-3.757,True,0.000,0.000,-3.090,-3.757,4.865,0.000,0.000,0.000,1.054
16:12:17.878,129.087,-2.534,-2.507,True,0.000,0.000,-2.534,-2.507,3.565,0.000,0.000,0.000,0.867
16:12:17.898,129.107,-2.127,-1.498,True,0.000,0.000,-2.127,-1.498,2.602,0.000,0.000,0.000,0.805
16:12:17.919,129.128,-1.852,-0.747,True,0.000,0.000,-1.852,-0.747,1.997,0.000,0.000,0.000,1.080
16:12:17.939,129.148,-1.686,-0.231,True,0.000,0.000,-1.686,-0.231,1.702,0.000,0.000,0.000,0.565
16:12:17.959,129.168,-1.601,-0.789,True,0.000,0.000,-1.601,-0.789,1.784,0.000,0.000,0.000,0.545
16:12:17.980,129.189,-1.572,-0.375,True,0.000,0.000,-1.572,-0.375,1.616,0.000,0.000,0.000,1.126
16:12:18.000,129.209,-1.578,0.783,True,0.000,0.000,-1.578,0.783,1.762,0.000,0.000,0.000,0.598
16:12:18.020,129.229,-1.604,0.712,True,0.000,0.000,-1.604,0.712,1.755,0.000,0.000,0.000,0.745
16:12:18.041,129.250,-1.638,0.587,True,0.000,0.000,-1.638,0.587,1.740,0.000,0.000,0.000,0.539
16:12:18.061,129.270,-1.673,-0.432,True,0.000,0.000,-1.673,-0.432,1.728,0.000,0.000,0.000,0.917
16:12:18.082,129.291,-1.703,-1.203,True,0.000,0.000,-1.703,-1.203,2.085,0.000,0.000,0.000,1.163
16:12:18.102,129.311,-1.728,-1.740,True,0.000,0.000,-1.728,-1.740,2.453,0.000,0.000,0.000,1.056
16:12:18.123,129.332,-1.747,-1.203,True,0.000,0.000,-1.747,-1.203,2.121,0.000,0.000,0.000,1.047
16:12:18.143,129.353,-1.760,-0.754,True,0.000,0.000,-1.760,-0.754,1.914,0.000,0.000,0.000,1.121
16:12:18.164,129.373,-1.768,-0.409,True,0.000,0.000,-1.768,-0.409,1.814,0.000,0.000,0.000,0.870
16:12:18.184,129.394,-1.772,-0.165,True,0.000,0.000,-1.772,-0.165,1.780,0.000,0.000,0.000,1.107
16:12:18.204,129.413,-1.774,-0.006,True,0.000,0.000,-1.774,-0.006,1.774,0.000,0.000,0.000,0.503
16:12:18.225,129.434,-2.535,-0.794,True,0.000,0.000,-2.535,-0.794,2.657,0.000,0.000,0.000,1.028
16:12:18.245,129.454,-2.325,-0.511,True,0.000,0.000,-2.325,-0.511,2.381,0.000,0.000,0.000,1.022
16:12:18.266,129.475,-2.139,-0.289,True,0.000,0.000,-2.139,-0.289,2.159,0.000,0.000,0.000,1.294
16:12:18.286,129.495,-1.989,-0.129,True,0.000,0.000,-1.989,-0.129,1.993,0.000,0.000,0.000,1.134
16:12:18.306,129.516,-1.877,-0.022,True,0.000,0.000,-1.877,-0.022,1.878,0.000,0.000,0.000,1.100
16:12:18.327,129.536,-1.801,-0.838,True,0.000,0.000,-1.801,-0.838,1.986,0.000,0.000,0.000,1.060
16:12:18.347,129.556,-1.753,-1.444,True,0.000,0.000,-1.753,-1.444,2.271,0.000,0.000,0.000,0.739
16:12:18.368,129.577,-1.727,-0.981,True,0.000,0.000,-1.727,-0.981,1.986,0.000,0.000,0.000,0.598
16:12:18.389,129.598,-1.717,-0.601,True,0.000,0.000,-1.717,-0.601,1.819,0.000,0.000,0.000,1.035
16:12:18.409,129.618,-1.717,0.565,True,0.000,0.000,-1.717,0.565,1.808,0.000,0.000,0.000,1.114
16:12:18.429,129.638,-1.723,0.525,True,0.000,0.000,-1.723,0.525,1.801,0.000,0.000,0.000,0.939
16:12:18.450,129.659,-1.731,0.439,True,0.000,0.000,-1.731,0.439,1.786,0.000,0.000,0.000,0.883
16:12:18.470,129.679,-2.502,0.339,True,0.000,0.000,-2.502,0.339,2.524,0.000,0.000,0.000,1.193
16:12:18.491,129.700,-2.301,-0.638,True,0.000,0.000,-2.301,-0.638,2.387,0.000,0.000,0.000,1.050
16:12:18.511,129.720,-2.123,-0.480,True,0.000,0.000,-2.123,-0.480,2.176,0.000,0.000,0.000,1.066
16:12:18.531,129.740,-3.502,-3.849,True,0.000,0.000,-3.502,-3.849,5.204,0.000,0.000,0.000,1.067
16:12:18.551,129.761,-2.977,-2.761,True,0.000,0.000,-2.977,-2.761,4.060,0.000,0.000,0.000,0.837
16:12:18.571,129.781,-2.534,-1.814,True,0.000,0.000,-2.534,-1.814,3.117,0.000,0.000,0.000,0.627
16:12:18.592,129.801,-2.192,-1.061,True,0.000,0.000,-2.192,-1.061,2.435,0.000,0.000,0.000,0.647
16:12:18.613,129.822,-1.946,-0.506,True,0.000,0.000,-1.946,-0.506,2.011,0.000,0.000,0.000,0.783
16:12:18.633,129.843,-1.785,-0.130,True,0.000,0.000,-1.785,-0.130,1.790,0.000,0.000,0.000,0.977
16:12:18.654,129.863,-1.691,0.099,True,0.000,0.000,-1.691,0.099,1.694,0.000,0.000,0.000,0.841
16:12:18.674,129.884,-1.647,0.217,True,0.000,0.000,-1.647,0.217,1.661,0.000,0.000,0.000,1.115
16:12:18.695,129.904,-1.635,-0.620,True,0.000,0.000,-1.635,-0.620,1.749,0.000,0.000,0.000,1.074
16:12:18.715,129.925,-1.644,-1.264,True,0.000,0.000,-1.644,-1.264,2.074,0.000,0.000,0.000,1.141
16:12:18.736,129.945,-1.664,-1.723,True,0.000,0.000,-1.664,-1.723,2.395,0.000,0.000,0.000,1.405
16:12:18.756,129.965,-1.687,-1.142,True,0.000,0.000,-1.687,-1.142,2.038,0.000,0.000,0.000,1.051
16:12:18.777,129.986,-1.710,-1.555,True,0.000,0.000,-1.710,-1.555,2.311,0.000,0.000,0.000,1.090
16:12:18.797,130.006,-1.729,-0.969,True,0.000,0.000,-1.729,-0.969,1.982,0.000,0.000,0.000,1.424
16:12:18.817,130.026,-1.745,-0.520,True,0.000,0.000,-1.745,-0.520,1.821,0.000,0.000,0.000,0.846
16:12:18.837,130.046,-1.756,-0.203,True,0.000,0.000,-1.756,-0.203,1.768,0.000,0.000,0.000,0.575
16:12:18.858,130.067,-1.764,0.001,True,0.000,0.000,-1.764,0.001,1.764,0.000,0.000,0.000,0.881
16:12:18.878,130.087,-1.768,-0.762,True,0.000,0.000,-1.768,-0.762,1.925,0.000,0.000,0.000,0.518
16:12:18.899,130.108,-1.770,-0.468,True,0.000,0.000,-1.770,-0.468,1.831,0.000,0.000,0.000,0.778
16:12:18.919,130.128,-2.533,-0.246,True,0.000,0.000,-2.533,-0.246,2.544,0.000,0.000,0.000,0.928
16:12:18.939,130.148,-2.323,-0.969,True,0.000,0.000,-2.323,-0.969,2.517,0.000,0.000,0.000,0.729
16:12:18.959,130.168,-2.138,-0.628,True,0.000,0.000,-2.138,-0.628,2.228,0.000,0.000,0.000,0.524
16:12:18.979,130.189,-1.989,-0.360,True,0.000,0.000,-1.989,-0.360,2.021,0.000,0.000,0.000,0.562
16:12:19.000,130.209,-1.877,-0.165,True,0.000,0.000,-1.877,-0.165,1.884,0.000,0.000,0.000,0.860
16:12:19.021,130.230,-1.801,-0.913,True,0.000,0.000,-1.801,-0.913,2.019,0.000,0.000,0.000,0.992
16:12:19.041,130.250,-1.753,-0.593,True,0.000,0.000,-1.753,-0.593,1.850,0.000,0.000,0.000,0.585
16:12:19.062,130.271,-1.727,-0.341,True,0.000,0.000,-1.727,-0.341,1.761,0.000,0.000,0.000,1.051
16:12:19.082,130.291,-1.717,-0.157,True,0.000,0.000,-1.717,-0.157,1.724,0.000,0.000,0.000,0.751
16:12:19.102,130.312,-1.717,-0.034,True,0.000,0.000,-1.717,-0.034,1.718,0.000,0.000,0.000,0.904
16:12:19.122,130.331,-1.723,-0.839,True,0.000,0.000,-1.723,-0.839,1.916,0.000,0.000,0.000,0.512
16:12:19.143,130.352,-2.493,-0.560,True,0.000,0.000,-2.493,-0.560,2.555,0.000,0.000,0.000,1.009
16:12:19.163,130.373,-2.293,-0.335,True,0.000,0.000,-2.293,-0.335,2.317,0.000,0.000,0.000,0.993
16:12:19.184,130.393,-2.116,-0.167,True,0.000,0.000,-2.116,-0.167,2.123,0.000,0.000,0.000,1.127
16:12:19.205,130.414,-1.974,-1.810,True,0.000,0.000,-1.974,-1.810,2.678,0.000,0.000,0.000,1.144
16:12:19.224,130.434,-1.869,-1.255,True,0.000,0.000,-1.869,-1.255,2.251,0.000,0.000,0.000,0.534
16:12:19.245,130.454,-1.797,-0.791,True,0.000,0.000,-1.797,-0.791,1.963,0.000,0.000,0.000,0.702
16:12:19.265,130.474,-1.752,-0.433,True,0.000,0.000,-1.752,-0.433,1.805,0.000,0.000,0.000,0.667
16:12:19.286,130.495,-1.728,-0.178,True,0.000,0.000,-1.728,-0.178,1.737,0.000,0.000,0.000,0.536
16:12:19.307,130.516,-4.003,-4.406,True,0.000,0.000,-4.003,-4.406,5.953,0.000,0.000,0.000,1.226
16:12:19.327,130.536,-3.376,-2.225,True,0.000,0.000,-3.376,-2.225,4.043,0.000,0.000,0.000,1.123
16:12:19.347,130.556,-2.829,-1.357,True,0.000,0.000,-2.829,-1.357,3.137,0.000,0.000,0.000,0.646
16:12:19.368,130.577,-2.391,-1.581,True,0.000,0.000,-2.391,-1.581,2.866,0.000,0.000,0.000,0.957
16:12:19.389,130.598,-4.352,-4.399,True,0.000,0.000,-4.352,-4.399,6.188,0.000,0.000,0.000,1.095
16:12:19.409,130.618,-3.505,-2.933,True,0.000,0.000,-3.505,-2.933,4.570,0.000,0.000,0.000,1.002
16:12:19.429,130.638,-2.817,-5.266,True,0.000,0.000,-2.817,-5.266,5.972,0.000,0.000,0.000,0.795
16:12:19.450,130.659,-2.301,-4.299,True,0.000,0.000,-2.301,-4.299,4.876,0.000,0.000,0.000,1.123
16:12:19.471,130.680,-1.944,-2.602,True,0.000,0.000,-1.944,-2.602,3.248,0.000,0.000,0.000,1.048
16:12:19.491,130.700,-1.720,-1.328,True,0.000,0.000,-1.720,-1.328,2.173,0.000,0.000,0.000,1.068
16:12:19.512,130.721,-1.597,0.433,True,0.000,0.000,-1.597,0.433,1.655,0.000,0.000,0.000,1.149
16:12:19.532,130.741,-1.548,1.625,True,0.000,0.000,-1.548,1.625,2.245,0.000,0.000,0.000,1.014
16:12:19.552,130.761,-1.546,1.474,True,0.000,0.000,-1.546,1.474,2.136,0.000,0.000,0.000,1.008
16:12:19.573,130.782,-1.571,1.213,True,0.000,0.000,-1.571,1.213,1.984,0.000,0.000,0.000,0.733
16:12:19.593,130.802,-2.369,0.920,True,0.000,0.000,-2.369,0.920,2.542,0.000,0.000,0.000,1.083
16:12:19.613,130.823,-2.961,-0.234,True,0.000,0.000,-2.961,-0.234,2.971,0.000,0.000,0.000,1.200
16:12:19.633,130.843,-2.605,-1.105,True,0.000,0.000,-2.605,-1.105,2.829,0.000,0.000,0.000,0.677
16:12:19.653,130.863,-2.302,-1.711,True,0.000,0.000,-2.302,-1.711,2.868,0.000,0.000,0.000,0.549
16:12:19.674,130.884,-2.066,-1.216,True,0.000,0.000,-2.066,-1.216,2.397,0.000,0.000,0.000,1.050
16:12:19.695,130.904,-2.658,-0.790,True,0.000,0.000,-2.658,-0.790,2.773,0.000,0.000,0.000,1.023
16:12:19.715,130.924,-5.382,-2.211,True,0.000,0.000,-5.382,-2.211,5.819,0.000,0.000,0.000,0.930
16:12:19.736,130.945,-5.057,-4.999,True,0.000,0.000,-5.057,-4.999,7.111,0.000,0.000,0.000,0.999
16:12:19.755,130.964,-3.929,-3.444,True,0.000,0.000,-3.929,-3.444,5.225,0.000,0.000,0.000,0.580
16:12:19.776,130.985,-3.031,-2.151,True,0.000,0.000,-3.031,-2.151,3.717,0.000,0.000,0.000,0.990
16:12:19.796,131.006,-2.370,-1.160,True,0.000,0.000,-2.370,-1.160,2.639,0.000,0.000,0.000,1.072
16:12:19.817,131.026,-2.684,-3.095,True,0.000,0.000,-2.684,-3.095,4.097,0.000,0.000,0.000,1.214
16:12:19.837,131.046,-2.202,-1.918,True,0.000,0.000,-2.202,-1.918,2.920,0.000,0.000,0.000,0.614
16:12:19.857,131.066,-1.876,-1.020,True,0.000,0.000,-1.876,-1.020,2.135,0.000,0.000,0.000,0.820
16:12:19.877,131.086,-1.677,-1.268,True,0.000,0.000,-1.677,-1.268,2.102,0.000,0.000,0.000,0.704
16:12:19.898,131.108,-1.575,-0.621,True,0.000,0.000,-1.575,-0.621,1.693,0.000,0.000,0.000,1.244
16:12:19.918,131.127,-1.539,-1.058,True,0.000,0.000,-1.539,-1.058,1.868,0.000,0.000,0.000,0.614
16:12:19.938,131.148,-1.546,-0.545,True,0.000,0.000,-1.546,-0.545,1.639,0.000,0.000,0.000,0.589
16:12:19.959,131.168,-2.337,-1.067,True,0.000,0.000,-2.337,-1.067,2.569,0.000,0.000,0.000,0.908
16:12:19.980,131.189,-2.167,-1.479,True,0.000,0.000,-2.167,-1.479,2.624,0.000,0.000,0.000,1.127
16:12:20.000,131.209,-2.023,-0.901,True,0.000,0.000,-2.023,-0.901,2.215,0.000,0.000,0.000,1.084
16:12:20.020,131.229,-2.021,-0.818,False,0.000,0.000,-2.021,-0.818,2.180,0.000,0.000,0.000,0.899
16:12:20.041,131.250,-1.876,-0.321,True,0.000,0.000,-1.876,-0.321,1.903,0.000,0.000,0.000,0.919
16:12:20.061,131.270,-1.803,-0.069,True,0.000,0.000,-1.803,-0.069,1.804,0.000,0.000,0.000,0.927
16:12:20.082,131.291,-2.554,0.074,True,0.000,0.000,-2.554,0.074,2.555,0.000,0.000,0.000,0.624
16:12:20.102,131.312,-2.301,0.147,True,0.000,0.000,-2.301,0.147,2.305,0.000,0.000,0.000,0.938
16:12:20.123,131.332,-2.098,0.173,True,0.000,0.000,-2.098,0.173,2.105,0.000,0.000,0.000,1.142
16:12:20.143,131.353,-2.705,-0.712,True,0.000,0.000,-2.705,-0.712,2.797,0.000,0.000,0.000,1.072
16:12:20.164,131.373,-2.386,-1.373,True,0.000,0.000,-2.386,-1.373,2.753,0.000,0.000,0.000,1.031
16:12:20.184,131.393,-2.131,-0.948,True,0.000,0.000,-2.131,-0.948,2.333,0.000,0.000,0.000,1.110
16:12:20.205,131.414,-1.943,-1.474,True,0.000,0.000,-1.943,-1.474,2.439,0.000,0.000,0.000,1.005
16:12:20.225,131.434,-3.340,-5.361,True,0.000,0.000,-3.340,-5.361,6.316,0.000,0.000,0.000,0.756
16:12:20.245,131.454,-2.842,-3.744,True,0.000,0.000,-2.842,-3.744,4.701,0.000,0.000,0.000,0.951
16:12:20.266,131.475,-2.431,-2.382,True,0.000,0.000,-2.431,-2.382,3.403,0.000,0.000,0.000,0.997
16:12:20.286,131.495,-2.119,-2.203,True,0.000,0.000,-2.119,-2.203,3.057,0.000,0.000,0.000,0.989
16:12:20.306,131.515,-4.183,-2.961,True,0.000,0.000,-4.183,-2.961,5.125,0.000,0.000,0.000,1.057
16:12:20.326,131.536,-3.415,-2.646,True,0.000,0.000,-3.415,-2.646,4.320,0.000,0.000,0.000,1.086
16:12:20.347,131.556,-3.544,-2.395,True,0.000,0.000,-3.544,-2.395,4.277,0.000,0.000,0.000,0.958
16:12:20.367,131.576,-2.855,-1.330,True,0.000,0.000,-2.855,-1.330,3.149,0.000,0.000,0.000,0.824
16:12:20.388,131.598,-2.333,-1.446,True,0.000,0.000,-2.333,-1.446,2.745,0.000,0.000,0.000,1.126
16:12:20.409,131.618,-1.969,-0.703,True,0.000,0.000,-1.969,-0.703,2.091,0.000,0.000,0.000,0.957
16:12:20.429,131.638,-1.738,0.682,True,0.000,0.000,-1.738,0.682,1.867,0.000,0.000,0.000,0.517
16:12:20.449,131.659,-1.610,-2.764,True,0.000,0.000,-1.610,-2.764,3.199,0.000,0.000,0.000,1.077
16:12:20.469,131.679,-3.078,-6.242,True,0.000,0.000,-3.078,-6.242,6.960,0.000,0.000,0.000,0.576
16:12:20.490,131.699,-2.654,-4.295,True,0.000,0.000,-2.654,-4.295,5.049,0.000,0.000,0.000,1.071
16:12:20.510,131.719,-2.307,-6.194,True,0.000,0.000,-2.307,-6.194,6.609,0.000,0.000,0.000,0.556
16:12:20.531,131.740,-2.046,-3.991,True,0.000,0.000,-2.046,-3.991,4.484,0.000,0.000,0.000,1.308
16:12:20.551,131.760,-1.938,-3.980,True,0.000,0.000,-1.938,-3.980,4.427,0.000,0.000,0.000,0.512
16:12:20.572,131.781,-1.794,-1.734,True,0.000,0.000,-1.794,-1.734,2.495,0.000,0.000,0.000,1.156
16:12:20.592,131.801,-1.720,-0.600,True,0.000,0.000,-1.720,-0.600,1.822,0.000,0.000,0.000,1.023
16:12:20.613,131.822,-1.682,-0.854,True,0.000,0.000,-1.682,-0.854,1.887,0.000,0.000,0.000,0.948
16:12:20.633,131.843,-1.669,-0.221,True,0.000,0.000,-1.669,-0.221,1.683,0.000,0.000,0.000,0.762
16:12:20.654,131.863,-1.672,1.042,True,0.000,0.000,-1.672,1.042,1.970,0.000,0.000,0.000,0.758
16:12:20.674,131.884,-1.685,0.999,True,0.000,0.000,-1.685,0.999,1.959,0.000,0.000,0.000,0.967
16:12:20.695,131.904,-1.702,0.855,True,0.000,0.000,-1.702,0.855,1.904,0.000,0.000,0.000,0.692
16:12:20.715,131.925,-1.719,-0.210,True,0.000,0.000,-1.719,-0.210,1.732,0.000,0.000,0.000,1.002
16:12:20.736,131.945,-1.734,-1.033,True,0.000,0.000,-1.734,-1.033,2.019,0.000,0.000,0.000,0.930
16:12:20.756,131.965,-1.747,-0.740,True,0.000,0.000,-1.747,-0.740,1.897,0.000,0.000,0.000,0.956
16:12:20.777,131.986,-1.756,0.394,True,0.000,0.000,-1.756,0.394,1.800,0.000,0.000,0.000,1.095
16:12:20.796,132.006,-1.763,-0.525,True,0.000,0.000,-1.763,-0.525,1.839,0.000,0.000,0.000,0.606
16:12:20.817,132.026,-1.767,-0.348,True,0.000,0.000,-1.767,-0.348,1.801,0.000,0.000,0.000,0.729
16:12:20.837,132.046,-1.769,-0.206,True,0.000,0.000,-1.769,-0.206,1.781,0.000,0.000,0.000,0.747
16:12:20.858,132.067,-2.531,-1.858,True,0.000,0.000,-2.531,-1.858,3.140,0.000,0.000,0.000,0.867
16:12:20.878,132.087,-2.322,-1.304,True,0.000,0.000,-2.322,-1.304,2.663,0.000,0.000,0.000,0.990
16:12:20.898,132.108,-2.137,0.045,True,0.000,0.000,-2.137,0.045,2.138,0.000,0.000,0.000,1.093
16:12:20.919,132.128,-1.988,0.170,True,0.000,0.000,-1.988,0.170,1.995,0.000,0.000,0.000,1.031
16:12:20.940,132.149,-1.877,0.221,True,0.000,0.000,-1.877,0.221,1.890,0.000,0.000,0.000,1.005
16:12:20.960,132.169,-1.800,0.224,True,0.000,0.000,-1.800,0.224,1.814,0.000,0.000,0.000,0.533
16:12:20.981,132.190,-1.753,0.199,True,0.000,0.000,-1.753,0.199,1.764,0.000,0.000,0.000,0.929
16:12:21.002,132.211,-1.727,0.161,True,0.000,0.000,-1.727,0.161,1.735,0.000,0.000,0.000,0.627
16:12:21.022,132.232,-1.717,-0.759,True,0.000,0.000,-1.717,-0.759,1.877,0.000,0.000,0.000,0.566
16:12:21.043,132.252,-1.717,-0.555,True,0.000,0.000,-1.717,-0.555,1.805,0.000,0.000,0.000,1.048
16:12:21.064,132.273,-1.723,-0.373,True,0.000,0.000,-1.723,-0.373,1.763,0.000,0.000,0.000,1.045
16:12:21.084,132.293,-3.254,-1.104,True,0.000,0.000,-3.254,-1.104,3.436,0.000,0.000,0.000,0.653
16:12:21.105,132.314,-2.845,-0.752,True,0.000,0.000,-2.845,-0.752,2.943,0.000,0.000,0.000,0.556
16:12:21.125,132.334,-2.484,-1.341,True,0.000,0.000,-2.484,-1.341,2.823,0.000,0.000,0.000,0.680
16:12:21.145,132.354,-2.194,-1.759,True,0.000,0.000,-2.194,-1.759,2.812,0.000,0.000,0.000,0.580
16:12:21.166,132.375,-2.739,-2.030,True,0.000,0.000,-2.739,-2.030,3.409,0.000,0.000,0.000,0.584
16:12:21.186,132.396,-2.382,-1.306,True,0.000,0.000,-2.382,-1.306,2.717,0.000,0.000,0.000,0.658
16:12:21.207,132.416,-2.106,-0.740,True,0.000,0.000,-2.106,-0.740,2.232,0.000,0.000,0.000,0.680
16:12:21.227,132.436,-1.908,-1.208,True,0.000,0.000,-1.908,-1.208,2.259,0.000,0.000,0.000,0.687
16:12:21.247,132.457,-1.779,-0.695,True,0.000,0.000,-1.779,-0.695,1.910,0.000,0.000,0.000,0.770
16:12:21.268,132.477,-1.704,-0.320,True,0.000,0.000,-1.704,-0.320,1.734,0.000,0.000,0.000,1.056
16:12:21.288,132.497,-1.669,-3.584,True,0.000,0.000,-1.669,-3.584,3.954,0.000,0.000,0.000,0.494
16:12:21.309,132.518,-1.660,-2.468,True,0.000,0.000,-1.660,-2.468,2.974,0.000,0.000,0.000,0.957
16:12:21.328,132.537,-1.668,-1.540,True,0.000,0.000,-1.668,-1.540,2.270,0.000,0.000,0.000,0.516
16:12:21.350,132.559,-1.684,-0.830,True,0.000,0.000,-1.684,-0.830,1.877,0.000,0.000,0.000,0.987
16:12:21.370,132.579,-1.703,-1.206,True,0.000,0.000,-1.703,-1.206,2.086,0.000,0.000,0.000,0.830
16:12:21.391,132.600,-1.721,-1.519,True,0.000,0.000,-1.721,-1.519,2.295,0.000,0.000,0.000,1.098
16:12:21.411,132.620,-1.736,-1.758,True,0.000,0.000,-1.736,-1.758,2.471,0.000,0.000,0.000,0.908
16:12:21.431,132.640,-1.749,-1.049,True,0.000,0.000,-1.749,-1.049,2.039,0.000,0.000,0.000,0.741
16:12:21.451,132.661,-1.758,-0.521,True,0.000,0.000,-1.758,-0.521,1.834,0.000,0.000,0.000,0.511
16:12:21.472,132.681,-1.764,-1.038,True,0.000,0.000,-1.764,-1.038,2.047,0.000,0.000,0.000,0.879
16:12:21.493,132.702,-1.768,-0.572,True,0.000,0.000,-1.768,-0.572,1.858,0.000,0.000,0.000,1.153
16:12:21.514,132.723,-1.770,-0.239,True,0.000,0.000,-1.770,-0.239,1.786,0.000,0.000,0.000,1.090
16:12:21.534,132.743,-1.770,-0.021,True,0.000,0.000,-1.770,-0.021,1.770,0.000,0.000,0.000,1.020
16:12:21.555,132.764,-1.770,0.106,True,0.000,0.000,-1.770,0.106,1.773,0.000,0.000,0.000,0.667
16:12:21.575,132.784,-1.769,-0.714,True,0.000,0.000,-1.769,-0.714,1.908,0.000,0.000,0.000,0.820
16:12:21.596,132.805,-2.530,-1.337,True,0.000,0.000,-2.530,-1.337,2.862,0.000,0.000,0.000,1.140
16:12:21.616,132.825,-2.320,-1.775,True,0.000,0.000,-2.320,-1.775,2.921,0.000,0.000,0.000,1.089
16:12:21.636,132.845,-2.135,-1.176,True,0.000,0.000,-2.135,-1.176,2.438,0.000,0.000,0.000,0.780
16:12:21.657,132.866,-2.747,-1.575,True,0.000,0.000,-2.747,-1.575,3.167,0.000,0.000,0.000,1.126
16:12:21.677,132.887,-2.427,-0.978,True,0.000,0.000,-2.427,-0.978,2.617,0.000,0.000,0.000,0.991
16:12:21.698,132.907,-2.167,-0.522,True,0.000,0.000,-2.167,-0.522,2.229,0.000,0.000,0.000,0.653
16:12:21.718,132.927,-2.732,-1.080,True,0.000,0.000,-2.732,-1.080,2.938,0.000,0.000,0.000,0.660
16:12:21.738,132.947,-2.388,-1.511,True,0.000,0.000,-2.388,-1.511,2.826,0.000,0.000,0.000,0.596
16:12:21.758,132.967,-2.118,-0.940,True,0.000,0.000,-2.118,-0.940,2.317,0.000,0.000,0.000,0.532
16:12:21.779,132.988,-1.922,-0.503,True,0.000,0.000,-1.922,-0.503,1.987,0.000,0.000,0.000,1.007
16:12:21.799,133.009,-3.315,-3.711,True,0.000,0.000,-3.315,-3.711,4.976,0.000,0.000,0.000,0.596
16:12:21.820,133.029,-2.820,-2.547,True,0.000,0.000,-2.820,-2.547,3.800,0.000,0.000,0.000,1.141
16:12:21.840,133.050,-2.414,-2.462,True,0.000,0.000,-2.414,-2.462,3.448,0.000,0.000,0.000,1.085
16:12:21.861,133.070,-2.105,-2.363,True,0.000,0.000,-2.105,-2.363,3.165,0.000,0.000,0.000,1.007
16:12:21.881,133.091,-1.890,-1.389,True,0.000,0.000,-1.890,-1.389,2.346,0.000,0.000,0.000,1.174
16:12:21.902,133.111,-1.752,-1.550,True,0.000,0.000,-1.752,-1.550,2.339,0.000,0.000,0.000,1.155
16:12:21.922,133.131,-1.676,-1.699,True,0.000,0.000,-1.676,-1.699,2.386,0.000,0.000,0.000,1.016
16:12:21.942,133.151,-1.643,-0.066,True,0.000,0.000,-1.643,-0.066,1.644,0.000,0.000,0.000,0.850
16:12:21.963,133.172,-1.639,0.233,True,0.000,0.000,-1.639,0.233,1.655,0.000,0.000,0.000,1.139
16:12:21.983,133.192,-1.652,0.376,True,0.000,0.000,-1.652,0.376,1.694,0.000,0.000,0.000,0.502
16:12:22.003,133.212,-2.434,0.413,True,0.000,0.000,-2.434,0.413,2.468,0.000,0.000,0.000,0.841
16:12:22.023,133.233,-2.248,-0.494,True,0.000,0.000,-2.248,-0.494,2.301,0.000,0.000,0.000,1.141
16:12:22.044,133.253,-2.084,-1.194,True,0.000,0.000,-2.084,-1.194,2.402,0.000,0.000,0.000,1.097
16:12:22.064,133.274,-1.954,-0.813,True,0.000,0.000,-1.954,-0.813,2.116,0.000,0.000,0.000,1.316
16:12:22.085,133.294,-1.857,-0.500,True,0.000,0.000,-1.857,-0.500,1.923,0.000,0.000,0.000,0.983
16:12:22.105,133.315,-1.792,-0.262,True,0.000,0.000,-1.792,-0.262,1.811,0.000,0.000,0.000,0.861
16:12:22.126,133.335,-1.751,-0.975,True,0.000,0.000,-1.751,-0.975,2.004,0.000,0.000,0.000,0.947
16:12:22.146,133.356,-1.730,-1.507,True,0.000,0.000,-1.730,-1.507,2.294,0.000,0.000,0.000,0.873
16:12:22.166,133.376,-1.722,-0.993,True,0.000,0.000,-1.722,-0.993,1.988,0.000,0.000,0.000,0.764
16:12:22.187,133.397,-1.723,-0.583,True,0.000,0.000,-1.723,-0.583,1.819,0.000,0.000,0.000,1.110
16:12:22.207,133.417,-1.728,-0.281,True,0.000,0.000,-1.728,-0.281,1.751,0.000,0.000,0.000,1.028
16:12:22.228,133.438,-1.736,-0.076,True,0.000,0.000,-1.736,-0.076,1.738,0.000,0.000,0.000,1.112
16:12:22.248,133.457,-1.744,0.050,True,0.000,0.000,-1.744,0.050,1.744,0.000,0.000,0.000,0.533
16:12:22.269,133.478,-1.751,0.116,True,0.000,0.000,-1.751,0.116,1.755,0.000,0.000,0.000,0.885
16:12:22.288,133.498,-1.757,0.139,True,0.000,0.000,-1.757,0.139,1.762,0.000,0.000,0.000,0.520
16:12:22.309,133.518,-1.761,0.136,True,0.000,0.000,-1.761,0.136,1.766,0.000,0.000,0.000,0.987
16:12:22.329,133.539,-1.764,0.118,True,0.000,0.000,-1.764,0.118,1.768,0.000,0.000,0.000,1.178
16:12:22.349,133.558,-1.766,-0.785,True,0.000,0.000,-1.766,-0.785,1.933,0.000,0.000,0.000,0.618
16:12:22.370,133.579,-1.767,-0.568,True,0.000,0.000,-1.767,-0.568,1.856,0.000,0.000,0.000,1.001
16:12:22.390,133.599,-1.768,-0.378,True,0.000,0.000,-1.768,-0.378,1.808,0.000,0.000,0.000,1.092
16:12:22.411,133.620,-1.768,-0.225,True,0.000,0.000,-1.768,-0.225,1.782,0.000,0.000,0.000,1.113
16:12:22.431,133.641,-1.767,-0.111,True,0.000,0.000,-1.767,-0.111,1.771,0.000,0.000,0.000,1.157
16:12:22.451,133.660,-1.767,-0.033,True,0.000,0.000,-1.767,-0.033,1.767,0.000,0.000,0.000,0.552
16:12:22.472,133.681,-1.767,-0.864,True,0.000,0.000,-1.767,-0.864,1.967,0.000,0.000,0.000,1.056
16:12:22.492,133.701,-1.767,-1.476,True,0.000,0.000,-1.767,-1.476,2.302,0.000,0.000,0.000,0.863
16:12:22.513,133.722,-1.766,-1.890,True,0.000,0.000,-1.766,-1.890,2.587,0.000,0.000,0.000,1.091
16:12:22.533,133.742,-2.527,-1.265,True,0.000,0.000,-2.527,-1.265,2.826,0.000,0.000,0.000,1.050
16:12:22.553,133.762,-2.318,-0.759,True,0.000,0.000,-2.318,-0.759,2.439,0.000,0.000,0.000,0.755
16:12:22.576,133.785,-2.134,-0.381,True,0.000,0.000,-2.134,-0.381,2.167,0.000,0.000,0.000,1.113
16:12:22.596,133.806,-1.985,-0.121,True,0.000,0.000,-1.985,-0.121,1.989,0.000,0.000,0.000,1.007
16:12:22.617,133.826,-1.874,-0.838,True,0.000,0.000,-1.874,-0.838,2.053,0.000,0.000,0.000,0.833
16:12:22.637,133.846,-1.799,-0.509,True,0.000,0.000,-1.799,-0.509,1.869,0.000,0.000,0.000,0.532
16:12:22.657,133.867,-1.752,-0.261,True,0.000,0.000,-1.752,-0.261,1.771,0.000,0.000,0.000,0.820
16:12:22.678,133.887,-3.249,-4.484,True,0.000,0.000,-3.249,-4.484,5.538,0.000,0.000,0.000,1.141
16:12:22.698,133.908,-3.583,-4.927,True,0.000,0.000,-3.583,-4.927,6.092,0.000,0.000,0.000,0.973
16:12:22.718,133.928,-3.005,-3.320,True,0.000,0.000,-3.005,-3.320,4.478,0.000,0.000,0.000,0.552
16:12:22.739,133.948,-2.530,-2.012,True,0.000,0.000,-2.530,-2.012,3.232,0.000,0.000,0.000,1.074
16:12:22.760,133.969,-2.168,-1.029,True,0.000,0.000,-2.168,-1.029,2.400,0.000,0.000,0.000,0.844
16:12:22.780,133.989,-1.915,-0.348,True,0.000,0.000,-1.915,-0.348,1.947,0.000,0.000,0.000,1.170
16:12:22.800,134.009,-1.753,0.081,True,0.000,0.000,-1.753,0.081,1.755,0.000,0.000,0.000,0.615
16:12:22.821,134.030,-2.424,0.315,True,0.000,0.000,-2.424,0.315,2.445,0.000,0.000,0.000,1.025
16:12:22.842,134.051,-2.176,0.411,True,0.000,0.000,-2.176,0.411,2.214,0.000,0.000,0.000,1.006
16:12:22.862,134.071,-1.986,0.417,True,0.000,0.000,-1.986,0.417,2.029,0.000,0.000,0.000,0.973
16:12:22.883,134.092,-4.136,-1.387,True,0.000,0.000,-4.136,-1.387,4.362,0.000,0.000,0.000,0.734
16:12:22.903,134.112,-3.422,-0.096,True,0.000,0.000,-3.422,-0.096,3.423,0.000,0.000,0.000,0.528
16:12:22.924,134.133,-2.820,0.013,True,0.000,0.000,-2.820,0.013,2.820,0.000,0.000,0.000,0.848
16:12:22.944,134.153,-2.352,0.074,True,0.000,0.000,-2.352,0.074,2.353,0.000,0.000,0.000,1.080
16:12:22.965,134.174,-3.539,-4.295,True,0.000,0.000,-3.539,-4.295,5.565,0.000,0.000,0.000,1.159
16:12:22.985,134.194,-3.661,-6.601,True,0.000,0.000,-3.661,-6.601,7.549,0.000,0.000,0.000,1.163
16:12:23.005,134.214,-2.954,-4.582,True,0.000,0.000,-2.954,-4.582,5.452,0.000,0.000,0.000,1.013
16:12:23.025,134.235,-2.411,-2.889,True,0.000,0.000,-2.411,-2.889,3.763,0.000,0.000,0.000,1.118
16:12:23.046,134.255,-2.026,-0.705,True,0.000,0.000,-2.026,-0.705,2.145,0.000,0.000,0.000,1.110
16:12:23.066,134.275,-4.060,-1.773,True,0.000,0.000,-4.060,-1.773,4.430,0.000,0.000,0.000,0.613
16:12:23.087,134.296,-3.289,-1.776,True,0.000,0.000,-3.289,-1.776,3.738,0.000,0.000,0.000,1.052
16:12:23.107,134.316,-2.670,-1.808,True,0.000,0.000,-2.670,-1.808,3.224,0.000,0.000,0.000,1.090
16:12:23.127,134.336,-2.972,-0.975,True,0.000,0.000,-2.972,-0.975,3.128,0.000,0.000,0.000,0.540
16:12:23.148,134.357,-2.449,-0.386,True,0.000,0.000,-2.449,-0.386,2.479,0.000,0.000,0.000,1.027
16:12:23.168,134.377,-2.070,-0.004,True,0.000,0.000,-2.070,-0.004,2.070,0.000,0.000,0.000,0.993
16:12:23.190,134.399,-1.818,-0.666,True,0.000,0.000,-1.818,-0.666,1.937,0.000,0.000,0.000,1.133
16:12:23.210,134.420,-1.669,-0.326,True,0.000,0.000,-1.669,-0.326,1.701,0.000,0.000,0.000,0.911
16:12:23.231,134.440,-1.596,-0.973,True,0.000,0.000,-1.596,-0.973,1.869,0.000,0.000,0.000,1.184
16:12:23.251,134.460,-1.574,-1.468,True,0.000,0.000,-1.574,-1.468,2.152,0.000,0.000,0.000,0.565
16:12:23.272,134.482,-1.585,-1.817,True,0.000,0.000,-1.585,-1.817,2.411,0.000,0.000,0.000,1.161
16:12:23.292,134.502,-2.373,-1.162,True,0.000,0.000,-2.373,-1.162,2.643,0.000,0.000,0.000,1.026
16:12:23.313,134.522,-2.198,-1.531,True,0.000,0.000,-2.198,-1.531,2.679,0.000,0.000,0.000,1.146
16:12:23.333,134.542,-2.047,-1.801,True,0.000,0.000,-2.047,-1.801,2.727,0.000,0.000,0.000,1.150
16:12:23.354,134.563,-1.928,-1.104,True,0.000,0.000,-1.928,-1.104,2.222,0.000,0.000,0.000,1.203
16:12:23.374,134.584,-1.841,-0.577,True,0.000,0.000,-1.841,-0.577,1.929,0.000,0.000,0.000,1.084
16:12:23.395,134.604,-1.782,-1.087,True,0.000,0.000,-1.782,-1.087,2.088,0.000,0.000,0.000,0.848
16:12:23.415,134.625,-4.031,-3.248,True,0.000,0.000,-4.031,-3.248,5.177,0.000,0.000,0.000,1.101
16:12:23.436,134.645,-3.386,-3.060,True,0.000,0.000,-3.386,-3.060,4.564,0.000,0.000,0.000,1.145
16:12:23.455,134.665,-2.827,-2.831,True,0.000,0.000,-2.827,-2.831,4.001,0.000,0.000,0.000,0.586
16:12:23.475,134.685,-2.383,-1.729,True,0.000,0.000,-2.383,-1.729,2.944,0.000,0.000,0.000,0.590
16:12:23.497,134.706,-2.057,-1.775,True,0.000,0.000,-2.057,-1.775,2.717,0.000,0.000,0.000,1.206
16:12:23.516,134.726,-1.837,-0.954,True,0.000,0.000,-1.837,-0.954,2.070,0.000,0.000,0.000,0.540
16:12:23.537,134.746,-1.704,-1.252,True,0.000,0.000,-1.704,-1.252,2.115,0.000,0.000,0.000,0.929
16:12:23.557,134.767,-1.635,-1.516,True,0.000,0.000,-1.635,-1.516,2.229,0.000,0.000,0.000,0.773
16:12:23.578,134.787,-2.373,-0.848,True,0.000,0.000,-2.373,-0.848,2.520,0.000,0.000,0.000,0.707
16:12:23.599,134.809,-2.169,-0.368,True,0.000,0.000,-2.169,-0.368,2.200,0.000,0.000,0.000,0.894
16:12:23.620,134.829,-2.005,-3.567,True,0.000,0.000,-2.005,-3.567,4.092,0.000,0.000,0.000,0.629
16:12:23.640,134.849,-1.883,-3.294,True,0.000,0.000,-1.883,-3.294,3.794,0.000,0.000,0.000,0.660
16:12:23.660,134.870,-1.800,-2.990,True,0.000,0.000,-1.800,-2.990,3.490,0.000,0.000,0.000,0.647
16:12:23.681,134.891,-1.749,-1.825,True,0.000,0.000,-1.749,-1.825,2.528,0.000,0.000,0.000,1.185
16:12:23.702,134.911,-3.244,-5.340,True,0.000,0.000,-3.244,-5.340,6.249,0.000,0.000,0.000,1.107
16:12:23.721,134.930,-3.577,-7.037,True,0.000,0.000,-3.577,-7.037,7.894,0.000,0.000,0.000,0.517
16:12:23.742,134.951,-3.000,-3.740,True,0.000,0.000,-3.000,-3.740,4.794,0.000,0.000,0.000,1.038
16:12:23.762,134.972,-2.525,-2.058,True,0.000,0.000,-2.525,-2.058,3.257,0.000,0.000,0.000,0.912
16:12:23.782,134.991,-3.688,-4.372,True,0.000,0.000,-3.688,-4.372,5.720,0.000,0.000,0.000,0.570
16:12:23.803,135.012,-3.017,-2.622,True,0.000,0.000,-3.017,-2.622,3.997,0.000,0.000,0.000,0.698
16:12:23.824,135.033,-2.487,-1.315,True,0.000,0.000,-2.487,-1.315,2.814,0.000,0.000,0.000,1.057
16:12:23.845,135.054,-2.100,-0.416,True,0.000,0.000,-2.100,-0.416,2.141,0.000,0.000,0.000,1.055
16:12:23.865,135.074,-1.841,0.145,True,0.000,0.000,-1.841,0.145,1.846,0.000,0.000,0.000,0.750
16:12:23.885,135.094,-1.684,-0.432,True,0.000,0.000,-1.684,-0.432,1.738,0.000,0.000,0.000,0.773
16:12:23.906,135.115,-2.366,-0.072,True,0.000,0.000,-2.366,-0.072,2.367,0.000,0.000,0.000,0.983
16:12:23.926,135.135,-2.131,0.141,True,0.000,0.000,-2.131,0.141,2.135,0.000,0.000,0.000,0.823
16:12:23.947,135.156,-1.954,0.246,True,0.000,0.000,-1.954,0.246,1.969,0.000,0.000,0.000,1.208
16:12:23.967,135.176,-1.831,0.276,True,0.000,0.000,-1.831,0.276,1.851,0.000,0.000,0.000,0.991
16:12:23.987,135.196,-1.753,1.140,True,0.000,0.000,-1.753,1.140,2.091,0.000,0.000,0.000,1.091
16:12:24.007,135.217,-1.710,-0.020,True,0.000,0.000,-1.710,-0.020,1.710,0.000,0.000,0.000,1.044
16:12:24.027,135.236,-1.693,-0.041,True,0.000,0.000,-1.693,-0.041,1.693,0.000,0.000,0.000,0.589
16:12:24.047,135.257,-1.691,-0.926,True,0.000,0.000,-1.691,-0.926,1.928,0.000,0.000,0.000,0.711
16:12:24.068,135.278,-1.699,-0.683,True,0.000,0.000,-1.699,-0.683,1.832,0.000,0.000,0.000,1.172
16:12:24.089,135.298,-1.712,-0.464,True,0.000,0.000,-1.712,-0.464,1.774,0.000,0.000,0.000,1.134
16:12:24.110,135.320,-1.725,-2.042,True,0.000,0.000,-1.725,-2.042,2.673,0.000,0.000,0.000,0.671
16:12:24.131,135.340,-3.260,-1.423,True,0.000,0.000,-3.260,-1.423,3.558,0.000,0.000,0.000,0.636
16:12:24.151,135.360,-2.853,-0.902,True,0.000,0.000,-2.853,-0.902,2.992,0.000,0.000,0.000,1.004
16:12:24.171,135.381,-3.042,-0.877,True,0.000,0.000,-3.042,-0.877,3.166,0.000,0.000,0.000,0.936
16:12:24.192,135.401,-2.406,-1.520,True,0.000,0.000,-2.406,-1.520,2.846,0.000,0.000,0.000,0.684
16:12:24.213,135.422,-2.389,-1.663,True,0.000,0.000,-2.389,-1.663,2.910,0.000,0.000,0.000,1.054
16:12:24.234,135.443,-2.005,-0.714,True,0.000,0.000,-2.005,-0.714,2.129,0.000,0.000,0.000,1.614
16:12:24.253,135.463,-1.835,-0.306,True,0.000,0.000,-1.835,-0.306,1.861,0.000,0.000,0.000,1.102
16:12:24.274,135.483,-2.535,-2.826,True,0.000,0.000,-2.535,-2.826,3.796,0.000,0.000,0.000,1.056
16:12:24.295,135.504,-2.251,-1.881,True,0.000,0.000,-2.251,-1.881,2.933,0.000,0.000,0.000,1.057
16:12:24.316,135.525,-2.035,-1.135,True,0.000,0.000,-2.035,-1.135,2.331,0.000,0.000,0.000,0.694
16:12:24.336,135.546,-1.881,0.304,True,0.000,0.000,-1.881,0.304,1.906,0.000,0.000,0.000,1.119
16:12:24.357,135.566,-1.780,0.447,True,0.000,0.000,-1.780,0.447,1.835,0.000,0.000,0.000,0.923
16:12:24.377,135.586,-1.721,-0.408,True,0.000,0.000,-1.721,-0.408,1.768,0.000,0.000,0.000,1.004
16:12:24.397,135.606,-1.692,-0.205,True,0.000,0.000,-1.692,-0.205,1.705,0.000,0.000,0.000,0.611
16:12:24.419,135.628,-1.685,-0.066,True,0.000,0.000,-1.685,-0.066,1.686,0.000,0.000,0.000,1.067
16:12:24.439,135.648,-1.690,0.021,True,0.000,0.000,-1.690,0.021,1.691,0.000,0.000,0.000,1.008
16:12:24.459,135.669,-2.464,0.068,True,0.000,0.000,-2.464,0.068,2.465,0.000,0.000,0.000,1.082
16:12:24.480,135.689,-3.031,-4.309,True,0.000,0.000,-3.031,-4.309,5.268,0.000,0.000,0.000,1.089
16:12:24.500,135.709,-2.651,-3.101,True,0.000,0.000,-2.651,-3.101,4.080,0.000,0.000,0.000,0.621
16:12:24.521,135.730,-2.330,-2.046,True,0.000,0.000,-2.330,-2.046,3.101,0.000,0.000,0.000,1.211
16:12:24.541,135.750,-2.080,-1.204,True,0.000,0.000,-2.080,-1.204,2.403,0.000,0.000,0.000,0.981
16:12:24.561,135.770,-1.901,-0.581,True,0.000,0.000,-1.901,-0.581,1.988,0.000,0.000,0.000,1.032
16:12:24.581,135.790,-1.783,-0.158,True,0.000,0.000,-1.783,-0.158,1.790,0.000,0.000,0.000,0.671
16:12:24.602,135.811,-3.237,-3.415,True,0.000,0.000,-3.237,-3.415,4.705,0.000,0.000,0.000,1.435
16:12:24.622,135.831,-2.785,-2.314,True,0.000,0.000,-2.785,-2.314,3.621,0.000,0.000,0.000,0.508
16:12:24.642,135.851,-2.408,-2.292,True,0.000,0.000,-2.408,-2.292,3.324,0.000,0.000,0.000,0.578
16:12:24.663,135.872,-2.117,-1.370,True,0.000,0.000,-2.117,-1.370,2.521,0.000,0.000,0.000,1.052
16:12:24.683,135.892,-1.909,-0.684,True,0.000,0.000,-1.909,-0.684,2.028,0.000,0.000,0.000,0.588
16:12:24.703,135.913,-1.775,-0.212,True,0.000,0.000,-1.775,-0.212,1.787,0.000,0.000,0.000,0.785
16:12:24.725,135.934,-1.697,0.082,True,0.000,0.000,-1.697,0.082,1.699,0.000,0.000,0.000,1.109
16:12:24.745,135.955,-1.661,-0.640,True,0.000,0.000,-1.661,-0.640,1.780,0.000,0.000,0.000,1.121
16:12:24.765,135.974,-2.414,-1.216,True,0.000,0.000,-2.414,-1.216,2.703,0.000,0.000,0.000,0.556
16:12:24.786,135.995,-2.214,-0.763,True,0.000,0.000,-2.214,-0.763,2.342,0.000,0.000,0.000,0.632
16:12:24.807,136.016,-2.047,-1.293,True,0.000,0.000,-2.047,-1.293,2.421,0.000,0.000,0.000,1.231
16:12:24.827,136.036,-1.918,-0.805,True,0.000,0.000,-1.918,-0.805,2.080,0.000,0.000,0.000,0.664
16:12:24.848,136.057,-1.827,-0.431,True,0.000,0.000,-1.827,-0.431,1.877,0.000,0.000,0.000,1.125
16:12:24.868,136.077,-2.529,-3.683,True,0.000,0.000,-2.529,-3.683,4.468,0.000,0.000,0.000,1.006
16:12:24.889,136.098,-2.287,-2.548,True,0.000,0.000,-2.287,-2.548,3.423,0.000,0.000,0.000,1.112
16:12:24.909,136.118,-1.325,-1.600,True,0.000,0.000,-1.325,-1.600,2.077,0.000,0.000,0.000,1.072
16:12:24.929,136.138,-1.382,-0.871,True,0.000,0.000,-1.382,-0.871,1.634,0.000,0.000,0.000,1.037
16:12:24.949,136.158,-1.461,-1.231,True,0.000,0.000,-1.461,-1.231,1.910,0.000,0.000,0.000,0.558
16:12:24.969,136.178,-1.541,0.225,True,0.000,0.000,-1.541,0.225,1.558,0.000,0.000,0.000,0.518
16:12:24.990,136.199,-1.614,0.390,True,0.000,0.000,-1.614,0.390,1.660,0.000,0.000,0.000,0.994
16:12:25.010,136.219,-1.673,-0.441,True,0.000,0.000,-1.673,-0.441,1.730,0.000,0.000,0.000,0.631
16:12:25.031,136.240,-1.718,-0.225,True,0.000,0.000,-1.718,-0.225,1.732,0.000,0.000,0.000,0.997
16:12:25.051,136.261,-1.749,-0.075,True,0.000,0.000,-1.749,-0.075,1.750,0.000,0.000,0.000,0.886
16:12:25.072,136.281,-3.291,-3.496,True,0.000,0.000,-3.291,-3.496,4.802,0.000,0.000,0.000,0.516
16:12:25.092,136.301,-3.645,-2.480,True,0.000,0.000,-3.645,-2.480,4.409,0.000,0.000,0.000,0.588
16:12:25.112,136.322,-3.072,-2.486,True,0.000,0.000,-3.072,-2.486,3.952,0.000,0.000,0.000,0.914
16:12:25.133,136.342,-2.591,-1.558,True,0.000,0.000,-2.591,-1.558,3.023,0.000,0.000,0.000,0.869
16:12:25.153,136.362,-2.219,-0.845,True,0.000,0.000,-2.219,-0.845,2.375,0.000,0.000,0.000,1.083
16:12:25.173,136.383,-3.477,-4.733,True,0.000,0.000,-3.477,-4.733,5.873,0.000,0.000,0.000,0.874
16:12:25.194,136.403,-2.885,-3.199,True,0.000,0.000,-2.885,-3.199,4.308,0.000,0.000,0.000,0.983
16:12:25.214,136.424,-2.416,-1.067,True,0.000,0.000,-2.416,-1.067,2.641,0.000,0.000,0.000,0.907
16:12:25.235,136.444,-2.072,-1.244,True,0.000,0.000,-2.072,-1.244,2.417,0.000,0.000,0.000,0.830
16:12:25.255,136.465,-2.601,-0.560,True,0.000,0.000,-2.601,-0.560,2.661,0.000,0.000,0.000,1.173
16:12:25.276,136.485,-2.252,-0.105,True,0.000,0.000,-2.252,-0.105,2.254,0.000,0.000,0.000,1.063
16:12:25.296,136.505,-1.995,0.167,True,0.000,0.000,-1.995,0.167,2.002,0.000,0.000,0.000,1.091
16:12:25.317,136.526,-1.822,0.302,True,0.000,0.000,-1.822,0.302,1.846,0.000,0.000,0.000,1.130
16:12:25.338,136.547,-2.478,-1.415,True,0.000,0.000,-2.478,-1.415,2.854,0.000,0.000,0.000,1.139
16:12:25.358,136.567,-2.215,-0.950,True,0.000,0.000,-2.215,-0.950,2.410,0.000,0.000,0.000,0.752
16:12:25.379,136.588,-2.012,-0.573,True,0.000,0.000,-2.012,-0.573,2.092,0.000,0.000,0.000,1.115
16:12:25.399,136.608,-1.867,-0.290,True,0.000,0.000,-1.867,-0.290,1.890,0.000,0.000,0.000,0.555
16:12:25.419,136.629,-2.534,-0.974,True,0.000,0.000,-2.534,-0.974,2.715,0.000,0.000,0.000,0.578
16:12:25.441,136.650,-2.271,-0.610,True,0.000,0.000,-2.271,-0.610,2.351,0.000,0.000,0.000,0.924
16:12:25.461,136.670,-2.061,-0.331,True,0.000,0.000,-2.061,-0.331,2.087,0.000,0.000,0.000,0.948
16:12:25.481,136.690,-2.668,-0.133,True,0.000,0.000,-2.668,-0.133,2.671,0.000,0.000,0.000,0.777
16:12:25.502,136.711,-2.354,-0.883,True,0.000,0.000,-2.354,-0.883,2.515,0.000,0.000,0.000,0.824
16:12:25.523,136.732,-2.106,-0.568,True,0.000,0.000,-2.106,-0.568,2.181,0.000,0.000,0.000,1.103
16:12:25.543,136.752,-2.686,-0.322,True,0.000,0.000,-2.686,-0.322,2.705,0.000,0.000,0.000,0.992
16:12:25.563,136.773,-2.355,-0.143,True,0.000,0.000,-2.355,-0.143,2.359,0.000,0.000,0.000,1.004
16:12:25.584,136.793,-2.858,-0.904,True,0.000,0.000,-2.858,-0.904,2.997,0.000,0.000,0.000,1.126
16:12:25.604,136.813,-2.463,-0.592,True,0.000,0.000,-2.463,-0.592,2.533,0.000,0.000,0.000,0.519
16:12:25.625,136.834,-2.155,-0.344,True,0.000,0.000,-2.155,-0.344,2.182,0.000,0.000,0.000,1.053
16:12:25.645,136.854,-4.218,-3.678,True,0.000,0.000,-4.218,-3.678,5.597,0.000,0.000,0.000,0.980
16:12:25.665,136.874,-3.445,-2.590,True,0.000,0.000,-3.445,-2.590,4.310,0.000,0.000,0.000,0.743
16:12:25.685,136.895,-3.567,-5.179,True,0.000,0.000,-3.567,-5.179,6.289,0.000,0.000,0.000,0.772
16:12:25.706,136.915,-3.633,-3.490,True,0.000,0.000,-3.633,-3.490,5.037,0.000,0.000,0.000,1.101
16:12:25.726,136.935,-2.897,-2.993,True,0.000,0.000,-2.897,-2.993,4.165,0.000,0.000,0.000,1.246
16:12:25.746,136.955,-3.866,-5.234,True,0.000,0.000,-3.866,-5.234,6.508,0.000,0.000,0.000,0.575
16:12:25.767,136.976,-3.065,-3.340,True,0.000,0.000,-3.065,-3.340,4.533,0.000,0.000,0.000,1.044
16:12:25.787,136.996,-2.455,-2.745,True,0.000,0.000,-2.455,-2.745,3.683,0.000,0.000,0.000,1.070
16:12:25.808,137.017,-2.026,-0.565,True,0.000,0.000,-2.026,-0.565,2.104,0.000,0.000,0.000,1.082
16:12:25.828,137.037,-1.752,-0.774,True,0.000,0.000,-1.752,-0.774,1.915,0.000,0.000,0.000,1.092
16:12:25.848,137.057,-3.120,-3.679,True,0.000,0.000,-3.120,-3.679,4.824,0.000,0.000,0.000,0.678
16:12:25.869,137.078,-3.395,-4.105,True,0.000,0.000,-3.395,-4.105,5.327,0.000,0.000,0.000,0.965
16:12:25.889,137.099,-2.806,-2.586,True,0.000,0.000,-2.806,-2.586,3.816,0.000,0.000,0.000,1.122
16:12:25.910,137.119,-2.348,-1.415,True,0.000,0.000,-2.348,-1.415,2.742,0.000,0.000,0.000,1.062
16:12:25.930,137.139,-2.018,-1.460,True,0.000,0.000,-2.018,-1.460,2.491,0.000,0.000,0.000,1.051
16:12:25.950,137.159,-1.801,-0.676,True,0.000,0.000,-1.801,-0.676,1.923,0.000,0.000,0.000,0.707
16:12:25.971,137.180,-1.673,-1.028,True,0.000,0.000,-1.673,-1.028,1.964,0.000,0.000,0.000,0.851
16:12:25.991,137.200,-2.373,-0.469,True,0.000,0.000,-2.373,-0.469,2.419,0.000,0.000,0.000,0.822
16:12:26.011,137.221,-2.908,-3.611,True,0.000,0.000,-2.908,-3.611,4.637,0.000,0.000,0.000,0.656
16:12:26.032,137.241,-2.525,-2.422,True,0.000,0.000,-2.525,-2.422,3.499,0.000,0.000,0.000,1.151
16:12:26.052,137.261,-2.217,-1.458,True,0.000,0.000,-2.217,-1.458,2.654,0.000,0.000,0.000,0.940
16:12:26.073,137.282,-1.989,-0.737,True,0.000,0.000,-1.989,-0.737,2.121,0.000,0.000,0.000,1.107
16:12:26.093,137.302,-1.832,-0.239,True,0.000,0.000,-1.832,-0.239,1.848,0.000,0.000,0.000,0.835
16:12:26.114,137.323,-2.497,0.072,True,0.000,0.000,-2.497,0.072,2.498,0.000,0.000,0.000,0.819
16:12:26.135,137.344,-2.236,0.241,True,0.000,0.000,-2.236,0.241,2.249,0.000,0.000,0.000,1.175
16:12:26.155,137.364,-4.316,-4.086,True,0.000,0.000,-4.316,-4.086,5.943,0.000,0.000,0.000,0.990
16:12:26.175,137.384,-3.541,-2.878,True,0.000,0.000,-3.541,-2.878,4.563,0.000,0.000,0.000,0.995
16:12:26.196,137.405,-2.890,-1.849,True,0.000,0.000,-2.890,-1.849,3.431,0.000,0.000,0.000,1.144
16:12:26.216,137.425,-2.386,-4.560,True,0.000,0.000,-2.386,-4.560,5.146,0.000,0.000,0.000,1.105
16:12:26.237,137.446,-2.026,-3.892,True,0.000,0.000,-2.026,-3.892,4.387,0.000,0.000,0.000,1.074
16:12:26.257,137.466,-1.790,-3.292,True,0.000,0.000,-1.790,-3.292,3.747,0.000,0.000,0.000,0.994
16:12:26.277,137.487,-1.653,-1.923,True,0.000,0.000,-1.653,-1.923,2.536,0.000,0.000,0.000,0.817
16:12:26.298,137.507,-1.588,-1.795,True,0.000,0.000,-1.588,-1.795,2.397,0.000,0.000,0.000,0.648
16:12:26.319,137.528,-1.573,-1.751,True,0.000,0.000,-1.573,-1.751,2.354,0.000,0.000,0.000,0.863
16:12:26.339,137.548,-1.587,-0.881,True,0.000,0.000,-1.587,-0.881,1.815,0.000,0.000,0.000,0.572
16:12:26.360,137.569,-1.616,-0.282,True,0.000,0.000,-1.616,-0.282,1.640,0.000,0.000,0.000,0.966
16:12:26.380,137.589,-1.650,0.092,True,0.000,0.000,-1.650,0.092,1.653,0.000,0.000,0.000,0.719
16:12:26.400,137.610,-2.445,1.173,True,0.000,0.000,-2.445,1.173,2.712,0.000,0.000,0.000,1.026
16:12:26.420,137.629,-2.265,0.133,True,0.000,0.000,-2.265,0.133,2.268,0.000,0.000,0.000,0.555
16:12:26.441,137.651,-2.103,0.163,True,0.000,0.000,-2.103,0.163,2.109,0.000,0.000,0.000,1.234
16:12:26.461,137.670,-1.971,0.160,True,0.000,0.000,-1.971,0.160,1.977,0.000,0.000,0.000,0.783
16:12:26.481,137.690,-1.871,-0.739,True,0.000,0.000,-1.871,-0.739,2.012,0.000,0.000,0.000,0.522
16:12:26.502,137.711,-1.802,-0.526,True,0.000,0.000,-1.802,-0.526,1.877,0.000,0.000,0.000,1.063
16:12:26.522,137.732,-1.759,-0.342,True,0.000,0.000,-1.759,-0.342,1.792,0.000,0.000,0.000,1.054
16:12:26.543,137.752,-2.496,-0.197,True,0.000,0.000,-2.496,-0.197,2.504,0.000,0.000,0.000,0.968
16:12:26.563,137.772,-2.277,-0.091,True,0.000,0.000,-2.277,-0.091,2.279,0.000,0.000,0.000,1.092
16:12:26.584,137.793,-2.092,-0.020,True,0.000,0.000,-2.092,-0.020,2.092,0.000,0.000,0.000,1.109
16:12:26.604,137.813,-3.470,-3.493,True,0.000,0.000,-3.470,-3.493,4.924,0.000,0.000,0.000,1.037
16:12:26.624,137.833,-2.949,-2.506,True,0.000,0.000,-2.949,-2.506,3.870,0.000,0.000,0.000,1.035
16:12:26.644,137.853,-2.512,-1.647,True,0.000,0.000,-2.512,-1.647,3.003,0.000,0.000,0.000,0.618
16:12:26.666,137.875,-2.175,-0.963,True,0.000,0.000,-2.175,-0.963,2.378,0.000,0.000,0.000,1.126
16:12:26.686,137.896,-1.934,-1.339,True,0.000,0.000,-1.934,-1.339,2.352,0.000,0.000,0.000,1.118
16:12:26.707,137.916,-1.778,-0.756,True,0.000,0.000,-1.778,-0.756,1.932,0.000,0.000,0.000,1.072
16:12:26.727,137.936,-1.687,0.543,True,0.000,0.000,-1.687,0.543,1.772,0.000,0.000,0.000,0.527
16:12:26.747,137.956,-2.406,-0.298,True,0.000,0.000,-2.406,-0.298,2.425,0.000,0.000,0.000,0.512
16:12:26.768,137.977,-2.507,-0.182,False,0.000,0.000,-2.507,-0.182,2.514,0.000,0.000,0.000,0.549
16:12:26.789,137.998,-2.134,-1.177,True,0.000,0.000,-2.134,-1.177,2.437,0.000,0.000,0.000,1.109
16:12:26.809,138.018,-3.657,-4.640,True,0.000,0.000,-3.657,-4.640,5.907,0.000,0.000,0.000,0.743
16:12:26.830,138.039,-3.009,-3.099,True,0.000,0.000,-3.009,-3.099,4.320,0.000,0.000,0.000,1.106
16:12:26.850,138.059,-2.527,-1.938,True,0.000,0.000,-2.527,-1.938,3.184,0.000,0.000,0.000,0.929
16:12:26.870,138.080,-2.169,-1.944,True,0.000,0.000,-2.169,-1.944,2.912,0.000,0.000,0.000,1.132
16:12:26.890,138.100,-1.918,-1.079,True,0.000,0.000,-1.918,-1.079,2.201,0.000,0.000,0.000,1.048
16:12:26.911,138.120,-1.757,-0.459,True,0.000,0.000,-1.757,-0.459,1.816,0.000,0.000,0.000,0.904
16:12:26.931,138.140,-1.667,-0.051,True,0.000,0.000,-1.667,-0.051,1.667,0.000,0.000,0.000,0.695
16:12:26.952,138.161,-1.627,0.186,True,0.000,0.000,-1.627,0.186,1.638,0.000,0.000,0.000,1.040
16:12:26.972,138.181,-1.621,-3.222,True,0.000,0.000,-1.621,-3.222,3.607,0.000,0.000,0.000,1.104
16:12:26.992,138.201,-2.397,-3.105,True,0.000,0.000,-2.397,-3.105,3.922,0.000,0.000,0.000,0.734
16:12:27.013,138.222,-2.211,-2.912,True,0.000,0.000,-2.211,-2.912,3.656,0.000,0.000,0.000,0.957
16:12:27.034,138.243,-4.337,-2.698,True,0.000,0.000,-4.337,-2.698,5.108,0.000,0.000,0.000,1.271
16:12:27.054,138.263,-3.585,-1.620,True,0.000,0.000,-3.585,-1.620,3.934,0.000,0.000,0.000,1.015
16:12:27.074,138.283,-2.942,-1.693,True,0.000,0.000,-2.942,-1.693,3.394,0.000,0.000,0.000,1.020
16:12:27.095,138.304,-3.198,-4.412,True,0.000,0.000,-3.198,-4.412,5.449,0.000,0.000,0.000,0.980
16:12:27.115,138.324,-3.383,-4.645,True,0.000,0.000,-3.383,-4.645,5.747,0.000,0.000,0.000,0.666
16:12:27.136,138.345,-2.744,-3.832,True,0.000,0.000,-2.744,-3.832,4.713,0.000,0.000,0.000,1.126
16:12:27.156,138.365,-2.265,-3.156,True,0.000,0.000,-2.265,-3.156,3.885,0.000,0.000,0.000,0.619
16:12:27.176,138.385,-1.933,-2.639,True,0.000,0.000,-1.933,-2.639,3.271,0.000,0.000,0.000,0.895
16:12:27.197,138.406,-1.725,-1.395,True,0.000,0.000,-1.725,-1.395,2.218,0.000,0.000,0.000,0.984
16:12:27.218,138.427,-1.611,-0.522,True,0.000,0.000,-1.611,-0.522,1.693,0.000,0.000,0.000,1.084
16:12:27.237,138.446,-1.565,-0.842,True,0.000,0.000,-1.565,-0.842,1.777,0.000,0.000,0.000,0.538
16:12:27.258,138.467,-1.562,-0.287,True,0.000,0.000,-1.562,-0.287,1.588,0.000,0.000,0.000,1.077
16:12:27.279,138.488,-1.585,0.063,True,0.000,0.000,-1.585,0.063,1.586,0.000,0.000,0.000,0.871
16:12:27.299,138.508,-1.619,0.254,True,0.000,0.000,-1.619,0.254,1.639,0.000,0.000,0.000,1.101
16:12:27.320,138.529,-1.656,0.333,True,0.000,0.000,-1.656,0.333,1.689,0.000,0.000,0.000,0.898
16:12:27.340,138.549,-2.452,0.338,True,0.000,0.000,-2.452,0.338,2.475,0.000,0.000,0.000,0.707
16:12:27.361,138.570,-2.271,0.301,True,0.000,0.000,-2.271,0.301,2.291,0.000,0.000,0.000,1.059
16:12:27.383,138.592,-2.869,0.244,True,0.000,0.000,-2.869,0.244,2.880,0.000,0.000,0.000,0.892
16:12:27.404,138.613,-3.288,-0.696,True,0.000,0.000,-3.288,-0.696,3.361,0.000,0.000,0.000,1.094
16:12:27.424,138.633,-2.794,-0.511,True,0.000,0.000,-2.794,-0.511,2.841,0.000,0.000,0.000,1.104
16:12:27.444,138.653,-2.391,-0.345,True,0.000,0.000,-2.391,-0.345,2.416,0.000,0.000,0.000,0.522
16:12:27.465,138.674,-2.088,-0.210,True,0.000,0.000,-2.088,-0.210,2.098,0.000,0.000,0.000,1.067
16:12:27.485,138.694,-1.877,-0.108,True,0.000,0.000,-1.877,-0.108,1.880,0.000,0.000,0.000,0.832
16:12:27.505,138.714,-1.744,-0.037,True,0.000,0.000,-1.744,-0.037,1.744,0.000,0.000,0.000,0.569
16:12:27.526,138.735,-1.671,0.886,True,0.000,0.000,-1.671,0.886,1.891,0.000,0.000,0.000,0.954
16:12:27.546,138.755,-1.640,0.669,True,0.000,0.000,-1.640,0.669,1.772,0.000,0.000,0.000,1.135
16:12:27.566,138.775,-1.638,0.467,True,0.000,0.000,-1.638,0.467,1.703,0.000,0.000,0.000,0.541
16:12:27.587,138.796,-4.697,-1.462,True,0.000,0.000,-4.697,-1.462,4.919,0.000,0.000,0.000,1.148
16:12:27.607,138.816,-3.882,-1.111,True,0.000,0.000,-3.882,-1.111,4.038,0.000,0.000,0.000,0.927
16:12:27.628,138.837,-5.452,-4.296,True,0.000,0.000,-5.452,-4.296,6.941,0.000,0.000,0.000,0.854
16:12:27.648,138.857,-4.252,-3.049,True,0.000,0.000,-4.252,-3.049,5.232,0.000,0.000,0.000,0.566
16:12:27.669,138.878,-3.274,-1.978,True,0.000,0.000,-3.274,-1.978,3.825,0.000,0.000,0.000,1.069
16:12:27.689,138.898,-2.539,-2.013,True,0.000,0.000,-2.539,-2.013,3.240,0.000,0.000,0.000,1.003
16:12:27.710,138.919,-2.029,-1.158,True,0.000,0.000,-2.029,-1.158,2.336,0.000,0.000,0.000,1.041
16:12:27.730,138.939,-4.753,-2.291,True,0.000,0.000,-4.753,-2.291,5.277,0.000,0.000,0.000,1.212
16:12:27.750,138.960,-3.741,-1.390,True,0.000,0.000,-3.741,-1.390,3.991,0.000,0.000,0.000,1.020
16:12:27.771,138.980,-2.931,0.166,True,0.000,0.000,-2.931,0.166,2.936,0.000,0.000,0.000,1.074
16:12:27.791,139.000,-3.855,-3.121,True,0.000,0.000,-3.855,-3.121,4.959,0.000,0.000,0.000,0.841
16:12:27.811,139.020,-3.985,-3.642,True,0.000,0.000,-3.985,-3.642,5.399,0.000,0.000,0.000,0.782
16:12:27.832,139.041,-2.793,-1.819,True,0.000,0.000,-2.793,-1.819,3.333,0.000,0.000,0.000,1.123
16:12:27.852,139.062,-2.192,-0.904,True,0.000,0.000,-2.192,-0.904,2.371,0.000,0.000,0.000,1.126
16:12:27.873,139.082,-1.835,-0.344,True,0.000,0.000,-1.835,-0.344,1.867,0.000,0.000,0.000,1.135
16:12:27.893,139.102,-1.627,0.004,True,0.000,0.000,-1.627,0.004,1.627,0.000,0.000,0.000,1.134
16:12:27.914,139.123,-1.524,0.201,True,0.000,0.000,-1.524,0.201,1.537,0.000,0.000,0.000,1.303
16:12:27.935,139.144,-1.494,0.290,True,0.000,0.000,-1.494,0.290,1.521,0.000,0.000,0.000,1.173
16:12:27.955,139.164,-1.509,-0.574,True,0.000,0.000,-1.509,-0.574,1.615,0.000,0.000,0.000,1.171
16:12:27.976,139.185,-1.549,-0.360,True,0.000,0.000,-1.549,-0.360,1.590,0.000,0.000,0.000,1.256
16:12:27.996,139.205,-1.597,-0.195,True,0.000,0.000,-1.597,-0.195,1.609,0.000,0.000,0.000,1.285
16:12:28.016,139.225,-1.645,-0.078,True,0.000,0.000,-1.645,-0.078,1.646,0.000,0.000,0.000,1.131
16:12:28.037,139.246,-1.686,-0.003,True,0.000,0.000,-1.686,-0.003,1.686,0.000,0.000,0.000,1.312
16:12:28.057,139.266,-1.719,-0.839,True,0.000,0.000,-1.719,-0.839,1.913,0.000,0.000,0.000,1.116
16:12:28.077,139.286,-1.743,-0.577,True,0.000,0.000,-1.743,-0.577,1.836,0.000,0.000,0.000,0.717
16:12:28.100,139.309,-2.521,-0.360,True,0.000,0.000,-2.521,-0.360,2.547,0.000,0.000,0.000,1.123
16:12:28.120,139.330,-2.322,-3.710,True,0.000,0.000,-2.322,-3.710,4.376,0.000,0.000,0.000,0.948
16:12:28.141,139.350,-2.143,-2.626,True,0.000,0.000,-2.143,-2.626,3.390,0.000,0.000,0.000,1.106
16:12:28.161,139.370,-1.996,-1.699,True,0.000,0.000,-1.996,-1.699,2.621,0.000,0.000,0.000,0.803
16:12:28.182,139.391,-2.647,-0.970,True,0.000,0.000,-2.647,-0.970,2.819,0.000,0.000,0.000,1.207
16:12:28.204,139.413,-2.361,-1.319,True,0.000,0.000,-2.361,-1.319,2.704,0.000,0.000,0.000,0.802
16:12:28.224,139.434,-2.127,-0.724,True,0.000,0.000,-2.127,-0.724,2.247,0.000,0.000,0.000,0.864
16:12:28.245,139.454,-1.951,-0.299,True,0.000,0.000,-1.951,-0.299,1.974,0.000,0.000,0.000,0.729
16:12:28.265,139.474,-1.830,-0.022,True,0.000,0.000,-1.830,-0.022,1.830,0.000,0.000,0.000,0.594
16:12:28.285,139.494,-1.753,-0.741,True,0.000,0.000,-1.753,-0.741,1.903,0.000,0.000,0.000,0.648
16:12:28.305,139.514,-1.710,-0.425,True,0.000,0.000,-1.710,-0.425,1.762,0.000,0.000,0.000,0.952
16:12:28.325,139.535,-1.693,-0.195,True,0.000,0.000,-1.693,-0.195,1.704,0.000,0.000,0.000,0.951
16:12:28.346,139.555,-1.692,-0.041,True,0.000,0.000,-1.692,-0.041,1.692,0.000,0.000,0.000,0.913
16:12:28.367,139.576,-1.700,0.052,True,0.000,0.000,-1.700,0.052,1.701,0.000,0.000,0.000,0.963
16:12:28.387,139.596,-1.712,0.098,True,0.000,0.000,-1.712,0.098,1.715,0.000,0.000,0.000,0.984
16:12:28.407,139.616,-1.726,-0.766,True,0.000,0.000,-1.726,-0.766,1.888,0.000,0.000,0.000,0.666
16:12:28.428,139.637,-1.738,-0.530,True,0.000,0.000,-1.738,-0.530,1.817,0.000,0.000,0.000,1.007
16:12:28.447,139.656,-1.748,-0.332,True,0.000,0.000,-1.748,-0.332,1.780,0.000,0.000,0.000,0.504
16:12:28.468,139.677,-1.756,-0.181,True,0.000,0.000,-1.756,-0.181,1.766,0.000,0.000,0.000,1.011
16:12:28.489,139.698,-1.762,-0.952,True,0.000,0.000,-1.762,-0.952,2.003,0.000,0.000,0.000,0.964
16:12:28.509,139.718,-1.766,-0.641,True,0.000,0.000,-1.766,-0.641,1.878,0.000,0.000,0.000,0.827
16:12:28.529,139.738,-1.768,-0.387,True,0.000,0.000,-1.768,-0.387,1.810,0.000,0.000,0.000,0.531
16:12:28.550,139.759,-1.769,-1.076,True,0.000,0.000,-1.769,-1.076,2.071,0.000,0.000,0.000,0.595
16:12:28.571,139.780,-1.769,-1.582,True,0.000,0.000,-1.769,-1.582,2.373,0.000,0.000,0.000,1.198
16:12:28.591,139.800,-1.769,-1.046,True,0.000,0.000,-1.769,-1.046,2.055,0.000,0.000,0.000,0.979
16:12:28.612,139.821,-1.768,-0.616,True,0.000,0.000,-1.768,-0.616,1.872,0.000,0.000,0.000,1.069
16:12:28.632,139.841,-2.529,0.580,True,0.000,0.000,-2.529,0.580,2.595,0.000,0.000,0.000,1.129
16:12:28.652,139.861,-2.319,-0.324,True,0.000,0.000,-2.319,-0.324,2.342,0.000,0.000,0.000,0.827
16:12:28.673,139.882,-2.134,-0.163,True,0.000,0.000,-2.134,-0.163,2.141,0.000,0.000,0.000,0.964
16:12:28.693,139.903,-1.986,-0.931,True,0.000,0.000,-1.986,-0.931,2.193,0.000,0.000,0.000,0.965
16:12:28.713,139.923,-1.875,-0.620,True,0.000,0.000,-1.875,-0.620,1.975,0.000,0.000,0.000,0.630
16:12:28.734,139.944,-1.799,-0.370,True,0.000,0.000,-1.799,-0.370,1.836,0.000,0.000,0.000,0.883
16:12:28.755,139.964,-1.752,-0.184,True,0.000,0.000,-1.752,-0.184,1.761,0.000,0.000,0.000,1.076
16:12:28.775,139.984,-1.727,-0.935,True,0.000,0.000,-1.727,-0.935,1.963,0.000,0.000,0.000,0.977
16:12:28.796,140.005,-1.717,-0.614,True,0.000,0.000,-1.717,-0.614,1.823,0.000,0.000,0.000,0.791
16:12:28.816,140.026,-1.717,-0.359,True,0.000,0.000,-1.717,-0.359,1.754,0.000,0.000,0.000,1.132
16:12:28.837,140.046,-1.723,-0.171,True,0.000,0.000,-1.723,-0.171,1.732,0.000,0.000,0.000,0.988
16:12:28.857,140.067,-4.777,-1.802,True,0.000,0.000,-4.777,-1.802,5.105,0.000,0.000,0.000,1.047
16:12:28.878,140.087,-3.950,-2.120,True,0.000,0.000,-3.950,-2.120,4.483,0.000,0.000,0.000,1.142
16:12:28.898,140.108,-3.220,-1.413,True,0.000,0.000,-3.220,-1.413,3.516,0.000,0.000,0.000,1.111
16:12:28.919,140.128,-3.393,-0.843,True,0.000,0.000,-3.393,-0.843,3.497,0.000,0.000,0.000,0.719
16:12:28.939,140.148,-2.747,-0.419,True,0.000,0.000,-2.747,-0.419,2.779,0.000,0.000,0.000,0.777
16:12:28.959,140.168,-2.263,-1.007,True,0.000,0.000,-2.263,-1.007,2.477,0.000,0.000,0.000,0.871
16:12:28.979,140.188,-1.929,-1.463,True,0.000,0.000,-1.929,-1.463,2.421,0.000,0.000,0.000,0.679
16:12:29.000,140.209,-1.719,-0.913,True,0.000,0.000,-1.719,-0.913,1.947,0.000,0.000,0.000,1.113
16:12:29.022,140.232,-1.606,-0.491,True,0.000,0.000,-1.606,-0.491,1.679,0.000,0.000,0.000,1.152
16:12:29.043,140.252,-1.560,-0.193,True,0.000,0.000,-1.560,-0.193,1.572,0.000,0.000,0.000,1.046
16:12:29.063,140.272,-2.320,-0.879,True,0.000,0.000,-2.320,-0.879,2.481,0.000,0.000,0.000,0.936
16:12:29.084,140.293,-2.134,-0.528,True,0.000,0.000,-2.134,-0.528,2.199,0.000,0.000,0.000,1.087
16:12:29.105,140.314,-1.985,-0.266,True,0.000,0.000,-1.985,-0.266,2.003,0.000,0.000,0.000,1.110
16:12:29.126,140.335,-1.874,0.793,True,0.000,0.000,-1.874,0.793,2.035,0.000,0.000,0.000,0.817
16:12:29.147,140.356,-1.798,0.665,True,0.000,0.000,-1.798,0.665,1.917,0.000,0.000,0.000,1.163
16:12:29.167,140.376,-1.751,0.513,True,0.000,0.000,-1.751,0.513,1.825,0.000,0.000,0.000,0.516
16:12:29.187,140.396,-1.726,0.366,True,0.000,0.000,-1.726,0.366,1.765,0.000,0.000,0.000,0.611
16:12:29.208,140.417,-1.717,-3.277,True,0.000,0.000,-1.717,-3.277,3.699,0.000,0.000,0.000,1.176
16:12:29.228,140.437,-1.717,-2.412,True,0.000,0.000,-1.717,-2.412,2.961,0.000,0.000,0.000,0.678
16:12:29.248,140.457,-1.723,-1.634,True,0.000,0.000,-1.723,-1.634,2.375,0.000,0.000,0.000,0.998
16:12:29.268,140.478,-1.732,-0.998,True,0.000,0.000,-1.732,-0.998,1.998,0.000,0.000,0.000,0.861
16:12:29.289,140.498,-1.740,0.362,True,0.000,0.000,-1.740,0.362,1.778,0.000,0.000,0.000,1.131
16:12:29.309,140.518,-4.033,-3.061,True,0.000,0.000,-4.033,-3.061,5.062,0.000,0.000,0.000,0.534
16:12:29.329,140.539,-3.412,-2.096,True,0.000,0.000,-3.412,-2.096,4.004,0.000,0.000,0.000,0.898
16:12:29.350,140.559,-2.864,-1.299,True,0.000,0.000,-2.864,-1.299,3.144,0.000,0.000,0.000,0.987
16:12:29.371,140.580,-2.421,-0.691,True,0.000,0.000,-2.421,-0.691,2.518,0.000,0.000,0.000,1.055
16:12:29.391,140.601,-2.092,-1.142,True,0.000,0.000,-2.092,-1.142,2.384,0.000,0.000,0.000,1.072
16:12:29.411,140.620,-3.389,-4.142,True,0.000,0.000,-3.389,-4.142,5.352,0.000,0.000,0.000,0.562
16:12:29.432,140.641,-2.830,-3.688,True,0.000,0.000,-2.830,-3.688,4.648,0.000,0.000,0.000,0.573
16:12:29.453,140.662,-2.386,-3.234,True,0.000,0.000,-2.386,-3.234,4.019,0.000,0.000,0.000,0.847
16:12:29.473,140.682,-2.060,-2.833,True,0.000,0.000,-2.060,-2.833,3.503,0.000,0.000,0.000,1.074
16:12:29.494,140.704,-1.839,-1.633,True,0.000,0.000,-1.839,-1.633,2.460,0.000,0.000,0.000,1.100
16:12:29.515,140.724,-1.705,-1.635,True,0.000,0.000,-1.705,-1.635,2.362,0.000,0.000,0.000,1.033
16:12:29.535,140.744,-1.636,-1.684,True,0.000,0.000,-1.636,-1.684,2.348,0.000,0.000,0.000,0.925
16:12:29.555,140.765,-1.612,-0.875,True,0.000,0.000,-1.612,-0.875,1.834,0.000,0.000,0.000,1.020
16:12:29.575,140.785,-1.617,-0.311,True,0.000,0.000,-1.617,-0.311,1.647,0.000,0.000,0.000,0.521
16:12:29.596,140.805,-1.637,0.047,True,0.000,0.000,-1.637,0.047,1.638,0.000,0.000,0.000,0.956
16:12:29.616,140.826,-1.664,-0.634,True,0.000,0.000,-1.664,-0.634,1.781,0.000,0.000,0.000,0.762
16:12:29.637,140.846,-1.691,-0.309,True,0.000,0.000,-1.691,-0.309,1.719,0.000,0.000,0.000,0.954
16:12:29.657,140.866,-1.716,-0.088,True,0.000,0.000,-1.716,-0.088,1.718,0.000,0.000,0.000,1.068
16:12:29.677,140.886,-1.736,0.049,True,0.000,0.000,-1.736,0.049,1.736,0.000,0.000,0.000,0.872
16:12:29.698,140.907,-1.750,0.120,True,0.000,0.000,-1.750,0.120,1.755,0.000,0.000,0.000,0.560
16:12:29.719,140.928,-1.761,0.147,True,0.000,0.000,-1.761,0.147,1.767,0.000,0.000,0.000,1.119
16:12:29.739,140.948,-1.767,0.145,True,0.000,0.000,-1.767,0.145,1.773,0.000,0.000,0.000,0.841
16:12:29.760,140.969,-1.771,-3.389,True,0.000,0.000,-1.771,-3.389,3.824,0.000,0.000,0.000,1.009
16:12:29.780,140.989,-1.772,-2.449,True,0.000,0.000,-1.772,-2.449,3.023,0.000,0.000,0.000,0.574
16:12:29.801,141.011,-1.772,-1.624,True,0.000,0.000,-1.772,-1.624,2.404,0.000,0.000,0.000,1.000
16:12:29.822,141.031,-1.771,-0.962,True,0.000,0.000,-1.771,-0.962,2.016,0.000,0.000,0.000,0.982
16:12:29.843,141.052,-1.770,-0.471,True,0.000,0.000,-1.770,-0.471,1.832,0.000,0.000,0.000,1.280
16:12:29.863,141.072,-1.769,-0.136,True,0.000,0.000,-1.769,-0.136,1.774,0.000,0.000,0.000,1.049
16:12:29.883,141.092,-1.768,0.950,True,0.000,0.000,-1.768,0.950,2.007,0.000,0.000,0.000,1.115
16:12:29.904,141.113,-1.767,-0.061,True,0.000,0.000,-1.767,-0.061,1.768,0.000,0.000,0.000,1.154
16:12:29.924,141.133,-3.289,-4.387,True,0.000,0.000,-3.289,-4.387,5.483,0.000,0.000,0.000,0.903
16:12:29.944,141.153,-2.871,-3.141,True,0.000,0.000,-2.871,-3.141,4.255,0.000,0.000,0.000,1.093
16:12:29.965,141.174,-2.501,-2.060,True,0.000,0.000,-2.501,-2.060,3.241,0.000,0.000,0.000,0.991
16:12:29.985,141.194,-2.204,-1.201,True,0.000,0.000,-2.204,-1.201,2.510,0.000,0.000,0.000,0.785
16:12:30.006,141.215,-1.983,-0.570,True,0.000,0.000,-1.983,-0.570,2.063,0.000,0.000,0.000,1.117
16:12:30.025,141.235,-1.831,-0.143,True,0.000,0.000,-1.831,-0.143,1.837,0.000,0.000,0.000,0.491
16:12:30.047,141.256,-1.737,-0.762,True,0.000,0.000,-1.737,-0.762,1.897,0.000,0.000,0.000,1.409
16:12:30.067,141.276,-1.687,-0.387,True,0.000,0.000,-1.687,-0.387,1.731,0.000,0.000,0.000,1.153
16:12:30.087,141.296,-1.668,-0.128,True,0.000,0.000,-1.668,-0.128,1.673,0.000,0.000,0.000,0.717
16:12:30.108,141.317,-1.669,0.035,True,0.000,0.000,-1.669,0.035,1.669,0.000,0.000,0.000,0.851
16:12:30.129,141.338,-1.681,0.124,True,0.000,0.000,-1.681,0.124,1.685,0.000,0.000,0.000,1.004
16:12:30.149,141.358,-1.698,0.159,True,0.000,0.000,-1.698,0.159,1.705,0.000,0.000,0.000,0.933
16:12:30.169,141.379,-1.715,0.160,True,0.000,0.000,-1.715,0.160,1.723,0.000,0.000,0.000,0.940
16:12:30.190,141.399,-1.731,0.142,True,0.000,0.000,-1.731,0.142,1.737,0.000,0.000,0.000,0.990
16:12:30.210,141.420,-1.745,-0.764,True,0.000,0.000,-1.745,-0.764,1.904,0.000,0.000,0.000,0.812
16:12:30.231,141.440,-2.516,-0.552,True,0.000,0.000,-2.516,-0.552,2.576,0.000,0.000,0.000,0.593
16:12:30.251,141.460,-2.729,-0.643,True,0.000,0.000,-2.729,-0.643,2.804,0.000,0.000,0.000,0.944
16:12:30.271,141.480,-3.274,0.828,True,0.000,0.000,-3.274,0.828,3.377,0.000,0.000,0.000,0.554
16:12:30.292,141.501,-2.697,0.582,True,0.000,0.000,-2.697,0.582,2.759,0.000,0.000,0.000,0.923
16:12:30.313,141.522,-2.321,0.411,True,0.000,0.000,-2.321,0.411,2.357,0.000,0.000,0.000,0.819
16:12:30.333,141.542,-2.057,0.275,True,0.000,0.000,-2.057,0.275,2.075,0.000,0.000,0.000,0.979
16:12:30.353,141.562,-1.875,0.168,True,0.000,0.000,-1.875,0.168,1.882,0.000,0.000,0.000,1.057
16:12:30.374,141.583,-2.520,0.087,True,0.000,0.000,-2.520,0.087,2.521,0.000,0.000,0.000,0.990
16:12:30.394,141.603,-3.007,-3.489,True,0.000,0.000,-3.007,-3.489,4.606,0.000,0.000,0.000,1.160
16:12:30.415,141.624,-2.584,-2.557,True,0.000,0.000,-2.584,-2.557,3.635,0.000,0.000,0.000,1.093
16:12:30.434,141.643,-3.009,-1.722,True,0.000,0.000,-3.009,-1.722,3.467,0.000,0.000,0.000,0.519
16:12:30.455,141.664,-4.838,-4.564,True,0.000,0.000,-4.838,-4.564,6.651,0.000,0.000,0.000,0.974
16:12:30.475,141.684,-3.855,-6.605,True,0.000,0.000,-3.855,-6.605,7.648,0.000,0.000,0.000,0.500
16:12:30.496,141.705,-3.048,-4.432,True,0.000,0.000,-3.048,-4.432,5.379,0.000,0.000,0.000,0.995
16:12:30.517,141.726,-2.438,-3.550,True,0.000,0.000,-2.438,-3.550,4.306,0.000,0.000,0.000,1.136
16:12:30.537,141.746,-2.011,-1.990,True,0.000,0.000,-2.011,-1.990,2.829,0.000,0.000,0.000,0.938
16:12:30.557,141.766,-1.739,-0.867,True,0.000,0.000,-1.739,-0.867,1.943,0.000,0.000,0.000,0.689
16:12:30.577,141.787,-1.587,-0.125,True,0.000,0.000,-1.587,-0.125,1.592,0.000,0.000,0.000,0.870
16:12:30.597,141.806,-1.522,0.312,True,0.000,0.000,-1.522,0.312,1.554,0.000,0.000,0.000,0.641
16:12:30.618,141.827,-2.276,1.402,True,0.000,0.000,-2.276,1.402,2.673,0.000,0.000,0.000,0.708
16:12:30.638,141.847,-2.092,0.340,True,0.000,0.000,-2.092,0.340,2.119,0.000,0.000,0.000,0.912
16:12:30.659,141.868,-1.949,0.333,True,0.000,0.000,-1.949,0.333,1.977,0.000,0.000,0.000,0.971
16:12:30.679,141.888,-1.845,0.289,True,0.000,0.000,-1.845,0.289,1.868,0.000,0.000,0.000,1.088
16:12:30.699,141.908,-1.777,0.230,True,0.000,0.000,-1.777,0.230,1.792,0.000,0.000,0.000,0.584
16:12:30.720,141.929,-1.737,0.169,True,0.000,0.000,-1.737,0.169,1.745,0.000,0.000,0.000,1.246
16:12:30.740,141.949,-2.479,0.114,True,0.000,0.000,-2.479,0.114,2.482,0.000,0.000,0.000,1.015
16:12:30.760,141.969,-2.265,-0.809,True,0.000,0.000,-2.265,-0.809,2.405,0.000,0.000,0.000,0.992
16:12:30.780,141.989,-2.084,-0.602,True,0.000,0.000,-2.084,-0.602,2.169,0.000,0.000,0.000,0.980
16:12:30.801,142.010,-1.943,0.467,True,0.000,0.000,-1.943,0.467,1.998,0.000,0.000,0.000,1.002
16:12:30.821,142.030,-4.126,-4.012,True,0.000,0.000,-4.126,-4.012,5.755,0.000,0.000,0.000,0.996
16:12:30.841,142.050,-3.432,-2.899,True,0.000,0.000,-3.432,-2.899,4.493,0.000,0.000,0.000,0.575
16:12:30.862,142.071,-2.840,-2.801,True,0.000,0.000,-2.840,-2.801,3.988,0.000,0.000,0.000,0.959
16:12:30.883,142.092,-2.375,-1.775,True,0.000,0.000,-2.375,-1.775,2.966,0.000,0.000,0.000,0.764
16:12:30.903,142.112,-2.039,-0.982,True,0.000,0.000,-2.039,-0.982,2.263,0.000,0.000,0.000,0.989
16:12:30.923,142.132,-1.815,0.465,True,0.000,0.000,-1.815,0.465,1.874,0.000,0.000,0.000,0.605
16:12:30.944,142.153,-1.682,0.596,True,0.000,0.000,-1.682,0.596,1.785,0.000,0.000,0.000,1.253
16:12:30.964,142.173,-1.616,0.600,True,0.000,0.000,-1.616,0.600,1.724,0.000,0.000,0.000,0.860
16:12:30.985,142.194,-1.597,0.531,True,0.000,0.000,-1.597,0.531,1.682,0.000,0.000,0.000,0.950
16:12:31.005,142.214,-1.605,0.429,True,0.000,0.000,-1.605,0.429,1.662,0.000,0.000,0.000,0.887
16:12:31.026,142.235,-1.629,0.320,True,0.000,0.000,-1.629,0.320,1.661,0.000,0.000,0.000,1.045
16:12:31.046,142.255,-1.659,-3.296,True,0.000,0.000,-1.659,-3.296,3.690,0.000,0.000,0.000,0.607
16:12:31.067,142.276,-1.689,-2.413,True,0.000,0.000,-1.689,-2.413,2.946,0.000,0.000,0.000,1.014
16:12:31.087,142.296,-1.715,-1.625,True,0.000,0.000,-1.715,-1.625,2.363,0.000,0.000,0.000,1.034
16:12:31.108,142.317,-1.736,-0.984,True,0.000,0.000,-1.736,-0.984,1.995,0.000,0.000,0.000,1.219
16:12:31.128,142.337,-1.751,-0.502,True,0.000,0.000,-1.751,-0.502,1.822,0.000,0.000,0.000,0.582
16:12:31.148,142.357,-1.762,-0.169,True,0.000,0.000,-1.762,-0.169,1.770,0.000,0.000,0.000,0.937
16:12:31.168,142.377,-1.768,0.041,True,0.000,0.000,-1.768,0.041,1.769,0.000,0.000,0.000,0.537
16:12:31.189,142.398,-1.772,0.155,True,0.000,0.000,-1.772,0.155,1.778,0.000,0.000,0.000,1.025
16:12:31.208,142.418,-1.773,0.202,True,0.000,0.000,-1.773,0.202,1.784,0.000,0.000,0.000,0.681
16:12:31.229,142.438,-3.295,-4.190,True,0.000,0.000,-3.295,-4.190,5.330,0.000,0.000,0.000,0.610
16:12:31.249,142.458,-2.876,-3.006,True,0.000,0.000,-2.876,-3.006,4.160,0.000,0.000,0.000,0.923
16:12:31.270,142.479,-2.506,-1.976,True,0.000,0.000,-2.506,-1.976,3.191,0.000,0.000,0.000,1.241
16:12:31.290,142.499,-2.208,-4.671,True,0.000,0.000,-2.208,-4.671,5.166,0.000,0.000,0.000,0.575
16:12:31.310,142.519,-5.031,-3.981,True,0.000,0.000,-5.031,-3.981,6.415,0.000,0.000,0.000,0.511
16:12:31.331,142.540,-4.042,-2.479,True,0.000,0.000,-4.042,-2.479,4.742,0.000,0.000,0.000,1.053
16:12:31.351,142.561,-3.210,-1.330,True,0.000,0.000,-3.210,-1.330,3.474,0.000,0.000,0.000,1.020
16:12:31.371,142.581,-4.087,-4.913,True,0.000,0.000,-4.087,-4.913,6.391,0.000,0.000,0.000,0.791
16:12:31.392,142.601,-3.208,-4.063,True,0.000,0.000,-3.208,-4.063,5.176,0.000,0.000,0.000,0.724
16:12:31.412,142.621,-2.536,-5.975,True,0.000,0.000,-2.536,-5.975,6.491,0.000,0.000,0.000,1.040
16:12:31.432,142.641,-2.063,-3.806,True,0.000,0.000,-2.063,-3.806,4.329,0.000,0.000,0.000,0.534
16:12:31.452,142.662,-1.758,-1.242,True,0.000,0.000,-1.758,-1.242,2.152,0.000,0.000,0.000,0.540
16:12:31.473,142.682,-3.109,-4.667,True,0.000,0.000,-3.109,-4.667,5.608,0.000,0.000,0.000,0.922
16:12:31.494,142.703,-2.614,-3.756,True,0.000,0.000,-2.614,-3.756,4.576,0.000,0.000,0.000,1.061
16:12:31.514,142.723,-2.232,-3.033,True,0.000,0.000,-2.232,-3.033,3.766,0.000,0.000,0.000,0.526
16:12:31.534,142.743,-1.959,-2.505,True,0.000,0.000,-1.959,-2.505,3.180,0.000,0.000,0.000,0.769
16:12:31.555,142.764,-1.781,-1.270,True,0.000,0.000,-1.781,-1.270,2.187,0.000,0.000,0.000,1.021
16:12:31.575,142.784,-2.439,-1.295,True,0.000,0.000,-2.439,-1.295,2.762,0.000,0.000,0.000,0.547
16:12:31.595,142.804,-2.182,-1.398,True,0.000,0.000,-2.182,-1.398,2.591,0.000,0.000,0.000,0.610
16:12:31.615,142.825,-1.986,-0.654,True,0.000,0.000,-1.986,-0.654,2.091,0.000,0.000,0.000,0.995
16:12:31.636,142.845,-1.849,-0.153,True,0.000,0.000,-1.849,-0.153,1.855,0.000,0.000,0.000,1.039
16:12:31.656,142.865,-1.761,-0.728,True,0.000,0.000,-1.761,-0.728,1.905,0.000,0.000,0.000,0.955
16:12:31.676,142.886,-1.711,-0.332,True,0.000,0.000,-1.711,-0.332,1.743,0.000,0.000,0.000,1.063
16:12:31.696,142.906,-1.690,-0.068,True,0.000,0.000,-1.690,-0.068,1.691,0.000,0.000,0.000,0.651
16:12:31.717,142.926,-1.686,-0.788,True,0.000,0.000,-1.686,-0.788,1.861,0.000,0.000,0.000,1.168
16:12:31.737,142.946,-1.694,-0.467,True,0.000,0.000,-1.694,-0.467,1.757,0.000,0.000,0.000,0.744
16:12:31.757,142.966,-1.707,-0.229,True,0.000,0.000,-1.707,-0.229,1.722,0.000,0.000,0.000,0.971
16:12:31.778,142.987,-1.721,-0.067,True,0.000,0.000,-1.721,-0.067,1.722,0.000,0.000,0.000,1.098
16:12:31.798,143.007,-1.734,-0.845,True,0.000,0.000,-1.734,-0.845,1.929,0.000,0.000,0.000,1.226
16:12:31.818,143.027,-2.507,-2.309,True,0.000,0.000,-2.507,-2.309,3.408,0.000,0.000,0.000,1.038
16:12:31.839,143.048,-2.307,-2.472,True,0.000,0.000,-2.307,-2.472,3.381,0.000,0.000,0.000,1.048
16:12:31.859,143.068,-2.129,-5.150,True,0.000,0.000,-2.129,-5.150,5.573,0.000,0.000,0.000,1.095
16:12:31.879,143.089,-3.507,-7.030,True,0.000,0.000,-3.507,-7.030,7.856,0.000,0.000,0.000,0.768
16:12:31.901,143.110,-2.981,-4.717,True,0.000,0.000,-2.981,-4.717,5.580,0.000,0.000,0.000,0.632
16:12:31.921,143.131,-2.537,-3.721,True,0.000,0.000,-2.537,-3.721,4.503,0.000,0.000,0.000,1.066
16:12:31.941,143.150,-2.194,-2.075,True,0.000,0.000,-2.194,-2.075,3.020,0.000,0.000,0.000,0.625
16:12:31.962,143.171,-1.947,-1.772,True,0.000,0.000,-1.947,-1.772,2.633,0.000,0.000,0.000,0.727
16:12:31.983,143.192,-1.786,-0.752,True,0.000,0.000,-1.786,-0.752,1.938,0.000,0.000,0.000,1.149
16:12:32.003,143.212,-2.453,-1.841,True,0.000,0.000,-2.453,-1.841,3.067,0.000,0.000,0.000,0.782
16:12:32.023,143.232,-2.199,-0.967,True,0.000,0.000,-2.199,-0.967,2.402,0.000,0.000,0.000,0.535
16:12:32.044,143.253,-2.003,-0.356,True,0.000,0.000,-2.003,-0.356,2.034,0.000,0.000,0.000,1.053
16:12:32.064,143.273,-1.863,0.034,True,0.000,0.000,-1.863,0.034,1.864,0.000,0.000,0.000,0.976
16:12:32.085,143.294,-1.773,0.252,True,0.000,0.000,-1.773,0.252,1.790,0.000,0.000,0.000,1.256
16:12:32.104,143.313,-1.720,0.346,True,0.000,0.000,-1.720,0.346,1.754,0.000,0.000,0.000,0.620
16:12:32.125,143.334,-1.696,0.359,True,0.000,0.000,-1.696,0.359,1.733,0.000,0.000,0.000,0.765
16:12:32.145,143.354,-1.690,0.323,True,0.000,0.000,-1.690,0.323,1.721,0.000,0.000,0.000,0.807
16:12:32.165,143.375,-1.696,0.265,True,0.000,0.000,-1.696,0.265,1.716,0.000,0.000,0.000,1.045
16:12:32.185,143.395,-1.707,0.200,True,0.000,0.000,-1.707,0.200,1.719,0.000,0.000,0.000,0.767
16:12:32.206,143.415,-3.244,-3.376,True,0.000,0.000,-3.244,-3.376,4.682,0.000,0.000,0.000,1.115
16:12:32.226,143.435,-2.839,-3.341,True,0.000,0.000,-2.839,-3.341,4.384,0.000,0.000,0.000,0.982
16:12:32.247,143.456,-4.003,-6.681,True,0.000,0.000,-4.003,-6.681,7.789,0.000,0.000,0.000,1.132
16:12:32.267,143.476,-3.297,-5.483,True,0.000,0.000,-3.297,-5.483,6.398,0.000,0.000,0.000,1.100
16:12:32.287,143.497,-3.475,-3.513,True,0.000,0.000,-3.475,-3.513,4.942,0.000,0.000,0.000,0.900
16:12:32.308,143.517,-2.821,-2.855,True,0.000,0.000,-2.821,-2.855,4.014,0.000,0.000,0.000,1.136
16:12:32.328,143.537,-2.324,-2.384,True,0.000,0.000,-2.324,-2.384,3.330,0.000,0.000,0.000,1.187
16:12:32.348,143.557,-1.975,-1.196,True,0.000,0.000,-1.975,-1.196,2.309,0.000,0.000,0.000,0.724
16:12:32.368,143.578,-1.752,-0.378,True,0.000,0.000,-1.752,-0.378,1.792,0.000,0.000,0.000,0.862
16:12:32.389,143.598,-1.627,0.132,True,0.000,0.000,-1.627,0.132,1.632,0.000,0.000,0.000,1.008
16:12:32.409,143.619,-1.572,-0.473,True,0.000,0.000,-1.572,-0.473,1.641,0.000,0.000,0.000,0.965
16:12:32.429,143.639,-1.564,-0.123,True,0.000,0.000,-1.564,-0.123,1.568,0.000,0.000,0.000,0.533
16:12:32.450,143.660,-1.583,0.090,True,0.000,0.000,-1.583,0.090,1.586,0.000,0.000,0.000,1.168
16:12:32.471,143.680,-1.616,0.201,True,0.000,0.000,-1.616,0.201,1.628,0.000,0.000,0.000,1.194
16:12:32.491,143.700,-1.652,0.240,True,0.000,0.000,-1.652,0.240,1.669,0.000,0.000,0.000,1.084
16:12:32.512,143.721,-1.686,0.234,True,0.000,0.000,-1.686,0.234,1.702,0.000,0.000,0.000,1.115
16:12:32.532,143.741,-1.715,0.202,True,0.000,0.000,-1.715,0.202,1.727,0.000,0.000,0.000,1.091
16:12:32.552,143.761,-1.738,-0.718,True,0.000,0.000,-1.738,-0.718,1.880,0.000,0.000,0.000,0.777
16:12:32.573,143.782,-1.754,-0.520,True,0.000,0.000,-1.754,-0.520,1.829,0.000,0.000,0.000,1.096
16:12:32.593,143.802,-1.764,-2.103,True,0.000,0.000,-1.764,-2.103,2.745,0.000,0.000,0.000,0.866
16:12:32.613,143.822,-4.055,-5.874,True,0.000,0.000,-4.055,-5.874,7.138,0.000,0.000,0.000,0.543
16:12:32.634,143.843,-3.430,-4.138,True,0.000,0.000,-3.430,-4.138,5.375,0.000,0.000,0.000,0.966
16:12:32.654,143.863,-2.878,-3.538,True,0.000,0.000,-2.878,-3.538,4.560,0.000,0.000,0.000,0.558
16:12:32.675,143.884,-2.431,-2.140,True,0.000,0.000,-2.431,-2.140,3.239,0.000,0.000,0.000,1.086
16:12:32.695,143.904,-2.099,-1.091,True,0.000,0.000,-2.099,-1.091,2.365,0.000,0.000,0.000,1.146
16:12:32.715,143.924,-1.870,0.515,True,0.000,0.000,-1.870,0.515,1.939,0.000,0.000,0.000,0.824
16:12:32.736,143.945,-3.250,-3.665,True,0.000,0.000,-3.250,-3.665,4.898,0.000,0.000,0.000,1.047
16:12:32.756,143.965,-2.755,-2.422,True,0.000,0.000,-2.755,-2.422,3.669,0.000,0.000,0.000,1.076
16:12:32.776,143.985,-2.357,-1.428,True,0.000,0.000,-2.357,-1.428,2.756,0.000,0.000,0.000,0.908
16:12:32.797,144.006,-2.060,-0.693,True,0.000,0.000,-2.060,-0.693,2.173,0.000,0.000,0.000,0.634
16:12:32.817,144.026,-1.856,-0.193,True,0.000,0.000,-1.856,-0.193,1.866,0.000,0.000,0.000,0.616
16:12:32.837,144.046,-1.729,0.115,True,0.000,0.000,-1.729,0.115,1.733,0.000,0.000,0.000,0.544
16:12:32.858,144.067,-1.662,1.155,True,0.000,0.000,-1.662,1.155,2.023,0.000,0.000,0.000,0.587
16:12:32.879,144.088,-1.635,0.094,True,0.000,0.000,-1.635,0.094,1.638,0.000,0.000,0.000,1.150
16:12:32.900,144.109,-2.397,-3.400,True,0.000,0.000,-2.397,-3.400,4.160,0.000,0.000,0.000,1.168
16:12:32.921,144.130,-2.965,-2.435,True,0.000,0.000,-2.965,-2.435,3.837,0.000,0.000,0.000,1.079
16:12:32.941,144.150,-2.594,-1.598,True,0.000,0.000,-2.594,-1.598,3.047,0.000,0.000,0.000,0.984
16:12:32.961,144.170,-2.285,-0.932,True,0.000,0.000,-2.285,-0.932,2.468,0.000,0.000,0.000,1.060
16:12:32.983,144.192,-2.047,-1.321,True,0.000,0.000,-2.047,-1.321,2.437,0.000,0.000,0.000,1.080
16:12:33.003,144.212,-1.879,0.130,True,0.000,0.000,-1.879,0.130,1.883,0.000,0.000,0.000,0.782
16:12:33.023,144.232,-1.770,0.303,True,0.000,0.000,-1.770,0.303,1.795,0.000,0.000,0.000,0.686
16:12:33.044,144.253,-1.707,-0.514,True,0.000,0.000,-1.707,-0.514,1.783,0.000,0.000,0.000,1.024
16:12:33.064,144.273,-1.678,-1.159,True,0.000,0.000,-1.678,-1.159,2.040,0.000,0.000,0.000,0.616
16:12:33.085,144.294,-1.672,-0.751,True,0.000,0.000,-1.672,-0.751,1.833,0.000,0.000,0.000,1.113
16:12:33.105,144.314,-1.680,-0.431,True,0.000,0.000,-1.680,-0.431,1.734,0.000,0.000,0.000,0.868
16:12:33.125,144.335,-1.695,-0.197,True,0.000,0.000,-1.695,-0.197,1.706,0.000,0.000,0.000,1.118
16:12:33.146,144.355,-3.995,-4.435,True,0.000,0.000,-3.995,-4.435,5.969,0.000,0.000,0.000,1.005
16:12:33.167,144.376,-3.384,-3.135,True,0.000,0.000,-3.384,-3.135,4.613,0.000,0.000,0.000,1.001
16:12:33.187,144.396,-5.128,-3.781,True,0.000,0.000,-5.128,-3.781,6.371,0.000,0.000,0.000,1.066
16:12:33.208,144.417,-4.066,-2.426,True,0.000,0.000,-4.066,-2.426,4.735,0.000,0.000,0.000,1.026
16:12:33.228,144.437,-3.189,-1.367,True,0.000,0.000,-3.189,-1.367,3.470,0.000,0.000,0.000,1.018
16:12:33.248,144.457,-3.283,-4.118,True,0.000,0.000,-3.283,-4.118,5.266,0.000,0.000,0.000,0.872
16:12:33.269,144.478,-2.604,-2.646,True,0.000,0.000,-2.604,-2.646,3.713,0.000,0.000,0.000,1.114
16:12:33.289,144.499,-2.119,-1.495,True,0.000,0.000,-2.119,-1.495,2.593,0.000,0.000,0.000,1.041
16:12:33.309,144.519,-1.801,-0.663,True,0.000,0.000,-1.801,-0.663,1.919,0.000,0.000,0.000,0.797
16:12:33.329,144.538,-1.616,-0.990,True,0.000,0.000,-1.616,-0.990,1.895,0.000,0.000,0.000,0.568
16:12:33.350,144.559,-1.528,-0.421,True,0.000,0.000,-1.528,-0.421,1.585,0.000,0.000,0.000,1.349
16:12:33.370,144.580,-3.791,-1.806,True,0.000,0.000,-3.791,-1.806,4.199,0.000,0.000,0.000,1.118
16:12:33.391,144.600,-4.705,-5.499,True,0.000,0.000,-4.705,-5.499,7.237,0.000,0.000,0.000,0.861
16:12:33.411,144.621,-3.772,-3.763,True,0.000,0.000,-3.772,-3.763,5.328,0.000,0.000,0.000,1.077
16:12:33.432,144.641,-4.526,-6.723,True,0.000,0.000,-4.526,-6.723,8.105,0.000,0.000,0.000,1.081
16:12:33.452,144.661,-3.524,-4.424,True,0.000,0.000,-3.524,-4.424,5.656,0.000,0.000,0.000,0.744
16:12:33.472,144.681,-2.746,-2.591,True,0.000,0.000,-2.746,-2.591,3.775,0.000,0.000,0.000,0.554
16:12:33.493,144.702,-2.186,-1.242,True,0.000,0.000,-2.186,-1.242,2.514,0.000,0.000,0.000,0.871
16:12:33.514,144.723,-1.818,-0.326,True,0.000,0.000,-1.818,-0.326,1.847,0.000,0.000,0.000,1.090
16:12:33.533,144.743,-1.603,0.233,True,0.000,0.000,-1.603,0.233,1.620,0.000,0.000,0.000,0.528
16:12:33.554,144.763,-1.500,-0.355,True,0.000,0.000,-1.500,-0.355,1.541,0.000,0.000,0.000,0.962
16:12:33.575,144.784,-1.472,-0.011,True,0.000,0.000,-1.472,-0.011,1.472,0.000,0.000,0.000,1.090
16:12:33.595,144.804,-2.253,0.186,True,0.000,0.000,-2.253,0.186,2.261,0.000,0.000,0.000,0.645
16:12:33.617,144.826,-2.088,0.277,True,0.000,0.000,-2.088,0.277,2.106,0.000,0.000,0.000,1.581
16:12:33.637,144.846,-1.955,0.295,True,0.000,0.000,-1.955,0.295,1.977,0.000,0.000,0.000,0.552
16:12:33.658,144.867,-1.857,0.270,True,0.000,0.000,-1.857,0.270,1.877,0.000,0.000,0.000,1.175
16:12:33.678,144.887,-1.791,0.224,True,0.000,0.000,-1.791,0.224,1.805,0.000,0.000,0.000,0.905
16:12:33.699,144.908,-1.750,0.172,True,0.000,0.000,-1.750,0.172,1.759,0.000,0.000,0.000,1.103
16:12:33.719,144.928,-1.729,-0.758,True,0.000,0.000,-1.729,-0.758,1.888,0.000,0.000,0.000,1.000
16:12:33.739,144.949,-1.721,-0.559,True,0.000,0.000,-1.721,-0.559,1.810,0.000,0.000,0.000,0.972
16:12:33.760,144.969,-2.483,-1.259,True,0.000,0.000,-2.483,-1.259,2.784,0.000,0.000,0.000,1.025
16:12:33.780,144.989,-2.280,-0.871,True,0.000,0.000,-2.280,-0.871,2.441,0.000,0.000,0.000,0.606
16:12:33.801,145.010,-2.865,-0.546,True,0.000,0.000,-2.865,-0.546,2.916,0.000,0.000,0.000,0.629
16:12:33.822,145.031,-2.515,-1.176,True,0.000,0.000,-2.515,-1.176,2.776,0.000,0.000,0.000,1.181
16:12:33.842,145.051,-2.227,-0.758,True,0.000,0.000,-2.227,-0.758,2.353,0.000,0.000,0.000,0.949
16:12:33.863,145.072,-2.770,-0.430,True,0.000,0.000,-2.770,-0.430,2.803,0.000,0.000,0.000,0.955
16:12:33.883,145.092,-2.408,-1.071,True,0.000,0.000,-2.408,-1.071,2.635,0.000,0.000,0.000,1.080
16:12:33.903,145.112,-2.887,-1.551,True,0.000,0.000,-2.887,-1.551,3.277,0.000,0.000,0.000,0.947
16:12:33.924,145.133,-2.475,-1.881,True,0.000,0.000,-2.475,-1.881,3.109,0.000,0.000,0.000,1.049
16:12:33.944,145.153,-2.156,-1.209,True,0.000,0.000,-2.156,-1.209,2.472,0.000,0.000,0.000,0.530
16:12:33.965,145.174,-1.929,-0.683,True,0.000,0.000,-1.929,-0.683,2.046,0.000,0.000,0.000,1.094
16:12:33.985,145.194,-1.780,-2.940,True,0.000,0.000,-1.780,-2.940,3.437,0.000,0.000,0.000,0.513
16:12:34.006,145.215,-1.694,-2.842,True,0.000,0.000,-1.694,-2.842,3.309,0.000,0.000,0.000,1.023
16:12:34.026,145.236,-1.653,-1.813,True,0.000,0.000,-1.653,-1.813,2.453,0.000,0.000,0.000,1.038
16:12:34.047,145.256,-3.927,-2.770,True,0.000,0.000,-3.927,-2.770,4.806,0.000,0.000,0.000,0.931
16:12:34.067,145.276,-3.309,-1.711,True,0.000,0.000,-3.309,-1.711,3.726,0.000,0.000,0.000,1.098
16:12:34.088,145.297,-2.774,-1.785,True,0.000,0.000,-2.774,-1.785,3.299,0.000,0.000,0.000,1.120
16:12:34.108,145.317,-2.351,-1.857,True,0.000,0.000,-2.351,-1.857,2.996,0.000,0.000,0.000,0.623
16:12:34.128,145.337,-2.040,-1.041,True,0.000,0.000,-2.040,-1.041,2.290,0.000,0.000,0.000,0.815
16:12:34.148,145.358,-1.831,-0.453,True,0.000,0.000,-1.831,-0.453,1.886,0.000,0.000,0.000,0.720
16:12:34.169,145.378,-2.466,-3.580,True,0.000,0.000,-2.466,-3.580,4.347,0.000,0.000,0.000,0.511
16:12:34.190,145.399,-4.476,-5.023,True,0.000,0.000,-4.476,-5.023,6.728,0.000,0.000,0.000,1.066
16:12:34.210,145.420,-3.642,-3.337,True,0.000,0.000,-3.642,-3.337,4.940,0.000,0.000,0.000,1.084
16:12:34.230,145.440,-2.945,-2.860,True,0.000,0.000,-2.945,-2.860,4.106,0.000,0.000,0.000,0.847
16:12:34.251,145.460,-2.409,-1.613,True,0.000,0.000,-2.409,-1.613,2.899,0.000,0.000,0.000,1.020
16:12:34.272,145.481,-2.028,-0.712,True,0.000,0.000,-2.028,-0.712,2.149,0.000,0.000,0.000,1.100
16:12:34.292,145.501,-1.780,-0.115,True,0.000,0.000,-1.780,-0.115,1.783,0.000,0.000,0.000,0.567
16:12:34.313,145.522,-1.637,0.238,True,0.000,0.000,-1.637,0.238,1.654,0.000,0.000,0.000,1.089
16:12:34.333,145.542,-1.571,1.290,True,0.000,0.000,-1.571,1.290,2.033,0.000,0.000,0.000,1.176
16:12:34.354,145.563,-1.557,1.098,True,0.000,0.000,-1.557,1.098,1.905,0.000,0.000,0.000,1.036
16:12:34.374,145.583,-3.857,-3.536,True,0.000,0.000,-3.857,-3.536,5.233,0.000,0.000,0.000,0.608
16:12:34.395,145.604,-3.262,-2.567,True,0.000,0.000,-3.262,-2.567,4.151,0.000,0.000,0.000,0.549
16:12:34.415,145.624,-2.746,-1.712,True,0.000,0.000,-2.746,-1.712,3.236,0.000,0.000,0.000,0.527
16:12:34.436,145.645,-2.337,-1.022,True,0.000,0.000,-2.337,-1.022,2.550,0.000,0.000,0.000,0.999
16:12:34.456,145.665,-2.036,-0.508,True,0.000,0.000,-2.036,-0.508,2.098,0.000,0.000,0.000,1.121
16:12:34.476,145.686,-1.833,-1.035,True,0.000,0.000,-1.833,-1.035,2.104,0.000,0.000,0.000,1.257
16:12:34.496,145.705,-1.709,-0.574,True,0.000,0.000,-1.709,-0.574,1.803,0.000,0.000,0.000,0.589
16:12:34.517,145.726,-1.646,-0.244,True,0.000,0.000,-1.646,-0.244,1.664,0.000,0.000,0.000,1.079
16:12:34.538,145.747,-1.624,-0.906,True,0.000,0.000,-1.624,-0.906,1.860,0.000,0.000,0.000,1.165
16:12:34.558,145.767,-2.389,-0.539,True,0.000,0.000,-2.389,-0.539,2.449,0.000,0.000,0.000,1.065
16:12:34.579,145.789,-2.199,-0.265,True,0.000,0.000,-2.199,-0.265,2.215,0.000,0.000,0.000,1.030
16:12:34.600,145.809,-2.040,-0.079,True,0.000,0.000,-2.040,-0.079,2.041,0.000,0.000,0.000,1.060
16:12:34.620,145.829,-1.916,0.037,True,0.000,0.000,-1.916,0.037,1.917,0.000,0.000,0.000,0.795
16:12:34.641,145.850,-1.828,-0.780,True,0.000,0.000,-1.828,-0.780,1.988,0.000,0.000,0.000,0.995
16:12:34.661,145.870,-1.771,-0.516,True,0.000,0.000,-1.771,-0.516,1.844,0.000,0.000,0.000,0.594
16:12:34.681,145.890,-1.738,-1.183,True,0.000,0.000,-1.738,-1.183,2.102,0.000,0.000,0.000,0.590
16:12:34.701,145.910,-2.483,-0.785,True,0.000,0.000,-2.483,-0.785,2.604,0.000,0.000,0.000,0.602
16:12:34.722,145.931,-2.271,-0.466,True,0.000,0.000,-2.271,-0.466,2.318,0.000,0.000,0.000,1.059
16:12:34.742,145.951,-2.090,-0.229,True,0.000,0.000,-2.090,-0.229,2.102,0.000,0.000,0.000,0.641
16:12:34.762,145.971,-1.948,-0.067,True,0.000,0.000,-1.948,-0.067,1.949,0.000,0.000,0.000,0.578
16:12:34.783,145.992,-1.846,0.033,True,0.000,0.000,-1.846,0.033,1.847,0.000,0.000,0.000,0.994
16:12:34.803,146.012,-1.779,0.086,True,0.000,0.000,-1.779,0.086,1.781,0.000,0.000,0.000,0.817
16:12:34.824,146.033,-3.261,-3.409,True,0.000,0.000,-3.261,-3.409,4.718,0.000,0.000,0.000,0.894
16:12:34.844,146.053,-2.824,-2.445,True,0.000,0.000,-2.824,-2.445,3.735,0.000,0.000,0.000,1.031
16:12:34.865,146.074,-2.449,-1.607,True,0.000,0.000,-2.449,-1.607,2.929,0.000,0.000,0.000,1.177
16:12:34.885,146.094,-2.155,-0.939,True,0.000,0.000,-2.155,-0.939,2.351,0.000,0.000,0.000,1.198
16:12:34.905,146.114,-1.942,-0.448,True,0.000,0.000,-1.942,-0.448,1.993,0.000,0.000,0.000,1.170
16:12:34.925,146.135,-1.799,-0.994,True,0.000,0.000,-1.799,-0.994,2.056,0.000,0.000,0.000,0.956
16:12:34.946,146.155,-1.714,-1.429,True,0.000,0.000,-1.714,-1.429,2.232,0.000,0.000,0.000,1.041
16:12:34.966,146.175,-1.672,-0.870,True,0.000,0.000,-1.672,-0.870,1.885,0.000,0.000,0.000,1.132
16:12:34.986,146.195,-1.659,-0.448,True,0.000,0.000,-1.659,-0.448,1.719,0.000,0.000,0.000,0.544
16:12:35.006,146.215,-1.665,-0.155,True,0.000,0.000,-1.665,-0.155,1.672,0.000,0.000,0.000,0.533
16:12:35.027,146.236,-1.680,0.030,True,0.000,0.000,-1.680,0.030,1.680,0.000,0.000,0.000,0.680
16:12:35.047,146.257,-1.698,-0.748,True,0.000,0.000,-1.698,-0.748,1.856,0.000,0.000,0.000,1.020
16:12:35.067,146.276,-1.717,-0.464,True,0.000,0.000,-1.717,-0.464,1.779,0.000,0.000,0.000,0.563
16:12:35.088,146.297,-1.733,-0.247,True,0.000,0.000,-1.733,-0.247,1.751,0.000,0.000,0.000,1.037
16:12:35.109,146.318,-2.508,-0.095,True,0.000,0.000,-2.508,-0.095,2.510,0.000,0.000,0.000,0.915
16:12:35.129,146.338,-2.309,0.003,True,0.000,0.000,-2.309,0.003,2.309,0.000,0.000,0.000,1.088
16:12:35.150,146.359,-2.131,-0.821,True,0.000,0.000,-2.131,-0.821,2.283,0.000,0.000,0.000,1.250
16:12:35.170,146.379,-1.986,-0.555,True,0.000,0.000,-1.986,-0.555,2.062,0.000,0.000,0.000,1.114
16:12:35.190,146.399,-1.878,-0.337,True,0.000,0.000,-1.878,-0.337,1.908,0.000,0.000,0.000,0.556
16:12:35.210,146.420,-1.803,-0.174,True,0.000,0.000,-1.803,-0.174,1.812,0.000,0.000,0.000,1.057
16:12:35.231,146.440,-1.756,-0.939,True,0.000,0.000,-1.756,-0.939,1.991,0.000,0.000,0.000,1.071
16:12:35.253,146.462,-1.730,-0.626,True,0.000,0.000,-1.730,-0.626,1.840,0.000,0.000,0.000,1.228
16:12:35.273,146.482,-1.720,-1.252,True,0.000,0.000,-1.720,-1.252,2.128,0.000,0.000,0.000,1.110
16:12:35.293,146.502,-1.720,-4.339,True,0.000,0.000,-1.720,-4.339,4.667,0.000,0.000,0.000,0.527
16:12:35.313,146.523,-1.725,-3.910,True,0.000,0.000,-1.725,-3.910,4.274,0.000,0.000,0.000,0.741
16:12:35.334,146.543,-1.733,-2.566,True,0.000,0.000,-1.733,-2.566,3.096,0.000,0.000,0.000,0.912
16:12:35.355,146.564,-1.741,-2.375,True,0.000,0.000,-1.741,-2.375,2.945,0.000,0.000,0.000,0.842
16:12:35.375,146.584,-1.749,-1.348,True,0.000,0.000,-1.749,-1.348,2.208,0.000,0.000,0.000,1.037
16:12:35.396,146.605,-1.755,-0.604,True,0.000,0.000,-1.755,-0.604,1.856,0.000,0.000,0.000,1.175
16:12:35.416,146.626,-1.760,-0.988,True,0.000,0.000,-1.760,-0.988,2.018,0.000,0.000,0.000,1.147
16:12:35.436,146.646,-1.764,-0.452,True,0.000,0.000,-1.764,-0.452,1.821,0.000,0.000,0.000,0.976
16:12:35.457,146.666,-4.811,-2.730,True,0.000,0.000,-4.811,-2.730,5.532,0.000,0.000,0.000,0.758
16:12:35.477,146.686,-3.976,-1.791,True,0.000,0.000,-3.976,-1.791,4.361,0.000,0.000,0.000,1.024
16:12:35.497,146.706,-3.239,-1.923,True,0.000,0.000,-3.239,-1.923,3.767,0.000,0.000,0.000,0.966
16:12:35.517,146.727,-2.645,-1.133,True,0.000,0.000,-2.645,-1.133,2.877,0.000,0.000,0.000,1.073
16:12:35.538,146.747,-2.202,-0.549,True,0.000,0.000,-2.202,-0.549,2.270,0.000,0.000,0.000,0.872
16:12:35.558,146.767,-1.899,-3.668,True,0.000,0.000,-1.899,-3.668,4.130,0.000,0.000,0.000,0.510
16:12:35.579,146.788,-1.711,-2.458,True,0.000,0.000,-1.711,-2.458,2.995,0.000,0.000,0.000,0.980
16:12:35.599,146.808,-1.610,-1.479,True,0.000,0.000,-1.610,-1.479,2.186,0.000,0.000,0.000,1.076
16:12:35.619,146.828,-2.333,-2.504,True,0.000,0.000,-2.333,-2.504,3.422,0.000,0.000,0.000,0.780
16:12:35.639,146.848,-2.125,-1.516,True,0.000,0.000,-2.125,-1.516,2.610,0.000,0.000,0.000,0.637
16:12:35.660,146.869,-1.964,-0.774,True,0.000,0.000,-1.964,-0.774,2.111,0.000,0.000,0.000,0.982
16:12:35.680,146.889,-1.849,-0.260,True,0.000,0.000,-1.849,-0.260,1.867,0.000,0.000,0.000,0.867
16:12:35.700,146.909,-2.535,-0.816,True,0.000,0.000,-2.535,-0.816,2.663,0.000,0.000,0.000,0.562
16:12:35.720,146.929,-2.282,-1.277,True,0.000,0.000,-2.282,-1.277,2.615,0.000,0.000,0.000,0.785
16:12:35.741,146.950,-2.838,-1.630,True,0.000,0.000,-2.838,-1.630,3.273,0.000,0.000,0.000,0.959
16:12:35.762,146.971,-2.476,-1.879,True,0.000,0.000,-2.476,-1.879,3.108,0.000,0.000,0.000,0.645
16:12:35.782,146.992,-2.185,-2.039,True,0.000,0.000,-2.185,-2.039,2.989,0.000,0.000,0.000,0.651
16:12:35.803,147.012,-1.970,-2.131,True,0.000,0.000,-1.970,-2.131,2.902,0.000,0.000,0.000,0.985
16:12:35.824,147.033,-1.824,-1.293,True,0.000,0.000,-1.824,-1.293,2.235,0.000,0.000,0.000,0.950
16:12:35.845,147.054,-1.733,-0.663,True,0.000,0.000,-1.733,-0.663,1.856,0.000,0.000,0.000,0.969
16:12:35.866,147.075,-1.686,-1.105,True,0.000,0.000,-1.686,-1.105,2.016,0.000,0.000,0.000,1.548
16:12:35.885,147.094,-2.430,-0.588,True,0.000,0.000,-2.430,-0.588,2.500,0.000,0.000,0.000,0.606
16:12:35.906,147.115,-2.222,-0.224,True,0.000,0.000,-2.222,-0.224,2.234,0.000,0.000,0.000,0.555
16:12:35.927,147.136,-2.050,0.009,True,0.000,0.000,-2.050,0.009,2.050,0.000,0.000,0.000,1.024
16:12:35.947,147.156,-1.918,0.141,True,0.000,0.000,-1.918,0.141,1.924,0.000,0.000,0.000,1.138
16:12:35.967,147.176,-3.348,-1.559,True,0.000,0.000,-3.348,-1.559,3.693,0.000,0.000,0.000,0.569
16:12:35.988,147.197,-2.870,-1.945,True,0.000,0.000,-2.870,-1.945,3.467,0.000,0.000,0.000,0.869
16:12:36.008,147.217,-2.467,-0.419,True,0.000,0.000,-2.467,-0.419,2.502,0.000,0.000,0.000,0.543
16:12:36.029,147.238,-2.155,0.741,True,0.000,0.000,-2.155,0.741,2.279,0.000,0.000,0.000,1.086
16:12:36.049,147.258,-1.931,0.676,True,0.000,0.000,-1.931,0.676,2.046,0.000,0.000,0.000,1.106
16:12:36.070,147.279,-1.784,-0.320,True,0.000,0.000,-1.784,-0.320,1.812,0.000,0.000,0.000,1.015
16:12:36.091,147.300,-1.698,-0.212,True,0.000,0.000,-1.698,-0.212,1.711,0.000,0.000,0.000,1.126
16:12:36.110,147.320,-1.657,-0.125,True,0.000,0.000,-1.657,-0.125,1.662,0.000,0.000,0.000,0.695
16:12:36.131,147.340,-1.647,-0.940,True,0.000,0.000,-1.647,-0.940,1.896,0.000,0.000,0.000,0.967
16:12:36.152,147.361,-2.417,-4.170,True,0.000,0.000,-2.417,-4.170,4.820,0.000,0.000,0.000,1.537
16:12:36.172,147.381,-2.225,-2.965,True,0.000,0.000,-2.225,-2.965,3.707,0.000,0.000,0.000,1.082
16:12:36.193,147.402,-2.062,-1.927,True,0.000,0.000,-2.062,-1.927,2.823,0.000,0.000,0.000,1.120
16:12:36.213,147.422,-2.695,-2.866,True,0.000,0.000,-2.695,-2.866,3.935,0.000,0.000,0.000,0.591
16:12:36.233,147.442,-2.393,-0.908,True,0.000,0.000,-2.393,-0.908,2.560,0.000,0.000,0.000,0.874
16:12:36.253,147.462,-2.147,-0.323,True,0.000,0.000,-2.147,-0.323,2.171,0.000,0.000,0.000,0.732
16:12:36.274,147.483,-1.962,0.048,True,0.000,0.000,-1.962,0.048,1.963,0.000,0.000,0.000,0.998
16:12:36.294,147.503,-2.595,0.254,True,0.000,0.000,-2.595,0.254,2.607,0.000,0.000,0.000,0.615
16:12:36.314,147.523,-3.066,-0.538,True,0.000,0.000,-3.066,-0.538,3.113,0.000,0.000,0.000,0.506
16:12:36.334,147.543,-2.628,-0.288,True,0.000,0.000,-2.628,-0.288,2.643,0.000,0.000,0.000,0.898
16:12:36.354,147.564,-2.276,-0.112,True,0.000,0.000,-2.276,-0.112,2.279,0.000,0.000,0.000,0.869
16:12:36.375,147.584,-2.016,-1.756,True,0.000,0.000,-2.016,-1.756,2.673,0.000,0.000,0.000,1.143
16:12:36.395,147.605,-1.838,-0.330,True,0.000,0.000,-1.838,-0.330,1.867,0.000,0.000,0.000,0.821
16:12:36.417,147.626,-1.728,-0.116,True,0.000,0.000,-1.728,-0.116,1.732,0.000,0.000,0.000,1.063
16:12:36.437,147.647,-2.432,-3.497,True,0.000,0.000,-2.432,-3.497,4.259,0.000,0.000,0.000,0.989
16:12:36.458,147.667,-2.201,-3.336,True,0.000,0.000,-2.201,-3.336,3.996,0.000,0.000,0.000,1.000
16:12:36.478,147.688,-2.018,-2.211,True,0.000,0.000,-2.018,-2.211,2.994,0.000,0.000,0.000,1.001
16:12:36.499,147.708,-3.407,-5.704,True,0.000,0.000,-3.407,-5.704,6.644,0.000,0.000,0.000,0.882
16:12:36.519,147.728,-2.898,-3.828,True,0.000,0.000,-2.898,-3.828,4.802,0.000,0.000,0.000,0.980
16:12:36.539,147.749,-3.998,-5.823,True,0.000,0.000,-3.998,-5.823,7.063,0.000,0.000,0.000,1.103
16:12:36.560,147.769,-3.254,-3.719,True,0.000,0.000,-3.254,-3.719,4.942,0.000,0.000,0.000,1.085
16:12:36.580,147.790,-2.655,-2.080,True,0.000,0.000,-2.655,-2.080,3.373,0.000,0.000,0.000,1.184
16:12:36.601,147.810,-2.208,-0.902,True,0.000,0.000,-2.208,-0.902,2.385,0.000,0.000,0.000,1.129
16:12:36.621,147.830,-1.902,0.755,True,0.000,0.000,-1.902,0.755,2.046,0.000,0.000,0.000,1.053
16:12:36.641,147.850,-1.712,0.970,True,0.000,0.000,-1.712,0.970,1.967,0.000,0.000,0.000,0.660
16:12:36.662,147.871,-1.610,0.978,True,0.000,0.000,-1.610,0.978,1.883,0.000,0.000,0.000,1.091
16:12:36.684,147.893,-1.570,0.866,True,0.000,0.000,-1.570,0.866,1.793,0.000,0.000,0.000,1.078
16:12:36.704,147.913,-1.571,0.700,True,0.000,0.000,-1.571,0.700,1.720,0.000,0.000,0.000,1.083
16:12:36.725,147.934,-3.878,-3.872,True,0.000,0.000,-3.878,-3.872,5.481,0.000,0.000,0.000,1.213
16:12:36.745,147.954,-3.285,-3.707,True,0.000,0.000,-3.285,-3.707,4.953,0.000,0.000,0.000,1.201
16:12:36.765,147.974,-2.767,-2.537,True,0.000,0.000,-2.767,-2.537,3.754,0.000,0.000,0.000,0.623
16:12:36.786,147.995,-2.354,-1.570,True,0.000,0.000,-2.354,-1.570,2.829,0.000,0.000,0.000,1.039
16:12:36.806,148.015,-2.049,-0.833,True,0.000,0.000,-2.049,-0.833,2.212,0.000,0.000,0.000,1.045
16:12:36.827,148.036,-1.842,-1.195,True,0.000,0.000,-1.842,-1.195,2.195,0.000,0.000,0.000,1.215
16:12:36.846,148.055,-1.715,-0.621,True,0.000,0.000,-1.715,-0.621,1.824,0.000,0.000,0.000,0.614
16:12:36.867,148.076,-1.649,-1.100,True,0.000,0.000,-1.649,-1.100,1.982,0.000,0.000,0.000,1.156
16:12:36.888,148.097,-3.148,-5.000,True,0.000,0.000,-3.148,-5.000,5.908,0.000,0.000,0.000,1.066
16:12:36.908,148.117,-2.733,-6.955,True,0.000,0.000,-2.733,-6.955,7.473,0.000,0.000,0.000,0.988
16:12:36.928,148.137,-4.666,-9.088,True,0.000,0.000,-4.666,-9.088,10.216,0.000,0.000,0.000,0.669
16:12:36.948,148.158,-3.766,-6.039,True,0.000,0.000,-3.766,-6.039,7.117,0.000,0.000,0.000,0.804
16:12:36.969,148.178,-3.017,-3.587,True,0.000,0.000,-3.017,-3.587,4.687,0.000,0.000,0.000,1.125
16:12:36.990,148.199,-2.442,-1.767,True,0.000,0.000,-2.442,-1.767,3.015,0.000,0.000,0.000,0.884
16:12:37.010,148.219,-2.035,-1.401,True,0.000,0.000,-2.035,-1.401,2.471,0.000,0.000,0.000,0.729
16:12:37.030,148.239,-1.772,-0.390,True,0.000,0.000,-1.772,-0.390,1.814,0.000,0.000,0.000,0.714
16:12:37.051,148.260,-1.621,-0.647,True,0.000,0.000,-1.621,-0.647,1.745,0.000,0.000,0.000,1.115
16:12:37.071,148.280,-1.553,-0.079,True,0.000,0.000,-1.553,-0.079,1.555,0.000,0.000,0.000,0.850
16:12:37.093,148.302,-1.367,0.444,True,0.000,0.000,-1.367,0.444,1.437,0.000,0.000,0.000,1.146
16:12:37.114,148.323,-1.510,-0.725,True,0.000,0.000,-1.510,-0.725,1.675,0.000,0.000,0.000,1.090
16:12:37.134,148.343,-1.581,-1.310,True,0.000,0.000,-1.581,-1.310,2.053,0.000,0.000,0.000,1.020
16:12:37.155,148.364,-1.631,0.155,True,0.000,0.000,-1.631,0.155,1.639,0.000,0.000,0.000,1.003
16:12:37.175,148.384,-1.672,-0.616,True,0.000,0.000,-1.672,-0.616,1.782,0.000,0.000,0.000,0.699
16:12:37.197,148.406,-1.706,-0.332,True,0.000,0.000,-1.706,-0.332,1.738,0.000,0.000,0.000,1.183
16:12:37.217,148.426,-1.732,-1.010,True,0.000,0.000,-1.732,-1.010,2.005,0.000,0.000,0.000,1.001
16:12:37.237,148.446,-1.751,-0.639,True,0.000,0.000,-1.751,-0.639,1.864,0.000,0.000,0.000,1.126
16:12:37.257,148.466,-1.763,-0.351,True,0.000,0.000,-1.763,-0.351,1.798,0.000,0.000,0.000,0.516
16:12:37.277,148.487,-1.771,-0.146,True,0.000,0.000,-1.771,-0.146,1.777,0.000,0.000,0.000,0.620
16:12:37.298,148.507,-1.774,-0.012,True,0.000,0.000,-1.774,-0.012,1.775,0.000,0.000,0.000,0.675
16:12:37.318,148.527,-1.775,-0.814,True,0.000,0.000,-1.775,-0.814,1.953,0.000,0.000,0.000,0.545
16:12:37.338,148.547,-2.537,0.343,True,0.000,0.000,-2.537,0.343,2.560,0.000,0.000,0.000,0.795
16:12:37.359,148.568,-2.326,-0.556,True,0.000,0.000,-2.326,-0.556,2.391,0.000,0.000,0.000,0.648
16:12:37.379,148.588,-2.140,-0.364,True,0.000,0.000,-2.140,-0.364,2.170,0.000,0.000,0.000,0.791
16:12:37.403,148.612,-1.989,-0.212,True,0.000,0.000,-1.989,-0.212,2.001,0.000,0.000,0.000,1.204
16:12:37.423,148.633,-1.877,-0.100,True,0.000,0.000,-1.877,-0.100,1.880,0.000,0.000,0.000,0.853
16:12:37.444,148.653,-1.800,-0.024,True,0.000,0.000,-1.800,-0.024,1.801,0.000,0.000,0.000,1.046
16:12:37.464,148.673,-1.753,0.021,True,0.000,0.000,-1.753,0.021,1.753,0.000,0.000,0.000,1.049
16:12:37.484,148.694,-1.727,-0.834,True,0.000,0.000,-1.727,-0.834,1.918,0.000,0.000,0.000,0.886
16:12:37.505,148.714,-1.717,-0.585,True,0.000,0.000,-1.717,-0.585,1.814,0.000,0.000,0.000,1.166
16:12:37.526,148.735,-1.717,-0.373,True,0.000,0.000,-1.717,-0.373,1.757,0.000,0.000,0.000,1.122
16:12:37.546,148.755,-1.723,-0.209,True,0.000,0.000,-1.723,-0.209,1.736,0.000,0.000,0.000,1.107
16:12:37.566,148.775,-1.731,0.788,True,0.000,0.000,-1.731,0.788,1.902,0.000,0.000,0.000,0.716
16:12:37.587,148.796,-1.740,-2.891,True,0.000,0.000,-1.740,-2.891,3.374,0.000,0.000,0.000,0.981
16:12:37.607,148.817,-1.748,-2.092,True,0.000,0.000,-1.748,-2.092,2.726,0.000,0.000,0.000,1.253
16:12:37.627,148.837,-1.755,-1.390,True,0.000,0.000,-1.755,-1.390,2.239,0.000,0.000,0.000,1.000
16:12:37.647,148.857,-1.760,-0.825,True,0.000,0.000,-1.760,-0.825,1.944,0.000,0.000,0.000,0.574
16:12:37.668,148.878,-1.764,-0.406,True,0.000,0.000,-1.764,-0.406,1.810,0.000,0.000,0.000,1.027
16:12:37.689,148.898,-2.527,-0.120,True,0.000,0.000,-2.527,-0.120,2.530,0.000,0.000,0.000,1.127
16:12:37.710,148.919,-2.319,0.057,True,0.000,0.000,-2.319,0.057,2.320,0.000,0.000,0.000,0.826
16:12:37.730,148.940,-2.136,-0.727,True,0.000,0.000,-2.136,-0.727,2.256,0.000,0.000,0.000,1.075
16:12:37.751,148.960,-1.987,-1.329,True,0.000,0.000,-1.987,-1.329,2.391,0.000,0.000,0.000,0.955
16:12:37.771,148.981,-1.876,-0.877,True,0.000,0.000,-1.876,-0.877,2.071,0.000,0.000,0.000,0.898
16:12:37.792,149.001,-4.846,-3.152,True,0.000,0.000,-4.846,-3.152,5.781,0.000,0.000,0.000,1.101
16:12:37.812,149.021,-4.723,-2.162,True,0.000,0.000,-4.723,-2.162,5.194,0.000,0.000,0.000,0.737
16:12:37.833,149.042,-3.751,-1.342,True,0.000,0.000,-3.751,-1.342,3.984,0.000,0.000,0.000,1.088
16:12:37.854,149.063,-2.962,-0.716,True,0.000,0.000,-2.962,-0.716,3.048,0.000,0.000,0.000,1.073
16:12:37.874,149.083,-2.372,-0.275,True,0.000,0.000,-2.372,-0.275,2.388,0.000,0.000,0.000,0.631
16:12:37.894,149.104,-1.964,-0.871,True,0.000,0.000,-1.964,-0.871,2.148,0.000,0.000,0.000,0.933
16:12:37.915,149.124,-1.708,-0.469,True,0.000,0.000,-1.708,-0.469,1.772,0.000,0.000,0.000,1.088
16:12:37.936,149.145,-1.570,-0.185,True,0.000,0.000,-1.570,-0.185,1.581,0.000,0.000,0.000,0.839
16:12:37.956,149.165,-1.514,-0.880,True,0.000,0.000,-1.514,-0.880,1.752,0.000,0.000,0.000,0.988
16:12:37.976,149.185,-1.513,-0.534,True,0.000,0.000,-1.513,-0.534,1.604,0.000,0.000,0.000,1.045
16:12:37.996,149.206,-1.542,-0.274,True,0.000,0.000,-1.542,-0.274,1.566,0.000,0.000,0.000,1.035
16:12:38.017,149.226,-1.585,-0.973,True,0.000,0.000,-1.585,-0.973,1.859,0.000,0.000,0.000,0.812
16:12:38.037,149.246,-1.631,-1.496,True,0.000,0.000,-1.631,-1.496,2.213,0.000,0.000,0.000,0.923
16:12:38.057,149.266,-1.673,-0.980,True,0.000,0.000,-1.673,-0.980,1.939,0.000,0.000,0.000,0.682
16:12:38.077,149.286,-1.708,0.309,True,0.000,0.000,-1.708,0.309,1.736,0.000,0.000,0.000,0.683
16:12:38.098,149.307,-1.735,-0.510,True,0.000,0.000,-1.735,-0.510,1.808,0.000,0.000,0.000,1.094
16:12:38.118,149.327,-1.754,-0.279,True,0.000,0.000,-1.754,-0.279,1.776,0.000,0.000,0.000,0.975
16:12:38.139,149.348,-1.766,-0.114,True,0.000,0.000,-1.766,-0.114,1.770,0.000,0.000,0.000,0.954
16:12:38.159,149.368,-1.773,-0.007,True,0.000,0.000,-1.773,-0.007,1.773,0.000,0.000,0.000,0.865
16:12:38.179,149.388,-2.537,0.055,True,0.000,0.000,-2.537,0.055,2.538,0.000,0.000,0.000,0.539
16:12:38.200,149.409,-2.329,-0.795,True,0.000,0.000,-2.329,-0.795,2.461,0.000,0.000,0.000,1.062
16:12:38.219,149.429,-2.143,-0.547,True,0.000,0.000,-2.143,-0.547,2.212,0.000,0.000,0.000,0.561
16:12:38.240,149.449,-1.993,-0.342,True,0.000,0.000,-1.993,-0.342,2.022,0.000,0.000,0.000,0.546
16:12:38.260,149.469,-1.881,0.695,True,0.000,0.000,-1.881,0.695,2.005,0.000,0.000,0.000,0.620
16:12:38.281,149.490,-1.803,0.565,True,0.000,0.000,-1.803,0.565,1.890,0.000,0.000,0.000,0.532
16:12:38.301,149.510,-1.755,0.424,True,0.000,0.000,-1.755,0.424,1.805,0.000,0.000,0.000,1.009
16:12:38.321,149.530,-1.728,0.294,True,0.000,0.000,-1.728,0.294,1.753,0.000,0.000,0.000,0.792
16:12:38.341,149.551,-1.718,0.185,True,0.000,0.000,-1.718,0.185,1.728,0.000,0.000,0.000,0.995
16:12:38.362,149.571,-1.717,0.101,True,0.000,0.000,-1.717,0.101,1.720,0.000,0.000,0.000,0.592
16:12:38.383,149.592,-1.723,-0.838,True,0.000,0.000,-1.723,-0.838,1.916,0.000,0.000,0.000,0.893
16:12:38.403,149.612,-1.731,-0.635,True,0.000,0.000,-1.731,-0.635,1.844,0.000,0.000,0.000,0.954
16:12:38.424,149.633,-1.740,-0.445,True,0.000,0.000,-1.740,-0.445,1.796,0.000,0.000,0.000,1.145
16:12:38.444,149.653,-1.748,-0.284,True,0.000,0.000,-1.748,-0.284,1.771,0.000,0.000,0.000,0.723
16:12:38.465,149.674,-1.755,-1.037,True,0.000,0.000,-1.755,-1.037,2.038,0.000,0.000,0.000,1.175
16:12:38.485,149.694,-2.521,-1.585,True,0.000,0.000,-2.521,-1.585,2.978,0.000,0.000,0.000,0.701
16:12:38.505,149.714,-3.077,-1.071,True,0.000,0.000,-3.077,-1.071,3.258,0.000,0.000,0.000,0.643
16:12:38.526,149.736,-2.686,-1.531,True,0.000,0.000,-2.686,-1.531,3.091,0.000,0.000,0.000,1.333
16:12:38.547,149.756,-2.354,-0.095,True,0.000,0.000,-2.354,-0.095,2.356,0.000,0.000,0.000,1.044
16:12:38.567,149.776,-2.096,-0.782,True,0.000,0.000,-2.096,-0.782,2.237,0.000,0.000,0.000,0.921
16:12:38.587,149.796,-2.671,-0.444,True,0.000,0.000,-2.671,-0.444,2.707,0.000,0.000,0.000,1.000
16:12:38.607,149.817,-2.339,-0.199,True,0.000,0.000,-2.339,-0.199,2.347,0.000,0.000,0.000,1.105
16:12:38.628,149.837,-2.082,-0.035,True,0.000,0.000,-2.082,-0.035,2.082,0.000,0.000,0.000,1.128
16:12:38.648,149.857,-1.898,-0.817,True,0.000,0.000,-1.898,-0.817,2.067,0.000,0.000,0.000,0.946
16:12:38.668,149.877,-1.778,-0.528,True,0.000,0.000,-1.778,-0.528,1.855,0.000,0.000,0.000,0.548
16:12:38.689,149.898,-1.708,-0.301,True,0.000,0.000,-1.708,-0.301,1.735,0.000,0.000,0.000,1.109
16:12:38.709,149.918,-1.675,-0.136,True,0.000,0.000,-1.675,-0.136,1.681,0.000,0.000,0.000,0.847
16:12:38.730,149.939,-1.667,-0.026,True,0.000,0.000,-1.667,-0.026,1.668,0.000,0.000,0.000,0.884
16:12:38.751,149.960,-1.675,0.040,True,0.000,0.000,-1.675,0.040,1.675,0.000,0.000,0.000,0.952
16:12:38.771,149.980,-2.451,-1.686,True,0.000,0.000,-2.451,-1.686,2.974,0.000,0.000,0.000,1.044
16:12:38.791,150.000,-2.259,-1.193,True,0.000,0.000,-2.259,-1.193,2.555,0.000,0.000,0.000,0.888
16:12:38.812,150.021,-2.339,-1.355,True,0.000,0.000,-2.339,-1.355,2.703,0.000,0.000,0.000,0.998
16:12:38.832,150.041,-2.051,-0.663,True,0.000,0.000,-2.051,-0.663,2.155,0.000,0.000,0.000,0.937
16:12:38.852,150.062,-3.616,-5.251,True,0.000,0.000,-3.616,-5.251,6.376,0.000,0.000,0.000,0.741
16:12:38.874,150.083,-3.789,-4.418,True,0.000,0.000,-3.789,-4.418,5.820,0.000,0.000,0.000,1.025
16:12:38.894,150.104,-3.093,-2.836,True,0.000,0.000,-3.093,-2.836,4.196,0.000,0.000,0.000,0.633
16:12:38.915,150.124,-2.551,-1.624,True,0.000,0.000,-2.551,-1.624,3.024,0.000,0.000,0.000,0.528
16:12:38.935,150.145,-2.150,-0.744,True,0.000,0.000,-2.150,-0.744,2.275,0.000,0.000,0.000,0.723
16:12:38.956,150.165,-2.639,-0.155,True,0.000,0.000,-2.639,-0.155,2.644,0.000,0.000,0.000,1.103
16:12:38.976,150.186,-2.261,-0.682,True,0.000,0.000,-2.261,-0.682,2.362,0.000,0.000,0.000,0.986
16:12:38.997,150.206,-2.750,-3.786,True,0.000,0.000,-2.750,-3.786,4.679,0.000,0.000,0.000,1.148
16:12:39.017,150.226,-2.358,-3.427,True,0.000,0.000,-2.358,-3.427,4.160,0.000,0.000,0.000,1.054
16:12:39.037,150.247,-2.065,-2.179,True,0.000,0.000,-2.065,-2.179,3.002,0.000,0.000,0.000,1.071
16:12:39.057,150.267,-1.863,-1.211,True,0.000,0.000,-1.863,-1.211,2.222,0.000,0.000,0.000,0.952
16:12:39.078,150.287,-1.737,-0.517,True,0.000,0.000,-1.737,-0.517,1.812,0.000,0.000,0.000,0.803
16:12:39.098,150.307,-1.668,0.818,True,0.000,0.000,-1.668,0.818,1.858,0.000,0.000,0.000,1.064
16:12:39.118,150.328,-1.641,0.843,True,0.000,0.000,-1.641,0.843,1.845,0.000,0.000,0.000,0.605
16:12:39.139,150.348,-1.640,0.757,True,0.000,0.000,-1.640,0.757,1.807,0.000,0.000,0.000,0.868
16:12:39.159,150.369,-2.416,-1.139,True,0.000,0.000,-2.416,-1.139,2.671,0.000,0.000,0.000,1.037
16:12:39.180,150.389,-2.228,-0.808,True,0.000,0.000,-2.228,-0.808,2.370,0.000,0.000,0.000,0.936
16:12:39.201,150.410,-2.067,-1.403,True,0.000,0.000,-2.067,-1.403,2.498,0.000,0.000,0.000,1.132
16:12:39.221,150.431,-1.939,-0.938,True,0.000,0.000,-1.939,-0.938,2.154,0.000,0.000,0.000,1.128
16:12:39.242,150.451,-4.130,-4.078,True,0.000,0.000,-4.130,-4.078,5.804,0.000,0.000,0.000,1.140
16:12:39.262,150.472,-3.440,-2.832,True,0.000,0.000,-3.440,-2.832,4.456,0.000,0.000,0.000,1.294
16:12:39.283,150.492,-2.849,-1.787,True,0.000,0.000,-2.849,-1.787,3.363,0.000,0.000,0.000,0.966
16:12:39.303,150.512,-3.146,-0.981,True,0.000,0.000,-3.146,-0.981,3.295,0.000,0.000,0.000,1.185
16:12:39.323,150.532,-5.644,-2.164,True,0.000,0.000,-5.644,-2.164,6.045,0.000,0.000,0.000,0.854
16:12:39.344,150.553,-4.398,-1.306,True,0.000,0.000,-4.398,-1.306,4.588,0.000,0.000,0.000,1.015
16:12:39.364,150.573,-3.377,-0.663,True,0.000,0.000,-3.377,-0.663,3.441,0.000,0.000,0.000,0.697
16:12:39.384,150.593,-2.605,-0.218,True,0.000,0.000,-2.605,-0.218,2.614,0.000,0.000,0.000,1.082
16:12:39.404,150.614,-2.066,-0.818,True,0.000,0.000,-2.066,-0.818,2.222,0.000,0.000,0.000,0.810
16:12:39.425,150.634,-1.724,-0.426,True,0.000,0.000,-1.724,-0.426,1.776,0.000,0.000,0.000,1.131
16:12:39.446,150.655,-1.534,1.606,True,0.000,0.000,-1.534,1.606,2.221,0.000,0.000,0.000,1.008
16:12:39.466,150.675,-1.454,1.297,True,0.000,0.000,-1.454,1.297,1.948,0.000,0.000,0.000,0.995
16:12:39.487,150.696,-1.445,1.846,True,0.000,0.000,-1.445,1.846,2.345,0.000,0.000,0.000,0.877
16:12:39.507,150.716,-1.478,0.424,True,0.000,0.000,-1.478,0.424,1.538,0.000,0.000,0.000,0.528
16:12:39.527,150.736,-2.293,-0.677,True,0.000,0.000,-2.293,-0.677,2.391,0.000,0.000,0.000,0.622
16:12:39.548,150.758,-2.141,-1.465,True,0.000,0.000,-2.141,-1.465,2.595,0.000,0.000,0.000,1.162
16:12:39.569,150.778,-2.011,-1.982,True,0.000,0.000,-2.011,-1.982,2.823,0.000,0.000,0.000,0.903
16:12:39.589,150.798,-1.908,-4.040,True,0.000,0.000,-1.908,-4.040,4.467,0.000,0.000,0.000,1.195
16:12:39.609,150.819,-1.832,-2.820,True,0.000,0.000,-1.832,-2.820,3.363,0.000,0.000,0.000,1.192
16:12:39.629,150.839,-1.781,-1.792,True,0.000,0.000,-1.781,-1.792,2.526,0.000,0.000,0.000,0.632
16:12:39.650,150.860,-1.750,-0.994,True,0.000,0.000,-1.750,-0.994,2.013,0.000,0.000,0.000,1.090
16:12:39.671,150.880,-1.735,-0.423,True,0.000,0.000,-1.735,-0.423,1.785,0.000,0.000,0.000,1.080
16:12:39.691,150.900,-1.730,-0.047,True,0.000,0.000,-1.730,-0.047,1.730,0.000,0.000,0.000,1.064
16:12:39.711,150.920,-1.731,0.172,True,0.000,0.000,-1.731,0.172,1.739,0.000,0.000,0.000,0.611
16:12:39.732,150.941,-1.736,0.276,True,0.000,0.000,-1.736,0.276,1.758,0.000,0.000,0.000,0.925
16:12:39.753,150.962,-1.742,0.303,True,0.000,0.000,-1.742,0.303,1.768,0.000,0.000,0.000,1.146
16:12:39.773,150.982,-1.749,0.282,True,0.000,0.000,-1.749,0.282,1.771,0.000,0.000,0.000,1.012
16:12:39.794,151.003,-1.754,0.237,True,0.000,0.000,-1.754,0.237,1.770,0.000,0.000,0.000,0.658
16:12:39.814,151.023,-1.759,0.183,True,0.000,0.000,-1.759,0.183,1.768,0.000,0.000,0.000,0.641
16:12:39.836,151.045,-1.762,0.130,True,0.000,0.000,-1.762,0.130,1.767,0.000,0.000,0.000,1.114
16:12:39.856,151.065,-1.765,0.085,True,0.000,0.000,-1.765,0.085,1.767,0.000,0.000,0.000,0.502
16:12:39.876,151.085,-1.766,0.049,True,0.000,0.000,-1.766,0.049,1.767,0.000,0.000,0.000,0.958
16:12:39.896,151.105,-1.767,-3.492,True,0.000,0.000,-1.767,-3.492,3.914,0.000,0.000,0.000,0.805
16:12:39.917,151.126,-2.529,-3.423,True,0.000,0.000,-2.529,-3.423,4.256,0.000,0.000,0.000,1.060
16:12:39.937,151.146,-4.604,-5.857,True,0.000,0.000,-4.604,-5.857,7.449,0.000,0.000,0.000,1.023
16:12:39.957,151.167,-3.792,-3.998,True,0.000,0.000,-3.792,-3.998,5.510,0.000,0.000,0.000,0.984
16:12:39.978,151.187,-3.090,-3.345,True,0.000,0.000,-3.090,-3.345,4.553,0.000,0.000,0.000,1.009
16:12:39.998,151.208,-2.533,-1.940,True,0.000,0.000,-2.533,-1.940,3.190,0.000,0.000,0.000,0.968
16:12:40.019,151.228,-2.125,-0.910,True,0.000,0.000,-2.125,-0.910,2.312,0.000,0.000,0.000,0.755
16:12:40.039,151.248,-1.851,-0.217,True,0.000,0.000,-1.851,-0.217,1.864,0.000,0.000,0.000,1.109
16:12:40.059,151.269,-1.685,0.204,True,0.000,0.000,-1.685,0.204,1.697,0.000,0.000,0.000,1.031
16:12:40.080,151.289,-1.600,0.419,True,0.000,0.000,-1.600,0.419,1.654,0.000,0.000,0.000,1.108
16:12:40.100,151.309,-1.571,0.491,True,0.000,0.000,-1.571,0.491,1.646,0.000,0.000,0.000,0.902
16:12:40.120,151.330,-1.578,0.474,True,0.000,0.000,-1.578,0.474,1.648,0.000,0.000,0.000,1.027
16:12:40.141,151.350,-1.604,0.408,True,0.000,0.000,-1.604,0.408,1.655,0.000,0.000,0.000,1.095
16:12:40.161,151.370,-1.638,-0.557,True,0.000,0.000,-1.638,-0.557,1.730,0.000,0.000,0.000,0.754
16:12:40.182,151.391,-1.673,-0.402,True,0.000,0.000,-1.673,-0.402,1.720,0.000,0.000,0.000,1.040
16:12:40.203,151.412,-4.749,-2.025,True,0.000,0.000,-4.749,-2.025,5.162,0.000,0.000,0.000,1.056
16:12:40.223,151.432,-3.937,-2.312,True,0.000,0.000,-3.937,-2.312,4.566,0.000,0.000,0.000,1.084
16:12:40.243,151.452,-4.741,-5.080,True,0.000,0.000,-4.741,-5.080,6.948,0.000,0.000,0.000,0.793
16:12:40.265,151.474,-3.741,-3.503,True,0.000,0.000,-3.741,-3.503,5.125,0.000,0.000,0.000,0.879
16:12:40.285,151.495,-3.700,-2.191,True,0.000,0.000,-3.700,-2.191,4.300,0.000,0.000,0.000,1.113
16:12:40.305,151.515,-2.895,-1.184,True,0.000,0.000,-2.895,-1.184,3.128,0.000,0.000,0.000,1.106
16:12:40.326,151.535,-2.303,-0.471,True,0.000,0.000,-2.303,-0.471,2.351,0.000,0.000,0.000,1.114
16:12:40.346,151.555,-1.902,-0.010,True,0.000,0.000,-1.902,-0.010,1.902,0.000,0.000,0.000,0.981
16:12:40.367,151.576,-1.659,0.254,True,0.000,0.000,-1.659,0.254,1.678,0.000,0.000,0.000,1.376
16:12:40.386,151.596,-2.294,-0.505,True,0.000,0.000,-2.294,-0.505,2.349,0.000,0.000,0.000,0.767
16:12:40.406,151.616,-4.325,-3.755,True,0.000,0.000,-4.325,-3.755,5.728,0.000,0.000,0.000,0.551
16:12:40.427,151.636,-3.521,-2.611,True,0.000,0.000,-3.521,-2.611,4.383,0.000,0.000,0.000,1.086
16:12:40.448,151.657,-2.855,-2.529,True,0.000,0.000,-2.855,-2.529,3.814,0.000,0.000,0.000,1.116
16:12:40.471,151.680,-2.348,-1.545,True,0.000,0.000,-2.348,-1.545,2.810,0.000,0.000,0.000,1.199
16:12:40.491,151.700,-1.990,-1.681,True,0.000,0.000,-1.990,-1.681,2.605,0.000,0.000,0.000,0.980
16:12:40.512,151.721,-1.760,-0.922,True,0.000,0.000,-1.760,-0.922,1.986,0.000,0.000,0.000,1.117
16:12:40.532,151.741,-1.629,-0.381,True,0.000,0.000,-1.629,-0.381,1.673,0.000,0.000,0.000,1.008
16:12:40.552,151.762,-2.333,-0.028,True,0.000,0.000,-2.333,-0.028,2.333,0.000,0.000,0.000,1.025
16:12:40.573,151.782,-3.637,-3.339,True,0.000,0.000,-3.637,-3.339,4.937,0.000,0.000,0.000,0.778
16:12:40.593,151.802,-3.814,-2.278,True,0.000,0.000,-3.814,-2.278,4.443,0.000,0.000,0.000,0.543
16:12:40.613,151.823,-3.120,-1.405,True,0.000,0.000,-3.120,-1.405,3.422,0.000,0.000,0.000,1.112
16:12:40.634,151.843,-2.565,-0.741,True,0.000,0.000,-2.565,-0.741,2.670,0.000,0.000,0.000,1.083
16:12:40.654,151.863,-2.154,-0.276,True,0.000,0.000,-2.154,-0.276,2.171,0.000,0.000,0.000,1.031
16:12:40.674,151.884,-1.874,-0.857,True,0.000,0.000,-1.874,-0.857,2.061,0.000,0.000,0.000,1.120
16:12:40.695,151.904,-1.702,-0.449,True,0.000,0.000,-1.702,-0.449,1.761,0.000,0.000,0.000,1.052
16:12:40.715,151.924,-1.612,-0.164,True,0.000,0.000,-1.612,-0.164,1.620,0.000,0.000,0.000,0.865
16:12:40.735,151.944,-1.579,0.018,True,0.000,0.000,-1.579,0.018,1.579,0.000,0.000,0.000,0.680
16:12:40.756,151.965,-1.582,0.998,True,0.000,0.000,-1.582,0.998,1.871,0.000,0.000,0.000,1.008
16:12:40.776,151.985,-1.606,0.800,True,0.000,0.000,-1.606,0.800,1.794,0.000,0.000,0.000,1.128
16:12:40.796,152.005,-1.638,0.593,True,0.000,0.000,-1.638,0.593,1.742,0.000,0.000,0.000,0.799
16:12:40.817,152.026,-1.672,-0.475,True,0.000,0.000,-1.672,-0.475,1.738,0.000,0.000,0.000,1.065
16:12:40.838,152.047,-1.702,-0.388,True,0.000,0.000,-1.702,-0.388,1.746,0.000,0.000,0.000,1.128
16:12:40.858,152.067,-1.727,-0.293,True,0.000,0.000,-1.727,-0.293,1.752,0.000,0.000,0.000,1.120
16:12:40.880,152.089,-1.746,-0.204,True,0.000,0.000,-1.746,-0.204,1.758,0.000,0.000,0.000,1.206
16:12:40.900,152.109,-1.759,-0.129,True,0.000,0.000,-1.759,-0.129,1.763,0.000,0.000,0.000,0.619
16:12:40.920,152.129,-4.051,-4.466,True,0.000,0.000,-4.051,-4.466,6.029,0.000,0.000,0.000,1.103
16:12:40.941,152.150,-3.428,-3.218,True,0.000,0.000,-3.428,-3.218,4.702,0.000,0.000,0.000,1.044
16:12:40.961,152.170,-3.638,-2.126,True,0.000,0.000,-3.638,-2.126,4.214,0.000,0.000,0.000,0.646
16:12:40.982,152.191,-2.984,-1.253,True,0.000,0.000,-2.984,-1.253,3.236,0.000,0.000,0.000,0.996
16:12:41.002,152.211,-2.467,-1.486,True,0.000,0.000,-2.467,-1.486,2.880,0.000,0.000,0.000,0.671
16:12:41.023,152.232,-2.090,-0.806,True,0.000,0.000,-2.090,-0.806,2.240,0.000,0.000,0.000,1.040
16:12:41.043,152.252,-2.598,-0.323,True,0.000,0.000,-2.598,-0.323,2.618,0.000,0.000,0.000,1.054
16:12:41.064,152.273,-2.237,-0.010,True,0.000,0.000,-2.237,-0.010,2.237,0.000,0.000,0.000,0.893
16:12:41.084,152.293,-1.975,0.169,True,0.000,0.000,-1.975,0.169,1.982,0.000,0.000,0.000,0.629
16:12:41.105,152.314,-1.802,-0.628,True,0.000,0.000,-1.802,-0.628,1.908,0.000,0.000,0.000,1.086
16:12:41.125,152.334,-1.699,-0.370,True,0.000,0.000,-1.699,-0.370,1.738,0.000,0.000,0.000,1.036
16:12:41.146,152.355,-1.648,-1.058,True,0.000,0.000,-1.648,-1.058,1.958,0.000,0.000,0.000,0.900
16:12:41.165,152.375,-1.633,-0.687,True,0.000,0.000,-1.633,-0.687,1.772,0.000,0.000,0.000,0.581
16:12:41.186,152.395,-1.641,-0.394,True,0.000,0.000,-1.641,-0.394,1.687,0.000,0.000,0.000,0.520
16:12:41.206,152.415,-1.660,-0.181,True,0.000,0.000,-1.660,-0.181,1.669,0.000,0.000,0.000,0.564
16:12:41.227,152.436,-1.683,-0.038,True,0.000,0.000,-1.683,-0.038,1.683,0.000,0.000,0.000,0.796
16:12:41.247,152.456,-1.706,-0.831,True,0.000,0.000,-1.706,-0.831,1.898,0.000,0.000,0.000,0.906
16:12:41.268,152.477,-4.772,-0.547,True,0.000,0.000,-4.772,-0.547,4.803,0.000,0.000,0.000,0.945
16:12:41.288,152.497,-3.952,-0.320,True,0.000,0.000,-3.952,-0.320,3.965,0.000,0.000,0.000,0.562
16:12:41.308,152.517,-3.226,-0.153,True,0.000,0.000,-3.226,-0.153,3.229,0.000,0.000,0.000,0.629
16:12:41.329,152.538,-3.401,-0.040,True,0.000,0.000,-3.401,-0.040,3.401,0.000,0.000,0.000,1.190
16:12:41.349,152.558,-2.755,-0.850,True,0.000,0.000,-2.755,-0.850,2.883,0.000,0.000,0.000,0.532
16:12:41.369,152.578,-2.270,-0.573,True,0.000,0.000,-2.270,-0.573,2.341,0.000,0.000,0.000,0.912
16:12:41.389,152.598,-1.934,-1.226,True,0.000,0.000,-1.934,-1.226,2.290,0.000,0.000,0.000,0.624
16:12:41.410,152.619,-2.485,-4.330,True,0.000,0.000,-2.485,-4.330,4.993,0.000,0.000,0.000,0.581
16:12:41.431,152.640,-2.161,-3.914,True,0.000,0.000,-2.161,-3.914,4.470,0.000,0.000,0.000,1.018
16:12:41.451,152.660,-1.930,-2.575,True,0.000,0.000,-1.930,-2.575,3.218,0.000,0.000,0.000,0.730
16:12:41.471,152.680,-1.779,-1.508,True,0.000,0.000,-1.779,-1.508,2.332,0.000,0.000,0.000,0.936
16:12:41.492,152.701,-1.691,-0.722,True,0.000,0.000,-1.691,-0.722,1.839,0.000,0.000,0.000,1.133
16:12:41.512,152.721,-1.650,-0.190,True,0.000,0.000,-1.650,-0.190,1.661,0.000,0.000,0.000,0.975
16:12:41.532,152.741,-1.546,0.239,True,0.000,0.000,-1.546,0.239,1.564,0.000,0.000,0.000,0.539
16:12:41.552,152.762,-1.624,-0.856,True,0.000,0.000,-1.624,-0.856,1.836,0.000,0.000,0.000,0.520
16:12:41.574,152.783,-1.663,-0.418,True,0.000,0.000,-1.663,-0.418,1.714,0.000,0.000,0.000,1.243
16:12:41.594,152.803,-2.484,-0.150,True,0.000,0.000,-2.484,-0.150,2.488,0.000,0.000,0.000,0.822
16:12:41.614,152.823,-2.277,0.015,True,0.000,0.000,-2.277,0.015,2.277,0.000,0.000,0.000,1.102
16:12:41.634,152.843,-2.103,0.107,True,0.000,0.000,-2.103,0.107,2.105,0.000,0.000,0.000,0.996
16:12:41.654,152.863,-1.964,0.147,True,0.000,0.000,-1.964,0.147,1.969,0.000,0.000,0.000,0.617
16:12:41.675,152.884,-1.862,-0.728,True,0.000,0.000,-1.862,-0.728,1.999,0.000,0.000,0.000,1.055
16:12:41.696,152.906,-1.792,-1.382,True,0.000,0.000,-1.792,-1.382,2.263,0.000,0.000,0.000,1.093
16:12:41.717,152.926,-1.749,-0.951,True,0.000,0.000,-1.749,-0.951,1.991,0.000,0.000,0.000,1.021
16:12:41.737,152.947,-1.727,-0.593,True,0.000,0.000,-1.727,-0.593,1.826,0.000,0.000,0.000,1.093
16:12:41.758,152.967,-1.719,-0.320,True,0.000,0.000,-1.719,-0.320,1.748,0.000,0.000,0.000,1.257
16:12:41.778,152.987,-1.720,-0.126,True,0.000,0.000,-1.720,-0.126,1.724,0.000,0.000,0.000,0.828
16:12:41.800,153.009,-2.487,-2.638,True,0.000,0.000,-2.487,-2.638,3.626,0.000,0.000,0.000,1.357
16:12:41.820,153.029,-2.286,-2.722,True,0.000,0.000,-2.286,-2.722,3.555,0.000,0.000,0.000,0.866
16:12:41.840,153.049,-2.110,-1.809,True,0.000,0.000,-2.110,-1.809,2.780,0.000,0.000,0.000,0.868
16:12:41.860,153.069,-1.969,-1.075,True,0.000,0.000,-1.969,-1.075,2.244,0.000,0.000,0.000,0.622
16:12:41.881,153.090,-1.865,-0.530,True,0.000,0.000,-1.865,-0.530,1.939,0.000,0.000,0.000,0.644
16:12:41.902,153.111,-1.794,-0.158,True,0.000,0.000,-1.794,-0.158,1.801,0.000,0.000,0.000,1.057
16:12:41.922,153.131,-1.750,0.073,True,0.000,0.000,-1.750,0.073,1.752,0.000,0.000,0.000,0.533
16:12:41.942,153.152,-1.727,0.196,True,0.000,0.000,-1.727,0.196,1.738,0.000,0.000,0.000,1.063
16:12:41.962,153.172,-1.718,0.242,True,0.000,0.000,-1.718,0.242,1.736,0.000,0.000,0.000,0.935
16:12:41.983,153.192,-3.242,-3.275,True,0.000,0.000,-3.242,-3.275,4.609,0.000,0.000,0.000,1.155
16:12:42.003,153.212,-2.830,-0.582,True,0.000,0.000,-2.830,-0.582,2.889,0.000,0.000,0.000,0.561
16:12:42.023,153.233,-2.469,-0.255,True,0.000,0.000,-2.469,-0.255,2.482,0.000,0.000,0.000,0.677
16:12:42.044,153.254,-2.180,-0.917,True,0.000,0.000,-2.180,-0.917,2.366,0.000,0.000,0.000,1.210
16:12:42.065,153.274,-1.967,-0.548,True,0.000,0.000,-1.967,-0.548,2.042,0.000,0.000,0.000,1.025
16:12:42.086,153.295,-3.344,-4.668,True,0.000,0.000,-3.344,-4.668,5.742,0.000,0.000,0.000,0.939
16:12:42.106,153.315,-2.837,-3.272,True,0.000,0.000,-2.837,-3.272,4.331,0.000,0.000,0.000,0.983
16:12:42.126,153.335,-2.421,-2.090,True,0.000,0.000,-2.421,-2.090,3.199,0.000,0.000,0.000,0.684
16:12:42.146,153.355,-2.107,-2.049,True,0.000,0.000,-2.107,-2.049,2.939,0.000,0.000,0.000,0.697
16:12:42.166,153.375,-1.888,-1.145,True,0.000,0.000,-1.888,-1.145,2.208,0.000,0.000,0.000,0.967
16:12:42.187,153.396,-1.749,-0.495,True,0.000,0.000,-1.749,-0.495,1.817,0.000,0.000,0.000,0.956
16:12:42.210,153.419,-1.671,-0.067,True,0.000,0.000,-1.671,-0.067,1.673,0.000,0.000,0.000,1.235
16:12:42.229,153.438,-1.639,0.185,True,0.000,0.000,-1.639,0.185,1.649,0.000,0.000,0.000,0.615
16:12:42.250,153.459,-1.635,-0.573,True,0.000,0.000,-1.635,-0.573,1.733,0.000,0.000,0.000,0.867
16:12:42.270,153.480,-1.649,-0.299,True,0.000,0.000,-1.649,-0.299,1.676,0.000,0.000,0.000,0.925
16:12:42.291,153.501,-1.670,-0.107,True,0.000,0.000,-1.670,-0.107,1.674,0.000,0.000,0.000,1.226
16:12:42.312,153.521,-1.694,-0.865,True,0.000,0.000,-1.694,-0.865,1.902,0.000,0.000,0.000,1.160
16:12:42.331,153.540,-1.716,-1.435,True,0.000,0.000,-1.716,-1.435,2.237,0.000,0.000,0.000,0.528
16:12:42.352,153.561,-1.734,-0.952,True,0.000,0.000,-1.734,-0.952,1.978,0.000,0.000,0.000,0.992
16:12:42.372,153.581,-1.748,-0.564,True,0.000,0.000,-1.748,-0.564,1.837,0.000,0.000,0.000,0.595
16:12:42.392,153.602,-1.759,-0.277,True,0.000,0.000,-1.759,-0.277,1.780,0.000,0.000,0.000,0.690
16:12:42.414,153.623,-1.765,-3.596,True,0.000,0.000,-1.765,-3.596,4.006,0.000,0.000,0.000,0.586
16:12:42.435,153.644,-1.769,-2.509,True,0.000,0.000,-1.769,-2.509,3.070,0.000,0.000,0.000,1.091
16:12:42.455,153.664,-1.771,-1.593,True,0.000,0.000,-1.771,-1.593,2.382,0.000,0.000,0.000,0.875
16:12:42.475,153.685,-1.771,-1.762,True,0.000,0.000,-1.771,-1.762,2.499,0.000,0.000,0.000,1.067
16:12:42.496,153.705,-1.771,-1.891,True,0.000,0.000,-1.771,-1.891,2.591,0.000,0.000,0.000,1.021
16:12:42.517,153.726,-1.770,-1.103,True,0.000,0.000,-1.770,-1.103,2.086,0.000,0.000,0.000,1.076
16:12:42.537,153.747,-1.769,-1.403,True,0.000,0.000,-1.769,-1.403,2.258,0.000,0.000,0.000,1.066
16:12:42.558,153.767,-1.768,-0.770,True,0.000,0.000,-1.768,-0.770,1.928,0.000,0.000,0.000,0.652
16:12:42.578,153.787,-1.767,-0.318,True,0.000,0.000,-1.767,-0.318,1.796,0.000,0.000,0.000,0.617
16:12:42.599,153.808,-1.767,-0.024,True,0.000,0.000,-1.767,-0.024,1.767,0.000,0.000,0.000,0.859
16:12:42.619,153.828,-1.766,0.147,True,0.000,0.000,-1.766,0.147,1.772,0.000,0.000,0.000,0.961
16:12:42.639,153.848,-1.766,0.226,True,0.000,0.000,-1.766,0.226,1.780,0.000,0.000,0.000,0.501
16:12:42.659,153.868,-1.766,0.245,True,0.000,0.000,-1.766,0.245,1.783,0.000,0.000,0.000,0.549
16:12:42.680,153.889,-1.766,0.226,True,0.000,0.000,-1.766,0.226,1.780,0.000,0.000,0.000,0.704
16:12:42.700,153.909,-1.766,0.189,True,0.000,0.000,-1.766,0.189,1.776,0.000,0.000,0.000,1.071
16:12:42.721,153.930,-1.766,0.145,True,0.000,0.000,-1.766,0.145,1.772,0.000,0.000,0.000,1.000
16:12:42.741,153.951,-1.766,0.103,True,0.000,0.000,-1.766,0.103,1.769,0.000,0.000,0.000,1.484
16:12:42.762,153.971,-4.050,-4.328,True,0.000,0.000,-4.050,-4.328,5.927,0.000,0.000,0.000,1.035
16:12:42.782,153.991,-5.706,-6.665,True,0.000,0.000,-5.706,-6.665,8.774,0.000,0.000,0.000,0.977
16:12:42.801,154.011,-4.526,-4.655,True,0.000,0.000,-4.526,-4.655,6.493,0.000,0.000,0.000,0.491
16:12:42.823,154.032,-6.572,-4.718,True,0.000,0.000,-6.572,-4.718,8.090,0.000,0.000,0.000,0.990
16:12:42.843,154.052,-4.959,-3.798,True,0.000,0.000,-4.959,-3.798,6.246,0.000,0.000,0.000,1.103
16:12:42.863,154.073,-6.707,-3.067,True,0.000,0.000,-6.707,-3.067,7.375,0.000,0.000,0.000,1.121
16:12:42.884,154.093,-4.909,-1.650,True,0.000,0.000,-4.909,-1.650,5.178,0.000,0.000,0.000,1.227
16:12:42.904,154.113,-3.512,-0.648,True,0.000,0.000,-3.512,-0.648,3.572,0.000,0.000,0.000,0.856
16:12:42.925,154.134,-2.511,-0.001,True,0.000,0.000,-2.511,-0.001,2.511,0.000,0.000,0.000,1.055
16:12:42.945,154.155,-1.853,0.367,True,0.000,0.000,-1.853,0.367,1.889,0.000,0.000,0.000,1.164
16:12:42.966,154.175,-1.468,0.533,True,0.000,0.000,-1.468,0.533,1.562,0.000,0.000,0.000,1.165
16:12:42.986,154.195,-1.285,-1.194,True,0.000,0.000,-1.285,-1.194,1.754,0.000,0.000,0.000,1.180
16:12:43.006,154.215,-1.237,0.119,True,0.000,0.000,-1.237,0.119,1.243,0.000,0.000,0.000,1.124
16:12:43.027,154.236,-1.273,0.214,True,0.000,0.000,-1.273,0.214,1.291,0.000,0.000,0.000,1.109
16:12:43.047,154.256,-2.875,-3.273,True,0.000,0.000,-2.875,-3.273,4.356,0.000,0.000,0.000,1.235
16:12:43.068,154.277,-2.550,-2.320,True,0.000,0.000,-2.550,-2.320,3.447,0.000,0.000,0.000,1.269
16:12:43.088,154.298,-3.796,-5.018,True,0.000,0.000,-3.796,-5.018,6.292,0.000,0.000,0.000,1.348
16:12:43.109,154.318,-3.159,-4.288,True,0.000,0.000,-3.159,-4.288,5.326,0.000,0.000,0.000,1.376
16:12:43.129,154.338,-3.393,-1.848,True,0.000,0.000,-3.393,-1.848,3.864,0.000,0.000,0.000,1.266
16:12:43.150,154.359,-4.304,-4.394,True,0.000,0.000,-4.304,-4.394,6.151,0.000,0.000,0.000,1.258
16:12:43.170,154.379,-6.463,-4.530,True,0.000,0.000,-6.463,-4.530,7.893,0.000,0.000,0.000,1.125
16:12:43.191,154.400,-6.449,-6.312,True,0.000,0.000,-6.449,-6.312,9.024,0.000,0.000,0.000,1.023
16:12:43.211,154.420,-6.304,-7.544,True,0.000,0.000,-6.304,-7.544,9.831,0.000,0.000,0.000,0.972
16:12:43.231,154.440,-4.580,-4.801,True,0.000,0.000,-4.580,-4.801,6.635,0.000,0.000,0.000,0.916
16:12:43.251,154.460,-3.265,-2.672,True,0.000,0.000,-3.265,-2.672,4.219,0.000,0.000,0.000,0.864
16:12:43.272,154.481,-4.623,-4.659,True,0.000,0.000,-4.623,-4.659,6.564,0.000,0.000,0.000,1.204
16:12:43.292,154.501,-3.402,-2.688,True,0.000,0.000,-3.402,-2.688,4.336,0.000,0.000,0.000,1.057
16:12:43.312,154.521,-2.512,-1.249,True,0.000,0.000,-2.512,-1.249,2.805,0.000,0.000,0.000,1.237
16:12:43.332,154.541,-1.918,-0.281,True,0.000,0.000,-1.918,-0.281,1.939,0.000,0.000,0.000,0.788
16:12:43.353,154.562,-4.607,-1.456,True,0.000,0.000,-4.607,-1.456,4.832,0.000,0.000,0.000,1.018
16:12:43.373,154.582,-3.592,-0.677,True,0.000,0.000,-3.592,-0.677,3.656,0.000,0.000,0.000,0.563
16:12:43.393,154.603,-5.083,-3.669,True,0.000,0.000,-5.083,-3.669,6.268,0.000,0.000,0.000,0.832
16:12:43.414,154.623,-5.404,-5.903,True,0.000,0.000,-5.404,-5.903,8.003,0.000,0.000,0.000,1.089
16:12:43.434,154.643,-4.051,-3.926,True,0.000,0.000,-4.051,-3.926,5.641,0.000,0.000,0.000,0.729
16:12:43.454,154.663,-5.295,-5.850,True,0.000,0.000,-5.295,-5.850,7.891,0.000,0.000,0.000,0.643
16:12:43.475,154.684,-4.689,-4.582,True,0.000,0.000,-4.689,-4.582,6.556,0.000,0.000,0.000,1.141
16:12:43.495,154.704,-3.446,-2.680,True,0.000,0.000,-3.446,-2.680,4.365,0.000,0.000,0.000,1.080
16:12:43.516,154.725,-2.540,-1.280,True,0.000,0.000,-2.540,-1.280,2.844,0.000,0.000,0.000,1.069
16:12:43.536,154.745,-1.932,0.547,True,0.000,0.000,-1.932,0.547,2.008,0.000,0.000,0.000,0.976
16:12:43.556,154.766,-2.328,-2.631,True,0.000,0.000,-2.328,-2.631,3.513,0.000,0.000,0.000,0.865
16:12:43.576,154.786,-3.458,-5.094,True,0.000,0.000,-3.458,-5.094,6.157,0.000,0.000,0.000,0.729
16:12:43.597,154.806,-5.080,-6.858,True,0.000,0.000,-5.080,-6.858,8.534,0.000,0.000,0.000,1.140
16:12:43.617,154.827,-6.238,-8.015,True,0.000,0.000,-6.238,-8.015,10.157,0.000,0.000,0.000,1.002
16:12:43.637,154.846,-6.994,-8.690,True,0.000,0.000,-6.994,-8.690,11.155,0.000,0.000,0.000,0.545
16:12:43.658,154.868,-7.433,-9.010,True,0.000,0.000,-7.433,-9.010,11.681,0.000,0.000,0.000,1.269
16:12:43.678,154.887,-5.355,-5.575,True,0.000,0.000,-5.355,-5.575,7.730,0.000,0.000,0.000,0.586
16:12:43.699,154.908,-5.269,-6.475,True,0.000,0.000,-5.269,-6.475,8.348,0.000,0.000,0.000,1.033
16:12:43.719,154.928,-5.985,-7.187,True,0.000,0.000,-5.985,-7.187,9.353,0.000,0.000,0.000,0.560
16:12:43.740,154.949,-4.998,-6.827,True,0.000,0.000,-4.998,-6.827,8.461,0.000,0.000,0.000,1.105
16:12:43.760,154.969,-5.024,-7.417,True,0.000,0.000,-5.024,-7.417,8.958,0.000,0.000,0.000,1.107
16:12:43.780,154.989,-5.832,-7.840,True,0.000,0.000,-5.832,-7.840,9.771,0.000,0.000,0.000,0.530
16:12:43.801,155.010,-6.438,-8.118,True,0.000,0.000,-6.438,-8.118,10.361,0.000,0.000,0.000,1.092
16:12:43.821,155.030,-5.334,-8.280,True,0.000,0.000,-5.334,-8.280,9.850,0.000,0.000,0.000,0.831
16:12:43.841,155.050,-3.731,-4.842,True,0.000,0.000,-3.731,-4.842,6.113,0.000,0.000,0.000,0.736
16:12:43.861,155.071,-4.870,-5.827,True,0.000,0.000,-4.870,-5.827,7.594,0.000,0.000,0.000,0.605
16:12:43.882,155.091,-5.017,-6.664,True,0.000,0.000,-5.017,-6.664,8.341,0.000,0.000,0.000,0.663
16:12:43.902,155.111,-5.134,-7.316,True,0.000,0.000,-5.134,-7.316,8.938,0.000,0.000,0.000,0.662
16:12:43.922,155.131,-5.219,-8.666,True,0.000,0.000,-5.219,-8.666,10.116,0.000,0.000,0.000,0.842
16:12:43.943,155.152,-6.039,-7.857,True,0.000,0.000,-6.039,-7.857,9.909,0.000,0.000,0.000,0.608
16:12:43.963,155.172,-7.388,-3.675,True,0.000,0.000,-7.388,-3.675,8.251,0.000,0.000,0.000,0.985
16:12:43.983,155.192,-5.281,-1.497,True,0.000,0.000,-5.281,-1.497,5.489,0.000,0.000,0.000,0.789
16:12:44.004,155.213,-3.665,0.799,True,0.000,0.000,-3.665,0.799,3.751,0.000,0.000,0.000,1.031
16:12:44.025,155.234,-4.805,-2.143,True,0.000,0.000,-4.805,-2.143,5.261,0.000,0.000,0.000,1.035
16:12:44.045,155.254,-5.721,-4.529,True,0.000,0.000,-5.721,-4.529,7.297,0.000,0.000,0.000,0.589
16:12:44.066,155.275,-4.118,-2.801,True,0.000,0.000,-4.118,-2.801,4.980,0.000,0.000,0.000,1.123
16:12:44.086,155.295,-2.926,-1.486,True,0.000,0.000,-2.926,-1.486,3.282,0.000,0.000,0.000,1.003
16:12:44.106,155.315,-2.111,0.317,True,0.000,0.000,-2.111,0.317,2.135,0.000,0.000,0.000,0.550
16:12:44.126,155.335,-3.890,-2.847,True,0.000,0.000,-3.890,-2.847,4.821,0.000,0.000,0.000,0.530
16:12:44.147,155.356,-6.040,-2.640,True,0.000,0.000,-6.040,-2.640,6.592,0.000,0.000,0.000,1.035
16:12:44.168,155.377,-7.594,-3.330,True,0.000,0.000,-7.594,-3.330,8.292,0.000,0.000,0.000,1.095
16:12:44.188,155.397,-7.102,-5.569,True,0.000,0.000,-7.102,-5.569,9.025,0.000,0.000,0.000,0.928
16:12:44.208,155.417,-5.085,-3.633,True,0.000,0.000,-5.085,-3.633,6.250,0.000,0.000,0.000,0.537
16:12:44.229,155.438,-5.828,-5.617,True,0.000,0.000,-5.828,-5.617,8.094,0.000,0.000,0.000,0.946
16:12:44.248,155.457,-4.875,-6.167,True,0.000,0.000,-4.875,-6.167,7.861,0.000,0.000,0.000,0.571
16:12:44.269,155.478,-6.457,-5.595,True,0.000,0.000,-6.457,-5.595,8.544,0.000,0.000,0.000,0.996
16:12:44.289,155.498,-6.877,-6.848,True,0.000,0.000,-6.877,-6.848,9.705,0.000,0.000,0.000,0.564
16:12:44.309,155.519,-4.854,-4.200,True,0.000,0.000,-4.854,-4.200,6.419,0.000,0.000,0.000,0.542
16:12:44.330,155.539,-6.382,-3.953,True,0.000,0.000,-6.382,-3.953,7.507,0.000,0.000,0.000,1.130
16:12:44.350,155.559,-6.781,-5.585,True,0.000,0.000,-6.781,-5.585,8.784,0.000,0.000,0.000,0.610
16:12:44.370,155.579,-7.041,-6.818,True,0.000,0.000,-7.041,-6.818,9.801,0.000,0.000,0.000,0.647
16:12:44.391,155.600,-7.191,-7.678,True,0.000,0.000,-7.191,-7.678,10.520,0.000,0.000,0.000,1.247
16:12:44.411,155.620,-7.262,-7.345,True,0.000,0.000,-7.262,-7.345,10.329,0.000,0.000,0.000,0.958
16:12:44.431,155.641,-7.278,-7.888,True,0.000,0.000,-7.278,-7.888,10.733,0.000,0.000,0.000,0.648
16:12:44.452,155.661,-4.978,-4.713,True,0.000,0.000,-4.978,-4.713,6.856,0.000,0.000,0.000,0.870
16:12:44.472,155.682,-6.334,-4.106,True,0.000,0.000,-6.334,-4.106,7.548,0.000,0.000,0.000,0.718
16:12:44.493,155.702,-5.117,-3.757,True,0.000,0.000,-5.117,-3.757,6.348,0.000,0.000,0.000,0.622
16:12:44.513,155.722,-6.521,-3.596,True,0.000,0.000,-6.521,-3.596,7.447,0.000,0.000,0.000,0.515
16:12:44.533,155.742,-6.071,-5.320,True,0.000,0.000,-6.071,-5.320,8.072,0.000,0.000,0.000,0.884
16:12:44.554,155.763,-4.200,-3.121,True,0.000,0.000,-4.200,-3.121,5.233,0.000,0.000,0.000,0.963
16:12:44.574,155.784,-2.847,-0.621,True,0.000,0.000,-2.847,-0.621,2.914,0.000,0.000,0.000,1.187
16:12:44.595,155.804,-1.949,0.238,True,0.000,0.000,-1.949,0.238,1.964,0.000,0.000,0.000,0.728
16:12:44.615,155.824,-3.701,-2.817,True,0.000,0.000,-3.701,-2.817,4.651,0.000,0.000,0.000,1.152
16:12:44.635,155.844,-5.096,-5.188,True,0.000,0.000,-5.096,-5.188,7.273,0.000,0.000,0.000,1.112
16:12:44.655,155.864,-6.123,-6.010,True,0.000,0.000,-6.123,-6.010,8.580,0.000,0.000,0.000,0.580
16:12:44.676,155.885,-4.535,-3.853,True,0.000,0.000,-4.535,-3.853,5.951,0.000,0.000,0.000,0.861
16:12:44.696,155.905,-3.303,-1.291,True,0.000,0.000,-3.303,-1.291,3.546,0.000,0.000,0.000,0.779
16:12:44.717,155.926,-3.942,-3.832,True,0.000,0.000,-3.942,-3.832,5.498,0.000,0.000,0.000,1.122
16:12:44.736,155.946,-4.467,-5.791,True,0.000,0.000,-4.467,-5.791,7.313,0.000,0.000,0.000,0.585
16:12:44.757,155.966,-4.864,-7.185,True,0.000,0.000,-4.864,-7.185,8.677,0.000,0.000,0.000,0.863
16:12:44.777,155.986,-4.380,-7.214,True,0.000,0.000,-4.380,-7.214,8.440,0.000,0.000,0.000,0.675
16:12:44.797,156.006,-5.526,-7.979,True,0.000,0.000,-5.526,-7.979,9.706,0.000,0.000,0.000,0.576
16:12:44.817,156.027,-5.600,-7.557,True,0.000,0.000,-5.600,-7.557,9.405,0.000,0.000,0.000,0.684
16:12:44.838,156.047,-6.367,-8.024,True,0.000,0.000,-6.367,-8.024,10.243,0.000,0.000,0.000,1.014
16:12:44.859,156.068,-6.125,-8.305,True,0.000,0.000,-6.125,-8.305,10.319,0.000,0.000,0.000,0.649
16:12:44.880,156.089,-5.889,-9.326,True,0.000,0.000,-5.889,-9.326,11.030,0.000,0.000,0.000,1.166
16:12:44.900,156.109,-4.162,-6.494,True,0.000,0.000,-4.162,-6.494,7.713,0.000,0.000,0.000,1.010
16:12:44.920,156.129,-5.179,-6.112,True,0.000,0.000,-5.179,-6.112,8.011,0.000,0.000,0.000,0.985
16:12:44.941,156.150,-5.220,-6.774,True,0.000,0.000,-5.220,-6.774,8.552,0.000,0.000,0.000,0.647
16:12:44.961,156.170,-4.491,-6.436,True,0.000,0.000,-4.491,-6.436,7.848,0.000,0.000,0.000,0.707
16:12:44.981,156.191,-5.485,-6.205,True,0.000,0.000,-5.485,-6.205,8.282,0.000,0.000,0.000,1.041
16:12:45.002,156.211,-6.238,-6.942,True,0.000,0.000,-6.238,-6.942,9.333,0.000,0.000,0.000,0.616
16:12:45.022,156.231,-4.480,-3.990,True,0.000,0.000,-4.480,-3.990,5.999,0.000,0.000,0.000,0.965
16:12:45.042,156.251,-5.442,-5.352,True,0.000,0.000,-5.442,-5.352,7.633,0.000,0.000,0.000,0.751
16:12:45.062,156.271,-6.182,-5.581,True,0.000,0.000,-6.182,-5.581,8.328,0.000,0.000,0.000,0.522
16:12:45.082,156.292,-4.423,-2.259,True,0.000,0.000,-4.423,-2.259,4.966,0.000,0.000,0.000,0.690
16:12:45.103,156.312,-3.107,0.141,True,0.000,0.000,-3.107,0.141,3.111,0.000,0.000,0.000,0.791
16:12:45.123,156.332,-4.484,-2.664,True,0.000,0.000,-4.484,-2.664,5.215,0.000,0.000,0.000,0.531
16:12:45.144,156.353,-3.289,-1.395,True,0.000,0.000,-3.289,-1.395,3.572,0.000,0.000,0.000,0.952
16:12:45.164,156.373,-2.428,-0.507,True,0.000,0.000,-2.428,-0.507,2.481,0.000,0.000,0.000,0.818
16:12:45.184,156.393,-4.144,-3.458,True,0.000,0.000,-4.144,-3.458,5.397,0.000,0.000,0.000,0.995
16:12:45.204,156.414,-6.228,-3.936,True,0.000,0.000,-6.228,-3.936,7.367,0.000,0.000,0.000,1.059
16:12:45.225,156.434,-4.677,-3.345,True,0.000,0.000,-4.677,-3.345,5.750,0.000,0.000,0.000,1.155
16:12:45.245,156.454,-5.733,-5.491,True,0.000,0.000,-5.733,-5.491,7.938,0.000,0.000,0.000,0.762
16:12:45.266,156.475,-4.207,-3.512,True,0.000,0.000,-4.207,-3.512,5.481,0.000,0.000,0.000,1.313
16:12:45.286,156.495,-4.573,-5.485,True,0.000,0.000,-4.573,-5.485,7.141,0.000,0.000,0.000,0.950
16:12:45.306,156.515,-5.628,-6.924,True,0.000,0.000,-5.628,-6.924,8.923,0.000,0.000,0.000,0.533
16:12:45.326,156.535,-4.114,-4.373,True,0.000,0.000,-4.114,-4.373,6.004,0.000,0.000,0.000,0.655
16:12:45.347,156.556,-3.736,-5.919,True,0.000,0.000,-3.736,-5.919,6.999,0.000,0.000,0.000,0.661
16:12:45.367,156.576,-2.735,-2.669,True,0.000,0.000,-2.735,-2.669,3.821,0.000,0.000,0.000,0.859
16:12:45.388,156.597,-2.051,-1.140,True,0.000,0.000,-2.051,-1.140,2.347,0.000,0.000,0.000,1.124
16:12:45.408,156.617,-1.628,-0.136,True,0.000,0.000,-1.628,-0.136,1.634,0.000,0.000,0.000,1.053
16:12:45.428,156.637,-1.404,0.452,True,0.000,0.000,-1.404,0.452,1.475,0.000,0.000,0.000,0.554
16:12:45.449,156.658,-2.080,-2.783,True,0.000,0.000,-2.080,-2.783,3.474,0.000,0.000,0.000,1.005
16:12:45.469,156.679,-4.921,-2.624,True,0.000,0.000,-4.921,-2.624,5.577,0.000,0.000,0.000,0.957
16:12:45.490,156.699,-3.956,-4.221,True,0.000,0.000,-3.956,-4.221,5.785,0.000,0.000,0.000,0.907
16:12:45.510,156.719,-3.147,-1.839,True,0.000,0.000,-3.147,-1.839,3.645,0.000,0.000,0.000,0.552
16:12:45.531,156.740,-4.045,-4.419,True,0.000,0.000,-4.045,-4.419,5.991,0.000,0.000,0.000,1.225
16:12:45.551,156.760,-3.944,-5.450,True,0.000,0.000,-3.944,-5.450,6.727,0.000,0.000,0.000,1.080
16:12:45.571,156.781,-3.076,-3.479,True,0.000,0.000,-3.076,-3.479,4.644,0.000,0.000,0.000,0.820
16:12:45.592,156.801,-4.711,-5.461,True,0.000,0.000,-4.711,-5.461,7.212,0.000,0.000,0.000,0.981
16:12:45.613,156.822,-3.636,-6.908,True,0.000,0.000,-3.636,-6.908,7.806,0.000,0.000,0.000,1.228
16:12:45.632,156.842,-5.086,-7.878,True,0.000,0.000,-5.086,-7.878,9.378,0.000,0.000,0.000,0.527
16:12:45.653,156.862,-4.623,-4.948,True,0.000,0.000,-4.623,-4.948,6.772,0.000,0.000,0.000,1.009
16:12:45.673,156.882,-3.469,-1.815,True,0.000,0.000,-3.469,-1.815,3.915,0.000,0.000,0.000,0.577
16:12:45.693,156.903,-4.895,-3.091,True,0.000,0.000,-4.895,-3.091,5.789,0.000,0.000,0.000,0.645
16:12:45.714,156.923,-5.963,-5.934,True,0.000,0.000,-5.963,-5.934,8.412,0.000,0.000,0.000,1.005
16:12:45.735,156.944,-5.940,-8.056,True,0.000,0.000,-5.940,-8.056,10.009,0.000,0.000,0.000,0.563
16:12:45.756,156.965,-6.612,-8.638,True,0.000,0.000,-6.612,-8.638,10.878,0.000,0.000,0.000,1.000
16:12:45.776,156.985,-7.047,-8.911,True,0.000,0.000,-7.047,-8.911,11.361,0.000,0.000,0.000,0.508
16:12:45.797,157.006,-6.536,-8.977,True,0.000,0.000,-6.536,-8.977,11.104,0.000,0.000,0.000,1.127
16:12:45.817,157.026,-7.621,-7.159,True,0.000,0.000,-7.621,-7.159,10.456,0.000,0.000,0.000,1.110
16:12:45.838,157.047,-7.620,-7.517,True,0.000,0.000,-7.620,-7.517,10.703,0.000,0.000,0.000,1.557
16:12:45.857,157.066,-7.553,-7.796,True,0.000,0.000,-7.553,-7.796,10.855,0.000,0.000,0.000,0.498
16:12:45.878,157.087,-7.457,-7.997,True,0.000,0.000,-7.457,-7.997,10.935,0.000,0.000,0.000,0.956
16:12:45.898,157.107,-5.072,-4.615,True,0.000,0.000,-5.072,-4.615,6.857,0.000,0.000,0.000,0.609
16:12:45.919,157.128,-5.607,-5.659,True,0.000,0.000,-5.607,-5.659,7.966,0.000,0.000,0.000,1.115
16:12:45.939,157.148,-6.084,-6.549,True,0.000,0.000,-6.084,-6.549,8.939,0.000,0.000,0.000,0.508
16:12:45.959,157.168,-6.471,-7.245,True,0.000,0.000,-6.471,-7.245,9.715,0.000,0.000,0.000,0.823
16:12:45.980,157.189,-6.762,-7.749,True,0.000,0.000,-6.762,-7.749,10.285,0.000,0.000,0.000,1.151
16:12:46.000,157.209,-4.679,-5.447,True,0.000,0.000,-4.679,-5.447,7.181,0.000,0.000,0.000,1.085
16:12:46.020,157.229,-3.910,-6.370,True,0.000,0.000,-3.910,-6.370,7.474,0.000,0.000,0.000,1.032
16:12:46.040,157.250,-3.428,-4.470,True,0.000,0.000,-3.428,-4.470,5.633,0.000,0.000,0.000,0.690
16:12:46.062,157.271,-3.166,-3.101,True,0.000,0.000,-3.166,-3.101,4.431,0.000,0.000,0.000,1.108
16:12:46.082,157.291,-2.299,-1.317,True,0.000,0.000,-2.299,-1.317,2.649,0.000,0.000,0.000,1.069
16:12:46.102,157.312,-3.265,-3.661,True,0.000,0.000,-3.265,-3.661,4.906,0.000,0.000,0.000,0.946
16:12:46.123,157.332,-2.533,-2.013,True,0.000,0.000,-2.533,-2.013,3.235,0.000,0.000,0.000,1.051
16:12:46.143,157.352,-2.787,-2.594,True,0.000,0.000,-2.787,-2.594,3.807,0.000,0.000,0.000,1.118
16:12:46.163,157.372,-5.304,-3.100,True,0.000,0.000,-5.304,-3.100,6.143,0.000,0.000,0.000,0.526
16:12:46.184,157.393,-4.108,-1.746,True,0.000,0.000,-4.108,-1.746,4.464,0.000,0.000,0.000,1.016
16:12:46.205,157.414,-3.150,-0.769,True,0.000,0.000,-3.150,-0.769,3.243,0.000,0.000,0.000,0.877
16:12:46.225,157.434,-3.203,-1.880,True,0.000,0.000,-3.203,-1.880,3.714,0.000,0.000,0.000,1.184
16:12:46.246,157.455,-4.794,-4.530,True,0.000,0.000,-4.794,-4.530,6.596,0.000,0.000,0.000,1.073
16:12:46.266,157.475,-3.684,-2.952,True,0.000,0.000,-3.684,-2.952,4.721,0.000,0.000,0.000,0.742
16:12:46.286,157.495,-2.826,-2.583,True,0.000,0.000,-2.826,-2.583,3.828,0.000,0.000,0.000,0.673
16:12:46.307,157.516,-5.257,-2.308,True,0.000,0.000,-5.257,-2.308,5.741,0.000,0.000,0.000,1.067
16:12:46.327,157.536,-6.302,-4.757,True,0.000,0.000,-6.302,-4.757,7.896,0.000,0.000,0.000,1.008
16:12:46.347,157.556,-6.987,-7.432,True,0.000,0.000,-6.987,-7.432,10.200,0.000,0.000,0.000,0.973
16:12:46.368,157.577,-5.102,-4.007,True,0.000,0.000,-5.102,-4.007,6.487,0.000,0.000,0.000,1.136
16:12:46.388,157.597,-5.156,-6.615,True,0.000,0.000,-5.156,-6.615,8.388,0.000,0.000,0.000,0.852
16:12:46.409,157.618,-3.681,-4.129,True,0.000,0.000,-3.681,-4.129,5.532,0.000,0.000,0.000,1.082
16:12:46.429,157.638,-2.615,-2.225,True,0.000,0.000,-2.615,-2.225,3.433,0.000,0.000,0.000,0.978
16:12:46.449,157.658,-1.908,-0.878,True,0.000,0.000,-1.908,-0.878,2.100,0.000,0.000,0.000,0.538
16:12:46.469,157.678,-3.011,-3.523,True,0.000,0.000,-3.011,-3.523,4.634,0.000,0.000,0.000,0.518
16:12:46.490,157.699,-2.387,-2.061,True,0.000,0.000,-2.387,-2.061,3.154,0.000,0.000,0.000,0.912
16:12:46.511,157.720,-1.959,-0.106,True,0.000,0.000,-1.959,-0.106,1.962,0.000,0.000,0.000,1.018
16:12:46.531,157.741,-1.692,0.381,True,0.000,0.000,-1.692,0.381,1.735,0.000,0.000,0.000,1.108
16:12:46.552,157.761,-1.385,1.078,True,0.000,0.000,-1.385,1.078,1.755,0.000,0.000,0.000,0.986
16:12:46.573,157.782,-3.454,-3.817,True,0.000,0.000,-3.454,-3.817,5.148,0.000,0.000,0.000,1.093
16:12:46.593,157.802,-4.496,-6.281,True,0.000,0.000,-4.496,-6.281,7.724,0.000,0.000,0.000,0.980
16:12:46.613,157.823,-3.532,-4.088,True,0.000,0.000,-3.532,-4.088,5.402,0.000,0.000,0.000,0.861
16:12:46.633,157.842,-2.821,-2.466,True,0.000,0.000,-2.821,-2.466,3.747,0.000,0.000,0.000,0.532
16:12:46.654,157.863,-2.301,-0.393,True,0.000,0.000,-2.301,-0.393,2.334,0.000,0.000,0.000,1.114
16:12:46.674,157.883,-3.465,-3.323,True,0.000,0.000,-3.465,-3.323,4.801,0.000,0.000,0.000,0.585
16:12:46.695,157.904,-5.108,-5.567,True,0.000,0.000,-5.108,-5.567,7.555,0.000,0.000,0.000,0.908
16:12:46.715,157.924,-6.276,-7.151,True,0.000,0.000,-6.276,-7.151,9.514,0.000,0.000,0.000,1.151
16:12:46.736,157.945,-4.744,-5.528,True,0.000,0.000,-4.744,-5.528,7.285,0.000,0.000,0.000,1.047
16:12:46.756,157.965,-5.808,-7.713,True,0.000,0.000,-5.808,-7.713,9.655,0.000,0.000,0.000,0.727
16:12:46.776,157.985,-5.037,-7.489,True,0.000,0.000,-5.037,-7.489,9.025,0.000,0.000,0.000,0.527
16:12:46.796,158.006,-3.659,-6.319,True,0.000,0.000,-3.659,-6.319,7.302,0.000,0.000,0.000,1.148
16:12:46.817,158.026,-4.935,-8.026,True,0.000,0.000,-4.935,-8.026,9.422,0.000,0.000,0.000,1.043
16:12:46.837,158.046,-5.152,-8.375,True,0.000,0.000,-5.152,-8.375,9.832,0.000,0.000,0.000,0.516
16:12:46.857,158.066,-6.054,-8.547,True,0.000,0.000,-6.054,-8.547,10.473,0.000,0.000,0.000,0.875
16:12:46.877,158.086,-4.403,-5.961,True,0.000,0.000,-4.403,-5.961,7.411,0.000,0.000,0.000,0.660
16:12:46.898,158.107,-3.151,-4.025,True,0.000,0.000,-3.151,-4.025,5.112,0.000,0.000,0.000,1.063
16:12:46.919,158.128,-2.274,-1.809,True,0.000,0.000,-2.274,-1.809,2.906,0.000,0.000,0.000,0.683
16:12:46.939,158.148,-4.760,-2.092,True,0.000,0.000,-4.760,-2.092,5.200,0.000,0.000,0.000,0.507
16:12:46.959,158.168,-4.374,-3.367,True,0.000,0.000,-4.374,-3.367,5.520,0.000,0.000,0.000,0.575
16:12:46.979,158.189,-4.054,-4.418,True,0.000,0.000,-4.054,-4.418,5.996,0.000,0.000,0.000,0.650
16:12:47.000,158.209,-3.048,-2.581,True,0.000,0.000,-3.048,-2.581,3.994,0.000,0.000,0.000,1.026
16:12:47.022,158.231,-2.324,-0.351,True,0.000,0.000,-2.324,-0.351,2.351,0.000,0.000,0.000,1.114
16:12:47.042,158.252,-1.846,0.322,True,0.000,0.000,-1.846,0.322,1.874,0.000,0.000,0.000,0.970
16:12:47.063,158.272,-3.087,-3.727,True,0.000,0.000,-3.087,-3.727,4.840,0.000,0.000,0.000,1.057
16:12:47.084,158.293,-2.533,-2.404,True,0.000,0.000,-2.533,-2.404,3.492,0.000,0.000,0.000,1.063
16:12:47.104,158.313,-4.411,-4.881,True,0.000,0.000,-4.411,-4.881,6.578,0.000,0.000,0.000,1.040
16:12:47.124,158.333,-3.509,-2.284,True,0.000,0.000,-3.509,-2.284,4.187,0.000,0.000,0.000,0.647
16:12:47.145,158.354,-2.790,-2.052,True,0.000,0.000,-2.790,-2.052,3.463,0.000,0.000,0.000,0.650
16:12:47.165,158.374,-3.782,-4.555,True,0.000,0.000,-3.782,-4.555,5.920,0.000,0.000,0.000,0.521
16:12:47.186,158.395,-6.048,-4.648,True,0.000,0.000,-6.048,-4.648,7.628,0.000,0.000,0.000,1.071
16:12:47.206,158.415,-5.384,-1.996,True,0.000,0.000,-5.384,-1.996,5.742,0.000,0.000,0.000,0.911
16:12:47.226,158.436,-5.547,-4.404,True,0.000,0.000,-5.547,-4.404,7.083,0.000,0.000,0.000,1.285
16:12:47.247,158.456,-4.849,-5.339,True,0.000,0.000,-4.849,-5.339,7.213,0.000,0.000,0.000,1.130
16:12:47.267,158.476,-5.819,-6.842,True,0.000,0.000,-5.819,-6.842,8.982,0.000,0.000,0.000,0.537
16:12:47.287,158.496,-6.518,-6.974,True,0.000,0.000,-6.518,-6.974,9.546,0.000,0.000,0.000,0.614
16:12:47.308,158.517,-6.219,-7.826,True,0.000,0.000,-6.219,-7.826,9.996,0.000,0.000,0.000,1.101
16:12:47.328,158.537,-4.417,-4.834,True,0.000,0.000,-4.417,-4.834,6.548,0.000,0.000,0.000,0.699
16:12:47.349,158.558,-3.838,-4.316,True,0.000,0.000,-3.838,-4.316,5.776,0.000,0.000,0.000,1.017
16:12:47.370,158.579,-4.996,-5.751,True,0.000,0.000,-4.996,-5.751,7.618,0.000,0.000,0.000,1.114
16:12:47.390,158.599,-3.615,-3.337,True,0.000,0.000,-3.615,-3.337,4.920,0.000,0.000,0.000,1.034
16:12:47.410,158.619,-4.895,-5.083,True,0.000,0.000,-4.895,-5.083,7.057,0.000,0.000,0.000,0.531
16:12:47.432,158.641,-3.596,-2.925,True,0.000,0.000,-3.596,-2.925,4.635,0.000,0.000,0.000,1.095
16:12:47.452,158.661,-2.640,-2.230,True,0.000,0.000,-2.640,-2.230,3.455,0.000,0.000,0.000,0.524
16:12:47.472,158.681,-3.515,-4.448,True,0.000,0.000,-3.515,-4.448,5.669,0.000,0.000,0.000,0.760
16:12:47.492,158.702,-4.224,-6.149,True,0.000,0.000,-4.224,-6.149,7.460,0.000,0.000,0.000,0.651
16:12:47.513,158.723,-6.278,-5.597,True,0.000,0.000,-6.278,-5.597,8.411,0.000,0.000,0.000,1.149
16:12:47.534,158.743,-6.929,-5.881,True,0.000,0.000,-6.929,-5.881,9.088,0.000,0.000,0.000,1.144
16:12:47.554,158.763,-5.301,-7.285,True,0.000,0.000,-5.301,-7.285,9.009,0.000,0.000,0.000,1.089
16:12:47.574,158.783,-7.051,-6.022,True,0.000,0.000,-7.051,-6.022,9.272,0.000,0.000,0.000,1.058
16:12:47.595,158.804,-4.950,-3.375,True,0.000,0.000,-4.950,-3.375,5.991,0.000,0.000,0.000,1.092
16:12:47.615,158.824,-3.464,-1.563,True,0.000,0.000,-3.464,-1.563,3.800,0.000,0.000,0.000,1.036
16:12:47.635,158.844,-3.195,-0.361,True,0.000,0.000,-3.195,-0.361,3.215,0.000,0.000,0.000,0.593
16:12:47.655,158.864,-4.604,-3.151,True,0.000,0.000,-4.604,-3.151,5.579,0.000,0.000,0.000,0.542
16:12:47.676,158.885,-5.699,-6.215,True,0.000,0.000,-5.699,-6.215,8.432,0.000,0.000,0.000,0.959
16:12:47.696,158.905,-6.485,-7.551,True,0.000,0.000,-6.485,-7.551,9.954,0.000,0.000,0.000,0.547
16:12:47.717,158.926,-4.711,-5.740,True,0.000,0.000,-4.711,-5.740,7.426,0.000,0.000,0.000,0.935
16:12:47.737,158.946,-5.641,-6.032,True,0.000,0.000,-5.641,-6.032,8.259,0.000,0.000,0.000,1.120
16:12:47.758,158.967,-4.052,-2.689,True,0.000,0.000,-4.052,-2.689,4.863,0.000,0.000,0.000,1.130
16:12:47.778,158.987,-5.163,-4.624,True,0.000,0.000,-5.163,-4.624,6.931,0.000,0.000,0.000,0.846
16:12:47.798,159.007,-6.020,-6.143,True,0.000,0.000,-6.020,-6.143,8.601,0.000,0.000,0.000,1.207
16:12:47.819,159.028,-4.347,-3.730,True,0.000,0.000,-4.347,-3.730,5.728,0.000,0.000,0.000,1.027
16:12:47.839,159.048,-3.089,-1.915,True,0.000,0.000,-3.089,-1.915,3.634,0.000,0.000,0.000,0.790
16:12:47.859,159.068,-2.217,-0.655,True,0.000,0.000,-2.217,-0.655,2.311,0.000,0.000,0.000,0.723
16:12:47.880,159.089,-1.667,0.139,True,0.000,0.000,-1.667,0.139,1.673,0.000,0.000,0.000,1.071
16:12:47.900,159.109,-1.366,0.575,True,0.000,0.000,-1.366,0.575,1.482,0.000,0.000,0.000,0.856
16:12:47.920,159.129,-3.526,-2.762,True,0.000,0.000,-3.526,-2.762,4.479,0.000,0.000,0.000,0.551
16:12:47.941,159.150,-2.891,-1.783,True,0.000,0.000,-2.891,-1.783,3.396,0.000,0.000,0.000,0.967
16:12:47.961,159.170,-2.396,-1.015,True,0.000,0.000,-2.396,-1.015,2.602,0.000,0.000,0.000,0.774
16:12:47.982,159.191,-2.039,-0.458,True,0.000,0.000,-2.039,-0.458,2.090,0.000,0.000,0.000,1.025
16:12:48.003,159.212,-1.804,0.792,True,0.000,0.000,-1.804,0.792,1.970,0.000,0.000,0.000,1.062
16:12:48.023,159.232,-2.427,0.772,True,0.000,0.000,-2.427,0.772,2.547,0.000,0.000,0.000,0.605
16:12:48.044,159.253,-2.913,-0.209,True,0.000,0.000,-2.913,-0.209,2.920,0.000,0.000,0.000,1.031
16:12:48.064,159.273,-5.546,-1.864,True,0.000,0.000,-5.546,-1.864,5.851,0.000,0.000,0.000,0.599
16:12:48.084,159.293,-6.673,-4.825,True,0.000,0.000,-6.673,-4.825,8.234,0.000,0.000,0.000,0.827
16:12:48.104,159.314,-5.076,-3.389,True,0.000,0.000,-5.076,-3.389,6.103,0.000,0.000,0.000,0.800
16:12:48.125,159.334,-3.774,-1.291,True,0.000,0.000,-3.774,-1.291,3.989,0.000,0.000,0.000,1.084
16:12:48.145,159.355,-2.796,-0.582,True,0.000,0.000,-2.796,-0.582,2.856,0.000,0.000,0.000,0.777
16:12:48.166,159.375,-3.640,-3.625,True,0.000,0.000,-3.640,-3.625,5.137,0.000,0.000,0.000,0.956
16:12:48.186,159.395,-4.317,-5.893,True,0.000,0.000,-4.317,-5.893,7.305,0.000,0.000,0.000,0.505
16:12:48.207,159.416,-5.579,-8.330,True,0.000,0.000,-5.579,-8.330,10.026,0.000,0.000,0.000,1.105
16:12:48.227,159.437,-4.190,-5.543,True,0.000,0.000,-4.190,-5.543,6.948,0.000,0.000,0.000,1.070
16:12:48.248,159.457,-3.111,-3.300,True,0.000,0.000,-3.111,-3.300,4.536,0.000,0.000,0.000,0.930
16:12:48.268,159.477,-3.100,-3.391,True,0.000,0.000,-3.100,-3.391,4.594,0.000,0.000,0.000,1.091
16:12:48.289,159.498,-2.383,-0.887,True,0.000,0.000,-2.383,-0.887,2.543,0.000,0.000,0.000,1.054
16:12:48.309,159.518,-1.902,0.885,True,0.000,0.000,-1.902,0.885,2.098,0.000,0.000,0.000,0.852
16:12:48.329,159.538,-1.613,2.029,True,0.000,0.000,-1.613,2.029,2.592,0.000,0.000,0.000,0.865
16:12:48.349,159.558,-3.750,-2.592,True,0.000,0.000,-3.750,-2.592,4.558,0.000,0.000,0.000,0.595
16:12:48.370,159.579,-5.359,-4.365,True,0.000,0.000,-5.359,-4.365,6.911,0.000,0.000,0.000,0.821
16:12:48.391,159.600,-4.192,-2.944,True,0.000,0.000,-4.192,-2.944,5.123,0.000,0.000,0.000,1.067
16:12:48.411,159.620,-3.241,-2.666,True,0.000,0.000,-3.241,-2.666,4.196,0.000,0.000,0.000,0.894
16:12:48.432,159.641,-5.570,-2.433,True,0.000,0.000,-5.570,-2.433,6.078,0.000,0.000,0.000,1.157
16:12:48.452,159.661,-4.236,-4.011,True,0.000,0.000,-4.236,-4.011,5.834,0.000,0.000,0.000,0.960
16:12:48.472,159.681,-3.184,-2.522,True,0.000,0.000,-3.184,-2.522,4.062,0.000,0.000,0.000,0.733
16:12:48.493,159.702,-4.702,-4.891,True,0.000,0.000,-4.702,-4.891,6.785,0.000,0.000,0.000,1.060
16:12:48.513,159.722,-5.084,-6.626,True,0.000,0.000,-5.084,-6.626,8.352,0.000,0.000,0.000,0.804
16:12:48.533,159.742,-3.804,-3.400,True,0.000,0.000,-3.804,-3.400,5.102,0.000,0.000,0.000,0.515
16:12:48.553,159.762,-2.834,-1.798,True,0.000,0.000,-2.834,-1.798,3.356,0.000,0.000,0.000,0.547
16:12:48.574,159.783,-2.155,-0.674,True,0.000,0.000,-2.155,-0.674,2.258,0.000,0.000,0.000,0.611
16:12:48.594,159.804,-1.723,-0.833,True,0.000,0.000,-1.723,-0.833,1.914,0.000,0.000,0.000,1.153
16:12:48.615,159.824,-3.766,-2.825,True,0.000,0.000,-3.766,-2.825,4.708,0.000,0.000,0.000,0.785
16:12:48.635,159.844,-5.320,-5.227,True,0.000,0.000,-5.320,-5.227,7.458,0.000,0.000,0.000,0.596
16:12:48.656,159.865,-4.126,-3.425,True,0.000,0.000,-4.126,-3.425,5.362,0.000,0.000,0.000,1.237
16:12:48.676,159.885,-3.167,-1.994,True,0.000,0.000,-3.167,-1.994,3.743,0.000,0.000,0.000,0.754
16:12:48.696,159.905,-3.217,-0.943,True,0.000,0.000,-3.217,-0.943,3.352,0.000,0.000,0.000,0.541
16:12:48.717,159.926,-2.521,-0.233,True,0.000,0.000,-2.521,-0.233,2.532,0.000,0.000,0.000,1.023
16:12:48.737,159.946,-2.036,0.198,True,0.000,0.000,-2.036,0.198,2.045,0.000,0.000,0.000,1.102
16:12:48.757,159.966,-4.012,-3.096,True,0.000,0.000,-4.012,-3.096,5.067,0.000,0.000,0.000,0.577
16:12:48.778,159.987,-5.498,-5.569,True,0.000,0.000,-5.498,-5.569,7.826,0.000,0.000,0.000,0.653
16:12:48.799,160.008,-4.245,-4.646,True,0.000,0.000,-4.245,-4.646,6.293,0.000,0.000,0.000,0.957
16:12:48.819,160.028,-3.238,-2.933,True,0.000,0.000,-3.238,-2.933,4.369,0.000,0.000,0.000,1.071
16:12:48.839,160.048,-3.252,-2.490,True,0.000,0.000,-3.252,-2.490,4.095,0.000,0.000,0.000,0.759
16:12:48.860,160.069,-2.532,-1.305,True,0.000,0.000,-2.532,-1.305,2.848,0.000,0.000,0.000,0.729
16:12:48.880,160.089,-2.031,-0.476,True,0.000,0.000,-2.031,-0.476,2.086,0.000,0.000,0.000,0.514
16:12:48.900,160.109,-1.715,-0.827,True,0.000,0.000,-1.715,-0.827,1.904,0.000,0.000,0.000,0.559
16:12:48.921,160.130,-1.541,-0.291,True,0.000,0.000,-1.541,-0.291,1.568,0.000,0.000,0.000,0.551
16:12:48.942,160.151,-2.230,0.048,True,0.000,0.000,-2.230,0.048,2.231,0.000,0.000,0.000,0.544
16:12:48.963,160.172,-2.777,-3.280,True,0.000,0.000,-2.777,-3.280,4.298,0.000,0.000,0.000,1.108
16:12:48.982,160.192,-4.700,-3.994,True,0.000,0.000,-4.700,-3.994,6.168,0.000,0.000,0.000,0.550
16:12:49.003,160.212,-3.790,-2.652,True,0.000,0.000,-3.790,-2.652,4.626,0.000,0.000,0.000,1.109
16:12:49.023,160.232,-5.316,-5.090,True,0.000,0.000,-5.316,-5.090,7.360,0.000,0.000,0.000,0.810
16:12:49.043,160.253,-4.869,-5.961,True,0.000,0.000,-4.869,-5.961,7.697,0.000,0.000,0.000,0.819
16:12:49.064,160.273,-3.695,-3.838,True,0.000,0.000,-3.695,-3.838,5.328,0.000,0.000,0.000,0.965
16:12:49.085,160.294,-5.082,-5.691,True,0.000,0.000,-5.082,-5.691,7.630,0.000,0.000,0.000,0.755
16:12:49.105,160.314,-4.583,-5.279,True,0.000,0.000,-4.583,-5.279,6.991,0.000,0.000,0.000,1.077
16:12:49.125,160.334,-6.459,-4.902,True,0.000,0.000,-6.459,-4.902,8.109,0.000,0.000,0.000,0.717
16:12:49.146,160.355,-4.762,-2.832,True,0.000,0.000,-4.762,-2.832,5.541,0.000,0.000,0.000,0.705
16:12:49.168,160.378,-3.441,-0.440,True,0.000,0.000,-3.441,-0.440,3.469,0.000,0.000,0.000,0.921
16:12:49.188,160.397,-2.491,0.336,True,0.000,0.000,-2.491,0.336,2.513,0.000,0.000,0.000,0.548
16:12:49.209,160.418,-1.864,0.738,True,0.000,0.000,-1.864,0.738,2.005,0.000,0.000,0.000,0.908
16:12:49.229,160.438,-1.496,0.879,True,0.000,0.000,-1.496,0.879,1.735,0.000,0.000,0.000,0.525
16:12:49.249,160.459,-1.319,1.734,True,0.000,0.000,-1.319,1.734,2.178,0.000,0.000,0.000,0.621
16:12:49.272,160.481,-2.032,1.377,True,0.000,0.000,-2.032,1.377,2.455,0.000,0.000,0.000,1.080
16:12:49.293,160.502,-1.855,1.890,True,0.000,0.000,-1.855,1.890,2.648,0.000,0.000,0.000,1.357
16:12:49.313,160.522,-4.027,-2.195,True,0.000,0.000,-4.027,-2.195,4.587,0.000,0.000,0.000,1.112
16:12:49.334,160.543,-3.339,-1.710,True,0.000,0.000,-3.339,-1.710,3.752,0.000,0.000,0.000,1.048
16:12:49.354,160.563,-2.761,-4.747,True,0.000,0.000,-2.761,-4.747,5.492,0.000,0.000,0.000,1.003
16:12:49.375,160.584,-2.314,-6.879,True,0.000,0.000,-2.314,-6.879,7.258,0.000,0.000,0.000,1.051
16:12:49.395,160.604,-1.995,-5.606,True,0.000,0.000,-1.995,-5.606,5.950,0.000,0.000,0.000,0.534
16:12:49.415,160.624,-4.070,-7.095,True,0.000,0.000,-4.070,-7.095,8.180,0.000,0.000,0.000,0.629
16:12:49.436,160.645,-6.367,-6.310,True,0.000,0.000,-6.367,-6.310,8.964,0.000,0.000,0.000,1.146
16:12:49.456,160.665,-4.920,-4.720,True,0.000,0.000,-4.920,-4.720,6.818,0.000,0.000,0.000,0.876
16:12:49.477,160.686,-3.723,-2.618,True,0.000,0.000,-3.723,-2.618,4.552,0.000,0.000,0.000,1.009
16:12:49.497,160.706,-4.333,-4.628,True,0.000,0.000,-4.333,-4.628,6.339,0.000,0.000,0.000,1.152
16:12:49.517,160.727,-3.271,-2.674,True,0.000,0.000,-3.271,-2.674,4.225,0.000,0.000,0.000,0.950
16:12:49.538,160.747,-2.489,-1.245,True,0.000,0.000,-2.489,-1.245,2.783,0.000,0.000,0.000,0.908
16:12:49.558,160.767,-1.958,-1.163,True,0.000,0.000,-1.958,-1.163,2.277,0.000,0.000,0.000,0.833
16:12:49.581,160.790,-2.394,-2.978,True,0.000,0.000,-2.394,-2.978,3.821,0.000,0.000,0.000,1.187
16:12:49.601,160.810,-4.300,-5.262,True,0.000,0.000,-4.300,-5.262,6.796,0.000,0.000,0.000,0.781
16:12:49.622,160.831,-3.428,-6.025,True,0.000,0.000,-3.428,-6.025,6.932,0.000,0.000,0.000,1.177
16:12:49.642,160.851,-5.780,-4.712,True,0.000,0.000,-5.780,-4.712,7.458,0.000,0.000,0.000,0.617
16:12:49.663,160.872,-4.435,-2.769,True,0.000,0.000,-4.435,-2.769,5.228,0.000,0.000,0.000,1.219
16:12:49.683,160.893,-5.637,-4.851,True,0.000,0.000,-5.637,-4.851,7.437,0.000,0.000,0.000,1.013
16:12:49.704,160.913,-4.206,-2.912,True,0.000,0.000,-4.206,-2.912,5.115,0.000,0.000,0.000,0.912
16:12:49.724,160.933,-3.102,-1.463,True,0.000,0.000,-3.102,-1.463,3.430,0.000,0.000,0.000,0.995
16:12:49.744,160.953,-2.316,-3.981,True,0.000,0.000,-2.316,-3.981,4.605,0.000,0.000,0.000,0.948
16:12:49.765,160.974,-4.849,-4.150,True,0.000,0.000,-4.849,-4.150,6.382,0.000,0.000,0.000,1.065
16:12:49.785,160.994,-6.000,-4.238,True,0.000,0.000,-6.000,-4.238,7.346,0.000,0.000,0.000,1.079
16:12:49.806,161.015,-6.782,-6.027,True,0.000,0.000,-6.782,-6.027,9.073,0.000,0.000,0.000,1.076
16:12:49.826,161.035,-4.975,-3.781,True,0.000,0.000,-4.975,-3.781,6.249,0.000,0.000,0.000,0.986
16:12:49.847,161.056,-4.329,-5.570,True,0.000,0.000,-4.329,-5.570,7.055,0.000,0.000,0.000,1.151
16:12:49.867,161.076,-5.389,-6.895,True,0.000,0.000,-5.389,-6.895,8.751,0.000,0.000,0.000,1.220
16:12:49.887,161.096,-6.190,-7.798,True,0.000,0.000,-6.190,-7.798,9.956,0.000,0.000,0.000,1.082
16:12:49.907,161.116,-6.750,-8.353,True,0.000,0.000,-6.750,-8.353,10.740,0.000,0.000,0.000,0.624
16:12:49.927,161.137,-4.822,-4.252,True,0.000,0.000,-4.822,-4.252,6.428,0.000,0.000,0.000,1.029
16:12:49.948,161.157,-4.123,-2.930,True,0.000,0.000,-4.123,-2.930,5.058,0.000,0.000,0.000,1.025
16:12:49.969,161.179,-2.895,-1.193,True,0.000,0.000,-2.895,-1.193,3.131,0.000,0.000,0.000,1.132
16:12:49.990,161.199,-4.346,-2.700,True,0.000,0.000,-4.346,-2.700,5.116,0.000,0.000,0.000,1.068
16:12:50.010,161.219,-3.971,-3.084,True,0.000,0.000,-3.971,-3.084,5.028,0.000,0.000,0.000,0.650
16:12:50.030,161.240,-5.228,-5.178,True,0.000,0.000,-5.228,-5.178,7.358,0.000,0.000,0.000,0.944
16:12:50.051,161.260,-3.877,-6.722,True,0.000,0.000,-3.877,-6.722,7.760,0.000,0.000,0.000,1.118
16:12:50.071,161.280,-3.620,-7.770,True,0.000,0.000,-3.620,-7.770,8.572,0.000,0.000,0.000,0.575
16:12:50.091,161.301,-3.410,-8.608,True,0.000,0.000,-3.410,-8.608,9.259,0.000,0.000,0.000,0.654
16:12:50.112,161.321,-5.376,-8.718,True,0.000,0.000,-5.376,-8.718,10.242,0.000,0.000,0.000,1.155
16:12:50.132,161.341,-4.656,-7.796,True,0.000,0.000,-4.656,-7.796,9.080,0.000,0.000,0.000,0.563
16:12:50.152,161.361,-5.777,-8.100,True,0.000,0.000,-5.777,-8.100,9.949,0.000,0.000,0.000,0.599
16:12:50.173,161.382,-6.531,-8.277,True,0.000,0.000,-6.531,-8.277,10.543,0.000,0.000,0.000,1.186
16:12:50.194,161.403,-6.984,-8.523,True,0.000,0.000,-6.984,-8.523,11.019,0.000,0.000,0.000,1.081
16:12:50.214,161.424,-7.227,-8.423,True,0.000,0.000,-7.227,-8.423,11.098,0.000,0.000,0.000,1.091
16:12:50.235,161.444,-7.354,-8.375,True,0.000,0.000,-7.354,-8.375,11.145,0.000,0.000,0.000,1.025
16:12:50.255,161.464,-7.406,-6.500,True,0.000,0.000,-7.406,-6.500,9.854,0.000,0.000,0.000,0.633
16:12:50.275,161.485,-5.091,-3.434,True,0.000,0.000,-5.091,-3.434,6.141,0.000,0.000,0.000,0.705
16:12:50.296,161.505,-3.409,-4.838,True,0.000,0.000,-3.409,-4.838,5.918,0.000,0.000,0.000,0.566
16:12:50.316,161.525,-3.785,-6.025,True,0.000,0.000,-3.785,-6.025,7.115,0.000,0.000,0.000,0.520
16:12:50.338,161.547,-4.942,-6.954,True,0.000,0.000,-4.942,-6.954,8.531,0.000,0.000,0.000,1.183
16:12:50.358,161.567,-5.853,-8.506,True,0.000,0.000,-5.853,-8.506,10.325,0.000,0.000,0.000,0.953
16:12:50.378,161.587,-5.751,-8.708,True,0.000,0.000,-5.751,-8.708,10.435,0.000,0.000,0.000,1.057
16:12:50.399,161.608,-6.402,-8.756,True,0.000,0.000,-6.402,-8.756,10.847,0.000,0.000,0.000,0.943
16:12:50.419,161.628,-4.564,-5.194,True,0.000,0.000,-4.564,-5.194,6.914,0.000,0.000,0.000,1.012
16:12:50.440,161.649,-5.473,-6.070,True,0.000,0.000,-5.473,-6.070,8.173,0.000,0.000,0.000,1.107
16:12:50.460,161.670,-3.894,-2.420,True,0.000,0.000,-3.894,-2.420,4.584,0.000,0.000,0.000,1.114
16:12:50.481,161.690,-4.266,-4.210,True,0.000,0.000,-4.266,-4.210,5.994,0.000,0.000,0.000,1.038
16:12:50.501,161.710,-4.600,-5.696,True,0.000,0.000,-4.600,-5.696,7.321,0.000,0.000,0.000,0.916
16:12:50.521,161.730,-4.111,-3.317,True,0.000,0.000,-4.111,-3.317,5.283,0.000,0.000,0.000,0.983
16:12:50.541,161.750,-3.003,-2.449,True,0.000,0.000,-3.003,-2.449,3.876,0.000,0.000,0.000,0.615
16:12:50.562,161.771,-2.226,-0.149,True,0.000,0.000,-2.226,-0.149,2.231,0.000,0.000,0.000,0.944
16:12:50.582,161.791,-4.014,-2.097,True,0.000,0.000,-4.014,-2.097,4.528,0.000,0.000,0.000,0.830
16:12:50.602,161.811,-5.392,-4.560,True,0.000,0.000,-5.392,-4.560,7.062,0.000,0.000,0.000,1.114
16:12:50.623,161.832,-6.375,-6.388,True,0.000,0.000,-6.375,-6.388,9.024,0.000,0.000,0.000,1.203
16:12:50.643,161.852,-7.015,-7.637,True,0.000,0.000,-7.015,-7.637,10.370,0.000,0.000,0.000,1.129
16:12:50.663,161.873,-7.385,-8.409,True,0.000,0.000,-7.385,-8.409,11.192,0.000,0.000,0.000,0.895
16:12:50.684,161.893,-6.796,-8.818,True,0.000,0.000,-6.796,-8.818,11.133,0.000,0.000,0.000,1.004
16:12:50.704,161.913,-7.045,-8.972,True,0.000,0.000,-7.045,-8.972,11.407,0.000,0.000,0.000,0.503
16:12:50.725,161.934,-5.666,-8.962,True,0.000,0.000,-5.666,-8.962,10.603,0.000,0.000,0.000,0.721
16:12:50.745,161.954,-6.912,-6.224,True,0.000,0.000,-6.912,-6.224,9.301,0.000,0.000,0.000,1.036
16:12:50.766,161.975,-4.803,-3.291,True,0.000,0.000,-4.803,-3.291,5.822,0.000,0.000,0.000,1.133
16:12:50.786,161.995,-4.766,-4.748,True,0.000,0.000,-4.766,-4.748,6.727,0.000,0.000,0.000,1.076
16:12:50.806,162.015,-6.330,-4.223,True,0.000,0.000,-6.330,-4.223,7.609,0.000,0.000,0.000,0.703
16:12:50.827,162.036,-6.755,-4.786,True,0.000,0.000,-6.755,-4.786,8.279,0.000,0.000,0.000,0.963
16:12:50.847,162.056,-5.511,-3.506,True,0.000,0.000,-5.511,-3.506,6.532,0.000,0.000,0.000,0.913
16:12:50.867,162.076,-3.807,-1.725,True,0.000,0.000,-3.807,-1.725,4.180,0.000,0.000,0.000,1.010
16:12:50.887,162.097,-4.880,-4.023,True,0.000,0.000,-4.880,-4.023,6.324,0.000,0.000,0.000,1.111
16:12:50.907,162.116,-4.987,-5.820,True,0.000,0.000,-4.987,-5.820,7.665,0.000,0.000,0.000,0.545
16:12:50.928,162.137,-5.847,-7.119,True,0.000,0.000,-5.847,-7.119,9.212,0.000,0.000,0.000,0.662
16:12:50.949,162.158,-6.480,-7.981,True,0.000,0.000,-6.480,-7.981,10.280,0.000,0.000,0.000,1.109
16:12:50.968,162.178,-6.909,-8.492,True,0.000,0.000,-6.909,-8.492,10.948,0.000,0.000,0.000,0.512
16:12:50.990,162.199,-4.888,-4.348,True,0.000,0.000,-4.888,-4.348,6.542,0.000,0.000,0.000,1.383
16:12:51.010,162.219,-4.129,-2.112,True,0.000,0.000,-4.129,-2.112,4.638,0.000,0.000,0.000,1.132
16:12:51.029,162.239,-2.865,-0.589,True,0.000,0.000,-2.865,-0.589,2.925,0.000,0.000,0.000,0.570
16:12:51.051,162.260,-4.300,-1.411,True,0.000,0.000,-4.300,-1.411,4.525,0.000,0.000,0.000,1.127
16:12:51.071,162.280,-5.444,-3.953,True,0.000,0.000,-5.444,-3.953,6.727,0.000,0.000,0.000,1.090
16:12:51.092,162.301,-6.286,-5.897,True,0.000,0.000,-6.286,-5.897,8.619,0.000,0.000,0.000,1.166
16:12:51.111,162.321,-6.858,-6.392,True,0.000,0.000,-6.858,-6.392,9.375,0.000,0.000,0.000,0.522
16:12:51.132,162.341,-4.924,-4.004,True,0.000,0.000,-4.924,-4.004,6.346,0.000,0.000,0.000,0.542
16:12:51.152,162.362,-3.449,-3.049,True,0.000,0.000,-3.449,-3.049,4.603,0.000,0.000,0.000,0.834
16:12:51.173,162.382,-2.410,-0.629,True,0.000,0.000,-2.410,-0.629,2.490,0.000,0.000,0.000,0.796
16:12:51.193,162.403,-1.743,0.186,True,0.000,0.000,-1.743,0.186,1.752,0.000,0.000,0.000,0.809
16:12:51.214,162.423,-1.366,0.627,True,0.000,0.000,-1.366,0.627,1.503,0.000,0.000,0.000,0.724
16:12:51.234,162.443,-1.199,0.804,True,0.000,0.000,-1.199,0.804,1.443,0.000,0.000,0.000,1.060
16:12:51.254,162.463,-2.694,-2.707,True,0.000,0.000,-2.694,-2.707,3.819,0.000,0.000,0.000,0.609
16:12:51.275,162.484,-4.614,-5.350,True,0.000,0.000,-4.614,-5.350,7.065,0.000,0.000,0.000,1.094
16:12:51.295,162.504,-3.714,-3.670,True,0.000,0.000,-3.714,-3.670,5.221,0.000,0.000,0.000,1.097
16:12:51.317,162.526,-2.970,-2.280,True,0.000,0.000,-2.970,-2.280,3.744,0.000,0.000,0.000,0.669
16:12:51.337,162.546,-5.449,-2.976,True,0.000,0.000,-5.449,-2.976,6.209,0.000,0.000,0.000,0.909
16:12:51.357,162.567,-6.500,-4.381,True,0.000,0.000,-6.500,-4.381,7.838,0.000,0.000,0.000,1.094
16:12:51.378,162.587,-7.164,-6.266,True,0.000,0.000,-7.164,-6.266,9.517,0.000,0.000,0.000,1.125
16:12:51.398,162.608,-6.768,-7.561,True,0.000,0.000,-6.768,-7.561,10.148,0.000,0.000,0.000,1.053
16:12:51.419,162.628,-4.846,-8.369,True,0.000,0.000,-4.846,-8.369,9.671,0.000,0.000,0.000,1.043
16:12:51.439,162.648,-4.910,-8.803,True,0.000,0.000,-4.910,-8.803,10.079,0.000,0.000,0.000,0.849
16:12:51.459,162.668,-5.754,-9.851,True,0.000,0.000,-5.754,-9.851,11.408,0.000,0.000,0.000,0.674
16:12:51.479,162.688,-4.866,-8.731,True,0.000,0.000,-4.866,-8.731,9.995,0.000,0.000,0.000,0.625
16:12:51.500,162.709,-5.726,-8.662,True,0.000,0.000,-5.726,-8.662,10.383,0.000,0.000,0.000,0.924
16:12:51.521,162.730,-6.373,-6.804,True,0.000,0.000,-6.373,-6.804,9.323,0.000,0.000,0.000,0.945
16:12:51.540,162.750,-5.301,-2.788,True,0.000,0.000,-5.301,-2.788,5.989,0.000,0.000,0.000,0.530
16:12:51.560,162.770,-6.004,-4.325,True,0.000,0.000,-6.004,-4.325,7.399,0.000,0.000,0.000,0.525
16:12:51.581,162.790,-6.529,-5.653,True,0.000,0.000,-6.529,-5.653,8.636,0.000,0.000,0.000,1.085
16:12:51.601,162.811,-6.891,-6.706,True,0.000,0.000,-6.891,-6.706,9.615,0.000,0.000,0.000,0.779
16:12:51.622,162.831,-6.357,-7.476,True,0.000,0.000,-6.357,-7.476,9.813,0.000,0.000,0.000,1.142
16:12:51.642,162.851,-6.688,-7.116,True,0.000,0.000,-6.688,-7.116,9.766,0.000,0.000,0.000,1.023
16:12:51.664,162.873,-4.637,-3.277,True,0.000,0.000,-4.637,-3.277,5.678,0.000,0.000,0.000,1.090
16:12:51.685,162.894,-6.175,-3.099,True,0.000,0.000,-6.175,-3.099,6.909,0.000,0.000,0.000,1.018
16:12:51.705,162.914,-5.842,-4.872,True,0.000,0.000,-5.842,-4.872,7.607,0.000,0.000,0.000,1.140
16:12:51.725,162.934,-4.066,-3.633,True,0.000,0.000,-4.066,-3.633,5.452,0.000,0.000,0.000,0.713
16:12:51.746,162.955,-2.782,-1.860,True,0.000,0.000,-2.782,-1.860,3.347,0.000,0.000,0.000,1.111
16:12:51.766,162.975,-2.693,-1.510,True,0.000,0.000,-2.693,-1.510,3.087,0.000,0.000,0.000,1.053
16:12:51.787,162.996,-1.980,-0.494,True,0.000,0.000,-1.980,-0.494,2.041,0.000,0.000,0.000,1.109
16:12:51.806,163.015,-3.072,-3.374,True,0.000,0.000,-3.072,-3.374,4.563,0.000,0.000,0.000,0.631
16:12:51.827,163.036,-2.434,-1.184,True,0.000,0.000,-2.434,-1.184,2.707,0.000,0.000,0.000,0.740
16:12:51.847,163.057,-1.992,-0.435,True,0.000,0.000,-1.992,-0.435,2.039,0.000,0.000,0.000,0.976
16:12:51.868,163.077,-1.714,0.042,True,0.000,0.000,-1.714,0.042,1.715,0.000,0.000,0.000,1.084
16:12:51.888,163.097,-3.846,-3.206,True,0.000,0.000,-3.846,-3.206,5.007,0.000,0.000,0.000,0.858
16:12:51.908,163.117,-5.440,-5.642,True,0.000,0.000,-5.440,-5.642,7.837,0.000,0.000,0.000,0.631
16:12:51.929,163.138,-4.256,-3.809,True,0.000,0.000,-4.256,-3.809,5.712,0.000,0.000,0.000,0.886
16:12:51.949,163.158,-3.287,-2.315,True,0.000,0.000,-3.287,-2.315,4.020,0.000,0.000,0.000,0.500
16:12:51.970,163.179,-4.839,-4.706,True,0.000,0.000,-4.839,-4.706,6.750,0.000,0.000,0.000,1.020
16:12:51.990,163.199,-5.986,-7.354,True,0.000,0.000,-5.986,-7.354,9.482,0.000,0.000,0.000,0.985
16:12:52.010,163.219,-6.005,-8.318,True,0.000,0.000,-6.005,-8.318,10.259,0.000,0.000,0.000,1.147
16:12:52.031,163.240,0.920,-3.574,True,0.000,0.000,0.920,-3.574,3.690,0.000,0.000,0.000,1.133
16:12:52.051,163.260,0.678,-2.604,True,0.000,0.000,0.678,-2.604,2.691,0.000,0.000,0.000,0.544
16:12:52.072,163.281,-2.033,-2.864,True,0.000,0.000,-2.033,-2.864,3.513,0.000,0.000,0.000,1.044
16:12:52.092,163.301,-4.173,-4.914,True,0.000,0.000,-4.173,-4.914,6.446,0.000,0.000,0.000,0.600
16:12:52.112,163.321,-5.733,-6.464,True,0.000,0.000,-5.733,-6.464,8.640,0.000,0.000,0.000,0.794
16:12:52.133,163.342,-4.494,-4.031,True,0.000,0.000,-4.494,-4.031,6.037,0.000,0.000,0.000,1.062
16:12:52.153,163.362,-3.465,-2.169,True,0.000,0.000,-3.465,-2.169,4.088,0.000,0.000,0.000,0.702
16:12:52.173,163.382,-2.679,-0.852,True,0.000,0.000,-2.679,-0.852,2.811,0.000,0.000,0.000,0.582
16:12:52.193,163.402,-2.123,-0.881,True,0.000,0.000,-2.123,-0.881,2.299,0.000,0.000,0.000,0.560
16:12:52.214,163.423,-2.526,-3.671,True,0.000,0.000,-2.526,-3.671,4.456,0.000,0.000,0.000,1.023
16:12:52.234,163.444,-2.113,-2.275,True,0.000,0.000,-2.113,-2.275,3.105,0.000,0.000,0.000,1.052
16:12:52.254,163.464,-4.121,-4.726,True,0.000,0.000,-4.121,-4.726,6.270,0.000,0.000,0.000,0.986
16:12:52.275,163.484,-3.328,-3.012,True,0.000,0.000,-3.328,-3.012,4.489,0.000,0.000,0.000,1.129
16:12:52.295,163.504,-3.453,-2.558,True,0.000,0.000,-3.453,-2.558,4.297,0.000,0.000,0.000,0.540
16:12:52.316,163.525,-2.772,-1.359,True,0.000,0.000,-2.772,-1.359,3.088,0.000,0.000,0.000,1.071
16:12:52.336,163.545,-2.266,-0.516,True,0.000,0.000,-2.266,-0.516,2.324,0.000,0.000,0.000,0.938
16:12:52.356,163.565,-1.918,-0.854,True,0.000,0.000,-1.918,-0.854,2.100,0.000,0.000,0.000,1.001
16:12:52.377,163.586,-3.986,-2.945,True,0.000,0.000,-3.986,-2.945,4.956,0.000,0.000,0.000,0.872
16:12:52.397,163.606,-5.528,-5.389,True,0.000,0.000,-5.528,-5.389,7.720,0.000,0.000,0.000,0.545
16:12:52.418,163.627,-5.064,-7.107,True,0.000,0.000,-5.064,-7.107,8.727,0.000,0.000,0.000,1.143
16:12:52.438,163.647,-3.857,-4.694,True,0.000,0.000,-3.857,-4.694,6.075,0.000,0.000,0.000,0.762
16:12:52.458,163.667,-2.923,-2.764,True,0.000,0.000,-2.923,-2.764,4.022,0.000,0.000,0.000,0.729
16:12:52.478,163.687,-2.254,-1.338,True,0.000,0.000,-2.254,-1.338,2.621,0.000,0.000,0.000,0.744
16:12:52.498,163.708,-4.099,-3.884,True,0.000,0.000,-4.099,-3.884,5.647,0.000,0.000,0.000,0.518
16:12:52.519,163.728,-3.978,-2.323,True,0.000,0.000,-3.978,-2.323,4.607,0.000,0.000,0.000,0.873
16:12:52.539,163.748,-5.379,-2.917,True,0.000,0.000,-5.379,-2.917,6.119,0.000,0.000,0.000,0.751
16:12:52.559,163.769,-4.853,-5.151,True,0.000,0.000,-4.853,-5.151,7.077,0.000,0.000,0.000,0.509
16:12:52.580,163.789,-3.636,-3.262,True,0.000,0.000,-3.636,-3.262,4.884,0.000,0.000,0.000,0.956
16:12:52.601,163.810,-2.721,-5.316,True,0.000,0.000,-2.721,-5.316,5.972,0.000,0.000,0.000,1.024
16:12:52.621,163.830,-2.088,-3.306,True,0.000,0.000,-2.088,-3.306,3.910,0.000,0.000,0.000,1.120
16:12:52.643,163.852,-1.689,-5.285,True,0.000,0.000,-1.689,-5.285,5.549,0.000,0.000,0.000,1.181
16:12:52.662,163.871,-1.472,-4.115,True,0.000,0.000,-1.472,-4.115,4.371,0.000,0.000,0.000,0.515
16:12:52.683,163.892,-1.383,-2.324,True,0.000,0.000,-1.383,-2.324,2.705,0.000,0.000,0.000,0.987
16:12:52.703,163.913,-1.378,-0.151,True,0.000,0.000,-1.378,-0.151,1.386,0.000,0.000,0.000,0.846
16:12:52.723,163.932,-3.705,-3.049,True,0.000,0.000,-3.705,-3.049,4.798,0.000,0.000,0.000,0.573
16:12:52.744,163.953,-3.143,-2.667,True,0.000,0.000,-3.143,-2.667,4.122,0.000,0.000,0.000,1.096
16:12:52.764,163.974,-4.944,-5.012,True,0.000,0.000,-4.944,-5.012,7.040,0.000,0.000,0.000,0.935
16:12:52.785,163.994,-6.220,-6.718,True,0.000,0.000,-6.220,-6.718,9.155,0.000,0.000,0.000,0.641
16:12:52.805,164.015,-4.762,-3.465,True,0.000,0.000,-4.762,-3.465,5.889,0.000,0.000,0.000,1.008
16:12:52.825,164.034,-3.577,-1.840,True,0.000,0.000,-3.577,-1.840,4.023,0.000,0.000,0.000,0.505
16:12:52.847,164.056,-4.972,-4.213,True,0.000,0.000,-4.972,-4.213,6.517,0.000,0.000,0.000,1.191
16:12:52.867,164.076,-4.491,-4.273,True,0.000,0.000,-4.491,-4.273,6.199,0.000,0.000,0.000,0.537
16:12:52.887,164.096,-4.865,-6.920,True,0.000,0.000,-4.865,-6.920,8.459,0.000,0.000,0.000,0.537
16:12:52.907,164.117,-3.606,-5.299,True,0.000,0.000,-3.606,-5.299,6.410,0.000,0.000,0.000,0.550
16:12:52.928,164.137,-4.956,-6.626,True,0.000,0.000,-4.956,-6.626,8.275,0.000,0.000,0.000,0.886
16:12:52.948,164.157,-5.974,-7.563,True,0.000,0.000,-5.974,-7.563,9.637,0.000,0.000,0.000,0.603
16:12:52.968,164.177,-5.159,-6.408,True,0.000,0.000,-5.159,-6.408,8.227,0.000,0.000,0.000,0.519
16:12:52.989,164.198,-6.026,-7.232,True,0.000,0.000,-6.026,-7.232,9.413,0.000,0.000,0.000,0.999
16:12:53.009,164.218,-5.119,-7.810,True,0.000,0.000,-5.119,-7.810,9.338,0.000,0.000,0.000,1.009
16:12:53.030,164.239,-5.176,-8.180,True,0.000,0.000,-5.176,-8.180,9.680,0.000,0.000,0.000,1.082
16:12:53.051,164.260,-3.700,-4.872,True,0.000,0.000,-3.700,-4.872,6.118,0.000,0.000,0.000,0.908
16:12:53.072,164.281,-2.631,-1.533,True,0.000,0.000,-2.631,-1.533,3.045,0.000,0.000,0.000,1.074
16:12:53.092,164.301,-1.921,-0.968,True,0.000,0.000,-1.921,-0.968,2.151,0.000,0.000,0.000,0.599
16:12:53.113,164.322,-1.498,0.985,True,0.000,0.000,-1.498,0.985,1.793,0.000,0.000,0.000,1.148
16:12:53.133,164.342,-1.289,1.341,True,0.000,0.000,-1.289,1.341,1.860,0.000,0.000,0.000,1.048
16:12:53.154,164.363,-3.511,-2.130,True,0.000,0.000,-3.511,-2.130,4.107,0.000,0.000,0.000,1.076
16:12:53.174,164.383,-2.912,-1.304,True,0.000,0.000,-2.912,-1.304,3.191,0.000,0.000,0.000,1.124
16:12:53.194,164.404,-2.436,-0.680,True,0.000,0.000,-2.436,-0.680,2.529,0.000,0.000,0.000,0.912
16:12:53.215,164.424,-2.085,-0.244,True,0.000,0.000,-2.085,-0.244,2.099,0.000,0.000,0.000,0.654
16:12:53.235,164.444,-1.848,0.033,True,0.000,0.000,-1.848,0.033,1.848,0.000,0.000,0.000,1.020
16:12:53.256,164.465,-1.703,-0.692,True,0.000,0.000,-1.703,-0.692,1.838,0.000,0.000,0.000,0.905
16:12:53.276,164.485,-1.628,-1.264,True,0.000,0.000,-1.628,-1.264,2.062,0.000,0.000,0.000,1.123
16:12:53.296,164.505,-3.886,-4.318,True,0.000,0.000,-3.886,-4.318,5.809,0.000,0.000,0.000,0.638
16:12:53.316,164.525,-5.547,-6.511,True,0.000,0.000,-5.547,-6.511,8.553,0.000,0.000,0.000,0.606
16:12:53.337,164.546,-6.672,-7.953,True,0.000,0.000,-6.672,-7.953,10.381,0.000,0.000,0.000,0.853
16:12:53.357,164.566,-6.597,-8.797,True,0.000,0.000,-6.597,-8.797,10.996,0.000,0.000,0.000,0.757
16:12:53.377,164.587,-7.923,-7.443,True,0.000,0.000,-7.923,-7.443,10.871,0.000,0.000,0.000,1.095
16:12:53.398,164.607,-5.739,-4.516,True,0.000,0.000,-5.739,-4.516,7.303,0.000,0.000,0.000,1.024
16:12:53.418,164.627,-4.026,-2.315,True,0.000,0.000,-4.026,-2.315,4.644,0.000,0.000,0.000,1.052
16:12:53.439,164.648,-4.305,-4.304,True,0.000,0.000,-4.305,-4.304,6.088,0.000,0.000,0.000,0.969
16:12:53.459,164.668,-4.582,-5.892,True,0.000,0.000,-4.582,-5.892,7.464,0.000,0.000,0.000,0.651
16:12:53.479,164.689,-3.302,-4.427,True,0.000,0.000,-3.302,-4.427,5.523,0.000,0.000,0.000,0.934
16:12:53.499,164.709,-2.391,-1.553,True,0.000,0.000,-2.391,-1.553,2.851,0.000,0.000,0.000,0.528
16:12:53.520,164.729,-1.799,-0.370,True,0.000,0.000,-1.799,-0.370,1.837,0.000,0.000,0.000,0.575
16:12:53.541,164.750,-4.504,-1.412,True,0.000,0.000,-4.504,-1.412,4.720,0.000,0.000,0.000,0.968
16:12:53.561,164.770,-5.794,-3.199,True,0.000,0.000,-5.794,-3.199,6.618,0.000,0.000,0.000,0.620
16:12:53.581,164.790,-4.395,-1.925,True,0.000,0.000,-4.395,-1.925,4.798,0.000,0.000,0.000,0.928
16:12:53.602,164.811,-4.048,-4.488,True,0.000,0.000,-4.048,-4.488,6.044,0.000,0.000,0.000,0.967
16:12:53.622,164.831,-6.074,-3.744,True,0.000,0.000,-6.074,-3.744,7.135,0.000,0.000,0.000,1.040
16:12:53.642,164.851,-4.507,-5.755,True,0.000,0.000,-4.507,-5.755,7.310,0.000,0.000,0.000,1.133
16:12:53.665,164.874,-4.814,-7.183,True,0.000,0.000,-4.814,-7.183,8.647,0.000,0.000,0.000,1.118
16:12:53.685,164.894,-3.523,-3.717,True,0.000,0.000,-3.523,-3.717,5.121,0.000,0.000,0.000,1.103
16:12:53.705,164.914,-3.341,-1.941,True,0.000,0.000,-3.341,-1.941,3.864,0.000,0.000,0.000,0.679
16:12:53.726,164.936,-4.022,-4.216,True,0.000,0.000,-4.022,-4.216,5.827,0.000,0.000,0.000,0.915
16:12:53.747,164.956,-3.038,-2.462,True,0.000,0.000,-3.038,-2.462,3.910,0.000,0.000,0.000,1.057
16:12:53.768,164.977,-4.611,-3.809,True,0.000,0.000,-4.611,-3.809,5.981,0.000,0.000,0.000,1.134
16:12:53.788,164.998,-5.797,-6.606,True,0.000,0.000,-5.797,-6.606,8.789,0.000,0.000,0.000,0.940
16:12:53.809,165.018,-6.622,-8.623,True,0.000,0.000,-6.622,-8.623,10.872,0.000,0.000,0.000,1.007
16:12:53.829,165.038,-7.143,-9.077,True,0.000,0.000,-7.143,-9.077,11.551,0.000,0.000,0.000,0.964
16:12:53.849,165.058,-7.431,-9.226,True,0.000,0.000,-7.431,-9.226,11.847,0.000,0.000,0.000,0.526
16:12:53.870,165.079,-8.312,-7.426,True,0.000,0.000,-8.312,-7.426,11.146,0.000,0.000,0.000,1.071
16:12:53.890,165.099,-8.113,-6.884,True,0.000,0.000,-8.113,-6.884,10.640,0.000,0.000,0.000,0.554
16:12:53.911,165.120,-7.875,-5.605,True,0.000,0.000,-7.875,-5.605,9.666,0.000,0.000,0.000,1.119
16:12:53.931,165.140,-6.121,-4.696,True,0.000,0.000,-6.121,-4.696,7.715,0.000,0.000,0.000,1.122
16:12:53.952,165.161,-4.055,-3.227,True,0.000,0.000,-4.055,-3.227,5.182,0.000,0.000,0.000,1.202
16:12:53.972,165.181,-3.246,-2.411,True,0.000,0.000,-3.246,-2.411,4.043,0.000,0.000,0.000,0.922
16:12:53.992,165.201,-2.059,-0.697,True,0.000,0.000,-2.059,-0.697,2.174,0.000,0.000,0.000,0.841
16:12:54.013,165.222,-1.451,0.178,True,0.000,0.000,-1.451,0.178,1.462,0.000,0.000,0.000,1.175
16:12:54.032,165.242,-3.516,-3.016,True,0.000,0.000,-3.516,-3.016,4.633,0.000,0.000,0.000,0.546
16:12:54.053,165.262,-5.016,-5.302,True,0.000,0.000,-5.016,-5.302,7.299,0.000,0.000,0.000,0.875
16:12:54.074,165.283,-6.094,-6.916,True,0.000,0.000,-6.094,-6.916,9.218,0.000,0.000,0.000,1.008
16:12:54.094,165.303,-4.537,-4.463,True,0.000,0.000,-4.537,-4.463,6.364,0.000,0.000,0.000,1.137
16:12:54.114,165.324,-3.320,-2.535,True,0.000,0.000,-3.320,-2.535,4.177,0.000,0.000,0.000,1.001
16:12:54.134,165.344,-3.969,-5.540,True,0.000,0.000,-3.969,-5.540,6.815,0.000,0.000,0.000,0.645
16:12:54.155,165.364,-2.970,-3.398,True,0.000,0.000,-2.970,-3.398,4.513,0.000,0.000,0.000,0.673
16:12:54.176,165.385,-2.259,-1.777,True,0.000,0.000,-2.259,-1.777,2.874,0.000,0.000,0.000,1.149
16:12:54.196,165.405,-1.797,-0.645,True,0.000,0.000,-1.797,-0.645,1.909,0.000,0.000,0.000,1.111
16:12:54.217,165.426,-1.530,0.075,True,0.000,0.000,-1.530,0.075,1.532,0.000,0.000,0.000,1.113
16:12:54.236,165.446,-1.406,0.475,True,0.000,0.000,-1.406,0.475,1.485,0.000,0.000,0.000,0.596
16:12:54.256,165.466,-2.902,-3.748,True,0.000,0.000,-2.902,-3.748,4.740,0.000,0.000,0.000,0.514
16:12:54.278,165.487,-4.797,-5.157,True,0.000,0.000,-4.797,-5.157,7.043,0.000,0.000,0.000,1.133
16:12:54.298,165.508,-3.861,-3.435,True,0.000,0.000,-3.861,-3.435,5.168,0.000,0.000,0.000,1.025
16:12:54.319,165.528,-5.363,-5.564,True,0.000,0.000,-5.363,-5.564,7.728,0.000,0.000,0.000,1.093
16:12:54.339,165.548,-4.136,-2.688,True,0.000,0.000,-4.136,-2.688,4.932,0.000,0.000,0.000,0.543
16:12:54.359,165.568,-3.156,-1.370,True,0.000,0.000,-3.156,-1.370,3.441,0.000,0.000,0.000,0.527
16:12:54.380,165.589,-2.434,-0.457,True,0.000,0.000,-2.434,-0.457,2.477,0.000,0.000,0.000,0.731
16:12:54.401,165.610,-4.989,-2.521,True,0.000,0.000,-4.989,-2.521,5.590,0.000,0.000,0.000,1.035
16:12:54.421,165.630,-6.137,-4.121,True,0.000,0.000,-6.137,-4.121,7.392,0.000,0.000,0.000,0.613
16:12:54.441,165.650,-6.139,-4.389,True,0.000,0.000,-6.139,-4.389,7.546,0.000,0.000,0.000,0.551
16:12:54.462,165.671,-5.278,-3.626,True,0.000,0.000,-5.278,-3.626,6.404,0.000,0.000,0.000,0.884
16:12:54.483,165.692,-5.343,-5.640,True,0.000,0.000,-5.343,-5.640,7.769,0.000,0.000,0.000,1.137
16:12:54.502,165.711,-4.613,-5.326,True,0.000,0.000,-4.613,-5.326,7.046,0.000,0.000,0.000,0.520
16:12:54.523,165.733,2.021,0.274,True,0.000,0.000,2.021,0.274,2.040,0.000,0.000,0.000,1.036
16:12:54.544,165.753,0.721,-2.637,True,0.000,0.000,0.721,-2.637,2.734,0.000,0.000,0.000,1.093
16:12:54.564,165.773,0.239,-1.431,True,0.000,0.000,0.239,-1.431,1.451,0.000,0.000,0.000,0.860
16:12:54.586,165.795,-0.273,-0.576,True,0.000,0.000,-0.273,-0.576,0.638,0.000,0.000,0.000,1.104
16:12:54.606,165.815,-3.026,-3.537,True,0.000,0.000,-3.026,-3.537,4.654,0.000,0.000,0.000,1.096
16:12:54.626,165.835,-5.071,-5.768,True,0.000,0.000,-5.071,-5.768,7.680,0.000,0.000,0.000,1.069
16:12:54.646,165.856,-6.470,-6.442,True,0.000,0.000,-6.470,-6.442,9.130,0.000,0.000,0.000,0.930
16:12:54.667,165.876,-5.053,-5.029,True,0.000,0.000,-5.053,-5.029,7.129,0.000,0.000,0.000,0.889
16:12:54.689,165.898,-6.140,-6.507,True,0.000,0.000,-6.140,-6.507,8.947,0.000,0.000,0.000,0.967
16:12:54.710,165.919,-5.346,-6.664,True,0.000,0.000,-5.346,-6.664,8.543,0.000,0.000,0.000,1.035
16:12:54.730,165.940,-3.917,-3.173,True,0.000,0.000,-3.917,-3.173,5.041,0.000,0.000,0.000,1.104
16:12:54.750,165.960,-5.134,-4.963,True,0.000,0.000,-5.134,-4.963,7.140,0.000,0.000,0.000,0.907
16:12:54.771,165.980,-4.532,-2.844,True,0.000,0.000,-4.532,-2.844,5.350,0.000,0.000,0.000,1.025
16:12:54.791,166.001,-3.309,-1.302,True,0.000,0.000,-3.309,-1.302,3.556,0.000,0.000,0.000,0.824
16:12:54.811,166.021,-2.935,-0.474,True,0.000,0.000,-2.935,-0.474,2.973,0.000,0.000,0.000,0.834
16:12:54.832,166.041,-2.113,0.154,True,0.000,0.000,-2.113,0.154,2.119,0.000,0.000,0.000,1.110
16:12:54.852,166.062,-1.694,-0.507,True,0.000,0.000,-1.694,-0.507,1.768,0.000,0.000,0.000,1.158
16:12:54.873,166.082,-1.468,0.867,True,0.000,0.000,-1.468,0.867,1.705,0.000,0.000,0.000,1.466
16:12:54.893,166.102,-1.061,1.532,True,0.000,0.000,-1.061,1.532,1.864,0.000,0.000,0.000,0.755
16:12:54.914,166.123,-1.282,0.956,True,0.000,0.000,-1.282,0.956,1.599,0.000,0.000,0.000,1.128
16:12:54.934,166.143,-1.387,0.677,True,0.000,0.000,-1.387,0.677,1.543,0.000,0.000,0.000,1.022
16:12:54.955,166.164,-3.850,-4.100,True,0.000,0.000,-3.850,-4.100,5.624,0.000,0.000,0.000,1.096
16:12:54.975,166.184,-5.544,-6.485,True,0.000,0.000,-5.544,-6.485,8.532,0.000,0.000,0.000,1.196
16:12:54.995,166.204,-4.385,-8.024,True,0.000,0.000,-4.385,-8.024,9.144,0.000,0.000,0.000,0.882
16:12:55.015,166.224,-4.180,-5.391,True,0.000,0.000,-4.180,-5.391,6.822,0.000,0.000,0.000,0.867
16:12:55.036,166.245,-5.513,-6.776,True,0.000,0.000,-5.513,-6.776,8.735,0.000,0.000,0.000,0.780
16:12:55.056,166.265,-4.164,-4.201,True,0.000,0.000,-4.164,-4.201,5.915,0.000,0.000,0.000,0.939
16:12:55.077,166.286,-3.113,-2.239,True,0.000,0.000,-3.113,-2.239,3.834,0.000,0.000,0.000,1.073
16:12:55.097,166.306,-3.119,-0.858,True,0.000,0.000,-3.119,-0.858,3.235,0.000,0.000,0.000,0.739
16:12:55.117,166.326,-4.695,-3.491,True,0.000,0.000,-4.695,-3.491,5.851,0.000,0.000,0.000,0.999
16:12:55.137,166.346,-5.872,-4.661,True,0.000,0.000,-5.872,-4.661,7.497,0.000,0.000,0.000,0.876
16:12:55.158,166.367,-4.398,-2.861,True,0.000,0.000,-4.398,-2.861,5.247,0.000,0.000,0.000,1.084
16:12:55.178,166.387,-3.247,-1.499,True,0.000,0.000,-3.247,-1.499,3.576,0.000,0.000,0.000,0.646
16:12:55.199,166.408,-4.701,-4.061,True,0.000,0.000,-4.701,-4.061,6.212,0.000,0.000,0.000,1.282
16:12:55.219,166.428,-5.808,-6.004,True,0.000,0.000,-5.808,-6.004,8.354,0.000,0.000,0.000,0.623
16:12:55.239,166.448,-4.303,-3.849,True,0.000,0.000,-4.303,-3.849,5.774,0.000,0.000,0.000,0.557
16:12:55.259,166.469,-4.669,-6.561,True,0.000,0.000,-4.669,-6.561,8.053,0.000,0.000,0.000,0.868
16:12:55.279,166.488,-6.474,-5.898,True,0.000,0.000,-6.474,-5.898,8.757,0.000,0.000,0.000,0.518
16:12:55.301,166.510,-4.735,-4.426,True,0.000,0.000,-4.735,-4.426,6.481,0.000,0.000,0.000,1.020
16:12:55.322,166.531,-3.393,-1.547,True,0.000,0.000,-3.393,-1.547,3.729,0.000,0.000,0.000,1.521
16:12:55.342,166.551,-3.198,-0.363,True,0.000,0.000,-3.198,-0.363,3.219,0.000,0.000,0.000,0.934
16:12:55.362,166.571,-3.127,-3.162,True,0.000,0.000,-3.127,-3.162,4.447,0.000,0.000,0.000,0.599
16:12:55.383,166.592,-3.896,-5.347,True,0.000,0.000,-3.896,-5.347,6.615,0.000,0.000,0.000,1.163
16:12:55.403,166.612,-5.261,-6.922,True,0.000,0.000,-5.261,-6.922,8.694,0.000,0.000,0.000,1.148
16:12:55.423,166.632,-4.728,-7.086,True,0.000,0.000,-4.728,-7.086,8.519,0.000,0.000,0.000,0.641
16:12:55.444,166.653,-5.806,-6.185,True,0.000,0.000,-5.806,-6.185,8.483,0.000,0.000,0.000,1.199
16:12:55.464,166.673,-6.569,-5.422,True,0.000,0.000,-6.569,-5.422,8.517,0.000,0.000,0.000,0.932
16:12:55.484,166.693,-7.061,-6.587,True,0.000,0.000,-7.061,-6.587,9.656,0.000,0.000,0.000,1.050
16:12:55.506,166.715,0.272,-1.283,True,0.000,0.000,0.272,-1.283,1.311,0.000,0.000,0.000,0.729
16:12:55.526,166.735,0.339,0.854,True,0.000,0.000,0.339,0.854,0.919,0.000,0.000,0.000,0.748
16:12:55.547,166.756,-2.157,-2.184,True,0.000,0.000,-2.157,-2.184,3.069,0.000,0.000,0.000,1.023
16:12:55.567,166.776,-1.875,-0.226,True,0.000,0.000,-1.875,-0.226,1.888,0.000,0.000,0.000,1.085
16:12:55.587,166.796,-3.224,-3.238,True,0.000,0.000,-3.224,-3.238,4.569,0.000,0.000,0.000,1.175
16:12:55.608,166.817,-4.237,-5.535,True,0.000,0.000,-4.237,-5.535,6.971,0.000,0.000,0.000,1.099
16:12:55.628,166.837,-5.701,-6.273,True,0.000,0.000,-5.701,-6.273,8.477,0.000,0.000,0.000,0.530
16:12:55.648,166.858,-7.457,-5.795,True,0.000,0.000,-7.457,-5.795,9.444,0.000,0.000,0.000,0.634
16:12:55.669,166.878,-5.573,-2.683,True,0.000,0.000,-5.573,-2.683,6.185,0.000,0.000,0.000,0.903
16:12:55.690,166.899,-5.572,-5.626,True,0.000,0.000,-5.572,-5.626,7.918,0.000,0.000,0.000,0.877
16:12:55.710,166.919,-4.778,-3.447,True,0.000,0.000,-4.778,-3.447,5.892,0.000,0.000,0.000,0.726
16:12:55.731,166.940,-4.178,-1.799,True,0.000,0.000,-4.178,-1.799,4.549,0.000,0.000,0.000,0.983
16:12:55.751,166.960,-4.522,-4.163,True,0.000,0.000,-4.522,-4.163,6.146,0.000,0.000,0.000,0.908
16:12:55.772,166.981,-4.439,-4.336,True,0.000,0.000,-4.439,-4.336,6.205,0.000,0.000,0.000,0.845
16:12:55.792,167.001,-2.897,-5.413,True,0.000,0.000,-2.897,-5.413,6.140,0.000,0.000,0.000,1.044
16:12:55.816,167.025,-2.118,-2.998,True,0.000,0.000,-2.118,-2.998,3.671,0.000,0.000,0.000,1.026
16:12:55.836,167.045,-4.048,-5.147,True,0.000,0.000,-4.048,-5.147,6.548,0.000,0.000,0.000,1.102
16:12:55.856,167.065,-3.114,-2.203,True,0.000,0.000,-3.114,-2.203,3.814,0.000,0.000,0.000,0.584
16:12:55.876,167.086,-2.434,-0.062,True,0.000,0.000,-2.434,-0.062,2.435,0.000,0.000,0.000,1.134
16:12:55.897,167.106,-1.969,0.523,True,0.000,0.000,-1.969,0.523,2.037,0.000,0.000,0.000,0.827
16:12:55.917,167.126,-1.680,0.793,True,0.000,0.000,-1.680,0.793,1.858,0.000,0.000,0.000,0.714
16:12:55.938,167.147,-2.289,-1.791,True,0.000,0.000,-2.289,-1.791,2.907,0.000,0.000,0.000,0.983
16:12:55.957,167.166,-2.784,-3.774,True,0.000,0.000,-2.784,-3.774,4.690,0.000,0.000,0.000,0.580
16:12:55.978,167.187,-4.678,-6.059,True,0.000,0.000,-4.678,-6.059,7.655,0.000,0.000,0.000,1.081
16:12:55.999,167.208,-5.276,-8.486,True,0.000,0.000,-5.276,-8.486,9.993,0.000,0.000,0.000,0.845
16:12:56.019,167.228,-5.618,-9.189,True,0.000,0.000,-5.618,-9.189,10.771,0.000,0.000,0.000,1.063
16:12:56.039,167.248,-6.537,-10.345,True,0.000,0.000,-6.537,-10.345,12.237,0.000,0.000,0.000,0.662
16:12:56.060,167.269,-7.121,-10.106,True,0.000,0.000,-7.121,-10.106,12.363,0.000,0.000,0.000,1.047
16:12:56.080,167.289,-5.163,-6.223,True,0.000,0.000,-5.163,-6.223,8.086,0.000,0.000,0.000,0.963
16:12:56.100,167.309,-3.646,-2.397,True,0.000,0.000,-3.646,-2.397,4.363,0.000,0.000,0.000,0.809
16:12:56.120,167.329,-4.844,-3.209,True,0.000,0.000,-4.844,-3.209,5.811,0.000,0.000,0.000,0.638
16:12:56.141,167.350,-5.027,-5.774,True,0.000,0.000,-5.027,-5.774,7.656,0.000,0.000,0.000,1.082
16:12:56.161,167.370,-5.925,-6.000,True,0.000,0.000,-5.925,-6.000,8.432,0.000,0.000,0.000,0.970
16:12:56.182,167.391,-6.571,-7.021,True,0.000,0.000,-6.571,-7.021,9.616,0.000,0.000,0.000,1.110
16:12:56.202,167.411,-4.713,-5.099,True,0.000,0.000,-4.713,-5.099,6.943,0.000,0.000,0.000,1.048
16:12:56.222,167.432,-3.306,-2.764,True,0.000,0.000,-3.306,-2.764,4.309,0.000,0.000,0.000,0.880
16:12:56.243,167.452,-3.846,-4.623,True,0.000,0.000,-3.846,-4.623,6.014,0.000,0.000,0.000,1.042
16:12:56.264,167.473,-2.802,-3.463,True,0.000,0.000,-2.802,-3.463,4.455,0.000,0.000,0.000,1.029
16:12:56.284,167.493,-2.847,-4.392,True,0.000,0.000,-2.847,-4.392,5.234,0.000,0.000,0.000,0.669
16:12:56.304,167.514,-4.477,-6.004,True,0.000,0.000,-4.477,-6.004,7.489,0.000,0.000,0.000,0.991
16:12:56.325,167.535,-5.710,-7.176,True,0.000,0.000,-5.710,-7.176,9.170,0.000,0.000,0.000,0.950
16:12:56.346,167.555,-5.811,-7.958,True,0.000,0.000,-5.811,-7.958,9.854,0.000,0.000,0.000,0.732
16:12:56.366,167.575,-6.569,-8.427,True,0.000,0.000,-6.569,-8.427,10.685,0.000,0.000,0.000,0.627
16:12:56.387,167.596,-4.775,-5.145,True,0.000,0.000,-4.775,-5.145,7.019,0.000,0.000,0.000,1.085
16:12:56.408,167.617,-4.920,-6.184,True,0.000,0.000,-4.920,-6.184,7.902,0.000,0.000,0.000,1.087
16:12:56.428,167.638,-3.524,-4.372,True,0.000,0.000,-3.524,-4.372,5.615,0.000,0.000,0.000,1.073
16:12:56.448,167.657,-2.522,-2.185,True,0.000,0.000,-2.522,-2.185,3.337,0.000,0.000,0.000,0.518
16:12:56.469,167.678,-1.862,-0.682,True,0.000,0.000,-1.862,-0.682,1.983,0.000,0.000,0.000,0.601
16:12:56.489,167.698,-1.475,0.254,True,0.000,0.000,-1.475,0.254,1.497,0.000,0.000,0.000,0.772
16:12:56.510,167.719,-2.051,0.756,True,0.000,0.000,-2.051,0.756,2.186,0.000,0.000,0.000,1.000
16:12:56.530,167.740,-1.793,0.952,True,0.000,0.000,-1.793,0.952,2.030,0.000,0.000,0.000,1.148
16:12:56.551,167.760,-1.643,0.951,True,0.000,0.000,-1.643,0.951,1.898,0.000,0.000,0.000,1.059
16:12:56.571,167.780,-1.572,0.837,True,0.000,0.000,-1.572,0.837,1.781,0.000,0.000,0.000,1.015
16:12:56.591,167.800,-1.555,0.673,True,0.000,0.000,-1.555,0.673,1.694,0.000,0.000,0.000,0.727
16:12:56.612,167.821,-1.570,0.500,True,0.000,0.000,-1.570,0.500,1.648,0.000,0.000,0.000,0.995
16:12:56.632,167.841,-1.602,0.342,True,0.000,0.000,-1.602,0.342,1.638,0.000,0.000,0.000,0.971
16:12:56.652,167.862,-1.639,0.212,True,0.000,0.000,-1.639,0.212,1.653,0.000,0.000,0.000,0.556
16:12:56.673,167.882,-1.676,0.113,True,0.000,0.000,-1.676,0.113,1.680,0.000,0.000,0.000,1.014
16:12:56.693,167.902,-3.991,-3.473,True,0.000,0.000,-3.991,-3.473,5.291,0.000,0.000,0.000,0.956
16:12:56.714,167.923,-5.673,-5.189,True,0.000,0.000,-5.673,-5.189,7.688,0.000,0.000,0.000,0.928
16:12:56.734,167.943,-5.272,-5.396,True,0.000,0.000,-5.272,-5.396,7.544,0.000,0.000,0.000,0.847
16:12:56.755,167.964,1.254,-0.084,True,0.000,0.000,1.254,-0.084,1.256,0.000,0.000,0.000,0.637
16:12:56.775,167.984,-1.540,-1.358,True,0.000,0.000,-1.540,-1.358,2.053,0.000,0.000,0.000,0.531
16:12:56.795,168.005,-2.261,-4.164,True,0.000,0.000,-2.261,-4.164,4.738,0.000,0.000,0.000,1.087
16:12:56.816,168.025,-4.345,-6.233,True,0.000,0.000,-4.345,-6.233,7.598,0.000,0.000,0.000,0.729
16:12:56.836,168.046,-6.614,-5.001,True,0.000,0.000,-6.614,-5.001,8.292,0.000,0.000,0.000,0.912
16:12:56.857,168.066,-8.168,-4.828,True,0.000,0.000,-8.168,-4.828,9.488,0.000,0.000,0.000,1.189
16:12:56.877,168.086,-6.085,-2.882,True,0.000,0.000,-6.085,-2.882,6.733,0.000,0.000,0.000,1.113
16:12:56.898,168.107,-4.387,-1.434,True,0.000,0.000,-4.387,-1.434,4.616,0.000,0.000,0.000,0.901
16:12:56.918,168.127,-3.111,-0.440,True,0.000,0.000,-3.111,-0.440,3.142,0.000,0.000,0.000,0.984
16:12:56.940,168.149,-4.509,-3.337,True,0.000,0.000,-4.509,-3.337,5.610,0.000,0.000,0.000,0.995
16:12:56.959,168.168,-2.562,-2.042,True,0.000,0.000,-2.562,-2.042,3.276,0.000,0.000,0.000,0.533
16:12:56.980,168.189,-1.912,-2.820,True,0.000,0.000,-1.912,-2.820,3.407,0.000,0.000,0.000,0.823
16:12:57.001,168.210,-1.525,-2.533,True,0.000,0.000,-1.525,-2.533,2.957,0.000,0.000,0.000,1.064
16:12:57.021,168.230,-3.617,-4.948,True,0.000,0.000,-3.617,-4.948,6.129,0.000,0.000,0.000,0.964
16:12:57.042,168.251,-5.216,-5.823,True,0.000,0.000,-5.216,-5.823,7.818,0.000,0.000,0.000,1.025
16:12:57.062,168.271,-4.061,-3.719,True,0.000,0.000,-4.061,-3.719,5.507,0.000,0.000,0.000,0.849
16:12:57.083,168.292,-4.654,-5.596,True,0.000,0.000,-4.654,-5.596,7.279,0.000,0.000,0.000,1.036
16:12:57.103,168.312,-5.068,-6.968,True,0.000,0.000,-5.068,-6.968,8.616,0.000,0.000,0.000,0.778
16:12:57.123,168.333,-3.808,-4.373,True,0.000,0.000,-3.808,-4.373,5.799,0.000,0.000,0.000,0.716
16:12:57.144,168.353,-2.849,-2.378,True,0.000,0.000,-2.849,-2.378,3.711,0.000,0.000,0.000,0.857
16:12:57.165,168.374,-2.936,-4.477,True,0.000,0.000,-2.936,-4.477,5.354,0.000,0.000,0.000,0.788
16:12:57.185,168.395,-4.579,-6.107,True,0.000,0.000,-4.579,-6.107,7.633,0.000,0.000,0.000,1.092
16:12:57.205,168.415,-4.286,-7.277,True,0.000,0.000,-4.286,-7.277,8.445,0.000,0.000,0.000,0.582
16:12:57.227,168.436,-4.791,-8.047,True,0.000,0.000,-4.791,-8.047,9.365,0.000,0.000,0.000,1.431
16:12:57.246,168.455,-5.899,-8.497,True,0.000,0.000,-5.899,-8.497,10.344,0.000,0.000,0.000,0.773
16:12:57.267,168.476,-4.384,-6.076,True,0.000,0.000,-4.384,-6.076,7.493,0.000,0.000,0.000,0.750
16:12:57.287,168.496,-3.212,-3.341,True,0.000,0.000,-3.212,-3.341,4.634,0.000,0.000,0.000,0.679
16:12:57.307,168.516,-2.373,-1.389,True,0.000,0.000,-2.373,-1.389,2.750,0.000,0.000,0.000,0.605
16:12:57.328,168.537,-1.824,-1.871,True,0.000,0.000,-1.824,-1.871,2.613,0.000,0.000,0.000,1.188
16:12:57.352,168.561,-3.789,-4.165,True,0.000,0.000,-3.789,-4.165,5.631,0.000,0.000,0.000,1.131
16:12:57.372,168.581,-3.011,-3.307,True,0.000,0.000,-3.011,-3.307,4.472,0.000,0.000,0.000,1.143
16:12:57.392,168.601,-2.421,-2.668,True,0.000,0.000,-2.421,-2.668,3.602,0.000,0.000,0.000,0.508
16:12:57.412,168.621,-2.007,-1.351,True,0.000,0.000,-2.007,-1.351,2.419,0.000,0.000,0.000,0.494
16:12:57.433,168.642,-3.266,-3.957,True,0.000,0.000,-3.266,-3.957,5.131,0.000,0.000,0.000,0.973
16:12:57.452,168.661,-2.701,-2.422,True,0.000,0.000,-2.701,-2.422,3.627,0.000,0.000,0.000,0.507
16:12:57.473,168.682,-4.552,-3.019,True,0.000,0.000,-4.552,-3.019,5.462,0.000,0.000,0.000,0.855
16:12:57.493,168.702,-3.619,-0.848,True,0.000,0.000,-3.619,-0.848,3.717,0.000,0.000,0.000,0.760
16:12:57.514,168.723,-2.868,-0.149,True,0.000,0.000,-2.868,-0.149,2.872,0.000,0.000,0.000,1.043
16:12:57.534,168.743,-4.595,-3.249,True,0.000,0.000,-4.595,-3.249,5.628,0.000,0.000,0.000,0.940
16:12:57.554,168.763,-3.586,-2.079,True,0.000,0.000,-3.586,-2.079,4.145,0.000,0.000,0.000,0.696
16:12:57.574,168.783,-2.796,-2.046,True,0.000,0.000,-2.796,-2.046,3.464,0.000,0.000,0.000,0.641
16:12:57.595,168.804,-4.508,-4.663,True,0.000,0.000,-4.508,-4.663,6.486,0.000,0.000,0.000,1.156
16:12:57.615,168.824,-6.547,-4.808,True,0.000,0.000,-6.547,-4.808,8.122,0.000,0.000,0.000,0.930
16:12:57.635,168.844,-7.216,-6.561,True,0.000,0.000,-7.216,-6.561,9.753,0.000,0.000,0.000,0.846
16:12:57.656,168.865,-7.578,-7.748,True,0.000,0.000,-7.578,-7.748,10.838,0.000,0.000,0.000,1.030
16:12:57.676,168.885,-5.439,-4.955,True,0.000,0.000,-5.439,-4.955,7.358,0.000,0.000,0.000,1.144
16:12:57.696,168.905,-6.071,-6.294,True,0.000,0.000,-6.071,-6.294,8.745,0.000,0.000,0.000,0.946
16:12:57.717,168.926,-6.548,-7.277,True,0.000,0.000,-6.548,-7.277,9.789,0.000,0.000,0.000,1.144
16:12:57.737,168.946,-6.880,-6.182,True,0.000,0.000,-6.880,-6.182,9.250,0.000,0.000,0.000,0.967
16:12:57.757,168.966,-6.330,-7.067,True,0.000,0.000,-6.330,-7.067,9.487,0.000,0.000,0.000,0.545
16:12:57.777,168.987,-5.894,-7.700,True,0.000,0.000,-5.894,-7.700,9.697,0.000,0.000,0.000,0.788
16:12:57.798,169.007,-4.053,-4.598,True,0.000,0.000,-4.053,-4.598,6.129,0.000,0.000,0.000,1.111
16:12:57.818,169.027,-2.734,-2.288,True,0.000,0.000,-2.734,-2.288,3.565,0.000,0.000,0.000,0.617
16:12:57.839,169.048,-1.869,-0.702,True,0.000,0.000,-1.869,-0.702,1.997,0.000,0.000,0.000,1.067
16:12:57.859,169.068,-1.365,0.283,True,0.000,0.000,-1.365,0.283,1.394,0.000,0.000,0.000,1.150
16:12:57.879,169.089,-2.648,-2.706,True,0.000,0.000,-2.648,-2.706,3.786,0.000,0.000,0.000,1.130
16:12:57.900,169.109,-2.170,-1.537,True,0.000,0.000,-2.170,-1.537,2.659,0.000,0.000,0.000,1.195
16:12:57.920,169.129,-4.134,-3.326,True,0.000,0.000,-4.134,-3.326,5.306,0.000,0.000,0.000,1.039
16:12:57.941,169.150,-6.360,-3.796,True,0.000,0.000,-6.360,-3.796,7.407,0.000,0.000,0.000,1.045
16:12:57.961,169.170,-4.874,-3.218,True,0.000,0.000,-4.874,-3.218,5.840,0.000,0.000,0.000,1.037
16:12:57.982,169.191,-5.944,-4.507,True,0.000,0.000,-5.944,-4.507,7.459,0.000,0.000,0.000,1.165
16:12:58.003,169.212,-6.685,-7.188,True,0.000,0.000,-6.685,-7.188,9.817,0.000,0.000,0.000,1.049
16:12:58.023,169.232,-7.152,-7.313,True,0.000,0.000,-7.152,-7.313,10.228,0.000,0.000,0.000,1.159
16:12:58.043,169.253,-7.407,-7.241,True,0.000,0.000,-7.407,-7.241,10.358,0.000,0.000,0.000,1.296
16:12:58.064,169.273,-5.227,-4.430,True,0.000,0.000,-5.227,-4.430,6.852,0.000,0.000,0.000,1.224
16:12:58.085,169.294,-5.860,-5.821,True,0.000,0.000,-5.860,-5.821,8.260,0.000,0.000,0.000,1.278
16:12:58.105,169.314,-4.079,-4.253,True,0.000,0.000,-4.079,-4.253,5.893,0.000,0.000,0.000,0.804
16:12:58.125,169.334,-2.792,-5.734,True,0.000,0.000,-2.792,-5.734,6.378,0.000,0.000,0.000,0.675
16:12:58.145,169.355,-4.222,-5.985,True,0.000,0.000,-4.222,-5.985,7.324,0.000,0.000,0.000,0.937
16:12:58.169,169.378,-5.372,-7.022,True,0.000,0.000,-5.372,-7.022,8.842,0.000,0.000,0.000,0.906
16:12:58.189,169.399,-3.943,-4.231,True,0.000,0.000,-3.943,-4.231,5.784,0.000,0.000,0.000,0.661
16:12:58.210,169.419,-3.633,-3.899,True,0.000,0.000,-3.633,-3.899,5.330,0.000,0.000,0.000,0.968
16:12:58.230,169.439,-2.684,-1.095,True,0.000,0.000,-2.684,-1.095,2.898,0.000,0.000,0.000,1.033
16:12:58.251,169.460,-2.035,-0.006,True,0.000,0.000,-2.035,-0.006,2.035,0.000,0.000,0.000,1.043
16:12:58.271,169.480,-3.156,-2.902,True,0.000,0.000,-3.156,-2.902,4.288,0.000,0.000,0.000,0.922
16:12:58.291,169.500,-3.287,-5.173,True,0.000,0.000,-3.287,-5.173,6.129,0.000,0.000,0.000,0.901
16:12:58.311,169.520,-2.629,-3.302,True,0.000,0.000,-2.629,-3.302,4.221,0.000,0.000,0.000,0.532
16:12:58.332,169.541,-4.436,-4.483,True,0.000,0.000,-4.436,-4.483,6.307,0.000,0.000,0.000,1.109
16:12:58.352,169.561,-3.492,-2.712,True,0.000,0.000,-3.492,-2.712,4.421,0.000,0.000,0.000,1.069
16:12:58.372,169.581,-5.034,-4.898,True,0.000,0.000,-5.034,-4.898,7.024,0.000,0.000,0.000,0.837
16:12:58.392,169.602,-6.152,-5.649,True,0.000,0.000,-6.152,-5.649,8.352,0.000,0.000,0.000,0.569
16:12:58.413,169.622,-4.612,-3.495,True,0.000,0.000,-4.612,-3.495,5.787,0.000,0.000,0.000,1.049
16:12:58.434,169.643,-4.160,-1.855,True,0.000,0.000,-4.160,-1.855,4.555,0.000,0.000,0.000,1.159
16:12:58.454,169.663,-3.067,-1.581,True,0.000,0.000,-3.067,-1.581,3.450,0.000,0.000,0.000,0.707
16:12:58.475,169.684,-2.290,-0.600,True,0.000,0.000,-2.290,-0.600,2.368,0.000,0.000,0.000,1.072
16:12:58.494,169.703,-4.071,-2.608,True,0.000,0.000,-4.071,-2.608,4.834,0.000,0.000,0.000,0.575
16:12:58.515,169.724,-3.154,-1.530,True,0.000,0.000,-3.154,-1.530,3.506,0.000,0.000,0.000,0.782
16:12:58.535,169.744,-2.468,-3.371,True,0.000,0.000,-2.468,-3.371,4.178,0.000,0.000,0.000,0.486
16:12:58.555,169.764,-1.995,-1.229,True,0.000,0.000,-1.995,-1.229,2.343,0.000,0.000,0.000,0.641
16:12:58.576,169.785,-3.982,-4.017,True,0.000,0.000,-3.982,-4.017,5.656,0.000,0.000,0.000,0.964
16:12:58.596,169.805,-3.194,-1.699,True,0.000,0.000,-3.194,-1.699,3.618,0.000,0.000,0.000,0.732
16:12:58.617,169.826,-4.861,-4.332,True,0.000,0.000,-4.861,-4.332,6.511,0.000,0.000,0.000,1.046
16:12:58.637,169.846,-4.547,-2.767,True,0.000,0.000,-4.547,-2.767,5.323,0.000,0.000,0.000,0.915
16:12:58.657,169.866,-3.487,-0.670,True,0.000,0.000,-3.487,-0.670,3.551,0.000,0.000,0.000,0.890
16:12:58.678,169.887,-2.680,-0.035,True,0.000,0.000,-2.680,-0.035,2.680,0.000,0.000,0.000,1.211
16:12:58.698,169.907,-2.112,-3.185,True,0.000,0.000,-2.112,-3.185,3.821,0.000,0.000,0.000,0.993
16:12:58.718,169.927,-3.271,-5.566,True,0.000,0.000,-3.271,-5.566,6.456,0.000,0.000,0.000,0.826
16:12:58.739,169.948,-2.648,-3.712,True,0.000,0.000,-2.648,-3.712,4.560,0.000,0.000,0.000,0.973
16:12:58.760,169.969,-2.189,-3.975,True,0.000,0.000,-2.189,-3.975,4.538,0.000,0.000,0.000,0.855
16:12:58.780,169.989,-2.639,-5.015,True,0.000,0.000,-2.639,-5.015,5.667,0.000,0.000,0.000,0.672
16:12:58.800,170.010,-2.239,-3.101,True,0.000,0.000,-2.239,-3.101,3.825,0.000,0.000,0.000,0.926
16:12:58.821,170.030,-1.956,-1.644,True,0.000,0.000,-1.956,-1.644,2.555,0.000,0.000,0.000,1.137
16:12:58.841,170.050,-1.772,-1.499,True,0.000,0.000,-1.772,-1.499,2.321,0.000,0.000,0.000,1.113
16:12:58.861,170.070,-1.667,0.277,True,0.000,0.000,-1.667,0.277,1.690,0.000,0.000,0.000,0.961
16:12:58.883,170.092,-2.380,-2.898,True,0.000,0.000,-2.380,-2.898,3.750,0.000,0.000,0.000,1.003
16:12:58.903,170.112,-3.684,-6.207,True,0.000,0.000,-3.684,-6.207,7.217,0.000,0.000,0.000,1.024
16:12:58.923,170.132,-3.094,-3.288,True,0.000,0.000,-3.094,-3.288,4.515,0.000,0.000,0.000,0.799
16:12:58.944,170.153,-2.601,-1.875,True,0.000,0.000,-2.601,-1.875,3.206,0.000,0.000,0.000,1.386
16:12:58.964,170.173,-5.267,-2.606,True,0.000,0.000,-5.267,-2.606,5.877,0.000,0.000,0.000,0.789
16:12:58.987,170.196,-6.445,-4.955,True,0.000,0.000,-6.445,-4.955,8.129,0.000,0.000,0.000,1.119
16:12:59.007,170.216,-4.904,-3.155,True,0.000,0.000,-4.904,-3.155,5.831,0.000,0.000,0.000,0.839
16:12:59.028,170.237,-3.655,-2.635,True,0.000,0.000,-3.655,-2.635,4.506,0.000,0.000,0.000,1.170
16:12:59.048,170.257,-2.721,-1.390,True,0.000,0.000,-2.721,-1.390,3.055,0.000,0.000,0.000,1.141
16:12:59.068,170.277,-3.599,-4.032,True,0.000,0.000,-3.599,-4.032,5.405,0.000,0.000,0.000,0.857
16:12:59.088,170.297,-5.061,-6.024,True,0.000,0.000,-5.061,-6.024,7.868,0.000,0.000,0.000,0.526
16:12:59.109,170.319,-6.130,-7.410,True,0.000,0.000,-6.130,-7.410,9.617,0.000,0.000,0.000,1.059
16:12:59.129,170.338,-4.565,-4.771,True,0.000,0.000,-4.565,-4.771,6.603,0.000,0.000,0.000,0.514
16:12:59.150,170.359,-3.343,-2.704,True,0.000,0.000,-3.343,-2.704,4.300,0.000,0.000,0.000,1.072
16:12:59.170,170.380,-2.460,-1.207,True,0.000,0.000,-2.460,-1.207,2.741,0.000,0.000,0.000,0.661
16:12:59.190,170.400,-1.876,-0.213,True,0.000,0.000,-1.876,-0.213,1.888,0.000,0.000,0.000,0.659
16:12:59.211,170.420,-3.053,-3.137,True,0.000,0.000,-3.053,-3.137,4.378,0.000,0.000,0.000,0.996
16:12:59.232,170.441,-2.466,-1.880,True,0.000,0.000,-2.466,-1.880,3.101,0.000,0.000,0.000,1.030
16:12:59.252,170.461,-4.334,-4.458,True,0.000,0.000,-4.334,-4.458,6.217,0.000,0.000,0.000,0.841
16:12:59.273,170.482,-6.481,-3.726,True,0.000,0.000,-6.481,-3.726,7.476,0.000,0.000,0.000,1.003
16:12:59.294,170.503,-7.981,-3.988,True,0.000,0.000,-7.981,-3.988,8.922,0.000,0.000,0.000,1.118
16:12:59.314,170.523,-5.890,-3.269,True,0.000,0.000,-5.890,-3.269,6.736,0.000,0.000,0.000,1.110
16:12:59.334,170.544,-4.211,-3.593,True,0.000,0.000,-4.211,-3.593,5.535,0.000,0.000,0.000,0.738
16:12:59.355,170.564,-5.250,-5.592,True,0.000,0.000,-5.250,-5.592,7.670,0.000,0.000,0.000,0.883
16:12:59.375,170.584,-3.772,-3.518,True,0.000,0.000,-3.772,-3.518,5.158,0.000,0.000,0.000,0.922
16:12:59.395,170.604,-3.454,-3.678,True,0.000,0.000,-3.454,-3.678,5.046,0.000,0.000,0.000,0.576
16:12:59.416,170.625,-2.522,-1.180,True,0.000,0.000,-2.522,-1.180,2.784,0.000,0.000,0.000,0.993
16:12:59.436,170.645,-4.185,-2.893,True,0.000,0.000,-4.185,-2.893,5.088,0.000,0.000,0.000,0.790
16:12:59.456,170.665,-3.189,-0.734,True,0.000,0.000,-3.189,-0.734,3.273,0.000,0.000,0.000,0.580
16:12:59.477,170.686,-2.454,-0.056,True,0.000,0.000,-2.454,-0.056,2.454,0.000,0.000,0.000,1.054
16:12:59.498,170.707,-4.238,-3.179,True,0.000,0.000,-4.238,-3.179,5.298,0.000,0.000,0.000,1.019
16:12:59.518,170.727,-5.588,-5.546,True,0.000,0.000,-5.588,-5.546,7.873,0.000,0.000,0.000,1.107
16:12:59.538,170.747,-5.769,-8.080,True,0.000,0.000,-5.769,-8.080,9.929,0.000,0.000,0.000,0.981
16:12:59.559,170.768,-4.294,-5.378,True,0.000,0.000,-4.294,-5.378,6.882,0.000,0.000,0.000,1.125
16:12:59.579,170.788,-3.155,-3.203,True,0.000,0.000,-3.155,-3.203,4.496,0.000,0.000,0.000,1.010
16:12:59.600,170.809,-4.626,-5.101,True,0.000,0.000,-4.626,-5.101,6.887,0.000,0.000,0.000,0.909
16:12:59.620,170.829,-3.468,-3.028,True,0.000,0.000,-3.468,-3.028,4.604,0.000,0.000,0.000,0.642
16:12:59.640,170.850,-2.607,-2.368,True,0.000,0.000,-2.607,-2.368,3.522,0.000,0.000,0.000,0.589
16:12:59.661,170.870,-2.018,-1.075,True,0.000,0.000,-2.018,-1.075,2.286,0.000,0.000,0.000,0.859
16:12:59.682,170.891,-1.653,-0.211,True,0.000,0.000,-1.653,-0.211,1.666,0.000,0.000,0.000,1.051
16:12:59.702,170.911,-1.458,1.184,True,0.000,0.000,-1.458,1.184,1.878,0.000,0.000,0.000,0.970
16:12:59.722,170.931,-1.384,0.321,True,0.000,0.000,-1.384,0.321,1.421,0.000,0.000,0.000,0.719
16:12:59.743,170.952,-1.387,1.308,True,0.000,0.000,-1.387,1.308,1.907,0.000,0.000,0.000,1.048
16:12:59.763,170.972,-3.718,-2.438,True,0.000,0.000,-3.718,-2.438,4.446,0.000,0.000,0.000,1.039
16:12:59.784,170.993,-3.918,-2.611,True,0.000,0.000,-3.918,-2.611,4.708,0.000,0.000,0.000,1.123
16:12:59.804,171.013,-5.509,-4.399,True,0.000,0.000,-5.509,-4.399,7.049,0.000,0.000,0.000,1.016
16:12:59.825,171.034,-4.314,-3.862,True,0.000,0.000,-4.314,-3.862,5.790,0.000,0.000,0.000,1.025
16:12:59.845,171.054,-5.616,-5.977,True,0.000,0.000,-5.616,-5.977,8.201,0.000,0.000,0.000,0.984
16:12:59.866,171.075,-4.244,-3.922,True,0.000,0.000,-4.244,-3.922,5.779,0.000,0.000,0.000,1.007
16:12:59.886,171.095,-5.454,-6.683,True,0.000,0.000,-5.454,-6.683,8.626,0.000,0.000,0.000,1.126
16:12:59.906,171.115,-5.572,-7.791,True,0.000,0.000,-5.572,-7.791,9.578,0.000,0.000,0.000,0.557
16:12:59.926,171.136,-4.084,-4.948,True,0.000,0.000,-4.084,-4.948,6.416,0.000,0.000,0.000,1.022
16:12:59.947,171.156,-5.246,-7.139,True,0.000,0.000,-5.246,-7.139,8.859,0.000,0.000,0.000,0.881
16:12:59.967,171.177,-6.123,-6.111,True,0.000,0.000,-6.123,-6.111,8.650,0.000,0.000,0.000,1.077
16:12:59.987,171.197,-5.211,-2.648,True,0.000,0.000,-5.211,-2.648,5.845,0.000,0.000,0.000,0.628
16:13:00.009,171.218,-3.731,-0.122,True,0.000,0.000,-3.731,-0.122,3.733,0.000,0.000,0.000,1.148
16:13:00.029,171.238,-2.656,1.571,True,0.000,0.000,-2.656,1.571,3.086,0.000,0.000,0.000,0.878
16:13:00.049,171.258,-1.939,2.590,True,0.000,0.000,-1.939,2.590,3.235,0.000,0.000,0.000,0.682
16:13:00.070,171.279,-1.511,2.225,True,0.000,0.000,-1.511,2.225,2.689,0.000,0.000,0.000,1.131
16:13:00.089,171.298,-1.297,1.753,True,0.000,0.000,-1.297,1.753,2.181,0.000,0.000,0.000,0.546
16:13:00.110,171.319,-1.232,0.398,True,0.000,0.000,-1.232,0.398,1.294,0.000,0.000,0.000,0.981
16:13:00.130,171.339,-3.541,-3.298,True,0.000,0.000,-3.541,-3.298,4.839,0.000,0.000,0.000,0.991
16:13:00.151,171.360,-5.273,-5.977,True,0.000,0.000,-5.273,-5.977,7.971,0.000,0.000,0.000,1.051
16:13:00.171,171.380,-6.471,-6.880,True,0.000,0.000,-6.471,-6.880,9.445,0.000,0.000,0.000,0.709
16:13:00.191,171.400,-6.461,-8.182,True,0.000,0.000,-6.461,-8.182,10.426,0.000,0.000,0.000,0.605
16:13:00.213,171.422,-4.795,-5.404,True,0.000,0.000,-4.795,-5.404,7.224,0.000,0.000,0.000,0.885
16:13:00.234,171.443,-6.533,-4.061,True,0.000,0.000,-6.533,-4.061,7.692,0.000,0.000,0.000,1.087
16:13:00.254,171.463,-4.749,-2.179,True,0.000,0.000,-4.749,-2.179,5.225,0.000,0.000,0.000,1.082
16:13:00.274,171.483,-3.380,-0.849,True,0.000,0.000,-3.380,-0.849,3.485,0.000,0.000,0.000,0.988
16:13:00.295,171.504,-2.410,0.008,True,0.000,0.000,-2.410,0.008,2.410,0.000,0.000,0.000,1.044
16:13:00.315,171.524,-1.781,0.494,True,0.000,0.000,-1.781,0.494,1.849,0.000,0.000,0.000,0.910
16:13:00.335,171.544,-3.706,-2.803,True,0.000,0.000,-3.706,-2.803,4.647,0.000,0.000,0.000,0.812
16:13:00.355,171.564,-2.915,-1.798,True,0.000,0.000,-2.915,-1.798,3.425,0.000,0.000,0.000,0.608
16:13:00.376,171.585,-2.329,-1.013,True,0.000,0.000,-2.329,-1.013,2.540,0.000,0.000,0.000,1.066
16:13:00.396,171.605,-1.929,-0.446,True,0.000,0.000,-1.929,-0.446,1.980,0.000,0.000,0.000,0.770
16:13:00.416,171.625,-3.966,-3.586,True,0.000,0.000,-3.966,-3.586,5.347,0.000,0.000,0.000,0.636
16:13:00.436,171.645,-3.208,-2.399,True,0.000,0.000,-3.208,-2.399,4.006,0.000,0.000,0.000,0.717
16:13:00.456,171.666,-4.890,-5.833,True,0.000,0.000,-4.890,-5.833,7.612,0.000,0.000,0.000,0.621
16:13:00.477,171.686,-5.343,-7.425,True,0.000,0.000,-5.343,-7.425,9.148,0.000,0.000,0.000,0.551
16:13:00.498,171.707,-4.073,-4.902,True,0.000,0.000,-4.073,-4.902,6.373,0.000,0.000,0.000,1.079
16:13:00.518,171.727,-3.077,-2.006,True,0.000,0.000,-3.077,-2.006,3.673,0.000,0.000,0.000,0.776
16:13:00.538,171.747,-3.116,-3.394,True,0.000,0.000,-3.116,-3.394,4.607,0.000,0.000,0.000,0.747
16:13:00.559,171.768,-4.710,-3.628,True,0.000,0.000,-4.710,-3.628,5.945,0.000,0.000,0.000,0.994
16:13:00.579,171.788,-4.373,-2.935,True,0.000,0.000,-4.373,-2.935,5.267,0.000,0.000,0.000,0.922
16:13:00.599,171.808,-4.082,-1.556,True,0.000,0.000,-4.082,-1.556,4.369,0.000,0.000,0.000,0.777
16:13:00.620,171.829,-3.090,-0.587,True,0.000,0.000,-3.090,-0.587,3.145,0.000,0.000,0.000,1.112
16:13:00.639,171.848,-2.368,0.034,True,0.000,0.000,-2.368,0.034,2.368,0.000,0.000,0.000,0.627
16:13:00.660,171.869,-1.886,0.383,True,0.000,0.000,-1.886,0.383,1.925,0.000,0.000,0.000,0.952
16:13:00.681,171.890,-3.882,-2.979,True,0.000,0.000,-3.882,-2.979,4.893,0.000,0.000,0.000,0.583
16:13:00.702,171.911,-5.394,-5.506,True,0.000,0.000,-5.394,-5.506,7.708,0.000,0.000,0.000,1.026
16:13:00.722,171.931,-4.169,-3.742,True,0.000,0.000,-4.169,-3.742,5.602,0.000,0.000,0.000,0.631
16:13:00.743,171.952,-5.471,-5.810,True,0.000,0.000,-5.471,-5.810,7.980,0.000,0.000,0.000,1.098
16:13:00.763,171.972,-4.116,-3.749,True,0.000,0.000,-4.116,-3.749,5.567,0.000,0.000,0.000,0.995
16:13:00.783,171.992,-4.589,-5.647,True,0.000,0.000,-4.589,-5.647,7.277,0.000,0.000,0.000,0.597
16:13:00.803,172.013,-5.704,-7.024,True,0.000,0.000,-5.704,-7.024,9.049,0.000,0.000,0.000,0.893
16:13:00.824,172.033,-5.738,-7.942,True,0.000,0.000,-5.738,-7.942,9.798,0.000,0.000,0.000,0.961
16:13:00.844,172.054,-4.182,-4.973,True,0.000,0.000,-4.182,-4.973,6.498,0.000,0.000,0.000,1.063
16:13:00.864,172.073,-3.011,-1.816,True,0.000,0.000,-3.011,-1.816,3.516,0.000,0.000,0.000,0.527
16:13:00.886,172.095,-2.197,-0.441,True,0.000,0.000,-2.197,-0.441,2.240,0.000,0.000,0.000,1.117
16:13:00.906,172.115,-3.966,-3.123,True,0.000,0.000,-3.966,-3.123,5.048,0.000,0.000,0.000,0.641
16:13:00.928,172.137,-3.056,-1.729,True,0.000,0.000,-3.056,-1.729,3.512,0.000,0.000,0.000,0.615
16:13:00.948,172.158,-3.908,-5.126,True,0.000,0.000,-3.908,-5.126,6.446,0.000,0.000,0.000,0.514
16:13:00.969,172.179,-4.558,-7.659,True,0.000,0.000,-4.558,-7.659,8.913,0.000,0.000,0.000,1.073
16:13:00.989,172.198,-5.776,-8.522,True,0.000,0.000,-5.776,-8.522,10.295,0.000,0.000,0.000,0.544
16:13:01.010,172.219,-5.861,-9.848,True,0.000,0.000,-5.861,-9.848,11.460,0.000,0.000,0.000,0.969
16:13:01.031,172.240,-6.603,-10.643,True,0.000,0.000,-6.603,-10.643,12.525,0.000,0.000,0.000,0.939
16:13:01.051,172.260,-4.796,-6.647,True,0.000,0.000,-4.796,-6.647,8.197,0.000,0.000,0.000,0.763
16:13:01.071,172.280,-3.409,-3.586,True,0.000,0.000,-3.409,-3.586,4.948,0.000,0.000,0.000,0.547
16:13:01.092,172.301,-4.709,-3.177,True,0.000,0.000,-4.709,-3.177,5.680,0.000,0.000,0.000,1.120
16:13:01.112,172.321,-3.443,-2.172,True,0.000,0.000,-3.443,-2.172,4.071,0.000,0.000,0.000,0.808
16:13:01.132,172.342,-5.570,-2.463,True,0.000,0.000,-5.570,-2.463,6.090,0.000,0.000,0.000,1.085
16:13:01.153,172.362,-4.121,-1.063,True,0.000,0.000,-4.121,-1.063,4.256,0.000,0.000,0.000,1.031
16:13:01.173,172.382,-4.540,-4.534,True,0.000,0.000,-4.540,-4.534,6.417,0.000,0.000,0.000,1.015
16:13:01.193,172.402,-4.107,-2.786,True,0.000,0.000,-4.107,-2.786,4.963,0.000,0.000,0.000,0.625
16:13:01.214,172.423,-3.031,-1.461,True,0.000,0.000,-3.031,-1.461,3.365,0.000,0.000,0.000,1.068
16:13:01.237,172.446,-2.269,-0.534,True,0.000,0.000,-2.269,-0.534,2.331,0.000,0.000,0.000,0.681
16:13:01.258,172.467,-4.060,-3.459,True,0.000,0.000,-4.060,-3.459,5.333,0.000,0.000,0.000,0.810
16:13:01.279,172.488,-3.151,-2.164,True,0.000,0.000,-3.151,-2.164,3.822,0.000,0.000,0.000,0.982
16:13:01.299,172.508,-2.469,-1.171,True,0.000,0.000,-2.469,-1.171,2.733,0.000,0.000,0.000,0.933
16:13:01.320,172.529,-2.760,-0.467,True,0.000,0.000,-2.760,-0.467,2.799,0.000,0.000,0.000,1.108
16:13:01.340,172.549,-2.255,-0.011,True,0.000,0.000,-2.255,-0.011,2.255,0.000,0.000,0.000,0.948
16:13:01.360,172.569,-2.671,-3.266,True,0.000,0.000,-2.671,-3.266,4.219,0.000,0.000,0.000,1.057
16:13:01.380,172.589,-2.249,-1.303,True,0.000,0.000,-2.249,-1.303,2.599,0.000,0.000,0.000,0.511
16:13:01.401,172.610,-2.712,-0.669,True,0.000,0.000,-2.712,-0.669,2.794,0.000,0.000,0.000,1.172
16:13:01.420,172.629,-4.596,-4.623,True,0.000,0.000,-4.596,-4.623,6.519,0.000,0.000,0.000,0.563
16:13:01.441,172.650,-3.676,-4.018,True,0.000,0.000,-3.676,-4.018,5.446,0.000,0.000,0.000,1.310
16:13:01.461,172.671,-2.926,-3.439,True,0.000,0.000,-2.926,-3.439,4.515,0.000,0.000,0.000,0.925
16:13:01.482,172.691,-2.362,-5.580,True,0.000,0.000,-2.362,-5.580,6.059,0.000,0.000,0.000,0.947
16:13:01.503,172.712,-1.970,-4.466,True,0.000,0.000,-1.970,-4.466,4.882,0.000,0.000,0.000,1.006
16:13:01.523,172.732,-1.723,-3.545,True,0.000,0.000,-1.723,-3.545,3.942,0.000,0.000,0.000,0.715
16:13:01.543,172.752,-3.872,-5.479,True,0.000,0.000,-3.872,-5.479,6.709,0.000,0.000,0.000,0.630
16:13:01.564,172.773,-3.189,-4.260,True,0.000,0.000,-3.189,-4.260,5.321,0.000,0.000,0.000,1.065
16:13:01.584,172.793,-2.631,-5.939,True,0.000,0.000,-2.631,-5.939,6.496,0.000,0.000,0.000,0.813
16:13:01.604,172.813,-4.495,-7.157,True,0.000,0.000,-4.495,-7.157,8.452,0.000,0.000,0.000,0.616
16:13:01.625,172.834,-4.338,-3.574,True,0.000,0.000,-4.338,-3.574,5.621,0.000,0.000,0.000,1.071
16:13:01.645,172.854,-3.391,-2.628,True,0.000,0.000,-3.391,-2.628,4.290,0.000,0.000,0.000,0.885
16:13:01.665,172.874,-2.660,-0.262,True,0.000,0.000,-2.660,-0.262,2.673,0.000,0.000,0.000,0.551
16:13:01.685,172.894,-2.138,-3.037,True,0.000,0.000,-2.138,-3.037,3.714,0.000,0.000,0.000,0.551
16:13:01.706,172.915,-1.797,-2.587,True,0.000,0.000,-1.797,-2.587,3.149,0.000,0.000,0.000,0.597
16:13:01.726,172.936,-1.599,-4.902,True,0.000,0.000,-1.599,-4.902,5.156,0.000,0.000,0.000,0.995
16:13:01.747,172.956,-3.790,-6.605,True,0.000,0.000,-3.790,-6.605,7.615,0.000,0.000,0.000,0.991
16:13:01.767,172.976,-4.664,-8.636,True,0.000,0.000,-4.664,-8.636,9.815,0.000,0.000,0.000,0.980
16:13:01.787,172.996,-3.713,-5.582,True,0.000,0.000,-3.713,-5.582,6.704,0.000,0.000,0.000,0.626
16:13:01.807,173.016,-4.464,-6.698,True,0.000,0.000,-4.464,-6.698,8.049,0.000,0.000,0.000,0.576
16:13:01.828,173.037,-3.467,-3.990,True,0.000,0.000,-3.467,-3.990,5.286,0.000,0.000,0.000,0.736
16:13:01.848,173.057,-2.699,-1.097,True,0.000,0.000,-2.699,-1.097,2.913,0.000,0.000,0.000,0.661
16:13:01.869,173.078,-2.151,-0.837,True,0.000,0.000,-2.151,-0.837,2.308,0.000,0.000,0.000,1.021
16:13:01.889,173.099,-3.316,-4.348,True,0.000,0.000,-3.316,-4.348,5.468,0.000,0.000,0.000,0.947
16:13:01.910,173.119,-2.691,-3.522,True,0.000,0.000,-2.691,-3.522,4.433,0.000,0.000,0.000,1.086
16:13:01.930,173.139,-4.510,-5.513,True,0.000,0.000,-4.510,-5.513,7.123,0.000,0.000,0.000,0.569
16:13:01.951,173.160,-3.564,-2.565,True,0.000,0.000,-3.564,-2.565,4.391,0.000,0.000,0.000,1.352
16:13:01.970,173.179,-2.812,-1.220,True,0.000,0.000,-2.812,-1.220,3.065,0.000,0.000,0.000,0.605
16:13:01.991,173.200,-2.260,-0.311,True,0.000,0.000,-2.260,-0.311,2.282,0.000,0.000,0.000,0.997
16:13:02.011,173.220,-1.888,0.243,True,0.000,0.000,-1.888,0.243,1.903,0.000,0.000,0.000,0.598
16:13:02.032,173.241,-3.184,-2.986,True,0.000,0.000,-3.184,-2.986,4.365,0.000,0.000,0.000,1.097
16:13:02.054,173.264,-2.650,-4.557,True,0.000,0.000,-2.650,-4.557,5.271,0.000,0.000,0.000,1.095
16:13:02.074,173.283,-3.002,-2.999,True,0.000,0.000,-3.002,-2.999,4.243,0.000,0.000,0.000,0.519
16:13:02.096,173.305,-4.788,-5.272,True,0.000,0.000,-4.788,-5.272,7.122,0.000,0.000,0.000,1.191
16:13:02.116,173.325,-6.074,-6.907,True,0.000,0.000,-6.074,-6.907,9.198,0.000,0.000,0.000,0.959
16:13:02.136,173.345,-6.161,-8.864,True,0.000,0.000,-6.161,-8.864,10.795,0.000,0.000,0.000,0.821
16:13:02.156,173.365,-4.586,-6.620,True,0.000,0.000,-4.586,-6.620,8.053,0.000,0.000,0.000,0.522
16:13:02.178,173.387,-3.355,-3.920,True,0.000,0.000,-3.355,-3.920,5.160,0.000,0.000,0.000,0.973
16:13:02.198,173.407,-3.228,-4.556,True,0.000,0.000,-3.228,-4.556,5.584,0.000,0.000,0.000,0.899
16:13:02.219,173.428,-2.430,-1.588,True,0.000,0.000,-2.430,-1.588,2.903,0.000,0.000,0.000,1.103
16:13:02.239,173.448,-4.182,-3.863,True,0.000,0.000,-4.182,-3.863,5.693,0.000,0.000,0.000,1.116
16:13:02.260,173.469,-3.236,-4.788,True,0.000,0.000,-3.236,-4.788,5.778,0.000,0.000,0.000,1.119
16:13:02.280,173.489,-2.523,-2.834,True,0.000,0.000,-2.523,-2.834,3.795,0.000,0.000,0.000,1.042
16:13:02.300,173.509,-2.028,-1.387,True,0.000,0.000,-2.028,-1.387,2.457,0.000,0.000,0.000,0.918
16:13:02.321,173.530,-2.477,0.480,True,0.000,0.000,-2.477,0.480,2.523,0.000,0.000,0.000,0.958
16:13:02.342,173.551,-2.096,0.848,True,0.000,0.000,-2.096,0.848,2.261,0.000,0.000,0.000,1.068
16:13:02.362,173.571,-4.124,-0.801,True,0.000,0.000,-4.124,-0.801,4.201,0.000,0.000,0.000,0.982
16:13:02.382,173.592,-4.865,-3.886,True,0.000,0.000,-4.865,-3.886,6.226,0.000,0.000,0.000,0.863
16:13:02.403,173.612,-5.338,-6.147,True,0.000,0.000,-5.338,-6.147,8.141,0.000,0.000,0.000,1.250
16:13:02.423,173.632,-4.841,-5.034,True,0.000,0.000,-4.841,-5.034,6.984,0.000,0.000,0.000,0.589
16:13:02.444,173.653,-6.687,-4.925,True,0.000,0.000,-6.687,-4.925,8.305,0.000,0.000,0.000,1.086
16:13:02.465,173.674,-4.946,-3.004,True,0.000,0.000,-4.946,-3.004,5.787,0.000,0.000,0.000,1.079
16:13:02.485,173.694,-3.578,-1.555,True,0.000,0.000,-3.578,-1.555,3.901,0.000,0.000,0.000,0.520
16:13:02.506,173.715,-2.585,-0.547,True,0.000,0.000,-2.585,-0.547,2.642,0.000,0.000,0.000,1.134
16:13:02.526,173.735,-1.923,0.092,True,0.000,0.000,-1.923,0.092,1.925,0.000,0.000,0.000,0.885
16:13:02.547,173.756,-2.289,-3.071,True,0.000,0.000,-2.289,-3.071,3.830,0.000,0.000,0.000,1.066
16:13:02.568,173.777,-1.883,-1.958,True,0.000,0.000,-1.883,-1.958,2.717,0.000,0.000,0.000,1.076
16:13:02.588,173.797,-2.400,-1.092,True,0.000,0.000,-2.400,-1.092,2.637,0.000,0.000,0.000,1.004
16:13:02.608,173.817,-3.589,-4.865,True,0.000,0.000,-3.589,-4.865,6.046,0.000,0.000,0.000,0.845
16:13:02.628,173.837,-5.230,-5.006,True,0.000,0.000,-5.230,-5.006,7.240,0.000,0.000,0.000,0.645
16:13:02.648,173.858,-4.097,-1.461,True,0.000,0.000,-4.097,-1.461,4.349,0.000,0.000,0.000,0.587
16:13:02.669,173.878,-3.176,-1.424,True,0.000,0.000,-3.176,-1.424,3.480,0.000,0.000,0.000,1.017
16:13:02.689,173.898,-2.484,-0.597,True,0.000,0.000,-2.484,-0.597,2.555,0.000,0.000,0.000,0.951
16:13:02.710,173.919,-2.006,-0.055,True,0.000,0.000,-2.006,-0.055,2.007,0.000,0.000,0.000,1.226
16:13:02.730,173.939,-3.989,-3.256,True,0.000,0.000,-3.989,-3.256,5.150,0.000,0.000,0.000,0.833
16:13:02.751,173.960,-4.721,-5.658,True,0.000,0.000,-4.721,-5.658,7.369,0.000,0.000,0.000,1.076
16:13:02.771,173.980,-3.683,-2.926,True,0.000,0.000,-3.683,-2.926,4.704,0.000,0.000,0.000,0.715
16:13:02.791,174.000,-3.626,-2.541,True,0.000,0.000,-3.626,-2.541,4.428,0.000,0.000,0.000,0.518
16:13:02.811,174.020,-3.583,-4.899,True,0.000,0.000,-3.583,-4.899,6.069,0.000,0.000,0.000,0.554
16:13:02.831,174.041,-3.567,-5.468,True,0.000,0.000,-3.567,-5.468,6.529,0.000,0.000,0.000,0.655
16:13:02.852,174.061,-3.541,-6.082,True,0.000,0.000,-3.541,-6.082,7.037,0.000,0.000,0.000,0.997
16:13:02.872,174.081,-2.672,-3.436,True,0.000,0.000,-2.672,-3.436,4.353,0.000,0.000,0.000,0.583
16:13:02.893,174.102,-4.518,-6.347,True,0.000,0.000,-4.518,-6.347,7.791,0.000,0.000,0.000,1.050
16:13:02.913,174.122,-4.261,-5.689,True,0.000,0.000,-4.261,-5.689,7.108,0.000,0.000,0.000,0.486
16:13:02.934,174.143,-4.797,-7.776,True,0.000,0.000,-4.797,-7.776,9.136,0.000,0.000,0.000,0.612
16:13:02.954,174.164,-6.683,-6.609,True,0.000,0.000,-6.683,-6.609,9.400,0.000,0.000,0.000,1.063
16:13:02.975,174.184,-6.488,-7.404,True,0.000,0.000,-6.488,-7.404,9.844,0.000,0.000,0.000,0.934
16:13:02.995,174.204,-4.708,-4.422,True,0.000,0.000,-4.708,-4.422,6.459,0.000,0.000,0.000,1.076
16:13:03.015,174.225,-3.346,-1.320,True,0.000,0.000,-3.346,-1.320,3.597,0.000,0.000,0.000,0.960
16:13:03.036,174.245,-2.385,-0.039,True,0.000,0.000,-2.385,-0.039,2.385,0.000,0.000,0.000,1.090
16:13:03.056,174.265,-1.765,-0.186,True,0.000,0.000,-1.765,-0.186,1.775,0.000,0.000,0.000,1.127
16:13:03.076,174.285,-2.936,-3.127,True,0.000,0.000,-2.936,-3.127,4.289,0.000,0.000,0.000,0.976
16:13:03.096,174.305,-2.359,-1.000,True,0.000,0.000,-2.359,-1.000,2.562,0.000,0.000,0.000,0.549
16:13:03.117,174.326,-1.960,-0.309,True,0.000,0.000,-1.960,-0.309,1.984,0.000,0.000,0.000,1.048
16:13:03.137,174.346,-2.472,-3.395,True,0.000,0.000,-2.472,-3.395,4.199,0.000,0.000,0.000,0.766
16:13:03.158,174.367,-2.127,-3.078,True,0.000,0.000,-2.127,-3.078,3.741,0.000,0.000,0.000,0.987
16:13:03.178,174.387,-1.888,-1.895,True,0.000,0.000,-1.888,-1.895,2.676,0.000,0.000,0.000,0.637
16:13:03.198,174.407,-1.738,-0.998,True,0.000,0.000,-1.738,-0.998,2.004,0.000,0.000,0.000,0.528
16:13:03.218,174.427,-3.940,-3.885,True,0.000,0.000,-3.940,-3.885,5.533,0.000,0.000,0.000,0.922
16:13:03.239,174.448,-5.563,-6.033,True,0.000,0.000,-5.563,-6.033,8.206,0.000,0.000,0.000,1.040
16:13:03.259,174.468,-4.380,-4.870,True,0.000,0.000,-4.380,-4.870,6.550,0.000,0.000,0.000,0.953
16:13:03.279,174.488,-3.397,-3.873,True,0.000,0.000,-3.397,-3.873,5.152,0.000,0.000,0.000,0.836
16:13:03.300,174.509,-2.644,-2.209,True,0.000,0.000,-2.644,-2.209,3.446,0.000,0.000,0.000,1.116
16:13:03.320,174.529,-4.396,-4.516,True,0.000,0.000,-4.396,-4.516,6.302,0.000,0.000,0.000,0.696
16:13:03.340,174.549,-4.186,-6.260,True,0.000,0.000,-4.186,-6.260,7.531,0.000,0.000,0.000,0.874
16:13:03.361,174.570,-3.228,-3.961,True,0.000,0.000,-3.228,-3.961,5.110,0.000,0.000,0.000,1.076
16:13:03.382,174.591,-4.793,-5.699,True,0.000,0.000,-4.793,-5.699,7.447,0.000,0.000,0.000,1.033
16:13:03.402,174.611,-3.669,-3.463,True,0.000,0.000,-3.669,-3.463,5.045,0.000,0.000,0.000,1.081
16:13:03.422,174.632,-2.804,-1.781,True,0.000,0.000,-2.804,-1.781,3.321,0.000,0.000,0.000,0.807
16:13:03.443,174.652,-2.950,-3.249,True,0.000,0.000,-2.950,-3.249,4.388,0.000,0.000,0.000,1.134
16:13:03.463,174.673,-4.624,-5.303,True,0.000,0.000,-4.624,-5.303,7.036,0.000,0.000,0.000,0.950
16:13:03.484,174.693,-3.582,-6.810,True,0.000,0.000,-3.582,-6.810,7.695,0.000,0.000,0.000,1.096
16:13:03.504,174.713,-2.774,-7.826,True,0.000,0.000,-2.774,-7.826,8.303,0.000,0.000,0.000,0.557
16:13:03.525,174.734,-2.956,-8.443,True,0.000,0.000,-2.956,-8.443,8.946,0.000,0.000,0.000,1.058
16:13:03.545,174.754,-2.367,-7.002,True,0.000,0.000,-2.367,-7.002,7.391,0.000,0.000,0.000,1.123
16:13:03.565,174.774,-4.244,-6.714,True,0.000,0.000,-4.244,-6.714,7.943,0.000,0.000,0.000,0.577
16:13:03.586,174.795,-4.124,-7.358,True,0.000,0.000,-4.124,-7.358,8.435,0.000,0.000,0.000,0.818
16:13:03.606,174.815,-3.224,-4.304,True,0.000,0.000,-3.224,-4.304,5.377,0.000,0.000,0.000,0.605
16:13:03.626,174.835,-3.300,-3.813,True,0.000,0.000,-3.300,-3.813,5.043,0.000,0.000,0.000,0.601
16:13:03.647,174.856,-4.894,-5.323,True,0.000,0.000,-4.894,-5.323,7.231,0.000,0.000,0.000,0.538
16:13:03.668,174.877,-3.774,-3.002,True,0.000,0.000,-3.774,-3.002,4.822,0.000,0.000,0.000,1.003
16:13:03.688,174.898,-2.898,-1.326,True,0.000,0.000,-2.898,-1.326,3.187,0.000,0.000,0.000,1.155
16:13:03.709,174.918,-2.266,-1.094,True,0.000,0.000,-2.266,-1.094,2.516,0.000,0.000,0.000,1.013
16:13:03.729,174.938,-2.608,-0.195,True,0.000,0.000,-2.608,-0.195,2.616,0.000,0.000,0.000,1.036
16:13:03.749,174.959,-4.435,-3.176,True,0.000,0.000,-4.435,-3.176,5.455,0.000,0.000,0.000,1.032
16:13:03.769,174.979,-3.502,-1.947,True,0.000,0.000,-3.502,-1.947,4.007,0.000,0.000,0.000,0.635
16:13:03.791,175.000,-2.766,-1.896,True,0.000,0.000,-2.766,-1.896,3.353,0.000,0.000,0.000,1.159
16:13:03.811,175.020,-4.512,-4.520,True,0.000,0.000,-4.512,-4.520,6.387,0.000,0.000,0.000,1.102
16:13:03.832,175.041,-5.808,-6.444,True,0.000,0.000,-5.808,-6.444,8.675,0.000,0.000,0.000,0.734
16:13:03.852,175.061,-4.410,-4.226,True,0.000,0.000,-4.410,-4.226,6.108,0.000,0.000,0.000,0.814
16:13:03.872,175.081,-3.301,-2.463,True,0.000,0.000,-3.301,-2.463,4.119,0.000,0.000,0.000,0.540
16:13:03.893,175.102,-3.250,-4.683,True,0.000,0.000,-3.250,-4.683,5.700,0.000,0.000,0.000,0.696
16:13:03.914,175.123,-3.254,-2.842,True,0.000,0.000,-3.254,-2.842,4.320,0.000,0.000,0.000,1.133
16:13:03.934,175.143,-2.528,-1.458,True,0.000,0.000,-2.528,-1.458,2.918,0.000,0.000,0.000,1.061
16:13:03.954,175.163,-2.786,-0.498,True,0.000,0.000,-2.786,-0.498,2.830,0.000,0.000,0.000,0.622
16:13:03.975,175.184,-3.782,-3.408,True,0.000,0.000,-3.782,-3.408,5.091,0.000,0.000,0.000,1.168
16:13:03.996,175.206,-4.529,-6.505,True,0.000,0.000,-4.529,-6.505,7.926,0.000,0.000,0.000,1.242
16:13:04.016,175.225,-5.045,-7.826,True,0.000,0.000,-5.045,-7.826,9.311,0.000,0.000,0.000,0.533
16:13:04.037,175.246,-5.368,-8.616,True,0.000,0.000,-5.368,-8.616,10.151,0.000,0.000,0.000,1.080
16:13:04.057,175.266,-4.021,-5.495,True,0.000,0.000,-4.021,-5.495,6.809,0.000,0.000,0.000,0.548
16:13:04.078,175.287,-5.271,-6.583,True,0.000,0.000,-5.271,-6.583,8.434,0.000,0.000,0.000,0.861
16:13:04.098,175.308,-3.911,-3.873,True,0.000,0.000,-3.911,-3.873,5.504,0.000,0.000,0.000,0.962
16:13:04.119,175.328,-2.883,-5.387,True,0.000,0.000,-2.883,-5.387,6.110,0.000,0.000,0.000,0.955
16:13:04.139,175.348,-2.165,-3.062,True,0.000,0.000,-2.165,-3.062,3.750,0.000,0.000,0.000,0.577
16:13:04.160,175.369,-1.710,-1.375,True,0.000,0.000,-1.710,-1.375,2.194,0.000,0.000,0.000,0.946
16:13:04.180,175.389,-2.980,-4.647,True,0.000,0.000,-2.980,-4.647,5.521,0.000,0.000,0.000,1.105
16:13:04.201,175.410,-3.216,-5.409,True,0.000,0.000,-3.216,-5.409,6.293,0.000,0.000,0.000,1.073
16:13:04.221,175.430,-3.388,-3.289,True,0.000,0.000,-3.388,-3.289,4.722,0.000,0.000,0.000,0.520
16:13:04.242,175.451,-2.741,-1.693,True,0.000,0.000,-2.741,-1.693,3.222,0.000,0.000,0.000,1.139
16:13:04.261,175.470,-3.019,-1.463,True,0.000,0.000,-3.019,-1.463,3.355,0.000,0.000,0.000,0.620
16:13:04.282,175.491,-2.477,-1.401,True,0.000,0.000,-2.477,-1.401,2.845,0.000,0.000,0.000,0.947
16:13:04.303,175.512,-2.084,-0.562,True,0.000,0.000,-2.084,-0.562,2.158,0.000,0.000,0.000,1.029
16:13:04.324,175.533,-1.822,-0.018,True,0.000,0.000,-1.822,-0.018,1.823,0.000,0.000,0.000,1.096
16:13:04.344,175.553,-1.667,1.172,True,0.000,0.000,-1.667,1.172,2.038,0.000,0.000,0.000,1.063
16:13:04.364,175.573,-3.113,-2.442,True,0.000,0.000,-3.113,-2.442,3.957,0.000,0.000,0.000,1.103
16:13:04.385,175.594,-2.672,-0.782,True,0.000,0.000,-2.672,-0.782,2.784,0.000,0.000,0.000,1.005
16:13:04.405,175.614,-2.314,-0.381,True,0.000,0.000,-2.314,-0.381,2.345,0.000,0.000,0.000,1.145
16:13:04.425,175.634,-2.806,-3.624,True,0.000,0.000,-2.806,-3.624,4.583,0.000,0.000,0.000,0.516
16:13:04.446,175.655,-3.934,-6.006,True,0.000,0.000,-3.934,-6.006,7.179,0.000,0.000,0.000,1.008
16:13:04.467,175.676,-5.498,-7.616,True,0.000,0.000,-5.498,-7.616,9.393,0.000,0.000,0.000,0.863
16:13:04.487,175.696,-6.574,-9.474,True,0.000,0.000,-6.574,-9.474,11.531,0.000,0.000,0.000,0.706
16:13:04.508,175.717,-5.721,-6.222,True,0.000,0.000,-5.721,-6.222,8.453,0.000,0.000,0.000,1.140
16:13:04.528,175.737,-6.499,-7.150,True,0.000,0.000,-6.499,-7.150,9.662,0.000,0.000,0.000,0.923
16:13:04.548,175.757,-4.724,-4.281,True,0.000,0.000,-4.724,-4.281,6.375,0.000,0.000,0.000,1.064
16:13:04.569,175.778,-3.364,-2.141,True,0.000,0.000,-3.364,-2.141,3.987,0.000,0.000,0.000,0.951
16:13:04.588,175.797,-2.400,-0.670,True,0.000,0.000,-2.400,-0.670,2.492,0.000,0.000,0.000,0.551
16:13:04.608,175.818,-1.777,1.125,True,0.000,0.000,-1.777,1.125,2.103,0.000,0.000,0.000,0.533
16:13:04.629,175.838,-2.944,-2.139,True,0.000,0.000,-2.944,-2.139,3.639,0.000,0.000,0.000,0.645
16:13:04.651,175.860,-3.887,-4.710,True,0.000,0.000,-3.887,-4.710,6.107,0.000,0.000,0.000,1.017
16:13:04.670,175.879,-4.590,-6.581,True,0.000,0.000,-4.590,-6.581,8.024,0.000,0.000,0.000,0.546
16:13:04.692,175.901,-5.836,-7.832,True,0.000,0.000,-5.836,-7.832,9.767,0.000,0.000,0.000,1.589
16:13:04.712,175.921,-4.406,-4.187,True,0.000,0.000,-4.406,-4.187,6.078,0.000,0.000,0.000,1.059
16:13:04.732,175.941,-3.280,-2.254,True,0.000,0.000,-3.280,-2.254,3.980,0.000,0.000,0.000,1.113
16:13:04.752,175.961,-2.984,-1.560,True,0.000,0.000,-2.984,-1.560,3.367,0.000,0.000,0.000,0.755
16:13:04.773,175.982,-3.164,-0.378,True,0.000,0.000,-3.164,-0.378,3.186,0.000,0.000,0.000,1.177
16:13:04.793,176.002,-3.251,0.226,True,0.000,0.000,-3.251,0.226,3.259,0.000,0.000,0.000,1.077
16:13:04.813,176.022,-4.904,-3.119,True,0.000,0.000,-4.904,-3.119,5.812,0.000,0.000,0.000,0.858
16:13:04.834,176.043,-3.732,-2.818,True,0.000,0.000,-3.732,-2.818,4.676,0.000,0.000,0.000,0.569
16:13:04.855,176.064,-3.611,-1.681,True,0.000,0.000,-3.611,-1.681,3.983,0.000,0.000,0.000,0.951
16:13:04.875,176.084,-2.772,-0.837,True,0.000,0.000,-2.772,-0.837,2.895,0.000,0.000,0.000,1.045
16:13:04.895,176.104,-2.174,-0.257,True,0.000,0.000,-2.174,-0.257,2.190,0.000,0.000,0.000,0.851
16:13:04.915,176.125,-4.075,-3.420,True,0.000,0.000,-4.075,-3.420,5.320,0.000,0.000,0.000,0.825
16:13:04.935,176.145,-3.222,-2.258,True,0.000,0.000,-3.222,-2.258,3.934,0.000,0.000,0.000,0.771
16:13:04.956,176.165,-2.565,-1.330,True,0.000,0.000,-2.565,-1.330,2.889,0.000,0.000,0.000,1.034
16:13:04.977,176.186,-2.096,-0.644,True,0.000,0.000,-2.096,-0.644,2.193,0.000,0.000,0.000,0.964
16:13:04.997,176.206,-2.552,0.701,True,0.000,0.000,-2.552,0.701,2.647,0.000,0.000,0.000,0.988
16:13:05.018,176.227,-4.451,-2.771,True,0.000,0.000,-4.451,-2.771,5.243,0.000,0.000,0.000,0.855
16:13:05.039,176.248,-3.556,-1.868,True,0.000,0.000,-3.556,-1.868,4.017,0.000,0.000,0.000,1.237
16:13:05.059,176.268,-3.596,-3.770,True,0.000,0.000,-3.596,-3.770,5.210,0.000,0.000,0.000,0.985
16:13:05.079,176.288,-4.373,-6.008,True,0.000,0.000,-4.373,-6.008,7.431,0.000,0.000,0.000,0.746
16:13:05.099,176.309,-3.402,-4.021,True,0.000,0.000,-3.402,-4.021,5.267,0.000,0.000,0.000,1.116
16:13:05.120,176.329,-4.939,-5.929,True,0.000,0.000,-4.939,-5.929,7.717,0.000,0.000,0.000,0.991
16:13:05.140,176.349,-3.782,-3.763,True,0.000,0.000,-3.782,-3.763,5.335,0.000,0.000,0.000,1.121
16:13:05.161,176.370,-2.884,-2.084,True,0.000,0.000,-2.884,-2.084,3.558,0.000,0.000,0.000,0.992
16:13:05.181,176.390,-4.525,-3.519,True,0.000,0.000,-4.525,-3.519,5.732,0.000,0.000,0.000,0.873
16:13:05.202,176.411,-3.475,-2.006,True,0.000,0.000,-3.475,-2.006,4.013,0.000,0.000,0.000,1.142
16:13:05.222,176.431,-4.198,-4.423,True,0.000,0.000,-4.198,-4.423,6.098,0.000,0.000,0.000,1.073
16:13:05.243,176.452,-3.217,-2.725,True,0.000,0.000,-3.217,-2.725,4.216,0.000,0.000,0.000,1.085
16:13:05.263,176.472,-2.487,-0.557,True,0.000,0.000,-2.487,-0.557,2.549,0.000,0.000,0.000,1.110
16:13:05.283,176.492,-4.270,-2.531,True,0.000,0.000,-4.270,-2.531,4.964,0.000,0.000,0.000,1.038
16:13:05.304,176.513,-4.854,-4.959,True,0.000,0.000,-4.854,-4.959,6.939,0.000,0.000,0.000,1.069
16:13:05.324,176.533,-3.717,-2.324,True,0.000,0.000,-3.717,-2.324,4.383,0.000,0.000,0.000,0.975
16:13:05.344,176.553,-5.122,-4.702,True,0.000,0.000,-5.122,-4.702,6.953,0.000,0.000,0.000,0.931
16:13:05.365,176.574,-6.152,-6.464,True,0.000,0.000,-6.152,-6.464,8.924,0.000,0.000,0.000,1.201
16:13:05.385,176.594,-6.846,-6.788,True,0.000,0.000,-6.846,-6.788,9.641,0.000,0.000,0.000,1.170
16:13:05.405,176.614,-5.744,-4.256,True,0.000,0.000,-5.744,-4.256,7.149,0.000,0.000,0.000,1.056
16:13:05.425,176.635,-4.854,-4.948,True,0.000,0.000,-4.854,-4.948,6.931,0.000,0.000,0.000,0.845
16:13:05.445,176.655,-4.953,-6.358,True,0.000,0.000,-4.953,-6.358,8.060,0.000,0.000,0.000,0.520
16:13:05.467,176.676,-3.527,-3.858,True,0.000,0.000,-3.527,-3.858,5.227,0.000,0.000,0.000,1.115
16:13:05.487,176.697,-2.507,-5.494,True,0.000,0.000,-2.507,-5.494,6.039,0.000,0.000,0.000,0.644
16:13:05.508,176.717,-1.839,-3.224,True,0.000,0.000,-1.839,-3.224,3.712,0.000,0.000,0.000,0.671
16:13:05.529,176.738,-1.450,-0.672,True,0.000,0.000,-1.450,-0.672,1.598,0.000,0.000,0.000,0.767
16:13:05.549,176.758,-3.550,-3.293,True,0.000,0.000,-3.550,-3.293,4.842,0.000,0.000,0.000,0.722
16:13:05.569,176.778,-2.878,-1.845,True,0.000,0.000,-2.878,-1.845,3.419,0.000,0.000,0.000,0.643
16:13:05.590,176.799,-4.647,-4.318,True,0.000,0.000,-4.647,-4.318,6.344,0.000,0.000,0.000,1.139
16:13:05.610,176.819,-3.657,-1.785,True,0.000,0.000,-3.657,-1.785,4.069,0.000,0.000,0.000,0.968
16:13:05.631,176.840,-2.869,0.109,True,0.000,0.000,-2.869,0.109,2.871,0.000,0.000,0.000,0.996
16:13:05.651,176.860,-3.812,-3.858,True,0.000,0.000,-3.812,-3.858,5.424,0.000,0.000,0.000,1.106
16:13:05.672,176.881,-5.287,-5.987,True,0.000,0.000,-5.287,-5.987,7.987,0.000,0.000,0.000,0.983
16:13:05.692,176.902,-6.336,-7.455,True,0.000,0.000,-6.336,-7.455,9.784,0.000,0.000,0.000,1.113
16:13:05.713,176.922,-7.019,-8.373,True,0.000,0.000,-7.019,-8.373,10.926,0.000,0.000,0.000,1.121
16:13:05.733,176.942,-5.129,-5.354,True,0.000,0.000,-5.129,-5.354,7.414,0.000,0.000,0.000,0.781
16:13:05.753,176.963,-5.178,-7.396,True,0.000,0.000,-5.178,-7.396,9.028,0.000,0.000,0.000,1.008
16:13:05.773,176.983,-3.697,-5.373,True,0.000,0.000,-3.697,-5.373,6.522,0.000,0.000,0.000,0.739
16:13:05.794,177.003,-4.909,-5.585,True,0.000,0.000,-4.909,-5.585,7.436,0.000,0.000,0.000,1.083
16:13:05.815,177.024,-3.571,-3.132,True,0.000,0.000,-3.571,-3.132,4.749,0.000,0.000,0.000,1.088
16:13:05.835,177.044,-2.595,-0.486,True,0.000,0.000,-2.595,-0.486,2.640,0.000,0.000,0.000,1.192
16:13:05.855,177.064,-4.226,-3.076,True,0.000,0.000,-4.226,-3.076,5.226,0.000,0.000,0.000,1.111
16:13:05.875,177.084,-5.490,-5.151,True,0.000,0.000,-5.490,-5.151,7.528,0.000,0.000,0.000,0.943
16:13:05.895,177.105,-4.873,-6.688,True,0.000,0.000,-4.873,-6.688,8.275,0.000,0.000,0.000,0.549
16:13:05.916,177.126,-5.124,-7.736,True,0.000,0.000,-5.124,-7.736,9.280,0.000,0.000,0.000,0.837
16:13:05.937,177.146,-6.810,-6.624,True,0.000,0.000,-6.810,-6.624,9.501,0.000,0.000,0.000,0.552
16:13:05.958,177.167,-4.964,-3.932,True,0.000,0.000,-4.964,-3.932,6.332,0.000,0.000,0.000,1.064
16:13:05.978,177.187,-3.534,-5.449,True,0.000,0.000,-3.534,-5.449,6.495,0.000,0.000,0.000,0.679
16:13:05.998,177.207,-5.556,-4.876,True,0.000,0.000,-5.556,-4.876,7.392,0.000,0.000,0.000,0.580
16:13:06.018,177.227,-4.049,-6.212,True,0.000,0.000,-4.049,-6.212,7.415,0.000,0.000,0.000,0.564
16:13:06.038,177.248,-5.205,-6.324,True,0.000,0.000,-5.205,-6.324,8.191,0.000,0.000,0.000,0.562
16:13:06.059,177.268,-3.799,-3.726,True,0.000,0.000,-3.799,-3.726,5.322,0.000,0.000,0.000,0.531
16:13:06.079,177.288,-5.042,-5.322,True,0.000,0.000,-5.042,-5.322,7.331,0.000,0.000,0.000,0.572
16:13:06.100,177.309,-5.228,-4.808,True,0.000,0.000,-5.228,-4.808,7.103,0.000,0.000,0.000,0.713
16:13:06.120,177.329,-5.342,-6.186,True,0.000,0.000,-5.342,-6.186,8.173,0.000,0.000,0.000,0.486
16:13:06.140,177.349,-6.924,-5.446,True,0.000,0.000,-6.924,-5.446,8.809,0.000,0.000,0.000,0.571
16:13:06.161,177.370,-7.288,-6.621,True,0.000,0.000,-7.288,-6.621,9.847,0.000,0.000,0.000,0.500
16:13:06.181,177.390,-8.231,-4.834,True,0.000,0.000,-8.231,-4.834,9.545,0.000,0.000,0.000,0.499
16:13:06.202,177.411,-8.076,-6.122,True,0.000,0.000,-8.076,-6.122,10.135,0.000,0.000,0.000,0.526
16:13:06.223,177.432,-6.345,-4.460,True,0.000,0.000,-6.345,-4.460,7.756,0.000,0.000,0.000,1.013
16:13:06.243,177.452,-6.550,-4.985,True,0.000,0.000,-6.550,-4.985,8.231,0.000,0.000,0.000,0.571
16:13:06.264,177.473,-5.966,-6.296,True,0.000,0.000,-5.966,-6.296,8.674,0.000,0.000,0.000,1.060
16:13:06.284,177.493,-6.315,-7.263,True,0.000,0.000,-6.315,-7.263,9.624,0.000,0.000,0.000,0.510
16:13:06.304,177.513,-6.603,-7.918,True,0.000,0.000,-6.603,-7.918,10.310,0.000,0.000,0.000,0.602
16:13:06.324,177.533,-4.537,-5.682,True,0.000,0.000,-4.537,-5.682,7.272,0.000,0.000,0.000,0.792
16:13:06.345,177.554,-3.033,-3.978,True,0.000,0.000,-3.033,-3.978,5.003,0.000,0.000,0.000,1.062
16:13:06.365,177.574,-4.312,-5.415,True,0.000,0.000,-4.312,-5.415,6.922,0.000,0.000,0.000,1.038
16:13:06.386,177.595,-3.842,-3.042,True,0.000,0.000,-3.842,-3.042,4.901,0.000,0.000,0.000,1.265
16:13:06.406,177.615,-3.539,-2.210,True,0.000,0.000,-3.539,-2.210,4.172,0.000,0.000,0.000,1.082
16:13:06.426,177.635,-4.888,-4.353,True,0.000,0.000,-4.888,-4.353,6.545,0.000,0.000,0.000,0.605
16:13:06.446,177.655,-6.675,-4.265,True,0.000,0.000,-6.675,-4.265,7.921,0.000,0.000,0.000,1.094
16:13:06.466,177.676,-6.424,-5.951,True,0.000,0.000,-6.424,-5.951,8.757,0.000,0.000,0.000,1.071
16:13:06.487,177.696,-4.625,-4.534,True,0.000,0.000,-4.625,-4.534,6.477,0.000,0.000,0.000,1.068
16:13:06.507,177.717,-4.024,-1.675,True,0.000,0.000,-4.024,-1.675,4.358,0.000,0.000,0.000,1.083
16:13:06.528,177.737,-5.146,-4.002,True,0.000,0.000,-5.146,-4.002,6.519,0.000,0.000,0.000,1.152
16:13:06.548,177.757,-3.728,-2.303,True,0.000,0.000,-3.728,-2.303,4.382,0.000,0.000,0.000,1.114
16:13:06.568,177.777,-4.973,-4.578,True,0.000,0.000,-4.973,-4.578,6.759,0.000,0.000,0.000,1.131
16:13:06.588,177.797,-6.690,-3.661,True,0.000,0.000,-6.690,-3.661,7.626,0.000,0.000,0.000,1.138
16:13:06.608,177.817,-4.875,-2.067,True,0.000,0.000,-4.875,-2.067,5.295,0.000,0.000,0.000,0.964
16:13:06.630,177.839,-3.474,-0.915,True,0.000,0.000,-3.474,-0.915,3.593,0.000,0.000,0.000,0.583
16:13:06.651,177.860,-2.474,-0.152,True,0.000,0.000,-2.474,-0.152,2.479,0.000,0.000,0.000,1.170
16:13:06.671,177.881,-1.822,-0.578,True,0.000,0.000,-1.822,-0.578,1.911,0.000,0.000,0.000,1.069
16:13:06.692,177.901,-3.728,-3.631,True,0.000,0.000,-3.728,-3.631,5.204,0.000,0.000,0.000,0.785
16:13:06.713,177.922,-2.924,-5.904,True,0.000,0.000,-2.924,-5.904,6.588,0.000,0.000,0.000,1.124
16:13:06.734,177.943,-3.852,-7.464,True,0.000,0.000,-3.852,-7.464,8.399,0.000,0.000,0.000,1.259
16:13:06.754,177.963,-3.790,-4.917,True,0.000,0.000,-3.790,-4.917,6.208,0.000,0.000,0.000,0.978
16:13:06.774,177.984,-3.724,-5.522,True,0.000,0.000,-3.724,-5.522,6.660,0.000,0.000,0.000,0.972
16:13:06.795,178.004,-2.902,-3.300,True,0.000,0.000,-2.902,-3.300,4.395,0.000,0.000,0.000,0.768
16:13:06.815,178.024,-2.300,-1.644,True,0.000,0.000,-2.300,-1.644,2.827,0.000,0.000,0.000,0.519
16:13:06.836,178.045,-3.417,-4.023,True,0.000,0.000,-3.417,-4.023,5.278,0.000,0.000,0.000,1.244
16:13:06.856,178.065,-2.752,-3.230,True,0.000,0.000,-2.752,-3.230,4.243,0.000,0.000,0.000,0.769
16:13:06.876,178.086,-3.780,-5.274,True,0.000,0.000,-3.780,-5.274,6.488,0.000,0.000,0.000,0.965
16:13:06.897,178.106,-3.022,-6.778,True,0.000,0.000,-3.022,-6.778,7.421,0.000,0.000,0.000,1.109
16:13:06.917,178.126,-2.442,-7.797,True,0.000,0.000,-2.442,-7.797,8.170,0.000,0.000,0.000,0.694
16:13:06.938,178.147,-2.793,-6.661,True,0.000,0.000,-2.793,-6.661,7.223,0.000,0.000,0.000,0.727
16:13:06.958,178.167,-4.603,-7.466,True,0.000,0.000,-4.603,-7.466,8.771,0.000,0.000,0.000,1.001
16:13:06.978,178.188,-3.640,-5.369,True,0.000,0.000,-3.640,-5.369,6.487,0.000,0.000,0.000,0.843
16:13:06.999,178.208,-4.393,-6.418,True,0.000,0.000,-4.393,-6.418,7.777,0.000,0.000,0.000,1.111
16:13:07.019,178.228,-3.406,-3.705,True,0.000,0.000,-3.406,-3.705,5.032,0.000,0.000,0.000,0.885
16:13:07.039,178.249,-4.934,-5.237,True,0.000,0.000,-4.934,-5.237,7.195,0.000,0.000,0.000,1.087
16:13:07.059,178.268,-6.056,-6.455,True,0.000,0.000,-6.056,-6.455,8.851,0.000,0.000,0.000,0.509
16:13:07.080,178.289,-4.529,-3.834,True,0.000,0.000,-4.529,-3.834,5.934,0.000,0.000,0.000,0.635
16:13:07.101,178.310,-3.333,-1.888,True,0.000,0.000,-3.333,-1.888,3.831,0.000,0.000,0.000,0.870
16:13:07.121,178.331,-5.512,-1.436,True,0.000,0.000,-5.512,-1.436,5.696,0.000,0.000,0.000,1.151
16:13:07.141,178.350,-4.100,-0.371,True,0.000,0.000,-4.100,-0.371,4.117,0.000,0.000,0.000,0.675
16:13:07.161,178.371,-3.020,0.278,True,0.000,0.000,-3.020,0.278,3.032,0.000,0.000,0.000,0.979
16:13:07.182,178.391,-2.256,-0.264,True,0.000,0.000,-2.256,-0.264,2.272,0.000,0.000,0.000,0.697
16:13:07.202,178.411,-2.525,-3.420,True,0.000,0.000,-2.525,-3.420,4.251,0.000,0.000,0.000,0.503
16:13:07.223,178.432,-2.036,-3.140,True,0.000,0.000,-2.036,-3.140,3.742,0.000,0.000,0.000,0.921
16:13:07.244,178.453,-1.726,-1.971,True,0.000,0.000,-1.726,-1.971,2.620,0.000,0.000,0.000,1.088
16:13:07.264,178.473,-1.554,-1.072,True,0.000,0.000,-1.554,-1.072,1.888,0.000,0.000,0.000,0.936
16:13:07.284,178.493,-2.243,-2.192,True,0.000,0.000,-2.243,-2.192,3.136,0.000,0.000,0.000,1.053
16:13:07.305,178.514,-4.310,-5.689,True,0.000,0.000,-4.310,-5.689,7.137,0.000,0.000,0.000,0.988
16:13:07.325,178.534,-3.529,-3.818,True,0.000,0.000,-3.529,-3.818,5.199,0.000,0.000,0.000,1.128
16:13:07.344,178.554,-2.875,-4.058,True,0.000,0.000,-2.875,-4.058,4.974,0.000,0.000,0.000,0.517
16:13:07.365,178.574,-2.372,-3.319,True,0.000,0.000,-2.372,-3.319,4.079,0.000,0.000,0.000,0.997
16:13:07.385,178.594,-2.014,-2.746,True,0.000,0.000,-2.014,-2.746,3.405,0.000,0.000,0.000,0.758
16:13:07.406,178.615,-1.780,-1.457,True,0.000,0.000,-1.780,-1.457,2.301,0.000,0.000,0.000,1.016
16:13:07.426,178.635,-1.646,-4.067,True,0.000,0.000,-1.646,-4.067,4.387,0.000,0.000,0.000,0.574
16:13:07.447,178.656,-2.345,-2.521,True,0.000,0.000,-2.345,-2.521,3.443,0.000,0.000,0.000,1.085
16:13:07.467,178.676,-2.884,-2.221,True,0.000,0.000,-2.884,-2.221,3.640,0.000,0.000,0.000,1.115
16:13:07.488,178.697,-2.505,-2.029,True,0.000,0.000,-2.505,-2.029,3.224,0.000,0.000,0.000,1.319
16:13:07.508,178.717,-2.203,-3.678,True,0.000,0.000,-2.203,-3.678,4.287,0.000,0.000,0.000,0.807
16:13:07.528,178.737,-3.501,-4.027,True,0.000,0.000,-3.501,-4.027,5.336,0.000,0.000,0.000,1.171
16:13:07.548,178.757,-2.930,-2.474,True,0.000,0.000,-2.930,-2.474,3.835,0.000,0.000,0.000,0.600
16:13:07.569,178.779,-2.467,-1.296,True,0.000,0.000,-2.467,-1.296,2.787,0.000,0.000,0.000,0.691
16:13:07.590,178.799,-2.121,-0.473,True,0.000,0.000,-2.121,-0.473,2.173,0.000,0.000,0.000,0.906
16:13:07.610,178.819,-4.927,-0.827,True,0.000,0.000,-4.927,-0.827,4.996,0.000,0.000,0.000,1.080
16:13:07.630,178.839,-6.225,-3.809,True,0.000,0.000,-6.225,-3.809,7.298,0.000,0.000,0.000,0.701
16:13:07.650,178.859,-4.779,-2.505,True,0.000,0.000,-4.779,-2.505,5.395,0.000,0.000,0.000,0.691
16:13:07.671,178.880,-3.598,-1.466,True,0.000,0.000,-3.598,-1.466,3.886,0.000,0.000,0.000,1.013
16:13:07.692,178.901,-2.710,-0.701,True,0.000,0.000,-2.710,-0.701,2.799,0.000,0.000,0.000,1.023
16:13:07.712,178.921,-2.092,-1.062,True,0.000,0.000,-2.092,-1.062,2.346,0.000,0.000,0.000,0.594
16:13:07.732,178.941,-2.464,-3.141,True,0.000,0.000,-2.464,-3.141,3.992,0.000,0.000,0.000,0.615
16:13:07.753,178.962,-2.040,-2.039,True,0.000,0.000,-2.040,-2.039,2.885,0.000,0.000,0.000,1.080
16:13:07.774,178.983,-1.767,-2.059,True,0.000,0.000,-1.767,-2.059,2.713,0.000,0.000,0.000,0.737
16:13:07.794,179.004,-2.642,-0.908,True,0.000,0.000,-2.642,-0.908,2.793,0.000,0.000,0.000,0.510
16:13:07.815,179.024,-3.936,-5.262,True,0.000,0.000,-3.936,-5.262,6.571,0.000,0.000,0.000,0.949
16:13:07.835,179.045,-3.145,-3.384,True,0.000,0.000,-3.145,-3.384,4.620,0.000,0.000,0.000,0.607
16:13:07.857,179.066,-2.569,-1.118,True,0.000,0.000,-2.569,-1.118,2.801,0.000,0.000,0.000,1.172
16:13:07.877,179.087,-2.153,-0.361,True,0.000,0.000,-2.153,-0.361,2.183,0.000,0.000,0.000,1.033
16:13:07.897,179.107,-3.394,-4.284,True,0.000,0.000,-3.394,-4.284,5.465,0.000,0.000,0.000,0.731
16:13:07.918,179.127,-2.802,-2.820,True,0.000,0.000,-2.802,-2.820,3.975,0.000,0.000,0.000,0.648
16:13:07.938,179.147,-2.342,-1.650,True,0.000,0.000,-2.342,-1.650,2.865,0.000,0.000,0.000,0.533
16:13:07.959,179.168,-2.012,-0.789,True,0.000,0.000,-2.012,-0.789,2.161,0.000,0.000,0.000,1.097
16:13:07.979,179.189,-1.795,-0.206,True,0.000,0.000,-1.795,-0.206,1.807,0.000,0.000,0.000,1.206
16:13:07.999,179.209,-1.668,-0.730,True,0.000,0.000,-1.668,-0.730,1.821,0.000,0.000,0.000,0.992
16:13:08.019,179.229,-1.608,-0.304,True,0.000,0.000,-1.608,-0.304,1.636,0.000,0.000,0.000,0.589
16:13:08.040,179.250,-1.592,-0.025,True,0.000,0.000,-1.592,-0.025,1.592,0.000,0.000,0.000,0.908
16:13:08.061,179.270,-3.888,-1.622,True,0.000,0.000,-3.888,-1.622,4.213,0.000,0.000,0.000,1.051
16:13:08.081,179.291,-3.287,-1.942,True,0.000,0.000,-3.287,-1.942,3.818,0.000,0.000,0.000,0.828
16:13:08.102,179.311,-5.048,-4.772,True,0.000,0.000,-5.048,-4.772,6.947,0.000,0.000,0.000,0.790
16:13:08.122,179.331,-4.005,-3.268,True,0.000,0.000,-4.005,-3.268,5.169,0.000,0.000,0.000,0.706
16:13:08.143,179.352,-5.430,-5.540,True,0.000,0.000,-5.430,-5.540,7.758,0.000,0.000,0.000,0.964
16:13:08.163,179.372,-4.912,-3.627,True,0.000,0.000,-4.912,-3.627,6.106,0.000,0.000,0.000,0.815
16:13:08.184,179.393,-3.692,-2.109,True,0.000,0.000,-3.692,-2.109,4.252,0.000,0.000,0.000,1.140
16:13:08.204,179.413,-2.770,-0.995,True,0.000,0.000,-2.770,-0.995,2.943,0.000,0.000,0.000,0.973
16:13:08.225,179.434,-2.126,-0.243,True,0.000,0.000,-2.126,-0.243,2.140,0.000,0.000,0.000,1.045
16:13:08.245,179.454,-1.717,-0.665,True,0.000,0.000,-1.717,-0.665,1.841,0.000,0.000,0.000,1.059
16:13:08.265,179.474,-1.490,-1.069,True,0.000,0.000,-1.490,-1.069,1.834,0.000,0.000,0.000,1.022
16:13:08.285,179.495,-1.394,-0.534,True,0.000,0.000,-1.394,-0.534,1.493,0.000,0.000,0.000,0.543
16:13:08.306,179.515,-1.383,-1.046,True,0.000,0.000,-1.383,-1.046,1.734,0.000,0.000,0.000,1.079
16:13:08.326,179.535,-1.422,-1.454,True,0.000,0.000,-1.422,-1.454,2.034,0.000,0.000,0.000,0.546
16:13:08.347,179.556,-1.486,-0.877,True,0.000,0.000,-1.486,-0.877,1.725,0.000,0.000,0.000,1.116
16:13:08.367,179.576,-3.839,-4.839,True,0.000,0.000,-3.839,-4.839,6.177,0.000,0.000,0.000,0.909
16:13:08.387,179.596,-3.276,-3.334,True,0.000,0.000,-3.276,-3.334,4.674,0.000,0.000,0.000,1.114
16:13:08.407,179.617,-4.299,-5.597,True,0.000,0.000,-4.299,-5.597,7.058,0.000,0.000,0.000,1.133
16:13:08.428,179.637,-5.761,-8.067,True,0.000,0.000,-5.761,-8.067,9.913,0.000,0.000,0.000,0.960
16:13:08.448,179.657,-4.463,-5.330,True,0.000,0.000,-4.463,-5.330,6.952,0.000,0.000,0.000,1.065
16:13:08.468,179.678,-3.405,-3.140,True,0.000,0.000,-3.405,-3.140,4.632,0.000,0.000,0.000,1.178
16:13:08.489,179.698,-4.131,-5.038,True,0.000,0.000,-4.131,-5.038,6.515,0.000,0.000,0.000,0.784
16:13:08.509,179.718,-5.444,-6.487,True,0.000,0.000,-5.444,-6.487,8.469,0.000,0.000,0.000,0.501
16:13:08.530,179.739,-4.099,-4.872,True,0.000,0.000,-4.099,-4.872,6.367,0.000,0.000,0.000,1.002
16:13:08.551,179.760,-4.580,-7.133,True,0.000,0.000,-4.580,-7.133,8.477,0.000,0.000,0.000,0.990
16:13:08.571,179.780,-5.699,-7.903,True,0.000,0.000,-5.699,-7.903,9.744,0.000,0.000,0.000,0.888
16:13:08.591,179.800,-4.214,-4.856,True,0.000,0.000,-4.214,-4.856,6.429,0.000,0.000,0.000,1.142
16:13:08.611,179.821,-3.079,-2.546,True,0.000,0.000,-3.079,-2.546,3.995,0.000,0.000,0.000,1.120
16:13:08.632,179.841,-3.039,-0.930,True,0.000,0.000,-3.039,-0.930,3.178,0.000,0.000,0.000,1.082
16:13:08.652,179.861,-2.313,0.100,True,0.000,0.000,-2.313,0.100,2.315,0.000,0.000,0.000,0.618
16:13:08.673,179.882,-2.597,0.673,True,0.000,0.000,-2.597,0.673,2.683,0.000,0.000,0.000,0.889
16:13:08.693,179.902,-4.391,-2.596,True,0.000,0.000,-4.391,-2.596,5.101,0.000,0.000,0.000,0.599
16:13:08.714,179.923,-3.445,-1.599,True,0.000,0.000,-3.445,-1.599,3.798,0.000,0.000,0.000,0.942
16:13:08.734,179.944,-2.708,-1.721,True,0.000,0.000,-2.708,-1.721,3.209,0.000,0.000,0.000,1.156
16:13:08.755,179.964,-2.177,-1.828,True,0.000,0.000,-2.177,-1.828,2.843,0.000,0.000,0.000,1.145
16:13:08.775,179.985,-1.826,-4.551,True,0.000,0.000,-1.826,-4.551,4.904,0.000,0.000,0.000,1.386
16:13:08.796,180.005,-1.619,-5.648,True,0.000,0.000,-1.619,-5.648,5.876,0.000,0.000,0.000,1.075
16:13:08.816,180.025,-1.519,-3.691,True,0.000,0.000,-1.519,-3.691,3.992,0.000,0.000,0.000,0.954
16:13:08.836,180.045,-1.491,-3.019,True,0.000,0.000,-1.491,-3.019,3.367,0.000,0.000,0.000,0.869
16:13:08.856,180.066,-2.269,-1.641,True,0.000,0.000,-2.269,-1.641,2.801,0.000,0.000,0.000,0.531
16:13:08.877,180.086,-2.100,-0.663,True,0.000,0.000,-2.100,-0.663,2.203,0.000,0.000,0.000,0.514
16:13:08.897,180.107,-1.965,-0.907,True,0.000,0.000,-1.965,-0.907,2.164,0.000,0.000,0.000,0.584
16:13:08.918,180.127,-1.864,-1.179,True,0.000,0.000,-1.864,-1.179,2.206,0.000,0.000,0.000,0.808
16:13:08.939,180.148,-1.795,0.321,True,0.000,0.000,-1.795,0.321,1.823,0.000,0.000,0.000,0.865
16:13:08.959,180.168,-2.513,0.500,True,0.000,0.000,-2.513,0.500,2.563,0.000,0.000,0.000,1.060
16:13:08.979,180.188,-2.282,-0.337,True,0.000,0.000,-2.282,-0.337,2.306,0.000,0.000,0.000,1.039
16:13:09.000,180.209,-2.089,-1.015,True,0.000,0.000,-2.089,-1.015,2.322,0.000,0.000,0.000,1.218
16:13:09.020,180.229,-3.463,-5.037,True,0.000,0.000,-3.463,-5.037,6.113,0.000,0.000,0.000,0.663
16:13:09.040,180.249,-2.940,-3.543,True,0.000,0.000,-2.940,-3.543,4.604,0.000,0.000,0.000,0.990
16:13:09.061,180.270,-2.503,-5.788,True,0.000,0.000,-2.503,-5.788,6.306,0.000,0.000,0.000,1.084
16:13:09.081,180.290,-4.451,-6.467,True,0.000,0.000,-4.451,-6.467,7.850,0.000,0.000,0.000,1.069
16:13:09.101,180.310,-3.585,-4.175,True,0.000,0.000,-3.585,-4.175,5.503,0.000,0.000,0.000,0.670
16:13:09.122,180.331,-5.161,-5.891,True,0.000,0.000,-5.161,-5.891,7.832,0.000,0.000,0.000,1.048
16:13:09.141,180.350,-4.760,-3.620,True,0.000,0.000,-4.760,-3.620,5.980,0.000,0.000,0.000,0.555
16:13:09.162,180.371,-3.625,-1.899,True,0.000,0.000,-3.625,-1.899,4.092,0.000,0.000,0.000,0.801
16:13:09.182,180.392,-2.759,-1.574,True,0.000,0.000,-2.759,-1.574,3.176,0.000,0.000,0.000,1.112
16:13:09.204,180.414,-3.671,-4.080,True,0.000,0.000,-3.671,-4.080,5.488,0.000,0.000,0.000,1.169
16:13:09.225,180.434,-2.860,-2.474,True,0.000,0.000,-2.860,-2.474,3.782,0.000,0.000,0.000,1.078
16:13:09.245,180.454,-2.269,-1.267,True,0.000,0.000,-2.269,-1.267,2.599,0.000,0.000,0.000,0.842
16:13:09.265,180.475,-1.873,-3.945,True,0.000,0.000,-1.873,-3.945,4.367,0.000,0.000,0.000,0.496
16:13:09.286,180.495,-1.635,-2.453,True,0.000,0.000,-1.635,-2.453,2.948,0.000,0.000,0.000,1.102
16:13:09.306,180.515,-1.515,-1.313,True,0.000,0.000,-1.515,-1.313,2.005,0.000,0.000,0.000,0.552
16:13:09.326,180.535,-1.477,-0.508,True,0.000,0.000,-1.477,-0.508,1.562,0.000,0.000,0.000,0.537
16:13:09.347,180.556,-1.489,0.009,True,0.000,0.000,-1.489,0.009,1.489,0.000,0.000,0.000,0.800
16:13:09.368,180.577,-2.290,0.303,True,0.000,0.000,-2.290,0.303,2.310,0.000,0.000,0.000,1.135
16:13:09.388,180.597,-2.893,0.434,True,0.000,0.000,-2.893,0.434,2.926,0.000,0.000,0.000,0.552
16:13:09.408,180.617,-4.835,-1.301,True,0.000,0.000,-4.835,-1.301,5.007,0.000,0.000,0.000,0.858
16:13:09.428,180.637,-3.920,-4.375,True,0.000,0.000,-3.920,-4.375,5.874,0.000,0.000,0.000,0.531
16:13:09.449,180.658,-3.143,-3.056,True,0.000,0.000,-3.143,-3.056,4.384,0.000,0.000,0.000,0.528
16:13:09.469,180.678,-2.538,-2.822,True,0.000,0.000,-2.538,-2.822,3.796,0.000,0.000,0.000,0.911
16:13:09.490,180.699,-2.103,-1.718,True,0.000,0.000,-2.103,-1.718,2.715,0.000,0.000,0.000,0.615
16:13:09.511,180.720,-4.099,-4.401,True,0.000,0.000,-4.099,-4.401,6.014,0.000,0.000,0.000,0.994
16:13:09.531,180.740,-3.302,-6.372,True,0.000,0.000,-3.302,-6.372,7.177,0.000,0.000,0.000,0.947
16:13:09.551,180.760,-2.667,-4.190,True,0.000,0.000,-2.667,-4.190,4.966,0.000,0.000,0.000,0.562
16:13:09.572,180.781,-2.198,-2.451,True,0.000,0.000,-2.198,-2.451,3.292,0.000,0.000,0.000,1.041
16:13:09.593,180.802,-4.164,-4.687,True,0.000,0.000,-4.164,-4.687,6.270,0.000,0.000,0.000,0.978
16:13:09.613,180.822,-3.343,-2.854,True,0.000,0.000,-3.343,-2.854,4.396,0.000,0.000,0.000,1.104
16:13:09.634,180.843,-2.688,-1.473,True,0.000,0.000,-2.688,-1.473,3.066,0.000,0.000,0.000,1.069
16:13:09.654,180.863,-2.207,-2.271,True,0.000,0.000,-2.207,-2.271,3.166,0.000,0.000,0.000,0.665
16:13:09.674,180.883,-2.642,-4.696,True,0.000,0.000,-2.642,-4.696,5.388,0.000,0.000,0.000,1.061
16:13:09.695,180.904,-2.233,-2.971,True,0.000,0.000,-2.233,-2.971,3.717,0.000,0.000,0.000,0.996
16:13:09.715,180.924,-1.946,-4.273,True,0.000,0.000,-1.946,-4.273,4.696,0.000,0.000,0.000,1.074
16:13:09.736,180.945,-1.761,-2.596,True,0.000,0.000,-1.761,-2.596,3.137,0.000,0.000,0.000,1.032
16:13:09.756,180.965,-2.417,-3.092,True,0.000,0.000,-2.417,-3.092,3.925,0.000,0.000,0.000,0.811
16:13:09.777,180.986,-2.162,-5.249,True,0.000,0.000,-2.162,-5.249,5.676,0.000,0.000,0.000,1.139
16:13:09.796,181.006,-1.969,-3.305,True,0.000,0.000,-1.969,-3.305,3.847,0.000,0.000,0.000,0.952
16:13:09.817,181.027,-1.836,-1.807,True,0.000,0.000,-1.836,-1.807,2.576,0.000,0.000,0.000,1.387
16:13:09.837,181.046,-1.752,-1.619,True,0.000,0.000,-1.752,-1.619,2.385,0.000,0.000,0.000,0.779
16:13:09.858,181.067,-4.751,-3.320,True,0.000,0.000,-4.751,-3.320,5.796,0.000,0.000,0.000,1.138
16:13:09.878,181.087,-6.179,-6.377,True,0.000,0.000,-6.179,-6.377,8.880,0.000,0.000,0.000,0.515
16:13:09.898,181.107,-4.813,-4.174,True,0.000,0.000,-4.813,-4.174,6.371,0.000,0.000,0.000,0.642
16:13:09.918,181.127,-4.435,-2.426,True,0.000,0.000,-4.435,-2.426,5.055,0.000,0.000,0.000,0.587
16:13:09.939,181.148,-5.636,-4.659,True,0.000,0.000,-5.636,-4.659,7.312,0.000,0.000,0.000,0.999
16:13:09.959,181.168,-6.488,-6.344,True,0.000,0.000,-6.488,-6.344,9.074,0.000,0.000,0.000,1.021
16:13:09.979,181.188,-5.519,-4.881,True,0.000,0.000,-5.519,-4.881,7.367,0.000,0.000,0.000,0.503
16:13:10.000,181.209,-3.970,-1.953,True,0.000,0.000,-3.970,-1.953,4.425,0.000,0.000,0.000,1.067
16:13:10.020,181.229,-2.828,-1.572,True,0.000,0.000,-2.828,-1.572,3.235,0.000,0.000,0.000,0.629
16:13:10.041,181.250,-2.052,-0.532,True,0.000,0.000,-2.052,-0.532,2.120,0.000,0.000,0.000,0.880
16:13:10.061,181.270,-1.577,-0.756,True,0.000,0.000,-1.577,-0.756,1.748,0.000,0.000,0.000,0.584
16:13:10.082,181.291,-1.329,-0.157,True,0.000,0.000,-1.329,-0.157,1.338,0.000,0.000,0.000,1.097
16:13:10.102,181.311,-2.001,-1.555,True,0.000,0.000,-2.001,-1.555,2.534,0.000,0.000,0.000,1.137
16:13:10.123,181.332,-3.326,-2.649,True,0.000,0.000,-3.326,-2.649,4.252,0.000,0.000,0.000,1.147
16:13:10.143,181.352,-2.791,-2.563,True,0.000,0.000,-2.791,-2.563,3.789,0.000,0.000,0.000,0.935
16:13:10.163,181.372,-2.365,-0.693,True,0.000,0.000,-2.365,-0.693,2.465,0.000,0.000,0.000,1.036
16:13:10.183,181.392,-2.052,-1.064,True,0.000,0.000,-2.052,-1.064,2.311,0.000,0.000,0.000,0.673
16:13:10.205,181.414,-3.362,-4.905,True,0.000,0.000,-3.362,-4.905,5.947,0.000,0.000,0.000,1.132
16:13:10.225,181.434,-2.815,-3.324,True,0.000,0.000,-2.815,-3.324,4.355,0.000,0.000,0.000,0.765
16:13:10.245,181.454,-2.379,-2.908,True,0.000,0.000,-2.379,-2.908,3.757,0.000,0.000,0.000,1.093
16:13:10.266,181.475,-2.058,-2.569,True,0.000,0.000,-2.058,-2.569,3.292,0.000,0.000,0.000,0.985
16:13:10.287,181.496,-1.841,-0.555,True,0.000,0.000,-1.841,-0.555,1.923,0.000,0.000,0.000,1.129
16:13:10.307,181.516,-3.993,-3.496,True,0.000,0.000,-3.993,-3.496,5.307,0.000,0.000,0.000,0.996
16:13:10.327,181.536,-3.297,-3.085,True,0.000,0.000,-3.297,-3.085,4.515,0.000,0.000,0.000,0.787
16:13:10.348,181.557,-4.242,-6.243,True,0.000,0.000,-4.242,-6.243,7.548,0.000,0.000,0.000,1.167
16:13:10.368,181.577,-3.382,-7.629,True,0.000,0.000,-3.382,-7.629,8.345,0.000,0.000,0.000,1.096
16:13:10.388,181.597,-2.701,-4.964,True,0.000,0.000,-2.701,-4.964,5.651,0.000,0.000,0.000,0.597
16:13:10.408,181.617,-2.203,-2.859,True,0.000,0.000,-2.203,-2.859,3.609,0.000,0.000,0.000,0.640
16:13:10.428,181.638,-1.868,-3.959,True,0.000,0.000,-1.868,-3.959,4.378,0.000,0.000,0.000,0.615
16:13:10.449,181.658,-1.665,-1.325,True,0.000,0.000,-1.665,-1.325,2.128,0.000,0.000,0.000,0.925
16:13:10.470,181.679,-1.562,-0.307,True,0.000,0.000,-1.562,-0.307,1.591,0.000,0.000,0.000,1.151
16:13:10.490,181.699,-1.527,0.309,True,0.000,0.000,-1.527,0.309,1.558,0.000,0.000,0.000,0.581
16:13:10.510,181.719,-1.536,-0.256,True,0.000,0.000,-1.536,-0.256,1.557,0.000,0.000,0.000,0.799
16:13:10.531,181.740,-1.568,-0.789,True,0.000,0.000,-1.568,-0.789,1.755,0.000,0.000,0.000,0.556
16:13:10.551,181.760,-1.610,-0.362,True,0.000,0.000,-1.610,-0.362,1.650,0.000,0.000,0.000,0.549
16:13:10.572,181.782,-1.652,-0.076,True,0.000,0.000,-1.652,-0.076,1.654,0.000,0.000,0.000,1.104
16:13:10.593,181.802,-3.212,-3.419,True,0.000,0.000,-3.212,-3.419,4.692,0.000,0.000,0.000,1.017
16:13:10.613,181.822,-2.824,-2.368,True,0.000,0.000,-2.824,-2.368,3.686,0.000,0.000,0.000,1.110
16:13:10.633,181.843,-2.478,-1.489,True,0.000,0.000,-2.478,-1.489,2.891,0.000,0.000,0.000,1.135
16:13:10.653,181.863,-2.958,-0.812,True,0.000,0.000,-2.958,-0.812,3.068,0.000,0.000,0.000,0.531
16:13:10.674,181.883,-2.538,-0.331,True,0.000,0.000,-2.538,-0.331,2.559,0.000,0.000,0.000,0.590
16:13:10.694,181.903,-2.207,-0.896,True,0.000,0.000,-2.207,-0.896,2.382,0.000,0.000,0.000,0.603
16:13:10.715,181.924,-1.967,-0.475,True,0.000,0.000,-1.967,-0.475,2.023,0.000,0.000,0.000,1.051
16:13:10.735,181.944,-1.806,-1.058,True,0.000,0.000,-1.806,-1.058,2.093,0.000,0.000,0.000,0.986
16:13:10.756,181.965,-1.710,0.252,True,0.000,0.000,-1.710,0.252,1.728,0.000,0.000,0.000,1.104
16:13:10.776,181.985,-2.423,-3.185,True,0.000,0.000,-2.423,-3.185,4.002,0.000,0.000,0.000,1.028
16:13:10.797,182.006,-3.722,-6.609,True,0.000,0.000,-3.722,-6.609,7.585,0.000,0.000,0.000,1.119
16:13:10.817,182.026,-3.886,-8.103,True,0.000,0.000,-3.886,-8.103,8.986,0.000,0.000,0.000,0.785
16:13:10.837,182.047,-3.176,-6.322,True,0.000,0.000,-3.176,-6.322,7.075,0.000,0.000,0.000,1.121
16:13:10.858,182.067,-2.605,-3.922,True,0.000,0.000,-2.605,-3.922,4.708,0.000,0.000,0.000,1.139
16:13:10.879,182.088,-2.181,-2.970,True,0.000,0.000,-2.181,-2.970,3.685,0.000,0.000,0.000,1.096
16:13:10.899,182.108,-1.890,-1.439,True,0.000,0.000,-1.890,-1.439,2.376,0.000,0.000,0.000,0.911
16:13:10.919,182.129,-3.994,-4.792,True,0.000,0.000,-3.994,-4.792,6.238,0.000,0.000,0.000,0.696
16:13:10.940,182.149,-5.555,-7.340,True,0.000,0.000,-5.555,-7.340,9.205,0.000,0.000,0.000,1.137
16:13:10.960,182.169,-4.338,-3.855,True,0.000,0.000,-4.338,-3.855,5.803,0.000,0.000,0.000,0.526
16:13:10.981,182.190,-3.340,-2.931,True,0.000,0.000,-3.340,-2.931,4.444,0.000,0.000,0.000,1.119
16:13:11.001,182.210,-2.586,-4.936,True,0.000,0.000,-2.586,-4.936,5.572,0.000,0.000,0.000,1.009
16:13:11.021,182.230,-2.060,-3.821,True,0.000,0.000,-2.060,-3.821,4.341,0.000,0.000,0.000,0.825
16:13:11.041,182.251,-1.725,-5.613,True,0.000,0.000,-1.725,-5.613,5.872,0.000,0.000,0.000,0.516
16:13:11.062,182.272,-2.301,-6.933,True,0.000,0.000,-2.301,-6.933,7.305,0.000,0.000,0.000,0.924
16:13:11.083,182.292,-5.059,-6.071,True,0.000,0.000,-5.059,-6.071,7.903,0.000,0.000,0.000,1.132
16:13:11.103,182.312,-4.030,-3.587,True,0.000,0.000,-4.030,-3.587,5.395,0.000,0.000,0.000,0.624
16:13:11.123,182.332,-3.175,-1.748,True,0.000,0.000,-3.175,-1.748,3.625,0.000,0.000,0.000,0.662
16:13:11.144,182.354,-3.284,-2.252,True,0.000,0.000,-3.284,-2.252,3.982,0.000,0.000,0.000,1.070
16:13:11.165,182.374,-2.613,-0.998,True,0.000,0.000,-2.613,-0.998,2.797,0.000,0.000,0.000,0.679
16:13:11.185,182.394,-3.654,-3.681,True,0.000,0.000,-3.654,-3.681,5.187,0.000,0.000,0.000,0.748
16:13:11.206,182.415,-2.918,-2.223,True,0.000,0.000,-2.918,-2.223,3.669,0.000,0.000,0.000,0.622
16:13:11.227,182.436,-2.363,-0.251,True,0.000,0.000,-2.363,-0.251,2.377,0.000,0.000,0.000,0.872
16:13:11.247,182.456,-1.977,0.264,True,0.000,0.000,-1.977,0.264,1.994,0.000,0.000,0.000,0.964
16:13:11.267,182.476,-1.732,-0.354,True,0.000,0.000,-1.732,-0.354,1.767,0.000,0.000,0.000,0.905
16:13:11.288,182.497,-1.596,-3.541,True,0.000,0.000,-1.596,-3.541,3.885,0.000,0.000,0.000,1.111
16:13:11.308,182.517,-4.585,-4.144,True,0.000,0.000,-4.585,-4.144,6.180,0.000,0.000,0.000,1.148
16:13:11.328,182.537,-3.743,-2.721,True,0.000,0.000,-3.743,-2.721,4.628,0.000,0.000,0.000,0.603
16:13:11.349,182.558,-3.030,-1.589,True,0.000,0.000,-3.030,-1.589,3.421,0.000,0.000,0.000,0.902
16:13:11.369,182.578,-2.474,0.122,True,0.000,0.000,-2.474,0.122,2.477,0.000,0.000,0.000,1.111
16:13:11.389,182.599,-2.074,-2.192,True,0.000,0.000,-2.074,-2.192,3.018,0.000,0.000,0.000,1.080
16:13:11.409,182.618,-3.332,-5.732,True,0.000,0.000,-3.332,-5.732,6.630,0.000,0.000,0.000,0.607
16:13:11.430,182.639,-2.759,-3.881,True,0.000,0.000,-2.759,-3.881,4.761,0.000,0.000,0.000,0.690
16:13:11.450,182.659,-3.837,-6.761,True,0.000,0.000,-3.837,-6.761,7.774,0.000,0.000,0.000,1.009
16:13:11.470,182.679,-3.101,-4.413,True,0.000,0.000,-3.101,-4.413,5.393,0.000,0.000,0.000,0.855
16:13:11.491,182.700,-5.570,-4.311,True,0.000,0.000,-5.570,-4.311,7.043,0.000,0.000,0.000,1.119
16:13:11.512,182.721,-5.076,-5.983,True,0.000,0.000,-5.076,-5.983,7.846,0.000,0.000,0.000,0.828
16:13:11.532,182.741,-5.432,-6.462,True,0.000,0.000,-5.432,-6.462,8.442,0.000,0.000,0.000,0.966
16:13:11.553,182.762,-3.522,-1.884,True,0.000,0.000,-3.522,-1.884,3.995,0.000,0.000,0.000,1.008
16:13:11.574,182.783,-2.562,-1.552,True,0.000,0.000,-2.562,-1.552,2.996,0.000,0.000,0.000,1.428
16:13:11.594,182.803,-1.984,-0.484,True,0.000,0.000,-1.984,-0.484,2.042,0.000,0.000,0.000,1.104
16:13:11.614,182.823,-1.638,0.165,True,0.000,0.000,-1.638,0.165,1.646,0.000,0.000,0.000,0.645
16:13:11.634,182.843,-2.217,-2.123,True,0.000,0.000,-2.217,-2.123,3.070,0.000,0.000,0.000,0.633
16:13:11.655,182.864,-1.939,-2.136,True,0.000,0.000,-1.939,-2.136,2.885,0.000,0.000,0.000,0.954
16:13:11.676,182.885,-1.760,-2.131,True,0.000,0.000,-1.760,-2.131,2.764,0.000,0.000,0.000,1.044
16:13:11.697,182.906,-1.660,-2.117,True,0.000,0.000,-1.660,-2.117,2.690,0.000,0.000,0.000,0.967
16:13:11.716,182.925,-1.615,-1.219,True,0.000,0.000,-1.615,-1.219,2.024,0.000,0.000,0.000,0.530
16:13:11.737,182.946,-3.895,-4.966,True,0.000,0.000,-3.895,-4.966,6.311,0.000,0.000,0.000,1.038
16:13:11.757,182.966,-4.805,-6.835,True,0.000,0.000,-4.805,-6.835,8.355,0.000,0.000,0.000,0.622
16:13:11.778,182.987,-3.857,-4.537,True,0.000,0.000,-3.857,-4.537,5.954,0.000,0.000,0.000,1.033
16:13:11.798,183.007,-3.070,-3.571,True,0.000,0.000,-3.070,-3.571,4.709,0.000,0.000,0.000,0.812
16:13:11.818,183.027,-2.468,-2.840,True,0.000,0.000,-2.468,-2.840,3.762,0.000,0.000,0.000,0.809
16:13:11.838,183.047,-4.326,-4.966,True,0.000,0.000,-4.326,-4.966,6.586,0.000,0.000,0.000,0.711
16:13:11.858,183.068,-3.424,-3.917,True,0.000,0.000,-3.424,-3.917,5.202,0.000,0.000,0.000,0.625
16:13:11.879,183.088,-2.714,-2.218,True,0.000,0.000,-2.714,-2.218,3.505,0.000,0.000,0.000,0.962
16:13:11.900,183.109,-2.198,-0.110,True,0.000,0.000,-2.198,-0.110,2.200,0.000,0.000,0.000,0.596
16:13:11.920,183.129,-1.853,0.465,True,0.000,0.000,-1.853,0.465,1.910,0.000,0.000,0.000,0.536
16:13:11.940,183.149,-3.930,-1.899,True,0.000,0.000,-3.930,-1.899,4.365,0.000,0.000,0.000,0.516
16:13:11.960,183.170,-3.200,-1.987,True,0.000,0.000,-3.200,-1.987,3.766,0.000,0.000,0.000,0.531
16:13:11.981,183.190,-4.898,-5.558,True,0.000,0.000,-4.898,-5.558,7.408,0.000,0.000,0.000,1.103
16:13:12.001,183.210,-6.121,-8.140,True,0.000,0.000,-6.121,-8.140,10.184,0.000,0.000,0.000,0.847
16:13:12.022,183.231,-4.644,-5.457,True,0.000,0.000,-4.644,-5.457,7.166,0.000,0.000,0.000,1.078
16:13:12.042,183.251,-3.463,-3.284,True,0.000,0.000,-3.463,-3.284,4.772,0.000,0.000,0.000,0.618
16:13:12.063,183.272,-4.874,-5.173,True,0.000,0.000,-4.874,-5.173,7.108,0.000,0.000,0.000,1.114
16:13:12.083,183.293,-5.936,-6.602,True,0.000,0.000,-5.936,-6.602,8.878,0.000,0.000,0.000,1.031
16:13:12.103,183.312,-6.674,-5.841,True,0.000,0.000,-6.674,-5.841,8.869,0.000,0.000,0.000,0.575
16:13:12.123,183.333,-4.856,-6.956,True,0.000,0.000,-4.856,-6.956,8.484,0.000,0.000,0.000,0.594
16:13:12.144,183.353,-3.455,-6.854,True,0.000,0.000,-3.455,-6.854,7.676,0.000,0.000,0.000,1.107
16:13:12.164,183.373,-3.219,-7.587,True,0.000,0.000,-3.219,-7.587,8.242,0.000,0.000,0.000,0.990
16:13:12.184,183.393,-2.361,-4.556,True,0.000,0.000,-2.361,-4.556,5.131,0.000,0.000,0.000,0.600
16:13:12.205,183.414,-4.086,-6.686,True,0.000,0.000,-4.086,-6.686,7.835,0.000,0.000,0.000,0.755
16:13:12.226,183.435,-3.136,-3.040,True,0.000,0.000,-3.136,-3.040,4.368,0.000,0.000,0.000,0.892
16:13:12.246,183.455,-2.434,-2.121,True,0.000,0.000,-2.434,-2.121,3.228,0.000,0.000,0.000,0.784
16:13:12.267,183.476,-1.955,-0.710,True,0.000,0.000,-1.955,-0.710,2.080,0.000,0.000,0.000,1.083
16:13:12.286,183.495,-3.944,-3.338,True,0.000,0.000,-3.944,-3.338,5.167,0.000,0.000,0.000,0.544
16:13:12.307,183.516,-3.161,-2.768,True,0.000,0.000,-3.161,-2.768,4.202,0.000,0.000,0.000,0.842
16:13:12.328,183.537,-2.551,-1.478,True,0.000,0.000,-2.551,-1.478,2.948,0.000,0.000,0.000,1.092
16:13:12.348,183.557,-2.110,-0.569,True,0.000,0.000,-2.110,-0.569,2.186,0.000,0.000,0.000,1.044
16:13:12.368,183.577,-1.819,0.015,True,0.000,0.000,-1.819,0.015,1.819,0.000,0.000,0.000,1.157
16:13:12.388,183.597,-4.692,-1.412,True,0.000,0.000,-4.692,-1.412,4.900,0.000,0.000,0.000,0.946
16:13:12.409,183.618,-3.772,-4.297,True,0.000,0.000,-3.772,-4.297,5.718,0.000,0.000,0.000,1.050
16:13:12.429,183.638,-3.011,-2.002,True,0.000,0.000,-3.011,-2.002,3.616,0.000,0.000,0.000,0.835
16:13:12.449,183.658,-2.430,-0.217,True,0.000,0.000,-2.430,-0.217,2.440,0.000,0.000,0.000,0.685
16:13:12.470,183.679,-2.782,0.187,True,0.000,0.000,-2.782,0.187,2.788,0.000,0.000,0.000,1.026
16:13:12.491,183.700,-2.310,0.395,True,0.000,0.000,-2.310,0.395,2.343,0.000,0.000,0.000,1.320
16:13:12.510,183.719,-1.977,-0.413,True,0.000,0.000,-1.977,-0.413,2.019,0.000,0.000,0.000,0.502
16:13:12.531,183.740,-1.762,-0.186,True,0.000,0.000,-1.762,-0.186,1.772,0.000,0.000,0.000,0.984
16:13:12.551,183.760,-1.641,-0.035,True,0.000,0.000,-1.641,-0.035,1.641,0.000,0.000,0.000,1.050
16:13:12.572,183.781,-1.586,-0.824,True,0.000,0.000,-1.586,-0.824,1.788,0.000,0.000,0.000,1.475
16:13:12.592,183.801,-1.577,-0.538,True,0.000,0.000,-1.577,-0.538,1.666,0.000,0.000,0.000,0.858
16:13:12.612,183.822,-1.594,-0.311,True,0.000,0.000,-1.594,-0.311,1.624,0.000,0.000,0.000,1.051
16:13:12.633,183.842,-1.624,-1.024,True,0.000,0.000,-1.624,-1.024,1.920,0.000,0.000,0.000,1.165
16:13:12.653,183.862,-1.658,-3.308,True,0.000,0.000,-1.658,-3.308,3.700,0.000,0.000,0.000,0.526
16:13:12.674,183.883,-1.632,-4.050,True,0.000,0.000,-1.632,-4.050,4.366,0.000,0.000,0.000,0.684
16:13:12.694,183.903,-1.696,-2.093,True,0.000,0.000,-1.696,-2.093,2.694,0.000,0.000,0.000,1.090
16:13:12.714,183.923,-2.584,-1.113,True,0.000,0.000,-2.584,-1.113,2.813,0.000,0.000,0.000,0.518
16:13:12.735,183.944,-4.718,-4.169,True,0.000,0.000,-4.718,-4.169,6.296,0.000,0.000,0.000,1.056
16:13:12.754,183.963,-5.374,-6.269,True,0.000,0.000,-5.374,-6.269,8.257,0.000,0.000,0.000,0.586
16:13:12.775,183.984,-4.976,-5.911,True,0.000,0.000,-4.976,-5.911,7.727,0.000,0.000,0.000,0.810
16:13:12.795,184.004,-3.819,-6.371,True,0.000,0.000,-3.819,-6.371,7.428,0.000,0.000,0.000,1.009
16:13:12.816,184.025,-5.203,-7.482,True,0.000,0.000,-5.203,-7.482,9.113,0.000,0.000,0.000,1.266
16:13:12.837,184.046,-3.923,-4.671,True,0.000,0.000,-3.923,-4.671,6.100,0.000,0.000,0.000,0.962
16:13:12.857,184.066,-2.939,-1.636,True,0.000,0.000,-2.939,-1.636,3.363,0.000,0.000,0.000,1.206
16:13:12.877,184.087,-4.528,-4.757,True,0.000,0.000,-4.528,-4.757,6.567,0.000,0.000,0.000,1.148
16:13:12.898,184.107,-3.445,-3.656,True,0.000,0.000,-3.445,-3.656,5.024,0.000,0.000,0.000,1.048
16:13:12.918,184.127,-2.631,-2.839,True,0.000,0.000,-2.631,-2.839,3.870,0.000,0.000,0.000,1.174
16:13:12.938,184.148,-2.065,-2.279,True,0.000,0.000,-2.065,-2.279,3.075,0.000,0.000,0.000,0.902
16:13:12.959,184.169,-1.708,-1.932,True,0.000,0.000,-1.708,-1.932,2.578,0.000,0.000,0.000,1.121
16:13:12.980,184.189,-1.511,-0.868,True,0.000,0.000,-1.511,-0.868,1.743,0.000,0.000,0.000,0.959
16:13:13.000,184.209,-2.953,-4.555,True,0.000,0.000,-2.953,-4.555,5.428,0.000,0.000,0.000,1.231
16:13:13.021,184.230,-4.051,-7.320,True,0.000,0.000,-4.051,-7.320,8.366,0.000,0.000,0.000,1.201
16:13:13.041,184.251,-6.346,-6.598,True,0.000,0.000,-6.346,-6.598,9.154,0.000,0.000,0.000,1.305
16:13:13.061,184.271,-6.423,-7.646,True,0.000,0.000,-6.423,-7.646,9.986,0.000,0.000,0.000,1.152
16:13:13.084,184.293,-4.811,-4.786,True,0.000,0.000,-4.811,-4.786,6.786,0.000,0.000,0.000,1.361
16:13:13.104,184.313,-3.533,-2.592,True,0.000,0.000,-3.533,-2.592,4.382,0.000,0.000,0.000,1.358
16:13:13.124,184.333,-3.357,-1.036,True,0.000,0.000,-3.357,-1.036,3.514,0.000,0.000,0.000,0.797
16:13:13.144,184.353,-2.517,-0.028,True,0.000,0.000,-2.517,-0.028,2.517,0.000,0.000,0.000,0.719
16:13:13.165,184.374,-1.950,0.548,True,0.000,0.000,-1.950,0.548,2.025,0.000,0.000,0.000,0.562
16:13:13.185,184.394,-1.605,-0.067,True,0.000,0.000,-1.605,-0.067,1.607,0.000,0.000,0.000,0.779
16:13:13.206,184.415,-1.428,1.106,True,0.000,0.000,-1.428,1.106,1.807,0.000,0.000,0.000,1.447
16:13:13.226,184.435,-1.368,0.127,True,0.000,0.000,-1.368,0.127,1.374,0.000,0.000,0.000,0.907
16:13:13.246,184.455,-1.380,0.191,True,0.000,0.000,-1.380,0.191,1.394,0.000,0.000,0.000,0.555
16:13:13.267,184.476,-1.433,0.206,True,0.000,0.000,-1.433,0.206,1.448,0.000,0.000,0.000,0.940
16:13:13.287,184.496,-1.503,0.189,True,0.000,0.000,-1.503,0.189,1.515,0.000,0.000,0.000,0.522
16:13:13.308,184.517,-1.574,0.157,True,0.000,0.000,-1.574,0.157,1.582,0.000,0.000,0.000,1.067
16:13:13.327,184.537,-2.398,-3.395,True,0.000,0.000,-2.398,-3.395,4.156,0.000,0.000,0.000,0.556
16:13:13.348,184.557,-2.240,-4.222,True,0.000,0.000,-2.240,-4.222,4.780,0.000,0.000,0.000,0.913
16:13:13.368,184.577,-2.094,-2.918,True,0.000,0.000,-2.094,-2.918,3.592,0.000,0.000,0.000,0.656
16:13:13.389,184.598,-1.972,-1.830,True,0.000,0.000,-1.972,-1.830,2.690,0.000,0.000,0.000,0.800
16:13:13.409,184.618,-2.639,-0.994,True,0.000,0.000,-2.639,-0.994,2.820,0.000,0.000,0.000,0.508
16:13:13.430,184.639,-2.364,-1.279,True,0.000,0.000,-2.364,-1.279,2.688,0.000,0.000,0.000,0.855
16:13:13.450,184.660,-2.136,-0.653,True,0.000,0.000,-2.136,-0.653,2.233,0.000,0.000,0.000,0.676
16:13:13.471,184.681,-1.962,-0.219,True,0.000,0.000,-1.962,-0.219,1.975,0.000,0.000,0.000,1.052
16:13:13.495,184.704,-1.840,0.054,True,0.000,0.000,-1.840,0.054,1.841,0.000,0.000,0.000,1.114
16:13:13.515,184.724,-1.762,0.203,True,0.000,0.000,-1.762,0.203,1.774,0.000,0.000,0.000,1.061
16:13:13.535,184.744,-2.479,0.263,True,0.000,0.000,-2.479,0.263,2.493,0.000,0.000,0.000,0.658
16:13:13.555,184.764,-3.012,-0.612,True,0.000,0.000,-3.012,-0.612,3.074,0.000,0.000,0.000,0.943
16:13:13.576,184.785,-2.616,-0.401,True,0.000,0.000,-2.616,-0.401,2.646,0.000,0.000,0.000,1.116
16:13:13.597,184.806,-2.289,-0.233,True,0.000,0.000,-2.289,-0.233,2.301,0.000,0.000,0.000,1.095
16:13:13.617,184.826,-2.041,-0.110,True,0.000,0.000,-2.041,-0.110,2.044,0.000,0.000,0.000,0.956
16:13:13.638,184.847,-1.868,-0.027,True,0.000,0.000,-1.868,-0.027,1.868,0.000,0.000,0.000,0.959
16:13:13.658,184.868,-1.757,-0.855,True,0.000,0.000,-1.757,-0.855,1.954,0.000,0.000,0.000,1.030
16:13:13.679,184.888,-1.695,-1.467,True,0.000,0.000,-1.695,-1.467,2.241,0.000,0.000,0.000,1.121
16:13:13.699,184.908,-1.668,-1.004,True,0.000,0.000,-1.668,-1.004,1.947,0.000,0.000,0.000,0.642
16:13:13.720,184.929,-2.426,-1.500,True,0.000,0.000,-2.426,-1.500,2.852,0.000,0.000,0.000,0.749
16:13:13.740,184.949,-2.227,-1.846,True,0.000,0.000,-2.227,-1.846,2.892,0.000,0.000,0.000,1.024
16:13:13.761,184.970,-2.059,-1.187,True,0.000,0.000,-2.059,-1.187,2.376,0.000,0.000,0.000,1.147
16:13:13.781,184.990,-1.928,-1.550,True,0.000,0.000,-1.928,-1.550,2.474,0.000,0.000,0.000,1.095
16:13:13.801,185.010,-1.835,-0.936,True,0.000,0.000,-1.835,-0.936,2.060,0.000,0.000,0.000,1.122
16:13:13.821,185.030,-1.774,-0.475,True,0.000,0.000,-1.774,-0.475,1.836,0.000,0.000,0.000,0.582
16:13:13.842,185.051,-1.738,-0.157,True,0.000,0.000,-1.738,-0.157,1.745,0.000,0.000,0.000,0.548
16:13:13.862,185.071,-1.721,-0.836,True,0.000,0.000,-1.721,-0.836,1.913,0.000,0.000,0.000,0.646
16:13:13.883,185.092,-1.716,-0.486,True,0.000,0.000,-1.716,-0.486,1.784,0.000,0.000,0.000,0.916
16:13:13.904,185.113,-1.720,-0.229,True,0.000,0.000,-1.720,-0.229,1.735,0.000,0.000,0.000,0.771
16:13:13.924,185.134,-1.727,-0.056,True,0.000,0.000,-1.727,-0.056,1.728,0.000,0.000,0.000,1.006
16:13:13.944,185.153,-1.736,0.049,True,0.000,0.000,-1.736,0.049,1.737,0.000,0.000,0.000,0.569
16:13:13.965,185.174,-1.745,0.103,True,0.000,0.000,-1.745,0.103,1.748,0.000,0.000,0.000,1.091
16:13:13.986,185.195,-1.752,1.000,True,0.000,0.000,-1.752,1.000,2.017,0.000,0.000,0.000,1.144
16:13:14.006,185.215,-1.758,0.755,True,0.000,0.000,-1.758,0.755,1.913,0.000,0.000,0.000,0.855
16:13:14.027,185.236,-1.762,-0.353,True,0.000,0.000,-1.762,-0.353,1.797,0.000,0.000,0.000,1.086
16:13:14.047,185.256,-1.765,0.575,True,0.000,0.000,-1.765,0.575,1.856,0.000,0.000,0.000,1.055
16:13:14.067,185.276,-1.767,-0.482,True,0.000,0.000,-1.767,-0.482,1.831,0.000,0.000,0.000,0.681
16:13:14.088,185.297,-1.768,0.490,True,0.000,0.000,-1.768,0.490,1.834,0.000,0.000,0.000,0.678
16:13:14.108,185.318,-1.768,0.348,True,0.000,0.000,-1.768,0.348,1.802,0.000,0.000,0.000,1.014
16:13:14.129,185.338,-1.768,0.226,True,0.000,0.000,-1.768,0.226,1.782,0.000,0.000,0.000,0.791
16:13:14.149,185.358,-1.768,-0.749,True,0.000,0.000,-1.768,-0.749,1.920,0.000,0.000,0.000,0.614
16:13:14.169,185.379,-2.528,-1.457,True,0.000,0.000,-2.528,-1.457,2.918,0.000,0.000,0.000,1.016
16:13:14.189,185.398,-2.319,-1.050,True,0.000,0.000,-2.319,-1.050,2.546,0.000,0.000,0.000,0.565
16:13:14.210,185.419,-2.134,-1.572,True,0.000,0.000,-2.134,-1.572,2.651,0.000,0.000,0.000,1.020
16:13:14.231,185.440,-1.985,-4.562,True,0.000,0.000,-1.985,-4.562,4.975,0.000,0.000,0.000,0.996
16:13:14.250,185.459,-1.875,-4.052,True,0.000,0.000,-1.875,-4.052,4.464,0.000,0.000,0.000,0.586
16:13:14.271,185.480,-1.799,-2.644,True,0.000,0.000,-1.799,-2.644,3.198,0.000,0.000,0.000,0.739
16:13:14.292,185.502,-1.752,-2.408,True,0.000,0.000,-1.752,-2.408,2.978,0.000,0.000,0.000,1.103
16:13:14.313,185.522,-1.727,-1.351,True,0.000,0.000,-1.727,-1.351,2.193,0.000,0.000,0.000,1.004
16:13:14.333,185.543,-1.717,-1.469,True,0.000,0.000,-1.717,-1.469,2.259,0.000,0.000,0.000,1.079
16:13:14.354,185.563,-1.717,-0.724,True,0.000,0.000,-1.717,-0.724,1.864,0.000,0.000,0.000,1.013
16:13:14.374,185.583,-2.485,-0.215,True,0.000,0.000,-2.485,-0.215,2.494,0.000,0.000,0.000,0.660
16:13:14.395,185.604,-2.284,0.100,True,0.000,0.000,-2.284,0.100,2.286,0.000,0.000,0.000,1.089
16:13:14.415,185.625,-2.108,0.268,True,0.000,0.000,-2.108,0.268,2.125,0.000,0.000,0.000,1.033
16:13:14.435,185.645,-1.968,0.331,True,0.000,0.000,-1.968,0.331,1.995,0.000,0.000,0.000,0.708
16:13:14.456,185.665,-1.864,0.328,True,0.000,0.000,-1.864,0.328,1.893,0.000,0.000,0.000,0.923
16:13:14.477,185.686,-1.793,0.287,True,0.000,0.000,-1.793,0.287,1.816,0.000,0.000,0.000,1.161
16:13:14.496,185.706,-1.750,0.230,True,0.000,0.000,-1.750,0.230,1.765,0.000,0.000,0.000,0.772
16:13:14.517,185.726,-1.727,0.170,True,0.000,0.000,-1.727,0.170,1.735,0.000,0.000,0.000,0.723
16:13:14.538,185.747,-1.718,0.116,True,0.000,0.000,-1.718,0.116,1.722,0.000,0.000,0.000,1.092
16:13:14.558,185.767,-2.481,-0.808,True,0.000,0.000,-2.481,-0.808,2.609,0.000,0.000,0.000,1.211
16:13:14.579,185.788,-2.278,-0.600,True,0.000,0.000,-2.278,-0.600,2.355,0.000,0.000,0.000,1.104
16:13:14.599,185.808,-2.101,-0.411,True,0.000,0.000,-2.101,-0.411,2.141,0.000,0.000,0.000,1.064
16:13:14.620,185.829,-1.961,-0.254,True,0.000,0.000,-1.961,-0.254,1.978,0.000,0.000,0.000,0.613
16:13:14.640,185.849,-1.858,-0.135,True,0.000,0.000,-1.858,-0.135,1.863,0.000,0.000,0.000,0.528
16:13:14.660,185.869,-1.789,-0.051,True,0.000,0.000,-1.789,-0.051,1.790,0.000,0.000,0.000,1.045
16:13:14.680,185.890,-1.747,0.002,True,0.000,0.000,-1.747,0.002,1.747,0.000,0.000,0.000,0.864
16:13:14.700,185.910,-1.725,0.033,True,0.000,0.000,-1.725,0.033,1.725,0.000,0.000,0.000,0.575
16:13:14.721,185.930,-1.717,0.046,True,0.000,0.000,-1.717,0.046,1.718,0.000,0.000,0.000,0.686
16:13:14.742,185.951,-1.719,0.048,True,0.000,0.000,-1.719,0.048,1.719,0.000,0.000,0.000,0.908
16:13:14.762,185.971,-1.725,0.044,True,0.000,0.000,-1.725,0.044,1.726,0.000,0.000,0.000,1.054
16:13:14.783,185.992,-1.734,-0.843,True,0.000,0.000,-1.734,-0.843,1.928,0.000,0.000,0.000,1.101
16:13:14.803,186.012,-4.026,-1.489,True,0.000,0.000,-4.026,-1.489,4.293,0.000,0.000,0.000,0.678
16:13:14.824,186.033,-3.407,-0.164,True,0.000,0.000,-3.407,-0.164,3.411,0.000,0.000,0.000,1.261
16:13:14.843,186.053,-2.860,0.851,True,0.000,0.000,-2.860,0.851,2.984,0.000,0.000,0.000,0.505
16:13:14.864,186.074,-2.419,0.690,True,0.000,0.000,-2.419,0.690,2.515,0.000,0.000,0.000,0.875
16:13:14.885,186.094,-2.090,-0.362,True,0.000,0.000,-2.090,-0.362,2.121,0.000,0.000,0.000,1.050
16:13:14.905,186.114,-1.865,-1.159,True,0.000,0.000,-1.865,-1.159,2.196,0.000,0.000,0.000,0.659
16:13:14.926,186.135,-1.725,-4.354,True,0.000,0.000,-1.725,-4.354,4.683,0.000,0.000,0.000,1.063
16:13:14.946,186.155,-1.650,-3.106,True,0.000,0.000,-1.650,-3.106,3.518,0.000,0.000,0.000,0.897
16:13:14.966,186.175,-2.383,-1.149,True,0.000,0.000,-2.383,-1.149,2.646,0.000,0.000,0.000,0.732
16:13:14.988,186.197,-2.175,-1.416,True,0.000,0.000,-2.175,-1.416,2.595,0.000,0.000,0.000,2.366
16:13:15.007,186.216,-2.008,-1.641,True,0.000,0.000,-2.008,-1.641,2.593,0.000,0.000,0.000,1.017
16:13:15.028,186.237,-1.884,-0.937,True,0.000,0.000,-1.884,-0.937,2.104,0.000,0.000,0.000,1.132
16:13:15.048,186.257,-4.083,-3.942,True,0.000,0.000,-4.083,-3.942,5.675,0.000,0.000,0.000,0.634
16:13:15.069,186.278,-3.404,-2.635,True,0.000,0.000,-3.404,-2.635,4.305,0.000,0.000,0.000,1.000
16:13:15.089,186.298,-5.869,-4.215,True,0.000,0.000,-5.869,-4.215,7.226,0.000,0.000,0.000,0.587
16:13:15.109,186.318,-4.577,-2.703,True,0.000,0.000,-4.577,-2.703,5.315,0.000,0.000,0.000,0.960
16:13:15.130,186.339,-3.508,-0.644,True,0.000,0.000,-3.508,-0.644,3.567,0.000,0.000,0.000,0.803
16:13:15.150,186.359,-4.978,-3.548,True,0.000,0.000,-4.978,-3.548,6.113,0.000,0.000,0.000,0.683
16:13:15.170,186.379,-3.777,-2.231,True,0.000,0.000,-3.777,-2.231,4.387,0.000,0.000,0.000,1.001
16:13:15.191,186.400,-2.855,-1.217,True,0.000,0.000,-2.855,-1.217,3.104,0.000,0.000,0.000,1.117
16:13:15.211,186.420,-2.202,-0.496,True,0.000,0.000,-2.202,-0.496,2.257,0.000,0.000,0.000,1.117
16:13:15.231,186.441,-3.301,-0.027,True,0.000,0.000,-3.301,-0.027,3.301,0.000,0.000,0.000,1.131
16:13:15.252,186.461,-2.641,1.122,True,0.000,0.000,-2.641,1.122,2.869,0.000,0.000,0.000,1.070
16:13:15.273,186.482,-4.445,-2.510,True,0.000,0.000,-4.445,-2.510,5.105,0.000,0.000,0.000,1.059
16:13:15.293,186.502,-6.543,-2.609,True,0.000,0.000,-6.543,-2.609,7.044,0.000,0.000,0.000,1.130
16:13:15.313,186.522,-7.247,-5.235,True,0.000,0.000,-7.247,-5.235,8.940,0.000,0.000,0.000,0.880
16:13:15.336,186.545,-7.625,-6.195,True,0.000,0.000,-7.625,-6.195,9.825,0.000,0.000,0.000,1.097
16:13:15.356,186.565,-7.774,-6.732,True,0.000,0.000,-7.774,-6.732,10.284,0.000,0.000,0.000,0.764
16:13:15.376,186.586,-7.774,-6.086,True,0.000,0.000,-7.774,-6.086,9.873,0.000,0.000,0.000,1.051
16:13:15.396,186.605,-5.406,-3.722,True,0.000,0.000,-5.406,-3.722,6.563,0.000,0.000,0.000,0.586
16:13:15.417,186.626,-3.627,-1.057,True,0.000,0.000,-3.627,-1.057,3.778,0.000,0.000,0.000,0.891
16:13:15.437,186.646,-3.155,-0.931,True,0.000,0.000,-3.155,-0.931,3.290,0.000,0.000,0.000,0.816
16:13:15.457,186.666,-2.171,-0.112,True,0.000,0.000,-2.171,-0.112,2.173,0.000,0.000,0.000,0.516
16:13:15.478,186.687,-2.324,0.367,True,0.000,0.000,-2.324,0.367,2.352,0.000,0.000,0.000,1.103
16:13:15.498,186.707,-1.793,-2.041,True,0.000,0.000,-1.793,-2.041,2.716,0.000,0.000,0.000,0.537
16:13:15.518,186.728,-3.010,-4.773,True,0.000,0.000,-3.010,-4.773,5.643,0.000,0.000,0.000,0.806
16:13:15.539,186.748,-2.451,-3.212,True,0.000,0.000,-2.451,-3.212,4.041,0.000,0.000,0.000,0.557
16:13:15.559,186.769,-2.052,-1.065,True,0.000,0.000,-2.052,-1.065,2.312,0.000,0.000,0.000,0.760
16:13:15.579,186.789,-1.791,-3.869,True,0.000,0.000,-1.791,-3.869,4.264,0.000,0.000,0.000,0.795
16:13:15.600,186.809,-1.640,-2.457,True,0.000,0.000,-1.640,-2.457,2.954,0.000,0.000,0.000,1.085
16:13:15.621,186.830,-3.852,-4.878,True,0.000,0.000,-3.852,-4.878,6.216,0.000,0.000,0.000,0.912
16:13:15.642,186.851,-5.492,-6.644,True,0.000,0.000,-5.492,-6.644,8.620,0.000,0.000,0.000,1.089
16:13:15.662,186.871,-4.327,-4.312,True,0.000,0.000,-4.327,-4.312,6.109,0.000,0.000,0.000,1.045
16:13:15.682,186.891,-3.361,-2.474,True,0.000,0.000,-3.361,-2.474,4.173,0.000,0.000,0.000,0.560
16:13:15.703,186.912,-2.622,-1.135,True,0.000,0.000,-2.622,-1.135,2.857,0.000,0.000,0.000,0.649
16:13:15.724,186.933,-2.100,-0.238,True,0.000,0.000,-2.100,-0.238,2.113,0.000,0.000,0.000,0.884
16:13:15.744,186.953,-1.763,0.300,True,0.000,0.000,-1.763,0.300,1.789,0.000,0.000,0.000,0.991
16:13:15.764,186.973,-1.572,0.570,True,0.000,0.000,-1.572,0.570,1.672,0.000,0.000,0.000,0.947
16:13:15.784,186.994,-1.486,0.657,True,0.000,0.000,-1.486,0.657,1.625,0.000,0.000,0.000,0.989
16:13:15.804,187.014,-1.471,1.507,True,0.000,0.000,-1.471,1.507,2.106,0.000,0.000,0.000,0.579
16:13:15.825,187.034,-3.781,-1.462,True,0.000,0.000,-3.781,-1.462,4.054,0.000,0.000,0.000,0.858
16:13:15.846,187.055,-5.484,-4.582,True,0.000,0.000,-5.484,-4.582,7.147,0.000,0.000,0.000,1.141
16:13:15.866,187.075,-4.357,-2.386,True,0.000,0.000,-4.357,-2.386,4.967,0.000,0.000,0.000,0.948
16:13:15.886,187.095,-3.408,-2.370,True,0.000,0.000,-3.408,-2.370,4.151,0.000,0.000,0.000,1.120
16:13:15.906,187.115,-4.957,-4.958,True,0.000,0.000,-4.957,-4.958,7.011,0.000,0.000,0.000,1.014
16:13:15.926,187.135,-6.089,-6.809,True,0.000,0.000,-6.089,-6.809,9.134,0.000,0.000,0.000,0.610
16:13:15.947,187.156,-4.564,-4.506,True,0.000,0.000,-4.564,-4.506,6.414,0.000,0.000,0.000,0.559
16:13:15.967,187.176,-4.126,-2.662,True,0.000,0.000,-4.126,-2.662,4.910,0.000,0.000,0.000,0.858
16:13:15.988,187.197,-3.045,-1.297,True,0.000,0.000,-3.045,-1.297,3.309,0.000,0.000,0.000,1.253
16:13:16.008,187.217,-2.278,-0.366,True,0.000,0.000,-2.278,-0.366,2.307,0.000,0.000,0.000,1.151
16:13:16.028,187.237,-1.781,1.085,True,0.000,0.000,-1.781,1.085,2.086,0.000,0.000,0.000,0.718
16:13:16.049,187.258,-3.781,-2.370,True,0.000,0.000,-3.781,-2.370,4.462,0.000,0.000,0.000,0.673
16:13:16.070,187.279,-4.546,-5.022,True,0.000,0.000,-4.546,-5.022,6.774,0.000,0.000,0.000,1.209
16:13:16.091,187.300,-3.548,-2.508,True,0.000,0.000,-3.548,-2.508,4.345,0.000,0.000,0.000,1.044
16:13:16.111,187.320,-3.529,-2.491,False,0.000,0.000,-3.529,-2.491,4.320,0.000,0.000,0.000,0.919
16:13:16.131,187.341,-5.511,-5.673,True,0.000,0.000,-5.511,-5.673,7.909,0.000,0.000,0.000,0.939
16:13:16.152,187.361,-6.512,-5.305,True,0.000,0.000,-6.512,-5.305,8.399,0.000,0.000,0.000,1.004
16:13:16.173,187.382,-6.303,-7.775,True,0.000,0.000,-6.303,-7.775,10.009,0.000,0.000,0.000,1.028
16:13:16.193,187.402,-7.629,-6.732,True,0.000,0.000,-7.629,-6.732,10.175,0.000,0.000,0.000,1.063
16:13:16.214,187.423,-5.467,-4.088,True,0.000,0.000,-5.467,-4.088,6.826,0.000,0.000,0.000,0.908
16:13:16.234,187.443,-3.803,-2.104,True,0.000,0.000,-3.803,-2.104,4.346,0.000,0.000,0.000,0.534
16:13:16.254,187.463,-2.613,0.156,True,0.000,0.000,-2.613,0.156,2.618,0.000,0.000,0.000,1.050
16:13:16.274,187.483,-3.362,-2.739,True,0.000,0.000,-3.362,-2.739,4.336,0.000,0.000,0.000,0.514
16:13:16.294,187.503,-4.781,-5.029,True,0.000,0.000,-4.781,-5.029,6.939,0.000,0.000,0.000,0.509
16:13:16.315,187.524,-5.858,-6.701,True,0.000,0.000,-5.858,-6.701,8.901,0.000,0.000,0.000,0.847
16:13:16.336,187.545,-5.089,-4.305,True,0.000,0.000,-5.089,-4.305,6.666,0.000,0.000,0.000,1.226
16:13:16.356,187.565,-4.467,-5.950,True,0.000,0.000,-4.467,-5.950,7.440,0.000,0.000,0.000,0.973
16:13:16.376,187.585,-5.526,-7.147,True,0.000,0.000,-5.526,-7.147,9.034,0.000,0.000,0.000,1.041
16:13:16.397,187.606,-6.310,-7.947,True,0.000,0.000,-6.310,-7.947,10.147,0.000,0.000,0.000,1.052
16:13:16.417,187.626,-4.562,-4.032,True,0.000,0.000,-4.562,-4.032,6.088,0.000,0.000,0.000,0.913
16:13:16.438,187.647,-5.519,-5.479,True,0.000,0.000,-5.519,-5.479,7.777,0.000,0.000,0.000,1.123
16:13:16.458,187.667,-5.486,-7.499,True,0.000,0.000,-5.486,-7.499,9.291,0.000,0.000,0.000,1.061
16:13:16.478,187.687,-3.922,-3.694,True,0.000,0.000,-3.922,-3.694,5.388,0.000,0.000,0.000,0.610
16:13:16.498,187.707,-2.776,-1.728,True,0.000,0.000,-2.776,-1.728,3.270,0.000,0.000,0.000,0.571
16:13:16.519,187.728,-2.005,-0.405,True,0.000,0.000,-2.005,-0.405,2.045,0.000,0.000,0.000,1.084
16:13:16.539,187.748,-1.538,0.396,True,0.000,0.000,-1.538,0.396,1.588,0.000,0.000,0.000,0.517
16:13:16.561,187.770,-1.299,0.804,True,0.000,0.000,-1.299,0.804,1.528,0.000,0.000,0.000,1.137
16:13:16.581,187.790,-1.219,0.941,True,0.000,0.000,-1.219,0.941,1.540,0.000,0.000,0.000,0.877
16:13:16.601,187.810,-2.760,-2.608,True,0.000,0.000,-2.760,-2.608,3.798,0.000,0.000,0.000,0.533
16:13:16.621,187.831,-4.700,-5.285,True,0.000,0.000,-4.700,-5.285,7.072,0.000,0.000,0.000,0.896
16:13:16.642,187.851,-3.799,-2.754,True,0.000,0.000,-3.799,-2.754,4.692,0.000,0.000,0.000,1.060
16:13:16.662,187.871,-4.569,-5.140,True,0.000,0.000,-4.569,-5.140,6.877,0.000,0.000,0.000,0.951
16:13:16.683,187.892,-5.854,-6.854,True,0.000,0.000,-5.854,-6.854,9.014,0.000,0.000,0.000,0.984
16:13:16.703,187.913,-6.729,-8.863,True,0.000,0.000,-6.729,-8.863,11.128,0.000,0.000,0.000,1.083
16:13:16.724,187.933,-7.266,-8.406,True,0.000,0.000,-7.266,-8.406,11.111,0.000,0.000,0.000,1.015
16:13:16.744,187.953,-6.025,-6.116,True,0.000,0.000,-6.025,-6.116,8.585,0.000,0.000,0.000,0.827
16:13:16.765,187.974,-6.546,-6.966,True,0.000,0.000,-6.546,-6.966,9.559,0.000,0.000,0.000,1.028
16:13:16.784,187.994,-6.903,-7.591,True,0.000,0.000,-6.903,-7.591,10.261,0.000,0.000,0.000,0.675
16:13:16.805,188.014,-7.126,-8.013,True,0.000,0.000,-7.126,-8.013,10.723,0.000,0.000,0.000,0.751
16:13:16.825,188.034,-6.484,-8.270,True,0.000,0.000,-6.484,-8.270,10.508,0.000,0.000,0.000,0.548
16:13:16.846,188.055,-4.455,-4.887,True,0.000,0.000,-4.455,-4.887,6.613,0.000,0.000,0.000,0.740
16:13:16.867,188.076,-5.266,-5.898,True,0.000,0.000,-5.266,-5.898,7.907,0.000,0.000,0.000,0.642
16:13:16.887,188.096,-3.656,-3.225,True,0.000,0.000,-3.656,-3.225,4.876,0.000,0.000,0.000,0.852
16:13:16.908,188.117,-2.517,-0.443,True,0.000,0.000,-2.517,-0.443,2.555,0.000,0.000,0.000,1.109
16:13:16.928,188.137,-4.824,-0.324,True,0.000,0.000,-4.824,-0.324,4.835,0.000,0.000,0.000,0.653
16:13:16.949,188.158,-4.328,0.419,True,0.000,0.000,-4.328,0.419,4.349,0.000,0.000,0.000,1.261
16:13:16.970,188.179,-4.713,-2.723,True,0.000,0.000,-4.713,-2.723,5.443,0.000,0.000,0.000,1.001
16:13:16.990,188.199,-3.478,-0.761,True,0.000,0.000,-3.478,-0.761,3.561,0.000,0.000,0.000,0.558
16:13:17.011,188.220,-2.573,-0.191,True,0.000,0.000,-2.573,-0.191,2.580,0.000,0.000,0.000,0.946
16:13:17.031,188.240,-2.724,-3.360,True,0.000,0.000,-2.724,-3.360,4.325,0.000,0.000,0.000,0.962
16:13:17.051,188.260,-2.144,-2.216,True,0.000,0.000,-2.144,-2.216,3.083,0.000,0.000,0.000,0.572
16:13:17.072,188.281,-4.814,-2.181,True,0.000,0.000,-4.814,-2.181,5.285,0.000,0.000,0.000,0.995
16:13:17.092,188.301,-6.049,-4.781,True,0.000,0.000,-6.049,-4.781,7.710,0.000,0.000,0.000,1.004
16:13:17.112,188.321,-4.587,-3.144,True,0.000,0.000,-4.587,-3.144,5.561,0.000,0.000,0.000,0.783
16:13:17.133,188.342,-5.705,-5.356,True,0.000,0.000,-5.705,-5.356,7.825,0.000,0.000,0.000,0.991
16:13:17.153,188.363,-6.502,-6.946,True,0.000,0.000,-6.502,-6.946,9.514,0.000,0.000,0.000,1.110
16:13:17.174,188.383,-4.738,-4.478,True,0.000,0.000,-4.738,-4.478,6.519,0.000,0.000,0.000,0.682
16:13:17.194,188.404,-5.666,-6.059,True,0.000,0.000,-5.666,-6.059,8.295,0.000,0.000,0.000,0.715
16:13:17.215,188.424,-4.076,-2.812,True,0.000,0.000,-4.076,-2.812,4.951,0.000,0.000,0.000,0.639
16:13:17.235,188.444,-2.897,-4.784,True,0.000,0.000,-2.897,-4.784,5.593,0.000,0.000,0.000,0.523
16:13:17.256,188.465,-4.376,-5.427,True,0.000,0.000,-4.376,-5.427,6.971,0.000,0.000,0.000,1.013
16:13:17.276,188.485,-3.252,-3.237,True,0.000,0.000,-3.252,-3.237,4.589,0.000,0.000,0.000,1.064
16:13:17.296,188.505,-4.721,-5.123,True,0.000,0.000,-4.721,-5.123,6.967,0.000,0.000,0.000,0.536
16:13:17.317,188.526,-3.550,-3.919,True,0.000,0.000,-3.550,-3.919,5.288,0.000,0.000,0.000,0.760
16:13:17.337,188.546,-2.672,-2.132,True,0.000,0.000,-2.672,-2.132,3.419,0.000,0.000,0.000,0.630
16:13:17.358,188.567,-4.350,-4.378,True,0.000,0.000,-4.350,-4.378,6.171,0.000,0.000,0.000,1.018
16:13:17.377,188.587,-3.342,-2.588,True,0.000,0.000,-3.342,-2.588,4.227,0.000,0.000,0.000,0.560
16:13:17.398,188.607,-4.865,-4.778,True,0.000,0.000,-4.865,-4.778,6.819,0.000,0.000,0.000,0.642
16:13:17.418,188.627,-3.709,-2.030,True,0.000,0.000,-3.709,-2.030,4.228,0.000,0.000,0.000,0.594
16:13:17.439,188.648,-2.820,-0.863,True,0.000,0.000,-2.820,-0.863,2.950,0.000,0.000,0.000,1.121
16:13:17.459,188.668,-4.474,-3.613,True,0.000,0.000,-4.474,-3.613,5.750,0.000,0.000,0.000,0.594
16:13:17.480,188.689,-3.438,-2.200,True,0.000,0.000,-3.438,-2.200,4.081,0.000,0.000,0.000,1.029
16:13:17.500,188.709,-2.650,-0.256,True,0.000,0.000,-2.650,-0.256,2.662,0.000,0.000,0.000,0.873
16:13:17.520,188.729,-2.097,1.122,True,0.000,0.000,-2.097,1.122,2.378,0.000,0.000,0.000,0.840
16:13:17.541,188.750,-1.743,1.135,True,0.000,0.000,-1.743,1.135,2.080,0.000,0.000,0.000,1.121
16:13:17.561,188.770,-1.544,1.008,True,0.000,0.000,-1.544,1.008,1.845,0.000,0.000,0.000,1.032
16:13:17.581,188.791,-3.742,-2.699,True,0.000,0.000,-3.742,-2.699,4.614,0.000,0.000,0.000,0.758
16:13:17.602,188.811,-5.386,-5.455,True,0.000,0.000,-5.386,-5.455,7.666,0.000,0.000,0.000,0.857
16:13:17.622,188.831,-4.236,-3.827,True,0.000,0.000,-4.236,-3.827,5.709,0.000,0.000,0.000,1.041
16:13:17.643,188.852,-3.289,-3.326,True,0.000,0.000,-3.289,-3.326,4.678,0.000,0.000,0.000,1.133
16:13:17.663,188.872,-2.569,-2.010,True,0.000,0.000,-2.569,-2.010,3.262,0.000,0.000,0.000,1.143
16:13:17.683,188.892,-5.110,-1.901,True,0.000,0.000,-5.110,-1.901,5.452,0.000,0.000,0.000,0.508
16:13:17.703,188.912,-6.235,-4.492,True,0.000,0.000,-6.235,-4.492,7.685,0.000,0.000,0.000,0.621
16:13:17.724,188.933,-6.212,-6.401,True,0.000,0.000,-6.212,-6.401,8.920,0.000,0.000,0.000,1.093
16:13:17.744,188.953,-6.091,-7.694,True,0.000,0.000,-6.091,-7.694,9.813,0.000,0.000,0.000,0.625
16:13:17.765,188.974,-4.405,-4.969,True,0.000,0.000,-4.405,-4.969,6.640,0.000,0.000,0.000,0.759
16:13:17.785,188.994,-5.417,-6.345,True,0.000,0.000,-5.417,-6.345,8.342,0.000,0.000,0.000,0.627
16:13:17.806,189.015,-3.904,-3.827,True,0.000,0.000,-3.904,-3.827,5.466,0.000,0.000,0.000,0.923
16:13:17.826,189.036,-2.789,-1.061,True,0.000,0.000,-2.789,-1.061,2.984,0.000,0.000,0.000,1.059
16:13:17.846,189.055,-4.318,-3.515,True,0.000,0.000,-4.318,-3.515,5.568,0.000,0.000,0.000,0.503
16:13:17.867,189.076,-3.229,-1.066,True,0.000,0.000,-3.229,-1.066,3.401,0.000,0.000,0.000,0.563
16:13:17.888,189.097,-2.436,-2.821,True,0.000,0.000,-2.436,-2.821,3.727,0.000,0.000,0.000,1.050
16:13:17.907,189.117,-1.906,-2.452,True,0.000,0.000,-1.906,-2.452,3.105,0.000,0.000,0.000,0.557
16:13:17.928,189.137,-1.587,-1.314,True,0.000,0.000,-1.587,-1.314,2.061,0.000,0.000,0.000,0.512
16:13:17.949,189.158,-3.711,-3.148,True,0.000,0.000,-3.711,-3.148,4.866,0.000,0.000,0.000,0.881
16:13:17.969,189.178,-5.317,-6.301,True,0.000,0.000,-5.317,-6.301,8.244,0.000,0.000,0.000,0.638
16:13:17.990,189.199,-4.154,-4.161,True,0.000,0.000,-4.154,-4.161,5.880,0.000,0.000,0.000,0.800
16:13:18.011,189.220,-3.209,-2.451,True,0.000,0.000,-3.209,-2.451,4.038,0.000,0.000,0.000,0.839
16:13:18.032,189.241,-4.784,-4.702,True,0.000,0.000,-4.784,-4.702,6.708,0.000,0.000,0.000,0.946
16:13:18.052,189.261,-3.667,-2.877,True,0.000,0.000,-3.667,-2.877,4.661,0.000,0.000,0.000,0.931
16:13:18.072,189.281,-5.089,-5.892,True,0.000,0.000,-5.089,-5.892,7.786,0.000,0.000,0.000,0.745
16:13:18.093,189.303,-5.428,-6.544,True,0.000,0.000,-5.428,-6.544,8.502,0.000,0.000,0.000,0.633
16:13:18.115,189.324,-6.497,-7.736,True,0.000,0.000,-6.497,-7.736,10.102,0.000,0.000,0.000,0.610
16:13:18.135,189.344,-4.475,-4.396,True,0.000,0.000,-4.475,-4.396,6.273,0.000,0.000,0.000,0.819
16:13:18.156,189.365,-5.575,-5.950,True,0.000,0.000,-5.575,-5.950,8.153,0.000,0.000,0.000,0.992
16:13:18.176,189.385,-4.028,-2.594,True,0.000,0.000,-4.028,-2.594,4.791,0.000,0.000,0.000,1.059
16:13:18.196,189.405,-2.900,-0.176,True,0.000,0.000,-2.900,-0.176,2.905,0.000,0.000,0.000,0.940
16:13:18.217,189.426,-4.409,-2.936,True,0.000,0.000,-4.409,-2.936,5.297,0.000,0.000,0.000,0.620
16:13:18.237,189.446,-3.297,-1.609,True,0.000,0.000,-3.297,-1.609,3.669,0.000,0.000,0.000,0.572
16:13:18.258,189.467,-2.483,0.218,True,0.000,0.000,-2.483,0.218,2.492,0.000,0.000,0.000,0.785
16:13:18.279,189.488,-4.223,-2.930,True,0.000,0.000,-4.223,-2.930,5.140,0.000,0.000,0.000,1.013
16:13:18.299,189.508,-3.262,-1.818,True,0.000,0.000,-3.262,-1.818,3.734,0.000,0.000,0.000,1.327
16:13:18.319,189.528,-2.538,-1.851,True,0.000,0.000,-2.538,-1.851,3.141,0.000,0.000,0.000,0.593
16:13:18.339,189.549,-2.035,-1.012,True,0.000,0.000,-2.035,-1.012,2.273,0.000,0.000,0.000,0.558
16:13:18.360,189.569,-1.717,-0.415,True,0.000,0.000,-1.717,-0.415,1.766,0.000,0.000,0.000,0.981
16:13:18.380,189.589,-1.542,0.853,True,0.000,0.000,-1.542,0.853,1.762,0.000,0.000,0.000,0.857
16:13:18.400,189.609,-1.469,0.835,True,0.000,0.000,-1.469,0.835,1.690,0.000,0.000,0.000,0.645
16:13:18.420,189.629,-3.747,-1.031,True,0.000,0.000,-3.747,-1.031,3.886,0.000,0.000,0.000,0.522
16:13:18.441,189.650,-3.152,-3.333,True,0.000,0.000,-3.152,-3.333,4.587,0.000,0.000,0.000,0.849
16:13:18.462,189.671,-4.933,-5.852,True,0.000,0.000,-4.933,-5.852,7.653,0.000,0.000,0.000,1.037
16:13:18.482,189.691,-3.915,-4.042,True,0.000,0.000,-3.915,-4.042,5.627,0.000,0.000,0.000,1.005
16:13:18.503,189.712,-4.603,-6.048,True,0.000,0.000,-4.603,-6.048,7.601,0.000,0.000,0.000,1.207
16:13:18.523,189.732,-3.555,-3.924,True,0.000,0.000,-3.555,-3.924,5.295,0.000,0.000,0.000,0.511
16:13:18.544,189.753,-5.030,-4.008,True,0.000,0.000,-5.030,-4.008,6.432,0.000,0.000,0.000,1.113
16:13:18.563,189.773,-6.111,-4.943,True,0.000,0.000,-6.111,-4.943,7.859,0.000,0.000,0.000,0.625
16:13:18.584,189.793,-6.077,-6.492,True,0.000,0.000,-6.077,-6.492,8.893,0.000,0.000,0.000,0.872
16:13:18.606,189.815,-5.965,-7.571,True,0.000,0.000,-5.965,-7.571,9.639,0.000,0.000,0.000,0.597
16:13:18.626,189.836,-7.345,-6.496,True,0.000,0.000,-7.345,-6.496,9.806,0.000,0.000,0.000,0.758
16:13:18.647,189.856,-5.261,-3.840,True,0.000,0.000,-5.261,-3.840,6.513,0.000,0.000,0.000,1.096
16:13:18.667,189.876,-3.661,-1.873,True,0.000,0.000,-3.661,-1.873,4.112,0.000,0.000,0.000,0.962
16:13:18.687,189.896,-5.571,-2.290,True,0.000,0.000,-5.571,-2.290,6.023,0.000,0.000,0.000,0.879
16:13:18.709,189.918,-3.999,-2.739,True,0.000,0.000,-3.999,-2.739,4.847,0.000,0.000,0.000,0.922
16:13:18.729,189.938,-4.362,-4.911,True,0.000,0.000,-4.362,-4.911,6.569,0.000,0.000,0.000,0.513
16:13:18.750,189.959,-3.157,-3.016,True,0.000,0.000,-3.157,-3.016,4.366,0.000,0.000,0.000,0.540
16:13:18.770,189.979,-4.591,-5.095,True,0.000,0.000,-4.591,-5.095,6.858,0.000,0.000,0.000,0.565
16:13:18.791,190.000,-3.415,-3.126,True,0.000,0.000,-3.415,-3.126,4.630,0.000,0.000,0.000,0.886
16:13:18.812,190.021,-4.074,-5.150,True,0.000,0.000,-4.074,-5.150,6.566,0.000,0.000,0.000,1.167
16:13:18.832,190.041,-5.355,-6.658,True,0.000,0.000,-5.355,-6.658,8.544,0.000,0.000,0.000,0.916
16:13:18.853,190.062,-4.764,-4.178,True,0.000,0.000,-4.764,-4.178,6.336,0.000,0.000,0.000,0.954
16:13:18.873,190.082,-5.804,-5.787,True,0.000,0.000,-5.804,-5.787,8.196,0.000,0.000,0.000,0.836
16:13:18.893,190.103,-6.545,-6.104,True,0.000,0.000,-6.545,-6.104,8.949,0.000,0.000,0.000,1.117
16:13:18.913,190.122,-7.028,-5.407,True,0.000,0.000,-7.028,-5.407,8.867,0.000,0.000,0.000,0.801
16:13:18.933,190.142,-7.307,-6.610,True,0.000,0.000,-7.307,-6.610,9.853,0.000,0.000,0.000,0.587
16:13:18.954,190.163,-6.675,-6.599,True,0.000,0.000,-6.675,-6.599,9.387,0.000,0.000,0.000,0.920
16:13:18.974,190.183,-6.153,-7.414,True,0.000,0.000,-6.153,-7.414,9.635,0.000,0.000,0.000,0.530
16:13:18.995,190.204,-6.515,-8.845,True,0.000,0.000,-6.515,-8.845,10.985,0.000,0.000,0.000,1.090
16:13:19.015,190.224,-6.786,-8.939,True,0.000,0.000,-6.786,-8.939,11.223,0.000,0.000,0.000,0.891
16:13:19.035,190.244,-7.735,-6.263,True,0.000,0.000,-7.735,-6.263,9.953,0.000,0.000,0.000,0.547
16:13:19.056,190.265,-6.120,-5.998,True,0.000,0.000,-6.120,-5.998,8.569,0.000,0.000,0.000,0.556
16:13:19.076,190.285,-6.417,-5.860,True,0.000,0.000,-6.417,-5.860,8.691,0.000,0.000,0.000,0.541
16:13:19.096,190.305,-6.663,-5.813,True,0.000,0.000,-6.663,-5.813,8.842,0.000,0.000,0.000,0.547
16:13:19.117,190.326,-6.850,-6.700,True,0.000,0.000,-6.850,-6.700,9.582,0.000,0.000,0.000,0.783
16:13:19.137,190.347,-4.698,-3.862,True,0.000,0.000,-4.698,-3.862,6.082,0.000,0.000,0.000,0.775
16:13:19.158,190.367,-4.648,-5.305,True,0.000,0.000,-4.648,-5.305,7.053,0.000,0.000,0.000,0.974
16:13:19.179,190.388,-3.175,-2.948,True,0.000,0.000,-3.175,-2.948,4.332,0.000,0.000,0.000,1.439
16:13:19.199,190.408,-5.214,-1.258,True,0.000,0.000,-5.214,-1.258,5.364,0.000,0.000,0.000,0.781
16:13:19.220,190.429,-3.758,-0.147,True,0.000,0.000,-3.758,-0.147,3.761,0.000,0.000,0.000,1.097
16:13:19.240,190.450,-2.694,-0.377,True,0.000,0.000,-2.694,-0.377,2.720,0.000,0.000,0.000,1.059
16:13:19.260,190.470,-3.501,-3.341,True,0.000,0.000,-3.501,-3.341,4.839,0.000,0.000,0.000,0.819
16:13:19.281,190.490,-4.934,-5.598,True,0.000,0.000,-4.934,-5.598,7.462,0.000,0.000,0.000,1.125
16:13:19.301,190.511,-6.002,-8.064,True,0.000,0.000,-6.002,-8.064,10.053,0.000,0.000,0.000,0.685
16:13:19.323,190.532,-6.736,-7.962,True,0.000,0.000,-6.736,-7.962,10.429,0.000,0.000,0.000,1.018
16:13:19.343,190.552,-4.908,-5.927,True,0.000,0.000,-4.908,-5.927,7.695,0.000,0.000,0.000,0.607
16:13:19.364,190.573,-5.779,-7.823,True,0.000,0.000,-5.779,-7.823,9.726,0.000,0.000,0.000,0.635
16:13:19.385,190.594,-4.905,-5.668,True,0.000,0.000,-4.905,-5.668,7.495,0.000,0.000,0.000,1.038
16:13:19.405,190.614,-3.483,-3.132,True,0.000,0.000,-3.483,-3.132,4.684,0.000,0.000,0.000,1.102
16:13:19.425,190.634,-3.993,-5.712,True,0.000,0.000,-3.993,-5.712,6.970,0.000,0.000,0.000,0.522
16:13:19.446,190.655,-4.438,-6.833,True,0.000,0.000,-4.438,-6.833,8.148,0.000,0.000,0.000,0.541
16:13:19.467,190.676,-4.793,-5.869,True,0.000,0.000,-4.793,-5.869,7.578,0.000,0.000,0.000,1.055
16:13:19.487,190.696,-5.816,-7.745,True,0.000,0.000,-5.816,-7.745,9.686,0.000,0.000,0.000,0.981
16:13:19.508,190.717,-4.262,-4.708,True,0.000,0.000,-4.262,-4.708,6.351,0.000,0.000,0.000,1.013
16:13:19.528,190.737,-3.082,-3.301,True,0.000,0.000,-3.082,-3.301,4.516,0.000,0.000,0.000,1.113
16:13:19.549,190.758,-2.255,-1.472,True,0.000,0.000,-2.255,-1.472,2.692,0.000,0.000,0.000,1.041
16:13:19.568,190.778,-4.010,-3.772,True,0.000,0.000,-4.010,-3.772,5.505,0.000,0.000,0.000,0.495
16:13:19.589,190.798,-5.371,-3.843,True,0.000,0.000,-5.371,-3.843,6.604,0.000,0.000,0.000,0.555
16:13:19.611,190.820,-5.584,-6.547,True,0.000,0.000,-5.584,-6.547,8.605,0.000,0.000,0.000,1.018
16:13:19.630,190.839,-4.149,-3.245,True,0.000,0.000,-4.149,-3.245,5.267,0.000,0.000,0.000,0.677
16:13:19.651,190.861,-3.050,-1.619,True,0.000,0.000,-3.050,-1.619,3.453,0.000,0.000,0.000,0.957
16:13:19.671,190.880,-2.272,-0.501,True,0.000,0.000,-2.272,-0.501,2.327,0.000,0.000,0.000,0.780
16:13:19.692,190.901,-1.770,0.194,True,0.000,0.000,-1.770,0.194,1.780,0.000,0.000,0.000,1.019
16:13:19.712,190.921,-2.245,-2.949,True,0.000,0.000,-2.245,-2.949,3.707,0.000,0.000,0.000,0.519
16:13:19.733,190.942,-1.906,-1.839,True,0.000,0.000,-1.906,-1.839,2.649,0.000,0.000,0.000,0.757
16:13:19.753,190.962,-1.697,-0.990,True,0.000,0.000,-1.697,-0.990,1.965,0.000,0.000,0.000,0.981
16:13:19.774,190.983,-1.586,-1.268,True,0.000,0.000,-1.586,-1.268,2.031,0.000,0.000,0.000,1.023
16:13:19.794,191.003,-1.545,-0.639,True,0.000,0.000,-1.545,-0.639,1.671,0.000,0.000,0.000,1.097
16:13:19.814,191.024,-3.831,-3.720,True,0.000,0.000,-3.831,-3.720,5.340,0.000,0.000,0.000,0.753
16:13:19.835,191.044,-3.231,-2.484,True,0.000,0.000,-3.231,-2.484,4.076,0.000,0.000,0.000,0.604
16:13:19.856,191.065,-2.716,-0.607,True,0.000,0.000,-2.716,-0.607,2.783,0.000,0.000,0.000,0.938
16:13:19.876,191.086,-3.072,-3.620,True,0.000,0.000,-3.072,-3.620,4.747,0.000,0.000,0.000,1.063
16:13:19.897,191.106,-3.329,-1.477,True,0.000,0.000,-3.329,-1.477,3.642,0.000,0.000,0.000,0.894
16:13:19.917,191.126,-5.021,-4.236,True,0.000,0.000,-5.021,-4.236,6.569,0.000,0.000,0.000,0.748
16:13:19.938,191.147,-6.227,-4.512,True,0.000,0.000,-6.227,-4.512,7.690,0.000,0.000,0.000,0.924
16:13:19.958,191.167,-7.011,-3.739,True,0.000,0.000,-7.011,-3.739,7.946,0.000,0.000,0.000,0.700
16:13:19.978,191.187,-5.941,-4.855,True,0.000,0.000,-5.941,-4.855,7.673,0.000,0.000,0.000,0.965
16:13:19.998,191.207,-6.570,-6.518,True,0.000,0.000,-6.570,-6.518,9.254,0.000,0.000,0.000,0.621
16:13:20.019,191.228,-6.985,-7.658,True,0.000,0.000,-6.985,-7.658,10.366,0.000,0.000,0.000,0.952
16:13:20.039,191.248,-4.947,-4.850,True,0.000,0.000,-4.947,-4.850,6.928,0.000,0.000,0.000,0.580
16:13:20.059,191.268,-4.172,-4.435,True,0.000,0.000,-4.172,-4.435,6.089,0.000,0.000,0.000,0.670
16:13:20.079,191.289,-5.177,-5.914,True,0.000,0.000,-5.177,-5.914,7.860,0.000,0.000,0.000,0.724
16:13:20.100,191.309,-6.734,-5.264,True,0.000,0.000,-6.734,-5.264,8.547,0.000,0.000,0.000,0.624
16:13:20.121,191.330,-7.107,-6.511,True,0.000,0.000,-7.107,-6.511,9.639,0.000,0.000,0.000,0.920
16:13:20.141,191.350,-7.314,-6.536,True,0.000,0.000,-7.314,-6.536,9.809,0.000,0.000,0.000,1.106
16:13:20.162,191.371,-5.118,-3.864,True,0.000,0.000,-5.118,-3.864,6.413,0.000,0.000,0.000,1.111
16:13:20.181,191.391,-3.471,-1.885,True,0.000,0.000,-3.471,-1.885,3.950,0.000,0.000,0.000,0.725
16:13:20.203,191.412,-2.332,-0.536,True,0.000,0.000,-2.332,-0.536,2.393,0.000,0.000,0.000,0.839
16:13:20.223,191.432,3.712,2.931,True,0.000,0.000,3.712,2.931,4.730,0.000,0.000,0.000,1.076
16:13:20.243,191.452,-0.407,0.887,True,0.000,0.000,-0.407,0.887,0.976,0.000,0.000,0.000,0.914
16:13:20.264,191.473,-2.227,-3.501,True,0.000,0.000,-2.227,-3.501,4.149,0.000,0.000,0.000,1.196
16:13:20.285,191.494,-2.865,-5.912,True,0.000,0.000,-2.865,-5.912,6.570,0.000,0.000,0.000,1.026
16:13:20.305,191.514,-2.546,-4.913,True,0.000,0.000,-2.546,-4.913,5.534,0.000,0.000,0.000,0.811
16:13:20.325,191.534,-4.556,-6.640,True,0.000,0.000,-4.556,-6.640,8.053,0.000,0.000,0.000,0.831
16:13:20.345,191.555,-3.713,-7.803,True,0.000,0.000,-3.713,-7.803,8.641,0.000,0.000,0.000,1.121
16:13:20.366,191.575,-3.002,-5.869,True,0.000,0.000,-3.002,-5.869,6.592,0.000,0.000,0.000,1.104
16:13:20.387,191.596,-4.735,-6.951,True,0.000,0.000,-4.735,-6.951,8.410,0.000,0.000,0.000,0.844
16:13:20.407,191.616,-4.475,-4.194,True,0.000,0.000,-4.475,-4.194,6.133,0.000,0.000,0.000,1.045
16:13:20.428,191.637,-3.453,-2.128,True,0.000,0.000,-3.453,-2.128,4.056,0.000,0.000,0.000,1.151
16:13:20.448,191.657,-4.956,-4.216,True,0.000,0.000,-4.956,-4.216,6.506,0.000,0.000,0.000,1.140
16:13:20.468,191.678,-5.299,-5.870,True,0.000,0.000,-5.299,-5.870,7.909,0.000,0.000,0.000,1.044
16:13:20.489,191.698,-6.256,-7.083,True,0.000,0.000,-6.256,-7.083,9.450,0.000,0.000,0.000,0.983
16:13:20.509,191.718,-6.896,-7.899,True,0.000,0.000,-6.896,-7.899,10.486,0.000,0.000,0.000,0.887
16:13:20.530,191.739,-4.996,-4.879,True,0.000,0.000,-4.996,-4.879,6.983,0.000,0.000,0.000,1.112
16:13:20.549,191.759,-3.532,-2.582,True,0.000,0.000,-3.532,-2.582,4.375,0.000,0.000,0.000,0.476
16:13:20.570,191.779,-2.489,-0.969,True,0.000,0.000,-2.489,-0.969,2.671,0.000,0.000,0.000,0.937
16:13:20.590,191.799,-4.856,-1.694,True,0.000,0.000,-4.856,-1.694,5.143,0.000,0.000,0.000,0.552
16:13:20.611,191.820,-5.912,-4.147,True,0.000,0.000,-5.912,-4.147,7.222,0.000,0.000,0.000,0.953
16:13:20.631,191.840,-4.366,-2.502,True,0.000,0.000,-4.366,-2.502,5.032,0.000,0.000,0.000,1.298
