timestamp,elapsed_time,ball_x,ball_y,ball_detected,kalman_x,kalman_y,kalman_vx,kalman_vy,platform_rx,platform_ry,target_x,target_y,error_x,error_y,error_magnitude,controller_rx,controller_ry,tilt_magnitude,loop_time_ms
17:46:41.361,0.019,-1.766,10.192,True,-1.661,10.369,1.510,-7.608,0.612,-0.199,0.000,0.000,-1.766,10.192,10.344,0.701,0.099,0.708,0.811
17:46:41.382,0.039,-1.766,12.231,True,-1.662,10.689,1.510,-5.994,0.726,-0.209,0.000,0.000,-1.766,12.231,12.358,0.804,0.100,0.810,0.642
17:46:41.402,0.059,-1.766,14.269,True,-1.663,11.432,1.511,-2.027,0.973,-0.203,0.000,0.000,-1.766,14.269,14.378,1.054,0.100,1.058,0.756
17:46:41.422,0.079,-1.766,10.192,True,-1.664,11.112,1.514,-6.016,0.778,-0.140,0.000,0.000,-1.766,10.192,10.344,0.846,0.100,0.852,0.439
17:46:41.444,0.102,-1.766,10.192,True,-1.664,10.806,1.517,-8.973,0.611,-0.134,0.000,0.000,-1.766,10.192,10.344,0.685,0.099,0.692,0.803
17:46:41.465,0.122,-1.766,14.269,True,-1.665,11.473,1.521,-4.816,0.856,-0.130,0.000,0.000,-1.766,14.269,14.378,0.935,0.099,0.940,0.769
17:46:41.485,0.142,-1.766,12.231,True,-1.665,11.575,1.524,-5.430,0.833,-0.091,0.000,0.000,-1.766,12.231,12.358,0.918,0.099,0.923,0.503
17:46:41.506,0.163,-1.766,14.269,True,-1.665,12.118,1.526,-3.026,1.018,-0.087,0.000,0.000,-1.766,14.269,14.378,1.078,0.099,1.083,0.942
17:46:41.526,0.183,-1.766,12.231,True,-1.665,12.098,1.529,-4.976,0.931,-0.073,0.000,0.000,-1.766,12.231,12.358,0.990,0.099,0.995,0.555
17:46:41.546,0.204,-1.766,16.308,True,-1.665,13.000,1.531,-0.411,1.212,-0.073,0.000,0.000,-1.766,16.308,16.403,1.282,0.099,1.286,0.692
17:46:41.567,0.224,-1.766,12.231,True,-1.665,12.815,1.533,-4.211,1.022,-0.076,0.000,0.000,-1.766,12.231,12.358,1.096,0.099,1.100,0.915
17:46:41.587,0.244,-1.766,10.192,True,-1.665,12.140,1.534,-10.348,0.678,-0.070,0.000,0.000,-1.766,10.192,10.344,0.757,0.099,0.764,0.630
17:46:41.607,0.265,-1.766,18.346,True,-1.665,13.425,1.536,-2.092,1.163,-0.057,0.000,0.000,-1.766,18.346,18.431,1.250,0.099,1.254,0.733
17:46:41.628,0.285,0.000,18.346,True,-1.254,14.537,4.238,2.931,1.485,-0.204,0.000,0.000,0.000,18.346,18.346,1.583,-0.062,1.584,0.396
17:46:41.648,0.306,0.000,10.192,True,-0.897,13.572,5.899,-7.055,0.950,-0.311,0.000,0.000,0.000,10.192,10.192,1.046,-0.171,1.060,0.710
17:46:41.670,0.327,-1.766,16.308,True,-1.009,14.100,4.041,-4.806,1.122,-0.225,0.000,0.000,-1.766,16.308,16.403,1.198,-0.077,1.200,0.818
17:46:41.690,0.347,-1.766,12.231,True,-1.123,13.591,2.601,-9.976,0.831,-0.122,0.000,0.000,-1.766,12.231,12.358,0.919,-0.003,0.919,0.774
17:46:41.710,0.368,-1.766,12.231,True,-1.232,13.122,1.534,-13.638,0.616,-0.038,0.000,0.000,-1.766,12.231,12.358,0.710,0.056,0.712,0.782
17:46:41.730,0.388,-1.766,12.231,True,-1.333,12.706,0.786,-16.042,0.478,0.008,0.000,0.000,-1.766,12.231,12.358,0.562,0.099,0.571,0.846
17:46:41.752,0.410,-1.766,12.231,True,-1.421,12.349,0.303,-17.433,0.455,0.022,0.000,0.000,-1.766,12.231,12.358,0.465,0.129,0.483,0.493
17:46:41.773,0.430,-1.766,10.192,True,-1.497,11.580,0.032,-21.150,0.229,0.023,0.000,0.000,-1.766,10.192,10.344,0.224,0.148,0.269,0.528
17:46:41.793,0.451,-1.766,12.231,True,-1.559,11.407,-0.075,-19.972,0.258,0.233,0.000,0.000,-1.766,12.231,12.358,0.259,0.159,0.304,0.742
17:46:41.814,0.471,-1.766,18.346,True,-1.608,12.712,-0.062,-9.297,0.866,0.248,0.000,0.000,-1.766,18.346,18.431,0.861,0.164,0.876,0.785
17:46:41.834,0.492,-1.766,16.308,True,-1.646,13.405,0.035,-5.291,1.132,0.193,0.000,0.000,-1.766,16.308,16.403,1.107,0.163,1.119,0.836
17:46:41.860,0.517,-1.766,20.385,True,-1.673,14.945,0.185,3.255,1.795,0.298,0.000,0.000,-1.766,20.385,20.461,1.638,0.159,1.646,0.457
17:46:41.881,0.538,-1.766,12.231,True,-1.692,14.365,0.365,-4.355,1.425,0.413,0.000,0.000,-1.766,12.231,12.358,1.244,0.153,1.254,0.813
17:46:41.901,0.559,-1.766,12.231,True,-1.703,13.802,0.555,-10.037,0.881,0.277,0.000,0.000,-1.766,12.231,12.358,0.937,0.146,0.948,0.738
17:46:41.921,0.579,-1.766,10.192,True,-1.709,12.809,0.742,-17.169,0.474,0.453,0.000,0.000,-1.766,10.192,10.344,0.523,0.138,0.541,0.415
17:46:41.942,0.600,-1.766,16.308,True,-1.711,13.358,0.917,-12.377,0.649,0.500,0.000,0.000,-1.766,16.308,16.403,0.790,0.131,0.800,0.685
17:46:41.963,0.621,-1.766,16.308,True,-1.710,13.854,1.074,-9.117,1.115,0.410,0.000,0.000,-1.766,16.308,16.403,0.983,0.124,0.991,0.696
17:46:41.984,0.641,-5.297,8.154,True,-2.527,12.389,-4.184,-19.562,0.488,0.642,0.000,0.000,-5.297,8.154,9.724,0.375,0.437,0.576,0.728
17:46:42.004,0.661,-1.766,12.231,True,-2.414,12.052,-1.996,-19.979,0.617,0.288,0.000,0.000,-1.766,12.231,12.358,0.323,0.330,0.462,0.445
17:46:42.024,0.681,-1.766,10.192,True,-2.294,11.313,-0.268,-22.873,0.263,0.348,0.000,0.000,-1.766,10.192,10.344,0.122,0.241,0.270,0.457
17:46:42.044,0.702,-5.297,14.269,True,-2.996,11.649,-4.350,-17.911,0.506,0.590,0.000,0.000,-5.297,14.269,15.221,0.374,0.492,0.618,0.766
17:46:42.064,0.722,-3.532,14.269,True,-3.187,11.983,-4.025,-14.131,1.006,0.387,0.000,0.000,-3.532,14.269,14.700,0.575,0.496,0.759,0.811
17:46:42.084,0.742,-5.297,14.269,True,-3.739,12.297,-6.105,-11.388,1.298,0.394,0.000,0.000,-5.297,14.269,15.221,0.727,0.643,0.971,0.516
17:46:42.105,0.763,-5.297,12.231,True,-4.195,12.107,-6.976,-12.635,0.811,1.112,0.000,0.000,-5.297,12.231,13.329,0.653,0.727,0.978,0.686
17:46:42.126,0.783,-5.297,14.269,True,-4.558,12.415,-6.952,-10.288,1.055,1.229,0.000,0.000,-5.297,14.269,15.221,0.787,0.763,1.096,0.718
17:46:42.146,0.803,-5.297,14.269,True,-4.837,12.688,-6.302,-8.760,0.906,1.302,0.000,0.000,-5.297,14.269,15.221,0.882,0.762,1.166,0.728
17:46:42.166,0.824,-5.297,8.154,True,-5.041,11.500,-5.247,-17.229,0.308,1.704,0.000,0.000,-5.297,8.154,9.724,0.390,0.736,0.832,0.761
17:46:42.189,0.847,-5.297,10.192,True,-5.181,10.932,-3.968,-19.501,0.172,1.563,0.000,0.000,-5.297,10.192,11.487,0.232,0.693,0.731,0.871
17:46:42.210,0.867,-5.297,10.192,True,-5.269,10.461,-2.601,-20.512,-0.215,1.084,0.000,0.000,-5.297,10.192,11.487,0.141,0.642,0.657,0.800
17:46:42.230,0.887,-5.297,8.154,True,-5.315,9.610,-1.247,-23.697,-0.699,1.128,0.000,0.000,-5.297,8.154,9.724,-0.085,0.587,0.593,0.785
17:46:42.250,0.908,-5.297,10.192,True,-5.330,9.381,0.024,-21.909,-0.709,0.791,0.000,0.000,-5.297,10.192,11.487,-0.029,0.532,0.533,0.487
17:46:42.271,0.928,-5.297,8.154,True,-5.322,8.760,1.167,-23.055,-0.799,0.647,0.000,0.000,-5.297,8.154,9.724,-0.142,0.481,0.501,0.507
17:46:42.294,0.952,-5.297,14.269,True,-5.299,9.686,2.157,-13.646,-0.380,0.559,0.000,0.000,-5.297,14.269,15.221,0.366,0.435,0.568,0.834
17:46:42.314,0.971,-5.297,12.231,True,-5.265,10.067,2.986,-10.095,-0.290,0.496,0.000,0.000,-5.297,12.231,13.329,0.561,0.395,0.686,0.433
17:46:42.334,0.992,-5.297,12.231,True,-5.227,10.415,3.656,-7.636,-0.261,0.379,0.000,0.000,-5.297,12.231,13.329,0.704,0.361,0.792,0.445
17:46:42.355,1.012,-5.297,10.192,True,-5.187,10.246,4.179,-9.190,-0.235,0.348,0.000,0.000,-5.297,10.192,11.487,0.619,0.334,0.703,0.483
17:46:42.375,1.033,-5.297,14.269,True,-5.149,11.040,4.570,-4.037,-0.004,0.359,0.000,0.000,-5.297,14.269,15.221,0.926,0.313,0.977,0.723
17:46:42.396,1.053,-5.297,12.231,True,-5.113,11.254,4.846,-3.997,-0.203,0.566,0.000,0.000,-5.297,12.231,13.329,0.949,0.297,0.995,0.439
17:46:42.416,1.074,-1.766,14.269,True,-4.261,11.893,10.421,-1.221,0.059,0.188,0.000,0.000,-1.766,14.269,14.378,1.135,-0.034,1.136,0.819
17:46:42.436,1.094,-1.766,12.231,True,-3.521,11.953,13.844,-3.001,-0.100,-0.038,0.000,0.000,-1.766,12.231,12.358,1.063,-0.259,1.094,0.713
17:46:42.457,1.114,-1.766,10.192,True,-2.901,11.498,15.570,-7.782,-0.401,-0.064,0.000,0.000,-1.766,10.192,10.344,0.806,-0.397,0.899,0.705
17:46:42.477,1.135,-1.766,16.308,True,-2.398,12.496,16.012,-1.856,-0.221,-0.300,0.000,0.000,-1.766,16.308,16.403,1.168,-0.467,1.258,1.008
17:46:42.498,1.155,-1.766,12.231,True,-2.005,12.406,15.529,-4.603,-0.422,-0.056,0.000,0.000,-1.766,12.231,12.358,1.037,-0.485,1.145,0.730
17:46:42.518,1.176,0.000,14.269,True,-1.301,12.768,17.121,-3.748,-0.281,-0.297,0.000,0.000,0.000,14.269,14.269,1.111,-0.626,1.275,0.900
17:46:42.539,1.196,-1.766,10.192,True,-1.146,12.112,14.603,-9.851,-0.562,-0.292,0.000,0.000,-1.766,10.192,10.344,0.776,-0.530,0.940,0.842
17:46:42.559,1.216,-1.766,12.231,True,-1.066,11.988,12.122,-10.964,-0.719,-0.273,0.000,0.000,-1.766,12.231,12.358,0.715,-0.428,0.833,0.691
17:46:42.579,1.237,0.000,10.192,True,-0.632,11.403,12.499,-14.841,-1.089,-0.408,0.000,0.000,0.000,10.192,10.192,0.485,-0.488,0.689,0.750
17:46:42.600,1.257,-1.766,10.192,True,-0.704,10.894,9.383,-17.233,-1.110,-0.294,0.000,0.000,-1.766,10.192,10.344,0.329,-0.344,0.476,0.821
17:46:42.620,1.277,-1.766,12.231,True,-0.806,10.940,6.768,-15.340,-1.284,-0.013,0.000,0.000,-1.766,12.231,12.358,0.417,-0.218,0.470,0.717
17:46:42.641,1.298,-1.766,12.231,True,-0.925,11.004,4.648,-13.757,-1.335,0.096,0.000,0.000,-1.766,12.231,12.358,0.493,-0.113,0.506,0.753
17:46:42.661,1.318,10.595,16.308,True,1.822,12.025,21.867,-6.251,-0.848,-0.925,0.000,0.000,10.595,16.308,19.447,0.927,-1.147,1.475,0.816
17:46:42.681,1.338,0.000,12.231,True,1.735,11.977,16.059,-7.649,-0.928,-0.696,0.000,0.000,0.000,12.231,12.231,0.860,-0.882,1.232,0.430
17:46:42.702,1.359,0.000,14.269,True,1.578,12.392,11.106,-5.682,-0.441,-0.423,0.000,0.000,0.000,14.269,14.269,0.988,-0.648,1.182,0.543
17:46:42.722,1.379,-1.766,14.269,True,0.972,12.741,4.329,-4.673,-0.250,-0.077,0.000,0.000,-1.766,14.269,14.378,1.068,-0.288,1.106,0.487
17:46:42.743,1.400,-1.766,16.308,True,0.402,13.498,-0.577,-1.277,-0.409,0.308,0.000,0.000,-1.766,16.308,16.403,1.293,-0.015,1.294,0.757
17:46:42.763,1.421,-1.766,14.269,True,-0.110,13.657,-3.901,-2.717,-0.612,0.385,0.000,0.000,-1.766,14.269,14.378,1.246,0.183,1.259,0.756
17:46:42.784,1.441,-1.766,16.308,True,-0.555,14.231,-5.933,-1.147,-0.499,0.416,0.000,0.000,-1.766,16.308,16.403,1.373,0.317,1.409,0.856
17:46:42.804,1.461,-1.766,16.308,True,-0.927,14.696,-6.950,-0.761,-0.177,0.599,0.000,0.000,-1.766,16.308,16.403,1.436,0.399,1.491,0.945
17:46:42.824,1.482,0.000,20.385,True,-0.819,16.006,-4.501,4.999,0.155,0.353,0.000,0.000,0.000,20.385,20.385,1.821,0.280,1.843,0.773
17:46:42.844,1.502,-1.766,26.500,True,-1.108,18.521,-5.233,17.130,0.889,0.669,0.000,0.000,-1.766,26.500,26.559,2.608,0.342,2.630,0.790
17:46:42.865,1.522,-3.532,20.385,True,-1.751,19.217,-8.073,14.094,0.874,1.026,0.000,0.000,-3.532,20.385,20.688,2.544,0.531,2.599,0.793
17:46:42.885,1.543,-3.532,20.385,True,-2.289,19.705,-9.454,10.221,0.777,1.269,0.000,0.000,-3.532,20.385,20.688,2.422,0.646,2.506,0.712
17:46:42.906,1.563,-3.532,22.423,True,-2.723,20.493,-9.735,9.085,1.001,1.167,0.000,0.000,-3.532,22.423,22.699,2.450,0.702,2.549,0.981
17:46:42.926,1.583,-3.532,22.423,True,-3.060,21.081,-9.231,6.720,1.074,1.027,0.000,0.000,-3.532,22.423,22.699,2.405,0.713,2.508,0.363
17:46:42.947,1.604,-3.532,24.462,True,-3.311,21.970,-8.203,6.737,1.163,0.922,0.000,0.000,-3.532,24.462,24.715,2.494,0.693,2.589,0.957
17:46:42.967,1.625,-3.532,24.462,True,-3.489,22.652,-6.865,5.212,1.137,0.993,0.000,0.000,-3.532,24.462,24.715,2.495,0.652,2.579,0.963
17:46:42.988,1.645,-3.532,26.500,True,-3.604,23.626,-5.382,5.803,1.305,1.001,0.000,0.000,-3.532,26.500,26.734,2.619,0.598,2.686,0.795
17:46:43.008,1.665,-5.297,28.538,True,-4.080,24.856,-6.575,7.747,1.610,1.091,0.000,0.000,-5.297,28.538,29.026,2.828,0.698,2.913,0.774
17:46:43.029,1.686,-5.297,28.538,True,-4.464,25.831,-6.799,7.324,1.780,1.092,0.000,0.000,-5.297,28.538,29.026,2.906,0.746,3.001,0.391
17:46:43.050,1.707,-5.297,28.538,True,-4.762,26.572,-6.331,5.264,1.692,1.273,0.000,0.000,-5.297,28.538,29.026,2.890,0.756,2.987,1.018
17:46:43.070,1.727,-3.532,30.577,True,-4.573,27.583,-2.706,5.282,1.938,1.084,0.000,0.000,-3.532,30.577,30.780,2.992,0.577,3.047,0.777
17:46:43.090,1.747,-3.532,30.577,True,-4.373,28.360,0.152,3.546,2.095,0.855,0.000,0.000,-3.532,30.577,30.780,2.993,0.431,3.023,0.513
17:46:43.110,1.768,-5.297,32.615,True,-4.585,29.403,-0.380,3.788,2.248,0.870,0.000,0.000,-5.297,32.615,33.043,3.108,0.475,3.144,0.741
17:46:43.131,1.788,-3.532,32.615,True,-4.346,30.208,2.217,2.193,2.305,0.697,0.000,0.000,-3.532,32.615,32.806,3.118,0.337,3.136,0.770
17:46:43.151,1.808,-5.297,32.615,True,-4.533,30.801,1.389,-0.602,2.279,0.749,0.000,0.000,-5.297,32.615,33.043,3.053,0.392,3.079,0.557
17:46:43.171,1.828,-3.532,34.654,True,-4.279,31.687,3.682,-0.973,2.409,0.572,0.000,0.000,-3.532,34.654,34.833,3.126,0.265,3.137,0.449
17:46:43.191,1.848,-5.297,32.615,True,-4.459,31.887,2.560,-5.947,2.214,0.631,0.000,0.000,-5.297,32.615,33.043,2.926,0.333,2.945,0.425
17:46:43.211,1.869,-3.532,34.654,True,-4.204,32.439,4.582,-7.553,2.242,0.510,0.000,0.000,-3.532,34.654,34.833,2.911,0.218,2.919,0.548
17:46:43.231,1.889,-3.532,34.654,True,-3.978,32.837,5.918,-9.919,2.200,0.399,0.000,0.000,-3.532,34.654,34.833,2.846,0.137,2.849,0.420
17:46:43.256,1.913,-1.766,34.654,True,-3.373,33.107,9.396,-12.690,2.193,0.019,0.000,0.000,-1.766,34.654,34.699,2.751,-0.077,2.752,0.758
17:46:43.276,1.934,-1.766,34.654,True,-2.855,33.272,11.404,-15.591,2.724,-0.016,0.000,0.000,-1.766,34.654,34.699,2.639,-0.218,2.648,0.812
17:46:43.297,1.954,-1.766,34.654,True,-2.427,33.353,12.272,-18.427,2.672,-0.053,0.000,0.000,-1.766,34.654,34.699,2.522,-0.299,2.540,0.745
17:46:43.317,1.974,-1.766,32.615,True,-2.085,32.899,12.293,-24.172,2.403,0.120,0.000,0.000,-1.766,32.615,32.663,2.223,-0.334,2.248,0.497
17:46:43.337,1.994,-1.766,34.654,True,-1.822,32.936,11.719,-25.322,2.261,0.043,0.000,0.000,-1.766,34.654,34.699,2.176,-0.335,2.202,0.481
17:46:43.358,2.015,-1.766,34.654,True,-1.629,32.946,10.759,-26.395,2.231,0.111,0.000,0.000,-1.766,34.654,34.699,2.130,-0.312,2.152,0.801
17:46:43.378,2.035,0.000,32.615,True,-1.085,32.464,12.277,-30.469,2.041,-0.038,0.000,0.000,0.000,32.615,32.615,1.902,-0.433,1.950,0.742
17:46:43.398,2.056,0.000,32.615,True,-0.645,32.031,12.669,-33.214,1.921,-0.164,0.000,0.000,0.000,32.615,32.615,1.737,-0.495,1.806,0.528
17:46:43.419,2.076,1.766,32.615,True,0.110,31.657,14.947,-34.877,1.790,-0.323,0.000,0.000,1.766,32.615,32.663,1.626,-0.671,1.759,0.613
17:46:43.439,2.097,0.000,24.462,True,0.314,29.450,12.945,-48.141,0.962,-0.306,0.000,0.000,0.000,24.462,24.462,0.820,-0.603,1.018,0.710
17:46:43.460,2.117,1.766,30.577,True,0.850,28.973,13.529,-46.635,0.869,-0.428,0.000,0.000,1.766,30.577,30.628,0.839,-0.682,1.081,0.760
17:46:43.480,2.137,1.766,32.615,True,1.270,29.103,13.113,-41.371,1.015,-0.526,0.000,0.000,1.766,32.615,32.663,1.084,-0.706,1.294,0.534
17:46:43.500,2.158,1.766,30.577,True,1.587,28.810,12.019,-40.084,0.923,-0.647,0.000,0.000,1.766,30.577,30.628,1.112,-0.689,1.308,0.574
17:46:43.520,2.178,1.766,28.538,True,1.813,28.132,10.509,-41.559,1.014,-0.463,0.000,0.000,1.766,28.538,28.593,0.979,-0.645,1.172,0.517
17:46:43.541,2.198,1.766,28.538,True,1.963,27.588,8.791,-41.679,1.018,-0.478,0.000,0.000,1.766,28.538,28.593,0.919,-0.584,1.089,0.491
17:46:43.565,2.222,1.766,32.615,True,2.052,28.116,7.020,-34.617,1.396,-0.052,0.000,0.000,1.766,32.615,32.663,1.284,-0.515,1.383,0.554
17:46:43.585,2.243,3.532,28.538,True,2.504,27.683,8.006,-35.552,1.259,0.128,0.000,0.000,3.532,28.538,28.756,1.199,-0.604,1.342,0.561
17:46:43.607,2.264,3.532,26.500,True,2.866,26.862,8.091,-38.736,1.235,0.018,0.000,0.000,3.532,26.500,26.734,0.976,-0.644,1.170,0.569
17:46:43.628,2.285,3.532,28.538,True,3.145,26.657,7.538,-36.999,1.363,0.031,0.000,0.000,3.532,28.538,28.756,1.033,-0.647,1.219,0.852
17:46:43.648,2.305,3.532,26.500,True,3.350,26.052,6.570,-38.230,1.145,0.055,0.000,0.000,3.532,26.500,26.734,0.918,-0.625,1.110,0.765
17:46:43.673,2.330,5.297,24.462,True,3.903,25.096,8.059,-41.378,0.829,-0.142,0.000,0.000,5.297,24.462,25.029,0.683,-0.746,1.012,0.664
17:46:43.693,2.351,5.297,24.462,True,4.351,24.313,8.408,-42.486,0.748,-0.244,0.000,0.000,5.297,24.462,25.029,0.556,-0.806,0.979,0.769
17:46:43.714,2.371,5.297,22.423,True,4.700,23.222,7.940,-45.217,0.519,-0.279,0.000,0.000,5.297,22.423,23.040,0.326,-0.820,0.883,0.740
17:46:43.734,2.391,5.297,16.308,True,4.961,20.921,6.925,-55.065,-0.146,-0.256,0.000,0.000,5.297,16.308,17.147,-0.338,-0.802,0.870,0.524
17:46:43.755,2.412,5.297,22.423,True,5.145,20.425,5.580,-50.395,0.010,-0.159,0.000,0.000,5.297,22.423,23.040,-0.182,-0.761,0.782,0.864
17:46:43.780,2.437,5.297,22.423,True,5.266,20.115,4.079,-45.430,0.264,-0.006,0.000,0.000,5.297,22.423,23.040,0.006,-0.707,0.707,1.198
17:46:43.800,2.457,0.000,16.308,True,4.105,18.533,-5.540,-49.870,0.116,0.175,0.000,0.000,0.000,16.308,16.308,-0.348,-0.166,0.385,0.901
17:46:43.820,2.477,3.532,10.192,True,3.887,15.830,-6.588,-60.370,-0.660,0.233,0.000,0.000,3.532,10.192,10.787,-1.082,-0.098,1.086,0.932
17:46:43.840,2.497,5.297,14.269,True,4.114,14.540,-4.434,-58.686,-0.675,0.179,0.000,0.000,5.297,14.269,15.221,-1.136,-0.216,1.157,0.892
17:46:43.860,2.518,17.658,26.500,True,7.192,16.418,15.943,-36.295,0.546,-1.006,0.000,0.000,17.658,26.500,31.844,0.040,-1.423,1.423,0.715
17:46:43.881,2.538,3.532,8.154,True,6.587,13.941,6.942,-47.888,-0.056,-0.697,0.000,0.000,3.532,8.154,8.886,-0.720,-0.965,1.204,0.681
17:46:43.901,2.559,1.766,10.192,True,5.573,12.335,-2.615,-50.671,-0.679,-0.263,0.000,0.000,1.766,10.192,10.344,-1.003,-0.442,1.096,0.993
17:46:43.922,2.579,17.658,24.462,True,8.341,14.374,15.013,-28.543,0.271,-0.845,0.000,0.000,17.658,24.462,30.169,0.178,-1.497,1.507,1.014
17:46:43.942,2.599,7.063,20.385,True,8.274,15.332,9.528,-18.857,0.479,-0.974,0.000,0.000,7.063,20.385,21.574,0.701,-1.248,1.431,1.062
17:46:43.963,2.620,7.063,18.346,True,8.139,15.743,4.823,-15.118,0.991,-0.927,0.000,0.000,7.063,18.346,19.659,0.907,-1.027,1.370,1.133
17:46:43.983,2.641,7.063,18.346,True,7.963,16.116,0.923,-12.544,0.931,-0.963,0.000,0.000,7.063,18.346,19.659,1.058,-0.837,1.349,1.214
17:46:44.007,2.664,7.063,18.346,True,7.982,15.865,-0.797,-14.718,0.582,-0.776,0.000,0.000,7.063,18.346,19.659,0.937,-0.763,1.208,0.741
17:46:44.034,2.691,7.063,16.308,True,7.711,15.778,-3.993,-15.312,0.523,-0.468,0.000,0.000,7.063,16.308,17.772,0.902,-0.595,1.080,1.245
17:46:44.054,2.711,3.532,8.154,True,6.538,13.519,-12.120,-29.490,-0.403,-0.141,0.000,0.000,3.532,8.154,8.886,0.050,-0.119,0.129,1.115
17:46:44.074,2.732,5.297,16.308,True,6.040,13.794,-13.968,-24.161,-0.060,-0.292,0.000,0.000,5.297,16.308,17.147,0.313,0.013,0.313,0.827
17:46:44.095,2.752,5.297,14.269,True,5.646,13.548,-14.665,-23.307,0.059,-0.247,0.000,0.000,5.297,14.269,15.221,0.326,0.083,0.336,0.996
17:46:44.116,2.774,5.297,16.308,True,5.339,13.863,-14.580,-19.026,0.200,-0.352,0.000,0.000,5.297,16.308,17.147,0.546,0.110,0.557,0.646
17:46:44.137,2.794,5.297,16.308,True,5.107,14.156,-13.975,-15.852,0.212,-0.179,0.000,0.000,5.297,16.308,17.147,0.716,0.106,0.724,0.765
17:46:44.157,2.814,7.063,10.192,True,5.354,12.979,-10.367,-22.850,-0.108,-0.452,0.000,0.000,7.063,10.192,12.401,0.289,-0.078,0.300,0.838
17:46:44.177,2.835,5.297,16.308,True,5.182,13.408,-10.299,-17.707,0.113,-0.403,0.000,0.000,5.297,16.308,17.147,0.559,-0.064,0.563,0.816
17:46:44.198,2.855,5.297,16.308,True,5.051,13.812,-9.943,-13.916,0.329,-0.388,0.000,0.000,5.297,16.308,17.147,0.767,-0.066,0.770,0.807
17:46:44.225,2.882,5.297,16.308,True,4.956,14.179,-9.402,-11.272,0.567,-0.319,0.000,0.000,5.297,16.308,17.147,0.920,-0.081,0.924,0.704
17:46:44.245,2.903,5.297,16.308,True,4.768,13.954,-9.567,-13.163,0.529,-0.225,0.000,0.000,5.297,16.308,17.147,0.814,-0.054,0.816,0.758
17:46:44.266,2.923,5.297,16.308,True,4.780,14.428,-8.379,-10.116,0.662,-0.219,0.000,0.000,5.297,16.308,17.147,0.996,-0.108,1.002,0.903
17:46:44.286,2.944,3.532,14.269,True,4.324,14.238,-10.422,-12.091,0.623,-0.141,0.000,0.000,3.532,14.269,14.700,0.890,0.028,0.891,0.701
17:46:44.307,2.964,3.532,16.308,True,3.966,14.587,-11.306,-10.195,0.778,0.028,0.000,0.000,3.532,16.308,16.686,1.009,0.102,1.014,0.986
17:46:44.330,2.987,5.297,14.269,True,4.126,14.355,-8.658,-12.446,0.785,-0.079,0.000,0.000,5.297,14.269,15.221,0.886,-0.030,0.887,0.673
17:46:44.351,3.008,5.297,16.308,True,4.279,14.640,-6.652,-10.880,0.863,-0.195,0.000,0.000,5.297,16.308,17.147,0.984,-0.134,0.993,1.025
17:46:44.371,3.028,5.297,10.192,True,4.420,13.413,-5.172,-19.351,0.359,-0.270,0.000,0.000,5.297,10.192,11.487,0.487,-0.214,0.532,0.577
17:46:44.391,3.049,5.297,14.269,True,4.548,13.320,-4.121,-18.464,0.439,-0.297,0.000,0.000,5.297,14.269,15.221,0.517,-0.273,0.585,0.630
17:46:44.412,3.070,5.297,16.308,True,4.661,13.737,-3.419,-14.427,0.588,-0.303,0.000,0.000,5.297,16.308,17.147,0.737,-0.315,0.801,1.038
17:46:44.432,3.090,5.297,14.269,True,4.757,13.640,-2.994,-14.693,0.425,-0.261,0.000,0.000,5.297,14.269,15.221,0.715,-0.344,0.794,0.922
17:46:44.453,3.110,5.297,16.308,True,4.837,14.035,-2.785,-11.651,0.713,-0.534,0.000,0.000,5.297,16.308,17.147,0.889,-0.361,0.960,0.606
17:46:44.473,3.130,5.297,16.308,True,4.901,14.385,-2.738,-9.655,0.879,-0.331,0.000,0.000,5.297,16.308,17.147,1.012,-0.369,1.078,0.857
17:46:44.494,3.151,5.297,16.308,True,4.951,14.684,-2.807,-8.501,1.305,-0.429,0.000,0.000,5.297,16.308,17.147,1.093,-0.371,1.154,0.921
17:46:44.514,3.171,5.297,20.385,True,4.989,15.878,-2.954,-1.764,1.953,0.173,0.000,0.000,5.297,20.385,21.062,1.510,-0.368,1.554,0.662
17:46:44.534,3.191,7.063,16.308,True,5.426,15.951,-0.444,-4.155,1.812,0.002,0.000,0.000,7.063,16.308,17.772,1.412,-0.523,1.505,0.658
17:46:44.556,3.213,5.297,18.346,True,5.389,16.444,-1.701,-3.260,2.191,0.416,0.000,0.000,5.297,18.346,19.096,1.501,-0.464,1.571,0.700
17:46:44.576,3.234,5.297,16.308,True,5.342,16.363,-2.742,-6.452,2.018,0.427,0.000,0.000,5.297,16.308,17.147,1.351,-0.413,1.413,0.804
17:46:44.597,3.254,7.063,16.308,True,5.700,16.251,-0.871,-9.116,1.965,0.082,0.000,0.000,7.063,16.308,17.772,1.223,-0.532,1.333,0.905
17:46:44.617,3.274,7.063,18.346,True,6.004,16.598,0.151,-8.141,2.062,-0.023,0.000,0.000,7.063,18.346,19.659,1.300,-0.607,1.435,0.736
17:46:44.637,3.295,7.063,18.346,True,6.252,16.880,0.520,-7.889,2.077,0.000,0.000,0.000,7.063,18.346,19.659,1.340,-0.648,1.488,0.572
17:46:44.658,3.315,5.297,18.346,True,6.038,17.100,-2.288,-8.158,2.046,-0.023,0.000,0.000,5.297,18.346,19.096,1.350,-0.503,1.440,0.734
17:46:44.679,3.336,5.297,12.231,True,5.831,15.842,-4.384,-18.127,1.458,0.069,0.000,0.000,5.297,12.231,13.329,0.784,-0.390,0.876,0.830
17:46:44.699,3.356,5.297,18.346,True,5.640,16.146,-5.866,-15.356,1.718,0.161,0.000,0.000,5.297,18.346,19.096,0.937,-0.305,0.985,1.017
17:46:44.719,3.376,5.297,12.231,True,5.470,15.000,-6.836,-22.795,1.158,0.078,0.000,0.000,5.297,12.231,13.329,0.494,-0.245,0.551,0.653
17:46:44.740,3.397,5.297,18.346,True,5.325,15.428,-7.395,-18.002,1.337,-0.116,0.000,0.000,5.297,18.346,19.096,0.748,-0.206,0.776,0.807
17:46:44.760,3.417,5.297,16.308,True,5.205,15.356,-7.635,-17.645,1.342,-0.089,0.000,0.000,5.297,16.308,17.147,0.757,-0.184,0.779,0.777
17:46:44.780,3.437,5.297,16.308,True,5.109,15.306,-7.637,-17.208,1.374,-0.083,0.000,0.000,5.297,16.308,17.147,0.771,-0.174,0.790,0.768
17:46:44.801,3.458,5.297,16.308,True,5.036,15.275,-7.474,-16.737,1.400,-0.165,0.000,0.000,5.297,16.308,17.147,0.789,-0.174,0.808,1.137
17:46:44.821,3.479,5.297,16.308,True,4.982,15.258,-7.203,-16.269,1.389,-0.145,0.000,0.000,5.297,16.308,17.147,0.808,-0.180,0.828,1.110
17:46:44.842,3.499,5.297,16.308,True,4.945,15.252,-6.871,-15.828,1.397,-0.193,0.000,0.000,5.297,16.308,17.147,0.827,-0.191,0.848,1.128
17:46:44.862,3.519,5.297,14.269,True,4.921,14.781,-6.515,-18.544,1.175,-0.215,0.000,0.000,5.297,14.269,15.221,0.660,-0.205,0.691,0.980
17:46:44.886,3.543,5.297,14.269,True,4.791,14.410,-6.935,-19.899,1.051,-0.217,0.000,0.000,5.297,14.269,15.221,0.563,-0.173,0.589,0.953
17:46:44.908,3.566,5.297,14.269,True,4.834,14.084,-6.127,-20.591,0.977,-0.224,0.000,0.000,5.297,14.269,15.221,0.500,-0.213,0.543,1.200
17:46:44.928,3.586,5.297,14.269,True,4.868,13.832,-5.577,-20.612,0.927,-0.291,0.000,0.000,5.297,14.269,15.221,0.473,-0.241,0.531,1.045
17:46:44.949,3.606,5.297,14.269,True,4.895,13.637,-5.202,-20.219,0.908,-0.313,0.000,0.000,5.297,14.269,15.221,0.471,-0.260,0.538,1.269
17:46:44.969,3.626,5.297,14.269,True,4.916,13.489,-4.944,-19.568,0.922,-0.344,0.000,0.000,5.297,14.269,15.221,0.485,-0.273,0.557,0.704
17:46:44.995,3.653,5.297,18.346,True,4.934,14.369,-4.769,-12.511,1.311,-0.382,0.000,0.000,5.297,18.346,19.096,0.885,-0.283,0.929,0.601
17:46:45.016,3.674,5.297,14.269,True,4.948,14.154,-4.652,-14.100,1.218,-0.376,0.000,0.000,5.297,14.269,15.221,0.793,-0.289,0.844,0.986
17:46:45.036,3.694,3.532,14.269,True,4.543,13.966,-7.252,-15.128,1.117,-0.226,0.000,0.000,3.532,14.269,14.700,0.729,-0.134,0.741,0.699
17:46:45.057,3.714,5.297,12.231,True,4.608,13.328,-6.164,-18.797,0.875,-0.310,0.000,0.000,5.297,12.231,13.329,0.503,-0.189,0.537,0.632
17:46:45.077,3.735,5.297,14.269,True,4.674,13.259,-5.319,-17.831,0.907,-0.327,0.000,0.000,5.297,14.269,15.221,0.539,-0.233,0.587,0.534
17:46:45.099,3.756,3.532,14.269,True,4.327,13.220,-7.374,-16.859,0.917,-0.193,0.000,0.000,3.532,14.269,14.700,0.578,-0.107,0.588,0.825
17:46:45.119,3.777,5.297,12.231,True,4.439,12.732,-5.889,-19.041,0.721,-0.286,0.000,0.000,5.297,12.231,13.329,0.433,-0.184,0.470,0.734
17:46:45.140,3.797,3.532,12.231,True,4.138,12.323,-7.474,-20.114,0.631,-0.187,0.000,0.000,3.532,12.231,12.730,0.344,-0.084,0.355,0.817
17:46:45.160,3.817,3.532,14.269,True,3.882,12.466,-8.345,-17.230,0.771,-0.160,0.000,0.000,3.532,14.269,14.700,0.486,-0.020,0.487,0.829
17:46:45.180,3.838,3.532,14.269,True,3.673,12.621,-8.667,-14.941,0.878,-0.120,0.000,0.000,3.532,14.269,14.700,0.603,0.015,0.603,0.602
17:46:45.201,3.858,3.532,14.269,True,3.507,12.775,-8.586,-13.198,0.949,-0.119,0.000,0.000,3.532,14.269,14.700,0.695,0.028,0.696,0.819
17:46:45.223,3.880,3.532,14.269,True,3.381,12.920,-8.227,-11.933,1.023,-0.129,0.000,0.000,3.532,14.269,14.700,0.765,0.025,0.766,0.845
17:46:45.243,3.901,3.532,12.231,True,3.290,12.576,-7.693,-14.195,0.877,-0.143,0.000,0.000,3.532,12.231,12.730,0.631,0.011,0.631,0.587
17:46:45.263,3.920,15.892,18.346,True,6.103,13.700,11.855,-6.225,1.333,-1.276,0.000,0.000,15.892,18.346,24.272,1.095,-1.134,1.576,0.450
17:46:45.284,3.941,3.532,14.269,True,5.687,13.737,5.229,-7.414,1.201,-0.861,0.000,0.000,3.532,14.269,14.700,1.046,-0.799,1.317,0.854
17:46:45.304,3.961,3.532,14.269,True,5.266,13.747,0.130,-8.524,1.127,-0.543,0.000,0.000,3.532,14.269,14.700,0.998,-0.532,1.132,0.525
17:46:45.324,3.982,3.532,18.346,True,4.865,14.686,-3.619,-3.283,1.672,-0.608,0.000,0.000,3.532,18.346,18.683,1.324,-0.327,1.363,0.757
17:46:45.345,4.002,3.532,14.269,True,4.499,14.538,-6.217,-6.538,1.361,-0.441,0.000,0.000,3.532,14.269,14.700,1.165,-0.176,1.178,0.631
17:46:45.365,4.023,3.532,12.231,True,4.179,13.902,-7.866,-12.259,1.078,-0.306,0.000,0.000,3.532,12.231,12.730,0.849,-0.071,0.852,1.326
17:46:45.385,4.042,3.532,12.231,True,3.908,13.325,-8.760,-16.182,1.125,0.156,0.000,0.000,3.532,12.231,12.730,0.618,-0.004,0.618,0.567
17:46:45.405,4.063,3.532,14.269,True,3.686,13.296,-9.075,-15.515,1.374,0.233,0.000,0.000,3.532,14.269,14.700,0.645,0.032,0.646,0.644
17:46:45.427,4.085,3.532,14.269,True,3.511,13.284,-8.967,-14.880,1.225,-0.029,0.000,0.000,3.532,14.269,14.700,0.672,0.045,0.673,0.716
17:46:45.448,4.105,1.766,12.231,True,2.968,12.811,-11.266,-17.414,1.019,0.158,0.000,0.000,1.766,12.231,12.358,0.512,0.201,0.550,0.836
17:46:45.469,4.126,3.532,14.269,True,2.926,12.882,-9.649,-15.708,1.070,0.143,0.000,0.000,3.532,14.269,14.700,0.595,0.133,0.610,0.832
17:46:45.489,4.147,1.766,12.231,True,2.508,12.490,-10.851,-17.445,0.884,0.176,0.000,0.000,1.766,12.231,12.358,0.479,0.228,0.531,0.891
17:46:45.510,4.167,3.532,12.231,True,2.579,12.162,-8.488,-18.292,0.793,0.009,0.000,0.000,3.532,12.231,12.730,0.409,0.117,0.425,0.753
17:46:45.533,4.190,3.532,12.231,True,2.670,11.897,-6.534,-18.468,0.762,-0.064,0.000,0.000,3.532,12.231,12.730,0.375,0.021,0.375,0.578
17:46:45.554,4.211,3.532,18.346,True,2.770,13.112,-4.975,-8.825,1.323,-0.145,0.000,0.000,3.532,18.346,18.683,0.922,-0.057,0.923,1.119
17:46:45.574,4.231,1.766,14.269,True,2.460,13.245,-6.475,-8.681,1.329,-0.044,0.000,0.000,1.766,14.269,14.378,0.941,0.040,0.942,0.676
17:46:45.595,4.252,3.532,18.346,True,2.610,14.297,-4.559,-2.560,1.674,-0.112,0.000,0.000,3.532,18.346,18.683,1.317,-0.060,1.318,0.742
17:46:45.615,4.273,3.532,18.346,True,2.754,15.198,-3.135,0.997,1.859,-0.199,0.000,0.000,3.532,18.346,18.683,1.564,-0.137,1.570,0.840
17:46:45.635,4.293,1.766,12.231,True,2.476,14.524,-4.830,-6.779,1.546,-0.257,0.000,0.000,1.766,12.231,12.358,1.153,-0.034,1.154,0.474
17:46:45.660,4.317,5.297,12.231,True,3.058,13.887,-0.445,-12.444,1.245,-0.578,0.000,0.000,5.297,12.231,13.329,0.839,-0.286,0.887,1.062
17:46:45.680,4.337,3.532,18.346,True,3.161,14.732,-0.295,-6.979,1.748,-0.534,0.000,0.000,3.532,18.346,18.683,1.165,-0.303,1.204,0.903
17:46:45.700,4.357,3.532,18.346,True,3.242,15.465,-0.342,-3.641,1.829,-0.582,0.000,0.000,3.532,18.346,18.683,1.386,-0.309,1.420,0.661
17:46:45.720,4.377,8.829,16.308,True,4.535,15.605,7.565,-5.089,1.754,-1.277,0.000,0.000,8.829,16.308,18.544,1.336,-0.787,1.551,0.763
17:46:45.740,4.398,3.532,12.231,True,4.418,14.743,4.183,-12.831,1.120,-0.914,0.000,0.000,3.532,12.231,12.730,0.908,-0.626,1.103,0.740
17:46:45.760,4.418,3.532,12.231,True,4.276,13.962,1.415,-18.140,0.761,-0.790,0.000,0.000,3.532,12.231,12.730,0.596,-0.490,0.771,0.589
17:46:45.781,4.438,3.532,12.231,True,4.125,13.281,-0.773,-21.454,0.613,-0.588,0.000,0.000,3.532,12.231,12.730,0.381,-0.378,0.537,0.471
17:46:45.801,4.459,1.766,12.231,True,3.565,12.708,-5.130,-23.186,0.518,-0.179,0.000,0.000,1.766,12.231,12.358,0.247,-0.130,0.280,0.631
17:46:45.821,4.479,3.532,12.231,True,3.479,12.241,-5.291,-23.715,0.673,-0.166,0.000,0.000,3.532,12.231,12.730,0.177,-0.114,0.211,0.499
17:46:45.842,4.499,1.766,12.231,True,2.999,11.875,-7.980,-23.371,0.630,-0.002,0.000,0.000,1.766,12.231,12.358,0.156,0.052,0.164,0.739
17:46:45.863,4.520,1.766,12.231,True,2.590,11.598,-9.513,-22.433,0.825,0.137,0.000,0.000,1.766,12.231,12.358,0.170,0.161,0.234,0.749
17:46:45.883,4.540,1.766,10.192,True,2.253,10.927,-10.151,-24.244,0.645,0.249,0.000,0.000,1.766,10.192,10.344,0.023,0.223,0.224,0.722
17:46:45.903,4.560,1.766,16.308,True,1.984,11.805,-10.127,-15.333,1.177,0.279,0.000,0.000,1.766,16.308,16.403,0.504,0.249,0.562,0.797
17:46:45.923,4.580,1.766,10.192,True,1.778,11.195,-9.639,-18.363,0.991,0.263,0.000,0.000,1.766,10.192,10.344,0.309,0.248,0.396,0.577
17:46:45.944,4.601,1.766,10.192,True,1.627,10.680,-8.854,-19.968,0.777,0.202,0.000,0.000,1.766,10.192,10.344,0.187,0.228,0.295,0.748
17:46:45.968,4.625,1.766,16.308,True,1.523,11.681,-7.903,-11.148,1.185,0.158,0.000,0.000,1.766,16.308,16.403,0.676,0.196,0.704,0.385
17:46:45.989,4.646,-1.766,14.269,True,0.638,12.111,-12.281,-8.244,1.388,0.458,0.000,0.000,-1.766,14.269,14.378,0.847,0.478,0.973,0.548
17:46:46.009,4.666,0.000,14.269,True,0.301,12.486,-11.897,-6.437,1.490,0.469,0.000,0.000,0.000,14.269,14.269,0.964,0.495,1.084,0.936
17:46:46.029,4.687,-1.766,14.269,True,-0.362,12.801,-13.673,-5.498,1.526,0.607,0.000,0.000,-1.766,14.269,14.378,1.037,0.640,1.219,0.898
17:46:46.049,4.707,-1.766,14.269,True,-0.898,13.058,-14.085,-5.220,1.544,0.568,0.000,0.000,-1.766,14.269,14.378,1.075,0.711,1.289,0.464
17:46:46.070,4.727,-1.766,14.269,True,-1.316,13.259,-13.518,-5.421,1.332,0.690,0.000,0.000,-1.766,14.269,14.378,1.087,0.728,1.308,0.416
17:46:46.093,4.751,-1.766,12.231,True,-1.628,12.937,-12.296,-9.058,1.152,0.843,0.000,0.000,-1.766,12.231,12.358,0.894,0.706,1.139,0.681
17:46:46.114,4.771,-1.766,10.192,True,-1.849,12.160,-10.682,-14.810,0.676,1.167,0.000,0.000,-1.766,10.192,10.344,0.562,0.656,0.864,0.657
17:46:46.135,4.792,-1.766,10.192,True,-1.993,11.476,-8.880,-18.519,0.435,1.482,0.000,0.000,-1.766,10.192,10.344,0.330,0.591,0.677,0.978
17:46:46.155,4.812,-1.766,14.269,True,-2.077,11.840,-7.047,-14.365,0.861,1.048,0.000,0.000,-1.766,14.269,14.378,0.550,0.519,0.756,0.945
17:46:46.175,4.833,-1.766,10.192,True,-2.113,11.237,-5.291,-17.573,0.478,1.011,0.000,0.000,-1.766,10.192,10.344,0.348,0.445,0.565,0.742
17:46:46.198,4.856,-1.766,10.192,True,-2.113,10.724,-3.685,-19.347,0.326,1.010,0.000,0.000,-1.766,10.192,10.344,0.218,0.374,0.433,1.051
17:46:46.218,4.876,-1.766,12.231,True,-2.089,10.777,-2.273,-16.905,0.446,0.934,0.000,0.000,-1.766,12.231,12.358,0.332,0.309,0.453,0.836
17:46:46.239,4.896,-1.766,8.154,True,-2.049,9.908,-1.074,-21.076,0.170,0.939,0.000,0.000,-1.766,8.154,8.343,0.061,0.252,0.259,0.844
17:46:46.259,4.917,-1.766,12.231,True,-2.000,10.124,-0.091,-17.010,0.398,0.864,0.000,0.000,-1.766,12.231,12.358,0.262,0.204,0.332,0.672
17:46:46.280,4.937,-256.044,201.808,False,-2.002,9.784,0.328,-17.548,0.398,0.864,0.000,0.000,-256.044,201.808,326.014,0.000,0.000,0.000,0.596
17:46:46.303,4.960,-1.766,8.154,True,-1.930,9.072,1.161,-20.393,0.076,0.768,0.000,0.000,-1.766,8.154,8.343,0.007,0.142,0.142,0.825
17:46:46.323,4.980,-1.766,12.231,True,-1.869,9.616,1.690,-14.402,0.403,0.705,0.000,0.000,-1.766,12.231,12.358,0.326,0.112,0.345,0.552
17:46:46.344,5.001,-1.766,14.269,True,-1.818,10.592,2.033,-7.127,0.803,0.645,0.000,0.000,-1.766,14.269,14.378,0.745,0.092,0.750,0.883
17:46:46.363,5.021,-1.766,12.231,True,-1.774,10.891,2.240,-5.875,0.828,0.656,0.000,0.000,-1.766,12.231,12.358,0.830,0.079,0.833,0.599
17:46:46.384,5.041,-1.766,12.231,True,-1.738,11.126,2.346,-5.344,0.886,0.715,0.000,0.000,-1.766,12.231,12.358,0.877,0.070,0.880,0.948
17:46:46.404,5.061,-1.766,12.231,True,-1.709,11.308,2.377,-5.302,0.946,0.697,0.000,0.000,-1.766,12.231,12.358,0.897,0.066,0.899,0.493
17:46:46.424,5.082,-1.766,12.231,True,-1.686,11.444,2.354,-5.585,0.965,0.651,0.000,0.000,-1.766,12.231,12.358,0.898,0.065,0.900,0.580
17:46:46.444,5.102,-1.766,12.231,True,-1.669,11.543,2.295,-6.069,0.932,0.654,0.000,0.000,-1.766,12.231,12.358,0.886,0.066,0.889,0.634
17:46:46.465,5.122,-1.766,12.231,True,-1.656,11.610,2.213,-6.661,0.912,0.630,0.000,0.000,-1.766,12.231,12.358,0.867,0.068,0.870,0.772
17:46:46.485,5.143,-1.766,12.231,True,-1.648,11.652,2.118,-7.296,0.876,0.594,0.000,0.000,-1.766,12.231,12.358,0.843,0.071,0.846,0.842
17:46:46.505,5.163,-1.766,12.231,True,-1.643,11.675,2.020,-7.924,0.836,0.531,0.000,0.000,-1.766,12.231,12.358,0.818,0.075,0.821,0.620
17:46:46.526,5.183,0.000,6.115,True,-1.230,10.261,4.621,-17.853,0.273,0.337,0.000,0.000,0.000,6.115,6.115,0.238,-0.081,0.252,0.706
17:46:46.546,5.204,0.000,12.231,True,-0.873,10.445,6.195,-14.784,0.434,0.202,0.000,0.000,0.000,12.231,12.231,0.392,-0.186,0.434,0.726
17:46:46.566,5.224,1.766,4.077,True,-0.165,8.738,9.662,-24.884,-0.479,-0.004,0.000,0.000,1.766,4.077,4.443,-0.225,-0.410,0.467,0.682
17:46:46.587,5.244,1.766,10.192,True,0.432,8.694,11.480,-21.433,-0.524,-0.131,0.000,0.000,1.766,10.192,10.344,-0.077,-0.550,0.555,0.640
17:46:46.609,5.266,1.766,10.192,True,0.919,8.713,12.041,-18.325,-0.304,-0.594,0.000,0.000,1.766,10.192,10.344,0.063,-0.623,0.626,0.394
17:46:46.630,5.287,1.766,8.154,True,1.301,8.302,11.688,-18.749,-0.332,-0.680,0.000,0.000,1.766,8.154,8.343,0.003,-0.646,0.646,0.828
17:46:46.650,5.308,1.766,10.192,True,1.588,8.454,10.715,-15.287,-0.320,-0.619,0.000,0.000,1.766,10.192,10.344,0.171,-0.632,0.654,0.569
17:46:46.671,5.328,1.766,6.115,True,1.794,7.675,9.361,-18.748,-0.729,-0.708,0.000,0.000,1.766,6.115,6.365,-0.060,-0.593,0.596,0.504
17:46:46.692,5.349,1.766,8.154,True,1.931,7.499,7.814,-17.320,-0.784,-0.495,0.000,0.000,1.766,8.154,8.343,-0.015,-0.538,0.538,0.763
17:46:46.712,5.370,1.766,6.115,True,2.013,6.911,6.217,-18.876,-0.936,-0.501,0.000,0.000,1.766,6.115,6.365,-0.142,-0.476,0.496,0.829
17:46:46.733,5.390,1.766,8.154,True,2.051,6.910,4.673,-16.108,-0.850,-0.622,0.000,0.000,1.766,8.154,8.343,-0.020,-0.411,0.412,0.576
17:46:46.753,5.410,1.766,8.154,True,2.056,6.952,3.250,-13.674,-0.885,-0.822,0.000,0.000,1.766,8.154,8.343,0.092,-0.349,0.361,0.718
17:46:46.773,5.430,3.532,8.154,True,2.449,7.022,4.687,-11.609,-0.734,-0.929,0.000,0.000,3.532,8.154,8.886,0.190,-0.452,0.490,0.503
17:46:46.794,5.451,1.766,8.154,True,2.362,7.107,2.572,-9.915,-0.373,-0.948,0.000,0.000,1.766,8.154,8.343,0.273,-0.350,0.444,0.946
17:46:46.814,5.471,1.766,10.192,True,2.263,7.671,0.864,-5.460,-0.042,-1.002,0.000,0.000,1.766,10.192,10.344,0.526,-0.264,0.589,0.428
17:46:46.836,5.493,1.766,12.231,True,2.161,8.647,-0.465,0.590,0.477,-0.915,0.000,0.000,1.766,12.231,12.358,0.891,-0.196,0.912,0.876
17:46:46.856,5.513,1.766,10.192,True,2.062,9.015,-1.456,1.102,0.493,-0.816,0.000,0.000,1.766,10.192,10.344,0.950,-0.142,0.961,0.525
17:46:46.876,5.533,1.766,12.231,True,1.971,9.779,-2.155,4.027,0.697,-0.791,0.000,0.000,1.766,12.231,12.358,1.156,-0.102,1.160,0.386
17:46:46.897,5.554,1.766,8.154,True,1.890,9.463,-2.612,-0.953,0.417,-0.821,0.000,0.000,1.766,8.154,8.343,0.904,-0.074,0.907,0.796
17:46:46.917,5.574,1.766,12.231,True,1.821,10.092,-2.873,1.445,0.657,-0.741,0.000,0.000,1.766,12.231,12.358,1.073,-0.055,1.074,0.477
17:46:46.937,5.595,1.766,12.231,True,1.764,10.611,-2.983,2.463,0.843,-0.486,0.000,0.000,1.766,12.231,12.358,1.170,-0.045,1.171,0.531
17:46:46.959,5.616,1.766,14.269,True,1.719,11.499,-2.982,5.571,1.348,-0.448,0.000,0.000,1.766,14.269,14.378,1.396,-0.040,1.396,0.778
17:46:46.979,5.636,1.766,14.269,True,1.684,12.228,-2.901,6.764,1.818,-0.625,0.000,0.000,1.766,14.269,14.378,1.521,-0.040,1.522,0.409
17:46:47.000,5.657,1.766,14.269,True,1.658,12.806,-2.770,6.549,1.567,-0.643,0.000,0.000,1.766,14.269,14.378,1.570,-0.044,1.570,0.862
17:46:47.020,5.677,0.000,16.308,True,1.231,13.720,-5.308,8.472,1.803,-0.550,0.000,0.000,0.000,16.308,16.308,1.746,0.111,1.749,0.882
17:46:47.042,5.699,-1.766,10.192,True,0.453,13.031,-9.493,-0.761,1.430,0.023,0.000,0.000,-1.766,10.192,10.344,1.269,0.374,1.323,0.409
17:46:47.063,5.720,-1.766,10.192,True,-0.208,12.359,-11.824,-7.681,1.137,0.169,0.000,0.000,-1.766,10.192,10.344,0.897,0.543,1.048,0.761
17:46:47.083,5.741,0.000,16.308,True,-0.341,13.159,-10.029,-3.259,1.347,0.116,0.000,0.000,0.000,16.308,16.308,1.172,0.477,1.265,1.048
17:46:47.103,5.761,0.000,16.308,True,-0.416,13.840,-8.222,-0.759,1.350,-0.113,0.000,0.000,0.000,16.308,16.308,1.351,0.405,1.410,0.756
17:46:47.124,5.781,0.000,12.231,True,-0.446,13.455,-6.504,-5.969,1.124,-0.237,0.000,0.000,0.000,12.231,12.231,1.082,0.332,1.132,0.732
17:46:47.145,5.802,-1.766,12.231,True,-0.852,13.079,-7.640,-9.879,0.923,-0.103,0.000,0.000,-1.766,12.231,12.358,0.872,0.422,0.969,0.671
17:46:47.166,5.823,-1.766,12.231,True,-1.182,12.730,-7.934,-12.663,0.917,-0.020,0.000,0.000,-1.766,12.231,12.358,0.714,0.468,0.854,0.516
17:46:47.186,5.843,-1.766,12.231,True,-1.439,12.420,-7.621,-14.506,0.792,0.031,0.000,0.000,-1.766,12.231,12.358,0.602,0.480,0.770,0.436
17:46:47.207,5.864,-1.766,12.231,True,-1.632,12.153,-6.900,-15.588,0.685,0.055,0.000,0.000,-1.766,12.231,12.358,0.527,0.468,0.705,0.776
17:46:47.227,5.885,-3.532,12.231,True,-2.179,11.932,-8.629,-16.076,0.679,0.159,0.000,0.000,-3.532,12.231,12.730,0.484,0.599,0.770,0.835
17:46:47.247,5.905,-3.532,12.231,True,-2.626,11.754,-9.200,-16.122,0.662,0.243,0.000,0.000,-3.532,12.231,12.730,0.464,0.669,0.814,0.397
17:46:47.268,5.925,8.829,20.385,True,-0.106,13.512,9.948,-3.403,1.366,-0.814,0.000,0.000,8.829,20.385,22.215,1.201,-0.429,1.275,0.419
17:46:47.288,5.946,-3.532,20.385,True,-0.749,15.056,3.533,4.729,1.903,-0.470,0.000,0.000,-3.532,20.385,20.688,1.714,-0.081,1.716,0.896
17:46:47.309,5.967,-3.532,14.269,True,-1.341,14.946,-0.991,-0.140,1.799,-0.134,0.000,0.000,-3.532,14.269,14.700,1.488,0.178,1.499,0.791
17:46:47.330,5.987,-3.532,20.385,True,-1.865,16.207,-3.940,5.112,2.135,0.291,0.000,0.000,-3.532,20.385,20.688,1.846,0.360,1.881,0.698
17:46:47.350,6.008,-5.297,16.308,True,-2.723,16.309,-8.321,1.315,2.133,1.048,0.000,0.000,-5.297,16.308,17.147,1.689,0.640,1.806,0.691
17:46:47.373,6.031,-3.532,20.385,True,-3.039,17.276,-7.987,4.029,2.543,0.890,0.000,0.000,-3.532,20.385,20.688,1.905,0.656,2.015,0.638
17:46:47.394,6.051,-5.297,16.308,True,-3.686,17.113,-9.844,-1.488,1.875,1.196,0.000,0.000,-5.297,16.308,17.147,1.646,0.803,1.831,0.560
17:46:47.414,6.071,-5.297,18.346,True,-4.212,17.377,-10.354,-2.941,1.749,1.113,0.000,0.000,-5.297,18.346,19.096,1.608,0.878,1.832,0.476
17:46:47.434,6.092,-5.297,18.346,True,-4.623,17.557,-9.891,-4.674,1.665,1.020,0.000,0.000,-5.297,18.346,19.096,1.549,0.899,1.791,0.718
17:46:47.455,6.112,-5.297,18.346,True,-4.931,17.668,-8.773,-6.509,1.635,1.092,0.000,0.000,-5.297,18.346,19.096,1.480,0.880,1.722,0.614
17:46:47.476,6.133,-5.297,18.346,True,-5.151,17.726,-7.255,-8.315,1.521,1.100,0.000,0.000,-5.297,18.346,19.096,1.406,0.835,1.635,0.467
17:46:47.497,6.154,7.063,22.423,True,-2.425,18.690,13.336,-3.776,1.889,-0.073,0.000,0.000,7.063,22.423,23.509,1.702,-0.346,1.737,0.696
17:46:47.517,6.174,-5.297,16.308,True,-2.887,18.078,7.831,-10.795,1.570,0.194,0.000,0.000,-5.297,16.308,17.147,1.331,-0.057,1.333,0.626
17:46:47.537,6.195,-5.297,16.308,True,-3.327,17.501,3.794,-15.905,1.346,0.249,0.000,0.000,-5.297,16.308,17.147,1.048,0.165,1.061,1.001
17:46:47.557,6.214,-5.297,16.308,True,-3.727,16.980,1.009,-19.395,1.083,0.507,0.000,0.000,-5.297,16.308,17.147,0.842,0.328,0.904,0.404
17:46:47.577,6.235,-5.297,26.500,True,-4.076,18.894,-0.746,-5.993,1.918,0.659,0.000,0.000,-5.297,26.500,27.024,1.625,0.441,1.683,0.773
17:46:47.598,6.255,-5.297,14.269,True,-4.371,17.727,-1.684,-16.211,1.398,0.626,0.000,0.000,-5.297,14.269,15.221,1.057,0.511,1.174,0.701
17:46:47.618,6.275,-10.595,6.115,True,-5.843,14.781,-10.086,-35.621,0.242,1.457,0.000,0.000,-10.595,6.115,12.233,-0.094,1.029,1.034,0.479
17:46:47.639,6.296,-7.063,14.269,True,-6.281,14.115,-9.526,-35.121,0.224,1.720,0.000,0.000,-7.063,14.269,15.922,-0.139,1.049,1.058,0.743
17:46:47.659,6.317,-5.297,14.269,True,-6.199,13.612,-5.578,-33.527,0.218,1.334,0.000,0.000,-5.297,14.269,15.221,-0.119,0.866,0.874,0.815
17:46:47.682,6.339,7.063,18.346,True,-3.204,14.197,16.625,-25.029,0.634,0.277,0.000,0.000,7.063,18.346,19.659,0.315,-0.413,0.520,0.377
17:46:47.702,6.360,-5.297,14.269,True,-3.435,13.829,12.070,-24.801,0.636,0.468,0.000,0.000,-5.297,14.269,15.221,0.288,-0.189,0.345,0.693
17:46:47.723,6.380,7.063,16.308,True,-0.810,14.024,27.345,-20.851,0.806,-0.554,0.000,0.000,7.063,16.308,17.772,0.482,-1.126,1.225,0.706
17:46:47.743,6.400,7.063,18.346,True,1.439,14.708,36.221,-14.604,1.118,-1.340,0.000,0.000,7.063,18.346,19.659,0.826,-1.743,1.929,0.676
17:46:47.763,6.421,7.063,16.308,True,3.301,14.856,40.124,-13.413,0.996,-1.741,0.000,0.000,7.063,16.308,17.772,0.894,-2.101,2.283,0.691
17:46:47.785,6.443,-5.297,12.231,True,1.920,14.040,21.449,-18.848,0.418,-0.851,0.000,0.000,-5.297,12.231,13.329,0.572,-1.139,1.274,0.395
17:46:47.806,6.463,-3.532,20.385,True,0.983,15.225,10.129,-9.758,0.898,-0.373,0.000,0.000,-3.532,20.385,20.688,1.092,-0.545,1.220,0.480
17:46:47.827,6.484,1.766,14.269,True,1.320,14.853,9.896,-13.162,0.507,-0.262,0.000,0.000,1.766,14.269,14.378,0.904,-0.569,1.068,0.691
17:46:47.847,6.505,-5.297,10.192,True,-0.065,13.568,-1.681,-21.735,0.022,0.295,0.000,0.000,-5.297,10.192,11.487,0.397,0.081,0.406,0.620
17:46:47.868,6.525,7.063,14.269,True,1.565,13.397,9.423,-20.817,-0.340,-0.018,0.000,0.000,7.063,14.269,15.922,0.421,-0.572,0.710,0.707
17:46:47.890,6.547,-5.297,8.154,True,0.115,11.859,-2.521,-29.053,-0.301,0.271,0.000,0.000,-5.297,8.154,9.724,-0.096,0.100,0.139,0.451
17:46:47.911,6.568,-5.297,14.269,True,-1.181,11.973,-10.505,-24.288,0.042,0.470,0.000,0.000,-5.297,14.269,15.221,0.125,0.582,0.595,0.688
17:46:47.931,6.589,-5.297,14.269,True,-2.299,12.134,-15.276,-20.297,0.190,0.825,0.000,0.000,-5.297,14.269,15.221,0.317,0.904,0.958,0.893
17:46:47.952,6.609,-5.297,8.154,True,-3.230,10.897,-17.531,-26.407,-0.058,1.026,0.000,0.000,-5.297,8.154,9.724,-0.076,1.097,1.099,0.718
17:46:47.972,6.629,-5.297,8.154,True,-3.979,9.855,-17.900,-29.635,-0.527,0.968,0.000,0.000,-5.297,8.154,9.724,-0.323,1.188,1.231,0.721
17:46:47.992,6.649,-5.297,12.231,True,-4.560,9.952,-16.925,-24.438,-0.307,1.270,0.000,0.000,-5.297,12.231,13.329,-0.083,1.203,1.206,0.432
17:46:48.013,6.670,-5.297,8.154,True,-4.992,9.159,-15.062,-26.266,-0.754,1.253,0.000,0.000,-5.297,8.154,9.724,-0.243,1.164,1.189,0.788
17:46:48.033,6.690,-5.297,8.154,True,-5.294,8.522,-12.678,-26.498,-0.961,1.145,0.000,0.000,-5.297,8.154,9.724,-0.317,1.089,1.134,0.463
17:46:48.053,6.711,-5.297,12.231,True,-5.489,8.977,-10.059,-19.373,-0.341,0.967,0.000,0.000,-5.297,12.231,13.329,0.043,0.993,0.994,0.824
17:46:48.074,6.731,-5.297,8.154,True,-5.599,8.488,-7.418,-20.125,-0.332,0.659,0.000,0.000,-5.297,8.154,9.724,-0.039,0.887,0.888,0.794
17:46:48.094,6.751,-5.297,6.115,True,-5.643,7.628,-4.908,-23.053,-0.611,0.496,0.000,0.000,-5.297,6.115,8.091,-0.255,0.781,0.821,0.758
17:46:48.118,6.776,-5.297,6.115,True,-5.638,6.923,-2.626,-24.135,-0.548,0.038,0.000,0.000,-5.297,6.115,8.091,-0.373,0.680,0.775,0.477
17:46:48.139,6.796,-5.297,10.192,True,-5.599,7.312,-0.629,-17.638,-0.139,-0.048,0.000,0.000,-5.297,10.192,11.487,-0.047,0.588,0.590,0.513
17:46:48.159,6.817,-5.297,2.038,True,-5.539,5.816,1.059,-25.055,-0.677,-0.278,0.000,0.000,-5.297,2.038,5.676,-0.524,0.507,0.729,0.807
17:46:48.179,6.837,-5.297,12.231,True,-5.466,6.921,2.437,-13.416,0.166,-0.360,0.000,0.000,-5.297,12.231,13.329,0.100,0.439,0.450,0.761
17:46:48.199,6.857,-5.297,12.231,True,-5.390,7.949,3.523,-5.104,0.827,-0.096,0.000,0.000,-5.297,12.231,13.329,0.570,0.383,0.687,0.444
17:46:48.224,6.881,-5.297,6.115,True,-5.314,7.445,4.344,-8.918,0.700,-0.115,0.000,0.000,-5.297,6.115,8.091,0.351,0.340,0.488,0.935
17:46:48.244,6.901,-5.297,8.154,True,-5.244,7.472,4.935,-8.283,0.584,-0.347,0.000,0.000,-5.297,8.154,9.724,0.382,0.307,0.489,0.417
17:46:48.265,6.922,-5.297,12.231,True,-5.180,8.451,5.332,-1.548,1.000,-0.317,0.000,0.000,-5.297,12.231,13.329,0.777,0.283,0.827,0.752
17:46:48.285,6.943,-5.297,10.192,True,-5.126,8.832,5.571,-0.437,1.104,-0.374,0.000,0.000,-5.297,10.192,11.487,0.864,0.267,0.904,0.855
17:46:48.306,6.963,-5.297,10.192,True,-5.080,9.141,5.687,-0.120,1.212,-0.384,0.000,0.000,-5.297,10.192,11.487,0.909,0.257,0.944,0.719
17:46:48.326,6.983,-5.297,8.154,True,-5.043,8.910,5.709,-3.491,1.171,-0.397,0.000,0.000,-5.297,8.154,9.724,0.737,0.252,0.779,0.657
17:46:48.346,7.004,-5.297,8.154,True,-5.015,8.681,5.665,-6.053,1.054,-0.370,0.000,0.000,-5.297,8.154,9.724,0.601,0.251,0.651,0.679
17:46:48.367,7.025,-5.297,14.269,True,-4.993,9.886,5.577,1.432,1.468,-0.302,0.000,0.000,-5.297,14.269,15.221,1.052,0.253,1.082,0.865
17:46:48.387,7.045,-5.297,10.192,True,-4.978,9.979,5.462,-0.305,1.342,-0.257,0.000,0.000,-5.297,10.192,11.487,0.984,0.257,1.017,0.508
17:46:48.408,7.066,-5.297,14.269,True,-4.969,10.971,5.336,4.233,1.598,-0.249,0.000,0.000,-5.297,14.269,15.221,1.284,0.261,1.310,0.717
17:46:48.429,7.086,-5.297,12.231,True,-4.963,11.329,5.208,3.389,1.595,-0.201,0.000,0.000,-5.297,12.231,13.329,1.282,0.266,1.310,0.659
17:46:48.449,7.107,-5.297,12.231,True,-4.961,11.590,5.085,2.028,1.593,-0.272,0.000,0.000,-5.297,12.231,13.329,1.249,0.272,1.278,0.777
17:46:48.469,7.127,-5.297,10.192,True,-4.961,11.297,4.974,-2.734,1.349,-0.410,0.000,0.000,-5.297,10.192,11.487,1.009,0.277,1.046,0.682
17:46:48.490,7.147,-5.297,12.231,True,-4.963,11.472,4.877,-3.297,1.467,-0.276,0.000,0.000,-5.297,12.231,13.329,1.002,0.281,1.040,0.778
17:46:48.510,7.167,7.063,16.308,True,-2.094,12.545,23.671,2.131,1.788,-1.305,0.000,0.000,7.063,16.308,17.772,1.349,-0.835,1.586,0.652
17:46:48.532,7.189,-5.297,12.231,True,-2.475,12.504,16.339,-1.184,1.700,-1.020,0.000,0.000,-5.297,12.231,13.329,1.198,-0.474,1.288,0.391
17:46:48.553,7.210,-5.297,12.231,True,-2.880,12.423,10.556,-4.028,1.421,-0.581,0.000,0.000,-5.297,12.231,13.329,1.064,-0.178,1.079,0.804
17:46:48.574,7.231,7.063,16.308,True,-0.408,13.263,25.052,-0.159,1.608,-1.427,0.000,0.000,7.063,16.308,17.772,1.319,-1.065,1.696,0.783
17:46:48.594,7.252,7.063,18.346,True,1.713,14.442,33.508,4.897,1.616,-2.254,0.000,0.000,7.063,18.346,19.659,1.660,-1.650,2.341,1.152
17:46:48.615,7.272,-5.297,18.346,True,0.599,15.424,18.389,7.299,1.552,-1.069,0.000,0.000,-5.297,18.346,19.096,1.865,-0.872,2.058,0.767
17:46:48.636,7.293,-5.297,12.231,True,-0.489,14.794,7.032,-1.632,1.339,-0.440,0.000,0.000,-5.297,12.231,13.329,1.407,-0.262,1.431,0.737
17:46:48.657,7.314,-5.297,12.231,True,-1.498,14.174,-1.063,-8.388,1.075,-0.282,0.000,0.000,-5.297,12.231,13.329,1.047,0.197,1.065,0.637
17:46:48.677,7.334,-5.297,12.231,True,-2.397,13.593,-6.429,-13.251,0.857,-0.349,0.000,0.000,-5.297,12.231,13.329,0.774,0.523,0.935,0.683
17:46:48.698,7.356,5.297,18.346,True,-0.708,14.494,6.594,-7.179,1.207,-1.166,0.000,0.000,5.297,18.346,19.096,1.133,-0.220,1.154,0.833
17:46:48.719,7.376,-7.063,12.231,True,-2.083,13.858,-3.765,-12.743,1.015,-0.461,0.000,0.000,-7.063,12.231,14.124,0.823,0.375,0.905,0.804
17:46:48.739,7.396,-7.063,14.269,True,-3.298,13.758,-10.486,-13.418,0.750,0.032,0.000,0.000,-7.063,14.269,15.922,0.784,0.793,1.115,0.567
17:46:48.760,7.417,-7.063,14.269,True,-3.508,13.490,-8.857,-15.028,0.975,-0.306,0.000,0.000,-7.063,14.269,15.922,0.686,0.742,1.010,0.588
17:46:48.781,7.438,-7.063,14.269,True,-4.637,13.494,-13.427,-14.488,0.865,0.532,0.000,0.000,-7.063,14.269,15.922,0.710,1.056,1.273,0.841
17:46:48.801,7.458,-7.063,18.346,True,-5.482,14.576,-14.890,-7.286,1.223,0.880,0.000,0.000,-7.063,18.346,19.659,1.136,1.205,1.656,0.395
17:46:48.821,7.479,-7.063,14.269,True,-6.108,14.389,-14.478,-9.879,0.951,0.767,0.000,0.000,-7.063,14.269,15.922,1.003,1.250,1.602,0.804
17:46:48.841,7.499,-7.063,14.269,True,-6.562,14.211,-12.949,-11.818,0.582,0.395,0.000,0.000,-7.063,14.269,15.922,0.899,1.228,1.522,0.381
17:46:48.863,7.520,-7.063,18.346,True,-6.880,15.033,-10.798,-6.957,0.618,0.422,0.000,0.000,-7.063,18.346,19.659,1.196,1.165,1.669,0.745
17:46:48.883,7.541,-8.829,18.346,True,-7.509,15.716,-11.042,-4.163,0.867,0.334,0.000,0.000,-8.829,18.346,20.360,1.388,1.238,1.860,0.641
17:46:48.904,7.561,-8.829,18.346,True,-7.989,16.272,-10.164,-2.902,0.912,0.264,0.000,0.000,-8.829,18.346,20.360,1.499,1.248,1.950,0.890
17:46:48.924,7.581,-8.829,8.154,True,-8.341,14.328,-8.567,-18.200,-0.161,0.285,0.000,0.000,-8.829,8.154,12.018,0.629,1.212,1.366,0.434
17:46:48.945,7.603,-8.829,18.346,True,-8.586,14.985,-6.557,-12.841,0.119,0.252,0.000,0.000,-8.829,18.346,20.360,0.932,1.148,1.479,0.747
17:46:48.968,7.625,-10.595,18.346,True,-9.154,15.570,-7.054,-9.251,0.612,0.304,0.000,0.000,-10.595,18.346,21.186,1.149,1.227,1.681,0.843
17:46:48.988,7.646,-10.595,18.346,True,-9.597,16.073,-6.516,-7.097,0.891,0.445,0.000,0.000,-10.595,18.346,21.186,1.294,1.247,1.797,0.784
17:46:49.009,7.666,-10.595,14.269,True,-9.929,15.545,-5.278,-12.294,0.585,0.191,0.000,0.000,-10.595,14.269,17.773,1.012,1.226,1.590,0.821
17:46:49.029,7.686,-10.595,12.231,True,-10.165,14.586,-3.616,-19.065,0.039,0.241,0.000,0.000,-10.595,12.231,16.182,0.617,1.176,1.328,0.736
17:46:49.049,7.707,-10.595,18.346,True,-10.320,15.167,-1.747,-13.994,0.299,0.315,0.000,0.000,-10.595,18.346,21.186,0.899,1.109,1.428,0.675
17:46:49.073,7.730,-12.361,14.269,True,-10.822,14.744,-2.539,-16.788,0.194,0.261,0.000,0.000,-12.361,14.269,18.879,0.733,1.194,1.401,0.473
17:46:49.093,7.751,-10.595,18.346,True,-10.808,15.324,0.339,-12.264,0.514,0.084,0.000,0.000,-10.595,18.346,21.186,0.991,1.066,1.455,0.393
17:46:49.115,7.772,-12.361,18.346,True,-11.164,15.838,0.141,-9.297,0.644,0.181,0.000,0.000,-12.361,18.346,22.122,1.173,1.110,1.615,0.859
17:46:49.135,7.792,-12.361,12.231,True,-11.440,14.857,0.585,-16.946,0.259,0.268,0.000,0.000,-12.361,12.231,17.389,0.738,1.118,1.340,0.687
17:46:49.155,7.812,-12.361,12.231,True,-11.645,13.986,1.456,-21.961,0.006,0.308,0.000,0.000,-12.361,12.231,17.389,0.429,1.100,1.181,0.469
17:46:49.177,7.835,-12.361,18.346,True,-11.789,14.663,2.577,-15.502,0.409,0.368,0.000,0.000,-12.361,18.346,22.122,0.782,1.065,1.321,0.476
17:46:49.198,7.855,-14.127,18.346,True,-12.293,15.281,1.113,-11.003,0.588,0.537,0.000,0.000,-14.127,18.346,23.155,1.042,1.180,1.575,0.827
17:46:49.219,7.876,-14.127,16.308,True,-12.702,15.351,0.701,-11.239,0.410,0.505,0.000,0.000,-14.127,16.308,21.575,1.039,1.239,1.617,0.759
17:46:49.239,7.896,-14.127,4.077,True,-13.023,12.558,1.050,-30.259,-0.673,0.473,0.000,0.000,-14.127,4.077,14.703,-0.080,1.256,1.258,0.751
17:46:49.260,7.917,-15.892,16.308,True,-13.674,12.965,-0.786,-23.441,0.126,0.041,0.000,0.000,-15.892,16.308,22.771,0.262,1.402,1.426,0.756
17:46:49.280,7.938,-15.892,18.346,True,-14.201,13.856,-1.271,-15.043,0.652,0.013,0.000,0.000,-15.892,18.346,24.272,0.722,1.476,1.643,0.752
17:46:49.301,7.959,-15.892,18.346,True,-14.614,14.668,-0.782,-9.207,0.768,0.093,0.000,0.000,-15.892,18.346,24.272,1.060,1.496,1.834,0.876
17:46:49.322,7.979,-14.127,18.346,True,-14.513,15.381,3.059,-5.487,0.630,0.640,0.000,0.000,-14.127,18.346,23.155,1.296,1.316,1.847,0.810
17:46:49.342,7.999,-19.424,4.077,True,-15.607,12.671,-1.831,-25.246,-0.476,1.161,0.000,0.000,-19.424,4.077,19.847,0.153,1.641,1.649,0.789
17:46:49.362,8.019,-17.658,16.308,True,-16.112,13.128,-1.535,-19.235,-0.119,1.367,0.000,0.000,-17.658,16.308,24.037,0.464,1.679,1.742,0.428
17:46:49.383,8.040,-17.658,18.346,True,-16.494,14.045,-0.401,-11.631,0.358,1.230,0.000,0.000,-17.658,18.346,25.464,0.891,1.667,1.890,0.736
17:46:49.403,8.060,-15.892,6.115,True,-16.361,12.024,3.956,-25.217,-0.451,0.853,0.000,0.000,-15.892,6.115,17.028,0.089,1.461,1.464,0.766
17:46:49.423,8.081,-15.892,6.115,True,-16.191,10.264,7.553,-33.654,-1.233,0.647,0.000,0.000,-15.892,6.115,17.028,-0.459,1.286,1.365,0.839
17:46:49.444,8.101,-17.658,18.346,True,-16.416,11.625,7.724,-19.340,-0.748,0.440,0.000,0.000,-17.658,18.346,25.464,0.309,1.301,1.337,0.721
17:46:49.464,8.122,-17.658,18.346,True,-16.586,12.890,8.263,-9.120,-0.351,0.623,0.000,0.000,-17.658,18.346,25.464,0.886,1.294,1.568,0.744
17:46:49.487,8.145,-17.658,8.154,True,-16.708,11.649,9.032,-17.895,-0.785,0.391,0.000,0.000,-17.658,8.154,19.450,0.375,1.272,1.326,0.385
17:46:49.508,8.165,-19.424,18.346,True,-17.201,12.930,7.222,-7.892,-0.214,0.452,0.000,0.000,-19.424,18.346,26.718,0.945,1.401,1.690,0.815
17:46:49.528,8.186,-19.424,6.115,True,-17.606,11.226,6.485,-20.000,-0.645,0.257,0.000,0.000,-19.424,6.115,20.364,0.240,1.474,1.494,0.794
17:46:49.548,8.205,-21.190,4.077,True,-18.339,9.258,3.844,-30.800,-1.049,0.152,0.000,0.000,-21.190,4.077,21.579,-0.434,1.664,1.720,0.450
17:46:49.569,8.226,-19.424,8.154,True,-18.532,8.529,5.489,-30.654,-0.728,-0.156,0.000,0.000,-19.424,8.154,21.066,-0.500,1.611,1.687,0.753
17:46:49.589,8.247,-19.424,6.115,True,-18.655,7.497,7.269,-32.376,-0.948,0.236,0.000,0.000,-19.424,6.115,20.364,-0.679,1.545,1.687,0.796
17:46:49.610,8.267,-19.424,8.154,True,-18.722,7.153,9.047,-28.988,-0.658,0.906,0.000,0.000,-19.424,8.154,21.066,-0.564,1.473,1.577,0.427
17:46:49.631,8.288,-24.722,8.154,True,-19.977,6.940,2.635,-25.415,-0.425,1.257,0.000,0.000,-24.722,8.154,26.031,-0.428,1.881,1.929,0.860
17:46:49.651,8.308,-21.190,8.154,True,-20.218,6.832,4.568,-21.906,-0.336,1.301,0.000,0.000,-21.190,8.154,22.705,-0.284,1.820,1.842,0.550
17:46:49.671,8.329,-22.956,20.385,True,-20.784,9.644,3.988,0.043,0.889,1.191,0.000,0.000,-22.956,20.385,30.700,0.966,1.902,2.134,0.798
17:46:49.691,8.349,-22.956,14.269,True,-21.227,10.719,4.458,5.119,1.147,1.152,0.000,0.000,-22.956,14.269,27.029,1.298,1.926,2.322,0.428
17:46:49.714,8.372,-22.956,12.231,True,-21.561,11.149,5.640,4.604,1.187,1.155,0.000,0.000,-22.956,12.231,26.011,1.318,1.907,2.318,0.956
17:46:49.734,8.392,-21.190,10.192,True,-21.388,10.998,9.952,0.294,1.034,0.846,0.000,0.000,-21.190,10.192,23.514,1.113,1.700,2.031,0.535
17:46:49.755,8.412,-22.956,22.423,True,-21.599,13.656,10.746,15.447,1.990,0.820,0.000,0.000,-22.956,22.423,32.090,2.047,1.686,2.652,0.691
17:46:49.775,8.433,-26.487,10.192,True,-22.570,13.089,6.416,5.478,1.570,1.153,0.000,0.000,-26.487,10.192,28.381,1.551,1.974,2.510,0.775
17:46:49.795,8.452,-26.487,10.192,True,-23.382,12.500,4.293,-2.298,1.013,1.698,0.000,0.000,-26.487,10.192,28.381,1.149,2.149,2.436,0.564
17:46:49.815,8.473,-24.722,14.269,True,-23.627,12.876,6.530,-1.886,1.099,1.526,0.000,0.000,-24.722,14.269,28.544,1.204,2.074,2.399,0.488
17:46:49.836,8.494,-24.722,12.231,True,-23.781,12.697,8.921,-5.288,1.156,0.914,0.000,0.000,-24.722,12.231,27.582,1.036,1.984,2.239,0.785
17:46:49.857,8.514,-24.722,12.231,True,-23.863,12.507,11.289,-7.968,0.973,0.795,0.000,0.000,-24.722,12.231,27.582,0.899,1.888,2.091,0.736
17:46:49.877,8.534,-28.253,8.154,True,-24.709,11.374,8.118,-16.220,0.378,1.112,0.000,0.000,-28.253,8.154,29.406,0.421,2.113,2.154,0.747
17:46:49.897,8.555,-24.722,14.269,True,-24.587,11.797,12.192,-12.169,0.668,0.947,0.000,0.000,-24.722,14.269,28.544,0.643,1.921,2.025,0.667
17:46:49.918,8.575,-24.722,14.269,True,-24.431,12.185,15.561,-9.342,0.809,0.811,0.000,0.000,-24.722,14.269,28.544,0.806,1.756,1.932,0.739
17:46:49.939,8.597,-24.722,14.269,True,-24.260,12.526,18.251,-7.530,0.835,0.779,0.000,0.000,-24.722,14.269,28.544,0.920,1.620,1.863,0.785
17:46:49.960,8.618,-24.722,14.269,True,-24.087,12.815,20.318,-6.528,1.047,0.709,0.000,0.000,-24.722,14.269,28.544,0.993,1.512,1.809,0.748
17:46:49.980,8.638,-24.722,14.269,True,-23.922,13.053,21.835,-6.149,1.091,0.667,0.000,0.000,-24.722,14.269,28.544,1.034,1.428,1.763,0.607
17:46:50.001,8.658,-24.722,14.269,True,-23.773,13.241,22.882,-6.227,1.126,0.638,0.000,0.000,-24.722,14.269,28.544,1.049,1.367,1.723,0.707
17:46:50.021,8.678,-24.722,14.269,True,-23.642,13.384,23.544,-6.623,1.144,0.597,0.000,0.000,-24.722,14.269,28.544,1.046,1.325,1.688,0.362
17:46:50.041,8.699,-24.722,14.269,True,-23.531,13.488,23.898,-7.218,1.130,0.601,0.000,0.000,-24.722,14.269,28.544,1.030,1.298,1.657,0.412
17:46:50.062,8.720,-24.722,14.269,True,-23.441,13.559,24.018,-7.921,1.114,0.626,0.000,0.000,-24.722,14.269,28.544,1.006,1.284,1.631,0.727
17:46:50.082,8.739,-28.253,10.192,True,-24.190,12.655,18.573,-14.888,0.734,1.016,0.000,0.000,-28.253,10.192,30.035,0.608,1.599,1.711,0.430
17:46:50.102,8.759,-28.253,12.231,True,-24.849,12.328,15.087,-16.331,0.628,1.304,0.000,0.000,-28.253,12.231,30.787,0.512,1.819,1.890,0.418
17:46:50.123,8.780,-24.722,26.500,True,-24.588,15.370,18.558,4.759,1.856,1.126,0.000,0.000,-24.722,26.500,36.241,1.747,1.640,2.396,0.806
17:46:50.143,8.801,-22.956,12.231,True,-23.924,14.713,23.852,-3.770,1.408,0.818,0.000,0.000,-22.956,12.231,26.011,1.305,1.340,1.870,0.777
17:46:50.163,8.821,-22.956,16.308,True,-23.333,15.026,27.354,-3.901,1.295,0.543,0.000,0.000,-22.956,16.308,28.159,1.330,1.126,1.743,0.689
17:46:50.183,8.841,-22.956,14.269,True,-22.825,14.790,29.407,-7.671,0.987,0.514,0.000,0.000,-22.956,14.269,27.029,1.140,0.984,1.507,0.449
17:46:50.204,8.861,-22.956,12.231,True,-22.404,14.078,30.332,-13.689,0.316,0.643,0.000,0.000,-22.956,12.231,26.011,0.804,0.902,1.208,0.703
17:46:50.224,8.881,-22.956,14.269,True,-22.066,13.912,30.415,-14.629,0.281,0.677,0.000,0.000,-22.956,14.269,27.029,0.745,0.864,1.141,0.550
17:46:50.248,8.905,-21.190,12.231,True,-21.396,13.297,32.600,-18.282,0.097,0.371,0.000,0.000,-21.190,12.231,24.466,0.523,0.701,0.874,0.659
17:46:50.269,8.926,-22.956,12.231,True,-21.258,12.769,30.662,-20.426,0.055,0.506,0.000,0.000,-22.956,12.231,26.011,0.375,0.772,0.859,0.811
17:46:50.289,8.946,-26.487,20.385,True,-22.002,14.224,23.326,-8.942,1.042,0.784,0.000,0.000,-26.487,20.385,33.423,1.028,1.171,1.558,0.480
17:46:50.309,8.967,-22.956,14.269,True,-21.865,14.097,23.562,-10.712,1.135,0.571,0.000,0.000,-22.956,14.269,27.029,0.937,1.147,1.481,0.895
17:46:50.330,8.987,-21.190,12.231,True,-21.347,13.499,26.229,-15.161,0.932,0.456,0.000,0.000,-21.190,12.231,24.466,0.681,0.977,1.191,0.790
17:46:50.350,9.008,-22.956,22.423,True,-21.318,15.340,24.978,-2.468,1.996,0.602,0.000,0.000,-22.956,22.423,32.090,1.425,1.029,1.758,0.762
17:46:50.370,9.028,-22.956,16.308,True,-21.315,15.527,23.829,-3.843,2.005,0.720,0.000,0.000,-22.956,16.308,28.159,1.383,1.080,1.755,0.401
17:46:50.391,9.048,-21.190,12.231,True,-20.920,14.702,25.510,-11.600,1.652,0.425,0.000,0.000,-21.190,12.231,24.466,0.958,0.966,1.361,0.679
17:46:50.412,9.069,-24.722,8.154,True,-21.411,13.003,20.910,-23.215,0.580,0.577,0.000,0.000,-24.722,8.154,26.031,0.276,1.218,1.249,0.780
17:46:50.431,9.089,-24.722,8.154,True,-21.859,11.520,17.719,-30.477,0.213,1.078,0.000,0.000,-24.722,8.154,26.031,-0.193,1.404,1.417,0.495
17:46:50.452,9.109,-26.487,16.308,True,-22.663,12.164,12.995,-21.837,0.740,1.347,0.000,0.000,-26.487,16.308,31.105,0.253,1.693,1.711,0.482
17:46:50.473,9.130,-21.190,14.269,True,-22.121,12.318,18.325,-18.474,1.131,1.091,0.000,0.000,-21.190,14.269,25.546,0.416,1.403,1.464,0.784
17:46:50.493,9.151,-21.190,12.231,True,-21.623,12.014,22.070,-18.898,0.940,0.923,0.000,0.000,-21.190,12.231,24.466,0.367,1.188,1.244,0.822
17:46:50.514,9.171,-22.956,22.423,True,-21.594,14.142,21.802,-3.180,1.735,0.918,0.000,0.000,-22.956,22.423,32.090,1.274,1.197,1.748,0.867
17:46:50.534,9.191,-21.190,22.423,True,-21.165,16.017,24.213,6.946,2.390,0.824,0.000,0.000,-21.190,22.423,30.851,1.908,1.048,2.177,0.751
17:46:50.555,9.213,-21.190,22.423,True,-20.799,17.612,25.589,12.596,2.917,0.795,0.000,0.000,-21.190,22.423,30.851,2.317,0.950,2.505,0.926
17:46:50.575,9.233,-21.190,12.231,True,-20.497,16.555,26.164,-0.768,2.241,0.848,0.000,0.000,-21.190,12.231,24.466,1.622,0.895,1.852,0.449
17:46:50.596,9.253,-24.722,6.115,True,-21.077,14.118,20.752,-20.019,0.978,1.026,0.000,0.000,-24.722,6.115,25.467,0.528,1.192,1.304,0.413
17:46:50.616,9.274,-19.424,8.154,True,-20.374,12.425,25.091,-29.601,0.381,0.589,0.000,0.000,-19.424,8.154,21.066,-0.064,0.930,0.932,0.707
17:46:50.636,9.294,-19.424,8.154,True,-19.768,10.978,27.686,-35.088,0.034,0.106,0.000,0.000,-19.424,8.154,21.066,-0.451,0.755,0.879,0.390
17:46:50.657,9.314,-22.956,8.154,True,-20.084,9.783,23.524,-37.403,-0.178,0.555,0.000,0.000,-22.956,8.154,24.361,-0.673,0.970,1.180,0.791
17:46:50.678,9.335,-22.956,10.192,True,-20.390,9.304,20.412,-34.254,-0.455,0.863,0.000,0.000,-22.956,10.192,25.117,-0.582,1.138,1.278,0.789
17:46:50.698,9.355,-24.722,18.346,True,-21.083,10.879,15.512,-18.205,0.418,1.154,0.000,0.000,-24.722,18.346,30.785,0.284,1.424,1.452,0.773
17:46:50.719,9.376,-19.424,16.308,True,-20.459,11.861,20.496,-9.942,0.854,0.873,0.000,0.000,-19.424,16.308,25.362,0.747,1.141,1.364,0.786
17:46:50.739,9.396,-19.424,16.308,True,-19.904,12.741,23.796,-4.383,1.162,0.803,0.000,0.000,-19.424,16.308,25.362,1.081,0.940,1.432,0.824
17:46:50.759,9.417,-21.190,16.308,True,-19.837,13.502,23.037,-1.022,1.158,0.940,0.000,0.000,-21.190,16.308,26.739,1.305,0.967,1.624,0.749
17:46:50.784,9.441,-19.424,14.269,True,-19.388,13.665,24.951,-2.502,1.118,0.716,0.000,0.000,-19.424,14.269,24.102,1.256,0.837,1.510,0.892
17:46:50.804,9.461,-24.722,14.269,True,-20.244,13.767,17.764,-4.083,1.073,1.123,0.000,0.000,-24.722,14.269,28.544,1.196,1.240,1.723,0.690
17:46:50.825,9.482,-24.722,14.269,True,-21.011,13.821,12.932,-5.649,0.974,1.449,0.000,0.000,-24.722,14.269,28.544,1.133,1.530,1.904,0.833
17:46:50.845,9.502,-19.424,12.231,True,-20.444,13.365,18.105,-10.233,0.743,1.195,0.000,0.000,-19.424,12.231,22.954,0.885,1.245,1.528,0.733
17:46:50.865,9.523,-19.424,12.231,True,-19.929,12.944,21.668,-13.470,0.585,0.983,0.000,0.000,-19.424,12.231,22.954,0.700,1.037,1.251,0.431
17:46:50.890,9.547,-24.722,10.192,True,-20.710,12.098,15.817,-18.699,0.270,1.360,0.000,0.000,-24.722,10.192,26.740,0.384,1.373,1.426,0.717
17:46:50.911,9.568,-24.722,-2.038,True,-21.399,8.527,12.028,-40.506,-1.175,1.529,0.000,0.000,-24.722,-2.038,24.805,-0.935,1.609,1.861,1.099
17:46:50.931,9.588,-19.424,10.192,True,-20.755,8.292,17.983,-34.804,-0.875,1.131,0.000,0.000,-19.424,10.192,21.936,-0.707,1.282,1.464,0.710
17:46:50.951,9.609,-19.424,8.154,True,-20.170,7.725,22.100,-32.499,-0.609,0.910,0.000,0.000,-19.424,8.154,21.066,-0.662,1.042,1.234,0.804
17:46:50.972,9.629,-19.424,8.154,True,-19.657,7.326,24.704,-29.492,-0.370,0.649,0.000,0.000,-19.424,8.154,21.066,-0.569,0.875,1.044,0.804
17:46:50.996,9.654,-19.424,-4.077,True,-19.224,4.224,26.105,-44.835,-1.439,0.505,0.000,0.000,-19.424,-4.077,19.847,-1.557,0.770,1.737,0.663
17:46:51.017,9.674,-19.424,6.115,True,-18.870,3.975,26.584,-37.379,-1.193,0.438,0.000,0.000,-19.424,6.115,20.364,-1.252,0.714,1.441,0.825
17:46:51.037,9.695,-19.424,4.077,True,-18.590,3.425,26.392,-33.509,-1.071,0.501,0.000,0.000,-19.424,4.077,19.847,-1.137,0.694,1.332,0.612
17:46:51.058,9.715,-19.424,-2.038,True,-18.379,1.641,25.738,-38.493,-1.435,0.273,0.000,0.000,-19.424,-2.038,19.531,-1.535,0.702,1.688,0.758
17:46:51.078,9.736,-19.424,0.000,True,-18.226,0.669,24.798,-36.670,-1.541,0.459,0.000,0.000,-19.424,0.000,19.424,-1.552,0.728,1.714,0.799
17:46:51.101,9.759,-19.424,0.000,True,-17.730,-0.065,26.294,-33.482,-1.452,0.436,0.000,0.000,-19.424,0.000,19.424,-1.484,0.612,1.606,0.540
17:46:51.122,9.779,-19.424,2.038,True,-17.830,0.047,23.548,-25.431,-1.137,0.509,0.000,0.000,-19.424,2.038,19.531,-1.118,0.744,1.343,0.774
17:46:51.142,9.800,-17.658,2.038,True,-17.439,0.206,24.573,-18.925,-0.844,0.406,0.000,0.000,-17.658,2.038,17.775,-0.815,0.659,1.048,0.707
17:46:51.162,9.820,-17.658,2.038,True,-17.129,0.393,24.785,-13.695,-0.960,0.526,0.000,0.000,-17.658,2.038,17.775,-0.565,0.619,0.838,0.426
17:46:51.183,9.841,-19.424,2.038,True,-17.325,0.595,21.700,-9.537,-0.824,0.424,0.000,0.000,-19.424,2.038,19.531,-0.362,0.775,0.855,0.811
17:46:51.207,9.865,-17.658,2.038,True,-17.077,0.800,22.115,-6.286,-0.867,0.306,0.000,0.000,-17.658,2.038,17.775,-0.197,0.732,0.758,0.795
17:46:51.228,9.885,-17.658,4.077,True,-16.878,1.485,22.061,-0.704,-0.499,0.334,0.000,0.000,-17.658,4.077,18.123,0.117,0.714,0.724,0.709
17:46:51.248,9.905,-17.658,2.038,True,-16.725,1.604,21.677,-0.084,-0.425,0.279,0.000,0.000,-17.658,2.038,17.775,0.157,0.716,0.733,0.650
17:46:51.269,9.926,-17.658,4.077,True,-16.611,2.182,21.076,3.344,0.021,0.332,0.000,0.000,-17.658,4.077,18.123,0.366,0.731,0.817,0.739
17:46:51.289,9.946,-17.658,4.077,True,-16.532,2.675,20.348,5.368,0.284,0.373,0.000,0.000,-17.658,4.077,18.123,0.504,0.755,0.908,0.714
17:46:51.312,9.969,-17.658,4.077,True,-16.482,3.083,19.567,6.301,0.143,-0.030,0.000,0.000,-17.658,4.077,18.123,0.586,0.785,0.979,0.694
17:46:51.332,9.990,-15.892,4.077,True,-16.044,3.411,21.481,6.419,0.064,-0.144,0.000,0.000,-15.892,4.077,16.407,0.624,0.656,0.906,0.884
17:46:51.352,10.010,-15.892,6.115,True,-15.679,4.138,22.405,9.071,0.266,-0.135,0.000,0.000,-15.892,6.115,17.028,0.814,0.579,0.999,0.896
17:46:51.372,10.030,-17.658,0.000,True,-15.795,3.316,19.883,0.792,-0.209,0.089,0.000,0.000,-17.658,0.000,17.658,0.367,0.702,0.792,0.455
17:46:51.393,10.050,-17.658,6.115,True,-15.923,3.979,17.864,4.301,0.035,0.210,0.000,0.000,-17.658,6.115,18.687,0.588,0.804,0.996,0.459
17:46:51.418,10.076,-17.658,6.115,True,-16.052,4.541,16.311,6.234,0.271,0.356,0.000,0.000,-17.658,6.115,18.687,0.729,0.885,1.147,0.625
17:46:51.438,10.096,-19.424,6.115,True,-16.586,5.003,12.467,6.955,0.358,0.626,0.000,0.000,-19.424,6.115,20.364,0.807,1.108,1.371,0.409
17:46:51.459,10.116,-19.424,6.115,True,-17.055,5.368,10.017,6.786,0.381,0.640,0.000,0.000,-19.424,6.115,20.364,0.836,1.263,1.515,0.786
17:46:51.479,10.136,-19.424,2.038,True,-17.452,4.698,8.679,-0.237,0.032,0.507,0.000,0.000,-19.424,2.038,19.531,0.459,1.362,1.437,0.385
17:46:51.499,10.157,-19.424,6.115,True,-17.777,5.024,8.194,0.995,0.122,0.606,0.000,0.000,-19.424,6.115,20.364,0.546,1.416,1.518,0.481
17:46:51.524,10.181,-19.424,8.154,True,-18.035,5.767,8.335,4.629,0.353,0.567,0.000,0.000,-19.424,8.154,21.066,0.781,1.436,1.634,0.755
17:46:51.544,10.201,-21.190,10.192,True,-18.640,6.867,6.205,9.649,0.697,0.820,0.000,0.000,-21.190,10.192,23.514,1.113,1.590,1.941,0.690
17:46:51.564,10.222,-24.722,-4.077,True,-19.959,4.471,-0.013,-9.660,-0.448,1.271,0.000,0.000,-24.722,-4.077,25.055,0.021,1.996,1.997,0.788
17:46:51.585,10.242,-21.190,4.077,True,-20.245,4.231,2.208,-10.010,-0.471,1.216,0.000,0.000,-21.190,4.077,21.579,-0.019,1.927,1.927,0.755
17:46:51.605,10.262,-21.190,0.000,True,-20.431,3.094,4.657,-16.130,-0.761,1.185,0.000,0.000,-21.190,0.000,21.190,-0.403,1.838,1.881,0.665
17:46:51.629,10.287,-22.956,8.154,True,-20.946,4.022,4.433,-7.081,-0.081,1.312,0.000,0.000,-22.956,8.154,24.361,0.090,1.899,1.901,0.462
17:46:51.650,10.307,-21.190,10.192,True,-20.935,5.347,7.827,2.375,0.458,1.093,0.000,0.000,-21.190,10.192,23.514,0.640,1.748,1.861,0.598
17:46:51.670,10.327,-21.190,10.192,True,-20.874,6.510,10.790,8.388,0.541,1.189,0.000,0.000,-21.190,10.192,23.514,1.021,1.611,1.908,0.734
17:46:51.690,10.348,-26.487,10.192,True,-22.012,7.494,5.197,11.658,0.559,1.582,0.000,0.000,-26.487,10.192,28.381,1.264,1.972,2.342,0.798
17:46:51.710,10.368,-26.487,12.231,True,-22.972,8.774,2.256,15.939,0.839,1.519,0.000,0.000,-26.487,12.231,29.175,1.581,2.198,2.707,0.569
17:46:51.735,10.392,-22.956,2.038,True,-22.934,7.454,6.728,1.918,-0.033,1.278,0.000,0.000,-22.956,2.038,23.046,0.830,1.996,2.162,0.657
17:46:51.755,10.413,-22.956,8.154,True,-22.836,7.646,10.591,1.224,0.115,1.099,0.000,0.000,-22.956,8.154,24.361,0.819,1.816,1.992,0.695
17:46:51.776,10.434,-22.956,12.231,True,-22.701,8.730,13.816,6.507,0.485,1.069,0.000,0.000,-22.956,12.231,26.011,1.160,1.660,2.025,0.601
17:46:51.796,10.454,-22.956,6.115,True,-22.548,8.222,16.416,-0.068,0.174,0.942,0.000,0.000,-22.956,6.115,23.756,0.819,1.530,1.736,0.789
17:46:51.817,10.474,-26.487,16.308,True,-23.211,10.100,13.042,10.598,0.767,1.121,0.000,0.000,-26.487,16.308,31.105,1.478,1.745,2.287,0.687
17:46:51.837,10.495,-22.956,6.115,True,-22.952,9.337,16.620,1.154,0.181,0.939,0.000,0.000,-22.956,6.115,23.756,0.985,1.562,1.846,0.838
17:46:51.858,10.515,-22.956,10.192,True,-22.697,9.553,19.315,0.402,0.208,0.858,0.000,0.000,-22.956,10.192,25.117,0.973,1.417,1.719,0.726
17:46:51.878,10.535,-22.956,6.115,True,-22.461,8.761,21.242,-6.859,-0.141,0.805,0.000,0.000,-22.956,6.115,23.756,0.573,1.308,1.429,0.773
17:46:51.898,10.555,-22.956,18.346,True,-22.250,10.882,22.526,6.811,0.667,0.768,0.000,0.000,-22.956,18.346,29.386,1.389,1.231,1.856,0.471
17:46:51.919,10.576,-22.956,6.115,True,-22.068,9.879,23.288,-3.531,0.209,0.750,0.000,0.000,-22.956,6.115,23.756,0.832,1.179,1.443,0.787
17:46:51.939,10.596,-22.956,6.115,True,-21.917,8.951,23.643,-10.881,-0.171,0.593,0.000,0.000,-22.956,6.115,23.756,0.415,1.148,1.221,0.420
17:46:51.959,10.617,-22.956,18.346,True,-21.795,10.966,23.693,2.948,0.639,0.570,0.000,0.000,-22.956,18.346,29.386,1.227,1.134,1.670,0.810
17:46:51.980,10.638,-22.956,18.346,True,-21.701,12.726,23.526,11.607,1.272,0.810,0.000,0.000,-22.956,18.346,29.386,1.785,1.132,2.113,0.853
17:46:52.000,10.658,-22.956,12.231,True,-21.631,12.789,23.216,6.829,1.366,0.814,0.000,0.000,-22.956,12.231,26.011,1.580,1.138,1.948,0.528
17:46:52.021,10.679,-22.956,20.385,True,-21.582,14.659,22.823,14.972,1.916,0.763,0.000,0.000,-22.956,20.385,30.700,2.127,1.151,2.418,0.724
17:46:52.041,10.699,-22.956,20.385,True,-21.551,16.219,22.394,18.890,2.148,0.754,0.000,0.000,-22.956,20.385,30.700,2.456,1.167,2.719,0.485
17:46:52.062,10.719,-21.190,20.385,True,-21.123,17.477,24.658,19.629,2.266,0.485,0.000,0.000,-21.190,20.385,29.403,2.614,1.024,2.807,0.794
17:46:52.082,10.739,-21.190,20.385,True,-20.760,18.454,25.907,18.099,2.152,0.347,0.000,0.000,-21.190,20.385,29.403,2.644,0.932,2.804,0.448
17:46:52.103,10.760,-24.722,8.154,True,-21.283,16.339,20.982,-3.616,0.688,0.634,0.000,0.000,-24.722,8.154,26.031,1.474,1.202,1.902,0.781
17:46:52.123,10.780,-21.190,12.231,True,-20.939,15.329,22.953,-12.808,0.441,0.455,0.000,0.000,-21.190,12.231,24.466,0.968,1.081,1.451,0.717
17:46:52.143,10.801,-19.424,20.385,True,-20.235,16.307,26.786,-6.683,0.713,0.151,0.000,0.000,-19.424,20.385,28.157,1.336,0.841,1.578,0.787
17:46:52.165,10.823,-21.190,12.231,True,-20.045,15.257,26.238,-15.448,0.282,0.162,0.000,0.000,-21.190,12.231,24.466,0.844,0.846,1.195,0.498
17:46:52.186,10.843,-19.424,10.192,True,-19.498,13.843,28.124,-24.445,-0.177,0.037,0.000,0.000,-19.424,10.192,21.936,0.305,0.708,0.771,0.488
17:46:52.206,10.864,-19.424,20.385,True,-19.049,14.988,28.834,-14.336,0.043,-0.202,0.000,0.000,-19.424,20.385,28.157,0.866,0.632,1.072,0.777
17:46:52.227,10.884,-19.424,20.385,True,-18.694,16.021,28.680,-7.436,0.320,-0.456,0.000,0.000,-19.424,20.385,28.157,1.274,0.603,1.410,0.809
17:46:52.247,10.904,-19.424,14.269,True,-18.423,15.500,27.928,-12.502,0.092,-0.681,0.000,0.000,-19.424,14.269,24.102,0.998,0.610,1.170,0.466
17:46:52.270,10.927,-19.424,8.154,True,-18.227,13.602,26.798,-25.390,-0.699,-0.621,0.000,0.000,-19.424,8.154,21.066,0.239,0.640,0.683,0.779
17:46:52.290,10.947,-19.424,10.192,True,-18.093,12.420,25.466,-30.313,-0.951,-0.610,0.000,0.000,-19.424,10.192,21.936,-0.096,0.685,0.692,0.590
17:46:52.310,10.968,-19.424,12.231,True,-18.012,11.910,24.064,-29.478,-0.688,-0.799,0.000,0.000,-19.424,12.231,22.954,-0.110,0.739,0.747,0.725
17:46:52.330,10.988,-19.424,10.192,True,-17.970,11.059,22.690,-30.975,-0.855,-0.725,0.000,0.000,-19.424,10.192,21.936,-0.261,0.795,0.837,0.494
17:46:52.351,11.008,-24.722,20.385,True,-19.190,12.750,13.322,-15.250,-0.038,-0.082,0.000,0.000,-24.722,20.385,32.042,0.602,1.331,1.461,0.717
17:46:52.371,11.028,-21.190,10.192,True,-19.450,11.921,12.596,-19.926,-0.285,-0.009,0.000,0.000,-21.190,10.192,23.514,0.313,1.389,1.424,0.526
17:46:52.391,11.049,-21.190,20.385,True,-19.661,13.582,12.409,-7.035,0.344,0.050,0.000,0.000,-21.190,20.385,29.403,1.048,1.418,1.763,0.734
17:46:52.411,11.069,-22.956,20.385,True,-20.236,15.054,9.913,1.416,0.985,0.185,0.000,0.000,-22.956,20.385,30.700,1.568,1.586,2.230,0.433
17:46:52.432,11.089,-22.956,18.346,True,-20.716,15.841,8.715,3.179,1.449,0.325,0.000,0.000,-22.956,18.346,29.386,1.724,1.687,2.412,0.505
17:46:52.453,11.110,-22.956,16.308,True,-21.102,15.998,8.494,0.252,1.569,0.449,0.000,0.000,-22.956,16.308,28.159,1.611,1.735,2.368,0.745
17:46:52.473,11.131,-21.190,6.115,True,-20.992,13.706,11.666,-18.158,0.588,0.241,0.000,0.000,-21.190,6.115,22.055,0.569,1.584,1.683,0.512
17:46:52.494,11.152,-26.487,8.154,True,-22.090,12.137,6.173,-27.251,-0.008,0.779,0.000,0.000,-26.487,8.154,27.714,0.011,1.937,1.937,0.655
17:46:52.515,11.172,-24.722,10.192,True,-22.606,11.267,5.944,-29.412,-0.083,0.862,0.000,0.000,-24.722,10.192,26.740,-0.171,1.998,2.006,0.439
17:46:52.536,11.193,-26.487,14.269,True,-23.417,11.513,3.941,-23.576,0.155,0.900,0.000,0.000,-26.487,14.269,30.086,0.111,2.168,2.171,0.963
17:46:52.556,11.213,-26.487,14.269,True,-23.338,11.041,8.395,-23.803,-0.096,0.774,0.000,0.000,-26.487,14.269,30.086,0.053,1.963,1.964,0.648
17:46:52.576,11.233,-26.487,16.308,True,-24.105,12.184,6.445,-13.554,0.445,1.047,0.000,0.000,-26.487,16.308,31.105,0.620,2.126,2.215,0.344
17:46:52.596,11.254,-24.722,8.154,True,-24.175,10.910,9.558,-21.160,0.051,0.968,0.000,0.000,-24.722,8.154,26.031,0.157,1.996,2.002,0.815
17:46:52.617,11.274,-31.785,8.154,True,-25.979,9.890,1.116,-25.234,-0.248,1.573,0.000,0.000,-31.785,8.154,32.814,-0.125,2.549,2.552,0.577
17:46:52.637,11.294,-28.253,12.231,True,-26.526,10.091,2.767,-20.535,-0.112,1.560,0.000,0.000,-28.253,12.231,30.787,0.103,2.530,2.533,0.681
17:46:52.657,11.315,-28.253,12.231,True,-26.902,10.298,5.231,-16.831,-0.109,1.531,0.000,0.000,-28.253,12.231,30.787,0.287,2.459,2.476,0.781
17:46:52.679,11.336,-28.253,10.192,True,-27.144,10.016,8.070,-17.069,-0.289,1.621,0.000,0.000,-28.253,10.192,30.035,0.248,2.358,2.371,0.566
17:46:52.699,11.357,-30.019,10.192,True,-27.698,9.797,8.313,-16.794,-0.182,1.524,0.000,0.000,-30.019,10.192,31.702,0.238,2.403,2.415,0.731
17:46:52.719,11.377,-30.019,14.269,True,-28.114,10.586,9.480,-9.995,0.302,1.493,0.000,0.000,-30.019,14.269,33.238,0.617,2.393,2.471,0.746
17:46:52.739,11.397,-28.253,10.192,True,-28.001,10.341,13.898,-11.558,0.158,1.318,0.000,0.000,-28.253,10.192,30.035,0.524,2.187,2.249,0.432
17:46:52.760,11.417,-28.253,8.154,True,-27.846,9.655,17.585,-15.610,0.014,1.075,0.000,0.000,-28.253,8.154,29.406,0.276,2.008,2.027,0.679
17:46:52.780,11.438,-30.019,10.192,True,-28.081,9.540,17.863,-14.883,0.389,0.976,0.000,0.000,-30.019,10.192,31.702,0.297,2.020,2.041,0.496
17:46:52.803,11.460,-28.253,8.154,True,-27.847,8.990,21.204,-17.156,0.095,0.671,0.000,0.000,-28.253,8.154,29.406,0.142,1.849,1.854,0.861
17:46:52.823,11.480,-30.019,8.154,True,-28.026,8.532,21.033,-18.201,-0.007,0.809,0.000,0.000,-30.019,8.154,31.107,0.050,1.874,1.875,0.424
17:46:52.844,11.501,-30.019,8.154,True,-28.166,8.165,21.189,-18.325,-0.087,0.956,0.000,0.000,-30.019,8.154,31.107,0.008,1.881,1.881,0.676
17:46:52.864,11.521,-30.019,12.231,True,-28.272,8.829,21.569,-11.553,0.279,0.954,0.000,0.000,-30.019,12.231,32.415,0.373,1.875,1.912,0.415
17:46:52.885,11.542,-30.019,20.385,True,-28.347,11.339,22.086,5.731,1.267,0.958,0.000,0.000,-30.019,20.385,36.286,1.387,1.860,2.320,0.675
17:46:52.909,11.567,-30.019,10.192,True,-28.397,11.160,22.671,0.951,1.031,1.002,0.000,0.000,-30.019,10.192,31.702,1.158,1.839,2.173,0.776
17:46:52.930,11.587,-28.253,12.231,True,-28.016,11.424,25.975,0.182,1.044,0.894,0.000,0.000,-28.253,12.231,30.787,1.150,1.655,2.016,0.828
17:46:52.950,11.607,-30.019,16.308,True,-28.083,12.562,25.515,5.286,1.429,0.926,0.000,0.000,-30.019,16.308,34.163,1.490,1.682,2.247,0.688
17:46:52.970,11.628,-30.019,16.308,True,-28.141,13.514,25.229,7.792,1.609,0.979,0.000,0.000,-30.019,16.308,34.163,1.695,1.701,2.401,0.959
17:46:52.990,11.648,-28.253,12.231,True,-27.780,13.336,27.781,2.108,1.326,0.882,0.000,0.000,-28.253,12.231,30.787,1.427,1.552,2.108,0.685
17:46:53.012,11.670,-28.253,10.192,True,-27.464,12.637,29.397,-5.692,0.912,1.037,0.000,0.000,-28.253,10.192,30.035,1.012,1.449,1.768,0.526
17:46:53.033,11.691,-28.253,20.385,True,-27.196,14.351,30.269,4.241,1.423,0.994,0.000,0.000,-28.253,20.385,34.839,1.622,1.384,2.132,1.219
17:46:53.053,11.711,-31.785,6.115,True,-27.798,12.502,25.176,-11.804,0.654,1.355,0.000,0.000,-31.785,6.115,32.368,0.729,1.669,1.821,0.750
17:46:53.074,11.731,-28.253,14.269,True,-27.517,12.731,27.139,-10.241,0.725,1.333,0.000,0.000,-28.253,14.269,31.652,0.821,1.554,1.757,0.801
17:46:53.094,11.751,-31.785,6.115,True,-28.092,11.037,22.984,-21.721,0.150,1.556,0.000,0.000,-31.785,6.115,32.368,0.145,1.795,1.801,0.747
17:46:53.114,11.772,-31.785,6.115,True,-28.597,9.560,20.330,-28.871,-0.471,1.684,0.000,0.000,-31.785,6.115,32.368,-0.318,1.962,1.988,0.493
17:46:53.135,11.793,-31.785,6.115,True,-29.026,8.316,18.873,-32.595,-0.738,1.767,0.000,0.000,-31.785,6.115,32.368,-0.607,2.070,2.157,0.973
17:46:53.155,11.813,-26.487,8.154,True,-28.146,7.778,26.426,-30.600,-0.604,1.313,0.000,0.000,-26.487,8.154,27.714,-0.573,1.648,1.745,0.432
17:46:53.176,11.833,-26.487,8.154,True,-27.355,7.395,31.538,-27.915,-0.399,1.056,0.000,0.000,-26.487,8.154,27.714,-0.493,1.343,1.431,0.713
17:46:53.197,11.854,-26.487,14.269,True,-26.669,8.564,34.661,-15.553,0.412,0.757,0.000,0.000,-26.487,14.269,30.086,0.170,1.137,1.150,0.910
17:46:53.217,11.874,-26.487,14.269,True,-25.976,8.253,36.997,-15.902,0.625,0.618,0.000,0.000,-26.487,14.269,30.086,0.123,0.965,0.972,0.462
17:46:53.237,11.895,-24.722,6.115,True,-25.091,7.422,39.907,-19.437,0.375,0.294,0.000,0.000,-24.722,6.115,25.467,-0.116,0.748,0.757,0.897
17:46:53.258,11.915,-26.487,12.231,True,-24.878,8.420,37.748,-10.446,0.912,0.216,0.000,0.000,-26.487,12.231,29.175,0.381,0.822,0.906,0.728
17:46:53.278,11.935,-26.487,6.115,True,-24.728,7.675,35.635,-14.599,0.917,0.456,0.000,0.000,-26.487,6.115,27.184,0.123,0.900,0.908,0.391
17:46:53.298,11.956,-26.487,8.154,True,-24.628,7.574,33.625,-13.648,0.970,0.087,0.000,0.000,-26.487,8.154,27.714,0.155,0.979,0.991,0.524
17:46:53.319,11.976,-21.190,6.115,True,-23.286,7.014,39.880,-15.786,1.407,-0.465,0.000,0.000,-21.190,6.115,22.055,0.005,0.568,0.568,0.770
17:46:53.339,11.997,-22.956,14.269,True,-22.600,8.502,40.336,-4.279,2.199,-0.335,0.000,0.000,-22.956,14.269,27.029,0.661,0.480,0.817,0.781
17:46:53.360,12.017,-26.487,18.346,True,-22.899,10.756,34.205,9.416,2.949,-0.033,0.000,0.000,-26.487,18.346,32.221,1.491,0.780,1.683,0.752
17:46:53.380,12.037,-22.956,12.231,True,-22.388,11.246,34.685,8.302,2.932,-0.333,0.000,0.000,-22.956,12.231,26.011,1.491,0.708,1.651,0.549
17:46:53.400,12.058,-21.190,6.115,True,-21.577,10.177,36.906,-2.802,2.511,-0.502,0.000,0.000,-21.190,6.115,22.055,0.894,0.529,1.039,0.721
17:46:53.421,12.078,-22.956,4.077,True,-21.331,8.715,34.772,-13.835,1.908,-0.339,0.000,0.000,-22.956,4.077,23.315,0.261,0.598,0.653,0.443
17:46:53.443,12.100,-19.424,6.115,True,-20.354,7.899,37.848,-17.913,1.969,-0.551,0.000,0.000,-19.424,6.115,20.364,-0.001,0.365,0.365,0.779
17:46:53.463,12.121,-19.424,10.192,True,-19.557,8.157,38.863,-13.861,1.989,-0.278,0.000,0.000,-19.424,10.192,21.936,0.204,0.240,0.315,0.817
17:46:53.484,12.141,-19.424,12.231,True,-18.929,8.891,38.371,-7.625,2.261,-0.413,0.000,0.000,-19.424,12.231,22.954,0.552,0.199,0.587,0.820
17:46:53.504,12.162,-19.424,16.308,True,-18.455,10.497,36.849,2.826,2.969,-0.299,0.000,0.000,-19.424,16.308,25.362,1.174,0.219,1.195,0.792
17:46:53.524,12.182,-19.424,14.269,True,-18.115,11.418,34.687,6.102,3.705,-0.248,0.000,0.000,-19.424,14.269,24.102,1.411,0.280,1.439,0.681
17:46:53.545,12.202,-19.424,12.231,True,-17.887,11.700,32.196,4.261,3.526,-0.009,0.000,0.000,-19.424,12.231,22.954,1.358,0.368,1.407,0.719
17:46:53.565,12.222,-19.424,14.269,True,-17.750,12.363,29.612,5.273,3.887,0.030,0.000,0.000,-19.424,14.269,24.102,1.469,0.468,1.542,0.514
17:46:53.585,12.243,-17.658,12.231,True,-17.274,12.413,29.808,1.891,3.537,-0.270,0.000,0.000,-17.658,12.231,21.480,1.325,0.412,1.387,0.685
17:46:53.606,12.263,-19.424,4.077,True,-17.317,10.504,26.452,-13.645,2.697,-0.238,0.000,0.000,-19.424,4.077,19.847,0.448,0.564,0.720,0.731
17:46:53.627,12.284,-19.424,12.231,True,-17.401,10.696,23.579,-11.507,2.716,0.013,0.000,0.000,-19.424,12.231,22.954,0.562,0.699,0.897,0.917
17:46:53.647,12.305,-19.424,10.192,True,-17.509,10.402,21.201,-13.079,2.546,0.459,0.000,0.000,-19.424,10.192,21.936,0.463,0.815,0.937,0.797
17:46:53.667,12.325,-19.424,0.000,True,-17.629,7.783,19.301,-29.530,1.557,0.541,0.000,0.000,-19.424,0.000,19.424,-0.525,0.911,1.051,0.803
17:46:53.687,12.345,-19.424,2.038,True,-17.750,5.994,17.840,-36.327,1.005,0.661,0.000,0.000,-19.424,2.038,19.531,-1.004,0.988,1.408,0.607
17:46:53.708,12.365,-19.424,6.115,True,-17.865,5.465,16.766,-32.969,1.221,0.855,0.000,0.000,-19.424,6.115,20.364,-0.909,1.046,1.386,0.428
17:46:53.728,12.385,-19.424,6.115,True,-17.970,5.110,16.023,-29.101,1.302,1.653,0.000,0.000,-19.424,6.115,20.364,-0.773,1.090,1.336,0.387
17:46:53.749,12.406,-19.424,-6.115,True,-18.062,2.055,15.552,-43.768,0.445,1.648,0.000,0.000,-19.424,-6.115,20.364,-1.726,1.120,2.058,0.391
17:46:53.769,12.427,-19.424,-6.115,True,-18.140,-0.516,15.297,-51.362,0.016,1.498,0.000,0.000,-19.424,-6.115,20.364,-2.319,1.139,2.583,0.803
17:46:53.789,12.447,-22.956,-10.192,True,-19.024,-3.553,9.815,-59.807,-0.576,2.134,0.000,0.000,-22.956,-10.192,25.117,-2.995,1.469,3.336,0.792
17:46:53.810,12.467,-22.956,-8.154,True,-19.787,-5.540,6.529,-58.853,-0.982,2.501,0.000,0.000,-22.956,-8.154,24.361,-3.152,1.690,3.576,0.701
17:46:53.831,12.488,-21.190,-10.192,True,-20.012,-7.524,7.660,-57.685,-1.393,2.309,0.000,0.000,-21.190,-10.192,23.514,-3.299,1.663,3.694,0.795
17:46:53.851,12.508,-22.956,-10.192,True,-20.579,-9.030,6.348,-53.220,-1.212,2.588,0.000,0.000,-22.956,-10.192,25.117,-3.252,1.778,3.706,0.790
17:46:53.873,12.531,-22.956,-10.192,True,-21.033,-10.117,6.177,-46.688,-1.050,2.665,0.000,0.000,-22.956,-10.192,25.117,-3.072,1.831,3.577,0.545
17:46:53.893,12.551,-22.956,-12.231,True,-21.385,-11.325,6.814,-42.177,-1.171,2.834,0.000,0.000,-22.956,-12.231,26.011,-2.994,1.838,3.513,0.414
17:46:53.914,12.571,-22.956,-14.269,True,-21.645,-12.657,7.983,-39.234,-1.139,2.747,0.000,0.000,-22.956,-14.269,27.029,-2.997,1.812,3.503,0.492
17:46:53.934,12.591,-22.956,-14.269,True,-21.827,-13.634,9.462,-34.340,-1.065,2.570,0.000,0.000,-22.956,-14.269,27.029,-2.879,1.765,3.377,0.575
17:46:53.954,12.611,-22.956,-16.308,True,-21.944,-14.782,11.076,-31.459,-1.164,2.486,0.000,0.000,-22.956,-16.308,28.159,-2.867,1.706,3.336,0.423
17:46:53.975,12.632,-22.956,-18.346,True,-22.009,-16.093,12.697,-30.051,-1.273,2.422,0.000,0.000,-22.956,-18.346,29.386,-2.936,1.640,3.363,0.903
17:46:53.996,12.653,-21.190,-22.423,True,-21.624,-18.025,16.931,-32.768,-1.343,2.159,0.000,0.000,-21.190,-22.423,30.851,-3.249,1.415,3.544,1.071
17:46:54.016,12.673,-19.424,-22.423,True,-20.853,-19.550,22.681,-31.809,-1.443,1.695,0.000,0.000,-19.424,-22.423,29.666,-3.359,1.084,3.530,0.446
17:46:54.037,12.694,-19.424,-24.462,True,-20.173,-21.179,26.397,-31.436,-1.557,1.505,0.000,0.000,-19.424,-24.462,31.236,-3.506,0.852,3.608,1.277
17:46:54.057,12.714,-19.424,-20.385,True,-19.593,-21.477,28.485,-22.060,-1.190,1.302,0.000,0.000,-19.424,-20.385,28.157,-3.121,0.702,3.199,0.764
17:46:54.077,12.735,-19.424,-20.385,True,-19.024,-21.919,29.928,-15.647,-0.970,1.091,0.000,0.000,-19.424,-20.385,28.157,-2.882,0.581,2.941,0.369
17:46:54.098,12.756,-19.424,-14.269,True,-18.707,-19.987,29.320,4.639,0.116,1.084,0.000,0.000,-19.424,-14.269,24.102,-1.794,0.577,1.884,0.827
17:46:54.119,12.776,-19.424,-24.462,True,-18.468,-21.113,28.309,0.633,-0.369,0.899,0.000,0.000,-19.424,-24.462,31.236,-2.083,0.597,2.167,0.799
17:46:54.139,12.796,-17.658,-28.538,True,-17.840,-23.003,29.929,-7.047,-0.971,0.689,0.000,0.000,-17.658,-28.538,33.560,-2.611,0.463,2.652,0.399
17:46:54.160,12.817,-15.892,-22.423,True,-16.907,-22.965,32.985,-0.557,-0.430,0.240,0.000,0.000,-15.892,-22.423,27.484,-2.321,0.235,2.333,0.856
17:46:54.180,12.837,-15.892,-16.308,True,-16.161,-21.361,34.012,14.446,0.503,0.269,0.000,0.000,-15.892,-16.308,22.771,-1.499,0.115,1.503,0.480
17:46:54.200,12.857,-15.892,-16.308,True,-15.579,-19.937,33.623,24.773,2.154,-0.025,0.000,0.000,-15.892,-16.308,22.771,-0.900,0.074,0.903,0.431
17:46:54.221,12.878,-15.892,-16.308,True,-15.139,-18.703,32.280,31.374,2.516,-0.089,0.000,0.000,-15.892,-16.308,22.771,-0.486,0.089,0.494,0.852
17:46:54.241,12.899,-15.892,-16.308,True,-14.821,-17.662,30.342,35.052,2.626,0.056,0.000,0.000,-15.892,-16.308,22.771,-0.219,0.143,0.262,0.782
17:46:54.261,12.919,-12.361,-16.308,True,-13.782,-16.809,33.449,36.494,2.638,-0.311,0.000,0.000,-12.361,-16.308,20.463,-0.070,-0.098,0.121,0.757
17:46:54.282,12.939,-12.361,-28.538,True,-12.938,-18.977,34.391,17.682,1.664,-0.674,0.000,0.000,-12.361,-28.538,31.100,-1.117,-0.224,1.139,0.561
17:46:54.303,12.960,-12.361,-14.269,True,-12.276,-17.611,33.762,26.615,2.271,-0.418,0.000,0.000,-12.361,-14.269,18.879,-0.586,-0.263,0.642,0.647
17:46:54.324,12.981,-12.361,-16.308,True,-11.777,-16.900,32.062,28.998,2.385,-0.500,0.000,0.000,-12.361,-16.308,20.463,-0.410,-0.237,0.474,0.855
17:46:54.344,13.001,-12.361,-16.308,True,-11.421,-16.317,29.701,29.860,2.378,-0.679,0.000,0.000,-12.361,-16.308,20.463,-0.314,-0.169,0.356,0.474
17:46:54.364,13.022,-12.361,-16.308,True,-11.183,-15.856,27.005,29.604,2.072,-0.588,0.000,0.000,-12.361,-16.308,20.463,-0.279,-0.074,0.289,0.823
17:46:54.385,13.042,-10.595,-16.308,True,-10.632,-15.507,26.928,28.580,2.095,-0.561,0.000,0.000,-10.595,-16.308,19.447,-0.289,-0.125,0.315,0.856
17:46:54.408,13.066,-12.361,-18.346,True,-10.621,-15.729,23.198,23.951,1.801,-0.338,0.000,0.000,-12.361,-18.346,22.122,-0.516,0.038,0.517,0.570
17:46:54.429,13.086,-8.829,-26.500,True,-9.848,-17.866,25.309,7.784,0.415,-0.542,0.000,0.000,-8.829,-26.500,27.932,-1.443,-0.132,1.449,1.078
17:46:54.448,13.106,-8.829,-16.308,True,-9.222,-17.384,25.822,12.896,0.646,-0.846,0.000,0.000,-8.829,-16.308,18.544,-1.169,-0.217,1.189,0.582
17:46:54.469,13.126,-7.063,-16.308,True,-8.324,-16.936,27.888,16.551,0.407,-0.737,0.000,0.000,-7.063,-16.308,17.772,-0.963,-0.399,1.042,0.686
17:46:54.489,13.146,-8.829,-24.462,True,-8.013,-18.432,25.444,6.512,-0.465,-0.386,0.000,0.000,-8.829,-24.462,26.006,-1.556,-0.322,1.589,0.769
17:46:54.509,13.167,-8.829,-16.308,True,-7.813,-17.838,22.758,12.758,0.152,0.046,0.000,0.000,-8.829,-16.308,18.544,-1.221,-0.223,1.241,0.703
17:46:54.530,13.188,-8.829,-18.346,True,-7.700,-17.760,20.049,14.099,0.040,-0.073,0.000,0.000,-8.829,-18.346,20.360,-1.154,-0.115,1.159,1.131
17:46:54.550,13.208,-8.829,-24.462,True,-7.654,-19.102,17.474,5.798,-0.540,0.032,0.000,0.000,-8.829,-24.462,26.006,-1.654,-0.006,1.654,0.700
17:46:54.570,13.228,-8.829,-18.346,True,-7.659,-18.837,15.133,10.174,-0.498,0.201,0.000,0.000,-8.829,-18.346,20.360,-1.435,0.098,1.438,0.462
17:46:54.591,13.248,-8.829,-24.462,True,-7.699,-19.988,13.085,4.219,-0.967,0.176,0.000,0.000,-8.829,-24.462,26.006,-1.813,0.192,1.823,0.413
17:46:54.613,13.270,-8.829,-26.500,True,-7.761,-21.436,11.354,-2.132,-1.326,0.227,0.000,0.000,-8.829,-26.500,27.932,-2.238,0.275,2.255,0.784
17:46:54.633,13.290,-8.829,-18.346,True,-7.834,-20.751,9.940,7.250,-0.933,0.161,0.000,0.000,-8.829,-18.346,20.360,-1.755,0.345,1.789,0.389
17:46:54.653,13.311,-8.829,-22.423,True,-7.913,-21.028,8.825,8.082,-1.058,0.432,0.000,0.000,-8.829,-22.423,24.099,-1.746,0.402,1.792,0.766
17:46:54.674,13.332,-8.829,-22.423,True,-7.990,-21.228,7.982,9.292,-0.958,0.456,0.000,0.000,-8.829,-22.423,24.099,-1.713,0.447,1.770,0.802
17:46:54.694,13.352,-8.829,-24.462,True,-8.063,-21.837,7.375,7.590,-1.060,0.532,0.000,0.000,-8.829,-24.462,26.006,-1.849,0.481,1.910,0.725
17:46:54.715,13.372,-8.829,-22.423,True,-8.127,-21.856,6.967,10.261,-0.908,0.647,0.000,0.000,-8.829,-22.423,24.099,-1.733,0.505,1.805,0.543
17:46:54.736,13.393,-8.829,-26.500,True,-8.184,-22.778,6.721,6.416,-1.365,0.526,0.000,0.000,-8.829,-26.500,27.932,-1.995,0.522,2.062,0.961
17:46:54.755,13.413,-8.829,-18.346,True,-8.230,-21.650,6.602,17.086,-0.824,0.489,0.000,0.000,-8.829,-18.346,20.360,-1.411,0.532,1.508,0.417
17:46:54.776,13.434,-8.829,-16.308,True,-8.268,-20.146,6.578,27.621,-0.162,0.543,0.000,0.000,-8.829,-16.308,18.544,-0.795,0.536,0.959,0.681
17:46:54.797,13.454,-8.829,-22.423,True,-8.297,-20.251,6.623,24.935,-0.347,0.467,0.000,0.000,-8.829,-22.423,24.099,-0.925,0.537,1.069,0.605
17:46:54.817,13.474,-8.829,-16.308,True,-8.319,-18.952,6.712,32.095,0.034,0.308,0.000,0.000,-8.829,-16.308,18.544,-0.479,0.536,0.718,0.432
17:46:54.837,13.495,-8.829,-16.308,True,-8.185,-18.310,7.813,33.078,0.447,0.142,0.000,0.000,-8.829,-16.308,18.544,-0.371,0.474,0.602,0.729
17:46:54.858,13.515,-8.829,-16.308,True,-8.254,-17.271,7.342,36.259,1.218,0.275,0.000,0.000,-8.829,-16.308,18.544,-0.127,0.501,0.517,0.805
17:46:54.878,13.535,-8.829,-16.308,True,-8.300,-16.482,7.157,36.920,1.332,0.553,0.000,0.000,-8.829,-16.308,18.544,-0.019,0.514,0.514,0.444
17:46:54.898,13.556,-10.595,-14.269,True,-8.781,-15.366,4.294,39.329,1.514,0.717,0.000,0.000,-10.595,-14.269,17.773,0.199,0.689,0.717,0.851
17:46:54.919,13.576,-12.361,-14.269,True,-9.603,-14.503,-0.016,39.404,1.656,1.020,0.000,0.000,-12.361,-14.269,18.879,0.289,0.961,1.004,0.794
17:46:54.942,13.599,-12.361,-16.308,True,-10.271,-14.343,-2.272,34.832,1.524,1.089,0.000,0.000,-12.361,-16.308,20.463,0.103,1.127,1.132,0.786
17:46:54.961,13.619,-10.595,-14.269,True,-10.383,-13.795,-0.380,33.672,1.478,1.108,0.000,0.000,-10.595,-14.269,17.773,0.107,1.055,1.060,0.395
17:46:54.982,13.639,-12.361,-14.269,True,-10.855,-13.392,-1.199,31.712,1.281,1.152,0.000,0.000,-12.361,-14.269,18.879,0.061,1.138,1.140,0.680
17:46:55.002,13.660,-12.361,-14.269,True,-11.226,-13.111,-1.106,29.296,1.335,1.277,0.000,0.000,-12.361,-14.269,18.879,-0.018,1.171,1.172,0.520
17:46:55.023,13.680,-12.361,-12.231,True,-11.507,-12.457,-0.389,29.780,1.324,1.289,0.000,0.000,-12.361,-12.231,17.389,0.069,1.168,1.170,0.796
17:46:55.043,13.701,-10.595,-12.231,True,-11.301,-11.947,3.410,29.076,1.252,1.160,0.000,0.000,-10.595,-12.231,16.182,0.089,0.980,0.984,0.709
17:46:55.063,13.721,-10.595,-14.269,True,-11.085,-12.040,6.395,24.467,0.906,1.020,0.000,0.000,-10.595,-14.269,17.773,-0.124,0.826,0.835,0.632
17:46:55.084,13.741,-8.829,-14.269,True,-10.462,-12.182,11.342,20.570,0.702,0.730,0.000,0.000,-8.829,-14.269,16.780,-0.310,0.546,0.628,0.426
17:46:55.104,13.762,-8.829,-12.231,True,-9.909,-11.878,14.614,20.504,0.709,0.557,0.000,0.000,-8.829,-12.231,15.085,-0.283,0.346,0.447,0.775
17:46:55.125,13.782,-8.829,-14.269,True,-9.433,-12.119,16.530,16.797,0.476,0.411,0.000,0.000,-8.829,-14.269,16.780,-0.470,0.214,0.517,0.429
17:46:55.145,13.803,-8.829,-12.231,True,-9.039,-11.887,17.388,17.078,0.477,0.322,0.000,0.000,-8.829,-12.231,15.085,-0.435,0.136,0.456,0.692
17:46:55.166,13.823,-8.829,-12.231,True,-8.723,-11.705,17.457,16.922,0.216,0.339,0.000,0.000,-8.829,-12.231,15.085,-0.424,0.102,0.436,0.722
17:46:55.186,13.844,-8.829,-12.231,True,-8.480,-11.567,16.970,16.469,0.106,0.225,0.000,0.000,-8.829,-12.231,15.085,-0.430,0.099,0.441,0.757
17:46:55.207,13.864,-8.829,-14.269,True,-8.301,-11.943,16.120,12.713,-0.075,0.033,0.000,0.000,-8.829,-14.269,16.780,-0.633,0.119,0.644,0.727
17:46:55.227,13.884,-8.829,-12.231,True,-8.176,-11.815,15.062,13.184,-0.484,-0.018,0.000,0.000,-8.829,-12.231,15.085,-0.600,0.153,0.619,0.702
17:46:55.248,13.906,-8.829,-14.269,True,-8.097,-12.183,13.916,10.259,-0.720,0.052,0.000,0.000,-8.829,-14.269,16.780,-0.766,0.195,0.790,0.394
17:46:55.269,13.926,-7.063,-14.269,True,-7.643,-12.511,15.473,8.328,-0.795,-0.220,0.000,0.000,-7.063,-14.269,15.922,-0.883,0.081,0.887,0.441
17:46:55.289,13.947,-7.063,-18.346,True,-7.271,-13.740,16.053,0.969,-1.371,-0.377,0.000,0.000,-7.063,-18.346,19.659,-1.331,0.019,1.331,0.790
17:46:55.309,13.967,-5.297,-14.269,True,-6.566,-13.848,18.616,2.866,-1.602,-0.336,0.000,0.000,-5.297,-14.269,15.221,-1.258,-0.165,1.269,0.386
17:46:55.330,13.987,-7.063,-14.269,True,-6.395,-13.902,16.947,4.720,-1.654,-0.218,0.000,0.000,-7.063,-14.269,15.922,-1.182,-0.108,1.187,0.494
17:46:55.351,14.008,-7.063,-14.269,True,-6.291,-13.915,15.186,6.442,-1.728,-0.107,0.000,0.000,-7.063,-14.269,15.922,-1.107,-0.041,1.108,0.751
17:46:55.372,14.030,-7.063,-12.231,True,-6.237,-13.425,13.457,11.092,-1.428,-0.127,0.000,0.000,-7.063,-12.231,14.124,-0.853,0.030,0.853,0.574
17:46:55.394,14.051,-7.063,-12.231,True,-6.222,-12.977,11.845,14.329,-1.299,-0.154,0.000,0.000,-7.063,-12.231,14.124,-0.665,0.099,0.673,0.795
17:46:55.414,14.071,-5.297,-12.231,True,-5.826,-12.583,13.100,16.397,-1.189,-0.223,0.000,0.000,-5.297,-12.231,13.329,-0.535,0.004,0.535,0.437
17:46:55.435,14.093,-5.297,-12.231,True,-5.502,-12.250,13.515,17.534,-1.127,-0.309,0.000,0.000,-5.297,-12.231,13.329,-0.451,-0.046,0.453,0.818
17:46:55.455,14.113,-5.297,-10.192,True,-5.247,-11.503,13.319,21.067,-0.916,-0.295,0.000,0.000,-5.297,-10.192,11.487,-0.220,-0.063,0.229,0.744
17:46:55.476,14.133,-5.297,-10.192,True,-5.054,-10.875,12.705,22.877,-0.762,-0.259,0.000,0.000,-5.297,-10.192,11.487,-0.078,-0.055,0.095,0.742
17:46:55.496,14.153,-5.297,-10.192,True,-4.916,-10.365,11.832,23.380,-0.695,-0.272,0.000,0.000,-5.297,-10.192,11.487,-0.005,-0.031,0.031,0.441
17:46:55.517,14.174,-5.297,-8.154,True,-4.823,-9.492,10.824,26.052,-0.472,-0.091,0.000,0.000,-5.297,-8.154,9.724,0.201,0.005,0.201,0.752
17:46:55.537,14.194,-5.297,-6.115,True,-4.767,-8.308,9.777,30.001,-0.019,-0.108,0.000,0.000,-5.297,-6.115,8.091,0.493,0.045,0.495,0.684
17:46:55.558,14.216,-5.297,-10.192,True,-4.740,-8.285,8.761,25.193,-0.440,-0.115,0.000,0.000,-5.297,-10.192,11.487,0.283,0.087,0.297,0.762
17:46:55.579,14.236,-3.532,-6.115,True,-4.325,-7.394,10.518,27.154,-0.333,-0.283,0.000,0.000,-3.532,-6.115,7.062,0.459,-0.032,0.460,0.886
17:46:55.599,14.257,-3.532,-6.115,True,-3.979,-6.680,11.343,27.334,-0.194,-0.523,0.000,0.000,-3.532,-6.115,7.062,0.538,-0.103,0.548,0.711
17:46:55.620,14.277,-1.766,-2.038,True,-3.291,-5.182,14.165,32.482,0.257,-0.810,0.000,0.000,-1.766,-2.038,2.697,0.915,-0.296,0.962,0.692
17:46:55.640,14.297,-1.766,-8.154,True,-2.719,-5.374,15.452,25.070,-0.047,-0.997,0.000,0.000,-1.766,-8.154,8.343,0.569,-0.410,0.702,0.387
17:46:55.660,14.318,-1.766,-6.115,True,-2.260,-5.161,15.593,22.002,-0.182,-0.957,0.000,0.000,-1.766,-6.115,6.365,0.455,-0.462,0.649,0.769
17:46:55.680,14.338,-1.766,-6.115,True,-1.906,-5.045,14.922,18.938,-0.310,-0.923,0.000,0.000,-1.766,-6.115,6.365,0.331,-0.468,0.574,0.386
17:46:55.701,14.359,-1.766,-2.038,True,-1.644,-4.056,13.719,22.270,-0.038,-0.833,0.000,0.000,-1.766,-2.038,2.697,0.577,-0.441,0.727,0.816
17:46:55.722,14.379,-1.766,-2.038,True,-1.462,-3.245,12.208,23.485,0.099,-0.777,0.000,0.000,-1.766,-2.038,2.697,0.712,-0.393,0.813,0.639
17:46:55.742,14.399,-1.766,-2.038,True,-1.345,-2.604,10.564,23.147,0.119,-0.705,0.000,0.000,-1.766,-2.038,2.697,0.761,-0.332,0.830,0.507
17:46:55.762,14.419,-1.766,2.038,True,-1.281,-1.170,8.917,27.966,0.483,-0.653,0.000,0.000,-1.766,2.038,2.697,1.117,-0.266,1.148,0.574
17:46:55.783,14.440,0.000,2.038,True,-0.846,0.005,10.055,29.716,0.691,-0.744,0.000,0.000,0.000,2.038,2.038,1.312,-0.359,1.360,0.788
17:46:55.803,14.460,-1.766,4.077,True,-0.905,1.407,7.606,32.332,0.936,-0.674,0.000,0.000,-1.766,4.077,4.443,1.568,-0.245,1.587,0.732
17:46:55.823,14.480,-1.766,4.077,True,-0.989,2.524,5.556,32.201,0.896,-0.553,0.000,0.000,-1.766,4.077,4.443,1.674,-0.146,1.680,0.442
17:46:55.844,14.501,0.000,6.115,True,-0.674,3.852,6.595,33.264,1.069,-0.671,0.000,0.000,0.000,6.115,6.115,1.853,-0.224,1.867,0.682
17:46:55.864,14.521,-1.766,8.154,True,-0.826,5.363,4.266,35.008,1.303,-0.614,0.000,0.000,-1.766,8.154,8.343,2.081,-0.106,2.084,0.795
17:46:55.884,14.541,-1.766,10.192,True,-0.979,7.022,2.483,37.038,1.573,-0.554,0.000,0.000,-1.766,10.192,10.344,2.337,-0.012,2.337,0.474
17:46:55.909,14.566,-1.766,8.154,True,-1.124,7.854,1.182,32.834,1.450,-0.429,0.000,0.000,-1.766,8.154,8.343,2.235,0.060,2.235,0.694
17:46:55.929,14.587,-3.532,6.115,True,-1.665,7.954,-2.408,24.585,1.138,-0.232,0.000,0.000,-3.532,6.115,7.062,1.881,0.273,1.900,0.746
17:46:55.950,14.607,-3.532,10.192,True,-2.136,8.851,-4.625,23.389,1.094,0.058,0.000,0.000,-3.532,10.192,10.787,1.917,0.418,1.962,0.878
17:46:55.970,14.628,-3.532,12.231,True,-2.531,9.996,-5.757,23.895,1.223,0.447,0.000,0.000,-3.532,12.231,12.730,2.054,0.507,2.116,0.906
17:46:55.991,14.648,-3.532,18.346,True,-2.852,12.303,-6.068,31.697,1.852,0.639,0.000,0.000,-3.532,18.346,18.683,2.629,0.553,2.687,0.761
17:46:56.014,14.672,-7.063,6.115,True,-3.923,11.352,-11.178,15.878,1.127,0.980,0.000,0.000,-7.063,6.115,9.343,1.836,0.886,2.038,0.956
17:46:56.034,14.691,-5.297,18.346,True,-4.414,13.221,-11.115,22.302,1.418,1.041,0.000,0.000,-5.297,18.346,19.096,2.306,0.932,2.488,0.472
17:46:56.055,14.713,-3.532,14.269,True,-4.380,13.807,-7.513,18.484,1.346,0.906,0.000,0.000,-3.532,14.269,14.700,2.197,0.770,2.327,0.795
17:46:56.076,14.733,-5.297,22.423,True,-4.708,16.092,-7.103,26.565,2.000,1.035,0.000,0.000,-5.297,22.423,23.040,2.782,0.784,2.890,0.773
17:46:56.096,14.754,-8.829,20.385,True,-5.775,17.497,-11.568,26.593,2.372,1.323,0.000,0.000,-8.829,20.385,22.215,2.924,1.088,3.119,0.796
17:46:56.120,14.778,-5.297,24.462,True,-5.842,19.524,-8.250,30.410,2.806,1.419,0.000,0.000,-5.297,24.462,25.029,3.295,0.948,3.428,0.740
17:46:56.141,14.799,-8.829,18.346,True,-6.662,19.717,-10.612,20.914,2.346,1.566,0.000,0.000,-8.829,18.346,20.360,2.895,1.135,3.109,0.706
17:46:56.162,14.820,-10.595,18.346,True,-7.739,19.720,-13.963,12.234,2.039,1.706,0.000,0.000,-10.595,18.346,21.186,2.512,1.390,2.871,0.867
17:46:56.183,14.840,-10.595,20.385,True,-8.617,20.062,-15.042,7.715,2.184,2.189,0.000,0.000,-10.595,20.385,22.974,2.347,1.526,2.799,0.632
17:46:56.203,14.861,-10.595,20.385,True,-9.307,20.255,-14.469,3.151,2.067,2.412,0.000,0.000,-10.595,20.385,22.974,2.165,1.569,2.674,0.751
17:46:56.227,14.885,-10.595,22.423,True,-9.829,20.807,-12.769,1.917,2.118,2.335,0.000,0.000,-10.595,22.423,24.800,2.165,1.546,2.661,0.493
17:46:56.248,14.906,-8.829,20.385,True,-9.792,20.739,-7.675,-3.236,1.872,2.129,0.000,0.000,-8.829,20.385,22.215,1.931,1.318,2.338,0.942
17:46:56.268,14.926,-10.595,20.385,True,-10.097,20.607,-5.958,-7.645,1.679,2.064,0.000,0.000,-10.595,20.385,22.974,1.723,1.273,2.142,0.783
17:46:56.289,14.946,-7.063,22.423,True,-9.483,20.911,1.471,-8.178,1.680,1.652,0.000,0.000,-7.063,22.423,23.509,1.730,0.883,1.943,0.836
17:46:56.309,14.967,-10.595,22.423,True,-9.719,21.137,1.544,-9.174,1.637,1.683,0.000,0.000,-10.595,22.423,24.800,1.709,0.904,1.933,0.758
17:46:56.329,14.987,-7.063,26.500,True,-9.078,22.242,7.409,-4.215,1.981,1.330,0.000,0.000,-7.063,26.500,27.425,2.038,0.581,2.119,0.483
17:46:56.350,15.007,-10.595,24.462,True,-9.317,22.693,6.060,-4.884,1.987,1.354,0.000,0.000,-10.595,24.462,26.657,2.054,0.664,2.158,0.692
17:46:56.370,15.028,-8.829,26.500,True,-9.111,23.502,7.985,-3.141,2.132,1.186,0.000,0.000,-8.829,26.500,27.932,2.212,0.559,2.281,0.739
17:46:56.391,15.048,-5.297,24.462,True,-8.102,23.677,14.712,-6.124,1.987,0.746,0.000,0.000,-5.297,24.462,25.029,2.097,0.161,2.104,0.788
17:46:56.411,15.068,-5.297,26.500,True,-7.225,24.239,18.876,-5.935,2.012,0.483,0.000,0.000,-5.297,26.500,27.024,2.162,-0.111,2.165,0.458
17:46:56.433,15.091,-5.297,32.615,True,-6.487,26.094,21.015,2.596,2.556,0.324,0.000,0.000,-5.297,32.615,33.043,2.724,-0.279,2.738,0.463
17:46:56.454,15.111,-5.297,32.615,True,-5.888,27.649,21.617,6.880,2.995,0.047,0.000,0.000,-5.297,32.615,33.043,3.069,-0.365,3.090,0.648
17:46:56.474,15.131,-5.297,32.615,True,-5.419,28.908,21.108,7.950,3.225,-0.341,0.000,0.000,-5.297,32.615,33.043,3.242,-0.390,3.265,0.394
17:46:56.494,15.152,-5.297,28.538,True,-5.067,28.944,19.848,0.482,2.976,-0.236,0.000,0.000,-5.297,28.538,29.026,2.916,-0.369,2.939,0.402
17:46:56.514,15.172,-5.297,36.692,True,-4.816,30.752,18.130,6.309,3.402,-0.083,0.000,0.000,-5.297,36.692,37.073,3.354,-0.319,3.369,0.429
17:46:56.536,15.193,-3.532,24.462,True,-4.239,29.387,18.882,-10.381,2.646,-0.143,0.000,0.000,-3.532,24.462,24.715,2.481,-0.410,2.514,0.494
17:46:56.556,15.214,-5.297,24.462,True,-4.195,28.084,15.848,-22.683,1.918,0.029,0.000,0.000,-5.297,24.462,25.029,1.807,-0.280,1.829,0.480
17:46:56.577,15.234,-1.766,34.654,True,-3.387,29.262,18.498,-15.669,2.335,-0.186,0.000,0.000,-1.766,34.654,34.699,2.235,-0.478,2.285,0.758
17:46:56.597,15.255,-5.297,24.462,True,-3.547,27.906,14.034,-27.112,1.745,0.076,0.000,0.000,-5.297,24.462,25.029,1.594,-0.265,1.616,0.539
17:46:56.618,15.275,-1.766,24.462,True,-2.918,26.689,15.782,-34.819,1.277,-0.067,0.000,0.000,-1.766,24.462,24.525,1.132,-0.405,1.202,0.516
17:46:56.638,15.295,-1.766,26.500,True,-2.408,26.111,16.227,-36.371,1.082,-0.080,0.000,0.000,-1.766,26.500,26.559,1.006,-0.475,1.112,0.777
17:46:56.664,15.321,-1.766,26.500,True,-2.010,25.643,15.735,-36.732,1.064,-0.096,0.000,0.000,-1.766,26.500,26.559,0.943,-0.494,1.064,0.434
17:46:56.684,15.342,-5.297,26.500,True,-2.532,25.278,9.219,-36.239,1.118,0.196,0.000,0.000,-5.297,26.500,27.024,0.928,-0.154,0.941,0.658
17:46:56.705,15.362,-1.766,26.500,True,-2.212,25.006,9.791,-35.173,1.164,0.301,0.000,0.000,-1.766,26.500,26.559,0.948,-0.211,0.971,0.424
17:46:56.726,15.383,-1.766,22.423,True,-1.958,23.866,9.741,-39.990,0.858,0.258,0.000,0.000,-1.766,22.423,22.492,0.621,-0.234,0.664,0.780
17:46:56.746,15.404,-7.063,20.385,True,-2.995,22.443,1.166,-45.361,0.467,0.773,0.000,0.000,-7.063,20.385,21.574,0.242,0.248,0.347,0.740
17:46:56.768,15.425,-1.766,24.462,True,-2.691,22.215,3.517,-41.391,0.583,0.619,0.000,0.000,-1.766,24.462,24.525,0.395,0.114,0.411,0.434
17:46:56.789,15.446,-1.766,24.462,True,-2.422,22.102,5.057,-37.507,0.675,0.475,0.000,0.000,-1.766,24.462,24.525,0.555,0.019,0.555,0.622
17:46:56.810,15.467,-5.297,16.308,True,-3.013,20.180,0.551,-46.349,0.200,0.742,0.000,0.000,-5.297,16.308,17.147,-0.028,0.277,0.278,0.690
17:46:56.830,15.487,-1.766,28.538,True,-2.715,21.410,3.007,-32.111,0.920,0.652,0.000,0.000,-1.766,28.538,28.593,0.724,0.139,0.737,0.428
17:46:56.851,15.508,-1.766,26.500,True,-2.448,22.100,4.649,-24.844,1.393,0.601,0.000,0.000,-1.766,26.500,26.559,1.113,0.040,1.114,0.562
17:46:56.872,15.529,-5.297,16.308,True,-3.039,20.373,0.237,-35.218,0.677,0.901,0.000,0.000,-5.297,16.308,17.147,0.483,0.293,0.565,0.496
17:46:56.892,15.550,-5.297,14.269,True,-3.560,18.414,-2.617,-44.455,-0.100,1.098,0.000,0.000,-5.297,14.269,15.221,-0.121,0.472,0.487,0.422
17:46:56.913,15.571,-5.297,14.269,True,-4.004,16.768,-4.223,-49.178,-0.450,1.145,0.000,0.000,-5.297,14.269,15.221,-0.494,0.587,0.767,0.604
17:46:56.934,15.591,-5.297,12.231,True,-4.369,14.959,-4.864,-53.591,-0.699,1.228,0.000,0.000,-5.297,12.231,13.329,-0.870,0.652,1.087,0.743
17:46:56.955,15.612,-5.297,10.192,True,-4.659,13.029,-4.794,-57.448,-1.218,1.329,0.000,0.000,-5.297,10.192,11.487,-1.233,0.678,1.407,0.719
17:46:56.975,15.633,-3.532,18.346,True,-4.471,13.382,-1.534,-45.040,-0.976,1.308,0.000,0.000,-3.532,18.346,18.683,-0.650,0.515,0.829,0.721
17:46:56.996,15.653,-3.532,22.423,True,-4.276,14.791,1.006,-28.522,-0.184,1.269,0.000,0.000,-3.532,22.423,22.699,0.220,0.383,0.442,0.663
17:46:57.016,15.674,-7.063,8.154,True,-4.908,12.811,-2.494,-38.240,-0.455,1.749,0.000,0.000,-7.063,8.154,10.788,-0.407,0.601,0.726,0.604
17:46:57.037,15.694,-5.297,22.423,True,-5.037,14.457,-1.777,-21.557,0.584,1.811,0.000,0.000,-5.297,22.423,23.040,0.494,0.582,0.764,0.714
17:46:57.057,15.714,-5.297,20.385,True,-5.125,15.503,-0.925,-12.862,1.165,1.862,0.000,0.000,-5.297,20.385,21.062,0.983,0.553,1.128,0.738
17:46:57.077,15.734,-3.532,20.385,True,-4.769,16.440,2.674,-7.034,1.673,1.774,0.000,0.000,-3.532,20.385,20.688,1.334,0.359,1.381,0.380
17:46:57.098,15.755,-5.297,14.269,True,-4.851,15.828,2.522,-12.873,1.429,1.813,0.000,0.000,-5.297,14.269,15.221,1.015,0.374,1.081,0.907
17:46:57.118,15.776,-5.297,16.308,True,-4.916,15.741,2.531,-13.831,1.399,1.869,0.000,0.000,-5.297,16.308,17.147,0.964,0.380,1.036,0.810
17:46:57.138,15.796,-5.297,16.308,True,-4.966,15.661,2.651,-14.524,1.349,1.823,0.000,0.000,-5.297,16.308,17.147,0.925,0.380,1.000,0.710
17:46:57.158,15.816,-5.297,20.385,True,-5.002,16.535,2.843,-8.767,1.704,1.813,0.000,0.000,-5.297,20.385,21.062,1.267,0.375,1.321,0.765
17:46:57.182,15.839,-5.297,18.346,True,-5.027,16.821,3.075,-8.336,1.716,1.773,0.000,0.000,-5.297,18.346,19.096,1.314,0.367,1.364,0.411
17:46:57.202,15.860,-5.297,12.231,True,-5.043,15.627,3.322,-17.792,1.047,1.892,0.000,0.000,-5.297,12.231,13.329,0.777,0.358,0.856,0.409
17:46:57.223,15.880,-5.297,16.308,True,-5.051,15.512,3.566,-17.806,0.943,1.863,0.000,0.000,-5.297,16.308,17.147,0.765,0.348,0.841,0.749
17:46:57.243,15.900,-5.297,18.346,True,-5.053,15.897,3.795,-14.506,1.063,1.616,0.000,0.000,-5.297,18.346,19.096,0.949,0.338,1.008,0.463
17:46:57.263,15.920,-8.829,6.115,True,-5.872,13.402,-1.393,-30.951,0.050,1.959,0.000,0.000,-8.829,6.115,10.740,-0.026,0.649,0.649,0.408
17:46:57.284,15.941,-5.297,18.346,True,-5.760,14.075,0.860,-22.402,0.479,1.887,0.000,0.000,-5.297,18.346,19.096,0.419,0.538,0.682,0.691
17:46:57.304,15.961,-5.297,12.231,True,-5.639,13.303,2.646,-25.395,0.204,1.699,0.000,0.000,-5.297,12.231,13.329,0.209,0.447,0.494,0.484
17:46:57.325,15.982,-8.829,18.346,True,-6.340,14.085,-1.387,-17.347,0.518,1.940,0.000,0.000,-8.829,18.346,20.360,0.643,0.695,0.947,0.766
17:46:57.345,16.002,-5.297,14.269,True,-6.119,13.861,1.675,-17.856,0.511,1.557,0.000,0.000,-5.297,14.269,15.221,0.598,0.538,0.804,0.695
17:46:57.365,16.022,-5.297,14.269,True,-5.902,13.682,3.984,-17.916,0.560,1.193,0.000,0.000,-5.297,14.269,15.221,0.577,0.414,0.711,0.435
17:46:57.386,16.043,-5.297,12.231,True,-5.701,13.070,5.638,-20.771,0.356,0.936,0.000,0.000,-5.297,12.231,13.329,0.390,0.321,0.505,0.701
17:46:57.409,16.066,-5.297,16.308,True,-5.520,13.503,6.741,-15.993,0.669,0.927,0.000,0.000,-5.297,16.308,17.147,0.644,0.254,0.693,0.701
17:46:57.429,16.086,-3.532,18.346,True,-4.955,14.383,10.095,-9.432,1.044,0.695,0.000,0.000,-3.532,18.346,18.683,1.022,0.050,1.023,0.635
17:46:57.449,16.106,-3.532,6.115,True,-4.469,12.317,12.063,-23.869,0.202,0.566,0.000,0.000,-3.532,6.115,7.062,0.178,-0.086,0.198,0.544
17:46:57.470,16.127,-5.297,14.269,True,-4.476,12.404,10.254,-20.525,0.368,0.652,0.000,0.000,-5.297,14.269,15.221,0.334,-0.005,0.334,0.795
17:46:57.490,16.147,-5.297,14.269,True,-4.510,12.522,8.677,-17.737,0.418,0.760,0.000,0.000,-5.297,14.269,15.221,0.469,0.068,0.474,0.764
17:46:57.511,16.168,-5.297,16.308,True,-4.560,13.129,7.349,-12.379,0.664,0.891,0.000,0.000,-5.297,16.308,17.147,0.767,0.132,0.778,0.477
17:46:57.531,16.188,-5.297,14.269,True,-4.618,13.204,6.268,-11.835,0.727,0.907,0.000,0.000,-5.297,14.269,15.221,0.798,0.185,0.819,0.544
17:46:57.552,16.209,-3.532,14.269,True,-4.269,13.270,8.116,-11.487,0.771,0.780,0.000,0.000,-3.532,14.269,14.700,0.820,0.069,0.823,0.760
17:46:57.572,16.230,-5.297,14.269,True,-4.384,13.326,6.439,-11.295,0.824,0.881,0.000,0.000,-5.297,14.269,15.221,0.834,0.154,0.848,0.771
17:46:57.592,16.249,-5.297,10.192,True,-4.497,12.424,5.164,-17.448,0.500,0.883,0.000,0.000,-5.297,10.192,11.487,0.472,0.222,0.522,0.402
17:46:57.616,16.273,-3.532,14.269,True,-4.194,12.585,6.936,-15.068,0.651,0.795,0.000,0.000,-3.532,14.269,14.700,0.593,0.113,0.604,0.817
17:46:57.636,16.294,-3.532,10.192,True,-3.933,11.798,7.968,-19.481,0.374,0.635,0.000,0.000,-3.532,10.192,10.787,0.320,0.042,0.323,0.443
17:46:57.657,16.314,-3.532,10.192,True,-3.718,11.126,8.423,-21.996,0.199,0.545,0.000,0.000,-3.532,10.192,10.787,0.142,-0.000,0.142,0.651
17:46:57.677,16.335,-3.532,10.192,True,-3.545,10.571,8.450,-23.040,0.137,0.535,0.000,0.000,-3.532,10.192,10.787,0.040,-0.018,0.044,0.425
17:46:57.698,16.355,-1.766,10.192,True,-3.002,10.129,10.871,-22.998,0.053,0.355,0.000,0.000,-1.766,10.192,10.344,-0.002,-0.180,0.180,0.781
17:46:57.718,16.375,-1.766,10.192,True,-2.548,9.791,12.058,-22.195,0.062,0.137,0.000,0.000,-1.766,10.192,10.344,-0.001,-0.277,0.277,0.434
17:46:57.739,16.396,-3.532,10.192,True,-2.591,9.543,9.617,-20.903,0.041,0.279,0.000,0.000,-3.532,10.192,10.787,0.032,-0.165,0.168,0.487
17:46:57.759,16.417,-3.532,6.115,True,-2.662,8.426,7.548,-25.564,-0.200,0.231,0.000,0.000,-3.532,6.115,7.062,-0.286,-0.067,0.294,0.495
17:46:57.780,16.437,-1.766,4.077,True,-2.338,7.023,8.548,-30.838,-0.571,0.439,0.000,0.000,-1.766,4.077,4.443,-0.659,-0.144,0.674,0.507
17:46:57.800,16.457,-1.766,10.192,True,-2.074,7.286,8.866,-23.703,-0.240,0.382,0.000,0.000,-1.766,10.192,10.344,-0.318,-0.184,0.367,0.474
17:46:57.821,16.478,-1.766,10.192,True,-1.866,7.597,8.688,-17.888,0.346,0.018,0.000,0.000,-1.766,10.192,10.344,-0.030,-0.197,0.199,0.548
17:46:57.842,16.499,-1.766,8.154,True,-1.709,7.452,8.171,-16.430,0.487,0.059,0.000,0.000,-1.766,8.154,8.343,0.020,-0.190,0.191,0.783
17:46:57.862,16.519,0.000,18.346,True,-1.187,9.731,10.142,0.668,1.663,0.121,0.000,0.000,0.000,18.346,18.346,1.003,-0.329,1.055,0.735
17:46:57.882,16.540,-1.766,6.115,True,-1.166,8.901,8.272,-6.934,1.298,0.100,0.000,0.000,-1.766,6.115,6.365,0.584,-0.249,0.635,0.779
17:46:57.903,16.560,-1.766,18.346,True,-1.178,10.989,6.593,6.502,1.981,0.058,0.000,0.000,-1.766,18.346,18.431,1.386,-0.173,1.397,0.744
17:46:57.923,16.581,-1.766,12.231,True,-1.213,11.377,5.138,5.353,1.890,0.766,0.000,0.000,-1.766,12.231,12.358,1.374,-0.105,1.378,0.706
17:46:57.944,16.601,0.000,12.231,True,-0.853,11.658,6.617,3.670,1.539,0.545,0.000,0.000,0.000,12.231,12.231,1.328,-0.207,1.344,0.763
17:46:57.964,16.621,-1.766,16.308,True,-0.963,12.794,4.596,7.931,1.640,0.346,0.000,0.000,-1.766,16.308,16.403,1.629,-0.107,1.633,0.401
17:46:57.984,16.641,-1.766,18.346,True,-1.079,14.206,3.011,12.819,2.317,0.313,0.000,0.000,-1.766,18.346,18.431,1.986,-0.025,1.987,0.455
17:46:58.005,16.662,0.000,8.154,True,-0.782,12.997,4.515,-0.896,1.810,-0.139,0.000,0.000,0.000,8.154,8.154,1.260,-0.121,1.266,0.764
17:46:58.026,16.684,0.000,8.154,True,-0.531,11.858,5.323,-10.854,1.232,-0.349,0.000,0.000,0.000,8.154,8.154,0.707,-0.182,0.730,0.739
17:46:58.047,16.704,0.000,20.385,True,-0.326,13.672,5.598,1.048,2.024,-0.493,0.000,0.000,0.000,20.385,20.385,1.413,-0.214,1.430,0.438
17:46:58.068,16.725,0.000,20.385,True,-0.164,15.248,5.484,8.362,2.601,-0.550,0.000,0.000,0.000,20.385,20.385,1.894,-0.226,1.907,0.837
17:46:58.088,16.745,1.766,14.269,True,0.368,15.149,7.801,2.721,2.457,-0.731,0.000,0.000,1.766,14.269,14.378,1.635,-0.381,1.679,0.663
17:46:58.108,16.766,1.766,14.269,True,0.813,14.986,8.914,-2.064,3.017,-0.717,0.000,0.000,1.766,14.269,14.378,1.408,-0.475,1.485,0.726
17:46:58.128,16.786,1.766,16.308,True,1.171,15.262,9.121,-2.875,2.980,-0.925,0.000,0.000,1.766,16.308,16.403,1.399,-0.520,1.493,0.619
17:46:58.148,16.806,1.766,16.308,True,1.449,15.460,8.683,-4.064,3.045,-0.905,0.000,0.000,1.766,16.308,16.403,1.367,-0.528,1.465,0.500
17:46:58.169,16.826,1.766,16.308,True,1.656,15.595,7.816,-5.454,2.918,-0.831,0.000,0.000,1.766,16.308,16.403,1.319,-0.511,1.414,0.680
17:46:58.189,16.847,3.532,18.346,True,2.212,16.150,9.393,-3.796,3.023,-1.011,0.000,0.000,3.532,18.346,18.683,1.447,-0.636,1.581,0.556
17:46:58.210,16.867,1.766,18.346,True,2.252,16.602,7.118,-3.300,3.205,-0.847,0.000,0.000,1.766,18.346,18.431,1.515,-0.539,1.608,0.430
17:46:58.230,16.888,3.532,18.346,True,2.659,16.957,7.746,-3.648,3.157,-0.855,0.000,0.000,3.532,18.346,18.683,1.535,-0.608,1.651,0.483
17:46:58.256,16.913,3.532,6.115,True,2.981,14.382,7.594,-23.246,1.927,-0.913,0.000,0.000,3.532,6.115,7.062,0.412,-0.633,0.756,0.804
17:46:58.276,16.934,3.532,18.346,True,3.225,14.946,6.902,-17.329,2.280,-0.969,0.000,0.000,3.532,18.346,18.683,0.730,-0.627,0.962,0.761
17:46:58.296,16.954,3.532,14.269,True,3.402,14.523,5.871,-19.333,2.326,-1.157,0.000,0.000,3.532,14.269,14.700,0.599,-0.599,0.847,0.699
17:46:58.317,16.975,1.766,14.269,True,3.112,14.167,1.961,-20.360,2.256,-1.181,0.000,0.000,1.766,14.269,14.378,0.518,-0.398,0.653,0.823
17:46:58.337,16.995,1.766,14.269,True,2.830,13.878,-0.973,-20.646,2.148,-1.042,0.000,0.000,1.766,14.269,14.378,0.477,-0.240,0.534,0.837
17:46:58.358,17.015,1.766,12.231,True,2.568,13.178,-3.061,-23.511,1.884,-0.883,0.000,0.000,1.766,12.231,12.358,0.280,-0.122,0.305,0.721
17:46:58.378,17.035,0.000,14.269,True,1.924,13.071,-7.138,-21.702,1.939,-0.603,0.000,0.000,0.000,14.269,14.269,0.349,0.123,0.370,0.834
17:46:58.398,17.055,0.000,10.192,True,1.367,12.069,-9.606,-26.153,1.568,-0.442,0.000,0.000,0.000,10.192,10.192,0.053,0.287,0.292,0.600
17:46:58.419,17.076,-1.766,10.192,True,0.492,11.231,-13.508,-28.328,1.293,-0.147,0.000,0.000,-1.766,10.192,10.344,-0.127,0.547,0.562,0.843
17:46:58.439,17.096,-1.766,10.192,True,-0.240,10.555,-15.419,-28.788,1.271,-0.139,0.000,0.000,-1.766,10.192,10.344,-0.215,0.705,0.737,0.792
17:46:58.460,17.118,-1.766,10.192,True,-0.548,9.979,-13.972,-28.346,1.280,-0.280,0.000,0.000,-1.766,10.192,10.344,-0.253,0.672,0.718,0.379
17:46:58.481,17.138,-1.766,6.115,True,-1.092,8.483,-14.284,-33.773,0.929,-0.174,0.000,0.000,-1.766,6.115,6.365,-0.642,0.740,0.980,0.465
17:46:58.501,17.158,-3.532,8.154,True,-1.953,7.900,-16.391,-31.870,0.847,0.054,0.000,0.000,-3.532,8.154,8.886,-0.617,0.919,1.107,0.698
17:46:58.521,17.179,-5.297,10.192,True,-3.052,8.012,-19.355,-25.892,1.137,0.338,0.000,0.000,-5.297,10.192,11.487,-0.342,1.160,1.209,0.725
17:46:58.542,17.199,-5.297,8.154,True,-3.900,7.658,-19.874,-24.160,1.109,0.415,0.000,0.000,-5.297,8.154,9.724,-0.301,1.267,1.302,0.749
17:46:58.562,17.220,-5.297,6.115,True,-4.539,6.918,-18.805,-25.167,0.948,0.457,0.000,0.000,-5.297,6.115,8.091,-0.419,1.284,1.351,0.444
17:46:58.583,17.240,-5.297,10.192,True,-5.006,7.315,-16.748,-18.560,1.237,0.453,0.000,0.000,-5.297,10.192,11.487,-0.088,1.240,1.243,0.469
17:46:58.604,17.261,-5.297,4.077,True,-5.331,6.268,-14.134,-22.725,0.876,0.415,0.000,0.000,-5.297,4.077,6.685,-0.376,1.157,1.217,0.820
17:46:58.625,17.282,-7.063,0.000,True,-5.953,4.453,-13.954,-30.764,0.276,0.486,0.000,0.000,-7.063,0.000,7.063,-0.913,1.211,1.517,0.752
17:46:58.645,17.303,-7.063,6.115,True,-6.426,4.369,-12.727,-25.431,0.385,0.501,0.000,0.000,-7.063,6.115,9.343,-0.686,1.204,1.386,0.717
17:46:58.665,17.323,-8.829,6.115,True,-7.180,4.384,-13.522,-20.591,0.931,0.679,0.000,0.000,-8.829,6.115,10.740,-0.470,1.315,1.396,0.764
17:46:58.685,17.343,-8.829,6.115,True,-7.771,4.471,-12.922,-16.357,1.173,0.656,0.000,0.000,-8.829,6.115,10.740,-0.275,1.347,1.375,0.431
17:46:58.706,17.364,-8.829,0.000,True,-8.215,3.181,-11.375,-22.121,0.791,0.482,0.000,0.000,-8.829,0.000,8.829,-0.658,1.324,1.478,0.756
17:46:58.727,17.384,-8.829,6.115,True,-8.532,3.523,-9.247,-15.604,1.115,0.338,0.000,0.000,-8.829,6.115,10.740,-0.336,1.261,1.305,0.737
17:46:58.746,17.404,-10.595,6.115,True,-9.154,3.886,-9.529,-10.467,1.389,0.695,0.000,0.000,-10.595,6.115,12.233,-0.073,1.336,1.338,0.396
17:46:58.767,17.424,-12.361,6.115,True,-10.046,4.244,-11.403,-6.582,1.480,0.849,0.000,0.000,-12.361,6.115,13.791,0.134,1.508,1.514,0.460
17:46:58.787,17.445,-12.361,4.077,True,-10.759,4.104,-11.501,-6.911,1.848,0.952,0.000,0.000,-12.361,4.077,13.016,0.105,1.584,1.587,0.594
17:46:58.808,17.465,-12.361,4.077,True,-11.308,3.992,-10.348,-6.957,1.676,1.132,0.000,0.000,-12.361,4.077,13.016,0.092,1.588,1.590,0.403
17:46:58.828,17.485,-12.361,0.000,True,-11.712,2.956,-8.380,-13.043,1.158,0.870,0.000,0.000,-12.361,0.000,12.361,-0.280,1.541,1.566,0.584
17:46:58.848,17.506,-14.127,2.038,True,-12.402,2.543,-8.653,-13.473,0.913,1.148,0.000,0.000,-14.127,2.038,14.273,-0.340,1.622,1.657,0.512
17:46:58.869,17.526,-15.892,2.038,True,-13.346,2.219,-10.394,-13.133,0.844,1.327,0.000,0.000,-15.892,2.038,16.023,-0.358,1.793,1.829,0.662
17:46:58.890,17.547,-15.892,2.038,True,-14.098,1.975,-10.284,-12.272,0.787,1.480,0.000,0.000,-15.892,2.038,16.023,-0.344,1.864,1.895,0.750
17:46:58.910,17.568,-15.892,0.000,True,-14.673,1.328,-8.883,-14.208,0.718,1.397,0.000,0.000,-15.892,0.000,15.892,-0.494,1.859,1.924,0.878
17:46:58.931,17.588,-15.892,0.000,True,-15.093,0.801,-6.655,-14.787,0.557,1.365,0.000,0.000,-15.892,0.000,15.892,-0.573,1.803,1.892,0.791
17:46:58.950,17.608,-15.892,0.000,True,-15.381,0.388,-3.968,-14.382,0.455,1.321,0.000,0.000,-15.892,0.000,15.892,-0.596,1.713,1.814,0.457
17:46:58.971,17.628,-17.658,0.000,True,-15.971,0.077,-3.806,-13.311,0.450,1.395,0.000,0.000,-17.658,0.000,17.658,-0.580,1.765,1.858,0.558
17:46:58.991,17.649,-21.190,-12.231,True,-17.242,-2.988,-8.034,-30.511,-0.697,1.682,0.000,0.000,-21.190,-12.231,24.466,-1.645,2.079,2.651,0.805
17:46:59.012,17.669,-19.424,-2.038,True,-17.873,-3.235,-6.850,-24.749,-0.552,1.743,0.000,0.000,-19.424,-2.038,19.531,-1.416,2.090,2.524,0.684
17:46:59.032,17.689,-19.424,-2.038,True,-18.338,-3.337,-4.717,-19.256,-0.501,1.954,0.000,0.000,-19.424,-2.038,19.531,-1.184,2.042,2.360,0.386
17:46:59.053,17.710,-21.190,10.192,True,-19.073,-0.489,-4.732,4.426,0.925,1.909,0.000,0.000,-21.190,10.192,23.514,0.146,2.116,2.121,0.464
17:46:59.073,17.731,-17.658,-2.038,True,-18.817,-0.781,1.921,1.625,0.973,1.622,0.000,0.000,-17.658,-2.038,17.775,-0.006,1.797,1.797,0.392
17:46:59.094,17.752,-22.956,-8.154,True,-19.749,-2.469,-0.766,-9.670,0.398,1.863,0.000,0.000,-22.956,-8.154,24.361,-0.674,2.009,2.119,0.654
17:46:59.114,17.772,-19.424,-6.115,True,-19.685,-3.465,3.881,-13.559,0.209,1.501,0.000,0.000,-19.424,-6.115,20.364,-0.945,1.797,2.031,0.510
17:46:59.135,17.792,-22.956,-14.269,True,-20.386,-6.183,2.461,-27.703,-0.721,1.351,0.000,0.000,-22.956,-14.269,27.029,-1.841,1.930,2.667,0.734
17:46:59.155,17.813,-19.424,-14.269,True,-20.124,-8.487,7.819,-35.423,-1.294,1.019,0.000,0.000,-19.424,-14.269,24.102,-2.412,1.667,2.932,0.762
17:46:59.176,17.833,-19.424,-4.077,True,-19.842,-8.006,12.076,-22.650,-0.826,0.867,0.000,0.000,-19.424,-4.077,19.847,-1.800,1.451,2.312,0.705
17:46:59.196,17.853,-24.722,-18.346,True,-20.790,-10.756,7.236,-34.049,-1.717,1.259,0.000,0.000,-24.722,-18.346,30.785,-2.579,1.760,3.122,0.520
17:46:59.219,17.877,-24.722,-18.346,True,-20.645,-11.437,10.851,-28.751,-1.543,1.132,0.000,0.000,-24.722,-18.346,30.785,-2.413,1.586,2.887,0.632
17:46:59.243,17.900,-22.956,-4.077,True,-21.141,-9.775,9.550,-9.479,-0.530,1.097,0.000,0.000,-22.956,-4.077,23.315,-1.396,1.693,2.194,0.874
17:46:59.264,17.921,-19.424,-4.077,True,-20.543,-8.394,15.597,3.304,0.148,0.790,0.000,0.000,-19.424,-4.077,19.847,-0.694,1.366,1.532,1.001
17:46:59.284,17.941,-24.722,-4.077,True,-21.379,-7.240,11.182,11.564,0.678,0.897,0.000,0.000,-24.722,-4.077,25.055,-0.214,1.644,1.658,0.842
17:46:59.305,17.962,-24.722,-18.346,True,-22.039,-9.818,8.994,-5.698,-0.319,0.872,0.000,0.000,-24.722,-18.346,30.785,-1.233,1.807,2.188,0.932
17:46:59.329,17.987,-19.424,-4.077,True,-21.270,-8.514,16.444,5.822,0.341,0.695,0.000,0.000,-19.424,-4.077,19.847,-0.594,1.401,1.522,0.851
17:46:59.352,18.009,-22.956,-16.308,True,-21.421,-10.282,16.258,-4.989,-0.041,0.798,0.000,0.000,-22.956,-16.308,28.159,-1.248,1.424,1.894,0.756
17:46:59.372,18.029,-19.424,-2.038,True,-20.702,-8.416,21.719,10.226,0.640,0.469,0.000,0.000,-19.424,-2.038,19.531,-0.390,1.112,1.178,0.869
17:46:59.392,18.050,-19.424,-2.038,True,-20.070,-6.767,25.281,20.385,1.102,0.183,0.000,0.000,-19.424,-2.038,19.531,0.223,0.891,0.919,0.955
17:46:59.412,18.070,-22.956,-10.192,True,-20.355,-7.253,21.964,14.107,0.464,-0.092,0.000,0.000,-22.956,-10.192,25.117,-0.103,1.066,1.071,0.719
17:46:59.438,18.095,-19.424,0.000,True,-19.801,-5.349,24.902,24.922,0.898,-0.177,0.000,0.000,-19.424,0.000,19.424,0.565,0.881,1.047,0.570
17:46:59.458,18.116,-19.424,0.000,True,-19.331,-3.724,26.528,31.157,1.057,-0.222,0.000,0.000,-19.424,0.000,19.424,1.003,0.762,1.260,0.614
17:46:59.479,18.136,-19.424,0.000,True,-18.946,-2.380,27.142,33.832,1.284,-0.367,0.000,0.000,-19.424,0.000,19.424,1.255,0.697,1.436,0.653
17:46:59.500,18.157,-19.424,-2.038,True,-18.640,-1.781,27.011,30.740,1.279,-0.241,0.000,0.000,-19.424,-2.038,19.531,1.179,0.672,1.357,1.341
17:46:59.520,18.177,-19.424,0.000,True,-18.408,-0.895,26.364,30.104,1.246,-0.278,0.000,0.000,-19.424,0.000,19.424,1.239,0.677,1.412,0.929
17:46:59.541,18.199,-17.658,2.038,True,-17.829,0.249,28.095,31.129,1.467,-0.371,0.000,0.000,-17.658,2.038,17.775,1.399,0.543,1.500,0.496
17:46:59.562,18.219,-19.424,2.038,True,-17.768,1.143,25.907,30.042,1.559,-0.231,0.000,0.000,-19.424,2.038,19.531,1.440,0.633,1.573,0.602
17:46:59.582,18.240,-17.658,-10.192,True,-17.345,-1.032,26.584,8.807,0.453,-0.305,0.000,0.000,-17.658,-10.192,20.389,0.285,0.561,0.630,0.761
17:46:59.602,18.260,-19.424,2.038,True,-17.421,-0.183,23.741,12.651,0.788,-0.259,0.000,0.000,-19.424,2.038,19.531,0.540,0.694,0.880,0.506
17:46:59.623,18.280,-21.190,2.038,True,-17.933,0.528,18.673,14.553,0.956,-0.106,0.000,0.000,-21.190,2.038,21.288,0.695,0.969,1.193,0.845
17:46:59.642,18.300,-17.658,4.077,True,-17.582,1.577,20.513,18.108,1.178,-0.183,0.000,0.000,-17.658,4.077,18.123,0.957,0.853,1.282,0.478
17:46:59.664,18.322,-17.658,4.077,True,-17.285,2.436,21.522,19.412,1.768,-0.181,0.000,0.000,-17.658,4.077,18.123,1.100,0.779,1.348,1.016
17:46:59.684,18.342,-21.190,4.077,True,-17.863,3.115,16.495,19.066,1.489,0.036,0.000,0.000,-21.190,4.077,21.579,1.153,1.058,1.565,0.616
17:46:59.705,18.362,-21.190,-6.115,True,-18.383,1.262,13.081,2.008,0.601,0.043,0.000,0.000,-21.190,-6.115,22.055,0.215,1.261,1.279,0.797
17:46:59.725,18.383,-15.892,-6.115,True,-17.603,-0.422,19.077,-9.766,0.082,-0.265,0.000,0.000,-15.892,-6.115,17.028,-0.473,0.918,1.033,0.715
17:46:59.746,18.403,-15.892,6.115,True,-16.913,0.948,22.994,1.490,0.513,-0.309,0.000,0.000,-15.892,6.115,17.028,0.161,0.676,0.695,0.494
17:46:59.769,18.427,-15.892,8.154,True,-16.323,2.645,25.239,12.121,1.309,-0.569,0.000,0.000,-15.892,8.154,17.862,0.800,0.518,0.953,0.791
17:46:59.789,18.447,-15.892,6.115,True,-15.835,3.638,26.190,15.408,1.233,-0.407,0.000,0.000,-15.892,6.115,17.028,1.044,0.428,1.128,0.708
17:46:59.810,18.467,-15.892,6.115,True,-15.446,4.450,26.181,16.577,1.302,-0.382,0.000,0.000,-15.892,6.115,17.028,1.177,0.389,1.239,0.454
17:46:59.830,18.487,-15.892,2.038,True,-15.148,4.144,25.500,9.971,1.294,-0.374,0.000,0.000,-15.892,2.038,16.023,0.855,0.389,0.939,0.412
17:46:59.850,18.507,-15.892,8.154,True,-14.929,5.229,24.384,14.034,2.158,0.108,0.000,0.000,-15.892,8.154,17.862,1.142,0.417,1.216,0.436
17:46:59.871,18.528,-15.892,8.154,True,-14.779,6.124,23.025,15.725,2.492,0.275,0.000,0.000,-15.892,8.154,17.862,1.306,0.462,1.386,0.712
17:46:59.891,18.548,-15.892,6.115,True,-14.684,6.363,21.569,12.548,2.596,0.417,0.000,0.000,-15.892,6.115,17.028,1.190,0.516,1.297,0.524
17:46:59.911,18.569,-15.892,8.154,True,-14.634,6.972,20.126,12.454,2.726,0.584,0.000,0.000,-15.892,8.154,17.862,1.247,0.575,1.373,0.543
17:46:59.932,18.589,-15.892,10.192,True,-14.617,7.911,18.770,14.429,2.940,0.870,0.000,0.000,-15.892,10.192,18.880,1.428,0.633,1.562,0.714
17:46:59.952,18.609,-15.892,10.192,True,-14.625,8.663,17.550,14.538,2.362,1.071,0.000,0.000,-15.892,10.192,18.880,1.508,0.688,1.657,0.830
17:46:59.973,18.630,-15.892,8.154,True,-14.650,8.768,16.492,10.218,2.382,1.278,0.000,0.000,-15.892,8.154,17.862,1.328,0.737,1.519,0.589
17:46:59.994,18.651,-15.892,0.000,True,-14.686,6.888,15.606,-6.211,1.285,1.243,0.000,0.000,-15.892,0.000,15.892,0.415,0.780,0.883,0.806
17:47:00.014,18.671,-15.892,8.154,True,-14.726,7.086,14.888,-4.940,1.294,0.946,0.000,0.000,-15.892,8.154,17.862,0.491,0.815,0.952,0.508
17:47:00.034,18.691,-15.892,10.192,True,-14.769,7.732,14.328,-1.054,1.507,0.772,0.000,0.000,-15.892,10.192,18.880,0.727,0.844,1.114,0.532
17:47:00.055,18.712,-15.892,10.192,True,-14.810,8.288,13.909,1.242,1.625,1.082,0.000,0.000,-15.892,10.192,18.880,0.884,0.867,1.238,0.843
17:47:00.075,18.733,-15.892,0.000,True,-14.848,6.381,13.612,-13.268,0.694,1.280,0.000,0.000,-15.892,0.000,15.892,0.053,0.884,0.885,0.786
17:47:00.095,18.753,-15.892,2.038,True,-14.881,5.169,13.417,-19.602,0.520,1.430,0.000,0.000,-15.892,2.038,16.023,-0.348,0.896,0.961,0.529
17:47:00.116,18.773,-15.892,0.000,True,-14.910,3.667,13.304,-26.181,0.500,1.300,0.000,0.000,-15.892,0.000,15.892,-0.789,0.904,1.200,0.715
17:47:00.136,18.793,-15.892,8.154,True,-14.934,4.307,13.255,-16.908,0.973,1.327,0.000,0.000,-15.892,8.154,17.862,-0.316,0.908,0.962,0.528
17:47:00.156,18.814,-15.892,8.154,True,-14.953,4.941,13.253,-9.869,1.315,1.444,0.000,0.000,-15.892,8.154,17.862,0.059,0.910,0.912,0.556
17:47:00.177,18.834,-15.892,8.154,True,-14.968,5.536,13.285,-4.782,1.524,1.434,0.000,0.000,-15.892,8.154,17.862,0.343,0.910,0.973,0.754
17:47:00.201,18.859,-15.892,8.154,True,-14.702,5.441,15.155,-5.486,1.336,1.179,0.000,0.000,-15.892,8.154,17.862,0.302,0.801,0.856,0.805
17:47:00.222,18.880,-15.892,6.115,True,-14.820,5.552,14.108,-4.691,1.362,0.746,0.000,0.000,-15.892,6.115,17.028,0.348,0.859,0.927,0.738
17:47:00.243,18.900,-12.361,6.115,True,-13.957,5.634,19.540,-4.299,1.431,0.299,0.000,0.000,-12.361,6.115,13.791,0.374,0.533,0.651,0.912
17:47:00.263,18.921,-17.658,6.115,True,-14.613,5.693,14.056,-4.154,1.098,0.951,0.000,0.000,-17.658,6.115,18.687,0.386,0.841,0.925,0.826
17:47:00.284,18.941,-12.361,4.077,True,-13.843,5.230,18.861,-7.340,0.846,0.580,0.000,0.000,-12.361,4.077,13.016,0.199,0.552,0.587,0.819
17:47:00.304,18.962,-12.361,4.077,True,-13.198,4.839,21.691,-9.293,0.954,0.253,0.000,0.000,-12.361,4.077,13.016,0.074,0.362,0.370,0.465
17:47:00.325,18.983,-12.361,0.000,True,-12.668,3.545,23.050,-16.523,0.775,0.110,0.000,0.000,-12.361,0.000,12.361,-0.375,0.249,0.450,0.751
17:47:00.345,19.003,-12.361,0.000,True,-12.244,2.457,23.330,-20.626,0.538,-0.336,0.000,0.000,-12.361,0.000,12.361,-0.665,0.195,0.693,0.476
17:47:00.366,19.023,-12.361,0.000,True,-11.914,1.566,22.845,-22.360,0.272,-0.280,0.000,0.000,-12.361,0.000,12.361,-0.830,0.183,0.850,0.797
17:47:00.386,19.044,-12.361,0.000,True,-11.667,0.858,21.849,-22.352,0.199,-0.191,0.000,0.000,-12.361,0.000,12.361,-0.901,0.202,0.923,0.668
17:47:00.407,19.064,-12.361,2.038,True,-11.493,0.789,20.545,-18.025,0.711,-0.023,0.000,0.000,-12.361,2.038,12.528,-0.717,0.243,0.757,0.711
17:47:00.427,19.085,-12.361,0.000,True,-11.379,0.329,19.094,-17.207,0.585,0.007,0.000,0.000,-12.361,0.000,12.361,-0.727,0.295,0.784,0.852
17:47:00.448,19.105,-12.361,0.000,True,-11.314,-0.011,17.619,-15.691,0.616,0.190,0.000,0.000,-12.361,0.000,12.361,-0.694,0.354,0.779,0.756
17:47:00.468,19.126,-12.361,0.000,True,-11.287,-0.250,16.206,-13.769,0.603,0.226,0.000,0.000,-12.361,0.000,12.361,-0.633,0.413,0.756,0.797
17:47:00.488,19.146,-12.361,-6.115,True,-11.288,-1.824,14.916,-21.026,0.166,0.248,0.000,0.000,-12.361,-6.115,13.791,-1.110,0.470,1.206,0.756
17:47:00.509,19.166,-12.361,-2.038,True,-11.308,-2.197,13.782,-18.428,0.055,0.401,0.000,0.000,-12.361,-2.038,12.528,-1.033,0.522,1.158,0.716
17:47:00.529,19.187,-12.361,-2.038,True,-11.341,-2.443,12.822,-15.498,0.238,0.472,0.000,0.000,-12.361,-2.038,12.528,-0.928,0.568,1.088,0.468
17:47:00.550,19.207,-12.361,-2.038,True,-11.382,-2.587,12.036,-12.497,0.311,0.623,0.000,0.000,-12.361,-2.038,12.528,-0.810,0.607,1.012,0.609
17:47:00.570,19.227,-12.361,-2.038,True,-11.425,-2.651,11.416,-9.610,0.430,0.755,0.000,0.000,-12.361,-2.038,12.528,-0.689,0.639,0.940,0.658
17:47:00.590,19.248,-12.361,-2.038,True,-11.467,-2.656,10.946,-6.963,0.444,0.942,0.000,0.000,-12.361,-2.038,12.528,-0.573,0.664,0.877,0.809
17:47:00.612,19.269,-12.361,-2.038,True,-11.507,-2.619,10.608,-4.628,0.714,0.827,0.000,0.000,-12.361,-2.038,12.528,-0.466,0.682,0.827,0.414
17:47:00.633,19.290,-12.361,-2.038,True,-11.543,-2.555,10.380,-2.640,0.887,0.951,0.000,0.000,-12.361,-2.038,12.528,-0.372,0.696,0.789,0.965
17:47:00.653,19.310,-12.361,-4.077,True,-11.574,-2.950,10.243,-4.121,0.685,1.058,0.000,0.000,-12.361,-4.077,13.016,-0.477,0.705,0.851,0.751
17:47:00.674,19.331,-12.361,-2.038,True,-11.599,-2.801,10.176,-1.623,0.773,0.991,0.000,0.000,-12.361,-2.038,12.528,-0.352,0.711,0.793,0.794
17:47:00.694,19.352,-12.361,-2.038,True,-11.620,-2.649,10.162,0.314,0.835,0.988,0.000,0.000,-12.361,-2.038,12.528,-0.251,0.713,0.756,0.753
17:47:00.716,19.374,-12.361,-4.077,True,-11.636,-2.976,10.186,-1.361,0.686,0.964,0.000,0.000,-12.361,-4.077,13.016,-0.358,0.714,0.799,0.617
17:47:00.737,19.394,-14.127,-2.038,True,-12.059,-2.779,7.538,0.847,0.728,1.099,0.000,0.000,-14.127,-2.038,14.273,-0.241,0.873,0.906,0.812
17:47:00.757,19.414,-12.361,-2.038,True,-12.013,-2.594,8.640,2.446,0.757,0.997,0.000,0.000,-12.361,-2.038,12.528,-0.151,0.820,0.834,0.714
17:47:00.778,19.435,-15.892,-2.038,True,-12.782,-2.427,4.136,3.531,0.776,1.300,0.000,0.000,-15.892,-2.038,16.023,-0.087,1.096,1.099,0.879
17:47:00.798,19.455,-15.892,-2.038,True,-13.441,-2.283,1.510,4.195,0.789,1.487,0.000,0.000,-15.892,-2.038,16.023,-0.043,1.277,1.278,0.606
17:47:00.818,19.475,-15.892,-2.038,True,-13.987,-2.162,0.345,4.528,0.753,1.563,0.000,0.000,-15.892,-2.038,16.023,-0.016,1.383,1.384,0.419
17:47:00.841,19.499,-15.892,-2.038,True,-14.425,-2.063,0.268,4.612,0.701,1.560,0.000,0.000,-15.892,-2.038,16.023,-0.003,1.431,1.431,0.724
17:47:00.862,19.520,-15.892,-2.038,True,-14.762,-1.987,0.958,4.515,0.557,1.542,0.000,0.000,-15.892,-2.038,16.023,0.001,1.434,1.434,0.849
17:47:00.882,19.540,-15.892,-2.038,True,-15.010,-1.930,2.147,4.297,0.594,1.484,0.000,0.000,-15.892,-2.038,16.023,-0.003,1.406,1.406,0.692
17:47:00.903,19.560,-15.892,-2.038,True,-15.182,-1.889,3.623,4.006,0.595,1.392,0.000,0.000,-15.892,-2.038,16.023,-0.012,1.358,1.358,0.756
17:47:00.923,19.581,-15.892,-2.038,True,-15.291,-1.862,5.217,3.680,0.437,1.538,0.000,0.000,-15.892,-2.038,16.023,-0.024,1.299,1.299,0.759
17:47:00.944,19.601,-15.892,-2.038,True,-15.351,-1.847,6.809,3.347,0.285,1.612,0.000,0.000,-15.892,-2.038,16.023,-0.037,1.235,1.235,0.791
17:47:00.964,19.621,-15.892,-4.077,True,-15.372,-2.313,8.310,-0.085,-0.081,1.269,0.000,0.000,-15.892,-4.077,16.407,-0.235,1.170,1.194,0.647
17:47:00.984,19.641,-15.892,-4.077,True,-15.365,-2.724,9.666,-2.293,-0.518,1.354,0.000,0.000,-15.892,-4.077,16.407,-0.374,1.110,1.171,0.830
17:47:01.004,19.662,-15.892,-4.077,True,-15.339,-3.074,10.846,-3.521,-0.663,1.315,0.000,0.000,-15.892,-4.077,16.407,-0.463,1.055,1.152,0.410
17:47:01.025,19.682,-15.892,-8.154,True,-15.301,-4.308,11.839,-10.220,-0.794,1.485,0.000,0.000,-15.892,-8.154,17.862,-0.882,1.008,1.339,0.766
17:47:01.045,19.703,-15.892,-4.077,True,-15.257,-4.411,12.645,-7.743,-0.579,0.929,0.000,0.000,-15.892,-4.077,16.407,-0.783,0.968,1.245,0.431
17:47:01.066,19.723,-15.892,-2.038,True,-15.210,-3.979,13.276,-2.274,-0.455,0.724,0.000,0.000,-15.892,-2.038,16.023,-0.498,0.935,1.060,0.787
17:47:01.086,19.743,-14.127,-8.154,True,-14.755,-4.984,16.447,-7.557,-0.856,0.464,0.000,0.000,-14.127,-8.154,16.311,-0.832,0.750,1.120,0.392
17:47:01.106,19.764,-15.892,-2.038,True,-14.767,-4.416,15.747,-1.119,-0.886,0.575,0.000,0.000,-15.892,-2.038,16.023,-0.491,0.782,0.923,0.511
17:47:01.126,19.784,-15.892,-2.038,True,-14.786,-3.880,15.153,3.554,-0.687,0.481,0.000,0.000,-15.892,-2.038,16.023,-0.231,0.810,0.842,0.697
17:47:01.148,19.805,-15.892,-2.038,True,-14.811,-3.398,14.665,6.734,-0.808,0.069,0.000,0.000,-15.892,-2.038,16.023,-0.043,0.834,0.835,0.501
17:47:01.168,19.826,-15.892,0.000,True,-14.837,-2.505,14.278,11.805,-0.598,0.075,0.000,0.000,-15.892,0.000,15.892,0.271,0.853,0.895,0.784
17:47:01.189,19.846,-14.127,-2.038,True,-14.453,-2.215,16.680,11.601,-0.547,-0.051,0.000,0.000,-14.127,-2.038,14.273,0.291,0.709,0.766,0.586
17:47:01.209,19.867,-15.892,0.000,True,-14.531,-1.523,15.428,14.033,-0.496,-0.037,0.000,0.000,-15.892,0.000,15.892,0.467,0.772,0.902,0.760
17:47:01.229,19.887,-15.892,0.000,True,-14.610,-0.953,14.465,14.970,-0.629,0.074,0.000,0.000,-15.892,0.000,15.892,0.565,0.823,0.998,0.538
17:47:01.250,19.907,-14.127,0.000,True,-14.276,-0.502,16.452,14.807,-0.662,0.053,0.000,0.000,-14.127,0.000,14.127,0.603,0.701,0.925,1.024
17:47:01.270,19.927,-15.892,0.000,True,-14.399,-0.158,14.922,13.882,-0.427,0.259,0.000,0.000,-15.892,0.000,15.892,0.597,0.781,0.983,0.463
17:47:01.290,19.948,-15.892,0.000,True,-14.517,0.092,13.790,12.473,-0.235,0.314,0.000,0.000,-15.892,0.000,15.892,0.560,0.843,1.012,0.701
17:47:01.311,19.968,-14.127,2.038,True,-14.214,0.736,15.697,13.915,-0.058,0.540,0.000,0.000,-14.127,2.038,14.273,0.688,0.729,1.002,0.826
17:47:01.331,19.988,-14.127,4.077,True,-13.953,1.725,16.849,17.180,0.300,0.668,0.000,0.000,-14.127,4.077,14.703,0.931,0.652,1.136,0.505
17:47:01.351,20.008,-14.127,4.077,True,-13.735,2.536,17.408,18.333,0.697,0.220,0.000,0.000,-14.127,4.077,14.703,1.063,0.605,1.223,0.477
17:47:01.371,20.029,-14.127,4.077,True,-13.558,3.175,17.521,17.944,0.797,0.391,0.000,0.000,-14.127,4.077,14.703,1.110,0.582,1.253,0.726
17:47:01.391,20.049,-14.127,6.115,True,-13.421,4.134,17.315,19.606,0.921,0.646,0.000,0.000,-14.127,6.115,15.393,1.279,0.578,1.403,0.419
17:47:01.413,20.070,-14.127,6.115,True,-13.319,4.895,16.896,19.407,0.950,0.620,0.000,0.000,-14.127,6.115,15.393,1.346,0.586,1.468,0.799
17:47:01.433,20.091,-14.127,8.154,True,-13.248,5.950,16.352,21.025,0.906,0.620,0.000,0.000,-14.127,8.154,16.311,1.523,0.603,1.638,0.815
17:47:01.453,20.111,-14.127,8.154,True,-13.201,6.785,15.749,20.619,0.997,0.763,0.000,0.000,-14.127,8.154,16.311,1.589,0.625,1.707,0.777
17:47:01.474,20.131,-15.892,10.192,True,-13.584,7.893,12.441,21.929,1.362,0.993,0.000,0.000,-15.892,10.192,18.880,1.757,0.809,1.935,0.654
17:47:01.495,20.152,-15.892,10.192,True,-13.929,8.764,10.199,21.160,1.451,1.193,0.000,0.000,-15.892,10.192,18.880,1.810,0.943,2.041,0.967
17:47:01.515,20.172,-14.127,2.038,True,-13.819,7.526,11.524,6.523,0.660,1.159,0.000,0.000,-14.127,2.038,14.273,1.041,0.873,1.358,0.783
17:47:01.535,20.193,-14.127,6.115,True,-13.713,7.299,12.495,2.031,0.488,1.115,0.000,0.000,-14.127,6.115,15.393,0.820,0.820,1.159,0.792
17:47:01.556,20.213,-14.127,14.269,True,-13.617,8.949,13.167,10.930,1.039,1.097,0.000,0.000,-14.127,14.269,20.079,1.377,0.781,1.583,0.768
17:47:01.580,20.237,-14.127,14.269,True,-13.354,9.168,14.771,8.100,0.922,1.054,0.000,0.000,-14.127,14.269,20.079,1.274,0.683,1.446,0.445
17:47:01.600,20.257,-15.892,16.308,True,-13.858,11.297,11.063,18.070,1.545,1.248,0.000,0.000,-15.892,16.308,22.771,1.927,0.897,2.126,0.555
17:47:01.620,20.277,-14.127,4.077,True,-13.767,9.636,12.081,1.342,0.563,1.145,0.000,0.000,-14.127,4.077,14.703,1.023,0.843,1.326,0.421
17:47:01.641,20.298,-14.127,8.154,True,-13.679,9.277,12.848,-3.185,0.229,1.038,0.000,0.000,-14.127,8.154,16.311,0.787,0.801,1.123,0.731
17:47:01.661,20.318,-15.892,18.346,True,-14.034,11.476,10.637,9.457,1.163,1.111,0.000,0.000,-15.892,18.346,24.272,1.565,0.934,1.823,0.449
17:47:01.681,20.338,-17.658,6.115,True,-14.751,10.321,6.668,-2.275,0.423,1.873,0.000,0.000,-17.658,6.115,18.687,0.932,1.181,1.504,0.619
17:47:01.701,20.359,-14.127,10.192,True,-14.500,10.256,9.841,-4.317,0.620,1.726,0.000,0.000,-14.127,10.192,17.420,0.835,1.016,1.315,0.694
17:47:01.722,20.379,-17.658,20.385,True,-15.094,12.577,6.842,9.454,1.408,1.654,0.000,0.000,-17.658,20.385,26.969,1.675,1.207,2.065,0.796
17:47:01.742,20.400,-15.892,22.423,True,-15.176,15.026,7.905,20.651,2.272,1.487,0.000,0.000,-15.892,22.423,27.484,2.414,1.169,2.682,0.474
17:47:01.763,20.420,-12.361,12.231,True,-14.399,14.691,14.340,10.820,1.917,0.610,0.000,0.000,-12.361,12.231,17.389,1.947,0.807,2.107,0.726
17:47:01.783,20.440,-12.361,22.423,True,-13.705,16.656,18.662,18.254,2.534,0.170,0.000,0.000,-12.361,22.423,25.604,2.471,0.547,2.531,0.448
17:47:01.809,20.467,-12.361,10.192,True,-13.106,15.434,21.265,2.766,1.465,-0.115,0.000,0.000,-12.361,10.192,16.021,1.665,0.372,1.707,0.760
17:47:01.829,20.487,-12.361,12.231,True,-12.606,14.732,22.518,-5.633,0.979,-0.051,0.000,0.000,-12.361,12.231,17.389,1.225,0.267,1.253,0.560
17:47:01.850,20.508,-10.595,14.269,True,-11.793,14.538,25.453,-8.685,1.368,0.373,0.000,0.000,-10.595,14.269,17.773,1.070,0.056,1.072,0.798
17:47:01.870,20.528,-10.595,12.231,True,-11.124,13.869,26.623,-14.150,0.974,0.456,0.000,0.000,-10.595,12.231,16.182,0.762,-0.063,0.765,0.799
17:47:01.891,20.548,-12.361,10.192,True,-11.003,12.797,23.785,-20.912,0.651,0.486,0.000,0.000,-12.361,10.192,16.021,0.357,0.050,0.360,0.470
17:47:01.913,20.571,-14.127,12.231,True,-11.364,12.344,18.376,-21.871,0.596,0.570,0.000,0.000,-14.127,12.231,18.686,0.269,0.325,0.422,0.778
17:47:01.934,20.592,-10.595,26.500,True,-10.903,15.301,19.660,-0.079,1.876,0.631,0.000,0.000,-10.595,26.500,28.539,1.527,0.223,1.543,0.792
17:47:01.954,20.612,-12.361,14.269,True,-10.940,15.060,17.284,-4.792,1.653,0.518,0.000,0.000,-12.361,14.269,18.879,1.294,0.331,1.336,0.394
17:47:01.975,20.633,-8.829,14.269,True,-10.184,14.802,20.666,-8.514,1.546,0.050,0.000,0.000,-8.829,14.269,16.780,1.104,0.106,1.110,0.873
17:47:01.995,20.653,-10.595,14.269,True,-9.962,14.548,19.624,-11.338,1.381,-0.066,0.000,0.000,-10.595,14.269,17.773,0.954,0.130,0.963,0.506
17:47:02.019,20.677,-8.829,26.500,True,-9.398,17.153,21.024,5.323,2.492,-0.253,0.000,0.000,-8.829,26.500,27.932,1.950,0.012,1.950,0.485
17:47:02.040,20.697,-7.063,18.346,True,-8.532,17.512,23.974,2.978,2.349,-0.342,0.000,0.000,-7.063,18.346,19.659,1.883,-0.205,1.894,0.391
17:47:02.061,20.718,-10.595,14.269,True,-8.644,16.804,19.668,-5.937,2.159,-0.144,0.000,0.000,-10.595,14.269,17.773,1.418,-0.004,1.418,0.788
17:47:02.081,20.738,-8.829,14.269,True,-8.385,16.124,18.776,-12.542,2.021,-0.020,0.000,0.000,-8.829,14.269,16.780,1.059,0.010,1.059,0.685
17:47:02.101,20.759,-10.595,14.269,True,-8.610,15.500,14.846,-17.166,1.693,0.281,0.000,0.000,-10.595,14.269,17.773,0.792,0.206,0.819,0.735
17:47:02.125,20.782,-5.297,28.538,True,-7.613,18.266,19.875,1.645,2.818,-0.190,0.000,0.000,-5.297,28.538,29.026,1.899,-0.116,1.903,0.556
17:47:02.145,20.803,-8.829,26.500,True,-7.590,20.205,17.172,10.267,3.302,0.012,0.000,0.000,-8.829,26.500,27.932,2.474,0.001,2.474,0.627
17:47:02.165,20.823,-5.297,16.308,True,-6.794,19.457,20.151,-1.080,2.457,-0.090,0.000,0.000,-5.297,16.308,17.147,1.898,-0.210,1.910,0.777
17:47:02.185,20.843,-5.297,16.308,True,-6.137,18.709,21.389,-9.756,1.978,-0.275,0.000,0.000,-5.297,16.308,17.147,1.440,-0.330,1.478,0.429
17:47:02.206,20.863,-5.297,26.500,True,-5.613,20.369,21.338,-0.519,2.699,-0.481,0.000,0.000,-5.297,26.500,27.024,2.014,-0.381,2.050,0.729
17:47:02.226,20.883,-7.063,12.231,True,-5.623,18.470,17.691,-17.069,1.718,-0.231,0.000,0.000,-7.063,12.231,14.124,1.094,-0.219,1.115,0.707
17:47:02.246,20.904,-1.766,20.385,True,-4.455,18.653,22.591,-15.872,1.728,-0.355,0.000,0.000,-1.766,20.385,20.461,1.165,-0.552,1.289,0.764
17:47:02.267,20.924,-7.063,14.269,True,-4.714,17.391,16.784,-24.475,1.243,-0.014,0.000,0.000,-7.063,14.269,15.922,0.659,-0.269,0.712,0.708
17:47:02.287,20.944,-5.297,14.269,True,-4.592,16.290,14.827,-29.848,0.813,-0.345,0.000,0.000,-5.297,14.269,15.221,0.312,-0.195,0.368,0.707
17:47:02.307,20.965,-3.532,18.346,True,-4.118,16.309,15.592,-26.436,0.873,-0.666,0.000,0.000,-3.532,18.346,18.683,0.464,-0.276,0.540,0.672
17:47:02.328,20.985,-1.766,26.500,True,-3.332,18.271,18.140,-11.019,1.645,-0.821,0.000,0.000,-1.766,26.500,26.559,1.341,-0.467,1.420,0.690
17:47:02.348,21.006,-5.297,26.500,True,-3.510,20.014,13.624,-0.870,2.295,-0.451,0.000,0.000,-5.297,26.500,27.024,1.963,-0.250,1.979,0.787
17:47:02.368,21.026,-1.766,16.308,True,-2.896,19.139,15.358,-10.536,1.462,-0.588,0.000,0.000,-1.766,16.308,16.403,1.449,-0.388,1.500,0.386
17:47:02.389,21.046,-5.297,22.423,True,-3.218,19.740,10.423,-8.176,1.484,-0.046,0.000,0.000,-5.297,22.423,23.040,1.613,-0.138,1.619,0.548
17:47:02.409,21.066,-3.532,8.154,True,-3.131,16.923,9.341,-28.936,0.508,-0.284,0.000,0.000,-3.532,8.154,8.886,0.415,-0.099,0.427,0.790
17:47:02.433,21.090,-1.766,16.308,True,-2.670,16.336,10.937,-29.844,0.501,-0.451,0.000,0.000,-1.766,16.308,16.403,0.316,-0.216,0.383,0.729
17:47:02.454,21.111,-1.766,16.308,True,-2.292,15.871,11.541,-29.626,0.434,-0.441,0.000,0.000,-1.766,16.308,16.403,0.279,-0.280,0.396,0.742
17:47:02.474,21.131,-1.766,10.192,True,-1.993,14.097,11.416,-37.967,0.054,-0.541,0.000,0.000,-1.766,10.192,10.344,-0.266,-0.305,0.405,0.542
17:47:02.495,21.152,-1.766,22.423,True,-1.765,15.448,10.788,-23.545,0.817,-0.277,0.000,0.000,-1.766,22.423,22.492,0.506,-0.300,0.588,0.716
17:47:02.515,21.172,-1.766,22.423,True,-1.599,16.707,9.841,-13.214,1.383,-0.264,0.000,0.000,-1.766,22.423,22.492,1.087,-0.274,1.122,0.736
17:47:02.536,21.193,-1.766,16.308,True,-1.487,16.412,8.723,-15.654,1.082,-0.227,0.000,0.000,-1.766,16.308,16.403,0.950,-0.236,0.979,0.785
17:47:02.556,21.213,-1.766,14.269,True,-1.418,15.673,7.545,-20.400,0.809,0.051,0.000,0.000,-1.766,14.269,14.378,0.667,-0.191,0.694,0.743
17:47:02.576,21.233,-3.532,18.346,True,-1.793,15.981,3.693,-17.066,1.096,0.274,0.000,0.000,-3.532,18.346,18.683,0.845,0.016,0.845,0.644
17:47:02.596,21.254,-3.532,18.346,True,-1.719,15.640,3.727,-18.802,0.993,0.313,0.000,0.000,-3.532,18.346,18.683,0.734,0.007,0.734,0.737
17:47:02.617,21.274,-3.532,18.346,True,-2.177,16.133,0.338,-14.750,1.157,0.523,0.000,0.000,-3.532,18.346,18.683,0.962,0.203,0.983,0.768
17:47:02.637,21.294,-3.532,12.231,True,-2.533,14.875,-1.539,-22.801,0.570,0.661,0.000,0.000,-3.532,12.231,12.730,0.481,0.321,0.579,0.406
17:47:02.659,21.317,-3.532,12.231,True,-2.564,14.419,-0.879,-23.790,0.397,0.602,0.000,0.000,-3.532,12.231,12.730,0.392,0.295,0.491,0.472
17:47:02.680,21.337,-3.532,12.231,True,-2.872,13.420,-2.051,-27.802,0.210,0.759,0.000,0.000,-3.532,12.231,12.730,0.115,0.378,0.395,0.732
17:47:02.700,21.358,-3.532,18.346,True,-3.087,14.404,-2.328,-18.698,0.710,0.787,0.000,0.000,-3.532,18.346,18.683,0.615,0.411,0.740,0.744
17:47:02.720,21.378,-1.766,10.192,True,-2.773,13.017,0.712,-26.121,0.216,0.565,0.000,0.000,-1.766,10.192,10.344,0.149,0.246,0.287,0.794
17:47:02.741,21.398,-1.766,10.192,True,-2.508,11.914,2.755,-29.994,-0.075,0.419,0.000,0.000,-1.766,10.192,10.344,-0.133,0.129,0.185,0.625
17:47:02.761,21.418,-1.766,10.192,True,-2.285,11.040,4.066,-31.428,-0.308,0.260,0.000,0.000,-1.766,10.192,10.344,-0.283,0.049,0.287,0.435
17:47:02.781,21.439,-1.766,10.192,True,-2.099,10.359,4.828,-31.177,-0.047,0.020,0.000,0.000,-1.766,10.192,10.344,-0.340,-0.003,0.340,0.409
17:47:02.802,21.460,-1.766,16.308,True,-1.946,11.287,5.178,-20.562,0.454,-0.203,0.000,0.000,-1.766,16.308,16.403,0.221,-0.034,0.224,0.745
17:47:02.823,21.480,0.000,12.231,True,-1.411,11.193,7.895,-18.967,0.673,-0.438,0.000,0.000,0.000,12.231,12.231,0.282,-0.207,0.350,0.704
17:47:02.843,21.500,-1.766,14.269,True,-1.373,11.619,6.691,-14.302,1.028,-0.225,0.000,0.000,-1.766,14.269,14.378,0.531,-0.158,0.554,0.801
17:47:02.863,21.520,-1.766,14.269,True,-1.362,12.016,5.564,-10.919,1.281,-0.128,0.000,0.000,-1.766,14.269,14.378,0.720,-0.109,0.728,0.736
17:47:02.883,21.540,0.000,10.192,True,-0.960,11.424,7.250,-14.850,1.097,-0.194,0.000,0.000,0.000,10.192,10.192,0.487,-0.224,0.536,0.396
17:47:02.903,21.561,0.000,14.269,True,-0.625,11.858,8.038,-11.038,1.225,-0.279,0.000,0.000,0.000,14.269,14.269,0.699,-0.292,0.757,0.390
17:47:02.924,21.582,0.000,14.269,True,-0.356,12.249,8.150,-8.435,1.433,-0.262,0.000,0.000,0.000,14.269,14.269,0.853,-0.324,0.912,0.804
17:47:02.945,21.602,0.000,14.269,True,-0.148,12.590,7.781,-6.827,1.517,-0.246,0.000,0.000,0.000,14.269,14.269,0.958,-0.329,1.012,0.821
17:47:02.965,21.623,0.000,14.269,True,0.006,12.876,7.095,-6.007,1.553,-0.253,0.000,0.000,0.000,14.269,14.269,1.022,-0.314,1.070,0.664
17:47:02.985,21.643,0.000,14.269,True,0.113,13.108,6.224,-5.785,1.583,-0.287,0.000,0.000,0.000,14.269,14.269,1.055,-0.286,1.094,0.388
17:47:03.006,21.663,0.000,10.192,True,0.182,12.341,5.272,-12.249,1.342,-0.281,0.000,0.000,0.000,10.192,10.192,0.693,-0.251,0.737,0.712
17:47:03.026,21.683,0.000,10.192,True,0.221,11.653,4.315,-16.591,1.027,-0.322,0.000,0.000,0.000,10.192,10.192,0.433,-0.213,0.482,0.772
17:47:03.046,21.703,0.000,8.154,True,0.236,10.584,3.408,-22.331,0.795,-0.508,0.000,0.000,0.000,8.154,8.154,0.073,-0.174,0.189,0.735
17:47:03.066,21.724,0.000,8.154,True,0.233,9.675,2.586,-25.516,0.500,-0.442,0.000,0.000,0.000,8.154,8.154,-0.159,-0.137,0.210,0.811
17:47:03.088,21.746,0.000,10.192,True,0.219,9.404,1.868,-23.619,0.289,-0.414,0.000,0.000,0.000,10.192,10.192,-0.102,-0.104,0.146,0.488
17:47:03.109,21.766,0.000,10.192,True,0.196,9.225,1.262,-21.482,0.080,-0.234,0.000,0.000,0.000,10.192,10.192,-0.026,-0.075,0.080,0.693
17:47:03.129,21.787,0.000,10.192,True,0.170,9.120,0.769,-19.294,0.097,-0.180,0.000,0.000,0.000,10.192,10.192,0.060,-0.051,0.079,0.770
17:47:03.149,21.807,0.000,14.269,True,0.142,10.021,0.381,-10.960,0.467,-0.277,0.000,0.000,0.000,14.269,14.269,0.518,-0.031,0.519,0.857
17:47:03.170,21.827,0.000,14.269,True,0.115,10.840,0.088,-5.201,0.794,-0.269,0.000,0.000,0.000,14.269,14.269,0.854,-0.015,0.855,0.764
17:47:03.190,21.848,0.000,14.269,True,0.090,11.557,-0.122,-1.560,1.032,-0.323,0.000,0.000,0.000,14.269,14.269,1.087,-0.004,1.087,0.776
17:47:03.211,21.868,-1.766,14.269,True,-0.343,12.163,-2.960,0.397,1.238,-0.256,0.000,0.000,-1.766,14.269,14.378,1.234,0.165,1.245,1.093
17:47:03.231,21.888,0.000,14.269,True,-0.309,12.659,-2.006,1.065,1.289,-0.268,0.000,0.000,0.000,14.269,14.269,1.313,0.119,1.318,0.430
17:47:03.251,21.909,-1.766,12.231,True,-0.678,12.576,-3.924,-2.318,1.070,-0.087,0.000,0.000,-1.766,12.231,12.358,1.155,0.241,1.180,0.729
17:47:03.272,21.929,-1.766,10.192,True,-0.991,11.986,-4.970,-8.261,0.812,-0.054,0.000,0.000,-1.766,10.192,10.344,0.834,0.318,0.893,0.717
17:47:03.292,21.950,-1.766,16.308,True,-1.247,12.864,-5.347,-3.123,1.145,-0.021,0.000,0.000,-1.766,16.308,16.403,1.149,0.361,1.204,0.714
17:47:03.313,21.970,-1.766,16.308,True,-1.450,13.616,-5.234,-0.128,1.337,0.015,0.000,0.000,-1.766,16.308,16.403,1.356,0.376,1.407,1.390
17:47:03.333,21.990,-1.766,10.192,True,-1.604,12.818,-4.784,-8.138,0.875,0.007,0.000,0.000,-1.766,10.192,10.344,0.923,0.372,0.995,0.499
17:47:03.353,22.011,-1.766,10.192,True,-1.715,12.083,-4.122,-13.795,0.565,-0.015,0.000,0.000,-1.766,10.192,10.344,0.599,0.353,0.696,0.735
17:47:03.374,22.031,-3.532,16.308,True,-2.200,12.853,-6.044,-8.154,0.892,0.144,0.000,0.000,-3.532,16.308,16.686,0.925,0.487,1.046,0.772
17:47:03.394,22.052,-3.532,16.308,True,-2.602,13.530,-6.893,-4.531,1.102,0.275,0.000,0.000,-3.532,16.308,16.686,1.153,0.564,1.284,0.584
17:47:03.415,22.073,-5.297,16.308,True,-3.334,14.106,-9.638,-2.520,1.233,0.445,0.000,0.000,-5.297,16.308,17.147,1.299,0.759,1.505,0.850
17:47:03.436,22.093,-1.766,10.192,True,-3.118,13.158,-5.390,-11.090,0.777,0.274,0.000,0.000,-1.766,10.192,10.344,0.826,0.550,0.992,0.685
17:47:03.456,22.113,-1.766,10.192,True,-3.226,12.936,-4.260,-12.788,0.686,0.272,0.000,0.000,-1.766,10.192,10.344,0.729,0.511,0.890,0.626
17:47:03.477,22.134,-1.766,6.115,True,-2.875,10.830,-0.424,-26.129,-0.115,0.063,0.000,0.000,-1.766,6.115,6.365,-0.070,0.306,0.314,0.419
17:47:03.503,22.160,-1.766,10.192,True,-2.585,10.276,2.088,-26.178,-0.110,-0.117,0.000,0.000,-1.766,10.192,10.344,-0.128,0.166,0.210,0.518
17:47:03.523,22.181,0.000,4.077,True,-1.893,8.301,6.520,-35.041,-0.801,-0.391,0.000,0.000,0.000,4.077,4.077,-0.717,-0.098,0.723,0.706
17:47:03.544,22.201,-1.766,12.231,True,-1.763,8.748,6.313,-26.339,-0.266,-0.427,0.000,0.000,-1.766,12.231,12.358,-0.288,-0.102,0.305,0.766
17:47:03.564,22.221,-1.766,16.308,True,-1.668,10.179,5.905,-13.338,0.543,-0.473,0.000,0.000,-1.766,16.308,16.403,0.429,-0.094,0.439,0.689
17:47:03.584,22.241,-1.766,16.308,True,-1.602,11.436,5.384,-4.491,0.946,-0.244,0.000,0.000,-1.766,16.308,16.403,0.945,-0.077,0.949,0.768
17:47:03.604,22.262,-1.766,16.308,True,-1.558,12.515,4.813,1.089,1.297,0.513,0.000,0.000,-1.766,16.308,16.403,1.300,-0.057,1.301,0.787
17:47:03.625,22.282,0.000,12.231,True,-1.120,12.465,6.912,-2.046,1.246,0.415,0.000,0.000,0.000,12.231,12.231,1.156,-0.193,1.172,0.785
17:47:03.645,22.302,-1.766,14.269,True,-1.164,12.854,5.325,-1.621,1.126,0.509,0.000,0.000,-1.766,14.269,14.378,1.214,-0.119,1.220,0.501
17:47:03.665,22.322,0.000,14.269,True,-0.812,13.159,6.690,-1.913,0.902,0.375,0.000,0.000,0.000,14.269,14.269,1.231,-0.214,1.250,0.440
17:47:03.686,22.343,-1.766,18.346,True,-0.931,14.335,4.592,3.524,1.223,0.836,0.000,0.000,-1.766,18.346,18.431,1.589,-0.110,1.593,0.819
17:47:03.706,22.363,-1.766,14.269,True,-1.054,14.374,2.951,0.051,1.086,0.957,0.000,0.000,-1.766,14.269,14.378,1.440,-0.025,1.440,0.672
17:47:03.728,22.385,-1.766,14.269,True,-1.174,14.350,1.721,-3.068,0.937,1.030,0.000,0.000,-1.766,14.269,14.378,1.300,0.041,1.300,0.796
17:47:03.748,22.406,0.000,14.269,True,-0.875,14.284,3.551,-5.768,0.839,0.843,0.000,0.000,0.000,14.269,14.269,1.174,-0.069,1.176,0.970
17:47:03.768,22.426,0.000,18.346,True,-0.617,15.140,4.640,-1.783,1.046,0.832,0.000,0.000,0.000,18.346,18.346,1.435,-0.143,1.442,0.461
17:47:03.789,22.447,0.000,18.346,True,-0.402,15.858,5.148,0.232,1.230,0.778,0.000,0.000,0.000,18.346,18.346,1.596,-0.187,1.607,0.828
17:47:03.809,22.467,0.000,18.346,True,-0.230,16.440,5.223,0.755,1.333,0.744,0.000,0.000,0.000,18.346,18.346,1.677,-0.208,1.690,0.775
17:47:03.835,22.492,-1.766,18.346,True,-0.507,16.895,2.285,0.203,1.384,0.850,0.000,0.000,-1.766,18.346,18.431,1.698,-0.050,1.699,0.725
17:47:03.855,22.512,-1.766,20.385,True,-0.765,17.710,0.186,2.046,1.524,0.914,0.000,0.000,-1.766,20.385,20.461,1.861,0.068,1.863,0.424
17:47:03.875,22.533,-1.766,16.308,True,-0.995,17.415,-1.211,-3.985,1.166,0.951,0.000,0.000,-1.766,16.308,16.403,1.566,0.153,1.573,0.635
17:47:03.896,22.553,-1.766,16.308,True,-1.192,17.097,-2.039,-8.774,0.974,0.865,0.000,0.000,-1.766,16.308,16.403,1.322,0.209,1.339,0.426
17:47:03.916,22.574,-1.766,16.308,True,-1.357,16.778,-2.423,-12.428,0.818,0.924,0.000,0.000,-1.766,16.308,16.403,1.129,0.243,1.155,0.754
17:47:03.940,22.597,0.000,20.385,True,-1.079,17.426,0.223,-8.858,0.916,0.714,0.000,0.000,0.000,20.385,20.385,1.352,0.098,1.355,0.424
17:47:03.961,22.618,0.000,20.385,True,-0.825,17.978,2.066,-6.844,1.018,0.561,0.000,0.000,0.000,20.385,20.385,1.496,-0.009,1.496,0.861
17:47:03.981,22.638,-1.766,20.385,True,-1.012,18.432,0.547,-6.031,1.021,0.583,0.000,0.000,-1.766,20.385,20.461,1.577,0.077,1.579,0.768
17:47:04.002,22.659,-1.766,16.308,True,-1.179,17.846,-0.463,-12.332,0.621,0.657,0.000,0.000,-1.766,16.308,16.403,1.240,0.138,1.248,0.912
17:47:04.023,22.680,-1.766,16.308,True,-1.322,17.299,-1.062,-16.852,0.399,0.659,0.000,0.000,-1.766,16.308,16.403,0.986,0.179,1.002,0.718
17:47:04.043,22.700,-1.766,16.308,True,-1.442,16.810,-1.339,-19.877,0.246,0.604,0.000,0.000,-1.766,16.308,16.403,0.804,0.203,0.829,0.478
17:47:04.064,22.721,-1.766,16.308,True,-1.537,16.388,-1.376,-21.688,0.234,0.515,0.000,0.000,-1.766,16.308,16.403,0.682,0.214,0.714,0.527
17:47:04.084,22.742,-1.766,16.308,True,-1.612,16.036,-1.242,-22.549,0.114,0.501,0.000,0.000,-1.766,16.308,16.403,0.608,0.216,0.646,0.811
17:47:04.105,22.762,-1.766,20.385,True,-1.667,16.700,-0.996,-16.470,0.524,0.530,0.000,0.000,-1.766,20.385,20.461,0.943,0.211,0.966,0.714
17:47:04.125,22.782,-1.766,20.385,True,-1.705,17.303,-0.684,-12.278,0.798,0.478,0.000,0.000,-1.766,20.385,20.461,1.188,0.201,1.205,0.787
17:47:04.145,22.803,-1.766,16.308,True,-1.730,16.884,-0.344,-15.866,0.644,0.473,0.000,0.000,-1.766,16.308,16.403,0.988,0.188,1.006,0.743
17:47:04.168,22.825,-1.766,18.346,True,-1.743,16.980,-0.003,-15.178,0.580,0.469,0.000,0.000,-1.766,18.346,18.431,1.028,0.174,1.043,0.772
17:47:04.188,22.845,-1.766,20.385,True,-1.749,17.538,0.321,-11.627,0.870,0.498,0.000,0.000,-1.766,20.385,20.461,1.241,0.161,1.251,0.753
17:47:04.208,22.865,-1.766,18.346,True,-1.748,17.547,0.615,-12.586,0.918,0.274,0.000,0.000,-1.766,18.346,18.431,1.199,0.148,1.208,0.692
17:47:04.228,22.885,-1.766,20.385,True,-1.742,18.013,0.872,-10.332,1.139,0.221,0.000,0.000,-1.766,20.385,20.461,1.345,0.136,1.352,0.673
17:47:04.249,22.906,-1.766,20.385,True,-1.734,18.405,1.089,-9.159,1.243,0.295,0.000,0.000,-1.766,20.385,20.461,1.436,0.125,1.442,0.734
17:47:04.269,22.926,-1.766,20.385,True,-1.725,18.725,1.265,-8.808,1.282,0.267,0.000,0.000,-1.766,20.385,20.461,1.484,0.117,1.488,0.788
17:47:04.290,22.947,-1.766,20.385,True,-1.715,18.975,1.404,-9.052,1.316,0.266,0.000,0.000,-1.766,20.385,20.461,1.498,0.110,1.502,0.785
17:47:04.310,22.967,-1.766,20.385,True,-1.705,19.164,1.508,-9.700,1.311,0.254,0.000,0.000,-1.766,20.385,20.461,1.488,0.104,1.492,0.894
17:47:04.330,22.987,0.000,18.346,True,-1.286,18.825,4.280,-13.710,1.072,0.122,0.000,0.000,0.000,18.346,18.346,1.277,-0.060,1.279,0.844
17:47:04.350,23.007,-1.766,20.385,True,-1.332,18.977,3.293,-13.534,1.110,0.166,0.000,0.000,-1.766,20.385,20.461,1.300,-0.012,1.300,0.445
17:47:04.371,23.029,-1.766,18.346,True,-1.382,18.622,2.504,-16.755,0.943,0.201,0.000,0.000,-1.766,18.346,18.431,1.123,0.028,1.123,0.413
17:47:04.392,23.050,-1.766,20.385,True,-1.433,18.775,1.899,-15.858,1.002,0.220,0.000,0.000,-1.766,20.385,20.461,1.177,0.059,1.179,0.849
17:47:04.412,23.070,-1.766,20.385,True,-1.481,18.905,1.454,-15.334,1.038,0.264,0.000,0.000,-1.766,20.385,20.461,1.214,0.084,1.217,0.401
17:47:04.433,23.090,-1.766,20.385,True,-1.525,19.013,1.147,-15.100,1.049,0.280,0.000,0.000,-1.766,20.385,20.461,1.235,0.102,1.239,0.457
17:47:04.453,23.111,-1.766,20.385,True,-1.563,19.100,0.953,-15.082,1.059,0.296,0.000,0.000,-1.766,20.385,20.461,1.244,0.114,1.250,0.776
17:47:04.479,23.136,-1.766,20.385,True,-1.596,19.167,0.849,-15.216,1.059,0.315,0.000,0.000,-1.766,20.385,20.461,1.245,0.122,1.251,0.413
17:47:04.500,23.157,-1.766,20.385,True,-1.622,19.216,0.814,-15.450,1.077,0.295,0.000,0.000,-1.766,20.385,20.461,1.240,0.126,1.246,0.649
17:47:04.519,23.177,-1.766,20.385,True,-1.643,19.250,0.830,-15.741,1.073,0.293,0.000,0.000,-1.766,20.385,20.461,1.230,0.128,1.237,0.412
17:47:04.540,23.197,-1.766,20.385,True,-1.659,19.272,0.879,-16.056,1.074,0.265,0.000,0.000,-1.766,20.385,20.461,1.219,0.127,1.225,0.422
17:47:04.561,23.218,-1.766,20.385,True,-1.670,19.284,0.950,-16.370,1.057,0.240,0.000,0.000,-1.766,20.385,20.461,1.206,0.125,1.212,0.726
17:47:04.581,23.238,-1.766,20.385,True,-1.678,19.288,1.032,-16.667,1.045,0.244,0.000,0.000,-1.766,20.385,20.461,1.193,0.122,1.199,0.596
17:47:04.601,23.258,-1.766,20.385,True,-1.682,19.287,1.117,-16.936,1.030,0.210,0.000,0.000,-1.766,20.385,20.461,1.181,0.119,1.187,0.831
17:47:04.622,23.279,-1.766,20.385,True,-1.685,19.282,1.200,-17.170,1.025,0.178,0.000,0.000,-1.766,20.385,20.461,1.170,0.116,1.176,0.816
17:47:04.643,23.300,-1.766,18.346,True,-1.685,18.801,1.277,-20.479,0.837,0.174,0.000,0.000,-1.766,18.346,18.431,0.976,0.112,0.983,0.933
17:47:04.663,23.321,-1.766,18.346,True,-1.684,18.381,1.345,-22.554,0.717,0.183,0.000,0.000,-1.766,18.346,18.431,0.843,0.109,0.850,0.816
17:47:04.684,23.341,-1.766,18.346,True,-1.683,18.027,1.403,-23.650,0.643,0.190,0.000,0.000,-1.766,18.346,18.431,0.759,0.106,0.766,0.750
17:47:04.704,23.362,-1.766,16.308,True,-1.680,17.264,1.452,-27.111,0.438,0.159,0.000,0.000,-1.766,16.308,16.403,0.530,0.104,0.540,0.869
17:47:04.725,23.382,-1.766,20.385,True,-1.678,17.573,1.490,-22.606,0.694,0.182,0.000,0.000,-1.766,20.385,20.461,0.759,0.102,0.766,0.799
17:47:04.745,23.403,-1.766,20.385,True,-1.675,17.879,1.520,-19.182,0.713,0.152,0.000,0.000,-1.766,20.385,20.461,0.941,0.100,0.947,0.841
17:47:04.766,23.423,-1.766,18.346,True,-1.673,17.693,1.542,-19.817,0.608,0.051,0.000,0.000,-1.766,18.346,18.431,0.895,0.099,0.900,0.799
17:47:04.786,23.443,-1.766,18.346,True,-1.671,17.540,1.557,-20.052,0.666,-0.060,0.000,0.000,-1.766,18.346,18.431,0.869,0.098,0.875,0.748
17:47:04.806,23.464,-1.766,20.385,True,-1.669,17.893,1.567,-16.882,0.858,-0.126,0.000,0.000,-1.766,20.385,20.461,1.044,0.098,1.049,0.685
17:47:04.827,23.484,-1.766,20.385,True,-1.668,18.213,1.572,-14.707,0.873,-0.100,0.000,0.000,-1.766,20.385,20.461,1.172,0.097,1.176,0.812
17:47:04.847,23.505,-1.766,20.385,True,-1.666,18.492,1.574,-13.350,0.955,-0.112,0.000,0.000,-1.766,20.385,20.461,1.260,0.097,1.264,0.779
17:47:04.867,23.525,-1.766,20.385,True,-1.665,18.726,1.574,-12.640,0.982,-0.148,0.000,0.000,-1.766,20.385,20.461,1.315,0.097,1.318,0.792
17:47:04.888,23.545,-1.766,20.385,True,-1.664,18.918,1.571,-12.423,0.990,-0.133,0.000,0.000,-1.766,20.385,20.461,1.343,0.097,1.347,0.400
17:47:04.910,23.567,-1.766,20.385,True,-1.664,19.068,1.568,-12.563,1.020,-0.123,0.000,0.000,-1.766,20.385,20.461,1.352,0.097,1.356,0.497
17:47:04.931,23.588,-1.766,16.308,True,-1.663,18.234,1.564,-19.173,0.664,-0.100,0.000,0.000,-1.766,16.308,16.403,0.977,0.097,0.982,0.860
17:47:04.951,23.608,-1.766,20.385,True,-1.663,18.439,1.560,-17.310,0.757,-0.065,0.000,0.000,-1.766,20.385,20.461,1.080,0.097,1.084,0.686
17:47:04.971,23.629,-1.766,20.385,True,-1.663,18.625,1.556,-16.029,0.844,-0.062,0.000,0.000,-1.766,20.385,20.461,1.155,0.098,1.159,0.679
17:47:04.992,23.649,-5.297,20.385,True,-2.484,18.788,-3.841,-15.225,0.914,0.246,0.000,0.000,-5.297,20.385,21.062,1.207,0.418,1.277,0.680
17:47:05.016,23.673,-1.766,20.385,True,-2.376,18.925,-1.769,-14.801,0.978,0.153,0.000,0.000,-1.766,20.385,20.461,1.239,0.316,1.279,0.591
17:47:05.035,23.693,-1.766,20.385,True,-2.411,18.629,-1.121,-17.347,0.836,0.121,0.000,0.000,-1.766,20.385,20.461,1.097,0.291,1.135,0.352
17:47:05.056,23.714,-1.766,20.385,True,-2.245,18.875,0.681,-15.809,0.932,0.016,0.000,0.000,-1.766,20.385,20.461,1.190,0.194,1.205,0.758
17:47:05.076,23.734,-1.766,20.385,True,-2.107,19.046,1.865,-15.178,1.006,-0.049,0.000,0.000,-1.766,20.385,20.461,1.235,0.128,1.241,0.826
17:47:05.097,23.754,-1.766,16.308,True,-1.992,18.120,2.618,-21.630,0.660,-0.084,0.000,0.000,-1.766,16.308,16.403,0.857,0.084,0.861,0.758
17:47:05.118,23.776,-1.766,20.385,True,-1.897,18.355,3.062,-19.179,0.818,-0.151,0.000,0.000,-1.766,20.385,20.461,0.989,0.055,0.991,0.463
17:47:05.139,23.796,-1.766,20.385,True,-1.819,18.556,3.281,-17.509,0.912,-0.162,0.000,0.000,-1.766,20.385,20.461,1.083,0.037,1.083,0.741
17:47:05.160,23.817,-1.766,16.308,True,-1.756,17.754,3.338,-22.621,0.611,-0.164,0.000,0.000,-1.766,16.308,16.403,0.777,0.028,0.777,0.763
17:47:05.180,23.838,-1.766,16.308,True,-1.707,17.067,3.280,-25.723,0.382,-0.160,0.000,0.000,-1.766,16.308,16.403,0.571,0.026,0.572,0.774
17:47:05.201,23.858,-1.766,20.385,True,-1.671,17.449,3.145,-21.089,0.608,-0.201,0.000,0.000,-1.766,20.385,20.461,0.814,0.028,0.815,0.840
17:47:05.220,23.878,-1.766,20.385,True,-1.645,17.810,2.963,-17.665,0.869,-0.187,0.000,0.000,-1.766,20.385,20.461,1.001,0.034,1.002,0.437
17:47:05.241,23.898,-1.766,20.385,True,-1.627,18.138,2.758,-15.268,1.112,-0.113,0.000,0.000,-1.766,20.385,20.461,1.140,0.041,1.141,0.470
17:47:05.261,23.919,-1.766,20.385,True,-1.617,18.425,2.547,-13.719,1.387,-0.095,0.000,0.000,-1.766,20.385,20.461,1.237,0.049,1.238,0.467
17:47:05.282,23.939,-1.766,14.269,True,-1.613,17.249,2.344,-22.190,0.827,0.041,0.000,0.000,-1.766,14.269,14.378,0.746,0.058,0.748,0.741
17:47:05.302,23.960,-1.766,14.269,True,-1.612,16.216,2.156,-27.600,0.519,0.018,0.000,0.000,-1.766,14.269,14.378,0.403,0.066,0.409,0.733
17:47:05.322,23.980,-1.766,16.308,True,-1.615,15.814,1.991,-27.444,0.381,0.014,0.000,0.000,-1.766,16.308,16.403,0.370,0.074,0.377,0.437
17:47:05.343,24.000,-1.766,14.269,True,-1.619,15.033,1.850,-29.729,0.167,0.118,0.000,0.000,-1.766,14.269,14.378,0.191,0.080,0.207,0.762
17:47:05.363,24.021,-1.766,14.269,True,-1.625,14.399,1.734,-30.381,-0.015,0.210,0.000,0.000,-1.766,14.269,14.378,0.099,0.086,0.131,0.839
17:47:05.384,24.041,-1.766,14.269,True,-1.631,13.903,1.642,-29.853,-0.167,0.264,0.000,0.000,-1.766,14.269,14.378,0.073,0.091,0.116,0.747
17:47:05.404,24.061,-1.766,14.269,True,-1.637,13.530,1.572,-28.527,-0.174,0.298,0.000,0.000,-1.766,14.269,14.378,0.094,0.094,0.133,0.439
17:47:05.424,24.082,-1.766,14.269,True,-1.643,13.264,1.521,-26.716,-0.140,0.301,0.000,0.000,-1.766,14.269,14.378,0.147,0.097,0.176,0.752
17:47:05.445,24.103,-1.766,14.269,True,-1.648,13.088,1.486,-24.663,-0.076,0.295,0.000,0.000,-1.766,14.269,14.378,0.220,0.099,0.241,0.816
17:47:05.465,24.123,-1.766,14.269,True,-1.653,12.984,1.465,-22.555,0.037,0.312,0.000,0.000,-1.766,14.269,14.378,0.303,0.101,0.319,0.520
17:47:05.485,24.143,-3.532,14.269,True,-2.067,12.936,-1.245,-20.523,0.193,0.457,0.000,0.000,-3.532,14.269,14.700,0.388,0.262,0.468,0.744
17:47:05.506,24.163,-3.532,22.423,True,-2.427,14.827,-2.907,-6.196,1.082,0.557,0.000,0.000,-3.532,22.423,22.699,1.209,0.371,1.265,0.798
17:47:05.526,24.184,-3.532,8.154,True,-2.728,13.181,-3.744,-18.685,0.304,0.585,0.000,0.000,-3.532,8.154,8.886,0.493,0.438,0.660,1.088
17:47:05.547,24.204,-3.532,14.269,True,-2.972,13.147,-3.957,-17.465,0.342,0.463,0.000,0.000,-3.532,14.269,14.700,0.544,0.472,0.720,0.597
17:47:05.567,24.225,-5.297,16.308,True,-3.573,13.613,-6.418,-13.221,0.586,0.890,0.000,0.000,-5.297,16.308,17.147,0.778,0.641,1.008,0.809
17:47:05.588,24.245,-3.532,10.192,True,-3.662,12.615,-4.842,-19.639,0.125,0.970,0.000,0.000,-3.532,10.192,10.787,0.395,0.580,0.702,0.758
17:47:05.608,24.265,-5.297,22.423,True,-4.117,14.593,-6.000,-4.872,0.805,1.654,0.000,0.000,-5.297,22.423,23.040,1.244,0.676,1.416,0.749
17:47:05.628,24.286,-5.297,22.423,True,-4.483,16.337,-6.230,4.679,1.452,2.208,0.000,0.000,-5.297,22.423,23.040,1.840,0.723,1.977,0.757
17:47:05.649,24.307,-5.297,20.385,True,-4.768,17.349,-5.798,6.936,1.762,2.512,0.000,0.000,-5.297,20.385,21.062,2.041,0.733,2.169,0.798
17:47:05.670,24.327,-5.297,10.192,True,-4.980,15.793,-4.924,-8.399,0.692,2.491,0.000,0.000,-5.297,10.192,11.487,1.209,0.715,1.404,0.906
17:47:05.690,24.348,-5.297,22.423,True,-5.129,17.204,-3.789,-0.501,1.371,2.187,0.000,0.000,-5.297,22.423,23.040,1.698,0.680,1.829,0.684
17:47:05.710,24.368,-3.532,22.423,True,-4.816,18.409,0.164,3.995,1.637,1.508,0.000,0.000,-3.532,22.423,22.699,2.017,0.474,2.072,0.524
17:47:05.731,24.388,-3.532,18.346,True,-4.515,18.456,3.096,-0.368,1.437,1.163,0.000,0.000,-3.532,18.346,18.683,1.829,0.315,1.856,0.825
17:47:05.751,24.408,-3.532,22.423,True,-4.239,19.372,5.150,1.943,1.525,0.892,0.000,0.000,-3.532,22.423,22.699,2.023,0.197,2.032,0.672
17:47:05.771,24.429,-1.766,18.346,True,-3.586,19.163,9.174,-3.839,1.716,0.850,0.000,0.000,-1.766,18.346,18.431,1.747,-0.046,1.748,0.748
17:47:05.791,24.449,-1.766,18.346,True,-3.022,18.915,11.578,-8.559,1.320,0.577,0.000,0.000,-1.766,18.346,18.431,1.514,-0.209,1.528,0.388
17:47:05.812,24.469,-1.766,18.346,True,-2.552,18.651,12.713,-12.276,0.828,0.356,0.000,0.000,-1.766,18.346,18.431,1.323,-0.306,1.358,0.707
17:47:05.832,24.490,-1.766,22.423,True,-2.174,19.339,12.898,-8.859,0.968,0.093,0.000,0.000,-1.766,22.423,22.492,1.543,-0.352,1.582,0.806
17:47:05.853,24.510,0.000,24.462,True,-1.471,20.393,15.102,-3.936,1.282,-0.230,0.000,0.000,0.000,24.462,24.462,1.866,-0.519,1.937,0.805
17:47:05.873,24.530,0.000,24.462,True,-0.898,21.278,15.820,-1.435,1.478,-0.235,0.000,0.000,0.000,24.462,24.462,2.064,-0.609,2.152,0.660
17:47:05.893,24.551,1.766,18.346,True,-0.036,20.575,18.154,-10.110,1.182,-0.323,0.000,0.000,1.766,18.346,18.431,1.611,-0.798,1.798,0.555
17:47:05.914,24.571,1.766,22.423,True,0.661,20.849,18.712,-10.289,1.150,-0.422,0.000,0.000,1.766,22.423,22.492,1.631,-0.892,1.859,0.452
17:47:05.934,24.592,1.766,22.423,True,1.205,21.057,17.994,-10.921,1.129,-0.402,0.000,0.000,1.766,22.423,22.492,1.624,-0.915,1.864,0.772
17:47:05.955,24.612,3.532,16.308,True,2.022,19.786,19.118,-21.176,0.650,-0.585,0.000,0.000,3.532,16.308,16.686,1.044,-1.046,1.478,0.857
17:47:05.975,24.633,3.532,18.346,True,2.666,19.126,18.690,-24.872,0.352,-0.651,0.000,0.000,3.532,18.346,18.683,0.815,-1.092,1.362,0.857
17:47:05.996,24.653,3.532,22.423,True,3.154,19.510,17.198,-20.752,0.631,-0.768,0.000,0.000,3.532,22.423,22.699,1.035,-1.075,1.492,0.803
17:47:06.015,24.673,7.063,18.346,True,4.326,18.921,20.435,-24.022,0.699,-1.401,0.000,0.000,7.063,18.346,19.659,0.832,-1.335,1.573,0.443
17:47:06.036,24.693,5.297,22.423,True,4.866,19.366,18.551,-19.650,1.267,-1.361,0.000,0.000,5.297,22.423,23.040,1.069,-1.305,1.687,0.457
17:47:06.056,24.714,5.297,22.423,True,5.237,18.973,15.869,-21.846,1.281,-1.151,0.000,0.000,5.297,22.423,23.040,0.933,-1.224,1.539,0.663
17:47:06.077,24.734,7.063,14.269,True,5.980,17.333,16.076,-31.460,0.806,-1.112,0.000,0.000,7.063,14.269,15.922,0.345,-1.308,1.352,0.751
17:47:06.100,24.757,8.829,18.346,True,6.976,17.142,17.647,-29.403,0.957,-1.160,0.000,0.000,8.829,18.346,20.360,0.416,-1.476,1.534,0.674
17:47:06.120,24.777,8.829,16.308,True,7.712,16.491,17.026,-30.654,0.821,-1.199,0.000,0.000,8.829,16.308,18.544,0.296,-1.523,1.551,0.772
17:47:06.140,24.798,8.829,16.308,True,8.245,15.984,15.109,-30.591,0.725,-1.107,0.000,0.000,8.829,16.308,18.544,0.248,-1.491,1.512,0.736
17:47:06.160,24.818,8.829,16.308,True,8.616,15.599,12.477,-29.666,0.736,-1.063,0.000,0.000,8.829,16.308,18.544,0.250,-1.412,1.434,0.479
17:47:06.181,24.838,8.829,16.308,True,8.857,15.316,9.520,-28.200,0.770,-0.967,0.000,0.000,8.829,16.308,18.544,0.287,-1.306,1.337,0.811
17:47:06.201,24.859,8.829,10.192,True,8.996,13.677,6.507,-35.702,0.272,-0.822,0.000,0.000,8.829,10.192,13.485,-0.208,-1.187,1.205,0.533
17:47:06.222,24.879,8.829,16.308,True,9.056,13.746,3.619,-30.205,0.525,-0.824,0.000,0.000,8.829,16.308,18.544,0.041,-1.065,1.066,0.795
17:47:06.242,24.900,8.829,14.269,True,9.059,13.405,0.975,-28.579,0.435,-0.708,0.000,0.000,8.829,14.269,16.780,0.079,-0.949,0.952,0.903
17:47:06.262,24.919,10.595,16.308,True,9.431,13.641,1.333,-23.455,0.543,-0.758,0.000,0.000,10.595,16.308,19.447,0.329,-1.002,1.055,0.599
17:47:06.282,24.940,10.595,20.385,True,9.722,14.848,1.008,-13.134,1.192,-0.931,0.000,0.000,10.595,20.385,22.974,0.905,-1.017,1.361,0.438
17:47:06.306,24.963,8.829,16.308,True,9.530,14.986,-2.476,-12.363,1.065,-0.834,0.000,0.000,8.829,16.308,18.544,0.953,-0.844,1.273,0.712
17:47:06.326,24.984,10.595,16.308,True,9.739,15.103,-2.505,-11.921,1.181,-0.641,0.000,0.000,10.595,16.308,19.447,0.984,-0.863,1.309,0.626
17:47:06.346,25.004,10.595,16.308,True,9.900,15.200,-2.893,-11.734,1.026,-0.726,0.000,0.000,10.595,16.308,19.447,1.002,-0.862,1.322,0.703
17:47:06.367,25.024,10.595,14.269,True,10.017,14.803,-3.512,-14.859,0.756,-0.779,0.000,0.000,10.595,14.269,17.773,0.825,-0.847,1.182,0.768
17:47:06.387,25.044,10.595,14.269,True,10.098,14.451,-4.259,-16.916,0.566,-0.701,0.000,0.000,10.595,14.269,17.773,0.698,-0.822,1.079,0.486
17:47:06.407,25.064,10.595,14.269,True,10.148,14.149,-5.055,-18.111,0.521,-0.691,0.000,0.000,10.595,14.269,17.773,0.616,-0.792,1.003,0.814
17:47:06.427,25.084,10.595,14.269,True,10.174,13.899,-5.843,-18.638,0.498,-0.643,0.000,0.000,10.595,14.269,17.773,0.567,-0.760,0.948,0.606
17:47:06.447,25.104,10.595,14.269,True,10.182,13.699,-6.581,-18.667,0.596,-0.573,0.000,0.000,10.595,14.269,17.773,0.546,-0.728,0.910,0.459
17:47:06.468,25.125,10.595,14.269,True,10.177,13.545,-7.244,-18.345,0.772,-0.471,0.000,0.000,10.595,14.269,17.773,0.545,-0.698,0.885,0.857
17:47:06.488,25.146,10.595,14.269,True,10.163,13.432,-7.818,-17.797,0.663,-0.409,0.000,0.000,10.595,14.269,17.773,0.558,-0.671,0.873,0.785
17:47:06.509,25.166,10.595,14.269,True,10.144,13.353,-8.298,-17.119,0.590,-0.455,0.000,0.000,10.595,14.269,17.773,0.580,-0.648,0.870,0.848
17:47:06.529,25.187,8.829,14.269,True,9.711,13.304,-11.385,-16.387,0.596,-0.155,0.000,0.000,8.829,14.269,16.780,0.607,-0.469,0.767,0.836
17:47:06.549,25.207,10.595,16.308,True,9.741,13.750,-10.649,-12.544,0.733,-0.224,0.000,0.000,10.595,16.308,19.447,0.821,-0.504,0.964,0.754
17:47:06.570,25.227,10.595,16.308,True,9.776,14.152,-10.055,-9.942,0.882,-0.140,0.000,0.000,10.595,16.308,19.447,0.976,-0.534,1.113,0.575
17:47:06.590,25.248,10.595,16.308,True,9.812,14.500,-9.594,-8.351,1.012,-0.151,0.000,0.000,10.595,16.308,19.447,1.081,-0.558,1.217,0.819
17:47:06.610,25.268,10.595,16.308,True,9.847,14.792,-9.252,-7.558,1.074,-0.183,0.000,0.000,10.595,16.308,19.447,1.146,-0.576,1.282,0.419
17:47:06.631,25.288,10.595,16.308,True,9.879,15.028,-9.011,-7.366,1.103,-0.182,0.000,0.000,10.595,16.308,19.447,1.178,-0.590,1.317,0.546
17:47:06.652,25.309,10.595,16.308,True,9.907,15.212,-8.854,-7.607,1.107,-0.212,0.000,0.000,10.595,16.308,19.447,1.185,-0.600,1.329,0.766
17:47:06.672,25.330,10.595,16.308,True,9.931,15.350,-8.765,-8.137,1.092,-0.227,0.000,0.000,10.595,16.308,19.447,1.176,-0.606,1.323,0.796
17:47:06.693,25.350,8.829,16.308,True,9.540,15.448,-11.425,-8.842,1.079,-0.070,0.000,0.000,8.829,16.308,18.544,1.154,-0.450,1.239,0.754
17:47:06.713,25.371,8.829,16.308,True,9.200,15.512,-13.086,-9.631,1.042,0.034,0.000,0.000,8.829,16.308,18.544,1.126,-0.342,1.177,0.594
17:47:06.734,25.391,10.595,16.308,True,9.323,15.549,-11.259,-10.435,0.993,-0.070,0.000,0.000,10.595,16.308,19.447,1.094,-0.435,1.178,0.881
17:47:06.754,25.411,10.595,16.308,True,9.446,15.565,-9.866,-11.205,0.956,-0.187,0.000,0.000,10.595,16.308,19.447,1.062,-0.509,1.178,0.682
17:47:06.775,25.432,10.595,16.308,True,9.561,15.565,-8.856,-11.910,0.915,-0.264,0.000,0.000,10.595,16.308,19.447,1.031,-0.565,1.176,0.843
17:47:06.795,25.452,12.361,12.231,True,10.076,14.608,-5.471,-18.757,0.531,-0.495,0.000,0.000,12.361,12.231,17.389,0.633,-0.766,0.994,0.490
17:47:06.815,25.473,10.595,16.308,True,10.112,14.715,-6.085,-16.888,0.614,-0.504,0.000,0.000,10.595,16.308,19.447,0.726,-0.743,1.039,0.543
17:47:06.840,25.498,12.361,16.308,True,10.541,14.826,-3.991,-15.432,0.556,-0.637,0.000,0.000,12.361,16.308,20.463,0.801,-0.878,1.189,0.562
17:47:06.861,25.518,12.361,16.308,True,10.903,14.933,-2.894,-14.343,0.809,-0.625,0.000,0.000,12.361,16.308,20.463,0.860,-0.963,1.291,0.963
17:47:06.881,25.539,12.361,16.308,True,11.197,15.032,-2.556,-13.573,0.820,-0.505,0.000,0.000,12.361,16.308,20.463,0.904,-1.007,1.353,0.776
17:47:06.901,25.559,12.361,14.269,True,11.428,14.646,-2.770,-16.181,0.696,-0.603,0.000,0.000,12.361,14.269,18.879,0.750,-1.021,1.267,0.559
17:47:06.922,25.579,12.361,16.308,True,11.602,14.784,-3.358,-14.692,0.930,-0.554,0.000,0.000,12.361,16.308,20.463,0.830,-1.012,1.309,0.494
17:47:06.943,25.601,12.361,14.269,True,11.727,14.439,-4.176,-16.734,0.846,-0.522,0.000,0.000,12.361,14.269,18.879,0.705,-0.988,1.214,0.511
17:47:06.963,25.621,12.361,16.308,True,11.810,14.616,-5.111,-14.818,0.990,-0.535,0.000,0.000,12.361,16.308,20.463,0.808,-0.955,1.251,0.493
17:47:06.984,25.642,12.361,12.231,True,11.860,13.834,-6.077,-19.668,0.667,-0.498,0.000,0.000,12.361,12.231,17.389,0.515,-0.918,1.053,0.672
17:47:07.005,25.662,12.361,14.269,True,11.883,13.633,-7.012,-19.462,0.590,-0.534,0.000,0.000,12.361,14.269,18.879,0.504,-0.879,1.013,0.829
17:47:07.026,25.683,10.595,14.269,True,11.476,13.482,-10.569,-18.932,0.653,-0.400,0.000,0.000,10.595,14.269,17.773,0.513,-0.681,0.852,0.816
17:47:07.046,25.703,10.595,14.269,True,11.109,13.374,-12.991,-18.206,0.637,-0.498,0.000,0.000,10.595,14.269,17.773,0.534,-0.537,0.758,0.471
17:47:07.069,25.726,10.595,16.308,True,10.790,13.776,-14.484,-14.267,0.498,-0.619,0.000,0.000,10.595,16.308,19.447,0.748,-0.440,0.868,0.726
17:47:07.090,25.747,10.595,14.269,True,10.522,13.672,-15.243,-14.615,0.272,-0.344,0.000,0.000,10.595,14.269,17.773,0.722,-0.379,0.816,0.710
17:47:07.110,25.767,10.595,16.308,True,10.305,14.060,-15.446,-11.627,0.418,-0.136,0.000,0.000,10.595,16.308,19.447,0.893,-0.349,0.958,0.750
17:47:07.130,25.788,8.829,16.308,True,9.725,14.404,-17.945,-9.674,0.645,-0.158,0.000,0.000,8.829,16.308,18.544,1.013,-0.180,1.029,0.809
17:47:07.151,25.808,8.829,14.269,True,9.241,14.224,-19.136,-11.665,0.575,0.016,0.000,0.000,8.829,14.269,16.780,0.907,-0.080,0.911,0.914
17:47:07.172,25.829,8.829,20.385,True,8.852,15.476,-19.344,-3.765,1.056,0.165,0.000,0.000,8.829,20.385,22.215,1.381,-0.031,1.382,0.818
17:47:07.192,25.849,8.829,14.269,True,8.550,15.138,-18.853,-8.331,0.972,0.039,0.000,0.000,8.829,14.269,16.780,1.146,-0.023,1.146,0.783
17:47:07.212,25.870,8.829,14.269,True,8.325,14.808,-17.897,-11.758,0.848,0.142,0.000,0.000,8.829,14.269,16.780,0.962,-0.043,0.963,0.441
17:47:07.233,25.891,8.829,14.269,True,8.167,14.502,-16.668,-14.198,0.665,0.101,0.000,0.000,8.829,14.269,16.780,0.824,-0.081,0.828,0.839
17:47:07.253,25.911,8.829,14.269,True,8.065,14.230,-15.315,-15.813,0.610,0.232,0.000,0.000,8.829,14.269,16.780,0.725,-0.131,0.737,0.791
17:47:07.274,25.931,19.424,20.385,True,10.469,15.417,2.232,-7.421,1.140,-0.779,0.000,0.000,19.424,20.385,28.157,1.214,-1.145,1.669,0.816
17:47:07.294,25.951,7.063,16.308,True,9.712,15.510,-5.391,-8.329,0.996,-0.282,0.000,0.000,7.063,16.308,17.772,1.183,-0.733,1.392,0.507
17:47:07.314,25.972,7.063,20.385,True,9.014,16.515,-10.778,-3.062,1.194,0.114,0.000,0.000,7.063,20.385,21.574,1.516,-0.426,1.575,0.456
17:47:07.335,25.993,7.063,16.308,True,8.395,16.420,-14.302,-6.400,1.081,0.323,0.000,0.000,7.063,16.308,17.772,1.359,-0.208,1.375,0.804
17:47:07.356,26.013,7.063,18.346,True,7.866,16.769,-16.327,-6.056,1.241,0.397,0.000,0.000,7.063,18.346,19.659,1.410,-0.066,1.411,0.416
17:47:07.376,26.034,5.297,16.308,True,7.019,16.569,-19.887,-9.471,0.881,0.458,0.000,0.000,5.297,16.308,17.147,1.239,0.176,1.251,0.411
17:47:07.397,26.055,5.297,16.308,True,6.314,16.363,-21.547,-12.126,0.810,0.712,0.000,0.000,5.297,16.308,17.147,1.101,0.320,1.147,0.810
17:47:07.417,26.075,5.297,16.308,True,5.747,16.164,-21.783,-14.102,0.613,0.660,0.000,0.000,5.297,16.308,17.147,0.994,0.387,1.067,0.450
17:47:07.438,26.095,5.297,14.269,True,5.308,15.507,-21.009,-18.607,0.202,0.711,0.000,0.000,5.297,14.269,15.221,0.729,0.397,0.830,0.406
17:47:07.458,26.116,5.297,14.269,True,4.983,14.934,-19.569,-21.428,-0.015,0.662,0.000,0.000,5.297,14.269,15.221,0.548,0.365,0.658,0.811
17:47:07.480,26.138,5.297,14.269,True,4.756,14.450,-17.740,-22.913,-0.089,0.502,0.000,0.000,5.297,14.269,15.221,0.434,0.307,0.532,0.406
17:47:07.500,26.158,17.658,18.346,True,7.481,15.004,3.138,-17.155,0.468,-0.665,0.000,0.000,17.658,18.346,25.464,0.743,-0.887,1.157,0.384
17:47:07.521,26.178,3.532,14.269,True,6.611,14.570,-4.810,-19.280,0.431,-0.245,0.000,0.000,3.532,14.269,14.700,0.606,-0.449,0.754,0.794
17:47:07.541,26.199,3.532,14.269,True,5.822,14.204,-10.289,-20.395,0.626,0.109,0.000,0.000,3.532,14.269,14.700,0.520,-0.128,0.536,0.778
17:47:07.562,26.219,3.532,16.308,True,5.132,14.380,-13.735,-17.628,0.735,0.417,0.000,0.000,3.532,16.308,16.686,0.660,0.093,0.666,0.679
17:47:07.582,26.240,3.532,20.385,True,4.549,15.504,-15.569,-9.274,1.164,0.607,0.000,0.000,3.532,20.385,20.688,1.141,0.232,1.164,0.770
17:47:07.603,26.260,3.532,20.385,True,4.074,16.495,-16.170,-3.882,1.564,0.494,0.000,0.000,3.532,20.385,20.688,1.478,0.306,1.510,0.452
17:47:07.623,26.281,3.532,20.385,True,3.700,17.339,-15.875,-0.861,1.783,0.585,0.000,0.000,3.532,20.385,20.688,1.696,0.331,1.728,0.787
17:47:07.644,26.301,3.532,16.308,True,3.417,17.087,-14.967,-5.895,1.476,0.371,0.000,0.000,3.532,16.308,16.686,1.448,0.319,1.483,0.663
17:47:07.664,26.322,3.532,16.308,True,3.214,16.815,-13.679,-9.880,1.345,0.304,0.000,0.000,3.532,16.308,16.686,1.245,0.282,1.277,0.871
17:47:07.684,26.342,3.532,16.308,True,3.078,16.545,-12.196,-12.912,1.324,0.518,0.000,0.000,3.532,16.308,16.686,1.085,0.231,1.109,0.473
17:47:07.705,26.362,3.532,16.308,True,2.996,16.292,-10.656,-15.109,1.550,0.351,0.000,0.000,3.532,16.308,16.686,0.962,0.171,0.977,0.754
17:47:07.725,26.383,15.892,20.385,True,5.828,17.011,9.715,-10.375,1.632,-0.794,0.000,0.000,15.892,20.385,25.848,1.243,-1.012,1.603,0.763
17:47:07.745,26.403,1.766,20.385,True,5.034,17.635,1.136,-7.460,1.820,-0.519,0.000,0.000,1.766,20.385,20.461,1.434,-0.554,1.537,0.415
17:47:07.766,26.424,3.532,16.308,True,4.702,17.212,-2.330,-12.207,1.850,-0.597,0.000,0.000,3.532,16.308,16.686,1.182,-0.367,1.238,0.750
17:47:07.786,26.444,3.532,24.462,True,4.394,18.709,-4.801,-3.193,2.502,-0.549,0.000,0.000,3.532,24.462,24.715,1.730,-0.228,1.745,0.484
17:47:07.807,26.464,3.532,16.308,True,4.120,18.102,-6.440,-10.317,1.842,-0.273,0.000,0.000,3.532,16.308,16.686,1.355,-0.128,1.361,0.769
17:47:07.827,26.484,3.532,24.462,True,3.885,19.421,-7.405,-3.074,2.259,-0.234,0.000,0.000,3.532,24.462,24.715,1.806,-0.062,1.808,0.652
17:47:07.847,26.505,1.766,14.269,True,3.279,18.177,-10.541,-14.559,1.621,0.038,0.000,0.000,1.766,14.269,14.378,1.175,0.137,1.183,0.473
17:47:07.867,26.525,1.766,20.385,True,2.765,18.466,-12.247,-13.158,1.992,0.338,0.000,0.000,1.766,20.385,20.461,1.266,0.264,1.293,0.394
17:47:07.888,26.546,-3.532,34.654,True,1.114,22.025,-20.947,9.364,3.440,0.893,0.000,0.000,-3.532,34.654,34.833,2.616,0.813,2.739,0.745
17:47:07.909,26.566,1.766,12.231,True,0.944,19.893,-17.642,-11.254,2.162,0.750,0.000,0.000,1.766,12.231,12.358,1.493,0.684,1.642,0.504
17:47:07.929,26.587,0.000,12.231,True,0.454,17.940,-17.139,-25.679,1.839,0.545,0.000,0.000,0.000,12.231,12.231,0.661,0.711,0.971,0.391
17:47:07.950,26.608,0.000,16.308,True,0.085,17.167,-15.848,-28.745,1.645,0.793,0.000,0.000,0.000,16.308,16.308,0.448,0.691,0.823,0.836
17:47:07.970,26.628,0.000,18.346,True,-0.178,16.999,-14.074,-26.987,1.707,0.709,0.000,0.000,0.000,18.346,18.346,0.509,0.639,0.817,0.643
17:47:07.991,26.648,-1.766,16.308,True,-0.763,16.424,-14.757,-28.264,1.573,0.755,0.000,0.000,-1.766,16.308,16.403,0.395,0.728,0.828,0.804
17:47:08.011,26.669,0.000,16.308,True,-0.812,15.963,-11.646,-28.391,1.470,0.612,0.000,0.000,0.000,16.308,16.308,0.343,0.595,0.687,0.732
17:47:08.033,26.691,-1.766,14.269,True,-1.213,15.134,-11.524,-30.816,1.171,0.701,0.000,0.000,-1.766,14.269,14.378,0.153,0.630,0.648,0.879
17:47:08.053,26.711,0.000,14.269,True,-1.108,14.460,-8.026,-31.510,1.144,0.274,0.000,0.000,0.000,14.269,14.269,0.055,0.465,0.468,0.804
17:47:08.074,26.731,-1.766,10.192,True,-1.384,12.985,-7.830,-37.178,0.790,0.199,0.000,0.000,-1.766,10.192,10.344,-0.343,0.484,0.593,0.761
17:47:08.094,26.751,-1.766,10.192,True,-1.593,11.765,-7.180,-39.603,0.637,0.272,0.000,0.000,-1.766,10.192,10.344,-0.572,0.476,0.744,0.432
17:47:08.115,26.772,-1.766,12.231,True,-1.743,11.265,-6.246,-36.508,0.669,0.244,0.000,0.000,-1.766,12.231,12.358,-0.485,0.450,0.662,0.983
17:47:08.135,26.793,-1.766,6.115,True,-1.844,9.508,-5.165,-42.261,0.191,0.153,0.000,0.000,-1.766,6.115,6.365,-0.915,0.412,1.003,0.785
17:47:08.156,26.813,-1.766,4.077,True,-1.905,7.598,-4.040,-47.386,-0.272,0.109,0.000,0.000,-1.766,4.077,4.443,-1.332,0.369,1.382,0.821
17:47:08.176,26.833,-1.766,8.154,True,-1.935,6.999,-2.946,-42.353,-0.255,0.102,0.000,0.000,-1.766,8.154,8.343,-1.169,0.324,1.213,0.533
17:47:08.196,26.854,-1.766,8.154,True,-1.994,6.152,-2.281,-39.950,-0.411,0.148,0.000,0.000,-1.766,8.154,8.343,-1.148,0.300,1.187,0.785
17:47:08.217,26.874,-1.766,6.115,True,-1.962,5.568,-1.171,-36.216,-0.330,0.075,0.000,0.000,-1.766,6.115,6.365,-1.042,0.248,1.071,0.834
17:47:08.238,26.895,-1.766,6.115,True,-1.927,5.183,-0.291,-31.934,-0.190,0.015,0.000,0.000,-1.766,6.115,6.365,-0.891,0.206,0.915,0.784
17:47:08.258,26.916,-1.766,4.077,True,-1.890,4.425,0.400,-30.855,-0.281,0.030,0.000,0.000,-1.766,4.077,4.443,-0.919,0.171,0.935,0.620
17:47:08.279,26.937,-1.766,4.077,True,-1.853,3.874,0.934,-28.546,-0.219,0.022,0.000,0.000,-1.766,4.077,4.443,-0.873,0.144,0.884,0.727
17:47:08.300,26.957,-1.766,4.077,True,-1.818,3.491,1.336,-25.566,-0.114,0.017,0.000,0.000,-1.766,4.077,4.443,-0.779,0.123,0.789,0.801
17:47:08.320,26.978,-1.766,2.038,True,-1.785,2.755,1.627,-25.396,-0.256,0.007,0.000,0.000,-1.766,2.038,2.697,-0.845,0.107,0.852,0.750
17:47:08.341,26.998,-1.766,2.038,True,-1.753,2.247,1.846,-23.659,-0.218,-0.047,0.000,0.000,-1.766,2.038,2.697,-0.820,0.094,0.825,0.633
17:47:08.361,27.019,-1.766,2.038,True,-1.730,1.849,1.949,-21.501,-0.177,-0.062,0.000,0.000,-1.766,2.038,2.697,-0.764,0.087,0.769,0.470
17:47:08.382,27.039,-1.766,0.000,True,-1.711,1.039,2.003,-22.307,-0.354,-0.083,0.000,0.000,-1.766,0.000,1.766,-0.881,0.083,0.885,0.443
17:47:08.402,27.060,-1.766,6.115,True,-1.695,2.008,2.021,-11.659,0.122,-0.056,0.000,0.000,-1.766,6.115,6.365,-0.314,0.080,0.324,0.785
17:47:08.422,27.080,-1.766,0.000,True,-1.682,1.335,2.013,-13.778,-0.047,-0.055,0.000,0.000,-1.766,0.000,1.766,-0.475,0.079,0.481,0.410
17:47:08.444,27.101,-3.532,0.000,True,-2.100,0.803,-0.721,-14.427,-0.133,0.119,0.000,0.000,-3.532,0.000,3.532,-0.557,0.242,0.607,0.440
17:47:08.465,27.122,-3.532,-2.038,True,-2.452,-0.094,-2.382,-17.170,-0.376,0.254,0.000,0.000,-3.532,-2.038,4.078,-0.767,0.350,0.843,0.611
17:47:08.485,27.142,-5.297,-2.038,True,-3.159,-0.815,-5.912,-18.025,-0.519,0.459,0.000,0.000,-5.297,-2.038,5.676,-0.877,0.577,1.050,0.823
17:47:08.505,27.163,-5.297,-6.115,True,-3.750,-2.332,-7.797,-23.730,-0.750,0.710,0.000,0.000,-5.297,-6.115,8.091,-1.281,0.719,1.469,0.732
17:47:08.526,27.183,-5.297,-6.115,True,-4.231,-3.578,-8.437,-26.135,-1.014,0.876,0.000,0.000,-5.297,-6.115,8.091,-1.511,0.795,1.708,0.805
17:47:08.546,27.203,-5.297,-12.231,True,-4.609,-5.994,-8.172,-35.431,-1.841,0.674,0.000,0.000,-5.297,-12.231,13.329,-2.163,0.822,2.314,0.522
17:47:08.570,27.227,-7.063,-10.192,True,-5.305,-7.514,-9.986,-36.320,-1.941,0.607,0.000,0.000,-7.063,-10.192,12.401,-2.355,0.971,2.547,0.863
17:47:08.590,27.247,-8.829,-10.192,True,-6.278,-8.695,-13.079,-34.469,-1.976,0.993,0.000,0.000,-8.829,-10.192,13.485,-2.391,1.205,2.677,0.458
17:47:08.610,27.268,-8.829,-10.192,True,-7.072,-9.572,-14.111,-30.796,-2.073,1.188,0.000,0.000,-8.829,-10.192,13.485,-2.316,1.330,2.671,0.723
17:47:08.631,27.288,-8.829,-8.154,True,-7.697,-9.715,-13.639,-22.918,-1.814,1.136,0.000,0.000,-8.829,-8.154,12.018,-1.983,1.372,2.411,0.705
17:47:08.651,27.308,-8.829,-14.269,True,-8.170,-11.126,-12.137,-25.123,-2.047,1.071,0.000,0.000,-8.829,-14.269,16.780,-2.222,1.353,2.601,0.563
17:47:08.674,27.332,-8.829,-12.231,True,-8.510,-11.769,-9.996,-21.481,-1.889,1.056,0.000,0.000,-8.829,-12.231,15.085,-2.125,1.292,2.487,0.935
17:47:08.695,27.352,-10.595,-14.269,True,-9.148,-12.680,-10.229,-20.288,-1.930,1.068,0.000,0.000,-10.595,-14.269,17.773,-2.164,1.366,2.559,0.780
17:47:08.716,27.373,-12.361,-12.231,True,-10.053,-12.887,-12.028,-14.533,-1.718,1.276,0.000,0.000,-12.361,-12.231,17.389,-1.930,1.536,2.467,1.142
17:47:08.736,27.393,-12.361,-12.231,True,-10.774,-12.957,-12.036,-9.118,-1.503,1.380,0.000,0.000,-12.361,-12.231,17.389,-1.698,1.609,2.339,0.722
17:47:08.756,27.414,-12.361,-10.192,True,-11.328,-12.454,-10.789,-1.120,-1.117,1.366,0.000,0.000,-12.361,-10.192,16.021,-1.295,1.609,2.065,0.408
17:47:08.777,27.434,-12.361,-4.077,True,-11.734,-10.523,-8.733,14.384,-0.267,1.281,0.000,0.000,-12.361,-4.077,13.016,-0.417,1.559,1.614,0.705
17:47:08.797,27.455,-12.361,-8.154,True,-12.014,-9.752,-6.221,18.424,0.014,1.277,0.000,0.000,-12.361,-8.154,14.808,-0.162,1.476,1.485,0.882
17:47:08.817,27.475,-12.361,-8.154,True,-12.190,-9.097,-3.529,20.635,-0.014,1.426,0.000,0.000,-12.361,-8.154,14.808,0.001,1.375,1.375,0.825
17:47:08.838,27.496,-12.361,-8.154,True,-12.284,-8.561,-0.858,21.443,-0.021,1.255,0.000,0.000,-12.361,-8.154,14.808,0.090,1.266,1.269,0.730
17:47:08.859,27.516,-12.361,-2.038,True,-12.315,-6.716,1.652,30.566,0.576,1.189,0.000,0.000,-12.361,-2.038,12.528,0.678,1.159,1.342,0.862
17:47:08.882,27.539,-12.361,-2.038,True,-12.282,-6.105,4.032,29.174,0.771,0.917,0.000,0.000,-12.361,-2.038,12.528,0.677,1.050,1.250,0.674
17:47:08.903,27.560,-12.361,-6.115,True,-12.246,-5.689,5.902,26.711,0.708,0.835,0.000,0.000,-12.361,-6.115,13.791,0.610,0.964,1.141,0.774
17:47:08.923,27.580,-12.361,-4.077,True,-12.190,-4.867,7.491,27.273,0.786,0.750,0.000,0.000,-12.361,-4.077,13.016,0.717,0.888,1.142,0.756
17:47:08.943,27.600,-12.361,-4.077,True,-12.122,-4.259,8.801,26.193,0.743,0.695,0.000,0.000,-12.361,-4.077,13.016,0.730,0.824,1.101,0.715
17:47:08.963,27.621,-10.595,-10.192,True,-11.611,-5.335,12.603,14.611,0.079,0.467,0.000,0.000,-10.595,-10.192,14.702,0.111,0.605,0.615,0.667
17:47:08.985,27.643,-10.595,-10.192,True,-11.174,-6.290,15.019,6.480,-0.334,0.302,0.000,0.000,-10.595,-10.192,14.702,-0.343,0.454,0.569,0.553
17:47:09.006,27.663,-12.361,-2.038,True,-11.228,-5.178,13.691,13.455,0.093,0.191,0.000,0.000,-12.361,-2.038,12.528,0.076,0.518,0.524,0.483
17:47:09.026,27.684,-12.361,4.077,True,-11.286,-2.792,12.624,26.922,0.794,0.244,0.000,0.000,-12.361,4.077,13.016,0.909,0.571,1.074,0.716
17:47:09.046,27.704,-12.361,4.077,True,-11.344,-0.772,11.786,34.649,0.925,-0.001,0.000,0.000,-12.361,4.077,13.016,1.452,0.614,1.577,0.446
17:47:09.067,27.724,-12.361,4.077,True,-11.400,0.890,11.146,37.974,1.099,0.118,0.000,0.000,-12.361,4.077,13.016,1.765,0.648,1.880,0.732
17:47:09.088,27.745,-12.361,6.115,True,-11.452,2.688,10.677,41.142,1.605,0.049,0.000,0.000,-12.361,6.115,13.791,2.085,0.674,2.191,0.798
17:47:09.109,27.766,-12.361,-2.038,True,-11.500,2.221,10.352,28.398,0.914,-0.190,0.000,0.000,-12.361,-2.038,12.528,1.476,0.693,1.630,0.546
17:47:09.130,27.787,-12.361,0.000,True,-11.541,2.141,10.144,21.106,0.723,0.174,0.000,0.000,-12.361,0.000,12.361,1.146,0.706,1.346,0.844
17:47:09.150,27.807,-10.595,-4.077,True,-11.165,1.020,12.732,8.596,0.028,-0.006,0.000,0.000,-10.595,-4.077,11.352,0.481,0.555,0.734,0.822
17:47:09.170,27.827,-10.595,8.154,True,-10.837,2.810,14.354,18.262,0.849,-0.010,0.000,0.000,-10.595,8.154,13.369,1.087,0.450,1.177,0.752
17:47:09.190,27.848,-10.595,8.154,True,-10.561,4.333,15.210,23.652,1.273,-0.204,0.000,0.000,-10.595,8.154,13.369,1.477,0.385,1.527,0.802
17:47:09.210,27.867,-10.595,2.038,True,-10.335,4.163,15.482,16.378,1.123,-0.543,0.000,0.000,-10.595,2.038,10.789,1.139,0.350,1.192,0.517
17:47:09.230,27.888,-10.595,10.192,True,-10.158,5.816,15.330,22.769,1.742,-0.518,0.000,0.000,-10.595,10.192,14.702,1.587,0.339,1.622,0.586
17:47:09.251,27.908,-10.595,10.192,True,-10.024,7.184,14.888,25.510,2.233,-0.314,0.000,0.000,-10.595,10.192,14.702,1.844,0.345,1.876,0.692
17:47:09.271,27.928,-10.595,10.192,True,-9.928,8.275,14.269,25.544,2.269,0.008,0.000,0.000,-10.595,10.192,14.702,1.955,0.363,1.988,0.399
17:47:09.291,27.949,-10.595,0.000,True,-9.864,6.743,13.559,8.089,1.384,0.043,0.000,0.000,-10.595,0.000,10.595,1.031,0.388,1.102,0.768
17:47:09.313,27.970,-10.595,0.000,True,-9.826,5.299,12.824,-4.587,0.706,0.165,0.000,0.000,-10.595,0.000,10.595,0.327,0.417,0.530,0.720
17:47:09.332,27.990,-12.361,10.192,True,-10.219,6.366,9.414,2.360,1.118,0.409,0.000,0.000,-12.361,10.192,16.021,0.741,0.606,0.957,0.428
17:47:09.353,28.010,-10.595,10.192,True,-10.162,7.292,9.797,6.613,1.411,0.238,0.000,0.000,-10.595,10.192,14.702,1.021,0.584,1.176,0.623
17:47:09.373,28.031,-12.361,12.231,True,-10.522,8.541,7.337,11.859,1.809,0.398,0.000,0.000,-12.361,12.231,17.389,1.378,0.728,1.558,0.793
17:47:09.394,28.051,-12.361,12.231,True,-10.837,9.581,5.801,14.302,2.016,0.430,0.000,0.000,-12.361,12.231,17.389,1.589,0.828,1.792,0.885
17:47:09.414,28.071,-12.361,12.231,True,-11.102,10.416,4.997,14.647,2.069,0.651,0.000,0.000,-12.361,12.231,17.389,1.688,0.890,1.908,0.844
17:47:09.435,28.092,-12.361,2.038,True,-11.318,8.694,4.750,-2.064,1.055,0.676,0.000,0.000,-12.361,2.038,12.528,0.778,0.922,1.207,0.789
17:47:09.455,28.112,-12.361,12.231,True,-11.487,9.484,4.906,1.801,1.302,0.622,0.000,0.000,-12.361,12.231,17.389,1.028,0.932,1.388,0.690
17:47:09.475,28.133,-12.361,2.038,True,-11.615,7.782,5.337,-11.737,0.420,0.817,0.000,0.000,-12.361,2.038,12.528,0.260,0.926,0.962,0.539
17:47:09.496,28.153,-17.658,0.000,True,-12.937,5.794,-2.152,-23.797,-0.430,1.148,0.000,0.000,-17.658,0.000,17.658,-0.471,1.389,1.466,0.811
17:47:09.516,28.173,-17.658,0.000,True,-12.980,5.318,0.701,-22.830,-0.390,0.925,0.000,0.000,-17.658,0.000,17.658,-0.476,1.267,1.353,0.381
17:47:09.537,28.195,-12.361,12.231,True,-12.795,6.939,4.396,-8.558,0.488,0.656,0.000,0.000,-12.361,12.231,17.389,0.316,1.086,1.131,0.639
17:47:09.558,28.215,-14.127,2.038,True,-13.086,5.506,4.236,-17.172,-0.054,0.756,0.000,0.000,-14.127,2.038,14.273,-0.207,1.122,1.141,0.448
17:47:09.578,28.235,-17.658,-2.038,True,-14.193,3.321,-0.947,-28.324,-0.816,1.098,0.000,0.000,-17.658,-2.038,17.775,-0.918,1.461,1.726,0.437
17:47:09.599,28.256,-14.127,12.231,True,-14.190,5.102,2.188,-11.642,0.093,0.943,0.000,0.000,-14.127,12.231,18.686,-0.004,1.322,1.322,0.835
17:47:09.619,28.276,-15.892,2.038,True,-14.569,4.184,2.226,-15.980,-0.347,0.962,0.000,0.000,-15.892,2.038,16.023,-0.287,1.359,1.389,0.424
17:47:09.642,28.299,-15.892,6.115,True,-14.851,4.401,2.937,-11.966,-0.160,0.890,0.000,0.000,-15.892,6.115,17.028,-0.088,1.355,1.358,0.642
17:47:09.662,28.319,-15.892,10.192,True,-15.051,5.583,4.054,-2.642,0.364,0.821,0.000,0.000,-15.892,10.192,18.880,0.442,1.326,1.398,0.483
17:47:09.682,28.339,-15.892,10.192,True,-15.186,6.621,5.381,3.518,0.725,0.981,0.000,0.000,-15.892,10.192,18.880,0.817,1.281,1.520,0.856
17:47:09.702,28.360,-15.892,6.115,True,-15.268,6.557,6.777,0.964,0.630,0.937,0.000,0.000,-15.892,6.115,17.028,0.698,1.228,1.412,0.713
17:47:09.722,28.380,-15.892,10.192,True,-15.309,7.417,8.143,5.031,0.959,0.899,0.000,0.000,-15.892,10.192,18.880,0.964,1.171,1.517,0.739
17:47:09.743,28.400,-15.892,10.192,True,-15.320,8.139,9.413,7.128,1.112,0.923,0.000,0.000,-15.892,10.192,18.880,1.129,1.116,1.588,0.518
17:47:09.764,28.421,-15.892,2.038,True,-15.308,6.831,10.545,-4.727,0.492,0.838,0.000,0.000,-15.892,2.038,16.023,0.475,1.065,1.166,0.895
17:47:09.783,28.441,-14.127,10.192,True,-14.872,7.540,14.219,-0.417,0.778,0.689,0.000,0.000,-14.127,10.192,17.420,0.736,0.860,1.131,0.434
17:47:09.804,28.461,-15.892,10.192,True,-14.891,8.150,13.987,2.144,0.925,0.726,0.000,0.000,-15.892,10.192,18.880,0.910,0.872,1.260,0.718
17:47:09.824,28.481,-14.127,2.038,True,-14.498,6.762,16.520,-9.149,0.251,0.592,0.000,0.000,-14.127,2.038,14.273,0.272,0.721,0.770,0.718
17:47:09.844,28.501,-14.127,10.192,True,-14.158,7.419,18.064,-4.175,0.540,0.575,0.000,0.000,-14.127,10.192,17.420,0.558,0.619,0.833,0.401
17:47:09.865,28.522,-14.127,0.000,True,-13.874,5.630,18.830,-16.553,-0.092,0.535,0.000,0.000,-14.127,0.000,14.127,-0.168,0.556,0.581,0.767
17:47:09.885,28.542,-14.127,10.192,True,-13.644,6.437,19.010,-8.718,0.333,0.559,0.000,0.000,-14.127,10.192,17.420,0.259,0.525,0.586,0.648
17:47:09.905,28.563,-12.361,10.192,True,-13.053,7.176,21.470,-3.236,0.528,0.477,0.000,0.000,-12.361,10.192,16.021,0.575,0.358,0.677,0.714
17:47:09.925,28.583,-12.361,10.192,True,-12.563,7.828,22.607,0.295,0.580,0.348,0.000,0.000,-12.361,10.192,16.021,0.796,0.258,0.837,0.419
17:47:09.948,28.606,-12.361,10.192,True,-12.169,8.382,22.756,2.266,0.670,0.242,0.000,0.000,-12.361,10.192,16.021,0.938,0.212,0.962,0.645
17:47:09.969,28.626,-12.361,2.038,True,-11.864,6.942,22.203,-9.428,-0.001,0.273,0.000,0.000,-12.361,2.038,12.528,0.278,0.206,0.346,0.726
17:47:09.989,28.647,-12.361,10.192,True,-11.639,7.553,21.190,-4.745,0.315,0.129,0.000,0.000,-12.361,10.192,16.021,0.546,0.229,0.592,0.691
17:47:10.010,28.667,-12.361,10.192,True,-11.481,8.094,19.909,-1.689,0.495,0.180,0.000,0.000,-12.361,10.192,16.021,0.735,0.269,0.783,0.680
17:47:10.030,28.688,-12.361,6.115,True,-11.380,7.608,18.511,-6.169,0.362,0.111,0.000,0.000,-12.361,6.115,13.791,0.489,0.321,0.585,0.842
17:47:10.052,28.709,-12.361,10.192,True,-11.324,8.114,17.107,-3.037,0.687,0.030,0.000,0.000,-12.361,10.192,16.021,0.677,0.377,0.775,0.704
17:47:10.073,28.730,-10.595,10.192,True,-10.892,8.550,18.472,-1.161,0.814,-0.167,0.000,0.000,-10.595,10.192,14.702,0.804,0.274,0.849,0.730
17:47:10.092,28.750,-10.595,10.192,True,-10.539,8.914,18.924,-0.269,0.738,-0.278,0.000,0.000,-10.595,10.192,14.702,0.879,0.219,0.906,0.437
17:47:10.113,28.771,-10.595,10.192,True,-10.262,9.207,18.710,-0.116,0.772,-0.319,0.000,0.000,-10.595,10.192,14.702,0.916,0.200,0.937,0.843
17:47:10.133,28.791,-10.595,10.192,True,-10.052,9.434,18.041,-0.488,0.754,-0.379,0.000,0.000,-10.595,10.192,14.702,0.922,0.209,0.945,0.402
17:47:10.154,28.812,-10.595,10.192,True,-9.901,9.603,17.090,-1.209,0.805,-0.357,0.000,0.000,-10.595,10.192,14.702,0.907,0.236,0.937,0.793
17:47:10.175,28.832,-10.595,10.192,True,-9.800,9.721,15.992,-2.135,0.771,-0.273,0.000,0.000,-10.595,10.192,14.702,0.878,0.274,0.920,0.524
17:47:10.195,28.852,-12.361,-2.038,True,-10.149,6.956,12.156,-21.832,-0.377,-0.082,0.000,0.000,-12.361,-2.038,12.528,-0.268,0.478,0.548,0.467
17:47:10.215,28.873,-10.595,10.192,True,-10.066,7.373,12.087,-15.673,-0.094,-0.103,0.000,0.000,-10.595,10.192,14.702,0.046,0.473,0.475,0.520
17:47:10.236,28.893,-8.829,10.192,True,-9.593,7.787,14.579,-10.982,0.372,-0.195,0.000,0.000,-8.829,10.192,13.485,0.294,0.316,0.431,0.717
17:47:10.257,28.914,-8.829,10.192,True,-9.302,7.568,15.228,-11.586,0.376,-0.210,0.000,0.000,-8.829,10.192,13.485,0.245,0.258,0.356,0.758
17:47:10.279,28.936,-8.829,10.192,True,-8.950,8.141,16.061,-6.937,0.534,-0.292,0.000,0.000,-8.829,10.192,13.485,0.508,0.186,0.541,0.554
17:47:10.299,28.957,-14.127,-2.038,True,-10.096,5.323,7.184,-24.891,-0.665,0.275,0.000,0.000,-14.127,-2.038,14.273,-0.566,0.692,0.895,0.855
17:47:10.320,28.977,-10.595,10.192,True,-10.116,6.198,7.573,-15.098,-0.020,0.312,0.000,0.000,-10.595,10.192,14.702,-0.047,0.677,0.679,0.909
17:47:10.340,28.997,-10.595,10.192,True,-10.121,6.961,7.981,-8.295,0.546,0.281,0.000,0.000,-10.595,10.192,14.702,0.330,0.660,0.738,0.729
17:47:10.360,29.017,-10.595,0.000,True,-10.115,5.150,8.364,-19.400,0.014,0.223,0.000,0.000,-10.595,0.000,10.595,-0.341,0.642,0.727,0.719
17:47:10.382,29.040,-14.127,-2.038,True,-10.943,3.142,3.327,-29.043,-0.821,0.696,0.000,0.000,-14.127,-2.038,14.273,-0.968,0.947,1.354,0.524
17:47:10.402,29.060,-12.361,10.192,True,-11.226,4.359,3.024,-15.485,-0.387,0.793,0.000,0.000,-12.361,10.192,16.021,-0.248,0.989,1.020,0.555
17:47:10.423,29.080,-10.595,10.192,True,-11.032,5.487,5.921,-5.665,0.333,0.732,0.000,0.000,-10.595,10.192,14.702,0.299,0.842,0.893,0.755
17:47:10.443,29.101,-10.595,10.192,True,-10.840,6.497,8.135,1.037,0.513,-0.163,0.000,0.000,-10.595,10.192,14.702,0.695,0.725,1.005,0.549
17:47:10.464,29.122,-10.595,10.192,True,-10.658,7.372,9.749,5.198,0.763,0.174,0.000,0.000,-10.595,10.192,14.702,0.967,0.635,1.157,0.826
17:47:10.487,29.144,-12.361,10.192,True,-10.904,8.107,8.161,7.353,0.689,0.160,0.000,0.000,-12.361,10.192,16.021,1.135,0.730,1.350,0.495
17:47:10.507,29.165,-12.361,10.192,True,-11.117,8.705,7.187,7.980,0.611,0.498,0.000,0.000,-12.361,10.192,16.021,1.223,0.794,1.458,0.810
17:47:10.528,29.185,-12.361,10.192,True,-11.296,9.173,6.697,7.499,0.759,0.717,0.000,0.000,-12.361,10.192,16.021,1.248,0.834,1.501,0.786
17:47:10.548,29.206,-12.361,10.192,True,-11.440,9.525,6.575,6.265,0.747,0.808,0.000,0.000,-12.361,10.192,16.021,1.229,0.854,1.497,0.726
17:47:10.569,29.226,-12.361,10.192,True,-11.553,9.776,6.719,4.570,0.728,0.668,0.000,0.000,-12.361,10.192,16.021,1.179,0.859,1.459,0.761
17:47:10.589,29.246,-12.361,10.192,True,-11.638,9.943,7.041,2.644,0.664,0.524,0.000,0.000,-12.361,10.192,16.021,1.111,0.853,1.401,0.793
17:47:10.609,29.267,-12.361,12.231,True,-11.698,10.516,7.472,3.783,0.707,0.570,0.000,0.000,-12.361,12.231,17.389,1.219,0.840,1.480,0.581
17:47:10.630,29.287,-12.361,12.231,True,-11.738,10.973,7.954,3.789,0.814,0.628,0.000,0.000,-12.361,12.231,17.389,1.265,0.823,1.509,0.881
17:47:10.650,29.307,-12.361,0.000,True,-11.760,8.479,8.448,-15.715,-0.240,0.580,0.000,0.000,-12.361,0.000,12.361,0.154,0.803,0.818,0.414
17:47:10.670,29.328,-12.361,12.231,True,-11.770,9.110,8.921,-9.812,0.099,0.557,0.000,0.000,-12.361,12.231,17.389,0.478,0.783,0.918,0.433
17:47:10.691,29.348,-12.361,0.000,True,-11.771,6.841,9.355,-24.424,-0.848,0.505,0.000,0.000,-12.361,0.000,12.361,-0.394,0.764,0.860,0.549
17:47:10.711,29.368,-12.361,12.231,True,-11.764,7.719,9.737,-14.630,-0.432,0.462,0.000,0.000,-12.361,12.231,17.389,0.126,0.747,0.757,0.557
17:47:10.731,29.389,-12.361,10.192,True,-11.753,8.070,10.062,-10.663,-0.176,0.267,0.000,0.000,-12.361,10.192,16.021,0.336,0.731,0.805,0.389
17:47:10.752,29.409,-12.361,4.077,True,-11.740,6.978,10.329,-17.128,-0.459,0.234,0.000,0.000,-12.361,4.077,13.016,-0.058,0.718,0.720,0.665
17:47:10.772,29.429,-12.361,4.077,True,-11.726,6.041,10.541,-20.917,-0.770,0.449,0.000,0.000,-12.361,4.077,13.016,-0.319,0.707,0.776,0.432
17:47:10.795,29.452,-12.361,4.077,True,-11.712,5.263,10.702,-22.622,-0.725,0.079,0.000,0.000,-12.361,4.077,13.016,-0.472,0.699,0.843,0.500
17:47:10.816,29.473,-12.361,10.192,True,-11.698,6.061,10.820,-13.433,-0.373,0.039,0.000,0.000,-12.361,10.192,16.021,0.013,0.692,0.692,0.677
17:47:10.836,29.493,-12.361,12.231,True,-11.686,7.289,10.899,-3.628,0.207,-0.005,0.000,0.000,-12.361,12.231,17.389,0.569,0.688,0.892,0.396
17:47:10.856,29.514,-12.361,12.231,True,-11.675,8.381,10.948,2.862,0.791,-0.126,0.000,0.000,-12.361,12.231,17.389,0.964,0.684,1.183,0.791
17:47:10.876,29.534,-12.361,12.231,True,-11.667,9.319,10.973,6.672,0.938,-0.390,0.000,0.000,-12.361,12.231,17.389,1.226,0.682,1.403,0.470
17:47:10.897,29.555,-12.361,10.192,True,-11.659,9.625,10.980,5.281,0.852,-0.646,0.000,0.000,-12.361,10.192,16.021,1.196,0.681,1.376,0.793
17:47:10.921,29.578,-12.361,4.077,True,-11.654,8.417,10.973,-5.808,0.288,-0.537,0.000,0.000,-12.361,4.077,13.016,0.585,0.681,0.898,0.732
17:47:10.941,29.599,-12.361,4.077,True,-11.650,7.319,10.957,-13.461,-0.252,-0.624,0.000,0.000,-12.361,4.077,13.016,0.138,0.681,0.695,0.520
17:47:10.962,29.619,-12.361,2.038,True,-11.647,5.886,10.936,-21.398,-1.081,-0.345,0.000,0.000,-12.361,2.038,12.528,-0.356,0.682,0.769,0.698
17:47:10.982,29.639,-12.361,10.192,True,-11.645,6.558,10.913,-13.437,-0.942,-0.179,0.000,0.000,-12.361,10.192,16.021,0.063,0.683,0.686,0.468
17:47:11.002,29.660,-12.361,10.192,True,-11.643,7.196,10.888,-7.605,-0.258,-0.079,0.000,0.000,-12.361,10.192,16.021,0.384,0.684,0.784,0.796
17:47:11.026,29.684,-17.658,0.000,True,-12.874,5.407,2.775,-19.150,-0.639,0.251,0.000,0.000,-17.658,0.000,17.658,-0.305,1.165,1.204,0.777
17:47:11.046,29.704,-14.127,12.231,True,-13.122,6.699,3.170,-7.519,-0.102,0.275,0.000,0.000,-14.127,12.231,18.686,0.338,1.172,1.220,0.693
17:47:11.067,29.724,-19.424,6.115,True,-14.538,6.448,-4.142,-8.875,-0.253,0.854,0.000,0.000,-19.424,6.115,20.364,0.253,1.637,1.656,0.810
17:47:11.087,29.744,-15.892,2.038,True,-14.916,5.287,-2.722,-15.857,-0.644,0.881,0.000,0.000,-15.892,2.038,16.023,-0.171,1.612,1.621,0.537
17:47:11.107,29.765,-15.892,4.077,True,-15.185,4.762,-0.819,-16.869,-0.549,0.829,0.000,0.000,-15.892,4.077,16.407,-0.268,1.555,1.578,0.763
17:47:11.127,29.785,-15.892,8.154,True,-15.362,5.291,1.319,-10.623,-0.133,0.526,0.000,0.000,-15.892,8.154,17.862,0.060,1.478,1.479,0.409
17:47:11.148,29.806,-15.892,6.115,True,-15.465,5.320,3.505,-9.164,0.023,0.137,0.000,0.000,-15.892,6.115,17.028,0.127,1.392,1.398,0.811
17:47:11.169,29.826,-15.892,8.154,True,-15.510,5.837,5.604,-4.818,-0.097,0.219,0.000,0.000,-15.892,8.154,17.862,0.371,1.304,1.355,0.763
17:47:11.190,29.847,-15.892,6.115,True,-15.513,5.828,7.528,-5.009,-0.214,0.019,0.000,0.000,-15.892,6.115,17.028,0.362,1.219,1.272,0.811
17:47:11.210,29.867,-15.892,8.154,True,-15.486,6.291,9.223,-2.047,0.039,-0.011,0.000,0.000,-15.892,8.154,17.862,0.539,1.141,1.262,0.563
17:47:11.230,29.888,-21.190,2.038,True,-16.669,5.272,2.575,-9.586,-0.561,0.581,0.000,0.000,-21.190,2.038,21.288,0.104,1.553,1.557,0.421
17:47:11.251,29.909,-15.892,4.077,True,-16.449,4.847,6.874,-11.332,-0.554,0.362,0.000,0.000,-15.892,4.077,16.407,-0.015,1.342,1.342,0.815
17:47:11.271,29.929,-17.658,6.115,True,-16.625,4.968,7.574,-9.018,-0.490,0.508,0.000,0.000,-17.658,6.115,18.687,0.099,1.328,1.332,0.755
17:47:11.291,29.949,-17.658,16.308,True,-16.748,7.464,8.493,8.373,0.546,0.474,0.000,0.000,-17.658,16.308,24.037,1.116,1.300,1.713,0.507
17:47:11.312,29.969,-19.424,6.115,True,-17.240,7.279,6.818,3.765,0.113,1.212,0.000,0.000,-19.424,6.115,20.364,0.894,1.423,1.681,0.804
17:47:11.333,29.990,-19.424,12.231,True,-17.642,8.487,6.198,9.375,0.798,1.819,0.000,0.000,-19.424,12.231,22.954,1.263,1.491,1.953,0.754
17:47:11.353,30.010,-19.424,12.231,True,-17.961,9.501,6.350,12.211,1.106,1.783,0.000,0.000,-19.424,12.231,22.954,1.489,1.516,2.125,0.829
17:47:11.374,30.031,-19.424,14.269,True,-18.204,10.796,7.037,16.061,1.306,1.756,0.000,0.000,-19.424,14.269,24.102,1.789,1.510,2.341,0.858
17:47:11.394,30.051,-19.424,16.308,True,-18.379,12.323,8.060,20.312,1.681,1.745,0.000,0.000,-19.424,16.308,25.362,2.129,1.482,2.594,0.469
17:47:11.414,30.072,-19.424,12.231,True,-18.498,12.614,9.263,15.177,1.628,1.678,0.000,0.000,-19.424,12.231,22.954,1.931,1.441,2.410,0.626
17:47:11.435,30.093,-19.424,12.231,True,-18.571,12.758,10.527,10.160,1.430,1.610,0.000,0.000,-19.424,12.231,22.954,1.724,1.392,2.216,0.799
17:47:11.459,30.117,-19.424,12.231,True,-18.608,12.791,11.763,5.503,1.184,1.504,0.000,0.000,-19.424,12.231,22.954,1.522,1.342,2.029,0.854
17:47:11.480,30.137,-24.722,10.192,True,-19.847,12.272,4.824,-1.761,0.786,2.001,0.000,0.000,-24.722,10.192,26.740,1.149,1.772,2.112,0.843
17:47:11.500,30.157,-19.424,14.269,True,-19.675,12.709,8.963,-1.019,0.813,1.878,0.000,0.000,-19.424,14.269,24.102,1.226,1.572,1.993,0.697
17:47:11.520,30.178,-19.424,16.308,True,-19.479,13.529,12.302,1.989,1.063,1.892,0.000,0.000,-19.424,16.308,25.362,1.441,1.405,2.012,0.704
17:47:11.541,30.199,-19.424,16.308,True,-19.277,14.205,14.897,3.211,1.189,1.743,0.000,0.000,-19.424,16.308,25.362,1.562,1.270,2.013,0.860
17:47:11.561,30.218,-19.424,16.308,True,-19.083,14.743,16.828,3.114,1.182,1.703,0.000,0.000,-19.424,16.308,25.362,1.612,1.166,1.989,0.494
17:47:11.582,30.239,-19.424,16.308,True,-18.904,15.154,18.187,2.096,1.232,1.602,0.000,0.000,-19.424,16.308,25.362,1.608,1.088,1.941,0.733
17:47:11.602,30.260,-19.424,16.308,True,-18.745,15.455,19.072,0.490,1.207,1.536,0.000,0.000,-19.424,16.308,25.362,1.567,1.033,1.877,0.720
17:47:11.623,30.280,-19.424,16.308,True,-18.610,15.660,19.574,-1.442,1.136,1.450,0.000,0.000,-19.424,16.308,25.362,1.502,0.997,1.803,0.584
17:47:11.643,30.301,-19.424,16.308,True,-18.499,15.789,19.782,-3.496,0.946,1.448,0.000,0.000,-19.424,16.308,25.362,1.425,0.977,1.727,0.818
17:47:11.664,30.321,-19.424,16.308,True,-18.410,15.855,19.772,-5.523,0.747,1.433,0.000,0.000,-19.424,16.308,25.362,1.342,0.968,1.655,0.864
17:47:11.684,30.341,-19.424,18.346,True,-18.342,16.349,19.609,-4.308,0.840,1.437,0.000,0.000,-19.424,18.346,26.718,1.445,0.969,1.739,0.793
17:47:11.704,30.362,-19.424,16.308,True,-18.292,16.274,19.348,-7.208,0.706,1.463,0.000,0.000,-19.424,16.308,25.362,1.309,0.975,1.633,0.709
17:47:11.725,30.382,-19.424,22.423,True,-18.258,17.592,19.032,-0.286,1.193,1.451,0.000,0.000,-19.424,22.423,29.666,1.747,0.986,2.005,0.547
17:47:11.745,30.403,-19.424,16.308,True,-18.237,17.289,18.696,-5.827,0.916,1.398,0.000,0.000,-19.424,16.308,25.362,1.472,0.998,1.778,0.771
17:47:11.767,30.424,-19.424,14.269,True,-18.226,16.498,18.363,-13.284,0.556,1.434,0.000,0.000,-19.424,14.269,24.102,1.063,1.012,1.468,0.654
17:47:11.787,30.444,-19.424,16.308,True,-18.222,16.250,18.051,-15.354,0.455,1.407,0.000,0.000,-19.424,16.308,25.362,0.947,1.025,1.396,0.483
17:47:11.807,30.465,-19.424,16.308,True,-18.224,16.027,17.771,-16.742,0.372,1.456,0.000,0.000,-19.424,16.308,25.362,0.864,1.038,1.350,0.522
17:47:11.829,30.486,-19.424,14.269,True,-18.230,15.362,17.529,-20.691,0.178,1.426,0.000,0.000,-19.424,14.269,24.102,0.623,1.049,1.220,0.820
17:47:11.849,30.506,-19.424,14.269,True,-18.238,14.790,17.326,-23.007,0.042,1.410,0.000,0.000,-19.424,14.269,24.102,0.464,1.059,1.156,0.787
17:47:11.871,30.529,-19.424,14.269,True,-18.248,14.316,17.162,-24.053,-0.066,1.407,0.000,0.000,-19.424,14.269,24.102,0.370,1.067,1.130,0.440
17:47:11.893,30.550,-19.424,12.231,True,-18.258,13.462,17.034,-27.263,-0.313,1.423,0.000,0.000,-19.424,12.231,22.954,0.143,1.074,1.083,0.917
17:47:11.913,30.570,-19.424,12.231,True,-18.267,12.758,16.939,-28.605,-0.417,1.403,0.000,0.000,-19.424,12.231,22.954,0.013,1.079,1.079,0.699
17:47:11.933,30.590,-24.722,8.154,True,-19.506,11.249,8.782,-34.789,-0.839,1.908,0.000,0.000,-24.722,8.154,26.031,-0.411,1.563,1.616,0.701
17:47:11.954,30.611,-19.424,12.231,True,-19.353,10.943,11.851,-31.383,-0.648,1.848,0.000,0.000,-19.424,12.231,22.954,-0.291,1.412,1.442,0.800
17:47:11.980,30.638,-19.424,10.192,True,-19.187,10.287,14.281,-30.973,-0.783,1.835,0.000,0.000,-19.424,10.192,21.936,-0.338,1.288,1.332,0.543
17:47:12.001,30.658,-19.424,10.192,True,-19.023,9.789,16.130,-29.476,-0.812,2.237,0.000,0.000,-19.424,10.192,21.936,-0.322,1.190,1.233,0.744
17:47:12.021,30.679,-19.424,20.385,True,-18.868,11.798,17.471,-11.733,0.743,2.474,0.000,0.000,-19.424,20.385,28.157,0.662,1.116,1.297,0.796
17:47:12.041,30.699,-19.424,8.154,True,-18.729,10.771,18.381,-18.300,0.531,2.313,0.000,0.000,-19.424,8.154,21.066,0.269,1.062,1.095,0.518
17:47:12.062,30.719,-19.424,8.154,True,-18.609,9.882,18.940,-22.292,0.114,2.533,0.000,0.000,-19.424,8.154,21.066,0.004,1.025,1.025,0.773
17:47:12.082,30.740,-19.424,8.154,True,-18.507,9.138,19.222,-24.259,0.003,2.332,0.000,0.000,-19.424,8.154,21.066,-0.157,1.002,1.015,0.413
17:47:12.103,30.760,-19.424,8.154,True,-18.425,8.537,19.294,-24.700,0.155,1.922,0.000,0.000,-19.424,8.154,21.066,-0.236,0.991,1.019,0.694
17:47:12.123,30.781,-19.424,12.231,True,-18.361,9.016,19.215,-17.819,0.367,1.756,0.000,0.000,-19.424,12.231,22.954,0.115,0.988,0.995,0.864
17:47:12.144,30.801,-19.424,10.192,True,-18.313,9.016,19.034,-15.715,0.535,1.723,0.000,0.000,-19.424,10.192,21.936,0.208,0.991,1.013,0.835
17:47:12.164,30.822,-19.424,10.192,True,-18.279,9.048,18.792,-13.866,0.585,1.650,0.000,0.000,-19.424,10.192,21.936,0.293,0.998,1.040,0.680
17:47:12.185,30.842,-19.424,10.192,True,-18.256,9.101,18.521,-12.296,0.675,1.714,0.000,0.000,-19.424,10.192,21.936,0.367,1.008,1.073,0.782
17:47:12.205,30.863,-15.892,8.154,True,-17.423,8.692,23.637,-14.121,0.593,1.394,0.000,0.000,-15.892,8.154,17.862,0.246,0.699,0.741,0.724
17:47:12.225,30.883,-15.892,6.115,True,-16.704,7.877,26.688,-18.130,0.320,1.081,0.000,0.000,-15.892,6.115,17.028,-0.013,0.492,0.493,0.492
17:47:12.246,30.904,-15.892,12.231,True,-16.106,8.610,28.124,-10.901,0.597,1.073,0.000,0.000,-15.892,12.231,20.054,0.380,0.369,0.530,0.753
17:47:12.266,30.923,-15.892,12.231,True,-15.625,9.284,28.350,-5.819,0.787,1.066,0.000,0.000,-15.892,12.231,20.054,0.672,0.311,0.740,0.487
17:47:12.287,30.944,-14.127,6.115,True,-14.841,8.458,30.411,-11.859,0.488,0.841,0.000,0.000,-14.127,6.115,15.393,0.322,0.142,0.352,0.755
17:47:12.308,30.965,-12.361,8.154,True,-13.798,8.205,33.562,-12.624,0.544,0.594,0.000,0.000,-12.361,8.154,14.808,0.263,-0.102,0.282,0.841
17:47:12.329,30.986,-12.361,8.154,True,-12.949,8.000,34.523,-12.859,0.568,0.519,0.000,0.000,-12.361,8.154,14.808,0.232,-0.229,0.326,0.877
17:47:12.349,31.007,-12.361,10.192,True,-12.282,8.312,33.896,-9.595,0.671,0.511,0.000,0.000,-12.361,10.192,16.021,0.408,-0.268,0.488,0.791
17:47:12.370,31.027,-12.361,16.308,True,-11.780,10.022,32.190,2.072,1.359,0.324,0.000,0.000,-12.361,16.308,20.463,1.094,-0.243,1.120,0.790
17:47:12.390,31.048,-8.829,6.115,True,-10.600,9.146,35.215,-6.204,0.912,-0.013,0.000,0.000,-8.829,6.115,10.740,0.641,-0.494,0.809,0.803
17:47:12.410,31.068,-8.829,8.154,True,-9.648,8.820,35.828,-8.847,0.718,-0.027,0.000,0.000,-8.829,8.154,12.018,0.492,-0.617,0.789,0.379
17:47:12.431,31.088,-8.829,6.115,True,-8.908,8.056,34.718,-13.718,0.501,-0.241,0.000,0.000,-8.829,6.115,10.740,0.200,-0.642,0.672,0.717
17:47:12.452,31.109,-7.063,14.269,True,-7.946,9.289,35.156,-4.222,1.290,-0.487,0.000,0.000,-7.063,14.269,15.922,0.743,-0.757,1.060,0.797
17:47:12.472,31.130,-7.063,14.269,True,-7.201,10.381,33.875,1.987,1.591,-0.523,0.000,0.000,-7.063,14.269,15.922,1.126,-0.775,1.367,0.741
17:47:12.492,31.150,-7.063,16.308,True,-6.649,11.789,31.458,8.664,1.941,-0.503,0.000,0.000,-7.063,16.308,17.772,1.561,-0.724,1.721,0.463
17:47:12.514,31.171,-7.063,14.269,True,-6.262,12.498,28.378,8.980,2.046,-0.494,0.000,0.000,-7.063,14.269,15.922,1.646,-0.626,1.761,0.919
17:47:12.536,31.193,-5.297,14.269,True,-5.602,13.047,27.698,8.029,1.706,-0.131,0.000,0.000,-5.297,14.269,15.221,1.659,-0.662,1.786,0.444
17:47:12.557,31.214,-5.297,12.231,True,-5.106,12.981,25.957,3.128,1.389,-0.012,0.000,0.000,-5.297,12.231,13.329,1.436,-0.635,1.570,0.777
17:47:12.577,31.235,-5.297,12.231,True,-4.752,12.855,23.568,-1.064,0.950,0.139,0.000,0.000,-5.297,12.231,13.329,1.238,-0.565,1.361,0.793
17:47:12.598,31.255,-3.532,12.231,True,-4.107,12.693,23.551,-4.529,0.722,0.162,0.000,0.000,-3.532,12.231,12.730,1.069,-0.629,1.241,0.823
17:47:12.618,31.275,-3.532,12.231,True,-3.612,12.516,22.418,-7.294,0.656,0.315,0.000,0.000,-3.532,12.231,12.730,0.930,-0.628,1.122,0.433
17:47:12.638,31.296,-3.532,12.231,True,-3.163,12.370,21.127,-9.204,0.474,0.354,0.000,0.000,-3.532,12.231,12.730,0.831,-0.616,1.034,0.680
17:47:12.659,31.316,-1.766,10.192,True,-2.466,11.624,21.620,-14.508,0.086,0.150,0.000,0.000,-1.766,10.192,10.344,0.522,-0.708,0.879,0.899
17:47:12.679,31.336,-1.766,8.154,True,-1.962,10.485,20.616,-20.937,-0.058,0.134,0.000,0.000,-1.766,8.154,8.343,0.124,-0.714,0.725,0.415
17:47:12.700,31.357,-1.766,8.154,True,-1.605,9.577,18.802,-24.268,-0.190,0.253,0.000,0.000,-1.766,8.154,8.343,-0.113,-0.669,0.679,0.641
17:47:12.720,31.378,-1.766,4.077,True,-1.362,7.849,16.589,-31.865,-0.685,0.182,0.000,0.000,-1.766,4.077,4.443,-0.622,-0.596,0.861,0.746
17:47:12.741,31.399,-1.766,4.077,True,-1.208,6.453,14.235,-35.399,-1.093,0.257,0.000,0.000,-1.766,4.077,4.443,-0.917,-0.507,1.048,0.467
17:47:12.762,31.419,-1.766,4.077,True,-1.124,5.348,11.911,-36.052,-0.985,0.209,0.000,0.000,-1.766,4.077,4.443,-1.057,-0.413,1.135,0.831
17:47:12.782,31.439,-1.766,4.077,True,-1.093,4.497,9.728,-34.714,-1.106,0.401,0.000,0.000,-1.766,4.077,4.443,-1.083,-0.320,1.129,0.378
17:47:12.803,31.460,-1.766,2.038,True,-1.102,3.390,7.757,-35.164,-1.298,0.703,0.000,0.000,-1.766,2.038,2.697,-1.213,-0.232,1.235,0.810
17:47:12.823,31.480,-1.766,2.038,True,-1.138,2.535,6.036,-33.656,-1.321,0.755,0.000,0.000,-1.766,2.038,2.697,-1.232,-0.153,1.241,0.825
17:47:12.843,31.501,-1.766,2.038,True,-1.017,1.862,5.722,-31.124,-1.197,0.588,0.000,0.000,-1.766,2.038,2.697,-1.188,-0.151,1.197,0.614
17:47:12.864,31.522,-1.766,0.000,True,-1.146,0.890,3.858,-30.917,-1.341,0.871,0.000,0.000,-1.766,0.000,1.766,-1.276,-0.056,1.277,0.994
17:47:12.884,31.542,-1.766,-2.038,True,-1.255,-0.345,2.570,-32.184,-1.514,0.833,0.000,0.000,-1.766,-2.038,2.697,-1.455,0.012,1.455,0.777
17:47:12.905,31.562,-1.766,-4.077,True,-1.347,-1.778,1.690,-34.165,-1.726,0.881,0.000,0.000,-1.766,-4.077,4.443,-1.686,0.060,1.687,0.764
17:47:12.925,31.582,-1.766,-6.115,True,-1.426,-3.367,1.106,-36.415,-1.982,0.846,0.000,0.000,-1.766,-6.115,6.365,-1.944,0.094,1.946,0.507
17:47:12.953,31.610,-1.766,-4.077,True,-1.491,-4.091,0.741,-32.392,-1.770,0.884,0.000,0.000,-1.766,-4.077,4.443,-1.839,0.116,1.843,0.669
17:47:12.973,31.631,-1.766,-6.115,True,-1.545,-5.067,0.539,-30.713,-1.805,0.832,0.000,0.000,-1.766,-6.115,6.365,-1.862,0.131,1.867,0.915
17:47:12.994,31.651,-1.766,-6.115,True,-1.589,-5.784,0.456,-27.547,-1.804,0.750,0.000,0.000,-1.766,-6.115,6.365,-1.794,0.139,1.800,0.781
17:47:13.014,31.671,-1.766,-2.038,True,-1.624,-5.328,0.459,-17.333,-1.310,0.767,0.000,0.000,-1.766,-2.038,2.697,-1.298,0.142,1.306,0.399
17:47:13.035,31.692,-1.766,-6.115,True,-1.650,-5.778,0.521,-15.336,-1.257,0.705,0.000,0.000,-1.766,-6.115,6.365,-1.255,0.142,1.263,0.790
17:47:13.056,31.713,-1.766,-6.115,True,-1.669,-6.092,0.620,-12.806,-1.080,0.613,0.000,0.000,-1.766,-6.115,6.365,-1.174,0.140,1.183,0.709
17:47:13.077,31.734,-1.766,-4.077,True,-1.682,-5.820,0.739,-6.926,-0.826,0.629,0.000,0.000,-1.766,-4.077,4.443,-0.888,0.136,0.898,0.697
17:47:13.097,31.755,-1.766,-6.115,True,-1.690,-5.995,0.867,-5.343,-0.773,0.557,0.000,0.000,-1.766,-6.115,6.365,-0.835,0.131,0.845,0.767
17:47:13.118,31.775,-1.766,-6.115,True,-1.694,-6.105,0.993,-3.648,-0.696,0.523,0.000,0.000,-1.766,-6.115,6.365,-0.771,0.126,0.782,0.798
17:47:13.138,31.795,-1.766,0.000,True,-1.696,-4.741,1.111,7.398,-0.065,0.509,0.000,0.000,-1.766,0.000,1.766,-0.148,0.121,0.191,0.390
17:47:13.158,31.816,1.766,-2.038,True,-0.874,-3.999,6.627,11.614,0.211,0.219,0.000,0.000,1.766,-2.038,2.697,0.113,-0.205,0.234,0.443
17:47:13.180,31.838,1.766,-2.038,True,-0.741,-3.767,6.205,11.383,0.298,0.094,0.000,0.000,1.766,-2.038,2.697,0.126,-0.200,0.236,0.673
17:47:13.201,31.858,1.766,0.000,True,0.056,-2.540,10.106,17.527,0.454,-0.202,0.000,0.000,1.766,0.000,1.766,0.520,-0.452,0.688,0.655
17:47:13.221,31.879,1.766,-4.077,True,0.661,-2.694,11.723,13.273,0.113,-0.537,0.000,0.000,1.766,-4.077,4.443,0.316,-0.584,0.664,0.758
17:47:13.242,31.899,1.766,-2.038,True,1.118,-2.328,11.927,13.251,0.023,-0.847,0.000,0.000,1.766,-2.038,2.697,0.352,-0.638,0.729,0.754
17:47:13.262,31.919,1.766,4.077,True,1.458,-0.540,11.255,22.129,0.512,-1.118,0.000,0.000,1.766,4.077,4.443,0.923,-0.643,1.124,0.671
17:47:13.282,31.939,1.766,0.000,True,1.703,-0.074,10.062,20.383,0.448,-0.897,0.000,0.000,1.766,0.000,1.766,0.892,-0.614,1.083,0.420
17:47:13.302,31.959,1.766,0.000,True,1.871,0.254,8.588,18.042,0.167,-0.816,0.000,0.000,1.766,0.000,1.766,0.822,-0.566,0.998,0.420
17:47:13.323,31.980,1.766,0.000,True,1.978,0.470,7.004,15.421,0.124,-0.870,0.000,0.000,1.766,0.000,1.766,0.728,-0.507,0.887,0.801
17:47:13.343,32.000,1.766,4.077,True,2.035,1.551,5.428,18.928,0.627,-1.229,0.000,0.000,1.766,4.077,4.443,0.991,-0.443,1.085,0.773
17:47:13.363,32.021,1.766,2.038,True,2.056,1.955,3.944,17.059,0.554,-1.240,0.000,0.000,1.766,2.038,2.697,0.948,-0.380,1.022,0.776
17:47:13.385,32.043,0.000,4.077,True,1.638,2.710,-0.085,17.820,0.699,-0.731,0.000,0.000,0.000,4.077,4.077,1.058,-0.160,1.070,0.782
17:47:13.405,32.063,-1.766,4.077,True,0.846,3.301,-5.601,17.188,0.471,-0.280,0.000,0.000,-1.766,4.077,4.443,1.089,0.163,1.101,0.461
17:47:13.426,32.084,-1.766,2.038,True,0.153,3.272,-9.085,12.497,0.151,-0.107,0.000,0.000,-1.766,2.038,2.697,0.879,0.386,0.960,0.775
17:47:13.446,32.104,-1.766,6.115,True,-0.432,4.124,-10.949,14.658,0.071,0.080,0.000,0.000,-1.766,6.115,6.365,1.059,0.527,1.183,0.777
17:47:13.467,32.124,-1.766,6.115,True,-0.910,4.812,-11.573,15.080,0.226,-0.049,0.000,0.000,-1.766,6.115,6.365,1.147,0.602,1.295,0.859
17:47:13.487,32.144,-1.766,6.115,True,-1.287,5.347,-11.292,14.257,0.218,-0.155,0.000,0.000,-1.766,6.115,6.365,1.164,0.627,1.322,0.796
17:47:13.507,32.165,-256.044,201.808,False,-1.513,5.632,-10.003,11.866,0.218,-0.155,0.000,0.000,-256.044,201.808,326.014,0.000,0.000,0.000,0.546
17:47:13.528,32.185,-3.532,8.154,True,-2.226,6.514,-12.005,13.607,0.343,0.049,0.000,0.000,-3.532,8.154,8.886,1.252,0.753,1.461,0.818
17:47:13.548,32.205,-5.297,6.115,True,-3.223,6.607,-15.238,9.902,0.133,0.248,0.000,0.000,-5.297,6.115,8.091,1.098,0.995,1.481,0.708
17:47:13.568,32.225,-5.297,4.077,True,-3.981,6.107,-16.045,3.251,-0.161,0.348,0.000,0.000,-5.297,4.077,6.685,0.754,1.106,1.339,0.790
17:47:13.589,32.246,-5.297,4.077,True,-4.549,5.652,-15.330,-1.573,-0.328,0.375,0.000,0.000,-5.297,4.077,6.685,0.496,1.131,1.235,0.806
17:47:13.610,32.267,-7.063,-2.038,True,-5.390,3.764,-16.398,-14.360,-1.035,0.550,0.000,0.000,-7.063,-2.038,7.352,-0.257,1.263,1.289,0.409
17:47:13.631,32.288,-7.063,8.154,True,-6.039,4.592,-15.851,-6.711,-0.422,0.710,0.000,0.000,-7.063,8.154,10.788,0.163,1.304,1.314,0.841
17:47:13.651,32.309,-8.829,6.115,True,-6.939,4.849,-16.925,-4.532,-0.434,0.839,0.000,0.000,-8.829,6.115,10.740,0.285,1.441,1.469,0.746
17:47:13.671,32.329,-8.829,2.038,True,-7.641,4.121,-16.317,-9.241,-1.024,0.405,0.000,0.000,-8.829,2.038,9.061,0.004,1.484,1.484,0.734
17:47:13.691,32.349,-10.595,6.115,True,-8.580,4.445,-17.258,-5.941,-0.358,0.634,0.000,0.000,-10.595,6.115,12.233,0.182,1.620,1.630,0.529
17:47:13.712,32.369,-12.361,8.154,True,-9.724,5.216,-19.158,-0.491,-0.139,1.256,0.000,0.000,-12.361,8.154,14.808,0.500,1.818,1.886,0.760
17:47:13.732,32.390,-12.361,8.154,True,-10.631,5.891,-18.858,2.976,0.125,2.070,0.000,0.000,-12.361,8.154,14.808,0.721,1.895,2.028,0.756
17:47:13.752,32.410,-12.361,8.154,True,-11.323,6.463,-17.029,4.860,-0.315,2.247,0.000,0.000,-12.361,8.154,14.808,0.861,1.884,2.071,0.401
17:47:13.773,32.431,-12.361,0.000,True,-11.825,5.036,-14.226,-6.941,-0.960,1.804,0.000,0.000,-12.361,0.000,12.361,0.197,1.810,1.821,0.930
17:47:13.794,32.451,-15.892,6.115,True,-12.989,5.180,-16.296,-5.481,-0.722,1.929,0.000,0.000,-15.892,6.115,17.028,0.276,2.018,2.037,0.699
17:47:13.814,32.471,-15.892,-2.038,True,-13.914,3.418,-16.096,-16.934,-1.418,2.150,0.000,0.000,-15.892,-2.038,16.023,-0.406,2.102,2.141,0.536
17:47:13.834,32.492,-15.892,6.115,True,-14.621,3.785,-14.314,-11.450,-1.049,2.071,0.000,0.000,-15.892,6.115,17.028,-0.127,2.094,2.098,0.745
17:47:13.855,32.512,-15.892,2.038,True,-15.137,3.203,-11.520,-13.513,-1.330,2.185,0.000,0.000,-15.892,2.038,16.023,-0.276,2.022,2.041,0.814
17:47:13.875,32.532,-17.658,0.000,True,-15.900,2.251,-10.872,-17.435,-1.575,2.261,0.000,0.000,-17.658,0.000,17.658,-0.544,2.070,2.140,0.712
17:47:13.895,32.553,-19.424,4.077,True,-16.886,2.408,-11.679,-12.988,-1.352,2.240,0.000,0.000,-19.424,4.077,19.847,-0.333,2.204,2.229,0.571
17:47:13.917,32.574,-19.424,6.115,True,-17.656,3.071,-10.675,-6.237,-0.808,2.358,0.000,0.000,-19.424,6.115,20.364,0.032,2.237,2.237,0.837
17:47:13.937,32.594,-19.424,8.154,True,-18.231,4.157,-8.456,1.661,-0.223,2.286,0.000,0.000,-19.424,8.154,21.066,0.489,2.196,2.250,0.705
17:47:13.957,32.615,-19.424,4.077,True,-18.638,4.164,-5.509,0.483,-0.273,2.196,0.000,0.000,-19.424,4.077,19.847,0.438,2.107,2.152,0.521
17:47:13.978,32.636,-19.424,4.077,True,-18.905,4.151,-2.213,-0.564,-0.308,2.272,0.000,0.000,-19.424,4.077,19.847,0.390,1.988,2.026,0.704
17:47:13.998,32.656,-19.424,6.115,True,-19.060,4.599,1.147,1.653,-0.078,2.142,0.000,0.000,-19.424,6.115,20.364,0.533,1.855,1.930,0.632
17:47:14.019,32.676,-19.424,8.154,True,-19.127,5.450,4.368,5.938,0.233,1.958,0.000,0.000,-19.424,8.154,21.066,0.807,1.720,1.900,0.757
17:47:14.040,32.697,-19.424,8.154,True,-19.129,6.170,7.314,8.227,0.392,1.820,0.000,0.000,-19.424,8.154,21.066,0.980,1.590,1.868,0.856
17:47:14.060,32.717,-19.424,10.192,True,-19.085,7.231,9.907,12.106,0.627,1.668,0.000,0.000,-19.424,10.192,21.936,1.257,1.471,1.935,0.805
17:47:14.080,32.737,-19.424,12.231,True,-19.012,8.578,12.109,16.788,0.980,1.602,0.000,0.000,-19.424,12.231,22.954,1.599,1.367,2.103,0.667
17:47:14.100,32.758,-19.424,14.269,True,-18.922,10.158,13.918,21.681,1.413,1.610,0.000,0.000,-19.424,14.269,24.102,1.973,1.278,2.351,0.738
17:47:14.121,32.778,-19.424,14.269,True,-18.825,11.446,15.351,23.244,1.597,1.446,0.000,0.000,-19.424,14.269,24.102,2.171,1.205,2.483,0.788
17:47:14.145,32.803,-21.190,14.269,True,-19.139,12.459,13.746,22.385,1.629,1.358,0.000,0.000,-21.190,14.269,25.546,2.234,1.307,2.588,0.719
17:47:14.166,32.823,-19.424,16.308,True,-18.994,13.697,15.576,22.989,1.819,1.340,0.000,0.000,-19.424,16.308,25.362,2.384,1.212,2.675,0.800
17:47:14.186,32.844,-19.424,16.308,True,-18.855,14.656,16.933,21.375,1.784,1.222,0.000,0.000,-19.424,16.308,25.362,2.409,1.138,2.664,0.782
17:47:14.207,32.864,-19.424,18.346,True,-18.727,15.842,17.884,21.407,1.869,1.091,0.000,0.000,-19.424,18.346,26.718,2.529,1.083,2.751,0.893
17:47:14.228,32.885,-19.424,20.385,True,-18.614,17.226,18.499,22.494,2.035,1.035,0.000,0.000,-19.424,20.385,28.157,2.715,1.045,2.910,1.039
17:47:14.247,32.905,-19.424,20.385,True,-18.518,18.305,18.844,21.052,2.136,0.985,0.000,0.000,-19.424,20.385,28.157,2.760,1.020,2.942,0.679
17:47:14.268,32.926,-19.424,24.462,True,-18.439,20.059,18.982,24.141,2.481,0.965,0.000,0.000,-19.424,24.462,31.236,3.071,1.006,3.232,1.107
17:47:14.289,32.946,-19.424,20.385,True,-18.377,20.505,18.965,17.591,2.267,0.926,0.000,0.000,-19.424,20.385,28.157,2.827,1.001,2.999,0.896
17:47:14.309,32.967,-19.424,26.500,True,-18.329,22.168,18.843,20.401,2.561,0.948,0.000,0.000,-19.424,26.500,32.856,3.117,1.001,3.274,0.921
17:47:14.329,32.987,-19.424,20.385,True,-18.294,22.067,18.652,10.649,2.134,0.918,0.000,0.000,-19.424,20.385,28.157,2.677,1.006,2.860,0.778
17:47:14.358,33.015,-17.658,22.423,True,-17.860,22.313,21.120,5.369,2.039,0.665,0.000,0.000,-17.658,22.423,28.541,2.468,0.854,2.612,0.732
17:47:14.378,33.036,-15.892,26.500,True,-17.079,23.368,25.234,6.527,2.179,0.300,0.000,0.000,-15.892,26.500,30.900,2.625,0.594,2.691,0.952
17:47:14.399,33.056,-15.892,26.500,True,-16.416,24.196,27.495,5.718,2.482,-0.222,0.000,0.000,-15.892,26.500,30.900,2.672,0.428,2.706,0.623
17:47:14.419,33.077,-15.892,22.423,True,-15.872,23.872,28.334,-2.654,2.198,-0.027,0.000,0.000,-15.892,22.423,27.484,2.270,0.337,2.295,0.533
17:47:14.440,33.097,-14.127,26.500,True,-15.031,24.442,30.825,-3.224,2.340,0.135,0.000,0.000,-14.127,26.500,30.030,2.302,0.143,2.306,0.913
17:47:14.461,33.118,-14.127,18.346,True,-14.348,22.976,31.558,-17.164,1.606,0.041,0.000,0.000,-14.127,18.346,23.155,1.540,0.042,1.541,0.450
17:47:14.481,33.139,-14.127,18.346,True,-13.812,21.637,31.018,-26.874,1.087,0.211,0.000,0.000,-14.127,18.346,23.155,0.977,0.012,0.978,0.841
17:47:14.502,33.159,-14.127,22.423,True,-13.409,21.407,29.615,-26.861,1.028,0.349,0.000,0.000,-14.127,22.423,26.502,0.955,0.034,0.956,0.813
17:47:14.522,33.180,-19.424,36.692,True,-14.352,24.546,19.594,-4.660,2.335,0.749,0.000,0.000,-19.424,36.692,41.516,2.249,0.570,2.320,0.749
17:47:14.542,33.200,-12.361,22.423,True,-13.588,23.981,23.207,-12.380,1.876,0.222,0.000,0.000,-12.361,22.423,25.604,1.852,0.334,1.882,0.573
17:47:14.562,33.220,-12.361,18.346,True,-12.947,22.482,25.060,-24.411,0.990,0.426,0.000,0.000,-12.361,18.346,22.122,1.171,0.189,1.186,0.507
17:47:14.583,33.241,-12.361,16.308,True,-12.426,20.673,25.577,-35.500,0.180,0.662,0.000,0.000,-12.361,16.308,20.463,0.500,0.114,0.513,0.806
17:47:14.604,33.261,-12.361,14.269,True,-12.018,18.640,25.129,-45.223,-0.376,0.635,0.000,0.000,-12.361,14.269,18.879,-0.132,0.093,0.161,0.831
17:47:14.624,33.281,-10.595,12.231,True,-11.302,16.457,26.725,-53.358,-0.920,0.350,0.000,0.000,-10.595,12.231,16.182,-0.709,-0.049,0.711,0.507
17:47:14.645,33.302,-12.361,12.231,True,-11.137,14.656,24.190,-56.724,-1.310,0.600,0.000,0.000,-12.361,12.231,17.389,-1.038,0.046,1.039,0.783
17:47:14.666,33.323,-12.361,10.192,True,-11.050,12.748,21.677,-59.674,-0.718,1.472,0.000,0.000,-12.361,10.192,16.021,-1.359,0.148,1.367,0.785
17:47:14.686,33.344,-8.829,10.192,True,-10.201,11.238,24.711,-58.962,-0.629,1.081,0.000,0.000,-8.829,10.192,13.485,-1.479,-0.071,1.480,0.802
17:47:14.706,33.364,-8.829,8.154,True,-9.503,9.616,25.907,-58.832,-0.773,0.810,0.000,0.000,-8.829,8.154,12.018,-1.635,-0.193,1.647,0.844
17:47:14.727,33.384,-8.829,14.269,True,-8.949,9.794,25.748,-46.570,-0.168,0.617,0.000,0.000,-8.829,14.269,16.780,-1.076,-0.242,1.103,0.676
17:47:14.747,33.405,-8.829,6.115,True,-8.526,8.224,24.648,-48.554,-0.517,0.557,0.000,0.000,-8.829,6.115,10.740,-1.321,-0.235,1.341,0.696
17:47:14.767,33.425,-8.829,6.115,True,-8.218,6.989,22.948,-47.578,-0.614,0.417,0.000,0.000,-8.829,6.115,10.740,-1.401,-0.191,1.414,0.419
17:47:14.788,33.445,-8.829,6.115,True,-8.007,6.055,20.921,-44.580,-0.673,0.272,0.000,0.000,-8.829,6.115,10.740,-1.362,-0.123,1.368,0.762
17:47:14.809,33.466,-8.829,4.077,True,-7.877,4.911,18.775,-43.441,-0.610,0.366,0.000,0.000,-8.829,4.077,9.725,-1.426,-0.041,1.427,0.810
17:47:14.829,33.486,-8.829,4.077,True,-7.810,4.050,16.664,-40.458,-0.388,0.148,0.000,0.000,-8.829,4.077,9.725,-1.381,0.045,1.381,0.536
17:47:14.850,33.507,-5.297,8.154,True,-6.970,4.383,20.085,-30.119,-0.126,-0.225,0.000,0.000,-5.297,8.154,9.724,-0.891,-0.189,0.911,0.800
17:47:14.870,33.527,-5.297,6.115,True,-6.273,4.323,21.637,-24.722,0.053,-0.679,0.000,0.000,-5.297,6.115,8.091,-0.659,-0.328,0.736,0.702
17:47:14.890,33.548,-5.297,0.000,True,-5.714,2.939,21.793,-29.214,-0.335,-1.331,0.000,0.000,-5.297,0.000,5.297,-0.996,-0.390,1.069,0.468
17:47:14.911,33.568,-5.297,2.038,True,-5.283,2.281,20.962,-27.652,-0.289,-1.220,0.000,0.000,-5.297,2.038,5.676,-0.992,-0.397,1.069,0.774
17:47:14.931,33.589,-5.297,2.038,True,-4.964,1.800,19.484,-25.139,-0.219,-1.616,0.000,0.000,-5.297,2.038,5.676,-0.930,-0.364,0.998,0.768
17:47:14.951,33.609,-5.297,0.000,True,-4.743,0.996,17.634,-25.210,-0.423,-1.501,0.000,0.000,-5.297,0.000,5.297,-1.013,-0.304,1.058,0.713
17:47:14.972,33.629,-5.297,-2.038,True,-4.601,-0.096,15.623,-26.993,-0.589,-1.448,0.000,0.000,-5.297,-2.038,5.676,-1.201,-0.230,1.223,0.789
17:47:14.992,33.649,-5.297,-2.038,True,-4.523,-0.962,13.611,-26.667,-0.821,-1.201,0.000,0.000,-5.297,-2.038,5.676,-1.273,-0.148,1.282,0.481
17:47:15.013,33.670,-5.297,-4.077,True,-4.494,-2.095,11.707,-27.994,-0.918,-0.933,0.000,0.000,-5.297,-4.077,6.685,-1.445,-0.067,1.447,0.607
17:47:15.034,33.691,-3.532,-4.077,True,-4.091,-2.985,12.680,-27.197,-1.027,-0.994,0.000,0.000,-3.532,-4.077,5.394,-1.499,-0.151,1.506,0.754
17:47:15.054,33.711,-3.532,-6.115,True,-3.766,-4.130,12.837,-28.067,-1.147,-1.041,0.000,0.000,-3.532,-6.115,7.062,-1.652,-0.190,1.663,0.767
17:47:15.074,33.731,-1.766,-6.115,True,-3.104,-5.022,15.109,-26.847,-1.171,-1.156,0.000,0.000,-1.766,-6.115,6.365,-1.687,-0.356,1.724,0.611
17:47:15.094,33.752,-1.766,-6.115,True,-2.561,-5.688,15.959,-24.230,-1.105,-1.187,0.000,0.000,-1.766,-6.115,6.365,-1.638,-0.448,1.699,0.743
17:47:15.115,33.772,-1.766,-6.115,True,-2.131,-6.160,15.765,-20.776,-1.001,-1.216,0.000,0.000,-1.766,-6.115,6.365,-1.533,-0.483,1.607,0.423
17:47:15.135,33.792,-5.297,-8.154,True,-2.625,-6.942,9.457,-20.038,-1.086,-0.873,0.000,0.000,-5.297,-8.154,9.724,-1.579,-0.155,1.586,0.428
17:47:15.156,33.814,-3.532,-8.154,True,-2.690,-7.531,7.465,-18.033,-1.079,-0.780,0.000,0.000,-3.532,-8.154,8.886,-1.549,-0.060,1.550,0.795
17:47:15.177,33.834,-5.297,-6.115,True,-3.181,-7.479,3.132,-12.138,-0.834,-0.499,0.000,0.000,-5.297,-6.115,8.091,-1.284,0.180,1.296,0.548
17:47:15.198,33.855,-5.297,-6.115,True,-3.625,-7.349,0.174,-7.047,-0.609,-0.280,0.000,0.000,-5.297,-6.115,8.091,-1.046,0.355,1.104,0.633
17:47:15.218,33.875,-5.297,-4.077,True,-4.011,-6.697,-1.656,0.314,-0.139,-0.368,0.000,0.000,-5.297,-4.077,6.685,-0.656,0.474,0.809,0.429
17:47:15.239,33.896,-5.297,-4.077,True,-4.335,-6.083,-2.596,5.652,0.134,-0.363,0.000,0.000,-5.297,-4.077,6.685,-0.359,0.548,0.655,0.799
17:47:15.259,33.917,-5.297,-4.077,True,-4.599,-5.530,-2.860,9.281,0.348,-0.062,0.000,0.000,-5.297,-4.077,6.685,-0.143,0.586,0.603,0.781
17:47:15.279,33.937,-5.297,-4.077,True,-4.805,-5.050,-2.636,11.512,0.529,0.081,0.000,0.000,-5.297,-4.077,6.685,0.003,0.597,0.597,0.758
17:47:15.300,33.957,-5.297,-4.077,True,-4.960,-4.647,-2.081,12.640,0.596,-0.066,0.000,0.000,-5.297,-4.077,6.685,0.093,0.588,0.595,0.781
17:47:15.323,33.981,-5.297,-4.077,True,-5.070,-4.321,-1.326,12.934,0.673,-0.089,0.000,0.000,-5.297,-4.077,6.685,0.139,0.566,0.582,0.983
17:47:15.344,34.002,-5.297,-8.154,True,-5.143,-5.013,-0.470,6.400,0.192,-0.041,0.000,0.000,-5.297,-8.154,9.724,-0.219,0.535,0.578,0.686
17:47:15.365,34.022,-5.297,-6.115,True,-5.186,-5.171,0.408,4.970,0.108,-0.076,0.000,0.000,-5.297,-6.115,8.091,-0.298,0.501,0.582,0.739
17:47:15.385,34.043,-5.297,-6.115,True,-5.206,-5.314,1.255,3.987,0.181,-0.187,0.000,0.000,-5.297,-6.115,8.091,-0.355,0.465,0.585,0.774
17:47:15.406,34.064,-7.063,-6.115,True,-5.618,-5.439,-0.664,3.371,0.189,-0.112,0.000,0.000,-7.063,-6.115,9.343,-0.395,0.591,0.711,0.877
17:47:15.430,34.087,-8.829,-4.077,True,-6.374,-5.071,-4.333,6.160,0.275,0.222,0.000,0.000,-8.829,-4.077,9.725,-0.235,0.829,0.861,0.458
17:47:15.451,34.108,-8.829,-4.077,True,-7.011,-4.745,-6.247,7.972,0.387,0.431,0.000,0.000,-8.829,-4.077,9.725,-0.123,0.977,0.985,0.798
17:47:15.471,34.128,-8.829,-2.038,True,-7.529,-3.994,-6.825,12.114,0.687,0.457,0.000,0.000,-8.829,-2.038,9.061,0.135,1.054,1.063,0.695
17:47:15.491,34.148,-8.829,-2.038,True,-7.936,-3.354,-6.436,14.453,0.919,0.444,0.000,0.000,-8.829,-2.038,9.061,0.303,1.078,1.119,0.557
17:47:15.511,34.169,-8.829,-2.038,True,-8.242,-2.826,-5.389,15.398,0.762,0.503,0.000,0.000,-8.829,-2.038,9.061,0.397,1.062,1.134,0.575
17:47:15.535,34.192,-8.829,-4.077,True,-8.461,-2.880,-3.938,12.202,0.595,0.441,0.000,0.000,-8.829,-4.077,9.725,0.251,1.020,1.050,0.752
17:47:15.555,34.212,-8.829,-4.077,True,-8.607,-2.971,-2.283,9.487,0.564,0.386,0.000,0.000,-8.829,-4.077,9.725,0.122,0.962,0.969,0.634
17:47:15.575,34.233,-8.829,-4.077,True,-8.694,-3.082,-0.577,7.259,0.452,0.288,0.000,0.000,-8.829,-4.077,9.725,0.012,0.895,0.895,0.503
17:47:15.596,34.253,-12.361,0.000,True,-9.555,-2.255,-4.320,11.719,0.638,0.765,0.000,0.000,-12.361,0.000,12.361,0.292,1.146,1.183,0.845
17:47:15.616,34.274,-12.361,0.000,True,-9.641,-2.020,-1.965,11.120,0.743,0.790,0.000,0.000,-12.361,0.000,12.361,0.289,1.051,1.090,0.654
17:47:15.636,34.294,-12.361,0.000,True,-10.436,-1.291,-4.642,13.770,0.642,0.580,0.000,0.000,-12.361,0.000,12.361,0.479,1.248,1.337,0.692
17:47:15.657,34.315,-12.361,0.000,True,-10.529,-1.016,-2.076,12.786,0.319,0.144,0.000,0.000,-12.361,0.000,12.361,0.463,1.145,1.235,0.737
17:47:15.677,34.335,-12.361,-4.077,True,-11.140,-1.816,-3.204,5.389,-0.345,0.280,0.000,0.000,-12.361,-4.077,13.016,0.056,1.255,1.257,0.435
17:47:15.698,34.355,-12.361,-4.077,True,-11.538,-2.392,-2.637,1.150,-0.575,-0.166,0.000,0.000,-12.361,-4.077,13.016,-0.188,1.270,1.284,0.741
17:47:15.718,34.376,-12.361,0.000,True,-11.798,-1.732,-1.277,5.381,-0.188,-0.179,0.000,0.000,-12.361,0.000,12.361,0.064,1.236,1.238,0.729
17:47:15.739,34.396,-12.361,-4.077,True,-11.961,-2.251,0.427,1.432,-0.190,-0.738,0.000,0.000,-12.361,-4.077,13.016,-0.162,1.177,1.188,0.541
17:47:15.759,34.417,-17.658,-8.154,True,-13.359,-3.684,-5.840,-7.266,-0.550,-0.448,0.000,0.000,-17.658,-8.154,19.450,-0.689,1.594,1.736,0.821
17:47:15.779,34.437,-15.892,0.000,True,-14.057,-2.909,-6.211,-0.075,-0.188,-0.243,0.000,0.000,-15.892,0.000,15.892,-0.294,1.680,1.705,0.820
17:47:15.799,34.457,-15.892,0.000,True,-14.586,-2.221,-5.336,4.909,0.254,-0.335,0.000,0.000,-15.892,0.000,15.892,-0.005,1.694,1.694,0.464
17:47:15.820,34.478,-15.892,2.038,True,-14.974,-1.148,-3.665,11.199,0.728,0.081,0.000,0.000,-15.892,2.038,16.023,0.380,1.659,1.702,0.849
17:47:15.840,34.497,-15.892,2.038,True,-15.244,-0.233,-1.536,14.906,0.991,-0.038,0.000,0.000,-15.892,2.038,16.023,0.635,1.592,1.714,0.454
17:47:15.860,34.518,-15.892,2.038,True,-15.419,0.524,0.796,16.604,1.069,-0.296,0.000,0.000,-15.892,2.038,16.023,0.785,1.507,1.699,0.445
17:47:15.880,34.538,-15.892,2.038,True,-15.516,1.131,3.144,16.796,1.164,-0.327,0.000,0.000,-15.892,2.038,16.023,0.854,1.413,1.651,0.383
17:47:15.901,34.558,-15.892,0.000,True,-15.556,1.126,5.375,12.794,0.964,-0.009,0.000,0.000,-15.892,0.000,15.892,0.677,1.318,1.482,0.769
17:47:15.922,34.579,-17.658,0.000,True,-15.962,1.060,4.693,9.283,0.776,0.086,0.000,0.000,-17.658,0.000,17.658,0.516,1.389,1.482,0.849
17:47:15.942,34.599,-17.658,4.077,True,-16.285,1.905,4.798,12.570,1.023,0.166,0.000,0.000,-17.658,4.077,18.123,0.745,1.417,1.601,0.734
17:47:15.964,34.622,-19.424,2.038,True,-16.942,2.129,2.740,10.858,0.947,0.442,0.000,0.000,-19.424,2.038,19.531,0.692,1.573,1.719,0.402
17:47:15.985,34.643,-19.424,4.077,True,-17.478,2.749,2.077,12.094,1.100,0.573,0.000,0.000,-19.424,4.077,19.847,0.809,1.656,1.843,0.421
17:47:16.006,34.664,-19.424,2.038,True,-17.899,2.769,2.429,8.971,0.963,0.650,0.000,0.000,-19.424,2.038,19.531,0.673,1.683,1.812,0.956
17:47:16.026,34.684,-19.424,6.115,True,-18.217,3.686,3.473,12.445,1.127,0.704,0.000,0.000,-19.424,6.115,20.364,0.918,1.668,1.904,0.684
17:47:16.047,34.704,-19.424,6.115,True,-18.445,4.442,4.945,13.900,1.169,0.746,0.000,0.000,-19.424,6.115,20.364,1.058,1.626,1.940,0.798
17:47:16.067,34.725,-19.424,6.115,True,-18.597,5.045,6.635,13.863,1.160,0.648,0.000,0.000,-19.424,6.115,20.364,1.116,1.567,1.924,0.771
17:47:16.088,34.745,-19.424,4.077,True,-18.687,5.033,8.385,9.664,0.987,0.696,0.000,0.000,-19.424,4.077,19.847,0.930,1.499,1.764,0.737
17:47:16.108,34.765,-19.424,8.154,True,-18.730,5.907,10.081,12.231,1.194,0.664,0.000,0.000,-19.424,8.154,21.066,1.131,1.428,1.821,0.639
17:47:16.128,34.786,-19.424,6.115,True,-18.737,6.143,11.646,9.853,1.120,0.533,0.000,0.000,-19.424,6.115,20.364,1.049,1.360,1.717,0.441
17:47:16.149,34.806,-19.424,8.154,True,-18.718,6.762,13.033,10.469,1.196,0.475,0.000,0.000,-19.424,8.154,21.066,1.138,1.297,1.725,0.450
17:47:16.169,34.827,-19.424,6.115,True,-18.682,6.772,14.220,6.823,1.044,0.517,0.000,0.000,-19.424,6.115,20.364,0.978,1.241,1.580,0.790
17:47:16.190,34.847,-19.424,6.115,True,-18.636,6.724,15.200,3.601,0.875,0.450,0.000,0.000,-19.424,6.115,20.364,0.831,1.193,1.454,0.625
17:47:16.210,34.868,-19.424,6.115,True,-18.586,6.638,15.983,0.852,0.694,0.535,0.000,0.000,-19.424,6.115,20.364,0.701,1.153,1.350,0.921
17:47:16.231,34.888,-19.424,10.192,True,-18.535,7.477,16.584,4.813,0.890,0.566,0.000,0.000,-19.424,10.192,21.936,0.960,1.122,1.476,0.801
17:47:16.251,34.908,-19.424,6.115,True,-18.487,7.235,17.024,0.614,0.617,0.563,0.000,0.000,-19.424,6.115,20.364,0.751,1.097,1.329,0.467
17:47:16.271,34.929,-21.190,6.115,True,-18.854,6.984,14.631,-2.656,0.375,0.686,0.000,0.000,-21.190,6.115,22.055,0.581,1.240,1.369,0.669
17:47:16.292,34.949,-19.424,6.115,True,-18.762,6.741,15.860,-5.095,0.271,0.662,0.000,0.000,-19.424,6.115,20.364,0.449,1.176,1.259,0.426
17:47:16.312,34.969,-21.190,6.115,True,-19.082,6.518,14.084,-6.819,0.220,0.758,0.000,0.000,-21.190,6.115,22.055,0.351,1.287,1.334,0.447
17:47:16.332,34.990,-19.424,6.115,True,-18.945,6.320,15.775,-7.946,0.116,0.670,0.000,0.000,-19.424,6.115,20.364,0.281,1.198,1.231,0.428
17:47:16.353,35.010,-19.424,6.115,True,-18.814,6.150,17.024,-8.593,-0.024,0.629,0.000,0.000,-19.424,6.115,20.364,0.236,1.130,1.154,0.698
17:47:16.373,35.031,-19.424,6.115,True,-18.695,6.010,17.895,-8.868,-0.050,0.584,0.000,0.000,-19.424,6.115,20.364,0.210,1.080,1.100,0.838
17:47:16.396,35.053,-19.424,6.115,True,-18.589,5.898,18.453,-8.867,0.047,0.558,0.000,0.000,-19.424,6.115,20.364,0.198,1.044,1.063,0.695
17:47:16.417,35.074,-19.424,6.115,True,-18.500,5.813,18.760,-8.672,0.050,0.580,0.000,0.000,-19.424,6.115,20.364,0.198,1.022,1.041,0.704
17:47:16.437,35.095,-19.424,6.115,True,-18.427,5.750,18.876,-8.353,0.047,0.555,0.000,0.000,-19.424,6.115,20.364,0.206,1.010,1.030,0.747
17:47:16.457,35.115,-19.424,6.115,True,-18.369,5.707,18.850,-7.964,0.084,0.560,0.000,0.000,-19.424,6.115,20.364,0.219,1.005,1.028,0.451
17:47:16.478,35.135,-19.424,0.000,True,-18.324,4.259,18.727,-16.885,-0.422,0.595,0.000,0.000,-19.424,0.000,19.424,-0.319,1.006,1.055,0.699
17:47:16.499,35.156,-19.424,4.077,True,-18.292,3.957,18.542,-15.991,-0.437,0.627,0.000,0.000,-19.424,4.077,19.847,-0.310,1.011,1.057,0.617
17:47:16.519,35.177,-19.424,8.154,True,-18.271,4.687,18.324,-8.456,-0.031,0.665,0.000,0.000,-19.424,8.154,21.066,0.095,1.018,1.023,0.736
17:47:16.540,35.197,-19.424,6.115,True,-18.257,4.889,18.095,-6.212,0.105,0.701,0.000,0.000,-19.424,6.115,20.364,0.215,1.027,1.049,0.841
17:47:16.560,35.217,-19.424,6.115,True,-18.250,5.078,17.871,-4.590,0.198,0.752,0.000,0.000,-19.424,6.115,20.364,0.305,1.036,1.080,0.634
17:47:16.580,35.238,-19.424,2.038,True,-18.249,4.302,17.662,-9.719,-0.103,0.778,0.000,0.000,-19.424,2.038,19.531,0.001,1.045,1.045,0.566
17:47:16.600,35.258,-19.424,6.115,True,-18.251,4.574,17.475,-6.655,0.054,0.791,0.000,0.000,-19.424,6.115,20.364,0.164,1.054,1.066,0.505
17:47:16.621,35.278,-19.424,6.115,True,-18.255,4.830,17.314,-4.433,0.199,0.833,0.000,0.000,-19.424,6.115,20.364,0.287,1.061,1.099,0.742
17:47:16.641,35.298,-19.424,6.115,True,-18.261,5.060,17.180,-2.925,0.291,0.855,0.000,0.000,-19.424,6.115,20.364,0.377,1.068,1.132,0.410
17:47:16.662,35.319,-19.424,8.154,True,-18.267,5.734,17.073,1.114,0.541,0.885,0.000,0.000,-19.424,8.154,21.066,0.623,1.073,1.241,0.823
17:47:16.682,35.339,-19.424,6.115,True,-18.274,5.840,16.990,0.383,0.517,0.918,0.000,0.000,-19.424,6.115,20.364,0.601,1.077,1.234,0.811
17:47:16.702,35.360,-19.424,6.115,True,-18.280,5.910,16.928,-0.442,0.473,0.904,0.000,0.000,-19.424,6.115,20.364,0.571,1.081,1.223,0.672
17:47:16.725,35.382,-19.424,8.154,True,-18.286,6.424,16.885,1.824,0.644,0.943,0.000,0.000,-19.424,8.154,21.066,0.723,1.083,1.302,0.536
17:47:16.745,35.403,-19.424,6.115,True,-18.291,6.381,16.857,-0.189,0.555,0.950,0.000,0.000,-19.424,6.115,20.364,0.630,1.085,1.255,0.786
17:47:16.766,35.423,-19.424,6.115,True,-18.296,6.316,16.842,-1.882,0.467,0.897,0.000,0.000,-19.424,6.115,20.364,0.549,1.086,1.217,0.776
17:47:16.786,35.444,-19.424,8.154,True,-18.299,6.714,16.835,-0.145,0.617,0.939,0.000,0.000,-19.424,8.154,21.066,0.665,1.087,1.274,0.853
17:47:16.807,35.464,-19.424,2.038,True,-18.302,5.626,16.836,-8.647,0.185,0.915,0.000,0.000,-19.424,2.038,19.531,0.181,1.087,1.102,0.435
17:47:16.832,35.490,-19.424,6.115,True,-18.304,5.607,16.842,-8.007,0.266,0.890,0.000,0.000,-19.424,6.115,20.364,0.207,1.087,1.107,0.747
17:47:16.853,35.510,-19.424,6.115,True,-18.306,5.602,16.851,-7.411,0.295,0.888,0.000,0.000,-19.424,6.115,20.364,0.233,1.087,1.112,0.715
17:47:16.873,35.531,-19.424,6.115,True,-18.307,5.607,16.861,-6.879,0.312,0.925,0.000,0.000,-19.424,6.115,20.364,0.257,1.086,1.116,0.854
17:47:16.894,35.551,-19.424,2.038,True,-18.308,4.673,16.873,-12.648,-0.017,0.915,0.000,0.000,-19.424,2.038,19.531,-0.091,1.086,1.090,0.721
17:47:16.914,35.571,-19.424,6.115,True,-18.308,4.814,16.883,-9.871,0.125,0.876,0.000,0.000,-19.424,6.115,20.364,0.046,1.086,1.087,0.727
17:47:16.934,35.591,-19.424,4.077,True,-18.308,4.491,16.894,-10.789,0.028,0.872,0.000,0.000,-19.424,4.077,19.847,-0.027,1.085,1.085,0.500
17:47:16.954,35.612,-19.424,6.115,True,-18.308,4.703,16.903,-7.923,0.147,0.902,0.000,0.000,-19.424,6.115,20.364,0.121,1.085,1.091,0.804
17:47:16.975,35.632,-19.424,6.115,True,-18.308,4.909,16.911,-5.771,0.272,0.931,0.000,0.000,-19.424,6.115,20.364,0.236,1.084,1.110,0.722
17:47:16.996,35.653,-19.424,6.115,True,-18.307,5.101,16.917,-4.238,0.379,0.947,0.000,0.000,-19.424,6.115,20.364,0.323,1.084,1.131,0.815
17:47:17.016,35.674,-19.424,6.115,True,-18.307,5.271,16.922,-3.223,0.450,0.978,0.000,0.000,-19.424,6.115,20.364,0.385,1.084,1.150,0.767
17:47:17.037,35.694,-19.424,6.115,True,-18.307,5.418,16.927,-2.627,0.485,0.993,0.000,0.000,-19.424,6.115,20.364,0.426,1.084,1.164,0.739
17:47:17.057,35.714,-19.424,6.115,True,-18.306,5.540,16.930,-2.356,0.496,0.996,0.000,0.000,-19.424,6.115,20.364,0.450,1.083,1.173,0.847
17:47:17.077,35.735,-19.424,4.077,True,-18.306,5.164,16.932,-5.443,0.325,1.006,0.000,0.000,-19.424,4.077,19.847,0.276,1.083,1.118,0.561
17:47:17.097,35.755,-19.424,4.077,True,-18.306,4.828,16.933,-7.504,0.187,1.014,0.000,0.000,-19.424,4.077,19.847,0.152,1.083,1.094,0.463
17:47:17.118,35.775,-19.424,4.077,True,-18.306,4.538,16.934,-8.732,0.102,1.014,0.000,0.000,-19.424,4.077,19.847,0.068,1.083,1.085,0.718
17:47:17.140,35.797,-19.424,4.077,True,-17.967,4.363,19.159,-8.873,0.083,0.890,0.000,0.000,-19.424,4.077,19.847,0.045,0.951,0.952,0.368
17:47:17.160,35.818,-17.658,2.038,True,-17.605,3.580,20.979,-12.839,-0.180,0.788,0.000,0.000,-17.658,2.038,17.775,-0.209,0.834,0.860,0.716
17:47:17.181,35.838,-15.892,0.000,True,-16.840,2.437,24.871,-18.007,-0.535,0.537,0.000,0.000,-15.892,0.000,15.892,-0.551,0.586,0.805,0.794
17:47:17.201,35.858,-15.892,0.000,True,-16.228,1.546,26.800,-20.214,-0.667,0.436,0.000,0.000,-15.892,0.000,15.892,-0.738,0.440,0.859,0.453
17:47:17.221,35.878,-15.892,2.038,True,-15.741,1.364,27.390,-17.298,-0.725,0.351,0.000,0.000,-15.892,2.038,16.023,-0.627,0.365,0.726,0.384
17:47:17.243,35.900,-15.892,4.077,True,-15.363,1.758,27.068,-11.314,-0.190,0.269,0.000,0.000,-15.892,4.077,16.407,-0.324,0.342,0.470,0.469
17:47:17.263,35.921,-15.892,4.077,True,-15.077,2.138,26.140,-6.778,0.141,0.329,0.000,0.000,-15.892,4.077,16.407,-0.085,0.354,0.364,0.785
17:47:17.284,35.941,-15.892,2.038,True,-14.869,2.011,24.838,-6.549,-0.012,0.488,0.000,0.000,-15.892,2.038,16.023,-0.088,0.391,0.400,0.738
17:47:17.304,35.962,-15.892,2.038,True,-14.728,1.917,23.337,-6.128,-0.266,0.369,0.000,0.000,-15.892,2.038,16.023,-0.079,0.443,0.450,0.802
17:47:17.324,35.982,-15.892,2.038,True,-14.642,1.852,21.770,-5.597,-0.202,0.343,0.000,0.000,-15.892,2.038,16.023,-0.062,0.503,0.507,0.715
17:47:17.345,36.002,-14.127,0.000,True,-14.188,1.335,22.925,-8.116,-0.257,0.190,0.000,0.000,-14.127,0.000,14.127,-0.225,0.407,0.465,0.614
17:47:17.365,36.023,-14.127,0.000,True,-13.822,0.900,23.156,-9.442,-0.277,0.287,0.000,0.000,-14.127,0.000,14.127,-0.327,0.360,0.486,0.817
17:47:17.385,36.043,-12.361,0.000,True,-13.127,0.546,25.419,-9.857,-0.391,-0.001,0.000,0.000,-12.361,0.000,12.361,-0.380,0.191,0.426,0.769
17:47:17.406,36.064,-12.361,2.038,True,-12.558,0.742,26.205,-6.492,-0.215,-0.122,0.000,0.000,-12.361,2.038,12.528,-0.212,0.099,0.234,0.866
17:47:17.427,36.084,-12.361,4.077,True,-12.110,1.417,25.909,-0.751,0.097,-0.173,0.000,0.000,-12.361,4.077,13.016,0.109,0.067,0.128,0.746
17:47:17.447,36.104,-12.361,4.077,True,-11.771,2.024,24.870,3.122,0.328,-0.133,0.000,0.000,-12.361,4.077,13.016,0.340,0.079,0.349,0.422
17:47:17.470,36.127,-12.361,4.077,True,-11.526,2.549,23.368,5.471,0.474,-0.053,0.000,0.000,-12.361,4.077,13.016,0.496,0.121,0.511,0.613
17:47:17.490,36.148,-12.361,4.077,True,-11.362,2.989,21.624,6.623,0.575,0.010,0.000,0.000,-12.361,4.077,13.016,0.591,0.182,0.618,0.945
17:47:17.511,36.168,-12.361,2.038,True,-11.262,2.869,19.806,3.751,0.456,0.210,0.000,0.000,-12.361,2.038,12.528,0.452,0.252,0.518,0.846
17:47:17.531,36.188,-12.361,4.077,True,-11.214,3.208,18.036,4.554,0.628,0.223,0.000,0.000,-12.361,4.077,13.016,0.522,0.325,0.615,0.553
17:47:17.552,36.209,-12.361,2.038,True,-11.204,3.006,16.398,1.555,0.517,0.472,0.000,0.000,-12.361,2.038,12.528,0.369,0.397,0.542,0.799
17:47:17.574,36.231,-12.361,2.038,True,-11.221,2.805,14.942,-0.730,0.571,0.497,0.000,0.000,-12.361,2.038,12.528,0.248,0.463,0.525,0.666
17:47:17.594,36.251,-12.361,4.077,True,-11.257,3.089,13.694,0.727,0.698,0.678,0.000,0.000,-12.361,4.077,13.016,0.341,0.521,0.623,0.613
17:47:17.615,36.272,-12.361,2.038,True,-11.303,2.856,12.659,-1.602,0.480,0.741,0.000,0.000,-12.361,2.038,12.528,0.215,0.572,0.611,0.875
17:47:17.635,36.293,-12.361,2.038,True,-11.355,2.641,11.830,-3.244,0.359,0.715,0.000,0.000,-12.361,2.038,12.528,0.121,0.613,0.625,0.660
17:47:17.656,36.313,-12.361,2.038,True,-11.407,2.452,11.192,-4.314,0.125,0.836,0.000,0.000,-12.361,2.038,12.528,0.055,0.647,0.649,0.831
17:47:17.676,36.333,-12.361,2.038,True,-11.457,2.289,10.721,-4.926,0.065,0.828,0.000,0.000,-12.361,2.038,12.528,0.012,0.672,0.673,0.401
17:47:17.697,36.354,-10.595,2.038,True,-11.092,2.155,13.092,-5.182,0.007,0.653,0.000,0.000,-10.595,2.038,10.789,-0.013,0.531,0.531,0.767
17:47:17.717,36.375,-12.361,2.038,True,-11.186,2.049,11.845,-5.175,0.033,0.738,0.000,0.000,-12.361,2.038,12.528,-0.024,0.596,0.596,0.751
17:47:17.738,36.395,-12.361,2.038,True,-11.277,1.967,10.913,-4.984,0.073,0.687,0.000,0.000,-12.361,2.038,12.528,-0.023,0.646,0.646,1.069
17:47:17.758,36.415,-12.361,4.077,True,-11.361,2.381,10.252,-1.562,0.308,0.753,0.000,0.000,-12.361,4.077,13.016,0.169,0.684,0.704,0.760
17:47:17.778,36.436,-12.361,2.038,True,-11.436,2.277,9.816,-2.384,0.245,0.794,0.000,0.000,-12.361,2.038,12.528,0.122,0.710,0.721,0.645
17:47:17.798,36.456,-10.595,0.000,True,-11.090,1.711,12.260,-6.040,0.017,0.661,0.000,0.000,-10.595,0.000,10.595,-0.095,0.568,0.576,0.696
17:47:17.819,36.476,-12.361,2.038,True,-11.197,1.695,11.112,-5.160,0.039,0.723,0.000,0.000,-12.361,2.038,12.528,-0.058,0.629,0.632,0.786
17:47:17.839,36.496,-10.595,-4.077,True,-10.886,0.275,12.984,-13.697,-0.470,0.590,0.000,0.000,-10.595,-4.077,11.352,-0.577,0.516,0.774,0.517
17:47:17.859,36.516,-12.361,0.000,True,-11.030,0.000,11.395,-12.512,-0.462,0.666,0.000,0.000,-12.361,0.000,12.361,-0.552,0.600,0.815,0.425
17:47:17.883,36.540,-10.595,0.000,True,-10.754,-0.192,12.944,-10.996,-0.395,0.590,0.000,0.000,-10.595,0.000,10.595,-0.505,0.504,0.713,0.751
17:47:17.903,36.560,-10.595,0.000,True,-10.518,-0.316,13.827,-9.331,-0.335,0.523,0.000,0.000,-10.595,0.000,10.595,-0.443,0.442,0.626,0.629
17:47:17.923,36.580,-10.595,0.000,True,-10.324,-0.386,14.194,-7.652,-0.291,0.498,0.000,0.000,-10.595,0.000,10.595,-0.376,0.406,0.553,0.892
17:47:17.944,36.601,-12.361,0.000,True,-10.579,-0.414,11.483,-6.056,-0.066,0.640,0.000,0.000,-12.361,0.000,12.361,-0.309,0.551,0.632,0.999
17:47:17.964,36.621,-12.361,2.038,True,-10.817,0.063,9.544,-1.492,0.169,0.657,0.000,0.000,-12.361,2.038,12.528,-0.060,0.660,0.663,0.693
17:47:17.984,36.642,-12.361,2.038,True,-11.029,0.499,8.251,1.693,0.373,0.552,0.000,0.000,-12.361,2.038,12.528,0.125,0.739,0.749,0.380
17:47:18.005,36.663,-12.361,2.038,True,-11.212,0.883,7.483,3.736,0.331,0.855,0.000,0.000,-12.361,2.038,12.528,0.253,0.791,0.830,0.942
17:47:18.026,36.683,-12.361,0.000,True,-11.364,0.735,7.124,1.754,0.170,0.809,0.000,0.000,-12.361,0.000,12.361,0.151,0.822,0.836,0.807
17:47:18.046,36.703,-12.361,2.038,True,-11.486,1.065,7.072,3.381,0.381,0.840,0.000,0.000,-12.361,2.038,12.528,0.256,0.836,0.875,0.738
17:47:18.066,36.723,-12.361,2.038,True,-11.581,1.343,7.239,4.239,0.419,0.912,0.000,0.000,-12.361,2.038,12.528,0.321,0.839,0.898,0.441
17:47:18.086,36.744,-12.361,2.038,True,-11.651,1.570,7.549,4.512,0.377,0.963,0.000,0.000,-12.361,2.038,12.528,0.356,0.832,0.905,0.776
17:47:18.107,36.764,-12.361,2.038,True,-11.700,1.748,7.944,4.358,0.347,0.963,0.000,0.000,-12.361,2.038,12.528,0.367,0.819,0.898,0.865
17:47:18.127,36.785,-12.361,4.077,True,-11.731,2.356,8.375,7.028,0.558,0.931,0.000,0.000,-12.361,4.077,13.016,0.546,0.803,0.971,0.700
17:47:18.147,36.805,-12.361,2.038,True,-11.749,2.390,8.809,5.207,0.547,0.918,0.000,0.000,-12.361,2.038,12.528,0.469,0.786,0.915,0.781
17:47:18.168,36.826,-12.361,4.077,True,-11.756,2.862,9.221,6.661,0.585,0.893,0.000,0.000,-12.361,4.077,13.016,0.580,0.769,0.963,0.815
17:47:18.189,36.846,-12.361,4.077,True,-11.755,3.246,9.594,7.121,0.652,0.846,0.000,0.000,-12.361,4.077,13.016,0.639,0.752,0.987,0.843
17:47:18.212,36.869,-12.361,2.038,True,-11.748,3.075,9.921,3.746,0.499,0.822,0.000,0.000,-12.361,2.038,12.528,0.473,0.737,0.876,0.789
17:47:18.232,36.890,-12.361,4.077,True,-11.738,3.365,10.197,4.190,0.561,0.797,0.000,0.000,-12.361,4.077,13.016,0.521,0.724,0.892,0.767
17:47:18.252,36.910,-12.361,2.038,True,-11.726,3.121,10.422,0.964,0.338,0.749,0.000,0.000,-12.361,2.038,12.528,0.355,0.713,0.796,0.578
17:47:18.273,36.930,-12.361,2.038,True,-11.714,2.885,10.599,-1.448,0.112,0.798,0.000,0.000,-12.361,2.038,12.528,0.225,0.704,0.739,0.789
17:47:18.293,36.951,-12.361,4.077,True,-11.701,3.139,10.732,-0.044,0.139,0.921,0.000,0.000,-12.361,4.077,13.016,0.312,0.696,0.763,0.663
17:47:18.318,36.976,-12.361,2.038,True,-11.690,2.883,10.828,-2.365,0.060,0.887,0.000,0.000,-12.361,2.038,12.528,0.184,0.691,0.715,0.720
17:47:18.339,36.997,-12.361,2.038,True,-11.679,2.650,10.893,-3.960,-0.051,0.915,0.000,0.000,-12.361,2.038,12.528,0.090,0.687,0.693,0.943
17:47:18.360,37.017,-12.361,2.038,True,-11.670,2.447,10.931,-4.959,-0.097,0.890,0.000,0.000,-12.361,2.038,12.528,0.026,0.685,0.685,0.735
17:47:18.380,37.037,-12.361,4.077,True,-11.663,2.750,10.950,-2.373,0.029,0.888,0.000,0.000,-12.361,4.077,13.016,0.170,0.683,0.704,0.803
17:47:18.400,37.058,-12.361,2.038,True,-11.657,2.548,10.953,-3.736,-0.062,0.852,0.000,0.000,-12.361,2.038,12.528,0.090,0.682,0.688,0.907
17:47:18.421,37.078,-12.361,4.077,True,-11.652,2.846,10.945,-1.472,0.085,0.891,0.000,0.000,-12.361,4.077,13.016,0.220,0.682,0.717,0.744
17:47:18.441,37.098,-12.361,2.038,True,-11.649,2.636,10.931,-3.112,-0.002,0.878,0.000,0.000,-12.361,2.038,12.528,0.126,0.682,0.694,0.443
17:47:18.462,37.119,-10.595,2.038,True,-11.236,2.449,13.608,-4.188,-0.062,0.720,0.000,0.000,-10.595,2.038,10.789,0.060,0.523,0.526,0.828
17:47:18.482,37.139,-12.361,0.000,True,-11.289,1.816,12.550,-7.924,-0.300,0.762,0.000,0.000,-12.361,0.000,12.361,-0.168,0.575,0.599,0.571
17:47:18.502,37.160,-12.361,2.038,True,-11.345,1.746,11.710,-6.997,-0.257,0.837,0.000,0.000,-12.361,2.038,12.528,-0.134,0.618,0.632,0.803
17:47:18.524,37.181,-12.361,2.038,True,-11.401,1.706,11.070,-6.060,-0.217,0.852,0.000,0.000,-12.361,2.038,12.528,-0.097,0.651,0.659,0.547
17:47:18.545,37.202,-10.595,2.038,True,-11.044,1.691,13.302,-5.169,-0.193,0.718,0.000,0.000,-10.595,2.038,10.789,-0.059,0.517,0.521,0.992
17:47:18.565,37.222,-8.829,4.077,True,-10.325,2.166,17.341,-1.246,-0.016,0.445,0.000,0.000,-8.829,4.077,9.725,0.162,0.267,0.312,0.598
17:47:18.585,37.243,-8.829,4.077,True,-9.711,2.591,19.644,1.379,-0.015,0.352,0.000,0.000,-8.829,4.077,9.725,0.320,0.104,0.336,0.724
17:47:18.606,37.264,-8.829,-2.038,True,-9.205,1.536,20.605,-6.389,-0.423,0.146,0.000,0.000,-8.829,-2.038,9.061,-0.128,0.011,0.129,0.600
17:47:18.626,37.284,-8.829,2.038,True,-8.801,1.555,20.572,-5.163,-0.387,0.348,0.000,0.000,-8.829,2.038,9.061,-0.072,-0.028,0.078,0.460
17:47:18.647,37.304,-8.829,2.038,True,-8.492,1.588,19.844,-4.118,-0.342,0.246,0.000,0.000,-8.829,2.038,9.061,-0.023,-0.027,0.035,0.661
17:47:18.667,37.324,-8.829,2.038,True,-8.265,1.629,18.668,-3.257,-0.381,0.219,0.000,0.000,-8.829,2.038,9.061,0.019,0.003,0.019,0.410
17:47:18.687,37.345,-8.829,2.038,True,-8.110,1.674,17.242,-2.572,-0.341,0.331,0.000,0.000,-8.829,2.038,9.061,0.054,0.050,0.073,0.828
17:47:18.708,37.365,-8.829,2.038,True,-8.012,1.719,15.719,-2.049,-0.296,0.336,0.000,0.000,-8.829,2.038,9.061,0.082,0.107,0.135,0.821
17:47:18.730,37.388,-8.829,0.000,True,-7.961,1.289,14.212,-4.779,-0.457,0.356,0.000,0.000,-8.829,0.000,8.829,-0.082,0.169,0.188,0.559
17:47:18.751,37.408,-8.829,0.000,True,-7.944,0.916,12.799,-6.433,-0.573,0.432,0.000,0.000,-8.829,0.000,8.829,-0.192,0.229,0.299,0.801
17:47:18.771,37.429,-8.829,0.000,True,-7.953,0.604,11.528,-7.240,-0.630,0.489,0.000,0.000,-8.829,0.000,8.829,-0.259,0.286,0.386,0.684
17:47:18.791,37.449,-8.829,2.038,True,-7.980,0.826,10.427,-4.296,-0.316,0.329,0.000,0.000,-8.829,2.038,9.061,-0.107,0.338,0.354,0.477
17:47:18.812,37.469,-8.829,0.000,True,-8.017,0.568,9.505,-5.207,-0.352,0.210,0.000,0.000,-8.829,0.000,8.829,-0.173,0.382,0.419,0.442
17:47:18.833,37.490,-8.829,2.038,True,-8.060,0.830,8.760,-2.447,-0.333,0.284,0.000,0.000,-8.829,2.038,9.061,-0.025,0.419,0.420,0.713
17:47:18.853,37.511,-10.595,0.000,True,-8.514,0.600,5.482,-3.589,-0.584,0.631,0.000,0.000,-10.595,0.000,10.595,-0.098,0.609,0.617,0.786
17:47:18.874,37.531,-10.595,2.038,True,-8.913,0.879,3.389,-1.079,-0.552,0.764,0.000,0.000,-10.595,2.038,10.789,0.040,0.742,0.743,0.561
17:47:18.894,37.552,-10.595,2.038,True,-9.252,1.132,2.242,0.642,-0.726,0.750,0.000,0.000,-10.595,2.038,10.789,0.141,0.826,0.838,0.763
17:47:18.914,37.572,-8.829,2.038,True,-9.119,1.352,4.517,1.716,-0.832,0.773,0.000,0.000,-8.829,2.038,9.061,0.211,0.713,0.743,0.471
17:47:18.935,37.592,-12.361,2.038,True,-9.803,1.538,0.893,2.279,-0.697,0.703,0.000,0.000,-12.361,2.038,12.528,0.254,0.941,0.975,0.805
17:47:18.956,37.613,-10.595,2.038,True,-9.973,1.689,1.590,2.451,-0.615,0.756,0.000,0.000,-10.595,2.038,10.789,0.277,0.927,0.968,0.601
17:47:18.976,37.634,-12.361,4.077,True,-10.504,2.282,-0.200,5.453,-0.422,0.908,0.000,0.000,-12.361,4.077,13.016,0.469,1.059,1.158,0.834
17:47:18.996,37.653,-12.361,4.077,True,-10.938,2.782,-0.854,7.065,-0.398,0.946,0.000,0.000,-12.361,4.077,13.016,0.590,1.131,1.276,0.446
17:47:19.017,37.674,-12.361,4.077,True,-11.282,3.192,-0.676,7.614,-0.219,0.842,0.000,0.000,-12.361,4.077,13.016,0.655,1.158,1.331,0.759
17:47:19.037,37.695,-12.361,4.077,True,-11.543,3.514,0.077,7.387,-0.054,0.775,0.000,0.000,-12.361,4.077,13.016,0.677,1.151,1.335,0.779
17:47:19.059,37.716,-12.361,4.077,True,-11.541,3.662,2.441,5.995,-0.162,0.965,0.000,0.000,-12.361,4.077,13.016,0.631,1.046,1.222,0.679
17:47:19.079,37.737,-12.361,6.115,True,-11.737,4.440,3.025,8.909,0.040,0.961,0.000,0.000,-12.361,6.115,13.791,0.837,1.040,1.335,0.687
17:47:19.099,37.757,-10.595,6.115,True,-11.388,5.017,6.984,9.710,0.091,0.680,0.000,0.000,-10.595,6.115,12.233,0.930,0.831,1.247,0.774
17:47:19.120,37.777,-12.361,6.115,True,-11.533,5.443,6.902,9.252,0.140,0.699,0.000,0.000,-12.361,6.115,13.791,0.953,0.849,1.276,0.745
17:47:19.140,37.797,-10.595,6.115,True,-11.197,5.749,9.894,8.056,0.163,0.525,0.000,0.000,-10.595,6.115,12.233,0.930,0.683,1.154,0.419
17:47:19.161,37.818,-10.595,6.115,True,-10.901,5.960,11.917,6.459,0.118,0.424,0.000,0.000,-10.595,6.115,12.233,0.881,0.564,1.046,0.730
17:47:19.181,37.839,-10.595,8.154,True,-10.647,6.581,13.179,7.790,0.200,0.413,0.000,0.000,-10.595,8.154,13.369,1.002,0.483,1.112,0.643
17:47:19.202,37.859,-10.595,8.154,True,-10.433,7.071,13.850,7.881,0.506,0.210,0.000,0.000,-10.595,8.154,13.369,1.055,0.432,1.140,0.762
17:47:19.222,37.879,-10.595,6.115,True,-10.259,6.968,14.072,4.026,0.625,-0.193,0.000,0.000,-10.595,6.115,12.233,0.874,0.405,0.964,0.845
17:47:19.242,37.900,-8.829,8.154,True,-9.710,7.306,16.647,3.908,0.366,-0.476,0.000,0.000,-8.829,8.154,12.018,0.903,0.236,0.933,0.727
17:47:19.263,37.921,-8.829,8.154,True,-9.249,7.563,17.965,3.224,0.326,-0.631,0.000,0.000,-8.829,8.154,12.018,0.899,0.132,0.908,0.798
17:47:19.283,37.940,-10.595,8.154,True,-9.286,7.750,15.637,2.180,0.021,-0.508,0.000,0.000,-10.595,8.154,13.369,0.871,0.238,0.903,0.384
17:47:19.303,37.961,-8.829,8.154,True,-8.940,7.877,16.347,0.940,0.040,-0.686,0.000,0.000,-8.829,8.154,12.018,0.829,0.172,0.847,0.410
17:47:19.324,37.981,-8.829,8.154,True,-8.663,7.956,16.371,-0.369,0.097,-0.619,0.000,0.000,-8.829,8.154,12.018,0.779,0.144,0.792,0.839
17:47:19.344,38.002,-8.829,8.154,True,-8.450,7.996,15.911,-1.656,0.020,-0.650,0.000,0.000,-8.829,8.154,12.018,0.727,0.143,0.740,0.800
17:47:19.364,38.022,-12.361,8.154,True,-9.115,8.007,9.729,-2.857,-0.006,-0.335,0.000,0.000,-12.361,8.154,14.808,0.675,0.482,0.829,0.745
17:47:19.385,38.042,-10.595,8.154,True,-9.310,7.998,8.156,-3.931,-0.041,-0.211,0.000,0.000,-10.595,8.154,13.369,0.626,0.571,0.847,0.759
17:47:19.405,38.063,-12.361,8.154,True,-9.894,7.974,4.408,-4.858,-0.072,0.133,0.000,0.000,-12.361,8.154,14.808,0.583,0.795,0.986,0.715
17:47:19.426,38.083,-12.361,8.154,True,-10.400,7.941,2.131,-5.632,-0.101,0.390,0.000,0.000,-12.361,8.154,14.808,0.546,0.946,1.092,0.635
17:47:19.446,38.104,-12.361,10.192,True,-10.824,8.378,1.010,-3.135,0.112,0.545,0.000,0.000,-12.361,10.192,16.021,0.699,1.038,1.251,0.451
17:47:19.467,38.124,-12.361,12.231,True,-11.166,9.226,0.760,1.416,0.537,0.682,0.000,0.000,-12.361,12.231,17.389,0.985,1.083,1.464,0.710
17:47:19.487,38.144,-12.361,10.192,True,-11.432,9.472,1.135,0.827,0.543,0.784,0.000,0.000,-12.361,10.192,16.021,0.984,1.093,1.471,0.677
17:47:19.507,38.165,-12.361,10.192,True,-11.630,9.652,1.926,-0.119,0.425,0.991,0.000,0.000,-12.361,10.192,16.021,0.960,1.078,1.444,0.848
17:47:19.527,38.185,-12.361,10.192,True,-11.771,9.776,2.966,-1.263,0.575,0.893,0.000,0.000,-12.361,10.192,16.021,0.922,1.046,1.394,0.521
17:47:19.548,38.205,-12.361,12.231,True,-11.862,10.327,4.123,0.632,0.731,0.858,0.000,0.000,-12.361,12.231,17.389,1.061,1.004,1.461,0.741
17:47:19.568,38.226,-12.361,8.154,True,-11.915,9.832,5.299,-4.887,0.346,0.826,0.000,0.000,-12.361,8.154,14.808,0.767,0.958,1.227,0.762
17:47:19.589,38.246,-12.361,8.154,True,-11.937,9.367,6.423,-8.877,0.112,0.887,0.000,0.000,-12.361,8.154,14.808,0.545,0.910,1.061,0.808
17:47:19.609,38.266,-12.361,8.154,True,-11.937,8.949,7.450,-11.578,-0.021,0.846,0.000,0.000,-12.361,8.154,14.808,0.384,0.865,0.946,0.429
17:47:19.630,38.287,-14.127,8.154,True,-12.331,8.586,5.655,-13.227,-0.015,0.987,0.000,0.000,-14.127,8.154,16.311,0.275,0.984,1.021,0.784
17:47:19.650,38.308,-12.361,8.154,True,-12.251,8.283,7.458,-14.048,-0.011,0.945,0.000,0.000,-12.361,8.154,14.808,0.208,0.896,0.920,0.770
17:47:19.670,38.328,-14.127,6.115,True,-12.572,7.563,6.207,-17.357,-0.223,1.044,0.000,0.000,-14.127,6.115,15.393,-0.010,0.983,0.983,0.544
17:47:19.690,38.348,-14.127,6.115,True,-12.838,6.961,5.665,-19.018,-0.413,1.061,0.000,0.000,-14.127,6.115,15.393,-0.143,1.034,1.044,0.432
17:47:19.711,38.368,-15.892,6.115,True,-13.461,6.472,2.952,-19.433,-0.397,1.251,0.000,0.000,-15.892,6.115,17.028,-0.211,1.216,1.234,0.437
17:47:19.732,38.389,-15.892,6.115,True,-13.980,6.091,1.646,-18.952,-0.358,1.421,0.000,0.000,-15.892,6.115,17.028,-0.227,1.325,1.345,0.762
17:47:19.752,38.409,-15.892,6.115,True,-14.399,5.806,1.399,-17.869,-0.332,1.513,0.000,0.000,-15.892,6.115,17.028,-0.208,1.378,1.394,0.730
17:47:19.772,38.430,-15.892,8.154,True,-14.725,6.077,1.908,-13.309,-0.066,1.571,0.000,0.000,-15.892,8.154,17.862,0.020,1.388,1.388,0.651
17:47:19.793,38.450,-15.892,6.115,True,-14.967,5.881,2.919,-12.885,-0.106,1.504,0.000,0.000,-15.892,6.115,17.028,0.019,1.368,1.368,0.406
17:47:19.813,38.470,-15.892,6.115,True,-15.137,5.738,4.226,-12.174,-0.177,1.798,0.000,0.000,-15.892,6.115,17.028,0.036,1.327,1.328,0.681
17:47:19.833,38.490,-15.892,4.077,True,-15.248,5.165,5.670,-14.414,-0.424,1.789,0.000,0.000,-15.892,4.077,16.407,-0.120,1.274,1.280,0.391
17:47:19.854,38.511,-15.892,6.115,True,-15.310,5.165,7.131,-12.277,-0.351,1.601,0.000,0.000,-15.892,6.115,17.028,-0.025,1.216,1.217,0.803
17:47:19.874,38.531,-15.892,6.115,True,-15.336,5.197,8.523,-10.398,-0.307,1.542,0.000,0.000,-15.892,6.115,17.028,0.061,1.157,1.159,0.394
17:47:19.894,38.552,-15.892,6.115,True,-15.334,5.251,9.791,-8.802,-0.265,1.498,0.000,0.000,-15.892,6.115,17.028,0.137,1.101,1.110,0.768
17:47:19.916,38.573,-14.127,0.000,True,-14.904,3.896,13.600,-16.833,-0.767,1.321,0.000,0.000,-14.127,0.000,14.127,-0.353,0.890,0.958,0.690
17:47:19.937,38.594,-14.127,2.038,True,-14.514,3.206,16.199,-18.429,-0.748,1.190,0.000,0.000,-14.127,2.038,14.273,-0.493,0.736,0.886,0.729
17:47:19.957,38.614,-14.127,6.115,True,-14.175,3.599,17.810,-12.410,-0.187,0.939,0.000,0.000,-14.127,6.115,15.393,-0.188,0.631,0.659,0.586
17:47:19.977,38.635,-12.361,2.038,True,-13.480,3.046,21.334,-14.028,-0.560,0.785,0.000,0.000,-12.361,2.038,12.528,-0.315,0.406,0.514,0.758
17:47:19.997,38.655,-12.361,4.077,True,-12.893,3.070,23.227,-11.378,-0.519,0.485,0.000,0.000,-12.361,4.077,13.016,-0.195,0.264,0.328,0.463
17:47:20.019,38.677,-12.361,4.077,True,-12.413,3.129,23.873,-9.092,-0.395,0.479,0.000,0.000,-12.361,4.077,13.016,-0.088,0.188,0.207,0.731
17:47:20.039,38.697,-12.361,6.115,True,-12.034,3.683,23.608,-4.072,0.115,0.543,0.000,0.000,-12.361,6.115,13.791,0.189,0.161,0.248,0.480
17:47:20.060,38.718,-12.361,4.077,True,-11.747,3.712,22.720,-3.734,0.131,0.627,0.000,0.000,-12.361,4.077,13.016,0.206,0.172,0.269,0.926
17:47:20.080,38.737,-12.361,4.077,True,-11.541,3.740,21.442,-3.487,0.232,0.902,0.000,0.000,-12.361,4.077,13.016,0.220,0.208,0.303,0.443
17:47:20.100,38.758,-10.595,4.077,True,-10.992,3.764,22.659,-3.318,0.266,0.652,0.000,0.000,-10.595,4.077,11.352,0.230,0.099,0.250,0.440
17:47:20.120,38.778,-8.829,4.077,True,-10.142,3.786,25.473,-3.212,0.322,0.163,0.000,0.000,-8.829,4.077,9.725,0.237,-0.110,0.261,0.416
17:47:20.141,38.798,-8.829,4.077,True,-9.446,3.804,26.473,-3.156,0.672,-0.096,0.000,0.000,-8.829,4.077,9.725,0.241,-0.224,0.329,0.928
17:47:20.161,38.819,-8.829,4.077,True,-8.896,3.819,26.146,-3.139,0.759,-0.151,0.000,0.000,-8.829,4.077,9.725,0.243,-0.264,0.359,0.795
17:47:20.182,38.839,-8.829,4.077,True,-8.479,3.831,24.906,-3.150,0.787,-0.204,0.000,0.000,-8.829,4.077,9.725,0.244,-0.251,0.350,0.789
17:47:20.202,38.859,-8.829,4.077,True,-8.178,3.840,23.094,-3.179,0.615,0.033,0.000,0.000,-8.829,4.077,9.725,0.244,-0.202,0.316,0.717
17:47:20.224,38.881,-8.829,4.077,True,-7.975,3.846,20.980,-3.220,0.546,0.131,0.000,0.000,-8.829,4.077,9.725,0.242,-0.129,0.274,0.696
17:47:20.244,38.902,-8.829,4.077,True,-7.851,3.850,18.770,-3.268,0.531,0.223,0.000,0.000,-8.829,4.077,9.725,0.241,-0.043,0.245,0.697
17:47:20.265,38.922,-7.063,4.077,True,-7.380,3.853,19.311,-3.316,0.538,0.102,0.000,0.000,-7.063,4.077,8.155,0.239,-0.114,0.265,0.778
17:47:20.285,38.942,-5.297,4.077,True,-6.600,3.854,21.666,-3.363,0.476,-0.104,0.000,0.000,-5.297,4.077,6.685,0.237,-0.296,0.379,0.791
17:47:20.305,38.963,-5.297,2.038,True,-5.964,3.380,22.384,-6.520,0.296,-0.238,0.000,0.000,-5.297,2.038,5.676,0.050,-0.392,0.395,0.595
17:47:20.327,38.985,-5.297,4.077,True,-5.466,3.442,21.914,-5.360,0.163,-0.358,0.000,0.000,-5.297,4.077,6.685,0.108,-0.421,0.434,0.488
17:47:20.348,39.006,-5.297,6.115,True,-5.090,3.981,20.638,-1.335,0.332,-0.134,0.000,0.000,-5.297,6.115,8.091,0.339,-0.402,0.526,0.800
17:47:20.368,39.025,-5.297,6.115,True,-4.822,4.456,18.865,1.268,0.510,-0.171,0.000,0.000,-5.297,6.115,8.091,0.502,-0.351,0.612,0.412
17:47:20.389,39.046,-5.297,6.115,True,-4.642,4.861,16.842,2.732,0.610,-0.213,0.000,0.000,-5.297,6.115,8.091,0.607,-0.279,0.668,0.496
17:47:20.409,39.067,-5.297,4.077,True,-4.536,4.721,14.754,0.205,0.504,-0.134,0.000,0.000,-5.297,4.077,6.685,0.481,-0.198,0.520,0.876
17:47:20.430,39.087,-5.297,4.077,True,-4.486,4.574,12.734,-1.774,0.369,-0.007,0.000,0.000,-5.297,4.077,6.685,0.379,-0.113,0.396,0.808
17:47:20.450,39.107,-5.297,10.192,True,-4.479,5.852,10.874,6.081,0.846,0.114,0.000,0.000,-5.297,10.192,11.487,0.854,-0.032,0.854,0.747
17:47:20.470,39.127,-5.297,4.077,True,-4.502,5.533,9.226,1.430,0.939,0.183,0.000,0.000,-5.297,4.077,6.685,0.616,0.043,0.618,0.760
17:47:20.490,39.147,-5.297,10.192,True,-4.546,6.638,7.819,7.235,1.359,0.185,0.000,0.000,-5.297,10.192,11.487,0.983,0.109,0.989,0.424
17:47:20.511,39.168,-1.766,4.077,True,-3.780,6.154,12.050,1.083,1.373,-0.363,0.000,0.000,-1.766,4.077,4.443,0.663,-0.154,0.681,0.978
17:47:20.531,39.188,-1.766,4.077,True,-3.127,5.688,14.441,-3.484,1.127,-0.461,0.000,0.000,-1.766,4.077,4.443,0.415,-0.325,0.527,0.543
17:47:20.552,39.209,-1.766,6.115,True,-2.589,5.734,15.411,-3.578,1.117,-0.583,0.000,0.000,-1.766,6.115,6.365,0.415,-0.421,0.592,0.510
17:47:20.572,39.230,-1.766,6.115,True,-2.161,5.767,15.332,-3.739,1.156,-0.693,0.000,0.000,-1.766,6.115,6.365,0.412,-0.461,0.618,0.733
17:47:20.592,39.250,-1.766,6.115,True,-1.834,5.791,14.521,-3.940,1.130,-0.724,0.000,0.000,-1.766,6.115,6.365,0.405,-0.458,0.611,0.396
17:47:20.613,39.270,-1.766,6.115,True,-1.595,5.806,13.241,-4.156,1.298,-0.912,0.000,0.000,-1.766,6.115,6.365,0.397,-0.425,0.582,0.389
17:47:20.634,39.292,-1.766,6.115,True,-1.431,5.814,11.703,-4.372,1.168,-1.003,0.000,0.000,-1.766,6.115,6.365,0.388,-0.373,0.539,0.825
17:47:20.654,39.312,-1.766,6.115,True,-1.329,5.817,10.067,-4.576,1.018,-0.874,0.000,0.000,-1.766,6.115,6.365,0.380,-0.311,0.491,0.762
17:47:20.675,39.332,-1.766,6.115,True,-1.276,5.816,8.454,-4.761,0.965,-0.852,0.000,0.000,-1.766,6.115,6.365,0.371,-0.246,0.445,0.956
17:47:20.696,39.353,-1.766,6.115,True,-1.260,5.812,6.944,-4.921,0.976,-0.731,0.000,0.000,-1.766,6.115,6.365,0.364,-0.180,0.406,0.766
17:47:20.716,39.373,-1.766,4.077,True,-1.271,5.334,5.589,-8.169,0.734,-0.644,0.000,0.000,-1.766,4.077,4.443,0.173,-0.120,0.210,0.783
17:47:20.736,39.393,-1.766,6.115,True,-1.300,5.390,4.417,-7.081,0.759,-0.582,0.000,0.000,-1.766,6.115,6.365,0.226,-0.065,0.236,0.386
17:47:20.757,39.415,-1.766,6.115,True,-1.212,5.248,4.283,-7.546,0.726,-0.561,0.000,0.000,-1.766,6.115,6.365,0.192,-0.068,0.203,0.341
17:47:20.778,39.435,-1.766,6.115,True,-1.307,5.384,2.990,-6.103,0.769,-0.429,0.000,0.000,-1.766,6.115,6.365,0.269,-0.001,0.269,0.401
17:47:20.798,39.456,-5.297,0.000,True,-2.328,3.858,-3.834,-15.518,0.182,-0.042,0.000,0.000,-5.297,0.000,5.297,-0.299,0.402,0.501,0.524
17:47:20.819,39.476,-5.297,0.000,True,-3.144,2.640,-7.660,-20.608,-0.520,0.103,0.000,0.000,-5.297,0.000,5.297,-0.646,0.653,0.918,0.442
17:47:20.839,39.497,-5.297,0.000,True,-3.793,1.676,-9.442,-22.760,-1.020,0.264,0.000,0.000,-5.297,0.000,5.297,-0.837,0.796,1.155,0.471
17:47:20.859,39.517,-5.297,0.000,True,-4.300,0.925,-9.825,-22.914,-0.980,0.029,0.000,0.000,-5.297,0.000,5.297,-0.919,0.864,1.261,0.486
17:47:20.880,39.538,-5.297,2.038,True,-4.688,0.841,-9.268,-18.636,-0.581,-0.303,0.000,0.000,-5.297,2.038,5.676,-0.738,0.878,1.147,0.732
17:47:20.900,39.558,-5.297,0.000,True,-4.973,0.358,-8.108,-17.829,-0.786,-0.460,0.000,0.000,-5.297,0.000,5.297,-0.751,0.855,1.138,0.751
17:47:20.921,39.578,-5.297,0.000,True,-5.173,0.001,-6.597,-16.288,-0.815,-0.586,0.000,0.000,-5.297,0.000,5.297,-0.719,0.808,1.082,0.901
17:47:20.941,39.599,-7.063,-2.038,True,-5.715,-0.724,-7.605,-17.413,-0.814,-0.369,0.000,0.000,-7.063,-2.038,7.352,-0.841,0.907,1.237,0.901
17:47:20.961,39.619,-8.829,-2.038,True,-6.556,-1.297,-10.247,-17.155,-1.055,-0.207,0.000,0.000,-8.829,-2.038,9.061,-0.887,1.108,1.419,0.419
17:47:20.982,39.640,-8.829,-2.038,True,-7.241,-1.733,-11.124,-15.940,-1.054,-0.146,0.000,0.000,-8.829,-2.038,9.061,-0.877,1.215,1.498,0.832
17:47:21.003,39.660,-8.829,-2.038,True,-7.781,-2.048,-10.713,-14.119,-0.987,-0.184,0.000,0.000,-8.829,-2.038,9.061,-0.828,1.251,1.500,0.667
17:47:21.023,39.680,-8.829,0.000,True,-8.189,-1.789,-9.417,-8.853,-0.691,0.018,0.000,0.000,-8.829,0.000,8.829,-0.570,1.235,1.360,0.843
17:47:21.043,39.700,-8.829,0.000,True,-8.482,-1.509,-7.572,-4.673,-0.495,0.124,0.000,0.000,-8.829,0.000,8.829,-0.357,1.182,1.235,0.439
17:47:21.064,39.721,-8.829,-2.038,True,-8.679,-1.704,-5.442,-4.606,-0.550,0.297,0.000,0.000,-8.829,-2.038,9.061,-0.374,1.108,1.169,0.770
17:47:21.086,39.744,-8.829,-2.038,True,-8.798,-1.852,-3.228,-4.209,-0.555,0.244,0.000,0.000,-8.829,-2.038,9.061,-0.371,1.022,1.087,0.793
17:47:21.106,39.764,-10.595,0.000,True,-9.265,-1.486,-3.781,-0.482,-0.367,0.236,0.000,0.000,-10.595,0.000,10.595,-0.170,1.093,1.107,0.631
17:47:21.127,39.784,-10.595,0.000,True,-9.632,-1.148,-3.454,2.157,-0.389,0.007,0.000,0.000,-10.595,0.000,10.595,-0.020,1.116,1.116,0.624
17:47:21.147,39.804,-10.595,0.000,True,-9.909,-0.848,-2.528,3.888,-0.227,0.120,0.000,0.000,-10.595,0.000,10.595,0.087,1.103,1.106,0.446
17:47:21.167,39.825,-12.361,0.000,True,-10.518,-0.591,-3.935,4.888,-0.143,0.171,0.000,0.000,-12.361,0.000,12.361,0.157,1.226,1.235,0.762
17:47:21.187,39.845,-12.361,0.000,True,-11.007,-0.379,-4.114,5.320,0.075,0.275,0.000,0.000,-12.361,0.000,12.361,0.197,1.282,1.297,0.572
17:47:21.208,39.865,-12.361,2.038,True,-11.385,0.265,-3.423,8.447,0.232,0.318,0.000,0.000,-12.361,2.038,12.528,0.399,1.290,1.350,0.704
17:47:21.228,39.885,-14.127,0.000,True,-12.075,0.333,-4.858,6.963,0.230,0.558,0.000,0.000,-14.127,0.000,14.127,0.341,1.422,1.462,0.464
17:47:21.249,39.906,-15.892,0.000,True,-13.037,0.363,-7.621,5.542,0.113,0.666,0.000,0.000,-15.892,0.000,15.892,0.281,1.640,1.664,0.783
17:47:21.269,39.926,-15.892,2.038,True,-13.817,0.837,-8.381,7.356,0.079,0.641,0.000,0.000,-15.892,2.038,16.023,0.408,1.752,1.799,0.759
17:47:21.291,39.948,-15.892,2.038,True,-14.428,1.229,-7.695,8.127,0.088,0.793,0.000,0.000,-15.892,2.038,16.023,0.482,1.782,1.846,0.786
17:47:21.311,39.968,-15.892,2.038,True,-14.887,1.542,-6.034,8.125,0.100,0.850,0.000,0.000,-15.892,2.038,16.023,0.513,1.755,1.828,0.467
17:47:21.332,39.989,-15.892,2.038,True,-15.213,1.782,-3.780,7.581,0.198,0.803,0.000,0.000,-15.892,2.038,16.023,0.513,1.688,1.764,0.727
17:47:21.353,40.010,-15.892,4.077,True,-15.429,2.432,-1.234,9.801,0.310,0.750,0.000,0.000,-15.892,4.077,16.407,0.676,1.597,1.734,0.790
17:47:21.373,40.030,-17.658,2.038,True,-15.966,2.491,-1.319,7.512,0.273,0.889,0.000,0.000,-17.658,2.038,17.775,0.581,1.655,1.754,0.487
17:47:21.394,40.051,-19.424,4.077,True,-16.789,2.975,-3.160,8.512,0.415,1.039,0.000,0.000,-19.424,4.077,19.847,0.673,1.818,1.939,0.526
17:47:21.414,40.072,-19.424,6.115,True,-17.450,3.835,-3.351,11.665,0.653,1.187,0.000,0.000,-19.424,6.115,20.364,0.898,1.893,2.095,0.790
17:47:21.435,40.092,-19.424,6.115,True,-17.960,4.544,-2.374,12.946,0.787,1.219,0.000,0.000,-19.424,6.115,20.364,1.026,1.901,2.160,0.517
17:47:21.455,40.113,-19.424,6.115,True,-18.337,5.108,-0.631,12.842,0.789,1.222,0.000,0.000,-19.424,6.115,20.364,1.078,1.862,2.151,0.715
17:47:21.476,40.133,-19.424,6.115,True,-18.599,5.539,1.552,11.775,0.818,1.169,0.000,0.000,-19.424,6.115,20.364,1.074,1.791,2.088,0.677
17:47:21.496,40.153,-19.424,6.115,True,-18.568,5.775,5.233,9.569,0.762,1.000,0.000,0.000,-19.424,6.115,20.364,1.000,1.626,1.909,0.628
17:47:21.517,40.174,-19.424,6.115,True,-18.734,6.008,6.840,7.784,0.719,0.993,0.000,0.000,-19.424,6.115,20.364,0.944,1.572,1.833,0.640
17:47:21.537,40.194,-21.190,6.115,True,-19.289,6.151,5.703,5.763,0.651,1.103,0.000,0.000,-21.190,6.115,22.055,0.869,1.677,1.889,0.602
17:47:21.557,40.214,-22.956,6.115,True,-20.142,6.228,3.070,3.734,0.583,1.342,0.000,0.000,-22.956,6.115,23.756,0.788,1.879,2.037,0.739
17:47:21.577,40.235,-21.190,6.115,True,-20.356,6.256,5.198,1.824,0.495,1.275,0.000,0.000,-21.190,6.115,22.055,0.706,1.806,1.939,0.788
17:47:21.598,40.255,-22.956,8.154,True,-20.906,6.743,4.759,3.230,0.504,1.400,0.000,0.000,-22.956,8.154,24.361,0.817,1.881,2.050,0.613
17:47:21.618,40.275,-22.956,8.154,True,-21.322,7.128,5.361,3.599,0.612,1.405,0.000,0.000,-22.956,8.154,24.361,0.872,1.896,2.086,0.442
17:47:21.638,40.296,-22.956,8.154,True,-21.625,7.425,6.616,3.254,0.649,1.414,0.000,0.000,-22.956,8.154,24.361,0.886,1.870,2.070,0.528
17:47:21.659,40.316,-22.956,8.154,True,-21.835,7.645,8.242,2.439,0.659,1.542,0.000,0.000,-22.956,8.154,24.361,0.872,1.820,2.018,0.772
17:47:21.679,40.337,-22.956,8.154,True,-21.970,7.801,10.029,1.345,0.776,1.429,0.000,0.000,-22.956,8.154,24.361,0.839,1.754,1.945,0.780
17:47:21.700,40.357,-22.956,6.115,True,-22.045,7.430,11.829,-2.986,0.602,1.242,0.000,0.000,-22.956,6.115,23.756,0.611,1.682,1.790,0.851
17:47:21.722,40.379,-22.956,6.115,True,-22.075,7.079,13.537,-6.155,0.353,1.122,0.000,0.000,-22.956,6.115,23.756,0.436,1.610,1.668,0.470
17:47:21.742,40.400,-21.190,8.154,True,-21.662,7.234,17.784,-5.221,0.149,0.866,0.000,0.000,-21.190,8.154,22.705,0.493,1.381,1.467,0.876
17:47:21.762,40.420,-21.190,6.115,True,-21.279,6.894,20.799,-7.785,-0.147,0.618,0.000,0.000,-21.190,6.115,22.055,0.346,1.210,1.258,0.747
17:47:21.783,40.440,-21.190,6.115,True,-20.939,6.593,22.785,-9.448,-0.137,0.410,0.000,0.000,-21.190,6.115,22.055,0.242,1.088,1.115,0.797
17:47:21.803,40.461,-21.190,4.077,True,-20.648,5.863,23.938,-13.510,-0.423,0.484,0.000,0.000,-21.190,4.077,21.579,-0.010,1.008,1.008,0.710
17:47:21.824,40.482,-19.424,6.115,True,-19.996,5.715,27.150,-12.690,-0.417,0.277,0.000,0.000,-19.424,6.115,20.364,0.011,0.801,0.801,0.395
17:47:21.845,40.502,-19.424,6.115,True,-19.446,5.613,28.840,-11.711,-0.487,0.264,0.000,0.000,-19.424,6.115,20.364,0.044,0.672,0.673,0.440
17:47:21.865,40.523,-19.424,6.115,True,-18.998,5.550,29.371,-10.675,-0.433,0.262,0.000,0.000,-19.424,6.115,20.364,0.084,0.603,0.609,0.803
17:47:21.886,40.544,-19.424,4.077,True,-18.646,5.044,29.060,-12.774,-0.488,0.258,0.000,0.000,-19.424,4.077,19.847,-0.059,0.582,0.585,0.654
17:47:21.907,40.565,-19.424,6.115,True,-18.381,5.097,28.178,-10.622,-0.416,0.324,0.000,0.000,-19.424,6.115,20.364,0.041,0.594,0.596,0.766
17:47:21.928,40.585,-19.424,6.115,True,-18.191,5.171,26.943,-8.824,-0.277,0.404,0.000,0.000,-19.424,6.115,20.364,0.128,0.630,0.643,0.869
17:47:21.948,40.605,-19.424,4.077,True,-18.064,4.781,25.529,-10.488,-0.330,0.502,0.000,0.000,-19.424,4.077,19.847,0.015,0.680,0.680,0.394
17:47:21.969,40.626,-19.424,4.077,True,-17.988,4.456,24.067,-11.274,-0.382,0.637,0.000,0.000,-19.424,4.077,19.847,-0.052,0.737,0.738,0.716
17:47:21.989,40.646,-19.424,4.077,True,-17.953,4.195,22.652,-11.402,-0.470,0.772,0.000,0.000,-19.424,4.077,19.847,-0.084,0.795,0.800,0.471
17:47:22.010,40.667,-19.424,6.115,True,-17.947,4.466,21.346,-7.948,-0.293,0.972,0.000,0.000,-19.424,6.115,20.364,0.096,0.852,0.858,0.827
17:47:22.030,40.687,-19.424,6.115,True,-17.962,4.727,20.189,-5.384,-0.016,1.289,0.000,0.000,-19.424,6.115,20.364,0.235,0.905,0.935,0.765
17:47:22.050,40.708,-19.424,4.077,True,-17.992,4.494,19.200,-6.696,-0.025,1.304,0.000,0.000,-19.424,4.077,19.847,0.154,0.952,0.964,0.770
17:47:22.071,40.728,-19.424,4.077,True,-18.030,4.294,18.382,-7.444,-0.092,1.433,0.000,0.000,-19.424,4.077,19.847,0.101,0.992,0.997,0.785
17:47:22.091,40.748,-19.424,4.077,True,-18.072,4.129,17.729,-7.755,-0.122,1.415,0.000,0.000,-19.424,4.077,19.847,0.071,1.025,1.027,0.570
17:47:22.111,40.769,-19.424,4.077,True,-18.114,3.998,17.228,-7.743,-0.136,1.452,0.000,0.000,-19.424,4.077,19.847,0.058,1.051,1.053,0.871
17:47:22.132,40.789,-19.424,2.038,True,-18.154,3.424,16.860,-10.619,-0.272,1.456,0.000,0.000,-19.424,2.038,19.531,-0.126,1.071,1.079,0.797
17:47:22.155,40.812,-17.658,4.077,True,-17.780,3.413,19.302,-9.037,-0.219,1.317,0.000,0.000,-17.658,4.077,18.123,-0.058,0.926,0.928,0.894
17:47:22.176,40.833,-15.892,4.077,True,-17.045,3.428,23.497,-7.628,-0.194,1.058,0.000,0.000,-15.892,4.077,16.407,0.006,0.667,0.667,1.133
17:47:22.196,40.853,-15.892,2.038,True,-16.416,2.988,25.911,-9.530,-0.311,0.847,0.000,0.000,-15.892,2.038,16.023,-0.122,0.498,0.513,0.911
17:47:22.216,40.873,-15.892,2.038,True,-15.897,2.621,26.943,-10.439,-0.395,0.719,0.000,0.000,-15.892,2.038,16.023,-0.199,0.400,0.447,0.688
17:47:22.236,40.894,-15.892,2.038,True,-15.482,2.326,26.949,-10.602,-0.444,0.696,0.000,0.000,-15.892,2.038,16.023,-0.235,0.359,0.429,0.569
17:47:22.259,40.916,-15.892,2.038,True,-15.164,2.096,26.236,-10.233,-0.430,0.704,0.000,0.000,-15.892,2.038,16.023,-0.242,0.358,0.432,0.622
17:47:22.280,40.937,-15.892,2.038,True,-14.930,1.926,25.058,-9.511,-0.398,0.724,0.000,0.000,-15.892,2.038,16.023,-0.227,0.387,0.449,0.791
17:47:22.300,40.957,-15.892,2.038,True,-14.769,1.806,23.619,-8.581,-0.365,0.752,0.000,0.000,-15.892,2.038,16.023,-0.198,0.434,0.477,0.794
17:47:22.320,40.978,-15.892,2.038,True,-14.667,1.728,22.074,-7.557,-0.324,0.777,0.000,0.000,-15.892,2.038,16.023,-0.161,0.492,0.518,0.905
17:47:22.341,40.998,-15.892,2.038,True,-14.613,1.684,20.541,-6.522,-0.252,0.834,0.000,0.000,-15.892,2.038,16.023,-0.119,0.555,0.567,0.696
17:47:22.361,41.019,-12.361,2.038,True,-13.774,1.666,24.493,-5.536,-0.228,0.577,0.000,0.000,-12.361,2.038,12.528,-0.078,0.296,0.306,0.650
17:47:22.382,41.039,-12.361,0.000,True,-13.070,1.194,26.512,-7.752,-0.360,0.442,0.000,0.000,-12.361,0.000,12.361,-0.223,0.137,0.261,0.593
17:47:22.402,41.059,-12.361,4.077,True,-12.498,1.745,27.067,-2.655,-0.040,0.374,0.000,0.000,-12.361,4.077,13.016,0.057,0.055,0.080,0.488
17:47:22.422,41.080,-12.361,4.077,True,-12.051,2.246,26.563,0.869,0.102,0.344,0.000,0.000,-12.361,4.077,13.016,0.263,0.033,0.265,0.784
17:47:22.443,41.100,-12.361,2.038,True,-11.715,2.211,25.345,-0.014,0.010,0.432,0.000,0.000,-12.361,2.038,12.528,0.220,0.053,0.227,0.800
17:47:22.464,41.121,-12.361,2.038,True,-11.476,2.171,23.693,-0.730,-0.088,0.432,0.000,0.000,-12.361,2.038,12.528,0.185,0.102,0.211,0.699
17:47:22.484,41.142,-12.361,2.038,True,-11.318,2.129,21.827,-1.290,-0.029,0.458,0.000,0.000,-12.361,2.038,12.528,0.156,0.168,0.229,0.799
17:47:22.505,41.162,-10.595,2.038,True,-10.815,2.088,22.610,-1.709,-0.070,0.366,0.000,0.000,-10.595,2.038,10.789,0.133,0.083,0.157,0.792
17:47:22.525,41.182,-10.595,2.038,True,-10.416,2.050,22.426,-2.006,-0.109,0.355,0.000,0.000,-10.595,2.038,10.789,0.116,0.052,0.127,0.764
17:47:22.546,41.203,-8.829,0.000,True,-9.703,1.543,24.272,-5.315,-0.319,0.130,0.000,0.000,-8.829,0.000,8.829,-0.080,-0.101,0.129,0.669
17:47:22.568,41.225,-8.829,2.038,True,-9.128,1.577,24.658,-4.232,-0.231,0.045,0.000,0.000,-8.829,2.038,9.061,-0.029,-0.176,0.178,0.391
17:47:22.589,41.246,-8.829,0.000,True,-8.680,1.145,24.000,-6.450,-0.373,0.019,0.000,0.000,-8.829,0.000,8.829,-0.170,-0.191,0.256,0.528
17:47:22.609,41.267,-8.829,2.038,True,-8.346,1.254,22.645,-4.540,-0.258,0.061,0.000,0.000,-8.829,2.038,9.061,-0.075,-0.165,0.181,0.780
17:47:22.630,41.287,-8.829,4.077,True,-8.110,1.840,20.877,0.064,-0.014,0.136,0.000,0.000,-8.829,4.077,9.725,0.187,-0.110,0.217,0.908
17:47:22.650,41.308,-8.829,4.077,True,-7.957,2.361,18.915,3.095,0.198,0.163,0.000,0.000,-8.829,4.077,9.725,0.373,-0.039,0.375,0.763
17:47:22.670,41.328,-8.829,2.038,True,-7.869,2.333,16.925,1.742,0.151,0.263,0.000,0.000,-8.829,2.038,9.061,0.310,0.040,0.313,0.688
17:47:22.691,41.348,-8.829,2.038,True,-7.832,2.292,15.024,0.601,0.085,0.367,0.000,0.000,-8.829,2.038,9.061,0.256,0.120,0.283,0.761
17:47:22.711,41.369,-8.829,4.077,True,-7.833,2.716,13.289,2.784,0.208,0.400,0.000,0.000,-8.829,4.077,9.725,0.394,0.197,0.441,0.742
17:47:22.732,41.389,-8.829,4.077,True,-7.861,3.075,11.767,3.968,0.315,0.443,0.000,0.000,-8.829,4.077,9.725,0.483,0.267,0.551,0.749
17:47:22.752,41.410,-8.829,4.077,True,-7.905,3.368,10.476,4.386,0.359,0.516,0.000,0.000,-8.829,4.077,9.725,0.530,0.328,0.624,0.681
17:47:22.772,41.430,-8.829,2.038,True,-7.959,3.127,9.419,1.131,0.192,0.634,0.000,0.000,-8.829,2.038,9.061,0.363,0.380,0.525,0.510
17:47:22.793,41.450,-8.829,4.077,True,-8.016,3.365,8.583,1.802,0.021,0.748,0.000,0.000,-8.829,4.077,9.725,0.416,0.423,0.593,0.835
17:47:22.813,41.471,-8.829,4.077,True,-8.073,3.558,7.948,1.980,-0.000,0.586,0.000,0.000,-8.829,4.077,9.725,0.443,0.457,0.636,0.739
17:47:22.834,41.492,-8.829,4.077,True,-8.127,3.709,7.489,1.801,0.036,0.602,0.000,0.000,-8.829,4.077,9.725,0.450,0.482,0.660,0.888
17:47:22.854,41.512,-8.829,4.077,True,-8.175,3.822,7.179,1.383,0.078,0.540,0.000,0.000,-8.829,4.077,9.725,0.443,0.501,0.669,0.761
17:47:22.874,41.532,-8.829,4.077,True,-8.217,3.903,6.990,0.819,0.063,0.425,0.000,0.000,-8.829,4.077,9.725,0.426,0.513,0.667,0.668
17:47:22.895,41.552,-8.829,4.077,True,-8.252,3.956,6.895,0.184,-0.017,0.527,0.000,0.000,-8.829,4.077,9.725,0.404,0.521,0.659,0.869
17:47:22.914,41.572,-8.829,4.077,True,-8.280,3.987,6.873,-0.465,0.213,0.430,0.000,0.000,-8.829,4.077,9.725,0.378,0.525,0.647,0.422
17:47:22.935,41.592,-8.829,4.077,True,-8.302,4.000,6.903,-1.090,0.199,-0.015,0.000,0.000,-8.829,4.077,9.725,0.352,0.526,0.632,0.701
17:47:22.956,41.613,-8.829,6.115,True,-8.319,4.475,6.967,1.450,0.131,0.111,0.000,0.000,-8.829,6.115,10.740,0.512,0.524,0.733,0.710
17:47:22.975,41.633,-8.829,4.077,True,-8.330,4.405,7.051,-0.253,0.008,-0.003,0.000,0.000,-8.829,4.077,9.725,0.429,0.522,0.676,0.396
17:47:22.996,41.654,-8.829,4.077,True,-8.338,4.325,7.146,-1.628,-0.020,0.096,0.000,0.000,-8.829,4.077,9.725,0.361,0.518,0.631,0.710
17:47:23.016,41.674,-8.829,4.077,True,-8.342,4.242,7.243,-2.698,-0.018,0.063,0.000,0.000,-8.829,4.077,9.725,0.305,0.515,0.598,0.377
17:47:23.037,41.694,-8.829,4.077,True,-8.344,4.162,7.335,-3.495,-0.122,0.115,0.000,0.000,-8.829,4.077,9.725,0.262,0.511,0.574,0.829
17:47:23.057,41.715,-8.829,4.077,True,-8.344,4.089,7.420,-4.057,-0.188,0.094,0.000,0.000,-8.829,4.077,9.725,0.230,0.507,0.557,0.867
17:47:23.078,41.735,-8.829,4.077,True,-8.343,4.024,7.494,-4.423,-0.181,0.056,0.000,0.000,-8.829,4.077,9.725,0.207,0.504,0.544,0.780
17:47:23.098,41.755,-8.829,4.077,True,-8.341,3.968,7.557,-4.633,-0.212,0.036,0.000,0.000,-8.829,4.077,9.725,0.192,0.501,0.536,0.460
17:47:23.119,41.776,-8.829,4.077,True,-8.338,3.922,7.609,-4.720,-0.214,0.037,0.000,0.000,-8.829,4.077,9.725,0.184,0.498,0.531,0.751
17:47:23.139,41.796,-8.829,2.038,True,-8.335,3.412,7.650,-7.831,-0.401,0.066,0.000,0.000,-8.829,2.038,9.061,-0.004,0.496,0.496,0.657
17:47:23.159,41.817,-8.829,4.077,True,-8.333,3.446,7.681,-6.568,-0.323,0.081,0.000,0.000,-8.829,4.077,9.725,0.055,0.494,0.497,0.672
17:47:23.179,41.837,-8.829,4.077,True,-8.330,3.492,7.704,-5.517,-0.255,0.093,0.000,0.000,-8.829,4.077,9.725,0.106,0.493,0.504,0.524
17:47:23.200,41.858,-8.829,2.038,True,-8.328,3.070,7.720,-7.785,-0.370,0.126,0.000,0.000,-8.829,2.038,9.061,-0.037,0.492,0.493,0.845
17:47:23.220,41.878,-8.829,4.077,True,-8.326,3.184,7.729,-5.934,-0.294,0.144,0.000,0.000,-8.829,4.077,9.725,0.057,0.491,0.495,0.458
17:47:23.241,41.898,-8.829,4.077,True,-8.324,3.300,7.734,-4.505,-0.218,0.149,0.000,0.000,-8.829,4.077,9.725,0.131,0.491,0.508,0.876
17:47:23.261,41.918,-8.829,2.038,True,-8.323,2.938,7.735,-6.564,-0.326,0.143,0.000,0.000,-8.829,2.038,9.061,0.004,0.491,0.491,0.734
17:47:23.281,41.939,-8.829,2.038,True,-8.322,2.628,7.734,-7.746,-0.398,0.147,0.000,0.000,-8.829,2.038,9.061,-0.079,0.491,0.497,0.800
17:47:23.302,41.959,-8.829,2.038,True,-8.321,2.372,7.731,-8.248,-0.431,0.168,0.000,0.000,-8.829,2.038,9.061,-0.127,0.491,0.507,0.798
17:47:23.323,41.980,-8.829,0.000,True,-8.320,1.695,7.727,-11.358,-0.589,0.171,0.000,0.000,-8.829,0.000,8.829,-0.332,0.491,0.593,0.781
17:47:23.343,42.000,-8.829,2.038,True,-8.320,1.600,7.722,-9.804,-0.657,0.126,0.000,0.000,-8.829,2.038,9.061,-0.273,0.491,0.562,0.763
17:47:23.363,42.021,-8.829,2.038,True,-8.320,1.551,7.717,-8.275,-0.603,0.091,0.000,0.000,-8.829,2.038,9.061,-0.210,0.491,0.534,0.662
17:47:23.384,42.041,-8.829,2.038,True,-8.319,1.537,7.713,-6.847,-0.849,0.174,0.000,0.000,-8.829,2.038,9.061,-0.148,0.491,0.513,0.799
17:47:23.404,42.062,-12.361,2.038,True,-9.140,1.549,2.316,-5.567,-0.720,0.565,0.000,0.000,-12.361,2.038,12.528,-0.091,0.812,0.817,0.622
17:47:23.425,42.083,-12.361,4.077,True,-9.853,2.051,-1.006,-1.350,-0.499,0.746,0.000,0.000,-12.361,4.077,13.016,0.145,1.030,1.040,0.832
17:47:23.446,42.103,-12.361,2.038,True,-10.451,2.027,-2.690,-1.626,-0.510,0.678,0.000,0.000,-12.361,2.038,12.528,0.131,1.164,1.171,0.815
17:47:23.466,42.124,-12.361,2.038,True,-10.936,2.005,-3.134,-1.828,-0.359,0.506,0.000,0.000,-12.361,2.038,12.528,0.120,1.232,1.238,0.896
17:47:23.486,42.144,-12.361,4.077,True,-11.315,2.458,-2.683,1.146,-0.111,0.698,0.000,0.000,-12.361,4.077,13.016,0.296,1.250,1.285,0.781
17:47:23.507,42.165,-12.361,4.077,True,-11.599,2.852,-1.630,2.974,-0.003,1.040,0.000,0.000,-12.361,4.077,13.016,0.416,1.232,1.300,1.507
17:47:23.529,42.186,-12.361,4.077,True,-11.801,3.182,-0.212,3.899,0.051,1.064,0.000,0.000,-12.361,4.077,13.016,0.490,1.189,1.287,0.454
17:47:23.549,42.206,-12.361,6.115,True,-11.934,3.923,1.383,7.252,0.254,1.028,0.000,0.000,-12.361,6.115,13.791,0.712,1.132,1.338,0.397
17:47:23.570,42.228,-12.361,6.115,True,-12.012,4.544,3.017,8.914,0.438,1.004,0.000,0.000,-12.361,6.115,13.791,0.848,1.068,1.364,0.826
17:47:23.591,42.248,-12.361,4.077,True,-12.047,4.572,4.587,6.187,0.370,0.943,0.000,0.000,-12.361,4.077,13.016,0.730,1.002,1.240,0.765
17:47:23.611,42.268,-12.361,4.077,True,-12.049,4.552,6.026,3.740,0.263,0.879,0.000,0.000,-12.361,4.077,13.016,0.620,0.939,1.125,0.440
17:47:23.632,42.289,-12.361,8.154,True,-12.029,5.446,7.296,7.852,0.515,0.850,0.000,0.000,-12.361,8.154,14.808,0.891,0.881,1.253,0.727
17:47:23.652,42.309,-12.361,10.192,True,-11.994,6.670,8.377,13.029,0.934,0.753,0.000,0.000,-12.361,10.192,16.021,1.242,0.830,1.494,0.384
17:47:23.673,42.330,-12.361,6.115,True,-11.951,6.741,9.266,9.233,0.774,0.728,0.000,0.000,-12.361,6.115,13.791,1.082,0.786,1.337,0.819
17:47:23.693,42.351,-12.361,8.154,True,-11.904,7.211,9.972,8.886,0.809,0.678,0.000,0.000,-12.361,8.154,14.808,1.113,0.750,1.343,0.830
17:47:23.713,42.371,-12.361,8.154,True,-11.857,7.566,10.511,7.767,0.781,0.637,0.000,0.000,-12.361,8.154,14.808,1.099,0.722,1.315,0.386
17:47:23.734,42.392,-12.361,8.154,True,-11.813,7.822,10.903,6.168,0.736,0.627,0.000,0.000,-12.361,8.154,14.808,1.054,0.700,1.266,0.795
17:47:23.754,42.412,-12.361,8.154,True,-11.772,7.994,11.171,4.320,0.704,0.624,0.000,0.000,-12.361,8.154,14.808,0.990,0.684,1.203,0.591
17:47:23.775,42.432,-12.361,8.154,True,-11.738,8.097,11.337,2.398,0.654,0.584,0.000,0.000,-12.361,8.154,14.808,0.916,0.673,1.137,0.899
17:47:23.795,42.452,-12.361,8.154,True,-11.708,8.147,11.423,0.530,0.593,0.596,0.000,0.000,-12.361,8.154,14.808,0.838,0.667,1.071,0.415
17:47:23.816,42.473,-12.361,10.192,True,-11.685,8.631,11.447,1.915,0.682,0.576,0.000,0.000,-12.361,10.192,16.021,0.948,0.663,1.157,0.798
17:47:23.836,42.493,-12.361,8.154,True,-11.666,8.549,11.427,-0.819,0.584,0.549,0.000,0.000,-12.361,8.154,14.808,0.819,0.662,1.053,0.801
17:47:23.858,42.516,-12.361,8.154,True,-11.652,8.445,11.378,-3.080,0.504,0.586,0.000,0.000,-12.361,8.154,14.808,0.709,0.663,0.970,0.486
17:47:23.879,42.537,-12.361,6.115,True,-11.642,7.856,11.310,-7.999,0.219,0.618,0.000,0.000,-12.361,6.115,13.791,0.433,0.665,0.793,0.652
17:47:23.899,42.557,-10.595,8.154,True,-11.225,7.803,13.930,-8.189,0.219,0.487,0.000,0.000,-10.595,8.154,13.369,0.419,0.508,0.658,0.453
17:47:23.920,42.578,-10.595,8.154,True,-10.865,7.759,15.509,-8.263,0.317,0.443,0.000,0.000,-10.595,8.154,13.369,0.411,0.402,0.575,0.809
17:47:23.941,42.599,-10.595,6.115,True,-10.564,7.250,16.273,-11.365,0.101,0.469,0.000,0.000,-10.595,6.115,12.233,0.223,0.338,0.405,0.821
17:47:23.962,42.619,-8.829,6.115,True,-9.911,6.812,19.120,-13.209,-0.001,0.386,0.000,0.000,-8.829,6.115,10.740,0.098,0.147,0.177,0.843
17:47:23.982,42.640,-14.127,2.038,True,-10.597,5.500,12.401,-20.297,-0.417,0.676,0.000,0.000,-14.127,2.038,14.273,-0.346,0.512,0.618,0.683
17:47:24.003,42.660,-8.829,8.154,True,-9.996,5.805,15.774,-14.914,-0.088,0.492,0.000,0.000,-8.829,8.154,12.018,-0.078,0.303,0.313,0.689
17:47:24.023,42.680,-8.829,8.154,True,-9.483,6.122,17.698,-10.711,-0.021,0.412,0.000,0.000,-8.829,8.154,12.018,0.139,0.167,0.218,0.837
17:47:24.043,42.701,-8.829,8.154,True,-9.059,6.429,18.498,-7.567,0.301,0.416,0.000,0.000,-8.829,8.154,12.018,0.309,0.089,0.322,0.795
17:47:24.063,42.721,-8.829,8.154,True,-8.722,6.714,18.468,-5.337,0.794,0.376,0.000,0.000,-8.829,8.154,12.018,0.436,0.057,0.440,0.831
17:47:24.084,42.741,-8.829,6.115,True,-8.463,6.493,17.857,-6.983,0.717,0.519,0.000,0.000,-8.829,6.115,10.740,0.341,0.058,0.346,0.546
17:47:24.104,42.761,-8.829,8.154,True,-8.274,6.772,16.872,-4.934,0.624,0.617,0.000,0.000,-8.829,8.154,12.018,0.459,0.083,0.467,0.570
17:47:24.124,42.782,-8.829,6.115,True,-8.144,6.543,15.678,-6.729,0.384,0.811,0.000,0.000,-8.829,6.115,10.740,0.357,0.122,0.378,0.793
17:47:24.144,42.802,-8.829,6.115,True,-8.062,6.341,14.404,-7.911,0.300,0.847,0.000,0.000,-8.829,6.115,10.740,0.285,0.170,0.332,0.723
17:47:24.165,42.822,-8.829,6.115,True,-8.019,6.167,13.144,-8.599,0.132,1.045,0.000,0.000,-8.829,6.115,10.740,0.237,0.222,0.325,0.464
17:47:24.185,42.843,-8.829,8.154,True,-8.006,6.496,11.961,-5.789,0.279,1.097,0.000,0.000,-8.829,8.154,12.018,0.394,0.273,0.479,0.448
17:47:24.206,42.863,-8.829,6.115,True,-8.013,6.319,10.898,-7.004,0.231,0.978,0.000,0.000,-8.829,6.115,10.740,0.323,0.320,0.455,0.727
17:47:24.226,42.883,-8.829,6.115,True,-8.036,6.164,9.978,-7.764,0.104,1.061,0.000,0.000,-8.829,6.115,10.740,0.274,0.363,0.455,0.469
17:47:24.246,42.904,-7.063,6.115,True,-7.656,6.034,11.904,-8.164,0.119,0.912,0.000,0.000,-7.063,6.115,9.343,0.243,0.240,0.342,0.809
17:47:24.267,42.925,-8.829,4.077,True,-7.746,5.454,10.243,-11.402,-0.043,1.019,0.000,0.000,-8.829,4.077,9.725,0.042,0.322,0.325,0.807
17:47:24.287,42.945,-8.829,4.077,True,-7.840,4.959,8.939,-13.243,-0.193,1.097,0.000,0.000,-8.829,4.077,9.725,-0.089,0.389,0.399,0.466
17:47:24.308,42.965,-8.829,4.077,True,-7.933,4.551,7.956,-14.003,-0.256,1.111,0.000,0.000,-8.829,4.077,9.725,-0.163,0.442,0.471,0.580
17:47:24.328,42.985,-5.297,4.077,True,-7.198,4.226,12.646,-13.964,-0.273,0.803,0.000,0.000,-5.297,4.077,6.685,-0.194,0.162,0.252,0.398
17:47:24.348,43.006,-5.297,4.077,True,-6.563,3.977,15.495,-13.366,-0.228,0.589,0.000,0.000,-5.297,4.077,6.685,-0.192,-0.028,0.194,0.733
17:47:24.369,43.026,-5.297,4.077,True,-6.031,3.795,16.897,-12.409,-0.230,0.468,0.000,0.000,-5.297,4.077,6.685,-0.168,-0.143,0.221,0.784
17:47:24.390,43.047,-5.297,4.077,True,-5.601,3.670,17.208,-11.254,-0.039,0.343,0.000,0.000,-5.297,4.077,6.685,-0.130,-0.199,0.238,0.984
17:47:24.410,43.067,-5.297,4.077,True,-5.266,3.592,16.736,-10.022,-0.016,0.169,0.000,0.000,-5.297,4.077,6.685,-0.083,-0.212,0.228,0.766
17:47:24.430,43.087,-5.297,2.038,True,-5.017,3.077,15.742,-11.916,-0.158,-0.010,0.000,0.000,-5.297,2.038,5.676,-0.218,-0.193,0.291,0.441
17:47:24.450,43.108,-5.297,2.038,True,-4.840,2.653,14.435,-12.690,-0.125,-0.063,0.000,0.000,-5.297,2.038,5.676,-0.295,-0.153,0.332,0.779
17:47:24.470,43.128,-5.297,0.000,True,-4.725,1.842,12.981,-15.747,-0.391,0.035,0.000,0.000,-5.297,0.000,5.297,-0.511,-0.100,0.521,0.710
17:47:24.491,43.148,-5.297,0.000,True,-4.659,1.172,11.503,-17.029,-0.542,0.062,0.000,0.000,-5.297,0.000,5.297,-0.634,-0.042,0.636,0.570
17:47:24.511,43.168,-5.297,0.000,True,-4.630,0.638,10.090,-16.995,-0.684,0.104,0.000,0.000,-5.297,0.000,5.297,-0.686,0.018,0.687,0.507
17:47:24.531,43.189,-5.297,0.000,True,-4.630,0.229,8.800,-16.041,-0.671,0.003,0.000,0.000,-5.297,0.000,5.297,-0.685,0.075,0.689,0.742
17:47:24.552,43.209,-5.297,-2.038,True,-4.650,-0.544,7.665,-17.606,-0.801,0.137,0.000,0.000,-5.297,-2.038,5.676,-0.832,0.127,0.841,0.766
17:47:24.572,43.230,-5.297,0.000,True,-4.683,-0.688,6.703,-14.529,-0.512,-0.204,0.000,0.000,-5.297,0.000,5.297,-0.710,0.172,0.731,0.853
17:47:24.593,43.250,-5.297,-2.038,True,-4.723,-1.225,5.914,-14.688,-0.581,-0.156,0.000,0.000,-5.297,-2.038,5.676,-0.771,0.211,0.799,0.758
17:47:24.615,43.272,-5.297,0.000,True,-4.766,-1.166,5.290,-10.786,-0.349,-0.111,0.000,0.000,-5.297,0.000,5.297,-0.593,0.243,0.641,0.762
17:47:24.635,43.293,-5.297,-2.038,True,-4.808,-1.534,4.815,-10.571,-0.559,-0.093,0.000,0.000,-5.297,-2.038,5.676,-0.620,0.268,0.676,0.766
17:47:24.656,43.313,-5.297,0.000,True,-4.848,-1.340,4.472,-6.632,-0.239,0.178,0.000,0.000,-5.297,0.000,5.297,-0.427,0.287,0.514,0.706
17:47:24.676,43.333,-5.297,-2.038,True,-4.884,-1.604,4.239,-6.619,-0.236,0.294,0.000,0.000,-5.297,-2.038,5.676,-0.453,0.301,0.544,0.563
17:47:24.696,43.354,-5.297,-2.038,True,-4.915,-1.807,4.096,-6.150,-0.220,0.217,0.000,0.000,-5.297,-2.038,5.676,-0.452,0.311,0.549,0.456
17:47:24.719,43.376,-3.532,-2.038,True,-4.530,-1.955,6.721,-5.388,-0.270,0.077,0.000,0.000,-3.532,-2.038,4.078,-0.433,0.156,0.461,0.782
17:47:24.739,43.396,-5.297,-2.038,True,-4.605,-2.057,5.666,-4.460,-0.306,0.215,0.000,0.000,-5.297,-2.038,5.676,-0.403,0.210,0.454,0.560
17:47:24.760,43.417,-3.532,-2.038,True,-4.269,-2.121,7.565,-3.469,-0.289,0.152,0.000,0.000,-3.532,-2.038,4.078,-0.365,0.093,0.377,0.977
17:47:24.780,43.437,-5.297,-2.038,True,-4.392,-2.155,5.954,-2.486,-0.200,0.209,0.000,0.000,-5.297,-2.038,5.676,-0.325,0.176,0.370,0.799
17:47:24.800,43.457,-5.297,-2.038,True,-4.511,-2.166,4.752,-1.563,-0.201,0.291,0.000,0.000,-5.297,-2.038,5.676,-0.286,0.241,0.374,0.755
17:47:24.820,43.478,-5.297,0.000,True,-4.621,-1.687,3.901,2.379,-0.010,0.369,0.000,0.000,-5.297,0.000,5.297,-0.064,0.290,0.297,0.753
17:47:24.840,43.498,-5.297,-2.038,True,-4.718,-1.732,3.344,1.901,-0.036,0.417,0.000,0.000,-5.297,-2.038,5.676,-0.089,0.324,0.336,0.724
17:47:24.861,43.518,-5.297,-2.038,True,-4.801,-1.774,3.023,1.558,-0.057,0.453,0.000,0.000,-5.297,-2.038,5.676,-0.109,0.347,0.363,0.765
17:47:24.881,43.539,-5.297,-4.077,True,-4.870,-2.285,2.885,-1.783,-0.240,0.461,0.000,0.000,-5.297,-4.077,6.685,-0.307,0.360,0.473,0.769
17:47:24.902,43.559,-5.297,-2.038,True,-4.925,-2.255,2.883,-0.720,-0.200,0.460,0.000,0.000,-5.297,-2.038,5.676,-0.257,0.365,0.447,0.795
17:47:24.922,43.580,-5.297,-2.038,True,-4.967,-2.216,2.977,0.161,-0.145,0.488,0.000,0.000,-5.297,-2.038,5.676,-0.214,0.365,0.424,0.719
17:47:24.942,43.600,-5.297,-2.038,True,-4.998,-2.172,3.132,0.868,-0.104,0.476,0.000,0.000,-5.297,-2.038,5.676,-0.179,0.362,0.403,0.458
17:47:24.963,43.620,-5.297,-2.038,True,-5.020,-2.128,3.323,1.414,-0.126,0.485,0.000,0.000,-5.297,-2.038,5.676,-0.150,0.355,0.386,0.646
17:47:24.983,43.640,-5.297,-2.038,True,-5.033,-2.085,3.527,1.816,-0.113,0.497,0.000,0.000,-5.297,-2.038,5.676,-0.128,0.348,0.371,0.820
17:47:25.004,43.661,-5.297,-2.038,True,-5.040,-2.047,3.730,2.096,-0.061,0.486,0.000,0.000,-5.297,-2.038,5.676,-0.112,0.339,0.357,0.500
17:47:25.024,43.682,-5.297,-2.038,True,-5.043,-2.013,3.921,2.275,-0.058,0.467,0.000,0.000,-5.297,-2.038,5.676,-0.101,0.331,0.346,0.787
17:47:25.044,43.701,-5.297,-4.077,True,-5.042,-2.457,4.093,-0.740,-0.237,0.463,0.000,0.000,-5.297,-4.077,6.685,-0.278,0.324,0.427,0.382
17:47:25.065,43.722,-5.297,-4.077,True,-5.038,-2.845,4.242,-2.619,-0.362,0.426,0.000,0.000,-5.297,-4.077,6.685,-0.400,0.317,0.510,0.520
17:47:25.085,43.742,-5.297,-2.038,True,-5.033,-2.698,4.368,-0.486,-0.231,0.422,0.000,0.000,-5.297,-2.038,5.676,-0.291,0.311,0.426,0.773
17:47:25.106,43.763,-7.063,-2.038,True,-5.438,-2.552,1.772,1.134,-0.134,0.568,0.000,0.000,-7.063,-2.038,7.352,-0.205,0.466,0.509,0.820
17:47:25.126,43.783,-7.063,-4.077,True,-5.788,-2.889,0.193,-0.808,-0.261,0.580,0.000,0.000,-7.063,-4.077,8.155,-0.325,0.570,0.656,0.809
17:47:25.147,43.804,-8.829,-2.038,True,-6.492,-2.704,-3.285,1.183,0.106,0.670,0.000,0.000,-8.829,-2.038,9.061,-0.218,0.794,0.824,0.424
17:47:25.167,43.825,-8.829,-2.038,True,-7.085,-2.531,-5.122,2.611,0.320,0.669,0.000,0.000,-8.829,-2.038,9.061,-0.138,0.935,0.945,0.706
17:47:25.188,43.845,-8.829,-2.038,True,-7.569,-2.376,-5.709,3.566,0.385,0.680,0.000,0.000,-8.829,-2.038,9.061,-0.080,1.009,1.012,0.822
17:47:25.208,43.865,-8.829,-2.038,True,-7.949,-2.243,-5.386,4.138,0.341,0.625,0.000,0.000,-8.829,-2.038,9.061,-0.042,1.033,1.034,0.812
17:47:25.228,43.885,-8.829,-2.038,True,-8.237,-2.132,-4.443,4.410,0.353,0.498,0.000,0.000,-8.829,-2.038,9.061,-0.019,1.020,1.020,0.792
17:47:25.248,43.906,-8.829,-2.038,True,-8.442,-2.043,-3.117,4.457,0.196,0.542,0.000,0.000,-8.829,-2.038,9.061,-0.008,0.982,0.982,0.763
17:47:25.268,43.926,-8.829,-2.038,True,-8.580,-1.973,-1.595,4.342,0.132,0.469,0.000,0.000,-8.829,-2.038,9.061,-0.006,0.928,0.928,0.469
17:47:25.289,43.947,-8.829,-2.038,True,-8.662,-1.922,-0.019,4.122,0.040,0.480,0.000,0.000,-8.829,-2.038,9.061,-0.010,0.867,0.867,0.720
17:47:25.309,43.967,-8.829,-4.077,True,-8.701,-2.359,1.508,0.726,-0.197,0.457,0.000,0.000,-8.829,-4.077,9.725,-0.204,0.804,0.829,0.576
17:47:25.330,43.987,-8.829,-4.077,True,-8.708,-2.747,2.918,-1.501,-0.355,0.353,0.000,0.000,-8.829,-4.077,9.725,-0.341,0.742,0.817,0.807
17:47:25.350,44.007,-10.595,-2.038,True,-9.102,-2.605,1.472,0.328,-0.196,0.556,0.000,0.000,-10.595,-2.038,10.789,-0.246,0.845,0.880,0.396
17:47:25.370,44.028,-12.361,-2.038,True,-9.836,-2.469,-1.814,1.689,-0.022,0.744,0.000,0.000,-12.361,-2.038,12.528,-0.172,1.064,1.078,0.530
17:47:25.391,44.049,-12.361,-4.077,True,-10.451,-2.816,-3.428,-0.464,-0.185,0.981,0.000,0.000,-12.361,-4.077,13.016,-0.302,1.196,1.234,0.822
17:47:25.412,44.069,-12.361,-2.038,True,-10.947,-2.643,-3.783,1.359,0.003,0.947,0.000,0.000,-12.361,-2.038,12.528,-0.204,1.262,1.278,0.801
17:47:25.432,44.090,-12.361,-2.038,True,-11.333,-2.482,-3.234,2.660,0.100,0.963,0.000,0.000,-12.361,-2.038,12.528,-0.131,1.276,1.283,0.768
17:47:25.452,44.110,-12.361,-4.077,True,-11.622,-2.811,-2.082,0.411,-0.027,0.924,0.000,0.000,-12.361,-4.077,13.016,-0.263,1.254,1.281,0.634
17:47:25.473,44.130,-12.361,-4.077,True,-11.825,-3.099,-0.571,-0.994,-0.173,0.945,0.000,0.000,-12.361,-4.077,13.016,-0.354,1.208,1.258,0.715
17:47:25.493,44.150,-12.361,-2.038,True,-11.959,-2.868,1.111,1.383,-0.053,0.915,0.000,0.000,-12.361,-2.038,12.528,-0.226,1.147,1.169,0.849
17:47:25.513,44.171,-12.361,-4.077,True,-12.035,-3.128,2.819,-0.042,-0.137,0.831,0.000,0.000,-12.361,-4.077,13.016,-0.315,1.079,1.124,0.683
17:47:25.534,44.192,-12.361,-2.038,True,-12.067,-2.875,4.452,2.269,-0.004,0.762,0.000,0.000,-12.361,-2.038,12.528,-0.187,1.010,1.027,0.755
17:47:25.555,44.212,-12.361,-2.038,True,-12.067,-2.646,5.944,3.863,0.041,0.734,0.000,0.000,-12.361,-2.038,12.528,-0.094,0.944,0.949,0.600
17:47:25.575,44.232,-12.361,-2.038,True,-12.044,-2.446,7.254,4.866,0.117,0.664,0.000,0.000,-12.361,-2.038,12.528,-0.030,0.884,0.885,0.831
17:47:25.596,44.253,-12.361,-2.038,True,-12.006,-2.276,8.366,5.400,0.148,0.590,0.000,0.000,-12.361,-2.038,12.528,0.011,0.831,0.831,0.759
17:47:25.616,44.274,-12.361,-2.038,True,-11.960,-2.138,9.277,5.576,0.174,0.529,0.000,0.000,-12.361,-2.038,12.528,0.032,0.787,0.787,0.796
17:47:25.637,44.294,-12.361,-2.038,True,-11.911,-2.029,9.998,5.492,0.166,0.509,0.000,0.000,-12.361,-2.038,12.528,0.039,0.750,0.751,0.762
17:47:25.657,44.315,-12.361,-2.038,True,-11.862,-1.947,10.546,5.229,0.175,0.468,0.000,0.000,-12.361,-2.038,12.528,0.036,0.721,0.722,0.787
17:47:25.683,44.340,-12.361,-4.077,True,-11.816,-2.362,10.943,1.742,-0.004,0.512,0.000,0.000,-12.361,-4.077,13.016,-0.159,0.699,0.717,0.427
17:47:25.704,44.361,-12.361,-6.115,True,-11.774,-3.207,11.212,-3.716,-0.159,0.364,0.000,0.000,-12.361,-6.115,13.791,-0.485,0.683,0.837,0.814
17:47:25.724,44.381,-12.361,-6.115,True,-11.739,-3.940,11.376,-7.048,-0.378,0.173,0.000,0.000,-12.361,-6.115,13.791,-0.705,0.672,0.974,0.550
17:47:25.745,44.402,-12.361,-4.077,True,-11.708,-4.080,11.459,-5.594,-0.422,0.277,0.000,0.000,-12.361,-4.077,13.016,-0.655,0.665,0.933,0.754
17:47:25.765,44.422,-12.361,-6.115,True,-11.684,-4.639,11.479,-7.186,-0.566,0.295,0.000,0.000,-12.361,-6.115,13.791,-0.781,0.662,1.024,0.644
17:47:25.787,44.444,-12.361,-6.115,True,-11.665,-5.092,11.454,-7.617,-0.718,0.301,0.000,0.000,-12.361,-6.115,13.791,-0.845,0.661,1.073,0.426
17:47:25.807,44.465,-12.361,-4.077,True,-11.651,-4.973,11.400,-4.097,-0.380,0.326,0.000,0.000,-12.361,-4.077,13.016,-0.678,0.662,0.948,0.765
17:47:25.828,44.485,-12.361,-6.115,True,-11.641,-5.301,11.327,-4.323,-0.547,0.443,0.000,0.000,-12.361,-6.115,13.791,-0.721,0.664,0.980,0.738
17:47:25.848,44.505,-12.361,-6.115,True,-11.634,-5.557,11.246,-3.953,-0.709,0.363,0.000,0.000,-12.361,-6.115,13.791,-0.730,0.667,0.989,0.778
17:47:25.868,44.525,-12.361,-4.077,True,-11.630,-5.274,11.163,-0.072,-0.207,0.486,0.000,0.000,-12.361,-4.077,13.016,-0.531,0.670,0.855,0.673
17:47:25.888,44.546,-12.361,-6.115,True,-11.629,-5.470,11.084,-0.265,-0.460,0.446,0.000,0.000,-12.361,-6.115,13.791,-0.559,0.674,0.875,0.448
17:47:25.909,44.566,-15.892,-10.192,True,-12.449,-6.571,5.618,-6.320,-1.110,1.177,0.000,0.000,-15.892,-10.192,18.880,-0.936,0.997,1.368,0.862
17:47:25.929,44.586,-12.361,-6.115,True,-12.342,-6.563,7.629,-3.507,-0.848,0.908,0.000,0.000,-12.361,-6.115,13.791,-0.811,0.897,1.210,0.692
17:47:25.949,44.607,-12.361,-6.115,True,-12.229,-6.512,9.212,-1.051,-0.580,0.731,0.000,0.000,-12.361,-6.115,13.791,-0.698,0.816,1.074,1.043
17:47:25.970,44.627,-12.361,-4.077,True,-12.118,-5.963,10.407,4.134,-0.327,0.838,0.000,0.000,-12.361,-4.077,13.016,-0.414,0.752,0.859,0.973
17:47:25.990,44.648,-12.361,-6.115,True,-12.015,-5.935,11.265,4.625,-0.355,1.278,0.000,0.000,-12.361,-6.115,13.791,-0.389,0.704,0.805,0.820
17:47:26.012,44.669,-12.361,-2.038,True,-11.922,-4.959,11.840,11.234,-0.039,1.626,0.000,0.000,-12.361,-2.038,12.528,0.000,0.670,0.670,0.504
17:47:26.032,44.690,-12.361,-2.038,True,-11.842,-4.108,12.185,15.350,0.291,1.739,0.000,0.000,-12.361,-2.038,12.528,0.267,0.646,0.699,0.759
17:47:26.053,44.711,-15.892,-2.038,True,-12.596,-3.391,6.956,17.493,0.485,1.983,0.000,0.000,-15.892,-2.038,16.023,0.433,0.953,1.046,0.874
17:47:26.073,44.731,-14.127,-2.038,True,-12.845,-2.808,6.364,18.135,0.490,1.824,0.000,0.000,-14.127,-2.038,14.273,0.520,1.004,1.130,0.442
17:47:26.094,44.751,-12.361,-2.038,True,-12.635,-2.351,8.971,17.690,0.384,1.835,0.000,0.000,-12.361,-2.038,12.528,0.546,0.868,1.025,0.841
17:47:26.114,44.772,-12.361,-2.038,True,-12.433,-2.007,10.898,16.505,0.307,1.732,0.000,0.000,-12.361,-2.038,12.528,0.528,0.762,0.927,0.790
17:47:26.134,44.792,-12.361,-2.038,True,-12.249,-1.761,12.242,14.869,0.251,1.543,0.000,0.000,-12.361,-2.038,12.528,0.480,0.685,0.836,0.776
17:47:26.155,44.812,-12.361,2.038,True,-12.087,-0.650,13.104,19.230,0.532,1.381,0.000,0.000,-12.361,2.038,12.528,0.784,0.630,1.006,0.643
17:47:26.175,44.833,-12.361,0.000,True,-11.950,-0.204,13.581,18.024,0.454,1.220,0.000,0.000,-12.361,0.000,12.361,0.775,0.595,0.978,0.788
17:47:26.195,44.853,-12.361,2.038,True,-11.837,0.594,13.762,19.305,0.159,1.396,0.000,0.000,-12.361,2.038,12.528,0.912,0.576,1.078,0.773
17:47:26.217,44.875,-12.361,2.038,True,-11.747,1.226,13.725,19.049,0.007,1.519,0.000,0.000,-12.361,2.038,12.528,0.963,0.569,1.119,0.459
17:47:26.238,44.895,-12.361,2.038,True,-11.679,1.707,13.537,17.728,0.152,1.451,0.000,0.000,-12.361,2.038,12.528,0.953,0.570,1.111,0.941
17:47:26.258,44.915,-12.361,2.038,True,-11.629,2.056,13.254,15.734,0.051,1.314,0.000,0.000,-12.361,2.038,12.528,0.900,0.578,1.070,0.892
17:47:26.278,44.936,-8.829,2.038,True,-10.775,2.294,18.314,13.377,0.200,0.995,0.000,0.000,-8.829,2.038,9.061,0.820,0.269,0.863,0.492
17:47:26.299,44.956,-8.829,4.077,True,-10.042,2.913,21.279,14.007,0.436,0.536,0.000,0.000,-8.829,4.077,9.725,0.910,0.065,0.912,0.747
17:47:26.321,44.978,-8.829,4.077,True,-9.434,3.399,22.615,13.487,0.540,0.412,0.000,0.000,-8.829,4.077,9.725,0.935,-0.055,0.937,0.722
17:47:26.341,44.999,-8.829,6.115,True,-8.946,4.237,22.735,15.302,0.690,0.333,0.000,0.000,-8.829,6.115,10.740,1.099,-0.109,1.105,0.891
17:47:26.362,45.019,-7.063,6.115,True,-8.159,4.908,24.692,15.445,0.801,0.068,0.000,0.000,-7.063,6.115,9.343,1.173,-0.274,1.204,0.792
17:47:26.382,45.039,-5.297,6.115,True,-7.115,5.426,27.745,14.408,0.962,-0.205,0.000,0.000,-5.297,6.115,8.091,1.179,-0.513,1.285,0.714
17:47:26.402,45.060,-5.297,6.115,True,-6.267,5.807,28.620,12.599,1.028,-0.282,0.000,0.000,-5.297,6.115,8.091,1.137,-0.637,1.303,0.850
17:47:26.423,45.080,-5.297,8.154,True,-5.602,6.546,27.919,13.462,1.074,-0.390,0.000,0.000,-5.297,8.154,9.724,1.249,-0.672,1.418,0.444
17:47:26.443,45.101,-5.297,8.154,True,-5.103,7.126,26.151,12.941,1.108,-0.332,0.000,0.000,-5.297,8.154,9.724,1.284,-0.644,1.436,0.643
17:47:26.464,45.121,-5.297,8.154,True,-4.747,7.564,23.732,11.477,1.057,-0.277,0.000,0.000,-5.297,8.154,9.724,1.263,-0.573,1.387,0.710
17:47:26.484,45.141,-3.532,8.154,True,-4.100,7.877,23.686,9.433,1.029,-0.366,0.000,0.000,-3.532,8.154,8.886,1.204,-0.635,1.361,0.745
17:47:26.505,45.162,-1.766,8.154,True,-3.194,8.086,25.221,7.094,0.975,-0.505,0.000,0.000,-1.766,8.154,8.343,1.122,-0.794,1.374,0.790
17:47:26.525,45.182,-1.766,10.192,True,-2.475,8.684,25.001,7.789,1.139,-0.553,0.000,0.000,-1.766,10.192,10.344,1.212,-0.856,1.484,0.733
17:47:26.545,45.202,-1.766,10.192,True,-1.926,9.154,23.562,7.363,1.179,-0.548,0.000,0.000,-1.766,10.192,10.344,1.240,-0.847,1.502,0.367
17:47:26.566,45.223,-1.766,10.192,True,-1.527,9.508,21.346,6.175,1.202,-0.809,0.000,0.000,-1.766,10.192,10.344,1.223,-0.789,1.456,0.762
17:47:26.586,45.243,-1.766,10.192,True,-1.255,9.762,18.708,4.517,1.274,-0.681,0.000,0.000,-1.766,10.192,10.344,1.176,-0.700,1.368,0.610
17:47:26.606,45.264,-1.766,10.192,True,-1.086,9.931,15.918,2.621,1.169,-0.423,0.000,0.000,-1.766,10.192,10.344,1.109,-0.594,1.258,0.719
17:47:26.627,45.284,0.000,10.192,True,-0.590,10.032,15.870,0.661,1.217,-0.505,0.000,0.000,0.000,10.192,10.192,1.032,-0.642,1.215,0.681
17:47:26.647,45.305,1.766,10.192,True,0.201,10.080,17.665,-1.236,1.385,-0.595,0.000,0.000,1.766,10.192,10.344,0.953,-0.800,1.244,0.678
17:47:26.667,45.325,1.766,10.192,True,0.836,10.087,17.871,-2.985,1.318,-0.571,0.000,0.000,1.766,10.192,10.344,0.877,-0.872,1.237,0.504
17:47:26.688,45.345,1.766,10.192,True,1.326,10.065,16.953,-4.535,0.977,-0.546,0.000,0.000,1.766,10.192,10.344,0.806,-0.881,1.194,0.485
17:47:26.708,45.366,1.766,10.192,True,1.689,10.025,15.296,-5.859,1.287,-0.550,0.000,0.000,1.766,10.192,10.344,0.744,-0.844,1.125,0.816
17:47:26.729,45.387,1.766,10.192,True,1.942,9.974,13.213,-6.954,1.297,-0.543,0.000,0.000,1.766,10.192,10.344,0.690,-0.777,1.040,0.788
17:47:26.755,45.412,1.766,14.269,True,2.104,10.865,10.944,-1.601,1.486,-0.723,0.000,0.000,1.766,14.269,14.378,1.016,-0.693,1.230,0.441
17:47:26.775,45.432,1.766,12.231,True,2.193,11.158,8.669,-1.554,1.537,-0.658,0.000,0.000,1.766,12.231,12.358,1.047,-0.602,1.208,0.741
17:47:26.795,45.453,1.766,8.154,True,2.227,10.436,6.515,-8.246,1.207,-0.507,0.000,0.000,1.766,8.154,8.343,0.680,-0.510,0.850,0.800
17:47:26.815,45.473,1.766,12.231,True,2.220,10.726,4.563,-6.650,1.280,-0.294,0.000,0.000,1.766,12.231,12.358,0.779,-0.423,0.887,0.791
17:47:26.836,45.494,1.766,8.154,True,2.184,10.027,2.861,-11.976,0.833,-0.339,0.000,0.000,1.766,8.154,8.343,0.474,-0.345,0.586,1.267
17:47:26.857,45.514,3.532,12.231,True,2.541,10.355,4.122,-9.218,0.769,-0.217,0.000,0.000,3.532,12.231,12.730,0.629,-0.436,0.765,0.389
17:47:26.877,45.535,3.532,6.115,True,2.835,9.228,4.613,-16.703,0.247,-0.359,0.000,0.000,3.532,6.115,7.062,0.186,-0.487,0.521,0.377
17:47:26.898,45.556,1.766,6.115,True,2.657,8.249,1.839,-21.328,0.102,-0.250,0.000,0.000,1.766,6.115,6.365,-0.117,-0.347,0.366,0.745
17:47:26.919,45.576,1.766,12.231,True,2.478,8.846,-0.291,-14.356,0.471,-0.093,0.000,0.000,1.766,12.231,12.358,0.251,-0.235,0.344,0.871
17:47:26.939,45.596,1.766,10.192,True,2.308,8.939,-1.853,-12.378,0.778,-0.272,0.000,0.000,1.766,10.192,10.344,0.348,-0.149,0.378,0.772
17:47:26.959,45.616,1.766,6.115,True,2.154,8.093,-2.931,-17.025,0.456,-0.099,0.000,0.000,1.766,6.115,6.365,0.058,-0.086,0.104,0.407
17:47:26.979,45.637,1.766,10.192,True,2.019,8.319,-3.611,-13.418,0.770,0.060,0.000,0.000,1.766,10.192,10.344,0.240,-0.042,0.243,0.763
17:47:27.000,45.657,1.766,8.154,True,1.905,8.075,-3.974,-13.753,0.825,-0.030,0.000,0.000,1.766,8.154,8.343,0.200,-0.015,0.201,0.781
17:47:27.020,45.678,1.766,4.077,True,1.811,6.935,-4.096,-19.850,0.536,0.169,0.000,0.000,1.766,4.077,4.443,-0.183,-0.000,0.183,0.654
17:47:27.041,45.698,1.766,4.077,True,1.738,5.966,-4.041,-23.232,0.226,0.062,0.000,0.000,1.766,4.077,4.443,-0.429,0.005,0.429,0.520
17:47:27.061,45.719,1.766,2.038,True,1.682,4.697,-3.865,-27.640,-0.163,0.201,0.000,0.000,1.766,2.038,2.697,-0.750,0.002,0.750,0.763
17:47:27.081,45.739,1.766,0.000,True,1.642,3.181,-3.615,-32.427,-0.600,0.130,0.000,0.000,1.766,0.000,1.766,-1.113,-0.005,1.113,0.695
17:47:27.102,45.759,1.766,4.077,True,1.616,2.892,-3.325,-27.782,-0.462,0.105,0.000,0.000,1.766,4.077,4.443,-0.937,-0.015,0.937,0.775
17:47:27.122,45.779,1.766,2.038,True,1.599,2.267,-3.025,-26.310,-0.400,-0.104,0.000,0.000,1.766,2.038,2.697,-0.935,-0.026,0.935,0.547
17:47:27.143,45.801,1.766,0.000,True,1.592,1.336,-2.732,-27.048,-0.767,-0.057,0.000,0.000,1.766,0.000,1.766,-1.060,-0.039,1.061,0.804
17:47:27.163,45.821,1.766,2.038,True,1.590,1.084,-2.462,-22.971,-0.839,0.184,0.000,0.000,1.766,2.038,2.697,-0.906,-0.050,0.907,0.807
17:47:27.183,45.841,1.766,0.000,True,1.593,0.480,-2.222,-22.065,-0.987,-0.136,0.000,0.000,1.766,0.000,1.766,-0.926,-0.061,0.928,0.749
17:47:27.204,45.861,1.766,-2.038,True,1.599,-0.444,-2.016,-23.334,-1.394,0.234,0.000,0.000,1.766,-2.038,2.697,-1.074,-0.071,1.077,0.551
17:47:27.224,45.881,1.766,-2.038,True,1.607,-1.173,-1.846,-22.848,-1.557,0.169,0.000,0.000,1.766,-2.038,2.697,-1.126,-0.079,1.129,0.533
17:47:27.244,45.901,1.766,-2.038,True,1.615,-1.725,-1.710,-21.159,-1.348,0.091,0.000,0.000,1.766,-2.038,2.697,-1.106,-0.086,1.110,0.420
17:47:27.264,45.922,1.766,-4.077,True,1.624,-2.596,-1.605,-21.832,-1.365,0.172,0.000,0.000,1.766,-4.077,4.443,-1.223,-0.092,1.227,0.513
17:47:27.287,45.945,0.000,-4.077,True,1.222,-3.275,-4.224,-20.913,-1.350,0.636,0.000,0.000,0.000,-4.077,4.077,-1.251,0.064,1.252,0.455
17:47:27.308,45.966,0.000,-4.077,True,0.873,-3.783,-5.830,-18.929,-1.398,0.942,0.000,0.000,0.000,-4.077,4.077,-1.214,0.170,1.226,0.883
17:47:27.328,45.986,-1.766,2.038,True,0.171,-2.721,-9.333,-6.967,-0.509,1.029,0.000,0.000,-1.766,2.038,2.697,-0.580,0.395,0.701,0.387
17:47:27.349,46.006,-1.766,-2.038,True,-0.422,-2.669,-11.194,-4.522,-0.222,1.257,0.000,0.000,-1.766,-2.038,2.697,-0.467,0.536,0.711,0.751
17:47:27.369,46.026,-1.766,-4.077,True,-0.906,-3.066,-11.802,-5.575,-0.360,1.461,0.000,0.000,-1.766,-4.077,4.443,-0.553,0.612,0.824,0.783
17:47:27.391,46.048,-1.766,-4.077,True,-1.287,-3.386,-11.497,-5.813,-0.391,1.670,0.000,0.000,-1.766,-4.077,4.443,-0.595,0.636,0.871,0.454
17:47:27.411,46.069,-1.766,-2.038,True,-1.575,-3.162,-10.570,-2.354,-0.394,1.966,0.000,0.000,-1.766,-2.038,2.697,-0.420,0.624,0.752,0.661
17:47:27.432,46.089,-1.766,-2.038,True,-1.782,-2.937,-9.256,0.297,-0.260,1.820,0.000,0.000,-1.766,-2.038,2.697,-0.281,0.587,0.650,0.682
17:47:27.453,46.110,-1.766,-4.077,True,-1.920,-3.198,-7.744,-0.875,-0.356,1.798,0.000,0.000,-1.766,-4.077,4.443,-0.358,0.534,0.643,0.905
17:47:27.473,46.130,-1.766,-2.038,True,-2.003,-2.942,-6.175,1.658,-0.231,1.731,0.000,0.000,-1.766,-2.038,2.697,-0.221,0.473,0.522,0.756
17:47:27.494,46.151,-1.766,2.038,True,-2.043,-1.759,-4.652,9.667,0.233,1.583,0.000,0.000,-1.766,2.038,2.697,0.251,0.410,0.480,0.820
17:47:27.514,46.171,-1.766,0.000,True,-2.050,-1.202,-3.246,11.543,0.368,1.545,0.000,0.000,-1.766,0.000,1.766,0.389,0.348,0.522,0.445
17:47:27.534,46.192,-1.766,-2.038,True,-2.034,-1.219,-1.997,9.113,0.288,1.451,0.000,0.000,-1.766,-2.038,2.697,0.280,0.292,0.404,0.789
17:47:27.554,46.212,-1.766,2.038,True,-2.002,-0.322,-0.928,13.234,0.634,1.394,0.000,0.000,-1.766,2.038,2.697,0.552,0.241,0.602,0.509
17:47:27.575,46.233,-1.766,0.000,True,-1.961,-0.044,-0.043,12.188,0.856,1.256,0.000,0.000,-1.766,0.000,1.766,0.534,0.198,0.569,0.853
17:47:27.595,46.252,-1.766,2.038,True,-1.917,0.627,0.664,13.901,1.296,0.969,0.000,0.000,-1.766,2.038,2.697,0.676,0.162,0.695,0.464
17:47:27.617,46.275,-1.766,4.077,True,-1.871,1.642,1.207,17.356,1.559,0.847,0.000,0.000,-1.766,4.077,4.443,0.930,0.134,0.940,0.806
17:47:27.637,46.295,-1.766,2.038,True,-1.828,2.000,1.607,15.520,1.354,0.834,0.000,0.000,-1.766,2.038,2.697,0.885,0.112,0.892,0.510
17:47:27.658,46.315,-1.766,4.077,True,-1.789,2.721,1.883,16.399,1.506,0.572,0.000,0.000,-1.766,4.077,4.443,0.996,0.096,1.001,0.563
17:47:27.678,46.336,-1.766,4.077,True,-1.755,3.288,2.058,15.922,1.350,0.470,0.000,0.000,-1.766,4.077,4.443,1.032,0.085,1.035,0.832
17:47:27.698,46.356,-1.766,4.077,True,-1.726,3.716,2.152,14.522,1.235,0.514,0.000,0.000,-1.766,4.077,4.443,1.013,0.078,1.016,0.796
17:47:27.719,46.376,-1.766,8.154,True,-1.702,4.970,2.185,18.776,1.470,0.665,0.000,0.000,-1.766,8.154,8.343,1.326,0.074,1.328,0.577
17:47:27.739,46.397,0.000,2.038,True,-1.273,4.577,4.869,11.002,1.423,0.528,0.000,0.000,0.000,2.038,2.038,0.943,-0.088,0.947,0.608
17:47:27.760,46.417,1.766,10.192,True,-0.492,6.050,9.181,17.303,1.761,0.185,0.000,0.000,1.766,10.192,10.344,1.369,-0.356,1.414,0.836
17:47:27.780,46.438,1.766,2.038,True,0.173,5.384,11.618,7.835,1.417,-0.112,0.000,0.000,1.766,2.038,2.697,0.884,-0.530,1.031,0.655
17:47:27.800,46.457,1.766,4.077,True,0.722,5.201,12.606,3.783,1.277,-0.442,0.000,0.000,1.766,4.077,4.443,0.687,-0.629,0.931,0.443
17:47:27.823,46.481,1.766,4.077,True,1.158,4.998,12.524,0.540,1.397,-0.383,0.000,0.000,1.766,4.077,4.443,0.524,-0.669,0.849,0.596
17:47:27.844,46.501,1.766,4.077,True,1.491,4.792,11.696,-1.959,1.373,-0.360,0.000,0.000,1.766,4.077,4.443,0.393,-0.665,0.773,0.753
17:47:27.864,46.522,1.766,4.077,True,1.735,4.596,10.391,-3.798,1.251,-0.262,0.000,0.000,1.766,4.077,4.443,0.292,-0.632,0.696,0.808
17:47:27.884,46.542,1.766,6.115,True,1.901,4.891,8.823,-1.961,1.255,-0.237,0.000,0.000,1.766,6.115,6.365,0.402,-0.580,0.706,0.798
17:47:27.905,46.562,1.766,4.077,True,2.005,4.671,7.155,-3.971,1.132,-0.189,0.000,0.000,1.766,4.077,4.443,0.292,-0.516,0.593,0.898
17:47:27.931,46.589,1.766,8.154,True,2.060,5.420,5.510,0.869,1.367,-0.089,0.000,0.000,1.766,8.154,8.343,0.580,-0.449,0.734,0.612
17:47:27.951,46.609,3.532,2.038,True,2.486,4.647,6.667,-5.513,1.033,-0.209,0.000,0.000,3.532,2.038,4.078,0.221,-0.543,0.586,0.410
17:47:27.972,46.629,3.532,2.038,True,2.831,3.957,6.944,-9.784,0.747,-0.284,0.000,0.000,3.532,2.038,4.078,-0.036,-0.590,0.591,0.800
17:47:27.992,46.650,5.297,2.038,True,3.511,3.361,9.287,-12.340,0.515,-0.458,0.000,0.000,5.297,2.038,5.676,-0.209,-0.761,0.789,0.778
17:47:28.012,46.670,5.297,2.038,True,4.069,2.864,10.168,-13.554,0.370,-0.548,0.000,0.000,5.297,2.038,5.676,-0.312,-0.856,0.911,0.606
17:47:28.038,46.696,5.297,2.038,True,4.510,2.464,9.976,-13.760,0.308,-0.583,0.000,0.000,5.297,2.038,5.676,-0.361,-0.891,0.962,0.788
17:47:28.059,46.716,5.297,2.038,True,4.846,2.154,9.042,-13.248,0.318,-0.708,0.000,0.000,5.297,2.038,5.676,-0.369,-0.884,0.958,0.954
17:47:28.079,46.736,5.297,6.115,True,5.090,2.871,7.639,-6.035,0.605,-0.634,0.000,0.000,5.297,6.115,8.091,0.021,-0.846,0.846,0.746
17:47:28.099,46.757,5.297,2.038,True,5.255,2.585,5.984,-7.165,0.503,-0.453,0.000,0.000,5.297,2.038,5.676,-0.058,-0.790,0.792,0.794
17:47:28.119,46.777,5.297,0.000,True,5.357,1.874,4.243,-10.775,0.236,-0.342,0.000,0.000,5.297,0.000,5.297,-0.288,-0.723,0.778,0.477
17:47:28.140,46.798,5.297,0.000,True,5.408,1.273,2.537,-12.716,0.077,-0.303,0.000,0.000,5.297,0.000,5.297,-0.434,-0.653,0.784,0.482
17:47:28.160,46.818,5.297,0.000,True,5.422,0.782,0.949,-13.381,-0.101,-0.489,0.000,0.000,5.297,0.000,5.297,-0.512,-0.584,0.777,0.417
17:47:28.181,46.839,5.297,0.000,True,5.407,0.395,-0.470,-13.114,-0.238,-0.353,0.000,0.000,5.297,0.000,5.297,-0.539,-0.520,0.749,0.834
17:47:28.202,46.859,7.063,0.000,True,5.785,0.102,1.005,-12.209,-0.160,-0.398,0.000,0.000,7.063,0.000,7.063,-0.529,-0.623,0.817,0.646
17:47:28.222,46.880,5.297,-2.038,True,5.687,-0.583,-1.049,-14.019,-0.162,-0.623,0.000,0.000,5.297,-2.038,5.676,-0.677,-0.522,0.855,0.504
17:47:28.243,46.901,8.829,-2.038,True,6.401,-1.136,2.708,-14.423,-0.404,-1.046,0.000,0.000,8.829,-2.038,9.061,-0.750,-0.760,1.068,0.843
17:47:28.264,46.921,8.829,-2.038,True,7.007,-1.567,4.773,-13.819,-0.454,-1.168,0.000,0.000,8.829,-2.038,9.061,-0.767,-0.911,1.191,0.743
17:47:28.284,46.941,8.829,-2.038,True,7.503,-1.889,5.538,-12.541,-0.550,-1.196,0.000,0.000,8.829,-2.038,9.061,-0.742,-0.995,1.241,0.642
17:47:28.305,46.962,8.829,-2.038,True,7.896,-2.116,5.349,-10.861,-0.611,-1.168,0.000,0.000,8.829,-2.038,9.061,-0.691,-1.026,1.237,0.739
17:47:28.325,46.983,8.829,-2.038,True,8.195,-2.265,4.503,-8.991,-0.606,-1.221,0.000,0.000,8.829,-2.038,9.061,-0.623,-1.018,1.194,0.733
17:47:28.346,47.003,8.829,-2.038,True,8.412,-2.350,3.241,-7.090,-0.522,-1.108,0.000,0.000,8.829,-2.038,9.061,-0.548,-0.984,1.126,0.724
17:47:28.369,47.026,8.829,-2.038,True,8.558,-2.387,1.758,-5.271,-0.410,-1.061,0.000,0.000,8.829,-2.038,9.061,-0.471,-0.933,1.046,0.847
17:47:28.389,47.047,8.829,-2.038,True,8.648,-2.387,0.200,-3.610,-0.295,-0.953,0.000,0.000,8.829,-2.038,9.061,-0.398,-0.874,0.960,0.839
17:47:28.410,47.067,7.063,-2.038,True,8.283,-2.361,-4.022,-2.150,-0.233,-0.707,0.000,0.000,7.063,-2.038,7.352,-0.331,-0.651,0.730,0.794
17:47:28.430,47.087,5.297,-2.038,True,7.528,-2.319,-9.796,-0.911,-0.265,-0.551,0.000,0.000,5.297,-2.038,5.676,-0.272,-0.320,0.420,0.461
17:47:28.450,47.108,5.297,0.000,True,6.859,-1.794,-13.561,3.218,0.033,-0.371,0.000,0.000,5.297,0.000,5.297,-0.037,-0.087,0.095,0.625
17:47:28.470,47.128,5.297,0.000,True,6.288,-1.328,-15.711,5.937,0.208,-0.125,0.000,0.000,5.297,0.000,5.297,0.129,0.065,0.144,0.459
17:47:28.491,47.148,5.297,0.000,True,5.817,-0.928,-16.611,7.518,0.322,-0.082,0.000,0.000,5.297,0.000,5.297,0.239,0.152,0.283,0.514
17:47:28.511,47.168,5.297,0.000,True,5.441,-0.597,-16.586,8.215,0.358,-0.035,0.000,0.000,5.297,0.000,5.297,0.303,0.188,0.356,0.463
17:47:28.532,47.189,5.297,2.038,True,5.153,0.141,-15.912,11.367,0.528,-0.016,0.000,0.000,5.297,2.038,5.676,0.516,0.187,0.549,0.812
17:47:28.551,47.209,5.297,2.038,True,4.942,0.756,-14.821,12.858,0.651,-0.062,0.000,0.000,5.297,2.038,5.676,0.643,0.160,0.663,0.563
17:47:28.573,47.230,5.297,2.038,True,4.797,1.252,-13.498,13.101,0.687,-0.161,0.000,0.000,5.297,2.038,5.676,0.703,0.116,0.713,0.799
17:47:28.593,47.251,5.297,2.038,True,4.706,1.636,-12.083,12.457,0.644,-0.148,0.000,0.000,5.297,2.038,5.676,0.713,0.063,0.716,0.778
17:47:28.613,47.271,5.297,2.038,True,4.658,1.920,-10.682,11.226,0.600,-0.249,0.000,0.000,5.297,2.038,5.676,0.688,0.006,0.688,0.393
17:47:28.634,47.292,5.297,2.038,True,4.643,2.120,-9.368,9.651,0.623,-0.282,0.000,0.000,5.297,2.038,5.676,0.638,-0.051,0.640,0.792
17:47:28.655,47.312,1.766,2.038,True,3.830,2.249,-13.579,7.920,0.578,0.008,0.000,0.000,1.766,2.038,2.697,0.575,0.216,0.614,0.704
17:47:28.680,47.337,1.766,2.038,True,3.142,2.322,-15.873,6.176,0.456,0.190,0.000,0.000,1.766,2.038,2.697,0.505,0.386,0.636,0.706
17:47:28.700,47.357,1.766,8.154,True,2.579,3.772,-16.696,13.856,0.913,0.303,0.000,0.000,1.766,8.154,8.343,0.989,0.479,1.099,0.706
17:47:28.720,47.378,1.766,4.077,True,2.134,4.055,-16.444,11.867,0.929,0.162,0.000,0.000,1.766,4.077,4.443,0.929,0.512,1.061,0.525
17:47:28.741,47.398,1.766,4.077,True,1.796,4.243,-15.450,9.628,0.946,0.135,0.000,0.000,1.766,4.077,4.443,0.849,0.502,0.987,0.567
17:47:28.761,47.419,1.766,4.077,True,1.552,4.352,-13.992,7.336,0.713,0.207,0.000,0.000,1.766,4.077,4.443,0.759,0.462,0.889,0.785
17:47:28.781,47.439,1.766,4.077,True,1.386,4.401,-12.287,5.133,0.415,0.297,0.000,0.000,1.766,4.077,4.443,0.667,0.404,0.779,0.757
17:47:28.802,47.459,1.766,4.077,True,1.286,4.404,-10.503,3.112,0.364,0.291,0.000,0.000,1.766,4.077,4.443,0.578,0.335,0.668,0.837
17:47:28.822,47.480,1.766,4.077,True,1.236,4.376,-8.761,1.330,0.291,0.149,0.000,0.000,1.766,4.077,4.443,0.496,0.263,0.562,0.870
17:47:28.843,47.500,1.766,4.077,True,1.225,4.327,-7.144,-0.187,0.159,0.071,0.000,0.000,1.766,4.077,4.443,0.424,0.193,0.466,0.741
17:47:28.863,47.521,0.000,4.077,True,0.831,4.266,-8.400,-1.435,0.074,0.160,0.000,0.000,0.000,4.077,4.077,0.363,0.288,0.463,0.822
17:47:28.884,47.541,-1.766,4.077,True,0.098,4.200,-11.517,-2.426,0.005,0.426,0.000,0.000,-1.766,4.077,4.443,0.313,0.499,0.589,0.765
17:47:28.905,47.562,-1.766,4.077,True,-0.512,4.134,-12.988,-3.183,-0.003,0.561,0.000,0.000,-1.766,4.077,4.443,0.273,0.624,0.681,0.804
17:47:28.925,47.583,-1.766,6.115,True,-1.002,4.546,-13.224,-0.621,0.148,0.669,0.000,0.000,-1.766,6.115,6.365,0.427,0.684,0.806,0.661
17:47:28.946,47.603,-1.766,4.077,True,-1.383,4.427,-12.581,-2.195,0.085,0.571,0.000,0.000,-1.766,4.077,4.443,0.346,0.694,0.775,0.795
17:47:28.966,47.623,-1.766,6.115,True,-1.665,4.786,-11.356,-0.261,0.172,0.633,0.000,0.000,-1.766,6.115,6.365,0.467,0.668,0.815,0.730
17:47:28.986,47.644,-1.766,6.115,True,-1.863,5.091,-9.792,0.818,0.295,0.517,0.000,0.000,-1.766,6.115,6.365,0.545,0.618,0.824,0.712
17:47:29.007,47.664,-1.766,6.115,True,-1.991,5.341,-8.074,1.238,0.318,0.470,0.000,0.000,-1.766,6.115,6.365,0.589,0.555,0.809,0.848
17:47:29.027,47.684,-1.766,6.115,True,-2.062,5.540,-6.343,1.173,0.371,0.404,0.000,0.000,-1.766,6.115,6.365,0.606,0.486,0.777,0.426
17:47:29.047,47.705,-1.766,6.115,True,-2.091,5.692,-4.697,0.771,0.441,0.397,0.000,0.000,-1.766,6.115,6.365,0.603,0.416,0.733,0.745
17:47:29.068,47.725,-5.297,4.077,True,-2.908,5.328,-8.595,-2.958,0.418,0.678,0.000,0.000,-5.297,4.077,6.685,0.402,0.670,0.782,0.719
17:47:29.088,47.746,-5.297,6.115,True,-3.595,5.466,-10.605,-2.492,0.716,0.927,0.000,0.000,-5.297,6.115,8.091,0.437,0.828,0.936,0.655
17:47:29.109,47.767,-5.297,6.115,True,-4.153,5.578,-11.181,-2.321,0.846,0.972,0.000,0.000,-5.297,6.115,8.091,0.455,0.909,1.017,0.925
17:47:29.129,47.787,-5.297,8.154,True,-4.591,6.141,-10.719,0.747,0.852,1.011,0.000,0.000,-5.297,8.154,9.724,0.647,0.932,1.135,0.671
17:47:29.150,47.807,-5.297,6.115,True,-4.920,6.147,-9.556,-0.645,0.694,0.813,0.000,0.000,-5.297,6.115,8.091,0.586,0.914,1.086,0.802
17:47:29.170,47.827,-5.297,6.115,True,-5.154,6.129,-7.963,-1.877,0.602,0.733,0.000,0.000,-5.297,6.115,8.091,0.530,0.867,1.016,0.604
17:47:29.190,47.848,-5.297,6.115,True,-5.310,6.097,-6.158,-2.931,0.612,0.711,0.000,0.000,-5.297,6.115,8.091,0.480,0.803,0.936,0.773
17:47:29.211,47.869,-5.297,10.192,True,-5.401,7.004,-4.302,2.426,0.950,0.641,0.000,0.000,-5.297,10.192,11.487,0.807,0.730,1.089,0.712
17:47:29.231,47.889,-5.297,6.115,True,-5.443,6.835,-2.512,-0.664,0.803,0.597,0.000,0.000,-5.297,6.115,8.091,0.654,0.655,0.926,0.422
17:47:29.252,47.909,-5.297,4.077,True,-5.448,6.184,-0.866,-6.199,0.457,0.515,0.000,0.000,-5.297,4.077,6.685,0.345,0.583,0.677,0.909
17:47:29.272,47.930,-5.297,8.154,True,-5.426,6.546,0.588,-3.710,0.649,0.468,0.000,0.000,-5.297,8.154,9.724,0.491,0.517,0.713,0.793
17:47:29.293,47.950,-5.297,4.077,True,-5.387,5.916,1.828,-8.376,0.419,0.287,0.000,0.000,-5.297,4.077,6.685,0.222,0.458,0.509,0.989
17:47:29.313,47.971,-7.063,4.077,True,-5.749,5.360,0.154,-11.384,0.261,0.288,0.000,0.000,-7.063,4.077,8.155,0.034,0.568,0.569,0.924
17:47:29.334,47.991,-7.063,2.038,True,-6.052,4.413,-0.691,-16.177,0.012,0.380,0.000,0.000,-7.063,2.038,7.352,-0.273,0.636,0.692,0.919
17:47:29.354,48.011,-8.829,4.077,True,-6.708,4.087,-3.605,-15.637,-0.038,0.531,0.000,0.000,-8.829,4.077,9.725,-0.281,0.830,0.876,0.950
17:47:29.374,48.032,-8.829,4.077,True,-7.256,3.844,-5.030,-14.596,0.056,0.669,0.000,0.000,-8.829,4.077,9.725,-0.260,0.948,0.983,0.729
17:47:29.395,48.052,-8.829,4.077,True,-7.699,3.674,-5.332,-13.261,-0.040,0.795,0.000,0.000,-8.829,4.077,9.725,-0.218,1.005,1.029,0.696
17:47:29.415,48.073,-8.829,4.077,True,-8.043,3.564,-4.831,-11.794,0.122,0.541,0.000,0.000,-8.829,4.077,9.725,-0.164,1.018,1.031,0.555
17:47:29.436,48.093,-8.829,2.038,True,-8.300,3.029,-3.793,-13.427,0.023,0.664,0.000,0.000,-8.829,2.038,9.061,-0.290,0.997,1.039,0.920
17:47:29.456,48.113,-8.829,4.077,True,-8.481,3.066,-2.436,-10.820,0.040,0.588,0.000,0.000,-8.829,4.077,9.725,-0.171,0.956,0.971,0.644
17:47:29.476,48.133,-8.829,4.077,True,-8.599,3.135,-0.930,-8.595,0.155,0.449,0.000,0.000,-8.829,4.077,9.725,-0.066,0.901,0.903,0.486
17:47:29.496,48.154,-8.829,2.038,True,-8.667,2.748,0.599,-9.871,0.107,0.466,0.000,0.000,-8.829,2.038,9.061,-0.161,0.840,0.856,0.588
17:47:29.516,48.174,-8.829,2.038,True,-8.695,2.432,2.059,-10.323,0.061,0.300,0.000,0.000,-8.829,2.038,9.061,-0.212,0.779,0.807,0.572
17:47:29.539,48.197,-8.829,2.038,True,-8.654,2.225,3.659,-9.886,0.247,0.046,0.000,0.000,-8.829,2.038,9.061,-0.214,0.704,0.736,0.801
17:47:29.559,48.216,-8.829,2.038,True,-8.651,2.031,4.658,-9.427,0.240,0.101,0.000,0.000,-8.829,2.038,9.061,-0.213,0.659,0.693,0.414
17:47:29.580,48.237,-8.829,2.038,True,-8.630,1.894,5.556,-8.659,0.235,0.063,0.000,0.000,-8.829,2.038,9.061,-0.193,0.618,0.647,0.770
17:47:29.600,48.257,-8.829,-4.077,True,-8.598,0.238,6.327,-17.586,-0.375,-0.008,0.000,0.000,-8.829,-4.077,9.725,-0.752,0.581,0.950,0.768
17:47:29.620,48.278,-8.829,2.038,True,-8.560,0.420,6.962,-12.680,-0.172,-0.043,0.000,0.000,-8.829,2.038,9.061,-0.518,0.549,0.754,0.718
17:47:29.641,48.298,-8.829,0.000,True,-8.520,0.126,7.463,-11.871,-0.251,-0.116,0.000,0.000,-8.829,0.000,8.829,-0.511,0.523,0.731,0.794
17:47:29.661,48.318,-8.829,0.000,True,-8.480,-0.085,7.840,-10.651,-0.241,-0.136,0.000,0.000,-8.829,0.000,8.829,-0.479,0.502,0.694,0.771
17:47:29.681,48.339,-8.829,0.000,True,-8.442,-0.228,8.104,-9.216,-0.206,-0.161,0.000,0.000,-8.829,0.000,8.829,-0.430,0.487,0.649,0.813
17:47:29.702,48.359,-8.829,0.000,True,-8.409,-0.316,8.272,-7.709,-0.216,-0.121,0.000,0.000,-8.829,0.000,8.829,-0.372,0.476,0.604,0.830
17:47:29.722,48.380,-8.829,0.000,True,-8.380,-0.360,8.360,-6.232,-0.213,-0.134,0.000,0.000,-8.829,0.000,8.829,-0.311,0.469,0.563,0.918
17:47:29.742,48.400,-10.595,0.000,True,-8.767,-0.372,5.699,-4.855,-0.093,0.050,0.000,0.000,-10.595,0.000,10.595,-0.251,0.625,0.674,0.446
17:47:29.763,48.420,-10.595,0.000,True,-9.104,-0.360,4.022,-3.622,-0.035,0.192,0.000,0.000,-10.595,0.000,10.595,-0.196,0.733,0.759,0.716
17:47:29.783,48.440,-12.361,0.000,True,-9.799,-0.332,0.431,-2.559,0.002,0.400,0.000,0.000,-12.361,0.000,12.361,-0.146,0.961,0.972,0.725
17:47:29.803,48.460,-12.361,0.000,True,-10.388,-0.294,-1.526,-1.673,0.021,0.576,0.000,0.000,-12.361,0.000,12.361,-0.103,1.106,1.111,0.465
17:47:29.823,48.480,-12.361,-2.038,True,-10.870,-0.725,-2.227,-4.079,-0.126,0.703,0.000,0.000,-12.361,-2.038,12.528,-0.253,1.185,1.212,0.602
17:47:29.843,48.501,-12.361,0.000,True,-11.250,-0.619,-2.007,-2.324,-0.091,0.787,0.000,0.000,-12.361,0.000,12.361,-0.165,1.214,1.225,0.432
17:47:29.864,48.521,-12.361,-2.038,True,-11.539,-0.985,-1.152,-4.089,-0.246,0.769,0.000,0.000,-12.361,-2.038,12.528,-0.279,1.205,1.237,0.690
17:47:29.884,48.541,-12.361,0.000,True,-11.748,-0.819,0.101,-1.882,-0.309,0.893,0.000,0.000,-12.361,0.000,12.361,-0.165,1.170,1.182,0.671
17:47:29.904,48.561,-12.361,0.000,True,-11.889,-0.657,1.565,-0.232,-0.184,0.954,0.000,0.000,-12.361,0.000,12.361,-0.076,1.120,1.122,0.611
17:47:29.924,48.582,-12.361,0.000,True,-11.975,-0.508,3.096,0.936,-0.075,0.838,0.000,0.000,-12.361,0.000,12.361,-0.009,1.061,1.061,0.869
17:47:29.944,48.602,-12.361,-4.077,True,-12.017,-1.323,4.591,-4.532,-0.388,0.811,0.000,0.000,-12.361,-4.077,13.016,-0.332,0.999,1.053,0.422
17:47:29.969,48.626,-12.361,-2.038,True,-12.026,-1.559,5.977,-4.804,-0.437,0.796,0.000,0.000,-12.361,-2.038,12.528,-0.368,0.939,1.008,0.757
17:47:29.989,48.647,-12.361,-2.038,True,-12.012,-1.744,7.213,-4.633,-0.433,0.702,0.000,0.000,-12.361,-2.038,12.528,-0.379,0.883,0.961,0.964
17:47:30.010,48.667,-12.361,-2.038,True,-11.983,-1.884,8.274,-4.162,-0.414,0.683,0.000,0.000,-12.361,-2.038,12.528,-0.372,0.833,0.912,0.711
17:47:30.030,48.687,-12.361,0.000,True,-11.944,-1.510,9.155,-0.392,-0.223,0.609,0.000,0.000,-12.361,0.000,12.361,-0.168,0.790,0.808,0.759
17:47:30.050,48.708,-12.361,-2.038,True,-11.900,-1.639,9.862,-0.842,-0.269,0.584,0.000,0.000,-12.361,-2.038,12.528,-0.201,0.755,0.781,0.774
17:47:30.076,48.733,-12.361,-2.038,True,-11.856,-1.745,10.407,-1.014,-0.314,0.573,0.000,0.000,-12.361,-2.038,12.528,-0.219,0.726,0.759,0.789
17:47:30.096,48.754,-12.361,-2.038,True,-11.813,-1.828,10.810,-0.981,-0.317,0.565,0.000,0.000,-12.361,-2.038,12.528,-0.226,0.704,0.740,0.776
17:47:30.116,48.774,-12.361,-4.077,True,-11.774,-2.366,11.090,-3.920,-0.511,0.547,0.000,0.000,-12.361,-4.077,13.016,-0.410,0.688,0.801,0.619
17:47:30.137,48.794,-12.361,-4.077,True,-11.740,-2.824,11.270,-5.572,-0.697,0.466,0.000,0.000,-12.361,-4.077,13.016,-0.528,0.677,0.858,0.884
17:47:30.157,48.814,-12.361,-4.077,True,-11.712,-3.200,11.368,-6.230,-0.526,0.433,0.000,0.000,-12.361,-4.077,13.016,-0.595,0.669,0.896,0.402
17:47:30.183,48.841,-12.361,-4.077,True,-11.688,-3.500,11.405,-6.156,-0.345,0.477,0.000,0.000,-12.361,-4.077,13.016,-0.622,0.665,0.911,0.710
17:47:30.204,48.861,-12.361,-4.077,True,-11.669,-3.728,11.396,-5.572,-0.332,0.754,0.000,0.000,-12.361,-4.077,13.016,-0.619,0.664,0.908,0.560
17:47:30.224,48.882,-12.361,-4.077,True,-11.655,-3.895,11.356,-4.663,-0.326,0.810,0.000,0.000,-12.361,-4.077,13.016,-0.595,0.664,0.892,0.834
17:47:30.244,48.902,-12.361,-4.077,True,-11.644,-4.009,11.296,-3.576,0.102,0.970,0.000,0.000,-12.361,-4.077,13.016,-0.559,0.666,0.869,0.744
17:47:30.265,48.922,-12.361,-4.077,True,-11.637,-4.079,11.225,-2.423,0.085,0.867,0.000,0.000,-12.361,-4.077,13.016,-0.515,0.668,0.844,0.701
17:47:30.286,48.943,-12.361,-6.115,True,-11.633,-4.590,11.150,-4.400,0.061,0.851,0.000,0.000,-12.361,-6.115,13.791,-0.653,0.671,0.937,0.827
17:47:30.306,48.964,-12.361,-4.077,True,-11.631,-4.538,11.078,-2.140,0.070,0.864,0.000,0.000,-12.361,-4.077,13.016,-0.548,0.674,0.869,0.967
17:47:30.327,48.984,-12.361,-4.077,True,-11.630,-4.464,11.010,-0.244,0.101,0.948,0.000,0.000,-12.361,-4.077,13.016,-0.457,0.677,0.817,0.735
17:47:30.347,49.005,-12.361,-2.038,True,-11.631,-3.904,10.949,4.406,0.376,0.956,0.000,0.000,-12.361,-2.038,12.528,-0.196,0.680,0.707,0.708
17:47:30.368,49.025,-12.361,-2.038,True,-11.632,-3.403,10.897,7.523,0.564,0.968,0.000,0.000,-12.361,-2.038,12.528,-0.008,0.682,0.682,0.815
17:47:30.388,49.046,-12.361,-2.038,True,-11.634,-2.970,10.854,9.394,0.626,1.004,0.000,0.000,-12.361,-2.038,12.528,0.118,0.684,0.694,0.798
17:47:30.408,49.066,-12.361,-2.038,True,-11.636,-2.610,10.819,10.289,0.696,0.912,0.000,0.000,-12.361,-2.038,12.528,0.193,0.686,0.713,0.798
17:47:30.429,49.086,-12.361,-2.038,True,-11.639,-2.319,10.792,10.450,0.726,0.905,0.000,0.000,-12.361,-2.038,12.528,0.229,0.687,0.725,0.704
17:47:30.449,49.106,-12.361,-2.038,True,-11.641,-2.093,10.773,10.088,0.697,0.912,0.000,0.000,-12.361,-2.038,12.528,0.236,0.689,0.728,0.648
17:47:30.469,49.127,-12.361,-2.038,True,-11.643,-1.926,10.759,9.379,0.660,0.953,0.000,0.000,-12.361,-2.038,12.528,0.221,0.689,0.724,0.596
17:47:30.490,49.147,-12.361,-4.077,True,-11.644,-2.282,10.750,5.353,0.403,0.955,0.000,0.000,-12.361,-4.077,13.016,0.008,0.690,0.690,0.764
17:47:30.510,49.168,-10.595,-4.077,True,-11.235,-2.616,13.441,2.431,0.288,0.757,0.000,0.000,-10.595,-4.077,11.352,-0.154,0.530,0.552,0.626
17:47:30.531,49.188,-8.829,-4.077,True,-10.470,-2.918,17.795,0.443,0.192,0.456,0.000,0.000,-8.829,-4.077,9.725,-0.272,0.262,0.378,0.780
17:47:30.551,49.208,-8.829,-2.038,True,-9.816,-2.707,20.295,2.333,0.219,0.195,0.000,0.000,-8.829,-2.038,9.061,-0.168,0.086,0.188,0.443
17:47:30.571,49.228,-8.829,-2.038,True,-9.275,-2.516,21.358,3.628,0.261,0.214,0.000,0.000,-8.829,-2.038,9.061,-0.091,-0.015,0.093,0.417
17:47:30.591,49.249,-8.829,-2.038,True,-8.843,-2.349,21.355,4.434,0.396,0.124,0.000,0.000,-8.829,-2.038,9.061,-0.039,-0.058,0.070,0.849
17:47:30.612,49.269,-8.829,-4.077,True,-8.512,-2.683,20.605,1.741,0.205,0.118,0.000,0.000,-8.829,-4.077,9.725,-0.191,-0.058,0.200,0.821
17:47:30.632,49.290,-8.829,-4.077,True,-8.269,-2.980,19.372,-0.048,0.125,0.118,0.000,0.000,-8.829,-4.077,9.725,-0.300,-0.028,0.301,0.827
17:47:30.652,49.310,-8.829,-2.038,True,-8.102,-2.762,17.867,2.007,0.299,0.256,0.000,0.000,-8.829,-2.038,9.061,-0.188,0.022,0.189,0.729
17:47:30.673,49.330,-8.829,-4.077,True,-7.997,-3.037,16.256,0.323,0.179,0.301,0.000,0.000,-8.829,-4.077,9.725,-0.289,0.082,0.301,0.826
17:47:30.693,49.351,-8.829,-4.077,True,-7.940,-3.273,14.657,-0.681,0.067,0.399,0.000,0.000,-8.829,-4.077,9.725,-0.357,0.147,0.386,0.790
17:47:30.715,49.372,-8.829,-2.038,True,-7.922,-2.997,13.154,1.960,0.215,0.476,0.000,0.000,-8.829,-2.038,9.061,-0.213,0.212,0.300,0.510
17:47:30.735,49.393,-8.829,-2.038,True,-7.931,-2.744,11.802,3.802,0.374,0.519,0.000,0.000,-8.829,-2.038,9.061,-0.107,0.272,0.292,1.020
17:47:30.755,49.413,-8.829,-2.038,True,-7.958,-2.522,10.628,4.982,0.559,0.569,0.000,0.000,-8.829,-2.038,9.061,-0.032,0.327,0.328,0.436
17:47:30.776,49.433,-8.829,-2.038,True,-7.997,-2.333,9.645,5.635,0.671,0.708,0.000,0.000,-8.829,-2.038,9.061,0.015,0.374,0.374,0.609
17:47:30.796,49.454,-8.829,-2.038,True,-7.804,-2.220,10.413,5.603,0.805,0.642,0.000,0.000,-8.829,-2.038,9.061,0.025,0.321,0.322,0.702
17:47:30.820,49.477,-8.829,-2.038,True,-7.944,-2.089,8.848,5.677,0.931,0.614,0.000,0.000,-8.829,-2.038,9.061,0.042,0.404,0.406,0.506
17:47:30.840,49.497,-8.829,0.000,True,-8.050,-1.448,7.889,8.917,1.169,0.666,0.000,0.000,-8.829,0.000,8.829,0.249,0.457,0.520,0.502
17:47:30.860,49.518,-8.829,0.000,True,-8.132,-0.945,7.322,10.448,1.189,0.768,0.000,0.000,-8.829,0.000,8.829,0.367,0.490,0.612,0.497
17:47:30.880,49.538,-8.829,0.000,True,-8.195,-0.554,7.012,10.843,1.207,0.756,0.000,0.000,-8.829,0.000,8.829,0.423,0.510,0.663,0.408
17:47:30.901,49.558,-7.063,-4.077,True,-7.814,-1.242,9.581,4.234,0.817,0.566,0.000,0.000,-7.063,-4.077,8.155,0.063,0.359,0.364,0.788
17:47:30.921,49.578,-7.063,-2.038,True,-7.490,-1.368,11.168,2.766,0.729,0.501,0.000,0.000,-7.063,-2.038,7.352,-0.015,0.256,0.256,0.887
17:47:30.942,49.600,-5.297,-2.038,True,-6.802,-1.483,14.679,1.695,0.634,0.246,0.000,0.000,-5.297,-2.038,5.676,-0.074,0.032,0.080,0.840
17:47:30.963,49.620,-5.297,-2.038,True,-6.225,-1.587,16.581,0.953,0.578,0.170,0.000,0.000,-5.297,-2.038,5.676,-0.117,-0.109,0.160,0.733
17:47:30.983,49.640,-5.297,-2.038,True,-5.755,-1.678,17.261,0.479,0.458,0.107,0.000,0.000,-5.297,-2.038,5.676,-0.147,-0.186,0.237,0.727
17:47:31.003,49.661,-5.297,-2.038,True,-5.383,-1.754,17.049,0.217,0.336,0.157,0.000,0.000,-5.297,-2.038,5.676,-0.166,-0.214,0.271,0.420
17:47:31.024,49.682,-5.297,-4.077,True,-5.102,-2.291,16.220,-2.990,0.031,0.243,0.000,0.000,-5.297,-4.077,6.685,-0.361,-0.206,0.416,0.987
17:47:31.044,49.701,-5.297,-6.115,True,-4.898,-3.225,15.002,-7.998,-0.395,0.150,0.000,0.000,-5.297,-6.115,8.091,-0.676,-0.172,0.697,0.470
17:47:31.064,49.722,-5.297,-4.077,True,-4.761,-3.546,13.579,-7.668,-0.379,0.185,0.000,0.000,-5.297,-4.077,6.685,-0.693,-0.123,0.704,0.663
17:47:31.085,49.743,-5.297,-2.038,True,-4.677,-3.313,12.088,-3.702,-0.194,0.226,0.000,0.000,-5.297,-2.038,5.676,-0.495,-0.066,0.499,0.795
17:47:31.106,49.763,-5.297,-2.038,True,-4.636,-3.074,10.632,-0.620,-0.017,0.280,0.000,0.000,-5.297,-2.038,5.676,-0.335,-0.006,0.335,0.846
17:47:31.126,49.784,-5.297,-2.038,True,-4.626,-2.842,9.281,1.672,0.101,0.303,0.000,0.000,-5.297,-2.038,5.676,-0.210,0.053,0.217,0.686
17:47:31.147,49.804,-5.297,-4.077,True,-4.640,-3.104,8.078,0.163,-0.010,0.393,0.000,0.000,-5.297,-4.077,6.685,-0.303,0.107,0.322,0.696
17:47:31.167,49.825,-5.297,-2.038,True,-4.669,-2.854,7.045,2.412,0.059,0.463,0.000,0.000,-5.297,-2.038,5.676,-0.179,0.156,0.237,0.807
17:47:31.187,49.845,-5.297,-4.077,True,-4.707,-3.101,6.188,0.834,-0.079,0.491,0.000,0.000,-5.297,-4.077,6.685,-0.273,0.198,0.337,0.454
17:47:31.208,49.866,-5.297,-2.038,True,-4.749,-2.841,5.502,2.995,0.034,0.543,0.000,0.000,-5.297,-2.038,5.676,-0.152,0.232,0.277,0.929
17:47:31.228,49.885,-5.297,-6.115,True,-4.792,-3.557,4.972,-1.791,-0.164,0.635,0.000,0.000,-5.297,-6.115,8.091,-0.435,0.260,0.506,0.449
17:47:31.252,49.909,-5.297,-4.077,True,-4.833,-3.705,4.582,-1.638,0.237,0.376,0.000,0.000,-5.297,-4.077,6.685,-0.443,0.281,0.525,0.804
17:47:31.272,49.930,-5.297,-4.077,True,-4.871,-3.817,4.310,-1.247,0.331,0.089,0.000,0.000,-5.297,-4.077,6.685,-0.437,0.297,0.528,0.812
17:47:31.292,49.950,-5.297,-4.077,True,-4.904,-3.896,4.137,-0.709,0.231,-0.138,0.000,0.000,-5.297,-4.077,6.685,-0.421,0.308,0.521,0.420
17:47:31.313,49.970,-5.297,-4.077,True,-4.932,-3.949,4.042,-0.099,0.235,-0.536,0.000,0.000,-5.297,-4.077,6.685,-0.399,0.315,0.508,0.824
17:47:31.333,49.990,-5.297,-4.077,True,-4.955,-3.980,4.007,0.530,0.329,-0.739,0.000,0.000,-5.297,-4.077,6.685,-0.375,0.319,0.492,0.726
17:47:31.354,50.011,-5.297,-4.077,True,-4.973,-3.995,4.015,1.136,0.409,-0.725,0.000,0.000,-5.297,-4.077,6.685,-0.349,0.320,0.474,0.399
17:47:31.374,50.032,-5.297,-4.077,True,-4.987,-3.996,4.055,1.693,0.420,-0.730,0.000,0.000,-5.297,-4.077,6.685,-0.325,0.320,0.456,0.405
17:47:31.395,50.052,-5.297,-4.077,True,-4.997,-3.989,4.113,2.186,0.409,-0.695,0.000,0.000,-5.297,-4.077,6.685,-0.302,0.318,0.439,0.722
17:47:31.415,50.073,-5.297,-6.115,True,-5.003,-4.450,4.182,-0.507,0.198,-0.682,0.000,0.000,-5.297,-6.115,8.091,-0.467,0.316,0.564,0.797
17:47:31.436,50.093,-5.297,-6.115,True,-5.007,-4.844,4.254,-2.075,0.030,-0.687,0.000,0.000,-5.297,-6.115,8.091,-0.576,0.313,0.656,0.855
17:47:31.456,50.113,-5.297,-4.077,True,-5.010,-4.698,4.324,0.344,0.148,-0.596,0.000,0.000,-5.297,-4.077,6.685,-0.455,0.310,0.550,0.691
17:47:31.476,50.133,-5.297,-6.115,True,-5.010,-5.022,4.389,-0.897,0.082,-0.578,0.000,0.000,-5.297,-6.115,8.091,-0.542,0.307,0.623,0.391
17:47:31.496,50.154,-8.829,-6.115,True,-5.830,-5.290,-0.946,-1.427,0.032,-0.210,0.000,0.000,-8.829,-6.115,10.740,-0.592,0.625,0.861,0.778
17:47:31.516,50.174,-8.829,-4.077,True,-6.541,-5.030,-4.213,1.685,0.140,0.057,0.000,0.000,-8.829,-4.077,9.725,-0.429,0.840,0.943,0.621
17:47:31.537,50.194,-8.829,-2.038,True,-7.137,-4.309,-5.853,7.083,0.292,0.376,0.000,0.000,-8.829,-2.038,9.061,-0.118,0.972,0.979,0.759
17:47:31.557,50.215,-8.829,-4.077,True,-7.620,-4.146,-6.260,7.464,0.350,0.474,0.000,0.000,-8.829,-4.077,9.725,-0.085,1.038,1.042,0.782
17:47:31.578,50.235,-8.829,-4.077,True,-7.997,-4.016,-5.781,7.517,0.361,0.527,0.000,0.000,-8.829,-4.077,9.725,-0.070,1.055,1.057,0.717
17:47:31.598,50.255,-8.829,-6.115,True,-8.279,-4.388,-4.708,4.224,0.158,0.441,0.000,0.000,-8.829,-6.115,10.740,-0.252,1.036,1.066,0.395
17:47:31.619,50.276,-8.829,-4.077,True,-8.479,-4.251,-3.276,5.089,0.298,0.448,0.000,0.000,-8.829,-4.077,9.725,-0.200,0.993,1.013,0.825
17:47:31.639,50.297,-8.829,-4.077,True,-8.611,-4.132,-1.671,5.611,0.462,0.248,0.000,0.000,-8.829,-4.077,9.725,-0.166,0.935,0.949,0.748
17:47:31.659,50.317,-8.829,-8.154,True,-8.687,-4.981,-0.032,-0.362,-0.075,0.249,0.000,0.000,-8.829,-8.154,12.018,-0.514,0.870,1.011,0.450
17:47:31.680,50.338,-8.829,-4.077,True,-8.721,-4.776,1.540,2.085,-0.030,0.143,0.000,0.000,-8.829,-4.077,9.725,-0.386,0.804,0.892,0.808
17:47:31.700,50.358,-8.829,-4.077,True,-8.722,-4.582,2.979,3.882,-0.094,0.099,0.000,0.000,-8.829,-4.077,9.725,-0.287,0.741,0.794,0.761
17:47:31.721,50.378,-10.595,-4.077,True,-9.112,-4.405,1.550,5.123,-0.050,0.249,0.000,0.000,-10.595,-4.077,11.352,-0.214,0.843,0.870,0.764
17:47:31.741,50.398,-12.361,-2.038,True,-9.843,-3.776,-1.728,9.021,0.204,0.396,0.000,0.000,-12.361,-2.038,12.528,0.021,1.061,1.061,0.797
17:47:31.761,50.419,-12.361,-2.038,True,-10.454,-3.234,-3.341,11.357,0.356,0.541,0.000,0.000,-12.361,-2.038,12.528,0.178,1.193,1.206,0.798
17:47:31.784,50.442,-12.361,-2.038,True,-10.948,-2.782,-3.700,12.471,0.497,0.616,0.000,0.000,-12.361,-2.038,12.528,0.272,1.258,1.287,0.719
17:47:31.805,50.462,-12.361,-2.038,True,-11.333,-2.418,-3.159,12.666,0.522,0.467,0.000,0.000,-12.361,-2.038,12.528,0.317,1.273,1.312,0.570
17:47:31.825,50.483,-12.361,-2.038,True,-11.621,-2.135,-2.016,12.207,0.256,0.476,0.000,0.000,-12.361,-2.038,12.528,0.325,1.251,1.293,0.549
17:47:31.846,50.503,-12.361,-2.038,True,-11.823,-1.925,-0.515,11.313,0.368,0.491,0.000,0.000,-12.361,-2.038,12.528,0.307,1.205,1.244,0.823
17:47:31.865,50.523,-12.361,-2.038,True,-11.956,-1.778,1.156,10.164,0.424,0.520,0.000,0.000,-12.361,-2.038,12.528,0.271,1.145,1.176,0.439
17:47:31.887,50.545,-12.361,-2.038,True,-12.032,-1.682,2.855,8.899,0.308,0.418,0.000,0.000,-12.361,-2.038,12.528,0.225,1.077,1.100,0.445
17:47:31.908,50.565,-14.127,0.000,True,-12.475,-1.155,1.783,10.735,0.099,0.584,0.000,0.000,-14.127,0.000,14.127,0.358,1.169,1.223,0.460
17:47:31.928,50.585,-15.892,0.000,True,-13.242,-0.722,-1.089,11.435,-0.109,0.762,0.000,0.000,-15.892,0.000,15.892,0.433,1.372,1.439,0.677
17:47:31.948,50.606,-15.892,0.000,True,-13.874,-0.378,-2.284,11.299,-0.014,0.815,0.000,0.000,-15.892,0.000,15.892,0.461,1.488,1.558,0.744
17:47:31.969,50.626,-15.892,0.000,True,-14.378,-0.117,-2.239,10.585,-0.051,0.984,0.000,0.000,-15.892,0.000,15.892,0.456,1.537,1.603,0.830
17:47:31.989,50.647,-15.892,0.000,True,-14.764,0.073,-1.326,9.505,-0.170,1.058,0.000,0.000,-15.892,0.000,15.892,0.427,1.535,1.593,0.860
17:47:32.009,50.667,-15.892,2.038,True,-15.047,0.675,0.146,11.340,-0.058,0.909,0.000,0.000,-15.892,2.038,16.023,0.568,1.498,1.602,0.753
17:47:32.030,50.688,-15.892,0.000,True,-15.241,0.692,1.928,8.795,-0.208,0.868,0.000,0.000,-15.892,0.000,15.892,0.457,1.439,1.510,0.762
17:47:32.050,50.708,-15.892,2.038,True,-15.363,1.140,3.831,9.642,-0.162,0.845,0.000,0.000,-15.892,2.038,16.023,0.540,1.367,1.470,0.804
17:47:32.071,50.728,-15.892,0.000,True,-15.427,1.023,5.714,6.497,-0.279,0.770,0.000,0.000,-15.892,0.000,15.892,0.389,1.290,1.348,0.457
17:47:32.091,50.749,-15.892,0.000,True,-15.447,0.885,7.480,3.937,-0.385,0.668,0.000,0.000,-15.892,0.000,15.892,0.262,1.215,1.243,0.681
17:47:32.112,50.769,-15.892,0.000,True,-15.436,0.740,9.068,1.925,-0.506,0.625,0.000,0.000,-15.892,0.000,15.892,0.159,1.143,1.154,0.814
17:47:32.132,50.789,-15.892,0.000,True,-15.403,0.598,10.443,0.410,-0.578,0.604,0.000,0.000,-15.892,0.000,15.892,0.078,1.079,1.082,0.678
17:47:32.152,50.809,-17.658,0.000,True,-15.766,0.465,8.897,-0.676,-0.542,0.875,0.000,0.000,-17.658,0.000,17.658,0.017,1.184,1.184,0.537
17:47:32.172,50.830,-17.658,0.000,True,-16.069,0.347,8.169,-1.400,-0.513,0.891,0.000,0.000,-17.658,0.000,17.658,-0.027,1.246,1.247,0.758
17:47:32.192,50.850,-17.658,0.000,True,-16.313,0.245,8.053,-1.831,-0.587,1.063,0.000,0.000,-17.658,0.000,17.658,-0.056,1.276,1.277,0.639
17:47:32.214,50.872,-17.658,0.000,True,-16.502,0.160,8.375,-2.033,-0.582,1.045,0.000,0.000,-17.658,0.000,17.658,-0.074,1.281,1.283,0.630
17:47:32.235,50.892,-19.424,0.000,True,-17.052,0.091,6.287,-2.063,-0.545,1.213,0.000,0.000,-19.424,0.000,19.424,-0.082,1.428,1.430,0.620
17:47:32.255,50.913,-17.658,-2.038,True,-17.096,-0.435,8.103,-5.084,-0.678,1.115,0.000,0.000,-17.658,-2.038,17.775,-0.268,1.352,1.378,0.837
17:47:32.275,50.933,-15.892,2.038,True,-16.692,0.062,12.472,-0.601,-0.466,0.846,0.000,0.000,-15.892,2.038,16.023,-0.020,1.119,1.119,0.448
17:47:32.297,50.954,-15.892,0.000,True,-16.315,0.038,15.611,-0.635,-0.511,0.776,0.000,0.000,-15.892,0.000,15.892,-0.024,0.942,0.943,0.725
17:47:32.318,50.975,-15.892,2.038,True,-15.977,0.493,17.716,2.489,-0.139,0.776,0.000,0.000,-15.892,2.038,16.023,0.159,0.816,0.831,1.000
17:47:32.338,50.995,-15.892,2.038,True,-15.685,0.890,18.981,4.446,-0.038,0.699,0.000,0.000,-15.892,2.038,16.023,0.285,0.731,0.784,0.637
17:47:32.358,51.015,-15.892,2.038,True,-15.442,1.225,19.586,5.478,-0.054,0.677,0.000,0.000,-15.892,2.038,16.023,0.364,0.680,0.771,0.584
17:47:32.378,51.036,-15.892,4.077,True,-15.246,1.972,19.697,8.917,0.118,0.668,0.000,0.000,-15.892,4.077,16.407,0.591,0.655,0.882,0.747
17:47:32.399,51.056,-15.892,6.115,True,-15.094,3.071,19.454,13.758,0.469,0.663,0.000,0.000,-15.892,6.115,17.028,0.914,0.651,1.122,0.419
17:47:32.419,51.077,-15.892,4.077,True,-14.981,3.516,18.977,12.995,0.496,0.696,0.000,0.000,-15.892,4.077,16.407,0.925,0.660,1.137,0.527
17:47:32.440,51.097,-15.892,4.077,True,-14.901,3.846,18.362,11.553,0.496,0.712,0.000,0.000,-15.892,4.077,16.407,0.895,0.680,1.123,0.628
17:47:32.460,51.118,-15.892,6.115,True,-14.849,4.551,17.684,12.828,0.616,0.739,0.000,0.000,-15.892,6.115,17.028,1.021,0.704,1.241,0.782
17:47:32.481,51.138,-14.127,6.115,True,-14.410,5.111,19.695,12.728,0.666,0.533,0.000,0.000,-14.127,6.115,15.393,1.073,0.572,1.216,0.778
17:47:32.501,51.158,-14.127,4.077,True,-14.042,5.066,20.701,8.555,0.530,0.462,0.000,0.000,-14.127,4.077,14.703,0.884,0.490,1.011,0.809
17:47:32.521,51.179,-12.361,4.077,True,-13.333,4.968,23.643,4.966,0.431,0.201,0.000,0.000,-12.361,4.077,13.016,0.716,0.290,0.772,0.724
17:47:32.542,51.199,-12.361,4.077,True,-12.744,4.837,25.002,1.983,0.359,0.234,0.000,0.000,-12.361,4.077,13.016,0.571,0.171,0.596,0.606
17:47:32.563,51.220,-12.361,4.077,True,-12.271,4.691,25.175,-0.412,0.260,0.078,0.000,0.000,-12.361,4.077,13.016,0.451,0.116,0.466,0.717
17:47:32.583,51.241,-12.361,4.077,True,-11.906,4.542,24.508,-2.264,0.261,-0.051,0.000,0.000,-12.361,4.077,13.016,0.354,0.109,0.371,0.773
17:47:32.603,51.261,-12.361,4.077,True,-11.635,4.399,23.288,-3.633,0.220,0.004,0.000,0.000,-12.361,4.077,13.016,0.280,0.136,0.311,0.766
17:47:32.623,51.281,-10.595,6.115,True,-11.036,4.742,24.444,-1.475,0.292,-0.020,0.000,0.000,-10.595,6.115,12.233,0.409,0.025,0.410,0.681
17:47:32.644,51.301,-12.361,6.115,True,-10.968,5.038,21.725,-0.173,0.403,0.121,0.000,0.000,-12.361,6.115,13.791,0.496,0.138,0.515,0.751
17:47:32.664,51.322,-12.361,4.077,True,-10.958,4.812,19.218,-2.656,0.297,0.237,0.000,0.000,-12.361,4.077,13.016,0.364,0.248,0.440,0.846
17:47:32.685,51.342,-8.829,4.077,True,-10.169,4.601,22.392,-4.446,0.160,0.049,0.000,0.000,-8.829,4.077,9.725,0.264,0.029,0.265,0.823
17:47:32.705,51.362,-8.829,4.077,True,-9.514,4.411,23.812,-5.652,0.091,-0.071,0.000,0.000,-8.829,4.077,9.725,0.192,-0.100,0.216,0.784
17:47:32.726,51.383,-8.829,4.077,True,-8.989,4.246,23.925,-6.383,0.089,-0.151,0.000,0.000,-8.829,4.077,9.725,0.143,-0.157,0.212,0.748
17:47:32.748,51.406,-8.829,6.115,True,-8.585,4.583,23.116,-3.628,0.249,-0.171,0.000,0.000,-8.829,6.115,10.740,0.298,-0.162,0.339,0.733
17:47:32.769,51.426,-8.829,4.077,True,-8.286,4.409,21.704,-4.902,0.184,-0.141,0.000,0.000,-8.829,4.077,9.725,0.225,-0.129,0.259,0.763
17:47:32.789,51.447,-8.829,6.115,True,-8.079,4.731,19.946,-2.608,0.325,-0.088,0.000,0.000,-8.829,6.115,10.740,0.358,-0.072,0.365,0.815
17:47:32.810,51.467,-8.829,6.115,True,-7.947,5.012,18.043,-1.149,0.413,0.008,0.000,0.000,-8.829,6.115,10.740,0.450,-0.002,0.451,0.734
17:47:32.830,51.487,-8.829,6.115,True,-7.875,5.251,16.142,-0.355,0.476,0.101,0.000,0.000,-8.829,6.115,10.740,0.509,0.075,0.515,0.664
17:47:32.853,51.510,-8.829,4.077,True,-7.849,4.973,14.346,-3.184,0.344,0.167,0.000,0.000,-8.829,4.077,9.725,0.357,0.152,0.388,0.401
17:47:32.873,51.531,-8.829,6.115,True,-7.856,5.189,12.722,-2.074,0.386,0.235,0.000,0.000,-8.829,6.115,10.740,0.427,0.224,0.483,0.599
17:47:32.894,51.551,-8.829,4.077,True,-7.887,4.899,11.309,-4.588,0.246,0.278,0.000,0.000,-8.829,4.077,9.725,0.287,0.290,0.408,0.907
17:47:32.914,51.571,-8.829,4.077,True,-7.932,4.638,10.120,-6.294,0.148,0.288,0.000,0.000,-8.829,4.077,9.725,0.186,0.347,0.393,0.834
17:47:32.934,51.592,-8.829,6.115,True,-7.985,4.884,9.153,-4.227,0.249,0.335,0.000,0.000,-8.829,6.115,10.740,0.302,0.395,0.497,0.864
17:47:32.955,51.612,-8.829,4.077,True,-8.041,4.632,8.395,-5.951,0.153,0.370,0.000,0.000,-8.829,4.077,9.725,0.201,0.434,0.478,0.482
17:47:32.975,51.633,-8.829,6.115,True,-8.095,4.885,7.826,-3.915,0.283,0.408,0.000,0.000,-8.829,6.115,10.740,0.316,0.464,0.561,0.798
17:47:32.995,51.653,-8.829,6.115,True,-8.145,5.111,7.419,-2.566,0.364,0.446,0.000,0.000,-8.829,6.115,10.740,0.398,0.487,0.629,0.789
17:47:33.015,51.673,-8.829,4.077,True,-8.190,4.831,7.149,-4.884,0.217,0.449,0.000,0.000,-8.829,4.077,9.725,0.268,0.503,0.570,0.506
17:47:33.036,51.693,-8.829,6.115,True,-8.229,5.055,6.990,-3.323,0.315,0.441,0.000,0.000,-8.829,6.115,10.740,0.359,0.514,0.627,0.748
17:47:33.056,51.714,-8.829,4.077,True,-8.261,4.776,6.917,-5.452,0.169,0.476,0.000,0.000,-8.829,4.077,9.725,0.237,0.521,0.572,0.706
17:47:33.078,51.735,-8.829,4.077,True,-8.123,4.667,7.987,-5.939,0.127,0.430,0.000,0.000,-8.829,4.077,9.725,0.205,0.460,0.503,0.692
17:47:33.098,51.756,-8.829,4.077,True,-8.207,4.416,7.369,-7.210,0.052,0.464,0.000,0.000,-8.829,4.077,9.725,0.123,0.495,0.511,0.708
17:47:33.119,51.776,-8.829,6.115,True,-8.265,4.763,7.091,-4.358,0.222,0.511,0.000,0.000,-8.829,6.115,10.740,0.284,0.514,0.587,0.758
17:47:33.139,51.796,-8.829,6.115,True,-8.304,5.044,7.012,-2.628,0.270,0.446,0.000,0.000,-8.829,6.115,10.740,0.388,0.521,0.650,0.654
17:47:33.159,51.816,-8.829,4.077,True,-8.329,4.765,7.043,-4.854,-0.071,0.511,0.000,0.000,-8.829,4.077,9.725,0.262,0.522,0.584,0.836
17:47:33.179,51.837,-8.829,4.077,True,-8.343,4.525,7.131,-6.300,-0.260,0.650,0.000,0.000,-8.829,4.077,9.725,0.174,0.520,0.548,0.428
17:47:33.200,51.857,-8.829,6.115,True,-8.350,4.808,7.242,-4.047,-0.104,0.769,0.000,0.000,-8.829,6.115,10.740,0.302,0.515,0.597,0.900
17:47:33.220,51.878,-8.829,4.077,True,-8.352,4.574,7.355,-5.654,-0.141,0.580,0.000,0.000,-8.829,4.077,9.725,0.208,0.511,0.551,0.788
17:47:33.240,51.898,-8.829,6.115,True,-8.351,4.848,7.458,-3.572,-0.069,0.645,0.000,0.000,-8.829,6.115,10.740,0.327,0.506,0.602,0.760
17:47:33.261,51.918,-8.829,4.077,True,-8.348,4.613,7.546,-5.306,-0.176,0.679,0.000,0.000,-8.829,4.077,9.725,0.227,0.502,0.551,0.535
17:47:33.284,51.942,-8.829,4.077,True,-8.344,4.407,7.616,-6.428,-0.235,0.694,0.000,0.000,-8.829,4.077,9.725,0.157,0.498,0.522,0.884
17:47:33.304,51.962,-8.829,4.077,True,-8.340,4.232,7.668,-7.058,-0.264,0.665,0.000,0.000,-8.829,4.077,9.725,0.112,0.496,0.508,0.594
17:47:33.325,51.983,-8.829,4.077,True,-8.336,4.087,7.705,-7.308,-0.273,0.659,0.000,0.000,-8.829,4.077,9.725,0.086,0.494,0.501,0.748
17:47:33.346,52.003,-8.829,4.077,True,-8.332,3.973,7.729,-7.278,-0.281,0.692,0.000,0.000,-8.829,4.077,9.725,0.076,0.492,0.498,0.806
17:47:33.367,52.024,-8.829,4.077,True,-8.329,3.885,7.743,-7.052,-0.298,0.689,0.000,0.000,-8.829,4.077,9.725,0.077,0.491,0.497,0.798
17:47:33.391,52.049,-7.063,4.077,True,-7.916,3.822,10.453,-6.701,-0.261,0.519,0.000,0.000,-7.063,4.077,8.155,0.086,0.330,0.341,0.524
17:47:33.411,52.069,-8.829,2.038,True,-7.968,3.304,9.413,-9.404,-0.422,0.561,0.000,0.000,-8.829,2.038,9.061,-0.085,0.381,0.391,0.401
17:47:33.432,52.089,-5.297,2.038,True,-7.202,2.865,13.997,-10.880,-0.533,0.298,0.000,0.000,-5.297,2.038,5.676,-0.194,0.102,0.219,0.428
17:47:33.452,52.110,-5.297,2.038,True,-6.544,2.506,16.694,-11.415,-0.690,0.137,0.000,0.000,-5.297,2.038,5.676,-0.253,-0.082,0.266,0.478
17:47:33.472,52.130,-5.297,4.077,True,-5.998,2.696,17.922,-8.141,-0.435,-0.142,0.000,0.000,-5.297,4.077,6.685,-0.090,-0.191,0.211,0.411
17:47:33.496,52.153,-5.297,-2.038,True,-5.560,1.470,18.053,-14.950,-0.945,-0.086,0.000,0.000,-5.297,-2.038,5.676,-0.513,-0.241,0.567,0.451
17:47:33.516,52.174,-5.297,2.038,True,-5.222,1.373,17.408,-12.570,-1.241,-0.090,0.000,0.000,-5.297,2.038,5.676,-0.418,-0.246,0.485,0.786
17:47:33.537,52.194,-5.297,0.000,True,-4.972,0.861,16.254,-13.426,-1.394,0.219,0.000,0.000,-5.297,0.000,5.297,-0.507,-0.220,0.552,0.814
17:47:33.557,52.214,-5.297,4.077,True,-4.798,1.402,14.808,-7.061,-0.879,0.268,0.000,0.000,-5.297,4.077,6.685,-0.171,-0.174,0.244,0.463
17:47:33.577,52.235,-5.297,4.077,True,-4.687,1.916,13.236,-2.406,-0.700,0.520,0.000,0.000,-5.297,4.077,6.685,0.085,-0.116,0.144,0.760
17:47:33.598,52.255,-5.297,4.077,True,-4.626,2.381,11.662,0.794,-0.643,0.586,0.000,0.000,-5.297,4.077,6.685,0.273,-0.052,0.278,0.770
17:47:33.618,52.276,-5.297,4.077,True,-4.603,2.787,10.173,2.799,-0.739,0.798,0.000,0.000,-5.297,4.077,6.685,0.402,0.011,0.402,0.664
17:47:33.639,52.296,-5.297,8.154,True,-4.608,4.077,8.824,10.083,-0.230,0.877,0.000,0.000,-5.297,8.154,9.724,0.853,0.071,0.856,0.476
17:47:33.659,52.317,-5.297,2.038,True,-4.633,3.758,7.648,4.909,-0.471,0.941,0.000,0.000,-5.297,2.038,5.676,0.593,0.126,0.606,0.745
17:47:33.679,52.337,-5.297,4.077,True,-4.670,3.908,6.658,4.029,-0.740,1.289,0.000,0.000,-5.297,4.077,6.685,0.569,0.173,0.594,0.743
17:47:33.700,52.357,-1.766,2.038,True,-3.893,3.535,11.245,-0.117,-1.086,1.100,0.000,0.000,-1.766,2.038,2.697,0.348,-0.107,0.364,0.777
17:47:33.722,52.379,-256.044,201.808,False,-3.668,3.533,11.025,-0.833,-1.086,1.100,0.000,0.000,-256.044,201.808,326.014,0.000,0.000,0.000,0.580
17:47:33.742,52.399,-1.766,6.115,True,-2.973,4.249,13.838,3.140,-0.688,0.627,0.000,0.000,-1.766,6.115,6.365,0.564,-0.313,0.645,0.422
17:47:33.762,52.420,-1.766,8.154,True,-2.448,5.337,14.762,8.452,-0.259,0.004,0.000,0.000,-1.766,8.154,8.343,0.907,-0.407,0.994,0.422
17:47:33.783,52.440,-1.766,6.115,True,-2.054,5.662,14.549,7.569,-0.253,0.061,0.000,0.000,-1.766,6.115,6.365,0.900,-0.437,1.001,0.701
17:47:33.803,52.461,-1.766,8.154,True,-1.764,6.393,13.647,9.373,-0.028,-0.129,0.000,0.000,-1.766,8.154,8.343,1.053,-0.426,1.136,0.795
17:47:33.824,52.481,-1.766,10.192,True,-1.557,7.455,12.349,12.752,0.583,-0.254,0.000,0.000,-1.766,10.192,10.344,1.308,-0.389,1.365,0.847
17:47:33.844,52.502,-1.766,8.154,True,-1.419,7.816,10.857,10.739,0.281,-0.152,0.000,0.000,-1.766,8.154,8.343,1.256,-0.337,1.300,0.791
17:47:33.864,52.522,0.000,8.154,True,-0.919,8.060,11.985,8.345,0.237,-0.186,0.000,0.000,0.000,8.154,8.154,1.174,-0.437,1.253,0.819
17:47:33.884,52.542,0.000,8.154,True,-0.520,8.210,12.116,5.822,0.330,-0.108,0.000,0.000,0.000,8.154,8.154,1.078,-0.483,1.181,0.488
17:47:33.905,52.563,1.766,8.154,True,0.199,8.286,14.226,3.346,0.264,-0.453,0.000,0.000,1.766,8.154,8.343,0.976,-0.648,1.172,0.806
17:47:33.925,52.583,1.766,4.077,True,0.781,7.358,14.847,-5.165,0.078,-0.168,0.000,0.000,1.766,4.077,4.443,0.508,-0.733,0.892,0.679
17:47:33.946,52.603,1.766,10.192,True,1.238,7.938,14.388,-1.730,0.314,-0.257,0.000,0.000,1.766,10.192,10.344,0.717,-0.759,1.044,0.695
17:47:33.966,52.623,1.766,12.231,True,1.582,8.908,13.195,3.406,0.632,-0.262,0.000,0.000,1.766,12.231,12.358,1.041,-0.741,1.278,0.684
17:47:33.986,52.643,1.766,12.231,True,1.827,9.733,11.552,6.244,0.990,-0.345,0.000,0.000,1.766,12.231,12.358,1.249,-0.693,1.428,0.631
17:47:34.007,52.664,1.766,16.308,True,1.990,11.357,9.681,13.551,1.582,-0.373,0.000,0.000,1.766,16.308,16.403,1.734,-0.626,1.843,0.849
17:47:34.027,52.684,1.766,12.231,True,2.087,11.768,7.754,10.912,1.306,-0.303,0.000,0.000,1.766,12.231,12.358,1.658,-0.551,1.748,0.693
17:47:34.046,52.704,1.766,16.308,True,2.131,12.991,5.894,14.122,1.584,-0.341,0.000,0.000,1.766,16.308,16.403,1.922,-0.473,1.980,0.395
17:47:34.067,52.725,1.766,14.269,True,2.137,13.505,4.182,11.697,1.497,-0.220,0.000,0.000,1.766,14.269,14.378,1.867,-0.398,1.909,0.754
17:47:34.087,52.745,1.766,12.231,True,2.115,13.388,2.668,5.552,1.155,-0.250,0.000,0.000,1.766,12.231,12.358,1.584,-0.329,1.618,0.493
17:47:34.108,52.765,1.766,12.231,True,2.074,13.204,1.376,0.357,0.708,0.029,0.000,0.000,1.766,12.231,12.358,1.336,-0.268,1.363,0.693
17:47:34.128,52.786,3.532,18.346,True,2.434,14.406,3.012,5.466,1.242,0.053,0.000,0.000,3.532,18.346,18.683,1.682,-0.376,1.723,0.779
17:47:34.152,52.809,5.297,18.346,True,3.146,15.406,6.525,7.868,1.504,-0.090,0.000,0.000,5.297,18.346,19.096,1.888,-0.603,1.982,0.526
17:47:34.172,52.830,3.532,18.346,True,3.336,16.210,5.676,8.243,1.431,0.033,0.000,0.000,3.532,18.346,18.683,1.985,-0.584,2.069,0.609
17:47:34.193,52.850,5.297,16.308,True,3.879,16.359,7.299,4.063,1.277,-0.081,0.000,0.000,5.297,16.308,17.147,1.815,-0.710,1.949,0.913
17:47:34.213,52.870,5.297,12.231,True,4.321,15.462,7.784,-6.099,0.736,-0.370,0.000,0.000,5.297,12.231,13.329,1.277,-0.776,1.494,0.786
17:47:34.234,52.891,5.297,12.231,True,4.667,14.618,7.445,-13.472,0.348,-0.683,0.000,0.000,5.297,12.231,13.329,0.867,-0.795,1.177,0.960
17:47:34.253,52.911,5.297,16.308,True,4.928,14.803,6.546,-12.261,0.403,-0.648,0.000,0.000,5.297,16.308,17.147,0.939,-0.782,1.222,0.400
17:47:34.274,52.931,5.297,16.308,True,5.114,14.965,5.304,-11.518,0.473,-0.497,0.000,0.000,5.297,16.308,17.147,0.988,-0.746,1.238,0.441
17:47:34.294,52.952,5.297,12.231,True,5.238,14.153,3.890,-17.372,0.067,-0.373,0.000,0.000,5.297,12.231,13.329,0.648,-0.696,0.951,0.840
17:47:34.314,52.972,5.297,12.231,True,5.312,13.439,2.432,-21.109,-0.014,-0.142,0.000,0.000,5.297,12.231,13.329,0.412,-0.639,0.760,0.696
17:47:34.335,52.992,5.297,12.231,True,5.346,12.835,1.024,-23.157,-0.110,-0.232,0.000,0.000,5.297,12.231,13.329,0.261,-0.580,0.636,0.820
17:47:34.355,53.012,5.297,10.192,True,5.350,11.865,-0.272,-27.021,-0.308,-0.287,0.000,0.000,5.297,10.192,11.487,-0.006,-0.523,0.523,0.471
17:47:34.376,53.033,5.297,10.192,True,5.334,11.062,-1.419,-28.738,-0.370,-0.138,0.000,0.000,5.297,10.192,11.487,-0.162,-0.471,0.498,0.720
17:47:34.396,53.053,5.297,8.154,True,5.304,9.945,-2.399,-31.967,-0.672,-0.200,0.000,0.000,5.297,8.154,9.724,-0.417,-0.424,0.595,0.761
17:47:34.417,53.074,5.297,8.154,True,5.256,9.305,-3.271,-31.112,-0.616,-0.176,0.000,0.000,5.297,8.154,9.724,-0.443,-0.381,0.584,0.626
17:47:34.437,53.094,5.297,12.231,True,5.220,9.683,-3.861,-23.803,-0.353,0.016,0.000,0.000,5.297,12.231,13.329,-0.082,-0.352,0.361,0.700
17:47:34.460,53.117,5.297,12.231,True,5.143,9.207,-4.583,-23.634,-0.392,-0.207,0.000,0.000,5.297,12.231,13.329,-0.122,-0.312,0.335,0.345
17:47:34.480,53.138,5.297,12.231,True,5.130,9.847,-4.746,-16.588,0.060,-0.338,0.000,0.000,5.297,12.231,13.329,0.253,-0.303,0.395,0.393
17:47:34.501,53.159,5.297,10.192,True,5.111,9.711,-4.913,-15.929,-0.203,0.002,0.000,0.000,5.297,10.192,11.487,0.268,-0.294,0.398,0.624
17:47:34.522,53.179,5.297,8.154,True,5.089,9.059,-5.055,-18.490,-0.430,0.104,0.000,0.000,5.297,8.154,9.724,0.090,-0.286,0.300,0.743
17:47:34.542,53.200,5.297,6.115,True,5.067,8.032,-5.161,-22.681,-0.630,0.062,0.000,0.000,5.297,6.115,8.091,-0.198,-0.279,0.342,0.664
17:47:34.563,53.220,5.297,8.154,True,5.046,7.720,-5.226,-21.398,-0.615,0.219,0.000,0.000,5.297,8.154,9.724,-0.172,-0.274,0.324,0.820
17:47:34.583,53.240,5.297,8.154,True,5.027,7.499,-5.252,-19.744,-0.662,0.586,0.000,0.000,5.297,8.154,9.724,-0.122,-0.271,0.297,0.801
17:47:34.603,53.260,5.297,10.192,True,5.011,7.835,-5.244,-14.846,-0.270,0.563,0.000,0.000,5.297,10.192,11.487,0.128,-0.270,0.299,0.761
17:47:34.624,53.281,5.297,6.115,True,4.998,7.205,-5.207,-17.256,-0.511,0.398,0.000,0.000,5.297,6.115,8.091,-0.041,-0.270,0.273,0.783
17:47:34.644,53.301,5.297,6.115,True,4.988,6.686,-5.150,-18.299,-0.565,0.219,0.000,0.000,5.297,6.115,8.091,-0.139,-0.271,0.305,0.449
17:47:34.664,53.322,5.297,6.115,True,4.981,6.273,-5.080,-18.325,-0.479,-0.112,0.000,0.000,5.297,6.115,8.091,-0.182,-0.274,0.329,0.760
17:47:34.686,53.343,5.297,6.115,True,4.976,5.955,-5.004,-17.632,-0.554,0.008,0.000,0.000,5.297,6.115,8.091,-0.183,-0.277,0.332,0.854
17:47:34.707,53.364,5.297,6.115,True,4.974,5.721,-4.928,-16.470,-0.098,-0.110,0.000,0.000,5.297,6.115,8.091,-0.155,-0.280,0.320,0.913
17:47:34.728,53.385,5.297,6.115,True,4.974,5.560,-4.856,-15.042,-0.015,0.321,0.000,0.000,5.297,6.115,8.091,-0.108,-0.283,0.303,0.754
17:47:34.748,53.405,5.297,10.192,True,4.975,6.407,-4.791,-7.246,0.623,0.450,0.000,0.000,5.297,10.192,11.487,0.321,-0.286,0.430,0.785
17:47:34.768,53.425,5.297,6.115,True,4.976,6.228,-4.736,-8.131,0.720,1.038,0.000,0.000,5.297,6.115,8.091,0.264,-0.289,0.391,0.490
17:47:34.788,53.446,5.297,10.192,True,4.978,7.026,-4.690,-2.336,1.016,1.415,0.000,0.000,5.297,10.192,11.487,0.600,-0.291,0.666,0.775
17:47:34.809,53.466,5.297,10.192,True,4.981,7.728,-4.654,1.362,1.486,1.285,0.000,0.000,5.297,10.192,11.487,0.833,-0.293,0.883,0.677
17:47:34.829,53.487,5.297,6.115,True,4.983,7.373,-4.626,-2.863,1.132,1.149,0.000,0.000,5.297,6.115,8.091,0.611,-0.294,0.678,0.784
17:47:34.850,53.507,5.297,6.115,True,4.985,7.036,-4.607,-5.958,0.932,1.025,0.000,0.000,5.297,6.115,8.091,0.441,-0.295,0.530,0.803
17:47:34.870,53.528,5.297,6.115,True,4.987,6.731,-4.594,-8.091,0.610,1.091,0.000,0.000,5.297,6.115,8.091,0.316,-0.296,0.433,0.897
17:47:34.891,53.548,5.297,6.115,True,4.989,6.463,-4.587,-9.434,0.665,1.063,0.000,0.000,5.297,6.115,8.091,0.230,-0.296,0.375,0.483
17:47:34.912,53.569,5.297,6.115,True,4.990,6.238,-4.584,-10.150,0.572,1.036,0.000,0.000,5.297,6.115,8.091,0.176,-0.297,0.345,0.645
17:47:34.932,53.590,5.297,10.192,True,4.991,7.001,-4.584,-4.156,0.891,0.965,0.000,0.000,5.297,10.192,11.487,0.517,-0.297,0.596,0.761
17:47:34.953,53.610,8.829,6.115,True,5.813,6.732,0.811,-6.444,0.718,0.582,0.000,0.000,8.829,6.115,10.740,0.389,-0.617,0.729,0.809
17:47:34.972,53.630,8.829,6.115,True,6.527,6.489,4.126,-7.988,0.600,0.432,0.000,0.000,8.829,6.115,10.740,0.296,-0.835,0.886,0.484
17:47:34.993,53.651,8.829,6.115,True,7.125,6.280,5.801,-8.924,0.524,0.408,0.000,0.000,8.829,6.115,10.740,0.234,-0.969,0.996,0.762
17:47:35.013,53.671,8.829,8.154,True,7.610,6.578,6.236,-6.270,0.601,0.241,0.000,0.000,8.829,8.154,12.018,0.381,-1.036,1.104,0.706
17:47:35.034,53.691,8.829,6.115,True,7.989,6.375,5.778,-7.569,0.460,0.165,0.000,0.000,8.829,6.115,10.740,0.303,-1.054,1.097,0.894
17:47:35.054,53.712,8.829,6.115,True,8.273,6.198,4.719,-8.357,0.439,0.166,0.000,0.000,8.829,6.115,10.740,0.251,-1.036,1.066,0.921
17:47:35.074,53.732,8.829,6.115,True,8.475,6.051,3.296,-8.743,0.302,0.218,0.000,0.000,8.829,6.115,10.740,0.219,-0.993,1.017,0.785
17:47:35.095,53.752,8.829,6.115,True,8.608,5.931,1.697,-8.828,0.405,0.078,0.000,0.000,8.829,6.115,10.740,0.203,-0.936,0.958,0.802
17:47:35.116,53.773,8.829,4.077,True,8.685,5.365,0.061,-11.808,0.295,-0.011,0.000,0.000,8.829,4.077,9.725,0.015,-0.871,0.871,0.415
17:47:35.136,53.794,10.595,4.077,True,9.130,4.884,1.185,-13.446,0.141,-0.131,0.000,0.000,10.595,4.077,11.352,-0.105,-0.965,0.971,0.687
17:47:35.156,53.814,12.361,4.077,True,9.899,4.490,4.100,-14.053,0.054,-0.318,0.000,0.000,12.361,4.077,13.016,-0.171,-1.171,1.183,0.562
17:47:35.177,53.835,12.361,4.077,True,10.534,4.179,5.329,-13.903,0.052,-0.456,0.000,0.000,12.361,4.077,13.016,-0.196,-1.289,1.303,0.755
17:47:35.197,53.855,12.361,4.077,True,11.040,3.942,5.309,-13.231,0.051,-0.566,0.000,0.000,12.361,4.077,13.016,-0.190,-1.338,1.352,0.750
17:47:35.220,53.878,12.361,4.077,True,11.428,3.770,4.415,-12.230,0.072,-0.588,0.000,0.000,12.361,4.077,13.016,-0.163,-1.338,1.348,0.483
17:47:35.241,53.898,12.361,2.038,True,11.713,3.180,2.955,-14.166,-0.072,-0.595,0.000,0.000,12.361,2.038,12.528,-0.307,-1.302,1.338,0.461
17:47:35.261,53.918,12.361,4.077,True,11.909,3.171,1.180,-11.732,-0.007,-0.539,0.000,0.000,12.361,4.077,13.016,-0.201,-1.243,1.259,0.390
17:47:35.281,53.939,12.361,2.038,True,12.032,2.728,-0.719,-12.691,-0.113,-0.500,0.000,0.000,12.361,2.038,12.528,-0.287,-1.171,1.206,0.785
17:47:35.301,53.959,12.361,2.038,True,12.097,2.373,-2.602,-12.765,-0.143,-0.452,0.000,0.000,12.361,2.038,12.528,-0.326,-1.095,1.142,0.684
17:47:35.322,53.979,12.361,2.038,True,12.118,2.099,-4.369,-12.215,-0.152,-0.415,0.000,0.000,12.361,2.038,12.528,-0.329,-1.019,1.071,0.756
17:47:35.342,54.000,12.361,4.077,True,12.108,2.371,-5.959,-8.145,0.066,-0.345,0.000,0.000,12.361,4.077,13.016,-0.122,-0.948,0.956,0.408
17:47:35.362,54.020,12.361,4.077,True,12.075,2.642,-7.338,-5.039,0.239,-0.262,0.000,0.000,12.361,4.077,13.016,0.042,-0.884,0.885,0.388
17:47:35.383,54.041,12.361,4.077,True,12.029,2.898,-8.493,-2.780,0.405,-0.241,0.000,0.000,12.361,4.077,13.016,0.167,-0.828,0.845,0.849
17:47:35.404,54.061,12.361,2.038,True,11.975,2.656,-9.428,-4.352,0.299,-0.188,0.000,0.000,12.361,2.038,12.528,0.073,-0.781,0.785,0.808
17:47:35.425,54.082,12.361,2.038,True,11.920,2.446,-10.157,-5.312,0.237,-0.164,0.000,0.000,12.361,2.038,12.528,0.010,-0.744,0.744,0.706
17:47:35.445,54.102,12.361,2.038,True,11.867,2.269,-10.702,-5.793,0.200,-0.216,0.000,0.000,12.361,2.038,12.528,-0.029,-0.714,0.715,0.393
17:47:35.465,54.123,12.361,0.000,True,11.817,1.653,-11.088,-9.022,0.000,-0.233,0.000,0.000,12.361,0.000,12.361,-0.233,-0.692,0.730,0.785
17:47:35.486,54.143,10.595,2.038,True,11.363,1.604,-14.038,-7.680,0.057,-0.054,0.000,0.000,10.595,2.038,10.789,-0.179,-0.517,0.547,0.691
17:47:35.506,54.164,10.595,2.038,True,10.969,1.587,-15.844,-6.415,0.105,0.023,0.000,0.000,10.595,2.038,10.789,-0.124,-0.398,0.417,0.717
17:47:35.532,54.189,12.361,2.038,True,11.049,1.594,-14.051,-5.274,0.142,-0.057,0.000,0.000,12.361,2.038,12.528,-0.073,-0.485,0.490,0.384
17:47:35.553,54.210,8.829,4.077,True,10.318,2.089,-18.008,-1.170,0.377,0.185,0.000,0.000,8.829,4.077,9.725,0.157,-0.237,0.284,0.822
17:47:35.573,54.230,8.829,4.077,True,9.695,2.533,-20.218,1.578,0.554,0.325,0.000,0.000,8.829,4.077,9.725,0.323,-0.077,0.332,0.799
17:47:35.593,54.250,8.829,4.077,True,9.184,2.916,-21.082,3.223,0.598,0.287,0.000,0.000,8.829,4.077,9.725,0.434,0.012,0.434,0.829
17:47:35.614,54.271,8.829,4.077,True,8.778,3.235,-20.954,4.006,0.727,0.206,0.000,0.000,8.829,4.077,9.725,0.500,0.047,0.503,0.836
17:47:35.639,54.296,8.829,6.115,True,8.468,3.966,-20.139,7.254,0.790,0.163,0.000,0.000,8.829,6.115,10.740,0.717,0.042,0.718,0.397
17:47:35.660,54.317,8.829,6.115,True,8.243,4.577,-18.885,8.842,0.821,0.169,0.000,0.000,8.829,6.115,10.740,0.848,0.009,0.848,0.712
17:47:35.680,54.337,8.829,4.077,True,8.089,4.596,-17.394,6.067,0.739,0.087,0.000,0.000,8.829,4.077,9.725,0.727,-0.041,0.729,0.798
17:47:35.701,54.358,8.829,6.115,True,7.994,5.042,-15.817,6.707,0.808,0.017,0.000,0.000,8.829,6.115,10.740,0.800,-0.101,0.807,0.849
17:47:35.721,54.379,8.829,6.115,True,7.945,5.395,-14.266,6.496,0.860,-0.054,0.000,0.000,8.829,6.115,10.740,0.826,-0.165,0.842,0.701
17:47:35.743,54.400,8.829,6.115,True,7.931,5.662,-12.819,5.701,0.832,-0.081,0.000,0.000,8.829,6.115,10.740,0.818,-0.227,0.849,0.371
17:47:35.763,54.421,8.829,6.115,True,7.943,5.855,-11.523,4.539,0.791,-0.182,0.000,0.000,8.829,6.115,10.740,0.786,-0.286,0.836,0.389
17:47:35.784,54.441,8.829,6.115,True,7.972,5.985,-10.405,3.184,0.731,-0.248,0.000,0.000,8.829,6.115,10.740,0.739,-0.338,0.813,0.557
17:47:35.805,54.462,7.063,10.192,True,7.601,7.011,-12.170,7.994,1.007,-0.143,0.000,0.000,7.063,10.192,12.401,1.054,-0.223,1.077,0.770
17:47:35.825,54.483,7.063,6.115,True,7.289,6.926,-13.077,4.216,0.852,-0.097,0.000,0.000,7.063,6.115,9.343,0.879,-0.152,0.892,0.498
17:47:35.846,54.504,5.297,4.077,True,6.626,6.329,-16.032,-2.069,0.552,0.090,0.000,0.000,5.297,4.077,6.685,0.542,0.045,0.543,0.705
17:47:35.867,54.524,5.297,4.077,True,6.071,5.774,-17.478,-6.557,0.298,0.182,0.000,0.000,5.297,4.077,6.685,0.288,0.164,0.332,0.501
17:47:35.888,54.545,5.297,6.115,True,5.623,5.753,-17.788,-6.427,0.290,0.185,0.000,0.000,5.297,6.115,8.091,0.292,0.223,0.367,0.731
17:47:35.909,54.566,5.297,6.115,True,5.274,5.738,-17.284,-6.276,0.116,0.081,0.000,0.000,5.297,6.115,8.091,0.297,0.235,0.379,0.791
17:47:35.929,54.587,5.297,6.115,True,5.014,5.729,-16.237,-6.118,0.076,0.112,0.000,0.000,5.297,6.115,8.091,0.303,0.215,0.372,0.790
17:47:35.950,54.607,5.297,6.115,True,4.831,5.725,-14.866,-5.964,0.100,0.015,0.000,0.000,5.297,6.115,8.091,0.309,0.173,0.354,0.718
17:47:35.971,54.629,5.297,6.115,True,4.711,5.724,-13.344,-5.821,0.072,-0.142,0.000,0.000,5.297,6.115,8.091,0.315,0.118,0.337,0.521
17:47:35.992,54.649,5.297,10.192,True,4.642,6.673,-11.798,0.532,0.462,-0.161,0.000,0.000,5.297,10.192,11.487,0.691,0.057,0.693,0.654
17:47:36.012,54.669,5.297,10.192,True,4.613,7.499,-10.321,4.471,0.730,-0.233,0.000,0.000,5.297,10.192,11.487,0.947,-0.006,0.947,0.598
17:47:36.032,54.689,5.297,6.115,True,4.614,7.246,-8.973,0.276,0.528,-0.351,0.000,0.000,5.297,6.115,8.091,0.737,-0.065,0.740,0.416
17:47:36.053,54.710,5.297,12.231,True,4.635,8.408,-7.789,6.366,0.944,-0.506,0.000,0.000,5.297,12.231,13.329,1.122,-0.120,1.128,0.768
17:47:36.073,54.730,5.297,10.192,True,4.669,8.921,-6.786,6.591,0.874,-0.696,0.000,0.000,5.297,10.192,11.487,1.183,-0.167,1.195,0.380
17:47:36.094,54.751,5.297,6.115,True,4.711,8.370,-5.963,-0.325,0.391,-0.508,0.000,0.000,5.297,6.115,8.091,0.823,-0.208,0.849,0.759
17:47:36.115,54.772,5.297,10.192,True,4.756,8.788,-5.312,0.778,0.135,-0.360,0.000,0.000,5.297,10.192,11.487,0.913,-0.241,0.944,0.756
17:47:36.135,54.792,5.297,6.115,True,4.800,8.179,-4.818,-5.204,-0.459,-0.363,0.000,0.000,5.297,6.115,8.091,0.588,-0.267,0.646,0.821
17:47:36.155,54.813,5.297,10.192,True,4.842,8.567,-4.460,-3.180,-0.599,-0.374,0.000,0.000,5.297,10.192,11.487,0.716,-0.287,0.772,0.603
17:47:36.175,54.833,5.297,10.192,True,4.879,8.896,-4.218,-2.072,-0.624,-0.393,0.000,0.000,5.297,10.192,11.487,0.798,-0.302,0.853,0.544
17:47:36.196,54.853,5.297,6.115,True,4.911,8.218,-4.070,-7.895,-1.243,-0.142,0.000,0.000,5.297,6.115,8.091,0.473,-0.311,0.567,0.763
17:47:36.216,54.874,5.297,8.154,True,4.939,8.082,-3.997,-8.724,-1.142,0.320,0.000,0.000,5.297,8.154,9.724,0.423,-0.317,0.529,0.800
17:47:36.236,54.894,5.297,10.192,True,4.961,8.438,-3.979,-6.104,-0.949,0.230,0.000,0.000,5.297,10.192,11.487,0.574,-0.320,0.658,0.462
17:47:36.257,54.914,5.297,6.115,True,4.978,7.805,-4.001,-10.646,-1.258,0.231,0.000,0.000,5.297,6.115,8.091,0.311,-0.321,0.447,0.569
17:47:36.280,54.937,5.297,6.115,True,4.898,7.592,-4.661,-11.284,-1.291,0.219,0.000,0.000,5.297,6.115,8.091,0.261,-0.284,0.386,0.323
17:47:36.300,54.958,5.297,8.154,True,4.944,7.588,-4.356,-10.400,-1.216,0.243,0.000,0.000,5.297,8.154,9.724,0.300,-0.302,0.426,0.811
17:47:36.321,54.978,5.297,8.154,True,4.974,7.587,-4.234,-9.713,-1.157,0.172,0.000,0.000,5.297,8.154,9.724,0.330,-0.311,0.453,0.727
17:47:36.341,54.998,5.297,12.231,True,4.994,8.630,-4.216,-2.611,-0.713,0.147,0.000,0.000,5.297,12.231,13.329,0.748,-0.313,0.811,0.633
17:47:36.361,55.019,5.297,10.192,True,5.006,8.978,-4.254,-1.627,-0.571,0.142,0.000,0.000,5.297,10.192,11.487,0.826,-0.313,0.883,0.461
17:47:36.382,55.039,5.297,6.115,True,5.012,8.260,-4.318,-7.667,-0.857,0.138,0.000,0.000,5.297,6.115,8.091,0.488,-0.311,0.578,0.389
17:47:36.402,55.059,5.297,12.231,True,5.014,9.089,-4.390,-2.396,-0.514,0.094,0.000,0.000,5.297,12.231,13.329,0.803,-0.308,0.860,0.431
17:47:36.423,55.080,5.297,12.231,True,5.014,9.793,-4.459,0.789,-0.284,0.118,0.000,0.000,5.297,12.231,13.329,1.014,-0.305,1.059,0.844
17:47:36.443,55.100,5.297,8.154,True,5.012,9.421,-4.520,-3.803,-0.433,0.063,0.000,0.000,5.297,8.154,9.724,0.774,-0.302,0.831,0.757
17:47:36.463,55.120,5.297,14.269,True,5.009,10.493,-4.569,2.081,-0.054,-0.003,0.000,0.000,5.297,14.269,15.221,1.141,-0.299,1.180,0.749
17:47:36.484,55.141,5.297,10.192,True,5.006,10.455,-4.606,-0.784,-0.114,-0.018,0.000,0.000,5.297,10.192,11.487,1.011,-0.297,1.054,0.794
17:47:36.506,55.163,5.297,10.192,True,5.003,10.382,-4.632,-3.238,-0.233,0.009,0.000,0.000,5.297,10.192,11.487,0.895,-0.296,0.943,0.494
17:47:36.527,55.184,5.297,10.192,True,5.000,10.288,-4.649,-5.268,-0.398,-0.007,0.000,0.000,5.297,10.192,11.487,0.796,-0.295,0.849,0.748
17:47:36.547,55.205,5.297,16.308,True,4.998,11.606,-4.658,2.463,0.106,-0.166,0.000,0.000,5.297,16.308,17.147,1.269,-0.294,1.303,0.791
17:47:36.568,55.225,5.297,12.231,True,4.996,11.789,-4.661,0.736,0.099,-0.195,0.000,0.000,5.297,12.231,13.329,1.211,-0.294,1.247,0.852
17:47:36.588,55.245,5.297,16.308,True,4.995,12.851,-4.661,5.144,0.454,-0.167,0.000,0.000,5.297,16.308,17.147,1.512,-0.294,1.540,0.758
17:47:36.610,55.267,5.297,16.308,True,4.994,13.734,-4.658,7.173,0.648,-0.129,0.000,0.000,5.297,16.308,17.147,1.690,-0.294,1.715,0.719
17:47:36.630,55.288,5.297,18.346,True,4.993,14.917,-4.653,10.544,0.935,-0.254,0.000,0.000,5.297,18.346,19.096,1.957,-0.294,1.979,0.725
17:47:36.651,55.308,5.297,18.346,True,4.992,15.876,-4.648,11.450,1.107,-0.463,0.000,0.000,5.297,18.346,19.096,2.093,-0.294,2.114,0.837
17:47:36.671,55.328,5.297,18.346,True,4.992,16.626,-4.643,10.579,1.188,-0.480,0.000,0.000,5.297,18.346,19.096,2.130,-0.294,2.150,0.783
17:47:36.692,55.349,5.297,14.269,True,4.992,16.240,-4.638,2.274,0.861,-0.443,0.000,0.000,5.297,14.269,15.221,1.724,-0.294,1.749,1.173
17:47:36.712,55.369,5.297,14.269,True,4.992,15.817,-4.634,-4.352,0.613,-0.479,0.000,0.000,5.297,14.269,15.221,1.390,-0.295,1.420,0.823
17:47:36.731,55.389,5.297,14.269,True,4.992,15.390,-4.630,-9.440,0.392,-0.565,0.000,0.000,5.297,14.269,15.221,1.122,-0.295,1.160,0.597
17:47:36.752,55.410,5.297,18.346,True,4.992,15.933,-4.626,-6.941,0.568,-0.535,0.000,0.000,5.297,18.346,19.096,1.287,-0.295,1.320,1.029
17:47:36.773,55.430,5.297,14.269,True,4.992,15.439,-4.624,-11.914,0.504,-0.406,0.000,0.000,5.297,14.269,15.221,1.018,-0.295,1.060,0.802
17:47:36.793,55.450,5.297,12.231,True,4.992,14.511,-4.622,-18.543,0.404,-0.049,0.000,0.000,5.297,12.231,13.329,0.633,-0.295,0.698,0.802
17:47:36.813,55.470,5.297,18.346,True,4.992,15.117,-4.620,-13.418,0.315,0.305,0.000,0.000,5.297,18.346,19.096,0.919,-0.295,0.966,0.398
17:47:36.834,55.491,5.297,14.269,True,4.992,14.714,-4.619,-16.193,-0.084,0.313,0.000,0.000,5.297,14.269,15.221,0.757,-0.295,0.812,0.820
17:47:36.855,55.512,5.297,12.231,True,4.992,13.889,-4.618,-21.046,-0.443,0.197,0.000,0.000,5.297,12.231,13.329,0.460,-0.295,0.547,0.729
17:47:36.875,55.532,5.297,12.231,True,4.992,13.180,-4.617,-23.880,-0.530,0.182,0.000,0.000,5.297,12.231,13.329,0.264,-0.295,0.396,0.413
17:47:36.896,55.553,5.297,14.269,True,4.992,13.067,-4.617,-22.030,-0.298,0.125,0.000,0.000,5.297,14.269,15.221,0.334,-0.295,0.446,0.772
17:47:36.918,55.575,5.297,12.231,True,4.992,12.534,-4.616,-23.321,-0.508,0.131,0.000,0.000,5.297,12.231,13.329,0.224,-0.295,0.371,0.444
17:47:36.938,55.596,3.532,16.308,True,4.582,13.053,-7.313,-17.306,-0.139,-0.236,0.000,0.000,3.532,16.308,16.686,0.541,-0.135,0.558,0.842
17:47:36.959,55.616,1.766,10.192,True,3.815,12.123,-11.668,-22.258,-0.420,-0.274,0.000,0.000,1.766,10.192,10.344,0.230,0.133,0.266,0.847
17:47:36.978,55.636,1.766,14.269,True,3.160,12.280,-14.168,-18.772,-0.158,-0.045,0.000,0.000,1.766,14.269,14.378,0.399,0.309,0.505,0.424
17:47:36.999,55.656,1.766,10.192,True,2.619,11.506,-15.229,-22.207,-0.544,-0.121,0.000,0.000,1.766,10.192,10.344,0.170,0.410,0.444,0.736
17:47:37.026,55.683,1.766,10.192,True,2.187,10.860,-15.223,-23.886,-0.629,0.143,0.000,0.000,1.766,10.192,10.344,0.032,0.453,0.454,0.444
17:47:37.046,55.704,1.766,10.192,True,1.855,10.338,-14.470,-24.241,-0.619,-0.233,0.000,0.000,1.766,10.192,10.344,-0.036,0.453,0.455,0.767
17:47:37.067,55.724,1.766,10.192,True,1.612,9.932,-13.233,-23.650,-0.783,-0.186,0.000,0.000,1.766,10.192,10.344,-0.051,0.423,0.426,0.794
17:47:37.088,55.745,1.766,14.269,True,1.445,10.577,-11.726,-16.200,-0.488,0.015,0.000,0.000,1.766,14.269,14.378,0.343,0.373,0.507,0.828
17:47:37.108,55.765,1.766,10.192,True,1.339,10.239,-10.111,-16.996,-0.626,-0.200,0.000,0.000,1.766,10.192,10.344,0.274,0.312,0.415,0.910
17:47:37.128,55.785,1.766,8.154,True,1.283,9.493,-8.509,-20.223,-1.011,-0.409,0.000,0.000,1.766,8.154,8.343,0.057,0.247,0.254,0.432
17:47:37.149,55.806,1.766,10.192,True,1.265,9.345,-7.004,-18.654,-1.075,-0.480,0.000,0.000,1.766,10.192,10.344,0.111,0.183,0.214,0.788
17:47:37.169,55.826,1.766,8.154,True,1.274,8.782,-5.649,-20.132,-1.082,-0.775,0.000,0.000,1.766,8.154,8.343,-0.010,0.122,0.122,0.716
17:47:37.189,55.847,1.766,10.192,True,1.301,8.801,-4.474,-17.342,-0.822,-0.869,0.000,0.000,1.766,10.192,10.344,0.115,0.067,0.133,0.878
17:47:37.209,55.866,1.766,8.154,True,1.340,8.384,-3.490,-18.036,-0.998,-0.743,0.000,0.000,1.766,8.154,8.343,0.042,0.020,0.047,0.443
17:47:37.230,55.888,0.000,8.154,True,0.975,8.054,-5.389,-17.923,-0.838,-0.695,0.000,0.000,0.000,8.154,8.154,0.014,0.140,0.141,0.911
17:47:37.251,55.908,-1.766,10.192,True,0.256,8.275,-9.123,-14.139,-0.606,-0.461,0.000,0.000,-1.766,10.192,10.344,0.203,0.377,0.428,0.490
17:47:37.271,55.929,-1.766,10.192,True,-0.354,8.504,-11.157,-11.198,-0.356,-0.296,0.000,0.000,-1.766,10.192,10.344,0.356,0.528,0.637,0.691
17:47:37.292,55.950,-1.766,10.192,True,-0.853,8.724,-11.888,-9.009,-0.631,-0.217,0.000,0.000,-1.766,10.192,10.344,0.475,0.610,0.773,0.739
17:47:37.312,55.970,-1.766,16.308,True,-1.248,10.348,-11.665,1.872,0.030,-0.539,0.000,0.000,-1.766,16.308,16.403,1.117,0.640,1.288,0.406
17:47:37.333,55.990,-1.766,16.308,True,-1.547,11.761,-10.785,8.621,0.314,-0.537,0.000,0.000,-1.766,16.308,16.403,1.557,0.631,1.680,0.837
17:47:37.353,56.010,-1.766,12.231,True,-1.764,12.003,-9.494,5.877,0.132,-0.434,0.000,0.000,-1.766,12.231,12.358,1.460,0.595,1.576,0.475
17:47:37.373,56.031,-1.766,18.346,True,-1.910,13.567,-7.984,12.386,0.663,-0.554,0.000,0.000,-1.766,18.346,18.431,1.903,0.543,1.979,0.703
17:47:37.394,56.051,-3.532,12.231,True,-2.409,13.446,-9.100,6.058,0.287,-0.461,0.000,0.000,-3.532,12.231,12.730,1.612,0.643,1.735,0.794
17:47:37.414,56.071,-3.532,12.231,True,-2.810,13.257,-9.216,0.704,0.298,-0.582,0.000,0.000,-3.532,12.231,12.730,1.357,0.688,1.521,0.754
17:47:37.434,56.092,-5.297,16.308,True,-3.529,13.977,-11.321,2.554,0.480,-0.465,0.000,0.000,-5.297,16.308,17.147,1.510,0.853,1.734,0.490
17:47:37.455,56.113,-5.297,16.308,True,-4.114,14.557,-11.924,2.933,0.492,-0.378,0.000,0.000,-5.297,16.308,17.147,1.585,0.938,1.842,0.718
17:47:37.476,56.133,-5.297,16.308,True,-4.572,15.009,-11.441,2.259,0.641,-0.282,0.000,0.000,-5.297,16.308,17.147,1.601,0.962,1.868,0.801
17:47:37.496,56.154,-5.297,18.346,True,-4.916,15.819,-10.222,3.998,0.907,-0.145,0.000,0.000,-5.297,18.346,19.096,1.758,0.943,1.995,0.729
17:47:37.517,56.174,-5.297,18.346,True,-5.121,15.899,-8.285,0.385,0.585,-0.104,0.000,0.000,-5.297,18.346,19.096,1.607,0.878,1.831,0.762
17:47:37.537,56.194,-8.829,12.231,True,-6.285,14.870,-12.873,-9.547,-0.064,-0.107,0.000,0.000,-8.829,12.231,15.085,1.066,1.197,1.602,0.728
17:47:37.559,56.216,-8.829,12.231,True,-6.543,14.679,-10.414,-11.737,-0.163,0.016,0.000,0.000,-8.829,12.231,15.085,0.950,1.114,1.464,0.370
17:47:37.580,56.237,-8.829,18.346,True,-7.412,15.686,-12.164,-6.106,0.165,0.005,0.000,0.000,-8.829,18.346,20.360,1.299,1.278,1.822,0.761
17:47:37.600,56.257,-8.829,16.308,True,-7.995,15.779,-11.581,-7.481,0.284,-0.002,0.000,0.000,-8.829,16.308,18.544,1.248,1.311,1.810,0.863
17:47:37.620,56.278,-14.127,18.346,True,-9.813,16.360,-18.462,-5.636,0.501,0.545,0.000,0.000,-14.127,18.346,23.155,1.387,1.796,2.270,0.583
17:47:37.641,56.298,-10.595,18.346,True,-10.288,16.784,-15.414,-5.220,0.685,0.588,0.000,0.000,-10.595,18.346,21.186,1.448,1.709,2.240,0.774
17:47:37.661,56.318,-12.361,12.231,True,-11.031,15.583,-14.588,-14.967,0.238,0.494,0.000,0.000,-12.361,12.231,17.389,0.898,1.747,1.964,0.704
17:47:37.681,56.338,-12.361,12.231,True,-11.572,14.550,-12.564,-21.415,-0.066,0.348,0.000,0.000,-12.361,12.231,17.389,0.510,1.712,1.786,0.672
17:47:37.701,56.359,-12.361,14.269,True,-11.951,14.156,-9.855,-22.239,-0.546,0.396,0.000,0.000,-12.361,14.269,18.879,0.434,1.630,1.687,0.529
17:47:37.722,56.379,-12.361,16.308,True,-12.198,14.320,-6.827,-19.215,-0.389,0.129,0.000,0.000,-12.361,16.308,20.463,0.584,1.521,1.629,0.803
17:47:37.742,56.399,-12.361,16.308,True,-12.341,14.489,-3.742,-16.822,0.096,-0.148,0.000,0.000,-12.361,16.308,20.463,0.706,1.399,1.567,0.505
17:47:37.763,56.420,-14.127,12.231,True,-12.813,13.705,-3.470,-21.196,0.356,-0.261,0.000,0.000,-14.127,12.231,18.686,0.435,1.434,1.499,0.822
17:47:37.783,56.441,-17.658,6.115,True,-13.993,11.616,-7.814,-33.031,-0.375,0.678,0.000,0.000,-17.658,6.115,18.687,-0.296,1.744,1.769,0.800
17:47:37.804,56.461,-15.892,16.308,True,-14.554,12.199,-6.900,-24.227,0.290,0.931,0.000,0.000,-15.892,16.308,22.771,0.151,1.760,1.766,0.740
17:47:37.824,56.482,-15.892,10.192,True,-14.971,11.361,-5.125,-26.872,0.003,1.545,0.000,0.000,-15.892,10.192,18.880,-0.050,1.723,1.724,0.613
17:47:37.845,56.502,-21.190,8.154,True,-16.497,10.202,-10.976,-30.868,-0.627,2.506,0.000,0.000,-21.190,8.154,22.705,-0.342,2.134,2.161,0.818
17:47:37.865,56.523,-15.892,22.423,True,-16.525,12.573,-5.325,-10.447,0.497,1.894,0.000,0.000,-15.892,22.423,27.484,0.796,1.888,2.049,0.796
17:47:37.889,56.546,-17.658,22.423,True,-16.870,14.706,-3.025,3.362,1.467,1.804,0.000,0.000,-17.658,22.423,28.541,1.619,1.821,2.436,0.774
17:47:37.909,56.567,-19.424,22.423,True,-17.511,16.555,-3.111,11.775,2.089,1.683,0.000,0.000,-19.424,22.423,29.666,2.175,1.888,2.881,0.463
17:47:37.930,56.587,-19.424,22.423,True,-18.004,18.102,-2.068,15.944,2.398,1.679,0.000,0.000,-19.424,22.423,29.666,2.514,1.892,3.146,0.755
17:47:37.950,56.608,-19.424,16.308,True,-18.367,17.929,-0.294,7.541,1.801,1.783,0.000,0.000,-19.424,16.308,25.362,2.126,1.850,2.818,0.815
17:47:37.970,56.628,-19.424,16.308,True,-18.617,17.667,1.896,0.460,1.906,1.434,0.000,0.000,-19.424,16.308,25.362,1.787,1.778,2.521,0.523
17:47:37.991,56.648,-19.424,12.231,True,-18.776,16.409,4.257,-11.545,1.355,1.407,0.000,0.000,-19.424,12.231,22.954,1.131,1.690,2.033,0.784
17:47:38.011,56.668,-19.424,24.462,True,-18.861,18.105,6.607,-1.202,1.943,1.107,0.000,0.000,-19.424,24.462,31.236,1.757,1.595,2.373,0.676
17:47:38.032,56.689,-19.424,24.462,True,-18.891,19.565,8.821,4.940,2.391,0.895,0.000,0.000,-19.424,24.462,31.236,2.175,1.500,2.642,0.752
17:47:38.052,56.709,-22.956,24.462,True,-19.700,20.779,5.421,7.804,2.648,1.289,0.000,0.000,-22.956,24.462,33.546,2.422,1.731,2.977,0.457
17:47:38.072,56.729,-22.956,24.462,True,-20.374,21.755,3.838,8.214,2.514,1.154,0.000,0.000,-22.956,24.462,33.546,2.538,1.868,3.151,0.799
17:47:38.095,56.752,-22.956,24.462,True,-20.915,22.510,3.615,6.883,2.483,1.097,0.000,0.000,-22.956,24.462,33.546,2.555,1.932,3.203,0.740
17:47:38.115,56.772,-22.956,16.308,True,-21.334,21.174,4.357,-8.049,1.662,1.314,0.000,0.000,-22.956,16.308,28.159,1.762,1.941,2.622,0.774
17:47:38.135,56.793,-22.956,24.462,True,-21.644,21.815,5.735,-6.404,1.793,1.495,0.000,0.000,-22.956,24.462,33.546,1.899,1.911,2.694,0.609
17:47:38.156,56.813,-21.190,24.462,True,-21.450,22.331,10.180,-6.067,1.952,1.291,0.000,0.000,-21.190,24.462,32.363,1.965,1.696,2.596,0.771
17:47:38.177,56.834,-22.956,24.462,True,-21.644,22.733,11.054,-6.667,1.926,1.365,0.000,0.000,-22.956,24.462,33.546,1.979,1.676,2.594,1.187
17:47:38.201,56.858,-22.956,24.462,True,-21.779,23.032,12.157,-7.890,1.891,1.406,0.000,0.000,-22.956,24.462,33.546,1.955,1.641,2.553,1.106
17:47:38.221,56.878,-22.956,22.423,True,-21.866,22.770,13.361,-12.596,1.673,1.347,0.000,0.000,-22.956,22.423,32.090,1.721,1.597,2.348,0.850
17:47:38.241,56.899,-19.424,10.192,True,-21.093,19.654,19.962,-34.954,0.375,1.005,0.000,0.000,-19.424,10.192,21.936,0.423,1.228,1.299,0.767
17:47:38.262,56.919,-19.424,22.423,True,-20.399,19.761,24.425,-30.527,0.569,0.564,0.000,0.000,-19.424,22.423,29.666,0.629,0.962,1.149,0.810
17:47:38.282,56.939,-19.424,22.423,True,-19.797,19.911,27.144,-26.820,0.785,0.517,0.000,0.000,-19.424,22.423,29.666,0.807,0.782,1.124,0.752
17:47:38.302,56.959,-19.424,20.385,True,-19.294,19.609,28.491,-26.936,0.878,0.334,0.000,0.000,-19.424,20.385,28.157,0.772,0.672,1.023,0.429
17:47:38.324,56.981,-19.424,20.385,True,-18.887,19.376,28.802,-26.515,0.658,0.113,0.000,0.000,-19.424,20.385,28.157,0.767,0.617,0.985,0.778
17:47:38.344,57.002,-19.424,16.308,True,-18.569,18.256,28.371,-31.966,0.332,0.008,0.000,0.000,-19.424,16.308,25.362,0.415,0.605,0.733,0.676
17:47:38.365,57.022,-19.424,14.269,True,-18.332,16.839,27.441,-37.930,-0.069,-0.202,0.000,0.000,-19.424,14.269,24.102,0.010,0.622,0.622,0.917
17:47:38.385,57.042,-19.424,14.269,True,-18.165,15.659,26.214,-40.716,-0.349,-0.034,0.000,0.000,-19.424,14.269,24.102,-0.231,0.659,0.699,0.503
17:47:38.406,57.063,-19.424,12.231,True,-18.055,14.238,24.845,-44.233,-0.849,0.097,0.000,0.000,-19.424,12.231,22.954,-0.529,0.709,0.884,0.759
17:47:38.430,57.088,-19.424,10.192,True,-17.991,12.619,23.451,-47.974,-1.187,0.178,0.000,0.000,-19.424,10.192,21.936,-0.856,0.764,1.147,0.473
17:47:38.451,57.109,-17.658,16.308,True,-17.554,12.739,24.813,-39.117,-1.127,-0.141,0.000,0.000,-17.658,16.308,24.037,-0.453,0.660,0.800,0.722
17:47:38.472,57.129,-15.892,10.192,True,-16.787,11.547,27.949,-40.882,-1.383,-0.542,0.000,0.000,-15.892,10.192,18.880,-0.650,0.445,0.788,0.791
17:47:38.492,57.149,-17.658,8.154,True,-16.560,10.131,26.680,-43.480,-1.687,-0.744,0.000,0.000,-17.658,8.154,19.450,-0.906,0.478,1.025,0.772
17:47:38.512,57.170,-15.892,2.038,True,-15.995,7.583,27.868,-52.649,-2.370,-0.926,0.000,0.000,-15.892,2.038,16.023,-1.566,0.370,1.609,0.804
17:47:38.532,57.190,-15.892,14.269,True,-15.544,8.328,27.933,-37.614,-1.563,-0.745,0.000,0.000,-15.892,14.269,21.358,-0.827,0.321,0.888,0.757
17:47:38.553,57.210,-15.892,8.154,True,-15.196,7.710,27.208,-35.031,-1.392,-0.479,0.000,0.000,-15.892,8.154,17.862,-0.775,0.319,0.838,0.777
17:47:38.573,57.231,-15.892,8.154,True,-14.940,7.275,25.968,-31.691,-1.369,-0.373,0.000,0.000,-15.892,8.154,17.862,-0.671,0.348,0.756,0.757
17:47:38.593,57.251,-15.892,6.115,True,-14.763,6.519,24.435,-31.116,-1.418,-0.175,0.000,0.000,-15.892,6.115,17.028,-0.721,0.398,0.824,0.798
17:47:38.614,57.271,-15.892,6.115,True,-14.650,5.948,22.780,-29.300,-1.470,-0.058,0.000,0.000,-15.892,6.115,17.028,-0.698,0.460,0.836,0.722
17:47:38.636,57.293,-15.892,6.115,True,-14.589,5.537,21.131,-26.714,-1.474,0.110,0.000,0.000,-15.892,6.115,17.028,-0.625,0.526,0.817,0.695
17:47:38.657,57.314,-15.892,6.115,True,-14.567,5.261,19.576,-23.729,-1.316,0.280,0.000,0.000,-15.892,6.115,17.028,-0.521,0.593,0.789,0.790
17:47:38.677,57.334,-15.892,4.077,True,-14.575,4.622,18.172,-23.742,-1.366,0.336,0.000,0.000,-15.892,4.077,16.407,-0.586,0.655,0.879,0.751
17:47:38.697,57.355,-15.892,4.077,True,-14.602,4.131,16.951,-22.645,-1.346,0.353,0.000,0.000,-15.892,4.077,16.407,-0.586,0.712,0.922,0.702
17:47:38.718,57.375,-15.892,4.077,True,-14.641,3.770,15.925,-20.831,-1.275,0.427,0.000,0.000,-15.892,4.077,16.407,-0.542,0.761,0.935,0.702
17:47:38.739,57.396,-15.892,4.077,True,-14.687,3.522,15.092,-18.612,-1.200,0.477,0.000,0.000,-15.892,4.077,16.407,-0.469,0.803,0.930,0.410
17:47:38.760,57.417,-15.892,6.115,True,-14.736,3.839,14.440,-13.118,-0.902,0.530,0.000,0.000,-15.892,6.115,17.028,-0.195,0.836,0.859,0.804
17:47:38.780,57.438,-15.892,4.077,True,-14.783,3.693,13.950,-11.953,-0.837,0.684,0.000,0.000,-15.892,4.077,16.407,-0.158,0.863,0.877,0.797
17:47:38.800,57.458,-15.892,6.115,True,-14.826,4.072,13.602,-7.562,-0.615,0.821,0.000,0.000,-15.892,6.115,17.028,0.073,0.882,0.885,0.761
17:47:38.820,57.478,-15.892,6.115,True,-14.865,4.431,13.371,-4.362,-0.377,0.972,0.000,0.000,-15.892,6.115,17.028,0.251,0.896,0.931,0.536
17:47:38.841,57.498,-15.892,8.154,True,-14.899,5.229,13.235,0.943,0.189,0.993,0.000,0.000,-15.892,8.154,17.862,0.564,0.906,1.067,0.490
17:47:38.861,57.519,-15.892,6.115,True,-14.926,5.449,13.174,1.109,0.158,1.306,0.000,0.000,-15.892,6.115,17.028,0.594,0.911,1.088,0.706
17:47:38.881,57.538,-15.892,6.115,True,-14.948,5.621,13.168,0.872,0.267,1.476,0.000,0.000,-15.892,6.115,17.028,0.601,0.914,1.093,0.409
17:47:38.901,57.559,-15.892,6.115,True,-14.966,5.749,13.202,0.367,0.268,1.418,0.000,0.000,-15.892,6.115,17.028,0.591,0.914,1.088,0.542
17:47:38.922,57.579,-15.892,8.154,True,-14.978,6.313,13.261,2.813,0.448,1.453,0.000,0.000,-15.892,8.154,17.862,0.756,0.913,1.185,0.543
17:47:38.942,57.599,-15.892,8.154,True,-14.987,6.784,13.334,3.986,0.538,1.462,0.000,0.000,-15.892,8.154,17.862,0.854,0.910,1.248,0.473
17:47:38.962,57.619,-15.892,8.154,True,-14.993,7.164,13.414,4.200,0.603,1.498,0.000,0.000,-15.892,8.154,17.862,0.902,0.907,1.279,0.365
17:47:38.982,57.640,-15.892,8.154,True,-14.996,7.458,13.494,3.731,0.578,1.558,0.000,0.000,-15.892,8.154,17.862,0.911,0.904,1.283,0.483
17:47:39.002,57.660,-14.127,8.154,True,-14.587,7.677,16.267,2.809,0.552,1.433,0.000,0.000,-14.127,8.154,16.311,0.892,0.741,1.159,0.413
17:47:39.023,57.680,-14.127,6.115,True,-14.230,7.357,17.994,-1.494,0.359,1.200,0.000,0.000,-14.127,6.115,15.393,0.670,0.629,0.919,0.606
17:47:39.044,57.701,-12.361,8.154,True,-13.519,7.519,21.591,-1.608,0.398,1.059,0.000,0.000,-12.361,8.154,14.808,0.681,0.399,0.789,0.810
17:47:39.065,57.723,-12.361,6.115,True,-12.919,7.169,23.521,-5.102,0.049,0.935,0.000,0.000,-12.361,6.115,13.791,0.492,0.254,0.553,0.710
17:47:39.086,57.743,-12.361,8.154,True,-12.428,7.319,24.176,-4.452,0.146,0.773,0.000,0.000,-12.361,8.154,14.808,0.535,0.176,0.564,0.900
17:47:39.106,57.764,-12.361,8.154,True,-12.041,7.445,23.901,-4.141,0.318,0.679,0.000,0.000,-12.361,8.154,14.808,0.562,0.149,0.581,0.802
17:47:39.127,57.784,-12.361,6.115,True,-11.748,7.072,22.989,-7.199,0.108,0.674,0.000,0.000,-12.361,6.115,13.791,0.389,0.160,0.421,0.671
17:47:39.147,57.805,-12.361,6.115,True,-11.538,6.739,21.681,-9.241,0.003,0.730,0.000,0.000,-12.361,6.115,13.791,0.266,0.197,0.331,0.548
17:47:39.168,57.826,-12.361,8.154,True,-11.396,6.926,20.166,-7.345,0.157,0.771,0.000,0.000,-12.361,8.154,14.808,0.368,0.249,0.445,0.482
17:47:39.189,57.846,-10.595,6.115,True,-10.900,6.625,21.287,-9.116,0.049,0.635,0.000,0.000,-10.595,6.115,12.233,0.260,0.150,0.301,0.666
17:47:39.210,57.867,-10.595,4.077,True,-10.503,5.893,21.412,-13.263,-0.222,0.578,0.000,0.000,-10.595,4.077,11.352,0.004,0.105,0.105,0.796
17:47:39.230,57.887,-8.829,2.038,True,-9.785,4.794,23.530,-18.753,-0.554,0.375,0.000,0.000,-8.829,2.038,9.061,-0.348,-0.060,0.353,0.804
17:47:39.250,57.908,-8.829,2.038,True,-9.202,3.866,24.147,-21.672,-0.594,0.238,0.000,0.000,-8.829,2.038,9.061,-0.570,-0.146,0.588,0.635
17:47:39.273,57.930,-8.829,4.077,True,-8.744,3.582,23.679,-19.517,-0.643,0.181,0.000,0.000,-8.829,4.077,9.725,-0.503,-0.171,0.531,0.850
17:47:39.292,57.950,-8.829,4.077,True,-8.401,3.397,22.476,-17.131,-0.560,0.414,0.000,0.000,-8.829,4.077,9.725,-0.416,-0.152,0.443,0.398
17:47:39.313,57.971,-8.829,6.115,True,-8.155,3.766,20.823,-11.602,0.058,0.446,0.000,0.000,-8.829,6.115,10.740,-0.136,-0.104,0.171,0.784
17:47:39.334,57.991,-7.063,4.077,True,-7.582,3.660,21.641,-10.494,0.214,0.263,0.000,0.000,-7.063,4.077,8.155,-0.097,-0.197,0.220,0.762
17:47:39.356,58.013,-5.297,2.038,True,-6.719,3.122,24.063,-12.450,0.083,0.077,0.000,0.000,-5.297,2.038,5.676,-0.237,-0.390,0.457,0.780
17:47:39.375,58.033,-5.297,2.038,True,-6.237,2.873,23.262,-11.962,0.056,-0.048,0.000,0.000,-5.297,2.038,5.676,-0.241,-0.403,0.469,0.479
17:47:39.400,58.058,-5.297,2.038,True,-5.638,2.466,23.290,-12.542,0.067,-0.090,0.000,0.000,-5.297,2.038,5.676,-0.307,-0.464,0.556,0.550
17:47:39.421,58.078,-5.297,2.038,True,-5.206,2.168,22.126,-12.209,-0.165,-0.072,0.000,0.000,-5.297,2.038,5.676,-0.322,-0.456,0.558,0.764
17:47:39.441,58.099,-5.297,4.077,True,-4.900,2.475,20.330,-8.085,-0.002,-0.109,0.000,0.000,-5.297,4.077,6.685,-0.109,-0.407,0.422,0.834
17:47:39.461,58.119,-5.297,2.038,True,-4.693,2.245,18.238,-8.289,-0.074,-0.100,0.000,0.000,-5.297,2.038,5.676,-0.141,-0.336,0.364,0.393
17:47:39.482,58.139,-5.297,2.038,True,-4.563,2.069,16.060,-8.061,-0.125,-0.024,0.000,0.000,-5.297,2.038,5.676,-0.149,-0.253,0.293,0.817
17:47:39.503,58.160,-5.297,2.038,True,-4.493,1.939,13.935,-7.557,-0.101,0.042,0.000,0.000,-5.297,2.038,5.676,-0.140,-0.166,0.217,0.491
17:47:39.524,58.181,-3.532,2.038,True,-4.053,1.847,14.629,-6.890,-0.108,-0.022,0.000,0.000,-3.532,2.038,4.078,-0.119,-0.240,0.268,0.798
17:47:39.544,58.202,-3.532,2.038,True,-3.707,1.786,14.483,-6.146,-0.082,-0.042,0.000,0.000,-3.532,2.038,4.078,-0.093,-0.269,0.284,0.783
17:47:39.565,58.223,-1.766,0.000,True,-3.033,1.276,16.439,-8.480,-0.227,-0.197,0.000,0.000,-1.766,0.000,1.766,-0.247,-0.422,0.489,0.851
17:47:39.585,58.242,-1.766,2.038,True,-2.486,1.323,16.998,-6.555,-0.122,-0.280,0.000,0.000,-1.766,2.038,2.697,-0.157,-0.502,0.526,0.658
17:47:39.608,58.266,-1.766,2.038,True,-2.057,1.389,16.546,-4.941,-0.024,-0.316,0.000,0.000,-1.766,2.038,2.697,-0.079,-0.525,0.531,0.522
17:47:39.628,58.286,-1.766,8.154,True,-1.736,2.884,15.408,5.705,0.608,-0.312,0.000,0.000,-1.766,8.154,8.343,0.540,-0.507,0.741,0.413
17:47:39.649,58.306,-1.766,2.038,True,-1.506,2.775,13.850,3.127,0.539,-0.257,0.000,0.000,-1.766,2.038,2.697,0.416,-0.461,0.620,0.840
17:47:39.669,58.326,-1.766,2.038,True,-1.354,2.652,12.082,1.049,0.507,-0.194,0.000,0.000,-1.766,2.038,2.697,0.312,-0.398,0.505,0.784
17:47:39.689,58.347,-1.766,2.038,True,-1.264,2.526,10.264,-0.563,0.410,-0.129,0.000,0.000,-1.766,2.038,2.697,0.228,-0.327,0.398,0.611
17:47:39.710,58.367,-1.766,2.038,True,-1.223,2.404,8.510,-1.759,0.397,-0.071,0.000,0.000,-1.766,2.038,2.697,0.163,-0.253,0.301,0.802
17:47:39.730,58.388,-1.766,8.154,True,-1.219,3.714,6.898,6.765,0.940,0.007,0.000,0.000,-1.766,8.154,8.343,0.670,-0.183,0.694,0.752
17:47:39.750,58.407,-1.766,4.077,True,-1.240,3.902,5.475,5.737,0.909,-0.095,0.000,0.000,-1.766,4.077,4.443,0.643,-0.118,0.654,0.500
17:47:39.771,58.428,-1.766,4.077,True,-1.278,4.031,4.261,4.506,0.674,0.023,0.000,0.000,-1.766,4.077,4.443,0.602,-0.060,0.605,0.537
17:47:39.791,58.449,-1.766,2.038,True,-1.326,3.637,3.261,0.084,0.148,0.130,0.000,0.000,-1.766,2.038,2.697,0.367,-0.011,0.368,0.699
17:47:39.812,58.470,-1.766,2.038,True,-1.378,3.266,2.467,-3.117,0.179,0.073,0.000,0.000,-1.766,2.038,2.697,0.189,0.029,0.191,0.438
17:47:39.833,58.490,-1.766,2.038,True,-1.431,2.933,1.859,-5.287,0.203,0.142,0.000,0.000,-1.766,2.038,2.697,0.060,0.061,0.086,0.571
17:47:39.853,58.511,-1.766,0.000,True,-1.480,2.170,1.415,-9.731,-0.015,0.174,0.000,0.000,-1.766,0.000,1.766,-0.212,0.086,0.229,0.691
17:47:39.874,58.531,-1.766,2.038,True,-1.525,1.990,1.111,-9.198,0.005,0.211,0.000,0.000,-1.766,2.038,2.697,-0.207,0.103,0.231,0.791
17:47:39.894,58.552,-5.297,0.000,True,-2.384,1.386,-4.474,-11.532,-0.200,0.607,0.000,0.000,-5.297,0.000,5.297,-0.370,0.436,0.572,0.863
17:47:39.915,58.573,-1.766,2.038,True,-2.309,1.361,-2.496,-9.423,0.023,0.423,0.000,0.000,-1.766,2.038,2.697,-0.280,0.341,0.441,0.473
17:47:39.936,58.594,-1.766,2.038,True,-2.221,1.374,-0.889,-7.525,0.105,0.407,0.000,0.000,-1.766,2.038,2.697,-0.195,0.261,0.326,0.894
17:47:39.956,58.614,-1.766,2.038,True,-2.239,1.223,-0.352,-7.125,0.039,0.174,0.000,0.000,-1.766,2.038,2.697,-0.192,0.239,0.307,0.627
17:47:39.977,58.635,-1.766,8.154,True,-2.111,3.075,1.007,6.030,0.780,-0.090,0.000,0.000,-1.766,8.154,8.343,0.574,0.167,0.597,0.827
17:47:39.998,58.655,-3.532,2.038,True,-2.475,2.887,-1.078,2.902,0.593,0.232,0.000,0.000,-3.532,2.038,4.078,0.417,0.295,0.511,0.732
17:47:40.021,58.679,-3.532,2.038,True,-2.761,2.713,-2.135,0.589,0.615,0.225,0.000,0.000,-3.532,2.038,4.078,0.297,0.370,0.475,0.782
17:47:40.041,58.699,-3.532,2.038,True,-2.984,2.555,-2.510,-1.094,0.426,0.242,0.000,0.000,-3.532,2.038,4.078,0.207,0.409,0.459,0.389
17:47:40.062,58.719,-1.766,2.038,True,-2.727,2.413,0.278,-2.278,0.313,0.150,0.000,0.000,-1.766,2.038,2.697,0.141,0.260,0.296,0.454
17:47:40.083,58.740,-1.766,2.038,True,-2.494,2.289,2.267,-3.068,0.317,0.121,0.000,0.000,-1.766,2.038,2.697,0.093,0.149,0.176,0.837
17:47:40.103,58.760,-1.766,0.000,True,-2.288,1.703,3.609,-6.638,0.008,0.050,0.000,0.000,-1.766,0.000,1.766,-0.123,0.069,0.141,0.764
17:47:40.124,58.781,-1.766,0.000,True,-2.110,1.203,4.434,-8.765,-0.111,-0.014,0.000,0.000,-1.766,0.000,1.766,-0.267,0.015,0.267,0.795
17:47:40.144,58.801,-1.766,0.000,True,-1.962,0.788,4.854,-9.777,-0.165,-0.071,0.000,0.000,-1.766,0.000,1.766,-0.353,-0.018,0.353,0.693
17:47:40.164,58.822,-1.766,0.000,True,-1.842,0.455,4.968,-9.953,-0.210,-0.039,0.000,0.000,-1.766,0.000,1.766,-0.394,-0.035,0.395,0.733
17:47:40.185,58.842,-1.766,0.000,True,-1.748,0.196,4.860,-9.534,-0.202,-0.017,0.000,0.000,-1.766,0.000,1.766,-0.401,-0.040,0.403,0.518
17:47:40.205,58.862,-1.766,0.000,True,-1.677,0.004,4.603,-8.718,-0.208,0.045,0.000,0.000,-1.766,0.000,1.766,-0.384,-0.035,0.386,0.441
17:47:40.226,58.884,-1.766,4.077,True,-1.627,0.817,4.254,-1.433,0.212,0.036,0.000,0.000,-1.766,4.077,4.443,0.018,-0.025,0.031,0.745
17:47:40.247,58.904,-3.532,0.000,True,-2.005,0.605,1.158,-2.677,0.153,0.225,0.000,0.000,-3.532,0.000,3.532,-0.058,0.149,0.160,0.736
17:47:40.267,58.925,-1.766,0.000,True,-1.931,0.423,1.795,-3.402,0.078,0.155,0.000,0.000,-1.766,0.000,1.766,-0.108,0.114,0.157,0.718
17:47:40.288,58.945,-3.532,0.000,True,-2.276,0.273,-0.477,-3.725,0.031,0.321,0.000,0.000,-3.532,0.000,3.532,-0.137,0.249,0.284,0.797
17:47:40.308,58.966,-5.297,-2.038,True,-2.986,-0.322,-4.578,-6.867,-0.175,0.570,0.000,0.000,-5.297,-2.038,5.676,-0.335,0.501,0.603,0.458
17:47:40.330,58.987,-5.297,0.000,True,-3.594,-0.353,-6.947,-5.475,-0.191,0.786,0.000,0.000,-5.297,0.000,5.297,-0.277,0.666,0.721,0.757
17:47:40.350,59.007,-5.297,-2.038,True,-4.097,-0.829,-7.973,-7.318,-0.473,1.025,0.000,0.000,-5.297,-2.038,5.676,-0.406,0.762,0.863,0.772
17:47:40.370,59.027,-5.297,-2.038,True,-4.498,-1.222,-8.001,-8.111,-0.656,0.922,0.000,0.000,-5.297,-2.038,5.676,-0.480,0.803,0.936,0.525
17:47:40.391,59.048,-5.297,-2.038,True,-4.807,-1.537,-7.328,-8.124,-0.825,0.926,0.000,0.000,-5.297,-2.038,5.676,-0.512,0.804,0.953,0.732
17:47:40.411,59.068,-5.297,-2.038,True,-5.033,-1.778,-6.202,-7.590,-0.770,0.948,0.000,0.000,-5.297,-2.038,5.676,-0.513,0.777,0.931,0.589
17:47:40.431,59.088,-5.297,-2.038,True,-5.190,-1.955,-4.819,-6.702,-0.762,0.587,0.000,0.000,-5.297,-2.038,5.676,-0.491,0.732,0.881,0.497
17:47:40.452,59.109,-5.297,-2.038,True,-5.289,-2.077,-3.333,-5.616,-0.537,0.654,0.000,0.000,-5.297,-2.038,5.676,-0.456,0.676,0.815,0.421
17:47:40.472,59.129,-256.044,201.808,False,-5.356,-2.190,-1.944,-4.680,-0.537,0.654,0.000,0.000,-256.044,201.808,326.014,0.000,0.000,0.000,0.290
17:47:40.492,59.150,-5.297,-2.038,True,-5.367,-2.214,-0.380,-3.302,-0.293,0.725,0.000,0.000,-5.297,-2.038,5.676,-0.367,0.553,0.664,0.727
17:47:40.513,59.170,-5.297,-2.038,True,-5.354,-2.216,0.888,-2.140,-0.141,0.695,0.000,0.000,-5.297,-2.038,5.676,-0.316,0.496,0.588,0.731
17:47:40.534,59.191,-5.297,-2.038,True,-5.326,-2.202,1.970,-1.137,-0.081,0.582,0.000,0.000,-5.297,-2.038,5.676,-0.270,0.446,0.521,0.847
17:47:40.554,59.211,-5.297,-2.038,True,-5.290,-2.179,2.869,-0.290,-0.102,0.449,0.000,0.000,-5.297,-2.038,5.676,-0.231,0.402,0.464,0.496
17:47:40.575,59.232,-5.297,-4.077,True,-5.248,-2.643,3.596,-2.720,-0.341,0.357,0.000,0.000,-5.297,-4.077,6.685,-0.384,0.366,0.531,0.786
17:47:40.595,59.252,-5.297,-4.077,True,-5.205,-3.026,4.163,-4.029,-0.343,0.253,0.000,0.000,-5.297,-4.077,6.685,-0.480,0.337,0.587,0.586
17:47:40.616,59.273,-5.297,-2.038,True,-5.163,-2.855,4.589,-1.423,-0.165,0.042,0.000,0.000,-5.297,-2.038,5.676,-0.348,0.314,0.469,0.846
17:47:40.636,59.293,-5.297,-2.038,True,-5.124,-2.686,4.891,0.573,-0.141,0.117,0.000,0.000,-5.297,-2.038,5.676,-0.243,0.297,0.384,0.572
17:47:40.656,59.314,-5.297,-2.038,True,-5.090,-2.526,5.089,2.038,-0.098,0.030,0.000,0.000,-5.297,-2.038,5.676,-0.163,0.284,0.328,0.787
17:47:40.677,59.334,-5.297,0.000,True,-5.060,-1.907,5.202,6.153,0.094,-0.078,0.000,0.000,-5.297,0.000,5.297,0.081,0.276,0.288,0.762
17:47:40.697,59.354,-5.297,0.000,True,-5.035,-1.370,5.249,8.707,0.315,-0.095,0.000,0.000,-5.297,0.000,5.297,0.247,0.272,0.368,0.434
17:47:40.717,59.374,-5.297,-2.038,True,-5.016,-1.391,5.247,6.911,0.179,-0.053,0.000,0.000,-5.297,-2.038,5.676,0.166,0.270,0.317,0.445
17:47:40.737,59.394,-5.297,0.000,True,-5.001,-0.962,5.210,8.486,0.251,-0.086,0.000,0.000,-5.297,0.000,5.297,0.278,0.270,0.388,0.471
17:47:40.757,59.415,-5.297,-2.038,True,-4.990,-1.082,5.151,6.007,0.187,-0.087,0.000,0.000,-5.297,-2.038,5.676,0.157,0.272,0.314,0.525
17:47:40.780,59.438,-5.297,-2.038,True,-4.887,-0.962,5.709,5.684,0.174,-0.132,0.000,0.000,-5.297,-2.038,5.676,0.155,0.237,0.283,0.479
17:47:40.801,59.458,-5.297,-2.038,True,-4.921,-1.184,5.245,3.213,0.040,-0.068,0.000,0.000,-5.297,-2.038,5.676,0.023,0.261,0.262,0.762
17:47:40.821,59.479,-5.297,0.000,True,-4.944,-0.821,4.967,5.055,0.165,-0.070,0.000,0.000,-5.297,0.000,5.297,0.141,0.275,0.309,0.717
17:47:40.842,59.499,-5.297,0.000,True,-4.961,-0.535,4.803,5.925,0.233,-0.018,0.000,0.000,-5.297,0.000,5.297,0.208,0.284,0.352,0.742
17:47:40.863,59.520,-5.297,-2.038,True,-4.972,-0.819,4.710,2.961,0.075,-0.021,0.000,0.000,-5.297,-2.038,5.676,0.049,0.289,0.293,0.842
17:47:40.883,59.540,-5.297,0.000,True,-4.980,-0.576,4.660,4.029,0.147,0.020,0.000,0.000,-5.297,0.000,5.297,0.120,0.292,0.316,0.786
17:47:40.903,59.560,-5.297,0.000,True,-4.984,-0.377,4.634,4.536,0.200,0.038,0.000,0.000,-5.297,0.000,5.297,0.162,0.294,0.336,0.443
17:47:40.923,59.581,-5.297,-2.038,True,-4.987,-0.700,4.622,1.543,0.052,0.085,0.000,0.000,-5.297,-2.038,5.676,-0.002,0.295,0.295,0.695
17:47:40.943,59.601,-5.297,0.000,True,-4.989,-0.512,4.617,2.561,0.115,0.059,0.000,0.000,-5.297,0.000,5.297,0.062,0.295,0.302,0.421
17:47:40.964,59.622,-5.297,0.000,True,-4.990,-0.353,4.615,3.134,0.149,0.105,0.000,0.000,-5.297,0.000,5.297,0.103,0.295,0.313,0.809
17:47:40.984,59.642,-5.297,0.000,True,-4.991,-0.223,4.614,3.365,0.166,0.113,0.000,0.000,-5.297,0.000,5.297,0.126,0.295,0.321,0.439
17:47:41.005,59.663,-5.297,0.000,True,-4.991,-0.120,4.613,3.343,0.198,0.092,0.000,0.000,-5.297,0.000,5.297,0.136,0.296,0.325,0.867
17:47:41.026,59.683,-5.297,0.000,True,-4.992,-0.040,4.612,3.145,0.199,0.133,0.000,0.000,-5.297,0.000,5.297,0.135,0.296,0.325,0.688
17:47:41.046,59.703,-5.297,-2.038,True,-4.992,-0.456,4.610,-0.284,-0.007,0.161,0.000,0.000,-5.297,-2.038,5.676,-0.058,0.296,0.301,0.622
17:47:41.066,59.723,-5.297,-2.038,True,-4.992,-0.829,4.609,-2.577,-0.148,0.147,0.000,0.000,-5.297,-2.038,5.676,-0.197,0.296,0.355,0.520
17:47:41.086,59.744,-5.297,-2.038,True,-4.992,-1.149,4.608,-3.947,-0.226,0.143,0.000,0.000,-5.297,-2.038,5.676,-0.289,0.296,0.414,0.743
17:47:41.107,59.765,-5.297,-2.038,True,-4.993,-1.417,4.608,-4.593,-0.290,0.148,0.000,0.000,-5.297,-2.038,5.676,-0.344,0.296,0.454,0.832
17:47:41.127,59.785,-7.063,-2.038,True,-5.403,-1.632,1.904,-4.697,-0.311,0.298,0.000,0.000,-7.063,-2.038,7.352,-0.371,0.456,0.588,0.778
17:47:41.147,59.805,-8.829,-2.038,True,-6.171,-1.799,-2.460,-4.414,-0.329,0.571,0.000,0.000,-8.829,-2.038,9.061,-0.375,0.726,0.817,0.463
17:47:41.168,59.825,-8.829,-2.038,True,-6.827,-1.922,-4.961,-3.877,-0.322,0.847,0.000,0.000,-8.829,-2.038,9.061,-0.363,0.902,0.972,0.797
17:47:41.190,59.847,-8.829,0.000,True,-7.369,-1.535,-6.019,-0.072,-0.193,1.049,0.000,0.000,-8.829,0.000,8.829,-0.157,1.003,1.015,0.764
17:47:41.210,59.867,-8.829,0.000,True,-7.801,-1.179,-6.008,2.599,-0.072,0.972,0.000,0.000,-8.829,0.000,8.829,-0.003,1.045,1.045,0.448
17:47:41.230,59.888,-8.829,-2.038,True,-8.132,-1.339,-5.249,1.212,-0.198,0.963,0.000,0.000,-8.829,-2.038,9.061,-0.080,1.045,1.048,0.779
17:47:41.251,59.908,-8.829,-2.038,True,-8.375,-1.483,-4.007,0.271,-0.226,0.881,0.000,0.000,-8.829,-2.038,9.061,-0.136,1.014,1.023,0.565
17:47:41.271,59.928,-8.829,-2.038,True,-8.542,-1.608,-2.495,-0.306,-0.219,0.840,0.000,0.000,-8.829,-2.038,9.061,-0.174,0.964,0.980,0.468
17:47:41.291,59.949,-8.829,0.000,True,-8.647,-1.239,-0.876,2.517,-0.046,0.823,0.000,0.000,-8.829,0.000,8.829,-0.013,0.903,0.903,0.807
17:47:41.315,59.972,-8.829,-4.077,True,-8.703,-1.860,0.728,-1.868,-0.273,0.747,0.000,0.000,-8.829,-4.077,9.725,-0.268,0.838,0.880,1.050
17:47:41.335,59.993,-8.829,-4.077,True,-8.721,-2.404,2.235,-4.646,-0.492,0.694,0.000,0.000,-8.829,-4.077,9.725,-0.445,0.773,0.893,0.800
17:47:41.355,60.013,-8.829,-4.077,True,-8.712,-2.864,3.590,-6.144,-0.612,0.643,0.000,0.000,-8.829,-4.077,9.725,-0.558,0.713,0.905,0.586
17:47:41.376,60.034,-8.829,-2.038,True,-8.684,-2.766,4.766,-3.551,-0.449,0.479,0.000,0.000,-8.829,-2.038,9.061,-0.433,0.658,0.788,0.794
17:47:41.396,60.054,-8.829,-2.038,True,-8.644,-2.652,5.750,-1.440,-0.206,0.230,0.000,0.000,-8.829,-2.038,9.061,-0.329,0.611,0.694,0.788
17:47:41.417,60.074,-8.829,-2.038,True,-8.599,-2.531,6.547,0.216,-0.198,0.163,0.000,0.000,-8.829,-2.038,9.061,-0.244,0.571,0.621,0.760
17:47:41.437,60.095,-8.829,-2.038,True,-8.552,-2.414,7.169,1.462,0.095,-0.015,0.000,0.000,-8.829,-2.038,9.061,-0.177,0.539,0.567,0.961
17:47:41.457,60.114,-8.829,-2.038,True,-8.506,-2.304,7.634,2.354,0.384,-0.224,0.000,0.000,-8.829,-2.038,9.061,-0.127,0.514,0.529,0.505
17:47:41.477,60.135,-8.829,-4.077,True,-8.464,-2.680,7.963,-0.166,0.271,-0.093,0.000,0.000,-8.829,-4.077,9.725,-0.275,0.495,0.566,0.693
17:47:41.498,60.155,-8.829,-2.038,True,-8.427,-2.533,8.179,1.384,0.374,-0.115,0.000,0.000,-8.829,-2.038,9.061,-0.192,0.482,0.519,0.833
17:47:41.518,60.175,-8.829,-2.038,True,-8.395,-2.397,8.304,2.492,0.478,-0.087,0.000,0.000,-8.829,-2.038,9.061,-0.130,0.473,0.490,0.465
17:47:41.538,60.195,-8.829,-4.077,True,-8.368,-2.749,8.359,0.117,0.337,-0.110,0.000,0.000,-8.829,-4.077,9.725,-0.270,0.468,0.540,0.391
17:47:41.559,60.217,-8.829,-2.038,True,-8.347,-2.582,8.361,1.753,0.345,-0.110,0.000,0.000,-8.829,-2.038,9.061,-0.181,0.466,0.500,1.003
17:47:41.579,60.237,-8.829,-2.038,True,-8.330,-2.429,8.325,2.902,0.411,-0.070,0.000,0.000,-8.829,-2.038,9.061,-0.115,0.466,0.480,0.808
17:47:41.599,60.257,-8.829,-4.077,True,-8.319,-2.767,8.266,0.532,0.273,-0.044,0.000,0.000,-8.829,-4.077,9.725,-0.253,0.467,0.531,0.460
17:47:41.622,60.279,-10.595,-2.038,True,-8.720,-2.590,5.497,2.149,0.355,0.124,0.000,0.000,-10.595,-2.038,10.789,-0.164,0.629,0.650,0.781
17:47:41.642,60.299,-10.595,-2.038,True,-9.072,-2.429,3.759,3.263,0.394,0.261,0.000,0.000,-10.595,-2.038,10.789,-0.099,0.741,0.748,0.834
17:47:41.662,60.319,-10.595,-2.038,True,-9.368,-2.288,2.841,3.962,0.403,0.340,0.000,0.000,-10.595,-2.038,10.789,-0.054,0.811,0.813,0.795
17:47:41.682,60.339,-12.361,-2.038,True,-10.019,-2.169,-0.149,4.333,0.455,0.577,0.000,0.000,-12.361,-2.038,12.528,-0.026,1.009,1.009,0.734
17:47:41.702,60.360,-12.361,-2.038,True,-10.566,-2.072,-1.648,4.453,0.492,0.761,0.000,0.000,-12.361,-2.038,12.528,-0.011,1.129,1.129,0.483
17:47:41.723,60.381,-12.361,-2.038,True,-11.008,-1.996,-2.019,4.390,0.771,0.729,0.000,0.000,-12.361,-2.038,12.528,-0.006,1.190,1.190,0.795
17:47:41.743,60.401,-12.361,-2.038,True,-11.353,-1.938,-1.578,4.203,0.546,0.855,0.000,0.000,-12.361,-2.038,12.528,-0.008,1.205,1.205,0.746
17:47:41.763,60.421,-12.361,-2.038,True,-11.612,-1.897,-0.593,3.939,0.370,0.676,0.000,0.000,-12.361,-2.038,12.528,-0.016,1.187,1.187,0.755
17:47:41.784,60.441,-12.361,-2.038,True,-11.795,-1.870,0.721,3.636,0.341,0.606,0.000,0.000,-12.361,-2.038,12.528,-0.026,1.148,1.148,0.715
17:47:41.804,60.462,-12.361,-2.038,True,-11.915,-1.853,2.192,3.321,0.350,0.608,0.000,0.000,-12.361,-2.038,12.528,-0.039,1.095,1.095,0.729
17:47:41.824,60.482,-12.361,-2.038,True,-11.985,-1.845,3.694,3.016,0.349,0.576,0.000,0.000,-12.361,-2.038,12.528,-0.051,1.035,1.037,0.688
17:47:41.850,60.508,-12.361,-2.038,True,-12.016,-1.844,5.135,2.734,0.343,0.478,0.000,0.000,-12.361,-2.038,12.528,-0.064,0.975,0.977,0.727
17:47:41.871,60.528,-12.361,-2.038,True,-12.017,-1.847,6.454,2.484,0.231,0.504,0.000,0.000,-12.361,-2.038,12.528,-0.075,0.917,0.920,0.724
17:47:41.891,60.549,-12.361,-2.038,True,-11.998,-1.853,7.616,2.270,0.135,0.418,0.000,0.000,-12.361,-2.038,12.528,-0.085,0.864,0.868,0.723
17:47:41.912,60.569,-12.361,-2.038,True,-11.965,-1.861,8.603,2.093,0.098,0.291,0.000,0.000,-12.361,-2.038,12.528,-0.094,0.817,0.822,0.767
17:47:41.932,60.590,-12.361,-4.077,True,-11.925,-2.344,9.414,-1.162,-0.140,0.376,0.000,0.000,-12.361,-4.077,13.016,-0.286,0.777,0.828,0.881
17:47:41.955,60.612,-12.361,-4.077,True,-11.882,-2.764,10.058,-3.186,-0.290,0.368,0.000,0.000,-12.361,-4.077,13.016,-0.417,0.744,0.853,0.794
17:47:41.975,60.632,-12.361,-2.038,True,-11.839,-2.645,10.548,-1.123,-0.188,0.373,0.000,0.000,-12.361,-2.038,12.528,-0.314,0.718,0.784,0.394
17:47:41.996,60.653,-12.361,-2.038,True,-11.798,-2.521,10.904,0.483,-0.116,0.332,0.000,0.000,-12.361,-2.038,12.528,-0.231,0.699,0.736,0.741
17:47:42.016,60.673,-12.361,-2.038,True,-11.761,-2.402,11.147,1.679,-0.010,0.345,0.000,0.000,-12.361,-2.038,12.528,-0.166,0.684,0.704,0.518
17:47:42.036,60.694,-12.361,-4.077,True,-11.729,-2.765,11.296,-0.590,-0.158,0.320,0.000,0.000,-12.361,-4.077,13.016,-0.303,0.674,0.739,0.838
17:47:42.058,60.715,-12.361,-4.077,True,-11.503,-2.777,12.682,0.032,-0.128,0.256,0.000,0.000,-12.361,-4.077,13.016,-0.276,0.591,0.652,0.648
17:47:42.079,60.736,-12.361,-2.038,True,-11.563,-2.568,11.891,1.930,-0.008,0.334,0.000,0.000,-12.361,-2.038,12.528,-0.172,0.631,0.654,0.751
17:47:42.099,60.756,-12.361,-2.038,True,-11.602,-2.399,11.445,3.110,0.067,0.371,0.000,0.000,-12.361,-2.038,12.528,-0.103,0.655,0.663,0.747
17:47:42.119,60.776,-12.361,-2.038,True,-11.625,-2.260,11.202,3.800,0.098,0.439,0.000,0.000,-12.361,-2.038,12.528,-0.058,0.668,0.671,0.680
17:47:42.140,60.797,-12.361,-4.077,True,-11.639,-2.653,11.076,0.964,-0.077,0.483,0.000,0.000,-12.361,-4.077,13.016,-0.223,0.675,0.711,0.721
17:47:42.160,60.817,-12.361,-2.038,True,-11.646,-2.490,11.016,2.336,0.014,0.509,0.000,0.000,-12.361,-2.038,12.528,-0.146,0.678,0.694,0.755
17:47:42.180,60.838,-12.361,-4.077,True,-11.648,-2.832,10.987,0.150,-0.176,0.505,0.000,0.000,-12.361,-4.077,13.016,-0.277,0.680,0.734,0.797
17:47:42.200,60.858,-12.361,-4.077,True,-11.648,-3.123,10.971,-1.173,-0.489,0.525,0.000,0.000,-12.361,-4.077,13.016,-0.364,0.681,0.772,0.439
17:47:42.221,60.879,-14.127,-4.077,True,-12.060,-3.364,8.280,-1.835,-0.580,0.890,0.000,0.000,-14.127,-4.077,14.703,-0.417,0.841,0.938,0.980
17:47:42.242,60.899,-15.892,-4.077,True,-12.826,-3.559,3.938,-2.003,-0.642,1.396,0.000,0.000,-15.892,-4.077,16.407,-0.444,1.109,1.195,0.529
17:47:42.266,60.924,-15.892,-4.077,True,-13.479,-3.710,1.432,-1.818,-0.782,1.602,0.000,0.000,-15.892,-4.077,16.407,-0.451,1.285,1.362,0.618
17:47:42.287,60.944,-15.892,-2.038,True,-14.018,-3.349,0.349,1.713,-0.666,1.758,0.000,0.000,-15.892,-2.038,16.023,-0.259,1.386,1.410,0.721
17:47:42.307,60.964,-15.892,-2.038,True,-14.448,-3.019,0.323,4.196,-0.599,1.954,0.000,0.000,-15.892,-2.038,16.023,-0.117,1.431,1.435,0.446
17:47:42.328,60.985,-15.892,-2.038,True,-14.779,-2.726,1.044,5.806,-0.587,1.842,0.000,0.000,-15.892,-2.038,16.023,-0.016,1.432,1.432,0.789
17:47:42.349,61.006,-15.892,-4.077,True,-15.022,-2.951,2.249,3.595,-0.817,1.835,0.000,0.000,-15.892,-4.077,16.407,-0.136,1.403,1.410,0.783
17:47:42.373,61.031,-15.892,-4.077,True,-15.189,-3.158,3.729,2.041,-0.802,1.808,0.000,0.000,-15.892,-4.077,16.407,-0.226,1.354,1.373,0.718
17:47:42.393,61.051,-14.127,-2.038,True,-14.885,-2.866,8.025,4.156,-0.634,1.553,0.000,0.000,-14.127,-2.038,14.273,-0.103,1.134,1.139,0.394
17:47:42.414,61.072,-15.892,-4.077,True,-14.996,-3.084,8.567,2.387,-0.736,1.541,0.000,0.000,-15.892,-4.077,16.407,-0.203,1.121,1.140,0.789
17:47:42.435,61.092,-15.892,-2.038,True,-15.073,-2.804,9.237,4.332,-0.587,1.511,0.000,0.000,-15.892,-2.038,16.023,-0.089,1.100,1.103,0.863
17:47:42.455,61.112,-15.892,-4.077,True,-15.122,-3.034,9.960,2.435,-0.670,1.443,0.000,0.000,-15.892,-4.077,16.407,-0.196,1.073,1.090,0.745
17:47:42.477,61.134,-15.892,-2.038,True,-15.148,-2.765,10.681,4.285,-0.556,1.377,0.000,0.000,-15.892,-2.038,16.023,-0.087,1.043,1.047,0.402
17:47:42.498,61.155,-12.361,-2.038,True,-14.336,-2.530,16.760,5.444,-0.353,0.994,0.000,0.000,-12.361,-2.038,12.528,-0.013,0.694,0.694,0.877
17:47:42.518,61.176,-12.361,-2.038,True,-13.620,-2.332,20.692,6.055,-0.211,0.709,0.000,0.000,-12.361,-2.038,12.528,0.034,0.449,0.450,0.689
17:47:42.539,61.196,-12.361,-2.038,True,-13.009,-2.171,22.905,6.249,-0.153,0.427,0.000,0.000,-12.361,-2.038,12.528,0.059,0.290,0.296,0.831
17:47:42.559,61.216,-12.361,0.000,True,-12.507,-1.570,23.792,9.255,-0.027,0.275,0.000,0.000,-12.361,0.000,12.361,0.251,0.201,0.322,0.797
17:47:42.579,61.237,-12.361,0.000,True,-12.108,-1.063,23.701,10.854,0.322,0.305,0.000,0.000,-12.361,0.000,12.361,0.373,0.165,0.408,0.840
17:47:42.599,61.257,-12.361,0.000,True,-11.634,-0.846,24.039,10.088,0.204,0.211,0.000,0.000,-12.361,0.000,12.361,0.361,0.102,0.375,0.442
17:47:42.619,61.277,-12.361,2.038,True,-11.494,0.112,22.070,14.188,0.580,0.275,0.000,0.000,-12.361,2.038,12.528,0.637,0.175,0.661,0.570
17:47:42.640,61.297,-12.361,2.038,True,-11.401,0.834,20.226,15.645,0.781,0.168,0.000,0.000,-12.361,2.038,12.528,0.774,0.247,0.813,0.742
17:47:42.660,61.318,-12.361,2.038,True,-11.346,1.375,18.541,15.488,0.841,0.155,0.000,0.000,-12.361,2.038,12.528,0.821,0.316,0.880,0.768
17:47:42.681,61.339,-10.595,2.038,True,-10.881,1.772,19.784,14.353,0.884,0.115,0.000,0.000,-10.595,2.038,10.789,0.811,0.215,0.839,0.870
17:47:42.704,61.362,-8.829,2.038,True,-10.084,2.054,22.767,12.655,0.810,-0.059,0.000,0.000,-8.829,2.038,9.061,0.764,0.004,0.764,0.886
17:47:42.724,61.382,-8.829,4.077,True,-9.438,2.729,23.990,13.777,0.903,-0.168,0.000,0.000,-8.829,4.077,9.725,0.881,-0.115,0.888,0.483
17:47:42.745,61.402,-8.829,4.077,True,-8.928,3.257,23.950,13.592,0.914,-0.187,0.000,0.000,-8.829,4.077,9.725,0.926,-0.164,0.940,0.680
17:47:42.765,61.423,-8.829,6.115,True,-8.538,4.134,23.036,15.610,1.140,-0.207,0.000,0.000,-8.829,6.115,10.740,1.102,-0.163,1.114,0.533
17:47:42.786,61.444,-8.829,6.115,True,-8.252,4.836,21.560,15.879,1.238,-0.201,0.000,0.000,-8.829,6.115,10.740,1.184,-0.126,1.191,0.688
17:47:42.807,61.464,-8.829,6.115,True,-8.056,5.377,19.767,14.909,1.212,-0.103,0.000,0.000,-8.829,6.115,10.740,1.196,-0.067,1.198,1.149
17:47:42.827,61.484,-8.829,6.115,True,-7.932,5.777,17.847,13.123,1.167,-0.051,0.000,0.000,-8.829,6.115,10.740,1.157,0.005,1.157,0.401
17:47:42.848,61.505,-8.829,6.115,True,-7.866,6.057,15.943,10.862,1.106,0.011,0.000,0.000,-8.829,6.115,10.740,1.085,0.083,1.088,0.826
17:47:42.868,61.525,-8.829,6.115,True,-7.845,6.238,14.153,8.388,1.030,0.101,0.000,0.000,-8.829,6.115,10.740,0.994,0.160,1.007,0.450
17:47:42.888,61.546,-5.297,8.154,True,-7.036,6.812,17.948,9.022,1.106,-0.175,0.000,0.000,-5.297,8.154,9.724,1.079,-0.089,1.083,0.546
17:47:42.909,61.566,-5.297,6.115,True,-6.356,6.788,19.878,5.462,0.961,-0.335,0.000,0.000,-5.297,6.115,8.091,0.920,-0.242,0.951,0.607
17:47:42.929,61.587,-5.297,8.154,True,-5.805,7.190,20.394,5.496,0.995,-0.396,0.000,0.000,-5.297,8.154,9.724,0.962,-0.320,1.013,0.752
17:47:42.949,61.607,-5.297,8.154,True,-5.374,7.498,19.890,4.828,0.992,-0.425,0.000,0.000,-5.297,8.154,9.724,0.963,-0.341,1.021,0.783
17:47:42.970,61.628,-5.297,6.115,True,-5.051,7.251,18.698,0.585,0.795,-0.367,0.000,0.000,-5.297,6.115,8.091,0.751,-0.320,0.816,0.769
17:47:42.990,61.648,-5.297,8.154,True,-4.821,7.470,17.090,0.406,0.812,-0.307,0.000,0.000,-5.297,8.154,9.724,0.765,-0.272,0.812,0.757
17:47:43.014,61.672,-5.297,12.231,True,-4.670,8.583,15.280,6.104,1.159,-0.233,0.000,0.000,-5.297,12.231,13.329,1.128,-0.207,1.147,0.934
17:47:43.034,61.692,-3.532,8.154,True,-4.170,8.577,16.126,2.944,1.005,-0.351,0.000,0.000,-3.532,8.154,8.886,0.988,-0.295,1.031,0.677
17:47:43.055,61.712,-3.532,8.154,True,-3.774,8.524,16.004,0.178,0.930,-0.365,0.000,0.000,-3.532,8.154,8.886,0.860,-0.329,0.921,0.662
17:47:43.075,61.733,-1.766,8.154,True,-3.062,8.441,17.908,-2.160,0.817,-0.493,0.000,0.000,-1.766,8.154,8.343,0.749,-0.484,0.892,0.857
17:47:43.095,61.752,-1.766,10.192,True,-2.486,8.815,18.346,-0.956,0.903,-0.533,0.000,0.000,-1.766,10.192,10.344,0.839,-0.561,1.010,0.473
17:47:43.119,61.776,-1.766,10.192,True,-2.037,9.120,17.732,-0.547,1.024,-0.535,0.000,0.000,-1.766,10.192,10.344,0.888,-0.579,1.060,0.449
17:47:43.139,61.797,-1.766,8.154,True,-1.702,8.887,16.415,-3.830,1.074,-0.438,0.000,0.000,-1.766,8.154,8.343,0.720,-0.554,0.908,1.010
17:47:43.160,61.817,-1.766,12.231,True,-1.464,9.605,14.676,-0.085,1.489,-0.377,0.000,0.000,-1.766,12.231,12.358,0.957,-0.501,1.080,0.699
17:47:43.180,61.837,-1.766,8.154,True,-1.309,9.267,12.738,-4.265,1.114,-0.424,0.000,0.000,-1.766,8.154,8.343,0.738,-0.431,0.855,0.796
17:47:43.200,61.857,-1.766,8.154,True,-1.220,8.943,10.765,-7.351,0.973,-0.304,0.000,0.000,-1.766,8.154,8.343,0.570,-0.353,0.670,0.487
17:47:43.220,61.878,-1.766,12.231,True,-1.181,9.594,8.877,-3.276,1.385,-0.286,0.000,0.000,-1.766,12.231,12.358,0.815,-0.274,0.860,0.549
17:47:43.241,61.898,-1.766,12.231,True,-1.181,10.156,7.151,-0.823,1.546,-0.256,0.000,0.000,-1.766,12.231,12.358,0.979,-0.198,0.999,0.733
17:47:43.261,61.919,-1.766,8.154,True,-1.207,9.678,5.633,-5.868,1.120,-0.226,0.000,0.000,-1.766,8.154,8.343,0.709,-0.128,0.720,0.779
17:47:43.281,61.939,-1.766,8.154,True,-1.250,9.234,4.345,-9.473,1.029,-0.170,0.000,0.000,-1.766,8.154,8.343,0.505,-0.067,0.510,0.576
17:47:43.302,61.959,-1.766,8.154,True,-1.303,8.838,3.287,-11.871,1.023,0.100,0.000,0.000,-1.766,8.154,8.343,0.360,-0.015,0.360,0.894
17:47:43.322,61.979,-1.766,10.192,True,-1.360,8.970,2.450,-10.179,0.812,-0.010,0.000,0.000,-1.766,10.192,10.344,0.448,0.028,0.449,0.706
17:47:43.344,62.002,-1.766,6.115,True,-1.417,8.151,1.814,-15.148,0.449,0.011,0.000,0.000,-1.766,6.115,6.365,0.146,0.062,0.159,0.786
17:47:43.365,62.022,-1.766,6.115,True,-1.470,7.445,1.352,-18.094,0.302,0.129,0.000,0.000,-1.766,6.115,6.365,-0.054,0.087,0.103,0.450
17:47:43.386,62.043,-1.766,6.115,True,-1.518,6.858,1.039,-19.461,0.493,0.069,0.000,0.000,-1.766,6.115,6.365,-0.173,0.106,0.203,0.887
17:47:43.406,62.063,-1.766,4.077,True,-1.560,5.913,0.846,-22.759,0.241,0.264,0.000,0.000,-1.766,4.077,4.443,-0.413,0.119,0.430,0.759
17:47:43.426,62.084,-1.766,6.115,True,-1.595,5.611,0.749,-20.906,0.167,0.286,0.000,0.000,-1.766,6.115,6.365,-0.362,0.126,0.383,0.548
17:47:43.448,62.105,-1.766,4.077,True,-1.623,4.934,0.725,-21.867,0.054,0.314,0.000,0.000,-1.766,4.077,4.443,-0.472,0.130,0.489,0.811
17:47:43.468,62.126,-1.766,2.038,True,-1.645,3.925,0.752,-24.651,-0.209,0.327,0.000,0.000,-1.766,2.038,2.697,-0.696,0.131,0.708,0.559
17:47:43.489,62.146,-1.766,2.038,True,-1.661,3.108,0.814,-25.350,-0.326,0.311,0.000,0.000,-1.766,2.038,2.697,-0.808,0.130,0.819,0.712
17:47:43.509,62.167,-1.766,6.115,True,-1.673,3.418,0.897,-18.324,-0.009,0.317,0.000,0.000,-1.766,6.115,6.365,-0.467,0.128,0.484,0.721
17:47:43.530,62.187,-1.766,6.115,True,-1.681,3.763,0.991,-12.685,0.221,0.286,0.000,0.000,-1.766,6.115,6.365,-0.184,0.124,0.222,0.807
17:47:43.551,62.208,-1.766,4.077,True,-1.685,3.641,1.087,-11.441,0.244,0.309,0.000,0.000,-1.766,4.077,4.443,-0.141,0.121,0.185,0.746
17:47:43.571,62.228,-1.766,2.038,True,-1.687,3.093,1.178,-13.250,0.086,0.273,0.000,0.000,-1.766,2.038,2.697,-0.276,0.117,0.299,0.804
17:47:43.591,62.249,-1.766,0.000,True,-1.688,2.171,1.263,-17.003,-0.181,0.198,0.000,0.000,-1.766,0.000,1.766,-0.533,0.113,0.545,0.835
17:47:43.611,62.269,-1.766,0.000,True,-1.686,1.406,1.337,-18.704,-0.356,0.190,0.000,0.000,-1.766,0.000,1.766,-0.685,0.110,0.694,0.434
17:47:43.632,62.289,-1.766,0.000,True,-1.684,0.792,1.400,-18.872,-0.434,0.209,0.000,0.000,-1.766,0.000,1.766,-0.754,0.107,0.761,0.531
17:47:43.653,62.311,-1.766,-2.038,True,-1.682,-0.155,1.452,-21.069,-0.631,0.232,0.000,0.000,-1.766,-2.038,2.697,-0.946,0.104,0.951,0.758
17:47:43.674,62.331,-1.766,-2.038,True,-1.679,-0.916,1.493,-21.359,-0.846,0.131,0.000,0.000,-1.766,-2.038,2.697,-1.034,0.102,1.039,0.774
17:47:43.694,62.352,-1.766,-2.038,True,-1.676,-1.505,1.524,-20.295,-0.900,0.056,0.000,0.000,-1.766,-2.038,2.697,-1.046,0.100,1.051,0.693
17:47:43.715,62.372,-1.766,-4.077,True,-1.674,-2.414,1.547,-21.453,-1.290,0.214,0.000,0.000,-1.766,-4.077,4.443,-1.188,0.099,1.192,0.738
17:47:43.735,62.392,-1.766,-4.077,True,-1.671,-3.130,1.563,-20.896,-1.297,0.413,0.000,0.000,-1.766,-4.077,4.443,-1.235,0.098,1.239,0.695
17:47:43.756,62.414,-5.297,-4.077,True,-2.490,-3.671,-3.821,-19.166,-1.402,0.767,0.000,0.000,-5.297,-4.077,6.685,-1.213,0.418,1.283,0.375
17:47:43.777,62.434,-5.297,-6.115,True,-3.201,-4.533,-7.134,-19.822,-1.380,1.031,0.000,0.000,-5.297,-6.115,8.091,-1.328,0.635,1.472,0.680
17:47:43.796,62.454,-5.297,-4.077,True,-3.797,-4.731,-8.814,-15.791,-0.909,0.934,0.000,0.000,-5.297,-4.077,6.685,-1.170,0.769,1.400,0.388
17:47:43.817,62.475,-5.297,-4.077,True,-4.281,-4.822,-9.256,-11.905,-0.693,0.987,0.000,0.000,-5.297,-4.077,6.685,-1.008,0.837,1.310,0.604
17:47:43.837,62.495,-5.297,-4.077,True,-4.659,-4.831,-8.806,-8.334,-0.509,1.126,0.000,0.000,-5.297,-4.077,6.685,-0.851,0.855,1.206,0.552
17:47:43.858,62.515,-5.297,-4.077,True,-4.943,-4.784,-7.756,-5.179,-0.425,1.010,0.000,0.000,-5.297,-4.077,6.685,-0.707,0.837,1.095,0.775
17:47:43.878,62.535,-5.297,-4.077,True,-5.098,-4.888,-6.037,-3.726,-0.439,0.986,0.000,0.000,-5.297,-4.077,6.685,-0.653,0.776,1.015,0.672
17:47:43.899,62.556,-5.297,-2.038,True,-5.241,-4.138,-4.584,2.890,-0.015,0.897,0.000,0.000,-5.297,-2.038,5.676,-0.286,0.726,0.781,0.809
17:47:43.920,62.577,-5.297,-4.077,True,-5.323,-4.079,-3.032,3.484,-0.006,0.698,0.000,0.000,-5.297,-4.077,6.685,-0.254,0.666,0.713,0.795
17:47:43.941,62.598,-5.297,-8.154,True,-5.362,-5.070,-1.525,-2.658,-0.382,0.608,0.000,0.000,-5.297,-8.154,9.724,-0.624,0.603,0.868,0.867
17:47:43.961,62.618,-5.297,-4.077,True,-5.369,-4.864,-0.137,0.258,-0.230,0.578,0.000,0.000,-5.297,-4.077,6.685,-0.475,0.543,0.721,0.523
17:47:43.981,62.639,-5.297,-4.077,True,-5.354,-4.669,1.092,2.433,-0.178,0.586,0.000,0.000,-5.297,-4.077,6.685,-0.360,0.487,0.605,0.852
17:47:44.002,62.659,-5.297,-4.077,True,-5.324,-4.491,2.145,3.999,-0.064,0.519,0.000,0.000,-5.297,-4.077,6.685,-0.273,0.438,0.516,0.770
17:47:44.022,62.680,-5.297,-2.038,True,-5.285,-3.852,3.019,8.156,0.197,0.455,0.000,0.000,-5.297,-2.038,5.676,-0.025,0.395,0.396,0.458
17:47:44.044,62.701,-5.297,-4.077,True,-5.241,-3.780,3.720,7.619,0.360,0.480,0.000,0.000,-5.297,-4.077,6.685,-0.042,0.360,0.362,0.792
17:47:44.064,62.722,-5.297,-4.077,True,-5.197,-3.732,4.261,7.022,0.159,0.335,0.000,0.000,-5.297,-4.077,6.685,-0.063,0.332,0.338,0.533
17:47:44.086,62.744,-5.297,-2.038,True,-5.155,-3.230,4.661,9.515,0.160,0.085,0.000,0.000,-5.297,-2.038,5.676,0.097,0.310,0.325,0.748
17:47:44.107,62.764,-5.297,-2.038,True,-5.117,-2.807,4.939,10.843,0.216,0.005,0.000,0.000,-5.297,-2.038,5.676,0.198,0.294,0.354,0.746
17:47:44.127,62.784,-7.063,-6.115,True,-5.493,-3.409,2.418,5.053,-0.080,0.153,0.000,0.000,-7.063,-6.115,9.343,-0.118,0.443,0.458,0.798
17:47:44.147,62.805,-8.829,-2.038,True,-6.231,-3.013,-1.848,7.237,0.083,0.421,0.000,0.000,-8.829,-2.038,9.061,0.018,0.705,0.705,0.556
17:47:44.168,62.825,-5.297,-2.038,True,-6.043,-2.676,1.085,8.470,0.164,0.259,0.000,0.000,-5.297,-2.038,5.676,0.106,0.556,0.566,0.827
17:47:44.188,62.845,-5.297,-2.038,True,-5.853,-2.397,3.336,8.968,0.180,0.187,0.000,0.000,-5.297,-2.038,5.676,0.156,0.438,0.465,0.442
17:47:44.208,62.866,-5.297,-2.038,True,-5.672,-2.176,4.984,8.923,0.185,0.092,0.000,0.000,-5.297,-2.038,5.676,0.176,0.347,0.389,0.390
17:47:44.229,62.886,-8.829,-2.038,True,-6.330,-2.007,0.711,8.498,0.205,0.294,0.000,0.000,-8.829,-2.038,9.061,0.174,0.602,0.626,0.722
17:47:44.249,62.907,-8.829,-2.038,True,-6.900,-1.884,-1.900,7.832,0.226,0.491,0.000,0.000,-8.829,-2.038,9.061,0.157,0.774,0.790,0.863
17:47:44.270,62.927,-8.829,-2.038,True,-7.378,-1.800,-3.203,7.033,0.212,0.619,0.000,0.000,-8.829,-2.038,9.061,0.130,0.879,0.889,0.775
17:47:44.294,62.952,-8.829,0.000,True,-7.765,-1.273,-3.518,9.303,0.378,0.708,0.000,0.000,-8.829,0.000,8.829,0.283,0.932,0.974,0.979
17:47:44.320,62.977,-8.829,0.000,True,-8.066,-0.834,-3.124,10.383,0.280,0.724,0.000,0.000,-8.829,0.000,8.829,0.375,0.944,1.016,1.141
17:47:44.339,62.997,-8.829,0.000,True,-8.291,-0.481,-2.254,10.571,0.463,0.966,0.000,0.000,-8.829,0.000,8.829,0.418,0.929,1.019,0.928
17:47:44.360,63.017,-8.829,0.000,True,-8.451,-0.207,-1.098,10.123,0.552,0.996,0.000,0.000,-8.829,0.000,8.829,0.426,0.894,0.990,0.928
17:47:44.380,63.037,-8.829,2.038,True,-8.556,0.470,0.194,12.369,0.781,0.829,0.000,0.000,-8.829,2.038,9.061,0.593,0.847,1.034,0.828
17:47:44.410,63.068,-8.829,2.038,True,-8.616,1.025,1.510,13.168,0.754,0.790,0.000,0.000,-8.829,2.038,9.061,0.684,0.795,1.049,0.945
17:47:44.431,63.088,-8.829,0.000,True,-8.643,0.989,2.773,9.796,0.580,0.734,0.000,0.000,-8.829,0.000,8.829,0.531,0.742,0.912,1.018
17:47:44.451,63.108,-5.297,0.000,True,-7.823,0.909,9.321,6.895,0.430,0.348,0.000,0.000,-5.297,0.000,5.297,0.395,0.371,0.542,0.564
17:47:44.471,63.128,-5.297,2.038,True,-7.093,1.278,13.655,7.597,0.463,0.164,0.000,0.000,-5.297,2.038,5.676,0.463,0.107,0.475,0.517
17:47:44.492,63.149,-5.297,2.038,True,-6.466,1.571,16.199,7.575,0.771,0.146,0.000,0.000,-5.297,2.038,5.676,0.491,-0.068,0.496,0.586
17:47:44.513,63.170,-5.297,2.038,True,-5.946,1.796,17.348,7.048,0.898,0.146,0.000,0.000,-5.297,2.038,5.676,0.491,-0.171,0.520,0.671
17:47:44.533,63.190,-5.297,4.077,True,-5.529,2.434,17.457,9.308,1.192,0.001,0.000,0.000,-5.297,4.077,6.685,0.654,-0.218,0.690,0.585
17:47:44.553,63.211,-5.297,4.077,True,-5.207,2.959,16.830,10.188,1.328,-0.131,0.000,0.000,-5.297,4.077,6.685,0.746,-0.222,0.778,0.832
17:47:44.574,63.231,-5.297,2.038,True,-4.970,2.901,15.721,6.940,0.988,-0.052,0.000,0.000,-5.297,2.038,5.676,0.596,-0.197,0.628,0.745
17:47:44.593,63.251,-5.297,4.077,True,-4.804,3.281,14.336,7.298,1.130,-0.138,0.000,0.000,-5.297,4.077,6.685,0.650,-0.152,0.668,0.417
17:47:44.614,63.272,-5.297,4.077,True,-4.699,3.578,12.832,6.955,1.214,-0.197,0.000,0.000,-5.297,4.077,6.685,0.665,-0.097,0.672,0.865
17:47:44.636,63.293,-5.297,2.038,True,-4.641,3.327,11.328,3.025,1.016,-0.106,0.000,0.000,-5.297,2.038,5.676,0.466,-0.036,0.468,0.936
17:47:44.656,63.313,-5.297,0.000,True,-4.620,2.601,9.906,-3.106,0.606,0.003,0.000,0.000,-5.297,0.000,5.297,0.123,0.025,0.125,0.685
17:47:44.676,63.333,-5.297,2.038,True,-4.625,2.422,8.619,-4.122,0.522,0.057,0.000,0.000,-5.297,2.038,5.676,0.060,0.082,0.102,0.781
17:47:44.696,63.353,-5.297,0.000,True,-4.649,1.796,7.497,-7.819,0.293,0.108,0.000,0.000,-5.297,0.000,5.297,-0.166,0.134,0.213,0.505
17:47:44.716,63.374,-5.297,0.000,True,-4.684,1.259,6.553,-9.984,0.081,0.119,0.000,0.000,-5.297,0.000,5.297,-0.315,0.179,0.362,0.635
17:47:44.737,63.394,-1.766,0.000,True,-3.906,0.813,11.178,-10.954,0.174,-0.327,0.000,0.000,-1.766,0.000,1.766,-0.402,-0.103,0.415,0.825
17:47:44.757,63.414,-1.766,0.000,True,-3.237,0.456,13.893,-11.035,0.214,-0.654,0.000,0.000,-1.766,0.000,1.766,-0.441,-0.290,0.528,0.649
17:47:44.777,63.434,-1.766,0.000,True,-2.682,0.181,15.121,-10.488,0.157,-0.712,0.000,0.000,-1.766,0.000,1.766,-0.445,-0.399,0.598,0.684
17:47:44.797,63.455,-1.766,2.038,True,-2.237,0.451,15.238,-6.416,0.289,-0.807,0.000,0.000,-1.766,2.038,2.697,-0.238,-0.449,0.508,0.450
17:47:44.818,63.475,-1.766,2.038,True,-1.894,0.721,14.569,-3.307,0.442,-0.946,0.000,0.000,-1.766,2.038,2.697,-0.074,-0.454,0.460,0.889
17:47:44.839,63.496,-1.766,2.038,True,-1.602,0.655,13.637,-3.155,0.412,-0.959,0.000,0.000,-1.766,2.038,2.697,-0.074,-0.442,0.448,0.569
17:47:44.860,63.518,-1.766,0.000,True,-1.452,0.425,11.942,-4.072,0.241,-0.854,0.000,0.000,-1.766,0.000,1.766,-0.137,-0.382,0.406,0.757
17:47:44.880,63.538,-1.766,0.000,True,-1.361,0.252,10.228,-4.369,0.207,-0.819,0.000,0.000,-1.766,0.000,1.766,-0.168,-0.315,0.357,0.667
17:47:44.900,63.558,-1.766,0.000,True,-1.312,0.123,8.600,-4.290,0.223,-0.777,0.000,0.000,-1.766,0.000,1.766,-0.177,-0.248,0.305,0.495
17:47:44.921,63.578,-1.766,0.000,True,-1.295,0.028,7.113,-3.983,0.223,-0.651,0.000,0.000,-1.766,0.000,1.766,-0.173,-0.184,0.253,0.761
17:47:44.944,63.602,-1.766,4.077,True,-1.301,0.948,5.794,2.709,0.597,-0.534,0.000,0.000,-1.766,4.077,4.443,0.214,-0.126,0.248,0.446
17:47:44.965,63.623,-1.766,0.000,True,-1.324,0.763,4.653,0.744,0.418,-0.349,0.000,0.000,-1.766,0.000,1.766,0.109,-0.073,0.131,0.580
17:47:44.986,63.643,-1.766,0.000,True,-1.357,0.595,3.692,-0.660,0.193,-0.230,0.000,0.000,-1.766,0.000,1.766,0.030,-0.027,0.041,0.493
17:47:45.006,63.664,-1.766,4.077,True,-1.396,1.400,2.904,4.576,0.539,-0.224,0.000,0.000,-1.766,4.077,4.443,0.342,0.011,0.342,0.410
17:47:45.027,63.685,-1.766,0.000,True,-1.438,1.144,2.278,1.610,0.371,-0.190,0.000,0.000,-1.766,0.000,1.766,0.185,0.043,0.190,0.795
17:47:45.047,63.705,-1.766,0.000,True,-1.479,0.902,1.798,-0.560,0.126,-0.131,0.000,0.000,-1.766,0.000,1.766,0.066,0.069,0.095,0.707
17:47:45.068,63.725,-1.766,0.000,True,-1.518,0.684,1.447,-2.053,0.109,-0.293,0.000,0.000,-1.766,0.000,1.766,-0.022,0.088,0.091,0.651
17:47:45.088,63.746,-5.297,0.000,True,-2.374,0.494,-4.189,-2.989,0.541,0.064,0.000,0.000,-5.297,0.000,5.297,-0.083,0.422,0.430,0.773
17:47:45.109,63.766,-5.297,0.000,True,-3.118,0.333,-7.665,-3.483,0.642,0.383,0.000,0.000,-5.297,0.000,5.297,-0.120,0.650,0.661,0.756
17:47:45.128,63.786,-5.297,4.077,True,-3.742,1.150,-9.431,2.602,0.999,0.547,0.000,0.000,-5.297,4.077,6.685,0.230,0.790,0.823,0.438
17:47:45.149,63.807,-5.297,-2.038,True,-4.248,0.448,-9.900,-2.832,0.617,0.581,0.000,0.000,-5.297,-2.038,5.676,-0.080,0.862,0.866,0.808
17:47:45.169,63.827,-5.297,0.000,True,-4.644,0.301,-9.433,-3.268,0.637,0.597,0.000,0.000,-5.297,0.000,5.297,-0.114,0.881,0.888,0.823
17:47:45.190,63.847,-5.297,0.000,True,-4.941,0.181,-8.335,-3.393,0.637,0.516,0.000,0.000,-5.297,0.000,5.297,-0.132,0.862,0.872,0.815
17:47:45.210,63.867,-5.297,2.038,True,-5.152,0.561,-6.854,-0.175,0.758,0.410,0.000,0.000,-5.297,2.038,5.676,0.048,0.818,0.819,0.494
17:47:45.231,63.888,-5.297,0.000,True,-5.291,0.428,-5.187,-1.127,0.619,0.358,0.000,0.000,-5.297,0.000,5.297,-0.007,0.758,0.758,0.907
17:47:45.251,63.908,-5.297,2.038,True,-5.372,0.785,-3.481,1.386,0.948,0.384,0.000,0.000,-5.297,2.038,5.676,0.140,0.691,0.705,0.502
17:47:45.274,63.931,-5.297,2.038,True,-5.408,1.098,-1.841,2.973,1.134,0.258,0.000,0.000,-5.297,2.038,5.676,0.241,0.622,0.667,0.732
17:47:45.294,63.952,-5.297,2.038,True,-5.411,1.362,-0.338,3.825,1.120,0.162,0.000,0.000,-5.297,2.038,5.676,0.305,0.556,0.634,0.843
17:47:45.315,63.972,-5.297,-2.038,True,-5.390,0.630,0.988,-2.115,0.705,0.083,0.000,0.000,-5.297,-2.038,5.676,-0.030,0.495,0.496,0.756
17:47:45.335,63.992,-5.297,-2.038,True,-5.353,-0.022,2.116,-6.065,0.439,0.069,0.000,0.000,-5.297,-2.038,5.676,-0.270,0.442,0.518,0.793
17:47:45.355,64.013,-5.297,-2.038,True,-5.308,-0.584,3.044,-8.405,0.287,0.006,0.000,0.000,-5.297,-2.038,5.676,-0.429,0.396,0.584,0.746
17:47:45.375,64.033,-5.297,-2.038,True,-5.258,-1.051,3.781,-9.487,0.354,-0.078,0.000,0.000,-5.297,-2.038,5.676,-0.524,0.359,0.635,0.676
17:47:45.396,64.054,-5.297,-2.038,True,-5.210,-1.426,4.344,-9.629,0.454,-0.229,0.000,0.000,-5.297,-2.038,5.676,-0.568,0.329,0.656,0.792
17:47:45.417,64.075,-5.297,-2.038,True,-5.163,-1.716,4.753,-9.104,0.433,-0.329,0.000,0.000,-5.297,-2.038,5.676,-0.573,0.307,0.650,0.890
17:47:45.437,64.094,-7.063,-2.038,True,-5.532,-1.931,2.336,-8.139,0.351,-0.095,0.000,0.000,-7.063,-2.038,7.352,-0.552,0.450,0.712,0.386
17:47:45.458,64.115,-7.063,-2.038,True,-5.852,-2.081,0.850,-6.920,0.389,-0.022,0.000,0.000,-7.063,-2.038,7.352,-0.514,0.548,0.751,0.521
17:47:45.478,64.135,-7.063,-2.038,True,-5.835,-2.219,1.976,-5.865,0.400,-0.055,0.000,0.000,-7.063,-2.038,7.352,-0.481,0.496,0.691,0.296
17:47:45.498,64.156,-8.829,-4.077,True,-6.651,-2.827,-2.478,-8.017,0.184,0.243,0.000,0.000,-8.829,-4.077,9.725,-0.637,0.774,1.002,0.800
17:47:45.519,64.177,-8.829,-4.077,True,-7.268,-3.278,-4.472,-8.543,0.046,0.395,0.000,0.000,-8.829,-4.077,9.725,-0.705,0.924,1.162,0.437
17:47:45.540,64.197,-8.829,-2.038,True,-7.734,-3.088,-4.939,-4.827,0.210,0.498,0.000,0.000,-8.829,-2.038,9.061,-0.522,0.991,1.120,1.026
17:47:45.560,64.217,-8.829,-2.038,True,-8.080,-2.901,-4.457,-1.965,0.335,0.549,0.000,0.000,-8.829,-2.038,9.061,-0.377,1.005,1.073,0.781
17:47:45.582,64.240,-8.829,-2.038,True,-8.329,-2.722,-3.406,0.193,0.331,0.566,0.000,0.000,-8.829,-2.038,9.061,-0.264,0.983,1.018,0.456
17:47:45.603,64.260,-8.829,-2.038,True,-8.500,-2.556,-2.044,1.768,0.507,0.624,0.000,0.000,-8.829,-2.038,9.061,-0.178,0.940,0.957,0.536
17:47:45.623,64.280,-8.829,-4.077,True,-8.609,-2.887,-0.549,-0.226,0.482,0.693,0.000,0.000,-8.829,-4.077,9.725,-0.299,0.885,0.934,0.741
17:47:45.644,64.302,-8.829,-2.038,True,-8.669,-2.692,0.952,1.681,0.652,0.591,0.000,0.000,-8.829,-2.038,9.061,-0.195,0.825,0.848,0.776
17:47:45.664,64.322,-8.829,-2.038,True,-8.691,-2.514,2.374,3.023,0.880,0.570,0.000,0.000,-8.829,-2.038,9.061,-0.118,0.764,0.773,0.792
17:47:45.685,64.343,-8.829,-4.077,True,-8.687,-2.831,3.663,0.796,0.724,0.569,0.000,0.000,-8.829,-4.077,9.725,-0.248,0.707,0.749,0.758
17:47:45.705,64.363,-8.829,-4.077,True,-8.664,-3.108,4.787,-0.618,0.555,0.500,0.000,0.000,-8.829,-4.077,9.725,-0.338,0.655,0.737,0.691
17:47:45.726,64.384,-8.829,-4.077,True,-8.629,-3.343,5.734,-1.384,0.472,0.461,0.000,0.000,-8.829,-4.077,9.725,-0.395,0.610,0.727,0.765
17:47:45.746,64.404,-8.829,-4.077,True,-8.587,-3.535,6.505,-1.652,0.408,0.455,0.000,0.000,-8.829,-4.077,9.725,-0.426,0.572,0.713,0.457
17:47:45.767,64.425,-8.829,-6.115,True,-8.544,-4.160,7.110,-4.675,-0.060,0.437,0.000,0.000,-8.829,-6.115,10.740,-0.622,0.541,0.824,0.830
17:47:45.787,64.445,-8.829,-4.077,True,-8.501,-4.212,7.566,-3.126,-0.095,0.388,0.000,0.000,-8.829,-4.077,9.725,-0.559,0.516,0.761,0.793
17:47:45.809,64.467,-8.829,-6.115,True,-8.461,-4.703,7.892,-4.796,0.057,0.163,0.000,0.000,-8.829,-6.115,10.740,-0.682,0.498,0.844,0.793
17:47:45.829,64.487,-8.829,-6.115,True,-8.426,-5.105,8.109,-5.411,0.248,0.362,0.000,0.000,-8.829,-6.115,10.740,-0.749,0.485,0.892,0.609
17:47:45.849,64.507,-8.829,-6.115,True,-8.395,-5.423,8.239,-5.252,0.306,0.479,0.000,0.000,-8.829,-6.115,10.740,-0.774,0.476,0.909,0.473
17:47:45.870,64.527,-8.829,-6.115,True,-8.369,-5.665,8.300,-4.560,0.510,0.405,0.000,0.000,-8.829,-6.115,10.740,-0.768,0.471,0.900,0.867
17:47:45.890,64.548,-8.829,-6.115,True,-8.349,-5.839,8.310,-3.533,0.574,0.467,0.000,0.000,-8.829,-6.115,10.740,-0.740,0.468,0.876,0.714
17:47:45.911,64.568,-8.829,-6.115,True,-8.333,-5.958,8.284,-2.326,0.350,0.185,0.000,0.000,-8.829,-6.115,10.740,-0.698,0.468,0.841,0.716
17:47:45.931,64.589,-8.829,-8.154,True,-8.321,-6.504,8.233,-4.177,-0.104,0.238,0.000,0.000,-8.829,-8.154,12.018,-0.835,0.469,0.957,0.829
17:47:45.952,64.609,-8.829,-8.154,True,-8.313,-6.952,8.168,-4.855,-0.059,0.320,0.000,0.000,-8.829,-8.154,12.018,-0.909,0.471,1.024,0.507
17:47:45.972,64.629,-8.829,-8.154,True,-8.307,-7.306,8.097,-4.675,0.020,0.360,0.000,0.000,-8.829,-8.154,12.018,-0.937,0.473,1.050,0.796
17:47:45.992,64.650,-8.829,-6.115,True,-8.304,-7.101,8.025,-0.789,0.166,0.209,0.000,0.000,-8.829,-6.115,10.740,-0.745,0.476,0.884,0.783
17:47:46.013,64.670,-8.829,-8.154,True,-8.303,-7.358,7.957,-0.843,0.141,0.180,0.000,0.000,-8.829,-8.154,12.018,-0.773,0.479,0.909,0.786
17:47:46.033,64.690,-8.829,-8.154,True,-8.303,-7.556,7.895,-0.445,0.097,0.182,0.000,0.000,-8.829,-8.154,12.018,-0.775,0.482,0.913,0.526
17:47:46.053,64.711,-8.829,-8.154,True,-8.304,-7.701,7.841,0.248,0.104,0.203,0.000,0.000,-8.829,-8.154,12.018,-0.759,0.484,0.901,0.855
17:47:46.073,64.730,-8.829,-10.192,True,-8.306,-8.276,7.795,-2.004,-0.120,0.230,0.000,0.000,-8.829,-10.192,13.485,-0.916,0.487,1.037,0.439
17:47:46.094,64.751,-8.829,-8.154,True,-8.308,-8.279,7.757,0.127,-0.095,0.218,0.000,0.000,-8.829,-8.154,12.018,-0.822,0.488,0.956,0.811
17:47:46.115,64.772,-8.829,-8.154,True,-8.310,-8.248,7.727,2.003,-0.025,0.235,0.000,0.000,-8.829,-8.154,12.018,-0.736,0.490,0.884,0.436
17:47:46.135,64.792,-8.829,-8.154,True,-8.312,-8.195,7.705,3.598,0.015,0.224,0.000,0.000,-8.829,-8.154,12.018,-0.661,0.491,0.823,0.558
17:47:46.156,64.813,-8.829,-10.192,True,-8.314,-8.604,7.688,1.796,-0.128,0.249,0.000,0.000,-8.829,-10.192,13.485,-0.781,0.492,0.923,0.773
17:47:46.176,64.834,-8.829,-10.192,True,-8.315,-8.945,7.677,0.920,-0.251,0.269,0.000,0.000,-8.829,-10.192,13.485,-0.854,0.493,0.986,0.811
17:47:46.197,64.854,-8.829,-10.192,True,-8.317,-9.221,7.670,0.742,-0.333,0.255,0.000,0.000,-8.829,-10.192,13.485,-0.889,0.493,1.017,0.811
17:47:46.217,64.875,-10.595,-12.231,True,-8.728,-9.909,4.970,-2.050,-0.528,0.457,0.000,0.000,-10.595,-12.231,16.182,-1.081,0.653,1.263,0.875
17:47:46.241,64.898,-10.595,-12.231,True,-8.629,-9.950,6.313,0.172,-0.395,0.445,0.000,0.000,-10.595,-12.231,16.182,-0.987,0.584,1.147,0.463
17:47:46.261,64.918,-12.361,-12.231,True,-9.590,-10.590,0.553,-1.920,-0.461,0.643,0.000,0.000,-12.361,-12.231,17.389,-1.144,0.935,1.477,0.752
17:47:46.281,64.939,-10.595,-10.192,True,-9.850,-10.512,0.763,1.165,-0.489,0.461,0.000,0.000,-10.595,-10.192,14.702,-1.000,0.951,1.380,0.824
17:47:46.301,64.959,-12.361,-10.192,True,-10.481,-10.413,-1.343,3.696,-0.137,0.876,0.000,0.000,-12.361,-10.192,16.021,-0.878,1.107,1.413,0.471
17:47:46.322,64.979,-12.361,-10.192,True,-10.967,-10.303,-1.960,5.730,-0.001,1.530,0.000,0.000,-12.361,-10.192,16.021,-0.777,1.183,1.416,0.781
17:47:46.342,64.999,-12.361,-10.192,True,-11.334,-10.189,-1.608,7.321,-0.208,1.428,0.000,0.000,-12.361,-10.192,16.021,-0.696,1.204,1.391,0.717
17:47:46.363,65.020,-12.361,-10.192,True,-11.603,-10.078,-0.646,8.523,0.215,1.570,0.000,0.000,-12.361,-10.192,16.021,-0.632,1.189,1.346,0.823
17:47:46.383,65.040,-12.361,-10.192,True,-11.792,-9.975,0.668,9.390,0.177,1.702,0.000,0.000,-12.361,-10.192,16.021,-0.583,1.150,1.289,0.480
17:47:46.403,65.061,-12.361,-10.192,True,-11.915,-9.882,2.147,9.973,0.506,1.758,0.000,0.000,-12.361,-10.192,16.021,-0.548,1.097,1.226,0.768
17:47:46.423,65.080,-12.361,-10.192,True,-11.986,-9.801,3.658,10.325,0.347,1.705,0.000,0.000,-12.361,-10.192,16.021,-0.524,1.037,1.162,0.398
17:47:46.444,65.101,-12.361,-12.231,True,-12.017,-10.208,5.107,7.393,-0.052,1.999,0.000,0.000,-12.361,-12.231,17.389,-0.694,0.976,1.198,0.653
17:47:46.464,65.121,-12.361,-8.154,True,-12.018,-9.617,6.433,11.726,0.243,1.865,0.000,0.000,-12.361,-8.154,14.808,-0.444,0.918,1.020,0.550
17:47:46.484,65.142,-12.361,-10.192,True,-11.999,-9.571,7.599,11.402,0.222,1.698,0.000,0.000,-12.361,-10.192,16.021,-0.454,0.864,0.976,0.752
17:47:46.504,65.162,-12.361,-10.192,True,-11.966,-9.540,8.590,11.035,0.143,1.721,0.000,0.000,-12.361,-10.192,16.021,-0.467,0.818,0.941,0.717
17:47:46.525,65.182,-12.361,-10.192,True,-11.926,-9.522,9.403,10.658,0.095,1.676,0.000,0.000,-12.361,-10.192,16.021,-0.482,0.778,0.915,0.675
17:47:46.546,65.203,-12.361,-10.192,True,-11.883,-9.514,10.047,10.295,0.035,1.621,0.000,0.000,-12.361,-10.192,16.021,-0.497,0.745,0.895,0.399
17:47:46.566,65.224,-12.361,-8.154,True,-11.840,-9.040,10.538,13.085,0.170,1.551,0.000,0.000,-12.361,-8.154,14.808,-0.326,0.719,0.790,0.503
17:47:46.587,65.244,-12.361,-8.154,True,-11.799,-8.633,10.895,14.712,0.265,1.474,0.000,0.000,-12.361,-8.154,14.808,-0.214,0.699,0.731,0.399
17:47:46.607,65.265,-12.361,-10.192,True,-11.763,-8.770,11.138,12.314,0.239,1.469,0.000,0.000,-12.361,-10.192,16.021,-0.333,0.685,0.762,0.396
17:47:46.629,65.286,-10.595,-10.192,True,-11.320,-8.912,13.990,10.446,0.222,1.412,0.000,0.000,-10.595,-10.192,14.702,-0.430,0.514,0.671,0.749
17:47:46.649,65.306,-10.595,-10.192,True,-10.937,-9.049,15.729,9.052,0.076,1.232,0.000,0.000,-10.595,-10.192,14.702,-0.505,0.399,0.644,0.844
17:47:46.669,65.327,-8.829,-12.231,True,-10.205,-9.650,19.291,4.949,-0.118,1.041,0.000,0.000,-8.829,-12.231,15.085,-0.747,0.169,0.765,0.899
17:47:46.690,65.347,-8.829,-10.192,True,-9.589,-9.700,21.152,5.502,-0.125,0.891,0.000,0.000,-8.829,-10.192,13.485,-0.727,0.025,0.728,0.677
17:47:46.710,65.367,-8.829,-10.192,True,-9.088,-9.730,21.719,6.076,-0.099,0.790,0.000,0.000,-8.829,-10.192,13.485,-0.705,-0.050,0.707,0.564
17:47:46.731,65.388,-8.829,-8.154,True,-8.694,-9.270,21.348,9.747,0.081,0.744,0.000,0.000,-8.829,-8.154,12.018,-0.497,-0.073,0.502,0.907
17:47:46.751,65.408,-8.829,-8.154,True,-8.398,-8.861,20.340,12.175,0.179,0.743,0.000,0.000,-8.829,-8.154,12.018,-0.349,-0.058,0.354,0.779
17:47:46.771,65.429,-8.829,-10.192,True,-8.186,-8.984,18.941,10.487,0.075,0.764,0.000,0.000,-8.829,-10.192,13.485,-0.435,-0.017,0.436,0.823
17:47:46.792,65.449,-8.829,-10.192,True,-8.044,-9.104,17.344,9.216,-0.004,0.804,0.000,0.000,-8.829,-10.192,13.485,-0.504,0.039,0.505,0.770
17:47:46.812,65.470,-7.063,-10.192,True,-7.550,-9.215,18.393,8.306,-0.073,0.679,0.000,0.000,-7.063,-10.192,12.401,-0.555,-0.057,0.558,0.421
17:47:46.833,65.490,-5.297,-10.192,True,-6.744,-9.315,21.155,7.700,-0.145,0.437,0.000,0.000,-5.297,-10.192,11.487,-0.592,-0.259,0.646,0.678
17:47:46.853,65.511,-5.297,-10.192,True,-6.083,-9.400,22.185,7.340,0.018,0.274,0.000,0.000,-5.297,-10.192,11.487,-0.616,-0.371,0.719,0.463
17:47:46.874,65.531,-5.297,-8.154,True,-5.560,-8.998,21.946,10.285,0.264,0.205,0.000,0.000,-5.297,-8.154,9.724,-0.446,-0.413,0.608,0.532
17:47:46.894,65.552,-5.297,-10.192,True,-5.162,-9.118,20.829,9.063,0.483,-0.099,0.000,0.000,-5.297,-10.192,11.487,-0.512,-0.403,0.651,0.778
17:47:46.915,65.572,-5.297,-8.154,True,-4.874,-8.755,19.158,11.309,0.547,-0.152,0.000,0.000,-5.297,-8.154,9.724,-0.376,-0.358,0.520,0.471
17:47:46.935,65.593,-5.297,-10.192,True,-4.678,-8.915,17.190,9.541,0.686,-0.081,0.000,0.000,-5.297,-10.192,11.487,-0.470,-0.291,0.553,0.750
17:47:46.956,65.613,-5.297,-12.231,True,-4.558,-9.539,15.121,5.152,0.338,0.069,0.000,0.000,-5.297,-12.231,13.329,-0.726,-0.212,0.757,0.793
17:47:46.976,65.634,-1.766,-10.192,True,-3.677,-9.612,18.489,5.490,0.435,-0.188,0.000,0.000,-1.766,-10.192,10.344,-0.719,-0.448,0.847,0.619
17:47:46.997,65.654,-1.766,-10.192,True,-2.949,-9.662,19.922,5.912,0.418,-0.430,0.000,0.000,-1.766,-10.192,10.344,-0.705,-0.584,0.916,0.949
17:47:47.017,65.674,-1.766,-12.231,True,-2.368,-10.168,19.920,3.258,0.229,-0.515,0.000,0.000,-1.766,-12.231,12.358,-0.873,-0.642,1.084,0.412
17:47:47.038,65.695,-1.766,-10.192,True,-1.923,-10.124,18.912,4.915,0.190,-0.484,0.000,0.000,-1.766,-10.192,10.344,-0.795,-0.643,1.023,0.755
17:47:47.058,65.715,-1.766,-12.231,True,-1.596,-10.538,17.254,3.181,-0.031,-0.495,0.000,0.000,-1.766,-12.231,12.358,-0.913,-0.602,1.094,0.447
17:47:47.080,65.737,-1.766,-12.231,True,-1.251,-10.474,16.017,5.058,0.112,-0.439,0.000,0.000,-1.766,-12.231,12.358,-0.824,-0.582,1.009,0.404
17:47:47.101,65.758,-1.766,-10.192,True,-1.166,-10.322,13.314,7.077,0.156,-0.203,0.000,0.000,-1.766,-10.192,10.344,-0.720,-0.471,0.860,0.706
17:47:47.121,65.778,-1.766,-10.192,True,-1.131,-10.184,10.888,8.536,0.326,-0.188,0.000,0.000,-1.766,-10.192,10.344,-0.642,-0.367,0.739,0.590
17:47:47.141,65.798,-1.766,-10.192,True,-1.131,-10.059,8.762,9.566,0.354,-0.121,0.000,0.000,-1.766,-10.192,10.344,-0.584,-0.274,0.645,0.412
17:47:47.162,65.819,-1.766,-12.231,True,-1.157,-10.453,6.935,7.076,0.153,-0.046,0.000,0.000,-1.766,-12.231,12.358,-0.733,-0.190,0.757,0.749
17:47:47.183,65.841,-1.766,-8.154,True,-1.199,-9.789,5.396,11.893,0.413,-0.024,0.000,0.000,-1.766,-8.154,8.343,-0.454,-0.118,0.469,0.724
17:47:47.204,65.861,-1.766,-10.192,True,-1.252,-9.704,4.127,11.851,0.399,0.040,0.000,0.000,-1.766,-10.192,10.344,-0.447,-0.057,0.451,0.809
17:47:47.224,65.881,0.000,-14.269,True,-0.894,-10.599,5.782,5.489,-0.032,-0.064,0.000,0.000,0.000,-14.269,14.269,-0.818,-0.166,0.834,0.752
17:47:47.244,65.902,-1.766,-10.192,True,-1.009,-10.419,3.944,7.619,0.039,0.037,0.000,0.000,-1.766,-10.192,10.344,-0.706,-0.073,0.709,0.710
17:47:47.264,65.922,0.000,-12.231,True,-0.714,-10.725,5.206,6.087,-0.058,-0.056,0.000,0.000,0.000,-12.231,12.231,-0.804,-0.158,0.819,0.713
17:47:47.285,65.942,-1.766,-12.231,True,-0.878,-10.982,3.121,5.263,-0.188,0.027,0.000,0.000,-1.766,-12.231,12.358,-0.866,-0.050,0.867,0.694
17:47:47.305,65.963,0.000,-14.269,True,-0.626,-11.665,4.263,1.869,-0.450,-0.026,0.000,0.000,0.000,-14.269,14.269,-1.084,-0.126,1.091,0.788
17:47:47.325,65.983,0.000,-14.269,True,-0.415,-12.241,4.831,0.061,-0.616,-0.086,0.000,0.000,0.000,-14.269,14.269,-1.221,-0.172,1.233,0.760
17:47:47.346,66.003,-1.766,-10.192,True,-0.655,-11.764,2.265,5.702,-0.296,0.077,0.000,0.000,-1.766,-10.192,10.344,-0.925,-0.034,0.925,0.662
17:47:47.366,66.024,0.000,-14.269,True,-0.468,-12.259,3.128,3.593,-0.441,-0.116,0.000,0.000,0.000,-14.269,14.269,-1.067,-0.091,1.071,0.772
17:47:47.387,66.044,-1.766,-10.192,True,-0.722,-11.723,0.857,8.840,-0.248,-0.190,0.000,0.000,-1.766,-10.192,10.344,-0.782,0.034,0.783,0.719
17:47:47.408,66.065,0.000,-10.192,True,-0.541,-11.232,2.007,12.521,-0.084,-0.036,0.000,0.000,0.000,-10.192,10.192,-0.570,-0.034,0.572,0.865
17:47:47.428,66.085,-1.766,-10.192,True,-0.795,-10.798,-0.001,14.901,-0.171,0.320,0.000,0.000,-1.766,-10.192,10.344,-0.422,0.080,0.429,0.391
17:47:47.448,66.106,-1.766,-10.192,True,-1.021,-10.428,-1.324,16.239,-0.196,0.447,0.000,0.000,-1.766,-10.192,10.344,-0.326,0.161,0.363,0.602
17:47:47.469,66.127,-1.766,-10.192,True,-1.214,-10.124,-2.094,16.772,0.058,0.488,0.000,0.000,-1.766,-10.192,10.344,-0.272,0.214,0.346,1.150
17:47:47.489,66.147,-1.766,-8.154,True,-1.375,-9.408,-2.434,19.832,0.235,0.491,0.000,0.000,-1.766,-8.154,8.343,-0.065,0.245,0.254,0.757
17:47:47.509,66.167,-1.766,-8.154,True,-1.503,-8.812,-2.455,21.278,0.304,0.534,0.000,0.000,-1.766,-8.154,8.343,0.058,0.259,0.265,0.726
17:47:47.530,66.187,-1.766,-8.154,True,-1.602,-8.333,-2.250,21.515,0.403,0.639,0.000,0.000,-1.766,-8.154,8.343,0.116,0.259,0.284,0.746
17:47:47.550,66.208,-1.766,-8.154,True,-1.674,-7.961,-1.899,20.892,0.651,0.430,0.000,0.000,-1.766,-8.154,8.343,0.126,0.251,0.281,0.698
17:47:47.570,66.228,-1.766,-8.154,True,-1.725,-7.685,-1.464,19.699,0.781,0.704,0.000,0.000,-1.766,-8.154,8.343,0.101,0.237,0.258,0.510
17:47:47.591,66.248,-1.766,-10.192,True,-1.757,-7.965,-0.995,15.060,0.513,0.774,0.000,0.000,-1.766,-10.192,10.344,-0.132,0.220,0.256,0.516
17:47:47.612,66.270,-1.766,-8.154,True,-1.774,-7.778,-0.527,14.582,0.732,0.901,0.000,0.000,-1.766,-8.154,8.343,-0.134,0.201,0.241,0.812
17:47:47.633,66.290,-1.766,-12.231,True,-1.780,-8.589,-0.086,7.612,0.135,0.950,0.000,0.000,-1.766,-12.231,12.358,-0.523,0.182,0.554,0.749
17:47:47.653,66.310,-1.766,-8.154,True,-1.778,-8.371,0.313,9.118,0.130,0.867,0.000,0.000,-1.766,-8.154,8.343,-0.435,0.164,0.465,0.648
17:47:47.673,66.331,-1.766,-4.077,True,-1.771,-7.233,0.659,16.290,0.512,0.809,0.000,0.000,-1.766,-4.077,4.443,-0.004,0.148,0.148,0.803
17:47:47.694,66.352,-1.766,-8.154,True,-1.759,-7.197,0.950,14.395,0.453,0.706,0.000,0.000,-1.766,-8.154,8.343,-0.084,0.134,0.158,0.859
17:47:47.718,66.375,-1.766,-8.154,True,-1.746,-7.198,1.187,12.667,0.350,0.626,0.000,0.000,-1.766,-8.154,8.343,-0.161,0.122,0.202,0.572
17:47:47.738,66.396,-1.766,-8.154,True,-1.733,-7.226,1.372,11.151,0.287,0.441,0.000,0.000,-1.766,-8.154,8.343,-0.230,0.113,0.256,0.799
17:47:47.759,66.416,-1.766,-8.154,True,-1.719,-7.270,1.511,9.867,0.228,0.200,0.000,0.000,-1.766,-8.154,8.343,-0.292,0.105,0.310,0.780
17:47:47.779,66.437,-1.766,-4.077,True,-1.707,-6.377,1.610,15.041,0.481,0.072,0.000,0.000,-1.766,-4.077,4.443,0.026,0.100,0.103,0.812
17:47:47.799,66.457,-1.766,-10.192,True,-1.696,-7.032,1.675,8.701,0.319,0.048,0.000,0.000,-1.766,-10.192,10.344,-0.319,0.096,0.333,0.447
17:47:47.822,66.479,-1.766,-8.154,True,-1.686,-7.159,1.714,7.378,0.042,-0.125,0.000,0.000,-1.766,-8.154,8.343,-0.390,0.093,0.401,0.572
17:47:47.842,66.500,-1.766,-10.192,True,-1.679,-7.751,1.731,3.323,-0.377,0.159,0.000,0.000,-1.766,-10.192,10.344,-0.628,0.091,0.635,0.438
17:47:47.863,66.521,-1.766,-8.154,True,-1.672,-7.793,1.733,3.897,-0.427,0.268,0.000,0.000,-1.766,-8.154,8.343,-0.607,0.091,0.614,0.905
17:47:47.883,66.541,-1.766,-10.192,True,-1.667,-8.291,1.723,1.362,-0.670,0.264,0.000,0.000,-1.766,-10.192,10.344,-0.769,0.091,0.774,0.803
17:47:47.904,66.561,-1.766,-8.154,True,-1.664,-8.238,1.707,3.109,-0.709,0.169,0.000,0.000,-1.766,-8.154,8.343,-0.687,0.091,0.693,0.874
17:47:47.924,66.581,-1.766,-8.154,True,-1.661,-8.171,1.686,4.554,-0.755,0.123,0.000,0.000,-1.766,-8.154,8.343,-0.616,0.092,0.623,0.758
17:47:47.945,66.603,-1.766,-10.192,True,-1.660,-8.571,1.663,2.593,-1.198,0.372,0.000,0.000,-1.766,-10.192,10.344,-0.743,0.093,0.748,0.804
17:47:47.965,66.623,-1.766,-8.154,True,-1.659,-8.434,1.640,4.676,-1.278,0.480,0.000,0.000,-1.766,-8.154,8.343,-0.637,0.093,0.644,0.571
17:47:47.986,66.644,-1.766,-10.192,True,-1.658,-8.771,1.619,3.157,-1.433,0.405,0.000,0.000,-1.766,-10.192,10.344,-0.738,0.094,0.744,0.793
17:47:48.006,66.664,-3.532,-10.192,True,-2.069,-9.052,-1.097,2.405,-1.505,0.573,0.000,0.000,-3.532,-10.192,10.787,-0.799,0.255,0.839,0.508
17:47:48.027,66.685,-3.532,-10.192,True,-2.426,-9.280,-2.773,2.233,-1.520,0.683,0.000,0.000,-3.532,-10.192,10.787,-0.829,0.365,0.906,0.777
17:47:48.047,66.704,-3.532,-10.192,True,-2.725,-9.458,-3.628,2.476,-1.608,0.733,0.000,0.000,-3.532,-10.192,10.787,-0.837,0.433,0.942,0.489
17:47:48.068,66.725,-5.297,-10.192,True,-3.378,-9.591,-6.557,2.997,-1.674,0.878,0.000,0.000,-5.297,-10.192,11.487,-0.827,0.627,1.038,0.542
17:47:48.088,66.745,-5.297,-10.192,True,-3.925,-9.684,-7.998,3.686,-1.592,0.925,0.000,0.000,-5.297,-10.192,11.487,-0.806,0.746,1.098,0.784
17:47:48.108,66.765,-3.532,-8.154,True,-3.956,-9.272,-5.622,7.566,-1.334,0.791,0.000,0.000,-3.532,-8.154,8.886,-0.593,0.644,0.875,0.496
17:47:48.128,66.786,-5.297,-8.154,True,-4.354,-8.896,-6.175,10.261,-1.216,0.837,0.000,0.000,-5.297,-8.154,9.724,-0.437,0.708,0.832,0.749
17:47:48.150,66.808,-5.297,-8.154,True,-4.668,-8.566,-5.973,11.979,-0.990,0.778,0.000,0.000,-5.297,-8.154,9.724,-0.328,0.730,0.801,0.440
17:47:48.171,66.829,-5.297,-8.154,True,-4.906,-8.286,-5.250,12.916,-0.973,0.712,0.000,0.000,-5.297,-8.154,9.724,-0.259,0.722,0.767,0.874
17:47:48.191,66.848,-5.297,-6.115,True,-5.078,-7.584,-4.204,16.369,-0.727,0.779,0.000,0.000,-5.297,-6.115,8.091,-0.036,0.693,0.694,0.462
17:47:48.212,66.869,-5.297,-6.115,True,-5.193,-6.991,-2.986,18.185,-0.618,0.727,0.000,0.000,-5.297,-6.115,8.091,0.104,0.651,0.659,0.787
17:47:48.232,66.889,-5.297,-6.115,True,-5.263,-6.509,-1.717,18.754,-0.521,0.658,0.000,0.000,-5.297,-6.115,8.091,0.177,0.602,0.628,0.694
17:47:48.259,66.917,-5.297,-6.115,True,-5.298,-6.129,-0.479,18.419,-0.476,0.641,0.000,0.000,-5.297,-6.115,8.091,0.200,0.551,0.586,0.793
17:47:48.280,66.937,-5.297,-4.077,True,-5.305,-5.370,0.667,20.579,-0.328,0.553,0.000,0.000,-5.297,-4.077,6.685,0.371,0.501,0.624,1.036
17:47:48.299,66.957,-3.532,-2.038,True,-4.883,-4.280,4.385,24.275,0.024,0.493,0.000,0.000,-3.532,-2.038,4.078,0.643,0.295,0.708,0.682
17:47:48.320,66.977,-3.532,-2.038,True,-4.501,-3.386,6.919,25.634,0.189,0.249,0.000,0.000,-3.532,-2.038,4.078,0.793,0.145,0.806,0.782
17:47:48.340,66.998,-1.766,6.115,True,-3.760,-0.785,11.183,37.733,0.722,-0.075,0.000,0.000,-1.766,6.115,6.365,1.587,-0.118,1.591,0.771
17:47:48.361,67.018,-1.766,2.038,True,-3.125,0.450,13.645,37.632,0.906,-0.286,0.000,0.000,-1.766,2.038,2.697,1.706,-0.290,1.730,0.804
17:47:48.381,67.038,-1.766,4.077,True,-2.600,1.870,14.708,38.516,1.063,-0.106,0.000,0.000,-1.766,4.077,4.443,1.887,-0.389,1.927,0.908
17:47:48.401,67.059,-1.766,4.077,True,-2.180,2.974,14.732,36.832,0.940,-0.322,0.000,0.000,-1.766,4.077,4.443,1.923,-0.432,1.971,0.766
17:47:48.422,67.079,-1.766,6.115,True,-1.858,4.270,14.027,36.553,0.998,-0.407,0.000,0.000,-1.766,6.115,6.365,2.040,-0.433,2.086,0.806
17:47:48.442,67.099,-1.766,6.115,True,-1.621,5.260,12.848,34.063,1.110,-0.327,0.000,0.000,-1.766,6.115,6.365,2.029,-0.405,2.069,0.445
17:47:48.462,67.120,-1.766,6.115,True,-1.457,5.981,11.402,30.160,1.008,-0.307,0.000,0.000,-1.766,6.115,6.365,1.929,-0.358,1.962,0.749
17:47:48.483,67.140,-1.766,8.154,True,-1.354,6.949,9.848,28.592,1.079,-0.245,0.000,0.000,-1.766,8.154,8.343,1.957,-0.299,1.980,0.782
17:47:48.503,67.160,-1.766,8.154,True,-1.298,7.668,8.304,25.538,1.040,-0.241,0.000,0.000,-1.766,8.154,8.343,1.894,-0.237,1.909,0.510
17:47:48.523,67.181,-1.766,8.154,True,-1.280,8.173,6.850,21.608,0.969,-0.162,0.000,0.000,-1.766,8.154,8.343,1.771,-0.174,1.780,0.568
17:47:48.544,67.201,-1.766,8.154,True,-1.287,8.500,5.540,17.280,0.842,-0.095,0.000,0.000,-1.766,8.154,8.343,1.613,-0.116,1.617,0.803
17:47:48.564,67.221,-1.766,8.154,True,-1.313,8.685,4.402,12.909,0.662,-0.057,0.000,0.000,-1.766,8.154,8.343,1.438,-0.063,1.440,0.504
17:47:48.587,67.245,-1.766,8.154,True,-1.351,8.760,3.447,8.749,0.503,-0.004,0.000,0.000,-1.766,8.154,8.343,1.262,-0.017,1.262,0.746
17:47:48.608,67.266,0.000,10.192,True,-0.984,9.227,5.370,8.076,0.566,-0.138,0.000,0.000,0.000,10.192,10.192,1.279,-0.139,1.287,0.795
17:47:48.629,67.286,1.766,10.192,True,-0.263,9.575,9.121,6.675,0.566,-0.366,0.000,0.000,1.766,10.192,10.344,1.252,-0.376,1.307,0.768
17:47:48.649,67.306,1.766,10.192,True,0.349,9.821,11.167,4.841,0.514,-0.522,0.000,0.000,1.766,10.192,10.344,1.196,-0.528,1.307,0.444
17:47:48.669,67.326,1.766,12.231,True,0.849,10.455,11.906,5.916,0.729,-0.661,0.000,0.000,1.766,12.231,12.358,1.307,-0.610,1.442,0.429
17:47:48.690,67.347,1.766,14.269,True,1.245,11.432,11.688,8.875,1.019,-0.743,0.000,0.000,1.766,14.269,14.378,1.535,-0.640,1.663,0.729
17:47:48.710,67.368,1.766,8.154,True,1.545,10.807,10.811,0.444,1.035,-1.073,0.000,0.000,1.766,8.154,8.343,1.100,-0.632,1.269,0.789
17:47:48.730,67.388,1.766,16.308,True,1.763,12.092,9.519,6.570,1.453,-1.064,0.000,0.000,1.766,16.308,16.403,1.499,-0.596,1.613,0.464
17:47:48.751,67.408,1.766,14.269,True,1.910,12.698,8.008,6.615,1.625,-0.999,0.000,0.000,1.766,14.269,14.378,1.562,-0.544,1.654,0.507
17:47:48.771,67.429,1.766,16.308,True,1.999,13.638,6.425,8.716,1.904,-0.875,0.000,0.000,1.766,16.308,16.403,1.749,-0.484,1.814,0.508
17:47:48.792,67.449,1.766,14.269,True,2.044,13.919,4.879,5.820,1.925,-0.869,0.000,0.000,1.766,14.269,14.378,1.649,-0.420,1.701,0.394
17:47:48.813,67.470,1.766,14.269,True,2.054,14.090,3.444,2.790,1.801,-0.819,0.000,0.000,1.766,14.269,14.378,1.532,-0.357,1.573,0.951
17:47:48.833,67.490,1.766,14.269,True,2.040,14.174,2.164,-0.169,1.577,-0.637,0.000,0.000,1.766,14.269,14.378,1.410,-0.300,1.441,0.715
17:47:48.853,67.511,1.766,18.346,True,2.009,15.141,1.064,3.311,1.800,-0.634,0.000,0.000,1.766,18.346,18.431,1.660,-0.248,1.679,0.825
17:47:48.874,67.532,-1.766,14.269,True,1.149,14.989,-5.243,-1.532,1.553,-0.222,0.000,0.000,-1.766,14.269,14.378,1.431,0.117,1.436,0.747
17:47:48.895,67.552,-1.766,18.346,True,0.391,15.746,-9.294,0.700,1.727,0.098,0.000,0.000,-1.766,18.346,18.431,1.605,0.371,1.648,0.800
17:47:48.915,67.572,-1.766,18.346,True,-0.253,16.360,-11.542,1.352,1.813,0.334,0.000,0.000,-1.766,18.346,18.431,1.696,0.535,1.778,0.472
17:47:48.935,67.593,-1.766,16.308,True,-0.781,16.369,-12.401,-2.254,1.686,0.818,0.000,0.000,-1.766,16.308,16.403,1.537,0.626,1.660,0.765
17:47:48.956,67.613,-1.766,18.346,True,-1.201,16.794,-12.241,-2.325,1.783,1.102,0.000,0.000,-1.766,18.346,18.431,1.577,0.660,1.709,0.759
17:47:48.976,67.633,-1.766,18.346,True,-1.520,17.119,-11.373,-3.122,1.802,0.917,0.000,0.000,-1.766,18.346,18.431,1.574,0.654,1.705,0.736
17:47:48.996,67.654,-1.766,18.346,True,-1.747,17.056,-10.030,-6.357,1.681,1.148,0.000,0.000,-1.766,18.346,18.431,1.425,0.617,1.553,0.650
17:47:49.017,67.674,-5.297,20.385,True,-2.892,17.903,-14.804,-3.051,1.944,1.414,0.000,0.000,-5.297,20.385,21.062,1.656,0.943,1.905,0.728
17:47:49.037,67.694,-5.297,20.385,True,-3.751,18.521,-16.419,-2.171,2.131,1.408,0.000,0.000,-5.297,20.385,21.062,1.756,1.100,2.072,0.451
17:47:49.058,67.715,-5.297,20.385,True,-4.391,18.965,-16.117,-2.713,2.060,1.425,0.000,0.000,-5.297,20.385,21.062,1.777,1.151,2.117,0.668
17:47:49.078,67.736,-5.297,20.385,True,-4.858,19.276,-14.665,-4.063,2.015,1.287,0.000,0.000,-5.297,20.385,21.062,1.748,1.133,2.083,0.808
17:47:49.098,67.756,-5.297,20.385,True,-5.187,19.483,-12.561,-5.829,1.927,1.231,0.000,0.000,-5.297,20.385,21.062,1.691,1.073,2.003,0.498
17:47:49.120,67.778,-5.297,20.385,True,-5.438,19.366,-10.357,-9.303,1.764,1.129,0.000,0.000,-5.297,20.385,21.062,1.526,1.001,1.825,0.616
17:47:49.141,67.798,-5.297,20.385,True,-5.545,19.526,-7.676,-10.275,1.731,1.028,0.000,0.000,-5.297,20.385,21.062,1.499,0.893,1.745,0.766
17:47:49.161,67.819,-5.297,20.385,True,-5.591,19.607,-5.169,-11.576,1.635,0.917,0.000,0.000,-5.297,20.385,21.062,1.450,0.787,1.650,0.797
17:47:49.182,67.839,-5.297,20.385,True,-5.592,19.635,-2.918,-12.944,1.553,0.845,0.000,0.000,-5.297,20.385,21.062,1.392,0.688,1.553,0.770
17:47:49.202,67.859,-5.297,18.346,True,-5.563,19.121,-0.956,-17.405,1.316,0.771,0.000,0.000,-5.297,18.346,19.096,1.144,0.598,1.291,0.793
17:47:49.223,67.881,-5.297,20.385,True,-5.513,19.163,0.709,-17.288,1.272,0.673,0.000,0.000,-5.297,20.385,21.062,1.153,0.520,1.265,0.785
17:47:49.243,67.901,-5.297,20.385,True,-5.451,19.191,2.083,-17.275,1.337,0.638,0.000,0.000,-5.297,20.385,21.062,1.157,0.453,1.242,0.399
17:47:49.264,67.921,-5.297,20.385,True,-5.383,19.208,3.184,-17.315,1.330,0.552,0.000,0.000,-5.297,20.385,21.062,1.157,0.398,1.223,0.680
17:47:49.285,67.942,-8.829,20.385,True,-6.141,19.218,-1.330,-17.379,1.351,0.977,0.000,0.000,-8.829,20.385,22.215,1.155,0.673,1.336,0.793
17:47:49.305,67.963,-8.829,18.346,True,-6.788,18.748,-3.998,-20.549,1.178,1.217,0.000,0.000,-8.829,18.346,20.360,0.968,0.855,1.292,0.704
17:47:49.326,67.983,-7.063,20.385,True,-6.914,18.814,-2.539,-19.414,1.194,1.113,0.000,0.000,-7.063,20.385,21.574,1.024,0.803,1.302,0.794
17:47:49.346,68.004,-5.297,20.385,True,-6.577,18.881,1.660,-18.524,1.210,0.888,0.000,0.000,-5.297,20.385,21.062,1.070,0.584,1.220,0.823
17:47:49.366,68.024,-7.063,20.385,True,-6.664,18.947,2.065,-17.855,1.258,0.920,0.000,0.000,-7.063,20.385,21.574,1.107,0.575,1.247,0.861
17:47:49.387,68.044,-7.063,20.385,True,-6.725,19.007,2.572,-17.377,1.276,0.865,0.000,0.000,-7.063,20.385,21.574,1.134,0.559,1.264,0.774
17:47:49.407,68.064,-7.063,20.385,True,-6.765,19.061,3.124,-17.061,1.270,0.829,0.000,0.000,-7.063,20.385,21.574,1.153,0.539,1.273,0.709
17:47:49.427,68.085,-7.063,20.385,True,-6.786,19.107,3.677,-16.877,1.263,0.852,0.000,0.000,-7.063,20.385,21.574,1.166,0.516,1.275,0.736
17:47:49.447,68.105,-10.595,20.385,True,-7.616,19.145,-1.214,-16.796,1.264,1.111,0.000,0.000,-10.595,20.385,22.974,1.173,0.815,1.429,0.439
17:47:49.468,68.125,-5.297,20.385,True,-7.095,19.176,4.051,-16.793,1.250,0.786,0.000,0.000,-5.297,20.385,21.062,1.176,0.531,1.291,0.799
17:47:49.488,68.145,-5.297,20.385,True,-6.615,19.200,7.770,-16.845,1.227,0.558,0.000,0.000,-5.297,20.385,21.062,1.176,0.318,1.219,0.440
17:47:49.509,68.166,-5.297,20.385,True,-6.189,19.217,10.203,-16.933,1.239,0.382,0.000,0.000,-5.297,20.385,21.062,1.174,0.169,1.186,0.982
17:47:49.529,68.186,-5.297,20.385,True,-5.825,19.229,11.601,-17.041,1.318,0.281,0.000,0.000,-5.297,20.385,21.062,1.171,0.070,1.173,0.814
17:47:49.550,68.207,-5.297,20.385,True,-5.524,19.236,12.198,-17.157,1.318,0.107,0.000,0.000,-5.297,20.385,21.062,1.166,0.014,1.166,0.654
17:47:49.570,68.227,-5.297,20.385,True,-5.284,19.240,12.200,-17.273,1.374,-0.174,0.000,0.000,-5.297,20.385,21.062,1.162,-0.010,1.162,0.794
17:47:49.590,68.247,-5.297,16.308,True,-5.100,18.293,11.787,-23.612,0.956,-0.139,0.000,0.000,-5.297,16.308,17.147,0.787,-0.010,0.787,0.388
17:47:49.610,68.268,-5.297,22.423,True,-4.965,18.890,11.104,-18.197,1.221,-0.173,0.000,0.000,-5.297,22.423,23.040,1.086,0.006,1.086,0.495
17:47:49.631,68.288,-5.297,20.385,True,-4.872,18.958,10.270,-17.590,1.252,-0.198,0.000,0.000,-5.297,20.385,21.062,1.119,0.034,1.120,0.490
17:47:49.652,68.309,-5.297,20.385,True,-4.813,19.020,9.376,-17.174,1.234,-0.127,0.000,0.000,-5.297,20.385,21.062,1.144,0.067,1.146,0.974
17:47:49.672,68.329,-5.297,20.385,True,-4.782,19.073,8.488,-16.915,1.228,-0.059,0.000,0.000,-5.297,20.385,21.062,1.161,0.104,1.165,0.685
17:47:49.692,68.350,-5.297,20.385,True,-4.771,19.118,7.654,-16.781,1.277,-0.016,0.000,0.000,-5.297,20.385,21.062,1.171,0.139,1.179,0.405
17:47:49.713,68.370,-5.297,20.385,True,-4.776,19.155,6.903,-16.740,1.278,0.024,0.000,0.000,-5.297,20.385,21.062,1.177,0.173,1.189,0.585
17:47:49.733,68.391,-5.297,20.385,True,-4.791,19.184,6.251,-16.768,1.270,0.029,0.000,0.000,-5.297,20.385,21.062,1.178,0.203,1.196,0.864
17:47:49.753,68.411,-5.297,20.385,True,-4.813,19.205,5.704,-16.843,1.274,0.040,0.000,0.000,-5.297,20.385,21.062,1.177,0.230,1.199,0.445
17:47:49.774,68.431,-5.297,20.385,True,-4.838,19.221,5.261,-16.946,1.244,0.040,0.000,0.000,-5.297,20.385,21.062,1.174,0.252,1.201,0.850
17:47:49.794,68.452,-3.532,20.385,True,-4.454,19.231,7.612,-17.063,1.249,-0.079,0.000,0.000,-3.532,20.385,20.688,1.170,0.109,1.175,0.770
17:47:49.815,68.472,-3.532,20.385,True,-4.123,19.237,9.012,-17.183,1.226,-0.149,0.000,0.000,-3.532,20.385,20.688,1.165,0.014,1.165,0.698
17:47:49.835,68.493,-3.532,20.385,True,-3.847,19.240,9.669,-17.300,1.220,-0.255,0.000,0.000,-3.532,20.385,20.688,1.160,-0.042,1.161,0.621
17:47:49.856,68.513,-1.766,20.385,True,-3.215,19.240,12.465,-17.407,1.215,-0.444,0.000,0.000,-1.766,20.385,20.461,1.156,-0.229,1.178,0.770
17:47:49.876,68.533,-3.532,20.385,True,-3.097,19.239,11.131,-17.502,1.186,-0.372,0.000,0.000,-3.532,20.385,20.688,1.151,-0.182,1.166,0.480
17:47:49.896,68.554,-1.766,20.385,True,-2.617,19.236,12.451,-17.583,1.164,-0.481,0.000,0.000,-1.766,20.385,20.461,1.148,-0.288,1.183,0.592
17:47:49.917,68.574,-1.766,20.385,True,-2.228,19.233,12.779,-17.650,1.174,-0.562,0.000,0.000,-1.766,20.385,20.461,1.144,-0.341,1.194,0.688
17:47:49.937,68.595,-1.766,20.385,True,-1.924,19.230,12.394,-17.703,1.178,-0.594,0.000,0.000,-1.766,20.385,20.461,1.142,-0.355,1.195,0.528
17:47:49.957,68.615,-1.766,20.385,True,-1.697,19.226,11.529,-17.744,1.119,-0.626,0.000,0.000,-1.766,20.385,20.461,1.139,-0.339,1.189,0.471
17:47:49.979,68.637,-1.766,20.385,True,-1.467,18.871,10.832,-20.085,1.129,-0.800,0.000,0.000,-1.766,20.385,20.461,1.001,-0.331,1.054,0.476
17:47:50.000,68.657,-3.532,20.385,True,-1.893,19.009,6.035,-18.686,1.129,-0.735,0.000,0.000,-3.532,20.385,20.688,1.076,-0.077,1.079,0.828
17:47:50.020,68.677,-1.766,20.385,True,-1.771,19.102,5.888,-17.952,1.164,-0.812,0.000,0.000,-1.766,20.385,20.461,1.118,-0.083,1.121,0.726
17:47:50.040,68.698,-1.766,20.385,True,-1.682,19.163,5.537,-17.610,1.163,-0.838,0.000,0.000,-1.766,20.385,20.461,1.139,-0.076,1.142,0.723
17:47:50.061,68.718,-3.532,20.385,True,-2.057,19.201,2.320,-17.493,1.107,-0.635,0.000,0.000,-3.532,20.385,20.688,1.148,0.103,1.153,0.715
17:47:50.082,68.739,-1.766,20.385,True,-1.951,19.222,2.907,-17.499,1.139,-0.567,0.000,0.000,-1.766,20.385,20.461,1.150,0.067,1.152,0.795
17:47:50.102,68.760,-5.297,20.385,True,-2.704,19.233,-2.134,-17.561,1.152,-0.272,0.000,0.000,-5.297,20.385,21.062,1.148,0.365,1.205,0.826
17:47:50.122,68.780,-5.297,20.385,True,-3.348,19.236,-5.251,-17.641,1.156,-0.023,0.000,0.000,-5.297,20.385,21.062,1.145,0.567,1.277,0.418
17:47:50.143,68.800,-5.297,20.385,True,-3.885,19.234,-6.883,-17.717,1.173,0.203,0.000,0.000,-5.297,20.385,21.062,1.141,0.692,1.335,0.784
17:47:50.163,68.821,-5.297,18.346,True,-4.320,18.756,-7.397,-20.873,0.777,0.297,0.000,0.000,-5.297,18.346,19.096,0.954,0.758,1.219,0.514
17:47:50.184,68.842,-5.297,18.346,True,-4.661,18.340,-7.101,-22.821,0.595,0.225,0.000,0.000,-5.297,18.346,19.096,0.827,0.779,1.136,0.903
17:47:50.206,68.864,-5.297,20.385,True,-4.918,18.465,-6.254,-20.706,0.797,0.327,0.000,0.000,-5.297,20.385,21.062,0.933,0.768,1.208,0.823
17:47:50.226,68.884,-5.297,18.346,True,-5.102,18.119,-5.066,-22.171,0.703,0.352,0.000,0.000,-5.297,18.346,19.096,0.833,0.734,1.110,0.625
17:47:50.247,68.904,-5.297,18.346,True,-5.225,17.832,-3.703,-22.858,0.616,0.343,0.000,0.000,-5.297,18.346,19.096,0.774,0.686,1.034,0.829
17:47:50.267,68.925,-5.297,18.346,True,-5.299,17.600,-2.291,-22.961,0.618,0.312,0.000,0.000,-5.297,18.346,19.096,0.747,0.631,0.977,0.751
17:47:50.288,68.945,-5.297,18.346,True,-5.334,17.421,-0.922,-22.650,0.644,0.226,0.000,0.000,-5.297,18.346,19.096,0.742,0.574,0.938,0.792
17:47:50.308,68.966,-5.297,18.346,True,-5.339,17.289,0.341,-22.065,0.672,0.199,0.000,0.000,-5.297,18.346,19.096,0.755,0.519,0.916,0.781
17:47:50.328,68.986,-5.297,18.346,True,-5.324,17.196,1.461,-21.321,0.695,0.160,0.000,0.000,-5.297,18.346,19.096,0.778,0.468,0.908,0.846
17:47:50.348,69.006,-5.297,18.346,True,-5.296,17.136,2.419,-20.507,0.717,0.126,0.000,0.000,-5.297,18.346,19.096,0.808,0.423,0.912,0.464
17:47:50.369,69.027,-5.297,18.346,True,-5.259,17.103,3.211,-19.690,0.756,0.102,0.000,0.000,-5.297,18.346,19.096,0.841,0.384,0.925,0.797
17:47:50.390,69.047,-5.297,14.269,True,-5.219,16.142,3.843,-25.150,0.443,0.064,0.000,0.000,-5.297,14.269,15.221,0.504,0.352,0.615,0.792
17:47:50.410,69.067,-5.297,20.385,True,-5.178,16.742,4.329,-18.929,0.684,0.074,0.000,0.000,-5.297,20.385,21.062,0.839,0.327,0.900,0.417
17:47:50.431,69.088,-7.063,8.154,True,-5.550,14.455,1.986,-33.201,-0.275,0.160,0.000,0.000,-7.063,8.154,10.788,-0.020,0.467,0.468,0.899
17:47:50.450,69.108,-7.063,20.385,True,-5.871,15.324,0.573,-23.084,0.090,0.496,0.000,0.000,-7.063,20.385,21.574,0.513,0.562,0.761,0.444
17:47:50.471,69.129,-8.829,16.308,True,-6.550,15.198,-2.810,-21.930,0.102,0.696,0.000,0.000,-8.829,16.308,18.544,0.552,0.779,0.955,0.679
17:47:50.491,69.149,-8.829,20.385,True,-7.123,16.067,-4.605,-14.471,0.384,0.921,0.000,0.000,-8.829,20.385,22.215,0.968,0.916,1.332,0.517
17:47:50.513,69.170,-8.829,20.385,True,-7.590,16.848,-5.190,-9.423,0.748,1.168,0.000,0.000,-8.829,20.385,22.215,1.269,0.988,1.608,0.376
17:47:50.534,69.191,-8.829,20.385,True,-7.958,17.525,-4.893,-6.340,0.961,1.238,0.000,0.000,-8.829,20.385,22.215,1.473,1.012,1.787,0.580
17:47:50.554,69.212,-8.829,20.385,True,-8.235,18.092,-3.996,-4.805,0.962,1.366,0.000,0.000,-8.829,20.385,22.215,1.597,1.000,1.884,0.683
17:47:50.575,69.232,-8.829,22.423,True,-8.435,19.025,-2.727,-1.326,1.182,1.298,0.000,0.000,-8.829,22.423,24.099,1.844,0.964,2.081,0.549
17:47:50.596,69.253,-8.829,22.423,True,-8.568,19.794,-1.266,0.116,1.396,1.315,0.000,0.000,-8.829,22.423,24.099,1.984,0.913,2.184,0.866
17:47:50.616,69.273,-8.829,22.423,True,-8.648,20.406,0.249,0.050,1.493,1.212,0.000,0.000,-8.829,22.423,24.099,2.043,0.854,2.214,0.735
17:47:50.636,69.294,-7.063,22.423,True,-8.276,20.876,4.416,-1.069,1.511,0.944,0.000,0.000,-7.063,22.423,23.509,2.040,0.633,2.136,0.729
17:47:50.657,69.314,-8.829,22.423,True,-8.337,21.219,4.737,-2.866,1.506,0.854,0.000,0.000,-8.829,22.423,24.099,1.995,0.625,2.091,0.463
17:47:50.677,69.335,-8.829,18.346,True,-8.378,20.507,5.124,-11.265,1.150,0.995,0.000,0.000,-8.829,18.346,20.360,1.554,0.612,1.670,0.780
17:47:50.697,69.355,-8.829,20.385,True,-8.404,20.306,5.536,-14.300,0.980,0.921,0.000,0.000,-8.829,20.385,22.215,1.399,0.596,1.521,0.813
17:47:50.718,69.375,-8.829,20.385,True,-8.418,20.105,5.943,-16.618,1.052,0.710,0.000,0.000,-8.829,20.385,22.215,1.277,0.580,1.402,0.762
17:47:50.741,69.399,-8.829,20.385,True,-8.422,19.915,6.324,-18.307,1.090,0.949,0.000,0.000,-8.829,20.385,22.215,1.183,0.563,1.311,0.857
17:47:50.761,69.419,-8.829,20.385,True,-8.420,19.743,6.667,-19.461,1.100,0.849,0.000,0.000,-8.829,20.385,22.215,1.115,0.548,1.242,0.739
17:47:50.782,69.439,-8.829,20.385,True,-8.413,19.593,6.964,-20.178,1.032,0.980,0.000,0.000,-8.829,20.385,22.215,1.069,0.534,1.195,0.570
17:47:50.802,69.460,-8.829,20.385,True,-8.402,19.467,7.212,-20.549,1.038,1.007,0.000,0.000,-8.829,20.385,22.215,1.040,0.522,1.163,0.744
17:47:50.823,69.480,-8.829,18.346,True,-8.391,18.891,7.412,-23.769,0.839,1.017,0.000,0.000,-8.829,18.346,20.360,0.840,0.512,0.984,0.680
17:47:50.843,69.501,-8.829,20.385,True,-8.379,18.873,7.568,-22.488,0.881,0.925,0.000,0.000,-8.829,20.385,22.215,0.895,0.504,1.027,0.752
17:47:50.863,69.521,-8.829,22.423,True,-8.367,19.353,7.684,-18.218,1.138,0.900,0.000,0.000,-8.829,22.423,24.099,1.131,0.498,1.236,0.492
17:47:50.884,69.542,-7.063,18.346,True,-7.946,18.839,10.463,-21.523,0.881,0.883,0.000,0.000,-7.063,18.346,19.659,0.934,0.333,0.991,0.797
17:47:50.905,69.562,-7.063,18.346,True,-7.581,18.394,12.176,-23.537,0.690,0.775,0.000,0.000,-7.063,18.346,19.659,0.801,0.221,0.830,0.854
17:47:50.925,69.582,-5.297,18.346,True,-6.863,18.022,15.744,-24.536,0.620,0.551,0.000,0.000,-5.297,18.346,19.096,0.719,-0.009,0.719,0.698
17:47:50.947,69.605,-5.297,18.346,True,-6.258,17.720,17.636,-24.769,0.570,0.377,0.000,0.000,-5.297,18.346,19.096,0.679,-0.153,0.696,0.878
17:47:50.968,69.625,-5.297,16.308,True,-5.764,17.012,18.251,-27.564,0.324,0.264,0.000,0.000,-5.297,16.308,17.147,0.485,-0.229,0.536,0.898
17:47:50.988,69.645,-5.297,16.308,True,-5.375,16.425,17.934,-28.793,0.163,0.153,0.000,0.000,-5.297,16.308,17.147,0.372,-0.254,0.450,0.416
17:47:51.009,69.666,-5.297,16.308,True,-5.082,15.956,16.983,-28.856,0.004,0.330,0.000,0.000,-5.297,16.308,17.147,0.322,-0.241,0.402,0.807
17:47:51.029,69.686,-5.297,14.269,True,-4.871,15.121,15.639,-31.212,-0.135,0.634,0.000,0.000,-5.297,14.269,15.221,0.134,-0.203,0.244,0.836
17:47:51.050,69.707,-5.297,12.231,True,-4.730,13.970,14.093,-34.948,-0.361,0.604,0.000,0.000,-5.297,12.231,13.329,-0.146,-0.149,0.208,0.801
17:47:51.070,69.727,-5.297,10.192,True,-4.646,12.556,12.490,-39.351,-0.498,0.769,0.000,0.000,-5.297,10.192,11.487,-0.481,-0.087,0.489,0.744
17:47:51.090,69.748,-5.297,14.269,True,-4.605,12.350,10.935,-34.544,-0.141,0.787,0.000,0.000,-5.297,14.269,15.221,-0.290,-0.022,0.291,0.690
17:47:51.110,69.768,-5.297,8.154,True,-4.598,10.845,9.498,-39.301,-0.282,0.892,0.000,0.000,-5.297,8.154,9.724,-0.650,0.041,0.652,0.455
17:47:51.130,69.788,-3.532,6.115,True,-4.205,9.142,10.920,-43.987,-0.734,0.842,0.000,0.000,-3.532,6.115,7.062,-1.027,-0.062,1.029,0.535
17:47:51.151,69.808,-1.766,6.115,True,-3.470,7.764,14.184,-45.156,-0.989,0.562,0.000,0.000,-1.766,6.115,6.365,-1.217,-0.279,1.248,0.395
17:47:51.171,69.829,-1.766,6.115,True,-2.857,6.688,15.781,-43.794,-0.810,0.183,0.000,0.000,-1.766,6.115,6.365,-1.264,-0.411,1.329,0.612
17:47:51.192,69.849,-1.766,6.115,True,-2.361,5.882,16.120,-40.733,-1.002,-0.144,0.000,0.000,-1.766,6.115,6.365,-1.210,-0.475,1.300,0.388
17:47:51.212,69.870,-1.766,10.192,True,-1.975,6.258,15.560,-30.421,-0.891,-0.237,0.000,0.000,-1.766,10.192,10.344,-0.717,-0.489,0.868,0.492
17:47:51.233,69.890,-1.766,6.115,True,-1.688,5.758,14.399,-28.237,-1.106,-0.194,0.000,0.000,-1.766,6.115,6.365,-0.671,-0.467,0.817,0.679
17:47:51.253,69.911,-1.766,4.077,True,-1.485,4.934,12.881,-28.564,-1.421,-0.120,0.000,0.000,-1.766,4.077,4.443,-0.767,-0.420,0.875,0.709
17:47:51.274,69.932,-1.766,2.038,True,-1.352,3.823,11.195,-30.537,-1.607,-0.030,0.000,0.000,-1.766,2.038,2.697,-0.966,-0.359,1.030,0.819
17:47:51.295,69.952,-1.766,2.038,True,-1.276,2.939,9.484,-30.345,-1.747,-0.113,0.000,0.000,-1.766,2.038,2.697,-1.045,-0.291,1.085,0.691
17:47:51.315,69.973,-1.766,2.038,True,-1.245,2.264,7.849,-28.646,-1.779,-0.205,0.000,0.000,-1.766,2.038,2.697,-1.038,-0.222,1.061,0.815
17:47:51.335,69.993,-1.766,2.038,True,-1.245,1.772,6.357,-25.983,-1.643,-0.366,0.000,0.000,-1.766,2.038,2.697,-0.970,-0.156,0.982,0.650
17:47:51.356,70.013,-1.766,2.038,True,-1.268,1.435,5.047,-22.790,-1.528,-0.284,0.000,0.000,-1.766,2.038,2.697,-0.862,-0.096,0.868,0.793
17:47:51.376,70.034,-1.766,0.000,True,-1.307,0.752,3.936,-22.513,-1.582,-0.280,0.000,0.000,-1.766,0.000,1.766,-0.919,-0.043,0.920,0.693
17:47:51.397,70.054,-1.766,0.000,True,-1.353,0.231,3.026,-21.086,-1.537,-0.184,0.000,0.000,-1.766,0.000,1.766,-0.908,0.002,0.908,0.605
17:47:51.417,70.075,0.000,0.000,True,-0.992,-0.146,5.003,-18.931,-1.455,-0.297,0.000,0.000,0.000,0.000,0.000,-0.850,-0.122,0.859,0.830
17:47:51.437,70.095,1.766,6.115,True,-0.275,1.018,8.812,-7.043,-0.746,-0.526,0.000,0.000,1.766,6.115,6.365,-0.209,-0.362,0.418,0.510
17:47:51.457,70.115,1.766,0.000,True,0.335,0.673,10.916,-7.953,-0.740,-0.602,0.000,0.000,1.766,0.000,1.766,-0.284,-0.515,0.588,0.392
17:47:51.481,70.139,1.766,0.000,True,0.553,0.514,9.857,-7.370,-0.818,-0.581,0.000,0.000,1.766,0.000,1.766,-0.274,-0.490,0.562,0.605
17:47:51.502,70.160,1.766,2.038,True,1.037,0.838,10.682,-3.792,-0.634,-0.825,0.000,0.000,1.766,2.038,2.697,-0.084,-0.575,0.581,0.480
17:47:51.523,70.180,1.766,2.038,True,1.388,1.103,10.368,-1.471,-0.439,-0.911,0.000,0.000,1.766,2.038,2.697,0.045,-0.596,0.598,0.675
17:47:51.543,70.201,1.766,4.077,True,1.639,1.842,9.417,3.265,-0.181,-0.894,0.000,0.000,1.766,4.077,4.443,0.328,-0.580,0.666,0.688
17:47:51.563,70.221,1.766,2.038,True,1.812,1.940,8.131,2.796,0.003,-0.927,0.000,0.000,1.766,2.038,2.697,0.317,-0.540,0.626,0.495
17:47:51.584,70.242,1.766,8.154,True,1.924,3.487,6.701,11.595,0.654,-0.820,0.000,0.000,1.766,8.154,8.343,0.860,-0.488,0.989,0.979
17:47:51.605,70.262,1.766,4.077,True,1.988,3.804,5.253,10.372,0.668,-0.785,0.000,0.000,1.766,4.077,4.443,0.838,-0.431,0.942,0.795
17:47:51.625,70.282,1.766,6.115,True,2.016,4.507,3.872,11.840,0.818,-0.735,0.000,0.000,1.766,6.115,6.365,0.973,-0.373,1.042,0.785
17:47:51.645,70.303,1.766,6.115,True,2.017,5.065,2.609,11.919,0.966,-0.532,0.000,0.000,1.766,6.115,6.365,1.033,-0.317,1.080,0.814
17:47:51.666,70.323,1.766,10.192,True,1.998,6.443,1.498,17.219,1.315,-0.432,0.000,0.000,1.766,10.192,10.344,1.404,-0.266,1.429,0.798
17:47:51.686,70.343,1.766,6.115,True,1.967,6.631,0.552,13.312,1.278,-0.438,0.000,0.000,1.766,6.115,6.365,1.251,-0.221,1.270,0.766
17:47:51.707,70.365,1.766,6.115,True,1.929,6.716,-0.227,9.550,1.289,-0.187,0.000,0.000,1.766,6.115,6.365,1.093,-0.183,1.108,0.831
17:47:51.727,70.385,1.766,12.231,True,1.888,8.143,-0.845,15.436,1.780,-0.236,0.000,0.000,1.766,12.231,12.358,1.496,-0.151,1.503,0.756
17:47:51.748,70.405,1.766,10.192,True,1.846,8.857,-1.316,15.024,1.792,-0.118,0.000,0.000,1.766,10.192,10.344,1.549,-0.127,1.554,0.747
17:47:51.768,70.425,1.766,10.192,True,1.807,9.398,-1.659,13.427,1.647,-0.116,0.000,0.000,1.766,10.192,10.344,1.532,-0.108,1.536,0.707
17:47:51.788,70.446,1.766,10.192,True,1.772,9.789,-1.893,11.084,1.635,-0.049,0.000,0.000,1.766,10.192,10.344,1.468,-0.094,1.471,0.789
17:47:51.809,70.466,1.766,10.192,True,1.742,10.053,-2.037,8.347,1.538,-0.190,0.000,0.000,1.766,10.192,10.344,1.374,-0.084,1.376,0.777
17:47:51.829,70.487,1.766,14.269,True,1.716,11.161,-2.111,11.725,1.734,-0.158,0.000,0.000,1.766,14.269,14.378,1.634,-0.078,1.636,0.589
17:47:51.850,70.507,1.766,14.269,True,1.695,12.064,-2.131,12.767,1.892,-0.089,0.000,0.000,1.766,14.269,14.378,1.770,-0.075,1.772,0.666
17:47:51.870,70.528,1.766,10.192,True,1.679,11.825,-2.113,5.875,1.592,-0.067,0.000,0.000,1.766,10.192,10.344,1.442,-0.075,1.444,0.778
17:47:51.890,70.548,1.766,10.192,True,1.667,11.535,-2.069,0.236,1.327,-0.066,0.000,0.000,1.766,10.192,10.344,1.164,-0.075,1.166,0.519
17:47:51.911,70.568,0.000,8.154,True,1.247,10.753,-4.709,-7.333,0.879,0.064,0.000,0.000,0.000,8.154,8.154,0.752,0.083,0.756,0.426
17:47:51.932,70.589,-1.766,8.154,True,0.475,10.036,-9.000,-12.625,0.621,0.209,0.000,0.000,-1.766,8.154,8.343,0.446,0.350,0.567,0.733
17:47:51.952,70.610,-1.766,8.154,True,-0.184,9.405,-11.430,-16.032,0.304,0.373,0.000,0.000,-1.766,8.154,8.343,0.233,0.523,0.572,0.685
17:47:51.973,70.630,-1.766,10.192,True,-0.727,9.342,-12.422,-14.817,0.259,0.461,0.000,0.000,-1.766,10.192,10.344,0.280,0.621,0.681,0.745
17:47:51.994,70.652,-1.766,8.154,True,-1.159,8.838,-12.353,-16.755,0.096,0.584,0.000,0.000,-1.766,8.154,8.343,0.144,0.661,0.677,0.799
17:47:52.015,70.672,-1.766,12.231,True,-1.490,9.369,-11.543,-11.357,0.284,0.403,0.000,0.000,-1.766,12.231,12.358,0.436,0.659,0.790,0.425
17:47:52.035,70.692,-1.766,8.154,True,-1.731,8.912,-10.259,-13.762,0.278,0.415,0.000,0.000,-1.766,8.154,8.343,0.284,0.626,0.687,0.461
17:47:52.056,70.713,-1.766,8.154,True,-1.897,8.525,-8.712,-15.083,0.339,0.536,0.000,0.000,-1.766,8.154,8.343,0.187,0.574,0.604,0.742
17:47:52.076,70.733,-1.766,6.115,True,-2.000,7.734,-7.066,-18.686,0.081,0.662,0.000,0.000,-1.766,6.115,6.365,-0.051,0.512,0.514,0.787
17:47:52.096,70.754,-1.766,6.115,True,-2.054,7.071,-5.441,-20.480,-0.253,0.325,0.000,0.000,-1.766,6.115,6.365,-0.197,0.446,0.487,0.851
17:47:52.116,70.774,-3.532,4.077,True,-2.481,6.061,-6.615,-24.022,-0.241,0.315,0.000,0.000,-3.532,4.077,5.394,-0.454,0.540,0.706,0.649
17:47:52.137,70.794,-5.297,4.077,True,-3.237,5.231,-9.605,-25.385,-0.357,0.602,0.000,0.000,-5.297,4.077,6.685,-0.597,0.748,0.957,0.732
17:47:52.158,70.815,-5.297,4.077,True,-3.863,4.573,-10.922,-25.144,-0.171,1.072,0.000,0.000,-5.297,4.077,6.685,-0.653,0.868,1.086,0.739
17:47:52.178,70.836,-5.297,4.077,True,-4.364,4.072,-10.995,-23.794,0.017,0.957,0.000,0.000,-5.297,4.077,6.685,-0.643,0.922,1.124,0.851
17:47:52.198,70.856,-5.297,2.038,True,-4.750,3.234,-10.191,-24.851,-0.120,1.107,0.000,0.000,-5.297,2.038,5.676,-0.773,0.925,1.206,0.439
17:47:52.219,70.877,-5.297,2.038,True,-5.033,2.575,-8.816,-24.329,-0.211,1.070,0.000,0.000,-5.297,2.038,5.676,-0.816,0.892,1.210,0.808
17:47:52.244,70.901,-5.297,2.038,True,-5.230,2.077,-7.116,-22.727,-0.218,0.989,0.000,0.000,-5.297,2.038,5.676,-0.795,0.837,1.155,0.842
17:47:52.264,70.922,-5.297,2.038,True,-5.355,1.719,-5.282,-20.457,-0.199,0.896,0.000,0.000,-5.297,2.038,5.676,-0.731,0.769,1.061,0.727
17:47:52.285,70.942,-5.297,0.000,True,-5.423,1.005,-3.453,-20.955,-0.304,0.806,0.000,0.000,-5.297,0.000,5.297,-0.824,0.695,1.078,0.758
17:47:52.305,70.962,-5.297,0.000,True,-5.447,0.450,-1.729,-20.157,-0.310,0.727,0.000,0.000,-5.297,0.000,5.297,-0.845,0.621,1.048,0.442
17:47:52.326,70.983,-5.297,0.000,True,-5.439,0.036,-0.173,-18.493,-0.291,0.674,0.000,0.000,-5.297,0.000,5.297,-0.813,0.551,0.982,0.750
17:47:52.349,71.006,-7.063,-2.038,True,-5.819,-0.730,-1.516,-19.426,-0.428,0.803,0.000,0.000,-7.063,-2.038,7.352,-0.930,0.649,1.134,0.711
17:47:52.370,71.027,-5.297,-2.038,True,-5.721,-1.332,0.660,-18.920,-0.503,0.679,0.000,0.000,-5.297,-2.038,5.676,-0.968,0.543,1.110,1.125
17:47:52.390,71.047,-8.829,-2.038,True,-6.433,-1.787,-2.992,-17.431,-0.493,1.013,0.000,0.000,-8.829,-2.038,9.061,-0.948,0.775,1.225,0.786
17:47:52.410,71.068,-7.063,-4.077,True,-6.625,-2.586,-2.270,-18.448,-0.535,0.966,0.000,0.000,-7.063,-4.077,8.155,-1.073,0.763,1.316,0.778
17:47:52.431,71.088,-8.829,-6.115,True,-7.172,-3.690,-3.999,-21.070,-0.782,1.115,0.000,0.000,-8.829,-6.115,10.740,-1.299,0.894,1.577,0.843
17:47:52.451,71.108,-8.829,-4.077,True,-7.618,-4.103,-4.571,-18.349,-0.658,1.651,0.000,0.000,-8.829,-4.077,9.725,-1.220,0.964,1.555,0.557
17:47:52.471,71.128,-8.829,-4.077,True,-7.970,-4.379,-4.301,-15.242,-0.502,1.747,0.000,0.000,-8.829,-4.077,9.725,-1.111,0.987,1.486,0.740
17:47:52.491,71.148,-8.829,-6.115,True,-8.236,-5.016,-3.454,-15.146,-0.563,1.432,0.000,0.000,-8.829,-6.115,10.740,-1.170,0.976,1.524,0.636
17:47:52.512,71.169,-8.829,-4.077,True,-8.426,-5.031,-2.250,-10.845,-0.396,1.453,0.000,0.000,-8.829,-4.077,9.725,-0.982,0.942,1.361,0.905
17:47:52.532,71.190,-8.829,-6.115,True,-8.555,-5.449,-0.860,-10.154,-0.183,1.441,0.000,0.000,-8.829,-6.115,10.740,-0.993,0.893,1.336,0.907
17:47:52.553,71.210,-8.829,-6.115,True,-8.632,-5.760,0.582,-8.821,0.071,1.543,0.000,0.000,-8.829,-6.115,10.740,-0.965,0.837,1.278,0.806
17:47:52.573,71.230,-8.829,-8.154,True,-8.669,-6.451,1.983,-10.224,-0.614,1.966,0.000,0.000,-8.829,-8.154,12.018,-1.096,0.779,1.345,0.647
17:47:52.594,71.251,-7.063,-8.154,True,-8.265,-7.004,5.975,-10.259,-0.792,1.504,0.000,0.000,-7.063,-8.154,10.788,-1.153,0.563,1.283,0.704
17:47:52.614,71.272,-7.063,-6.115,True,-7.894,-6.955,8.785,-6.219,-0.649,1.232,0.000,0.000,-7.063,-6.115,9.343,-0.970,0.402,1.050,0.569
17:47:52.635,71.292,-5.297,-8.154,True,-7.156,-7.329,13.307,-5.867,-0.840,0.959,0.000,0.000,-5.297,-8.154,9.724,-0.992,0.128,1.000,0.582
17:47:52.655,71.312,-7.063,-8.154,True,-6.930,-7.611,13.306,-4.910,-0.716,0.938,0.000,0.000,-7.063,-8.154,10.788,-0.978,0.106,0.983,0.707
17:47:52.675,71.333,-8.829,-6.115,True,-7.167,-7.339,10.217,-0.467,-0.585,1.046,0.000,0.000,-8.829,-6.115,10.740,-0.754,0.266,0.800,0.390
17:47:52.695,71.353,-7.063,-6.115,True,-6.986,-7.062,10.609,2.965,-0.389,0.981,0.000,0.000,-7.063,-6.115,9.343,-0.575,0.230,0.620,0.456
17:47:52.716,71.373,-5.297,-6.115,True,-6.431,-6.796,13.337,5.502,-0.275,0.745,0.000,0.000,-5.297,-6.115,8.091,-0.437,0.054,0.440,0.766
17:47:52.736,71.394,-5.297,-6.115,True,-6.164,-6.686,13.449,6.399,-0.168,0.591,0.000,0.000,-5.297,-6.115,8.091,-0.386,0.023,0.387,0.612
17:47:52.757,71.414,-5.297,-4.077,True,-5.727,-5.859,14.574,11.669,0.201,0.659,0.000,0.000,-5.297,-4.077,6.685,-0.071,-0.071,0.100,0.776
17:47:52.777,71.435,-5.297,-6.115,True,-5.398,-5.756,14.661,10.989,0.212,0.694,0.000,0.000,-5.297,-6.115,8.091,-0.091,-0.107,0.140,0.809
17:47:52.797,71.455,-5.297,-4.077,True,-5.154,-5.163,14.131,13.522,0.384,0.719,0.000,0.000,-5.297,-4.077,6.685,0.081,-0.108,0.135,0.432
17:47:52.818,71.475,-3.532,-6.115,True,-4.540,-5.196,16.001,11.447,0.213,0.447,0.000,0.000,-3.532,-6.115,7.062,-0.014,-0.252,0.253,0.847
17:47:52.838,71.496,-3.532,-6.115,True,-4.053,-5.245,16.538,9.714,0.159,0.245,0.000,0.000,-3.532,-6.115,7.062,-0.096,-0.325,0.339,0.691
17:47:52.859,71.516,-1.766,-6.115,True,-3.256,-5.304,18.847,8.290,0.010,-0.011,0.000,0.000,-1.766,-6.115,6.365,-0.164,-0.506,0.532,0.741
17:47:52.881,71.539,-1.766,-6.115,True,-2.617,-5.369,19.495,7.147,0.083,-0.315,0.000,0.000,-1.766,-6.115,6.365,-0.221,-0.599,0.638,0.868
17:47:52.902,71.559,-1.766,-4.077,True,-2.119,-4.957,18.964,9.343,0.147,-0.793,0.000,0.000,-1.766,-4.077,4.443,-0.083,-0.625,0.631,0.712
17:47:52.922,71.580,-1.766,-2.038,True,-1.746,-4.133,17.640,13.661,0.474,-0.719,0.000,0.000,-1.766,-2.038,2.697,0.190,-0.604,0.633,0.716
17:47:52.942,71.600,-1.766,-4.077,True,-1.480,-3.911,15.832,12.942,0.390,-0.660,0.000,0.000,-1.766,-4.077,4.443,0.180,-0.551,0.580,0.777
17:47:52.964,71.621,-1.766,-6.115,True,-1.303,-4.224,13.781,8.815,0.094,-0.556,0.000,0.000,-1.766,-6.115,6.365,-0.033,-0.478,0.479,0.767
17:47:52.986,71.644,-1.766,-4.077,True,-1.199,-4.055,11.671,8.839,-0.062,-0.447,0.000,0.000,-1.766,-4.077,4.443,-0.015,-0.395,0.396,0.780
17:47:53.006,71.664,-1.766,-4.077,True,-1.152,-3.924,9.636,8.566,-0.035,-0.374,0.000,0.000,-1.766,-4.077,4.443,-0.014,-0.310,0.310,0.717
17:47:53.027,71.685,0.000,-4.077,True,-0.736,-3.828,10.466,8.100,-0.118,-0.304,0.000,0.000,0.000,-4.077,4.077,-0.025,-0.388,0.389,0.694
17:47:53.047,71.705,-1.766,-2.038,True,-0.815,-3.288,7.771,10.644,0.107,-0.201,0.000,0.000,-1.766,-2.038,2.697,0.141,-0.262,0.297,0.550
17:47:53.068,71.725,-1.766,-4.077,True,-0.917,-3.308,5.539,8.820,0.050,-0.075,0.000,0.000,-1.766,-4.077,4.443,0.059,-0.153,0.164,0.672
17:47:53.089,71.746,-1.766,-2.038,True,-1.029,-2.877,3.755,10.373,0.154,0.016,0.000,0.000,-1.766,-2.038,2.697,0.170,-0.063,0.181,0.716
17:47:53.109,71.767,-1.766,-2.038,True,-1.143,-2.523,2.383,10.990,0.231,0.109,0.000,0.000,-1.766,-2.038,2.697,0.233,0.009,0.233,0.778
17:47:53.129,71.786,-1.766,0.000,True,-1.251,-1.768,1.376,14.036,0.441,0.146,0.000,0.000,-1.766,0.000,1.766,0.443,0.064,0.447,0.452
17:47:53.150,71.807,-1.766,0.000,True,-1.350,-1.141,0.679,15.400,0.559,0.175,0.000,0.000,-1.766,0.000,1.766,0.566,0.105,0.575,0.711
17:47:53.170,71.827,-1.766,0.000,True,-1.436,-0.639,0.238,15.512,0.599,0.133,0.000,0.000,-1.766,0.000,1.766,0.621,0.133,0.635,0.409
17:47:53.190,71.848,-1.766,4.077,True,-1.509,0.695,-0.000,20.971,1.007,0.144,0.000,0.000,-1.766,4.077,4.443,0.995,0.151,1.007,0.561
17:47:53.211,71.869,-1.766,0.000,True,-1.569,0.856,-0.082,17.223,0.906,0.167,0.000,0.000,-1.766,0.000,1.766,0.846,0.161,0.861,0.844
17:47:53.231,71.889,-1.766,4.077,True,-1.616,1.869,-0.051,19.881,1.088,0.212,0.000,0.000,-1.766,4.077,4.443,1.064,0.164,1.077,0.394
17:47:53.252,71.909,-1.766,0.000,True,-1.651,1.740,0.058,14.232,0.831,0.208,0.000,0.000,-1.766,0.000,1.766,0.802,0.163,0.818,0.778
17:47:53.272,71.930,-1.766,0.000,True,-1.677,1.554,0.215,9.492,0.623,0.159,0.000,0.000,-1.766,0.000,1.766,0.574,0.158,0.596,0.731
17:47:53.293,71.950,-1.766,0.000,True,-1.694,1.339,0.399,5.649,0.378,0.186,0.000,0.000,-1.766,0.000,1.766,0.383,0.152,0.412,0.432
17:47:53.314,71.971,-1.766,2.038,True,-1.705,1.588,0.589,5.758,0.471,0.230,0.000,0.000,-1.766,2.038,2.697,0.413,0.144,0.437,0.542
17:47:53.334,71.991,-1.766,2.038,True,-1.710,1.781,0.775,5.422,0.559,0.332,0.000,0.000,-1.766,2.038,2.697,0.417,0.137,0.439,0.684
17:47:53.354,72.011,-1.766,2.038,True,-1.711,1.924,0.947,4.792,0.388,0.211,0.000,0.000,-1.766,2.038,2.697,0.404,0.129,0.424,0.541
17:47:53.374,72.032,-1.766,4.077,True,-1.709,2.498,1.100,7.103,1.037,-0.156,0.000,0.000,-1.766,4.077,4.443,0.563,0.122,0.576,0.805
17:47:53.395,72.052,-1.766,6.115,True,-1.706,3.447,1.232,11.254,1.129,-0.114,0.000,0.000,-1.766,6.115,6.365,0.841,0.116,0.849,0.646
17:47:53.415,72.073,-1.766,0.000,True,-1.701,2.819,1.341,3.916,0.671,-0.025,0.000,0.000,-1.766,0.000,1.766,0.455,0.111,0.468,0.883
17:47:53.435,72.093,-1.766,6.115,True,-1.695,3.645,1.428,7.896,0.924,0.018,0.000,0.000,-1.766,6.115,6.365,0.713,0.106,0.721,0.541
17:47:53.456,72.113,-1.766,0.000,True,-1.690,2.919,1.495,0.623,0.468,0.075,0.000,0.000,-1.766,0.000,1.766,0.319,0.103,0.336,0.655
17:47:53.476,72.134,-5.297,6.115,True,-2.505,3.672,-3.848,4.829,0.701,0.381,0.000,0.000,-5.297,6.115,8.091,0.580,0.420,0.717,0.769
17:47:53.496,72.154,-5.297,0.000,True,-3.213,2.893,-7.132,-2.118,0.391,0.590,0.000,0.000,-5.297,0.000,5.297,0.196,0.636,0.666,0.564
17:47:53.517,72.174,-5.297,0.000,True,-3.807,2.188,-8.791,-6.873,0.112,0.669,0.000,0.000,-5.297,0.000,5.297,-0.085,0.769,0.773,0.893
17:47:53.537,72.194,-5.297,0.000,True,-4.288,1.574,-9.220,-9.831,-0.469,0.689,0.000,0.000,-5.297,0.000,5.297,-0.277,0.836,0.880,0.792
17:47:53.557,72.215,-5.297,0.000,True,-4.664,1.058,-8.763,-11.367,-0.939,0.717,0.000,0.000,-5.297,0.000,5.297,-0.396,0.853,0.941,0.770
17:47:53.577,72.235,-5.297,0.000,True,-4.946,0.637,-7.710,-11.821,-0.742,0.862,0.000,0.000,-5.297,0.000,5.297,-0.458,0.835,0.952,0.814
17:47:53.598,72.255,-5.297,0.000,True,-5.146,0.308,-6.296,-11.492,-0.722,0.934,0.000,0.000,-5.297,0.000,5.297,-0.476,0.792,0.925,0.432
17:47:53.620,72.278,-5.297,0.000,True,-5.272,0.078,-4.668,-10.513,-0.702,0.909,0.000,0.000,-5.297,0.000,5.297,-0.456,0.733,0.864,0.698
17:47:53.641,72.298,-5.297,2.038,True,-5.346,0.480,-3.039,-5.660,-0.303,1.154,0.000,0.000,-5.297,2.038,5.676,-0.202,0.669,0.699,0.799
17:47:53.661,72.318,-5.297,0.000,True,-5.378,0.269,-1.481,-5.863,-0.210,1.276,0.000,0.000,-5.297,0.000,5.297,-0.232,0.603,0.646,0.427
17:47:53.682,72.339,-5.297,0.000,True,-5.379,0.113,-0.065,-5.630,-0.279,1.178,0.000,0.000,-5.297,0.000,5.297,-0.237,0.541,0.591,0.780
17:47:53.702,72.359,-5.297,0.000,True,-5.360,0.000,1.175,-5.142,-0.468,0.978,0.000,0.000,-5.297,0.000,5.297,-0.227,0.484,0.535,0.486
17:47:53.723,72.380,-5.297,0.000,True,-5.327,-0.078,2.230,-4.518,-0.455,0.839,0.000,0.000,-5.297,0.000,5.297,-0.207,0.434,0.481,0.770
17:47:53.743,72.400,-5.297,0.000,True,-5.286,-0.128,3.099,-3.837,-0.414,0.821,0.000,0.000,-5.297,0.000,5.297,-0.182,0.392,0.432,0.423
17:47:53.763,72.420,-5.297,0.000,True,-5.241,-0.157,3.793,-3.152,-0.353,0.783,0.000,0.000,-5.297,0.000,5.297,-0.155,0.357,0.389,0.384
17:47:53.783,72.440,-5.297,0.000,True,-5.196,-0.168,4.326,-2.501,-0.324,0.700,0.000,0.000,-5.297,0.000,5.297,-0.127,0.329,0.352,0.471
17:47:53.804,72.461,-5.297,2.038,True,-5.154,0.308,4.716,1.186,-0.160,0.639,0.000,0.000,-5.297,2.038,5.676,0.083,0.307,0.318,0.745
17:47:53.824,72.481,-5.297,2.038,True,-5.115,0.728,4.985,3.613,-0.021,0.594,0.000,0.000,-5.297,2.038,5.676,0.232,0.291,0.373,0.730
17:47:53.844,72.501,-5.297,0.000,True,-5.081,0.615,5.153,1.914,-0.086,0.557,0.000,0.000,-5.297,0.000,5.297,0.146,0.281,0.316,0.579
17:47:53.864,72.522,-5.297,2.038,True,-5.052,0.975,5.241,3.731,0.024,0.549,0.000,0.000,-5.297,2.038,5.676,0.262,0.274,0.379,0.590
17:47:53.885,72.542,-5.297,2.038,True,-5.028,1.279,5.268,4.705,0.128,0.554,0.000,0.000,-5.297,2.038,5.676,0.336,0.270,0.431,0.768
17:47:53.906,72.563,-5.297,2.038,True,-5.010,1.528,5.250,5.033,0.153,0.523,0.000,0.000,-5.297,2.038,5.676,0.375,0.269,0.462,0.820
17:47:53.926,72.584,-5.297,2.038,True,-4.996,1.724,5.203,4.890,0.170,0.497,0.000,0.000,-5.297,2.038,5.676,0.388,0.270,0.473,0.808
17:47:53.948,72.605,-5.297,2.038,True,-4.987,1.872,5.137,4.425,0.184,0.457,0.000,0.000,-5.297,2.038,5.676,0.383,0.272,0.469,0.531
17:47:53.969,72.626,-5.297,4.077,True,-4.980,2.453,5.062,6.879,0.477,0.447,0.000,0.000,-5.297,4.077,6.685,0.549,0.275,0.614,0.667
17:47:53.989,72.646,-5.297,2.038,True,-4.976,2.462,4.985,4.907,0.335,0.579,0.000,0.000,-5.297,2.038,5.676,0.463,0.278,0.540,0.766
17:47:54.009,72.667,-5.297,2.038,True,-4.974,2.439,4.911,3.157,0.378,0.452,0.000,0.000,-5.297,2.038,5.676,0.383,0.281,0.475,0.779
17:47:54.030,72.687,-5.297,0.000,True,-4.974,1.920,4.844,-1.457,0.182,0.343,0.000,0.000,-5.297,0.000,5.297,0.128,0.284,0.311,0.763
17:47:54.054,72.711,-5.297,2.038,True,-4.975,1.925,4.784,-1.494,0.105,0.565,0.000,0.000,-5.297,2.038,5.676,0.127,0.286,0.313,0.845
17:47:54.074,72.731,-5.297,8.154,True,-4.976,3.350,4.733,7.812,0.670,0.531,0.000,0.000,-5.297,8.154,9.724,0.680,0.289,0.739,0.656
17:47:54.094,72.752,-5.297,8.154,True,-4.978,4.587,4.691,13.517,0.976,0.561,0.000,0.000,-5.297,8.154,9.724,1.055,0.291,1.095,0.721
17:47:54.115,72.773,-3.532,2.038,True,-4.570,4.202,7.356,7.042,0.326,0.550,0.000,0.000,-3.532,2.038,4.078,0.731,0.132,0.743,0.823
17:47:54.135,72.793,-3.532,2.038,True,-4.216,3.807,8.989,2.020,-0.048,0.508,0.000,0.000,-3.532,2.038,4.078,0.470,0.025,0.471,0.811
17:47:54.156,72.813,-5.297,2.038,True,-4.329,3.427,7.114,-1.709,-0.302,0.555,0.000,0.000,-5.297,2.038,5.676,0.267,0.119,0.293,0.778
17:47:54.176,72.834,-1.766,2.038,True,-3.624,3.078,11.056,-4.327,-0.481,0.433,0.000,0.000,-1.766,2.038,2.697,0.117,-0.126,0.171,0.693
17:47:54.196,72.854,-1.766,2.038,True,-3.023,2.770,13.298,-6.023,-0.366,-0.046,0.000,0.000,-1.766,2.038,2.697,0.011,-0.285,0.285,0.460
17:47:54.217,72.874,-1.766,2.038,True,-2.527,2.508,14.227,-6.980,-0.219,-0.423,0.000,0.000,-1.766,2.038,2.697,-0.057,-0.375,0.380,0.762
17:47:54.237,72.894,-1.766,2.038,True,-2.131,2.292,14.183,-7.366,-0.228,-0.683,0.000,0.000,-1.766,2.038,2.697,-0.096,-0.413,0.424,0.438
17:47:54.257,72.915,-1.766,2.038,True,-1.848,2.144,13.335,-7.169,-0.354,-0.563,0.000,0.000,-1.766,2.038,2.697,-0.102,-0.404,0.416,0.545
17:47:54.277,72.935,-1.766,2.038,True,-1.633,2.011,12.172,-6.891,-0.352,-0.571,0.000,0.000,-1.766,2.038,2.697,-0.103,-0.374,0.388,0.517
17:47:54.298,72.955,-3.532,2.038,True,-1.961,1.918,7.796,-6.402,-0.264,-0.404,0.000,0.000,-3.532,2.038,4.078,-0.091,-0.148,0.174,0.714
17:47:54.319,72.977,-5.297,2.038,True,-2.699,1.853,1.877,-5.815,-0.332,-0.072,0.000,0.000,-5.297,2.038,5.676,-0.071,0.187,0.200,1.005
17:47:54.339,72.996,-5.297,2.038,True,-3.314,1.812,-1.855,-5.198,-0.306,0.228,0.000,0.000,-5.297,2.038,5.676,-0.048,0.413,0.416,0.393
17:47:54.363,73.020,-5.297,2.038,True,-3.823,1.788,-3.992,-4.591,-0.268,0.398,0.000,0.000,-5.297,2.038,5.676,-0.024,0.558,0.559,0.635
17:47:54.383,73.040,-5.297,4.077,True,-4.235,2.263,-4.967,-0.920,-0.040,0.483,0.000,0.000,-5.297,4.077,6.685,0.186,0.643,0.669,0.643
17:47:54.403,73.060,-5.297,8.154,True,-4.561,3.637,-5.106,7.656,0.495,0.506,0.000,0.000,-5.297,8.154,9.724,0.702,0.682,0.978,0.484
17:47:54.423,73.081,-5.297,4.077,True,-4.812,3.857,-4.667,6.649,0.494,0.618,0.000,0.000,-5.297,4.077,6.685,0.679,0.687,0.966,0.389
17:47:54.444,73.102,-5.297,4.077,True,-4.997,4.011,-3.851,5.385,0.610,0.860,0.000,0.000,-5.297,4.077,6.685,0.639,0.670,0.925,0.785
17:47:54.468,73.125,-5.297,4.077,True,-5.126,4.109,-2.816,4.009,0.406,0.809,0.000,0.000,-5.297,4.077,6.685,0.588,0.637,0.867,0.794
17:47:54.488,73.145,-5.297,4.077,True,-5.209,4.163,-1.684,2.631,0.196,0.907,0.000,0.000,-5.297,4.077,6.685,0.532,0.595,0.799,0.696
17:47:54.508,73.165,-5.297,4.077,True,-5.255,4.183,-0.545,1.325,-0.003,0.999,0.000,0.000,-5.297,4.077,6.685,0.477,0.550,0.728,0.729
17:47:54.529,73.186,-5.297,4.077,True,-5.273,4.179,0.536,0.143,-0.082,0.856,0.000,0.000,-5.297,4.077,6.685,0.424,0.504,0.658,0.889
17:47:54.549,73.206,-5.297,4.077,True,-5.271,4.157,1.518,-0.889,-0.122,0.780,0.000,0.000,-5.297,4.077,6.685,0.376,0.460,0.594,0.794
17:47:54.569,73.227,-5.297,4.077,True,-5.254,4.125,2.376,-1.759,-0.201,0.694,0.000,0.000,-5.297,4.077,6.685,0.335,0.420,0.538,0.754
17:47:54.589,73.247,-5.297,4.077,True,-5.227,4.087,3.100,-2.467,-0.268,0.689,0.000,0.000,-5.297,4.077,6.685,0.300,0.386,0.489,0.805
17:47:54.610,73.267,-5.297,4.077,True,-5.196,4.047,3.691,-3.022,-0.278,0.614,0.000,0.000,-5.297,4.077,6.685,0.271,0.357,0.448,0.715
17:47:54.630,73.288,-5.297,2.038,True,-5.163,3.533,4.155,-6.561,-0.429,0.577,0.000,0.000,-5.297,2.038,5.676,0.064,0.333,0.339,0.801
17:47:54.651,73.308,-5.297,2.038,True,-5.131,3.085,4.507,-8.779,-0.573,0.505,0.000,0.000,-5.297,2.038,5.676,-0.079,0.314,0.324,0.837
17:47:54.671,73.329,-5.297,2.038,True,-5.100,2.707,4.759,-9.948,-0.704,0.486,0.000,0.000,-5.297,2.038,5.676,-0.168,0.300,0.344,0.704
17:47:54.695,73.353,-5.297,2.038,True,-5.073,2.399,4.928,-10.320,-0.791,0.422,0.000,0.000,-5.297,2.038,5.676,-0.216,0.290,0.361,0.501
17:47:54.716,73.374,-7.063,2.038,True,-5.460,2.157,2.330,-10.112,-0.547,0.505,0.000,0.000,-7.063,2.038,7.352,-0.231,0.443,0.500,0.708
17:47:54.737,73.394,-5.297,2.038,True,-5.387,1.974,3.418,-9.509,0.047,0.604,0.000,0.000,-5.297,2.038,5.676,-0.222,0.388,0.447,0.685
17:47:54.757,73.414,-5.297,2.038,True,-5.313,1.843,4.247,-8.663,-0.195,0.428,0.000,0.000,-5.297,2.038,5.676,-0.198,0.344,0.397,0.715
17:47:54.778,73.435,-5.297,2.038,True,-5.244,1.755,4.848,-7.693,-0.729,0.503,0.000,0.000,-5.297,2.038,5.676,-0.164,0.310,0.351,0.805
17:47:54.798,73.455,-5.297,2.038,True,-5.182,1.703,5.256,-6.688,-0.541,0.520,0.000,0.000,-5.297,2.038,5.676,-0.125,0.286,0.312,0.801
17:47:54.818,73.475,-5.297,2.038,True,-5.128,1.678,5.508,-5.715,-0.329,0.157,0.000,0.000,-5.297,2.038,5.676,-0.084,0.270,0.283,0.417
17:47:54.839,73.496,-5.297,2.038,True,-5.083,1.674,5.636,-4.817,-0.386,0.777,0.000,0.000,-5.297,2.038,5.676,-0.045,0.260,0.263,0.757
17:47:54.859,73.516,-5.297,2.038,True,-5.046,1.685,5.670,-4.021,-0.165,0.364,0.000,0.000,-5.297,2.038,5.676,-0.009,0.254,0.255,0.793
17:47:54.879,73.536,-5.297,2.038,True,-5.018,1.705,5.636,-3.340,-0.548,0.023,0.000,0.000,-5.297,2.038,5.676,0.023,0.253,0.254,0.531
17:47:54.901,73.558,-5.297,2.038,True,-4.905,1.639,6.156,-3.387,-0.474,0.307,0.000,0.000,-5.297,2.038,5.676,0.014,0.219,0.219,0.437
17:47:54.922,73.579,-5.297,2.038,True,-4.927,1.703,5.675,-2.573,-0.384,-0.158,0.000,0.000,-5.297,2.038,5.676,0.057,0.242,0.249,0.720
17:47:54.942,73.599,-5.297,0.000,True,-4.943,1.211,5.358,-5.470,-1.185,0.260,0.000,0.000,-5.297,0.000,5.297,-0.120,0.258,0.285,0.500
17:47:54.963,73.620,-5.297,2.038,True,-4.954,1.341,5.145,-3.716,-1.013,0.334,0.000,0.000,-5.297,2.038,5.676,-0.030,0.268,0.270,0.667
17:47:54.984,73.641,-5.297,4.077,True,-4.962,1.963,4.999,0.733,-0.648,0.407,0.000,0.000,-5.297,4.077,6.685,0.229,0.276,0.358,0.834
17:47:55.009,73.666,-5.297,4.077,True,-4.967,2.486,4.896,3.485,-0.484,0.542,0.000,0.000,-5.297,4.077,6.685,0.402,0.281,0.491,0.684
17:47:55.029,73.687,-5.297,4.077,True,-4.971,2.918,4.821,4.972,-0.484,0.719,0.000,0.000,-5.297,4.077,6.685,0.511,0.284,0.585,0.784
17:47:55.050,73.708,-5.297,4.077,True,-4.974,3.267,4.765,5.528,-0.375,0.603,0.000,0.000,-5.297,4.077,6.685,0.571,0.287,0.639,0.905
17:47:55.070,73.728,-5.297,4.077,True,-4.977,3.541,4.720,5.415,-0.307,0.522,0.000,0.000,-5.297,4.077,6.685,0.593,0.289,0.660,0.580
17:47:55.090,73.748,-5.297,6.115,True,-4.979,4.224,4.685,7.940,-0.017,0.632,0.000,0.000,-5.297,6.115,8.091,0.773,0.291,0.826,0.526
17:47:55.112,73.769,-5.297,6.115,True,-4.981,4.786,4.657,8.987,0.106,0.835,0.000,0.000,-5.297,6.115,8.091,0.875,0.293,0.923,0.469
17:47:55.132,73.790,-5.297,6.115,True,-4.983,5.233,4.634,8.941,0.169,0.906,0.000,0.000,-5.297,6.115,8.091,0.918,0.294,0.964,0.458
17:47:55.153,73.811,-5.297,6.115,True,-4.985,5.575,4.616,8.130,0.086,0.878,0.000,0.000,-5.297,6.115,8.091,0.916,0.295,0.963,0.755
17:47:55.173,73.831,-5.297,6.115,True,-4.987,5.826,4.603,6.825,0.116,0.771,0.000,0.000,-5.297,6.115,8.091,0.884,0.296,0.932,0.797
17:47:55.194,73.851,-5.297,8.154,True,-4.988,6.471,4.594,8.364,0.304,0.696,0.000,0.000,-5.297,8.154,9.724,1.016,0.296,1.059,0.889
17:47:55.214,73.872,-5.297,8.154,True,-4.990,6.991,4.588,8.596,0.391,0.648,0.000,0.000,-5.297,8.154,9.724,1.078,0.296,1.118,0.790
17:47:55.234,73.892,-5.297,8.154,True,-4.991,7.393,4.586,7.897,0.376,0.631,0.000,0.000,-5.297,8.154,9.724,1.088,0.297,1.128,0.750
17:47:55.255,73.912,-5.297,6.115,True,-4.992,7.217,4.585,3.463,0.186,0.639,0.000,0.000,-5.297,6.115,8.091,0.875,0.297,0.924,0.439
17:47:55.275,73.933,-5.297,6.115,True,-4.993,7.014,4.587,-0.126,0.044,0.550,0.000,0.000,-5.297,6.115,8.091,0.696,0.297,0.756,0.788
17:47:55.296,73.953,-1.766,6.115,True,-4.172,6.803,9.994,-2.928,-0.080,0.237,0.000,0.000,-1.766,6.115,6.365,0.551,-0.024,0.552,0.832
17:47:55.316,73.973,-1.766,8.154,True,-3.459,7.072,13.318,-1.904,-0.013,0.069,0.000,0.000,-1.766,8.154,8.343,0.623,-0.242,0.669,0.525
17:47:55.336,73.993,-1.766,8.154,True,-2.861,7.295,15.003,-1.473,0.014,-0.313,0.000,0.000,-1.766,8.154,8.343,0.664,-0.376,0.764,0.461
17:47:55.356,74.014,-1.766,10.192,True,-2.376,7.946,15.445,1.636,0.260,-0.353,0.000,0.000,-1.766,10.192,10.344,0.867,-0.444,0.974,0.703
17:47:55.377,74.034,-1.766,8.154,True,-1.997,8.019,14.992,0.123,0.121,-0.698,0.000,0.000,-1.766,8.154,8.343,0.807,-0.462,0.930,0.759
17:47:55.398,74.055,-1.766,8.154,True,-1.713,8.052,13.938,-1.334,0.071,-0.596,0.000,0.000,-1.766,8.154,8.343,0.746,-0.444,0.868,0.664
17:47:55.418,74.075,-1.766,8.154,True,-1.511,8.055,12.520,-2.671,0.118,-0.534,0.000,0.000,-1.766,8.154,8.343,0.688,-0.401,0.796,0.740
17:47:55.437,74.095,-1.766,10.192,True,-1.378,8.511,10.924,-0.739,0.243,-0.457,0.000,0.000,-1.766,10.192,10.344,0.818,-0.344,0.888,0.393
17:47:55.458,74.116,-1.766,8.154,True,-1.301,8.417,9.291,-2.943,0.155,-0.353,0.000,0.000,-1.766,8.154,8.343,0.712,-0.280,0.765,0.811
17:47:55.478,74.136,-1.766,10.192,True,-1.266,8.784,7.721,-1.604,0.320,-0.184,0.000,0.000,-1.766,10.192,10.344,0.808,-0.214,0.836,0.428
17:47:55.499,74.156,-1.766,10.192,True,-1.264,9.087,6.282,-1.064,0.487,-0.099,0.000,0.000,-1.766,10.192,10.344,0.862,-0.151,0.875,0.822
17:47:55.520,74.177,-1.766,8.154,True,-1.284,8.854,5.013,-4.226,0.380,-0.005,0.000,0.000,-1.766,8.154,8.343,0.699,-0.093,0.705,1.012
17:47:55.542,74.199,-1.766,8.154,True,-1.319,8.626,3.933,-6.602,0.197,0.075,0.000,0.000,-1.766,8.154,8.343,0.571,-0.042,0.573,0.786
17:47:55.562,74.219,-1.766,10.192,True,-1.362,8.889,3.045,-5.182,0.280,0.084,0.000,0.000,-1.766,10.192,10.344,0.660,0.002,0.660,0.696
17:47:55.582,74.240,-1.766,10.192,True,-1.409,9.112,2.339,-4.389,0.349,0.155,0.000,0.000,-1.766,10.192,10.344,0.717,0.038,0.718,0.744
17:47:55.603,74.260,-5.297,8.154,True,-2.277,8.822,-3.592,-7.192,0.231,0.501,0.000,0.000,-5.297,8.154,9.724,0.565,0.386,0.684,0.755
17:47:55.624,74.281,-5.297,8.154,True,-3.034,8.556,-7.302,-9.153,0.137,0.664,0.000,0.000,-5.297,8.154,9.724,0.452,0.626,0.772,0.749
17:47:55.644,74.301,-5.297,8.154,True,-3.672,8.322,-9.251,-10.416,0.029,0.854,0.000,0.000,-5.297,8.154,9.724,0.372,0.775,0.860,0.512
17:47:55.664,74.322,-5.297,8.154,True,-4.191,8.123,-9.858,-11.121,-0.102,1.116,0.000,0.000,-5.297,8.154,9.724,0.321,0.854,0.913,0.667
17:47:55.685,74.342,-5.297,8.154,True,-4.600,7.960,-9.491,-11.395,-0.299,1.270,0.000,0.000,-5.297,8.154,9.724,0.293,0.879,0.926,0.838
17:47:55.705,74.363,-5.297,8.154,True,-4.908,7.830,-8.460,-11.352,-0.304,1.390,0.000,0.000,-5.297,8.154,9.724,0.282,0.864,0.909,0.731
17:47:55.725,74.383,-5.297,8.154,True,-5.128,7.731,-7.022,-11.090,-0.255,1.282,0.000,0.000,-5.297,8.154,9.724,0.284,0.823,0.870,0.693
17:47:55.745,74.403,-5.297,8.154,True,-5.275,7.659,-5.376,-10.687,-0.262,1.157,0.000,0.000,-5.297,8.154,9.724,0.294,0.765,0.819,0.574
17:47:55.766,74.423,-5.297,4.077,True,-5.363,6.663,-3.674,-16.435,-0.561,1.097,0.000,0.000,-5.297,4.077,6.685,-0.059,0.698,0.701,0.751
17:47:55.786,74.444,-5.297,12.231,True,-5.404,7.704,-2.027,-7.308,-0.125,0.972,0.000,0.000,-5.297,12.231,13.329,0.448,0.630,0.773,0.732
17:47:55.807,74.464,-7.063,6.115,True,-5.821,7.223,-3.205,-10.431,-0.272,1.173,0.000,0.000,-7.063,6.115,9.343,0.262,0.724,0.769,0.590
17:47:55.827,74.485,-5.297,6.115,True,-5.748,6.805,-0.821,-12.341,-0.432,1.090,0.000,0.000,-5.297,6.115,8.091,0.136,0.611,0.626,0.915
17:47:55.848,74.505,-8.829,12.231,True,-6.477,7.876,-4.245,-3.958,-0.060,1.356,0.000,0.000,-8.829,12.231,15.085,0.613,0.835,1.036,0.763
17:47:55.868,74.525,-8.829,10.192,True,-7.088,8.354,-5.992,-1.559,0.108,1.250,0.000,0.000,-8.829,10.192,13.485,0.767,0.973,1.239,0.413
17:47:55.889,74.546,-7.063,8.154,True,-7.175,8.283,-3.771,-3.391,0.034,1.157,0.000,0.000,-7.063,8.154,10.788,0.679,0.884,1.114,0.723
17:47:55.909,74.567,-7.063,12.231,True,-7.207,9.148,-1.670,1.346,0.315,0.944,0.000,0.000,-7.063,12.231,14.124,0.974,0.794,1.257,0.729
17:47:55.929,74.586,-7.063,8.154,True,-7.199,8.938,0.232,-2.215,-0.001,0.623,0.000,0.000,-7.063,8.154,10.788,0.796,0.710,1.066,0.427
17:47:55.950,74.607,-8.829,8.154,True,-7.574,8.722,-0.807,-4.980,-0.221,0.729,0.000,0.000,-8.829,8.154,12.018,0.652,0.793,1.027,0.702
17:47:55.970,74.627,-8.829,8.154,True,-7.878,8.513,-1.069,-7.036,-0.348,0.714,0.000,0.000,-8.829,8.154,12.018,0.541,0.835,0.995,0.486
17:47:55.991,74.648,-8.829,10.192,True,-8.115,8.795,-0.773,-5.368,-0.171,0.636,0.000,0.000,-8.829,10.192,13.485,0.643,0.846,1.062,0.755
17:47:56.011,74.668,-8.829,8.154,True,-8.293,8.564,-0.102,-7.504,-0.233,0.559,0.000,0.000,-8.829,8.154,12.018,0.525,0.834,0.985,0.538
17:47:56.031,74.689,-8.829,12.231,True,-8.419,9.301,0.796,-2.754,0.054,0.537,0.000,0.000,-8.829,12.231,15.085,0.809,0.807,1.142,0.383
17:47:56.052,74.709,-8.829,10.192,True,-8.502,9.465,1.803,-2.969,0.108,0.500,0.000,0.000,-8.829,10.192,13.485,0.815,0.771,1.122,0.403
17:47:56.073,74.730,-8.829,12.231,True,-8.550,10.062,2.832,-0.331,0.264,0.422,0.000,0.000,-8.829,12.231,15.085,0.992,0.730,1.231,0.629
17:47:56.093,74.751,-8.829,8.154,True,-8.572,9.614,3.820,-5.273,-0.016,0.323,0.000,0.000,-8.829,8.154,12.018,0.729,0.689,1.003,0.982
17:47:56.114,74.771,-8.829,14.269,True,-8.573,10.614,4.725,0.501,0.479,0.083,0.000,0.000,-8.829,14.269,16.780,1.084,0.649,1.263,0.909
17:47:56.134,74.791,-8.829,12.231,True,-8.560,10.998,5.522,0.727,0.474,0.046,0.000,0.000,-8.829,12.231,15.085,1.132,0.612,1.287,0.789
17:47:56.154,74.812,-8.829,12.231,True,-8.538,11.295,6.200,0.263,0.545,-0.005,0.000,0.000,-8.829,12.231,15.085,1.141,0.580,1.280,0.747
17:47:56.175,74.832,-8.829,12.231,True,-8.510,11.517,6.758,-0.661,0.619,-0.152,0.000,0.000,-8.829,12.231,15.085,1.122,0.553,1.251,0.735
17:47:56.195,74.852,-8.829,8.154,True,-8.480,10.725,7.200,-8.083,0.233,-0.165,0.000,0.000,-8.829,8.154,12.018,0.716,0.530,0.891,0.423
17:47:56.215,74.873,-8.829,12.231,True,-8.451,10.951,7.537,-7.007,0.197,-0.024,0.000,0.000,-8.829,12.231,15.085,0.786,0.512,0.938,0.584
17:47:56.236,74.893,-8.829,8.154,True,-8.423,10.194,7.782,-12.679,-0.103,-0.157,0.000,0.000,-8.829,8.154,12.018,0.460,0.499,0.678,0.786
17:47:56.256,74.914,-8.829,8.154,True,-8.398,9.525,7.949,-16.352,-0.160,-0.120,0.000,0.000,-8.829,8.154,12.018,0.231,0.489,0.541,0.692
17:47:56.277,74.934,-8.829,8.154,True,-8.239,9.198,8.954,-16.826,-0.375,-0.089,0.000,0.000,-8.829,8.154,12.018,0.177,0.429,0.464,0.711
17:47:56.298,74.955,-8.829,6.115,True,-8.277,8.087,8.447,-22.143,-0.766,-0.124,0.000,0.000,-8.829,6.115,10.740,-0.169,0.455,0.485,0.758
17:47:56.318,74.976,-8.829,10.192,True,-8.300,8.324,8.167,-17.506,-0.493,-0.235,0.000,0.000,-8.829,10.192,13.485,0.060,0.470,0.473,0.898
17:47:56.339,74.996,-8.829,6.115,True,-8.314,7.499,8.019,-20.617,-0.448,-0.219,0.000,0.000,-8.829,6.115,10.740,-0.160,0.477,0.504,0.772
17:47:56.359,75.016,-8.829,8.154,True,-8.321,7.351,7.945,-18.621,-0.363,-0.230,0.000,0.000,-8.829,8.154,12.018,-0.087,0.481,0.489,0.742
17:47:56.379,75.037,-8.829,8.154,True,-8.324,7.263,7.910,-16.639,-0.172,0.342,0.000,0.000,-8.829,8.154,12.018,-0.008,0.483,0.483,0.797
17:47:56.402,75.059,-8.829,6.115,True,-8.324,6.736,7.894,-17.862,-0.159,0.555,0.000,0.000,-8.829,6.115,10.740,-0.115,0.484,0.497,0.705
17:47:56.422,75.079,-8.829,8.154,True,-8.322,6.797,7.882,-14.935,0.016,0.478,0.000,0.000,-8.829,8.154,12.018,0.020,0.484,0.485,0.799
17:47:56.443,75.100,-8.829,6.115,True,-8.320,6.409,7.870,-15.558,-0.037,0.552,0.000,0.000,-8.829,6.115,10.740,-0.046,0.485,0.487,0.797
17:47:56.463,75.120,-8.829,6.115,True,-8.318,6.102,7.853,-15.437,-0.177,0.612,0.000,0.000,-8.829,6.115,10.740,-0.071,0.485,0.490,0.753
17:47:56.483,75.140,-8.829,4.077,True,-8.316,5.394,7.833,-17.901,-0.301,0.721,0.000,0.000,-8.829,4.077,9.725,-0.251,0.486,0.547,0.750
17:47:56.503,75.160,-8.829,10.192,True,-8.315,6.234,7.811,-9.525,0.191,0.699,0.000,0.000,-8.829,10.192,13.485,0.203,0.487,0.527,0.460
17:47:56.523,75.181,-8.829,6.115,True,-8.315,6.060,7.787,-9.832,0.155,0.710,0.000,0.000,-8.829,6.115,10.740,0.172,0.488,0.517,0.757
17:47:56.544,75.202,-8.829,6.115,True,-8.315,5.922,7.765,-9.801,0.139,0.683,0.000,0.000,-8.829,6.115,10.740,0.160,0.489,0.514,0.808
17:47:56.565,75.222,-8.829,-2.038,True,-8.315,3.921,7.744,-22.013,-0.566,0.699,0.000,0.000,-8.829,-2.038,9.061,-0.580,0.490,0.759,0.764
17:47:56.585,75.243,-10.595,4.077,True,-8.726,3.620,5.021,-19.910,-0.631,0.778,0.000,0.000,-10.595,4.077,11.352,-0.517,0.651,0.831,0.818
17:47:56.608,75.266,-8.829,6.115,True,-8.673,3.894,6.048,-14.417,-0.414,0.619,0.000,0.000,-8.829,6.115,10.740,-0.247,0.600,0.649,0.440
17:47:56.629,75.287,-12.361,4.077,True,-9.438,3.716,1.449,-13.188,-0.421,0.882,0.000,0.000,-12.361,4.077,13.016,-0.211,0.880,0.905,0.446
17:47:56.650,75.308,-12.361,6.115,True,-10.095,4.071,-1.261,-8.679,0.093,0.833,0.000,0.000,-12.361,6.115,13.791,0.024,1.065,1.065,0.875
17:47:56.671,75.328,-12.361,4.077,True,-10.642,3.939,-2.500,-8.454,0.178,0.250,0.000,0.000,-12.361,4.077,13.016,0.021,1.175,1.175,0.785
17:47:56.691,75.348,-10.595,4.077,True,-10.669,3.842,0.061,-8.028,0.238,0.300,0.000,0.000,-10.595,4.077,11.352,0.030,1.064,1.065,0.800
17:47:56.711,75.368,-10.595,4.077,True,-10.651,3.773,2.359,-7.484,0.305,0.376,0.000,0.000,-10.595,4.077,11.352,0.047,0.961,0.962,0.480
17:47:56.732,75.389,-8.829,4.077,True,-10.191,3.729,7.046,-6.887,0.743,-0.086,0.000,0.000,-8.829,4.077,9.725,0.069,0.708,0.711,0.780
17:47:56.752,75.409,-8.829,2.038,True,-9.766,3.230,10.367,-9.401,0.527,-0.202,0.000,0.000,-8.829,2.038,9.061,-0.092,0.519,0.527,0.851
17:47:56.772,75.429,-8.829,4.077,True,-9.389,3.283,12.549,-7.632,0.494,-0.364,0.000,0.000,-8.829,4.077,9.725,-0.009,0.385,0.385,0.394
17:47:56.793,75.450,-14.127,-2.038,True,-10.298,1.929,5.720,-15.509,0.158,-0.071,0.000,0.000,-14.127,-2.038,14.273,-0.492,0.777,0.920,0.800
17:47:56.813,75.471,-8.829,4.077,True,-9.869,2.190,9.386,-10.744,0.420,-0.314,0.000,0.000,-8.829,4.077,9.725,-0.255,0.573,0.627,0.482
17:47:56.834,75.491,-8.829,4.077,True,-9.483,2.463,11.863,-7.010,0.593,-0.322,0.000,0.000,-8.829,4.077,9.725,-0.063,0.425,0.429,0.697
17:47:56.854,75.511,-8.829,4.077,True,-9.149,2.731,13.372,-4.202,0.673,-0.524,0.000,0.000,-8.829,4.077,9.725,0.088,0.325,0.336,0.739
17:47:56.874,75.532,-8.829,4.077,True,-8.869,2.979,14.119,-2.198,0.818,-0.522,0.000,0.000,-8.829,4.077,9.725,0.201,0.264,0.332,0.427
17:47:56.895,75.552,-8.829,4.077,True,-8.643,3.200,14.291,-0.867,1.258,-0.508,0.000,0.000,-8.829,4.077,9.725,0.282,0.234,0.366,0.516
17:47:56.916,75.573,-8.829,4.077,True,-8.467,3.391,14.050,-0.080,1.453,-0.381,0.000,0.000,-8.829,4.077,9.725,0.336,0.227,0.405,0.799
17:47:56.935,75.593,-8.829,4.077,True,-8.335,3.549,13.534,0.281,1.529,-0.438,0.000,0.000,-8.829,4.077,9.725,0.367,0.236,0.437,0.403
17:47:56.956,75.614,-8.829,4.077,True,-8.242,3.676,12.851,0.324,1.472,-0.371,0.000,0.000,-8.829,4.077,9.725,0.382,0.257,0.460,0.787
17:47:56.977,75.634,-10.595,4.077,True,-8.592,3.774,9.394,0.142,1.619,-0.231,0.000,0.000,-10.595,4.077,11.352,0.384,0.445,0.587,0.614
17:47:56.997,75.654,-12.361,4.077,True,-9.323,3.847,4.264,-0.188,1.313,0.066,0.000,0.000,-12.361,4.077,13.016,0.376,0.744,0.834,0.672
17:47:57.018,75.675,-10.595,4.077,True,-9.553,3.897,3.721,-0.604,1.333,-0.159,0.000,0.000,-10.595,4.077,11.352,0.363,0.791,0.870,0.773
17:47:57.038,75.695,-12.361,4.077,True,-10.148,3.930,0.944,-1.057,1.346,-0.046,0.000,0.000,-12.361,4.077,13.016,0.346,0.973,1.033,0.723
17:47:57.058,75.715,-12.361,4.077,True,-10.648,3.948,-0.464,-1.511,1.351,0.042,0.000,0.000,-12.361,4.077,13.016,0.328,1.085,1.134,0.588
17:47:57.079,75.736,-12.361,4.077,True,-11.053,3.954,-0.836,-1.942,1.174,0.126,0.000,0.000,-12.361,4.077,13.016,0.310,1.142,1.183,0.827
17:47:57.100,75.757,-12.361,4.077,True,-11.370,3.953,-0.461,-2.332,1.104,0.216,0.000,0.000,-12.361,4.077,13.016,0.292,1.157,1.194,0.786
17:47:57.121,75.779,-12.361,4.077,True,-11.607,3.946,0.417,-2.672,1.212,0.245,0.000,0.000,-12.361,4.077,13.016,0.277,1.142,1.175,0.706
17:47:57.143,75.800,-12.361,4.077,True,-11.599,3.893,2.764,-3.241,1.207,0.081,0.000,0.000,-12.361,4.077,13.016,0.246,1.038,1.067,0.574
17:47:57.163,75.821,-12.361,2.038,True,-11.774,3.323,3.422,-6.975,0.906,0.164,0.000,0.000,-12.361,2.038,12.528,0.024,1.026,1.027,0.766
17:47:57.184,75.842,-12.361,2.038,True,-11.880,2.878,4.427,-8.954,0.669,0.109,0.000,0.000,-12.361,2.038,12.528,-0.107,0.993,0.998,0.931
17:47:57.205,75.862,-12.361,4.077,True,-11.937,3.052,5.551,-6.518,0.809,0.096,0.000,0.000,-12.361,4.077,13.016,0.017,0.949,0.949,0.790
17:47:57.225,75.883,-12.361,2.038,True,-11.959,2.702,6.666,-7.932,0.697,0.111,0.000,0.000,-12.361,2.038,12.528,-0.080,0.902,0.905,0.796
17:47:57.246,75.903,-12.361,0.000,True,-11.955,1.928,7.697,-11.672,0.400,0.081,0.000,0.000,-12.361,0.000,12.361,-0.322,0.856,0.914,0.447
17:47:57.266,75.924,-12.361,0.000,True,-11.934,1.291,8.604,-13.587,0.187,0.052,0.000,0.000,-12.361,0.000,12.361,-0.471,0.814,0.940,0.657
17:47:57.287,75.944,-12.361,0.000,True,-11.903,0.779,9.368,-14.165,0.278,-0.004,0.000,0.000,-12.361,0.000,12.361,-0.547,0.777,0.950,0.744
17:47:57.308,75.965,-12.361,-2.038,True,-11.867,-0.097,9.987,-16.881,0.192,-0.148,0.000,0.000,-12.361,-2.038,12.528,-0.755,0.746,1.061,0.630
17:47:57.328,75.985,-12.361,-2.038,True,-11.829,-0.809,10.466,-17.764,0.048,-0.177,0.000,0.000,-12.361,-2.038,12.528,-0.865,0.721,1.126,0.745
17:47:57.348,76.006,-12.361,-4.077,True,-11.792,-1.842,10.820,-20.419,-0.309,-0.107,0.000,0.000,-12.361,-4.077,13.016,-1.085,0.702,1.292,0.779
17:47:57.369,76.026,-12.361,-2.038,True,-11.758,-2.201,11.064,-17.866,-0.239,-0.077,0.000,0.000,-12.361,-2.038,12.528,-1.009,0.687,1.221,0.899
17:47:57.389,76.046,-12.361,-4.077,True,-11.728,-2.911,11.218,-18.113,-0.339,-0.097,0.000,0.000,-12.361,-4.077,13.016,-1.091,0.678,1.284,0.747
17:47:57.409,76.067,-12.361,-4.077,True,-11.703,-3.460,11.300,-17.102,-0.400,-0.078,0.000,0.000,-12.361,-4.077,13.016,-1.101,0.672,1.290,0.741
17:47:57.429,76.087,-12.361,-4.077,True,-11.682,-3.866,11.327,-15.261,-0.417,-0.032,0.000,0.000,-12.361,-4.077,13.016,-1.060,0.668,1.253,0.428
17:47:57.450,76.107,-12.361,-6.115,True,-11.666,-4.623,11.314,-16.060,-0.520,-0.009,0.000,0.000,-12.361,-6.115,13.791,-1.171,0.667,1.348,0.529
17:47:57.473,76.130,-12.361,-4.077,True,-11.654,-4.743,11.275,-12.325,-0.241,0.086,0.000,0.000,-12.361,-4.077,13.016,-1.018,0.668,1.218,0.751
17:47:57.493,76.151,-12.361,-6.115,True,-11.645,-5.251,11.219,-11.957,-0.142,0.125,0.000,0.000,-12.361,-6.115,13.791,-1.053,0.669,1.248,0.646
17:47:57.513,76.171,-12.361,-4.077,True,-11.640,-5.162,11.156,-7.631,-0.330,0.293,0.000,0.000,-12.361,-4.077,13.016,-0.853,0.672,1.086,0.731
17:47:57.533,76.191,-12.361,-6.115,True,-11.636,-5.500,11.091,-7.104,-0.416,0.100,0.000,0.000,-12.361,-6.115,13.791,-0.864,0.674,1.096,0.420
17:47:57.554,76.211,-15.892,-6.115,True,-12.456,-5.753,5.626,-6.053,-0.571,0.575,0.000,0.000,-15.892,-6.115,17.028,-0.842,0.997,1.305,0.686
17:47:57.574,76.232,-14.127,-6.115,True,-12.758,-5.930,4.948,-4.692,-0.526,0.633,0.000,0.000,-14.127,-6.115,15.393,-0.800,1.057,1.326,0.774
17:47:57.595,76.252,-15.892,-8.154,True,-13.411,-6.519,2.178,-6.304,-0.492,0.932,0.000,0.000,-15.892,-8.154,17.862,-0.930,1.245,1.554,0.708
17:47:57.615,76.273,-14.127,-8.154,True,-13.544,-6.996,3.575,-6.699,-0.513,0.995,0.000,0.000,-14.127,-8.154,16.311,-0.995,1.197,1.556,0.845
17:47:57.636,76.293,-15.892,-8.154,True,-14.035,-7.368,2.336,-6.219,-0.566,1.201,0.000,0.000,-15.892,-8.154,17.862,-1.011,1.300,1.647,0.792
17:47:57.656,76.313,-15.892,-6.115,True,-14.431,-7.172,2.098,-2.038,-0.503,1.243,0.000,0.000,-15.892,-6.115,17.028,-0.807,1.350,1.573,0.794
17:47:57.678,76.336,-15.892,-6.115,True,-14.738,-6.958,2.576,1.297,-0.284,1.185,0.000,0.000,-15.892,-6.115,17.028,-0.639,1.360,1.503,0.417
17:47:57.699,76.356,-15.892,-6.115,True,-14.967,-6.742,3.529,3.856,-0.197,1.226,0.000,0.000,-15.892,-6.115,17.028,-0.504,1.341,1.433,0.526
17:47:57.719,76.377,-15.892,-8.154,True,-15.128,-7.011,4.762,2.618,-0.257,1.391,0.000,0.000,-15.892,-8.154,17.862,-0.586,1.303,1.428,0.798
17:47:57.740,76.397,-15.892,-8.154,True,-15.232,-7.236,6.125,1.996,-0.350,1.354,0.000,0.000,-15.892,-8.154,17.862,-0.636,1.253,1.405,0.746
17:47:57.760,76.418,-15.892,-6.115,True,-15.292,-6.945,7.504,4.952,-0.292,1.327,0.000,0.000,-15.892,-6.115,17.028,-0.476,1.198,1.289,0.692
17:47:57.780,76.438,-15.892,-8.154,True,-15.316,-7.150,8.818,3.933,-0.435,1.242,0.000,0.000,-15.892,-8.154,17.862,-0.541,1.142,1.264,0.469
17:47:57.801,76.458,-15.892,-8.154,True,-15.314,-7.323,10.016,3.392,-0.482,1.227,0.000,0.000,-15.892,-8.154,17.862,-0.583,1.089,1.235,0.466
17:47:57.821,76.479,-15.892,-8.154,True,-15.295,-7.464,11.066,3.217,-0.486,1.171,0.000,0.000,-15.892,-8.154,17.862,-0.604,1.041,1.204,0.708
17:47:57.841,76.499,-15.892,-8.154,True,-15.264,-7.575,11.954,3.307,-0.490,1.131,0.000,0.000,-15.892,-8.154,17.862,-0.612,0.999,1.171,0.738
17:47:57.862,76.519,-15.892,-8.154,True,-15.226,-7.659,12.681,3.578,-0.465,1.149,0.000,0.000,-15.892,-8.154,17.862,-0.608,0.963,1.139,0.689
17:47:57.882,76.539,-15.892,-6.115,True,-15.186,-7.245,13.255,7.074,-0.301,1.120,0.000,0.000,-15.892,-6.115,17.028,-0.412,0.934,1.021,0.422
17:47:57.903,76.560,-15.892,-8.154,True,-15.147,-7.348,13.690,6.317,-0.333,1.075,0.000,0.000,-15.892,-8.154,17.862,-0.456,0.910,1.018,0.734
17:47:57.923,76.580,-15.892,-6.115,True,-15.110,-6.964,14.004,8.943,-0.169,1.037,0.000,0.000,-15.892,-6.115,17.028,-0.302,0.893,0.942,0.750
17:47:57.943,76.601,-15.892,-8.154,True,-15.077,-7.103,14.216,7.473,-0.227,1.038,0.000,0.000,-15.892,-8.154,17.862,-0.380,0.880,0.959,0.780
17:47:57.963,76.621,-15.892,-6.115,True,-15.048,-6.759,14.344,9.535,-0.114,1.042,0.000,0.000,-15.892,-6.115,17.028,-0.255,0.872,0.908,0.714
17:47:57.984,76.641,-15.892,-4.077,True,-15.024,-5.990,14.408,13.864,0.132,1.026,0.000,0.000,-15.892,-4.077,16.407,0.013,0.866,0.867,0.707
17:47:58.004,76.661,-15.892,-10.192,True,-15.004,-6.753,14.421,6.996,-0.262,1.002,0.000,0.000,-15.892,-10.192,18.880,-0.367,0.864,0.938,0.469
17:47:58.025,76.682,-15.892,-4.077,True,-14.989,-6.024,14.400,11.622,-0.005,0.998,0.000,0.000,-15.892,-4.077,16.407,-0.089,0.863,0.868,0.681
17:47:58.045,76.702,-15.892,-8.154,True,-14.978,-6.340,14.355,8.198,-0.198,0.997,0.000,0.000,-15.892,-8.154,17.862,-0.272,0.864,0.906,0.852
17:47:58.065,76.722,-15.892,-6.115,True,-14.970,-6.162,14.296,8.851,-0.161,0.993,0.000,0.000,-15.892,-6.115,17.028,-0.226,0.866,0.895,0.564
17:47:58.086,76.743,-15.892,-6.115,True,-14.965,-6.015,14.230,9.115,-0.143,0.982,0.000,0.000,-15.892,-6.115,17.028,-0.199,0.868,0.891,0.775
17:47:58.107,76.764,-15.892,-6.115,True,-14.962,-5.899,14.163,9.093,-0.129,0.968,0.000,0.000,-15.892,-6.115,17.028,-0.188,0.871,0.891,0.812
17:47:58.127,76.784,-15.892,-4.077,True,-14.961,-5.336,14.099,11.985,0.052,0.993,0.000,0.000,-15.892,-4.077,16.407,-0.005,0.874,0.874,0.799
17:47:58.147,76.804,-15.892,-8.154,True,-14.961,-5.807,14.041,7.325,-0.181,1.006,0.000,0.000,-15.892,-8.154,17.862,-0.257,0.876,0.913,0.633
17:47:58.167,76.825,-15.892,-4.077,True,-14.962,-5.292,13.989,10.271,-0.010,0.985,0.000,0.000,-15.892,-4.077,16.407,-0.076,0.879,0.882,0.799
17:47:58.187,76.845,-15.892,-8.154,True,-14.963,-5.799,13.946,5.743,-0.257,0.990,0.000,0.000,-15.892,-8.154,17.862,-0.326,0.881,0.939,0.505
17:47:58.208,76.866,-14.127,-8.154,True,-14.555,-6.258,16.607,2.643,-0.430,0.826,0.000,0.000,-14.127,-8.154,16.311,-0.509,0.722,0.884,0.724
17:47:58.228,76.886,-14.127,-8.154,True,-14.200,-6.658,18.237,0.713,-0.567,0.705,0.000,0.000,-14.127,-8.154,16.311,-0.634,0.615,0.884,0.504
17:47:58.248,76.906,-12.361,-8.154,True,-13.493,-6.995,21.753,-0.289,-0.590,0.527,0.000,0.000,-12.361,-8.154,14.808,-0.712,0.389,0.812,0.685
17:47:58.269,76.927,-12.361,-8.154,True,-12.896,-7.268,23.617,-0.588,-0.754,0.440,0.000,0.000,-12.361,-8.154,14.808,-0.753,0.247,0.792,1.170
17:47:58.289,76.947,-12.361,-6.115,True,-12.409,-7.010,24.221,2.738,-0.789,0.350,0.000,0.000,-12.361,-6.115,13.791,-0.580,0.172,0.605,0.778
17:47:58.310,76.968,-12.361,-8.154,True,-12.026,-7.233,23.907,2.098,-0.749,0.312,0.000,0.000,-12.361,-8.154,14.808,-0.631,0.147,0.648,0.764
17:47:58.331,76.988,-12.361,-8.154,True,-11.737,-7.415,22.969,1.924,-1.009,0.075,0.000,0.000,-12.361,-8.154,14.808,-0.657,0.160,0.676,0.805
17:47:58.351,77.009,-12.361,-8.154,True,-11.529,-7.557,21.642,2.086,-1.012,0.195,0.000,0.000,-12.361,-8.154,14.808,-0.664,0.198,0.692,0.797
17:47:58.371,77.029,-12.361,-8.154,True,-11.390,-7.664,20.117,2.475,-1.004,0.406,0.000,0.000,-12.361,-8.154,14.808,-0.657,0.251,0.703,0.658
17:47:58.391,77.049,-12.361,-8.154,True,-11.307,-7.740,18.536,3.001,-0.919,0.566,0.000,0.000,-12.361,-8.154,14.808,-0.642,0.313,0.714,0.453
17:47:58.412,77.069,-12.361,-6.115,True,-11.267,-7.316,17.002,6.707,-0.479,0.613,0.000,0.000,-12.361,-6.115,13.791,-0.436,0.376,0.576,0.528
17:47:58.435,77.092,-8.829,-8.154,True,-10.440,-7.408,20.979,6.118,-0.461,0.341,0.000,0.000,-8.829,-8.154,12.018,-0.471,0.118,0.485,0.646
17:47:58.455,77.112,-8.829,-8.154,True,-9.743,-7.487,23.039,5.759,-0.565,0.278,0.000,0.000,-8.829,-8.154,12.018,-0.495,-0.043,0.496,0.404
17:47:58.476,77.133,-8.829,-6.115,True,-9.177,-7.080,23.644,8.694,-0.714,0.280,0.000,0.000,-8.829,-6.115,10.740,-0.324,-0.126,0.348,0.932
17:47:58.496,77.154,-8.829,-4.077,True,-8.733,-6.249,23.195,13.681,-0.529,0.203,0.000,0.000,-8.829,-4.077,9.725,-0.021,-0.150,0.152,0.806
17:47:58.516,77.174,-8.829,-4.077,True,-8.399,-5.534,22.031,16.623,-0.716,0.461,0.000,0.000,-8.829,-4.077,9.725,0.180,-0.132,0.224,0.806
17:47:58.539,77.197,-8.829,-4.077,True,-8.161,-4.940,20.430,17.971,-0.446,0.766,0.000,0.000,-8.829,-4.077,9.725,0.299,-0.086,0.311,0.743
17:47:58.560,77.217,-8.829,-4.077,True,-8.003,-4.464,18.609,18.126,-0.002,0.618,0.000,0.000,-8.829,-4.077,9.725,0.354,-0.021,0.354,0.836
17:47:58.580,77.237,-8.829,-4.077,True,-7.909,-4.096,16.735,17.437,0.102,0.700,0.000,0.000,-8.829,-4.077,9.725,0.360,0.052,0.364,0.538
17:47:58.600,77.258,-8.829,-2.038,True,-7.866,-3.350,14.926,19.306,0.276,0.730,0.000,0.000,-8.829,-2.038,9.061,0.517,0.128,0.533,0.809
17:47:58.620,77.278,-5.297,0.000,True,-7.040,-2.275,18.655,22.770,0.392,0.845,0.000,0.000,-5.297,0.000,5.297,0.777,-0.119,0.787,0.805
17:47:58.641,77.298,-5.297,0.000,True,-6.349,-1.397,20.501,23.952,0.323,0.838,0.000,0.000,-5.297,0.000,5.297,0.917,-0.270,0.956,0.436
17:47:58.661,77.318,-5.297,2.038,True,-5.790,-0.231,20.925,26.582,0.334,0.874,0.000,0.000,-5.297,2.038,5.676,1.150,-0.345,1.201,0.646
17:47:58.681,77.339,-5.297,0.000,True,-5.354,0.231,20.329,23.760,0.153,0.898,0.000,0.000,-5.297,0.000,5.297,1.072,-0.362,1.131,0.520
17:47:58.702,77.359,-5.297,2.038,True,-5.029,1.015,19.051,23.593,0.084,0.876,0.000,0.000,-5.297,2.038,5.676,1.143,-0.338,1.192,0.677
17:47:58.722,77.380,-5.297,8.154,True,-4.799,3.036,17.365,31.425,0.619,0.956,0.000,0.000,-5.297,8.154,9.724,1.691,-0.287,1.715,0.552
17:47:58.743,77.401,-5.297,2.038,True,-4.648,3.287,15.484,25.468,0.512,1.018,0.000,0.000,-5.297,2.038,5.676,1.453,-0.219,1.469,0.652
17:47:58.763,77.421,-5.297,4.077,True,-4.561,3.861,13.570,22.912,0.465,0.841,0.000,0.000,-5.297,4.077,6.685,1.397,-0.143,1.405,0.473
17:47:58.784,77.441,-1.766,6.115,True,-3.703,4.737,17.131,22.783,0.518,0.590,0.000,0.000,-1.766,6.115,6.365,1.479,-0.386,1.529,0.682
17:47:58.804,77.462,-1.766,6.115,True,-2.990,5.407,18.774,21.153,0.550,0.381,0.000,0.000,-1.766,6.115,6.365,1.474,-0.530,1.567,0.715
17:47:58.825,77.482,-1.766,8.154,True,-2.418,6.370,18.982,21.673,0.764,0.184,0.000,0.000,-1.766,8.154,8.343,1.594,-0.596,1.701,0.794
17:47:58.845,77.503,-1.766,6.115,True,-1.975,6.643,18.173,17.348,0.704,0.148,0.000,0.000,-1.766,6.115,6.365,1.430,-0.605,1.553,0.406
17:47:58.867,77.524,-1.766,10.192,True,-1.647,7.734,16.694,19.300,0.863,0.079,0.000,0.000,-1.766,10.192,10.344,1.625,-0.572,1.723,0.793
17:47:58.887,77.544,-1.766,6.115,True,-1.418,7.655,14.828,12.898,0.591,0.157,0.000,0.000,-1.766,6.115,6.365,1.335,-0.513,1.430,0.840
17:47:58.907,77.565,0.000,8.154,True,-0.861,7.969,15.488,10.525,0.524,0.009,0.000,0.000,0.000,8.154,8.154,1.261,-0.597,1.396,0.782
17:47:58.927,77.585,1.766,10.192,True,-0.013,8.647,17.799,11.007,0.634,-0.236,0.000,0.000,1.766,10.192,10.344,1.351,-0.784,1.562,0.851
17:47:58.948,77.605,1.766,12.231,True,0.673,9.648,18.360,13.370,0.812,-0.330,0.000,0.000,1.766,12.231,12.358,1.555,-0.878,1.786,0.789
17:47:58.968,77.626,1.766,10.192,True,1.209,9.980,17.664,10.597,0.777,-0.416,0.000,0.000,1.766,10.192,10.344,1.466,-0.901,1.720,0.688
17:47:58.988,77.646,1.766,12.231,True,1.610,10.666,16.125,10.699,0.861,-0.398,0.000,0.000,1.766,12.231,12.358,1.539,-0.873,1.769,0.477
17:47:59.009,77.666,1.766,12.231,True,1.894,11.194,14.078,9.601,0.883,-0.361,0.000,0.000,1.766,12.231,12.358,1.543,-0.811,1.743,0.611
17:47:59.030,77.687,1.766,14.269,True,2.080,12.056,11.787,10.834,1.051,-0.334,0.000,0.000,1.766,14.269,14.378,1.684,-0.728,1.834,0.996
17:47:59.049,77.707,3.532,14.269,True,2.598,12.736,12.147,10.424,1.130,-0.445,0.000,0.000,3.532,14.269,14.700,1.734,-0.796,1.908,0.503
17:47:59.073,77.730,5.297,14.269,True,3.412,13.252,14.263,8.885,1.130,-0.646,0.000,0.000,5.297,14.269,15.221,1.717,-0.971,1.973,0.785
17:47:59.093,77.750,5.297,14.269,True,4.069,13.625,14.713,6.638,1.024,-0.708,0.000,0.000,5.297,14.269,15.221,1.655,-1.056,1.964,0.577
17:47:59.113,77.771,5.297,14.269,True,4.580,13.877,13.969,4.018,0.877,-0.904,0.000,0.000,5.297,14.269,15.221,1.565,-1.075,1.898,0.776
17:47:59.134,77.792,5.297,12.231,True,4.961,13.556,12.430,-1.834,0.809,-0.978,0.000,0.000,5.297,12.231,13.329,1.275,-1.045,1.648,0.943
17:47:59.154,77.812,5.297,12.231,True,5.230,13.220,10.417,-6.420,0.379,-0.716,0.000,0.000,5.297,12.231,13.329,1.039,-0.983,1.430,0.759
17:47:59.175,77.832,5.297,12.231,True,5.406,12.892,8.182,-9.869,0.200,-0.623,0.000,0.000,5.297,12.231,13.329,0.854,-0.902,1.242,0.867
17:47:59.195,77.853,5.297,12.231,True,5.506,12.586,5.914,-12.330,0.028,-0.909,0.000,0.000,5.297,12.231,13.329,0.714,-0.812,1.081,0.650
17:47:59.216,77.873,5.297,10.192,True,5.549,11.841,3.747,-17.078,-0.235,-0.763,0.000,0.000,5.297,10.192,11.487,0.430,-0.720,0.839,0.739
17:47:59.236,77.893,5.297,10.192,True,5.548,11.196,1.769,-19.958,-0.474,-0.502,0.000,0.000,5.297,10.192,11.487,0.239,-0.633,0.676,0.461
17:47:59.256,77.913,5.297,10.192,True,5.517,10.656,0.033,-21.371,-0.583,-0.414,0.000,0.000,5.297,10.192,11.487,0.122,-0.553,0.566,0.444
17:47:59.282,77.939,5.297,6.115,True,5.466,9.273,-1.440,-27.904,-0.957,-0.447,0.000,0.000,5.297,6.115,8.091,-0.304,-0.483,0.571,0.694
17:47:59.305,77.962,5.297,6.115,True,5.405,8.111,-2.646,-31.249,-1.248,-0.519,0.000,0.000,5.297,6.115,8.091,-0.568,-0.424,0.709,1.075
17:47:59.326,77.983,5.297,4.077,True,5.339,6.694,-3.600,-35.288,-1.193,-0.548,0.000,0.000,5.297,4.077,6.685,-0.888,-0.375,0.964,0.921
17:47:59.346,78.003,5.297,6.115,True,5.274,6.018,-4.325,-33.269,-1.140,-0.638,0.000,0.000,5.297,6.115,8.091,-0.867,-0.337,0.930,0.927
17:47:59.366,78.024,5.297,6.115,True,5.213,5.530,-4.849,-30.323,-1.118,-0.709,0.000,0.000,5.297,6.115,8.091,-0.785,-0.307,0.843,0.839
17:47:59.395,78.052,5.297,4.077,True,5.158,4.727,-5.204,-30.002,-1.239,-0.707,0.000,0.000,5.297,4.077,6.685,-0.852,-0.286,0.898,0.732
17:47:59.415,78.073,5.297,4.077,True,5.111,4.115,-5.420,-28.328,-1.118,-0.659,0.000,0.000,5.297,4.077,6.685,-0.839,-0.272,0.882,1.211
17:47:59.435,78.093,5.297,2.038,True,5.071,3.198,-5.528,-28.911,-1.170,-0.711,0.000,0.000,5.297,2.038,5.676,-0.956,-0.263,0.992,0.733
17:47:59.455,78.113,5.297,8.154,True,5.039,3.905,-5.554,-18.494,-0.705,-0.701,0.000,0.000,5.297,8.154,9.724,-0.426,-0.259,0.498,0.623
17:47:59.476,78.133,5.297,4.077,True,5.014,3.661,-5.521,-16.792,-0.672,-0.722,0.000,0.000,5.297,4.077,6.685,-0.375,-0.258,0.455,0.707
17:47:59.503,78.161,5.297,4.077,True,4.903,3.325,-6.050,-16.021,-0.644,-0.682,0.000,0.000,5.297,4.077,6.685,-0.375,-0.223,0.436,0.472
17:47:59.524,78.181,5.297,2.038,True,4.927,2.732,-5.579,-16.995,-0.716,-0.708,0.000,0.000,5.297,2.038,5.676,-0.477,-0.246,0.537,0.834
17:47:59.543,78.201,3.532,2.038,True,4.473,2.298,-8.248,-16.612,-0.764,-0.537,0.000,0.000,3.532,2.038,4.078,-0.503,-0.083,0.510,0.540
17:47:59.564,78.222,1.766,4.077,True,3.658,2.506,-12.507,-12.183,-0.538,-0.277,0.000,0.000,1.766,4.077,4.443,-0.287,0.186,0.342,0.792
17:47:59.585,78.242,1.766,6.115,True,3.001,3.217,-14.688,-5.577,-0.134,-0.062,0.000,0.000,1.766,6.115,6.365,0.076,0.348,0.356,0.953
17:47:59.609,78.267,1.766,6.115,True,2.479,3.834,-15.417,-1.113,0.216,0.050,0.000,0.000,1.766,6.115,6.365,0.334,0.433,0.547,0.881
17:47:59.630,78.287,1.766,8.154,True,2.074,4.846,-15.145,4.805,0.247,-0.041,0.000,0.000,1.766,8.154,8.343,0.697,0.461,0.835,0.700
17:47:59.650,78.307,1.766,6.115,True,1.770,5.219,-14.206,5.151,0.312,-0.312,0.000,0.000,1.766,6.115,6.365,0.749,0.450,0.874,0.832
17:47:59.670,78.327,1.766,10.192,True,1.552,6.462,-12.857,10.994,0.716,-0.327,0.000,0.000,1.766,10.192,10.344,1.131,0.412,1.204,0.477
17:47:59.690,78.348,1.766,8.154,True,1.404,7.025,-11.294,10.905,0.797,-0.238,0.000,0.000,1.766,8.154,8.343,1.184,0.358,1.237,0.388
17:47:59.715,78.373,1.766,6.115,True,1.315,6.981,-9.665,6.757,0.892,-0.393,0.000,0.000,1.766,6.115,6.365,0.996,0.295,1.039,0.478
17:47:59.736,78.393,-1.766,6.115,True,0.451,6.883,-13.461,3.185,0.696,-0.149,0.000,0.000,-1.766,6.115,6.365,0.829,0.549,0.994,0.862
17:47:59.756,78.413,-1.766,8.154,True,-0.271,7.227,-15.307,3.325,0.685,-0.040,0.000,0.000,-1.766,8.154,8.343,0.870,0.703,1.118,0.669
17:47:59.777,78.434,-1.766,8.154,True,-0.853,7.494,-15.681,2.854,0.624,0.026,0.000,0.000,-1.766,8.154,8.343,0.875,0.777,1.171,0.986
17:47:59.797,78.454,-1.766,8.154,True,-1.306,7.691,-15.001,1.978,0.642,0.011,0.000,0.000,-1.766,8.154,8.343,0.856,0.793,1.167,0.759
17:47:59.819,78.476,-1.766,8.154,True,-1.606,7.731,-13.372,0.219,0.590,0.011,0.000,0.000,-1.766,8.154,8.343,0.783,0.751,1.085,0.301
17:47:59.839,78.497,-5.297,8.154,True,-2.840,7.853,-18.023,-0.632,0.581,0.381,0.000,0.000,-5.297,8.154,9.724,0.757,1.080,1.319,0.391
17:47:59.860,78.518,-5.297,8.154,True,-3.761,7.924,-19.346,-1.659,0.548,0.581,0.000,0.000,-5.297,8.154,9.724,0.719,1.230,1.425,0.784
17:47:59.881,78.538,-5.297,8.154,True,-4.442,7.958,-18.672,-2.713,0.540,0.643,0.000,0.000,-5.297,8.154,9.724,0.676,1.268,1.437,0.807
17:47:59.902,78.559,-5.297,8.154,True,-4.935,7.966,-16.820,-3.711,0.356,0.686,0.000,0.000,-5.297,8.154,9.724,0.633,1.236,1.389,0.816
17:47:59.922,78.579,-5.297,12.231,True,-5.278,8.943,-14.321,1.658,0.649,0.700,0.000,0.000,-5.297,12.231,13.329,0.968,1.160,1.510,0.782
17:47:59.942,78.599,-5.297,14.269,True,-5.501,10.238,-11.532,7.730,0.949,0.734,0.000,0.000,-5.297,14.269,15.221,1.365,1.059,1.728,0.774
17:47:59.962,78.620,-7.063,14.269,True,-6.045,11.307,-11.377,10.807,1.216,0.714,0.000,0.000,-7.063,14.269,15.922,1.608,1.107,1.952,0.863
17:47:59.982,78.640,-7.063,12.231,True,-6.458,11.689,-10.302,8.577,1.248,0.695,0.000,0.000,-7.063,12.231,14.124,1.547,1.101,1.899,0.522
17:48:00.003,78.660,-8.829,10.192,True,-7.169,11.472,-11.330,2.864,0.984,0.874,0.000,0.000,-8.829,10.192,13.485,1.274,1.217,1.762,0.611
17:48:00.023,78.680,-8.829,8.154,True,-7.729,10.744,-11.011,-4.888,0.616,0.984,0.000,0.000,-8.829,8.154,12.018,0.859,1.259,1.524,0.694
17:48:00.043,78.700,-8.829,12.231,True,-8.154,11.014,-9.766,-4.236,0.650,0.978,0.000,0.000,-8.829,12.231,15.085,0.914,1.246,1.546,0.415
17:48:00.064,78.721,-8.829,8.154,True,-8.461,10.285,-7.938,-10.354,0.343,0.997,0.000,0.000,-8.829,8.154,12.018,0.571,1.196,1.326,0.791
17:48:00.084,78.742,-8.829,6.115,True,-8.668,9.157,-5.801,-17.588,-0.001,0.852,0.000,0.000,-8.829,6.115,10.740,0.139,1.123,1.131,0.791
17:48:00.105,78.762,-8.829,6.115,True,-8.795,8.180,-3.563,-21.991,-0.242,0.766,0.000,0.000,-8.829,6.115,10.740,-0.153,1.037,1.048,0.782
17:48:00.125,78.783,-10.595,6.115,True,-9.268,7.362,-4.081,-24.165,-0.319,0.771,0.000,0.000,-10.595,6.115,12.233,-0.330,1.107,1.155,0.788
17:48:00.145,78.803,-10.595,6.115,True,-9.639,6.701,-3.714,-24.655,-0.343,0.834,0.000,0.000,-10.595,6.115,12.233,-0.418,1.128,1.203,0.791
17:48:00.166,78.823,-10.595,6.115,True,-9.918,6.187,-2.746,-23.939,-0.300,0.825,0.000,0.000,-10.595,6.115,12.233,-0.438,1.113,1.196,0.689
17:48:00.186,78.844,-10.595,4.077,True,-10.118,5.329,-1.411,-25.535,-0.444,0.801,0.000,0.000,-10.595,4.077,11.352,-0.594,1.074,1.227,0.828
17:48:00.207,78.864,-10.595,4.077,True,-10.251,4.646,0.109,-25.448,-0.500,0.803,0.000,0.000,-10.595,4.077,11.352,-0.659,1.020,1.214,0.753
17:48:00.227,78.884,-12.361,4.077,True,-10.740,4.123,-1.026,-24.186,-0.503,0.880,0.000,0.000,-12.361,4.077,13.016,-0.655,1.119,1.297,0.440
17:48:00.251,78.909,-12.361,4.077,True,-11.132,3.741,-1.173,-22.170,-0.510,0.917,0.000,0.000,-12.361,4.077,13.016,-0.604,1.165,1.313,0.500
17:48:00.272,78.929,-12.361,4.077,True,-11.436,3.479,-0.622,-19.737,-0.387,0.744,0.000,0.000,-12.361,4.077,13.016,-0.523,1.171,1.283,0.696
17:48:00.292,78.950,-12.361,2.038,True,-11.660,2.841,0.390,-20.259,-0.583,0.669,0.000,0.000,-12.361,2.038,12.528,-0.610,1.149,1.301,0.481
17:48:00.313,78.971,-12.361,2.038,True,-11.817,2.343,1.668,-19.612,-0.827,0.695,0.000,0.000,-12.361,2.038,12.528,-0.631,1.108,1.275,0.715
17:48:00.335,78.992,-12.361,2.038,True,-11.918,1.971,3.064,-18.182,-0.995,0.815,0.000,0.000,-12.361,2.038,12.528,-0.605,1.057,1.218,0.957
17:48:00.357,79.015,-12.361,4.077,True,-11.974,2.182,4.465,-13.167,-0.536,0.575,0.000,0.000,-12.361,4.077,13.016,-0.363,1.000,1.064,0.777
17:48:00.377,79.035,-12.361,2.038,True,-11.995,1.946,5.793,-12.237,-0.332,0.482,0.000,0.000,-12.361,2.038,12.528,-0.346,0.944,1.005,0.843
17:48:00.397,79.055,-12.361,0.000,True,-11.991,1.306,6.996,-14.126,-0.288,0.215,0.000,0.000,-12.361,0.000,12.361,-0.493,0.890,1.018,0.755
17:48:00.418,79.075,-12.361,2.038,True,-11.970,1.259,8.048,-11.563,-0.456,-0.197,0.000,0.000,-12.361,2.038,12.528,-0.384,0.842,0.925,0.770
17:48:00.438,79.096,-12.361,-2.038,True,-11.937,0.316,8.934,-15.456,-0.710,0.055,0.000,0.000,-12.361,-2.038,12.528,-0.651,0.799,1.031,0.773
17:48:00.459,79.117,-12.361,2.038,True,-11.898,0.479,9.656,-11.016,-0.420,0.148,0.000,0.000,-12.361,2.038,12.528,-0.438,0.764,0.881,0.743
17:48:00.479,79.137,-12.361,0.000,True,-11.857,0.198,10.224,-10.510,-0.808,0.288,0.000,0.000,-12.361,0.000,12.361,-0.444,0.734,0.858,0.833
17:48:00.500,79.157,-12.361,2.038,True,-11.817,0.464,10.652,-6.467,-0.431,0.202,0.000,0.000,-12.361,2.038,12.528,-0.239,0.712,0.751,0.433
17:48:00.520,79.178,-12.361,2.038,True,-11.780,0.731,10.959,-3.374,-0.139,0.068,0.000,0.000,-12.361,2.038,12.528,-0.076,0.694,0.698,0.781
17:48:00.541,79.198,-12.361,0.000,True,-11.747,0.509,11.164,-4.231,-0.176,0.158,0.000,0.000,-12.361,0.000,12.361,-0.136,0.682,0.695,0.620
17:48:00.561,79.218,-12.361,0.000,True,-11.718,0.326,11.286,-4.601,-0.262,0.047,0.000,0.000,-12.361,0.000,12.361,-0.170,0.674,0.695,0.501
17:48:00.581,79.239,-12.361,-2.038,True,-11.694,-0.294,11.344,-7.721,-0.537,-0.077,0.000,0.000,-12.361,-2.038,12.528,-0.370,0.669,0.764,0.544
17:48:00.601,79.259,-12.361,0.000,True,-11.675,-0.344,11.353,-6.275,-0.807,-0.151,0.000,0.000,-12.361,0.000,12.361,-0.311,0.666,0.736,0.770
17:48:00.622,79.279,-12.361,2.038,True,-11.660,0.113,11.328,-1.805,-0.962,0.098,0.000,0.000,-12.361,2.038,12.528,-0.068,0.666,0.669,0.695
17:48:00.643,79.300,-12.361,-2.038,True,-11.649,-0.415,11.280,-4.895,-1.410,0.566,0.000,0.000,-12.361,-2.038,12.528,-0.258,0.667,0.715,0.494
17:48:00.664,79.321,-12.361,0.000,True,-11.641,-0.393,11.218,-3.583,-1.558,0.290,0.000,0.000,-12.361,0.000,12.361,-0.198,0.669,0.697,0.592
17:48:00.684,79.342,-15.892,2.038,True,-12.456,0.117,5.758,0.646,-1.092,0.701,0.000,0.000,-15.892,2.038,16.023,0.040,0.992,0.992,0.829
17:48:00.704,79.362,-15.892,2.038,True,-13.166,0.573,2.372,3.479,-0.926,0.889,0.000,0.000,-15.892,2.038,16.023,0.211,1.212,1.230,0.384
17:48:00.725,79.383,-15.892,2.038,True,-13.763,0.967,0.626,5.177,-0.707,1.087,0.000,0.000,-15.892,2.038,16.023,0.325,1.349,1.387,0.763
17:48:00.746,79.403,-15.892,2.038,True,-14.248,1.295,0.126,5.987,-0.604,1.171,0.000,0.000,-15.892,2.038,16.023,0.394,1.419,1.473,0.772
17:48:00.766,79.423,-14.127,2.038,True,-14.218,1.560,3.224,6.130,-0.322,0.838,0.000,0.000,-14.127,2.038,14.273,0.427,1.279,1.349,0.750
17:48:00.786,79.444,-14.127,4.077,True,-14.147,2.239,5.894,8.911,-0.092,0.530,0.000,0.000,-14.127,4.077,14.703,0.617,1.155,1.309,0.738
17:48:00.806,79.464,-15.892,4.077,True,-14.462,2.803,5.422,10.177,0.110,0.506,0.000,0.000,-15.892,4.077,16.407,0.729,1.207,1.410,0.751
17:48:00.827,79.484,-14.127,6.115,True,-14.301,3.729,8.248,13.427,0.397,0.518,0.000,0.000,-14.127,6.115,15.393,0.965,1.066,1.438,0.743
17:48:00.847,79.504,-14.127,6.115,True,-14.134,4.489,10.453,14.678,0.576,0.554,0.000,0.000,-14.127,6.115,15.393,1.097,0.952,1.452,0.464
17:48:00.867,79.525,-14.127,6.115,True,-13.972,5.092,12.101,14.460,0.653,0.543,0.000,0.000,-14.127,6.115,15.393,1.147,0.863,1.436,0.671
17:48:00.894,79.552,-14.127,12.231,True,-13.822,6.973,13.268,22.562,1.244,0.558,0.000,0.000,-14.127,12.231,18.686,1.693,0.797,1.871,0.615
17:48:00.915,79.572,-12.361,8.154,True,-13.279,7.594,16.731,20.198,1.241,0.321,0.000,0.000,-12.361,8.154,14.808,1.651,0.589,1.753,0.579
17:48:00.935,79.592,-14.127,8.154,True,-13.219,8.034,16.136,17.045,1.139,0.308,0.000,0.000,-14.127,8.154,16.311,1.556,0.610,1.671,0.578
17:48:00.955,79.613,-12.361,8.154,True,-12.772,8.323,18.206,13.511,1.178,0.324,0.000,0.000,-12.361,8.154,14.808,1.429,0.474,1.505,0.514
17:48:00.976,79.633,-12.361,8.154,True,-12.397,8.491,19.250,9.904,1.089,0.372,0.000,0.000,-12.361,8.154,14.808,1.286,0.390,1.344,0.995
17:48:01.003,79.660,-12.361,10.192,True,-12.093,9.039,19.519,9.556,1.085,0.324,0.000,0.000,-12.361,10.192,16.021,1.326,0.348,1.371,0.780
17:48:01.023,79.680,-12.361,10.192,True,-11.855,9.453,19.228,8.302,1.022,0.314,0.000,0.000,-12.361,10.192,16.021,1.312,0.337,1.354,0.489
17:48:01.043,79.701,-12.361,10.192,True,-11.678,9.753,18.561,6.482,1.055,0.224,0.000,0.000,-12.361,10.192,16.021,1.261,0.349,1.309,0.442
17:48:01.064,79.721,-12.361,10.192,True,-11.551,9.954,17.667,4.364,1.042,0.233,0.000,0.000,-12.361,10.192,16.021,1.188,0.375,1.246,0.751
17:48:01.084,79.742,-12.361,14.269,True,-11.468,11.024,16.662,8.379,1.321,0.272,0.000,0.000,-12.361,14.269,18.879,1.472,0.411,1.529,0.648
17:48:01.106,79.763,-12.361,14.269,True,-11.420,11.906,15.635,10.055,1.485,0.313,0.000,0.000,-12.361,14.269,18.879,1.634,0.452,1.696,0.671
17:48:01.126,79.783,-12.361,10.192,True,-11.398,11.663,14.649,3.772,1.166,0.367,0.000,0.000,-12.361,10.192,16.021,1.333,0.493,1.421,0.574
17:48:01.146,79.804,-12.361,14.269,True,-11.397,12.326,13.745,4.899,1.293,0.372,0.000,0.000,-12.361,14.269,18.879,1.449,0.533,1.544,0.878
17:48:01.167,79.824,-10.595,14.269,True,-11.000,12.853,15.645,4.740,1.357,0.263,0.000,0.000,-10.595,14.269,17.773,1.495,0.409,1.550,0.729
17:48:01.187,79.845,-12.361,14.269,True,-11.076,13.255,13.930,3.688,1.365,0.353,0.000,0.000,-12.361,14.269,18.879,1.488,0.493,1.568,0.763
17:48:01.208,79.865,-8.829,8.154,True,-10.340,12.126,17.947,-7.272,0.778,0.113,0.000,0.000,-8.829,8.154,12.018,0.892,0.242,0.924,0.841
17:48:01.228,79.885,-8.829,8.154,True,-9.713,11.092,20.203,-14.948,0.356,-0.025,0.000,0.000,-8.829,8.154,12.018,0.449,0.080,0.456,0.694
17:48:01.248,79.906,-8.829,6.115,True,-9.198,9.706,21.100,-23.014,-0.175,-0.205,0.000,0.000,-8.829,6.115,10.740,-0.045,-0.012,0.047,0.766
17:48:01.269,79.926,-8.829,6.115,True,-8.788,8.519,20.995,-27.702,-0.340,-0.307,0.000,0.000,-8.829,6.115,10.740,-0.371,-0.048,0.374,0.748
17:48:01.289,79.947,-8.829,6.115,True,-8.475,7.535,20.192,-29.764,-0.496,-0.304,0.000,0.000,-8.829,6.115,10.740,-0.560,-0.044,0.562,0.729
17:48:01.309,79.967,-8.829,4.077,True,-8.247,6.275,18.945,-32.984,-0.842,-0.229,0.000,0.000,-8.829,4.077,9.725,-0.828,-0.011,0.829,0.614
17:48:01.330,79.987,-8.829,6.115,True,-8.092,5.731,17.455,-30.518,-0.717,-0.274,0.000,0.000,-8.829,6.115,10.740,-0.774,0.039,0.775,0.772
17:48:01.350,80.007,-8.829,4.077,True,-7.995,4.878,15.875,-30.522,-0.750,-0.249,0.000,0.000,-8.829,4.077,9.725,-0.859,0.099,0.865,0.806
17:48:01.371,80.028,-8.829,2.038,True,-7.945,3.750,14.320,-32.161,-1.237,0.036,0.000,0.000,-8.829,2.038,9.061,-1.045,0.162,1.057,0.777
17:48:01.391,80.049,-8.829,2.038,True,-7.931,2.859,12.866,-31.646,-1.214,0.268,0.000,0.000,-8.829,2.038,9.061,-1.111,0.225,1.134,0.721
17:48:01.411,80.069,-8.829,2.038,True,-7.942,2.182,11.563,-29.649,-1.107,0.341,0.000,0.000,-8.829,2.038,9.061,-1.090,0.284,1.127,0.719
17:48:01.433,80.091,-8.829,2.038,True,-7.970,1.694,10.438,-26.722,-1.062,0.422,0.000,0.000,-8.829,2.038,9.061,-1.010,0.336,1.065,0.581
17:48:01.454,80.111,-8.829,2.038,True,-8.010,1.363,9.499,-23.304,-0.931,0.524,0.000,0.000,-8.829,2.038,9.061,-0.892,0.382,0.970,0.581
17:48:01.474,80.131,-7.063,2.038,True,-7.644,1.162,11.438,-19.728,-0.867,0.494,0.000,0.000,-7.063,2.038,7.352,-0.755,0.260,0.798,0.810
17:48:01.494,80.152,-7.063,2.038,True,-7.333,1.063,12.509,-16.237,-0.561,0.198,0.000,0.000,-7.063,2.038,7.352,-0.610,0.181,0.637,0.857
17:48:01.514,80.172,-7.063,2.038,True,-7.079,1.040,12.912,-12.998,-0.408,0.126,0.000,0.000,-7.063,2.038,7.352,-0.470,0.138,0.490,0.819
17:48:01.535,80.192,-5.297,2.038,True,-6.467,1.073,15.521,-10.111,-0.148,0.159,0.000,0.000,-5.297,2.038,5.676,-0.339,-0.038,0.341,0.707
17:48:01.555,80.212,-5.297,-2.038,True,-5.957,0.195,16.753,-13.857,-0.168,-0.084,0.000,0.000,-5.297,-2.038,5.676,-0.592,-0.144,0.609,0.831
17:48:01.575,80.233,-5.297,4.077,True,-5.546,0.884,16.953,-6.288,0.211,-0.327,0.000,0.000,-5.297,4.077,6.685,-0.189,-0.194,0.271,0.817
17:48:01.595,80.253,-5.297,2.038,True,-5.228,1.056,16.417,-3.944,0.419,-0.316,0.000,0.000,-5.297,2.038,5.676,-0.069,-0.202,0.213,0.424
17:48:01.616,80.274,-5.297,2.038,True,-4.992,1.223,15.395,-2.182,0.375,-0.124,0.000,0.000,-5.297,2.038,5.676,0.026,-0.180,0.182,0.864
17:48:01.636,80.294,-5.297,2.038,True,-4.827,1.379,14.088,-0.924,0.462,0.016,0.000,0.000,-5.297,2.038,5.676,0.097,-0.139,0.170,0.594
17:48:01.657,80.314,-5.297,2.038,True,-4.720,1.518,12.653,-0.089,0.560,0.094,0.000,0.000,-5.297,2.038,5.676,0.148,-0.087,0.171,0.683
17:48:01.677,80.334,-5.297,4.077,True,-4.660,2.111,11.207,3.518,0.793,0.119,0.000,0.000,-5.297,4.077,6.685,0.366,-0.029,0.368,0.446
17:48:01.698,80.355,-5.297,4.077,True,-4.636,2.622,9.832,5.659,1.258,0.007,0.000,0.000,-5.297,4.077,6.685,0.512,0.030,0.513,0.804
17:48:01.718,80.376,-5.297,4.077,True,-4.639,3.047,8.582,6.657,1.323,0.106,0.000,0.000,-5.297,4.077,6.685,0.598,0.085,0.605,0.814
17:48:01.739,80.396,-5.297,4.077,True,-4.660,3.388,7.488,6.797,1.374,0.117,0.000,0.000,-5.297,4.077,6.685,0.639,0.135,0.653,0.757
17:48:01.761,80.419,-5.297,4.077,True,-4.693,3.653,6.564,6.328,1.282,0.107,0.000,0.000,-5.297,4.077,6.685,0.645,0.180,0.669,0.503
17:48:01.782,80.439,-5.297,4.077,True,-4.733,3.848,5.810,5.458,1.221,0.158,0.000,0.000,-5.297,4.077,6.685,0.626,0.217,0.662,0.767
17:48:01.802,80.459,-5.297,6.115,True,-4.775,4.459,5.215,7.468,1.360,0.205,0.000,0.000,-5.297,6.115,8.091,0.776,0.247,0.814,0.438
17:48:01.822,80.480,-5.297,4.077,True,-4.816,4.485,4.766,5.063,1.242,0.230,0.000,0.000,-5.297,4.077,6.685,0.672,0.271,0.725,0.550
17:48:01.843,80.500,-5.297,4.077,True,-4.855,4.468,4.442,2.905,1.141,0.215,0.000,0.000,-5.297,4.077,6.685,0.575,0.289,0.644,0.834
17:48:01.863,80.520,-5.297,4.077,True,-4.889,4.422,4.225,1.038,1.039,0.247,0.000,0.000,-5.297,4.077,6.685,0.488,0.302,0.574,0.505
17:48:01.883,80.540,-5.297,4.077,True,-4.919,4.357,4.094,-0.523,0.950,0.258,0.000,0.000,-5.297,4.077,6.685,0.413,0.311,0.517,0.686
17:48:01.904,80.561,-5.297,4.077,True,-4.944,4.284,4.031,-1.783,0.848,0.259,0.000,0.000,-5.297,4.077,6.685,0.350,0.316,0.472,0.730
17:48:01.924,80.582,-5.297,4.077,True,-4.964,4.209,4.019,-2.764,0.763,0.273,0.000,0.000,-5.297,4.077,6.685,0.299,0.319,0.437,0.696
17:48:01.945,80.602,-5.297,2.038,True,-4.980,3.662,4.043,-6.608,0.503,0.262,0.000,0.000,-5.297,2.038,5.676,0.075,0.320,0.328,0.826
17:48:01.965,80.623,-5.297,4.077,True,-4.992,3.657,4.092,-5.925,0.517,0.258,0.000,0.000,-5.297,4.077,6.685,0.104,0.319,0.335,0.666
17:48:01.985,80.643,-5.297,2.038,True,-5.000,3.190,4.154,-8.430,0.370,0.243,0.000,0.000,-5.297,2.038,5.676,-0.053,0.317,0.321,0.394
17:48:02.006,80.663,-5.297,2.038,True,-5.005,2.793,4.224,-9.822,0.261,0.136,0.000,0.000,-5.297,2.038,5.676,-0.154,0.314,0.350,0.576
17:48:02.026,80.683,-5.297,2.038,True,-5.008,2.467,4.294,-10.358,0.301,0.095,0.000,0.000,-5.297,2.038,5.676,-0.210,0.311,0.376,0.433
17:48:02.047,80.704,-5.297,2.038,True,-5.010,2.208,4.361,-10.263,0.227,0.033,0.000,0.000,-5.297,2.038,5.676,-0.232,0.308,0.386,0.741
17:48:02.069,80.727,-5.297,0.000,True,-5.010,1.538,4.422,-12.845,0.059,0.146,0.000,0.000,-5.297,0.000,5.297,-0.413,0.306,0.514,0.746
17:48:02.090,80.747,-5.297,2.038,True,-5.009,1.457,4.475,-10.839,0.095,0.065,0.000,0.000,-5.297,2.038,5.676,-0.333,0.303,0.450,0.715
17:48:02.110,80.767,-5.297,2.038,True,-5.007,1.426,4.520,-8.936,0.149,0.110,0.000,0.000,-5.297,2.038,5.676,-0.252,0.301,0.393,0.632
17:48:02.131,80.788,-5.297,2.038,True,-5.005,1.431,4.557,-7.210,0.229,0.138,0.000,0.000,-5.297,2.038,5.676,-0.175,0.299,0.347,0.854
17:48:02.151,80.809,-5.297,0.000,True,-5.003,0.988,4.587,-8.815,0.115,0.094,0.000,0.000,-5.297,0.000,5.297,-0.290,0.298,0.416,0.742
17:48:02.172,80.829,-5.297,2.038,True,-5.001,1.096,4.609,-6.344,0.219,0.124,0.000,0.000,-5.297,2.038,5.676,-0.170,0.297,0.342,0.775
17:48:02.192,80.850,-5.297,0.000,True,-4.999,0.744,4.625,-7.475,0.147,0.139,0.000,0.000,-5.297,0.000,5.297,-0.255,0.296,0.391,0.980
17:48:02.212,80.870,-5.297,2.038,True,-4.997,0.930,4.636,-4.745,0.269,0.159,0.000,0.000,-5.297,2.038,5.676,-0.116,0.295,0.317,0.548
17:48:02.233,80.890,-5.297,0.000,True,-4.996,0.641,4.642,-5.782,0.176,0.181,0.000,0.000,-5.297,0.000,5.297,-0.191,0.295,0.351,0.421
17:48:02.253,80.911,-7.063,0.000,True,-5.405,0.403,1.949,-6.192,0.129,0.361,0.000,0.000,-7.063,0.000,7.063,-0.233,0.454,0.511,0.518
17:48:02.273,80.931,-5.297,0.000,True,-5.350,0.215,2.987,-6.140,0.113,0.330,0.000,0.000,-5.297,0.000,5.297,-0.250,0.403,0.474,0.454
17:48:02.294,80.952,-8.829,2.038,True,-6.112,0.544,-1.589,-2.655,0.307,0.639,0.000,0.000,-8.829,2.038,9.061,-0.063,0.681,0.684,0.438
17:48:02.314,80.972,-8.829,0.000,True,-6.768,0.377,-4.289,-3.276,0.260,0.901,0.000,0.000,-8.829,0.000,8.829,-0.107,0.866,0.873,0.459
17:48:02.335,80.992,-8.829,2.038,True,-7.313,0.713,-5.526,-0.419,0.433,0.814,0.000,0.000,-8.829,2.038,9.061,0.053,0.975,0.977,0.532
17:48:02.355,81.012,-8.829,2.038,True,-7.750,1.014,-5.669,1.510,0.303,1.295,0.000,0.000,-8.829,2.038,9.061,0.168,1.025,1.039,0.400
17:48:02.376,81.033,-8.829,2.038,True,-8.088,1.275,-5.038,2.683,0.255,1.345,0.000,0.000,-8.829,2.038,9.061,0.246,1.031,1.060,0.802
17:48:02.396,81.053,-8.829,2.038,True,-8.337,1.494,-3.898,3.261,0.329,1.276,0.000,0.000,-8.829,2.038,9.061,0.293,1.006,1.048,0.464
17:48:02.416,81.073,-8.829,0.000,True,-8.511,1.197,-2.464,0.277,0.149,1.308,0.000,0.000,-8.829,0.000,8.829,0.132,0.960,0.969,0.508
17:48:02.436,81.094,-8.829,2.038,True,-8.623,1.397,-0.901,1.283,0.216,1.232,0.000,0.000,-8.829,2.038,9.061,0.196,0.902,0.923,0.756
17:48:02.457,81.114,-8.829,0.000,True,-8.685,1.092,0.665,-1.292,0.074,1.165,0.000,0.000,-8.829,0.000,8.829,0.052,0.839,0.841,0.740
17:48:02.477,81.135,-8.829,-2.038,True,-8.708,0.345,2.148,-6.140,-0.234,1.119,0.000,0.000,-8.829,-2.038,9.061,-0.237,0.776,0.811,0.818
17:48:02.498,81.155,-8.829,-2.038,True,-8.665,0.222,3.742,-5.654,-0.228,1.031,0.000,0.000,-8.829,-2.038,9.061,-0.227,0.701,0.737,0.976
17:48:02.518,81.176,-8.829,0.000,True,-8.658,0.078,4.753,-5.384,-0.242,0.960,0.000,0.000,-8.829,0.000,8.829,-0.230,0.656,0.695,0.772
17:48:02.539,81.196,-8.829,0.000,True,-8.634,-0.022,5.651,-4.862,-0.222,0.889,0.000,0.000,-8.829,0.000,8.829,-0.217,0.614,0.651,0.760
17:48:02.559,81.216,-8.829,0.000,True,-8.600,-0.088,6.417,-4.225,-0.215,0.818,0.000,0.000,-8.829,0.000,8.829,-0.195,0.577,0.609,0.567
17:48:02.579,81.237,-10.595,0.000,True,-8.997,-0.130,4.286,-3.554,-0.184,0.954,0.000,0.000,-10.595,0.000,10.595,-0.170,0.711,0.731,0.847
17:48:02.599,81.257,-8.829,0.000,True,-8.892,-0.152,5.873,-2.896,-0.164,0.839,0.000,0.000,-8.829,0.000,8.829,-0.143,0.630,0.646,0.868
17:48:02.619,81.277,-8.829,-2.038,True,-8.787,-0.646,7.084,-5.383,-0.322,0.773,0.000,0.000,-8.829,-2.038,9.061,-0.302,0.566,0.642,0.833
17:48:02.640,81.297,-8.829,0.000,True,-8.689,-0.576,7.969,-3.620,-0.228,0.744,0.000,0.000,-8.829,0.000,8.829,-0.217,0.517,0.561,0.792
17:48:02.660,81.318,-8.829,0.000,True,-8.600,-0.497,8.577,-2.190,-0.149,0.711,0.000,0.000,-8.829,0.000,8.829,-0.146,0.481,0.503,0.487
17:48:02.681,81.338,-8.829,0.000,True,-8.522,-0.414,8.957,-1.069,-0.098,0.664,0.000,0.000,-8.829,0.000,8.829,-0.089,0.457,0.465,0.433
17:48:02.701,81.359,-8.829,0.000,True,-8.456,-0.334,9.155,-0.224,-0.035,0.641,0.000,0.000,-8.829,0.000,8.829,-0.043,0.441,0.444,0.462
17:48:02.722,81.379,-8.829,-2.038,True,-8.402,-0.734,9.214,-2.726,-0.197,0.612,0.000,0.000,-8.829,-2.038,9.061,-0.194,0.433,0.475,0.454
17:48:02.742,81.400,-8.829,0.000,True,-8.360,-0.605,9.170,-1.124,-0.125,0.585,0.000,0.000,-8.829,0.000,8.829,-0.110,0.431,0.445,0.799
17:48:02.762,81.420,-8.829,0.000,True,-8.328,-0.482,9.058,0.062,-0.053,0.597,0.000,0.000,-8.829,0.000,8.829,-0.045,0.433,0.435,0.799
17:48:02.783,81.440,-8.829,2.038,True,-8.305,0.105,8.903,4.012,0.178,0.580,0.000,0.000,-8.829,2.038,9.061,0.188,0.438,0.476,0.784
17:48:02.803,81.460,-8.829,0.000,True,-8.290,0.142,8.727,3.343,0.152,0.573,0.000,0.000,-8.829,0.000,8.829,0.162,0.444,0.472,0.794
17:48:02.825,81.482,-8.829,2.038,True,-8.282,0.634,8.547,5.812,0.304,0.575,0.000,0.000,-8.829,2.038,9.061,0.320,0.451,0.553,0.856
17:48:02.845,81.503,-8.829,2.038,True,-8.278,1.050,8.374,7.127,0.409,0.598,0.000,0.000,-8.829,2.038,9.061,0.420,0.458,0.621,0.686
17:48:02.866,81.523,-8.829,2.038,True,-8.278,1.389,8.215,7.559,0.465,0.630,0.000,0.000,-8.829,2.038,9.061,0.473,0.465,0.663,0.801
17:48:02.886,81.544,-8.829,2.038,True,-8.280,1.656,8.075,7.350,0.487,0.648,0.000,0.000,-8.829,2.038,9.061,0.490,0.472,0.680,0.793
17:48:02.907,81.565,-8.829,2.038,True,-8.284,1.858,7.957,6.703,0.474,0.645,0.000,0.000,-8.829,2.038,9.061,0.482,0.477,0.678,0.799
17:48:02.928,81.585,-8.829,2.038,True,-8.288,2.003,7.860,5.784,0.465,0.674,0.000,0.000,-8.829,2.038,9.061,0.456,0.482,0.663,0.909
17:48:02.948,81.606,-8.829,2.038,True,-8.293,2.100,7.783,4.726,0.423,0.674,0.000,0.000,-8.829,2.038,9.061,0.419,0.486,0.641,0.809
17:48:02.969,81.626,-8.829,2.038,True,-8.298,2.158,7.725,3.627,0.369,0.661,0.000,0.000,-8.829,2.038,9.061,0.376,0.489,0.617,0.781
17:48:02.989,81.646,-8.829,2.038,True,-8.303,2.186,7.682,2.561,0.334,0.653,0.000,0.000,-8.829,2.038,9.061,0.332,0.491,0.593,0.771
17:48:03.009,81.666,-8.829,2.038,True,-8.307,2.191,7.653,1.576,0.298,0.669,0.000,0.000,-8.829,2.038,9.061,0.289,0.493,0.571,0.443
17:48:03.030,81.688,-8.829,2.038,True,-8.311,2.180,7.636,0.702,0.243,0.664,0.000,0.000,-8.829,2.038,9.061,0.249,0.494,0.553,0.682
17:48:03.051,81.708,-5.297,0.000,True,-7.494,1.684,13.020,-3.160,0.018,0.352,0.000,0.000,-5.297,0.000,5.297,0.029,0.175,0.177,0.824
17:48:03.071,81.728,-5.297,0.000,True,-6.783,1.244,16.336,-5.695,-0.102,0.179,0.000,0.000,-5.297,0.000,5.297,-0.127,-0.043,0.134,0.757
17:48:03.091,81.748,-5.297,2.038,True,-6.187,1.341,18.018,-4.048,0.234,0.172,0.000,0.000,-5.297,2.038,5.676,-0.045,-0.177,0.182,0.466
17:48:03.111,81.769,-5.297,2.038,True,-5.704,1.441,18.464,-2.768,0.193,0.212,0.000,0.000,-5.297,2.038,5.676,0.022,-0.245,0.246,0.694
17:48:03.132,81.789,-5.297,2.038,True,-5.326,1.537,18.019,-1.816,0.151,0.239,0.000,0.000,-5.297,2.038,5.676,0.074,-0.263,0.273,0.410
17:48:03.152,81.810,-5.297,2.038,True,-5.043,1.626,16.972,-1.147,0.078,0.231,0.000,0.000,-5.297,2.038,5.676,0.112,-0.245,0.269,0.785
17:48:03.173,81.830,-5.297,2.038,True,-4.841,1.704,15.562,-0.712,0.093,0.286,0.000,0.000,-5.297,2.038,5.676,0.139,-0.203,0.246,0.665
17:48:03.193,81.851,-5.297,2.038,True,-4.708,1.771,13.973,-0.465,0.120,0.292,0.000,0.000,-5.297,2.038,5.676,0.157,-0.146,0.214,0.609
17:48:03.213,81.871,-5.297,2.038,True,-4.631,1.826,12.347,-0.364,0.072,0.338,0.000,0.000,-5.297,2.038,5.676,0.167,-0.082,0.186,0.573
17:48:03.234,81.891,-5.297,2.038,True,-4.596,1.870,10.784,-0.371,0.033,0.372,0.000,0.000,-5.297,2.038,5.676,0.171,-0.016,0.171,0.699
17:48:03.254,81.912,-5.297,0.000,True,-4.593,1.430,9.349,-3.565,-0.133,0.430,0.000,0.000,-5.297,0.000,5.297,-0.014,0.047,0.049,0.387
17:48:03.275,81.933,-5.297,0.000,True,-4.613,1.043,8.085,-5.610,-0.263,0.502,0.000,0.000,-5.297,0.000,5.297,-0.143,0.105,0.177,0.813
17:48:03.295,81.952,-5.297,0.000,True,-4.648,0.714,7.008,-6.737,-0.260,0.470,0.000,0.000,-5.297,0.000,5.297,-0.226,0.156,0.274,0.486
17:48:03.316,81.973,-5.297,0.000,True,-4.691,0.445,6.122,-7.158,-0.543,0.490,0.000,0.000,-5.297,0.000,5.297,-0.271,0.199,0.337,0.804
17:48:03.336,81.993,-5.297,0.000,True,-4.738,0.232,5.418,-7.061,-0.355,0.240,0.000,0.000,-5.297,0.000,5.297,-0.288,0.235,0.372,0.599
17:48:03.358,82.016,-5.297,0.000,True,-4.785,0.069,4.881,-6.606,-0.272,0.296,0.000,0.000,-5.297,0.000,5.297,-0.285,0.263,0.388,0.820
17:48:03.379,82.036,-5.297,0.000,True,-4.829,-0.048,4.490,-5.926,-0.202,0.178,0.000,0.000,-5.297,0.000,5.297,-0.266,0.285,0.390,0.592
17:48:03.399,82.057,-5.297,0.000,True,-4.869,-0.128,4.222,-5.124,-0.089,0.390,0.000,0.000,-5.297,0.000,5.297,-0.239,0.301,0.384,0.809
17:48:03.419,82.077,-5.297,0.000,True,-4.904,-0.177,4.056,-4.281,0.033,0.639,0.000,0.000,-5.297,0.000,5.297,-0.207,0.311,0.374,0.829
17:48:03.440,82.097,-5.297,-2.038,True,-4.933,-0.675,3.971,-6.569,0.068,0.593,0.000,0.000,-5.297,-2.038,5.676,-0.357,0.318,0.478,0.788
17:48:03.462,82.119,-5.297,-2.038,True,-4.957,-1.093,3.946,-7.716,0.320,0.648,0.000,0.000,-5.297,-2.038,5.676,-0.450,0.321,0.553,0.799
17:48:03.482,82.139,-5.297,-2.038,True,-4.975,-1.431,3.966,-8.000,0.579,0.705,0.000,0.000,-5.297,-2.038,5.676,-0.496,0.322,0.592,0.819
17:48:03.503,82.160,-5.297,0.000,True,-4.989,-1.221,4.015,-4.551,0.829,0.711,0.000,0.000,-5.297,0.000,5.297,-0.323,0.322,0.456,0.774
17:48:03.523,82.180,-5.297,-2.038,True,-4.999,-1.481,4.083,-4.997,0.685,0.800,0.000,0.000,-5.297,-2.038,5.676,-0.369,0.320,0.488,0.651
17:48:03.543,82.200,-5.297,-2.038,True,-5.006,-1.687,4.159,-4.938,0.700,0.765,0.000,0.000,-5.297,-2.038,5.676,-0.387,0.317,0.500,0.461
17:48:03.564,82.222,-5.297,0.000,True,-5.010,-1.371,4.238,-1.416,0.785,0.790,0.000,0.000,-5.297,0.000,5.297,-0.200,0.314,0.372,0.888
17:48:03.585,82.242,-5.297,-2.038,True,-5.011,-1.548,4.314,-1.982,0.699,0.754,0.000,0.000,-5.297,-2.038,5.676,-0.242,0.311,0.394,0.687
17:48:03.605,82.262,-5.297,0.000,True,-5.012,-1.219,4.384,0.940,0.828,0.719,0.000,0.000,-5.297,0.000,5.297,-0.080,0.308,0.318,0.391
17:48:03.625,82.283,-5.297,0.000,True,-5.011,-0.921,4.446,2.938,0.926,0.726,0.000,0.000,-5.297,0.000,5.297,0.038,0.305,0.307,0.801
17:48:03.646,82.303,-1.766,-2.038,True,-4.189,-1.136,9.892,1.065,0.791,0.429,0.000,0.000,-1.766,-2.038,2.697,-0.067,-0.018,0.069,0.777
17:48:03.668,82.326,-5.297,-2.038,True,-4.294,-1.329,7.860,-0.210,0.702,0.463,0.000,0.000,-5.297,-2.038,5.676,-0.142,0.083,0.164,0.658
17:48:03.689,82.347,-1.766,-2.038,True,-3.586,-1.497,11.651,-0.995,0.737,0.226,0.000,0.000,-1.766,-2.038,2.697,-0.194,-0.156,0.248,0.759
17:48:03.709,82.367,-1.766,-2.038,True,-2.984,-1.638,13.755,-1.394,0.720,-0.010,0.000,0.000,-1.766,-2.038,2.697,-0.225,-0.309,0.382,0.647
17:48:03.730,82.388,-1.766,-4.077,True,-2.490,-2.226,14.562,-4.612,0.433,-0.070,0.000,0.000,-1.766,-4.077,4.443,-0.426,-0.394,0.580,0.870
17:48:03.751,82.408,-1.766,-4.077,True,-2.098,-2.727,14.414,-6.422,0.208,-0.106,0.000,0.000,-1.766,-4.077,4.443,-0.556,-0.426,0.701,0.789
17:48:03.776,82.433,-1.766,-2.038,True,-1.800,-2.666,13.606,-4.032,0.399,-0.227,0.000,0.000,-1.766,-2.038,2.697,-0.445,-0.421,0.612,0.598
17:48:03.796,82.454,-1.766,-2.038,True,-1.583,-2.582,12.378,-2.038,0.504,-0.287,0.000,0.000,-1.766,-2.038,2.697,-0.348,-0.388,0.521,0.863
17:48:03.816,82.474,-1.766,-2.038,True,-1.435,-2.487,10.923,-0.431,0.612,-0.249,0.000,0.000,-1.766,-2.038,2.697,-0.268,-0.339,0.432,0.491
17:48:03.837,82.495,-1.766,-4.077,True,-1.344,-2.863,9.389,-2.296,0.480,-0.056,0.000,0.000,-1.766,-4.077,4.443,-0.388,-0.280,0.478,0.622
17:48:03.858,82.515,-1.766,-6.115,True,-1.298,-3.654,7.884,-6.396,0.069,-0.108,0.000,0.000,-1.766,-6.115,6.365,-0.648,-0.218,0.683,0.881
17:48:03.881,82.539,-1.766,-4.077,True,-1.286,-3.850,6.481,-5.516,0.269,-0.155,0.000,0.000,-1.766,-4.077,4.443,-0.629,-0.157,0.648,0.462
17:48:03.902,82.559,-1.766,-4.077,True,-1.298,-3.988,5.226,-4.403,0.372,0.112,0.000,0.000,-1.766,-4.077,4.443,-0.593,-0.101,0.602,0.408
17:48:03.922,82.580,-1.766,-6.115,True,-1.326,-4.550,4.144,-6.299,0.071,0.152,0.000,0.000,-1.766,-6.115,6.365,-0.733,-0.050,0.735,0.723
17:48:03.944,82.601,-1.766,-6.115,True,-1.365,-5.010,3.243,-6.992,-0.112,0.212,0.000,0.000,-1.766,-6.115,6.365,-0.810,-0.007,0.810,0.834
17:48:03.964,82.622,-1.766,-6.115,True,-1.408,-5.374,2.518,-6.803,-0.122,0.285,0.000,0.000,-1.766,-6.115,6.365,-0.838,0.030,0.838,0.843
17:48:03.986,82.643,-1.766,-8.154,True,-1.453,-6.124,1.956,-9.119,-0.236,0.262,0.000,0.000,-1.766,-8.154,8.343,-1.015,0.059,1.017,0.756
17:48:04.006,82.663,-1.766,-10.192,True,-1.495,-7.210,1.539,-12.967,-0.542,0.258,0.000,0.000,-1.766,-10.192,10.344,-1.293,0.082,1.296,0.694
17:48:04.026,82.684,-1.766,-8.154,True,-1.535,-7.628,1.246,-11.356,-0.630,0.241,0.000,0.000,-1.766,-8.154,8.343,-1.264,0.098,1.268,0.868
17:48:04.047,82.704,-1.766,-6.115,True,-1.569,-7.451,1.057,-6.102,-0.453,0.264,0.000,0.000,-1.766,-6.115,6.365,-1.014,0.110,1.020,0.727
17:48:04.068,82.725,-1.766,-10.192,True,-1.599,-8.182,0.951,-8.018,-0.715,0.538,0.000,0.000,-1.766,-10.192,10.344,-1.172,0.118,1.178,0.755
17:48:04.088,82.746,-1.766,-4.077,True,-1.623,-7.351,0.909,0.903,-0.583,0.438,0.000,0.000,-1.766,-4.077,4.443,-0.695,0.122,0.706,0.761
17:48:04.108,82.766,-1.766,-6.115,True,-1.642,-7.050,0.914,4.191,-1.170,0.509,0.000,0.000,-1.766,-6.115,6.365,-0.520,0.124,0.535,0.570
17:48:04.128,82.786,-1.766,-8.154,True,-1.657,-7.242,0.952,3.446,-1.208,0.400,0.000,0.000,-1.766,-8.154,8.343,-0.572,0.124,0.585,0.484
17:48:04.149,82.806,-1.766,-6.115,True,-1.668,-6.927,1.010,6.237,-1.094,0.225,0.000,0.000,-1.766,-6.115,6.365,-0.417,0.122,0.435,0.767
17:48:04.169,82.826,-1.766,-6.115,True,-1.675,-6.643,1.080,8.144,-1.012,0.464,0.000,0.000,-1.766,-6.115,6.365,-0.305,0.120,0.328,0.517
17:48:04.190,82.847,-1.766,-6.115,True,-1.679,-6.395,1.154,9.328,-0.794,0.358,0.000,0.000,-1.766,-6.115,6.365,-0.228,0.117,0.256,0.707
17:48:04.211,82.868,-1.766,-8.154,True,-1.682,-6.661,1.228,6.826,-1.060,0.240,0.000,0.000,-1.766,-8.154,8.343,-0.365,0.114,0.382,0.510
17:48:04.232,82.889,-1.766,-8.154,True,-1.682,-6.903,1.296,5.086,-1.121,0.327,0.000,0.000,-1.766,-8.154,8.343,-0.466,0.111,0.479,1.002
17:48:04.252,82.909,-1.766,-8.154,True,-1.682,-7.115,1.357,3.977,-1.077,0.348,0.000,0.000,-1.766,-8.154,8.343,-0.536,0.108,0.547,0.749
17:48:04.272,82.930,-1.766,-10.192,True,-1.681,-7.769,1.410,0.258,-1.300,0.342,0.000,0.000,-1.766,-10.192,10.344,-0.766,0.106,0.773,0.844
17:48:04.293,82.950,-3.532,-8.154,True,-2.089,-7.855,-1.242,1.236,-1.243,0.475,0.000,0.000,-3.532,-8.154,8.886,-0.731,0.264,0.777,0.794
17:48:04.312,82.970,-3.532,-8.154,True,-2.443,-7.905,-2.866,2.243,-1.204,0.557,0.000,0.000,-3.532,-8.154,8.886,-0.692,0.371,0.785,0.456
17:48:04.333,82.990,-5.297,-4.077,True,-3.150,-6.981,-6.375,9.441,-0.762,0.747,0.000,0.000,-5.297,-4.077,6.685,-0.281,0.596,0.659,0.375
17:48:04.353,83.011,-5.297,-4.077,True,-3.747,-6.162,-8.234,14.166,-0.512,0.928,0.000,0.000,-5.297,-4.077,6.685,0.009,0.738,0.738,0.790
17:48:04.374,83.031,-5.297,-6.115,True,-4.234,-5.933,-8.834,13.786,-0.429,0.873,0.000,0.000,-5.297,-6.115,8.091,0.015,0.813,0.813,0.799
17:48:04.394,83.052,-5.297,-4.077,True,-4.616,-5.290,-8.518,16.168,-0.198,0.760,0.000,0.000,-5.297,-4.077,6.685,0.185,0.838,0.858,0.761
17:48:04.415,83.073,-5.297,-4.077,True,-4.905,-4.760,-7.577,17.148,0.041,0.599,0.000,0.000,-5.297,-4.077,6.685,0.281,0.825,0.871,0.602
17:48:04.435,83.093,-5.297,-2.038,True,-5.113,-3.865,-6.249,20.204,0.266,0.546,0.000,0.000,-5.297,-2.038,5.676,0.505,0.787,0.935,0.439
17:48:04.456,83.113,-5.297,-4.077,True,-5.252,-3.604,-4.723,18.225,0.204,0.582,0.000,0.000,-5.297,-4.077,6.685,0.444,0.734,0.858,0.755
17:48:04.476,83.134,-5.297,-2.038,True,-5.335,-2.960,-3.141,19.146,0.335,0.528,0.000,0.000,-5.297,-2.038,5.676,0.549,0.672,0.868,0.464
17:48:04.497,83.154,-5.297,-2.038,True,-5.374,-2.452,-1.607,18.841,0.495,0.476,0.000,0.000,-5.297,-2.038,5.676,0.586,0.608,0.845,0.793
17:48:04.517,83.175,-5.297,0.000,True,-5.381,-1.593,-0.191,20.805,0.479,0.470,0.000,0.000,-5.297,0.000,5.297,0.759,0.547,0.935,0.641
17:48:04.537,83.195,-5.297,2.038,True,-5.365,-0.430,1.066,24.157,0.838,0.134,0.000,0.000,-5.297,2.038,5.676,1.023,0.489,1.134,0.381
17:48:04.558,83.216,-5.297,2.038,True,-5.333,0.514,2.142,25.086,1.176,-0.143,0.000,0.000,-5.297,2.038,5.676,1.159,0.439,1.239,0.898
17:48:04.579,83.236,-5.297,2.038,True,-5.292,1.254,3.031,24.267,1.253,0.024,0.000,0.000,-5.297,2.038,5.676,1.196,0.395,1.260,0.758
17:48:04.599,83.257,-5.297,4.077,True,-5.246,2.282,3.742,25.379,1.488,-0.098,0.000,0.000,-5.297,4.077,6.685,1.348,0.359,1.396,0.746
17:48:04.620,83.277,-5.297,4.077,True,-5.201,3.089,4.288,24.574,1.536,-0.184,0.000,0.000,-5.297,4.077,6.685,1.394,0.331,1.432,0.754
17:48:04.640,83.298,-5.297,4.077,True,-5.157,3.696,4.690,22.470,1.495,-0.108,0.000,0.000,-5.297,4.077,6.685,1.361,0.309,1.396,0.748
17:48:04.661,83.318,-5.297,6.115,True,-5.118,4.603,4.967,22.682,1.502,-0.004,0.000,0.000,-5.297,6.115,8.091,1.461,0.293,1.490,0.830
17:48:04.681,83.339,-5.297,6.115,True,-5.083,5.302,5.142,21.296,1.544,-0.002,0.000,0.000,-5.297,6.115,8.091,1.470,0.281,1.497,0.843
17:48:04.702,83.359,-5.297,6.115,True,-5.054,5.818,5.236,18.867,1.385,-0.036,0.000,0.000,-5.297,6.115,8.091,1.415,0.274,1.441,0.941
17:48:04.722,83.379,-5.297,8.154,True,-5.030,6.651,5.268,18.951,1.414,0.067,0.000,0.000,-5.297,8.154,9.724,1.502,0.270,1.526,0.816
17:48:04.742,83.400,-5.297,8.154,True,-5.011,7.291,5.255,17.583,1.438,0.102,0.000,0.000,-5.297,8.154,9.724,1.505,0.269,1.529,0.450
17:48:04.763,83.420,-5.297,8.154,True,-4.997,7.761,5.211,15.271,1.362,0.147,0.000,0.000,-5.297,8.154,9.724,1.450,0.270,1.475,0.686
17:48:04.783,83.441,-5.297,8.154,True,-4.987,8.087,5.148,12.425,1.262,0.220,0.000,0.000,-5.297,8.154,9.724,1.357,0.271,1.384,0.809
17:48:04.804,83.461,-5.297,8.154,True,-4.980,8.293,5.074,9.359,1.131,0.213,0.000,0.000,-5.297,8.154,9.724,1.242,0.274,1.272,0.747
17:48:04.824,83.482,-5.297,10.192,True,-4.976,8.878,4.997,9.421,1.215,0.201,0.000,0.000,-5.297,10.192,11.487,1.304,0.277,1.333,0.917
17:48:04.848,83.505,-5.297,16.308,True,-4.974,10.749,4.923,17.801,1.762,0.239,0.000,0.000,-5.297,16.308,17.147,1.861,0.280,1.882,0.425
17:48:04.868,83.526,-5.297,10.192,True,-4.973,10.893,4.854,12.584,1.583,0.247,0.000,0.000,-5.297,10.192,11.487,1.645,0.283,1.669,0.776
17:48:04.889,83.546,-7.063,8.154,True,-5.384,10.450,2.096,4.638,1.205,0.329,0.000,0.000,-7.063,8.154,10.788,1.250,0.446,1.327,0.766
17:48:04.909,83.566,-7.063,14.269,True,-5.742,11.408,0.384,7.762,1.609,0.343,0.000,0.000,-7.063,14.269,15.922,1.483,0.557,1.585,0.722
17:48:04.929,83.587,-7.063,12.231,True,-6.043,11.719,-0.500,5.733,1.562,0.542,0.000,0.000,-7.063,12.231,14.124,1.425,0.626,1.556,0.672
17:48:04.956,83.613,-7.063,8.154,True,-6.288,10.978,-0.755,-2.814,1.090,0.473,0.000,0.000,-7.063,8.154,10.788,0.974,0.662,1.177,0.775
17:48:04.976,83.633,-7.063,12.231,True,-6.480,11.226,-0.556,-2.816,0.766,0.196,0.000,0.000,-7.063,12.231,14.124,0.998,0.673,1.204,0.646
17:48:04.996,83.654,-7.063,12.231,True,-6.491,11.170,0.826,-4.867,0.986,-0.262,0.000,0.000,-7.063,12.231,14.124,0.902,0.613,1.091,0.628
17:48:05.016,83.674,-8.829,6.115,True,-7.138,9.675,-2.163,-15.663,0.330,-0.089,0.000,0.000,-8.829,6.115,10.740,0.276,0.809,0.855,0.597
17:48:05.037,83.694,-7.063,6.115,True,-7.150,8.495,-0.302,-21.697,-0.087,-0.005,0.000,0.000,-7.063,6.115,9.343,-0.108,0.728,0.736,0.797
17:48:05.058,83.715,-8.829,6.115,True,-7.584,7.564,-1.495,-24.604,-0.339,0.170,0.000,0.000,-8.829,6.115,10.740,-0.330,0.824,0.888,0.763
17:48:05.078,83.735,-8.829,6.115,True,-7.915,6.835,-1.699,-25.420,-0.501,0.255,0.000,0.000,-8.829,6.115,10.740,-0.439,0.866,0.971,0.721
17:48:05.098,83.755,-8.829,6.115,True,-8.162,6.275,-1.269,-24.842,-0.629,0.048,0.000,0.000,-8.829,6.115,10.740,-0.469,0.872,0.990,0.645
17:48:05.119,83.776,-7.063,4.077,True,-7.920,5.373,2.233,-26.467,-0.740,-0.146,0.000,0.000,-7.063,4.077,8.155,-0.631,0.693,0.937,0.785
17:48:05.139,83.797,-8.829,4.077,True,-8.100,4.663,2.211,-26.333,-0.723,0.062,0.000,0.000,-8.829,4.077,9.725,-0.696,0.712,0.996,0.809
17:48:05.159,83.817,-8.829,4.077,True,-8.237,4.122,2.502,-24.993,-0.698,0.341,0.000,0.000,-8.829,4.077,9.725,-0.691,0.713,0.993,0.491
17:48:05.182,83.840,-8.829,4.077,True,-8.336,3.728,2.992,-22.884,-0.664,0.454,0.000,0.000,-8.829,4.077,9.725,-0.637,0.702,0.948,0.855
17:48:05.203,83.860,-8.829,4.077,True,-8.405,3.458,3.593,-20.348,-0.547,0.389,0.000,0.000,-8.829,4.077,9.725,-0.552,0.682,0.878,0.707
17:48:05.223,83.881,-8.829,4.077,True,-8.448,3.290,4.238,-17.650,-0.462,0.400,0.000,0.000,-8.829,4.077,9.725,-0.450,0.658,0.797,0.840
17:48:05.243,83.901,-8.829,4.077,True,-8.472,3.202,4.878,-14.983,-0.366,0.268,0.000,0.000,-8.829,4.077,9.725,-0.341,0.632,0.718,0.417
17:48:05.265,83.922,-8.829,4.077,True,-8.480,3.175,5.481,-12.485,-0.362,0.456,0.000,0.000,-8.829,4.077,9.725,-0.234,0.606,0.650,0.793
17:48:05.288,83.945,-8.829,4.077,True,-8.477,3.193,6.024,-10.242,-0.145,0.614,0.000,0.000,-8.829,4.077,9.725,-0.133,0.582,0.597,0.808
17:48:05.308,83.965,-8.829,4.077,True,-8.466,3.241,6.496,-8.302,0.006,0.723,0.000,0.000,-8.829,4.077,9.725,-0.042,0.560,0.562,0.882
17:48:05.328,83.986,-8.829,4.077,True,-8.451,3.308,6.892,-6.681,-0.265,0.758,0.000,0.000,-8.829,4.077,9.725,0.036,0.541,0.542,0.715
17:48:05.349,84.006,-8.829,4.077,True,-8.433,3.384,7.213,-5.373,-0.202,0.827,0.000,0.000,-8.829,4.077,9.725,0.101,0.525,0.535,0.763
17:48:05.369,84.026,-8.829,2.038,True,-8.415,2.989,7.465,-7.477,-0.407,0.864,0.000,0.000,-8.829,2.038,9.061,-0.031,0.512,0.513,0.443
17:48:05.389,84.047,-8.829,4.077,True,-8.396,3.127,7.654,-5.519,-0.320,0.748,0.000,0.000,-8.829,4.077,9.725,0.069,0.502,0.507,0.632
17:48:05.410,84.067,-8.829,2.038,True,-8.380,2.789,7.789,-7.158,-0.422,0.680,0.000,0.000,-8.829,2.038,9.061,-0.037,0.494,0.496,0.774
17:48:05.430,84.088,-8.829,4.077,True,-8.365,2.979,7.879,-4.894,-0.307,0.595,0.000,0.000,-8.829,4.077,9.725,0.082,0.489,0.496,0.566
17:48:05.451,84.108,-8.829,8.154,True,-8.352,4.107,7.932,2.998,0.204,0.555,0.000,0.000,-8.829,8.154,12.018,0.543,0.485,0.728,0.815
17:48:05.471,84.128,-8.829,4.077,True,-8.341,4.146,7.956,1.745,0.192,0.578,0.000,0.000,-8.829,4.077,9.725,0.492,0.483,0.689,0.469
17:48:05.491,84.149,-8.829,4.077,True,-8.332,4.157,7.959,0.576,0.140,0.577,0.000,0.000,-8.829,4.077,9.725,0.441,0.482,0.653,0.632
17:48:05.512,84.169,-8.829,4.077,True,-8.325,4.147,7.947,-0.470,0.081,0.548,0.000,0.000,-8.829,4.077,9.725,0.394,0.482,0.622,0.814
17:48:05.532,84.190,-8.829,4.077,True,-8.321,4.123,7.925,-1.372,0.060,0.526,0.000,0.000,-8.829,4.077,9.725,0.352,0.482,0.597,0.713
17:48:05.552,84.210,-8.829,4.077,True,-8.317,4.092,7.897,-2.124,0.048,0.513,0.000,0.000,-8.829,4.077,9.725,0.315,0.483,0.577,0.450
17:48:05.573,84.231,-8.829,4.077,True,-8.315,4.056,7.866,-2.729,0.021,0.520,0.000,0.000,-8.829,4.077,9.725,0.285,0.484,0.562,0.828
17:48:05.593,84.251,-8.829,4.077,True,-8.313,4.019,7.836,-3.199,-0.013,0.488,0.000,0.000,-8.829,4.077,9.725,0.261,0.485,0.551,0.688
17:48:05.614,84.271,-8.829,4.077,True,-8.313,3.983,7.806,-3.548,-0.091,0.577,0.000,0.000,-8.829,4.077,9.725,0.242,0.487,0.543,0.775
17:48:05.634,84.292,-8.829,10.192,True,-8.313,5.371,7.780,5.546,0.392,0.534,0.000,0.000,-8.829,10.192,13.485,0.782,0.488,0.922,0.859
17:48:05.655,84.312,-8.829,8.154,True,-8.313,6.103,7.757,8.020,0.501,0.842,0.000,0.000,-8.829,8.154,12.018,0.964,0.489,1.081,0.783
17:48:05.675,84.333,-8.829,6.115,True,-8.314,6.229,7.737,5.813,0.328,0.890,0.000,0.000,-8.829,6.115,10.740,0.879,0.490,1.007,0.446
17:48:05.696,84.353,-8.829,4.077,True,-8.315,5.818,7.721,0.542,0.429,0.748,0.000,0.000,-8.829,4.077,9.725,0.606,0.491,0.780,0.595
17:48:05.716,84.374,-8.829,8.154,True,-8.316,6.369,7.708,2.848,0.826,0.916,0.000,0.000,-8.829,8.154,12.018,0.763,0.491,0.907,0.758
17:48:05.736,84.394,-8.829,6.115,True,-8.317,6.354,7.699,0.806,1.113,0.682,0.000,0.000,-8.829,6.115,10.740,0.671,0.492,0.832,0.395
17:48:05.757,84.415,-8.829,4.077,True,-8.318,5.837,7.692,-4.074,0.739,0.630,0.000,0.000,-8.829,4.077,9.725,0.404,0.492,0.637,0.772
17:48:05.778,84.435,-7.063,4.077,True,-7.908,5.366,10.384,-7.468,0.488,0.601,0.000,0.000,-7.063,4.077,8.155,0.207,0.332,0.392,0.620
17:48:05.798,84.455,-8.829,4.077,True,-7.963,4.952,9.343,-9.633,0.349,0.621,0.000,0.000,-8.829,4.077,9.725,0.070,0.384,0.390,0.440
17:48:05.820,84.477,-8.829,4.077,True,-7.776,4.759,10.132,-9.777,0.397,0.362,0.000,0.000,-8.829,4.077,9.725,0.044,0.330,0.333,0.632
17:48:05.840,84.498,-8.829,4.077,True,-7.927,4.426,8.545,-10.746,0.396,0.540,0.000,0.000,-8.829,4.077,9.725,-0.032,0.416,0.417,0.827
17:48:05.861,84.518,-8.829,4.077,True,-8.043,4.175,7.592,-10.907,0.261,0.381,0.000,0.000,-8.829,4.077,9.725,-0.064,0.469,0.473,0.777
17:48:05.881,84.538,-5.297,2.038,True,-7.227,3.467,12.726,-13.861,-0.073,-0.081,0.000,0.000,-5.297,2.038,5.676,-0.265,0.161,0.310,0.548
17:48:05.902,84.559,-5.297,2.038,True,-6.558,2.904,15.673,-15.113,-0.178,-0.181,0.000,0.000,-5.297,2.038,5.676,-0.377,-0.036,0.378,0.818
17:48:05.922,84.579,-5.297,2.038,True,-6.015,2.465,17.052,-15.204,-0.237,-0.096,0.000,0.000,-5.297,2.038,5.676,-0.425,-0.151,0.451,0.700
17:48:05.942,84.600,-5.297,4.077,True,-5.584,2.618,17.314,-11.418,-0.026,-0.070,0.000,0.000,-5.297,4.077,6.685,-0.242,-0.206,0.318,0.605
17:48:05.963,84.620,-5.297,2.038,True,-5.252,2.307,16.801,-11.452,-0.064,-0.067,0.000,0.000,-5.297,2.038,5.676,-0.275,-0.216,0.350,0.741
17:48:05.983,84.640,-5.297,2.038,True,-5.005,2.068,15.778,-10.947,-0.082,-0.035,0.000,0.000,-5.297,2.038,5.676,-0.276,-0.196,0.339,0.783
17:48:06.003,84.661,-5.297,2.038,True,-4.831,1.894,14.453,-10.092,-0.037,0.019,0.000,0.000,-5.297,2.038,5.676,-0.256,-0.155,0.299,0.765
17:48:06.024,84.681,-5.297,2.038,True,-4.718,1.772,12.986,-9.039,0.010,0.073,0.000,0.000,-5.297,2.038,5.676,-0.222,-0.101,0.244,0.471
17:48:06.044,84.702,-5.297,2.038,True,-4.653,1.695,11.498,-7.902,0.037,0.109,0.000,0.000,-5.297,2.038,5.676,-0.179,-0.042,0.184,0.831
17:48:06.064,84.722,-5.297,0.000,True,-4.626,1.180,10.076,-9.882,-0.063,0.154,0.000,0.000,-5.297,0.000,5.297,-0.318,0.018,0.319,0.723
17:48:06.085,84.742,-5.297,0.000,True,-4.628,0.754,8.779,-10.731,-0.177,0.235,0.000,0.000,-5.297,0.000,5.297,-0.398,0.075,0.405,0.757
17:48:06.105,84.762,-5.297,0.000,True,-4.649,0.414,7.639,-10.739,-0.197,0.292,0.000,0.000,-5.297,0.000,5.297,-0.433,0.128,0.451,0.786
17:48:06.125,84.782,-5.297,0.000,True,-4.682,0.153,6.674,-10.155,-0.225,0.339,0.000,0.000,-5.297,0.000,5.297,-0.433,0.174,0.466,0.467
17:48:06.146,84.803,-5.297,2.038,True,-4.723,0.436,5.884,-6.067,-0.012,0.370,0.000,0.000,-5.297,2.038,5.676,-0.224,0.213,0.309,0.755
17:48:06.166,84.824,-5.297,0.000,True,-4.766,0.241,5.261,-6.088,-0.069,0.401,0.000,0.000,-5.297,0.000,5.297,-0.245,0.244,0.346,1.002
17:48:06.187,84.844,-5.297,0.000,True,-4.809,0.092,4.788,-5.768,-0.100,0.406,0.000,0.000,-5.297,0.000,5.297,-0.245,0.270,0.365,0.696
17:48:06.207,84.865,-5.297,0.000,True,-4.849,-0.018,4.448,-5.228,-0.105,0.417,0.000,0.000,-5.297,0.000,5.297,-0.233,0.289,0.371,0.671
17:48:06.228,84.885,-5.297,0.000,True,-4.885,-0.094,4.219,-4.562,-0.086,0.418,0.000,0.000,-5.297,0.000,5.297,-0.211,0.302,0.369,0.979
17:48:06.248,84.906,-5.297,0.000,True,-4.916,-0.142,4.081,-3.845,-0.090,0.394,0.000,0.000,-5.297,0.000,5.297,-0.184,0.312,0.362,0.687
17:48:06.268,84.926,-5.297,0.000,True,-4.942,-0.168,4.013,-3.132,-0.067,0.400,0.000,0.000,-5.297,0.000,5.297,-0.155,0.317,0.353,0.796
17:48:06.289,84.946,-5.297,0.000,True,-4.963,-0.177,3.999,-2.461,-0.027,0.407,0.000,0.000,-5.297,0.000,5.297,-0.126,0.320,0.344,0.794
17:48:06.309,84.966,-5.297,0.000,True,-4.979,-0.174,4.023,-1.855,0.017,0.413,0.000,0.000,-5.297,0.000,5.297,-0.099,0.320,0.335,0.497
17:48:06.330,84.987,-5.297,0.000,True,-4.992,-0.162,4.073,-1.329,0.038,0.403,0.000,0.000,-5.297,0.000,5.297,-0.075,0.319,0.328,0.910
17:48:06.353,85.011,-5.297,0.000,True,-5.000,-0.145,4.138,-0.887,0.067,0.377,0.000,0.000,-5.297,0.000,5.297,-0.054,0.317,0.322,0.822
17:48:06.374,85.032,-5.297,2.038,True,-5.006,0.349,4.209,2.584,0.283,0.373,0.000,0.000,-5.297,2.038,5.676,0.149,0.315,0.348,0.959
17:48:06.395,85.052,-5.297,2.038,True,-5.009,0.781,4.282,4.779,0.432,0.333,0.000,0.000,-5.297,2.038,5.676,0.289,0.312,0.425,0.789
17:48:06.416,85.073,-5.297,0.000,True,-5.010,0.673,4.351,2.846,0.299,0.328,0.000,0.000,-5.297,0.000,5.297,0.193,0.309,0.364,0.763
17:48:06.436,85.093,-5.297,0.000,True,-5.010,0.560,4.414,1.335,0.177,0.308,0.000,0.000,-5.297,0.000,5.297,0.115,0.306,0.327,0.395
17:48:06.457,85.114,-5.297,0.000,True,-5.009,0.451,4.470,0.202,0.078,0.293,0.000,0.000,-5.297,0.000,5.297,0.054,0.304,0.308,0.858
17:48:06.477,85.135,-5.297,0.000,True,-5.007,0.349,4.517,-0.603,0.002,0.268,0.000,0.000,-5.297,0.000,5.297,0.008,0.301,0.301,0.699
17:48:06.497,85.155,-5.297,2.038,True,-5.006,0.732,4.555,1.978,0.158,0.248,0.000,0.000,-5.297,2.038,5.676,0.161,0.299,0.340,0.801
17:48:06.518,85.175,-5.297,0.000,True,-5.003,0.593,4.585,0.470,0.077,0.229,0.000,0.000,-5.297,0.000,5.297,0.080,0.298,0.308,0.762
17:48:06.539,85.196,-5.297,0.000,True,-5.001,0.462,4.609,-0.614,0.004,0.258,0.000,0.000,-5.297,0.000,5.297,0.019,0.297,0.297,0.794
17:48:06.559,85.217,-5.297,-2.038,True,-4.999,-0.128,4.625,-4.453,-0.228,0.280,0.000,0.000,-5.297,-2.038,5.676,-0.209,0.296,0.362,0.679
17:48:06.580,85.237,-5.297,2.038,True,-4.998,0.307,4.636,-0.578,0.005,0.265,0.000,0.000,-5.297,2.038,5.676,0.005,0.295,0.295,0.929
17:48:06.600,85.257,-5.297,0.000,True,-4.996,0.227,4.643,-1.039,-0.022,0.268,0.000,0.000,-5.297,0.000,5.297,-0.023,0.295,0.296,0.780
17:48:06.620,85.278,-5.297,0.000,True,-4.995,0.158,4.646,-1.306,-0.062,0.284,0.000,0.000,-5.297,0.000,5.297,-0.042,0.294,0.297,0.764
17:48:06.641,85.298,-7.063,0.000,True,-5.404,0.101,1.951,-1.421,-0.066,0.437,0.000,0.000,-7.063,0.000,7.063,-0.053,0.454,0.457,0.845
17:48:06.661,85.319,-8.829,0.000,True,-6.170,0.056,-2.406,-1.425,-0.061,0.708,0.000,0.000,-8.829,0.000,8.829,-0.057,0.723,0.725,0.782
17:48:06.681,85.339,-8.829,0.000,True,-6.825,0.021,-4.908,-1.349,-0.092,0.874,0.000,0.000,-8.829,0.000,8.829,-0.057,0.899,0.901,0.795
17:48:06.701,85.359,-8.829,2.038,True,-7.366,0.469,-5.972,1.891,-0.014,0.898,0.000,0.000,-8.829,2.038,9.061,0.130,1.000,1.009,0.405
17:48:06.722,85.380,-8.829,2.038,True,-7.797,0.863,-5.970,3.962,0.002,1.133,0.000,0.000,-8.829,2.038,9.061,0.261,1.043,1.075,0.794
17:48:06.743,85.400,-8.829,2.038,True,-8.129,1.197,-5.220,5.100,0.039,1.146,0.000,0.000,-8.829,2.038,9.061,0.345,1.043,1.099,0.782
17:48:06.763,85.420,-8.829,2.038,True,-8.372,1.471,-3.986,5.522,0.048,1.097,0.000,0.000,-8.829,2.038,9.061,0.391,1.013,1.086,0.681
17:48:06.784,85.441,-8.829,2.038,True,-8.539,1.687,-2.482,5.417,0.085,1.040,0.000,0.000,-8.829,2.038,9.061,0.408,0.963,1.046,0.810
17:48:06.804,85.461,-8.829,0.000,True,-8.645,1.378,-0.869,1.837,-0.096,0.998,0.000,0.000,-8.829,0.000,8.829,0.219,0.903,0.929,0.388
17:48:06.824,85.482,-8.829,2.038,True,-8.701,1.560,0.730,2.339,-0.064,0.940,0.000,0.000,-8.829,2.038,9.061,0.259,0.838,0.877,0.495
17:48:06.845,85.502,-8.829,0.000,True,-8.719,1.233,2.233,-0.647,-0.208,0.849,0.000,0.000,-8.829,0.000,8.829,0.095,0.773,0.779,0.519
17:48:06.865,85.523,-8.829,0.000,True,-8.711,0.937,3.587,-2.706,-0.336,0.823,0.000,0.000,-8.829,0.000,8.829,-0.026,0.713,0.713,0.760
17:48:06.886,85.543,-8.829,0.000,True,-8.683,0.678,4.760,-4.001,-0.404,0.780,0.000,0.000,-8.829,0.000,8.829,-0.109,0.658,0.667,0.760
17:48:06.906,85.563,-8.829,0.000,True,-8.644,0.459,5.744,-4.690,-0.462,0.687,0.000,0.000,-8.829,0.000,8.829,-0.161,0.611,0.632,0.388
17:48:06.926,85.583,-8.829,2.038,True,-8.599,0.754,6.541,-1.804,-0.309,0.625,0.000,0.000,-8.829,2.038,9.061,-0.004,0.571,0.571,0.683
17:48:06.946,85.603,-8.829,0.000,True,-8.552,0.551,7.163,-2.891,-0.383,0.600,0.000,0.000,-8.829,0.000,8.829,-0.073,0.539,0.544,0.425
17:48:06.966,85.624,-8.829,0.000,True,-8.506,0.379,7.628,-3.495,-0.410,0.557,0.000,0.000,-8.829,0.000,8.829,-0.116,0.514,0.527,0.462
17:48:06.989,85.646,-8.829,0.000,True,-8.464,0.237,7.958,-3.728,-0.423,0.523,0.000,0.000,-8.829,0.000,8.829,-0.141,0.495,0.515,0.771
17:48:07.010,85.667,-8.829,-2.038,True,-8.427,-0.349,8.175,-6.799,-0.616,0.513,0.000,0.000,-8.829,-2.038,9.061,-0.335,0.482,0.587,1.058
17:48:07.030,85.687,-8.829,0.000,True,-8.395,-0.372,8.301,-5.371,-0.573,0.500,0.000,0.000,-8.829,0.000,8.829,-0.274,0.473,0.547,0.914
17:48:07.049,85.707,-8.829,0.000,True,-8.368,-0.368,8.356,-4.075,0.021,0.202,0.000,0.000,-8.829,0.000,8.829,-0.217,0.468,0.516,0.586
17:48:07.070,85.728,-8.829,-2.038,True,-8.347,-0.819,8.358,-6.056,0.195,0.253,0.000,0.000,-8.829,-2.038,9.061,-0.349,0.466,0.582,0.804
17:48:07.091,85.748,-8.829,0.000,True,-8.331,-0.722,8.324,-3.903,0.246,0.164,0.000,0.000,-8.829,0.000,8.829,-0.244,0.466,0.526,0.540
17:48:07.112,85.769,-8.829,-2.038,True,-8.319,-1.087,8.265,-5.293,0.219,0.356,0.000,0.000,-8.829,-2.038,9.061,-0.342,0.467,0.579,0.780
17:48:07.132,85.789,-8.829,-2.038,True,-8.310,-1.390,8.193,-5.880,0.293,0.404,0.000,0.000,-8.829,-2.038,9.061,-0.398,0.469,0.616,0.458
17:48:07.152,85.810,-8.829,0.000,True,-8.305,-1.157,8.115,-2.759,0.465,0.536,0.000,0.000,-8.829,0.000,8.829,-0.238,0.472,0.529,0.449
17:48:07.173,85.830,-8.829,0.000,True,-8.302,-0.931,8.037,-0.420,0.565,0.592,0.000,0.000,-8.829,0.000,8.829,-0.112,0.475,0.488,0.537
17:48:07.195,85.853,-8.829,0.000,True,-8.301,-0.721,7.964,1.243,0.604,0.664,0.000,0.000,-8.829,0.000,8.829,-0.017,0.479,0.479,0.731
17:48:07.216,85.873,-8.829,2.038,True,-8.302,-0.061,7.898,5.455,0.592,0.584,0.000,0.000,-8.829,2.038,9.061,0.235,0.482,0.536,0.621
17:48:07.236,85.893,-8.829,2.038,True,-8.303,0.511,7.841,8.011,0.626,0.708,0.000,0.000,-8.829,2.038,9.061,0.405,0.484,0.631,0.493
17:48:07.256,85.914,-8.829,2.038,True,-8.305,0.989,7.792,9.268,0.660,0.668,0.000,0.000,-8.829,2.038,9.061,0.508,0.487,0.703,0.431
17:48:07.276,85.934,-8.829,2.038,True,-8.149,1.174,8.792,8.225,0.595,0.515,0.000,0.000,-8.829,2.038,9.061,0.480,0.427,0.643,0.584
17:48:07.300,85.957,-8.829,4.077,True,-8.214,2.111,8.125,12.178,0.884,0.613,0.000,0.000,-8.829,4.077,9.725,0.749,0.463,0.880,0.551
17:48:07.320,85.978,-8.829,2.038,True,-8.259,2.270,7.767,10.108,0.819,0.679,0.000,0.000,-8.829,2.038,9.061,0.673,0.483,0.829,0.795
17:48:07.341,85.998,-8.829,2.038,True,-8.289,2.361,7.593,8.028,0.731,0.678,0.000,0.000,-8.829,2.038,9.061,0.590,0.494,0.770,0.893
17:48:07.360,86.018,-8.829,2.038,True,-8.309,2.402,7.528,6.060,0.635,0.688,0.000,0.000,-8.829,2.038,9.061,0.508,0.499,0.712,0.523
17:48:07.381,86.038,-8.829,2.038,True,-8.321,2.406,7.523,4.273,0.552,0.720,0.000,0.000,-8.829,2.038,9.061,0.429,0.500,0.659,0.835
17:48:07.401,86.059,-8.829,0.000,True,-8.327,1.898,7.549,-0.398,0.282,0.691,0.000,0.000,-8.829,0.000,8.829,0.172,0.500,0.528,0.802
17:48:07.424,86.082,-8.829,2.038,True,-8.330,1.925,7.585,-0.527,0.277,0.653,0.000,0.000,-8.829,2.038,9.061,0.169,0.498,0.526,0.651
17:48:07.445,86.103,-5.297,2.038,True,-7.504,1.943,12.976,-0.686,0.172,0.320,0.000,0.000,-5.297,2.038,5.676,0.164,0.178,0.242,0.902
17:48:07.466,86.123,-5.297,2.038,True,-6.791,1.955,16.297,-0.858,0.178,0.009,0.000,0.000,-5.297,2.038,5.676,0.158,-0.040,0.163,0.710
17:48:07.487,86.144,-5.297,2.038,True,-6.193,1.961,17.990,-1.029,0.181,-0.101,0.000,0.000,-5.297,2.038,5.676,0.151,-0.175,0.231,0.793
17:48:07.507,86.164,-5.297,2.038,True,-5.709,1.963,18.449,-1.189,0.194,-0.169,0.000,0.000,-5.297,2.038,5.676,0.144,-0.243,0.283,0.910
17:48:07.527,86.185,-5.297,2.038,True,-5.330,1.963,18.014,-1.334,0.196,-0.214,0.000,0.000,-5.297,2.038,5.676,0.137,-0.262,0.296,0.574
17:48:07.548,86.205,-5.297,2.038,True,-5.046,1.960,16.974,-1.459,0.177,-0.179,0.000,0.000,-5.297,2.038,5.676,0.132,-0.245,0.278,0.825
17:48:07.568,86.226,-5.297,0.000,True,-4.844,1.482,15.567,-4.685,-0.068,-0.119,0.000,0.000,-5.297,0.000,5.297,-0.059,-0.203,0.211,0.782
17:48:07.589,86.246,-5.297,2.038,True,-4.710,1.539,13.979,-3.568,0.006,-0.081,0.000,0.000,-5.297,2.038,5.676,-0.004,-0.146,0.146,0.492
17:48:07.609,86.267,-5.297,0.000,True,-4.632,1.127,12.352,-5.809,-0.150,-0.046,0.000,0.000,-5.297,0.000,5.297,-0.144,-0.082,0.165,0.790
17:48:07.632,86.289,-5.297,0.000,True,-4.597,0.775,10.787,-7.061,-0.259,0.013,0.000,0.000,-5.297,0.000,5.297,-0.234,-0.016,0.235,0.897
17:48:07.652,86.309,-5.297,0.000,True,-4.595,0.487,9.351,-7.551,-0.286,0.049,0.000,0.000,-5.297,0.000,5.297,-0.285,0.047,0.288,0.760
17:48:07.672,86.330,-5.297,-2.038,True,-4.615,-0.216,8.086,-10.599,-0.500,0.078,0.000,0.000,-5.297,-2.038,5.676,-0.489,0.105,0.500,0.792
17:48:07.693,86.350,-5.297,0.000,True,-4.649,-0.329,7.009,-8.938,-0.417,-0.003,0.000,0.000,-5.297,0.000,5.297,-0.427,0.156,0.455,0.825
17:48:07.714,86.371,-5.297,0.000,True,-4.692,-0.390,6.123,-7.283,-0.122,0.157,0.000,0.000,-5.297,0.000,5.297,-0.360,0.199,0.412,0.788
17:48:07.734,86.391,-5.297,0.000,True,-4.739,-0.411,5.420,-5.725,0.057,0.165,0.000,0.000,-5.297,0.000,5.297,-0.294,0.235,0.376,0.673
17:48:07.755,86.413,-5.297,0.000,True,-4.786,-0.403,4.883,-4.319,-0.155,0.383,0.000,0.000,-5.297,0.000,5.297,-0.231,0.263,0.350,0.743
17:48:07.775,86.433,-5.297,0.000,True,-4.830,-0.376,4.493,-3.096,-0.165,0.561,0.000,0.000,-5.297,0.000,5.297,-0.174,0.285,0.334,0.796
17:48:07.796,86.453,-5.297,0.000,True,-4.869,-0.336,4.226,-2.070,-0.152,0.415,0.000,0.000,-5.297,0.000,5.297,-0.125,0.300,0.325,0.677
17:48:07.816,86.474,-5.297,0.000,True,-4.904,-0.290,4.060,-1.237,-0.097,0.443,0.000,0.000,-5.297,0.000,5.297,-0.084,0.311,0.322,0.798
17:48:07.837,86.494,-5.297,-2.038,True,-4.933,-0.715,3.974,-3.698,-0.179,0.162,0.000,0.000,-5.297,-2.038,5.676,-0.235,0.318,0.395,0.676
17:48:07.858,86.515,-5.297,-2.038,True,-4.957,-1.079,3.950,-5.124,0.063,0.218,0.000,0.000,-5.297,-2.038,5.676,-0.334,0.321,0.464,0.794
17:48:07.878,86.536,-5.297,-2.038,True,-4.975,-1.381,3.969,-5.746,0.102,0.254,0.000,0.000,-5.297,-2.038,5.676,-0.392,0.322,0.507,0.837
17:48:07.898,86.556,-5.297,0.000,True,-4.989,-1.148,4.018,-2.657,0.314,0.334,0.000,0.000,-5.297,0.000,5.297,-0.232,0.322,0.397,0.509
17:48:07.919,86.576,-5.297,-2.038,True,-4.999,-1.396,4.085,-3.458,0.271,0.385,0.000,0.000,-5.297,-2.038,5.676,-0.292,0.320,0.433,0.447
17:48:07.940,86.597,-5.297,-4.077,True,-5.006,-2.072,4.161,-6.847,0.011,0.495,0.000,0.000,-5.297,-4.077,6.685,-0.509,0.317,0.600,0.545
17:48:07.961,86.618,-5.297,-2.038,True,-5.010,-2.169,4.240,-5.540,0.032,0.509,0.000,0.000,-5.297,-2.038,5.676,-0.461,0.314,0.558,0.896
17:48:07.981,86.638,-5.297,-2.038,True,-5.011,-2.224,4.316,-4.223,0.102,0.563,0.000,0.000,-5.297,-2.038,5.676,-0.409,0.311,0.513,0.803
17:48:08.001,86.659,-5.297,-4.077,True,-5.012,-2.719,4.385,-6.084,-0.204,0.530,0.000,0.000,-5.297,-4.077,6.685,-0.540,0.308,0.622,0.800
17:48:08.022,86.679,-5.297,-2.038,True,-5.011,-2.654,4.447,-3.748,-0.194,0.606,0.000,0.000,-5.297,-2.038,5.676,-0.431,0.305,0.528,0.803
17:48:08.042,86.700,-5.297,-2.038,True,-5.009,-2.569,4.499,-1.808,-0.113,0.619,0.000,0.000,-5.297,-2.038,5.676,-0.337,0.302,0.452,1.113
17:48:08.062,86.720,-5.297,-2.038,True,-5.007,-2.473,4.542,-0.251,-0.022,0.613,0.000,0.000,-5.297,-2.038,5.676,-0.258,0.300,0.396,0.742
17:48:08.084,86.741,-5.297,-2.038,True,-5.005,-2.376,4.577,0.952,0.021,0.617,0.000,0.000,-5.297,-2.038,5.676,-0.196,0.298,0.357,0.707
17:48:08.104,86.761,-5.297,-2.038,True,-5.002,-2.283,4.603,1.841,0.054,0.591,0.000,0.000,-5.297,-2.038,5.676,-0.147,0.297,0.331,0.509
17:48:08.124,86.782,-5.297,-6.115,True,-5.000,-3.145,4.622,-3.766,-0.277,0.539,0.000,0.000,-5.297,-6.115,8.091,-0.481,0.296,0.565,0.758
17:48:08.144,86.801,-5.297,-2.038,True,-4.998,-2.946,4.636,-0.973,-0.155,0.557,0.000,0.000,-5.297,-2.038,5.676,-0.338,0.295,0.448,0.404
17:48:08.165,86.822,-5.297,-2.038,True,-4.997,-2.750,4.644,1.136,-0.070,0.553,0.000,0.000,-5.297,-2.038,5.676,-0.225,0.295,0.371,0.703
17:48:08.185,86.843,-5.297,-2.038,True,-4.995,-2.567,4.648,2.650,0.004,0.529,0.000,0.000,-5.297,-2.038,5.676,-0.140,0.294,0.326,0.807
17:48:08.206,86.863,-5.297,-2.038,True,-4.994,-2.404,4.649,3.664,0.051,0.518,0.000,0.000,-5.297,-2.038,5.676,-0.079,0.294,0.305,0.766
17:48:08.226,86.883,-5.297,-2.038,True,-4.993,-2.263,4.649,4.271,0.118,0.525,0.000,0.000,-5.297,-2.038,5.676,-0.038,0.294,0.297,0.806
17:48:08.247,86.904,-5.297,-2.038,True,-4.993,-2.145,4.646,4.561,0.131,0.503,0.000,0.000,-5.297,-2.038,5.676,-0.013,0.294,0.294,1.031
17:48:08.267,86.924,-5.297,-2.038,True,-4.992,-2.050,4.643,4.611,0.116,0.468,0.000,0.000,-5.297,-2.038,5.676,-0.001,0.294,0.294,0.639
17:48:08.287,86.945,-5.297,-2.038,True,-4.992,-1.977,4.639,4.491,-0.082,0.493,0.000,0.000,-5.297,-2.038,5.676,0.001,0.294,0.294,0.784
17:48:08.308,86.965,-5.297,-2.038,True,-4.992,-1.922,4.636,4.259,0.043,0.246,0.000,0.000,-5.297,-2.038,5.676,-0.004,0.295,0.295,0.892
17:48:08.328,86.986,-5.297,-2.038,True,-4.991,-1.884,4.632,3.959,-0.013,-0.064,0.000,0.000,-5.297,-2.038,5.676,-0.014,0.295,0.295,0.953
17:48:08.348,87.006,-5.297,-2.038,True,-4.991,-1.859,4.629,3.630,-0.004,0.013,0.000,0.000,-5.297,-2.038,5.676,-0.026,0.295,0.296,0.764
17:48:08.368,87.026,-5.297,-4.077,True,-4.991,-2.318,4.626,0.185,-0.230,0.147,0.000,0.000,-5.297,-4.077,6.685,-0.224,0.295,0.370,0.391
17:48:08.390,87.047,-5.297,-2.038,True,-4.992,-2.251,4.623,1.066,-0.181,0.149,0.000,0.000,-5.297,-2.038,5.676,-0.178,0.295,0.345,0.846
17:48:08.410,87.067,-5.297,-2.038,True,-4.992,-2.185,4.621,1.723,-0.121,0.101,0.000,0.000,-5.297,-2.038,5.676,-0.142,0.295,0.328,0.506
17:48:08.431,87.088,-5.297,-2.038,True,-4.992,-2.124,4.619,2.187,-0.113,0.098,0.000,0.000,-5.297,-2.038,5.676,-0.116,0.295,0.317,0.808
17:48:08.450,87.108,-5.297,-2.038,True,-4.992,-2.071,4.618,2.490,-0.106,0.053,0.000,0.000,-5.297,-2.038,5.676,-0.097,0.295,0.311,0.475
17:48:08.472,87.129,-5.297,-2.038,True,-4.992,-2.025,4.617,2.663,-0.072,0.094,0.000,0.000,-5.297,-2.038,5.676,-0.085,0.295,0.307,0.686
17:48:08.492,87.150,-5.297,-2.038,True,-4.992,-1.987,4.616,2.736,-0.060,0.057,0.000,0.000,-5.297,-2.038,5.676,-0.078,0.295,0.306,0.837
17:48:08.512,87.170,-5.297,-2.038,True,-4.992,-1.957,4.616,2.734,-0.076,0.057,0.000,0.000,-5.297,-2.038,5.676,-0.075,0.295,0.305,0.648
17:48:08.532,87.190,-7.063,-4.077,True,-5.402,-2.408,1.919,-0.432,-0.278,0.265,0.000,0.000,-7.063,-4.077,8.155,-0.260,0.456,0.524,0.621
17:48:08.553,87.210,-7.063,-2.038,True,-5.759,-2.329,0.260,0.679,-0.226,0.369,0.000,0.000,-7.063,-2.038,7.352,-0.203,0.564,0.600,0.794
17:48:08.573,87.231,-8.829,-2.038,True,-6.468,-2.251,-3.277,1.518,-0.171,0.608,0.000,0.000,-8.829,-2.038,9.061,-0.158,0.791,0.807,0.810
17:48:08.594,87.251,-8.829,-2.038,True,-7.067,-2.178,-5.156,2.121,-0.114,0.730,0.000,0.000,-8.829,-2.038,9.061,-0.124,0.934,0.943,0.496
17:48:08.614,87.272,-8.829,-2.038,True,-7.556,-2.113,-5.770,2.524,-0.083,0.786,0.000,0.000,-8.829,-2.038,9.061,-0.100,1.010,1.015,0.695
17:48:08.635,87.292,-8.829,-2.038,True,-7.940,-2.057,-5.463,2.766,-0.007,0.656,0.000,0.000,-8.829,-2.038,9.061,-0.084,1.035,1.039,0.679
17:48:08.655,87.312,-8.829,-2.038,True,-8.230,-2.010,-4.528,2.882,-0.067,0.808,0.000,0.000,-8.829,-2.038,9.061,-0.074,1.023,1.026,0.547
17:48:08.675,87.332,-8.829,0.000,True,-8.439,-1.499,-3.202,6.016,0.155,0.899,0.000,0.000,-8.829,0.000,8.829,0.116,0.985,0.992,0.670
17:48:08.695,87.352,-8.829,-2.038,True,-8.579,-1.532,-1.676,4.770,0.111,0.815,0.000,0.000,-8.829,-2.038,9.061,0.057,0.932,0.934,0.502
17:48:08.715,87.373,-8.829,0.000,True,-8.663,-1.103,-0.092,6.846,0.238,0.789,0.000,0.000,-8.829,0.000,8.829,0.192,0.870,0.891,0.771
17:48:08.736,87.393,-8.829,-2.038,True,-8.703,-1.215,1.445,4.814,0.114,0.785,0.000,0.000,-8.829,-2.038,9.061,0.091,0.807,0.812,0.691
17:48:08.756,87.414,-8.829,0.000,True,-8.710,-0.859,2.865,6.336,0.196,0.703,0.000,0.000,-8.829,0.000,8.829,0.194,0.745,0.769,0.851
17:48:08.777,87.434,-8.829,-4.077,True,-8.694,-1.509,4.125,0.829,-0.101,0.633,0.000,0.000,-8.829,-4.077,9.725,-0.114,0.687,0.697,0.577
17:48:08.798,87.456,-8.829,-4.077,True,-8.611,-1.493,5.537,1.064,-0.054,0.577,0.000,0.000,-8.829,-4.077,9.725,-0.102,0.617,0.625,0.658
17:48:08.819,87.476,-8.829,0.000,True,-8.593,-1.057,6.211,3.929,0.087,0.522,0.000,0.000,-8.829,0.000,8.829,0.068,0.585,0.589,0.754
17:48:08.839,87.496,-8.829,-4.077,True,-8.565,-1.805,6.807,-1.429,-0.240,0.507,0.000,0.000,-8.829,-4.077,9.725,-0.244,0.556,0.607,0.719
17:48:08.860,87.517,-8.829,0.000,True,-8.531,-1.364,7.306,2.019,-0.033,0.485,0.000,0.000,-8.829,0.000,8.829,-0.047,0.531,0.533,0.907
17:48:08.880,87.537,-8.829,-2.038,True,-8.495,-1.501,7.703,1.001,-0.169,0.442,0.000,0.000,-8.829,-2.038,9.061,-0.106,0.510,0.520,0.709
17:48:08.900,87.558,-8.829,-2.038,True,-8.459,-1.616,8.001,0.363,-0.036,0.444,0.000,0.000,-8.829,-2.038,9.061,-0.146,0.493,0.514,0.830
17:48:08.921,87.578,-8.829,-2.038,True,-8.425,-1.711,8.207,0.009,-0.040,0.379,0.000,0.000,-8.829,-2.038,9.061,-0.171,0.480,0.510,0.756
17:48:08.941,87.599,-8.829,-4.077,True,-8.395,-2.269,8.333,-3.227,-0.342,0.382,0.000,0.000,-8.829,-4.077,9.725,-0.369,0.472,0.599,0.790
17:48:08.961,87.619,-8.829,-2.038,True,-8.369,-2.264,8.392,-2.022,-0.319,0.455,0.000,0.000,-8.829,-2.038,9.061,-0.316,0.466,0.563,0.464
17:48:08.982,87.639,-8.829,-2.038,True,-8.348,-2.243,8.397,-0.970,-0.204,0.487,0.000,0.000,-8.829,-2.038,9.061,-0.267,0.464,0.535,0.738
17:48:09.002,87.660,-8.829,-2.038,True,-8.331,-2.210,8.363,-0.081,-0.143,0.495,0.000,0.000,-8.829,-2.038,9.061,-0.225,0.464,0.515,0.797
17:48:09.023,87.681,-8.829,-4.077,True,-8.318,-2.645,8.301,-2.463,-0.367,0.537,0.000,0.000,-8.829,-4.077,9.725,-0.373,0.465,0.597,0.913
17:48:09.043,87.700,-8.829,-4.077,True,-8.309,-3.016,8.223,-3.808,-0.504,0.625,0.000,0.000,-8.829,-4.077,9.725,-0.470,0.468,0.663,0.464
17:48:09.064,87.721,-8.829,-2.038,True,-8.304,-2.847,8.138,-1.233,-0.531,0.614,0.000,0.000,-8.829,-2.038,9.061,-0.339,0.471,0.581,0.755
17:48:09.084,87.741,-8.829,-4.077,True,-8.301,-3.152,8.053,-2.381,-0.694,0.733,0.000,0.000,-8.829,-4.077,9.725,-0.420,0.475,0.634,0.745
17:48:09.104,87.762,-10.595,-4.077,True,-8.711,-3.403,5.269,-2.861,-0.902,0.857,0.000,0.000,-10.595,-4.077,11.352,-0.467,0.638,0.791,0.790
17:48:09.125,87.782,-12.361,-2.038,True,-9.479,-3.130,0.830,0.276,-0.776,1.059,0.000,0.000,-12.361,-2.038,12.528,-0.301,0.911,0.960,0.779
17:48:09.145,87.802,-10.595,-2.038,True,-9.726,-2.872,0.968,2.556,-0.621,0.964,0.000,0.000,-10.595,-2.038,10.789,-0.174,0.930,0.946,0.916
17:48:09.165,87.822,-12.361,-2.038,True,-10.324,-2.639,-1.185,4.112,-0.566,1.035,0.000,0.000,-12.361,-2.038,12.528,-0.082,1.085,1.088,0.778
17:48:09.185,87.843,-12.361,-2.038,True,-10.816,-2.436,-2.037,5.074,-0.518,1.155,0.000,0.000,-12.361,-2.038,12.528,-0.020,1.171,1.172,0.838
17:48:09.206,87.864,-12.361,-2.038,True,-11.206,-2.266,-1.932,5.567,-0.465,1.166,0.000,0.000,-12.361,-2.038,12.528,0.019,1.206,1.206,0.792
17:48:09.228,87.886,-12.361,-2.038,True,-11.504,-2.127,-1.160,5.705,-0.436,1.281,0.000,0.000,-12.361,-2.038,12.528,0.039,1.202,1.202,0.806
17:48:09.248,87.905,-12.361,0.000,True,-11.721,-1.545,0.035,8.702,-0.273,1.373,0.000,0.000,-12.361,0.000,12.361,0.230,1.171,1.193,0.404
17:48:09.268,87.925,-10.595,0.000,True,-11.459,-1.052,4.160,10.326,-0.193,1.162,0.000,0.000,-10.595,0.000,10.595,0.351,0.962,1.024,0.388
17:48:09.289,87.946,-12.361,0.000,True,-11.605,-0.649,4.632,10.898,-0.160,1.163,0.000,0.000,-12.361,0.000,12.361,0.416,0.956,1.043,0.793
17:48:09.310,87.967,-12.361,0.000,True,-11.709,-0.331,5.300,10.702,-0.124,1.126,0.000,0.000,-12.361,0.000,12.361,0.439,0.937,1.035,0.856
17:48:09.330,87.987,-10.595,-2.038,True,-11.369,-0.564,8.765,6.865,-0.329,0.918,0.000,0.000,-10.595,-2.038,10.789,0.247,0.750,0.790,0.576
17:48:09.350,88.007,-10.595,0.000,True,-11.055,-0.327,11.220,7.009,-0.239,0.712,0.000,0.000,-10.595,0.000,10.595,0.277,0.610,0.670,0.409
17:48:09.371,88.028,-8.829,0.000,True,-10.365,-0.144,15.530,6.726,-0.228,0.444,0.000,0.000,-8.829,0.000,8.829,0.283,0.351,0.451,0.778
17:48:09.391,88.048,-8.829,0.000,True,-9.770,-0.007,18.123,6.160,-0.210,0.223,0.000,0.000,-8.829,0.000,8.829,0.271,0.177,0.324,0.485
17:48:09.412,88.069,-8.829,2.038,True,-9.273,0.563,19.370,8.538,-0.347,-0.035,0.000,0.000,-8.829,2.038,9.061,0.433,0.072,0.439,0.835
17:48:09.432,88.089,-8.829,0.000,True,-8.873,0.563,19.605,6.528,-0.462,0.055,0.000,0.000,-8.829,0.000,8.829,0.344,0.022,0.345,0.803
17:48:09.453,88.110,-8.829,2.038,True,-8.561,1.006,19.117,7.874,-0.312,0.083,0.000,0.000,-8.829,2.038,9.061,0.448,0.012,0.448,0.838
17:48:09.473,88.130,-8.829,2.038,True,-8.330,1.367,18.150,8.289,-0.150,0.169,0.000,0.000,-8.829,2.038,9.061,0.503,0.032,0.504,0.892
17:48:09.493,88.151,-8.829,2.038,True,-8.167,1.650,16.899,8.029,-0.123,0.216,0.000,0.000,-8.829,2.038,9.061,0.519,0.071,0.524,0.684
17:48:09.514,88.171,-8.829,2.038,True,-8.062,1.864,15.518,7.309,-0.159,0.249,0.000,0.000,-8.829,2.038,9.061,0.509,0.121,0.523,0.789
17:48:09.535,88.192,-8.829,2.038,True,-8.002,2.016,14.121,6.307,-0.122,0.337,0.000,0.000,-8.829,2.038,9.061,0.480,0.177,0.512,0.929
17:48:09.556,88.214,-8.829,2.038,True,-7.977,2.118,12.789,5.162,-0.139,0.352,0.000,0.000,-8.829,2.038,9.061,0.440,0.233,0.498,0.910
17:48:09.577,88.234,-8.829,4.077,True,-7.979,2.653,11.577,7.092,0.005,0.426,0.000,0.000,-8.829,4.077,9.725,0.578,0.287,0.646,0.980
17:48:09.597,88.254,-8.829,4.077,True,-7.747,2.795,12.166,5.904,-0.019,0.393,0.000,0.000,-8.829,4.077,9.725,0.540,0.238,0.590,0.692
17:48:09.617,88.274,-8.829,2.038,True,-7.877,2.666,10.264,3.217,-0.133,0.505,0.000,0.000,-8.829,2.038,9.061,0.409,0.335,0.528,0.748
17:48:09.638,88.295,-8.829,2.038,True,-7.981,2.546,9.003,1.212,-0.210,0.667,0.000,0.000,-8.829,2.038,9.061,0.308,0.401,0.505,0.858
17:48:09.658,88.315,-8.829,2.038,True,-8.064,2.434,8.173,-0.276,-0.121,0.660,0.000,0.000,-8.829,2.038,9.061,0.231,0.446,0.502,0.822
17:48:09.678,88.335,-8.829,2.038,True,-8.131,2.332,7.639,-1.360,-0.153,0.605,0.000,0.000,-8.829,2.038,9.061,0.173,0.476,0.506,0.451
17:48:09.698,88.356,-8.829,2.038,True,-8.184,2.240,7.310,-2.124,-0.260,0.595,0.000,0.000,-8.829,2.038,9.061,0.130,0.496,0.513,0.729
17:48:09.719,88.376,-8.829,2.038,True,-8.226,2.160,7.125,-2.634,-0.261,0.651,0.000,0.000,-8.829,2.038,9.061,0.100,0.508,0.518,0.788
17:48:09.739,88.397,-8.829,2.038,True,-8.259,2.091,7.039,-2.943,-0.300,0.601,0.000,0.000,-8.829,2.038,9.061,0.079,0.515,0.521,0.809
17:48:09.761,88.419,-8.829,2.038,True,-8.119,2.032,8.097,-3.106,-0.295,0.514,0.000,0.000,-8.829,2.038,9.061,0.066,0.454,0.459,0.691
17:48:09.781,88.439,-8.829,4.077,True,-8.204,2.567,7.466,0.538,-0.051,0.598,0.000,0.000,-8.829,4.077,9.725,0.280,0.491,0.565,0.410
17:48:09.802,88.459,-8.829,2.038,True,-8.262,2.433,7.176,-0.942,-0.096,0.593,0.000,0.000,-8.829,2.038,9.061,0.202,0.509,0.548,0.616
17:48:09.823,88.480,-8.829,4.077,True,-8.300,2.840,7.082,1.309,0.002,0.572,0.000,0.000,-8.829,4.077,9.725,0.342,0.517,0.620,0.900
17:48:09.843,88.500,-8.829,2.038,True,-8.325,2.661,7.099,-0.684,-0.068,0.589,0.000,0.000,-8.829,2.038,9.061,0.236,0.519,0.570,0.741
17:48:09.864,88.522,-8.829,4.077,True,-8.339,2.994,7.172,1.027,0.071,0.583,0.000,0.000,-8.829,4.077,9.725,0.345,0.517,0.622,0.910
17:48:09.885,88.542,-8.829,4.077,True,-8.347,3.267,7.270,1.938,0.167,0.569,0.000,0.000,-8.829,4.077,9.725,0.412,0.514,0.659,0.769
17:48:09.905,88.563,-8.829,4.077,True,-8.349,3.488,7.372,2.262,0.190,0.519,0.000,0.000,-8.829,4.077,9.725,0.449,0.510,0.679,0.715
17:48:09.926,88.583,-7.063,2.038,True,-7.935,3.183,10.149,-0.931,0.032,0.341,0.000,0.000,-7.063,2.038,7.352,0.277,0.346,0.443,0.861
17:48:09.946,88.604,-8.829,2.038,True,-7.988,2.902,9.189,-3.214,-0.136,0.283,0.000,0.000,-8.829,2.038,9.061,0.148,0.393,0.420,0.820
17:48:09.966,88.624,-5.297,2.038,True,-7.221,2.651,13.820,-4.737,-0.302,-0.144,0.000,0.000,-5.297,2.038,5.676,0.056,0.112,0.125,0.749
17:48:09.987,88.644,-5.297,2.038,True,-6.561,2.436,16.566,-5.644,0.014,-0.119,0.000,0.000,-5.297,2.038,5.676,-0.006,-0.075,0.075,0.782
17:48:10.007,88.665,-5.297,2.038,True,-6.013,2.257,17.839,-6.069,0.011,-0.195,0.000,0.000,-5.297,2.038,5.676,-0.042,-0.186,0.191,0.683
17:48:10.028,88.685,-5.297,2.038,True,-5.573,2.113,18.006,-6.131,-0.003,-0.126,0.000,0.000,-5.297,2.038,5.676,-0.059,-0.237,0.245,0.753
17:48:10.048,88.705,-5.297,2.038,True,-5.232,2.002,17.388,-5.935,0.065,-0.169,0.000,0.000,-5.297,2.038,5.676,-0.062,-0.244,0.252,0.493
17:48:10.068,88.725,-5.297,2.038,True,-4.981,1.919,16.254,-5.570,0.033,-0.167,0.000,0.000,-5.297,2.038,5.676,-0.054,-0.219,0.226,0.771
17:48:10.090,88.748,-5.297,0.000,True,-4.805,1.387,14.820,-8.229,-0.171,-0.068,0.000,0.000,-5.297,0.000,5.297,-0.225,-0.174,0.284,0.556
17:48:10.111,88.769,-5.297,2.038,True,-4.692,1.412,13.255,-6.518,-0.073,0.015,0.000,0.000,-5.297,2.038,5.676,-0.146,-0.116,0.187,0.705
17:48:10.131,88.789,-5.297,2.038,True,-4.630,1.458,11.684,-5.059,0.000,0.066,0.000,0.000,-5.297,2.038,5.676,-0.077,-0.053,0.094,0.621
17:48:10.151,88.809,-5.297,2.038,True,-4.606,1.515,10.196,-3.856,0.063,0.163,0.000,0.000,-5.297,2.038,5.676,-0.019,0.011,0.021,0.601
17:48:10.171,88.829,-5.297,2.038,True,-4.610,1.578,8.847,-2.900,0.117,0.228,0.000,0.000,-5.297,2.038,5.676,0.030,0.071,0.077,0.432
17:48:10.192,88.849,-5.297,2.038,True,-4.634,1.640,7.670,-2.168,0.149,0.296,0.000,0.000,-5.297,2.038,5.676,0.068,0.125,0.142,0.513
17:48:10.212,88.870,-5.297,2.038,True,-4.671,1.700,6.678,-1.634,0.195,0.356,0.000,0.000,-5.297,2.038,5.676,0.098,0.172,0.198,0.952
17:48:10.232,88.890,-5.297,2.038,True,-4.714,1.753,5.870,-1.267,0.231,0.404,0.000,0.000,-5.297,2.038,5.676,0.119,0.212,0.244,0.408
17:48:10.253,88.911,-5.297,2.038,True,-4.759,1.800,5.235,-1.038,0.227,0.421,0.000,0.000,-5.297,2.038,5.676,0.134,0.245,0.279,0.802
17:48:10.273,88.931,-5.297,2.038,True,-4.804,1.840,4.756,-0.918,0.228,0.449,0.000,0.000,-5.297,2.038,5.676,0.143,0.270,0.306,0.815
17:48:10.295,88.952,-5.297,2.038,True,-4.846,1.872,4.413,-0.881,0.255,0.492,0.000,0.000,-5.297,2.038,5.676,0.148,0.290,0.326,0.464
17:48:10.315,88.973,-5.297,2.038,True,-4.883,1.897,4.184,-0.904,0.224,0.483,0.000,0.000,-5.297,2.038,5.676,0.150,0.304,0.339,0.703
17:48:10.336,88.993,-5.297,0.000,True,-4.915,1.442,4.047,-4.081,0.013,0.465,0.000,0.000,-5.297,0.000,5.297,-0.036,0.313,0.315,0.784
17:48:10.356,89.013,-7.063,0.000,True,-5.352,1.045,1.285,-6.086,-0.118,0.632,0.000,0.000,-7.063,0.000,7.063,-0.164,0.478,0.506,0.659
17:48:10.377,89.034,-7.063,0.000,True,-5.326,0.923,2.268,-5.748,-0.026,0.643,0.000,0.000,-7.063,0.000,7.063,-0.161,0.433,0.462,0.744
17:48:10.397,89.055,-7.063,0.000,True,-5.783,0.580,-0.058,-6.874,-0.251,0.775,0.000,0.000,-7.063,0.000,7.063,-0.245,0.581,0.631,0.855
17:48:10.418,89.075,-8.829,2.038,True,-6.597,0.868,-3.992,-3.682,-0.168,0.849,0.000,0.000,-8.829,2.038,9.061,-0.076,0.836,0.839,0.635
17:48:10.438,89.096,-8.829,0.000,True,-7.227,0.591,-5.735,-4.805,-0.306,0.881,0.000,0.000,-8.829,0.000,8.829,-0.153,0.976,0.988,0.768
17:48:10.458,89.116,-8.829,2.038,True,-7.711,0.878,-6.052,-2.081,-0.161,0.883,0.000,0.000,-8.829,2.038,9.061,-0.004,1.038,1.038,0.643
17:48:10.479,89.136,-8.829,0.000,True,-8.073,0.634,-5.449,-3.356,-0.258,0.868,0.000,0.000,-8.829,0.000,8.829,-0.085,1.048,1.051,0.792
17:48:10.499,89.157,-8.829,2.038,True,-8.336,0.917,-4.281,-0.943,-0.114,0.884,0.000,0.000,-8.829,2.038,9.061,0.050,1.023,1.024,0.762
17:48:10.520,89.178,-8.829,2.038,True,-8.518,1.167,-2.797,0.683,0.013,0.801,0.000,0.000,-8.829,2.038,9.061,0.147,0.975,0.986,0.569
17:48:10.541,89.198,-8.829,0.000,True,-8.634,0.904,-1.180,-1.409,-0.112,0.769,0.000,0.000,-8.829,0.000,8.829,0.028,0.915,0.916,0.431
17:48:10.561,89.219,-8.829,2.038,True,-8.697,1.147,0.439,0.298,-0.026,0.712,0.000,0.000,-8.829,2.038,9.061,0.128,0.850,0.860,0.811
17:48:10.582,89.239,-8.829,0.000,True,-8.721,0.885,1.973,-1.719,-0.147,0.674,0.000,0.000,-8.829,0.000,8.829,0.013,0.785,0.785,0.804
17:48:10.602,89.259,-8.829,0.000,True,-8.716,0.653,3.361,-3.042,-0.209,0.626,0.000,0.000,-8.829,0.000,8.829,-0.069,0.723,0.727,0.710
17:48:10.624,89.281,-8.829,0.000,True,-8.691,0.454,4.571,-3.804,-0.234,0.590,0.000,0.000,-8.829,0.000,8.829,-0.122,0.667,0.678,0.492
17:48:10.645,89.302,-8.829,-2.038,True,-8.653,-0.183,5.591,-7.249,-0.467,0.547,0.000,0.000,-8.829,-2.038,9.061,-0.338,0.618,0.705,0.774
17:48:10.664,89.322,-8.829,0.000,True,-8.608,-0.252,6.420,-6.052,-0.436,0.507,0.000,0.000,-8.829,0.000,8.829,-0.292,0.577,0.647,0.476
17:48:10.685,89.343,-8.829,-2.038,True,-8.561,-0.760,7.071,-8.001,-0.552,0.476,0.000,0.000,-8.829,-2.038,9.061,-0.429,0.544,0.693,0.768
17:48:10.705,89.362,-8.829,-2.038,True,-8.515,-1.180,7.561,-8.832,-0.764,0.510,0.000,0.000,-8.829,-2.038,9.061,-0.508,0.518,0.725,0.468
17:48:10.725,89.383,-5.297,0.000,True,-7.650,-1.041,13.319,-5.711,-0.374,-0.065,0.000,0.000,-5.297,0.000,5.297,-0.356,0.177,0.398,0.521
17:48:10.746,89.404,-5.297,-2.038,True,-6.899,-1.361,16.877,-6.331,-0.317,-0.498,0.000,0.000,-5.297,-2.038,5.676,-0.416,-0.055,0.419,0.822
17:48:10.767,89.424,-5.297,-6.115,True,-6.267,-2.564,18.697,-12.558,-0.536,-0.523,0.000,0.000,-5.297,-6.115,8.091,-0.811,-0.199,0.835,0.716
17:48:10.787,89.444,-5.297,-2.038,True,-5.755,-2.634,19.201,-9.705,-0.288,-0.611,0.000,0.000,-5.297,-2.038,5.676,-0.692,-0.272,0.743,0.498
17:48:10.808,89.465,-5.297,-2.038,True,-5.354,-2.645,18.754,-7.076,-0.231,-0.782,0.000,0.000,-5.297,-2.038,5.676,-0.577,-0.292,0.647,0.533
17:48:10.831,89.488,-5.297,-2.038,True,-5.053,-2.612,17.666,-4.747,-0.049,-0.163,0.000,0.000,-5.297,-2.038,5.676,-0.471,-0.274,0.545,0.447
17:48:10.851,89.509,-5.297,-2.038,True,-4.838,-2.552,16.188,-2.758,0.419,-0.300,0.000,0.000,-5.297,-2.038,5.676,-0.377,-0.231,0.442,0.688
17:48:10.871,89.529,-5.297,-2.038,True,-4.697,-2.475,14.518,-1.115,0.376,-0.149,0.000,0.000,-5.297,-2.038,5.676,-0.297,-0.171,0.343,0.687
17:48:10.892,89.549,-5.297,-2.038,True,-4.613,-2.391,12.805,0.196,0.187,0.222,0.000,0.000,-5.297,-2.038,5.676,-0.230,-0.104,0.253,0.632
17:48:10.912,89.570,-5.297,-2.038,True,-4.576,-2.306,11.156,1.201,0.149,0.432,0.000,0.000,-5.297,-2.038,5.676,-0.178,-0.035,0.181,0.808
17:48:10.933,89.590,-5.297,-2.038,True,-4.572,-2.225,9.641,1.937,0.173,0.376,0.000,0.000,-5.297,-2.038,5.676,-0.137,0.032,0.141,0.754
17:48:10.953,89.611,-5.297,-2.038,True,-4.593,-2.152,8.304,2.445,0.190,0.487,0.000,0.000,-5.297,-2.038,5.676,-0.107,0.093,0.142,0.747
17:48:10.973,89.631,-5.297,0.000,True,-4.629,-1.615,7.165,5.877,0.380,0.511,0.000,0.000,-5.297,0.000,5.297,0.098,0.147,0.176,0.482
17:48:10.994,89.651,-5.297,-2.038,True,-4.674,-1.623,6.226,4.849,0.299,0.531,0.000,0.000,-5.297,-2.038,5.676,0.052,0.193,0.199,0.865
17:48:11.014,89.671,-5.297,4.077,True,-4.723,-0.224,5.480,13.299,0.702,0.441,0.000,0.000,-5.297,4.077,6.685,0.565,0.230,0.610,0.622
17:48:11.035,89.692,-5.297,0.000,True,-4.773,0.032,4.910,12.075,0.696,0.562,0.000,0.000,-5.297,0.000,5.297,0.536,0.261,0.596,0.779
17:48:11.055,89.712,-5.297,4.077,True,-4.819,1.157,4.494,16.781,0.887,0.601,0.000,0.000,-5.297,4.077,6.685,0.856,0.284,0.902,0.805
17:48:11.076,89.733,-5.297,0.000,True,-4.861,1.146,4.209,12.742,0.678,0.466,0.000,0.000,-5.297,0.000,5.297,0.677,0.300,0.741,0.843
17:48:11.096,89.753,-5.297,0.000,True,-4.898,1.075,4.031,9.212,0.432,0.562,0.000,0.000,-5.297,0.000,5.297,0.514,0.312,0.601,0.730
17:48:11.117,89.774,-5.297,4.077,True,-4.929,1.914,3.939,12.458,0.454,0.521,0.000,0.000,-5.297,4.077,6.685,0.741,0.319,0.807,0.797
17:48:11.137,89.794,-5.297,0.000,True,-4.954,1.661,3.911,7.631,0.156,0.545,0.000,0.000,-5.297,0.000,5.297,0.503,0.323,0.598,0.748
17:48:11.157,89.815,-5.297,0.000,True,-4.876,1.813,4.574,6.598,-0.265,0.374,0.000,0.000,-5.297,0.000,5.297,0.473,0.286,0.552,0.624
17:48:11.177,89.835,-5.297,0.000,True,-4.929,1.397,4.236,2.118,-0.493,0.305,0.000,0.000,-5.297,0.000,5.297,0.233,0.306,0.385,0.768
17:48:11.198,89.855,-5.297,6.115,True,-4.965,2.687,4.101,9.514,0.117,0.304,0.000,0.000,-5.297,6.115,8.091,0.689,0.315,0.757,0.808
17:48:11.218,89.875,-5.297,-2.038,True,-4.989,1.620,4.083,0.195,-0.344,0.205,0.000,0.000,-5.297,-2.038,5.676,0.171,0.319,0.361,0.775
17:48:11.238,89.896,-3.532,-2.038,True,-4.567,0.716,6.886,-5.873,-0.725,-0.157,0.000,0.000,-3.532,-2.038,4.078,-0.188,0.153,0.242,0.803
17:48:11.261,89.918,-3.532,-2.038,True,-4.429,0.599,7.200,-5.488,-0.369,-0.125,0.000,0.000,-3.532,-2.038,4.078,-0.182,0.125,0.221,0.453
17:48:11.282,89.939,-3.532,-2.038,True,-4.065,-0.247,8.818,-9.680,-0.878,-0.647,0.000,0.000,-3.532,-2.038,4.078,-0.452,0.017,0.452,0.729
17:48:11.302,89.959,-5.297,0.000,True,-4.272,-0.321,6.495,-8.013,-1.182,-0.335,0.000,0.000,-5.297,0.000,5.297,-0.386,0.141,0.411,0.767
17:48:11.322,89.980,-5.297,0.000,True,-4.441,-0.357,4.940,-6.453,-1.086,-0.341,0.000,0.000,-5.297,0.000,5.297,-0.321,0.226,0.392,0.803
17:48:11.343,90.000,-5.297,0.000,True,-4.580,-0.365,3.923,-5.041,-0.977,-0.478,0.000,0.000,-5.297,0.000,5.297,-0.259,0.285,0.385,0.682
17:48:11.364,90.021,-5.297,0.000,True,-4.694,-0.353,3.292,-3.798,-0.876,-0.470,0.000,0.000,-5.297,0.000,5.297,-0.203,0.324,0.382,0.404
17:48:11.385,90.042,-5.297,6.115,True,-4.788,1.131,2.944,6.547,-0.170,-0.306,0.000,0.000,-5.297,6.115,8.091,0.402,0.349,0.532,0.897
17:48:11.405,90.063,-5.297,0.000,True,-4.863,0.965,2.799,3.809,-0.445,0.302,0.000,0.000,-5.297,0.000,5.297,0.265,0.363,0.449,0.806
17:48:11.426,90.083,-5.297,0.000,True,-4.922,0.797,2.801,1.686,-0.467,0.256,0.000,0.000,-5.297,0.000,5.297,0.154,0.369,0.400,0.753
17:48:11.445,90.103,-5.297,0.000,True,-4.966,0.637,2.901,0.105,-0.389,0.473,0.000,0.000,-5.297,0.000,5.297,0.068,0.369,0.375,0.431
17:48:11.466,90.123,-5.297,2.038,True,-4.999,0.965,3.065,2.099,-0.403,0.440,0.000,0.000,-5.297,2.038,5.676,0.189,0.365,0.411,0.489
17:48:11.486,90.144,-5.297,2.038,True,-5.021,1.247,3.264,3.288,-0.510,0.336,0.000,0.000,-5.297,2.038,5.676,0.270,0.358,0.448,0.499
17:48:11.507,90.164,-5.297,2.038,True,-5.035,1.481,3.477,3.845,-0.574,0.266,0.000,0.000,-5.297,2.038,5.676,0.318,0.350,0.473,0.452
17:48:11.527,90.185,-5.297,2.038,True,-5.043,1.670,3.688,3.928,-0.456,0.132,0.000,0.000,-5.297,2.038,5.676,0.340,0.342,0.482,0.733
17:48:11.547,90.205,-7.063,2.038,True,-5.457,1.816,1.177,3.674,-0.477,0.271,0.000,0.000,-7.063,2.038,7.352,0.344,0.494,0.602,0.574
17:48:11.568,90.225,-8.829,4.077,True,-6.223,2.399,-3.018,6.323,-0.259,0.481,0.000,0.000,-8.829,4.077,9.725,0.519,0.756,0.917,0.782
17:48:11.590,90.248,-8.829,4.077,True,-6.876,2.886,-5.369,7.637,-0.144,1.079,0.000,0.000,-8.829,4.077,9.725,0.626,0.925,1.116,0.725
17:48:11.611,90.268,-7.063,6.115,True,-7.002,3.755,-3.592,11.067,0.074,1.104,0.000,0.000,-7.063,6.115,9.343,0.864,0.859,1.218,0.581
17:48:11.631,90.289,-8.829,6.115,True,-7.482,4.474,-4.516,12.568,0.528,1.108,0.000,0.000,-8.829,6.115,10.740,1.002,0.948,1.379,0.593
17:48:11.652,90.309,-8.829,6.115,True,-7.865,5.049,-4.492,12.637,0.573,1.195,0.000,0.000,-8.829,6.115,10.740,1.063,0.985,1.449,0.771
17:48:11.672,90.329,-8.829,10.192,True,-8.158,6.439,-3.806,17.936,0.983,1.099,0.000,0.000,-8.829,10.192,13.485,1.436,0.984,1.740,0.539
17:48:11.693,90.350,-8.829,8.154,True,-8.373,7.113,-2.694,17.060,1.015,1.097,0.000,0.000,-8.829,8.154,12.018,1.464,0.956,1.749,0.896
17:48:11.713,90.370,-8.829,10.192,True,-8.520,8.091,-1.345,18.236,1.211,1.102,0.000,0.000,-8.829,10.192,13.485,1.614,0.911,1.854,0.449
17:48:11.733,90.391,-8.829,8.154,True,-8.613,8.386,0.097,14.458,1.110,1.036,0.000,0.000,-8.829,8.154,12.018,1.477,0.857,1.707,0.750
17:48:11.754,90.411,-8.829,8.154,True,-8.662,8.554,1.524,10.628,0.969,0.948,0.000,0.000,-8.829,8.154,12.018,1.324,0.799,1.547,0.661
17:48:11.773,90.431,-12.361,8.154,True,-9.498,8.624,-2.532,6.971,0.868,1.230,0.000,0.000,-12.361,8.154,14.808,1.170,1.062,1.580,0.474
17:48:11.797,90.454,-12.361,10.192,True,-10.202,9.095,-4.646,6.749,0.932,1.404,0.000,0.000,-12.361,10.192,16.021,1.207,1.225,1.720,0.790
17:48:11.817,90.475,-12.361,8.154,True,-10.775,8.980,-5.284,2.624,0.735,1.482,0.000,0.000,-12.361,8.154,14.808,1.014,1.311,1.657,0.810
17:48:11.837,90.495,-12.361,8.154,True,-11.225,8.829,-4.851,-0.801,0.559,1.526,0.000,0.000,-12.361,8.154,14.808,0.847,1.337,1.583,0.700
17:48:11.858,90.515,-12.361,10.192,True,-11.563,9.133,-3.692,-0.435,0.602,1.486,0.000,0.000,-12.361,10.192,16.021,0.894,1.319,1.594,0.509
17:48:11.878,90.536,-12.361,8.154,True,-11.805,8.899,-2.087,-3.754,0.550,1.421,0.000,0.000,-12.361,8.154,14.808,0.724,1.273,1.464,0.383
17:48:11.899,90.556,-12.361,10.192,True,-11.966,9.142,-0.257,-3.152,0.583,1.335,0.000,0.000,-12.361,10.192,16.021,0.775,1.208,1.435,0.721
17:48:11.919,90.577,-12.361,12.231,True,-12.062,9.811,1.630,0.069,0.824,1.007,0.000,0.000,-12.361,12.231,17.389,0.984,1.134,1.502,0.384
17:48:11.940,90.597,-12.361,12.231,True,-12.106,10.374,3.454,1.740,0.840,0.908,0.000,0.000,-12.361,12.231,17.389,1.114,1.058,1.537,0.703
17:48:11.961,90.618,-12.361,10.192,True,-12.112,10.359,5.134,-0.880,0.694,0.699,0.000,0.000,-12.361,10.192,16.021,0.997,0.985,1.401,0.785
17:48:11.981,90.638,-12.361,8.154,True,-12.091,9.833,6.621,-6.269,0.442,0.751,0.000,0.000,-12.361,8.154,14.808,0.707,0.917,1.158,0.822
17:48:12.001,90.659,-12.361,10.192,True,-12.052,9.820,7.891,-6.981,0.443,0.632,0.000,0.000,-12.361,10.192,16.021,0.674,0.857,1.090,0.725
17:48:12.022,90.680,-10.595,6.115,True,-11.592,8.852,11.636,-13.810,0.124,0.311,0.000,0.000,-10.595,6.115,12.233,0.276,0.646,0.702,0.730
17:48:12.043,90.700,-10.595,6.115,True,-11.182,8.004,14.131,-18.134,-0.354,0.279,0.000,0.000,-10.595,6.115,12.233,0.000,0.495,0.495,0.953
17:48:12.063,90.720,-10.595,12.231,True,-10.829,8.708,15.612,-11.126,-0.043,0.175,0.000,0.000,-10.595,12.231,16.182,0.380,0.394,0.547,0.805
17:48:12.083,90.741,-8.829,6.115,True,-10.124,7.935,18.998,-15.525,-0.267,-0.095,0.000,0.000,-8.829,6.115,10.740,0.108,0.174,0.205,0.735
17:48:12.103,90.761,-8.829,10.192,True,-9.532,8.221,20.753,-11.826,0.049,-0.127,0.000,0.000,-8.829,10.192,13.485,0.300,0.037,0.302,0.678
17:48:12.124,90.781,-8.829,6.115,True,-9.050,7.550,21.269,-15.297,-0.227,-0.357,0.000,0.000,-8.829,6.115,10.740,0.080,-0.034,0.087,0.731
17:48:12.145,90.802,-8.829,6.115,True,-8.672,6.982,20.887,-17.185,-0.387,-0.347,0.000,0.000,-8.829,6.115,10.740,-0.060,-0.055,0.081,0.807
17:48:12.165,90.822,-8.829,6.115,True,-8.388,6.517,19.897,-17.859,-0.439,-0.311,0.000,0.000,-8.829,6.115,10.740,-0.137,-0.039,0.142,0.745
17:48:12.185,90.842,-8.829,4.077,True,-8.185,5.676,18.534,-20.759,-0.651,-0.276,0.000,0.000,-8.829,4.077,9.725,-0.349,0.000,0.349,0.720
17:48:12.205,90.863,-8.829,4.077,True,-8.050,4.986,16.985,-21.850,-0.758,-0.196,0.000,0.000,-8.829,4.077,9.725,-0.466,0.055,0.469,0.822
17:48:12.227,90.884,-8.829,4.077,True,-7.970,4.439,15.390,-21.613,-0.675,-0.226,0.000,0.000,-8.829,4.077,9.725,-0.510,0.118,0.523,0.415
17:48:12.247,90.905,-8.829,4.077,True,-7.933,4.023,13.850,-20.458,-0.880,0.004,0.000,0.000,-8.829,4.077,9.725,-0.501,0.182,0.533,0.645
17:48:12.268,90.925,-8.829,4.077,True,-7.929,3.721,12.433,-18.722,-1.097,0.171,0.000,0.000,-8.829,4.077,9.725,-0.454,0.244,0.516,0.748
17:48:12.289,90.946,-8.829,2.038,True,-7.947,3.043,11.180,-19.787,-1.261,0.300,0.000,0.000,-8.829,2.038,9.061,-0.569,0.301,0.644,0.789
17:48:12.309,90.966,-8.829,2.038,True,-7.980,2.506,10.111,-19.548,-1.174,0.312,0.000,0.000,-8.829,2.038,9.061,-0.612,0.352,0.706,0.528
17:48:12.332,90.990,-8.829,4.077,True,-8.022,2.571,9.229,-15.294,-0.944,0.339,0.000,0.000,-8.829,4.077,9.725,-0.418,0.395,0.575,0.794
17:48:12.353,91.010,-8.829,4.077,True,-8.068,2.686,8.526,-11.667,-0.801,0.414,0.000,0.000,-8.829,4.077,9.725,-0.246,0.430,0.496,0.596
17:48:12.373,91.030,-8.829,4.077,True,-8.114,2.830,7.988,-8.680,-0.633,0.385,0.000,0.000,-8.829,4.077,9.725,-0.100,0.459,0.470,0.439
17:48:12.393,91.051,-8.829,2.038,True,-8.157,2.513,7.595,-9.418,-0.691,0.418,0.000,0.000,-8.829,2.038,9.061,-0.164,0.481,0.508,0.470
17:48:12.414,91.071,-8.829,2.038,True,-8.197,2.258,7.324,-9.517,-0.735,0.470,0.000,0.000,-8.829,2.038,9.061,-0.194,0.496,0.533,0.625
17:48:12.434,91.092,-8.829,2.038,True,-8.231,2.061,7.155,-9.162,-0.686,0.479,0.000,0.000,-8.829,2.038,9.061,-0.198,0.507,0.545,0.795
17:48:12.454,91.112,-8.829,4.077,True,-8.260,2.389,7.066,-5.396,-0.454,0.455,0.000,0.000,-8.829,4.077,9.725,0.001,0.514,0.514,0.384
17:48:12.475,91.132,-8.829,2.038,True,-8.284,2.224,7.038,-5.767,-0.535,0.440,0.000,0.000,-8.829,2.038,9.061,-0.032,0.518,0.519,0.695
17:48:12.496,91.153,-7.063,2.038,True,-7.892,2.093,9.751,-5.809,-0.672,0.249,0.000,0.000,-7.063,2.038,7.352,-0.047,0.359,0.362,0.801
17:48:12.516,91.173,-7.063,4.077,True,-7.550,2.464,11.456,-2.504,-0.667,0.031,0.000,0.000,-7.063,4.077,8.155,0.136,0.249,0.284,0.793
17:48:12.536,91.194,-5.297,6.115,True,-6.851,3.274,15.059,2.868,-0.326,-0.159,0.000,0.000,-5.297,6.115,8.091,0.454,0.020,0.454,0.777
17:48:12.556,91.214,-5.297,8.154,True,-6.259,4.452,17.013,9.300,0.024,0.017,0.000,0.000,-5.297,8.154,9.724,0.856,-0.125,0.865,0.511
17:48:12.577,91.234,-5.297,8.154,True,-5.918,4.638,16.756,7.542,0.575,-0.451,0.000,0.000,-5.297,8.154,9.724,0.797,-0.148,0.810,0.829
17:48:12.597,91.254,-5.297,8.154,True,-5.503,5.737,16.968,11.975,1.017,-0.477,0.000,0.000,-5.297,8.154,9.724,1.102,-0.199,1.120,0.806
17:48:12.617,91.275,-5.297,6.115,True,-5.199,6.014,16.334,9.944,1.078,-0.676,0.000,0.000,-5.297,6.115,8.091,1.040,-0.201,1.060,0.595
17:48:12.638,91.295,-5.297,8.154,True,-4.981,6.709,15.238,10.927,0.984,-0.629,0.000,0.000,-5.297,8.154,9.724,1.153,-0.174,1.166,0.777
17:48:12.660,91.318,-5.297,8.154,True,-4.676,6.928,14.879,8.558,1.006,-0.835,0.000,0.000,-5.297,8.154,9.724,1.071,-0.189,1.087,0.594
17:48:12.681,91.338,-5.297,8.154,True,-4.652,7.413,12.810,8.289,1.103,-0.908,0.000,0.000,-5.297,8.154,9.724,1.107,-0.100,1.112,0.797
17:48:12.701,91.359,-5.297,12.231,True,-4.644,8.860,11.086,13.847,1.668,-0.772,0.000,0.000,-5.297,12.231,13.329,1.497,-0.025,1.497,0.862
17:48:12.721,91.379,-5.297,12.231,True,-4.650,9.943,9.637,15.712,1.850,-0.873,0.000,0.000,-5.297,12.231,13.329,1.688,0.040,1.688,0.836
17:48:12.743,91.400,-5.297,12.231,True,-4.668,10.751,8.418,15.300,1.961,-0.721,0.000,0.000,-5.297,12.231,13.329,1.750,0.095,1.753,0.754
17:48:12.763,91.420,-5.297,12.231,True,-4.694,11.343,7.398,13.491,1.898,-0.492,0.000,0.000,-5.297,12.231,13.329,1.730,0.143,1.736,0.765
17:48:12.783,91.441,-5.297,14.269,True,-4.725,12.247,6.553,13.958,1.982,-0.495,0.000,0.000,-5.297,14.269,15.221,1.841,0.183,1.850,0.716
17:48:12.804,91.461,-5.297,14.269,True,-4.760,12.937,5.866,12.812,1.731,-0.481,0.000,0.000,-5.297,14.269,15.221,1.859,0.217,1.872,0.791
17:48:12.824,91.482,-5.297,14.269,True,-4.796,13.445,5.320,10.623,1.716,-0.199,0.000,0.000,-5.297,14.269,15.221,1.813,0.245,1.830,0.539
17:48:12.845,91.502,-5.297,12.231,True,-4.831,13.325,4.899,4.729,1.438,-0.161,0.000,0.000,-5.297,12.231,13.329,1.541,0.267,1.564,0.944
17:48:12.865,91.523,-5.297,14.269,True,-4.864,13.617,4.587,2.858,1.414,-0.337,0.000,0.000,-5.297,14.269,15.221,1.488,0.284,1.515,0.810
17:48:12.886,91.543,-5.297,12.231,True,-4.895,13.339,4.368,-2.406,1.182,-0.392,0.000,0.000,-5.297,12.231,13.329,1.228,0.297,1.263,0.740
17:48:12.906,91.564,-7.063,10.192,True,-5.332,12.570,1.522,-9.675,0.843,-0.358,0.000,0.000,-7.063,10.192,12.401,0.830,0.466,0.952,0.772
17:48:12.927,91.584,-8.829,12.231,True,-6.122,12.343,-2.931,-11.604,0.785,-0.042,0.000,0.000,-8.829,12.231,15.085,0.722,0.742,1.035,0.656
17:48:12.948,91.605,-8.829,8.154,True,-6.797,11.190,-5.472,-19.159,0.457,0.075,0.000,0.000,-8.829,8.154,12.018,0.273,0.921,0.961,0.719
17:48:12.968,91.625,-8.829,12.231,True,-7.354,11.138,-6.530,-17.535,0.490,0.159,0.000,0.000,-8.829,12.231,15.085,0.340,1.024,1.079,0.428
17:48:12.989,91.646,-8.829,6.115,True,-7.798,9.700,-6.490,-25.401,0.052,0.365,0.000,0.000,-8.829,6.115,10.740,-0.151,1.066,1.077,0.941
17:48:13.009,91.666,-8.829,6.115,True,-8.137,8.476,-5.682,-29.808,-0.255,0.328,0.000,0.000,-8.829,6.115,10.740,-0.468,1.065,1.163,0.782
17:48:13.029,91.686,-8.829,4.077,True,-8.386,6.994,-4.380,-34.673,-0.617,0.282,0.000,0.000,-8.829,4.077,9.725,-0.831,1.032,1.325,0.613
17:48:13.050,91.707,-8.829,4.077,True,-8.556,5.783,-2.805,-36.371,-0.757,0.379,0.000,0.000,-8.829,4.077,9.725,-1.027,0.979,1.419,0.493
17:48:13.070,91.728,-8.829,4.077,True,-8.663,4.828,-1.125,-35.759,-0.964,0.244,0.000,0.000,-8.829,4.077,9.725,-1.096,0.916,1.428,0.771
17:48:13.091,91.749,-8.829,4.077,True,-8.719,4.105,0.536,-33.563,-0.893,0.159,0.000,0.000,-8.829,4.077,9.725,-1.071,0.848,1.366,0.350
17:48:13.112,91.770,-8.829,0.000,True,-8.736,2.635,2.094,-36.612,-1.132,-0.170,0.000,0.000,-8.829,0.000,8.829,-1.353,0.781,1.562,0.809
17:48:13.133,91.790,-8.829,2.038,True,-8.726,1.934,3.493,-33.625,-1.104,-0.136,0.000,0.000,-8.829,2.038,9.061,-1.291,0.718,1.477,0.832
17:48:13.153,91.810,-12.361,2.038,True,-9.517,1.442,-0.692,-29.786,-1.015,0.096,0.000,0.000,-12.361,2.038,12.528,-1.171,0.982,1.528,0.450
17:48:13.173,91.830,-12.361,0.000,True,-10.189,0.650,-2.997,-28.675,-1.076,0.304,0.000,0.000,-12.361,0.000,12.361,-1.201,1.151,1.663,0.491
17:48:13.194,91.851,-12.361,0.000,True,-10.739,0.059,-3.858,-26.324,-0.992,0.473,0.000,0.000,-12.361,0.000,12.361,-1.156,1.244,1.698,0.815
17:48:13.214,91.871,-12.361,0.000,True,-11.175,-0.359,-3.660,-23.234,-0.912,0.528,0.000,0.000,-12.361,0.000,12.361,-1.061,1.279,1.662,0.455
17:48:13.235,91.892,-12.361,2.038,True,-11.507,-0.159,-2.731,-16.682,-0.561,0.480,0.000,0.000,-12.361,2.038,12.528,-0.752,1.271,1.477,0.731
17:48:13.255,91.913,-12.361,0.000,True,-11.747,-0.378,-1.339,-14.385,-0.591,0.753,0.000,0.000,-12.361,0.000,12.361,-0.673,1.234,1.405,0.951
17:48:13.275,91.933,-12.361,0.000,True,-11.910,-0.511,0.300,-11.986,-0.524,0.690,0.000,0.000,-12.361,0.000,12.361,-0.580,1.178,1.313,0.772
17:48:13.296,91.953,-12.361,0.000,True,-12.010,-0.576,2.023,-9.647,-0.299,0.697,0.000,0.000,-12.361,0.000,12.361,-0.483,1.112,1.212,0.524
17:48:13.316,91.974,-12.361,0.000,True,-12.061,-0.591,3.710,-7.479,-0.478,0.612,0.000,0.000,-12.361,0.000,12.361,-0.389,1.042,1.113,0.766
17:48:13.336,91.994,-12.361,0.000,True,-12.073,-0.568,5.280,-5.549,-0.258,0.286,0.000,0.000,-12.361,0.000,12.361,-0.302,0.974,1.020,0.694
17:48:13.356,92.014,-12.361,0.000,True,-12.059,-0.521,6.682,-3.892,-0.161,0.075,0.000,0.000,-12.361,0.000,12.361,-0.224,0.911,0.938,0.412
17:48:13.377,92.035,-12.361,0.000,True,-12.027,-0.460,7.889,-2.517,-0.143,-0.648,0.000,0.000,-12.361,0.000,12.361,-0.157,0.854,0.869,0.750
17:48:13.398,92.055,-14.127,0.000,True,-12.393,-0.392,6.197,-1.415,-0.120,-0.671,0.000,0.000,-14.127,0.000,14.127,-0.102,0.966,0.971,0.650
17:48:13.419,92.076,-14.127,0.000,True,-12.269,-0.420,8.181,-1.206,-0.203,-0.771,0.000,0.000,-14.127,0.000,14.127,-0.095,0.866,0.871,0.675
17:48:13.439,92.097,-15.892,0.000,True,-13.173,-0.319,3.129,-0.209,-0.097,-0.524,0.000,0.000,-15.892,0.000,15.892,-0.041,1.179,1.180,0.807
17:48:13.459,92.117,-15.892,0.000,True,-13.853,-0.237,0.868,0.420,-0.130,-0.412,0.000,0.000,-15.892,0.000,15.892,-0.005,1.347,1.347,0.776
17:48:13.479,92.137,-15.892,0.000,True,-14.362,-0.170,0.328,0.798,-0.078,-0.226,0.000,0.000,-15.892,0.000,15.892,0.018,1.422,1.422,0.427
17:48:13.500,92.158,-15.892,0.000,True,-14.736,-0.116,0.849,1.001,-0.038,-0.105,0.000,0.000,-15.892,0.000,15.892,0.033,1.436,1.436,0.828
17:48:13.521,92.178,-15.892,2.038,True,-15.003,0.421,1.999,4.209,0.149,-0.073,0.000,0.000,-15.892,2.038,16.023,0.228,1.412,1.430,0.760
17:48:13.540,92.198,-15.892,0.000,True,-15.185,0.385,3.487,2.973,0.188,-0.104,0.000,0.000,-15.892,0.000,15.892,0.170,1.365,1.375,0.439
17:48:13.561,92.219,-15.892,0.000,True,-15.298,0.340,5.112,1.951,0.187,-0.114,0.000,0.000,-15.892,0.000,15.892,0.120,1.304,1.310,0.798
17:48:13.581,92.239,-15.892,0.000,True,-15.359,0.290,6.736,1.130,0.123,-0.070,0.000,0.000,-15.892,0.000,15.892,0.079,1.239,1.241,0.847
17:48:13.602,92.259,-15.892,2.038,True,-15.380,0.715,8.266,3.588,0.256,-0.053,0.000,0.000,-15.892,2.038,16.023,0.230,1.173,1.195,0.774
17:48:13.622,92.279,-15.892,2.038,True,-15.372,1.078,9.645,5.021,0.357,-0.093,0.000,0.000,-15.892,2.038,16.023,0.329,1.111,1.159,0.659
17:48:13.643,92.300,-19.424,0.000,True,-16.166,0.904,5.457,2.548,0.248,0.246,0.000,0.000,-19.424,0.000,19.424,0.203,1.376,1.391,0.749
17:48:13.663,92.320,-19.424,2.038,True,-16.839,1.207,3.140,3.785,0.335,0.511,0.000,0.000,-19.424,2.038,19.531,0.288,1.545,1.572,0.871
17:48:13.683,92.341,-19.424,2.038,True,-17.391,1.458,2.266,4.350,0.359,0.564,0.000,0.000,-19.424,2.038,19.531,0.338,1.639,1.674,0.768
17:48:13.704,92.361,-19.424,4.077,True,-17.829,2.134,2.453,7.531,0.388,0.548,0.000,0.000,-19.424,4.077,19.847,0.546,1.675,1.761,0.807
17:48:13.724,92.381,-19.424,2.038,True,-18.162,2.227,3.376,6.033,0.229,0.555,0.000,0.000,-19.424,2.038,19.531,0.489,1.667,1.737,0.491
17:48:13.745,92.402,-19.424,4.077,True,-18.404,2.750,4.766,7.676,0.414,0.688,0.000,0.000,-19.424,4.077,19.847,0.614,1.630,1.742,0.682
17:48:13.765,92.422,-19.424,4.077,True,-18.568,3.176,6.407,8.212,0.462,0.634,0.000,0.000,-19.424,4.077,19.847,0.680,1.574,1.715,0.798
17:48:13.785,92.443,-19.424,4.077,True,-18.669,3.512,8.134,7.941,0.482,0.604,0.000,0.000,-19.424,4.077,19.847,0.702,1.508,1.663,0.711
17:48:13.806,92.463,-22.956,4.077,True,-19.541,3.765,4.424,7.121,0.508,0.920,0.000,0.000,-22.956,4.077,23.315,0.691,1.759,1.890,0.626
17:48:13.826,92.483,-21.190,6.115,True,-19.856,4.421,5.380,9.079,0.642,0.983,0.000,0.000,-21.190,6.115,22.055,0.843,1.748,1.941,0.470
17:48:13.847,92.504,-22.956,4.077,True,-20.495,4.480,4.068,6.543,0.599,1.078,0.000,0.000,-22.956,4.077,23.315,0.737,1.870,2.010,0.557
17:48:13.868,92.525,-21.190,6.115,True,-20.594,4.961,6.723,7.329,0.657,1.024,0.000,0.000,-21.190,6.115,22.055,0.820,1.763,1.944,0.757
17:48:13.888,92.546,-22.956,6.115,True,-21.040,5.342,6.530,7.185,0.692,1.114,0.000,0.000,-22.956,6.115,23.756,0.851,1.816,2.005,0.546
17:48:13.909,92.566,-22.956,6.115,True,-21.385,5.632,7.133,6.398,0.683,1.168,0.000,0.000,-22.956,6.115,23.756,0.846,1.824,2.010,0.762
17:48:13.929,92.586,-22.956,6.115,True,-21.640,5.842,8.262,5.204,0.663,1.193,0.000,0.000,-22.956,6.115,23.756,0.814,1.799,1.975,0.759
17:48:13.950,92.608,-22.956,6.115,True,-21.819,5.986,9.698,3.789,0.620,1.186,0.000,0.000,-22.956,6.115,23.756,0.766,1.754,1.914,0.495
17:48:13.971,92.628,-22.956,6.115,True,-21.934,6.074,11.269,2.298,0.567,1.151,0.000,0.000,-22.956,6.115,23.756,0.709,1.696,1.838,0.631
17:48:13.991,92.649,-22.956,6.115,True,-21.999,6.119,12.850,0.835,0.511,1.105,0.000,0.000,-22.956,6.115,23.756,0.649,1.633,1.757,0.722
17:48:14.012,92.669,-22.956,6.115,True,-22.024,6.131,14.350,-0.529,0.439,1.071,0.000,0.000,-22.956,6.115,23.756,0.590,1.569,1.676,0.827
17:48:14.032,92.689,-22.956,6.115,True,-22.020,6.119,15.712,-1.748,0.359,1.044,0.000,0.000,-22.956,6.115,23.756,0.535,1.508,1.600,0.774
17:48:14.053,92.710,-22.956,4.077,True,-21.996,5.618,16.903,-5.913,0.092,1.009,0.000,0.000,-22.956,4.077,23.315,0.301,1.454,1.484,0.847
17:48:14.073,92.730,-22.956,6.115,True,-21.960,5.643,17.907,-5.590,0.157,1.028,0.000,0.000,-22.956,6.115,23.756,0.318,1.406,1.441,0.613
17:48:14.093,92.751,-22.956,4.077,True,-21.916,5.193,18.727,-8.463,-0.025,1.063,0.000,0.000,-22.956,4.077,23.315,0.146,1.365,1.373,0.617
17:48:14.114,92.771,-22.956,4.077,True,-21.870,4.804,19.372,-10.209,-0.152,1.026,0.000,0.000,-22.956,4.077,23.315,0.030,1.332,1.332,0.797
17:48:14.134,92.791,-22.956,4.077,True,-21.825,4.478,19.859,-11.068,-0.161,1.055,0.000,0.000,-22.956,4.077,23.315,-0.041,1.306,1.307,0.747
17:48:14.155,92.812,-22.956,4.077,True,-21.783,4.215,20.208,-11.259,-0.215,1.014,0.000,0.000,-22.956,4.077,23.315,-0.075,1.286,1.288,0.764
17:48:14.175,92.833,-22.956,4.077,True,-21.745,4.010,20.443,-10.971,-0.253,0.989,0.000,0.000,-22.956,4.077,23.315,-0.083,1.272,1.275,0.544
17:48:14.196,92.853,-22.956,4.077,True,-21.712,3.857,20.583,-10.363,-0.226,0.975,0.000,0.000,-22.956,4.077,23.315,-0.072,1.263,1.265,0.644
17:48:14.216,92.874,-22.956,2.038,True,-21.685,3.276,20.650,-12.677,-0.367,0.980,0.000,0.000,-22.956,2.038,23.046,-0.232,1.257,1.278,0.728
17:48:14.237,92.895,-22.956,0.000,True,-21.663,2.320,20.662,-16.815,-0.624,0.978,0.000,0.000,-22.956,0.000,22.956,-0.510,1.254,1.354,0.797
17:48:14.257,92.915,-19.424,0.000,True,-20.826,1.523,26.027,-18.796,-0.757,0.612,0.000,0.000,-19.424,0.000,19.424,-0.677,0.934,1.154,0.725
17:48:14.278,92.935,-19.424,-2.038,True,-20.101,0.407,29.292,-22.269,-0.791,0.194,0.000,0.000,-19.424,-2.038,19.531,-0.942,0.717,1.184,0.916
17:48:14.298,92.956,-19.424,0.000,True,-19.494,-0.030,30.904,-20.274,-0.696,-0.122,0.000,0.000,-19.424,0.000,19.424,-0.898,0.585,1.072,0.741
17:48:14.318,92.976,-19.424,0.000,True,-19.003,-0.334,31.269,-17.765,-0.788,-0.050,0.000,0.000,-19.424,0.000,19.424,-0.818,0.520,0.969,0.805
17:48:14.339,92.996,-19.424,0.000,True,-18.621,-0.529,30.739,-15.033,-0.776,0.058,0.000,0.000,-19.424,0.000,19.424,-0.716,0.505,0.877,0.925
17:48:14.359,93.017,-19.424,-2.038,True,-18.335,-1.111,29.612,-15.406,-0.776,0.002,0.000,0.000,-19.424,-2.038,19.531,-0.791,0.527,0.950,0.808
17:48:14.380,93.037,-19.424,-2.038,True,-18.134,-1.563,28.127,-14.727,-0.787,0.066,0.000,0.000,-19.424,-2.038,19.531,-0.806,0.572,0.989,0.880
17:48:14.400,93.057,-19.424,-2.038,True,-18.002,-1.899,26.472,-13.347,-0.751,0.152,0.000,0.000,-19.424,-2.038,19.531,-0.779,0.632,1.003,0.793
17:48:14.420,93.078,-19.424,0.000,True,-17.926,-1.663,24.789,-8.439,-0.460,0.220,0.000,0.000,-19.424,0.000,19.424,-0.539,0.698,0.882,0.855
17:48:14.441,93.098,-19.424,0.000,True,-17.893,-1.406,23.179,-4.534,-0.251,0.128,0.000,0.000,-19.424,0.000,19.424,-0.341,0.766,0.839,0.806
17:48:14.461,93.118,-19.424,0.000,True,-17.893,-1.149,21.707,-1.548,-0.425,0.149,0.000,0.000,-19.424,0.000,19.424,-0.183,0.831,0.851,0.620
17:48:14.486,93.144,-17.658,-2.038,True,-17.505,-1.380,23.110,-2.482,-0.471,-0.143,0.000,0.000,-17.658,-2.038,17.775,-0.248,0.730,0.771,0.527
17:48:14.508,93.165,-15.892,-2.038,True,-16.776,-1.571,26.368,-2.904,-0.582,-0.375,0.000,0.000,-15.892,-2.038,16.023,-0.285,0.514,0.588,0.893
17:48:14.527,93.185,-15.892,0.000,True,-16.166,-1.250,27.967,0.169,-0.108,-0.254,0.000,0.000,-15.892,0.000,15.892,-0.118,0.382,0.400,0.490
17:48:14.548,93.205,-15.892,0.000,True,-15.673,-0.957,28.315,2.315,-0.096,-0.054,0.000,0.000,-15.892,0.000,15.892,0.006,0.317,0.318,0.722
17:48:14.568,93.225,-15.892,0.000,True,-15.289,-0.699,27.767,3.693,0.031,-0.381,0.000,0.000,-15.892,0.000,15.892,0.093,0.303,0.317,0.501
17:48:14.591,93.249,-15.892,0.000,True,-15.003,-0.480,26.621,4.457,0.025,-0.494,0.000,0.000,-15.892,0.000,15.892,0.149,0.325,0.358,0.554
17:48:14.612,93.269,-15.892,0.000,True,-14.801,-0.300,25.118,4.749,-0.190,-0.538,0.000,0.000,-15.892,0.000,15.892,0.180,0.371,0.413,0.752
17:48:14.633,93.290,-15.892,0.000,True,-14.669,-0.158,23.447,4.693,-0.376,-0.375,0.000,0.000,-15.892,0.000,15.892,0.191,0.432,0.472,0.807
17:48:14.652,93.310,-15.892,2.038,True,-14.593,0.425,21.749,7.510,-0.213,-0.387,0.000,0.000,-15.892,2.038,16.023,0.374,0.499,0.624,0.445
17:48:14.673,93.330,-15.892,0.000,True,-14.561,0.441,20.127,5.864,-0.220,-0.371,0.000,0.000,-15.892,0.000,15.892,0.303,0.568,0.644,0.444
17:48:14.693,93.351,-15.892,2.038,True,-14.561,0.902,18.645,7.501,-0.347,-0.182,0.000,0.000,-15.892,2.038,16.023,0.421,0.633,0.761,0.549
17:48:14.714,93.371,-15.892,4.077,True,-14.584,1.755,17.344,11.254,-0.167,-0.117,0.000,0.000,-15.892,4.077,16.407,0.672,0.693,0.965,0.825
17:48:14.734,93.392,-15.892,2.038,True,-14.622,1.994,16.240,9.962,-0.200,-0.110,0.000,0.000,-15.892,2.038,16.023,0.639,0.745,0.982,0.741
17:48:14.755,93.413,-15.892,4.077,True,-14.668,2.631,15.335,11.526,-0.060,0.014,0.000,0.000,-15.892,4.077,16.407,0.772,0.790,1.104,0.942
17:48:14.775,93.433,-15.892,4.077,True,-14.717,3.144,14.619,11.797,0.023,0.107,0.000,0.000,-15.892,4.077,16.407,0.835,0.826,1.175,0.577
17:48:14.796,93.453,-15.892,6.115,True,-14.765,4.015,14.076,14.259,0.277,0.151,0.000,0.000,-15.892,6.115,17.028,1.031,0.855,1.339,0.857
17:48:14.817,93.474,-15.892,6.115,True,-14.811,4.722,13.682,14.913,0.404,0.211,0.000,0.000,-15.892,6.115,17.028,1.130,0.877,1.431,0.747
17:48:14.837,93.495,-15.892,6.115,True,-14.852,5.275,13.415,14.263,0.476,0.284,0.000,0.000,-15.892,6.115,17.028,1.157,0.893,1.462,0.771
17:48:14.858,93.515,-15.892,6.115,True,-14.888,5.689,13.252,12.734,0.473,0.340,0.000,0.000,-15.892,6.115,17.028,1.131,0.904,1.448,0.826
17:48:14.878,93.535,-15.892,8.154,True,-14.918,6.457,13.170,13.785,0.594,0.340,0.000,0.000,-15.892,8.154,17.862,1.254,0.910,1.550,0.748
17:48:14.898,93.555,-15.892,8.154,True,-14.942,7.063,13.150,13.379,0.639,0.374,0.000,0.000,-15.892,8.154,17.862,1.297,0.914,1.586,0.431
17:48:14.918,93.576,-15.892,8.154,True,-14.961,7.522,13.175,11.971,0.546,0.387,0.000,0.000,-15.892,8.154,17.862,1.281,0.915,1.574,0.688
17:48:14.939,93.596,-15.892,6.115,True,-14.975,7.379,13.229,6.827,0.276,0.547,0.000,0.000,-15.892,6.115,17.028,1.039,0.914,1.384,0.437
17:48:14.959,93.616,-15.892,8.154,True,-14.985,7.664,13.301,5.667,0.286,0.543,0.000,0.000,-15.892,8.154,17.862,1.016,0.911,1.365,0.458
17:48:14.979,93.637,-15.892,8.154,True,-14.992,7.865,13.382,4.154,0.219,0.554,0.000,0.000,-15.892,8.154,17.862,0.970,0.909,1.329,0.500
17:48:15.000,93.657,-15.892,12.231,True,-14.995,8.943,13.464,8.702,0.520,0.632,0.000,0.000,-15.892,12.231,20.054,1.278,0.905,1.566,0.850
17:48:15.020,93.677,-15.892,12.231,True,-14.726,9.117,15.324,6.075,0.320,0.506,0.000,0.000,-15.892,12.231,20.054,1.180,0.796,1.423,0.328
17:48:15.041,93.698,-15.892,8.154,True,-14.835,8.933,14.303,1.695,0.125,0.706,0.000,0.000,-15.892,8.154,17.862,0.968,0.852,1.290,0.797
17:48:15.061,93.718,-15.892,8.154,True,-14.907,8.750,13.792,-1.662,0.050,0.728,0.000,0.000,-15.892,8.154,17.862,0.802,0.882,1.192,0.408
17:48:15.082,93.739,-15.892,6.115,True,-14.954,8.051,13.576,-7.491,-0.263,0.791,0.000,0.000,-15.892,6.115,17.028,0.474,0.896,1.014,0.800
17:48:15.102,93.759,-15.892,8.154,True,-14.982,7.964,13.529,-8.072,-0.311,0.818,0.000,0.000,-15.892,8.154,17.862,0.440,0.901,1.003,0.787
17:48:15.127,93.785,-15.892,8.154,True,-14.998,7.887,13.568,-8.437,-0.349,0.728,0.000,0.000,-15.892,8.154,17.862,0.416,0.901,0.992,0.825
17:48:15.147,93.805,-15.892,8.154,True,-15.004,7.822,13.645,-8.630,-0.438,0.696,0.000,0.000,-15.892,8.154,17.862,0.401,0.898,0.984,0.738
17:48:15.168,93.825,-15.892,8.154,True,-15.005,7.769,13.730,-8.691,-0.441,0.671,0.000,0.000,-15.892,8.154,17.862,0.393,0.894,0.977,0.782
17:48:15.188,93.845,-14.127,6.115,True,-14.589,7.249,16.483,-11.741,-0.626,0.508,0.000,0.000,-14.127,6.115,15.393,0.207,0.731,0.760,0.839
17:48:15.209,93.866,-12.361,6.115,True,-13.817,6.804,20.868,-13.530,-0.803,0.289,0.000,0.000,-12.361,6.115,13.791,0.083,0.461,0.468,0.935
17:48:15.234,93.892,-12.361,6.115,True,-13.158,6.436,23.394,-14.337,-1.132,0.281,0.000,0.000,-12.361,6.115,13.791,0.011,0.283,0.283,0.491
17:48:15.255,93.913,-12.361,4.077,True,-12.613,5.668,24.478,-17.519,-1.295,0.440,0.000,0.000,-12.361,4.077,13.016,-0.206,0.181,0.275,0.917
17:48:15.275,93.933,-12.361,4.077,True,-12.179,5.029,24.488,-18.990,-1.109,0.492,0.000,0.000,-12.361,4.077,13.016,-0.335,0.137,0.362,0.770
17:48:15.295,93.953,-12.361,4.077,True,-11.845,4.517,23.742,-19.177,-1.129,0.523,0.000,0.000,-12.361,4.077,13.016,-0.395,0.137,0.418,0.721
17:48:15.315,93.973,-12.361,4.077,True,-11.601,4.120,22.507,-18.452,-1.209,0.487,0.000,0.000,-12.361,4.077,13.016,-0.402,0.167,0.436,0.443
17:48:15.336,93.994,-12.361,4.077,True,-11.432,3.827,20.996,-17.126,-1.276,0.471,0.000,0.000,-12.361,4.077,13.016,-0.373,0.216,0.431,0.809
17:48:15.357,94.015,-12.361,4.077,True,-11.012,3.484,21.441,-16.359,-1.148,0.543,0.000,0.000,-12.361,4.077,13.016,-0.374,0.155,0.404,0.689
17:48:15.378,94.035,-12.361,4.077,True,-11.085,3.417,18.543,-13.927,-1.096,0.696,0.000,0.000,-12.361,4.077,13.016,-0.273,0.290,0.398,0.819
17:48:15.398,94.056,-12.361,4.077,True,-11.154,3.389,16.359,-11.782,-1.064,0.889,0.000,0.000,-12.361,4.077,13.016,-0.181,0.393,0.433,0.694
17:48:15.420,94.077,-12.361,4.077,True,-11.220,3.390,14.696,-9.921,-1.010,1.098,0.000,0.000,-12.361,4.077,13.016,-0.099,0.473,0.484,0.803
17:48:15.440,94.097,-12.361,4.077,True,-11.282,3.411,13.424,-8.333,-0.902,1.206,0.000,0.000,-12.361,4.077,13.016,-0.027,0.536,0.536,0.570
17:48:15.461,94.118,-8.829,4.077,True,-10.484,3.446,17.880,-6.999,-0.798,0.847,0.000,0.000,-8.829,4.077,9.725,0.036,0.259,0.262,0.815
17:48:15.481,94.139,-8.829,4.077,True,-9.817,3.490,20.388,-5.899,-0.709,0.627,0.000,0.000,-8.829,4.077,9.725,0.089,0.082,0.121,0.762
17:48:15.502,94.159,-8.829,6.115,True,-9.272,4.019,21.436,-1.919,-0.442,0.554,0.000,0.000,-8.829,6.115,10.740,0.317,-0.019,0.318,0.780
17:48:15.522,94.179,-8.829,10.192,True,-8.840,5.435,21.419,6.849,0.069,0.487,0.000,0.000,-8.829,10.192,13.485,0.846,-0.061,0.848,0.689
17:48:15.542,94.200,-8.829,8.154,True,-8.509,6.174,20.660,9.032,0.377,0.376,0.000,0.000,-8.829,8.154,12.018,1.016,-0.061,1.018,0.801
17:48:15.562,94.220,-8.829,10.192,True,-8.267,7.247,19.419,12.785,0.865,0.198,0.000,0.000,-8.829,10.192,13.485,1.289,-0.030,1.289,0.428
17:48:15.583,94.241,-8.829,12.231,True,-8.099,8.602,17.906,17.345,1.173,0.418,0.000,0.000,-8.829,12.231,15.085,1.626,0.020,1.626,0.781
17:48:15.604,94.261,-8.829,8.154,True,-7.994,8.764,16.285,12.791,1.078,0.187,0.000,0.000,-8.829,8.154,12.018,1.441,0.081,1.443,0.845
17:48:15.624,94.281,-8.829,12.231,True,-7.938,9.766,14.675,14.741,1.352,0.174,0.000,0.000,-8.829,12.231,15.085,1.627,0.146,1.634,0.684
17:48:15.644,94.302,-5.297,14.269,True,-7.099,11.039,18.567,17.839,1.639,-0.118,0.000,0.000,-5.297,14.269,15.221,1.891,-0.110,1.894,0.607
17:48:15.665,94.323,-5.297,14.269,True,-6.395,12.064,20.532,18.353,1.759,-0.218,0.000,0.000,-5.297,14.269,15.221,2.016,-0.267,2.034,0.788
17:48:15.686,94.343,-5.297,12.231,True,-5.825,12.384,21.036,13.904,1.459,-0.304,0.000,0.000,-5.297,12.231,13.329,1.852,-0.346,1.884,0.765
17:48:15.706,94.363,-5.297,14.269,True,-5.379,13.036,20.488,12.559,1.444,-0.280,0.000,0.000,-5.297,14.269,15.221,1.858,-0.366,1.894,0.452
17:48:15.727,94.384,-5.297,14.269,True,-5.046,13.516,19.233,10.244,1.353,-0.177,0.000,0.000,-5.297,14.269,15.221,1.804,-0.344,1.836,0.580
17:48:15.747,94.405,-5.297,14.269,True,-4.809,13.848,17.552,7.378,1.097,0.029,0.000,0.000,-5.297,14.269,15.221,1.710,-0.294,1.736,0.744
17:48:15.769,94.426,-5.297,16.308,True,-4.653,14.533,15.664,7.400,1.223,-0.023,0.000,0.000,-5.297,16.308,17.147,1.780,-0.226,1.794,0.427
17:48:15.789,94.447,-5.297,14.269,True,-4.563,14.586,13.736,3.112,0.895,-0.052,0.000,0.000,-5.297,14.269,15.221,1.596,-0.150,1.603,0.700
17:48:15.810,94.467,-5.297,14.269,True,-4.523,14.560,11.884,-0.745,0.610,-0.045,0.000,0.000,-5.297,14.269,15.221,1.423,-0.072,1.425,0.687
17:48:15.830,94.488,-3.532,12.231,True,-4.110,14.007,12.887,-7.205,0.295,-0.141,0.000,0.000,-3.532,12.231,12.730,1.083,-0.158,1.094,0.707
17:48:15.850,94.508,-3.532,14.269,True,-3.778,13.957,13.052,-8.809,0.191,-0.083,0.000,0.000,-3.532,14.269,14.700,1.007,-0.198,1.026,0.481
17:48:15.872,94.529,-1.766,10.192,True,-3.110,12.947,15.319,-16.360,-0.357,-0.241,0.000,0.000,-1.766,10.192,10.344,0.573,-0.365,0.679,0.725
17:48:15.892,94.549,-1.766,10.192,True,-2.562,12.056,16.153,-21.244,-0.487,-0.261,0.000,0.000,-1.766,10.192,10.344,0.268,-0.457,0.530,0.820
17:48:15.912,94.569,-1.766,10.192,True,-2.129,11.297,15.938,-23.992,-0.679,-0.301,0.000,0.000,-1.766,10.192,10.344,0.071,-0.491,0.496,0.406
17:48:15.933,94.590,-1.766,10.192,True,-1.800,10.672,14.998,-25.091,-0.722,-0.478,0.000,0.000,-1.766,10.192,10.344,-0.040,-0.482,0.484,0.423
17:48:15.953,94.611,-1.766,8.154,True,-1.562,9.701,13.602,-28.087,-0.998,-0.496,0.000,0.000,-1.766,8.154,8.343,-0.270,-0.444,0.520,0.775
17:48:15.974,94.631,-1.766,8.154,True,-1.400,8.911,11.962,-29.038,-1.389,-0.561,0.000,0.000,-1.766,8.154,8.343,-0.391,-0.388,0.551,0.514
17:48:15.994,94.651,-1.766,6.115,True,-1.302,7.815,10.242,-31.618,-1.790,-0.464,0.000,0.000,-1.766,6.115,6.365,-0.614,-0.322,0.693,0.778
17:48:16.014,94.672,-1.766,6.115,True,-1.252,6.935,8.559,-31.986,-2.079,-0.329,0.000,0.000,-1.766,6.115,6.365,-0.718,-0.253,0.761,0.795
17:48:16.034,94.692,-1.766,10.192,True,-1.240,7.201,6.994,-24.559,-1.575,-0.112,0.000,0.000,-1.766,10.192,10.344,-0.364,-0.185,0.408,0.501
17:48:16.054,94.712,-1.766,4.077,True,-1.255,6.098,5.598,-27.832,-1.613,-0.013,0.000,0.000,-1.766,4.077,4.443,-0.619,-0.122,0.631,0.470
17:48:16.075,94.732,-256.044,201.808,False,-1.143,5.541,5.348,-26.561,-1.613,-0.013,0.000,0.000,-256.044,201.808,326.014,0.000,0.000,0.000,0.523
17:48:16.097,94.754,-1.766,6.115,True,-1.242,5.322,3.782,-23.295,-1.483,-0.190,0.000,0.000,-1.766,6.115,6.365,-0.496,-0.043,0.498,0.770
17:48:16.117,94.774,-1.766,4.077,True,-1.326,4.648,2.684,-23.588,-1.330,0.050,0.000,0.000,-1.766,4.077,4.443,-0.576,0.014,0.577,0.715
17:48:16.137,94.795,-1.766,6.115,True,-1.399,4.672,1.920,-19.286,-0.942,0.065,0.000,0.000,-1.766,6.115,6.365,-0.384,0.055,0.388,0.744
17:48:16.157,94.815,-1.766,6.115,True,-1.461,4.740,1.400,-15.641,-0.838,0.005,0.000,0.000,-1.766,6.115,6.365,-0.216,0.084,0.232,0.421
17:48:16.178,94.836,-1.766,10.192,True,-1.513,5.823,1.062,-6.349,-0.328,0.002,0.000,0.000,-1.766,10.192,10.344,0.302,0.104,0.320,0.829
17:48:16.200,94.857,-1.766,6.115,True,-1.557,5.796,0.860,-6.331,-0.289,0.049,0.000,0.000,-1.766,6.115,6.365,0.300,0.118,0.322,0.434
17:48:16.220,94.877,-1.766,6.115,True,-1.593,5.774,0.760,-6.272,-0.192,0.393,0.000,0.000,-1.766,6.115,6.365,0.301,0.126,0.326,0.529
17:48:16.240,94.898,-1.766,8.154,True,-1.622,6.235,0.734,-3.092,-0.057,0.778,0.000,0.000,-1.766,8.154,8.343,0.487,0.130,0.504,0.751
17:48:16.260,94.918,-1.766,6.115,True,-1.644,6.160,0.760,-4.181,-0.128,0.721,0.000,0.000,-1.766,6.115,6.365,0.431,0.131,0.451,0.577
17:48:16.281,94.938,-1.766,8.154,True,-1.661,6.559,0.821,-1.907,-0.177,0.745,0.000,0.000,-1.766,8.154,8.343,0.572,0.130,0.586,0.841
17:48:16.301,94.959,-1.766,8.154,True,-1.673,6.901,0.903,-0.592,0.018,0.824,0.000,0.000,-1.766,8.154,8.343,0.664,0.127,0.676,0.697
17:48:16.322,94.979,-1.766,14.269,True,-1.680,8.603,0.995,9.316,0.803,0.751,0.000,0.000,-1.766,14.269,14.378,1.272,0.124,1.278,0.532
17:48:16.342,95.000,-1.766,8.154,True,-1.685,8.642,1.089,5.731,0.682,0.815,0.000,0.000,-1.766,8.154,8.343,1.117,0.120,1.124,0.448
17:48:16.363,95.021,-1.766,10.192,True,-1.687,9.090,1.179,5.633,0.604,0.753,0.000,0.000,-1.766,10.192,10.344,1.158,0.117,1.164,0.807
17:48:16.384,95.041,-1.766,10.192,True,-1.687,9.433,1.262,4.770,0.543,0.711,0.000,0.000,-1.766,10.192,10.344,1.154,0.113,1.159,0.775
17:48:16.404,95.062,-1.766,10.192,True,-1.686,9.683,1.336,3.416,0.532,0.649,0.000,0.000,-1.766,10.192,10.344,1.119,0.110,1.124,0.878
17:48:16.424,95.082,-1.766,10.192,True,-1.684,9.854,1.398,1.792,0.498,0.633,0.000,0.000,-1.766,10.192,10.344,1.064,0.107,1.070,0.394
17:48:16.444,95.102,-1.766,10.192,True,-1.682,9.960,1.450,0.068,0.490,0.597,0.000,0.000,-1.766,10.192,10.344,0.999,0.104,1.004,0.489
17:48:16.465,95.122,-1.766,10.192,True,-1.679,10.015,1.491,-1.631,0.350,0.543,0.000,0.000,-1.766,10.192,10.344,0.930,0.102,0.935,0.787
17:48:16.485,95.143,-1.766,14.269,True,-1.676,10.979,1.522,3.016,0.678,0.528,0.000,0.000,-1.766,14.269,14.378,1.231,0.100,1.235,0.711
17:48:16.505,95.163,-1.766,10.192,True,-1.674,10.843,1.545,-0.809,0.536,0.523,0.000,0.000,-1.766,10.192,10.344,1.049,0.099,1.053,0.432
17:48:16.528,95.185,-1.766,10.192,True,-1.671,10.679,1.561,-3.932,0.412,0.461,0.000,0.000,-1.766,10.192,10.344,0.894,0.098,0.900,0.782
17:48:16.548,95.205,-1.766,10.192,True,-1.669,10.506,1.571,-6.393,0.384,0.455,0.000,0.000,-1.766,10.192,10.344,0.768,0.098,0.775,0.745
17:48:16.568,95.226,-1.766,10.192,True,-1.668,10.335,1.576,-8.255,0.202,0.214,0.000,0.000,-1.766,10.192,10.344,0.669,0.097,0.676,0.793
17:48:16.588,95.246,-1.766,10.192,True,-1.666,10.175,1.578,-9.595,0.171,0.014,0.000,0.000,-1.766,10.192,10.344,0.594,0.097,0.602,0.718
17:48:16.609,95.266,-1.766,8.154,True,-1.665,9.558,1.577,-13.609,-0.215,0.135,0.000,0.000,-1.766,8.154,8.343,0.355,0.097,0.368,0.725
17:48:16.629,95.287,-1.766,12.231,True,-1.664,9.970,1.574,-9.841,-0.223,0.163,0.000,0.000,-1.766,12.231,12.358,0.563,0.097,0.571,0.800
17:48:16.650,95.307,-1.766,8.154,True,-1.664,9.397,1.570,-13.470,-0.445,0.091,0.000,0.000,-1.766,8.154,8.343,0.345,0.097,0.359,0.808
17:48:16.670,95.328,-1.766,8.154,True,-1.663,8.901,1.566,-15.666,-0.523,0.078,0.000,0.000,-1.766,8.154,8.343,0.199,0.097,0.221,0.712
17:48:16.691,95.348,-1.766,6.115,True,-1.663,8.014,1.562,-19.850,-0.773,0.067,0.000,0.000,-1.766,6.115,6.365,-0.075,0.097,0.123,0.870
17:48:16.711,95.368,-1.766,6.115,True,-1.663,7.268,1.557,-21.989,-0.917,0.229,0.000,0.000,-1.766,6.115,6.365,-0.244,0.098,0.263,0.774
17:48:16.731,95.389,-1.766,6.115,True,-1.663,6.662,1.553,-22.576,-0.781,0.331,0.000,0.000,-1.766,6.115,6.365,-0.330,0.098,0.344,0.833
17:48:16.755,95.412,-1.766,6.115,True,-1.663,6.189,1.549,-22.043,-0.691,0.313,0.000,0.000,-1.766,6.115,6.365,-0.354,0.098,0.367,0.845
17:48:16.775,95.432,-1.766,4.077,True,-1.663,5.360,1.546,-23.868,-0.816,0.374,0.000,0.000,-1.766,4.077,4.443,-0.518,0.098,0.527,0.847
17:48:16.796,95.453,-1.766,4.077,True,-1.663,4.695,1.544,-24.034,-0.916,0.294,0.000,0.000,-1.766,4.077,4.443,-0.591,0.098,0.599,0.827
17:48:16.816,95.474,-1.766,4.077,True,-1.663,4.183,1.542,-23.029,-0.970,0.322,0.000,0.000,-1.766,4.077,4.443,-0.598,0.098,0.606,0.797
17:48:16.836,95.493,-5.297,4.077,True,-2.484,3.804,-3.853,-21.258,-0.972,0.637,0.000,0.000,-5.297,4.077,6.685,-0.558,0.418,0.697,0.434
17:48:16.857,95.514,-5.297,4.077,True,-3.197,3.541,-7.172,-19.047,-0.856,0.867,0.000,0.000,-5.297,4.077,6.685,-0.487,0.636,0.801,0.553
17:48:16.877,95.534,-5.297,4.077,True,-3.340,3.160,-5.865,-18.047,-0.658,0.710,0.000,0.000,-5.297,4.077,6.685,-0.481,0.593,0.763,0.630
17:48:16.897,95.555,-5.297,4.077,True,-3.976,3.160,-7.966,-14.755,-0.625,0.968,0.000,0.000,-5.297,4.077,6.685,-0.335,0.749,0.821,0.800
17:48:16.918,95.575,-5.297,6.115,True,-4.446,3.732,-8.383,-8.591,-0.404,1.060,0.000,0.000,-5.297,6.115,8.091,-0.006,0.815,0.815,0.678
17:48:16.938,95.595,-5.297,6.115,True,-4.788,4.214,-7.810,-4.471,-0.157,1.036,0.000,0.000,-5.297,6.115,8.091,0.224,0.824,0.853,0.568
17:48:16.959,95.616,-5.297,6.115,True,-4.944,4.124,-6.118,-4.931,-0.179,0.883,0.000,0.000,-5.297,6.115,8.091,0.195,0.764,0.789,0.403
17:48:16.979,95.637,-5.297,6.115,True,-5.135,4.647,-4.969,-1.507,0.058,0.587,0.000,0.000,-5.297,6.115,8.091,0.398,0.733,0.834,0.808
17:48:17.000,95.657,-5.297,6.115,True,-5.252,5.030,-3.569,0.198,0.157,0.536,0.000,0.000,-5.297,6.115,8.091,0.512,0.683,0.853,0.757
17:48:17.020,95.677,-5.297,8.154,True,-5.317,5.847,-2.125,4.130,0.387,0.449,0.000,0.000,-5.297,8.154,9.724,0.767,0.625,0.990,0.922
17:48:17.040,95.698,-5.297,6.115,True,-5.344,5.976,-0.744,2.843,0.271,0.335,0.000,0.000,-5.297,6.115,8.091,0.723,0.567,0.919,0.805
17:48:17.063,95.720,-5.297,8.154,True,-5.344,6.549,0.515,4.589,0.364,0.058,0.000,0.000,-5.297,8.154,9.724,0.857,0.512,0.998,0.503
17:48:17.083,95.741,-5.297,8.154,True,-5.325,7.002,1.620,5.118,0.460,-0.192,0.000,0.000,-5.297,8.154,9.724,0.926,0.461,1.034,0.706
17:48:17.104,95.761,-5.297,8.154,True,-5.294,7.352,2.560,4.803,0.480,-0.287,0.000,0.000,-5.297,8.154,9.724,0.947,0.416,1.035,0.751
17:48:17.124,95.782,-7.063,6.115,True,-5.669,7.136,0.657,0.838,0.342,-0.113,0.000,0.000,-7.063,6.115,9.343,0.751,0.538,0.923,0.573
17:48:17.145,95.802,-8.829,8.154,True,-6.395,7.386,-3.062,0.818,0.410,0.098,0.000,0.000,-8.829,8.154,12.018,0.775,0.775,1.096,0.733
17:48:17.165,95.823,-7.063,8.154,True,-6.598,7.577,-2.395,0.372,0.470,0.059,0.000,0.000,-7.063,8.154,10.788,0.774,0.765,1.089,0.752
17:48:17.186,95.843,-7.063,10.192,True,-6.743,8.191,-1.461,2.768,0.610,0.043,0.000,0.000,-7.063,10.192,12.401,0.941,0.739,1.197,0.476
17:48:17.207,95.864,-8.829,12.231,True,-7.250,9.173,-3.095,6.938,0.866,0.252,0.000,0.000,-8.829,12.231,15.085,1.224,0.862,1.496,0.800
17:48:17.227,95.884,-8.829,8.154,True,-7.665,9.042,-3.651,2.648,0.611,0.321,0.000,0.000,-8.829,8.154,12.018,1.021,0.928,1.380,0.651
17:48:17.247,95.905,-8.829,12.231,True,-7.992,9.825,-3.420,5.362,0.935,0.326,0.000,0.000,-8.829,12.231,15.085,1.219,0.950,1.546,0.623
17:48:17.267,95.925,-8.829,10.192,True,-8.239,9.993,-2.647,3.257,0.882,0.368,0.000,0.000,-8.829,10.192,13.485,1.143,0.941,1.480,0.582
17:48:17.288,95.946,-8.829,8.154,True,-8.417,9.615,-1.538,-2.013,0.639,0.387,0.000,0.000,-8.829,8.154,12.018,0.873,0.910,1.260,0.715
17:48:17.308,95.966,-8.829,6.115,True,-8.537,8.769,-0.253,-9.110,0.251,0.389,0.000,0.000,-8.829,6.115,10.740,0.475,0.865,0.987,0.762
17:48:17.329,95.986,-8.829,12.231,True,-8.609,9.435,1.083,-4.502,0.442,0.374,0.000,0.000,-8.829,12.231,15.085,0.745,0.813,1.103,0.812
17:48:17.349,96.006,-8.829,6.115,True,-8.643,8.593,2.383,-10.978,-0.062,0.248,0.000,0.000,-8.829,6.115,10.740,0.375,0.759,0.847,0.709
17:48:17.369,96.027,-8.829,6.115,True,-8.650,7.848,3.586,-15.204,-0.277,0.115,0.000,0.000,-8.829,6.115,10.740,0.114,0.707,0.716,0.741
17:48:17.390,96.047,-8.829,6.115,True,-8.637,7.212,4.654,-17.623,-0.439,0.139,0.000,0.000,-8.829,6.115,10.740,-0.057,0.658,0.661,0.506
17:48:17.410,96.068,-8.829,6.115,True,-8.610,6.686,5.570,-18.645,-0.477,0.145,0.000,0.000,-8.829,6.115,10.740,-0.154,0.615,0.634,0.784
17:48:17.431,96.088,-8.829,10.192,True,-8.575,7.215,6.329,-12.400,-0.132,0.135,0.000,0.000,-8.829,10.192,13.485,0.174,0.578,0.604,0.834
17:48:17.451,96.108,-10.595,12.231,True,-8.948,8.191,4.238,-4.716,0.355,0.287,0.000,0.000,-10.595,12.231,16.182,0.611,0.708,0.935,0.705
17:48:17.471,96.128,-10.595,6.115,True,-9.266,7.636,3.046,-8.997,0.119,0.328,0.000,0.000,-10.595,6.115,12.233,0.366,0.792,0.873,0.480
17:48:17.492,96.149,-10.595,6.115,True,-9.528,7.145,2.550,-11.798,-0.069,0.383,0.000,0.000,-10.595,6.115,12.233,0.194,0.840,0.862,0.743
17:48:17.511,96.169,-10.595,6.115,True,-9.737,6.724,2.568,-13.408,-0.181,0.378,0.000,0.000,-10.595,6.115,12.233,0.081,0.860,0.864,0.410
17:48:17.532,96.190,-10.595,6.115,True,-9.897,6.377,2.947,-14.094,-0.245,0.426,0.000,0.000,-10.595,6.115,12.233,0.016,0.860,0.860,0.812
17:48:17.553,96.210,-12.361,6.115,True,-10.424,6.100,0.860,-14.095,-0.250,0.568,0.000,0.000,-12.361,6.115,13.791,-0.012,1.004,1.005,0.706
17:48:17.573,96.230,-12.361,4.077,True,-10.861,5.413,-0.061,-16.729,-0.479,0.566,0.000,0.000,-12.361,4.077,13.016,-0.197,1.089,1.106,0.710
17:48:17.595,96.253,-12.361,4.077,True,-11.210,4.846,-0.113,-17.854,-0.405,0.651,0.000,0.000,-12.361,4.077,13.016,-0.303,1.126,1.166,1.084
17:48:17.615,96.273,-12.361,4.077,True,-11.479,4.393,0.447,-17.860,-0.549,0.618,0.000,0.000,-12.361,4.077,13.016,-0.349,1.128,1.181,0.431
17:48:17.635,96.293,-12.361,2.038,True,-11.677,3.572,1.405,-20.193,-0.984,0.642,0.000,0.000,-12.361,2.038,12.528,-0.534,1.106,1.228,0.391
17:48:17.656,96.313,-12.361,2.038,True,-11.814,2.906,2.590,-20.821,-1.210,0.396,0.000,0.000,-12.361,2.038,12.528,-0.628,1.067,1.238,0.599
17:48:17.677,96.334,-12.361,2.038,True,-11.902,2.385,3.869,-20.218,-1.012,0.466,0.000,0.000,-12.361,2.038,12.528,-0.654,1.019,1.211,0.788
17:48:17.702,96.359,-12.361,2.038,True,-11.824,1.980,5.963,-18.875,-0.875,0.393,0.000,0.000,-12.361,2.038,12.528,-0.635,0.919,1.117,0.654
17:48:17.722,96.380,-15.892,0.000,True,-12.886,1.151,0.298,-20.461,-0.825,1.000,0.000,0.000,-15.892,0.000,15.892,-0.788,1.275,1.499,0.628
17:48:17.742,96.400,-15.892,2.038,True,-13.683,1.088,-2.156,-16.658,-0.643,1.102,0.000,0.000,-15.892,2.038,16.023,-0.626,1.463,1.592,0.725
17:48:17.763,96.420,-15.892,2.038,True,-14.281,1.083,-2.631,-13.306,-0.333,1.380,0.000,0.000,-15.892,2.038,16.023,-0.479,1.544,1.617,0.705
17:48:17.783,96.440,-15.892,0.000,True,-14.720,0.614,-1.893,-13.597,-0.170,1.127,0.000,0.000,-15.892,0.000,15.892,-0.539,1.555,1.646,0.685
17:48:17.805,96.463,-15.892,2.038,True,-15.032,0.753,-0.438,-9.887,0.162,1.032,0.000,0.000,-15.892,2.038,16.023,-0.361,1.523,1.565,0.357
17:48:17.827,96.485,-15.892,0.000,True,-15.244,0.423,1.395,-9.990,-0.076,1.154,0.000,0.000,-15.892,0.000,15.892,-0.399,1.463,1.516,0.787
17:48:17.848,96.505,-15.892,2.038,True,-15.375,0.651,3.375,-6.419,0.062,1.089,0.000,0.000,-15.892,2.038,16.023,-0.218,1.389,1.406,0.749
17:48:17.868,96.525,-15.892,2.038,True,-15.445,0.877,5.342,-3.673,0.265,0.963,0.000,0.000,-15.892,2.038,16.023,-0.074,1.309,1.311,0.635
17:48:17.888,96.546,-15.892,0.000,True,-15.467,0.617,7.189,-4.741,0.259,0.794,0.000,0.000,-15.892,0.000,15.892,-0.148,1.229,1.238,0.774
17:48:17.909,96.566,-15.892,2.038,True,-15.456,0.874,8.849,-2.130,0.375,0.757,0.000,0.000,-15.892,2.038,16.023,-0.007,1.155,1.155,0.785
17:48:17.929,96.587,-15.892,2.038,True,-15.421,1.112,10.286,-0.277,0.422,0.708,0.000,0.000,-15.892,2.038,16.023,0.099,1.088,1.093,0.717
17:48:17.950,96.607,-15.892,2.038,True,-15.373,1.323,11.488,0.943,0.485,0.614,0.000,0.000,-15.892,2.038,16.023,0.174,1.030,1.045,0.695
17:48:17.971,96.628,-15.892,2.038,True,-15.317,1.504,12.459,1.650,0.558,0.584,0.000,0.000,-15.892,2.038,16.023,0.223,0.982,1.007,0.782
17:48:17.991,96.648,-15.892,2.038,True,-15.260,1.653,13.214,1.960,0.574,0.542,0.000,0.000,-15.892,2.038,16.023,0.252,0.943,0.976,0.541
17:48:18.011,96.669,-15.892,0.000,True,-15.204,1.299,13.777,-1.150,0.426,0.582,0.000,0.000,-15.892,0.000,15.892,0.079,0.912,0.916,0.747
17:48:18.031,96.689,-15.892,0.000,True,-15.153,0.979,14.175,-3.267,0.293,0.475,0.000,0.000,-15.892,0.000,15.892,-0.046,0.890,0.891,0.446
17:48:18.052,96.709,-15.892,0.000,True,-15.107,0.701,14.436,-4.571,0.160,0.475,0.000,0.000,-15.892,0.000,15.892,-0.132,0.874,0.883,0.750
17:48:18.072,96.729,-12.361,0.000,True,-14.247,0.468,19.993,-5.235,-0.006,0.134,0.000,0.000,-12.361,0.000,12.361,-0.184,0.542,0.573,0.496
17:48:18.092,96.750,-12.361,0.000,True,-13.501,0.279,23.381,-5.412,0.051,0.111,0.000,0.000,-12.361,0.000,12.361,-0.211,0.318,0.382,0.489
17:48:18.113,96.770,-12.361,0.000,True,-12.877,0.131,25.064,-5.240,0.207,-0.096,0.000,0.000,-12.361,0.000,12.361,-0.218,0.181,0.284,0.643
17:48:18.134,96.791,-12.361,0.000,True,-12.372,0.020,25.459,-4.831,0.322,-0.195,0.000,0.000,-12.361,0.000,12.361,-0.211,0.113,0.240,0.716
17:48:18.154,96.812,-12.361,0.000,True,-11.979,-0.059,24.932,-4.280,0.328,-0.149,0.000,0.000,-12.361,0.000,12.361,-0.195,0.097,0.218,0.858
17:48:18.175,96.832,-12.361,0.000,True,-11.685,-0.111,23.787,-3.660,0.326,-0.115,0.000,0.000,-12.361,0.000,12.361,-0.173,0.119,0.209,0.836
17:48:18.195,96.852,-12.361,0.000,True,-11.477,-0.141,22.271,-3.024,0.312,-0.060,0.000,0.000,-12.361,0.000,12.361,-0.148,0.165,0.221,0.593
17:48:18.215,96.873,-12.361,0.000,True,-11.340,-0.155,20.579,-2.413,0.317,-0.005,0.000,0.000,-12.361,0.000,12.361,-0.122,0.226,0.257,0.745
17:48:18.236,96.893,-12.361,0.000,True,-11.262,-0.156,18.855,-1.852,0.342,0.067,0.000,0.000,-12.361,0.000,12.361,-0.097,0.294,0.310,0.762
17:48:18.256,96.914,-12.361,-2.038,True,-11.227,-0.622,17.204,-4.470,0.157,0.167,0.000,0.000,-12.361,-2.038,12.528,-0.259,0.363,0.447,0.871
17:48:18.277,96.935,-12.361,0.000,True,-11.227,-0.546,15.695,-2.851,0.228,0.266,0.000,0.000,-12.361,0.000,12.361,-0.180,0.430,0.466,0.673
17:48:18.298,96.955,-12.361,0.000,True,-11.249,-0.463,14.367,-1.560,0.274,0.344,0.000,0.000,-12.361,0.000,12.361,-0.115,0.491,0.504,0.406
17:48:18.318,96.975,-12.361,0.000,True,-11.287,-0.379,13.239,-0.569,0.325,0.409,0.000,0.000,-12.361,0.000,12.361,-0.063,0.544,0.548,0.788
17:48:18.341,96.999,-12.361,0.000,True,-11.022,-0.391,14.357,-0.439,0.324,0.353,0.000,0.000,-12.361,0.000,12.361,-0.058,0.469,0.472,0.467
17:48:18.361,97.019,-12.361,0.000,True,-11.193,-0.287,12.387,0.401,0.369,0.458,0.000,0.000,-12.361,0.000,12.361,-0.011,0.573,0.573,0.557
17:48:18.382,97.040,-12.361,0.000,True,-11.323,-0.204,11.180,0.893,0.381,0.487,0.000,0.000,-12.361,0.000,12.361,0.019,0.639,0.639,0.691
17:48:18.402,97.060,-12.361,0.000,True,-11.422,-0.139,10.465,1.154,0.419,0.509,0.000,0.000,-12.361,0.000,12.361,0.037,0.680,0.681,0.461
17:48:18.423,97.081,-15.892,0.000,True,-12.372,-0.087,4.557,1.259,0.495,0.828,0.000,0.000,-15.892,0.000,15.892,0.047,1.036,1.037,1.014
17:48:18.444,97.102,-15.892,0.000,True,-13.156,-0.047,1.144,1.258,0.605,1.286,0.000,0.000,-15.892,0.000,15.892,0.051,1.265,1.266,0.750
17:48:18.465,97.122,-15.892,0.000,True,-13.790,-0.017,-0.454,1.186,0.672,1.307,0.000,0.000,-15.892,0.000,15.892,0.051,1.399,1.400,0.807
17:48:18.485,97.143,-15.892,2.038,True,-14.293,0.486,-0.753,4.162,0.940,1.484,0.000,0.000,-15.892,2.038,16.023,0.232,1.462,1.481,0.755
17:48:18.505,97.163,-15.892,0.000,True,-14.679,0.436,-0.150,2.822,0.928,1.643,0.000,0.000,-15.892,0.000,15.892,0.168,1.474,1.484,0.692
17:48:18.526,97.184,-15.892,2.038,True,-14.964,0.853,1.041,4.823,1.118,1.652,0.000,0.000,-15.892,2.038,16.023,0.298,1.450,1.481,0.952
17:48:18.547,97.204,-15.892,0.000,True,-15.164,0.728,2.577,2.767,1.029,1.499,0.000,0.000,-15.892,0.000,15.892,0.195,1.403,1.416,0.710
17:48:18.568,97.225,-15.892,0.000,True,-15.294,0.602,4.269,1.171,0.875,1.339,0.000,0.000,-15.892,0.000,15.892,0.112,1.341,1.346,0.696
17:48:18.589,97.246,-15.892,2.038,True,-15.367,0.953,5.979,3.100,0.846,1.437,0.000,0.000,-15.892,2.038,16.023,0.232,1.273,1.294,0.719
17:48:18.609,97.267,-15.892,0.000,True,-15.397,0.779,7.608,1.070,0.726,1.453,0.000,0.000,-15.892,0.000,15.892,0.125,1.204,1.210,1.001
17:48:18.630,97.287,-15.892,0.000,True,-15.396,0.615,9.091,-0.413,0.639,1.345,0.000,0.000,-15.892,0.000,15.892,0.043,1.138,1.139,0.827
17:48:18.650,97.308,-15.892,0.000,True,-15.372,0.465,10.391,-1.430,0.569,1.303,0.000,0.000,-15.892,0.000,15.892,-0.017,1.079,1.079,0.713
17:48:18.671,97.328,-15.892,-2.038,True,-15.333,-0.139,11.491,-5.187,0.322,1.240,0.000,0.000,-15.892,-2.038,16.023,-0.243,1.026,1.054,0.883
17:48:18.691,97.348,-15.892,0.000,True,-15.287,-0.186,12.391,-4.317,0.333,1.196,0.000,0.000,-15.892,0.000,15.892,-0.209,0.982,1.004,0.677
17:48:18.712,97.369,-15.892,0.000,True,-15.238,-0.209,13.102,-3.470,0.322,1.223,0.000,0.000,-15.892,0.000,15.892,-0.174,0.945,0.961,0.707
17:48:18.732,97.390,-15.892,-2.038,True,-15.189,-0.688,13.641,-5.805,0.239,1.220,0.000,0.000,-15.892,-2.038,16.023,-0.325,0.917,0.973,0.535
17:48:18.753,97.411,-15.892,-2.038,True,-15.143,-1.091,14.031,-7.026,0.188,1.193,0.000,0.000,-15.892,-2.038,16.023,-0.419,0.895,0.988,0.893
17:48:18.774,97.431,-15.892,-2.038,True,-15.102,-1.419,14.295,-7.398,0.102,1.202,0.000,0.000,-15.892,-2.038,16.023,-0.468,0.879,0.996,0.540
17:48:18.795,97.452,-15.892,-2.038,True,-15.066,-1.677,14.456,-7.156,0.058,1.130,0.000,0.000,-15.892,-2.038,16.023,-0.484,0.869,0.994,0.392
17:48:18.816,97.473,-14.127,-2.038,True,-14.626,-1.871,17.235,-6.497,0.068,0.969,0.000,0.000,-14.127,-2.038,14.273,-0.474,0.702,0.847,0.753
17:48:18.837,97.494,-12.361,-2.038,True,-13.835,-2.009,21.611,-5.581,0.086,0.717,0.000,0.000,-12.361,-2.038,12.528,-0.447,0.430,0.620,0.902
17:48:18.857,97.515,-17.658,-6.115,True,-14.392,-3.049,15.993,-10.764,-0.273,0.993,0.000,0.000,-17.658,-6.115,18.687,-0.780,0.733,1.071,0.801
17:48:18.878,97.535,-12.361,-2.038,True,-13.674,-2.980,20.113,-7.288,-0.160,0.719,0.000,0.000,-12.361,-2.038,12.528,-0.620,0.480,0.784,0.786
17:48:18.897,97.555,-12.361,-2.038,True,-13.060,-2.873,22.490,-4.355,-0.047,0.528,0.000,0.000,-12.361,-2.038,12.528,-0.480,0.313,0.573,0.498
17:48:18.918,97.575,-12.361,-4.077,True,-12.552,-3.219,23.515,-5.076,-0.149,0.452,0.000,0.000,-12.361,-4.077,13.016,-0.546,0.217,0.588,0.419
17:48:18.938,97.596,-12.361,-4.077,True,-12.147,-3.497,23.536,-5.108,0.028,0.357,0.000,0.000,-12.361,-4.077,13.016,-0.575,0.176,0.601,0.447
17:48:18.960,97.617,-12.361,-4.077,True,-11.835,-3.710,22.852,-4.657,0.091,0.199,0.000,0.000,-12.361,-4.077,13.016,-0.577,0.175,0.602,0.907
17:48:18.980,97.637,-12.361,-4.077,True,-11.606,-3.867,21.710,-3.891,0.352,-0.219,0.000,0.000,-12.361,-4.077,13.016,-0.558,0.202,0.594,0.535
17:48:19.000,97.657,-12.361,-4.077,True,-11.448,-3.975,20.311,-2.946,0.256,-0.104,0.000,0.000,-12.361,-4.077,13.016,-0.528,0.248,0.583,0.678
17:48:19.021,97.678,-10.595,-4.077,True,-10.938,-4.044,21.504,-1.927,0.243,-0.164,0.000,0.000,-10.595,-4.077,11.352,-0.489,0.145,0.510,0.772
17:48:19.041,97.698,-10.595,-4.077,True,-10.528,-4.081,21.669,-0.913,0.240,-0.228,0.000,0.000,-10.595,-4.077,11.352,-0.448,0.096,0.459,0.919
17:48:19.061,97.719,-8.829,-6.115,True,-9.801,-4.568,23.800,-3.070,0.108,-0.447,0.000,0.000,-8.829,-6.115,10.740,-0.592,-0.070,0.596,0.753
17:48:19.082,97.739,-8.829,-6.115,True,-9.210,-4.975,24.412,-4.122,-0.037,-0.545,0.000,0.000,-8.829,-6.115,10.740,-0.679,-0.157,0.697,0.718
17:48:19.102,97.759,-8.829,-6.115,True,-8.746,-5.303,23.926,-4.343,-0.172,-0.543,0.000,0.000,-8.829,-6.115,10.740,-0.722,-0.181,0.744,0.632
17:48:19.122,97.780,-8.829,-6.115,True,-8.398,-5.558,22.697,-3.968,-0.190,-0.526,0.000,0.000,-8.829,-6.115,10.740,-0.731,-0.162,0.749,0.538
17:48:19.143,97.800,-8.829,-8.154,True,-8.150,-6.222,21.013,-6.308,-0.397,-0.463,0.000,0.000,-8.829,-8.154,12.018,-0.901,-0.112,0.908,0.767
17:48:19.163,97.820,-8.829,-10.192,True,-7.985,-7.241,19.102,-10.328,-0.661,-0.440,0.000,0.000,-8.829,-10.192,13.485,-1.180,-0.045,1.181,0.613
17:48:19.184,97.842,-8.829,-8.154,True,-7.888,-7.612,17.138,-8.982,-0.599,-0.363,0.000,0.000,-8.829,-8.154,12.018,-1.158,0.032,1.158,0.876
17:48:19.204,97.862,-8.829,-8.154,True,-7.843,-7.876,15.244,-7.156,-0.299,-0.443,0.000,0.000,-8.829,-8.154,12.018,-1.103,0.111,1.109,0.420
17:48:19.225,97.883,-8.829,-8.154,True,-7.838,-8.050,13.502,-5.095,-0.255,-0.453,0.000,0.000,-8.829,-8.154,12.018,-1.030,0.188,1.047,0.638
17:48:19.246,97.903,-8.829,-8.154,True,-7.861,-8.153,11.963,-2.982,-0.537,0.322,0.000,0.000,-8.829,-8.154,12.018,-0.947,0.258,0.981,0.680
17:48:19.266,97.923,-8.829,-8.154,True,-7.902,-8.199,10.650,-0.947,-0.249,0.837,0.000,0.000,-8.829,-8.154,12.018,-0.862,0.320,0.919,0.786
17:48:19.286,97.943,-10.595,-10.192,True,-8.364,-8.676,6.870,-2.193,-0.656,0.938,0.000,0.000,-10.595,-10.192,14.702,-0.964,0.533,1.102,0.460
17:48:19.306,97.964,-8.829,-10.192,True,-8.367,-9.062,7.046,-2.459,-1.144,1.319,0.000,0.000,-8.829,-10.192,13.485,-1.015,0.526,1.143,0.684
17:48:19.327,97.985,-8.829,-8.154,True,-8.366,-8.889,7.205,1.088,-0.947,1.207,0.000,0.000,-8.829,-8.154,12.018,-0.841,0.519,0.988,0.644
17:48:19.347,98.005,-8.829,-8.154,True,-8.363,-8.701,7.344,3.905,-1.031,0.797,0.000,0.000,-8.829,-8.154,12.018,-0.698,0.512,0.866,0.651
17:48:19.368,98.025,-8.829,-8.154,True,-8.359,-8.514,7.460,6.056,-1.049,0.893,0.000,0.000,-8.829,-8.154,12.018,-0.584,0.507,0.773,0.812
17:48:19.388,98.045,-12.361,-10.192,True,-9.174,-8.811,2.161,4.508,-0.970,1.341,0.000,0.000,-12.361,-10.192,16.021,-0.682,0.822,1.068,0.838
17:48:19.409,98.066,-12.361,-8.154,True,-9.881,-8.589,-1.083,6.776,-0.874,1.541,0.000,0.000,-12.361,-8.154,14.808,-0.560,1.036,1.178,0.782
17:48:19.429,98.087,-10.595,-8.154,True,-10.064,-8.384,-0.012,8.384,-0.764,1.468,0.000,0.000,-10.595,-8.154,13.369,-0.468,1.007,1.110,0.780
17:48:19.450,98.107,-10.595,-8.154,True,-10.187,-8.202,1.246,9.442,-0.816,1.322,0.000,0.000,-10.595,-8.154,13.369,-0.403,0.964,1.045,0.723
17:48:19.470,98.128,-10.595,-8.154,True,-10.263,-8.046,2.565,10.056,-0.731,1.309,0.000,0.000,-10.595,-8.154,13.369,-0.361,0.913,0.982,0.777
17:48:19.491,98.148,-8.829,-8.154,True,-9.890,-7.916,6.552,10.324,-0.542,1.165,0.000,0.000,-8.829,-8.154,12.018,-0.336,0.700,0.776,0.799
17:48:19.511,98.168,-8.829,-8.154,True,-9.543,-7.813,9.411,10.337,-0.554,0.910,0.000,0.000,-8.829,-8.154,12.018,-0.325,0.539,0.629,0.718
17:48:19.533,98.190,-8.829,-8.154,True,-9.233,-7.734,11.321,10.169,-0.559,0.799,0.000,0.000,-8.829,-8.154,12.018,-0.325,0.424,0.534,0.735
17:48:19.553,98.211,-8.829,-8.154,True,-8.965,-7.675,12.462,9.883,-0.561,0.713,0.000,0.000,-8.829,-8.154,12.018,-0.331,0.346,0.479,0.899
17:48:19.574,98.231,-8.829,-8.154,True,-8.742,-7.635,13.001,9.531,-0.626,0.641,0.000,0.000,-8.829,-8.154,12.018,-0.343,0.300,0.456,0.852
17:48:19.594,98.251,-8.829,-6.115,True,-8.563,-7.135,13.088,12.264,-0.449,0.615,0.000,0.000,-8.829,-6.115,10.740,-0.172,0.279,0.328,0.730
17:48:19.614,98.271,-8.829,-6.115,True,-8.424,-6.710,12.854,13.801,-0.472,0.564,0.000,0.000,-8.829,-6.115,10.740,-0.062,0.275,0.282,0.775
17:48:19.634,98.291,-8.829,-4.077,True,-8.321,-5.886,12.408,17.527,-0.302,0.427,0.000,0.000,-8.829,-4.077,9.725,0.185,0.284,0.339,0.487
17:48:19.655,98.312,-8.829,-6.115,True,-8.248,-5.671,11.836,16.262,-0.301,0.092,0.000,0.000,-8.829,-6.115,10.740,0.151,0.302,0.338,0.734
17:48:19.675,98.333,-8.829,-4.077,True,-8.201,-5.051,11.209,17.889,0.003,0.411,0.000,0.000,-8.829,-4.077,9.725,0.285,0.325,0.432,0.766
17:48:19.696,98.353,-8.829,-4.077,True,-8.175,-4.550,10.577,18.245,0.305,-0.014,0.000,0.000,-8.829,-4.077,9.725,0.350,0.351,0.496,0.535
17:48:19.716,98.374,-7.063,-2.038,True,-7.754,-3.686,12.672,20.803,0.442,-0.458,0.000,0.000,-7.063,-2.038,7.352,0.550,0.216,0.591,0.749
17:48:19.737,98.394,-7.063,-2.038,True,-7.399,-2.984,13.785,21.555,0.509,-0.528,0.000,0.000,-7.063,-2.038,7.352,0.653,0.131,0.666,0.840
17:48:19.757,98.414,-5.297,0.000,True,-6.699,-1.960,16.844,24.112,0.689,-0.824,0.000,0.000,-5.297,0.000,5.297,0.868,-0.074,0.871,0.848
17:48:19.777,98.435,-5.297,0.000,True,-6.115,-1.134,18.319,24.584,0.806,-1.055,0.000,0.000,-5.297,0.000,5.297,0.972,-0.197,0.991,0.706
17:48:19.798,98.455,-5.297,2.038,True,-5.644,-0.020,18.603,26.682,1.088,-1.061,0.000,0.000,-5.297,2.038,5.676,1.176,-0.257,1.203,0.792
17:48:19.818,98.475,-5.297,2.038,True,-5.278,0.868,18.036,26.595,1.286,-0.988,0.000,0.000,-5.297,2.038,5.676,1.261,-0.268,1.289,0.616
17:48:19.839,98.496,-5.297,2.038,True,-5.005,1.548,16.904,24.980,1.212,-0.971,0.000,0.000,-5.297,2.038,5.676,1.257,-0.246,1.281,0.827
17:48:19.859,98.516,-5.297,2.038,True,-4.814,2.046,15.437,22.382,1.117,-0.928,0.000,0.000,-5.297,2.038,5.676,1.192,-0.200,1.209,0.399
17:48:19.880,98.538,-5.297,2.038,True,-4.689,2.388,13.816,19.237,1.020,-0.824,0.000,0.000,-5.297,2.038,5.676,1.088,-0.141,1.097,0.850
17:48:19.901,98.558,-5.297,2.038,True,-4.618,2.602,12.175,15.881,0.903,-0.748,0.000,0.000,-5.297,2.038,5.676,0.961,-0.076,0.964,0.806
17:48:19.921,98.578,-5.297,2.038,True,-4.589,2.715,10.611,12.561,0.744,-0.659,0.000,0.000,-5.297,2.038,5.676,0.826,-0.009,0.826,0.496
17:48:19.942,98.599,-5.297,4.077,True,-4.591,3.224,9.186,12.560,0.830,-0.560,0.000,0.000,-5.297,4.077,6.685,0.877,0.054,0.878,0.781
17:48:19.963,98.621,-5.297,4.077,True,-4.614,3.615,7.936,11.677,0.797,-0.521,0.000,0.000,-5.297,4.077,6.685,0.877,0.111,0.884,0.753
17:48:19.984,98.641,-5.297,4.077,True,-4.651,3.902,6.878,10.224,0.780,-0.455,0.000,0.000,-5.297,4.077,6.685,0.841,0.161,0.857,0.716
17:48:20.004,98.661,-5.297,6.115,True,-4.695,4.573,6.013,11.564,0.964,-0.383,0.000,0.000,-5.297,6.115,8.091,0.968,0.204,0.989,0.562
17:48:20.024,98.682,-5.297,6.115,True,-4.743,5.109,5.329,11.578,1.337,-0.713,0.000,0.000,-5.297,6.115,8.091,1.022,0.239,1.050,0.774
17:48:20.044,98.702,-5.297,4.077,True,-4.790,5.047,4.811,7.549,1.439,-0.322,0.000,0.000,-5.297,4.077,6.685,0.838,0.267,0.879,0.471
17:48:20.065,98.722,-5.297,10.192,True,-4.834,6.358,4.437,13.455,1.320,-0.221,0.000,0.000,-5.297,10.192,11.487,1.230,0.288,1.263,0.819
17:48:20.085,98.742,-7.063,2.038,True,-5.284,5.561,1.488,3.920,0.418,0.301,0.000,0.000,-7.063,2.038,7.352,0.729,0.463,0.864,0.376
17:48:20.106,98.763,-8.829,4.077,True,-6.085,5.277,-3.021,0.036,0.581,0.616,0.000,0.000,-8.829,4.077,9.725,0.529,0.742,0.911,0.670
17:48:20.126,98.783,-8.829,4.077,True,-6.769,4.998,-5.596,-2.885,0.699,0.878,0.000,0.000,-8.829,4.077,9.725,0.373,0.924,0.996,0.653
17:48:20.146,98.804,-8.829,2.038,True,-7.333,4.266,-6.673,-8.082,0.332,1.043,0.000,0.000,-8.829,2.038,9.061,0.070,1.028,1.030,0.442
17:48:20.167,98.824,-8.829,4.077,True,-7.783,4.098,-6.642,-8.268,0.268,1.142,0.000,0.000,-8.829,4.077,9.725,0.045,1.072,1.072,0.726
17:48:20.187,98.844,-8.829,8.154,True,-8.128,4.914,-5.835,-1.915,0.694,0.829,0.000,0.000,-8.829,8.154,12.018,0.407,1.070,1.145,0.688
17:48:20.207,98.865,-8.829,4.077,True,-8.381,4.690,-4.528,-3.970,0.519,0.483,0.000,0.000,-8.829,4.077,9.725,0.294,1.038,1.079,0.615
17:48:20.227,98.885,-10.595,4.077,True,-8.965,4.486,-5.639,-5.388,0.401,0.580,0.000,0.000,-10.595,4.077,11.352,0.211,1.145,1.165,0.473
17:48:20.248,98.905,-10.595,2.038,True,-9.430,3.835,-5.603,-9.395,0.247,0.724,0.000,0.000,-10.595,2.038,10.789,-0.031,1.190,1.191,0.684
17:48:20.270,98.927,-10.595,4.077,True,-9.787,3.747,-4.765,-8.675,0.319,0.292,0.000,0.000,-10.595,4.077,11.352,-0.008,1.189,1.189,0.440
17:48:20.290,98.948,-12.361,4.077,True,-10.458,3.690,-6.108,-7.889,0.183,0.552,0.000,0.000,-12.361,4.077,13.016,0.021,1.315,1.316,0.545
17:48:20.311,98.968,-12.361,2.038,True,-10.994,3.186,-6.125,-10.214,0.042,0.502,0.000,0.000,-12.361,2.038,12.528,-0.132,1.370,1.376,0.386
17:48:20.331,98.989,-12.361,4.077,True,-11.405,3.236,-5.211,-8.269,-0.003,0.599,0.000,0.000,-12.361,4.077,13.016,-0.041,1.371,1.371,0.570
17:48:20.352,99.009,-12.361,2.038,True,-11.707,2.831,-3.695,-9.760,-0.292,0.582,0.000,0.000,-12.361,2.038,12.528,-0.148,1.334,1.342,0.972
17:48:20.372,99.029,-12.361,2.038,True,-11.916,2.497,-1.840,-10.368,-0.203,0.669,0.000,0.000,-12.361,2.038,12.528,-0.208,1.273,1.290,0.595
17:48:20.392,99.050,-12.361,4.077,True,-12.047,2.705,0.152,-7.211,0.214,0.567,0.000,0.000,-12.361,4.077,13.016,-0.048,1.198,1.199,0.796
17:48:20.412,99.070,-12.361,2.038,True,-12.118,2.439,2.130,-7.910,0.194,0.445,0.000,0.000,-12.361,2.038,12.528,-0.105,1.118,1.123,0.572
17:48:20.432,99.090,-12.361,2.038,True,-12.142,2.225,3.991,-8.064,0.090,0.290,0.000,0.000,-12.361,2.038,12.528,-0.133,1.038,1.047,0.389
17:48:20.453,99.110,-12.361,2.038,True,-12.131,2.058,5.667,-7.828,-0.151,0.005,0.000,0.000,-12.361,2.038,12.528,-0.140,0.963,0.973,0.816
17:48:20.473,99.130,-12.361,2.038,True,-12.098,1.933,7.122,-7.331,-0.184,-0.204,0.000,0.000,-12.361,2.038,12.528,-0.130,0.895,0.905,0.441
17:48:20.493,99.151,-14.127,4.077,True,-12.460,2.319,5.646,-3.565,-0.048,-0.143,0.000,0.000,-14.127,4.077,14.703,0.074,0.997,1.000,0.900
17:48:20.514,99.171,-12.361,2.038,True,-12.350,2.199,7.672,-4.037,-0.148,-0.166,0.000,0.000,-12.361,2.038,12.528,0.042,0.896,0.897,0.781
17:48:20.534,99.192,-15.892,0.000,True,-13.055,1.626,3.870,-7.357,-0.371,0.163,0.000,0.000,-15.892,0.000,15.892,-0.162,1.135,1.146,0.769
17:48:20.555,99.212,-15.892,2.038,True,-13.655,1.609,1.750,-6.169,-0.290,0.345,0.000,0.000,-15.892,2.038,16.023,-0.111,1.288,1.293,0.597
17:48:20.575,99.233,-15.892,2.038,True,-14.148,1.614,0.926,-5.096,-0.291,0.448,0.000,0.000,-15.892,2.038,16.023,-0.064,1.374,1.375,0.816
17:48:20.596,99.253,-15.892,2.038,True,-14.539,1.634,1.057,-4.161,-0.234,0.574,0.000,0.000,-15.892,2.038,16.023,-0.020,1.407,1.407,0.563
17:48:20.616,99.273,-15.892,4.077,True,-14.837,2.138,1.849,-0.262,0.093,0.522,0.000,0.000,-15.892,4.077,16.407,0.202,1.402,1.417,0.464
17:48:20.637,99.294,-15.892,4.077,True,-15.054,2.584,3.062,2.291,0.137,0.592,0.000,0.000,-15.892,4.077,16.407,0.360,1.370,1.417,0.782
17:48:20.657,99.315,-15.892,4.077,True,-15.202,2.966,4.503,3.762,0.196,0.541,0.000,0.000,-15.892,4.077,16.407,0.463,1.321,1.400,0.692
17:48:20.677,99.335,-15.892,4.077,True,-15.293,3.282,6.026,4.393,0.496,0.463,0.000,0.000,-15.892,4.077,16.407,0.522,1.263,1.367,0.450
17:48:20.698,99.355,-15.892,4.077,True,-15.173,3.370,8.621,3.320,0.561,0.298,0.000,0.000,-15.892,4.077,16.407,0.484,1.137,1.235,0.555
17:48:20.719,99.376,-15.892,2.038,True,-15.252,3.042,9.347,-0.195,0.468,0.430,0.000,0.000,-15.892,2.038,16.023,0.296,1.113,1.151,0.776
17:48:20.739,99.396,-15.892,4.077,True,-15.286,3.315,10.239,0.947,0.515,0.440,0.000,0.000,-15.892,4.077,16.407,0.373,1.077,1.139,0.710
17:48:20.760,99.417,-15.892,4.077,True,-15.288,3.524,11.146,1.373,0.485,0.439,0.000,0.000,-15.892,4.077,16.407,0.413,1.037,1.116,0.897
17:48:20.780,99.437,-15.892,4.077,True,-15.270,3.682,11.986,1.345,0.427,0.355,0.000,0.000,-15.892,4.077,16.407,0.428,0.998,1.086,0.785
17:48:20.802,99.460,-19.424,4.077,True,-16.094,3.798,7.294,1.031,0.281,0.657,0.000,0.000,-19.424,4.077,19.847,0.425,1.288,1.356,0.519
17:48:20.823,99.481,-19.424,4.077,True,-16.777,3.880,4.653,0.550,0.254,1.027,0.000,0.000,-19.424,4.077,19.847,0.412,1.472,1.529,0.539
17:48:20.844,99.501,-15.892,4.077,True,-16.497,3.935,8.877,-0.015,0.228,0.811,0.000,0.000,-15.892,4.077,16.407,0.393,1.258,1.318,0.625
17:48:20.864,99.522,-17.658,4.077,True,-16.633,3.968,9.432,-0.606,0.363,0.932,0.000,0.000,-17.658,4.077,18.123,0.370,1.247,1.301,0.791
17:48:20.885,99.543,-17.658,6.115,True,-16.727,4.459,10.151,1.912,0.732,0.913,0.000,0.000,-17.658,6.115,18.687,0.530,1.225,1.335,0.751
17:48:20.905,99.563,-19.424,4.077,True,-17.199,4.400,8.256,0.183,0.697,1.059,0.000,0.000,-19.424,4.077,19.847,0.448,1.355,1.428,0.799
17:48:20.925,99.583,-19.424,6.115,True,-17.589,4.801,7.396,1.872,0.774,1.195,0.000,0.000,-19.424,6.115,20.364,0.563,1.432,1.539,0.474
17:48:20.946,99.603,-19.424,4.077,True,-17.902,4.662,7.310,-0.447,0.553,1.173,0.000,0.000,-19.424,4.077,19.847,0.446,1.468,1.534,0.762
17:48:20.966,99.624,-19.424,6.115,True,-18.143,4.993,7.774,0.873,0.547,1.184,0.000,0.000,-19.424,6.115,20.364,0.538,1.471,1.566,0.792
17:48:20.987,99.644,-19.424,6.115,True,-18.322,5.267,8.598,1.460,0.625,1.163,0.000,0.000,-19.424,6.115,20.364,0.591,1.453,1.568,0.890
17:48:21.007,99.664,-19.424,4.077,True,-18.446,5.013,9.631,-1.622,0.487,1.155,0.000,0.000,-19.424,4.077,19.847,0.430,1.419,1.483,0.873
17:48:21.029,99.687,-19.424,4.077,True,-18.526,4.770,10.755,-3.888,0.375,1.127,0.000,0.000,-19.424,4.077,19.847,0.305,1.378,1.411,0.472
17:48:21.050,99.707,-19.424,4.077,True,-18.569,4.549,11.881,-5.458,0.287,1.171,0.000,0.000,-19.424,4.077,19.847,0.214,1.333,1.350,0.390
17:48:21.070,99.728,-19.424,4.077,True,-18.586,4.356,12.947,-6.453,0.416,1.236,0.000,0.000,-19.424,4.077,19.847,0.151,1.287,1.296,0.432
17:48:21.091,99.748,-17.658,6.115,True,-18.171,4.666,16.615,-3.873,0.495,1.045,0.000,0.000,-17.658,6.115,18.687,0.296,1.084,1.123,0.657
17:48:21.111,99.768,-19.424,4.077,True,-18.208,4.469,16.417,-5.263,0.386,1.139,0.000,0.000,-19.424,4.077,19.847,0.215,1.096,1.117,0.401
17:48:21.133,99.790,-19.424,4.077,True,-18.239,4.297,16.307,-6.143,0.276,1.193,0.000,0.000,-19.424,4.077,19.847,0.159,1.104,1.115,0.753
17:48:21.153,99.810,-17.658,6.115,True,-17.853,4.626,18.964,-3.502,0.462,1.010,0.000,0.000,-17.658,6.115,18.687,0.308,0.948,0.997,0.482
17:48:21.174,99.831,-19.424,4.077,True,-17.927,4.444,17.933,-4.867,0.338,1.087,0.000,0.000,-19.424,4.077,19.847,0.230,1.001,1.027,0.695
17:48:21.194,99.852,-15.892,4.077,True,-17.179,4.284,22.551,-5.751,0.279,0.820,0.000,0.000,-15.892,4.077,16.407,0.175,0.723,0.743,0.784
17:48:21.215,99.872,-15.892,0.000,True,-16.534,3.200,25.312,-12.479,-0.136,0.630,0.000,0.000,-15.892,0.000,15.892,-0.231,0.536,0.584,0.784
17:48:21.235,99.892,-15.892,4.077,True,-15.996,3.212,26.620,-10.284,-0.025,0.523,0.000,0.000,-15.892,4.077,16.407,-0.133,0.425,0.445,0.682
17:48:21.255,99.912,-15.892,4.077,True,-15.563,3.255,26.838,-8.377,0.071,0.445,0.000,0.000,-15.892,4.077,16.407,-0.044,0.372,0.374,0.707
17:48:21.276,99.933,-15.892,4.077,True,-15.228,3.318,26.279,-6.776,0.056,0.498,0.000,0.000,-15.892,4.077,16.407,0.033,0.363,0.364,0.715
17:48:21.296,99.954,-15.892,4.077,True,-14.979,3.390,25.207,-5.477,0.045,0.242,0.000,0.000,-15.892,4.077,16.407,0.097,0.385,0.397,0.551
17:48:21.317,99.974,-15.892,4.077,True,-14.475,3.281,25.999,-5.677,-0.030,0.144,0.000,0.000,-15.892,4.077,16.407,0.077,0.300,0.310,0.648
17:48:21.337,99.995,-15.892,4.077,True,-14.501,3.424,23.119,-4.194,0.065,0.292,0.000,0.000,-15.892,4.077,16.407,0.157,0.430,0.458,0.634
17:48:21.357,100.015,-15.892,4.077,True,-14.533,3.536,20.880,-3.276,0.108,0.430,0.000,0.000,-15.892,4.077,16.407,0.209,0.532,0.571,0.700
17:48:21.378,100.035,-15.892,4.077,True,-14.570,3.626,19.116,-2.731,0.141,0.509,0.000,0.000,-15.892,4.077,16.407,0.242,0.613,0.659,0.811
17:48:21.399,100.056,-14.127,2.038,True,-14.173,3.191,20.471,-5.621,-0.008,0.283,0.000,0.000,-14.127,2.038,14.273,0.071,0.514,0.519,0.748
17:48:21.419,100.076,-15.892,4.077,True,-14.279,3.321,18.259,-4.236,-0.013,0.452,0.000,0.000,-15.892,4.077,16.407,0.145,0.622,0.639,0.644
17:48:21.439,100.097,-15.892,2.038,True,-14.385,2.951,16.527,-6.355,0.008,0.655,0.000,0.000,-15.892,2.038,16.023,0.015,0.709,0.709,0.569
17:48:21.460,100.118,-15.892,4.077,True,-14.488,3.119,15.197,-4.485,0.162,0.648,0.000,0.000,-15.892,4.077,16.407,0.114,0.778,0.786,0.903
17:48:21.480,100.138,-15.892,2.038,True,-14.584,2.797,14.206,-6.221,0.947,0.653,0.000,0.000,-15.892,2.038,16.023,0.005,0.831,0.831,0.437
17:48:21.501,100.158,-14.127,2.038,True,-14.259,2.525,16.176,-7.195,1.175,0.439,0.000,0.000,-14.127,2.038,14.273,-0.065,0.712,0.715,0.726
17:48:21.521,100.179,-15.892,2.038,True,-14.391,2.301,14.662,-7.582,0.933,0.650,0.000,0.000,-15.892,2.038,16.023,-0.105,0.792,0.799,0.799
17:48:21.542,100.199,-12.361,2.038,True,-13.694,2.124,18.937,-7.537,0.981,0.287,0.000,0.000,-12.361,2.038,12.528,-0.120,0.534,0.547,0.424
17:48:21.562,100.220,-12.361,2.038,True,-13.093,1.988,21.491,-7.190,1.033,0.108,0.000,0.000,-12.361,2.038,12.528,-0.119,0.361,0.380,0.819
17:48:21.583,100.240,-12.361,2.038,True,-12.593,1.890,22.695,-6.650,0.846,0.049,0.000,0.000,-12.361,2.038,12.528,-0.105,0.258,0.278,0.715
17:48:21.603,100.260,-12.361,0.000,True,-12.191,1.348,22.886,-9.124,0.569,-0.009,0.000,0.000,-12.361,0.000,12.361,-0.268,0.209,0.340,0.759
17:48:21.623,100.281,-12.361,4.077,True,-11.879,1.843,22.354,-4.116,0.713,0.103,0.000,0.000,-12.361,4.077,13.016,0.003,0.201,0.201,0.445
17:48:21.643,100.301,-12.361,4.077,True,-11.648,2.299,21.345,-0.574,0.819,0.068,0.000,0.000,-12.361,4.077,13.016,0.205,0.223,0.302,0.424
17:48:21.666,100.323,-12.361,4.077,True,-11.486,2.704,20.057,1.746,0.900,0.027,0.000,0.000,-12.361,4.077,13.016,0.347,0.263,0.436,0.547
17:48:21.686,100.343,-12.361,4.077,True,-11.382,3.050,18.645,3.080,0.970,0.140,0.000,0.000,-12.361,4.077,13.016,0.441,0.315,0.542,0.480
17:48:21.707,100.364,-12.361,2.038,True,-11.323,2.862,17.224,0.533,0.829,0.148,0.000,0.000,-12.361,2.038,12.528,0.310,0.372,0.484,0.836
17:48:21.727,100.385,-12.361,4.077,True,-11.300,3.153,15.875,1.738,0.912,0.227,0.000,0.000,-12.361,4.077,13.016,0.392,0.429,0.581,0.851
17:48:21.748,100.405,-12.361,4.077,True,-11.303,3.394,14.650,2.293,0.934,0.324,0.000,0.000,-12.361,4.077,13.016,0.441,0.484,0.654,0.828
17:48:21.768,100.425,-12.361,4.077,True,-11.324,3.588,13.579,2.361,0.942,0.394,0.000,0.000,-12.361,4.077,13.016,0.463,0.533,0.706,0.576
17:48:21.789,100.446,-12.361,4.077,True,-11.357,3.738,12.675,2.084,0.920,0.448,0.000,0.000,-12.361,4.077,13.016,0.466,0.576,0.741,0.766
17:48:21.809,100.466,-12.361,4.077,True,-11.395,3.849,11.937,1.581,0.871,0.510,0.000,0.000,-12.361,4.077,13.016,0.455,0.613,0.763,0.743
17:48:21.829,100.486,-10.595,4.077,True,-11.026,3.926,14.054,0.947,0.918,0.438,0.000,0.000,-10.595,4.077,11.352,0.434,0.482,0.649,0.624
17:48:21.850,100.507,-12.361,2.038,True,-11.121,3.502,12.577,-2.857,0.582,0.622,0.000,0.000,-12.361,2.038,12.528,0.224,0.557,0.600,0.844
17:48:21.870,100.528,-10.595,4.077,True,-10.805,3.592,14.140,-2.352,0.618,0.529,0.000,0.000,-10.595,4.077,11.352,0.255,0.456,0.523,0.419
17:48:21.891,100.549,-12.361,2.038,True,-10.950,3.195,12.270,-5.177,0.467,0.605,0.000,0.000,-12.361,2.038,12.528,0.091,0.553,0.561,0.599
17:48:21.912,100.569,-8.829,2.038,True,-10.269,2.847,16.271,-6.972,0.380,0.491,0.000,0.000,-8.829,2.038,9.061,-0.023,0.309,0.310,0.853
17:48:21.932,100.590,-8.829,4.077,True,-9.684,3.025,18.606,-4.832,0.525,0.281,0.000,0.000,-8.829,4.077,9.725,0.089,0.147,0.172,0.693
17:48:21.953,100.610,-8.829,8.154,True,-9.200,4.143,19.646,2.964,1.540,0.230,0.000,0.000,-8.829,8.154,12.018,0.545,0.053,0.548,0.827
17:48:21.973,100.631,-8.829,4.077,True,-8.812,4.173,19.721,1.653,1.730,0.460,0.000,0.000,-8.829,4.077,9.725,0.490,0.011,0.490,0.481
17:48:21.994,100.652,-8.829,4.077,True,-8.513,4.176,19.115,0.448,1.543,0.539,0.000,0.000,-8.829,4.077,9.725,0.437,0.008,0.437,0.774
17:48:22.015,100.672,-8.829,4.077,True,-8.293,4.160,18.065,-0.615,1.513,0.645,0.000,0.000,-8.829,4.077,9.725,0.389,0.032,0.390,0.833
17:48:22.035,100.693,-8.829,4.077,True,-8.140,4.131,16.760,-1.522,1.710,0.726,0.000,0.000,-8.829,4.077,9.725,0.346,0.074,0.354,0.880
17:48:22.056,100.713,-8.829,2.038,True,-8.043,3.622,15.349,-5.382,1.439,0.891,0.000,0.000,-8.829,2.038,9.061,0.125,0.127,0.178,0.812
17:48:22.076,100.733,-8.829,2.038,True,-7.990,3.171,13.940,-7.891,1.159,1.000,0.000,0.000,-8.829,2.038,9.061,-0.031,0.184,0.186,0.713
17:48:22.097,100.754,-7.063,2.038,True,-7.561,2.787,15.307,-9.316,0.970,0.986,0.000,0.000,-7.063,2.038,7.352,-0.133,0.080,0.155,0.949
17:48:22.116,100.774,-7.063,2.038,True,-7.210,2.470,15.764,-9.902,0.895,0.807,0.000,0.000,-7.063,2.038,7.352,-0.190,0.025,0.192,0.383
17:48:22.137,100.794,-5.297,2.038,True,-6.524,2.218,18.256,-9.868,0.869,0.656,0.000,0.000,-5.297,2.038,5.676,-0.214,-0.153,0.263,0.478
17:48:22.158,100.815,-5.297,0.000,True,-5.959,1.551,19.255,-12.514,0.702,0.464,0.000,0.000,-5.297,0.000,5.297,-0.397,-0.254,0.472,0.705
17:48:22.178,100.835,-5.297,0.000,True,-5.509,0.998,19.155,-13.684,0.604,0.327,0.000,0.000,-5.297,0.000,5.297,-0.504,-0.295,0.584,0.402
17:48:22.201,100.858,-5.297,2.038,True,-5.166,1.030,18.288,-10.642,0.784,0.269,0.000,0.000,-5.297,2.038,5.676,-0.367,-0.291,0.468,0.828
17:48:22.221,100.878,-5.297,0.000,True,-4.916,0.627,16.932,-11.137,0.847,0.332,0.000,0.000,-5.297,0.000,5.297,-0.429,-0.256,0.499,0.567
17:48:22.241,100.899,-5.297,0.000,True,-4.744,0.311,15.306,-10.873,0.832,0.197,0.000,0.000,-5.297,0.000,5.297,-0.449,-0.201,0.492,0.965
17:48:22.261,100.919,-5.297,-2.038,True,-4.638,-0.402,13.581,-13.206,0.573,0.208,0.000,0.000,-5.297,-2.038,5.676,-0.623,-0.136,0.638,0.471
17:48:22.282,100.939,-5.297,-2.038,True,-4.583,-0.985,11.880,-14.022,0.416,0.311,0.000,0.000,-5.297,-2.038,5.676,-0.717,-0.066,0.720,0.777
17:48:22.302,100.960,-5.297,-4.077,True,-4.566,-1.919,10.290,-16.841,0.175,0.432,0.000,0.000,-5.297,-4.077,6.685,-0.935,0.002,0.935,0.517
17:48:22.322,100.980,-5.297,-4.077,True,-4.578,-2.679,8.864,-17.701,0.026,0.507,0.000,0.000,-5.297,-4.077,6.685,-1.049,0.067,1.051,0.426
17:48:22.343,101.001,-1.766,-6.115,True,-3.789,-3.749,13.025,-20.253,-0.322,0.263,0.000,0.000,-1.766,-6.115,6.365,-1.269,-0.196,1.284,0.785
17:48:22.363,101.021,-1.766,-4.077,True,-3.119,-4.136,15.314,-17.529,-0.213,0.125,0.000,0.000,-1.766,-4.077,4.443,-1.187,-0.364,1.242,0.649
17:48:22.383,101.041,-1.766,-6.115,True,-2.569,-4.865,16.164,-17.577,-0.262,0.223,0.000,0.000,-1.766,-6.115,6.365,-1.262,-0.457,1.342,0.659
17:48:22.404,101.061,-1.766,-8.154,True,-2.134,-5.899,15.960,-19.469,-0.241,0.294,0.000,0.000,-1.766,-8.154,8.343,-1.449,-0.491,1.530,0.478
17:48:22.424,101.081,-1.766,-6.115,True,-1.804,-6.248,15.026,-16.227,0.148,0.331,0.000,0.000,-1.766,-6.115,6.365,-1.341,-0.483,1.425,0.563
17:48:22.445,101.102,-1.766,-6.115,True,-1.564,-6.466,13.633,-12.774,0.303,0.325,0.000,0.000,-1.766,-6.115,6.365,-1.210,-0.445,1.290,0.726
17:48:22.466,101.123,-1.766,-6.115,True,-1.402,-6.581,11.994,-9.360,0.534,0.316,0.000,0.000,-1.766,-6.115,6.365,-1.071,-0.389,1.140,0.788
17:48:22.486,101.144,-1.766,-4.077,True,-1.302,-6.143,10.272,-3.049,0.759,0.340,0.000,0.000,-1.766,-4.077,4.443,-0.749,-0.323,0.816,0.822
17:48:22.509,101.166,-1.766,-8.154,True,-1.252,-6.657,8.586,-4.488,0.533,0.326,0.000,0.000,-1.766,-8.154,8.343,-0.864,-0.254,0.900,0.727
17:48:22.529,101.186,-1.766,-10.192,True,-1.240,-7.547,7.018,-7.975,0.164,0.502,0.000,0.000,-1.766,-10.192,10.344,-1.107,-0.186,1.122,0.774
17:48:22.549,101.206,-1.766,-8.154,True,-1.254,-7.811,5.619,-6.384,0.132,0.602,0.000,0.000,-1.766,-8.154,8.343,-1.063,-0.123,1.070,0.488
17:48:22.569,101.226,-1.766,-10.192,True,-1.287,-8.462,4.414,-7.643,0.009,0.660,0.000,0.000,-1.766,-10.192,10.344,-1.184,-0.066,1.185,0.477
17:48:22.589,101.247,-1.766,-10.192,True,-1.330,-8.981,3.412,-7.620,-0.054,0.764,0.000,0.000,-1.766,-10.192,10.344,-1.234,-0.018,1.235,0.452
17:48:22.613,101.271,-1.766,-10.192,True,-1.379,-9.380,2.606,-6.700,-0.101,0.818,0.000,0.000,-1.766,-10.192,10.344,-1.234,0.023,1.234,0.650
17:48:22.634,101.291,-1.766,-12.231,True,-1.429,-10.145,1.983,-8.315,-0.343,0.829,0.000,0.000,-1.766,-12.231,12.358,-1.382,0.055,1.383,0.774
17:48:22.654,101.312,-1.766,-12.231,True,-1.477,-10.757,1.522,-8.408,-0.438,0.825,0.000,0.000,-1.766,-12.231,12.358,-1.447,0.081,1.449,0.713
17:48:22.675,101.332,-1.766,-12.231,True,-1.521,-11.229,1.199,-7.429,-0.469,0.811,0.000,0.000,-1.766,-12.231,12.358,-1.451,0.099,1.454,0.631
17:48:22.696,101.353,-1.766,-12.231,True,-1.559,-11.576,0.992,-5.752,-0.476,0.801,0.000,0.000,-1.766,-12.231,12.358,-1.411,0.112,1.416,0.901
17:48:22.719,101.376,-1.766,-14.269,True,-1.592,-12.290,0.876,-6.790,-0.659,0.772,0.000,0.000,-1.766,-14.269,14.378,-1.529,0.121,1.533,0.797
17:48:22.739,101.396,-1.766,-14.269,True,-1.619,-12.854,0.831,-6.465,-0.742,0.771,0.000,0.000,-1.766,-14.269,14.378,-1.571,0.125,1.576,0.724
17:48:22.760,101.417,-1.766,-14.269,True,-1.640,-13.282,0.839,-5.202,-0.587,0.730,0.000,0.000,-1.766,-14.269,14.378,-1.558,0.127,1.563,1.064
17:48:22.779,101.437,0.000,-16.308,True,-1.246,-14.065,3.579,-6.463,-0.693,0.733,0.000,0.000,0.000,-16.308,16.308,-1.692,-0.033,1.692,0.460
17:48:22.800,101.458,-1.766,-16.308,True,-1.312,-14.685,2.608,-6.215,-0.565,0.532,0.000,0.000,-1.766,-16.308,16.403,-1.743,0.016,1.743,0.844
17:48:22.821,101.478,-1.766,-16.308,True,-1.377,-15.157,1.868,-4.923,-0.543,0.505,0.000,0.000,-1.766,-16.308,16.403,-1.733,0.055,1.734,0.454
17:48:22.841,101.498,-1.766,-16.308,True,-1.439,-15.500,1.332,-2.968,-0.645,0.574,0.000,0.000,-1.766,-16.308,16.403,-1.681,0.085,1.683,0.523
17:48:22.861,101.519,-1.766,-16.308,True,-1.494,-15.733,0.967,-0.657,-0.547,0.558,0.000,0.000,-1.766,-16.308,16.403,-1.602,0.107,1.606,0.734
17:48:22.882,101.539,-1.766,-16.308,True,-1.543,-15.877,0.742,1.779,-0.545,0.448,0.000,0.000,-1.766,-16.308,16.403,-1.509,0.122,1.514,0.805
17:48:22.902,101.560,-1.766,-16.308,True,-1.583,-15.950,0.628,4.167,-0.493,0.516,0.000,0.000,-1.766,-16.308,16.403,-1.411,0.131,1.417,0.672
17:48:22.923,101.580,-1.766,-20.385,True,-1.616,-16.916,0.598,0.166,-0.744,0.468,0.000,0.000,-1.766,-20.385,20.461,-1.684,0.135,1.690,0.902
17:48:22.943,101.600,-1.766,-16.308,True,-1.642,-16.772,0.629,4.551,-0.544,0.697,0.000,0.000,-1.766,-16.308,16.403,-1.476,0.136,1.483,0.822
17:48:22.963,101.621,-1.766,-16.308,True,-1.661,-16.594,0.700,8.154,-0.508,0.897,0.000,0.000,-1.766,-16.308,16.403,-1.300,0.135,1.307,0.689
17:48:22.984,101.641,-1.766,-14.269,True,-1.674,-15.929,0.796,14.126,-0.351,0.992,0.000,0.000,-1.766,-14.269,14.378,-0.969,0.132,0.978,0.790
17:48:23.004,101.662,0.000,-20.385,True,-1.273,-16.747,3.601,8.882,-0.664,0.880,0.000,0.000,0.000,-20.385,20.385,-1.283,-0.032,1.283,0.766
17:48:23.025,101.682,-1.766,-16.308,True,-1.332,-16.509,2.673,11.917,-0.086,0.957,0.000,0.000,-1.766,-16.308,16.403,-1.125,0.015,1.125,0.473
17:48:23.046,101.703,-1.766,-16.308,True,-1.392,-16.279,1.961,14.172,-0.164,0.989,0.000,0.000,-1.766,-16.308,16.403,-1.002,0.053,1.004,0.806
17:48:23.067,101.724,-1.766,-16.308,True,-1.449,-16.068,1.439,15.755,0.002,0.919,0.000,0.000,-1.766,-16.308,16.403,-0.911,0.081,0.915,0.756
17:48:23.087,101.744,0.000,-18.346,True,-1.090,-16.355,3.774,13.667,-0.058,0.677,0.000,0.000,0.000,-18.346,18.346,-1.032,-0.058,1.034,0.438
17:48:23.107,101.764,-3.532,-24.462,True,-1.599,-18.029,-0.188,2.992,-0.810,0.788,0.000,0.000,-3.532,-24.462,24.715,-1.671,0.168,1.679,0.477
17:48:23.128,101.785,1.766,-20.385,True,-0.820,-18.530,5.303,2.736,-0.823,0.534,0.000,0.000,1.766,-20.385,20.461,-1.732,-0.152,1.739,0.784
17:48:23.150,101.807,-3.532,-26.500,True,-1.369,-20.340,0.688,-5.960,-1.349,0.687,0.000,0.000,-3.532,-26.500,26.734,-2.297,0.107,2.300,0.734
17:48:23.170,101.828,1.766,-22.423,True,-0.630,-20.915,5.673,-4.240,-1.721,0.317,0.000,0.000,1.766,-22.423,22.492,-2.279,-0.187,2.286,0.642
17:48:23.192,101.849,1.766,-18.346,True,0.014,-20.384,8.774,4.495,-1.406,-0.270,0.000,0.000,1.766,-18.346,18.431,-1.840,-0.389,1.881,0.754
17:48:23.212,101.870,1.766,-18.346,True,0.555,-19.841,10.383,11.249,-1.012,-0.571,0.000,0.000,1.766,-18.346,18.431,-1.488,-0.514,1.574,0.796
17:48:23.233,101.890,1.766,-18.346,True,0.996,-19.321,10.859,16.245,-1.046,-1.040,0.000,0.000,1.766,-18.346,18.431,-1.215,-0.579,1.346,0.824
17:48:23.256,101.914,1.766,-18.346,True,1.342,-18.845,10.513,19.735,-0.865,-1.039,0.000,0.000,1.766,-18.346,18.431,-1.013,-0.598,1.177,0.587
17:48:23.276,101.934,1.766,-20.385,True,1.602,-18.900,9.611,18.863,-0.875,-0.865,0.000,0.000,1.766,-20.385,20.461,-1.057,-0.584,1.208,0.408
17:48:23.297,101.954,1.766,-12.231,True,1.787,-17.061,8.367,30.644,-0.187,-0.868,0.000,0.000,1.766,-12.231,12.358,-0.353,-0.548,0.652,0.704
17:48:23.317,101.974,1.766,-16.308,True,1.911,-16.415,6.953,31.585,-0.223,-0.783,0.000,0.000,1.766,-16.308,16.403,-0.247,-0.498,0.556,0.536
17:48:23.338,101.995,1.766,-14.269,True,1.984,-15.432,5.496,34.406,-0.109,-0.508,0.000,0.000,1.766,-14.269,14.378,-0.025,-0.441,0.442,0.792
17:48:23.358,102.015,1.766,-14.269,True,2.018,-14.633,4.089,35.181,0.047,-0.337,0.000,0.000,1.766,-14.269,14.378,0.089,-0.382,0.393,0.393
17:48:23.379,102.036,1.766,-14.269,True,2.022,-14.009,2.795,34.479,0.094,-0.317,0.000,0.000,1.766,-14.269,14.378,0.121,-0.326,0.347,0.787
17:48:23.399,102.057,1.766,-14.269,True,2.005,-13.540,1.649,32.779,0.106,-0.302,0.000,0.000,1.766,-14.269,14.378,0.093,-0.273,0.289,0.646
17:48:23.419,102.077,1.766,-12.231,True,1.975,-12.732,0.672,33.586,0.215,-0.339,0.000,0.000,1.766,-12.231,12.358,0.209,-0.227,0.309,0.554
17:48:23.440,102.098,1.766,-12.231,True,1.937,-12.100,-0.135,32.897,0.224,-0.276,0.000,0.000,1.766,-12.231,12.358,0.242,-0.188,0.306,0.724
17:48:23.461,102.118,1.766,-10.192,True,1.895,-11.152,-0.777,34.309,0.377,-0.249,0.000,0.000,1.766,-10.192,10.344,0.399,-0.155,0.428,0.399
17:48:23.481,102.139,1.766,-10.192,True,1.853,-10.402,-1.270,33.906,0.421,-0.250,0.000,0.000,1.766,-10.192,10.344,0.456,-0.129,0.474,0.822
17:48:23.502,102.159,1.766,-10.192,True,1.813,-9.833,-1.630,32.253,0.394,-0.209,0.000,0.000,1.766,-10.192,10.344,0.440,-0.109,0.454,0.819
17:48:23.522,102.179,1.766,-10.192,True,1.777,-9.421,-1.877,29.815,0.319,-0.194,0.000,0.000,1.766,-10.192,10.344,0.374,-0.095,0.386,0.764
17:48:23.543,102.200,1.766,-10.192,True,1.746,-9.143,-2.032,26.958,0.245,-0.170,0.000,0.000,1.766,-10.192,10.344,0.276,-0.085,0.288,0.726
17:48:23.563,102.221,1.766,-10.192,True,1.719,-8.973,-2.114,23.965,0.138,-0.178,0.000,0.000,1.766,-10.192,10.344,0.161,-0.079,0.179,0.811
17:48:23.585,102.242,1.766,-10.192,True,1.698,-8.888,-2.140,21.041,-0.002,-0.174,0.000,0.000,1.766,-10.192,10.344,0.040,-0.075,0.085,0.774
17:48:23.606,102.263,1.766,-10.192,True,1.681,-8.868,-2.125,18.324,-0.126,-0.159,0.000,0.000,1.766,-10.192,10.344,-0.078,-0.074,0.108,0.807
17:48:23.626,102.283,-1.766,-8.154,True,0.847,-8.421,-7.476,19.015,-0.050,0.162,0.000,0.000,-1.766,-8.154,8.343,-0.003,0.245,0.245,0.701
17:48:23.646,102.304,-1.766,-6.115,True,0.125,-7.593,-10.734,21.961,0.143,0.400,0.000,0.000,-1.766,-6.115,6.365,0.210,0.461,0.507,0.729
17:48:23.666,102.324,-1.766,-4.077,True,-0.479,-6.439,-12.347,26.228,0.441,0.557,0.000,0.000,-1.766,-4.077,4.443,0.514,0.593,0.784,0.434
17:48:23.687,102.344,-1.766,-4.077,True,-0.967,-5.488,-12.717,27.979,0.666,0.686,0.000,0.000,-1.766,-4.077,4.443,0.686,0.658,0.951,0.717
17:48:23.707,102.364,-1.766,-4.077,True,-1.348,-4.730,-12.196,27.869,0.385,0.609,0.000,0.000,-1.766,-4.077,4.443,0.757,0.673,1.013,0.654
17:48:23.727,102.385,-1.766,-2.038,True,-1.632,-3.677,-11.078,29.573,0.346,0.682,0.000,0.000,-1.766,-2.038,2.697,0.938,0.652,1.142,0.684
17:48:23.748,102.405,-1.766,-4.077,True,-1.833,-3.316,-9.604,26.133,0.279,0.649,0.000,0.000,-1.766,-4.077,4.443,0.822,0.607,1.022,0.768
17:48:23.769,102.426,-1.766,-2.038,True,-1.965,-2.618,-7.959,25.597,0.306,0.475,0.000,0.000,-1.766,-2.038,2.697,0.868,0.548,1.026,0.841
17:48:23.790,102.447,-1.766,-2.038,True,-2.041,-2.090,-6.286,23.916,0.161,0.548,0.000,0.000,-1.766,-2.038,2.697,0.847,0.482,0.974,0.779
17:48:23.810,102.468,-5.297,0.000,True,-2.894,-1.237,-10.078,24.639,0.263,0.868,0.000,0.000,-5.297,0.000,5.297,0.964,0.734,1.212,0.842
17:48:23.830,102.487,-5.297,-2.038,True,-3.607,-1.045,-11.932,20.683,0.293,1.126,0.000,0.000,-5.297,-2.038,5.676,0.808,0.887,1.200,0.429
17:48:23.851,102.508,-5.297,0.000,True,-4.183,-0.485,-12.325,19.986,0.122,1.107,0.000,0.000,-5.297,0.000,5.297,0.834,0.962,1.273,0.800
17:48:23.871,102.529,-5.297,0.000,True,-4.631,-0.065,-11.673,18.403,0.035,0.774,0.000,0.000,-5.297,0.000,5.297,0.806,0.978,1.267,0.620
17:48:23.897,102.554,-5.297,2.038,True,-4.965,0.706,-10.324,19.399,0.069,0.607,0.000,0.000,-5.297,2.038,5.676,0.927,0.952,1.329,0.749
17:48:23.917,102.574,-5.297,4.077,True,-5.201,1.787,-8.560,22.050,0.264,0.612,0.000,0.000,-5.297,4.077,6.685,1.152,0.898,1.461,0.430
17:48:23.938,102.595,-5.297,2.038,True,-5.355,2.184,-6.601,19.394,0.197,0.548,0.000,0.000,-5.297,2.038,5.676,1.074,0.827,1.356,0.791
17:48:23.958,102.616,-5.297,4.077,True,-5.443,2.921,-4.613,19.485,0.300,0.489,0.000,0.000,-5.297,4.077,6.685,1.152,0.748,1.374,0.782
17:48:23.979,102.636,-5.297,4.077,True,-5.480,3.489,-2.713,18.287,0.371,0.473,0.000,0.000,-5.297,4.077,6.685,1.156,0.668,1.335,0.933
17:48:24.000,102.657,-8.829,10.192,True,-6.300,5.327,-6.373,25.590,0.933,0.781,0.000,0.000,-8.829,10.192,13.485,1.662,0.911,1.896,0.796
17:48:24.020,102.678,-7.063,4.077,True,-6.575,5.430,-5.473,19.484,0.810,0.904,0.000,0.000,-7.063,4.077,8.155,1.403,0.899,1.666,0.768
17:48:24.041,102.698,-8.829,4.077,True,-7.183,5.414,-6.901,13.940,0.582,0.963,0.000,0.000,-8.829,4.077,9.725,1.157,1.023,1.544,0.445
17:48:24.061,102.718,-8.829,4.077,True,-7.671,5.318,-7.103,9.095,0.769,0.686,0.000,0.000,-8.829,4.077,9.725,0.933,1.081,1.428,0.778
17:48:24.081,102.739,-8.829,6.115,True,-8.049,5.643,-6.434,8.118,0.803,0.797,0.000,0.000,-8.829,6.115,10.740,0.923,1.089,1.427,0.797
17:48:24.102,102.759,-8.829,12.231,True,-8.329,7.298,-5.191,16.036,1.393,0.733,0.000,0.000,-8.829,12.231,15.085,1.438,1.062,1.787,0.872
17:48:24.123,102.781,-8.829,10.192,True,-8.525,8.217,-3.614,17.012,1.650,0.666,0.000,0.000,-8.829,10.192,13.485,1.573,1.012,1.870,0.819
17:48:24.144,102.801,-8.829,10.192,True,-8.651,8.937,-1.889,16.279,1.505,0.625,0.000,0.000,-8.829,10.192,13.485,1.612,0.948,1.871,0.734
17:48:24.164,102.822,-8.829,12.231,True,-8.722,9.952,-0.154,17.500,1.582,0.404,0.000,0.000,-8.829,12.231,15.085,1.768,0.879,1.974,0.813
17:48:24.185,102.843,-8.829,6.115,True,-8.749,9.329,1.492,7.474,0.939,0.159,0.000,0.000,-8.829,6.115,10.740,1.263,0.809,1.500,0.947
17:48:24.205,102.863,-8.829,6.115,True,-8.745,8.697,2.986,-0.257,0.564,-0.014,0.000,0.000,-8.829,6.115,10.740,0.858,0.743,1.135,0.855
17:48:24.230,102.887,-8.829,6.115,True,-8.718,8.094,4.292,-5.956,0.208,-0.093,0.000,0.000,-8.829,6.115,10.740,0.546,0.682,0.874,0.827
17:48:24.250,102.907,-8.829,6.115,True,-8.678,7.543,5.394,-9.918,-0.324,-0.167,0.000,0.000,-8.829,6.115,10.740,0.317,0.630,0.705,0.952
17:48:24.270,102.927,-10.595,6.115,True,-9.041,7.059,3.596,-12.445,-0.652,0.051,0.000,0.000,-10.595,6.115,12.233,0.157,0.745,0.762,0.720
17:48:24.290,102.948,-12.361,6.115,True,-9.757,6.649,-0.053,-13.827,-0.851,0.519,0.000,0.000,-12.361,6.115,13.791,0.055,0.978,0.980,0.913
17:48:24.310,102.968,-12.361,6.115,True,-10.363,6.312,-2.018,-14.331,-0.930,0.707,0.000,0.000,-12.361,6.115,13.791,-0.001,1.125,1.125,0.663
17:48:24.331,102.988,-12.361,6.115,True,-10.858,6.047,-2.696,-14.191,-1.464,1.008,0.000,0.000,-12.361,6.115,13.791,-0.022,1.205,1.205,0.711
17:48:24.351,103.008,-12.361,8.154,True,-11.248,6.318,-2.434,-10.495,-1.304,0.988,0.000,0.000,-12.361,8.154,14.808,0.169,1.232,1.244,0.421
17:48:24.372,103.030,-12.361,6.115,True,-11.544,6.110,-1.526,-10.831,-1.311,0.846,0.000,0.000,-12.361,6.115,13.791,0.133,1.222,1.229,0.721
17:48:24.393,103.050,-12.361,8.154,True,-11.757,6.419,-0.216,-7.652,-1.092,0.876,0.000,0.000,-12.361,8.154,14.808,0.304,1.185,1.224,0.797
17:48:24.414,103.072,-12.361,6.115,True,-11.901,6.231,1.304,-8.506,-1.036,0.791,0.000,0.000,-12.361,6.115,13.791,0.248,1.133,1.159,0.883
17:48:24.435,103.092,-12.361,6.115,True,-11.988,6.073,2.889,-8.931,-1.028,0.719,0.000,0.000,-12.361,6.115,13.791,0.213,1.071,1.092,0.757
17:48:24.455,103.113,-12.361,6.115,True,-12.030,5.946,4.432,-9.032,-0.980,0.706,0.000,0.000,-12.361,6.115,13.791,0.196,1.007,1.026,0.896
17:48:24.476,103.133,-12.361,8.154,True,-12.039,6.320,5.861,-5.786,-0.773,0.645,0.000,0.000,-12.361,8.154,14.808,0.377,0.945,1.017,0.797
17:48:24.496,103.154,-12.361,6.115,True,-12.024,6.184,7.132,-6.696,-0.793,0.593,0.000,0.000,-12.361,6.115,13.791,0.323,0.888,0.944,0.682
17:48:24.517,103.174,-12.361,8.154,True,-11.992,6.539,8.223,-4.146,-0.624,0.577,0.000,0.000,-12.361,8.154,14.808,0.471,0.836,0.960,0.718
17:48:24.540,103.197,-12.361,8.154,True,-11.828,6.456,9.941,-5.114,-0.635,0.487,0.000,0.000,-12.361,8.154,14.808,0.420,0.744,0.854,0.602
17:48:24.560,103.218,-12.361,6.115,True,-11.835,6.286,10.150,-6.406,-0.647,0.495,0.000,0.000,-12.361,6.115,13.791,0.346,0.736,0.813,0.773
17:48:24.580,103.238,-12.361,8.154,True,-11.827,6.691,10.435,-3.756,-0.252,0.566,0.000,0.000,-12.361,8.154,14.808,0.503,0.722,0.880,0.684
17:48:24.601,103.258,-12.361,8.154,True,-11.808,7.009,10.724,-2.317,-0.039,0.473,0.000,0.000,-12.361,8.154,14.808,0.599,0.707,0.927,0.829
17:48:24.621,103.279,-12.361,8.154,True,-11.784,7.258,10.980,-1.687,0.123,0.207,0.000,0.000,-12.361,8.154,14.808,0.651,0.694,0.952,0.461
17:48:24.644,103.302,-12.361,8.154,True,-11.757,7.449,11.183,-1.598,0.269,0.439,0.000,0.000,-12.361,8.154,14.808,0.674,0.682,0.959,0.763
17:48:24.665,103.322,-12.361,10.192,True,-11.730,8.078,11.325,1.237,0.439,0.571,0.000,0.000,-12.361,10.192,16.021,0.862,0.673,1.094,0.799
17:48:24.685,103.343,-12.361,8.154,True,-11.706,8.115,11.410,-0.458,0.553,0.428,0.000,0.000,-12.361,8.154,14.808,0.791,0.667,1.035,0.811
17:48:24.706,103.363,-12.361,10.192,True,-11.684,8.594,11.441,1.079,0.655,0.112,0.000,0.000,-12.361,10.192,16.021,0.907,0.663,1.124,0.594
17:48:24.726,103.384,-12.361,10.192,True,-11.667,8.983,11.430,1.609,0.983,-0.047,0.000,0.000,-12.361,10.192,16.021,0.969,0.662,1.174,0.720
17:48:24.746,103.404,-12.361,10.192,True,-11.653,9.289,11.387,1.407,1.032,0.097,0.000,0.000,-12.361,10.192,16.021,0.991,0.663,1.192,0.390
17:48:24.767,103.424,-12.361,12.231,True,-11.642,9.994,11.321,3.813,1.315,0.195,0.000,0.000,-12.361,12.231,17.389,1.168,0.665,1.344,0.510
17:48:24.787,103.445,-12.361,10.192,True,-11.635,10.099,11.243,1.600,1.247,0.180,0.000,0.000,-12.361,10.192,16.021,1.081,0.667,1.270,0.714
17:48:24.808,103.465,-12.361,10.192,True,-11.631,10.145,11.161,-0.526,1.146,0.171,0.000,0.000,-12.361,10.192,16.021,0.991,0.670,1.197,0.910
17:48:24.828,103.486,-12.361,10.192,True,-11.630,10.148,11.080,-2.475,1.052,0.184,0.000,0.000,-12.361,10.192,16.021,0.906,0.674,1.129,0.767
17:48:24.848,103.506,-12.361,10.192,True,-11.629,10.120,11.006,-4.192,0.991,0.172,0.000,0.000,-12.361,10.192,16.021,0.827,0.677,1.069,0.431
17:48:24.869,103.526,-12.361,8.154,True,-11.631,9.599,10.940,-8.774,0.731,0.181,0.000,0.000,-12.361,8.154,14.808,0.573,0.680,0.889,0.554
17:48:24.889,103.546,-12.361,8.154,True,-11.632,9.128,10.885,-11.894,0.529,0.207,0.000,0.000,-12.361,8.154,14.808,0.388,0.683,0.785,0.396
17:48:24.910,103.568,-12.361,10.192,True,-11.635,9.193,10.840,-10.697,0.620,0.204,0.000,0.000,-12.361,10.192,16.021,0.447,0.685,0.818,1.269
17:48:24.930,103.588,-12.361,6.115,True,-11.637,8.313,10.805,-15.998,0.313,0.206,0.000,0.000,-12.361,6.115,13.791,0.125,0.687,0.698,0.769
17:48:24.951,103.608,-12.361,8.154,True,-11.640,8.030,10.779,-16.009,0.182,0.260,0.000,0.000,-12.361,8.154,14.808,0.096,0.688,0.695,0.749
17:48:24.971,103.628,-10.595,6.115,True,-11.231,7.339,13.460,-18.646,0.000,-0.036,0.000,0.000,-10.595,6.115,12.233,-0.089,0.529,0.536,0.716
17:48:24.991,103.649,-12.361,6.115,True,-11.287,6.769,12.409,-19.764,-0.119,-0.173,0.000,0.000,-12.361,6.115,13.791,-0.195,0.581,0.613,0.772
17:48:25.012,103.669,-12.361,6.115,True,-11.346,6.313,11.583,-19.756,-0.257,-0.127,0.000,0.000,-12.361,6.115,13.791,-0.241,0.623,0.668,0.790
17:48:25.032,103.690,-10.595,4.077,True,-10.994,5.490,13.658,-22.075,-0.397,-0.324,0.000,0.000,-10.595,4.077,11.352,-0.425,0.497,0.654,0.724
17:48:25.052,103.710,-12.361,6.115,True,-11.102,5.297,12.173,-19.572,-0.301,-0.200,0.000,0.000,-12.361,6.115,13.791,-0.334,0.573,0.663,0.752
17:48:25.072,103.730,-12.361,4.077,True,-11.208,4.713,11.055,-20.150,-0.400,-0.133,0.000,0.000,-12.361,4.077,13.016,-0.418,0.633,0.758,0.439
17:48:25.093,103.750,-12.361,4.077,True,-11.306,4.256,10.256,-19.647,-0.434,-0.083,0.000,0.000,-12.361,4.077,13.016,-0.442,0.678,0.809,0.698
17:48:25.113,103.771,-10.595,4.077,True,-10.983,3.912,12.421,-18.412,-0.404,-0.229,0.000,0.000,-10.595,4.077,11.352,-0.421,0.550,0.693,0.703
17:48:25.134,103.791,-12.361,2.038,True,-11.112,3.194,11.068,-19.846,-0.540,-0.125,0.000,0.000,-12.361,2.038,12.528,-0.557,0.623,0.835,0.606
17:48:25.154,103.811,-12.361,2.038,True,-11.233,2.621,10.103,-19.862,-0.653,-0.046,0.000,0.000,-12.361,2.038,12.528,-0.615,0.677,0.915,0.420
17:48:25.175,103.833,-12.361,2.038,True,-11.340,2.181,9.464,-18.882,-0.733,-0.045,0.000,0.000,-12.361,2.038,12.528,-0.615,0.716,0.944,0.457
17:48:25.196,103.853,-12.361,2.038,True,-11.432,1.858,9.087,-17.258,-0.822,0.254,0.000,0.000,-12.361,2.038,12.528,-0.576,0.742,0.939,0.504
17:48:25.216,103.873,-12.361,2.038,True,-11.508,1.635,8.915,-15.272,-0.883,0.575,0.000,0.000,-12.361,2.038,12.528,-0.511,0.757,0.913,0.736
17:48:25.236,103.893,-12.361,0.000,True,-11.569,1.021,8.896,-16.253,-0.887,0.508,0.000,0.000,-12.361,0.000,12.361,-0.615,0.764,0.981,0.536
17:48:25.257,103.914,-12.361,2.038,True,-11.616,1.007,8.986,-12.938,-0.813,0.498,0.000,0.000,-12.361,2.038,12.528,-0.470,0.765,0.898,0.762
17:48:25.277,103.934,-12.361,2.038,True,-11.437,0.749,10.557,-11.972,-0.827,0.485,0.000,0.000,-12.361,2.038,12.528,-0.454,0.678,0.815,0.629
17:48:25.298,103.955,-12.361,2.038,True,-11.546,0.940,9.902,-8.281,-0.715,0.486,0.000,0.000,-12.361,2.038,12.528,-0.271,0.718,0.767,0.694
17:48:25.318,103.976,-12.361,0.000,True,-11.618,0.568,9.670,-9.028,-0.499,0.553,0.000,0.000,-12.361,0.000,12.361,-0.342,0.735,0.811,0.829
17:48:25.338,103.996,-12.361,0.000,True,-11.664,0.288,9.675,-8.949,-0.535,0.574,0.000,0.000,-12.361,0.000,12.361,-0.366,0.739,0.825,0.480
17:48:25.359,104.017,-14.127,0.000,True,-12.129,0.082,7.047,-8.368,-0.651,0.538,0.000,0.000,-14.127,0.000,14.127,-0.361,0.902,0.971,0.747
17:48:25.380,104.037,-15.892,-2.038,True,-12.933,-0.558,2.908,-10.624,-1.202,0.716,0.000,0.000,-15.892,-2.038,16.023,-0.525,1.165,1.278,0.832
17:48:25.400,104.057,-15.892,-2.038,True,-13.594,-1.073,0.712,-11.474,-1.312,1.171,0.000,0.000,-15.892,-2.038,16.023,-0.614,1.328,1.463,0.609
17:48:25.420,104.078,-15.892,0.000,True,-14.125,-0.995,-0.066,-8.239,-1.163,1.353,0.000,0.000,-15.892,0.000,15.892,-0.463,1.415,1.489,0.703
17:48:25.441,104.098,-15.892,0.000,True,-14.539,-0.889,0.164,-5.529,-0.999,1.279,0.000,0.000,-15.892,0.000,15.892,-0.333,1.447,1.484,0.984
17:48:25.461,104.118,-15.892,0.000,True,-14.852,-0.766,1.078,-3.328,-0.881,1.426,0.000,0.000,-15.892,0.000,15.892,-0.224,1.438,1.455,0.788
17:48:25.481,104.139,-15.892,2.038,True,-15.078,-0.165,2.416,1.499,-0.579,1.552,0.000,0.000,-15.892,2.038,16.023,0.050,1.401,1.402,0.805
17:48:25.502,104.160,-15.892,2.038,True,-15.230,0.370,3.979,4.711,-0.351,1.476,0.000,0.000,-15.892,2.038,16.023,0.245,1.347,1.369,0.396
17:48:25.523,104.180,-15.892,2.038,True,-15.323,0.830,5.614,6.612,-0.148,1.413,0.000,0.000,-15.892,2.038,16.023,0.375,1.284,1.338,0.892
17:48:25.543,104.200,-15.892,2.038,True,-15.369,1.212,7.210,7.488,-0.119,1.367,0.000,0.000,-15.892,2.038,16.023,0.452,1.219,1.300,0.689
17:48:25.563,104.221,-15.892,4.077,True,-15.380,1.993,8.692,10.715,0.137,1.080,0.000,0.000,-15.892,4.077,16.407,0.672,1.154,1.336,0.790
17:48:25.584,104.241,-15.892,4.077,True,-15.366,2.642,10.013,12.197,0.562,1.113,0.000,0.000,-15.892,4.077,16.407,0.803,1.095,1.357,0.779
17:48:25.604,104.261,-15.892,4.077,True,-15.334,3.163,11.148,12.372,0.571,1.013,0.000,0.000,-15.892,4.077,16.407,0.862,1.041,1.352,0.808
17:48:25.625,104.283,-15.892,4.077,True,-15.293,3.565,12.092,11.620,0.661,0.792,0.000,0.000,-15.892,4.077,16.407,0.869,0.996,1.322,0.814
17:48:25.645,104.302,-15.892,6.115,True,-15.247,4.337,12.850,13.382,0.776,0.763,0.000,0.000,-15.892,6.115,17.028,1.024,0.958,1.402,0.437
17:48:25.665,104.323,-15.892,6.115,True,-15.200,4.956,13.436,13.589,0.797,0.656,0.000,0.000,-15.892,6.115,17.028,1.095,0.927,1.435,0.709
17:48:25.686,104.343,-15.892,6.115,True,-15.155,5.434,13.870,12.696,0.787,0.627,0.000,0.000,-15.892,6.115,17.028,1.104,0.903,1.426,0.512
17:48:25.706,104.364,-14.127,6.115,True,-14.703,5.787,16.874,11.082,0.755,0.483,0.000,0.000,-14.127,6.115,15.393,1.068,0.725,1.291,0.839
17:48:25.726,104.384,-14.127,6.115,True,-14.310,6.034,18.729,9.050,0.649,0.430,0.000,0.000,-14.127,6.115,15.393,1.003,0.604,1.171,0.436
17:48:25.747,104.404,-14.127,6.115,True,-13.980,6.192,19.678,6.838,0.623,0.221,0.000,0.000,-14.127,6.115,15.393,0.921,0.529,1.062,0.563
17:48:25.767,104.425,-12.361,6.115,True,-13.301,6.279,22.638,4.620,0.435,0.119,0.000,0.000,-12.361,6.115,13.791,0.832,0.331,0.895,0.774
17:48:25.787,104.445,-12.361,4.077,True,-12.735,5.838,24.063,-0.594,0.070,-0.039,0.000,0.000,-12.361,4.077,13.016,0.558,0.211,0.596,0.443
17:48:25.808,104.465,-12.361,6.115,True,-12.279,5.893,24.334,-1.298,0.195,-0.086,0.000,0.000,-12.361,6.115,13.791,0.532,0.154,0.554,0.726
17:48:25.828,104.486,-12.361,6.115,True,-11.924,5.925,23.782,-2.012,0.188,-0.033,0.000,0.000,-12.361,6.115,13.791,0.504,0.143,0.524,0.791
17:48:25.848,104.506,-12.361,6.115,True,-11.661,5.938,22.682,-2.695,0.161,-0.019,0.000,0.000,-12.361,6.115,13.791,0.475,0.165,0.503,0.389
17:48:25.869,104.526,-12.361,8.154,True,-11.475,6.412,21.258,-0.205,0.323,0.062,0.000,0.000,-12.361,8.154,14.808,0.632,0.209,0.666,0.437
17:48:25.890,104.547,-12.361,8.154,True,-11.354,6.813,19.686,1.163,0.444,0.099,0.000,0.000,-12.361,8.154,14.808,0.733,0.267,0.780,0.885
17:48:25.909,104.567,-12.361,8.154,True,-11.286,7.143,18.096,1.669,0.468,0.149,0.000,0.000,-12.361,8.154,14.808,0.788,0.330,0.854,0.557
17:48:25.932,104.589,-12.361,8.154,True,-11.258,7.403,16.579,1.544,0.513,0.234,0.000,0.000,-12.361,8.154,14.808,0.808,0.394,0.899,0.695
17:48:25.952,104.609,-12.361,8.154,True,-11.260,7.601,15.198,0.982,0.493,0.262,0.000,0.000,-12.361,8.154,14.808,0.803,0.455,0.923,0.504
17:48:25.972,104.630,-12.361,6.115,True,-11.282,7.271,13.987,-2.968,0.257,0.403,0.000,0.000,-12.361,6.115,13.791,0.596,0.511,0.785,0.552
17:48:25.993,104.650,-12.361,8.154,True,-11.318,7.431,12.962,-2.754,0.151,0.399,0.000,0.000,-12.361,8.154,14.808,0.621,0.560,0.836,0.798
17:48:26.013,104.671,-12.361,10.192,True,-11.361,8.030,12.124,0.270,0.453,0.584,0.000,0.000,-12.361,10.192,16.021,0.815,0.601,1.013,0.723
17:48:26.035,104.692,-12.361,8.154,True,-11.407,8.063,11.461,-1.223,0.317,0.551,0.000,0.000,-12.361,8.154,14.808,0.752,0.635,0.984,0.892
17:48:26.055,104.712,-12.361,8.154,True,-11.453,8.065,10.960,-2.593,0.157,0.449,0.000,0.000,-12.361,8.154,14.808,0.692,0.662,0.957,0.758
17:48:26.075,104.732,-12.361,10.192,True,-11.495,8.520,10.597,-0.687,0.215,0.291,0.000,0.000,-12.361,10.192,16.021,0.822,0.682,1.068,0.477
17:48:26.095,104.753,-12.361,8.154,True,-11.534,8.424,10.353,-2.913,0.141,0.301,0.000,0.000,-12.361,8.154,14.808,0.714,0.696,0.997,0.514
17:48:26.116,104.774,-12.361,10.192,True,-11.567,8.790,10.205,-1.590,0.237,0.492,0.000,0.000,-12.361,10.192,16.021,0.809,0.706,1.074,0.759
17:48:26.137,104.794,-12.361,10.192,True,-11.595,9.092,10.132,-1.062,0.242,0.552,0.000,0.000,-12.361,10.192,16.021,0.862,0.712,1.118,0.530
17:48:26.157,104.815,-12.361,8.154,True,-11.617,8.857,10.116,-4.233,0.110,0.406,0.000,0.000,-12.361,8.154,14.808,0.699,0.715,1.000,0.849
17:48:26.178,104.835,-12.361,8.154,True,-11.635,8.629,10.141,-6.614,-0.023,0.465,0.000,0.000,-12.361,8.154,14.808,0.571,0.716,0.916,0.695
17:48:26.198,104.855,-12.361,8.154,True,-11.648,8.417,10.193,-8.311,-0.185,0.570,0.000,0.000,-12.361,8.154,14.808,0.475,0.715,0.858,0.742
17:48:26.218,104.876,-12.361,8.154,True,-11.657,8.228,10.261,-9.434,0.005,0.671,0.000,0.000,-12.361,8.154,14.808,0.406,0.713,0.820,0.818
17:48:26.239,104.896,-12.361,8.154,True,-11.663,8.066,10.337,-10.095,-0.267,0.885,0.000,0.000,-12.361,8.154,14.808,0.361,0.710,0.797,0.632
17:48:26.259,104.917,-12.361,6.115,True,-11.666,7.458,10.414,-13.507,-0.028,0.855,0.000,0.000,-12.361,6.115,13.791,0.150,0.707,0.723,0.512
17:48:26.279,104.937,-12.361,6.115,True,-11.668,6.939,10.488,-15.453,-0.105,0.843,0.000,0.000,-12.361,6.115,13.791,0.012,0.704,0.704,0.381
17:48:26.300,104.958,-12.361,6.115,True,-11.668,6.510,10.555,-16.262,-0.101,0.707,0.000,0.000,-12.361,6.115,13.791,-0.067,0.701,0.704,0.788
17:48:26.320,104.978,-12.361,6.115,True,-11.667,6.169,10.615,-16.231,-0.176,0.795,0.000,0.000,-12.361,6.115,13.791,-0.100,0.698,0.705,0.447
17:48:26.341,104.998,-12.361,6.115,True,-11.665,5.907,10.665,-15.612,-0.172,0.848,0.000,0.000,-12.361,6.115,13.791,-0.098,0.696,0.703,0.648
17:48:26.361,105.018,-12.361,6.115,True,-11.452,5.595,12.094,-15.410,-0.217,0.763,0.000,0.000,-12.361,6.115,13.791,-0.121,0.611,0.623,0.454
17:48:26.382,105.040,-12.361,4.077,True,-11.534,4.946,11.274,-17.344,-0.342,0.774,0.000,0.000,-12.361,4.077,13.016,-0.271,0.656,0.710,0.785
17:48:26.402,105.060,-12.361,4.077,True,-11.589,4.459,10.850,-17.666,-0.401,0.850,0.000,0.000,-12.361,4.077,13.016,-0.334,0.680,0.758,0.817
17:48:26.423,105.080,-12.361,4.077,True,-11.625,4.099,10.658,-17.027,-0.405,0.852,0.000,0.000,-12.361,4.077,13.016,-0.342,0.692,0.772,0.799
17:48:26.443,105.101,-14.127,4.077,True,-12.085,3.837,7.842,-15.828,-0.376,1.003,0.000,0.000,-14.127,4.077,14.703,-0.315,0.862,0.918,0.813
17:48:26.465,105.122,-14.127,4.077,True,-12.460,3.655,6.240,-14.327,-0.322,1.095,0.000,0.000,-14.127,4.077,14.703,-0.267,0.971,1.007,0.350
17:48:26.485,105.143,-12.361,4.077,True,-12.342,3.537,8.195,-12.701,-0.234,1.000,0.000,0.000,-12.361,4.077,13.016,-0.207,0.872,0.897,0.626
17:48:26.506,105.164,-12.361,4.077,True,-12.221,3.470,9.710,-11.073,-0.157,0.915,0.000,0.000,-12.361,4.077,13.016,-0.142,0.793,0.806,1.020
17:48:26.526,105.183,-12.361,0.000,True,-12.105,2.489,10.834,-15.707,-0.456,0.837,0.000,0.000,-12.361,0.000,12.361,-0.444,0.732,0.857,0.768
17:48:26.546,105.203,-12.361,2.038,True,-11.998,2.143,11.621,-15.000,-0.463,0.778,0.000,0.000,-12.361,2.038,12.528,-0.448,0.687,0.820,0.434
17:48:26.567,105.224,-12.361,2.038,True,-11.904,1.888,12.127,-13.783,-0.426,0.731,0.000,0.000,-12.361,2.038,12.528,-0.420,0.655,0.778,0.749
17:48:26.587,105.244,-12.361,0.000,True,-11.824,1.238,12.407,-15.379,-0.562,0.712,0.000,0.000,-12.361,0.000,12.361,-0.555,0.635,0.843,0.388
17:48:26.608,105.265,-12.361,4.077,True,-11.758,1.661,12.513,-9.433,-0.257,0.623,0.000,0.000,-12.361,4.077,13.016,-0.250,0.624,0.672,0.800
17:48:26.628,105.286,-12.361,2.038,True,-11.706,1.604,12.490,-8.053,0.135,0.394,0.000,0.000,-12.361,2.038,12.528,-0.195,0.619,0.649,0.771
17:48:26.649,105.306,-12.361,0.000,True,-11.667,1.108,12.378,-9.862,0.186,0.314,0.000,0.000,-12.361,0.000,12.361,-0.325,0.620,0.700,0.796
17:48:26.669,105.326,-12.361,2.038,True,-11.638,1.173,12.211,-7.468,0.152,0.485,0.000,0.000,-12.361,2.038,12.528,-0.212,0.625,0.660,0.554
17:48:26.692,105.350,-12.361,2.038,True,-11.619,1.259,12.013,-5.477,0.270,0.090,0.000,0.000,-12.361,2.038,12.528,-0.116,0.632,0.642,0.762
17:48:26.712,105.369,-12.361,0.000,True,-11.607,0.882,11.807,-6.999,0.381,-0.010,0.000,0.000,-12.361,0.000,12.361,-0.221,0.640,0.677,0.380
17:48:26.733,105.390,-12.361,0.000,True,-11.601,0.570,11.605,-7.682,0.343,-0.009,0.000,0.000,-12.361,0.000,12.361,-0.282,0.648,0.707,0.595
17:48:26.753,105.411,-12.361,-2.038,True,-11.600,-0.155,11.419,-10.859,0.083,-0.021,0.000,0.000,-12.361,-2.038,12.528,-0.495,0.656,0.822,0.774
17:48:26.773,105.431,-12.361,0.000,True,-11.601,-0.285,11.253,-9.273,0.231,-0.006,0.000,0.000,-12.361,0.000,12.361,-0.438,0.663,0.795,0.498
17:48:26.795,105.452,-12.361,-2.038,True,-11.605,-0.835,11.111,-10.770,0.105,0.047,0.000,0.000,-12.361,-2.038,12.528,-0.559,0.670,0.873,0.479
17:48:26.815,105.473,-12.361,0.000,True,-11.610,-0.806,10.993,-8.016,0.200,0.082,0.000,0.000,-12.361,0.000,12.361,-0.434,0.676,0.803,0.394
17:48:26.836,105.493,-12.361,-2.038,True,-11.616,-1.216,10.899,-8.761,0.080,0.131,0.000,0.000,-12.361,-2.038,12.528,-0.508,0.681,0.849,0.614
17:48:26.857,105.514,-12.361,0.000,True,-11.622,-1.068,10.826,-5.591,0.220,0.174,0.000,0.000,-12.361,0.000,12.361,-0.354,0.684,0.770,0.510
17:48:26.879,105.536,-12.361,-2.038,True,-11.627,-1.379,10.772,-6.177,0.152,0.206,0.000,0.000,-12.361,-2.038,12.528,-0.411,0.687,0.801,0.738
17:48:26.902,105.560,-12.361,-4.077,True,-11.632,-2.101,10.735,-9.265,-0.056,0.216,0.000,0.000,-12.361,-4.077,13.016,-0.619,0.689,0.927,0.592
17:48:26.923,105.580,-12.361,-2.038,True,-11.637,-2.229,10.711,-7.615,-0.032,0.209,0.000,0.000,-12.361,-2.038,12.528,-0.559,0.691,0.889,0.899
17:48:26.943,105.601,-12.361,-2.038,True,-11.641,-2.301,10.698,-5.943,0.047,0.210,0.000,0.000,-12.361,-2.038,12.528,-0.492,0.692,0.849,0.596
17:48:26.964,105.621,-12.361,-2.038,True,-11.644,-2.332,10.693,-4.348,0.110,0.224,0.000,0.000,-12.361,-2.038,12.528,-0.425,0.692,0.812,0.730
17:48:26.984,105.641,-12.361,-2.038,True,-11.646,-2.330,10.694,-2.895,0.132,0.256,0.000,0.000,-12.361,-2.038,12.528,-0.361,0.693,0.781,0.873
17:48:27.004,105.662,-12.361,-2.038,True,-11.648,-2.307,10.699,-1.619,0.175,0.241,0.000,0.000,-12.361,-2.038,12.528,-0.302,0.693,0.756,0.545
17:48:27.025,105.682,-12.361,-2.038,True,-11.649,-2.269,10.706,-0.539,0.233,0.239,0.000,0.000,-12.361,-2.038,12.528,-0.251,0.692,0.736,0.857
17:48:27.045,105.703,-12.361,-2.038,True,-11.650,-2.224,10.715,0.345,0.278,0.295,0.000,0.000,-12.361,-2.038,12.528,-0.207,0.692,0.722,0.687
17:48:27.066,105.723,-12.361,-4.077,True,-11.651,-2.649,10.725,-2.069,0.103,0.328,0.000,0.000,-12.361,-4.077,13.016,-0.356,0.692,0.778,0.750
17:48:27.086,105.743,-12.361,-2.038,True,-11.651,-2.539,10.734,-0.342,0.166,0.355,0.000,0.000,-12.361,-2.038,12.528,-0.269,0.691,0.742,0.763
17:48:27.107,105.764,-12.361,-4.077,True,-11.651,-2.902,10.743,-2.127,0.050,0.356,0.000,0.000,-12.361,-4.077,13.016,-0.384,0.691,0.790,0.811
17:48:27.128,105.785,-12.361,-6.115,True,-11.651,-3.681,10.751,-6.181,-0.201,0.371,0.000,0.000,-12.361,-6.115,13.791,-0.641,0.691,0.942,0.799
17:48:27.148,105.805,-14.127,-6.115,True,-12.061,-4.341,8.061,-8.393,-0.397,0.550,0.000,0.000,-14.127,-6.115,15.393,-0.805,0.850,1.171,0.429
17:48:27.168,105.826,-15.892,-6.115,True,-12.827,-4.882,3.711,-9.193,-0.518,0.776,0.000,0.000,-15.892,-6.115,17.028,-0.894,1.119,1.432,0.775
17:48:27.189,105.846,-15.892,-4.077,True,-13.483,-4.836,1.216,-5.845,-0.209,1.008,0.000,0.000,-15.892,-4.077,16.407,-0.742,1.295,1.492,0.789
17:48:27.210,105.867,-15.892,-6.115,True,-14.024,-5.223,0.158,-6.096,-0.211,1.075,0.000,0.000,-15.892,-6.115,17.028,-0.791,1.395,1.604,0.601
17:48:27.230,105.888,-15.892,-2.038,True,-14.455,-4.577,0.167,0.580,0.243,1.128,0.000,0.000,-15.892,-2.038,16.023,-0.432,1.438,1.502,0.802
17:48:27.251,105.908,-15.892,-2.038,True,-14.787,-3.978,0.922,5.327,0.363,1.216,0.000,0.000,-15.892,-2.038,16.023,-0.163,1.438,1.447,0.816
17:48:27.271,105.928,-15.892,-2.038,True,-15.029,-3.446,2.160,8.461,0.650,1.192,0.000,0.000,-15.892,-2.038,16.023,0.029,1.408,1.408,0.633
17:48:27.291,105.949,-15.892,-6.115,True,-15.197,-3.936,3.668,4.066,0.299,0.796,0.000,0.000,-15.892,-6.115,17.028,-0.214,1.358,1.375,0.462
17:48:27.312,105.969,-15.892,-6.115,True,-15.302,-4.380,5.283,1.054,0.130,0.827,0.000,0.000,-15.892,-6.115,17.028,-0.391,1.297,1.355,0.813
17:48:27.332,105.989,-15.892,-2.038,True,-15.358,-3.820,6.885,5.402,0.557,0.702,0.000,0.000,-15.892,-2.038,16.023,-0.144,1.232,1.240,0.692
17:48:27.353,106.010,-15.892,-4.077,True,-15.377,-3.797,8.390,5.139,0.624,0.480,0.000,0.000,-15.892,-4.077,16.407,-0.153,1.167,1.177,0.820
